,Data,Hora,"PRECIPITAÇÃO TOTAL, HORÁRIO (mm)","PRESSAO ATMOSFERICA AO NIVEL DA ESTACAO, HORARIA (mB)",PRESSÃO ATMOSFERICA MAX.NA HORA ANT. (AUT) (mB),PRESSÃO ATMOSFERICA MIN. NA HORA ANT. (AUT) (mB),RADIACAO GLOBAL (Kj/m²),"TEMPERATURA DO AR - BULBO SECO, HORARIA (°C)",TEMPERATURA DO PONTO DE ORVALHO (°C),TEMPERATURA MÁXIMA NA HORA ANT. (AUT) (°C),TEMPERATURA MÍNIMA NA HORA ANT. (AUT) (°C),TEMPERATURA ORVALHO MAX. NA HORA ANT. (AUT) (°C),TEMPERATURA ORVALHO MIN. NA HORA ANT. (AUT) (°C),UMIDADE REL. MAX. NA HORA ANT. (AUT) (%),UMIDADE REL. MIN. NA HORA ANT. (AUT) (%),"UMIDADE RELATIVA DO AR, HORARIA (%)","VENTO, DIREÇÃO HORARIA (gr) (° (gr))","VENTO, RAJADA MAXIMA (m/s)","VENTO, VELOCIDADE HORARIA (m/s)",region,state,station,station_code,latitude,longitude,height
0,2016-12-01,00:00,-9999.0,-9999.0,-9999.0,-9999.0,-9999,-9999.0,-9999.0,-9999.0,-9999.0,-9999.0,-9999.0,-9999,-9999,-9999,-9999,-9999.0,-9999.0,N,AM,CRMN MANAUS,S103,-3.02249999,-60.05555555,-9999.0
1,2016-12-01,04:00,-9999.0,-9999.0,-9999.0,-9999.0,-9999,-9999.0,-9999.0,-9999.0,-9999.0,-9999.0,-9999.0,-9999,-9999,-9999,-9999,-9999.0,-9999.0,N,AM,CRMN MANAUS,S103,-3.02249999,-60.05555555,-9999.0
2,2016-12-01,08:00,-9999.0,-9999.0,-9999.0,-9999.0,-9999,-9999.0,-9999.0,-9999.0,-9999.0,-9999.0,-9999.0,-9999,-9999,-9999,-9999,-9999.0,-9999.0,N,AM,CRMN MANAUS,S103,-3.02249999,-60.05555555,-9999.0
3,2016-12-01,12:00,-9999.0,-9999.0,-9999.0,-9999.0,-9999,-9999.0,-9999.0,-9999.0,-9999.0,-9999.0,-9999.0,-9999,-9999,-9999,-9999,-9999.0,-9999.0,N,AM,CRMN MANAUS,S103,-3.02249999,-60.05555555,-9999.0
4,2016-12-01,16:00,-9999.0,-9999.0,-9999.0,-9999.0,-9999,-9999.0,-9999.0,-9999.0,-9999.0,-9999.0,-9999.0,-9999,-9999,-9999,-9999,-9999.0,-9999.0,N,AM,CRMN MANAUS,S103,-3.02249999,-60.05555555,-9999.0
5,2016-12-01,20:00,-9999.0,-9999.0,-9999.0,-9999.0,-9999,-9999.0,-9999.0,-9999.0,-9999.0,-9999.0,-9999.0,-9999,-9999,-9999,-9999,-9999.0,-9999.0,N,AM,CRMN MANAUS,S103,-3.02249999,-60.05555555,-9999.0
6,2016-12-02,00:00,-9999.0,-9999.0,-9999.0,-9999.0,-9999,-9999.0,-9999.0,-9999.0,-9999.0,-9999.0,-9999.0,-9999,-9999,-9999,-9999,-9999.0,-9999.0,N,AM,CRMN MANAUS,S103,-3.02249999,-60.05555555,-9999.0
7,2016-12-02,04:00,-9999.0,-9999.0,-9999.0,-9999.0,-9999,-9999.0,-9999.0,-9999.0,-9999.0,-9999.0,-9999.0,-9999,-9999,-9999,-9999,-9999.0,-9999.0,N,AM,CRMN MANAUS,S103,-3.02249999,-60.05555555,-9999.0
8,2016-12-02,08:00,-9999.0,-9999.0,-9999.0,-9999.0,-9999,-9999.0,-9999.0,-9999.0,-9999.0,-9999.0,-9999.0,-9999,-9999,-9999,-9999,-9999.0,-9999.0,N,AM,CRMN MANAUS,S103,-3.02249999,-60.05555555,-9999.0
9,2016-12-02,12:00,-9999.0,-9999.0,-9999.0,-9999.0,-9999,-9999.0,-9999.0,-9999.0,-9999.0,-9999.0,-9999.0,-9999,-9999,-9999,-9999,-9999.0,-9999.0,N,AM,CRMN MANAUS,S103,-3.02249999,-60.05555555,-9999.0
10,2016-12-02,16:00,-9999.0,-9999.0,-9999.0,-9999.0,-9999,-9999.0,-9999.0,-9999.0,-9999.0,-9999.0,-9999.0,-9999,-9999,-9999,-9999,-9999.0,-9999.0,N,AM,CRMN MANAUS,S103,-3.02249999,-60.05555555,-9999.0
11,2016-12-02,20:00,-9999.0,-9999.0,-9999.0,-9999.0,-9999,-9999.0,-9999.0,-9999.0,-9999.0,-9999.0,-9999.0,-9999,-9999,-9999,-9999,-9999.0,-9999.0,N,AM,CRMN MANAUS,S103,-3.02249999,-60.05555555,-9999.0
12,2016-12-03,00:00,-9999.0,-9999.0,-9999.0,-9999.0,-9999,-9999.0,-9999.0,-9999.0,-9999.0,-9999.0,-9999.0,-9999,-9999,-9999,-9999,-9999.0,-9999.0,N,AM,CRMN MANAUS,S103,-3.02249999,-60.05555555,-9999.0
13,2016-12-03,04:00,-9999.0,-9999.0,-9999.0,-9999.0,-9999,-9999.0,-9999.0,-9999.0,-9999.0,-9999.0,-9999.0,-9999,-9999,-9999,-9999,-9999.0,-9999.0,N,AM,CRMN MANAUS,S103,-3.02249999,-60.05555555,-9999.0
14,2016-12-03,08:00,-9999.0,-9999.0,-9999.0,-9999.0,-9999,-9999.0,-9999.0,-9999.0,-9999.0,-9999.0,-9999.0,-9999,-9999,-9999,-9999,-9999.0,-9999.0,N,AM,CRMN MANAUS,S103,-3.02249999,-60.05555555,-9999.0
15,2016-12-03,12:00,-9999.0,-9999.0,-9999.0,-9999.0,-9999,-9999.0,-9999.0,-9999.0,-9999.0,-9999.0,-9999.0,-9999,-9999,-9999,-9999,-9999.0,-9999.0,N,AM,CRMN MANAUS,S103,-3.02249999,-60.05555555,-9999.0
16,2016-12-03,16:00,-9999.0,-9999.0,-9999.0,-9999.0,-9999,-9999.0,-9999.0,-9999.0,-9999.0,-9999.0,-9999.0,-9999,-9999,-9999,-9999,-9999.0,-9999.0,N,AM,CRMN MANAUS,S103,-3.02249999,-60.05555555,-9999.0
17,2016-12-03,20:00,-9999.0,-9999.0,-9999.0,-9999.0,-9999,-9999.0,-9999.0,-9999.0,-9999.0,-9999.0,-9999.0,-9999,-9999,-9999,-9999,-9999.0,-9999.0,N,AM,CRMN MANAUS,S103,-3.02249999,-60.05555555,-9999.0
18,2016-12-04,00:00,-9999.0,-9999.0,-9999.0,-9999.0,-9999,-9999.0,-9999.0,-9999.0,-9999.0,-9999.0,-9999.0,-9999,-9999,-9999,-9999,-9999.0,-9999.0,N,AM,CRMN MANAUS,S103,-3.02249999,-60.05555555,-9999.0
19,2016-12-04,04:00,-9999.0,-9999.0,-9999.0,-9999.0,-9999,-9999.0,-9999.0,-9999.0,-9999.0,-9999.0,-9999.0,-9999,-9999,-9999,-9999,-9999.0,-9999.0,N,AM,CRMN MANAUS,S103,-3.02249999,-60.05555555,-9999.0
20,2016-12-04,08:00,-9999.0,-9999.0,-9999.0,-9999.0,-9999,-9999.0,-9999.0,-9999.0,-9999.0,-9999.0,-9999.0,-9999,-9999,-9999,-9999,-9999.0,-9999.0,N,AM,CRMN MANAUS,S103,-3.02249999,-60.05555555,-9999.0
21,2016-12-04,12:00,-9999.0,-9999.0,-9999.0,-9999.0,-9999,-9999.0,-9999.0,-9999.0,-9999.0,-9999.0,-9999.0,-9999,-9999,-9999,-9999,-9999.0,-9999.0,N,AM,CRMN MANAUS,S103,-3.02249999,-60.05555555,-9999.0
22,2016-12-04,16:00,-9999.0,-9999.0,-9999.0,-9999.0,-9999,-9999.0,-9999.0,-9999.0,-9999.0,-9999.0,-9999.0,-9999,-9999,-9999,-9999,-9999.0,-9999.0,N,AM,CRMN MANAUS,S103,-3.02249999,-60.05555555,-9999.0
23,2016-12-04,20:00,-9999.0,-9999.0,-9999.0,-9999.0,-9999,-9999.0,-9999.0,-9999.0,-9999.0,-9999.0,-9999.0,-9999,-9999,-9999,-9999,-9999.0,-9999.0,N,AM,CRMN MANAUS,S103,-3.02249999,-60.05555555,-9999.0
24,2016-12-05,00:00,-9999.0,-9999.0,-9999.0,-9999.0,-9999,-9999.0,-9999.0,-9999.0,-9999.0,-9999.0,-9999.0,-9999,-9999,-9999,-9999,-9999.0,-9999.0,N,AM,CRMN MANAUS,S103,-3.02249999,-60.05555555,-9999.0
25,2016-12-05,04:00,-9999.0,-9999.0,-9999.0,-9999.0,-9999,-9999.0,-9999.0,-9999.0,-9999.0,-9999.0,-9999.0,-9999,-9999,-9999,-9999,-9999.0,-9999.0,N,AM,CRMN MANAUS,S103,-3.02249999,-60.05555555,-9999.0
26,2016-12-05,08:00,-9999.0,-9999.0,-9999.0,-9999.0,-9999,-9999.0,-9999.0,-9999.0,-9999.0,-9999.0,-9999.0,-9999,-9999,-9999,-9999,-9999.0,-9999.0,N,AM,CRMN MANAUS,S103,-3.02249999,-60.05555555,-9999.0
27,2016-12-05,12:00,-9999.0,-9999.0,-9999.0,-9999.0,-9999,-9999.0,-9999.0,-9999.0,-9999.0,-9999.0,-9999.0,-9999,-9999,-9999,-9999,-9999.0,-9999.0,N,AM,CRMN MANAUS,S103,-3.02249999,-60.05555555,-9999.0
28,2016-12-05,16:00,-9999.0,-9999.0,-9999.0,-9999.0,-9999,-9999.0,-9999.0,-9999.0,-9999.0,-9999.0,-9999.0,-9999,-9999,-9999,-9999,-9999.0,-9999.0,N,AM,CRMN MANAUS,S103,-3.02249999,-60.05555555,-9999.0
29,2016-12-05,20:00,-9999.0,-9999.0,-9999.0,-9999.0,-9999,-9999.0,-9999.0,-9999.0,-9999.0,-9999.0,-9999.0,-9999,-9999,-9999,-9999,-9999.0,-9999.0,N,AM,CRMN MANAUS,S103,-3.02249999,-60.05555555,-9999.0
30,2016-12-06,00:00,-9999.0,-9999.0,-9999.0,-9999.0,-9999,-9999.0,-9999.0,-9999.0,-9999.0,-9999.0,-9999.0,-9999,-9999,-9999,-9999,-9999.0,-9999.0,N,AM,CRMN MANAUS,S103,-3.02249999,-60.05555555,-9999.0
31,2016-12-06,04:00,-9999.0,-9999.0,-9999.0,-9999.0,-9999,-9999.0,-9999.0,-9999.0,-9999.0,-9999.0,-9999.0,-9999,-9999,-9999,-9999,-9999.0,-9999.0,N,AM,CRMN MANAUS,S103,-3.02249999,-60.05555555,-9999.0
32,2016-12-06,08:00,-9999.0,-9999.0,-9999.0,-9999.0,-9999,-9999.0,-9999.0,-9999.0,-9999.0,-9999.0,-9999.0,-9999,-9999,-9999,-9999,-9999.0,-9999.0,N,AM,CRMN MANAUS,S103,-3.02249999,-60.05555555,-9999.0
33,2016-12-06,12:00,-9999.0,-9999.0,-9999.0,-9999.0,-9999,-9999.0,-9999.0,-9999.0,-9999.0,-9999.0,-9999.0,-9999,-9999,-9999,-9999,-9999.0,-9999.0,N,AM,CRMN MANAUS,S103,-3.02249999,-60.05555555,-9999.0
34,2016-12-06,16:00,-9999.0,-9999.0,-9999.0,-9999.0,-9999,-9999.0,-9999.0,-9999.0,-9999.0,-9999.0,-9999.0,-9999,-9999,-9999,-9999,-9999.0,-9999.0,N,AM,CRMN MANAUS,S103,-3.02249999,-60.05555555,-9999.0
35,2016-12-06,20:00,-9999.0,-9999.0,-9999.0,-9999.0,-9999,-9999.0,-9999.0,-9999.0,-9999.0,-9999.0,-9999.0,-9999,-9999,-9999,-9999,-9999.0,-9999.0,N,AM,CRMN MANAUS,S103,-3.02249999,-60.05555555,-9999.0
36,2016-12-07,00:00,-9999.0,-9999.0,-9999.0,-9999.0,-9999,-9999.0,-9999.0,-9999.0,-9999.0,-9999.0,-9999.0,-9999,-9999,-9999,-9999,-9999.0,-9999.0,N,AM,CRMN MANAUS,S103,-3.02249999,-60.05555555,-9999.0
37,2016-12-07,04:00,-9999.0,-9999.0,-9999.0,-9999.0,-9999,-9999.0,-9999.0,-9999.0,-9999.0,-9999.0,-9999.0,-9999,-9999,-9999,-9999,-9999.0,-9999.0,N,AM,CRMN MANAUS,S103,-3.02249999,-60.05555555,-9999.0
38,2016-12-07,08:00,-9999.0,-9999.0,-9999.0,-9999.0,-9999,-9999.0,-9999.0,-9999.0,-9999.0,-9999.0,-9999.0,-9999,-9999,-9999,-9999,-9999.0,-9999.0,N,AM,CRMN MANAUS,S103,-3.02249999,-60.05555555,-9999.0
39,2016-12-07,12:00,-9999.0,-9999.0,-9999.0,-9999.0,-9999,-9999.0,-9999.0,-9999.0,-9999.0,-9999.0,-9999.0,-9999,-9999,-9999,-9999,-9999.0,-9999.0,N,AM,CRMN MANAUS,S103,-3.02249999,-60.05555555,-9999.0
40,2016-12-07,16:00,-9999.0,-9999.0,-9999.0,-9999.0,-9999,-9999.0,-9999.0,-9999.0,-9999.0,-9999.0,-9999.0,-9999,-9999,-9999,-9999,-9999.0,-9999.0,N,AM,CRMN MANAUS,S103,-3.02249999,-60.05555555,-9999.0
41,2016-12-07,20:00,-9999.0,-9999.0,-9999.0,-9999.0,-9999,-9999.0,-9999.0,-9999.0,-9999.0,-9999.0,-9999.0,-9999,-9999,-9999,-9999,-9999.0,-9999.0,N,AM,CRMN MANAUS,S103,-3.02249999,-60.05555555,-9999.0
42,2016-12-08,00:00,-9999.0,-9999.0,-9999.0,-9999.0,-9999,-9999.0,-9999.0,-9999.0,-9999.0,-9999.0,-9999.0,-9999,-9999,-9999,-9999,-9999.0,-9999.0,N,AM,CRMN MANAUS,S103,-3.02249999,-60.05555555,-9999.0
43,2016-12-08,04:00,-9999.0,-9999.0,-9999.0,-9999.0,-9999,-9999.0,-9999.0,-9999.0,-9999.0,-9999.0,-9999.0,-9999,-9999,-9999,-9999,-9999.0,-9999.0,N,AM,CRMN MANAUS,S103,-3.02249999,-60.05555555,-9999.0
44,2016-12-08,08:00,-9999.0,-9999.0,-9999.0,-9999.0,-9999,-9999.0,-9999.0,-9999.0,-9999.0,-9999.0,-9999.0,-9999,-9999,-9999,-9999,-9999.0,-9999.0,N,AM,CRMN MANAUS,S103,-3.02249999,-60.05555555,-9999.0
45,2016-12-08,12:00,-9999.0,-9999.0,-9999.0,-9999.0,-9999,-9999.0,-9999.0,-9999.0,-9999.0,-9999.0,-9999.0,-9999,-9999,-9999,-9999,-9999.0,-9999.0,N,AM,CRMN MANAUS,S103,-3.02249999,-60.05555555,-9999.0
46,2016-12-08,16:00,-9999.0,-9999.0,-9999.0,-9999.0,-9999,-9999.0,-9999.0,-9999.0,-9999.0,-9999.0,-9999.0,-9999,-9999,-9999,-9999,-9999.0,-9999.0,N,AM,CRMN MANAUS,S103,-3.02249999,-60.05555555,-9999.0
47,2016-12-08,20:00,-9999.0,-9999.0,-9999.0,-9999.0,-9999,-9999.0,-9999.0,-9999.0,-9999.0,-9999.0,-9999.0,-9999,-9999,-9999,-9999,-9999.0,-9999.0,N,AM,CRMN MANAUS,S103,-3.02249999,-60.05555555,-9999.0
48,2016-12-09,00:00,-9999.0,-9999.0,-9999.0,-9999.0,-9999,-9999.0,-9999.0,-9999.0,-9999.0,-9999.0,-9999.0,-9999,-9999,-9999,-9999,-9999.0,-9999.0,N,AM,CRMN MANAUS,S103,-3.02249999,-60.05555555,-9999.0
49,2016-12-09,04:00,-9999.0,-9999.0,-9999.0,-9999.0,-9999,-9999.0,-9999.0,-9999.0,-9999.0,-9999.0,-9999.0,-9999,-9999,-9999,-9999,-9999.0,-9999.0,N,AM,CRMN MANAUS,S103,-3.02249999,-60.05555555,-9999.0
50,2016-12-09,08:00,-9999.0,-9999.0,-9999.0,-9999.0,-9999,-9999.0,-9999.0,-9999.0,-9999.0,-9999.0,-9999.0,-9999,-9999,-9999,-9999,-9999.0,-9999.0,N,AM,CRMN MANAUS,S103,-3.02249999,-60.05555555,-9999.0
51,2016-12-09,12:00,-9999.0,-9999.0,-9999.0,-9999.0,-9999,-9999.0,-9999.0,-9999.0,-9999.0,-9999.0,-9999.0,-9999,-9999,-9999,-9999,-9999.0,-9999.0,N,AM,CRMN MANAUS,S103,-3.02249999,-60.05555555,-9999.0
52,2016-12-09,16:00,-9999.0,-9999.0,-9999.0,-9999.0,-9999,-9999.0,-9999.0,-9999.0,-9999.0,-9999.0,-9999.0,-9999,-9999,-9999,-9999,-9999.0,-9999.0,N,AM,CRMN MANAUS,S103,-3.02249999,-60.05555555,-9999.0
53,2016-12-09,20:00,-9999.0,-9999.0,-9999.0,-9999.0,-9999,-9999.0,-9999.0,-9999.0,-9999.0,-9999.0,-9999.0,-9999,-9999,-9999,-9999,-9999.0,-9999.0,N,AM,CRMN MANAUS,S103,-3.02249999,-60.05555555,-9999.0
54,2016-12-10,00:00,-9999.0,-9999.0,-9999.0,-9999.0,-9999,-9999.0,-9999.0,-9999.0,-9999.0,-9999.0,-9999.0,-9999,-9999,-9999,-9999,-9999.0,-9999.0,N,AM,CRMN MANAUS,S103,-3.02249999,-60.05555555,-9999.0
55,2016-12-10,04:00,-9999.0,-9999.0,-9999.0,-9999.0,-9999,-9999.0,-9999.0,-9999.0,-9999.0,-9999.0,-9999.0,-9999,-9999,-9999,-9999,-9999.0,-9999.0,N,AM,CRMN MANAUS,S103,-3.02249999,-60.05555555,-9999.0
56,2016-12-10,08:00,-9999.0,-9999.0,-9999.0,-9999.0,-9999,-9999.0,-9999.0,-9999.0,-9999.0,-9999.0,-9999.0,-9999,-9999,-9999,-9999,-9999.0,-9999.0,N,AM,CRMN MANAUS,S103,-3.02249999,-60.05555555,-9999.0
57,2016-12-10,12:00,-9999.0,-9999.0,-9999.0,-9999.0,-9999,-9999.0,-9999.0,-9999.0,-9999.0,-9999.0,-9999.0,-9999,-9999,-9999,-9999,-9999.0,-9999.0,N,AM,CRMN MANAUS,S103,-3.02249999,-60.05555555,-9999.0
58,2016-12-10,16:00,-9999.0,-9999.0,-9999.0,-9999.0,-9999,-9999.0,-9999.0,-9999.0,-9999.0,-9999.0,-9999.0,-9999,-9999,-9999,-9999,-9999.0,-9999.0,N,AM,CRMN MANAUS,S103,-3.02249999,-60.05555555,-9999.0
59,2016-12-10,20:00,-9999.0,-9999.0,-9999.0,-9999.0,-9999,-9999.0,-9999.0,-9999.0,-9999.0,-9999.0,-9999.0,-9999,-9999,-9999,-9999,-9999.0,-9999.0,N,AM,CRMN MANAUS,S103,-3.02249999,-60.05555555,-9999.0
60,2016-12-11,00:00,-9999.0,-9999.0,-9999.0,-9999.0,-9999,-9999.0,-9999.0,-9999.0,-9999.0,-9999.0,-9999.0,-9999,-9999,-9999,-9999,-9999.0,-9999.0,N,AM,CRMN MANAUS,S103,-3.02249999,-60.05555555,-9999.0
61,2016-12-11,04:00,-9999.0,-9999.0,-9999.0,-9999.0,-9999,-9999.0,-9999.0,-9999.0,-9999.0,-9999.0,-9999.0,-9999,-9999,-9999,-9999,-9999.0,-9999.0,N,AM,CRMN MANAUS,S103,-3.02249999,-60.05555555,-9999.0
62,2016-12-11,08:00,-9999.0,-9999.0,-9999.0,-9999.0,-9999,-9999.0,-9999.0,-9999.0,-9999.0,-9999.0,-9999.0,-9999,-9999,-9999,-9999,-9999.0,-9999.0,N,AM,CRMN MANAUS,S103,-3.02249999,-60.05555555,-9999.0
63,2016-12-11,12:00,-9999.0,-9999.0,-9999.0,-9999.0,-9999,-9999.0,-9999.0,-9999.0,-9999.0,-9999.0,-9999.0,-9999,-9999,-9999,-9999,-9999.0,-9999.0,N,AM,CRMN MANAUS,S103,-3.02249999,-60.05555555,-9999.0
64,2016-12-11,16:00,-9999.0,-9999.0,-9999.0,-9999.0,-9999,-9999.0,-9999.0,-9999.0,-9999.0,-9999.0,-9999.0,-9999,-9999,-9999,-9999,-9999.0,-9999.0,N,AM,CRMN MANAUS,S103,-3.02249999,-60.05555555,-9999.0
65,2016-12-11,20:00,-9999.0,-9999.0,-9999.0,-9999.0,-9999,-9999.0,-9999.0,-9999.0,-9999.0,-9999.0,-9999.0,-9999,-9999,-9999,-9999,-9999.0,-9999.0,N,AM,CRMN MANAUS,S103,-3.02249999,-60.05555555,-9999.0
66,2016-12-12,00:00,-9999.0,-9999.0,-9999.0,-9999.0,-9999,-9999.0,-9999.0,-9999.0,-9999.0,-9999.0,-9999.0,-9999,-9999,-9999,-9999,-9999.0,-9999.0,N,AM,CRMN MANAUS,S103,-3.02249999,-60.05555555,-9999.0
67,2016-12-12,04:00,-9999.0,-9999.0,-9999.0,-9999.0,-9999,-9999.0,-9999.0,-9999.0,-9999.0,-9999.0,-9999.0,-9999,-9999,-9999,-9999,-9999.0,-9999.0,N,AM,CRMN MANAUS,S103,-3.02249999,-60.05555555,-9999.0
68,2016-12-12,08:00,-9999.0,-9999.0,-9999.0,-9999.0,-9999,-9999.0,-9999.0,-9999.0,-9999.0,-9999.0,-9999.0,-9999,-9999,-9999,-9999,-9999.0,-9999.0,N,AM,CRMN MANAUS,S103,-3.02249999,-60.05555555,-9999.0
69,2016-12-12,12:00,-9999.0,-9999.0,-9999.0,-9999.0,-9999,-9999.0,-9999.0,-9999.0,-9999.0,-9999.0,-9999.0,-9999,-9999,-9999,-9999,-9999.0,-9999.0,N,AM,CRMN MANAUS,S103,-3.02249999,-60.05555555,-9999.0
70,2016-12-12,16:00,-9999.0,-9999.0,-9999.0,-9999.0,-9999,-9999.0,-9999.0,-9999.0,-9999.0,-9999.0,-9999.0,-9999,-9999,-9999,-9999,-9999.0,-9999.0,N,AM,CRMN MANAUS,S103,-3.02249999,-60.05555555,-9999.0
71,2016-12-12,20:00,-9999.0,-9999.0,-9999.0,-9999.0,-9999,-9999.0,-9999.0,-9999.0,-9999.0,-9999.0,-9999.0,-9999,-9999,-9999,-9999,-9999.0,-9999.0,N,AM,CRMN MANAUS,S103,-3.02249999,-60.05555555,-9999.0
72,2016-12-13,00:00,-9999.0,-9999.0,-9999.0,-9999.0,-9999,-9999.0,-9999.0,-9999.0,-9999.0,-9999.0,-9999.0,-9999,-9999,-9999,-9999,-9999.0,-9999.0,N,AM,CRMN MANAUS,S103,-3.02249999,-60.05555555,-9999.0
73,2016-12-13,04:00,-9999.0,-9999.0,-9999.0,-9999.0,-9999,-9999.0,-9999.0,-9999.0,-9999.0,-9999.0,-9999.0,-9999,-9999,-9999,-9999,-9999.0,-9999.0,N,AM,CRMN MANAUS,S103,-3.02249999,-60.05555555,-9999.0
74,2016-12-13,08:00,-9999.0,-9999.0,-9999.0,-9999.0,-9999,-9999.0,-9999.0,-9999.0,-9999.0,-9999.0,-9999.0,-9999,-9999,-9999,-9999,-9999.0,-9999.0,N,AM,CRMN MANAUS,S103,-3.02249999,-60.05555555,-9999.0
75,2016-12-13,12:00,-9999.0,-9999.0,-9999.0,-9999.0,-9999,-9999.0,-9999.0,-9999.0,-9999.0,-9999.0,-9999.0,-9999,-9999,-9999,-9999,-9999.0,-9999.0,N,AM,CRMN MANAUS,S103,-3.02249999,-60.05555555,-9999.0
76,2016-12-13,16:00,-9999.0,-9999.0,-9999.0,-9999.0,-9999,-9999.0,-9999.0,-9999.0,-9999.0,-9999.0,-9999.0,-9999,-9999,-9999,-9999,-9999.0,-9999.0,N,AM,CRMN MANAUS,S103,-3.02249999,-60.05555555,-9999.0
77,2016-12-13,20:00,-9999.0,-9999.0,-9999.0,-9999.0,-9999,-9999.0,-9999.0,-9999.0,-9999.0,-9999.0,-9999.0,-9999,-9999,-9999,-9999,-9999.0,-9999.0,N,AM,CRMN MANAUS,S103,-3.02249999,-60.05555555,-9999.0
78,2016-12-14,00:00,-9999.0,-9999.0,-9999.0,-9999.0,-9999,-9999.0,-9999.0,-9999.0,-9999.0,-9999.0,-9999.0,-9999,-9999,-9999,-9999,-9999.0,-9999.0,N,AM,CRMN MANAUS,S103,-3.02249999,-60.05555555,-9999.0
79,2016-12-14,04:00,-9999.0,-9999.0,-9999.0,-9999.0,-9999,-9999.0,-9999.0,-9999.0,-9999.0,-9999.0,-9999.0,-9999,-9999,-9999,-9999,-9999.0,-9999.0,N,AM,CRMN MANAUS,S103,-3.02249999,-60.05555555,-9999.0
80,2016-12-14,08:00,-9999.0,-9999.0,-9999.0,-9999.0,-9999,-9999.0,-9999.0,-9999.0,-9999.0,-9999.0,-9999.0,-9999,-9999,-9999,-9999,-9999.0,-9999.0,N,AM,CRMN MANAUS,S103,-3.02249999,-60.05555555,-9999.0
81,2016-12-14,12:00,-9999.0,-9999.0,-9999.0,-9999.0,-9999,-9999.0,-9999.0,-9999.0,-9999.0,-9999.0,-9999.0,-9999,-9999,-9999,-9999,-9999.0,-9999.0,N,AM,CRMN MANAUS,S103,-3.02249999,-60.05555555,-9999.0
82,2016-12-14,16:00,-9999.0,-9999.0,-9999.0,-9999.0,-9999,-9999.0,-9999.0,-9999.0,-9999.0,-9999.0,-9999.0,-9999,-9999,-9999,-9999,-9999.0,-9999.0,N,AM,CRMN MANAUS,S103,-3.02249999,-60.05555555,-9999.0
83,2016-12-14,20:00,-9999.0,-9999.0,-9999.0,-9999.0,-9999,-9999.0,-9999.0,-9999.0,-9999.0,-9999.0,-9999.0,-9999,-9999,-9999,-9999,-9999.0,-9999.0,N,AM,CRMN MANAUS,S103,-3.02249999,-60.05555555,-9999.0
84,2016-12-15,00:00,-9999.0,-9999.0,-9999.0,-9999.0,-9999,-9999.0,-9999.0,-9999.0,-9999.0,-9999.0,-9999.0,-9999,-9999,-9999,-9999,-9999.0,-9999.0,N,AM,CRMN MANAUS,S103,-3.02249999,-60.05555555,-9999.0
85,2016-12-15,04:00,-9999.0,-9999.0,-9999.0,-9999.0,-9999,-9999.0,-9999.0,-9999.0,-9999.0,-9999.0,-9999.0,-9999,-9999,-9999,-9999,-9999.0,-9999.0,N,AM,CRMN MANAUS,S103,-3.02249999,-60.05555555,-9999.0
86,2016-12-15,08:00,-9999.0,-9999.0,-9999.0,-9999.0,-9999,-9999.0,-9999.0,-9999.0,-9999.0,-9999.0,-9999.0,-9999,-9999,-9999,-9999,-9999.0,-9999.0,N,AM,CRMN MANAUS,S103,-3.02249999,-60.05555555,-9999.0
87,2016-12-15,12:00,-9999.0,-9999.0,-9999.0,-9999.0,-9999,-9999.0,-9999.0,-9999.0,-9999.0,-9999.0,-9999.0,-9999,-9999,-9999,-9999,-9999.0,-9999.0,N,AM,CRMN MANAUS,S103,-3.02249999,-60.05555555,-9999.0
88,2016-12-15,16:00,-9999.0,-9999.0,-9999.0,-9999.0,-9999,-9999.0,-9999.0,-9999.0,-9999.0,-9999.0,-9999.0,-9999,-9999,-9999,-9999,-9999.0,-9999.0,N,AM,CRMN MANAUS,S103,-3.02249999,-60.05555555,-9999.0
89,2016-12-15,20:00,-9999.0,-9999.0,-9999.0,-9999.0,-9999,-9999.0,-9999.0,-9999.0,-9999.0,-9999.0,-9999.0,-9999,-9999,-9999,-9999,-9999.0,-9999.0,N,AM,CRMN MANAUS,S103,-3.02249999,-60.05555555,-9999.0
90,2016-12-16,00:00,-9999.0,-9999.0,-9999.0,-9999.0,-9999,-9999.0,-9999.0,-9999.0,-9999.0,-9999.0,-9999.0,-9999,-9999,-9999,-9999,-9999.0,-9999.0,N,AM,CRMN MANAUS,S103,-3.02249999,-60.05555555,-9999.0
91,2016-12-16,04:00,-9999.0,-9999.0,-9999.0,-9999.0,-9999,-9999.0,-9999.0,-9999.0,-9999.0,-9999.0,-9999.0,-9999,-9999,-9999,-9999,-9999.0,-9999.0,N,AM,CRMN MANAUS,S103,-3.02249999,-60.05555555,-9999.0
92,2016-12-16,08:00,-9999.0,-9999.0,-9999.0,-9999.0,-9999,-9999.0,-9999.0,-9999.0,-9999.0,-9999.0,-9999.0,-9999,-9999,-9999,-9999,-9999.0,-9999.0,N,AM,CRMN MANAUS,S103,-3.02249999,-60.05555555,-9999.0
93,2016-12-16,12:00,-9999.0,-9999.0,-9999.0,-9999.0,-9999,-9999.0,-9999.0,-9999.0,-9999.0,-9999.0,-9999.0,-9999,-9999,-9999,-9999,-9999.0,-9999.0,N,AM,CRMN MANAUS,S103,-3.02249999,-60.05555555,-9999.0
94,2016-12-16,16:00,-9999.0,-9999.0,-9999.0,-9999.0,-9999,-9999.0,-9999.0,-9999.0,-9999.0,-9999.0,-9999.0,-9999,-9999,-9999,-9999,-9999.0,-9999.0,N,AM,CRMN MANAUS,S103,-3.02249999,-60.05555555,-9999.0
95,2016-12-16,20:00,-9999.0,-9999.0,-9999.0,-9999.0,-9999,-9999.0,-9999.0,-9999.0,-9999.0,-9999.0,-9999.0,-9999,-9999,-9999,-9999,-9999.0,-9999.0,N,AM,CRMN MANAUS,S103,-3.02249999,-60.05555555,-9999.0
96,2016-12-17,00:00,-9999.0,-9999.0,-9999.0,-9999.0,-9999,-9999.0,-9999.0,-9999.0,-9999.0,-9999.0,-9999.0,-9999,-9999,-9999,-9999,-9999.0,-9999.0,N,AM,CRMN MANAUS,S103,-3.02249999,-60.05555555,-9999.0
97,2016-12-17,04:00,-9999.0,-9999.0,-9999.0,-9999.0,-9999,-9999.0,-9999.0,-9999.0,-9999.0,-9999.0,-9999.0,-9999,-9999,-9999,-9999,-9999.0,-9999.0,N,AM,CRMN MANAUS,S103,-3.02249999,-60.05555555,-9999.0
98,2016-12-17,08:00,-9999.0,-9999.0,-9999.0,-9999.0,-9999,-9999.0,-9999.0,-9999.0,-9999.0,-9999.0,-9999.0,-9999,-9999,-9999,-9999,-9999.0,-9999.0,N,AM,CRMN MANAUS,S103,-3.02249999,-60.05555555,-9999.0
99,2016-12-17,12:00,-9999.0,-9999.0,-9999.0,-9999.0,-9999,-9999.0,-9999.0,-9999.0,-9999.0,-9999.0,-9999.0,-9999,-9999,-9999,-9999,-9999.0,-9999.0,N,AM,CRMN MANAUS,S103,-3.02249999,-60.05555555,-9999.0
100,2016-12-17,16:00,-9999.0,-9999.0,-9999.0,-9999.0,-9999,-9999.0,-9999.0,-9999.0,-9999.0,-9999.0,-9999.0,-9999,-9999,-9999,-9999,-9999.0,-9999.0,N,AM,CRMN MANAUS,S103,-3.02249999,-60.05555555,-9999.0
101,2016-12-17,20:00,-9999.0,-9999.0,-9999.0,-9999.0,-9999,-9999.0,-9999.0,-9999.0,-9999.0,-9999.0,-9999.0,-9999,-9999,-9999,-9999,-9999.0,-9999.0,N,AM,CRMN MANAUS,S103,-3.02249999,-60.05555555,-9999.0
102,2016-12-18,00:00,-9999.0,-9999.0,-9999.0,-9999.0,-9999,-9999.0,-9999.0,-9999.0,-9999.0,-9999.0,-9999.0,-9999,-9999,-9999,-9999,-9999.0,-9999.0,N,AM,CRMN MANAUS,S103,-3.02249999,-60.05555555,-9999.0
103,2016-12-18,04:00,-9999.0,-9999.0,-9999.0,-9999.0,-9999,-9999.0,-9999.0,-9999.0,-9999.0,-9999.0,-9999.0,-9999,-9999,-9999,-9999,-9999.0,-9999.0,N,AM,CRMN MANAUS,S103,-3.02249999,-60.05555555,-9999.0
104,2016-12-18,08:00,-9999.0,-9999.0,-9999.0,-9999.0,-9999,-9999.0,-9999.0,-9999.0,-9999.0,-9999.0,-9999.0,-9999,-9999,-9999,-9999,-9999.0,-9999.0,N,AM,CRMN MANAUS,S103,-3.02249999,-60.05555555,-9999.0
105,2016-12-18,12:00,-9999.0,-9999.0,-9999.0,-9999.0,-9999,-9999.0,-9999.0,-9999.0,-9999.0,-9999.0,-9999.0,-9999,-9999,-9999,-9999,-9999.0,-9999.0,N,AM,CRMN MANAUS,S103,-3.02249999,-60.05555555,-9999.0
106,2016-12-18,16:00,-9999.0,-9999.0,-9999.0,-9999.0,-9999,-9999.0,-9999.0,-9999.0,-9999.0,-9999.0,-9999.0,-9999,-9999,-9999,-9999,-9999.0,-9999.0,N,AM,CRMN MANAUS,S103,-3.02249999,-60.05555555,-9999.0
107,2016-12-18,20:00,-9999.0,-9999.0,-9999.0,-9999.0,-9999,-9999.0,-9999.0,-9999.0,-9999.0,-9999.0,-9999.0,-9999,-9999,-9999,-9999,-9999.0,-9999.0,N,AM,CRMN MANAUS,S103,-3.02249999,-60.05555555,-9999.0
108,2016-12-19,00:00,-9999.0,-9999.0,-9999.0,-9999.0,-9999,-9999.0,-9999.0,-9999.0,-9999.0,-9999.0,-9999.0,-9999,-9999,-9999,-9999,-9999.0,-9999.0,N,AM,CRMN MANAUS,S103,-3.02249999,-60.05555555,-9999.0
109,2016-12-19,04:00,-9999.0,-9999.0,-9999.0,-9999.0,-9999,-9999.0,-9999.0,-9999.0,-9999.0,-9999.0,-9999.0,-9999,-9999,-9999,-9999,-9999.0,-9999.0,N,AM,CRMN MANAUS,S103,-3.02249999,-60.05555555,-9999.0
110,2016-12-19,08:00,-9999.0,-9999.0,-9999.0,-9999.0,-9999,-9999.0,-9999.0,-9999.0,-9999.0,-9999.0,-9999.0,-9999,-9999,-9999,-9999,-9999.0,-9999.0,N,AM,CRMN MANAUS,S103,-3.02249999,-60.05555555,-9999.0
111,2016-12-19,12:00,-9999.0,-9999.0,-9999.0,-9999.0,-9999,-9999.0,-9999.0,-9999.0,-9999.0,-9999.0,-9999.0,-9999,-9999,-9999,-9999,-9999.0,-9999.0,N,AM,CRMN MANAUS,S103,-3.02249999,-60.05555555,-9999.0
112,2016-12-19,16:00,-9999.0,-9999.0,-9999.0,-9999.0,-9999,-9999.0,-9999.0,-9999.0,-9999.0,-9999.0,-9999.0,-9999,-9999,-9999,-9999,-9999.0,-9999.0,N,AM,CRMN MANAUS,S103,-3.02249999,-60.05555555,-9999.0
113,2016-12-19,20:00,-9999.0,-9999.0,-9999.0,-9999.0,-9999,-9999.0,-9999.0,-9999.0,-9999.0,-9999.0,-9999.0,-9999,-9999,-9999,-9999,-9999.0,-9999.0,N,AM,CRMN MANAUS,S103,-3.02249999,-60.05555555,-9999.0
114,2016-12-20,00:00,-9999.0,-9999.0,-9999.0,-9999.0,-9999,-9999.0,-9999.0,-9999.0,-9999.0,-9999.0,-9999.0,-9999,-9999,-9999,-9999,-9999.0,-9999.0,N,AM,CRMN MANAUS,S103,-3.02249999,-60.05555555,-9999.0
115,2016-12-20,04:00,-9999.0,-9999.0,-9999.0,-9999.0,-9999,-9999.0,-9999.0,-9999.0,-9999.0,-9999.0,-9999.0,-9999,-9999,-9999,-9999,-9999.0,-9999.0,N,AM,CRMN MANAUS,S103,-3.02249999,-60.05555555,-9999.0
116,2016-12-20,08:00,-9999.0,-9999.0,-9999.0,-9999.0,-9999,-9999.0,-9999.0,-9999.0,-9999.0,-9999.0,-9999.0,-9999,-9999,-9999,-9999,-9999.0,-9999.0,N,AM,CRMN MANAUS,S103,-3.02249999,-60.05555555,-9999.0
117,2016-12-20,12:00,-9999.0,-9999.0,-9999.0,-9999.0,-9999,-9999.0,-9999.0,-9999.0,-9999.0,-9999.0,-9999.0,-9999,-9999,-9999,-9999,-9999.0,-9999.0,N,AM,CRMN MANAUS,S103,-3.02249999,-60.05555555,-9999.0
118,2016-12-20,16:00,-9999.0,-9999.0,-9999.0,-9999.0,-9999,-9999.0,-9999.0,-9999.0,-9999.0,-9999.0,-9999.0,-9999,-9999,-9999,-9999,-9999.0,-9999.0,N,AM,CRMN MANAUS,S103,-3.02249999,-60.05555555,-9999.0
119,2016-12-20,20:00,-9999.0,-9999.0,-9999.0,-9999.0,-9999,-9999.0,-9999.0,-9999.0,-9999.0,-9999.0,-9999.0,-9999,-9999,-9999,-9999,-9999.0,-9999.0,N,AM,CRMN MANAUS,S103,-3.02249999,-60.05555555,-9999.0
120,2016-12-21,00:00,-9999.0,-9999.0,-9999.0,-9999.0,-9999,-9999.0,-9999.0,-9999.0,-9999.0,-9999.0,-9999.0,-9999,-9999,-9999,-9999,-9999.0,-9999.0,N,AM,CRMN MANAUS,S103,-3.02249999,-60.05555555,-9999.0
121,2016-12-21,04:00,-9999.0,-9999.0,-9999.0,-9999.0,-9999,-9999.0,-9999.0,-9999.0,-9999.0,-9999.0,-9999.0,-9999,-9999,-9999,-9999,-9999.0,-9999.0,N,AM,CRMN MANAUS,S103,-3.02249999,-60.05555555,-9999.0
122,2016-12-21,08:00,-9999.0,-9999.0,-9999.0,-9999.0,-9999,-9999.0,-9999.0,-9999.0,-9999.0,-9999.0,-9999.0,-9999,-9999,-9999,-9999,-9999.0,-9999.0,N,AM,CRMN MANAUS,S103,-3.02249999,-60.05555555,-9999.0
123,2016-12-21,12:00,-9999.0,-9999.0,-9999.0,-9999.0,-9999,-9999.0,-9999.0,-9999.0,-9999.0,-9999.0,-9999.0,-9999,-9999,-9999,-9999,-9999.0,-9999.0,N,AM,CRMN MANAUS,S103,-3.02249999,-60.05555555,-9999.0
124,2016-12-21,16:00,-9999.0,-9999.0,-9999.0,-9999.0,-9999,-9999.0,-9999.0,-9999.0,-9999.0,-9999.0,-9999.0,-9999,-9999,-9999,-9999,-9999.0,-9999.0,N,AM,CRMN MANAUS,S103,-3.02249999,-60.05555555,-9999.0
125,2016-12-21,20:00,-9999.0,-9999.0,-9999.0,-9999.0,-9999,-9999.0,-9999.0,-9999.0,-9999.0,-9999.0,-9999.0,-9999,-9999,-9999,-9999,-9999.0,-9999.0,N,AM,CRMN MANAUS,S103,-3.02249999,-60.05555555,-9999.0
126,2016-12-22,00:00,-9999.0,-9999.0,-9999.0,-9999.0,-9999,-9999.0,-9999.0,-9999.0,-9999.0,-9999.0,-9999.0,-9999,-9999,-9999,-9999,-9999.0,-9999.0,N,AM,CRMN MANAUS,S103,-3.02249999,-60.05555555,-9999.0
127,2016-12-22,04:00,-9999.0,-9999.0,-9999.0,-9999.0,-9999,-9999.0,-9999.0,-9999.0,-9999.0,-9999.0,-9999.0,-9999,-9999,-9999,-9999,-9999.0,-9999.0,N,AM,CRMN MANAUS,S103,-3.02249999,-60.05555555,-9999.0
128,2016-12-22,08:00,-9999.0,-9999.0,-9999.0,-9999.0,-9999,-9999.0,-9999.0,-9999.0,-9999.0,-9999.0,-9999.0,-9999,-9999,-9999,-9999,-9999.0,-9999.0,N,AM,CRMN MANAUS,S103,-3.02249999,-60.05555555,-9999.0
129,2016-12-22,12:00,-9999.0,-9999.0,-9999.0,-9999.0,-9999,-9999.0,-9999.0,-9999.0,-9999.0,-9999.0,-9999.0,-9999,-9999,-9999,-9999,-9999.0,-9999.0,N,AM,CRMN MANAUS,S103,-3.02249999,-60.05555555,-9999.0
130,2016-12-22,16:00,-9999.0,-9999.0,-9999.0,-9999.0,-9999,-9999.0,-9999.0,-9999.0,-9999.0,-9999.0,-9999.0,-9999,-9999,-9999,-9999,-9999.0,-9999.0,N,AM,CRMN MANAUS,S103,-3.02249999,-60.05555555,-9999.0
131,2016-12-22,20:00,-9999.0,-9999.0,-9999.0,-9999.0,-9999,-9999.0,-9999.0,-9999.0,-9999.0,-9999.0,-9999.0,-9999,-9999,-9999,-9999,-9999.0,-9999.0,N,AM,CRMN MANAUS,S103,-3.02249999,-60.05555555,-9999.0
132,2016-12-23,00:00,-9999.0,-9999.0,-9999.0,-9999.0,-9999,-9999.0,-9999.0,-9999.0,-9999.0,-9999.0,-9999.0,-9999,-9999,-9999,-9999,-9999.0,-9999.0,N,AM,CRMN MANAUS,S103,-3.02249999,-60.05555555,-9999.0
133,2016-12-23,04:00,-9999.0,-9999.0,-9999.0,-9999.0,-9999,-9999.0,-9999.0,-9999.0,-9999.0,-9999.0,-9999.0,-9999,-9999,-9999,-9999,-9999.0,-9999.0,N,AM,CRMN MANAUS,S103,-3.02249999,-60.05555555,-9999.0
134,2016-12-23,08:00,-9999.0,-9999.0,-9999.0,-9999.0,-9999,-9999.0,-9999.0,-9999.0,-9999.0,-9999.0,-9999.0,-9999,-9999,-9999,-9999,-9999.0,-9999.0,N,AM,CRMN MANAUS,S103,-3.02249999,-60.05555555,-9999.0
135,2016-12-23,12:00,-9999.0,-9999.0,-9999.0,-9999.0,-9999,-9999.0,-9999.0,-9999.0,-9999.0,-9999.0,-9999.0,-9999,-9999,-9999,-9999,-9999.0,-9999.0,N,AM,CRMN MANAUS,S103,-3.02249999,-60.05555555,-9999.0
136,2016-12-23,16:00,-9999.0,-9999.0,-9999.0,-9999.0,-9999,-9999.0,-9999.0,-9999.0,-9999.0,-9999.0,-9999.0,-9999,-9999,-9999,-9999,-9999.0,-9999.0,N,AM,CRMN MANAUS,S103,-3.02249999,-60.05555555,-9999.0
137,2016-12-23,20:00,-9999.0,-9999.0,-9999.0,-9999.0,-9999,-9999.0,-9999.0,-9999.0,-9999.0,-9999.0,-9999.0,-9999,-9999,-9999,-9999,-9999.0,-9999.0,N,AM,CRMN MANAUS,S103,-3.02249999,-60.05555555,-9999.0
138,2016-12-24,00:00,-9999.0,-9999.0,-9999.0,-9999.0,-9999,-9999.0,-9999.0,-9999.0,-9999.0,-9999.0,-9999.0,-9999,-9999,-9999,-9999,-9999.0,-9999.0,N,AM,CRMN MANAUS,S103,-3.02249999,-60.05555555,-9999.0
139,2016-12-24,04:00,-9999.0,-9999.0,-9999.0,-9999.0,-9999,-9999.0,-9999.0,-9999.0,-9999.0,-9999.0,-9999.0,-9999,-9999,-9999,-9999,-9999.0,-9999.0,N,AM,CRMN MANAUS,S103,-3.02249999,-60.05555555,-9999.0
140,2016-12-24,08:00,-9999.0,-9999.0,-9999.0,-9999.0,-9999,-9999.0,-9999.0,-9999.0,-9999.0,-9999.0,-9999.0,-9999,-9999,-9999,-9999,-9999.0,-9999.0,N,AM,CRMN MANAUS,S103,-3.02249999,-60.05555555,-9999.0
141,2016-12-24,12:00,-9999.0,-9999.0,-9999.0,-9999.0,-9999,-9999.0,-9999.0,-9999.0,-9999.0,-9999.0,-9999.0,-9999,-9999,-9999,-9999,-9999.0,-9999.0,N,AM,CRMN MANAUS,S103,-3.02249999,-60.05555555,-9999.0
142,2016-12-24,16:00,-9999.0,-9999.0,-9999.0,-9999.0,-9999,-9999.0,-9999.0,-9999.0,-9999.0,-9999.0,-9999.0,-9999,-9999,-9999,-9999,-9999.0,-9999.0,N,AM,CRMN MANAUS,S103,-3.02249999,-60.05555555,-9999.0
143,2016-12-24,20:00,-9999.0,-9999.0,-9999.0,-9999.0,-9999,-9999.0,-9999.0,-9999.0,-9999.0,-9999.0,-9999.0,-9999,-9999,-9999,-9999,-9999.0,-9999.0,N,AM,CRMN MANAUS,S103,-3.02249999,-60.05555555,-9999.0
144,2016-12-25,00:00,-9999.0,-9999.0,-9999.0,-9999.0,-9999,-9999.0,-9999.0,-9999.0,-9999.0,-9999.0,-9999.0,-9999,-9999,-9999,-9999,-9999.0,-9999.0,N,AM,CRMN MANAUS,S103,-3.02249999,-60.05555555,-9999.0
145,2016-12-25,04:00,-9999.0,-9999.0,-9999.0,-9999.0,-9999,-9999.0,-9999.0,-9999.0,-9999.0,-9999.0,-9999.0,-9999,-9999,-9999,-9999,-9999.0,-9999.0,N,AM,CRMN MANAUS,S103,-3.02249999,-60.05555555,-9999.0
146,2016-12-25,08:00,-9999.0,-9999.0,-9999.0,-9999.0,-9999,-9999.0,-9999.0,-9999.0,-9999.0,-9999.0,-9999.0,-9999,-9999,-9999,-9999,-9999.0,-9999.0,N,AM,CRMN MANAUS,S103,-3.02249999,-60.05555555,-9999.0
147,2016-12-25,12:00,-9999.0,-9999.0,-9999.0,-9999.0,-9999,-9999.0,-9999.0,-9999.0,-9999.0,-9999.0,-9999.0,-9999,-9999,-9999,-9999,-9999.0,-9999.0,N,AM,CRMN MANAUS,S103,-3.02249999,-60.05555555,-9999.0
148,2016-12-25,16:00,-9999.0,-9999.0,-9999.0,-9999.0,-9999,-9999.0,-9999.0,-9999.0,-9999.0,-9999.0,-9999.0,-9999,-9999,-9999,-9999,-9999.0,-9999.0,N,AM,CRMN MANAUS,S103,-3.02249999,-60.05555555,-9999.0
149,2016-12-25,20:00,-9999.0,-9999.0,-9999.0,-9999.0,-9999,-9999.0,-9999.0,-9999.0,-9999.0,-9999.0,-9999.0,-9999,-9999,-9999,-9999,-9999.0,-9999.0,N,AM,CRMN MANAUS,S103,-3.02249999,-60.05555555,-9999.0
150,2016-12-26,00:00,-9999.0,-9999.0,-9999.0,-9999.0,-9999,-9999.0,-9999.0,-9999.0,-9999.0,-9999.0,-9999.0,-9999,-9999,-9999,-9999,-9999.0,-9999.0,N,AM,CRMN MANAUS,S103,-3.02249999,-60.05555555,-9999.0
151,2016-12-26,04:00,-9999.0,-9999.0,-9999.0,-9999.0,-9999,-9999.0,-9999.0,-9999.0,-9999.0,-9999.0,-9999.0,-9999,-9999,-9999,-9999,-9999.0,-9999.0,N,AM,CRMN MANAUS,S103,-3.02249999,-60.05555555,-9999.0
152,2016-12-26,08:00,-9999.0,-9999.0,-9999.0,-9999.0,-9999,-9999.0,-9999.0,-9999.0,-9999.0,-9999.0,-9999.0,-9999,-9999,-9999,-9999,-9999.0,-9999.0,N,AM,CRMN MANAUS,S103,-3.02249999,-60.05555555,-9999.0
153,2016-12-26,12:00,-9999.0,-9999.0,-9999.0,-9999.0,-9999,-9999.0,-9999.0,-9999.0,-9999.0,-9999.0,-9999.0,-9999,-9999,-9999,-9999,-9999.0,-9999.0,N,AM,CRMN MANAUS,S103,-3.02249999,-60.05555555,-9999.0
154,2016-12-26,16:00,-9999.0,-9999.0,-9999.0,-9999.0,-9999,-9999.0,-9999.0,-9999.0,-9999.0,-9999.0,-9999.0,-9999,-9999,-9999,-9999,-9999.0,-9999.0,N,AM,CRMN MANAUS,S103,-3.02249999,-60.05555555,-9999.0
155,2016-12-26,20:00,-9999.0,-9999.0,-9999.0,-9999.0,-9999,-9999.0,-9999.0,-9999.0,-9999.0,-9999.0,-9999.0,-9999,-9999,-9999,-9999,-9999.0,-9999.0,N,AM,CRMN MANAUS,S103,-3.02249999,-60.05555555,-9999.0
156,2016-12-27,00:00,-9999.0,-9999.0,-9999.0,-9999.0,-9999,-9999.0,-9999.0,-9999.0,-9999.0,-9999.0,-9999.0,-9999,-9999,-9999,-9999,-9999.0,-9999.0,N,AM,CRMN MANAUS,S103,-3.02249999,-60.05555555,-9999.0
157,2016-12-27,04:00,-9999.0,-9999.0,-9999.0,-9999.0,-9999,-9999.0,-9999.0,-9999.0,-9999.0,-9999.0,-9999.0,-9999,-9999,-9999,-9999,-9999.0,-9999.0,N,AM,CRMN MANAUS,S103,-3.02249999,-60.05555555,-9999.0
158,2016-12-27,08:00,-9999.0,-9999.0,-9999.0,-9999.0,-9999,-9999.0,-9999.0,-9999.0,-9999.0,-9999.0,-9999.0,-9999,-9999,-9999,-9999,-9999.0,-9999.0,N,AM,CRMN MANAUS,S103,-3.02249999,-60.05555555,-9999.0
159,2016-12-27,12:00,-9999.0,-9999.0,-9999.0,-9999.0,-9999,-9999.0,-9999.0,-9999.0,-9999.0,-9999.0,-9999.0,-9999,-9999,-9999,-9999,-9999.0,-9999.0,N,AM,CRMN MANAUS,S103,-3.02249999,-60.05555555,-9999.0
160,2016-12-27,16:00,-9999.0,-9999.0,-9999.0,-9999.0,-9999,-9999.0,-9999.0,-9999.0,-9999.0,-9999.0,-9999.0,-9999,-9999,-9999,-9999,-9999.0,-9999.0,N,AM,CRMN MANAUS,S103,-3.02249999,-60.05555555,-9999.0
161,2016-12-27,20:00,-9999.0,-9999.0,-9999.0,-9999.0,-9999,-9999.0,-9999.0,-9999.0,-9999.0,-9999.0,-9999.0,-9999,-9999,-9999,-9999,-9999.0,-9999.0,N,AM,CRMN MANAUS,S103,-3.02249999,-60.05555555,-9999.0
162,2016-12-28,00:00,-9999.0,-9999.0,-9999.0,-9999.0,-9999,-9999.0,-9999.0,-9999.0,-9999.0,-9999.0,-9999.0,-9999,-9999,-9999,-9999,-9999.0,-9999.0,N,AM,CRMN MANAUS,S103,-3.02249999,-60.05555555,-9999.0
163,2016-12-28,04:00,-9999.0,-9999.0,-9999.0,-9999.0,-9999,-9999.0,-9999.0,-9999.0,-9999.0,-9999.0,-9999.0,-9999,-9999,-9999,-9999,-9999.0,-9999.0,N,AM,CRMN MANAUS,S103,-3.02249999,-60.05555555,-9999.0
164,2016-12-28,08:00,-9999.0,-9999.0,-9999.0,-9999.0,-9999,-9999.0,-9999.0,-9999.0,-9999.0,-9999.0,-9999.0,-9999,-9999,-9999,-9999,-9999.0,-9999.0,N,AM,CRMN MANAUS,S103,-3.02249999,-60.05555555,-9999.0
165,2016-12-28,12:00,-9999.0,-9999.0,-9999.0,-9999.0,-9999,-9999.0,-9999.0,-9999.0,-9999.0,-9999.0,-9999.0,-9999,-9999,-9999,-9999,-9999.0,-9999.0,N,AM,CRMN MANAUS,S103,-3.02249999,-60.05555555,-9999.0
166,2016-12-28,16:00,-9999.0,-9999.0,-9999.0,-9999.0,-9999,-9999.0,-9999.0,-9999.0,-9999.0,-9999.0,-9999.0,-9999,-9999,-9999,-9999,-9999.0,-9999.0,N,AM,CRMN MANAUS,S103,-3.02249999,-60.05555555,-9999.0
167,2016-12-28,20:00,-9999.0,-9999.0,-9999.0,-9999.0,-9999,-9999.0,-9999.0,-9999.0,-9999.0,-9999.0,-9999.0,-9999,-9999,-9999,-9999,-9999.0,-9999.0,N,AM,CRMN MANAUS,S103,-3.02249999,-60.05555555,-9999.0
168,2016-12-29,00:00,-9999.0,-9999.0,-9999.0,-9999.0,-9999,-9999.0,-9999.0,-9999.0,-9999.0,-9999.0,-9999.0,-9999,-9999,-9999,-9999,-9999.0,-9999.0,N,AM,CRMN MANAUS,S103,-3.02249999,-60.05555555,-9999.0
169,2016-12-29,04:00,-9999.0,-9999.0,-9999.0,-9999.0,-9999,-9999.0,-9999.0,-9999.0,-9999.0,-9999.0,-9999.0,-9999,-9999,-9999,-9999,-9999.0,-9999.0,N,AM,CRMN MANAUS,S103,-3.02249999,-60.05555555,-9999.0
170,2016-12-29,08:00,-9999.0,-9999.0,-9999.0,-9999.0,-9999,-9999.0,-9999.0,-9999.0,-9999.0,-9999.0,-9999.0,-9999,-9999,-9999,-9999,-9999.0,-9999.0,N,AM,CRMN MANAUS,S103,-3.02249999,-60.05555555,-9999.0
171,2016-12-29,12:00,-9999.0,-9999.0,-9999.0,-9999.0,-9999,-9999.0,-9999.0,-9999.0,-9999.0,-9999.0,-9999.0,-9999,-9999,-9999,-9999,-9999.0,-9999.0,N,AM,CRMN MANAUS,S103,-3.02249999,-60.05555555,-9999.0
172,2016-12-29,16:00,-9999.0,-9999.0,-9999.0,-9999.0,-9999,-9999.0,-9999.0,-9999.0,-9999.0,-9999.0,-9999.0,-9999,-9999,-9999,-9999,-9999.0,-9999.0,N,AM,CRMN MANAUS,S103,-3.02249999,-60.05555555,-9999.0
173,2016-12-29,20:00,-9999.0,-9999.0,-9999.0,-9999.0,-9999,-9999.0,-9999.0,-9999.0,-9999.0,-9999.0,-9999.0,-9999,-9999,-9999,-9999,-9999.0,-9999.0,N,AM,CRMN MANAUS,S103,-3.02249999,-60.05555555,-9999.0
174,2016-12-30,00:00,-9999.0,-9999.0,-9999.0,-9999.0,-9999,-9999.0,-9999.0,-9999.0,-9999.0,-9999.0,-9999.0,-9999,-9999,-9999,-9999,-9999.0,-9999.0,N,AM,CRMN MANAUS,S103,-3.02249999,-60.05555555,-9999.0
175,2016-12-30,04:00,-9999.0,-9999.0,-9999.0,-9999.0,-9999,-9999.0,-9999.0,-9999.0,-9999.0,-9999.0,-9999.0,-9999,-9999,-9999,-9999,-9999.0,-9999.0,N,AM,CRMN MANAUS,S103,-3.02249999,-60.05555555,-9999.0
176,2016-12-30,08:00,-9999.0,-9999.0,-9999.0,-9999.0,-9999,-9999.0,-9999.0,-9999.0,-9999.0,-9999.0,-9999.0,-9999,-9999,-9999,-9999,-9999.0,-9999.0,N,AM,CRMN MANAUS,S103,-3.02249999,-60.05555555,-9999.0
177,2016-12-30,12:00,-9999.0,-9999.0,-9999.0,-9999.0,-9999,-9999.0,-9999.0,-9999.0,-9999.0,-9999.0,-9999.0,-9999,-9999,-9999,-9999,-9999.0,-9999.0,N,AM,CRMN MANAUS,S103,-3.02249999,-60.05555555,-9999.0
178,2016-12-30,16:00,-9999.0,-9999.0,-9999.0,-9999.0,-9999,-9999.0,-9999.0,-9999.0,-9999.0,-9999.0,-9999.0,-9999,-9999,-9999,-9999,-9999.0,-9999.0,N,AM,CRMN MANAUS,S103,-3.02249999,-60.05555555,-9999.0
179,2016-12-30,20:00,-9999.0,-9999.0,-9999.0,-9999.0,-9999,-9999.0,-9999.0,-9999.0,-9999.0,-9999.0,-9999.0,-9999,-9999,-9999,-9999,-9999.0,-9999.0,N,AM,CRMN MANAUS,S103,-3.02249999,-60.05555555,-9999.0
180,2016-12-31,00:00,-9999.0,-9999.0,-9999.0,-9999.0,-9999,-9999.0,-9999.0,-9999.0,-9999.0,-9999.0,-9999.0,-9999,-9999,-9999,-9999,-9999.0,-9999.0,N,AM,CRMN MANAUS,S103,-3.02249999,-60.05555555,-9999.0
181,2016-12-31,04:00,-9999.0,-9999.0,-9999.0,-9999.0,-9999,-9999.0,-9999.0,-9999.0,-9999.0,-9999.0,-9999.0,-9999,-9999,-9999,-9999,-9999.0,-9999.0,N,AM,CRMN MANAUS,S103,-3.02249999,-60.05555555,-9999.0
182,2016-12-31,08:00,-9999.0,-9999.0,-9999.0,-9999.0,-9999,-9999.0,-9999.0,-9999.0,-9999.0,-9999.0,-9999.0,-9999,-9999,-9999,-9999,-9999.0,-9999.0,N,AM,CRMN MANAUS,S103,-3.02249999,-60.05555555,-9999.0
183,2016-12-31,12:00,-9999.0,-9999.0,-9999.0,-9999.0,-9999,-9999.0,-9999.0,-9999.0,-9999.0,-9999.0,-9999.0,-9999,-9999,-9999,-9999,-9999.0,-9999.0,N,AM,CRMN MANAUS,S103,-3.02249999,-60.05555555,-9999.0
184,2016-12-31,16:00,-9999.0,-9999.0,-9999.0,-9999.0,-9999,-9999.0,-9999.0,-9999.0,-9999.0,-9999.0,-9999.0,-9999,-9999,-9999,-9999,-9999.0,-9999.0,N,AM,CRMN MANAUS,S103,-3.02249999,-60.05555555,-9999.0
185,2016-12-31,20:00,-9999.0,-9999.0,-9999.0,-9999.0,-9999,-9999.0,-9999.0,-9999.0,-9999.0,-9999.0,-9999.0,-9999,-9999,-9999,-9999,-9999.0,-9999.0,N,AM,CRMN MANAUS,S103,-3.02249999,-60.05555555,-9999.0
186,2017-01-01,00:00,-9999.0,-9999.0,-9999.0,-9999.0,-9999,-9999.0,-9999.0,-9999.0,-9999.0,-9999.0,-9999.0,-9999,-9999,-9999,-9999,-9999.0,-9999.0,N,AM,CRMN MANAUS,S103,-3.02249999,-60.05555555,-9999.0
187,2017-01-01,04:00,-9999.0,-9999.0,-9999.0,-9999.0,-9999,-9999.0,-9999.0,-9999.0,-9999.0,-9999.0,-9999.0,-9999,-9999,-9999,-9999,-9999.0,-9999.0,N,AM,CRMN MANAUS,S103,-3.02249999,-60.05555555,-9999.0
188,2017-01-01,08:00,-9999.0,-9999.0,-9999.0,-9999.0,-9999,-9999.0,-9999.0,-9999.0,-9999.0,-9999.0,-9999.0,-9999,-9999,-9999,-9999,-9999.0,-9999.0,N,AM,CRMN MANAUS,S103,-3.02249999,-60.05555555,-9999.0
189,2017-01-01,12:00,-9999.0,-9999.0,-9999.0,-9999.0,-9999,-9999.0,-9999.0,-9999.0,-9999.0,-9999.0,-9999.0,-9999,-9999,-9999,-9999,-9999.0,-9999.0,N,AM,CRMN MANAUS,S103,-3.02249999,-60.05555555,-9999.0
190,2017-01-01,16:00,-9999.0,-9999.0,-9999.0,-9999.0,-9999,-9999.0,-9999.0,-9999.0,-9999.0,-9999.0,-9999.0,-9999,-9999,-9999,-9999,-9999.0,-9999.0,N,AM,CRMN MANAUS,S103,-3.02249999,-60.05555555,-9999.0
191,2017-01-01,20:00,-9999.0,-9999.0,-9999.0,-9999.0,-9999,-9999.0,-9999.0,-9999.0,-9999.0,-9999.0,-9999.0,-9999,-9999,-9999,-9999,-9999.0,-9999.0,N,AM,CRMN MANAUS,S103,-3.02249999,-60.05555555,-9999.0
192,2017-01-02,00:00,-9999.0,-9999.0,-9999.0,-9999.0,-9999,-9999.0,-9999.0,-9999.0,-9999.0,-9999.0,-9999.0,-9999,-9999,-9999,-9999,-9999.0,-9999.0,N,AM,CRMN MANAUS,S103,-3.02249999,-60.05555555,-9999.0
193,2017-01-02,04:00,-9999.0,-9999.0,-9999.0,-9999.0,-9999,-9999.0,-9999.0,-9999.0,-9999.0,-9999.0,-9999.0,-9999,-9999,-9999,-9999,-9999.0,-9999.0,N,AM,CRMN MANAUS,S103,-3.02249999,-60.05555555,-9999.0
194,2017-01-02,08:00,-9999.0,-9999.0,-9999.0,-9999.0,-9999,-9999.0,-9999.0,-9999.0,-9999.0,-9999.0,-9999.0,-9999,-9999,-9999,-9999,-9999.0,-9999.0,N,AM,CRMN MANAUS,S103,-3.02249999,-60.05555555,-9999.0
195,2017-01-02,12:00,-9999.0,-9999.0,-9999.0,-9999.0,-9999,-9999.0,-9999.0,-9999.0,-9999.0,-9999.0,-9999.0,-9999,-9999,-9999,-9999,-9999.0,-9999.0,N,AM,CRMN MANAUS,S103,-3.02249999,-60.05555555,-9999.0
196,2017-01-02,16:00,-9999.0,-9999.0,-9999.0,-9999.0,-9999,-9999.0,-9999.0,-9999.0,-9999.0,-9999.0,-9999.0,-9999,-9999,-9999,-9999,-9999.0,-9999.0,N,AM,CRMN MANAUS,S103,-3.02249999,-60.05555555,-9999.0
197,2017-01-02,20:00,-9999.0,-9999.0,-9999.0,-9999.0,-9999,-9999.0,-9999.0,-9999.0,-9999.0,-9999.0,-9999.0,-9999,-9999,-9999,-9999,-9999.0,-9999.0,N,AM,CRMN MANAUS,S103,-3.02249999,-60.05555555,-9999.0
198,2017-01-03,00:00,-9999.0,-9999.0,-9999.0,-9999.0,-9999,-9999.0,-9999.0,-9999.0,-9999.0,-9999.0,-9999.0,-9999,-9999,-9999,-9999,-9999.0,-9999.0,N,AM,CRMN MANAUS,S103,-3.02249999,-60.05555555,-9999.0
199,2017-01-03,04:00,-9999.0,-9999.0,-9999.0,-9999.0,-9999,-9999.0,-9999.0,-9999.0,-9999.0,-9999.0,-9999.0,-9999,-9999,-9999,-9999,-9999.0,-9999.0,N,AM,CRMN MANAUS,S103,-3.02249999,-60.05555555,-9999.0
200,2017-01-03,08:00,-9999.0,-9999.0,-9999.0,-9999.0,-9999,-9999.0,-9999.0,-9999.0,-9999.0,-9999.0,-9999.0,-9999,-9999,-9999,-9999,-9999.0,-9999.0,N,AM,CRMN MANAUS,S103,-3.02249999,-60.05555555,-9999.0
201,2017-01-03,12:00,-9999.0,-9999.0,-9999.0,-9999.0,-9999,-9999.0,-9999.0,-9999.0,-9999.0,-9999.0,-9999.0,-9999,-9999,-9999,-9999,-9999.0,-9999.0,N,AM,CRMN MANAUS,S103,-3.02249999,-60.05555555,-9999.0
202,2017-01-03,16:00,-9999.0,-9999.0,-9999.0,-9999.0,-9999,-9999.0,-9999.0,-9999.0,-9999.0,-9999.0,-9999.0,-9999,-9999,-9999,-9999,-9999.0,-9999.0,N,AM,CRMN MANAUS,S103,-3.02249999,-60.05555555,-9999.0
203,2017-01-03,20:00,-9999.0,-9999.0,-9999.0,-9999.0,-9999,-9999.0,-9999.0,-9999.0,-9999.0,-9999.0,-9999.0,-9999,-9999,-9999,-9999,-9999.0,-9999.0,N,AM,CRMN MANAUS,S103,-3.02249999,-60.05555555,-9999.0
204,2017-01-04,00:00,-9999.0,-9999.0,-9999.0,-9999.0,-9999,-9999.0,-9999.0,-9999.0,-9999.0,-9999.0,-9999.0,-9999,-9999,-9999,-9999,-9999.0,-9999.0,N,AM,CRMN MANAUS,S103,-3.02249999,-60.05555555,-9999.0
205,2017-01-04,04:00,-9999.0,-9999.0,-9999.0,-9999.0,-9999,-9999.0,-9999.0,-9999.0,-9999.0,-9999.0,-9999.0,-9999,-9999,-9999,-9999,-9999.0,-9999.0,N,AM,CRMN MANAUS,S103,-3.02249999,-60.05555555,-9999.0
206,2017-01-04,08:00,-9999.0,-9999.0,-9999.0,-9999.0,-9999,-9999.0,-9999.0,-9999.0,-9999.0,-9999.0,-9999.0,-9999,-9999,-9999,-9999,-9999.0,-9999.0,N,AM,CRMN MANAUS,S103,-3.02249999,-60.05555555,-9999.0
207,2017-01-04,12:00,-9999.0,-9999.0,-9999.0,-9999.0,-9999,-9999.0,-9999.0,-9999.0,-9999.0,-9999.0,-9999.0,-9999,-9999,-9999,-9999,-9999.0,-9999.0,N,AM,CRMN MANAUS,S103,-3.02249999,-60.05555555,-9999.0
208,2017-01-04,16:00,-9999.0,-9999.0,-9999.0,-9999.0,-9999,-9999.0,-9999.0,-9999.0,-9999.0,-9999.0,-9999.0,-9999,-9999,-9999,-9999,-9999.0,-9999.0,N,AM,CRMN MANAUS,S103,-3.02249999,-60.05555555,-9999.0
209,2017-01-04,20:00,-9999.0,-9999.0,-9999.0,-9999.0,-9999,-9999.0,-9999.0,-9999.0,-9999.0,-9999.0,-9999.0,-9999,-9999,-9999,-9999,-9999.0,-9999.0,N,AM,CRMN MANAUS,S103,-3.02249999,-60.05555555,-9999.0
210,2017-01-05,00:00,-9999.0,-9999.0,-9999.0,-9999.0,-9999,-9999.0,-9999.0,-9999.0,-9999.0,-9999.0,-9999.0,-9999,-9999,-9999,-9999,-9999.0,-9999.0,N,AM,CRMN MANAUS,S103,-3.02249999,-60.05555555,-9999.0
211,2017-01-05,04:00,-9999.0,-9999.0,-9999.0,-9999.0,-9999,-9999.0,-9999.0,-9999.0,-9999.0,-9999.0,-9999.0,-9999,-9999,-9999,-9999,-9999.0,-9999.0,N,AM,CRMN MANAUS,S103,-3.02249999,-60.05555555,-9999.0
212,2017-01-05,08:00,-9999.0,-9999.0,-9999.0,-9999.0,-9999,-9999.0,-9999.0,-9999.0,-9999.0,-9999.0,-9999.0,-9999,-9999,-9999,-9999,-9999.0,-9999.0,N,AM,CRMN MANAUS,S103,-3.02249999,-60.05555555,-9999.0
213,2017-01-05,12:00,-9999.0,-9999.0,-9999.0,-9999.0,-9999,-9999.0,-9999.0,-9999.0,-9999.0,-9999.0,-9999.0,-9999,-9999,-9999,-9999,-9999.0,-9999.0,N,AM,CRMN MANAUS,S103,-3.02249999,-60.05555555,-9999.0
214,2017-01-05,16:00,-9999.0,-9999.0,-9999.0,-9999.0,-9999,-9999.0,-9999.0,-9999.0,-9999.0,-9999.0,-9999.0,-9999,-9999,-9999,-9999,-9999.0,-9999.0,N,AM,CRMN MANAUS,S103,-3.02249999,-60.05555555,-9999.0
215,2017-01-05,20:00,-9999.0,-9999.0,-9999.0,-9999.0,-9999,-9999.0,-9999.0,-9999.0,-9999.0,-9999.0,-9999.0,-9999,-9999,-9999,-9999,-9999.0,-9999.0,N,AM,CRMN MANAUS,S103,-3.02249999,-60.05555555,-9999.0
216,2017-01-06,00:00,-9999.0,-9999.0,-9999.0,-9999.0,-9999,-9999.0,-9999.0,-9999.0,-9999.0,-9999.0,-9999.0,-9999,-9999,-9999,-9999,-9999.0,-9999.0,N,AM,CRMN MANAUS,S103,-3.02249999,-60.05555555,-9999.0
217,2017-01-06,04:00,-9999.0,-9999.0,-9999.0,-9999.0,-9999,-9999.0,-9999.0,-9999.0,-9999.0,-9999.0,-9999.0,-9999,-9999,-9999,-9999,-9999.0,-9999.0,N,AM,CRMN MANAUS,S103,-3.02249999,-60.05555555,-9999.0
218,2017-01-06,08:00,-9999.0,-9999.0,-9999.0,-9999.0,-9999,-9999.0,-9999.0,-9999.0,-9999.0,-9999.0,-9999.0,-9999,-9999,-9999,-9999,-9999.0,-9999.0,N,AM,CRMN MANAUS,S103,-3.02249999,-60.05555555,-9999.0
219,2017-01-06,12:00,-9999.0,-9999.0,-9999.0,-9999.0,-9999,-9999.0,-9999.0,-9999.0,-9999.0,-9999.0,-9999.0,-9999,-9999,-9999,-9999,-9999.0,-9999.0,N,AM,CRMN MANAUS,S103,-3.02249999,-60.05555555,-9999.0
220,2017-01-06,16:00,-9999.0,-9999.0,-9999.0,-9999.0,-9999,-9999.0,-9999.0,-9999.0,-9999.0,-9999.0,-9999.0,-9999,-9999,-9999,-9999,-9999.0,-9999.0,N,AM,CRMN MANAUS,S103,-3.02249999,-60.05555555,-9999.0
221,2017-01-06,20:00,-9999.0,-9999.0,-9999.0,-9999.0,-9999,-9999.0,-9999.0,-9999.0,-9999.0,-9999.0,-9999.0,-9999,-9999,-9999,-9999,-9999.0,-9999.0,N,AM,CRMN MANAUS,S103,-3.02249999,-60.05555555,-9999.0
222,2017-01-07,00:00,-9999.0,-9999.0,-9999.0,-9999.0,-9999,-9999.0,-9999.0,-9999.0,-9999.0,-9999.0,-9999.0,-9999,-9999,-9999,-9999,-9999.0,-9999.0,N,AM,CRMN MANAUS,S103,-3.02249999,-60.05555555,-9999.0
223,2017-01-07,04:00,-9999.0,-9999.0,-9999.0,-9999.0,-9999,-9999.0,-9999.0,-9999.0,-9999.0,-9999.0,-9999.0,-9999,-9999,-9999,-9999,-9999.0,-9999.0,N,AM,CRMN MANAUS,S103,-3.02249999,-60.05555555,-9999.0
224,2017-01-07,08:00,-9999.0,-9999.0,-9999.0,-9999.0,-9999,-9999.0,-9999.0,-9999.0,-9999.0,-9999.0,-9999.0,-9999,-9999,-9999,-9999,-9999.0,-9999.0,N,AM,CRMN MANAUS,S103,-3.02249999,-60.05555555,-9999.0
225,2017-01-07,12:00,-9999.0,-9999.0,-9999.0,-9999.0,-9999,-9999.0,-9999.0,-9999.0,-9999.0,-9999.0,-9999.0,-9999,-9999,-9999,-9999,-9999.0,-9999.0,N,AM,CRMN MANAUS,S103,-3.02249999,-60.05555555,-9999.0
226,2017-01-07,16:00,-9999.0,-9999.0,-9999.0,-9999.0,-9999,-9999.0,-9999.0,-9999.0,-9999.0,-9999.0,-9999.0,-9999,-9999,-9999,-9999,-9999.0,-9999.0,N,AM,CRMN MANAUS,S103,-3.02249999,-60.05555555,-9999.0
227,2017-01-07,20:00,-9999.0,-9999.0,-9999.0,-9999.0,-9999,-9999.0,-9999.0,-9999.0,-9999.0,-9999.0,-9999.0,-9999,-9999,-9999,-9999,-9999.0,-9999.0,N,AM,CRMN MANAUS,S103,-3.02249999,-60.05555555,-9999.0
228,2017-01-08,00:00,-9999.0,-9999.0,-9999.0,-9999.0,-9999,-9999.0,-9999.0,-9999.0,-9999.0,-9999.0,-9999.0,-9999,-9999,-9999,-9999,-9999.0,-9999.0,N,AM,CRMN MANAUS,S103,-3.02249999,-60.05555555,-9999.0
229,2017-01-08,04:00,-9999.0,-9999.0,-9999.0,-9999.0,-9999,-9999.0,-9999.0,-9999.0,-9999.0,-9999.0,-9999.0,-9999,-9999,-9999,-9999,-9999.0,-9999.0,N,AM,CRMN MANAUS,S103,-3.02249999,-60.05555555,-9999.0
230,2017-01-08,08:00,-9999.0,-9999.0,-9999.0,-9999.0,-9999,-9999.0,-9999.0,-9999.0,-9999.0,-9999.0,-9999.0,-9999,-9999,-9999,-9999,-9999.0,-9999.0,N,AM,CRMN MANAUS,S103,-3.02249999,-60.05555555,-9999.0
231,2017-01-08,12:00,-9999.0,-9999.0,-9999.0,-9999.0,-9999,-9999.0,-9999.0,-9999.0,-9999.0,-9999.0,-9999.0,-9999,-9999,-9999,-9999,-9999.0,-9999.0,N,AM,CRMN MANAUS,S103,-3.02249999,-60.05555555,-9999.0
232,2017-01-08,16:00,-9999.0,-9999.0,-9999.0,-9999.0,-9999,-9999.0,-9999.0,-9999.0,-9999.0,-9999.0,-9999.0,-9999,-9999,-9999,-9999,-9999.0,-9999.0,N,AM,CRMN MANAUS,S103,-3.02249999,-60.05555555,-9999.0
233,2017-01-08,20:00,-9999.0,-9999.0,-9999.0,-9999.0,-9999,-9999.0,-9999.0,-9999.0,-9999.0,-9999.0,-9999.0,-9999,-9999,-9999,-9999,-9999.0,-9999.0,N,AM,CRMN MANAUS,S103,-3.02249999,-60.05555555,-9999.0
234,2017-01-09,00:00,-9999.0,-9999.0,-9999.0,-9999.0,-9999,-9999.0,-9999.0,-9999.0,-9999.0,-9999.0,-9999.0,-9999,-9999,-9999,-9999,-9999.0,-9999.0,N,AM,CRMN MANAUS,S103,-3.02249999,-60.05555555,-9999.0
235,2017-01-09,04:00,-9999.0,-9999.0,-9999.0,-9999.0,-9999,-9999.0,-9999.0,-9999.0,-9999.0,-9999.0,-9999.0,-9999,-9999,-9999,-9999,-9999.0,-9999.0,N,AM,CRMN MANAUS,S103,-3.02249999,-60.05555555,-9999.0
236,2017-01-09,08:00,-9999.0,-9999.0,-9999.0,-9999.0,-9999,-9999.0,-9999.0,-9999.0,-9999.0,-9999.0,-9999.0,-9999,-9999,-9999,-9999,-9999.0,-9999.0,N,AM,CRMN MANAUS,S103,-3.02249999,-60.05555555,-9999.0
237,2017-01-09,12:00,-9999.0,-9999.0,-9999.0,-9999.0,-9999,-9999.0,-9999.0,-9999.0,-9999.0,-9999.0,-9999.0,-9999,-9999,-9999,-9999,-9999.0,-9999.0,N,AM,CRMN MANAUS,S103,-3.02249999,-60.05555555,-9999.0
238,2017-01-09,16:00,-9999.0,-9999.0,-9999.0,-9999.0,-9999,-9999.0,-9999.0,-9999.0,-9999.0,-9999.0,-9999.0,-9999,-9999,-9999,-9999,-9999.0,-9999.0,N,AM,CRMN MANAUS,S103,-3.02249999,-60.05555555,-9999.0
239,2017-01-09,20:00,-9999.0,-9999.0,-9999.0,-9999.0,-9999,-9999.0,-9999.0,-9999.0,-9999.0,-9999.0,-9999.0,-9999,-9999,-9999,-9999,-9999.0,-9999.0,N,AM,CRMN MANAUS,S103,-3.02249999,-60.05555555,-9999.0
240,2017-01-10,00:00,-9999.0,-9999.0,-9999.0,-9999.0,-9999,-9999.0,-9999.0,-9999.0,-9999.0,-9999.0,-9999.0,-9999,-9999,-9999,-9999,-9999.0,-9999.0,N,AM,CRMN MANAUS,S103,-3.02249999,-60.05555555,-9999.0
241,2017-01-10,04:00,-9999.0,-9999.0,-9999.0,-9999.0,-9999,-9999.0,-9999.0,-9999.0,-9999.0,-9999.0,-9999.0,-9999,-9999,-9999,-9999,-9999.0,-9999.0,N,AM,CRMN MANAUS,S103,-3.02249999,-60.05555555,-9999.0
242,2017-01-10,08:00,-9999.0,-9999.0,-9999.0,-9999.0,-9999,-9999.0,-9999.0,-9999.0,-9999.0,-9999.0,-9999.0,-9999,-9999,-9999,-9999,-9999.0,-9999.0,N,AM,CRMN MANAUS,S103,-3.02249999,-60.05555555,-9999.0
243,2017-01-10,12:00,-9999.0,-9999.0,-9999.0,-9999.0,-9999,-9999.0,-9999.0,-9999.0,-9999.0,-9999.0,-9999.0,-9999,-9999,-9999,-9999,-9999.0,-9999.0,N,AM,CRMN MANAUS,S103,-3.02249999,-60.05555555,-9999.0
244,2017-01-10,16:00,-9999.0,-9999.0,-9999.0,-9999.0,-9999,-9999.0,-9999.0,-9999.0,-9999.0,-9999.0,-9999.0,-9999,-9999,-9999,-9999,-9999.0,-9999.0,N,AM,CRMN MANAUS,S103,-3.02249999,-60.05555555,-9999.0
245,2017-01-10,20:00,-9999.0,-9999.0,-9999.0,-9999.0,-9999,-9999.0,-9999.0,-9999.0,-9999.0,-9999.0,-9999.0,-9999,-9999,-9999,-9999,-9999.0,-9999.0,N,AM,CRMN MANAUS,S103,-3.02249999,-60.05555555,-9999.0
246,2017-01-11,00:00,-9999.0,-9999.0,-9999.0,-9999.0,-9999,-9999.0,-9999.0,-9999.0,-9999.0,-9999.0,-9999.0,-9999,-9999,-9999,-9999,-9999.0,-9999.0,N,AM,CRMN MANAUS,S103,-3.02249999,-60.05555555,-9999.0
247,2017-01-11,04:00,-9999.0,-9999.0,-9999.0,-9999.0,-9999,-9999.0,-9999.0,-9999.0,-9999.0,-9999.0,-9999.0,-9999,-9999,-9999,-9999,-9999.0,-9999.0,N,AM,CRMN MANAUS,S103,-3.02249999,-60.05555555,-9999.0
248,2017-01-11,08:00,-9999.0,-9999.0,-9999.0,-9999.0,-9999,-9999.0,-9999.0,-9999.0,-9999.0,-9999.0,-9999.0,-9999,-9999,-9999,-9999,-9999.0,-9999.0,N,AM,CRMN MANAUS,S103,-3.02249999,-60.05555555,-9999.0
249,2017-01-11,12:00,-9999.0,-9999.0,-9999.0,-9999.0,-9999,-9999.0,-9999.0,-9999.0,-9999.0,-9999.0,-9999.0,-9999,-9999,-9999,-9999,-9999.0,-9999.0,N,AM,CRMN MANAUS,S103,-3.02249999,-60.05555555,-9999.0
250,2017-01-11,16:00,-9999.0,-9999.0,-9999.0,-9999.0,-9999,-9999.0,-9999.0,-9999.0,-9999.0,-9999.0,-9999.0,-9999,-9999,-9999,-9999,-9999.0,-9999.0,N,AM,CRMN MANAUS,S103,-3.02249999,-60.05555555,-9999.0
251,2017-01-11,20:00,-9999.0,-9999.0,-9999.0,-9999.0,-9999,-9999.0,-9999.0,-9999.0,-9999.0,-9999.0,-9999.0,-9999,-9999,-9999,-9999,-9999.0,-9999.0,N,AM,CRMN MANAUS,S103,-3.02249999,-60.05555555,-9999.0
252,2017-01-12,00:00,-9999.0,-9999.0,-9999.0,-9999.0,-9999,-9999.0,-9999.0,-9999.0,-9999.0,-9999.0,-9999.0,-9999,-9999,-9999,-9999,-9999.0,-9999.0,N,AM,CRMN MANAUS,S103,-3.02249999,-60.05555555,-9999.0
253,2017-01-12,04:00,-9999.0,-9999.0,-9999.0,-9999.0,-9999,-9999.0,-9999.0,-9999.0,-9999.0,-9999.0,-9999.0,-9999,-9999,-9999,-9999,-9999.0,-9999.0,N,AM,CRMN MANAUS,S103,-3.02249999,-60.05555555,-9999.0
254,2017-01-12,08:00,-9999.0,-9999.0,-9999.0,-9999.0,-9999,-9999.0,-9999.0,-9999.0,-9999.0,-9999.0,-9999.0,-9999,-9999,-9999,-9999,-9999.0,-9999.0,N,AM,CRMN MANAUS,S103,-3.02249999,-60.05555555,-9999.0
255,2017-01-12,12:00,-9999.0,-9999.0,-9999.0,-9999.0,-9999,-9999.0,-9999.0,-9999.0,-9999.0,-9999.0,-9999.0,-9999,-9999,-9999,-9999,-9999.0,-9999.0,N,AM,CRMN MANAUS,S103,-3.02249999,-60.05555555,-9999.0
256,2017-01-12,16:00,-9999.0,-9999.0,-9999.0,-9999.0,-9999,-9999.0,-9999.0,-9999.0,-9999.0,-9999.0,-9999.0,-9999,-9999,-9999,-9999,-9999.0,-9999.0,N,AM,CRMN MANAUS,S103,-3.02249999,-60.05555555,-9999.0
257,2017-01-12,20:00,-9999.0,-9999.0,-9999.0,-9999.0,-9999,-9999.0,-9999.0,-9999.0,-9999.0,-9999.0,-9999.0,-9999,-9999,-9999,-9999,-9999.0,-9999.0,N,AM,CRMN MANAUS,S103,-3.02249999,-60.05555555,-9999.0
258,2017-01-13,00:00,-9999.0,-9999.0,-9999.0,-9999.0,-9999,-9999.0,-9999.0,-9999.0,-9999.0,-9999.0,-9999.0,-9999,-9999,-9999,-9999,-9999.0,-9999.0,N,AM,CRMN MANAUS,S103,-3.02249999,-60.05555555,-9999.0
259,2017-01-13,04:00,-9999.0,-9999.0,-9999.0,-9999.0,-9999,-9999.0,-9999.0,-9999.0,-9999.0,-9999.0,-9999.0,-9999,-9999,-9999,-9999,-9999.0,-9999.0,N,AM,CRMN MANAUS,S103,-3.02249999,-60.05555555,-9999.0
260,2017-01-13,08:00,-9999.0,-9999.0,-9999.0,-9999.0,-9999,-9999.0,-9999.0,-9999.0,-9999.0,-9999.0,-9999.0,-9999,-9999,-9999,-9999,-9999.0,-9999.0,N,AM,CRMN MANAUS,S103,-3.02249999,-60.05555555,-9999.0
261,2017-01-13,12:00,-9999.0,-9999.0,-9999.0,-9999.0,-9999,-9999.0,-9999.0,-9999.0,-9999.0,-9999.0,-9999.0,-9999,-9999,-9999,-9999,-9999.0,-9999.0,N,AM,CRMN MANAUS,S103,-3.02249999,-60.05555555,-9999.0
262,2017-01-13,16:00,-9999.0,-9999.0,-9999.0,-9999.0,-9999,-9999.0,-9999.0,-9999.0,-9999.0,-9999.0,-9999.0,-9999,-9999,-9999,-9999,-9999.0,-9999.0,N,AM,CRMN MANAUS,S103,-3.02249999,-60.05555555,-9999.0
263,2017-01-13,20:00,-9999.0,-9999.0,-9999.0,-9999.0,-9999,-9999.0,-9999.0,-9999.0,-9999.0,-9999.0,-9999.0,-9999,-9999,-9999,-9999,-9999.0,-9999.0,N,AM,CRMN MANAUS,S103,-3.02249999,-60.05555555,-9999.0
264,2017-01-14,00:00,-9999.0,-9999.0,-9999.0,-9999.0,-9999,-9999.0,-9999.0,-9999.0,-9999.0,-9999.0,-9999.0,-9999,-9999,-9999,-9999,-9999.0,-9999.0,N,AM,CRMN MANAUS,S103,-3.02249999,-60.05555555,-9999.0
265,2017-01-14,04:00,-9999.0,-9999.0,-9999.0,-9999.0,-9999,-9999.0,-9999.0,-9999.0,-9999.0,-9999.0,-9999.0,-9999,-9999,-9999,-9999,-9999.0,-9999.0,N,AM,CRMN MANAUS,S103,-3.02249999,-60.05555555,-9999.0
266,2017-01-14,08:00,-9999.0,-9999.0,-9999.0,-9999.0,-9999,-9999.0,-9999.0,-9999.0,-9999.0,-9999.0,-9999.0,-9999,-9999,-9999,-9999,-9999.0,-9999.0,N,AM,CRMN MANAUS,S103,-3.02249999,-60.05555555,-9999.0
267,2017-01-14,12:00,-9999.0,-9999.0,-9999.0,-9999.0,-9999,-9999.0,-9999.0,-9999.0,-9999.0,-9999.0,-9999.0,-9999,-9999,-9999,-9999,-9999.0,-9999.0,N,AM,CRMN MANAUS,S103,-3.02249999,-60.05555555,-9999.0
268,2017-01-14,16:00,-9999.0,-9999.0,-9999.0,-9999.0,-9999,-9999.0,-9999.0,-9999.0,-9999.0,-9999.0,-9999.0,-9999,-9999,-9999,-9999,-9999.0,-9999.0,N,AM,CRMN MANAUS,S103,-3.02249999,-60.05555555,-9999.0
269,2017-01-14,20:00,-9999.0,-9999.0,-9999.0,-9999.0,-9999,-9999.0,-9999.0,-9999.0,-9999.0,-9999.0,-9999.0,-9999,-9999,-9999,-9999,-9999.0,-9999.0,N,AM,CRMN MANAUS,S103,-3.02249999,-60.05555555,-9999.0
270,2017-01-15,00:00,-9999.0,-9999.0,-9999.0,-9999.0,-9999,-9999.0,-9999.0,-9999.0,-9999.0,-9999.0,-9999.0,-9999,-9999,-9999,-9999,-9999.0,-9999.0,N,AM,CRMN MANAUS,S103,-3.02249999,-60.05555555,-9999.0
271,2017-01-15,04:00,-9999.0,-9999.0,-9999.0,-9999.0,-9999,-9999.0,-9999.0,-9999.0,-9999.0,-9999.0,-9999.0,-9999,-9999,-9999,-9999,-9999.0,-9999.0,N,AM,CRMN MANAUS,S103,-3.02249999,-60.05555555,-9999.0
272,2017-01-15,08:00,-9999.0,-9999.0,-9999.0,-9999.0,-9999,-9999.0,-9999.0,-9999.0,-9999.0,-9999.0,-9999.0,-9999,-9999,-9999,-9999,-9999.0,-9999.0,N,AM,CRMN MANAUS,S103,-3.02249999,-60.05555555,-9999.0
273,2017-01-15,12:00,-9999.0,-9999.0,-9999.0,-9999.0,-9999,-9999.0,-9999.0,-9999.0,-9999.0,-9999.0,-9999.0,-9999,-9999,-9999,-9999,-9999.0,-9999.0,N,AM,CRMN MANAUS,S103,-3.02249999,-60.05555555,-9999.0
274,2017-01-15,16:00,-9999.0,-9999.0,-9999.0,-9999.0,-9999,-9999.0,-9999.0,-9999.0,-9999.0,-9999.0,-9999.0,-9999,-9999,-9999,-9999,-9999.0,-9999.0,N,AM,CRMN MANAUS,S103,-3.02249999,-60.05555555,-9999.0
275,2017-01-15,20:00,-9999.0,-9999.0,-9999.0,-9999.0,-9999,-9999.0,-9999.0,-9999.0,-9999.0,-9999.0,-9999.0,-9999,-9999,-9999,-9999,-9999.0,-9999.0,N,AM,CRMN MANAUS,S103,-3.02249999,-60.05555555,-9999.0
276,2017-01-16,00:00,-9999.0,-9999.0,-9999.0,-9999.0,-9999,-9999.0,-9999.0,-9999.0,-9999.0,-9999.0,-9999.0,-9999,-9999,-9999,-9999,-9999.0,-9999.0,N,AM,CRMN MANAUS,S103,-3.02249999,-60.05555555,-9999.0
277,2017-01-16,04:00,-9999.0,-9999.0,-9999.0,-9999.0,-9999,-9999.0,-9999.0,-9999.0,-9999.0,-9999.0,-9999.0,-9999,-9999,-9999,-9999,-9999.0,-9999.0,N,AM,CRMN MANAUS,S103,-3.02249999,-60.05555555,-9999.0
278,2017-01-16,08:00,-9999.0,-9999.0,-9999.0,-9999.0,-9999,-9999.0,-9999.0,-9999.0,-9999.0,-9999.0,-9999.0,-9999,-9999,-9999,-9999,-9999.0,-9999.0,N,AM,CRMN MANAUS,S103,-3.02249999,-60.05555555,-9999.0
279,2017-01-16,12:00,-9999.0,-9999.0,-9999.0,-9999.0,-9999,-9999.0,-9999.0,-9999.0,-9999.0,-9999.0,-9999.0,-9999,-9999,-9999,-9999,-9999.0,-9999.0,N,AM,CRMN MANAUS,S103,-3.02249999,-60.05555555,-9999.0
280,2017-01-16,16:00,-9999.0,-9999.0,-9999.0,-9999.0,-9999,-9999.0,-9999.0,-9999.0,-9999.0,-9999.0,-9999.0,-9999,-9999,-9999,-9999,-9999.0,-9999.0,N,AM,CRMN MANAUS,S103,-3.02249999,-60.05555555,-9999.0
281,2017-01-16,20:00,-9999.0,-9999.0,-9999.0,-9999.0,-9999,-9999.0,-9999.0,-9999.0,-9999.0,-9999.0,-9999.0,-9999,-9999,-9999,-9999,-9999.0,-9999.0,N,AM,CRMN MANAUS,S103,-3.02249999,-60.05555555,-9999.0
282,2017-01-17,00:00,-9999.0,-9999.0,-9999.0,-9999.0,-9999,-9999.0,-9999.0,-9999.0,-9999.0,-9999.0,-9999.0,-9999,-9999,-9999,-9999,-9999.0,-9999.0,N,AM,CRMN MANAUS,S103,-3.02249999,-60.05555555,-9999.0
283,2017-01-17,04:00,-9999.0,-9999.0,-9999.0,-9999.0,-9999,-9999.0,-9999.0,-9999.0,-9999.0,-9999.0,-9999.0,-9999,-9999,-9999,-9999,-9999.0,-9999.0,N,AM,CRMN MANAUS,S103,-3.02249999,-60.05555555,-9999.0
284,2017-01-17,08:00,-9999.0,-9999.0,-9999.0,-9999.0,-9999,-9999.0,-9999.0,-9999.0,-9999.0,-9999.0,-9999.0,-9999,-9999,-9999,-9999,-9999.0,-9999.0,N,AM,CRMN MANAUS,S103,-3.02249999,-60.05555555,-9999.0
285,2017-01-17,12:00,-9999.0,-9999.0,-9999.0,-9999.0,-9999,-9999.0,-9999.0,-9999.0,-9999.0,-9999.0,-9999.0,-9999,-9999,-9999,-9999,-9999.0,-9999.0,N,AM,CRMN MANAUS,S103,-3.02249999,-60.05555555,-9999.0
286,2017-01-17,16:00,-9999.0,-9999.0,-9999.0,-9999.0,-9999,-9999.0,-9999.0,-9999.0,-9999.0,-9999.0,-9999.0,-9999,-9999,-9999,-9999,-9999.0,-9999.0,N,AM,CRMN MANAUS,S103,-3.02249999,-60.05555555,-9999.0
287,2017-01-17,20:00,-9999.0,-9999.0,-9999.0,-9999.0,-9999,-9999.0,-9999.0,-9999.0,-9999.0,-9999.0,-9999.0,-9999,-9999,-9999,-9999,-9999.0,-9999.0,N,AM,CRMN MANAUS,S103,-3.02249999,-60.05555555,-9999.0
288,2017-01-18,00:00,-9999.0,-9999.0,-9999.0,-9999.0,-9999,-9999.0,-9999.0,-9999.0,-9999.0,-9999.0,-9999.0,-9999,-9999,-9999,-9999,-9999.0,-9999.0,N,AM,CRMN MANAUS,S103,-3.02249999,-60.05555555,-9999.0
289,2017-01-18,04:00,-9999.0,-9999.0,-9999.0,-9999.0,-9999,-9999.0,-9999.0,-9999.0,-9999.0,-9999.0,-9999.0,-9999,-9999,-9999,-9999,-9999.0,-9999.0,N,AM,CRMN MANAUS,S103,-3.02249999,-60.05555555,-9999.0
290,2017-01-18,08:00,-9999.0,-9999.0,-9999.0,-9999.0,-9999,-9999.0,-9999.0,-9999.0,-9999.0,-9999.0,-9999.0,-9999,-9999,-9999,-9999,-9999.0,-9999.0,N,AM,CRMN MANAUS,S103,-3.02249999,-60.05555555,-9999.0
291,2017-01-18,12:00,-9999.0,-9999.0,-9999.0,-9999.0,-9999,-9999.0,-9999.0,-9999.0,-9999.0,-9999.0,-9999.0,-9999,-9999,-9999,-9999,-9999.0,-9999.0,N,AM,CRMN MANAUS,S103,-3.02249999,-60.05555555,-9999.0
292,2017-01-18,16:00,-9999.0,-9999.0,-9999.0,-9999.0,-9999,-9999.0,-9999.0,-9999.0,-9999.0,-9999.0,-9999.0,-9999,-9999,-9999,-9999,-9999.0,-9999.0,N,AM,CRMN MANAUS,S103,-3.02249999,-60.05555555,-9999.0
293,2017-01-18,20:00,-9999.0,-9999.0,-9999.0,-9999.0,-9999,-9999.0,-9999.0,-9999.0,-9999.0,-9999.0,-9999.0,-9999,-9999,-9999,-9999,-9999.0,-9999.0,N,AM,CRMN MANAUS,S103,-3.02249999,-60.05555555,-9999.0
294,2017-01-19,00:00,-9999.0,-9999.0,-9999.0,-9999.0,-9999,-9999.0,-9999.0,-9999.0,-9999.0,-9999.0,-9999.0,-9999,-9999,-9999,-9999,-9999.0,-9999.0,N,AM,CRMN MANAUS,S103,-3.02249999,-60.05555555,-9999.0
295,2017-01-19,04:00,-9999.0,-9999.0,-9999.0,-9999.0,-9999,-9999.0,-9999.0,-9999.0,-9999.0,-9999.0,-9999.0,-9999,-9999,-9999,-9999,-9999.0,-9999.0,N,AM,CRMN MANAUS,S103,-3.02249999,-60.05555555,-9999.0
296,2017-01-19,08:00,-9999.0,-9999.0,-9999.0,-9999.0,-9999,-9999.0,-9999.0,-9999.0,-9999.0,-9999.0,-9999.0,-9999,-9999,-9999,-9999,-9999.0,-9999.0,N,AM,CRMN MANAUS,S103,-3.02249999,-60.05555555,-9999.0
297,2017-01-19,12:00,-9999.0,-9999.0,-9999.0,-9999.0,-9999,-9999.0,-9999.0,-9999.0,-9999.0,-9999.0,-9999.0,-9999,-9999,-9999,-9999,-9999.0,-9999.0,N,AM,CRMN MANAUS,S103,-3.02249999,-60.05555555,-9999.0
298,2017-01-19,16:00,-9999.0,-9999.0,-9999.0,-9999.0,-9999,-9999.0,-9999.0,-9999.0,-9999.0,-9999.0,-9999.0,-9999,-9999,-9999,-9999,-9999.0,-9999.0,N,AM,CRMN MANAUS,S103,-3.02249999,-60.05555555,-9999.0
299,2017-01-19,20:00,-9999.0,-9999.0,-9999.0,-9999.0,-9999,-9999.0,-9999.0,-9999.0,-9999.0,-9999.0,-9999.0,-9999,-9999,-9999,-9999,-9999.0,-9999.0,N,AM,CRMN MANAUS,S103,-3.02249999,-60.05555555,-9999.0
300,2017-01-20,00:00,-9999.0,-9999.0,-9999.0,-9999.0,-9999,-9999.0,-9999.0,-9999.0,-9999.0,-9999.0,-9999.0,-9999,-9999,-9999,-9999,-9999.0,-9999.0,N,AM,CRMN MANAUS,S103,-3.02249999,-60.05555555,-9999.0
301,2017-01-20,04:00,-9999.0,-9999.0,-9999.0,-9999.0,-9999,-9999.0,-9999.0,-9999.0,-9999.0,-9999.0,-9999.0,-9999,-9999,-9999,-9999,-9999.0,-9999.0,N,AM,CRMN MANAUS,S103,-3.02249999,-60.05555555,-9999.0
302,2017-01-20,08:00,-9999.0,-9999.0,-9999.0,-9999.0,-9999,-9999.0,-9999.0,-9999.0,-9999.0,-9999.0,-9999.0,-9999,-9999,-9999,-9999,-9999.0,-9999.0,N,AM,CRMN MANAUS,S103,-3.02249999,-60.05555555,-9999.0
303,2017-01-20,12:00,-9999.0,-9999.0,-9999.0,-9999.0,-9999,-9999.0,-9999.0,-9999.0,-9999.0,-9999.0,-9999.0,-9999,-9999,-9999,-9999,-9999.0,-9999.0,N,AM,CRMN MANAUS,S103,-3.02249999,-60.05555555,-9999.0
304,2017-01-20,16:00,-9999.0,-9999.0,-9999.0,-9999.0,-9999,-9999.0,-9999.0,-9999.0,-9999.0,-9999.0,-9999.0,-9999,-9999,-9999,-9999,-9999.0,-9999.0,N,AM,CRMN MANAUS,S103,-3.02249999,-60.05555555,-9999.0
305,2017-01-20,20:00,-9999.0,-9999.0,-9999.0,-9999.0,-9999,-9999.0,-9999.0,-9999.0,-9999.0,-9999.0,-9999.0,-9999,-9999,-9999,-9999,-9999.0,-9999.0,N,AM,CRMN MANAUS,S103,-3.02249999,-60.05555555,-9999.0
306,2017-01-21,00:00,-9999.0,-9999.0,-9999.0,-9999.0,-9999,-9999.0,-9999.0,-9999.0,-9999.0,-9999.0,-9999.0,-9999,-9999,-9999,-9999,-9999.0,-9999.0,N,AM,CRMN MANAUS,S103,-3.02249999,-60.05555555,-9999.0
307,2017-01-21,04:00,-9999.0,-9999.0,-9999.0,-9999.0,-9999,-9999.0,-9999.0,-9999.0,-9999.0,-9999.0,-9999.0,-9999,-9999,-9999,-9999,-9999.0,-9999.0,N,AM,CRMN MANAUS,S103,-3.02249999,-60.05555555,-9999.0
308,2017-01-21,08:00,-9999.0,-9999.0,-9999.0,-9999.0,-9999,-9999.0,-9999.0,-9999.0,-9999.0,-9999.0,-9999.0,-9999,-9999,-9999,-9999,-9999.0,-9999.0,N,AM,CRMN MANAUS,S103,-3.02249999,-60.05555555,-9999.0
309,2017-01-21,12:00,-9999.0,-9999.0,-9999.0,-9999.0,-9999,-9999.0,-9999.0,-9999.0,-9999.0,-9999.0,-9999.0,-9999,-9999,-9999,-9999,-9999.0,-9999.0,N,AM,CRMN MANAUS,S103,-3.02249999,-60.05555555,-9999.0
310,2017-01-21,16:00,-9999.0,-9999.0,-9999.0,-9999.0,-9999,-9999.0,-9999.0,-9999.0,-9999.0,-9999.0,-9999.0,-9999,-9999,-9999,-9999,-9999.0,-9999.0,N,AM,CRMN MANAUS,S103,-3.02249999,-60.05555555,-9999.0
311,2017-01-21,20:00,-9999.0,-9999.0,-9999.0,-9999.0,-9999,-9999.0,-9999.0,-9999.0,-9999.0,-9999.0,-9999.0,-9999,-9999,-9999,-9999,-9999.0,-9999.0,N,AM,CRMN MANAUS,S103,-3.02249999,-60.05555555,-9999.0
312,2017-01-22,00:00,-9999.0,-9999.0,-9999.0,-9999.0,-9999,-9999.0,-9999.0,-9999.0,-9999.0,-9999.0,-9999.0,-9999,-9999,-9999,-9999,-9999.0,-9999.0,N,AM,CRMN MANAUS,S103,-3.02249999,-60.05555555,-9999.0
313,2017-01-22,04:00,-9999.0,-9999.0,-9999.0,-9999.0,-9999,-9999.0,-9999.0,-9999.0,-9999.0,-9999.0,-9999.0,-9999,-9999,-9999,-9999,-9999.0,-9999.0,N,AM,CRMN MANAUS,S103,-3.02249999,-60.05555555,-9999.0
314,2017-01-22,08:00,-9999.0,-9999.0,-9999.0,-9999.0,-9999,-9999.0,-9999.0,-9999.0,-9999.0,-9999.0,-9999.0,-9999,-9999,-9999,-9999,-9999.0,-9999.0,N,AM,CRMN MANAUS,S103,-3.02249999,-60.05555555,-9999.0
315,2017-01-22,12:00,-9999.0,-9999.0,-9999.0,-9999.0,-9999,-9999.0,-9999.0,-9999.0,-9999.0,-9999.0,-9999.0,-9999,-9999,-9999,-9999,-9999.0,-9999.0,N,AM,CRMN MANAUS,S103,-3.02249999,-60.05555555,-9999.0
316,2017-01-22,16:00,-9999.0,-9999.0,-9999.0,-9999.0,-9999,-9999.0,-9999.0,-9999.0,-9999.0,-9999.0,-9999.0,-9999,-9999,-9999,-9999,-9999.0,-9999.0,N,AM,CRMN MANAUS,S103,-3.02249999,-60.05555555,-9999.0
317,2017-01-22,20:00,-9999.0,-9999.0,-9999.0,-9999.0,-9999,-9999.0,-9999.0,-9999.0,-9999.0,-9999.0,-9999.0,-9999,-9999,-9999,-9999,-9999.0,-9999.0,N,AM,CRMN MANAUS,S103,-3.02249999,-60.05555555,-9999.0
318,2017-01-23,00:00,-9999.0,-9999.0,-9999.0,-9999.0,-9999,-9999.0,-9999.0,-9999.0,-9999.0,-9999.0,-9999.0,-9999,-9999,-9999,-9999,-9999.0,-9999.0,N,AM,CRMN MANAUS,S103,-3.02249999,-60.05555555,-9999.0
319,2017-01-23,04:00,-9999.0,-9999.0,-9999.0,-9999.0,-9999,-9999.0,-9999.0,-9999.0,-9999.0,-9999.0,-9999.0,-9999,-9999,-9999,-9999,-9999.0,-9999.0,N,AM,CRMN MANAUS,S103,-3.02249999,-60.05555555,-9999.0
320,2017-01-23,08:00,-9999.0,-9999.0,-9999.0,-9999.0,-9999,-9999.0,-9999.0,-9999.0,-9999.0,-9999.0,-9999.0,-9999,-9999,-9999,-9999,-9999.0,-9999.0,N,AM,CRMN MANAUS,S103,-3.02249999,-60.05555555,-9999.0
321,2017-01-23,12:00,-9999.0,-9999.0,-9999.0,-9999.0,-9999,-9999.0,-9999.0,-9999.0,-9999.0,-9999.0,-9999.0,-9999,-9999,-9999,-9999,-9999.0,-9999.0,N,AM,CRMN MANAUS,S103,-3.02249999,-60.05555555,-9999.0
322,2017-01-23,16:00,-9999.0,-9999.0,-9999.0,-9999.0,-9999,-9999.0,-9999.0,-9999.0,-9999.0,-9999.0,-9999.0,-9999,-9999,-9999,-9999,-9999.0,-9999.0,N,AM,CRMN MANAUS,S103,-3.02249999,-60.05555555,-9999.0
323,2017-01-23,20:00,-9999.0,-9999.0,-9999.0,-9999.0,-9999,-9999.0,-9999.0,-9999.0,-9999.0,-9999.0,-9999.0,-9999,-9999,-9999,-9999,-9999.0,-9999.0,N,AM,CRMN MANAUS,S103,-3.02249999,-60.05555555,-9999.0
324,2017-01-24,00:00,-9999.0,-9999.0,-9999.0,-9999.0,-9999,-9999.0,-9999.0,-9999.0,-9999.0,-9999.0,-9999.0,-9999,-9999,-9999,-9999,-9999.0,-9999.0,N,AM,CRMN MANAUS,S103,-3.02249999,-60.05555555,-9999.0
325,2017-01-24,04:00,-9999.0,-9999.0,-9999.0,-9999.0,-9999,-9999.0,-9999.0,-9999.0,-9999.0,-9999.0,-9999.0,-9999,-9999,-9999,-9999,-9999.0,-9999.0,N,AM,CRMN MANAUS,S103,-3.02249999,-60.05555555,-9999.0
326,2017-01-24,08:00,-9999.0,-9999.0,-9999.0,-9999.0,-9999,-9999.0,-9999.0,-9999.0,-9999.0,-9999.0,-9999.0,-9999,-9999,-9999,-9999,-9999.0,-9999.0,N,AM,CRMN MANAUS,S103,-3.02249999,-60.05555555,-9999.0
327,2017-01-24,12:00,-9999.0,-9999.0,-9999.0,-9999.0,-9999,-9999.0,-9999.0,-9999.0,-9999.0,-9999.0,-9999.0,-9999,-9999,-9999,-9999,-9999.0,-9999.0,N,AM,CRMN MANAUS,S103,-3.02249999,-60.05555555,-9999.0
328,2017-01-24,16:00,-9999.0,-9999.0,-9999.0,-9999.0,-9999,-9999.0,-9999.0,-9999.0,-9999.0,-9999.0,-9999.0,-9999,-9999,-9999,-9999,-9999.0,-9999.0,N,AM,CRMN MANAUS,S103,-3.02249999,-60.05555555,-9999.0
329,2017-01-24,20:00,-9999.0,-9999.0,-9999.0,-9999.0,-9999,-9999.0,-9999.0,-9999.0,-9999.0,-9999.0,-9999.0,-9999,-9999,-9999,-9999,-9999.0,-9999.0,N,AM,CRMN MANAUS,S103,-3.02249999,-60.05555555,-9999.0
330,2017-01-25,00:00,-9999.0,-9999.0,-9999.0,-9999.0,-9999,-9999.0,-9999.0,-9999.0,-9999.0,-9999.0,-9999.0,-9999,-9999,-9999,-9999,-9999.0,-9999.0,N,AM,CRMN MANAUS,S103,-3.02249999,-60.05555555,-9999.0
331,2017-01-25,04:00,-9999.0,-9999.0,-9999.0,-9999.0,-9999,-9999.0,-9999.0,-9999.0,-9999.0,-9999.0,-9999.0,-9999,-9999,-9999,-9999,-9999.0,-9999.0,N,AM,CRMN MANAUS,S103,-3.02249999,-60.05555555,-9999.0
332,2017-01-25,08:00,-9999.0,-9999.0,-9999.0,-9999.0,-9999,-9999.0,-9999.0,-9999.0,-9999.0,-9999.0,-9999.0,-9999,-9999,-9999,-9999,-9999.0,-9999.0,N,AM,CRMN MANAUS,S103,-3.02249999,-60.05555555,-9999.0
333,2017-01-25,12:00,-9999.0,-9999.0,-9999.0,-9999.0,-9999,-9999.0,-9999.0,-9999.0,-9999.0,-9999.0,-9999.0,-9999,-9999,-9999,-9999,-9999.0,-9999.0,N,AM,CRMN MANAUS,S103,-3.02249999,-60.05555555,-9999.0
334,2017-01-25,16:00,-9999.0,-9999.0,-9999.0,-9999.0,-9999,-9999.0,-9999.0,-9999.0,-9999.0,-9999.0,-9999.0,-9999,-9999,-9999,-9999,-9999.0,-9999.0,N,AM,CRMN MANAUS,S103,-3.02249999,-60.05555555,-9999.0
335,2017-01-25,20:00,-9999.0,-9999.0,-9999.0,-9999.0,-9999,-9999.0,-9999.0,-9999.0,-9999.0,-9999.0,-9999.0,-9999,-9999,-9999,-9999,-9999.0,-9999.0,N,AM,CRMN MANAUS,S103,-3.02249999,-60.05555555,-9999.0
336,2017-01-26,00:00,-9999.0,-9999.0,-9999.0,-9999.0,-9999,-9999.0,-9999.0,-9999.0,-9999.0,-9999.0,-9999.0,-9999,-9999,-9999,-9999,-9999.0,-9999.0,N,AM,CRMN MANAUS,S103,-3.02249999,-60.05555555,-9999.0
337,2017-01-26,04:00,-9999.0,-9999.0,-9999.0,-9999.0,-9999,-9999.0,-9999.0,-9999.0,-9999.0,-9999.0,-9999.0,-9999,-9999,-9999,-9999,-9999.0,-9999.0,N,AM,CRMN MANAUS,S103,-3.02249999,-60.05555555,-9999.0
338,2017-01-26,08:00,-9999.0,-9999.0,-9999.0,-9999.0,-9999,-9999.0,-9999.0,-9999.0,-9999.0,-9999.0,-9999.0,-9999,-9999,-9999,-9999,-9999.0,-9999.0,N,AM,CRMN MANAUS,S103,-3.02249999,-60.05555555,-9999.0
339,2017-01-26,12:00,-9999.0,-9999.0,-9999.0,-9999.0,-9999,-9999.0,-9999.0,-9999.0,-9999.0,-9999.0,-9999.0,-9999,-9999,-9999,-9999,-9999.0,-9999.0,N,AM,CRMN MANAUS,S103,-3.02249999,-60.05555555,-9999.0
340,2017-01-26,16:00,-9999.0,-9999.0,-9999.0,-9999.0,-9999,-9999.0,-9999.0,-9999.0,-9999.0,-9999.0,-9999.0,-9999,-9999,-9999,-9999,-9999.0,-9999.0,N,AM,CRMN MANAUS,S103,-3.02249999,-60.05555555,-9999.0
341,2017-01-26,20:00,-9999.0,-9999.0,-9999.0,-9999.0,-9999,-9999.0,-9999.0,-9999.0,-9999.0,-9999.0,-9999.0,-9999,-9999,-9999,-9999,-9999.0,-9999.0,N,AM,CRMN MANAUS,S103,-3.02249999,-60.05555555,-9999.0
342,2017-01-27,00:00,-9999.0,-9999.0,-9999.0,-9999.0,-9999,-9999.0,-9999.0,-9999.0,-9999.0,-9999.0,-9999.0,-9999,-9999,-9999,-9999,-9999.0,-9999.0,N,AM,CRMN MANAUS,S103,-3.02249999,-60.05555555,-9999.0
343,2017-01-27,04:00,-9999.0,-9999.0,-9999.0,-9999.0,-9999,-9999.0,-9999.0,-9999.0,-9999.0,-9999.0,-9999.0,-9999,-9999,-9999,-9999,-9999.0,-9999.0,N,AM,CRMN MANAUS,S103,-3.02249999,-60.05555555,-9999.0
344,2017-01-27,08:00,-9999.0,-9999.0,-9999.0,-9999.0,-9999,-9999.0,-9999.0,-9999.0,-9999.0,-9999.0,-9999.0,-9999,-9999,-9999,-9999,-9999.0,-9999.0,N,AM,CRMN MANAUS,S103,-3.02249999,-60.05555555,-9999.0
345,2017-01-27,12:00,-9999.0,-9999.0,-9999.0,-9999.0,-9999,-9999.0,-9999.0,-9999.0,-9999.0,-9999.0,-9999.0,-9999,-9999,-9999,-9999,-9999.0,-9999.0,N,AM,CRMN MANAUS,S103,-3.02249999,-60.05555555,-9999.0
346,2017-01-27,16:00,-9999.0,-9999.0,-9999.0,-9999.0,-9999,-9999.0,-9999.0,-9999.0,-9999.0,-9999.0,-9999.0,-9999,-9999,-9999,-9999,-9999.0,-9999.0,N,AM,CRMN MANAUS,S103,-3.02249999,-60.05555555,-9999.0
347,2017-01-27,20:00,-9999.0,-9999.0,-9999.0,-9999.0,-9999,-9999.0,-9999.0,-9999.0,-9999.0,-9999.0,-9999.0,-9999,-9999,-9999,-9999,-9999.0,-9999.0,N,AM,CRMN MANAUS,S103,-3.02249999,-60.05555555,-9999.0
348,2017-01-28,00:00,-9999.0,-9999.0,-9999.0,-9999.0,-9999,-9999.0,-9999.0,-9999.0,-9999.0,-9999.0,-9999.0,-9999,-9999,-9999,-9999,-9999.0,-9999.0,N,AM,CRMN MANAUS,S103,-3.02249999,-60.05555555,-9999.0
349,2017-01-28,04:00,-9999.0,-9999.0,-9999.0,-9999.0,-9999,-9999.0,-9999.0,-9999.0,-9999.0,-9999.0,-9999.0,-9999,-9999,-9999,-9999,-9999.0,-9999.0,N,AM,CRMN MANAUS,S103,-3.02249999,-60.05555555,-9999.0
350,2017-01-28,08:00,-9999.0,-9999.0,-9999.0,-9999.0,-9999,-9999.0,-9999.0,-9999.0,-9999.0,-9999.0,-9999.0,-9999,-9999,-9999,-9999,-9999.0,-9999.0,N,AM,CRMN MANAUS,S103,-3.02249999,-60.05555555,-9999.0
351,2017-01-28,12:00,-9999.0,-9999.0,-9999.0,-9999.0,-9999,-9999.0,-9999.0,-9999.0,-9999.0,-9999.0,-9999.0,-9999,-9999,-9999,-9999,-9999.0,-9999.0,N,AM,CRMN MANAUS,S103,-3.02249999,-60.05555555,-9999.0
352,2017-01-28,16:00,-9999.0,-9999.0,-9999.0,-9999.0,-9999,-9999.0,-9999.0,-9999.0,-9999.0,-9999.0,-9999.0,-9999,-9999,-9999,-9999,-9999.0,-9999.0,N,AM,CRMN MANAUS,S103,-3.02249999,-60.05555555,-9999.0
353,2017-01-28,20:00,-9999.0,-9999.0,-9999.0,-9999.0,-9999,-9999.0,-9999.0,-9999.0,-9999.0,-9999.0,-9999.0,-9999,-9999,-9999,-9999,-9999.0,-9999.0,N,AM,CRMN MANAUS,S103,-3.02249999,-60.05555555,-9999.0
354,2017-01-29,00:00,-9999.0,-9999.0,-9999.0,-9999.0,-9999,-9999.0,-9999.0,-9999.0,-9999.0,-9999.0,-9999.0,-9999,-9999,-9999,-9999,-9999.0,-9999.0,N,AM,CRMN MANAUS,S103,-3.02249999,-60.05555555,-9999.0
355,2017-01-29,04:00,-9999.0,-9999.0,-9999.0,-9999.0,-9999,-9999.0,-9999.0,-9999.0,-9999.0,-9999.0,-9999.0,-9999,-9999,-9999,-9999,-9999.0,-9999.0,N,AM,CRMN MANAUS,S103,-3.02249999,-60.05555555,-9999.0
356,2017-01-29,08:00,-9999.0,-9999.0,-9999.0,-9999.0,-9999,-9999.0,-9999.0,-9999.0,-9999.0,-9999.0,-9999.0,-9999,-9999,-9999,-9999,-9999.0,-9999.0,N,AM,CRMN MANAUS,S103,-3.02249999,-60.05555555,-9999.0
357,2017-01-29,12:00,-9999.0,-9999.0,-9999.0,-9999.0,-9999,-9999.0,-9999.0,-9999.0,-9999.0,-9999.0,-9999.0,-9999,-9999,-9999,-9999,-9999.0,-9999.0,N,AM,CRMN MANAUS,S103,-3.02249999,-60.05555555,-9999.0
358,2017-01-29,16:00,-9999.0,-9999.0,-9999.0,-9999.0,-9999,-9999.0,-9999.0,-9999.0,-9999.0,-9999.0,-9999.0,-9999,-9999,-9999,-9999,-9999.0,-9999.0,N,AM,CRMN MANAUS,S103,-3.02249999,-60.05555555,-9999.0
359,2017-01-29,20:00,-9999.0,-9999.0,-9999.0,-9999.0,-9999,-9999.0,-9999.0,-9999.0,-9999.0,-9999.0,-9999.0,-9999,-9999,-9999,-9999,-9999.0,-9999.0,N,AM,CRMN MANAUS,S103,-3.02249999,-60.05555555,-9999.0
360,2017-01-30,00:00,-9999.0,-9999.0,-9999.0,-9999.0,-9999,-9999.0,-9999.0,-9999.0,-9999.0,-9999.0,-9999.0,-9999,-9999,-9999,-9999,-9999.0,-9999.0,N,AM,CRMN MANAUS,S103,-3.02249999,-60.05555555,-9999.0
361,2017-01-30,04:00,-9999.0,-9999.0,-9999.0,-9999.0,-9999,-9999.0,-9999.0,-9999.0,-9999.0,-9999.0,-9999.0,-9999,-9999,-9999,-9999,-9999.0,-9999.0,N,AM,CRMN MANAUS,S103,-3.02249999,-60.05555555,-9999.0
362,2017-01-30,08:00,-9999.0,-9999.0,-9999.0,-9999.0,-9999,-9999.0,-9999.0,-9999.0,-9999.0,-9999.0,-9999.0,-9999,-9999,-9999,-9999,-9999.0,-9999.0,N,AM,CRMN MANAUS,S103,-3.02249999,-60.05555555,-9999.0
363,2017-01-30,12:00,-9999.0,-9999.0,-9999.0,-9999.0,-9999,-9999.0,-9999.0,-9999.0,-9999.0,-9999.0,-9999.0,-9999,-9999,-9999,-9999,-9999.0,-9999.0,N,AM,CRMN MANAUS,S103,-3.02249999,-60.05555555,-9999.0
364,2017-01-30,16:00,-9999.0,-9999.0,-9999.0,-9999.0,-9999,-9999.0,-9999.0,-9999.0,-9999.0,-9999.0,-9999.0,-9999,-9999,-9999,-9999,-9999.0,-9999.0,N,AM,CRMN MANAUS,S103,-3.02249999,-60.05555555,-9999.0
365,2017-01-30,20:00,-9999.0,-9999.0,-9999.0,-9999.0,-9999,-9999.0,-9999.0,-9999.0,-9999.0,-9999.0,-9999.0,-9999,-9999,-9999,-9999,-9999.0,-9999.0,N,AM,CRMN MANAUS,S103,-3.02249999,-60.05555555,-9999.0
366,2017-01-31,00:00,-9999.0,-9999.0,-9999.0,-9999.0,-9999,-9999.0,-9999.0,-9999.0,-9999.0,-9999.0,-9999.0,-9999,-9999,-9999,-9999,-9999.0,-9999.0,N,AM,CRMN MANAUS,S103,-3.02249999,-60.05555555,-9999.0
367,2017-01-31,04:00,-9999.0,-9999.0,-9999.0,-9999.0,-9999,-9999.0,-9999.0,-9999.0,-9999.0,-9999.0,-9999.0,-9999,-9999,-9999,-9999,-9999.0,-9999.0,N,AM,CRMN MANAUS,S103,-3.02249999,-60.05555555,-9999.0
368,2017-01-31,08:00,-9999.0,-9999.0,-9999.0,-9999.0,-9999,-9999.0,-9999.0,-9999.0,-9999.0,-9999.0,-9999.0,-9999,-9999,-9999,-9999,-9999.0,-9999.0,N,AM,CRMN MANAUS,S103,-3.02249999,-60.05555555,-9999.0
369,2017-01-31,12:00,-9999.0,-9999.0,-9999.0,-9999.0,-9999,-9999.0,-9999.0,-9999.0,-9999.0,-9999.0,-9999.0,-9999,-9999,-9999,-9999,-9999.0,-9999.0,N,AM,CRMN MANAUS,S103,-3.02249999,-60.05555555,-9999.0
370,2017-01-31,16:00,-9999.0,-9999.0,-9999.0,-9999.0,-9999,-9999.0,-9999.0,-9999.0,-9999.0,-9999.0,-9999.0,-9999,-9999,-9999,-9999,-9999.0,-9999.0,N,AM,CRMN MANAUS,S103,-3.02249999,-60.05555555,-9999.0
371,2017-01-31,20:00,-9999.0,-9999.0,-9999.0,-9999.0,-9999,-9999.0,-9999.0,-9999.0,-9999.0,-9999.0,-9999.0,-9999,-9999,-9999,-9999,-9999.0,-9999.0,N,AM,CRMN MANAUS,S103,-3.02249999,-60.05555555,-9999.0
372,2017-02-01,00:00,-9999.0,-9999.0,-9999.0,-9999.0,-9999,-9999.0,-9999.0,-9999.0,-9999.0,-9999.0,-9999.0,-9999,-9999,-9999,-9999,-9999.0,-9999.0,N,AM,CRMN MANAUS,S103,-3.02249999,-60.05555555,-9999.0
373,2017-02-01,04:00,-9999.0,-9999.0,-9999.0,-9999.0,-9999,-9999.0,-9999.0,-9999.0,-9999.0,-9999.0,-9999.0,-9999,-9999,-9999,-9999,-9999.0,-9999.0,N,AM,CRMN MANAUS,S103,-3.02249999,-60.05555555,-9999.0
374,2017-02-01,08:00,-9999.0,-9999.0,-9999.0,-9999.0,-9999,-9999.0,-9999.0,-9999.0,-9999.0,-9999.0,-9999.0,-9999,-9999,-9999,-9999,-9999.0,-9999.0,N,AM,CRMN MANAUS,S103,-3.02249999,-60.05555555,-9999.0
375,2017-02-01,12:00,-9999.0,-9999.0,-9999.0,-9999.0,-9999,-9999.0,-9999.0,-9999.0,-9999.0,-9999.0,-9999.0,-9999,-9999,-9999,-9999,-9999.0,-9999.0,N,AM,CRMN MANAUS,S103,-3.02249999,-60.05555555,-9999.0
376,2017-02-01,16:00,-9999.0,-9999.0,-9999.0,-9999.0,-9999,-9999.0,-9999.0,-9999.0,-9999.0,-9999.0,-9999.0,-9999,-9999,-9999,-9999,-9999.0,-9999.0,N,AM,CRMN MANAUS,S103,-3.02249999,-60.05555555,-9999.0
377,2017-02-01,20:00,-9999.0,-9999.0,-9999.0,-9999.0,-9999,-9999.0,-9999.0,-9999.0,-9999.0,-9999.0,-9999.0,-9999,-9999,-9999,-9999,-9999.0,-9999.0,N,AM,CRMN MANAUS,S103,-3.02249999,-60.05555555,-9999.0
378,2017-02-02,00:00,-9999.0,-9999.0,-9999.0,-9999.0,-9999,-9999.0,-9999.0,-9999.0,-9999.0,-9999.0,-9999.0,-9999,-9999,-9999,-9999,-9999.0,-9999.0,N,AM,CRMN MANAUS,S103,-3.02249999,-60.05555555,-9999.0
379,2017-02-02,04:00,-9999.0,-9999.0,-9999.0,-9999.0,-9999,-9999.0,-9999.0,-9999.0,-9999.0,-9999.0,-9999.0,-9999,-9999,-9999,-9999,-9999.0,-9999.0,N,AM,CRMN MANAUS,S103,-3.02249999,-60.05555555,-9999.0
380,2017-02-02,08:00,-9999.0,-9999.0,-9999.0,-9999.0,-9999,-9999.0,-9999.0,-9999.0,-9999.0,-9999.0,-9999.0,-9999,-9999,-9999,-9999,-9999.0,-9999.0,N,AM,CRMN MANAUS,S103,-3.02249999,-60.05555555,-9999.0
381,2017-02-02,12:00,-9999.0,-9999.0,-9999.0,-9999.0,-9999,-9999.0,-9999.0,-9999.0,-9999.0,-9999.0,-9999.0,-9999,-9999,-9999,-9999,-9999.0,-9999.0,N,AM,CRMN MANAUS,S103,-3.02249999,-60.05555555,-9999.0
382,2017-02-02,16:00,-9999.0,-9999.0,-9999.0,-9999.0,-9999,-9999.0,-9999.0,-9999.0,-9999.0,-9999.0,-9999.0,-9999,-9999,-9999,-9999,-9999.0,-9999.0,N,AM,CRMN MANAUS,S103,-3.02249999,-60.05555555,-9999.0
383,2017-02-02,20:00,-9999.0,-9999.0,-9999.0,-9999.0,-9999,-9999.0,-9999.0,-9999.0,-9999.0,-9999.0,-9999.0,-9999,-9999,-9999,-9999,-9999.0,-9999.0,N,AM,CRMN MANAUS,S103,-3.02249999,-60.05555555,-9999.0
384,2017-02-03,00:00,0.0,1000.3,1000.3,999.5,0,24.6,22.9,24.6,24.3,22.9,22.6,91,90,90,58,1.3,0.0,N,AM,CRMN MANAUS,S103,-3.02249999,-60.05555555,-9999.0
385,2017-02-03,04:00,0.0,1001.2,1001.7,1001.2,0,24.6,23.2,24.7,24.5,23.3,23.1,92,91,92,62,0.0,0.0,N,AM,CRMN MANAUS,S103,-3.02249999,-60.05555555,-9999.0
386,2017-02-03,08:00,0.0,999.8,999.9,999.5,0,24.0,22.8,24.0,23.9,22.8,22.7,93,93,93,56,0.8,0.0,N,AM,CRMN MANAUS,S103,-3.02249999,-60.05555555,-9999.0
387,2017-02-03,12:00,0.0,1002.6,1002.6,1001.6,0,25.6,23.6,25.6,24.1,23.7,22.9,93,89,89,61,1.0,0.0,N,AM,CRMN MANAUS,S103,-3.02249999,-60.05555555,-9999.0
388,2017-02-03,16:00,3.0,1003.1,1003.3,1003.1,0,22.9,21.5,22.9,22.7,21.5,21.3,92,92,92,50,1.6,1.0,N,AM,CRMN MANAUS,S103,-3.02249999,-60.05555555,-9999.0
389,2017-02-03,20:00,0.0,998.3,998.7,998.3,0,26.0,22.4,26.1,25.3,22.5,22.1,84,80,81,59,3.0,2.0,N,AM,CRMN MANAUS,S103,-3.02249999,-60.05555555,-9999.0
390,2017-02-04,00:00,0.0,999.5,999.5,998.6,0,24.3,22.7,24.9,24.4,22.8,22.6,90,87,90,63,0.0,0.0,N,AM,CRMN MANAUS,S103,-3.02249999,-60.05555555,-9999.0
391,2017-02-04,04:00,0.0,1001.7,1001.9,1001.6,0,23.7,22.4,24.3,23.6,22.8,22.3,93,91,93,62,0.8,0.0,N,AM,CRMN MANAUS,S103,-3.02249999,-60.05555555,-9999.0
392,2017-02-04,08:00,1.0,1000.0,1000.2,1000.0,0,24.0,22.7,24.3,24.0,23.0,22.7,93,92,93,56,3.0,0.0,N,AM,CRMN MANAUS,S103,-3.02249999,-60.05555555,-9999.0
393,2017-02-04,12:00,0.0,1002.5,1002.5,1001.4,0,24.6,23.0,24.6,24.0,23.0,22.8,93,91,91,57,1.3,0.0,N,AM,CRMN MANAUS,S103,-3.02249999,-60.05555555,-9999.0
394,2017-02-04,16:00,0.0,1001.8,1002.7,1001.9,0,29.7,22.5,29.7,28.7,23.2,22.3,71,67,65,68,3.3,2.0,N,AM,CRMN MANAUS,S103,-3.02249999,-60.05555555,-9999.0
395,2017-02-04,20:00,1.0,996.6,997.5,996.6,0,29.4,24.3,30.4,29.4,24.6,22.6,75,63,74,68,3.3,2.0,N,AM,CRMN MANAUS,S103,-3.02249999,-60.05555555,-9999.0
396,2017-02-05,00:00,0.0,999.3,999.3,998.5,0,25.5,23.2,25.8,25.4,23.8,23.0,89,86,87,61,1.4,0.0,N,AM,CRMN MANAUS,S103,-3.02249999,-60.05555555,-9999.0
397,2017-02-05,04:00,-9999.0,-9999.0,-9999.0,-9999.0,-9999,-9999.0,-9999.0,-9999.0,-9999.0,-9999.0,-9999.0,-9999,-9999,-9999,-9999,-9999.0,-9999.0,N,AM,CRMN MANAUS,S103,-3.02249999,-60.05555555,-9999.0
398,2017-02-05,08:00,-9999.0,-9999.0,-9999.0,-9999.0,-9999,-9999.0,-9999.0,-9999.0,-9999.0,-9999.0,-9999.0,-9999,-9999,-9999,-9999,-9999.0,-9999.0,N,AM,CRMN MANAUS,S103,-3.02249999,-60.05555555,-9999.0
399,2017-02-05,12:00,0.0,1002.5,1002.6,1001.1,0,25.4,23.5,25.4,24.8,23.6,23.2,92,89,89,58,1.6,1.0,N,AM,CRMN MANAUS,S103,-3.02249999,-60.05555555,-9999.0
400,2017-02-05,16:00,0.0,1002.7,1003.8,1002.7,0,24.2,22.7,24.3,24.1,22.7,22.2,91,89,91,57,1.6,0.0,N,AM,CRMN MANAUS,S103,-3.02249999,-60.05555555,-9999.0
401,2017-02-05,20:00,0.0,998.1,998.7,998.1,0,26.4,22.7,27.4,26.4,23.0,22.0,81,73,81,70,1.4,0.0,N,AM,CRMN MANAUS,S103,-3.02249999,-60.05555555,-9999.0
402,2017-02-06,00:00,0.0,999.7,999.7,998.7,0,24.9,23.0,25.1,24.9,23.0,22.6,89,87,89,55,1.4,1.0,N,AM,CRMN MANAUS,S103,-3.02249999,-60.05555555,-9999.0
403,2017-02-06,04:00,-9999.0,-9999.0,-9999.0,-9999.0,-9999,-9999.0,-9999.0,-9999.0,-9999.0,-9999.0,-9999.0,-9999,-9999,-9999,-9999,-9999.0,-9999.0,N,AM,CRMN MANAUS,S103,-3.02249999,-60.05555555,-9999.0
404,2017-02-06,08:00,0.0,1000.1,1000.1,999.7,0,23.9,22.7,24.0,23.8,22.8,22.6,93,93,93,56,1.3,1.0,N,AM,CRMN MANAUS,S103,-3.02249999,-60.05555555,-9999.0
405,2017-02-06,12:00,0.0,1002.8,1002.8,1001.5,0,25.0,22.6,25.0,24.2,22.9,22.5,92,86,87,57,3.0,2.0,N,AM,CRMN MANAUS,S103,-3.02249999,-60.05555555,-9999.0
406,2017-02-06,16:00,0.0,1001.7,1002.3,1001.7,0,29.2,23.3,29.6,28.5,23.7,22.1,73,66,70,72,2.9,1.0,N,AM,CRMN MANAUS,S103,-3.02249999,-60.05555555,-9999.0
407,2017-02-06,20:00,0.0,998.8,998.8,998.0,0,26.4,23.2,31.1,25.9,24.4,22.9,86,63,83,56,4.1,3.0,N,AM,CRMN MANAUS,S103,-3.02249999,-60.05555555,-9999.0
408,2017-02-07,00:00,0.0,999.3,999.3,998.9,0,24.4,22.7,24.8,24.4,22.8,22.5,90,87,90,65,1.5,0.0,N,AM,CRMN MANAUS,S103,-3.02249999,-60.05555555,-9999.0
409,2017-02-07,04:00,0.0,1000.6,1000.7,1000.5,0,24.3,22.6,24.4,24.1,22.8,22.6,92,90,90,56,1.3,0.0,N,AM,CRMN MANAUS,S103,-3.02249999,-60.05555555,-9999.0
410,2017-02-07,08:00,0.0,999.2,999.6,999.2,0,23.5,22.3,23.6,23.5,22.5,22.3,93,93,93,63,0.9,0.0,N,AM,CRMN MANAUS,S103,-3.02249999,-60.05555555,-9999.0
411,2017-02-07,12:00,0.0,1002.0,1002.0,1000.9,0,25.8,22.9,25.8,23.9,23.3,22.6,93,84,84,62,1.5,0.0,N,AM,CRMN MANAUS,S103,-3.02249999,-60.05555555,-9999.0
412,2017-02-07,16:00,0.0,1001.3,1002.1,1001.3,0,28.8,24.1,30.2,28.6,24.0,22.4,76,64,76,68,2.2,1.0,N,AM,CRMN MANAUS,S103,-3.02249999,-60.05555555,-9999.0
413,2017-02-07,20:00,3.0,997.4,999.1,997.5,0,23.7,22.2,23.7,23.4,22.3,21.9,92,91,91,52,3.7,1.0,N,AM,CRMN MANAUS,S103,-3.02249999,-60.05555555,-9999.0
414,2017-02-08,00:00,0.0,998.9,998.8,997.7,0,23.7,22.2,23.8,23.7,22.2,21.9,91,89,91,54,1.6,0.0,N,AM,CRMN MANAUS,S103,-3.02249999,-60.05555555,-9999.0
415,2017-02-08,04:00,0.0,1001.0,1001.2,1000.9,0,23.2,21.8,23.3,23.1,21.9,21.8,92,92,92,52,1.5,1.0,N,AM,CRMN MANAUS,S103,-3.02249999,-60.05555555,-9999.0
416,2017-02-08,08:00,0.0,998.9,999.0,998.5,0,22.7,21.5,22.8,22.7,21.6,21.4,93,92,93,52,1.9,1.0,N,AM,CRMN MANAUS,S103,-3.02249999,-60.05555555,-9999.0
417,2017-02-08,12:00,1.0,1001.7,1001.8,1000.7,0,23.7,22.3,23.7,23.3,22.4,22.0,93,92,92,53,2.9,2.0,N,AM,CRMN MANAUS,S103,-3.02249999,-60.05555555,-9999.0
418,2017-02-08,16:00,0.0,1001.8,1002.5,1001.8,0,27.5,22.0,27.7,26.8,22.8,21.6,76,70,72,64,2.5,1.0,N,AM,CRMN MANAUS,S103,-3.02249999,-60.05555555,-9999.0
419,2017-02-08,20:00,0.0,997.8,998.3,997.8,0,27.8,23.5,27.8,26.7,23.8,23.1,84,76,77,65,2.4,1.0,N,AM,CRMN MANAUS,S103,-3.02249999,-60.05555555,-9999.0
420,2017-02-09,00:00,0.0,1000.3,1000.3,999.4,0,25.5,23.2,26.0,25.5,23.5,23.2,87,85,87,55,1.7,1.0,N,AM,CRMN MANAUS,S103,-3.02249999,-60.05555555,-9999.0
421,2017-02-09,04:00,4.0,1002.5,1002.9,1002.4,0,22.4,21.3,22.6,22.4,21.4,21.2,94,93,94,53,2.7,0.0,N,AM,CRMN MANAUS,S103,-3.02249999,-60.05555555,-9999.0
422,2017-02-09,08:00,1.0,1001.2,1001.2,1001.0,0,22.4,21.5,22.5,22.3,21.6,21.4,95,94,95,55,1.5,0.0,N,AM,CRMN MANAUS,S103,-3.02249999,-60.05555555,-9999.0
423,2017-02-09,12:00,1.0,1003.4,1003.4,1002.5,0,23.3,22.4,23.3,22.9,22.4,22.0,95,95,95,66,1.0,0.0,N,AM,CRMN MANAUS,S103,-3.02249999,-60.05555555,-9999.0
424,2017-02-09,16:00,0.0,1003.9,1004.5,1003.9,0,25.6,22.9,25.9,25.6,23.0,22.4,85,82,85,64,2.3,1.0,N,AM,CRMN MANAUS,S103,-3.02249999,-60.05555555,-9999.0
425,2017-02-09,20:00,0.0,999.8,1000.3,999.8,0,26.6,21.2,27.3,26.6,22.7,20.9,77,69,72,67,3.1,2.0,N,AM,CRMN MANAUS,S103,-3.02249999,-60.05555555,-9999.0
426,2017-02-10,00:00,0.0,999.8,999.8,999.3,0,24.4,22.4,24.9,24.4,22.5,22.4,89,86,89,59,1.7,1.0,N,AM,CRMN MANAUS,S103,-3.02249999,-60.05555555,-9999.0
427,2017-02-10,04:00,0.0,1001.2,1001.5,1001.2,0,23.9,21.8,24.1,23.8,22.1,21.8,89,88,88,59,1.9,1.0,N,AM,CRMN MANAUS,S103,-3.02249999,-60.05555555,-9999.0
428,2017-02-10,08:00,0.0,1000.5,1000.6,1000.5,0,23.9,22.2,24.0,23.8,22.3,22.2,91,90,90,61,1.8,0.0,N,AM,CRMN MANAUS,S103,-3.02249999,-60.05555555,-9999.0
429,2017-02-10,12:00,0.0,1003.6,1003.5,1002.4,0,25.4,22.8,25.4,23.7,23.0,22.5,93,85,86,68,1.4,0.0,N,AM,CRMN MANAUS,S103,-3.02249999,-60.05555555,-9999.0
430,2017-02-10,16:00,0.0,1002.5,1003.4,1002.5,0,29.3,20.9,29.5,28.2,22.2,20.8,68,60,61,82,4.9,3.0,N,AM,CRMN MANAUS,S103,-3.02249999,-60.05555555,-9999.0
431,2017-02-10,20:00,0.0,999.1,1000.0,999.1,0,30.3,22.0,30.9,30.1,22.3,21.4,62,58,61,92,3.3,2.0,N,AM,CRMN MANAUS,S103,-3.02249999,-60.05555555,-9999.0
432,2017-02-11,00:00,0.0,999.9,999.9,999.3,0,27.6,22.8,28.4,27.6,22.8,22.2,75,69,75,76,1.2,0.0,N,AM,CRMN MANAUS,S103,-3.02249999,-60.05555555,-9999.0
433,2017-02-11,04:00,0.0,1000.5,1001.1,1000.5,0,26.1,23.2,26.2,26.0,23.3,23.1,85,84,85,70,1.9,1.0,N,AM,CRMN MANAUS,S103,-3.02249999,-60.05555555,-9999.0
434,2017-02-11,08:00,0.0,999.1,999.1,999.0,0,24.7,22.9,25.0,24.4,22.9,22.8,91,88,90,83,0.0,0.0,N,AM,CRMN MANAUS,S103,-3.02249999,-60.05555555,-9999.0
435,2017-02-11,12:00,0.0,1001.1,1001.1,1000.4,0,27.1,22.8,27.1,25.1,23.0,22.5,86,77,77,74,1.9,1.0,N,AM,CRMN MANAUS,S103,-3.02249999,-60.05555555,-9999.0
436,2017-02-11,16:00,0.0,1001.2,1001.6,1001.2,0,30.7,22.0,31.0,30.1,22.7,21.4,62,59,60,89,3.7,2.0,N,AM,CRMN MANAUS,S103,-3.02249999,-60.05555555,-9999.0
437,2017-02-11,20:00,13.0,997.3,998.2,997.3,0,25.8,22.9,27.6,24.4,23.0,21.0,86,73,84,70,4.2,0.0,N,AM,CRMN MANAUS,S103,-3.02249999,-60.05555555,-9999.0
438,2017-02-12,00:00,0.0,998.6,998.6,997.9,0,26.1,23.1,26.2,25.7,23.7,23.1,88,84,84,70,1.3,0.0,N,AM,CRMN MANAUS,S103,-3.02249999,-60.05555555,-9999.0
439,2017-02-12,04:00,0.0,1000.0,1000.2,999.9,0,25.5,22.5,25.5,25.3,22.9,22.5,86,84,84,65,2.5,2.0,N,AM,CRMN MANAUS,S103,-3.02249999,-60.05555555,-9999.0
440,2017-02-12,08:00,0.0,998.6,998.8,998.5,0,24.7,22.0,24.8,24.6,22.1,22.0,86,84,85,66,1.6,0.0,N,AM,CRMN MANAUS,S103,-3.02249999,-60.05555555,-9999.0
441,2017-02-12,12:00,0.0,1000.6,1000.6,999.7,0,26.6,21.4,26.5,24.7,22.1,21.2,85,73,73,70,3.3,2.0,N,AM,CRMN MANAUS,S103,-3.02249999,-60.05555555,-9999.0
442,2017-02-12,16:00,0.0,1000.7,1001.3,1000.7,0,29.5,21.4,29.6,28.7,21.6,20.4,62,60,61,84,3.2,1.0,N,AM,CRMN MANAUS,S103,-3.02249999,-60.05555555,-9999.0
443,2017-02-12,20:00,0.0,997.4,998.0,997.5,0,30.7,20.2,31.1,30.6,21.1,19.5,56,51,54,86,2.9,1.0,N,AM,CRMN MANAUS,S103,-3.02249999,-60.05555555,-9999.0
444,2017-02-13,00:00,0.0,997.9,997.9,997.4,0,27.9,22.1,28.2,27.9,22.1,21.6,71,67,71,89,0.1,0.0,N,AM,CRMN MANAUS,S103,-3.02249999,-60.05555555,-9999.0
445,2017-02-13,04:00,0.0,998.9,999.5,998.9,0,25.9,22.2,26.3,25.8,22.3,22.1,81,78,80,59,1.8,1.0,N,AM,CRMN MANAUS,S103,-3.02249999,-60.05555555,-9999.0
446,2017-02-13,08:00,0.0,997.8,998.3,997.8,0,25.2,22.4,25.9,25.2,22.4,21.8,85,78,84,63,1.1,0.0,N,AM,CRMN MANAUS,S103,-3.02249999,-60.05555555,-9999.0
447,2017-02-13,12:00,0.0,1000.6,1000.6,999.5,0,26.7,21.8,26.7,25.3,22.5,21.5,84,73,75,65,1.9,1.0,N,AM,CRMN MANAUS,S103,-3.02249999,-60.05555555,-9999.0
448,2017-02-13,16:00,0.0,999.0,1000.0,999.0,0,32.5,18.5,32.6,31.3,19.9,18.5,49,43,44,76,3.8,2.0,N,AM,CRMN MANAUS,S103,-3.02249999,-60.05555555,-9999.0
449,2017-02-13,20:00,0.0,995.2,996.0,995.2,0,32.1,19.4,33.3,32.1,19.9,18.6,48,43,47,68,2.8,1.0,N,AM,CRMN MANAUS,S103,-3.02249999,-60.05555555,-9999.0
450,2017-02-14,00:00,0.0,997.0,997.0,996.2,0,29.9,21.4,29.8,28.9,22.9,21.2,70,61,61,73,0.1,0.0,N,AM,CRMN MANAUS,S103,-3.02249999,-60.05555555,-9999.0
451,2017-02-14,04:00,0.0,998.9,999.1,998.9,0,26.7,21.2,28.0,26.5,21.9,20.7,76,65,72,61,1.1,0.0,N,AM,CRMN MANAUS,S103,-3.02249999,-60.05555555,-9999.0
452,2017-02-14,08:00,0.0,998.2,998.2,997.8,0,25.1,22.8,26.1,24.6,22.8,20.8,87,72,87,41,2.6,1.0,N,AM,CRMN MANAUS,S103,-3.02249999,-60.05555555,-9999.0
453,2017-02-14,12:00,0.0,1000.8,1000.8,1000.0,0,25.5,22.5,25.6,24.6,22.6,21.2,84,78,84,48,2.3,0.0,N,AM,CRMN MANAUS,S103,-3.02249999,-60.05555555,-9999.0
454,2017-02-14,16:00,0.0,1000.6,1001.6,1000.6,0,29.2,22.3,29.3,28.5,22.3,21.6,68,64,66,56,2.6,2.0,N,AM,CRMN MANAUS,S103,-3.02249999,-60.05555555,-9999.0
455,2017-02-14,20:00,0.0,997.9,998.0,997.7,0,31.4,21.1,33.0,31.5,22.1,20.2,56,48,54,45,2.4,1.0,N,AM,CRMN MANAUS,S103,-3.02249999,-60.05555555,-9999.0
456,2017-02-15,00:00,0.0,1000.0,1000.0,999.1,0,26.9,22.4,27.0,26.5,22.7,22.2,79,76,77,35,1.5,0.0,N,AM,CRMN MANAUS,S103,-3.02249999,-60.05555555,-9999.0
457,2017-02-15,04:00,0.0,1001.3,1001.4,1001.3,0,25.4,22.4,25.9,25.4,22.6,21.9,84,79,84,31,2.0,0.0,N,AM,CRMN MANAUS,S103,-3.02249999,-60.05555555,-9999.0
458,2017-02-15,08:00,0.0,1000.8,1000.9,1000.7,0,24.5,22.9,24.5,24.2,22.9,22.3,91,89,91,37,1.1,0.0,N,AM,CRMN MANAUS,S103,-3.02249999,-60.05555555,-9999.0
459,2017-02-15,12:00,0.0,1003.4,1003.4,1002.3,0,25.4,23.0,25.4,25.0,23.5,23.0,91,87,87,34,2.4,1.0,N,AM,CRMN MANAUS,S103,-3.02249999,-60.05555555,-9999.0
460,2017-02-15,16:00,0.0,1004.0,1004.6,1004.0,0,26.1,22.7,26.8,26.1,23.1,22.6,82,78,81,38,3.1,2.0,N,AM,CRMN MANAUS,S103,-3.02249999,-60.05555555,-9999.0
461,2017-02-15,20:00,0.0,1002.0,1002.6,1002.1,0,23.7,21.2,24.3,23.7,21.6,21.2,86,83,86,32,3.6,2.0,N,AM,CRMN MANAUS,S103,-3.02249999,-60.05555555,-9999.0
462,2017-02-16,00:00,0.0,1003.7,1003.7,1002.6,0,23.3,21.2,23.5,23.2,21.3,21.0,89,87,88,31,1.6,0.0,N,AM,CRMN MANAUS,S103,-3.02249999,-60.05555555,-9999.0
463,2017-02-16,04:00,0.0,1004.7,1005.1,1004.6,0,23.1,20.9,23.3,23.0,20.9,20.8,87,86,87,31,1.7,1.0,N,AM,CRMN MANAUS,S103,-3.02249999,-60.05555555,-9999.0
464,2017-02-16,08:00,0.0,1003.3,1003.3,1003.2,0,22.9,21.0,22.9,22.7,21.3,21.0,91,89,89,39,1.6,0.0,N,AM,CRMN MANAUS,S103,-3.02249999,-60.05555555,-9999.0
465,2017-02-16,12:00,0.0,1005.5,1005.5,1004.4,0,23.9,21.8,23.9,23.0,21.9,21.5,91,88,88,38,2.0,1.0,N,AM,CRMN MANAUS,S103,-3.02249999,-60.05555555,-9999.0
466,2017-02-16,16:00,0.0,1006.3,1006.6,1006.3,0,24.5,22.7,24.7,24.3,22.8,22.5,90,89,90,38,3.4,2.0,N,AM,CRMN MANAUS,S103,-3.02249999,-60.05555555,-9999.0
467,2017-02-16,20:00,0.0,1002.7,1003.7,1002.7,0,26.1,20.3,26.2,25.4,20.9,20.2,74,70,70,43,3.9,2.0,N,AM,CRMN MANAUS,S103,-3.02249999,-60.05555555,-9999.0
468,2017-02-17,00:00,0.0,1002.4,1002.3,1002.0,0,24.1,21.3,24.5,24.1,21.3,20.9,84,81,84,35,3.4,2.0,N,AM,CRMN MANAUS,S103,-3.02249999,-60.05555555,-9999.0
469,2017-02-17,04:00,0.0,1003.8,1004.0,1003.8,0,23.6,21.7,23.7,23.6,21.7,21.6,89,88,89,36,1.6,1.0,N,AM,CRMN MANAUS,S103,-3.02249999,-60.05555555,-9999.0
470,2017-02-17,08:00,0.0,1002.1,1002.6,1002.1,0,23.1,21.7,23.2,23.0,21.9,21.7,93,91,91,37,2.2,1.0,N,AM,CRMN MANAUS,S103,-3.02249999,-60.05555555,-9999.0
471,2017-02-17,12:00,0.0,1003.7,1003.7,1002.8,0,23.6,21.3,23.6,23.0,21.5,21.3,91,87,87,39,3.1,2.0,N,AM,CRMN MANAUS,S103,-3.02249999,-60.05555555,-9999.0
472,2017-02-17,16:00,1.0,1004.7,1005.1,1004.7,0,26.8,22.1,26.9,25.6,22.8,21.6,83,74,75,51,3.2,1.0,N,AM,CRMN MANAUS,S103,-3.02249999,-60.05555555,-9999.0
473,2017-02-17,20:00,0.0,1001.7,1002.4,1001.7,0,26.2,22.6,26.3,26.0,23.3,22.6,85,81,81,48,1.7,1.0,N,AM,CRMN MANAUS,S103,-3.02249999,-60.05555555,-9999.0
474,2017-02-18,00:00,0.0,1001.0,1001.0,1000.9,0,24.9,22.3,25.3,24.9,23.1,22.3,89,85,86,40,1.3,1.0,N,AM,CRMN MANAUS,S103,-3.02249999,-60.05555555,-9999.0
475,2017-02-18,04:00,0.0,1002.0,1002.0,1001.9,0,23.6,20.6,24.4,23.6,20.8,20.1,84,77,84,40,1.5,0.0,N,AM,CRMN MANAUS,S103,-3.02249999,-60.05555555,-9999.0
476,2017-02-18,08:00,0.0,1000.9,1000.9,1000.8,0,23.5,21.1,23.6,23.3,21.1,20.8,87,85,87,38,1.3,0.0,N,AM,CRMN MANAUS,S103,-3.02249999,-60.05555555,-9999.0
477,2017-02-18,12:00,0.0,1003.3,1003.3,1002.2,0,26.9,22.9,26.9,23.9,23.4,22.0,89,78,79,49,2.8,2.0,N,AM,CRMN MANAUS,S103,-3.02249999,-60.05555555,-9999.0
478,2017-02-18,16:00,0.0,1003.2,1003.8,1003.2,0,31.6,20.5,31.7,30.2,22.2,20.0,60,51,52,60,4.3,2.0,N,AM,CRMN MANAUS,S103,-3.02249999,-60.05555555,-9999.0
479,2017-02-18,20:00,0.0,998.3,999.4,998.3,0,31.3,22.1,32.1,31.2,22.5,20.0,60,50,58,64,3.5,1.0,N,AM,CRMN MANAUS,S103,-3.02249999,-60.05555555,-9999.0
480,2017-02-19,00:00,0.0,1000.8,1000.8,1000.0,0,29.5,22.2,30.0,29.1,22.4,21.9,67,62,65,59,2.2,0.0,N,AM,CRMN MANAUS,S103,-3.02249999,-60.05555555,-9999.0
481,2017-02-19,04:00,0.0,1002.5,1002.9,1002.5,0,26.9,23.5,27.8,26.9,23.5,23.1,82,76,82,35,2.0,1.0,N,AM,CRMN MANAUS,S103,-3.02249999,-60.05555555,-9999.0
482,2017-02-19,08:00,0.0,1001.5,1001.5,1001.3,0,25.6,23.3,25.7,25.5,23.4,23.2,88,86,87,35,1.7,0.0,N,AM,CRMN MANAUS,S103,-3.02249999,-60.05555555,-9999.0
483,2017-02-19,12:00,0.0,1003.5,1003.4,1002.9,0,26.8,23.2,26.8,25.7,23.4,22.8,86,80,81,39,2.1,1.0,N,AM,CRMN MANAUS,S103,-3.02249999,-60.05555555,-9999.0
484,2017-02-19,16:00,4.0,1003.2,1004.0,1003.3,0,27.9,23.1,29.8,25.2,24.1,22.0,88,64,75,36,6.3,1.0,N,AM,CRMN MANAUS,S103,-3.02249999,-60.05555555,-9999.0
485,2017-02-19,20:00,0.0,998.5,999.2,998.5,0,30.6,21.9,30.9,29.1,23.5,22.1,70,60,60,59,2.1,1.0,N,AM,CRMN MANAUS,S103,-3.02249999,-60.05555555,-9999.0
486,2017-02-20,00:00,0.0,1000.8,1000.8,999.7,0,26.1,23.8,27.8,26.1,23.9,23.4,88,78,87,32,2.5,1.0,N,AM,CRMN MANAUS,S103,-3.02249999,-60.05555555,-9999.0
487,2017-02-20,04:00,0.0,1002.4,1003.3,1002.4,0,25.2,22.4,25.5,24.8,22.8,21.9,89,81,85,44,1.5,0.0,N,AM,CRMN MANAUS,S103,-3.02249999,-60.05555555,-9999.0
488,2017-02-20,08:00,1.0,999.6,1000.6,999.6,0,24.2,22.5,24.3,24.2,22.7,22.5,91,90,90,32,2.5,1.0,N,AM,CRMN MANAUS,S103,-3.02249999,-60.05555555,-9999.0
489,2017-02-20,12:00,0.0,1002.8,1002.8,1001.9,0,25.9,22.6,25.9,23.5,22.7,22.2,92,82,82,44,1.5,0.0,N,AM,CRMN MANAUS,S103,-3.02249999,-60.05555555,-9999.0
490,2017-02-20,16:00,0.0,1001.9,1003.3,1001.9,0,29.8,22.3,31.4,29.8,23.4,20.2,66,54,64,62,2.0,1.0,N,AM,CRMN MANAUS,S103,-3.02249999,-60.05555555,-9999.0
491,2017-02-20,20:00,2.0,998.6,999.2,998.5,0,26.0,23.6,26.0,23.3,23.8,21.9,93,87,87,38,2.2,0.0,N,AM,CRMN MANAUS,S103,-3.02249999,-60.05555555,-9999.0
492,2017-02-21,00:00,2.0,1000.3,1000.6,1000.2,0,24.4,23.1,24.5,24.3,23.1,22.9,92,92,92,46,0.0,0.0,N,AM,CRMN MANAUS,S103,-3.02249999,-60.05555555,-9999.0
493,2017-02-21,04:00,0.0,1001.4,1001.8,1001.3,0,24.4,23.2,24.4,24.1,23.3,23.0,94,93,93,47,0.0,0.0,N,AM,CRMN MANAUS,S103,-3.02249999,-60.05555555,-9999.0
494,2017-02-21,08:00,0.0,1000.4,1000.5,1000.2,0,24.1,22.6,24.1,24.0,22.7,22.5,92,91,92,48,0.0,0.0,N,AM,CRMN MANAUS,S103,-3.02249999,-60.05555555,-9999.0
495,2017-02-21,12:00,0.0,1002.6,1002.5,1001.4,0,25.1,22.8,25.1,24.1,22.9,22.4,91,86,87,47,1.5,0.0,N,AM,CRMN MANAUS,S103,-3.02249999,-60.05555555,-9999.0
496,2017-02-21,16:00,-9999.0,-9999.0,-9999.0,-9999.0,-9999,-9999.0,-9999.0,-9999.0,-9999.0,-9999.0,-9999.0,-9999,-9999,-9999,-9999,-9999.0,-9999.0,N,AM,CRMN MANAUS,S103,-3.02249999,-60.05555555,-9999.0
497,2017-02-21,20:00,1.0,1000.4,1000.9,1000.4,0,23.1,22.0,23.2,23.0,22.1,21.8,93,93,93,39,1.9,0.0,N,AM,CRMN MANAUS,S103,-3.02249999,-60.05555555,-9999.0
498,2017-02-22,00:00,0.0,999.8,999.8,999.1,0,23.6,22.5,23.6,23.4,22.5,22.3,94,93,93,41,1.6,0.0,N,AM,CRMN MANAUS,S103,-3.02249999,-60.05555555,-9999.0
499,2017-02-22,04:00,0.0,1001.1,1001.6,1001.1,0,23.0,21.7,23.1,22.9,21.8,21.6,92,92,92,45,1.9,0.0,N,AM,CRMN MANAUS,S103,-3.02249999,-60.05555555,-9999.0
500,2017-02-22,08:00,0.0,999.8,999.9,999.8,0,22.7,21.5,22.8,22.7,21.5,21.3,93,92,93,50,1.2,0.0,N,AM,CRMN MANAUS,S103,-3.02249999,-60.05555555,-9999.0
501,2017-02-22,12:00,0.0,1001.8,1001.8,1001.1,0,23.3,21.6,23.3,22.5,21.6,21.4,93,90,90,53,0.4,0.0,N,AM,CRMN MANAUS,S103,-3.02249999,-60.05555555,-9999.0
502,2017-02-22,16:00,0.0,1002.4,1002.8,1002.4,0,28.1,22.7,28.2,27.0,22.9,22.2,76,71,72,61,2.7,1.0,N,AM,CRMN MANAUS,S103,-3.02249999,-60.05555555,-9999.0
503,2017-02-22,20:00,0.0,997.3,998.4,997.3,0,30.6,21.0,30.6,28.9,22.8,20.4,68,56,57,60,4.7,2.0,N,AM,CRMN MANAUS,S103,-3.02249999,-60.05555555,-9999.0
504,2017-02-23,00:00,0.0,999.2,999.2,998.5,0,27.1,21.9,27.8,27.1,22.2,21.7,73,71,73,42,2.4,1.0,N,AM,CRMN MANAUS,S103,-3.02249999,-60.05555555,-9999.0
505,2017-02-23,04:00,0.0,1000.7,1001.0,1000.8,0,26.0,22.2,26.0,25.8,22.8,22.1,83,79,80,40,2.4,1.0,N,AM,CRMN MANAUS,S103,-3.02249999,-60.05555555,-9999.0
506,2017-02-23,08:00,0.0,999.2,999.8,999.0,0,24.9,21.3,25.0,24.9,22.0,21.2,84,80,81,37,5.1,2.0,N,AM,CRMN MANAUS,S103,-3.02249999,-60.05555555,-9999.0
507,2017-02-23,12:00,0.0,1001.9,1001.9,1000.9,0,25.4,21.5,25.3,24.5,21.6,21.3,83,79,79,40,4.6,3.0,N,AM,CRMN MANAUS,S103,-3.02249999,-60.05555555,-9999.0
508,2017-02-23,16:00,0.0,1001.8,1002.6,1001.7,0,29.7,21.7,30.3,28.2,22.7,21.3,70,59,62,54,4.6,3.0,N,AM,CRMN MANAUS,S103,-3.02249999,-60.05555555,-9999.0
509,2017-02-23,20:00,0.0,996.9,997.6,996.9,0,26.8,21.5,31.7,26.8,22.1,21.0,73,54,73,40,4.5,3.0,N,AM,CRMN MANAUS,S103,-3.02249999,-60.05555555,-9999.0
510,2017-02-24,00:00,0.0,998.3,998.3,997.2,0,27.1,22.8,27.6,27.0,22.8,22.7,78,75,78,49,0.8,0.0,N,AM,CRMN MANAUS,S103,-3.02249999,-60.05555555,-9999.0
511,2017-02-24,04:00,0.0,1001.3,1001.5,1001.3,0,25.9,23.3,26.0,25.5,23.3,23.1,87,85,85,43,1.1,0.0,N,AM,CRMN MANAUS,S103,-3.02249999,-60.05555555,-9999.0
512,2017-02-24,08:00,0.0,999.6,999.9,999.5,0,25.1,21.9,25.5,25.1,22.0,21.8,83,80,82,36,1.6,0.0,N,AM,CRMN MANAUS,S103,-3.02249999,-60.05555555,-9999.0
513,2017-02-24,12:00,0.0,1002.0,1002.0,1001.2,0,27.2,22.2,27.2,25.1,22.4,22.0,84,74,74,40,2.1,1.0,N,AM,CRMN MANAUS,S103,-3.02249999,-60.05555555,-9999.0
514,2017-02-24,16:00,0.0,1001.8,1002.6,1001.5,0,25.1,21.8,27.5,24.3,22.4,21.1,86,69,82,39,4.3,0.0,N,AM,CRMN MANAUS,S103,-3.02249999,-60.05555555,-9999.0
515,2017-02-24,20:00,-9999.0,-9999.0,-9999.0,-9999.0,-9999,-9999.0,-9999.0,-9999.0,-9999.0,-9999.0,-9999.0,-9999,-9999,-9999,-9999,-9999.0,-9999.0,N,AM,CRMN MANAUS,S103,-3.02249999,-60.05555555,-9999.0
516,2017-02-25,00:00,0.0,1001.5,1001.4,1001.0,0,22.8,21.6,22.9,22.8,21.6,21.5,93,92,93,43,0.0,0.0,N,AM,CRMN MANAUS,S103,-3.02249999,-60.05555555,-9999.0
517,2017-02-25,04:00,0.0,1002.1,1002.3,1002.1,0,22.9,21.8,23.0,22.8,21.9,21.7,94,93,94,46,0.0,0.0,N,AM,CRMN MANAUS,S103,-3.02249999,-60.05555555,-9999.0
518,2017-02-25,08:00,0.0,1000.3,1000.4,1000.1,0,22.5,21.6,22.6,22.4,21.7,21.5,95,95,95,47,0.0,0.0,N,AM,CRMN MANAUS,S103,-3.02249999,-60.05555555,-9999.0
519,2017-02-25,12:00,0.0,1003.9,1003.9,1002.4,0,22.9,21.7,22.9,22.6,21.9,21.7,95,93,93,50,0.8,0.0,N,AM,CRMN MANAUS,S103,-3.02249999,-60.05555555,-9999.0
520,2017-02-25,16:00,0.0,1004.1,1004.7,1004.1,0,24.9,21.9,25.0,24.7,21.8,21.4,83,81,83,43,5.0,2.0,N,AM,CRMN MANAUS,S103,-3.02249999,-60.05555555,-9999.0
521,2017-02-25,20:00,0.0,999.9,1000.8,999.9,0,25.0,22.3,25.1,24.6,22.5,22.0,87,84,85,61,0.3,0.0,N,AM,CRMN MANAUS,S103,-3.02249999,-60.05555555,-9999.0
522,2017-02-26,00:00,0.0,1000.4,1000.4,1000.0,0,24.6,22.6,24.6,24.4,22.7,22.5,90,89,89,49,1.0,0.0,N,AM,CRMN MANAUS,S103,-3.02249999,-60.05555555,-9999.0
523,2017-02-26,04:00,0.0,1001.0,1001.5,1001.0,0,23.4,22.2,23.6,23.2,22.3,22.0,93,92,93,51,0.0,0.0,N,AM,CRMN MANAUS,S103,-3.02249999,-60.05555555,-9999.0
524,2017-02-26,08:00,0.0,999.4,999.4,999.2,0,22.7,21.7,22.7,22.6,21.8,21.6,94,94,94,52,0.0,0.0,N,AM,CRMN MANAUS,S103,-3.02249999,-60.05555555,-9999.0
525,2017-02-26,12:00,0.0,1002.6,1002.6,1001.5,0,24.9,23.2,24.8,22.8,23.6,22.0,95,90,90,60,1.1,0.0,N,AM,CRMN MANAUS,S103,-3.02249999,-60.05555555,-9999.0
526,2017-02-26,16:00,0.0,1002.1,1003.1,1002.1,0,30.3,21.5,30.4,28.6,22.7,21.4,69,60,59,82,0.1,0.0,N,AM,CRMN MANAUS,S103,-3.02249999,-60.05555555,-9999.0
527,2017-02-26,20:00,2.0,998.3,999.6,998.3,0,24.0,22.0,25.8,23.8,23.5,21.7,90,84,89,54,3.5,0.0,N,AM,CRMN MANAUS,S103,-3.02249999,-60.05555555,-9999.0
528,2017-02-27,00:00,0.0,1000.0,1000.1,999.7,0,25.2,23.3,25.5,25.2,23.3,23.0,89,86,89,57,0.2,0.0,N,AM,CRMN MANAUS,S103,-3.02249999,-60.05555555,-9999.0
529,2017-02-27,04:00,0.0,1001.6,1002.1,1001.6,0,25.0,22.1,25.1,25.0,22.3,22.0,85,83,84,57,0.8,0.0,N,AM,CRMN MANAUS,S103,-3.02249999,-60.05555555,-9999.0
530,2017-02-27,08:00,0.0,999.5,999.8,999.5,0,24.3,22.7,24.4,24.2,22.8,22.6,91,90,91,58,0.0,0.0,N,AM,CRMN MANAUS,S103,-3.02249999,-60.05555555,-9999.0
531,2017-02-27,12:00,0.0,1002.0,1002.0,1001.5,0,26.8,23.8,26.8,24.3,23.8,23.0,92,84,84,66,0.0,0.0,N,AM,CRMN MANAUS,S103,-3.02249999,-60.05555555,-9999.0
532,2017-02-27,16:00,0.0,1002.0,1003.0,1002.0,0,26.3,23.9,26.3,25.4,24.3,22.9,89,83,87,56,2.6,1.0,N,AM,CRMN MANAUS,S103,-3.02249999,-60.05555555,-9999.0
533,2017-02-27,20:00,10.0,999.4,1000.2,999.3,0,23.4,22.0,24.5,23.3,23.0,21.8,93,89,92,57,2.0,0.0,N,AM,CRMN MANAUS,S103,-3.02249999,-60.05555555,-9999.0
534,2017-02-28,00:00,0.0,1001.0,1001.1,1000.3,0,23.8,22.6,23.8,23.7,22.6,22.5,93,93,93,60,0.1,0.0,N,AM,CRMN MANAUS,S103,-3.02249999,-60.05555555,-9999.0
535,2017-02-28,04:00,0.0,1002.4,1003.1,1002.5,0,23.6,22.5,23.7,23.5,22.5,22.4,93,93,93,60,0.3,0.0,N,AM,CRMN MANAUS,S103,-3.02249999,-60.05555555,-9999.0
536,2017-02-28,08:00,-9999.0,-9999.0,-9999.0,-9999.0,-9999,-9999.0,-9999.0,-9999.0,-9999.0,-9999.0,-9999.0,-9999,-9999,-9999,-9999,-9999.0,-9999.0,N,AM,CRMN MANAUS,S103,-3.02249999,-60.05555555,-9999.0
537,2017-02-28,12:00,0.0,1003.3,1003.3,1002.5,0,24.1,22.9,24.2,23.6,23.0,22.6,94,93,93,63,0.0,0.0,N,AM,CRMN MANAUS,S103,-3.02249999,-60.05555555,-9999.0
538,2017-02-28,16:00,0.0,1002.8,1003.6,1002.8,0,28.0,22.9,28.3,27.9,23.6,21.4,77,68,74,87,0.3,0.0,N,AM,CRMN MANAUS,S103,-3.02249999,-60.05555555,-9999.0
539,2017-02-28,20:00,2.0,998.6,998.7,998.3,0,24.5,22.4,26.2,24.5,22.7,21.5,89,77,88,53,4.5,1.0,N,AM,CRMN MANAUS,S103,-3.02249999,-60.05555555,-9999.0
540,2017-03-01,00:00,0.0,999.4,999.4,999.2,0,24.3,22.4,24.5,24.2,22.5,22.1,90,88,89,62,0.0,0.0,N,AM,CRMN MANAUS,S103,-3.02249999,-60.05555555,-9999.0
541,2017-03-01,04:00,0.0,1001.1,1001.3,1001.0,0,24.4,22.3,24.5,24.2,22.4,22.2,89,88,88,62,0.2,0.0,N,AM,CRMN MANAUS,S103,-3.02249999,-60.05555555,-9999.0
542,2017-03-01,08:00,0.0,999.4,999.5,999.3,0,23.8,22.3,24.0,23.8,22.5,22.3,92,91,91,61,0.0,0.0,N,AM,CRMN MANAUS,S103,-3.02249999,-60.05555555,-9999.0
543,2017-03-01,12:00,0.0,1001.4,1001.4,1000.9,0,25.9,21.8,25.9,23.8,22.8,21.8,91,78,78,56,2.1,1.0,N,AM,CRMN MANAUS,S103,-3.02249999,-60.05555555,-9999.0
544,2017-03-01,16:00,0.0,1001.7,1002.4,1001.7,0,30.6,21.8,30.6,28.9,22.8,21.4,68,60,59,70,2.9,1.0,N,AM,CRMN MANAUS,S103,-3.02249999,-60.05555555,-9999.0
545,2017-03-01,20:00,0.0,996.4,997.4,996.4,0,31.8,21.0,32.4,31.1,22.2,20.8,57,51,53,74,3.0,0.0,N,AM,CRMN MANAUS,S103,-3.02249999,-60.05555555,-9999.0
546,2017-03-02,00:00,0.0,998.1,998.1,996.9,0,28.0,22.9,28.7,28.0,22.9,22.3,74,69,74,50,2.4,1.0,N,AM,CRMN MANAUS,S103,-3.02249999,-60.05555555,-9999.0
547,2017-03-02,04:00,0.0,999.9,1000.3,999.9,0,25.7,22.3,25.8,25.6,22.4,22.2,82,81,82,49,2.1,1.0,N,AM,CRMN MANAUS,S103,-3.02249999,-60.05555555,-9999.0
548,2017-03-02,08:00,0.0,998.9,998.9,998.4,0,25.2,22.5,25.3,25.1,22.5,22.3,85,84,85,50,1.9,0.0,N,AM,CRMN MANAUS,S103,-3.02249999,-60.05555555,-9999.0
549,2017-03-02,12:00,0.0,1001.4,1001.3,1000.2,0,26.2,22.6,26.2,25.4,22.6,22.1,82,80,80,50,4.0,1.0,N,AM,CRMN MANAUS,S103,-3.02249999,-60.05555555,-9999.0
550,2017-03-02,16:00,0.0,1000.6,1001.5,1000.6,0,31.7,21.6,31.8,30.5,22.8,21.6,62,55,55,59,4.6,2.0,N,AM,CRMN MANAUS,S103,-3.02249999,-60.05555555,-9999.0
551,2017-03-02,20:00,0.0,996.3,996.9,996.2,0,29.7,22.6,30.8,29.5,23.2,21.5,66,58,66,56,4.8,1.0,N,AM,CRMN MANAUS,S103,-3.02249999,-60.05555555,-9999.0
552,2017-03-03,00:00,0.0,999.4,999.4,998.0,0,27.4,23.3,27.6,27.2,23.5,23.0,79,76,79,60,1.0,0.0,N,AM,CRMN MANAUS,S103,-3.02249999,-60.05555555,-9999.0
553,2017-03-03,04:00,0.0,1001.8,1002.1,1001.8,0,26.4,23.3,26.4,26.1,23.4,23.0,85,82,83,56,0.7,0.0,N,AM,CRMN MANAUS,S103,-3.02249999,-60.05555555,-9999.0
554,2017-03-03,08:00,0.0,1000.1,1000.1,999.8,0,26.5,22.0,26.8,26.4,22.3,22.0,77,76,77,46,1.6,0.0,N,AM,CRMN MANAUS,S103,-3.02249999,-60.05555555,-9999.0
555,2017-03-03,12:00,0.0,1002.6,1002.5,1001.6,0,27.1,22.1,27.1,26.1,22.2,21.6,79,73,74,46,2.3,1.0,N,AM,CRMN MANAUS,S103,-3.02249999,-60.05555555,-9999.0
556,2017-03-03,16:00,0.0,1002.1,1003.4,1002.1,0,30.1,23.1,30.3,27.9,24.0,22.3,77,63,66,52,3.7,2.0,N,AM,CRMN MANAUS,S103,-3.02249999,-60.05555555,-9999.0
557,2017-03-03,20:00,1.0,997.8,998.7,997.7,0,27.7,23.8,27.7,26.7,23.7,22.7,82,76,79,47,2.0,1.0,N,AM,CRMN MANAUS,S103,-3.02249999,-60.05555555,-9999.0
558,2017-03-04,00:00,0.0,998.8,998.8,998.0,0,25.4,23.1,26.3,25.5,23.2,23.0,87,83,87,54,2.1,0.0,N,AM,CRMN MANAUS,S103,-3.02249999,-60.05555555,-9999.0
559,2017-03-04,04:00,0.0,1001.3,1001.7,1001.3,0,24.7,23.5,24.7,24.5,23.5,23.2,93,92,93,52,0.0,0.0,N,AM,CRMN MANAUS,S103,-3.02249999,-60.05555555,-9999.0
560,2017-03-04,08:00,3.0,1000.0,1000.1,999.8,0,24.5,23.2,24.6,24.4,23.3,22.6,93,90,92,52,2.7,0.0,N,AM,CRMN MANAUS,S103,-3.02249999,-60.05555555,-9999.0
561,2017-03-04,12:00,0.0,1002.5,1002.5,1001.6,0,25.4,22.8,25.4,24.9,23.0,22.6,89,85,85,57,0.0,0.0,N,AM,CRMN MANAUS,S103,-3.02249999,-60.05555555,-9999.0
562,2017-03-04,16:00,0.0,1001.2,1002.1,1001.2,0,30.5,21.9,30.7,29.6,22.7,21.9,65,60,60,57,4.5,2.0,N,AM,CRMN MANAUS,S103,-3.02249999,-60.05555555,-9999.0
563,2017-03-04,20:00,0.0,996.3,996.8,996.3,0,31.6,22.7,32.7,30.9,24.2,21.4,64,52,59,62,2.5,1.0,N,AM,CRMN MANAUS,S103,-3.02249999,-60.05555555,-9999.0
564,2017-03-05,00:00,0.0,997.6,997.6,996.8,0,26.3,23.6,26.7,26.3,23.7,23.2,86,81,85,37,2.2,1.0,N,AM,CRMN MANAUS,S103,-3.02249999,-60.05555555,-9999.0
565,2017-03-05,04:00,0.0,999.6,1000.1,999.6,0,26.2,23.8,26.4,26.1,23.8,23.4,87,84,87,38,1.8,1.0,N,AM,CRMN MANAUS,S103,-3.02249999,-60.05555555,-9999.0
566,2017-03-05,08:00,0.0,997.9,997.9,997.4,0,24.5,23.0,25.2,24.5,23.2,23.0,91,88,91,41,1.8,0.0,N,AM,CRMN MANAUS,S103,-3.02249999,-60.05555555,-9999.0
567,2017-03-05,12:00,0.0,1000.6,1000.6,1000.1,0,24.6,21.9,24.7,24.0,22.1,21.8,89,84,85,41,1.4,1.0,N,AM,CRMN MANAUS,S103,-3.02249999,-60.05555555,-9999.0
568,2017-03-05,16:00,0.0,1000.1,1001.0,1000.1,0,30.4,22.6,30.4,29.4,22.9,22.2,66,62,63,56,3.3,1.0,N,AM,CRMN MANAUS,S103,-3.02249999,-60.05555555,-9999.0
569,2017-03-05,20:00,0.0,996.1,996.4,996.0,0,29.0,23.2,29.6,29.0,23.2,21.5,71,63,71,51,2.9,1.0,N,AM,CRMN MANAUS,S103,-3.02249999,-60.05555555,-9999.0
570,2017-03-06,00:00,0.0,998.1,998.1,997.3,0,25.3,23.2,25.8,25.2,23.2,23.1,88,86,88,38,1.2,0.0,N,AM,CRMN MANAUS,S103,-3.02249999,-60.05555555,-9999.0
571,2017-03-06,04:00,-9999.0,-9999.0,-9999.0,-9999.0,-9999,-9999.0,-9999.0,-9999.0,-9999.0,-9999.0,-9999.0,-9999,-9999,-9999,-9999,-9999.0,-9999.0,N,AM,CRMN MANAUS,S103,-3.02249999,-60.05555555,-9999.0
572,2017-03-06,08:00,0.0,998.8,998.8,998.6,0,24.4,23.1,24.7,24.3,23.1,22.8,92,90,92,47,0.0,0.0,N,AM,CRMN MANAUS,S103,-3.02249999,-60.05555555,-9999.0
573,2017-03-06,12:00,0.0,1001.2,1001.3,1000.0,0,24.9,22.2,24.9,24.1,22.3,21.8,87,84,85,52,0.9,0.0,N,AM,CRMN MANAUS,S103,-3.02249999,-60.05555555,-9999.0
574,2017-03-06,16:00,0.0,1000.9,1001.6,1000.9,0,28.7,23.2,28.7,26.2,23.6,22.5,84,70,72,63,2.0,0.0,N,AM,CRMN MANAUS,S103,-3.02249999,-60.05555555,-9999.0
575,2017-03-06,20:00,1.0,998.5,999.0,998.4,0,24.1,22.2,24.3,23.9,22.4,22.1,90,88,89,38,3.7,1.0,N,AM,CRMN MANAUS,S103,-3.02249999,-60.05555555,-9999.0
576,2017-03-07,00:00,0.0,1000.9,1000.9,999.4,0,24.1,22.4,24.2,24.1,22.5,22.3,90,89,90,44,1.5,0.0,N,AM,CRMN MANAUS,S103,-3.02249999,-60.05555555,-9999.0
577,2017-03-07,04:00,0.0,1000.6,1001.2,1000.6,0,23.6,22.4,23.8,23.6,22.6,22.4,93,93,93,51,0.7,0.0,N,AM,CRMN MANAUS,S103,-3.02249999,-60.05555555,-9999.0
578,2017-03-07,08:00,0.0,999.6,999.6,999.4,0,23.5,22.5,23.5,23.4,22.5,22.4,94,94,94,52,0.0,0.0,N,AM,CRMN MANAUS,S103,-3.02249999,-60.05555555,-9999.0
579,2017-03-07,12:00,0.0,1002.1,1002.1,1001.3,0,24.3,22.5,24.3,23.5,22.6,22.3,93,89,89,55,0.0,0.0,N,AM,CRMN MANAUS,S103,-3.02249999,-60.05555555,-9999.0
580,2017-03-07,16:00,0.0,1002.6,1002.9,1002.4,0,24.6,22.3,29.2,24.6,23.1,21.2,86,68,87,52,5.4,4.0,N,AM,CRMN MANAUS,S103,-3.02249999,-60.05555555,-9999.0
581,2017-03-07,20:00,0.0,998.2,999.3,998.2,0,25.7,22.4,25.7,24.9,23.1,22.3,87,82,82,55,1.6,0.0,N,AM,CRMN MANAUS,S103,-3.02249999,-60.05555555,-9999.0
582,2017-03-08,00:00,0.0,999.8,999.8,999.0,0,25.3,22.7,25.4,25.0,23.0,22.7,88,85,86,49,1.1,0.0,N,AM,CRMN MANAUS,S103,-3.02249999,-60.05555555,-9999.0
583,2017-03-08,04:00,0.0,1001.9,1002.0,1001.7,0,24.8,22.7,25.1,24.8,22.7,22.6,88,86,88,54,0.9,0.0,N,AM,CRMN MANAUS,S103,-3.02249999,-60.05555555,-9999.0
584,2017-03-08,08:00,0.0,1000.5,1000.6,1000.4,0,23.9,22.8,24.2,23.9,22.9,22.7,94,92,94,55,0.7,0.0,N,AM,CRMN MANAUS,S103,-3.02249999,-60.05555555,-9999.0
585,2017-03-08,12:00,0.0,1003.1,1003.1,1002.1,0,24.7,23.3,24.9,24.1,23.5,23.1,94,91,92,58,0.7,0.0,N,AM,CRMN MANAUS,S103,-3.02249999,-60.05555555,-9999.0
586,2017-03-08,16:00,1.0,1002.1,1003.1,1002.1,0,26.2,21.8,29.6,26.1,23.4,21.7,77,67,77,54,5.2,4.0,N,AM,CRMN MANAUS,S103,-3.02249999,-60.05555555,-9999.0
587,2017-03-08,20:00,0.0,998.7,999.4,998.7,0,26.3,22.7,26.4,25.5,23.1,22.2,86,79,81,50,3.0,1.0,N,AM,CRMN MANAUS,S103,-3.02249999,-60.05555555,-9999.0
588,2017-03-09,00:00,0.0,999.9,999.9,999.5,0,24.7,23.1,25.1,24.7,23.3,23.1,91,89,91,58,0.0,0.0,N,AM,CRMN MANAUS,S103,-3.02249999,-60.05555555,-9999.0
589,2017-03-09,04:00,0.0,1002.3,1002.6,1002.3,0,24.6,23.2,24.7,24.6,23.3,23.2,92,91,92,58,0.0,0.0,N,AM,CRMN MANAUS,S103,-3.02249999,-60.05555555,-9999.0
590,2017-03-09,08:00,0.0,1000.4,1000.5,1000.4,0,23.5,22.4,23.7,23.5,22.6,22.4,94,93,94,56,0.0,0.0,N,AM,CRMN MANAUS,S103,-3.02249999,-60.05555555,-9999.0
591,2017-03-09,12:00,0.0,1002.5,1002.5,1001.7,0,23.9,22.3,23.9,23.5,22.4,22.1,92,91,91,57,0.0,0.0,N,AM,CRMN MANAUS,S103,-3.02249999,-60.05555555,-9999.0
592,2017-03-09,16:00,0.0,1002.3,1003.3,1002.3,0,29.4,22.3,29.4,27.9,23.5,22.0,75,65,66,74,1.8,1.0,N,AM,CRMN MANAUS,S103,-3.02249999,-60.05555555,-9999.0
593,2017-03-09,20:00,0.0,996.9,997.8,996.8,0,27.6,24.5,28.3,27.3,25.0,23.4,86,75,83,57,2.9,1.0,N,AM,CRMN MANAUS,S103,-3.02249999,-60.05555555,-9999.0
594,2017-03-10,00:00,1.0,999.1,999.1,998.6,0,27.1,23.2,27.5,27.1,23.9,23.2,82,79,79,53,1.6,0.0,N,AM,CRMN MANAUS,S103,-3.02249999,-60.05555555,-9999.0
595,2017-03-10,04:00,0.0,1001.0,1001.6,1001.0,0,25.1,23.0,25.6,25.1,23.3,23.0,88,87,88,46,2.1,1.0,N,AM,CRMN MANAUS,S103,-3.02249999,-60.05555555,-9999.0
596,2017-03-10,08:00,0.0,999.8,1000.2,999.8,0,23.0,21.8,23.0,22.8,21.8,21.5,93,92,93,53,1.5,0.0,N,AM,CRMN MANAUS,S103,-3.02249999,-60.05555555,-9999.0
597,2017-03-10,12:00,0.0,1002.5,1002.4,1001.2,0,24.4,22.6,24.4,23.7,23.0,22.6,94,90,90,59,0.0,0.0,N,AM,CRMN MANAUS,S103,-3.02249999,-60.05555555,-9999.0
598,2017-03-10,16:00,0.0,1003.0,1003.4,1002.9,0,24.9,22.8,28.3,25.0,23.8,22.4,89,72,88,50,4.6,2.0,N,AM,CRMN MANAUS,S103,-3.02249999,-60.05555555,-9999.0
599,2017-03-10,20:00,0.0,998.6,999.1,998.6,0,25.4,22.8,26.9,25.4,23.2,22.1,86,76,86,49,2.8,2.0,N,AM,CRMN MANAUS,S103,-3.02249999,-60.05555555,-9999.0
600,2017-03-11,00:00,1.0,999.5,999.5,998.7,0,24.3,22.7,24.5,24.3,22.7,22.5,91,89,91,58,0.9,0.0,N,AM,CRMN MANAUS,S103,-3.02249999,-60.05555555,-9999.0
601,2017-03-11,04:00,0.0,1001.7,1002.2,1001.7,0,23.6,22.4,23.9,23.6,22.6,22.4,93,92,93,57,1.0,0.0,N,AM,CRMN MANAUS,S103,-3.02249999,-60.05555555,-9999.0
602,2017-03-11,08:00,0.0,1000.3,1000.4,1000.3,0,23.0,22.0,23.3,23.0,22.3,22.0,94,94,94,57,0.0,0.0,N,AM,CRMN MANAUS,S103,-3.02249999,-60.05555555,-9999.0
603,2017-03-11,12:00,-9999.0,-9999.0,-9999.0,-9999.0,-9999,-9999.0,-9999.0,-9999.0,-9999.0,-9999.0,-9999.0,-9999,-9999,-9999,-9999,-9999.0,-9999.0,N,AM,CRMN MANAUS,S103,-3.02249999,-60.05555555,-9999.0
604,2017-03-11,16:00,0.0,1002.9,1003.4,1002.8,0,27.3,21.8,28.4,27.4,23.6,21.5,78,70,72,59,2.9,2.0,N,AM,CRMN MANAUS,S103,-3.02249999,-60.05555555,-9999.0
605,2017-03-11,20:00,0.0,997.8,999.9,997.8,0,22.5,20.9,22.5,22.1,21.0,20.7,92,91,91,45,3.4,1.0,N,AM,CRMN MANAUS,S103,-3.02249999,-60.05555555,-9999.0
606,2017-03-12,00:00,0.0,1000.6,1000.6,999.5,0,22.6,21.2,22.7,22.5,21.2,21.1,92,91,92,54,0.0,0.0,N,AM,CRMN MANAUS,S103,-3.02249999,-60.05555555,-9999.0
607,2017-03-12,04:00,0.0,1002.1,1002.3,1002.1,0,22.5,21.3,22.7,22.5,21.4,21.3,93,92,93,54,1.3,0.0,N,AM,CRMN MANAUS,S103,-3.02249999,-60.05555555,-9999.0
608,2017-03-12,08:00,0.0,1000.3,1000.5,1000.3,0,22.4,21.4,22.4,22.1,21.4,21.1,94,94,94,55,0.0,0.0,N,AM,CRMN MANAUS,S103,-3.02249999,-60.05555555,-9999.0
609,2017-03-12,12:00,0.0,1002.4,1002.4,1001.7,0,25.7,23.0,25.9,23.1,23.1,22.1,94,84,85,66,0.0,0.0,N,AM,CRMN MANAUS,S103,-3.02249999,-60.05555555,-9999.0
610,2017-03-12,16:00,0.0,1001.5,1002.8,1001.5,0,29.9,22.1,30.0,29.1,23.0,22.1,68,63,63,93,0.0,0.0,N,AM,CRMN MANAUS,S103,-3.02249999,-60.05555555,-9999.0
611,2017-03-12,20:00,0.0,998.2,998.9,997.9,0,23.6,22.4,26.5,23.4,23.2,22.1,93,82,93,60,6.7,0.0,N,AM,CRMN MANAUS,S103,-3.02249999,-60.05555555,-9999.0
612,2017-03-13,00:00,0.0,1000.6,1000.6,999.7,0,24.6,22.9,24.7,24.3,23.0,22.8,92,90,90,65,0.0,0.0,N,AM,CRMN MANAUS,S103,-3.02249999,-60.05555555,-9999.0
613,2017-03-13,04:00,0.0,1001.8,1002.2,1001.8,0,24.4,22.6,24.5,24.4,22.7,22.6,90,89,90,57,1.5,0.0,N,AM,CRMN MANAUS,S103,-3.02249999,-60.05555555,-9999.0
614,2017-03-13,08:00,0.0,1000.7,1000.6,1000.3,0,23.5,22.4,23.6,23.5,22.5,22.4,94,94,94,60,1.1,0.0,N,AM,CRMN MANAUS,S103,-3.02249999,-60.05555555,-9999.0
615,2017-03-13,12:00,0.0,1002.8,1002.8,1001.9,0,24.4,22.9,24.4,24.0,22.9,22.7,93,91,91,63,0.6,0.0,N,AM,CRMN MANAUS,S103,-3.02249999,-60.05555555,-9999.0
616,2017-03-13,16:00,0.0,1002.3,1003.2,1002.3,0,26.9,23.4,26.9,26.5,23.8,22.8,84,80,81,80,0.0,0.0,N,AM,CRMN MANAUS,S103,-3.02249999,-60.05555555,-9999.0
617,2017-03-13,20:00,0.0,998.4,998.9,998.4,0,25.1,22.9,27.9,25.1,23.5,22.3,89,72,88,56,2.7,1.0,N,AM,CRMN MANAUS,S103,-3.02249999,-60.05555555,-9999.0
618,2017-03-14,00:00,-9999.0,-9999.0,-9999.0,-9999.0,-9999,-9999.0,-9999.0,-9999.0,-9999.0,-9999.0,-9999.0,-9999,-9999,-9999,-9999,-9999.0,-9999.0,N,AM,CRMN MANAUS,S103,-3.02249999,-60.05555555,-9999.0
619,2017-03-14,04:00,0.0,1001.1,1002.0,1001.1,0,24.7,23.3,24.7,24.6,23.3,23.1,92,91,92,66,0.0,0.0,N,AM,CRMN MANAUS,S103,-3.02249999,-60.05555555,-9999.0
620,2017-03-14,08:00,0.0,999.7,1000.2,999.7,0,24.2,23.1,24.3,24.2,23.2,23.1,94,94,94,65,0.2,0.0,N,AM,CRMN MANAUS,S103,-3.02249999,-60.05555555,-9999.0
621,2017-03-14,12:00,0.0,1002.9,1002.9,1002.1,0,24.7,22.4,25.1,23.7,22.8,22.3,92,86,87,69,0.0,0.0,N,AM,CRMN MANAUS,S103,-3.02249999,-60.05555555,-9999.0
622,2017-03-14,16:00,0.0,1002.1,1003.7,1002.1,0,29.4,22.3,29.6,28.1,23.2,22.1,74,65,66,71,3.0,1.0,N,AM,CRMN MANAUS,S103,-3.02249999,-60.05555555,-9999.0
623,2017-03-14,20:00,0.0,999.4,999.7,999.4,0,23.0,22.0,23.7,23.0,22.5,22.0,94,93,94,55,3.8,1.0,N,AM,CRMN MANAUS,S103,-3.02249999,-60.05555555,-9999.0
624,2017-03-15,00:00,0.0,1001.0,1001.1,1000.4,0,23.5,22.4,23.5,23.3,22.4,22.2,94,93,94,66,1.1,0.0,N,AM,CRMN MANAUS,S103,-3.02249999,-60.05555555,-9999.0
625,2017-03-15,04:00,-9999.0,-9999.0,-9999.0,-9999.0,-9999,-9999.0,-9999.0,-9999.0,-9999.0,-9999.0,-9999.0,-9999,-9999,-9999,-9999,-9999.0,-9999.0,N,AM,CRMN MANAUS,S103,-3.02249999,-60.05555555,-9999.0
626,2017-03-15,08:00,0.0,1000.4,1000.6,1000.3,0,23.5,22.2,23.7,23.5,22.4,22.2,93,92,93,67,0.0,0.0,N,AM,CRMN MANAUS,S103,-3.02249999,-60.05555555,-9999.0
627,2017-03-15,12:00,0.0,1002.8,1002.8,1001.8,0,24.9,22.8,24.9,24.0,22.8,22.5,92,88,88,71,0.0,0.0,N,AM,CRMN MANAUS,S103,-3.02249999,-60.05555555,-9999.0
628,2017-03-15,16:00,0.0,1003.2,1004.0,1003.2,0,24.5,23.0,24.6,24.1,22.9,22.3,91,87,91,67,2.4,0.0,N,AM,CRMN MANAUS,S103,-3.02249999,-60.05555555,-9999.0
629,2017-03-15,20:00,0.0,998.8,999.2,998.6,0,27.7,23.1,27.7,27.0,23.4,22.5,78,75,76,74,2.4,1.0,N,AM,CRMN MANAUS,S103,-3.02249999,-60.05555555,-9999.0
630,2017-03-16,00:00,0.0,1000.3,1000.3,999.4,0,25.8,23.1,26.4,25.7,23.1,22.7,85,80,85,73,1.0,0.0,N,AM,CRMN MANAUS,S103,-3.02249999,-60.05555555,-9999.0
631,2017-03-16,04:00,0.0,1001.3,1001.9,1001.2,0,24.3,22.8,24.7,24.1,23.0,22.6,92,90,91,75,0.0,0.0,N,AM,CRMN MANAUS,S103,-3.02249999,-60.05555555,-9999.0
632,2017-03-16,08:00,0.0,1000.3,1000.3,1000.0,0,23.8,22.6,24.0,23.8,22.7,22.5,93,92,93,67,1.3,0.0,N,AM,CRMN MANAUS,S103,-3.02249999,-60.05555555,-9999.0
633,2017-03-16,12:00,0.0,1003.2,1003.2,1002.2,0,24.9,22.7,24.8,24.2,22.7,22.3,89,87,88,62,3.6,2.0,N,AM,CRMN MANAUS,S103,-3.02249999,-60.05555555,-9999.0
634,2017-03-16,16:00,0.0,1003.1,1003.7,1003.1,0,28.1,23.0,28.1,26.9,23.3,22.5,79,73,74,76,3.0,1.0,N,AM,CRMN MANAUS,S103,-3.02249999,-60.05555555,-9999.0
635,2017-03-16,20:00,0.0,1000.2,1001.2,1000.2,0,23.6,22.3,24.0,23.5,22.6,22.2,93,92,93,76,2.0,0.0,N,AM,CRMN MANAUS,S103,-3.02249999,-60.05555555,-9999.0
636,2017-03-17,00:00,0.0,1000.9,1000.9,999.7,0,23.4,22.2,23.4,23.3,22.3,22.2,93,93,93,74,0.5,0.0,N,AM,CRMN MANAUS,S103,-3.02249999,-60.05555555,-9999.0
637,2017-03-17,04:00,0.0,1002.3,1002.7,1002.2,0,23.3,21.8,23.3,23.2,21.8,21.7,92,91,91,72,0.0,0.0,N,AM,CRMN MANAUS,S103,-3.02249999,-60.05555555,-9999.0
638,2017-03-17,08:00,0.0,999.7,1000.1,999.7,0,23.3,21.9,23.3,23.2,22.0,21.9,93,92,92,72,0.0,0.0,N,AM,CRMN MANAUS,S103,-3.02249999,-60.05555555,-9999.0
639,2017-03-17,12:00,0.0,1002.4,1002.4,1001.4,0,24.5,22.0,24.5,23.4,22.3,21.8,91,86,86,78,0.0,0.0,N,AM,CRMN MANAUS,S103,-3.02249999,-60.05555555,-9999.0
640,2017-03-17,16:00,0.0,1002.4,1003.0,1002.4,0,30.4,22.8,30.5,29.7,23.3,22.1,68,62,64,81,3.6,1.0,N,AM,CRMN MANAUS,S103,-3.02249999,-60.05555555,-9999.0
641,2017-03-17,20:00,0.0,998.6,999.2,998.6,0,28.6,22.7,29.7,27.0,23.7,22.5,81,67,71,74,3.8,1.0,N,AM,CRMN MANAUS,S103,-3.02249999,-60.05555555,-9999.0
642,2017-03-18,00:00,0.0,1001.1,1001.0,1000.5,0,25.9,23.0,26.1,25.8,23.1,22.9,85,83,84,75,1.2,0.0,N,AM,CRMN MANAUS,S103,-3.02249999,-60.05555555,-9999.0
643,2017-03-18,04:00,0.0,1001.9,1002.6,1001.9,0,23.8,22.2,24.0,23.7,22.2,21.9,91,89,91,73,1.2,0.0,N,AM,CRMN MANAUS,S103,-3.02249999,-60.05555555,-9999.0
644,2017-03-18,08:00,0.0,999.7,999.7,999.5,0,23.5,21.9,23.8,23.5,22.2,21.9,91,90,91,59,2.2,1.0,N,AM,CRMN MANAUS,S103,-3.02249999,-60.05555555,-9999.0
645,2017-03-18,12:00,0.0,1002.5,1002.5,1001.9,0,24.5,22.8,24.5,24.0,22.9,22.7,93,90,91,61,2.5,1.0,N,AM,CRMN MANAUS,S103,-3.02249999,-60.05555555,-9999.0
646,2017-03-18,16:00,0.0,1001.8,1002.9,1001.8,0,28.8,22.5,28.8,27.8,23.4,22.3,74,68,69,77,1.9,1.0,N,AM,CRMN MANAUS,S103,-3.02249999,-60.05555555,-9999.0
647,2017-03-18,20:00,0.0,999.0,999.0,998.1,0,25.9,22.8,29.1,26.0,23.8,22.6,83,69,83,68,5.7,2.0,N,AM,CRMN MANAUS,S103,-3.02249999,-60.05555555,-9999.0
648,2017-03-19,00:00,0.0,1000.9,1001.0,1000.7,0,24.9,21.9,25.3,24.6,23.3,21.9,89,84,84,61,2.1,0.0,N,AM,CRMN MANAUS,S103,-3.02249999,-60.05555555,-9999.0
649,2017-03-19,04:00,-9999.0,-9999.0,-9999.0,-9999.0,-9999,-9999.0,-9999.0,-9999.0,-9999.0,-9999.0,-9999.0,-9999,-9999,-9999,-9999,-9999.0,-9999.0,N,AM,CRMN MANAUS,S103,-3.02249999,-60.05555555,-9999.0
650,2017-03-19,08:00,-9999.0,-9999.0,-9999.0,-9999.0,-9999,-9999.0,-9999.0,-9999.0,-9999.0,-9999.0,-9999.0,-9999,-9999,-9999,-9999,-9999.0,-9999.0,N,AM,CRMN MANAUS,S103,-3.02249999,-60.05555555,-9999.0
651,2017-03-19,12:00,-9999.0,-9999.0,-9999.0,-9999.0,-9999,-9999.0,-9999.0,-9999.0,-9999.0,-9999.0,-9999.0,-9999,-9999,-9999,-9999,-9999.0,-9999.0,N,AM,CRMN MANAUS,S103,-3.02249999,-60.05555555,-9999.0
652,2017-03-19,16:00,0.0,1004.2,1004.7,1004.2,0,25.0,23.1,25.5,25.0,23.4,22.7,90,87,89,67,2.0,1.0,N,AM,CRMN MANAUS,S103,-3.02249999,-60.05555555,-9999.0
653,2017-03-19,20:00,1.0,1001.3,1001.5,1001.3,0,24.1,22.4,24.4,23.7,22.6,22.1,92,88,90,62,3.4,1.0,N,AM,CRMN MANAUS,S103,-3.02249999,-60.05555555,-9999.0
654,2017-03-20,00:00,0.0,1002.6,1002.6,1001.9,0,23.3,22.1,23.4,23.3,22.2,22.0,93,92,92,71,0.0,0.0,N,AM,CRMN MANAUS,S103,-3.02249999,-60.05555555,-9999.0
655,2017-03-20,04:00,0.0,1003.0,1003.7,1003.0,0,23.1,21.9,23.2,23.1,22.1,21.9,93,93,93,71,0.0,0.0,N,AM,CRMN MANAUS,S103,-3.02249999,-60.05555555,-9999.0
656,2017-03-20,08:00,0.0,1002.0,1002.0,1001.8,0,22.7,21.6,22.8,22.7,21.7,21.6,94,93,94,72,0.4,0.0,N,AM,CRMN MANAUS,S103,-3.02249999,-60.05555555,-9999.0
657,2017-03-20,12:00,0.0,1005.8,1005.8,1004.2,0,23.1,21.6,23.2,22.8,21.8,21.5,93,92,91,72,0.3,0.0,N,AM,CRMN MANAUS,S103,-3.02249999,-60.05555555,-9999.0
658,2017-03-20,16:00,0.0,1005.8,1006.2,1005.8,0,26.8,21.9,26.8,25.9,22.5,21.6,80,75,75,93,1.8,0.0,N,AM,CRMN MANAUS,S103,-3.02249999,-60.05555555,-9999.0
659,2017-03-20,20:00,0.0,1002.0,1002.6,1002.0,0,26.1,21.3,26.1,25.1,22.4,21.0,85,74,75,90,0.3,0.0,N,AM,CRMN MANAUS,S103,-3.02249999,-60.05555555,-9999.0
660,2017-03-21,00:00,0.0,1000.9,1000.9,1000.7,0,23.9,22.6,24.5,23.9,22.6,22.3,92,87,92,77,0.0,0.0,N,AM,CRMN MANAUS,S103,-3.02249999,-60.05555555,-9999.0
661,2017-03-21,04:00,0.0,1003.7,1003.9,1003.6,0,23.1,21.7,23.3,23.1,21.8,21.7,92,91,92,67,1.8,0.0,N,AM,CRMN MANAUS,S103,-3.02249999,-60.05555555,-9999.0
662,2017-03-21,08:00,0.0,1003.9,1003.9,1003.1,0,23.3,22.1,23.4,23.2,22.2,22.1,93,93,93,69,1.3,0.0,N,AM,CRMN MANAUS,S103,-3.02249999,-60.05555555,-9999.0
663,2017-03-21,12:00,0.0,1005.6,1005.6,1005.1,0,24.0,21.7,24.0,23.0,21.9,21.5,93,87,87,75,0.3,0.0,N,AM,CRMN MANAUS,S103,-3.02249999,-60.05555555,-9999.0
664,2017-03-21,16:00,0.0,1005.6,1006.1,1005.6,0,28.3,21.9,28.3,27.0,23.0,21.2,75,67,68,89,1.7,0.0,N,AM,CRMN MANAUS,S103,-3.02249999,-60.05555555,-9999.0
665,2017-03-21,20:00,0.0,1001.6,1002.0,1001.5,0,24.2,21.9,29.2,24.1,23.5,21.5,88,70,87,63,4.2,2.0,N,AM,CRMN MANAUS,S103,-3.02249999,-60.05555555,-9999.0
666,2017-03-22,00:00,-9999.0,-9999.0,-9999.0,-9999.0,-9999,-9999.0,-9999.0,-9999.0,-9999.0,-9999.0,-9999.0,-9999,-9999,-9999,-9999,-9999.0,-9999.0,N,AM,CRMN MANAUS,S103,-3.02249999,-60.05555555,-9999.0
667,2017-03-22,04:00,0.0,1003.7,1003.8,1003.7,0,24.4,22.4,24.5,24.3,22.7,22.4,91,88,88,69,1.2,0.0,N,AM,CRMN MANAUS,S103,-3.02249999,-60.05555555,-9999.0
668,2017-03-22,08:00,0.0,1002.6,1002.9,1002.6,0,24.5,22.3,24.5,24.3,22.5,22.3,89,88,88,64,1.9,0.0,N,AM,CRMN MANAUS,S103,-3.02249999,-60.05555555,-9999.0
669,2017-03-22,12:00,0.0,1004.6,1004.6,1004.1,0,26.2,23.1,26.2,24.2,23.2,22.3,90,83,83,68,1.5,0.0,N,AM,CRMN MANAUS,S103,-3.02249999,-60.05555555,-9999.0
670,2017-03-22,16:00,0.0,1003.2,1004.1,1003.2,0,30.4,21.7,30.5,29.1,23.2,21.5,70,59,60,77,4.5,3.0,N,AM,CRMN MANAUS,S103,-3.02249999,-60.05555555,-9999.0
671,2017-03-22,20:00,0.0,999.3,999.9,999.1,0,31.9,21.7,32.4,31.4,22.2,21.6,57,54,55,86,3.3,2.0,N,AM,CRMN MANAUS,S103,-3.02249999,-60.05555555,-9999.0
672,2017-03-23,00:00,0.0,1000.4,1000.5,999.6,0,26.3,23.2,27.3,26.4,23.2,23.0,83,78,83,78,1.4,0.0,N,AM,CRMN MANAUS,S103,-3.02249999,-60.05555555,-9999.0
673,2017-03-23,04:00,0.0,1002.1,1002.2,1002.0,0,25.9,23.1,26.0,25.5,23.4,23.0,88,84,85,73,1.4,0.0,N,AM,CRMN MANAUS,S103,-3.02249999,-60.05555555,-9999.0
674,2017-03-23,08:00,0.0,1000.8,1000.9,1000.8,0,25.0,22.4,25.2,24.8,22.7,22.3,87,85,85,61,1.5,1.0,N,AM,CRMN MANAUS,S103,-3.02249999,-60.05555555,-9999.0
675,2017-03-23,12:00,0.0,1002.8,1002.8,1002.3,0,26.1,22.3,26.2,25.7,22.5,22.1,82,79,80,62,4.6,3.0,N,AM,CRMN MANAUS,S103,-3.02249999,-60.05555555,-9999.0
676,2017-03-23,16:00,0.0,1001.3,1002.5,1001.3,0,31.6,21.8,32.0,30.8,22.7,21.5,62,55,56,78,4.7,2.0,N,AM,CRMN MANAUS,S103,-3.02249999,-60.05555555,-9999.0
677,2017-03-23,20:00,0.0,996.5,997.3,996.5,0,32.1,22.1,33.3,32.1,22.5,21.0,56,50,56,79,3.7,1.0,N,AM,CRMN MANAUS,S103,-3.02249999,-60.05555555,-9999.0
678,2017-03-24,00:00,0.0,999.4,999.3,998.5,0,27.2,23.7,27.6,26.9,24.3,23.7,85,79,81,72,2.1,0.0,N,AM,CRMN MANAUS,S103,-3.02249999,-60.05555555,-9999.0
679,2017-03-24,04:00,0.0,1001.1,1001.5,1001.1,0,27.5,22.1,27.9,27.4,22.8,22.0,76,70,73,58,2.0,1.0,N,AM,CRMN MANAUS,S103,-3.02249999,-60.05555555,-9999.0
680,2017-03-24,08:00,0.0,1000.0,1000.1,999.9,0,25.1,22.9,25.8,25.1,23.1,22.8,88,84,88,70,1.0,0.0,N,AM,CRMN MANAUS,S103,-3.02249999,-60.05555555,-9999.0
681,2017-03-24,12:00,0.0,1002.6,1002.6,1001.8,0,26.3,23.0,26.4,25.1,23.1,22.9,88,82,82,68,1.3,0.0,N,AM,CRMN MANAUS,S103,-3.02249999,-60.05555555,-9999.0
682,2017-03-24,16:00,0.0,1001.4,1002.4,1001.4,0,31.3,22.0,31.4,30.5,23.1,21.9,65,58,58,72,3.6,2.0,N,AM,CRMN MANAUS,S103,-3.02249999,-60.05555555,-9999.0
683,2017-03-24,20:00,0.0,997.6,998.1,997.2,0,26.0,23.7,25.9,24.8,23.7,23.2,92,86,87,63,3.5,0.0,N,AM,CRMN MANAUS,S103,-3.02249999,-60.05555555,-9999.0
684,2017-03-25,00:00,0.0,1000.1,1000.4,999.5,0,24.7,23.4,24.8,24.6,23.5,23.2,93,92,93,68,0.0,0.0,N,AM,CRMN MANAUS,S103,-3.02249999,-60.05555555,-9999.0
685,2017-03-25,04:00,0.0,1001.8,1002.2,1001.8,0,25.0,23.7,25.0,24.6,23.7,23.3,93,92,93,69,1.1,0.0,N,AM,CRMN MANAUS,S103,-3.02249999,-60.05555555,-9999.0
686,2017-03-25,08:00,0.0,1001.2,1001.2,1000.3,0,21.9,20.9,22.0,21.8,20.9,20.7,94,93,94,57,4.2,0.0,N,AM,CRMN MANAUS,S103,-3.02249999,-60.05555555,-9999.0
687,2017-03-25,12:00,0.0,1003.2,1003.2,1001.9,0,23.1,21.9,23.1,22.3,22.0,21.3,94,93,93,53,2.4,2.0,N,AM,CRMN MANAUS,S103,-3.02249999,-60.05555555,-9999.0
688,2017-03-25,16:00,0.0,1004.4,1005.1,1004.4,0,25.4,22.6,25.4,24.6,23.0,22.2,89,84,84,75,1.4,0.0,N,AM,CRMN MANAUS,S103,-3.02249999,-60.05555555,-9999.0
689,2017-03-25,20:00,0.0,998.1,999.5,998.1,0,27.6,22.5,28.6,27.6,23.3,22.1,76,69,74,72,2.9,1.0,N,AM,CRMN MANAUS,S103,-3.02249999,-60.05555555,-9999.0
690,2017-03-26,00:00,1.0,1000.6,1000.6,999.9,0,25.5,22.9,25.9,25.5,23.3,22.9,86,85,86,66,2.3,0.0,N,AM,CRMN MANAUS,S103,-3.02249999,-60.05555555,-9999.0
691,2017-03-26,04:00,0.0,1001.4,1002.0,1001.4,0,24.2,22.4,24.5,24.2,22.4,22.2,90,87,90,71,1.8,0.0,N,AM,CRMN MANAUS,S103,-3.02249999,-60.05555555,-9999.0
692,2017-03-26,08:00,0.0,1000.2,1000.3,1000.1,0,23.7,22.2,23.8,23.7,22.6,22.3,93,92,92,71,0.0,0.0,N,AM,CRMN MANAUS,S103,-3.02249999,-60.05555555,-9999.0
693,2017-03-26,12:00,0.0,1003.5,1003.5,1002.6,0,24.5,22.3,24.5,23.8,22.3,22.1,91,87,87,60,1.4,1.0,N,AM,CRMN MANAUS,S103,-3.02249999,-60.05555555,-9999.0
694,2017-03-26,16:00,0.0,1002.8,1003.7,1002.8,0,29.7,21.7,29.8,29.2,22.6,21.2,67,61,62,79,3.9,1.0,N,AM,CRMN MANAUS,S103,-3.02249999,-60.05555555,-9999.0
695,2017-03-26,20:00,0.0,997.1,998.1,997.1,0,31.5,22.4,31.6,29.0,24.1,22.2,72,58,58,90,1.5,0.0,N,AM,CRMN MANAUS,S103,-3.02249999,-60.05555555,-9999.0
696,2017-03-27,00:00,0.0,999.6,999.6,998.8,0,28.0,23.1,28.5,28.0,23.1,22.8,75,72,75,80,1.7,0.0,N,AM,CRMN MANAUS,S103,-3.02249999,-60.05555555,-9999.0
697,2017-03-27,04:00,0.0,1001.5,1001.9,1001.5,0,26.5,22.7,26.7,26.5,23.4,22.6,82,79,80,57,2.8,1.0,N,AM,CRMN MANAUS,S103,-3.02249999,-60.05555555,-9999.0
698,2017-03-27,08:00,1.0,1000.3,1000.3,1000.1,0,25.0,22.6,25.2,24.9,22.7,22.5,87,86,86,54,2.1,1.0,N,AM,CRMN MANAUS,S103,-3.02249999,-60.05555555,-9999.0
699,2017-03-27,12:00,0.0,1003.3,1003.3,1002.1,0,26.3,23.1,26.3,24.9,23.2,22.7,88,83,83,63,2.3,1.0,N,AM,CRMN MANAUS,S103,-3.02249999,-60.05555555,-9999.0
700,2017-03-27,16:00,0.0,1002.8,1003.3,1002.8,0,29.4,22.5,29.8,29.1,22.8,21.9,68,64,67,67,3.7,2.0,N,AM,CRMN MANAUS,S103,-3.02249999,-60.05555555,-9999.0
701,2017-03-27,20:00,0.0,997.9,998.7,997.9,0,31.7,22.2,31.9,30.1,23.0,22.0,64,57,58,76,3.4,1.0,N,AM,CRMN MANAUS,S103,-3.02249999,-60.05555555,-9999.0
702,2017-03-28,00:00,0.0,999.1,999.1,998.4,0,27.2,22.9,28.2,27.2,22.9,22.7,77,72,77,63,1.6,0.0,N,AM,CRMN MANAUS,S103,-3.02249999,-60.05555555,-9999.0
703,2017-03-28,04:00,0.0,1000.9,1001.0,1000.7,0,26.2,22.6,26.4,26.1,22.8,22.4,81,79,81,51,3.9,3.0,N,AM,CRMN MANAUS,S103,-3.02249999,-60.05555555,-9999.0
704,2017-03-28,08:00,0.0,1000.0,1000.1,999.9,0,24.9,21.1,25.0,24.7,21.5,21.1,82,79,80,58,2.4,0.0,N,AM,CRMN MANAUS,S103,-3.02249999,-60.05555555,-9999.0
705,2017-03-28,12:00,0.0,1003.0,1003.0,1002.2,0,26.7,21.3,26.7,24.7,22.1,21.2,84,73,72,58,2.0,1.0,N,AM,CRMN MANAUS,S103,-3.02249999,-60.05555555,-9999.0
706,2017-03-28,16:00,0.0,1002.7,1003.7,1002.7,0,32.2,22.0,32.2,31.4,21.9,20.7,57,52,55,69,4.2,2.0,N,AM,CRMN MANAUS,S103,-3.02249999,-60.05555555,-9999.0
707,2017-03-28,20:00,0.0,997.2,997.4,997.0,0,32.4,22.3,32.8,31.5,23.4,21.9,62,53,55,76,2.0,0.0,N,AM,CRMN MANAUS,S103,-3.02249999,-60.05555555,-9999.0
708,2017-03-29,00:00,1.0,1000.3,1000.4,999.2,0,29.4,22.6,30.1,29.4,23.0,22.1,68,62,67,62,2.0,0.0,N,AM,CRMN MANAUS,S103,-3.02249999,-60.05555555,-9999.0
709,2017-03-29,04:00,0.0,1002.1,1002.5,1002.1,0,27.3,23.2,27.6,27.3,23.4,23.0,79,77,79,47,2.5,0.0,N,AM,CRMN MANAUS,S103,-3.02249999,-60.05555555,-9999.0
710,2017-03-29,08:00,0.0,1000.4,1000.4,999.8,0,24.3,22.5,24.8,24.3,23.1,22.5,91,90,90,41,2.0,1.0,N,AM,CRMN MANAUS,S103,-3.02249999,-60.05555555,-9999.0
711,2017-03-29,12:00,0.0,1003.3,1003.3,1003.0,0,24.6,22.4,24.7,23.8,22.7,22.0,90,87,87,43,2.5,1.0,N,AM,CRMN MANAUS,S103,-3.02249999,-60.05555555,-9999.0
712,2017-03-29,16:00,0.0,1003.4,1004.2,1003.4,0,24.2,23.0,25.0,24.0,23.0,22.7,93,87,93,53,2.1,0.0,N,AM,CRMN MANAUS,S103,-3.02249999,-60.05555555,-9999.0
713,2017-03-29,20:00,0.0,999.2,999.8,999.2,0,25.9,23.1,25.8,25.3,23.4,22.7,88,84,85,49,3.1,1.0,N,AM,CRMN MANAUS,S103,-3.02249999,-60.05555555,-9999.0
714,2017-03-30,00:00,-9999.0,-9999.0,-9999.0,-9999.0,-9999,-9999.0,-9999.0,-9999.0,-9999.0,-9999.0,-9999.0,-9999,-9999,-9999,-9999,-9999.0,-9999.0,N,AM,CRMN MANAUS,S103,-3.02249999,-60.05555555,-9999.0
715,2017-03-30,04:00,0.0,1001.1,1001.1,1000.9,0,24.2,22.8,24.2,24.0,22.8,22.7,92,92,92,58,1.1,0.0,N,AM,CRMN MANAUS,S103,-3.02249999,-60.05555555,-9999.0
716,2017-03-30,08:00,0.0,999.9,1000.1,999.9,0,23.6,22.3,23.7,23.6,22.5,22.3,93,92,92,56,0.6,0.0,N,AM,CRMN MANAUS,S103,-3.02249999,-60.05555555,-9999.0
717,2017-03-30,12:00,0.0,1003.1,1003.1,1001.7,0,24.7,22.2,24.8,23.5,22.7,22.1,94,86,86,49,3.2,2.0,N,AM,CRMN MANAUS,S103,-3.02249999,-60.05555555,-9999.0
718,2017-03-30,16:00,0.0,1002.3,1003.2,1002.3,0,29.6,22.7,30.0,28.5,23.3,21.9,73,63,67,64,3.3,2.0,N,AM,CRMN MANAUS,S103,-3.02249999,-60.05555555,-9999.0
719,2017-03-30,20:00,0.0,997.3,998.1,997.3,0,32.0,21.4,32.4,31.0,22.5,21.4,60,54,54,65,3.9,2.0,N,AM,CRMN MANAUS,S103,-3.02249999,-60.05555555,-9999.0
720,2017-03-31,00:00,0.0,998.1,998.1,997.5,0,28.5,22.8,29.0,28.4,23.0,22.7,72,69,71,68,0.8,0.0,N,AM,CRMN MANAUS,S103,-3.02249999,-60.05555555,-9999.0
721,2017-03-31,04:00,0.0,1001.0,1001.3,1000.8,0,26.9,23.8,27.1,26.9,24.1,23.7,84,82,83,59,2.2,0.0,N,AM,CRMN MANAUS,S103,-3.02249999,-60.05555555,-9999.0
722,2017-03-31,08:00,0.0,999.9,999.9,999.8,0,25.6,22.7,26.0,25.6,22.9,22.6,84,83,84,51,2.7,0.0,N,AM,CRMN MANAUS,S103,-3.02249999,-60.05555555,-9999.0
723,2017-03-31,12:00,0.0,1003.2,1003.2,1002.0,0,26.1,23.3,26.1,25.5,23.4,23.2,88,85,85,45,3.4,2.0,N,AM,CRMN MANAUS,S103,-3.02249999,-60.05555555,-9999.0
724,2017-03-31,16:00,0.0,1002.9,1003.5,1002.8,0,30.1,22.1,30.8,29.5,22.7,21.8,66,60,62,61,5.7,4.0,N,AM,CRMN MANAUS,S103,-3.02249999,-60.05555555,-9999.0
725,2017-03-31,20:00,0.0,998.3,998.9,998.3,0,31.8,21.3,31.9,30.0,22.4,21.3,63,54,54,57,4.5,2.0,N,AM,CRMN MANAUS,S103,-3.02249999,-60.05555555,-9999.0
726,2017-04-01,00:00,1.0,1001.1,1001.1,1000.3,0,29.3,21.9,29.7,29.0,23.0,21.3,69,62,65,61,2.3,0.0,N,AM,CRMN MANAUS,S103,-3.02249999,-60.05555555,-9999.0
727,2017-04-01,04:00,0.0,1002.4,1002.7,1002.4,0,26.2,23.1,26.7,26.0,23.4,23.1,85,81,83,54,1.9,0.0,N,AM,CRMN MANAUS,S103,-3.02249999,-60.05555555,-9999.0
728,2017-04-01,08:00,0.0,1000.9,1001.0,1000.9,0,25.4,23.3,25.9,25.4,23.4,23.1,88,85,88,53,0.0,0.0,N,AM,CRMN MANAUS,S103,-3.02249999,-60.05555555,-9999.0
729,2017-04-01,12:00,0.0,1003.1,1003.4,1002.4,0,26.1,24.5,26.1,25.6,24.5,23.8,91,89,91,49,1.2,0.0,N,AM,CRMN MANAUS,S103,-3.02249999,-60.05555555,-9999.0
730,2017-04-01,16:00,0.0,1004.3,1005.2,1004.2,0,24.5,23.1,25.5,24.5,23.7,23.1,92,89,92,40,2.3,1.0,N,AM,CRMN MANAUS,S103,-3.02249999,-60.05555555,-9999.0
731,2017-04-01,20:00,0.0,1000.1,1000.9,1000.0,0,25.8,22.5,25.9,25.4,22.9,22.4,85,82,82,63,1.9,0.0,N,AM,CRMN MANAUS,S103,-3.02249999,-60.05555555,-9999.0
732,2017-04-02,00:00,0.0,1002.1,1002.1,1001.2,0,24.5,23.2,24.6,24.4,23.2,23.0,92,92,92,51,1.8,0.0,N,AM,CRMN MANAUS,S103,-3.02249999,-60.05555555,-9999.0
733,2017-04-02,04:00,0.0,1002.9,1003.4,1002.9,0,24.3,23.0,24.3,24.2,23.1,23.0,93,92,93,48,2.4,0.0,N,AM,CRMN MANAUS,S103,-3.02249999,-60.05555555,-9999.0
734,2017-04-02,08:00,0.0,1001.1,1001.6,1001.2,0,23.7,22.6,23.9,23.7,22.9,22.6,94,94,94,55,0.0,0.0,N,AM,CRMN MANAUS,S103,-3.02249999,-60.05555555,-9999.0
735,2017-04-02,12:00,0.0,1003.1,1003.1,1002.5,0,25.4,22.8,25.4,23.8,23.2,22.6,93,86,86,61,0.0,0.0,N,AM,CRMN MANAUS,S103,-3.02249999,-60.05555555,-9999.0
736,2017-04-02,16:00,0.0,1002.4,1003.7,1002.4,0,29.2,22.6,29.3,28.0,23.4,22.4,74,67,68,63,2.3,1.0,N,AM,CRMN MANAUS,S103,-3.02249999,-60.05555555,-9999.0
737,2017-04-02,20:00,0.0,998.8,999.3,998.7,0,24.8,23.2,24.9,24.5,23.4,22.7,92,90,91,61,2.5,0.0,N,AM,CRMN MANAUS,S103,-3.02249999,-60.05555555,-9999.0
738,2017-04-03,00:00,0.0,1000.2,1000.2,999.8,0,25.0,22.8,25.4,25.0,23.8,22.8,91,87,88,61,0.3,0.0,N,AM,CRMN MANAUS,S103,-3.02249999,-60.05555555,-9999.0
739,2017-04-03,04:00,-9999.0,-9999.0,-9999.0,-9999.0,-9999,-9999.0,-9999.0,-9999.0,-9999.0,-9999.0,-9999.0,-9999,-9999,-9999,-9999,-9999.0,-9999.0,N,AM,CRMN MANAUS,S103,-3.02249999,-60.05555555,-9999.0
740,2017-04-03,08:00,0.0,1000.0,1000.0,999.8,0,24.2,22.8,24.2,24.1,22.9,22.8,92,92,92,60,0.0,0.0,N,AM,CRMN MANAUS,S103,-3.02249999,-60.05555555,-9999.0
741,2017-04-03,12:00,0.0,1002.3,1002.3,1001.6,0,26.0,23.5,26.1,24.4,23.6,22.4,90,85,86,63,0.8,0.0,N,AM,CRMN MANAUS,S103,-3.02249999,-60.05555555,-9999.0
742,2017-04-03,16:00,0.0,1002.0,1002.9,1002.0,0,25.9,23.0,25.9,24.1,23.3,22.0,89,85,84,61,2.0,0.0,N,AM,CRMN MANAUS,S103,-3.02249999,-60.05555555,-9999.0
743,2017-04-03,20:00,0.0,997.7,998.3,997.7,0,29.7,23.8,30.7,29.6,24.1,23.1,72,64,71,64,3.1,1.0,N,AM,CRMN MANAUS,S103,-3.02249999,-60.05555555,-9999.0
744,2017-04-04,00:00,0.0,999.6,999.6,998.7,0,27.0,23.9,27.4,27.1,24.0,23.7,83,80,83,71,1.2,0.0,N,AM,CRMN MANAUS,S103,-3.02249999,-60.05555555,-9999.0
745,2017-04-04,04:00,0.0,1000.7,1001.2,1000.7,0,25.2,23.7,25.6,25.2,23.9,23.6,92,90,92,65,0.0,0.0,N,AM,CRMN MANAUS,S103,-3.02249999,-60.05555555,-9999.0
746,2017-04-04,08:00,0.0,999.7,999.7,999.4,0,24.6,23.5,24.6,24.3,23.4,23.0,93,93,93,63,0.0,0.0,N,AM,CRMN MANAUS,S103,-3.02249999,-60.05555555,-9999.0
747,2017-04-04,12:00,0.0,1002.3,1002.3,1001.3,0,25.5,23.8,25.5,24.4,23.8,23.3,94,90,90,67,0.0,0.0,N,AM,CRMN MANAUS,S103,-3.02249999,-60.05555555,-9999.0
748,2017-04-04,16:00,0.0,1001.3,1002.2,1001.3,0,31.2,20.2,32.1,30.9,21.6,20.0,56,49,52,73,4.2,2.0,N,AM,CRMN MANAUS,S103,-3.02249999,-60.05555555,-9999.0
749,2017-04-04,20:00,0.0,997.8,998.3,997.8,0,31.5,21.7,33.1,31.6,21.8,20.6,56,49,56,65,3.7,2.0,N,AM,CRMN MANAUS,S103,-3.02249999,-60.05555555,-9999.0
750,2017-04-05,00:00,0.0,1000.4,1000.4,999.6,0,26.8,23.3,27.1,26.7,23.3,23.0,81,79,81,61,2.3,0.0,N,AM,CRMN MANAUS,S103,-3.02249999,-60.05555555,-9999.0
751,2017-04-05,04:00,0.0,1001.1,1001.5,1001.1,0,25.7,23.2,26.6,25.7,23.4,22.7,86,81,86,64,0.0,0.0,N,AM,CRMN MANAUS,S103,-3.02249999,-60.05555555,-9999.0
752,2017-04-05,08:00,5.0,1001.9,1001.9,1000.9,0,22.8,21.6,22.9,22.6,21.7,21.4,93,92,93,46,4.0,1.0,N,AM,CRMN MANAUS,S103,-3.02249999,-60.05555555,-9999.0
753,2017-04-05,12:00,7.0,1004.3,1004.3,1004.1,0,22.1,21.0,22.2,21.8,21.2,20.7,94,93,94,49,2.7,0.0,N,AM,CRMN MANAUS,S103,-3.02249999,-60.05555555,-9999.0
754,2017-04-05,16:00,0.0,1003.9,1004.9,1003.9,0,25.7,22.6,25.8,25.2,22.5,21.8,84,79,83,48,3.1,1.0,N,AM,CRMN MANAUS,S103,-3.02249999,-60.05555555,-9999.0
755,2017-04-05,20:00,0.0,1000.0,1000.2,999.9,0,26.2,23.0,26.2,25.9,23.2,22.6,84,81,83,67,1.8,0.0,N,AM,CRMN MANAUS,S103,-3.02249999,-60.05555555,-9999.0
756,2017-04-06,00:00,0.0,1001.6,1001.6,1000.7,0,25.4,23.2,25.4,25.1,23.2,23.1,89,88,88,60,1.2,0.0,N,AM,CRMN MANAUS,S103,-3.02249999,-60.05555555,-9999.0
757,2017-04-06,04:00,0.0,1003.3,1003.6,1003.3,0,24.7,23.2,25.2,24.7,23.4,23.1,91,90,91,48,1.6,1.0,N,AM,CRMN MANAUS,S103,-3.02249999,-60.05555555,-9999.0
758,2017-04-06,08:00,0.0,1002.7,1002.7,1002.4,0,24.0,22.4,24.4,24.0,22.5,22.3,91,89,91,49,1.4,0.0,N,AM,CRMN MANAUS,S103,-3.02249999,-60.05555555,-9999.0
759,2017-04-06,12:00,0.0,1005.4,1005.3,1004.6,0,24.0,22.6,24.3,24.0,22.9,22.6,93,91,92,48,2.7,1.0,N,AM,CRMN MANAUS,S103,-3.02249999,-60.05555555,-9999.0
760,2017-04-06,16:00,0.0,1004.4,1005.5,1004.4,0,26.3,21.2,28.2,26.3,23.2,21.2,79,73,74,58,7.6,4.0,N,AM,CRMN MANAUS,S103,-3.02249999,-60.05555555,-9999.0
761,2017-04-06,20:00,0.0,1000.0,1000.9,1000.0,0,28.8,21.9,28.8,27.8,22.1,21.2,69,64,66,60,4.0,2.0,N,AM,CRMN MANAUS,S103,-3.02249999,-60.05555555,-9999.0
762,2017-04-07,00:00,0.0,1001.0,1000.9,999.8,0,25.7,22.0,26.1,25.7,22.1,21.9,80,78,80,51,1.8,1.0,N,AM,CRMN MANAUS,S103,-3.02249999,-60.05555555,-9999.0
763,2017-04-07,04:00,0.0,1002.5,1002.8,1002.4,0,24.5,22.2,24.7,24.5,22.2,22.1,87,85,87,59,1.6,0.0,N,AM,CRMN MANAUS,S103,-3.02249999,-60.05555555,-9999.0
764,2017-04-07,08:00,0.0,1000.8,1000.8,1000.6,0,24.2,22.3,24.3,24.2,22.3,22.2,89,88,89,58,0.0,0.0,N,AM,CRMN MANAUS,S103,-3.02249999,-60.05555555,-9999.0
765,2017-04-07,12:00,0.0,1003.0,1003.0,1002.3,0,25.6,23.2,25.5,24.1,23.2,22.3,90,87,87,63,0.0,0.0,N,AM,CRMN MANAUS,S103,-3.02249999,-60.05555555,-9999.0
766,2017-04-07,16:00,5.0,1002.7,1003.7,1002.7,0,25.7,24.2,25.8,25.2,24.2,23.4,92,88,91,61,3.4,0.0,N,AM,CRMN MANAUS,S103,-3.02249999,-60.05555555,-9999.0
767,2017-04-07,20:00,10.0,998.0,998.7,997.9,0,25.8,21.7,28.8,23.8,23.9,21.5,92,72,78,66,5.9,0.0,N,AM,CRMN MANAUS,S103,-3.02249999,-60.05555555,-9999.0
768,2017-04-08,00:00,0.0,999.8,999.8,998.7,0,25.5,23.2,26.1,25.5,23.1,22.6,87,82,87,66,1.9,0.0,N,AM,CRMN MANAUS,S103,-3.02249999,-60.05555555,-9999.0
769,2017-04-08,04:00,0.0,1000.9,1001.8,1000.9,0,24.9,22.9,24.9,24.6,23.2,22.9,92,89,89,63,0.0,0.0,N,AM,CRMN MANAUS,S103,-3.02249999,-60.05555555,-9999.0
770,2017-04-08,08:00,0.0,999.6,999.6,999.3,0,24.1,22.8,24.3,24.1,22.8,22.7,92,91,92,63,0.8,0.0,N,AM,CRMN MANAUS,S103,-3.02249999,-60.05555555,-9999.0
771,2017-04-08,12:00,0.0,1002.3,1002.3,1001.3,0,25.3,23.3,25.4,24.2,23.5,22.8,92,89,88,56,1.9,1.0,N,AM,CRMN MANAUS,S103,-3.02249999,-60.05555555,-9999.0
772,2017-04-08,16:00,3.0,1001.8,1002.7,1001.8,0,25.3,23.2,25.4,24.5,23.7,22.9,91,89,88,68,1.7,0.0,N,AM,CRMN MANAUS,S103,-3.02249999,-60.05555555,-9999.0
773,2017-04-08,20:00,0.0,997.1,998.1,997.1,0,26.1,22.8,26.2,24.4,23.7,22.7,91,82,82,58,2.3,1.0,N,AM,CRMN MANAUS,S103,-3.02249999,-60.05555555,-9999.0
774,2017-04-09,00:00,0.0,999.4,999.3,998.7,0,24.7,23.0,24.9,24.7,23.1,23.0,91,89,90,60,1.7,0.0,N,AM,CRMN MANAUS,S103,-3.02249999,-60.05555555,-9999.0
775,2017-04-09,04:00,0.0,1000.7,1000.9,1000.7,0,24.0,22.8,24.3,24.0,22.9,22.8,93,92,93,63,1.0,0.0,N,AM,CRMN MANAUS,S103,-3.02249999,-60.05555555,-9999.0
776,2017-04-09,08:00,0.0,999.6,999.6,999.4,0,23.5,22.5,23.7,23.5,22.7,22.5,94,94,94,62,0.6,0.0,N,AM,CRMN MANAUS,S103,-3.02249999,-60.05555555,-9999.0
777,2017-04-09,12:00,0.0,1002.1,1002.1,1001.1,0,25.3,22.9,25.3,24.2,22.9,22.3,90,86,87,66,1.2,0.0,N,AM,CRMN MANAUS,S103,-3.02249999,-60.05555555,-9999.0
778,2017-04-09,16:00,0.0,1000.7,1002.3,1000.8,0,29.6,23.5,30.1,28.3,24.5,22.8,77,66,70,76,2.4,1.0,N,AM,CRMN MANAUS,S103,-3.02249999,-60.05555555,-9999.0
779,2017-04-09,20:00,0.0,997.1,997.1,996.6,0,28.2,23.3,30.8,28.3,23.5,22.5,74,62,75,73,4.9,3.0,N,AM,CRMN MANAUS,S103,-3.02249999,-60.05555555,-9999.0
780,2017-04-10,00:00,0.0,999.2,999.2,998.6,0,25.0,22.6,25.5,25.0,22.6,22.4,87,83,87,60,2.3,0.0,N,AM,CRMN MANAUS,S103,-3.02249999,-60.05555555,-9999.0
781,2017-04-10,04:00,0.0,1000.6,1001.0,1000.6,0,24.1,22.4,24.3,24.1,22.5,22.3,90,89,90,65,0.0,0.0,N,AM,CRMN MANAUS,S103,-3.02249999,-60.05555555,-9999.0
782,2017-04-10,08:00,0.0,999.3,999.8,999.3,0,22.9,21.6,23.7,22.9,22.0,21.6,92,90,92,62,0.0,0.0,N,AM,CRMN MANAUS,S103,-3.02249999,-60.05555555,-9999.0
783,2017-04-10,12:00,0.0,1002.0,1002.0,1000.9,0,25.8,22.4,25.8,24.4,22.5,21.8,86,82,82,63,2.5,0.0,N,AM,CRMN MANAUS,S103,-3.02249999,-60.05555555,-9999.0
784,2017-04-10,16:00,0.0,1001.6,1002.3,1001.7,0,24.6,22.6,29.5,24.6,23.0,22.3,88,66,88,57,4.2,3.0,N,AM,CRMN MANAUS,S103,-3.02249999,-60.05555555,-9999.0
785,2017-04-10,20:00,0.0,998.2,998.5,998.0,0,26.8,23.5,27.2,26.5,23.5,22.8,83,78,82,76,2.0,0.0,N,AM,CRMN MANAUS,S103,-3.02249999,-60.05555555,-9999.0
786,2017-04-11,00:00,0.0,999.8,999.8,998.9,0,25.4,23.7,25.5,25.4,23.8,23.5,91,90,91,68,1.1,0.0,N,AM,CRMN MANAUS,S103,-3.02249999,-60.05555555,-9999.0
787,2017-04-11,04:00,0.0,1001.6,1002.0,1001.6,0,24.4,23.1,24.5,24.4,23.1,23.1,92,92,92,67,0.0,0.0,N,AM,CRMN MANAUS,S103,-3.02249999,-60.05555555,-9999.0
788,2017-04-11,08:00,0.0,999.8,999.9,999.7,0,24.1,22.9,24.3,24.1,23.1,22.9,93,93,93,66,0.0,0.0,N,AM,CRMN MANAUS,S103,-3.02249999,-60.05555555,-9999.0
789,2017-04-11,12:00,0.0,1003.0,1002.9,1002.0,0,25.7,23.4,25.7,24.8,23.4,22.8,90,86,87,70,0.0,0.0,N,AM,CRMN MANAUS,S103,-3.02249999,-60.05555555,-9999.0
790,2017-04-11,16:00,0.0,1001.8,1002.9,1001.8,0,30.6,21.7,30.9,29.8,23.4,21.8,67,60,59,86,3.0,0.0,N,AM,CRMN MANAUS,S103,-3.02249999,-60.05555555,-9999.0
791,2017-04-11,20:00,0.0,997.0,997.4,996.9,0,29.1,23.9,29.1,25.9,24.6,23.0,87,71,74,90,2.4,0.0,N,AM,CRMN MANAUS,S103,-3.02249999,-60.05555555,-9999.0
792,2017-04-12,00:00,0.0,1000.1,1000.1,999.7,0,25.7,22.9,26.0,25.4,23.7,22.5,89,82,85,69,0.6,0.0,N,AM,CRMN MANAUS,S103,-3.02249999,-60.05555555,-9999.0
793,2017-04-12,04:00,0.0,1001.1,1001.5,1001.1,0,24.7,23.3,25.1,24.7,23.4,23.2,92,90,92,67,0.0,0.0,N,AM,CRMN MANAUS,S103,-3.02249999,-60.05555555,-9999.0
794,2017-04-12,08:00,0.0,1000.5,1000.5,1000.3,0,24.0,22.7,24.1,24.0,22.9,22.7,93,92,93,65,0.0,0.0,N,AM,CRMN MANAUS,S103,-3.02249999,-60.05555555,-9999.0
795,2017-04-12,12:00,0.0,1002.6,1002.6,1001.6,0,26.4,23.6,26.5,25.5,23.7,23.2,88,83,85,72,0.9,0.0,N,AM,CRMN MANAUS,S103,-3.02249999,-60.05555555,-9999.0
796,2017-04-12,16:00,0.0,1001.2,1002.5,1001.3,0,30.9,22.6,31.2,29.5,23.8,22.5,69,61,62,74,4.5,3.0,N,AM,CRMN MANAUS,S103,-3.02249999,-60.05555555,-9999.0
797,2017-04-12,20:00,0.0,997.1,997.8,997.1,0,30.5,21.7,30.8,30.0,22.8,21.1,64,56,60,69,5.6,4.0,N,AM,CRMN MANAUS,S103,-3.02249999,-60.05555555,-9999.0
798,2017-04-13,00:00,0.0,1000.2,1000.2,998.9,0,27.1,23.3,27.8,27.1,23.4,22.5,80,73,80,71,1.7,0.0,N,AM,CRMN MANAUS,S103,-3.02249999,-60.05555555,-9999.0
799,2017-04-13,04:00,0.0,1001.8,1002.1,1001.8,0,25.6,23.4,25.7,25.2,23.5,23.3,90,87,87,66,0.0,0.0,N,AM,CRMN MANAUS,S103,-3.02249999,-60.05555555,-9999.0
800,2017-04-13,08:00,0.0,999.9,1000.1,999.9,0,24.5,23.0,24.7,24.5,23.2,23.0,92,91,91,63,0.2,0.0,N,AM,CRMN MANAUS,S103,-3.02249999,-60.05555555,-9999.0
801,2017-04-13,12:00,0.0,1002.2,1002.2,1001.8,0,26.8,23.0,27.3,24.8,23.6,22.8,90,78,80,72,0.8,0.0,N,AM,CRMN MANAUS,S103,-3.02249999,-60.05555555,-9999.0
802,2017-04-13,16:00,0.0,1001.3,1002.8,1001.3,0,30.8,21.8,31.4,30.2,22.7,21.0,62,56,59,71,3.5,1.0,N,AM,CRMN MANAUS,S103,-3.02249999,-60.05555555,-9999.0
803,2017-04-13,20:00,0.0,997.8,998.6,997.6,0,26.9,23.6,30.5,26.8,24.0,22.6,83,63,82,66,4.8,0.0,N,AM,CRMN MANAUS,S103,-3.02249999,-60.05555555,-9999.0
804,2017-04-14,00:00,0.0,1000.1,1000.1,998.7,0,25.8,23.1,25.9,25.7,23.1,22.9,85,84,85,50,2.8,1.0,N,AM,CRMN MANAUS,S103,-3.02249999,-60.05555555,-9999.0
805,2017-04-14,04:00,0.0,1001.4,1001.7,1001.4,0,24.9,23.3,25.2,24.9,23.4,23.3,91,90,91,63,0.0,0.0,N,AM,CRMN MANAUS,S103,-3.02249999,-60.05555555,-9999.0
806,2017-04-14,08:00,0.0,1000.6,1000.6,999.7,0,24.3,23.1,24.3,24.2,23.2,23.0,94,93,93,61,0.0,0.0,N,AM,CRMN MANAUS,S103,-3.02249999,-60.05555555,-9999.0
807,2017-04-14,12:00,0.0,1002.6,1002.6,1001.5,0,26.1,23.5,26.3,24.8,23.9,23.4,93,85,86,68,1.1,0.0,N,AM,CRMN MANAUS,S103,-3.02249999,-60.05555555,-9999.0
808,2017-04-14,16:00,0.0,1001.4,1002.3,1001.4,0,28.9,23.6,30.0,28.6,23.7,22.9,74,66,73,65,4.0,3.0,N,AM,CRMN MANAUS,S103,-3.02249999,-60.05555555,-9999.0
809,2017-04-14,20:00,0.0,998.1,998.5,998.1,0,25.5,23.8,25.9,25.3,23.8,23.5,91,87,91,67,1.5,0.0,N,AM,CRMN MANAUS,S103,-3.02249999,-60.05555555,-9999.0
810,2017-04-15,00:00,0.0,999.5,999.8,999.1,0,25.0,23.5,25.2,24.9,23.5,23.2,92,89,92,62,1.8,0.0,N,AM,CRMN MANAUS,S103,-3.02249999,-60.05555555,-9999.0
811,2017-04-15,04:00,0.0,1001.6,1001.9,1001.6,0,24.9,23.7,25.0,24.8,23.7,23.5,93,92,93,64,0.0,0.0,N,AM,CRMN MANAUS,S103,-3.02249999,-60.05555555,-9999.0
812,2017-04-15,08:00,0.0,1000.5,1000.5,1000.2,0,24.9,23.7,25.1,24.9,23.8,23.7,93,93,93,65,0.0,0.0,N,AM,CRMN MANAUS,S103,-3.02249999,-60.05555555,-9999.0
813,2017-04-15,12:00,0.0,1002.9,1002.9,1002.2,0,26.2,23.6,26.2,25.1,24.0,23.6,91,86,86,63,1.6,0.0,N,AM,CRMN MANAUS,S103,-3.02249999,-60.05555555,-9999.0
814,2017-04-15,16:00,0.0,1003.2,1003.6,1003.2,0,25.7,23.6,27.2,25.7,24.4,23.6,89,84,89,67,1.2,0.0,N,AM,CRMN MANAUS,S103,-3.02249999,-60.05555555,-9999.0
815,2017-04-15,20:00,0.0,998.4,999.2,998.4,0,28.9,23.4,29.6,28.2,24.2,23.3,77,70,72,73,2.2,1.0,N,AM,CRMN MANAUS,S103,-3.02249999,-60.05555555,-9999.0
816,2017-04-16,00:00,0.0,1001.2,1001.2,1000.0,0,26.2,24.3,26.5,26.2,24.3,24.2,89,87,89,71,0.0,0.0,N,AM,CRMN MANAUS,S103,-3.02249999,-60.05555555,-9999.0
817,2017-04-16,04:00,0.0,1002.2,1002.8,1002.2,0,25.3,24.1,25.6,25.3,24.3,24.1,93,92,93,66,0.7,0.0,N,AM,CRMN MANAUS,S103,-3.02249999,-60.05555555,-9999.0
818,2017-04-16,08:00,0.0,1001.5,1001.7,1001.5,0,24.7,23.5,24.8,24.7,23.7,23.5,93,93,93,65,0.3,0.0,N,AM,CRMN MANAUS,S103,-3.02249999,-60.05555555,-9999.0
819,2017-04-16,12:00,1.0,1003.9,1003.9,1002.9,0,24.4,23.0,24.7,24.2,23.4,23.0,93,92,92,65,0.0,0.0,N,AM,CRMN MANAUS,S103,-3.02249999,-60.05555555,-9999.0
820,2017-04-16,16:00,3.0,1003.8,1004.8,1003.8,0,22.8,21.3,22.8,22.4,21.3,20.9,92,91,92,52,4.0,1.0,N,AM,CRMN MANAUS,S103,-3.02249999,-60.05555555,-9999.0
821,2017-04-16,20:00,0.0,999.1,1000.1,999.1,0,25.4,22.3,25.4,24.8,22.5,22.0,87,82,83,73,0.7,0.0,N,AM,CRMN MANAUS,S103,-3.02249999,-60.05555555,-9999.0
822,2017-04-17,00:00,0.0,1000.0,999.9,999.0,0,24.1,22.4,24.3,24.1,22.6,22.4,91,89,90,66,0.0,0.0,N,AM,CRMN MANAUS,S103,-3.02249999,-60.05555555,-9999.0
823,2017-04-17,04:00,0.0,1002.8,1002.8,1002.6,0,23.4,22.3,23.5,23.3,22.4,22.2,94,94,94,65,0.0,0.0,N,AM,CRMN MANAUS,S103,-3.02249999,-60.05555555,-9999.0
824,2017-04-17,08:00,0.0,1001.2,1001.4,1001.2,0,23.8,22.6,23.9,23.8,22.6,22.6,93,93,93,65,1.3,0.0,N,AM,CRMN MANAUS,S103,-3.02249999,-60.05555555,-9999.0
825,2017-04-17,12:00,0.0,1003.3,1003.3,1002.2,0,24.7,22.9,24.7,24.0,22.9,22.7,92,90,90,68,1.1,0.0,N,AM,CRMN MANAUS,S103,-3.02249999,-60.05555555,-9999.0
826,2017-04-17,16:00,0.0,1002.2,1003.4,1002.2,0,29.0,22.8,29.1,27.9,23.8,22.5,77,68,69,83,3.2,0.0,N,AM,CRMN MANAUS,S103,-3.02249999,-60.05555555,-9999.0
827,2017-04-17,20:00,8.0,999.4,999.9,999.4,0,23.9,22.4,24.5,23.9,22.8,22.4,92,88,91,60,2.7,1.0,N,AM,CRMN MANAUS,S103,-3.02249999,-60.05555555,-9999.0
828,2017-04-18,00:00,-9999.0,-9999.0,-9999.0,-9999.0,-9999,-9999.0,-9999.0,-9999.0,-9999.0,-9999.0,-9999.0,-9999,-9999,-9999,-9999,-9999.0,-9999.0,N,AM,CRMN MANAUS,S103,-3.02249999,-60.05555555,-9999.0
829,2017-04-18,04:00,0.0,1002.2,1002.3,1002.1,0,23.5,22.4,23.5,23.5,22.4,22.3,93,93,93,65,0.0,0.0,N,AM,CRMN MANAUS,S103,-3.02249999,-60.05555555,-9999.0
830,2017-04-18,08:00,0.0,1001.1,1001.2,1000.9,0,23.6,22.6,23.6,23.5,22.6,22.5,94,94,94,66,0.0,0.0,N,AM,CRMN MANAUS,S103,-3.02249999,-60.05555555,-9999.0
831,2017-04-18,12:00,0.0,1003.7,1003.7,1002.7,0,24.6,22.9,24.7,23.8,23.0,22.6,93,90,90,70,0.2,0.0,N,AM,CRMN MANAUS,S103,-3.02249999,-60.05555555,-9999.0
832,2017-04-18,16:00,0.0,1003.7,1004.3,1003.7,0,26.9,23.3,27.6,26.8,23.8,23.1,83,77,80,69,3.8,2.0,N,AM,CRMN MANAUS,S103,-3.02249999,-60.05555555,-9999.0
833,2017-04-18,20:00,0.0,999.1,999.9,999.0,0,29.7,23.8,30.1,29.0,24.4,22.2,74,65,71,79,2.4,1.0,N,AM,CRMN MANAUS,S103,-3.02249999,-60.05555555,-9999.0
834,2017-04-19,00:00,19.0,1001.0,1001.1,1000.2,0,24.7,23.6,26.0,24.7,23.7,23.4,93,86,93,72,2.7,0.0,N,AM,CRMN MANAUS,S103,-3.02249999,-60.05555555,-9999.0
835,2017-04-19,04:00,0.0,1001.9,1002.3,1001.9,0,24.1,23.1,24.2,24.1,23.2,23.1,94,94,94,70,0.0,0.0,N,AM,CRMN MANAUS,S103,-3.02249999,-60.05555555,-9999.0
836,2017-04-19,08:00,0.0,1001.1,1001.1,1000.9,0,24.1,23.2,24.2,24.1,23.3,23.2,95,94,95,70,0.0,0.0,N,AM,CRMN MANAUS,S103,-3.02249999,-60.05555555,-9999.0
837,2017-04-19,12:00,0.0,1003.1,1003.1,1002.5,0,24.5,23.5,24.5,24.0,23.4,23.0,94,94,94,70,0.1,0.0,N,AM,CRMN MANAUS,S103,-3.02249999,-60.05555555,-9999.0
838,2017-04-19,16:00,0.0,1001.9,1003.1,1001.9,0,28.3,23.9,28.8,27.5,24.6,23.6,82,76,77,85,1.8,0.0,N,AM,CRMN MANAUS,S103,-3.02249999,-60.05555555,-9999.0
839,2017-04-19,20:00,0.0,997.8,998.5,997.8,0,27.2,23.1,30.6,27.2,24.1,23.1,79,65,79,73,4.1,3.0,N,AM,CRMN MANAUS,S103,-3.02249999,-60.05555555,-9999.0
840,2017-04-20,00:00,0.0,1000.2,1000.2,998.8,0,25.8,23.8,26.0,25.7,23.8,23.5,89,86,88,71,2.1,0.0,N,AM,CRMN MANAUS,S103,-3.02249999,-60.05555555,-9999.0
841,2017-04-20,04:00,0.0,1001.8,1002.3,1001.8,0,24.4,23.1,24.8,24.4,23.1,23.0,92,90,92,66,1.0,0.0,N,AM,CRMN MANAUS,S103,-3.02249999,-60.05555555,-9999.0
842,2017-04-20,08:00,0.0,1000.5,1000.5,1000.4,0,23.9,22.7,24.2,23.9,22.9,22.6,93,92,93,69,0.0,0.0,N,AM,CRMN MANAUS,S103,-3.02249999,-60.05555555,-9999.0
843,2017-04-20,12:00,0.0,1002.9,1002.9,1002.1,0,25.0,23.0,25.0,24.0,23.5,22.7,94,88,89,65,2.2,1.0,N,AM,CRMN MANAUS,S103,-3.02249999,-60.05555555,-9999.0
844,2017-04-20,16:00,0.0,1002.0,1002.8,1002.0,0,31.2,21.6,31.2,30.1,23.3,21.4,66,57,57,77,4.3,3.0,N,AM,CRMN MANAUS,S103,-3.02249999,-60.05555555,-9999.0
845,2017-04-20,20:00,0.0,997.0,997.3,996.9,0,31.8,22.4,33.2,31.8,22.9,21.1,58,50,58,80,4.5,1.0,N,AM,CRMN MANAUS,S103,-3.02249999,-60.05555555,-9999.0
846,2017-04-21,00:00,0.0,998.2,998.2,997.7,0,28.4,23.1,29.0,28.3,23.2,22.7,74,69,73,82,1.6,0.0,N,AM,CRMN MANAUS,S103,-3.02249999,-60.05555555,-9999.0
847,2017-04-21,04:00,0.0,1001.0,1001.3,1000.7,0,26.2,23.8,26.6,26.2,23.9,23.6,87,84,87,72,0.9,0.0,N,AM,CRMN MANAUS,S103,-3.02249999,-60.05555555,-9999.0
848,2017-04-21,08:00,0.0,1000.2,1000.5,1000.0,0,24.6,23.2,25.3,24.6,23.9,23.0,92,89,92,70,2.2,0.0,N,AM,CRMN MANAUS,S103,-3.02249999,-60.05555555,-9999.0
849,2017-04-21,12:00,1.0,1003.7,1003.7,1002.9,0,24.0,22.9,24.0,23.7,22.8,22.5,93,92,93,68,1.1,0.0,N,AM,CRMN MANAUS,S103,-3.02249999,-60.05555555,-9999.0
850,2017-04-21,16:00,0.0,1002.7,1004.0,1002.7,0,28.4,22.9,28.6,27.7,23.4,22.6,76,71,72,75,2.9,1.0,N,AM,CRMN MANAUS,S103,-3.02249999,-60.05555555,-9999.0
851,2017-04-21,20:00,0.0,998.5,999.1,998.5,0,31.3,21.7,32.0,31.3,22.7,21.8,59,56,57,77,3.1,1.0,N,AM,CRMN MANAUS,S103,-3.02249999,-60.05555555,-9999.0
852,2017-04-22,00:00,0.0,1000.5,1000.5,998.7,0,27.6,24.0,28.2,27.6,24.0,22.8,81,72,81,62,2.5,1.0,N,AM,CRMN MANAUS,S103,-3.02249999,-60.05555555,-9999.0
853,2017-04-22,04:00,0.0,1002.7,1002.8,1002.3,0,26.2,23.3,26.5,26.0,23.5,23.1,85,83,84,70,1.5,0.0,N,AM,CRMN MANAUS,S103,-3.02249999,-60.05555555,-9999.0
854,2017-04-22,08:00,0.0,1001.4,1001.5,1001.2,0,25.2,23.2,25.6,25.2,23.3,23.1,89,86,89,68,1.6,0.0,N,AM,CRMN MANAUS,S103,-3.02249999,-60.05555555,-9999.0
855,2017-04-22,12:00,0.0,1003.2,1003.2,1002.5,0,26.9,23.7,26.8,25.6,23.8,23.5,89,83,83,59,2.9,1.0,N,AM,CRMN MANAUS,S103,-3.02249999,-60.05555555,-9999.0
856,2017-04-22,16:00,0.0,1002.5,1003.5,1002.5,0,31.2,23.2,31.6,30.7,23.9,22.0,65,59,63,77,3.7,1.0,N,AM,CRMN MANAUS,S103,-3.02249999,-60.05555555,-9999.0
857,2017-04-22,20:00,0.0,998.2,999.0,998.2,0,27.9,23.6,27.9,25.3,24.1,22.1,86,77,77,79,2.0,0.0,N,AM,CRMN MANAUS,S103,-3.02249999,-60.05555555,-9999.0
858,2017-04-23,00:00,0.0,1002.1,1002.2,1001.7,0,24.1,22.6,24.2,24.0,22.7,22.4,92,91,91,61,1.4,0.0,N,AM,CRMN MANAUS,S103,-3.02249999,-60.05555555,-9999.0
859,2017-04-23,04:00,0.0,1003.5,1003.6,1003.4,0,24.3,23.1,24.4,24.2,23.1,22.9,93,92,93,64,0.0,0.0,N,AM,CRMN MANAUS,S103,-3.02249999,-60.05555555,-9999.0
860,2017-04-23,08:00,0.0,1001.9,1002.0,1001.8,0,24.5,23.3,24.5,24.4,23.3,23.2,93,93,93,63,0.3,0.0,N,AM,CRMN MANAUS,S103,-3.02249999,-60.05555555,-9999.0
861,2017-04-23,12:00,0.0,1004.3,1004.3,1003.4,0,24.8,23.3,24.8,24.6,23.5,23.2,93,91,92,58,1.6,0.0,N,AM,CRMN MANAUS,S103,-3.02249999,-60.05555555,-9999.0
862,2017-04-23,16:00,0.0,1003.6,1005.3,1003.6,0,26.2,23.7,26.2,25.0,23.9,23.4,92,86,86,63,2.1,1.0,N,AM,CRMN MANAUS,S103,-3.02249999,-60.05555555,-9999.0
863,2017-04-23,20:00,0.0,999.3,1000.2,999.2,0,28.4,22.9,28.9,28.4,23.8,22.9,75,71,72,68,3.5,2.0,N,AM,CRMN MANAUS,S103,-3.02249999,-60.05555555,-9999.0
864,2017-04-24,00:00,0.0,1000.8,1000.9,1000.2,0,26.8,23.5,27.6,26.8,23.6,22.6,82,74,82,76,0.0,0.0,N,AM,CRMN MANAUS,S103,-3.02249999,-60.05555555,-9999.0
865,2017-04-24,04:00,0.0,1001.7,1002.3,1001.7,0,25.5,23.6,25.8,25.4,23.6,23.5,90,88,89,69,0.2,0.0,N,AM,CRMN MANAUS,S103,-3.02249999,-60.05555555,-9999.0
866,2017-04-24,08:00,0.0,1000.2,1000.2,1000.0,0,24.4,23.2,25.0,24.4,23.8,23.1,93,92,93,66,0.0,0.0,N,AM,CRMN MANAUS,S103,-3.02249999,-60.05555555,-9999.0
867,2017-04-24,12:00,0.0,1003.7,1003.7,1002.6,0,26.8,24.0,26.8,25.3,24.1,23.3,89,84,85,73,0.0,0.0,N,AM,CRMN MANAUS,S103,-3.02249999,-60.05555555,-9999.0
868,2017-04-24,16:00,0.0,1002.3,1003.8,1002.3,0,28.9,23.8,29.7,28.3,24.5,23.5,78,72,74,82,2.8,0.0,N,AM,CRMN MANAUS,S103,-3.02249999,-60.05555555,-9999.0
869,2017-04-24,20:00,0.0,996.9,997.7,996.8,0,32.0,22.6,32.2,30.9,23.7,22.1,64,56,58,96,2.2,0.0,N,AM,CRMN MANAUS,S103,-3.02249999,-60.05555555,-9999.0
870,2017-04-25,00:00,0.0,1000.0,1000.0,998.9,0,25.8,22.5,27.5,25.8,23.0,22.5,82,76,82,63,2.8,1.0,N,AM,CRMN MANAUS,S103,-3.02249999,-60.05555555,-9999.0
871,2017-04-25,04:00,0.0,1000.8,1000.9,1000.6,0,25.1,22.6,25.5,25.0,23.1,22.5,87,86,86,66,1.6,0.0,N,AM,CRMN MANAUS,S103,-3.02249999,-60.05555555,-9999.0
872,2017-04-25,08:00,0.0,999.4,999.4,999.2,0,24.5,22.7,24.5,24.2,22.8,22.7,91,90,90,66,0.0,0.0,N,AM,CRMN MANAUS,S103,-3.02249999,-60.05555555,-9999.0
873,2017-04-25,12:00,0.0,1001.8,1001.8,1000.8,0,26.5,23.1,26.6,25.1,23.4,22.9,88,82,82,61,2.8,1.0,N,AM,CRMN MANAUS,S103,-3.02249999,-60.05555555,-9999.0
874,2017-04-25,16:00,0.0,1000.8,1002.2,1000.8,0,31.5,23.9,32.1,30.7,23.6,22.3,64,57,64,81,3.1,1.0,N,AM,CRMN MANAUS,S103,-3.02249999,-60.05555555,-9999.0
875,2017-04-25,20:00,0.0,998.7,999.1,998.2,0,23.9,22.5,25.4,23.9,22.9,22.3,92,85,92,60,4.1,0.0,N,AM,CRMN MANAUS,S103,-3.02249999,-60.05555555,-9999.0
876,2017-04-26,00:00,0.0,1000.1,1000.1,999.4,0,23.7,22.0,23.9,23.6,22.1,21.9,90,90,90,63,1.0,0.0,N,AM,CRMN MANAUS,S103,-3.02249999,-60.05555555,-9999.0
877,2017-04-26,04:00,0.0,1000.5,1000.9,1000.5,0,23.4,21.9,23.5,23.4,22.1,21.9,92,91,91,61,0.8,0.0,N,AM,CRMN MANAUS,S103,-3.02249999,-60.05555555,-9999.0
878,2017-04-26,08:00,0.0,999.2,999.2,999.0,0,22.9,21.7,23.2,22.9,22.0,21.7,93,93,93,61,0.0,0.0,N,AM,CRMN MANAUS,S103,-3.02249999,-60.05555555,-9999.0
879,2017-04-26,12:00,0.0,1002.0,1002.0,1001.1,0,27.2,23.7,27.1,25.5,23.6,22.4,85,81,82,72,1.6,0.0,N,AM,CRMN MANAUS,S103,-3.02249999,-60.05555555,-9999.0
880,2017-04-26,16:00,0.0,1000.9,1002.0,1000.9,0,30.8,23.6,31.2,30.2,24.3,23.2,68,64,65,70,4.4,3.0,N,AM,CRMN MANAUS,S103,-3.02249999,-60.05555555,-9999.0
881,2017-04-26,20:00,0.0,997.3,997.3,996.9,0,29.9,24.0,32.4,29.8,24.2,22.6,72,57,71,74,3.1,0.0,N,AM,CRMN MANAUS,S103,-3.02249999,-60.05555555,-9999.0
882,2017-04-27,00:00,0.0,998.5,998.5,997.7,0,27.1,23.6,27.8,26.7,23.7,23.0,83,75,81,70,0.5,0.0,N,AM,CRMN MANAUS,S103,-3.02249999,-60.05555555,-9999.0
883,2017-04-27,04:00,0.0,1000.9,1001.3,1000.9,0,25.7,23.3,25.9,25.5,23.3,23.1,88,85,87,64,0.0,0.0,N,AM,CRMN MANAUS,S103,-3.02249999,-60.05555555,-9999.0
884,2017-04-27,08:00,0.0,999.4,1000.1,999.3,0,24.9,23.1,25.1,25.0,23.3,23.1,90,89,89,59,1.4,0.0,N,AM,CRMN MANAUS,S103,-3.02249999,-60.05555555,-9999.0
885,2017-04-27,12:00,0.0,1001.4,1001.5,1000.5,0,28.1,22.5,28.1,26.1,23.3,22.6,83,72,72,56,3.6,2.0,N,AM,CRMN MANAUS,S103,-3.02249999,-60.05555555,-9999.0
886,2017-04-27,16:00,0.0,1001.2,1001.7,1001.2,0,31.6,22.7,31.9,30.7,23.7,22.6,64,59,59,66,3.8,2.0,N,AM,CRMN MANAUS,S103,-3.02249999,-60.05555555,-9999.0
887,2017-04-27,20:00,1.0,997.5,998.0,997.5,0,30.6,24.3,33.5,30.4,24.5,21.7,70,52,69,75,3.2,1.0,N,AM,CRMN MANAUS,S103,-3.02249999,-60.05555555,-9999.0
888,2017-04-28,00:00,0.0,1000.4,1000.5,999.4,0,28.2,24.2,29.8,28.3,24.4,23.2,80,68,79,56,1.7,0.0,N,AM,CRMN MANAUS,S103,-3.02249999,-60.05555555,-9999.0
889,2017-04-28,04:00,0.0,1002.3,1002.6,1002.3,0,25.7,23.1,26.4,25.6,23.4,23.1,86,83,86,60,0.0,0.0,N,AM,CRMN MANAUS,S103,-3.02249999,-60.05555555,-9999.0
890,2017-04-28,08:00,1.0,1001.0,1001.1,1000.6,0,24.2,23.1,24.2,22.8,23.1,21.4,93,91,93,54,3.7,0.0,N,AM,CRMN MANAUS,S103,-3.02249999,-60.05555555,-9999.0
891,2017-04-28,12:00,0.0,1004.1,1004.1,1002.5,0,25.3,23.7,25.4,24.0,23.7,22.8,93,90,91,58,1.4,0.0,N,AM,CRMN MANAUS,S103,-3.02249999,-60.05555555,-9999.0
892,2017-04-28,16:00,0.0,1003.6,1004.4,1003.6,0,28.6,24.0,28.7,26.9,24.4,23.5,84,76,76,56,3.8,3.0,N,AM,CRMN MANAUS,S103,-3.02249999,-60.05555555,-9999.0
893,2017-04-28,20:00,0.0,1000.7,1001.2,1000.3,0,24.8,23.0,25.0,23.8,23.4,22.3,92,89,90,55,2.4,1.0,N,AM,CRMN MANAUS,S103,-3.02249999,-60.05555555,-9999.0
894,2017-04-29,00:00,0.0,1002.2,1002.3,1001.5,0,24.1,22.8,24.1,24.0,22.8,22.6,93,91,92,57,0.1,0.0,N,AM,CRMN MANAUS,S103,-3.02249999,-60.05555555,-9999.0
895,2017-04-29,04:00,0.0,1002.7,1003.5,1002.7,0,23.7,22.6,23.8,23.7,22.7,22.5,93,93,93,57,0.1,0.0,N,AM,CRMN MANAUS,S103,-3.02249999,-60.05555555,-9999.0
896,2017-04-29,08:00,0.0,1002.2,1002.2,1002.0,0,23.1,22.2,23.3,23.1,22.4,22.2,95,94,95,57,0.0,0.0,N,AM,CRMN MANAUS,S103,-3.02249999,-60.05555555,-9999.0
897,2017-04-29,12:00,0.0,1004.7,1004.7,1003.9,0,23.7,22.8,23.7,23.2,22.9,22.4,95,95,95,62,0.0,0.0,N,AM,CRMN MANAUS,S103,-3.02249999,-60.05555555,-9999.0
898,2017-04-29,16:00,0.0,1004.0,1005.0,1004.0,0,27.9,23.5,28.3,27.2,23.9,23.3,81,76,77,68,2.7,1.0,N,AM,CRMN MANAUS,S103,-3.02249999,-60.05555555,-9999.0
899,2017-04-29,20:00,0.0,1001.3,1002.0,1001.3,0,25.5,21.2,27.9,25.5,22.5,21.1,77,71,77,56,4.9,1.0,N,AM,CRMN MANAUS,S103,-3.02249999,-60.05555555,-9999.0
900,2017-04-30,00:00,0.0,1002.4,1002.4,1001.1,0,23.8,22.1,24.0,23.8,22.2,22.0,90,90,90,55,2.3,0.0,N,AM,CRMN MANAUS,S103,-3.02249999,-60.05555555,-9999.0
901,2017-04-30,04:00,0.0,1004.2,1004.9,1004.3,0,24.1,22.6,24.1,24.0,22.6,22.4,91,91,91,59,0.0,0.0,N,AM,CRMN MANAUS,S103,-3.02249999,-60.05555555,-9999.0
902,2017-04-30,08:00,0.0,1002.3,1002.3,1001.9,0,23.3,22.2,23.4,23.3,22.2,22.1,93,93,93,58,0.0,0.0,N,AM,CRMN MANAUS,S103,-3.02249999,-60.05555555,-9999.0
903,2017-04-30,12:00,0.0,1005.0,1005.0,1004.4,0,24.5,22.5,24.6,23.6,22.7,22.3,93,89,88,62,0.0,0.0,N,AM,CRMN MANAUS,S103,-3.02249999,-60.05555555,-9999.0
904,2017-04-30,16:00,0.0,1003.8,1004.8,1003.9,0,29.7,22.1,30.1,28.7,23.1,21.9,70,64,64,76,2.0,0.0,N,AM,CRMN MANAUS,S103,-3.02249999,-60.05555555,-9999.0
905,2017-04-30,20:00,0.0,1000.3,1000.5,1000.2,0,28.3,23.3,28.7,28.0,24.0,23.1,77,73,74,61,3.0,1.0,N,AM,CRMN MANAUS,S103,-3.02249999,-60.05555555,-9999.0
906,2017-05-01,00:00,0.0,1001.7,1002.0,1001.4,0,25.0,23.1,25.6,24.9,23.6,23.0,90,87,89,63,2.6,0.0,N,AM,CRMN MANAUS,S103,-3.02249999,-60.05555555,-9999.0
907,2017-05-01,04:00,0.0,1002.9,1003.3,1002.9,0,25.0,23.2,25.0,24.9,23.4,23.2,91,90,90,63,0.0,0.0,N,AM,CRMN MANAUS,S103,-3.02249999,-60.05555555,-9999.0
908,2017-05-01,08:00,0.0,1002.4,1002.4,1001.8,0,23.8,22.6,24.0,23.7,22.8,22.5,93,93,93,60,0.0,0.0,N,AM,CRMN MANAUS,S103,-3.02249999,-60.05555555,-9999.0
909,2017-05-01,12:00,0.0,1004.3,1004.3,1003.6,0,25.5,23.2,25.5,24.1,23.2,22.6,92,87,87,66,0.0,0.0,N,AM,CRMN MANAUS,S103,-3.02249999,-60.05555555,-9999.0
910,2017-05-01,16:00,0.0,1003.1,1004.1,1003.2,0,30.8,22.7,30.8,29.1,23.7,22.2,70,61,62,77,3.9,0.0,N,AM,CRMN MANAUS,S103,-3.02249999,-60.05555555,-9999.0
911,2017-05-01,20:00,3.0,999.1,999.7,999.1,0,26.4,23.9,28.2,26.0,24.3,22.3,87,74,87,71,3.0,0.0,N,AM,CRMN MANAUS,S103,-3.02249999,-60.05555555,-9999.0
912,2017-05-02,00:00,0.0,1001.1,1001.1,1000.2,0,26.4,23.4,27.1,26.3,23.6,23.3,85,80,83,68,0.0,0.0,N,AM,CRMN MANAUS,S103,-3.02249999,-60.05555555,-9999.0
913,2017-05-02,04:00,0.0,1002.1,1002.4,1002.0,0,25.2,23.6,25.4,25.2,23.7,23.6,91,91,91,64,0.0,0.0,N,AM,CRMN MANAUS,S103,-3.02249999,-60.05555555,-9999.0
914,2017-05-02,08:00,0.0,1001.2,1001.2,1001.0,0,24.4,23.1,24.7,24.3,23.2,23.0,93,91,93,62,0.0,0.0,N,AM,CRMN MANAUS,S103,-3.02249999,-60.05555555,-9999.0
915,2017-05-02,12:00,1.0,1003.6,1003.6,1002.8,0,24.7,23.2,24.9,24.6,23.4,23.0,91,90,91,62,1.9,0.0,N,AM,CRMN MANAUS,S103,-3.02249999,-60.05555555,-9999.0
916,2017-05-02,16:00,5.0,1003.1,1003.7,1003.1,0,26.1,23.9,27.6,24.4,23.9,21.8,89,77,87,72,4.0,0.0,N,AM,CRMN MANAUS,S103,-3.02249999,-60.05555555,-9999.0
917,2017-05-02,20:00,0.0,999.4,999.5,999.2,0,28.8,23.7,30.2,28.4,24.2,22.8,78,65,74,90,1.9,0.0,N,AM,CRMN MANAUS,S103,-3.02249999,-60.05555555,-9999.0
918,2017-05-03,00:00,2.0,1002.0,1002.0,1001.4,0,24.0,22.3,24.2,23.7,22.6,22.1,91,90,91,52,4.1,1.0,N,AM,CRMN MANAUS,S103,-3.02249999,-60.05555555,-9999.0
919,2017-05-03,04:00,0.0,1003.1,1003.5,1003.1,0,23.4,22.2,23.4,23.2,22.2,21.9,93,92,93,62,0.0,0.0,N,AM,CRMN MANAUS,S103,-3.02249999,-60.05555555,-9999.0
920,2017-05-03,08:00,0.0,1000.7,1001.0,1000.7,0,23.1,21.9,23.3,23.1,22.0,21.9,93,92,93,60,0.7,0.0,N,AM,CRMN MANAUS,S103,-3.02249999,-60.05555555,-9999.0
921,2017-05-03,12:00,0.0,1003.6,1003.6,1002.6,0,24.3,22.1,24.3,23.5,22.1,21.6,90,87,87,64,0.7,0.0,N,AM,CRMN MANAUS,S103,-3.02249999,-60.05555555,-9999.0
922,2017-05-03,16:00,0.0,1003.0,1004.0,1003.1,0,30.2,22.6,30.3,28.8,23.5,22.2,71,63,64,89,2.3,0.0,N,AM,CRMN MANAUS,S103,-3.02249999,-60.05555555,-9999.0
923,2017-05-03,20:00,0.0,998.6,999.8,998.6,0,31.1,22.1,31.3,29.7,24.1,21.8,70,58,59,76,2.9,1.0,N,AM,CRMN MANAUS,S103,-3.02249999,-60.05555555,-9999.0
924,2017-05-04,00:00,0.0,1000.1,1000.1,999.3,0,28.2,22.0,28.7,28.0,22.4,21.9,71,67,69,72,1.3,0.0,N,AM,CRMN MANAUS,S103,-3.02249999,-60.05555555,-9999.0
925,2017-05-04,04:00,0.0,1001.4,1001.6,1001.4,0,25.7,23.4,25.8,25.5,23.5,22.8,88,85,87,66,0.5,0.0,N,AM,CRMN MANAUS,S103,-3.02249999,-60.05555555,-9999.0
926,2017-05-04,08:00,0.0,1000.4,1000.3,1000.1,0,25.7,23.0,25.7,25.5,23.2,23.0,87,85,85,64,1.1,0.0,N,AM,CRMN MANAUS,S103,-3.02249999,-60.05555555,-9999.0
927,2017-05-04,12:00,0.0,1003.0,1003.0,1001.6,0,26.7,22.9,27.0,25.7,23.1,22.4,84,77,80,72,0.0,0.0,N,AM,CRMN MANAUS,S103,-3.02249999,-60.05555555,-9999.0
928,2017-05-04,16:00,0.0,1001.5,1002.4,1001.5,0,28.9,24.0,30.0,28.6,24.7,23.3,77,68,75,72,2.8,1.0,N,AM,CRMN MANAUS,S103,-3.02249999,-60.05555555,-9999.0
929,2017-05-04,20:00,3.0,997.8,998.0,997.8,0,26.3,23.5,29.0,26.3,24.2,23.4,84,74,85,59,3.6,2.0,N,AM,CRMN MANAUS,S103,-3.02249999,-60.05555555,-9999.0
930,2017-05-05,00:00,0.0,1000.2,1000.2,999.8,0,25.1,23.7,25.7,25.1,23.8,23.3,92,88,92,64,0.0,0.0,N,AM,CRMN MANAUS,S103,-3.02249999,-60.05555555,-9999.0
931,2017-05-05,04:00,0.0,1001.6,1001.9,1001.6,0,25.1,23.5,25.2,25.0,23.6,23.4,92,90,91,62,0.0,0.0,N,AM,CRMN MANAUS,S103,-3.02249999,-60.05555555,-9999.0
932,2017-05-05,08:00,0.0,1000.1,1000.1,999.9,0,24.0,21.8,24.8,24.0,23.4,21.8,92,86,87,57,2.5,0.0,N,AM,CRMN MANAUS,S103,-3.02249999,-60.05555555,-9999.0
933,2017-05-05,12:00,0.0,1002.4,1002.4,1001.5,0,25.2,23.0,25.2,24.3,23.2,22.9,92,87,88,54,1.9,1.0,N,AM,CRMN MANAUS,S103,-3.02249999,-60.05555555,-9999.0
934,2017-05-05,16:00,0.0,1001.3,1002.4,1001.3,0,31.4,22.6,32.0,29.8,23.6,22.2,68,57,60,69,4.2,2.0,N,AM,CRMN MANAUS,S103,-3.02249999,-60.05555555,-9999.0
935,2017-05-05,20:00,8.0,998.5,999.2,998.5,0,24.4,21.7,24.6,23.8,22.6,21.7,91,85,85,46,7.1,4.0,N,AM,CRMN MANAUS,S103,-3.02249999,-60.05555555,-9999.0
936,2017-05-06,00:00,0.0,1000.3,1000.3,999.8,0,24.1,21.8,24.4,24.0,21.8,21.6,87,85,87,47,3.2,1.0,N,AM,CRMN MANAUS,S103,-3.02249999,-60.05555555,-9999.0
937,2017-05-06,04:00,0.0,1001.4,1001.4,1001.3,0,23.9,21.7,24.2,23.7,21.9,21.7,90,86,88,58,0.0,0.0,N,AM,CRMN MANAUS,S103,-3.02249999,-60.05555555,-9999.0
938,2017-05-06,08:00,0.0,1001.0,1001.0,1000.8,0,23.1,21.6,23.2,23.1,21.6,21.6,91,90,91,56,0.0,0.0,N,AM,CRMN MANAUS,S103,-3.02249999,-60.05555555,-9999.0
939,2017-05-06,12:00,0.0,1003.0,1003.0,1002.2,0,26.2,22.7,26.2,24.5,22.9,21.9,87,80,81,66,1.5,0.0,N,AM,CRMN MANAUS,S103,-3.02249999,-60.05555555,-9999.0
940,2017-05-06,16:00,0.0,1002.2,1002.9,1002.1,0,30.9,22.0,31.1,30.3,22.7,21.1,62,57,59,71,4.1,1.0,N,AM,CRMN MANAUS,S103,-3.02249999,-60.05555555,-9999.0
941,2017-05-06,20:00,0.0,997.7,998.2,997.6,0,31.8,21.5,32.3,31.2,22.2,21.3,57,53,54,68,4.2,2.0,N,AM,CRMN MANAUS,S103,-3.02249999,-60.05555555,-9999.0
942,2017-05-07,00:00,0.0,999.3,999.3,998.6,0,27.2,22.7,27.6,27.2,23.2,22.6,78,74,76,66,1.2,0.0,N,AM,CRMN MANAUS,S103,-3.02249999,-60.05555555,-9999.0
943,2017-05-07,04:00,0.0,1001.4,1001.6,1001.3,0,25.7,23.3,26.3,25.7,23.5,23.2,87,84,86,61,0.1,0.0,N,AM,CRMN MANAUS,S103,-3.02249999,-60.05555555,-9999.0
944,2017-05-07,08:00,0.0,999.9,1000.0,999.8,0,24.7,22.5,24.7,24.3,22.4,21.9,89,85,87,53,2.2,0.0,N,AM,CRMN MANAUS,S103,-3.02249999,-60.05555555,-9999.0
945,2017-05-07,12:00,0.0,1001.8,1001.8,1001.1,0,25.0,23.3,25.0,24.6,23.5,23.2,92,91,91,58,0.1,0.0,N,AM,CRMN MANAUS,S103,-3.02249999,-60.05555555,-9999.0
946,2017-05-07,16:00,0.0,1001.5,1002.3,1001.5,0,29.5,22.9,30.0,29.4,24.4,22.7,73,66,68,61,3.2,2.0,N,AM,CRMN MANAUS,S103,-3.02249999,-60.05555555,-9999.0
947,2017-05-07,20:00,0.0,997.5,997.5,997.4,0,26.8,24.3,27.1,26.2,24.3,23.8,88,84,86,70,0.9,0.0,N,AM,CRMN MANAUS,S103,-3.02249999,-60.05555555,-9999.0
948,2017-05-08,00:00,0.0,999.8,999.8,999.1,0,25.8,23.8,25.8,25.5,24.0,23.8,91,89,89,61,0.0,0.0,N,AM,CRMN MANAUS,S103,-3.02249999,-60.05555555,-9999.0
949,2017-05-08,04:00,0.0,1000.9,1001.2,1000.9,0,25.4,23.9,25.5,25.4,24.0,23.9,91,91,92,59,0.0,0.0,N,AM,CRMN MANAUS,S103,-3.02249999,-60.05555555,-9999.0
950,2017-05-08,08:00,0.0,998.9,999.3,998.9,0,24.5,23.5,24.7,24.5,23.6,23.4,94,94,94,57,0.0,0.0,N,AM,CRMN MANAUS,S103,-3.02249999,-60.05555555,-9999.0
951,2017-05-08,12:00,0.0,1001.5,1001.5,1000.8,0,25.6,24.2,25.6,24.5,24.3,23.5,94,92,92,62,0.5,0.0,N,AM,CRMN MANAUS,S103,-3.02249999,-60.05555555,-9999.0
952,2017-05-08,16:00,0.0,1000.8,1001.7,1000.8,0,30.6,22.6,30.9,29.0,24.2,22.4,75,62,63,65,4.4,2.0,N,AM,CRMN MANAUS,S103,-3.02249999,-60.05555555,-9999.0
953,2017-05-08,20:00,0.0,997.2,997.8,997.2,0,30.2,22.8,31.5,30.2,23.0,22.3,65,59,65,58,3.8,2.0,N,AM,CRMN MANAUS,S103,-3.02249999,-60.05555555,-9999.0
954,2017-05-09,00:00,0.0,999.4,999.4,998.4,0,26.2,23.9,27.4,26.2,23.9,23.7,87,80,87,62,1.6,0.0,N,AM,CRMN MANAUS,S103,-3.02249999,-60.05555555,-9999.0
955,2017-05-09,04:00,0.0,1000.8,1001.1,1000.7,0,24.6,23.0,25.0,24.6,23.1,23.0,91,89,91,56,0.3,0.0,N,AM,CRMN MANAUS,S103,-3.02249999,-60.05555555,-9999.0
956,2017-05-09,08:00,0.0,999.6,999.7,999.5,0,23.9,22.5,24.0,23.9,22.7,22.5,93,92,92,54,0.0,0.0,N,AM,CRMN MANAUS,S103,-3.02249999,-60.05555555,-9999.0
957,2017-05-09,12:00,0.0,1002.7,1002.7,1001.8,0,25.2,23.0,25.2,23.9,23.1,22.5,92,88,87,61,0.8,0.0,N,AM,CRMN MANAUS,S103,-3.02249999,-60.05555555,-9999.0
958,2017-05-09,16:00,0.0,1002.1,1003.1,1002.1,0,29.7,23.6,29.7,28.5,24.1,22.9,76,67,70,79,3.0,0.0,N,AM,CRMN MANAUS,S103,-3.02249999,-60.05555555,-9999.0
959,2017-05-09,20:00,0.0,998.3,998.3,997.7,0,28.8,22.6,31.6,28.8,23.3,22.3,69,58,69,55,5.0,2.0,N,AM,CRMN MANAUS,S103,-3.02249999,-60.05555555,-9999.0
960,2017-05-10,00:00,0.0,999.9,999.9,999.0,0,25.3,23.2,25.8,25.2,23.3,23.2,88,86,88,53,0.9,0.0,N,AM,CRMN MANAUS,S103,-3.02249999,-60.05555555,-9999.0
961,2017-05-10,04:00,0.0,1001.8,1001.8,1001.5,0,25.0,22.6,25.0,24.9,22.7,22.5,88,86,87,55,0.1,0.0,N,AM,CRMN MANAUS,S103,-3.02249999,-60.05555555,-9999.0
962,2017-05-10,08:00,0.0,1000.7,1000.8,1000.5,0,23.7,22.2,24.0,23.6,22.2,22.1,91,90,91,52,0.0,0.0,N,AM,CRMN MANAUS,S103,-3.02249999,-60.05555555,-9999.0
963,2017-05-10,12:00,0.0,1003.5,1003.5,1002.5,0,26.5,22.7,26.7,24.5,23.1,22.4,88,79,80,55,2.0,1.0,N,AM,CRMN MANAUS,S103,-3.02249999,-60.05555555,-9999.0
964,2017-05-10,16:00,1.0,1002.2,1003.3,1002.2,0,30.7,25.0,30.6,28.3,25.4,23.1,80,65,72,67,3.3,0.0,N,AM,CRMN MANAUS,S103,-3.02249999,-60.05555555,-9999.0
965,2017-05-10,20:00,0.0,997.8,998.3,997.8,0,31.1,22.1,31.9,31.1,22.6,21.4,61,55,59,57,2.9,2.0,N,AM,CRMN MANAUS,S103,-3.02249999,-60.05555555,-9999.0
966,2017-05-11,00:00,0.0,1000.0,999.9,999.2,0,28.4,23.4,29.1,28.3,23.5,22.9,74,70,74,61,2.0,0.0,N,AM,CRMN MANAUS,S103,-3.02249999,-60.05555555,-9999.0
967,2017-05-11,04:00,0.0,1002.4,1002.6,1002.3,0,26.4,24.0,26.7,26.1,24.0,23.8,88,85,87,54,0.0,0.0,N,AM,CRMN MANAUS,S103,-3.02249999,-60.05555555,-9999.0
968,2017-05-11,08:00,0.0,1001.2,1001.2,1001.1,0,24.7,23.2,25.6,24.7,23.6,23.2,92,88,92,51,0.1,0.0,N,AM,CRMN MANAUS,S103,-3.02249999,-60.05555555,-9999.0
969,2017-05-11,12:00,0.0,1003.2,1003.3,1002.7,0,26.1,23.7,26.1,24.9,24.2,23.6,94,87,87,55,0.2,0.0,N,AM,CRMN MANAUS,S103,-3.02249999,-60.05555555,-9999.0
970,2017-05-11,16:00,0.0,1002.6,1003.7,1002.6,0,28.9,23.2,28.9,26.1,24.3,23.2,86,73,72,81,2.4,0.0,N,AM,CRMN MANAUS,S103,-3.02249999,-60.05555555,-9999.0
971,2017-05-11,20:00,0.0,997.9,998.5,997.9,0,30.4,23.2,30.8,28.1,24.0,22.9,75,65,65,86,1.6,0.0,N,AM,CRMN MANAUS,S103,-3.02249999,-60.05555555,-9999.0
972,2017-05-12,00:00,0.0,1000.0,1000.0,999.1,0,26.9,23.3,27.3,26.8,23.9,23.2,83,80,81,60,0.0,0.0,N,AM,CRMN MANAUS,S103,-3.02249999,-60.05555555,-9999.0
973,2017-05-12,04:00,0.0,1001.3,1001.4,1001.2,0,25.0,23.6,25.5,24.8,23.7,23.4,92,90,92,54,0.0,0.0,N,AM,CRMN MANAUS,S103,-3.02249999,-60.05555555,-9999.0
974,2017-05-12,08:00,0.0,1000.3,1000.5,1000.3,0,24.6,23.4,24.9,24.6,23.6,23.4,93,93,93,52,0.2,0.0,N,AM,CRMN MANAUS,S103,-3.02249999,-60.05555555,-9999.0
975,2017-05-12,12:00,0.0,1003.1,1003.1,1001.9,0,26.8,23.6,26.8,24.7,23.8,23.1,92,83,83,55,2.2,0.0,N,AM,CRMN MANAUS,S103,-3.02249999,-60.05555555,-9999.0
976,2017-05-12,16:00,0.0,1002.6,1003.5,1002.6,0,31.1,23.5,31.3,28.7,24.4,23.1,76,63,64,61,3.4,2.0,N,AM,CRMN MANAUS,S103,-3.02249999,-60.05555555,-9999.0
977,2017-05-12,20:00,0.0,999.0,999.2,998.9,0,27.8,24.4,28.4,27.9,25.3,24.5,84,82,82,56,2.4,1.0,N,AM,CRMN MANAUS,S103,-3.02249999,-60.05555555,-9999.0
978,2017-05-13,00:00,0.0,1000.6,1000.6,1000.0,0,25.2,23.8,25.2,24.9,24.0,23.7,93,92,92,55,0.5,0.0,N,AM,CRMN MANAUS,S103,-3.02249999,-60.05555555,-9999.0
979,2017-05-13,04:00,0.0,1002.2,1002.2,1001.9,0,26.0,23.8,26.1,25.7,23.8,23.2,88,86,88,48,1.4,0.0,N,AM,CRMN MANAUS,S103,-3.02249999,-60.05555555,-9999.0
980,2017-05-13,08:00,0.0,1001.2,1001.2,1001.1,0,24.6,23.1,25.0,24.6,23.5,23.1,92,91,91,54,0.0,0.0,N,AM,CRMN MANAUS,S103,-3.02249999,-60.05555555,-9999.0
981,2017-05-13,12:00,0.0,1003.5,1003.5,1002.4,0,26.3,23.9,26.3,25.1,24.1,23.6,92,87,87,60,1.9,0.0,N,AM,CRMN MANAUS,S103,-3.02249999,-60.05555555,-9999.0
982,2017-05-13,16:00,0.0,1002.3,1003.3,1002.3,0,31.9,23.7,32.0,31.0,24.3,23.0,67,61,62,67,3.6,1.0,N,AM,CRMN MANAUS,S103,-3.02249999,-60.05555555,-9999.0
983,2017-05-13,20:00,1.0,1000.6,1000.7,1000.3,0,25.2,23.8,25.5,25.2,24.0,23.7,92,90,92,50,3.5,1.0,N,AM,CRMN MANAUS,S103,-3.02249999,-60.05555555,-9999.0
984,2017-05-14,00:00,0.0,1001.9,1001.9,1001.4,0,23.9,22.7,24.0,23.8,22.9,22.7,94,93,93,54,0.4,0.0,N,AM,CRMN MANAUS,S103,-3.02249999,-60.05555555,-9999.0
985,2017-05-14,04:00,0.0,1003.9,1003.9,1003.5,0,24.5,23.1,25.1,24.5,23.5,23.1,92,91,92,57,0.1,0.0,N,AM,CRMN MANAUS,S103,-3.02249999,-60.05555555,-9999.0
986,2017-05-14,08:00,0.0,1001.6,1002.0,1001.6,0,24.1,23.0,24.1,24.0,23.1,23.0,94,94,94,58,0.0,0.0,N,AM,CRMN MANAUS,S103,-3.02249999,-60.05555555,-9999.0
987,2017-05-14,12:00,0.0,1003.6,1003.6,1003.2,0,25.5,23.9,25.5,24.4,23.9,23.4,94,91,91,64,0.0,0.0,N,AM,CRMN MANAUS,S103,-3.02249999,-60.05555555,-9999.0
988,2017-05-14,16:00,0.0,1002.4,1003.2,1002.4,0,30.8,22.9,30.9,29.0,24.4,22.6,75,63,63,68,4.7,2.0,N,AM,CRMN MANAUS,S103,-3.02249999,-60.05555555,-9999.0
989,2017-05-14,20:00,0.0,999.1,999.8,999.0,0,30.6,23.2,31.9,30.6,23.8,23.0,66,59,65,70,3.3,2.0,N,AM,CRMN MANAUS,S103,-3.02249999,-60.05555555,-9999.0
990,2017-05-15,00:00,0.0,1000.2,1000.1,999.3,0,26.8,23.9,27.4,26.6,24.0,23.5,86,80,84,70,0.0,0.0,N,AM,CRMN MANAUS,S103,-3.02249999,-60.05555555,-9999.0
991,2017-05-15,04:00,0.0,1002.4,1002.4,1002.3,0,25.8,23.8,26.4,25.8,24.0,23.8,90,86,89,67,0.0,0.0,N,AM,CRMN MANAUS,S103,-3.02249999,-60.05555555,-9999.0
992,2017-05-15,08:00,-9999.0,-9999.0,-9999.0,-9999.0,-9999,-9999.0,-9999.0,-9999.0,-9999.0,-9999.0,-9999.0,-9999,-9999,-9999,-9999,-9999.0,-9999.0,N,AM,CRMN MANAUS,S103,-3.02249999,-60.05555555,-9999.0
993,2017-05-15,12:00,0.0,1002.2,1002.2,1001.5,0,28.4,23.6,28.3,26.9,23.6,23.0,80,75,75,62,2.4,1.0,N,AM,CRMN MANAUS,S103,-3.02249999,-60.05555555,-9999.0
994,2017-05-15,16:00,0.0,1002.3,1003.0,1002.3,0,32.1,23.6,32.5,31.2,23.5,22.3,62,56,61,76,2.9,2.0,N,AM,CRMN MANAUS,S103,-3.02249999,-60.05555555,-9999.0
995,2017-05-15,20:00,0.0,998.1,998.8,998.1,0,32.9,22.4,33.2,32.6,23.0,22.0,56,52,54,69,3.9,2.0,N,AM,CRMN MANAUS,S103,-3.02249999,-60.05555555,-9999.0
996,2017-05-16,00:00,0.0,1000.5,1000.4,999.0,0,29.5,23.2,30.0,29.5,23.3,22.7,69,65,69,72,0.1,0.0,N,AM,CRMN MANAUS,S103,-3.02249999,-60.05555555,-9999.0
997,2017-05-16,04:00,0.0,1002.1,1002.8,1002.1,0,27.4,23.9,27.9,27.5,24.0,23.8,81,79,81,64,0.2,0.0,N,AM,CRMN MANAUS,S103,-3.02249999,-60.05555555,-9999.0
998,2017-05-16,08:00,0.0,1000.4,1000.4,1000.1,0,25.7,23.4,26.1,25.7,23.5,23.2,88,84,87,58,0.5,0.0,N,AM,CRMN MANAUS,S103,-3.02249999,-60.05555555,-9999.0
999,2017-05-16,12:00,0.0,1003.6,1003.6,1002.5,0,27.2,24.1,27.1,25.7,24.2,23.7,89,83,83,62,1.2,0.0,N,AM,CRMN MANAUS,S103,-3.02249999,-60.05555555,-9999.0
1000,2017-05-16,16:00,0.0,1002.9,1003.7,1002.8,0,32.3,22.1,32.7,30.9,24.3,22.1,68,54,55,72,3.0,1.0,N,AM,CRMN MANAUS,S103,-3.02249999,-60.05555555,-9999.0
1001,2017-05-16,20:00,1.0,999.3,1000.9,999.3,0,26.0,24.1,26.2,24.5,24.4,22.7,92,89,90,58,1.3,0.0,N,AM,CRMN MANAUS,S103,-3.02249999,-60.05555555,-9999.0
1002,2017-05-17,00:00,0.0,1001.4,1001.4,1000.8,0,25.5,23.8,25.5,25.2,23.9,23.7,92,90,91,58,0.0,0.0,N,AM,CRMN MANAUS,S103,-3.02249999,-60.05555555,-9999.0
1003,2017-05-17,04:00,0.0,1002.5,1003.5,1002.5,0,24.6,23.3,24.9,24.4,23.6,23.1,93,92,93,56,0.0,0.0,N,AM,CRMN MANAUS,S103,-3.02249999,-60.05555555,-9999.0
1004,2017-05-17,08:00,0.0,1000.9,1000.9,1000.7,0,24.4,23.1,24.5,24.1,23.3,22.9,94,93,93,56,0.0,0.0,N,AM,CRMN MANAUS,S103,-3.02249999,-60.05555555,-9999.0
1005,2017-05-17,12:00,0.0,1003.4,1003.4,1002.8,0,27.0,24.1,26.9,25.0,24.0,22.6,89,84,84,68,0.0,0.0,N,AM,CRMN MANAUS,S103,-3.02249999,-60.05555555,-9999.0
1006,2017-05-17,16:00,0.0,1002.2,1003.3,1002.2,0,30.9,24.1,31.0,29.4,24.0,22.8,71,63,67,67,3.1,1.0,N,AM,CRMN MANAUS,S103,-3.02249999,-60.05555555,-9999.0
1007,2017-05-17,20:00,0.0,998.5,999.2,998.5,0,32.2,22.2,32.7,32.0,23.1,21.5,58,53,55,77,3.7,1.0,N,AM,CRMN MANAUS,S103,-3.02249999,-60.05555555,-9999.0
1008,2017-05-18,00:00,0.0,1000.1,1000.1,999.3,0,28.7,22.9,29.1,28.7,23.6,22.7,73,69,71,64,1.5,0.0,N,AM,CRMN MANAUS,S103,-3.02249999,-60.05555555,-9999.0
1009,2017-05-18,04:00,3.0,1002.4,1002.5,1001.5,0,24.6,22.1,27.3,24.8,24.1,22.0,85,78,86,46,8.9,6.0,N,AM,CRMN MANAUS,S103,-3.02249999,-60.05555555,-9999.0
1010,2017-05-18,08:00,-9999.0,-9999.0,-9999.0,-9999.0,-9999,-9999.0,-9999.0,-9999.0,-9999.0,-9999.0,-9999.0,-9999,-9999,-9999,-9999,-9999.0,-9999.0,N,AM,CRMN MANAUS,S103,-3.02249999,-60.05555555,-9999.0
1011,2017-05-18,12:00,0.0,1002.3,1002.3,1001.5,0,26.2,23.2,26.5,24.2,23.4,22.4,90,82,84,58,0.9,0.0,N,AM,CRMN MANAUS,S103,-3.02249999,-60.05555555,-9999.0
1012,2017-05-18,16:00,0.0,1000.9,1001.8,1000.8,0,31.0,22.8,31.8,30.0,23.7,22.6,68,59,62,69,3.2,1.0,N,AM,CRMN MANAUS,S103,-3.02249999,-60.05555555,-9999.0
1013,2017-05-18,20:00,0.0,996.9,997.7,996.9,0,31.9,23.9,32.6,30.7,24.5,22.9,69,58,63,89,2.1,0.0,N,AM,CRMN MANAUS,S103,-3.02249999,-60.05555555,-9999.0
1014,2017-05-19,00:00,0.0,998.3,998.3,997.7,0,27.4,24.0,28.4,27.4,25.1,23.9,83,79,82,64,1.5,0.0,N,AM,CRMN MANAUS,S103,-3.02249999,-60.05555555,-9999.0
1015,2017-05-19,04:00,0.0,999.6,1000.0,999.5,0,25.9,23.5,26.8,25.9,23.6,23.3,87,81,87,58,0.0,0.0,N,AM,CRMN MANAUS,S103,-3.02249999,-60.05555555,-9999.0
1016,2017-05-19,08:00,0.0,998.3,998.5,998.3,0,24.7,23.1,24.7,24.2,23.2,22.8,93,91,91,52,0.0,0.0,N,AM,CRMN MANAUS,S103,-3.02249999,-60.05555555,-9999.0
1017,2017-05-19,12:00,0.0,1001.1,1001.1,1000.2,0,28.0,23.3,27.9,26.1,23.3,22.8,84,76,76,58,1.8,0.0,N,AM,CRMN MANAUS,S103,-3.02249999,-60.05555555,-9999.0
1018,2017-05-19,16:00,0.0,1000.0,1000.8,1000.0,0,31.5,22.7,32.0,30.5,23.8,22.5,66,58,60,61,4.3,2.0,N,AM,CRMN MANAUS,S103,-3.02249999,-60.05555555,-9999.0
1019,2017-05-19,20:00,0.0,996.8,997.4,996.8,0,26.7,23.9,27.3,26.4,24.0,22.9,86,78,85,52,2.5,0.0,N,AM,CRMN MANAUS,S103,-3.02249999,-60.05555555,-9999.0
1020,2017-05-20,00:00,0.0,997.5,997.5,996.6,0,25.3,23.5,25.8,25.4,23.6,23.4,90,87,90,52,0.0,0.0,N,AM,CRMN MANAUS,S103,-3.02249999,-60.05555555,-9999.0
1021,2017-05-20,04:00,0.0,999.2,999.2,999.1,0,25.6,23.8,25.7,25.4,23.8,23.6,91,89,90,51,0.0,0.0,N,AM,CRMN MANAUS,S103,-3.02249999,-60.05555555,-9999.0
1022,2017-05-20,08:00,-9999.0,-9999.0,-9999.0,-9999.0,-9999,-9999.0,-9999.0,-9999.0,-9999.0,-9999.0,-9999.0,-9999,-9999,-9999,-9999,-9999.0,-9999.0,N,AM,CRMN MANAUS,S103,-3.02249999,-60.05555555,-9999.0
1023,2017-05-20,12:00,0.0,1000.7,1000.7,999.5,0,28.5,23.8,28.5,26.2,24.0,23.6,86,75,76,49,2.6,2.0,N,AM,CRMN MANAUS,S103,-3.02249999,-60.05555555,-9999.0
1024,2017-05-20,16:00,0.0,999.4,1000.6,999.4,0,31.7,22.8,32.0,31.1,23.6,22.2,62,57,59,58,3.9,3.0,N,AM,CRMN MANAUS,S103,-3.02249999,-60.05555555,-9999.0
1025,2017-05-20,20:00,0.0,996.4,997.3,996.4,0,28.3,22.4,29.4,28.3,23.5,22.0,74,65,70,44,5.2,2.0,N,AM,CRMN MANAUS,S103,-3.02249999,-60.05555555,-9999.0
1026,2017-05-21,00:00,0.0,997.9,997.9,997.0,0,26.7,22.5,27.1,26.7,22.5,22.2,78,75,78,40,2.1,1.0,N,AM,CRMN MANAUS,S103,-3.02249999,-60.05555555,-9999.0
1027,2017-05-21,04:00,0.0,1000.3,1000.4,1000.1,0,25.3,23.1,25.3,25.1,23.2,23.0,89,87,88,47,0.0,0.0,N,AM,CRMN MANAUS,S103,-3.02249999,-60.05555555,-9999.0
1028,2017-05-21,08:00,0.0,999.4,999.4,999.0,0,24.8,22.9,25.5,24.8,22.9,22.8,89,85,89,47,0.0,0.0,N,AM,CRMN MANAUS,S103,-3.02249999,-60.05555555,-9999.0
1029,2017-05-21,12:00,0.0,1001.8,1001.8,1000.7,0,28.4,24.6,28.4,26.2,24.5,23.1,83,79,80,63,0.0,0.0,N,AM,CRMN MANAUS,S103,-3.02249999,-60.05555555,-9999.0
1030,2017-05-21,16:00,0.0,1001.0,1001.9,1001.1,0,32.1,22.7,32.2,31.1,23.6,22.0,62,57,58,56,4.3,2.0,N,AM,CRMN MANAUS,S103,-3.02249999,-60.05555555,-9999.0
1031,2017-05-21,20:00,0.0,997.6,998.1,997.6,0,31.4,23.1,31.8,30.8,24.2,23.0,67,61,62,52,3.0,1.0,N,AM,CRMN MANAUS,S103,-3.02249999,-60.05555555,-9999.0
1032,2017-05-22,00:00,0.0,999.4,999.4,998.8,0,26.9,22.4,27.1,26.8,23.2,22.4,80,77,77,45,1.4,0.0,N,AM,CRMN MANAUS,S103,-3.02249999,-60.05555555,-9999.0
1033,2017-05-22,04:00,0.0,1001.1,1001.3,1001.1,0,25.0,22.8,25.4,25.0,23.3,22.8,89,87,88,44,0.4,0.0,N,AM,CRMN MANAUS,S103,-3.02249999,-60.05555555,-9999.0
1034,2017-05-22,08:00,0.0,1000.1,1000.2,1000.0,0,24.5,22.7,24.5,24.0,22.8,22.6,92,90,90,43,0.0,0.0,N,AM,CRMN MANAUS,S103,-3.02249999,-60.05555555,-9999.0
1035,2017-05-22,12:00,0.0,1002.6,1002.5,1001.6,0,27.4,24.1,27.6,24.9,24.3,23.4,92,81,82,57,0.0,0.0,N,AM,CRMN MANAUS,S103,-3.02249999,-60.05555555,-9999.0
1036,2017-05-22,16:00,0.0,1001.3,1002.3,1001.3,0,31.3,23.1,31.6,30.7,23.7,22.6,64,60,62,55,4.5,1.0,N,AM,CRMN MANAUS,S103,-3.02249999,-60.05555555,-9999.0
1037,2017-05-22,20:00,0.0,997.1,997.5,997.1,0,28.4,24.0,32.8,28.4,24.9,22.8,80,56,77,39,4.6,1.0,N,AM,CRMN MANAUS,S103,-3.02249999,-60.05555555,-9999.0
1038,2017-05-23,00:00,0.0,1000.4,1000.4,999.2,0,27.5,23.9,28.1,27.5,24.0,23.7,81,77,81,46,2.8,0.0,N,AM,CRMN MANAUS,S103,-3.02249999,-60.05555555,-9999.0
1039,2017-05-23,04:00,0.0,1002.4,1002.4,1002.1,0,26.1,22.6,26.4,26.0,22.7,22.6,82,80,81,44,1.3,0.0,N,AM,CRMN MANAUS,S103,-3.02249999,-60.05555555,-9999.0
1040,2017-05-23,08:00,0.0,1001.2,1001.4,1001.2,0,24.9,22.2,25.0,24.8,22.4,22.2,86,84,85,42,0.5,0.0,N,AM,CRMN MANAUS,S103,-3.02249999,-60.05555555,-9999.0
1041,2017-05-23,12:00,0.0,1003.6,1003.6,1002.7,0,26.7,22.8,26.7,25.1,22.9,22.1,85,79,79,43,1.2,0.0,N,AM,CRMN MANAUS,S103,-3.02249999,-60.05555555,-9999.0
1042,2017-05-23,16:00,0.0,1003.0,1003.9,1003.0,0,31.8,23.1,31.8,31.1,23.6,22.2,63,57,60,51,4.2,2.0,N,AM,CRMN MANAUS,S103,-3.02249999,-60.05555555,-9999.0
1043,2017-05-23,20:00,1.0,1000.0,1000.0,999.5,0,28.0,23.4,29.6,28.1,24.8,23.3,76,73,76,44,2.7,1.0,N,AM,CRMN MANAUS,S103,-3.02249999,-60.05555555,-9999.0
1044,2017-05-24,00:00,0.0,1001.5,1001.5,1000.9,0,26.7,23.3,27.0,26.5,23.8,23.3,85,81,82,37,1.5,0.0,N,AM,CRMN MANAUS,S103,-3.02249999,-60.05555555,-9999.0
1045,2017-05-24,04:00,0.0,1003.0,1003.0,1002.5,0,24.9,23.0,25.2,24.9,23.2,23.0,89,88,89,42,0.3,0.0,N,AM,CRMN MANAUS,S103,-3.02249999,-60.05555555,-9999.0
1046,2017-05-24,08:00,0.0,1002.1,1002.1,1002.0,0,24.4,22.9,24.6,24.4,22.9,22.7,91,89,91,41,0.0,0.0,N,AM,CRMN MANAUS,S103,-3.02249999,-60.05555555,-9999.0
1047,2017-05-24,12:00,0.0,1004.4,1004.4,1003.7,0,27.0,22.7,27.0,25.4,23.6,22.8,87,78,77,40,2.3,1.0,N,AM,CRMN MANAUS,S103,-3.02249999,-60.05555555,-9999.0
1048,2017-05-24,16:00,0.0,1003.8,1004.7,1003.9,0,31.7,22.3,31.8,30.7,23.2,22.2,62,58,58,49,5.1,3.0,N,AM,CRMN MANAUS,S103,-3.02249999,-60.05555555,-9999.0
1049,2017-05-24,20:00,0.0,1000.0,1000.6,1000.0,0,29.5,22.0,31.9,29.5,23.8,22.0,67,58,64,44,4.3,3.0,N,AM,CRMN MANAUS,S103,-3.02249999,-60.05555555,-9999.0
1050,2017-05-25,00:00,0.0,1002.3,1002.2,1001.0,0,28.2,23.5,28.9,27.6,23.8,23.3,79,73,76,45,0.7,0.0,N,AM,CRMN MANAUS,S103,-3.02249999,-60.05555555,-9999.0
1051,2017-05-25,04:00,0.0,1003.5,1003.9,1003.6,0,26.4,24.1,27.0,26.4,24.6,24.1,89,86,87,42,0.0,0.0,N,AM,CRMN MANAUS,S103,-3.02249999,-60.05555555,-9999.0
1052,2017-05-25,08:00,0.0,1002.1,1002.3,1002.1,0,25.1,23.7,25.1,24.7,23.8,23.2,92,90,92,38,0.0,0.0,N,AM,CRMN MANAUS,S103,-3.02249999,-60.05555555,-9999.0
1053,2017-05-25,12:00,0.0,1004.4,1004.4,1003.6,0,28.2,23.3,28.5,26.6,24.0,23.0,86,73,75,54,0.1,0.0,N,AM,CRMN MANAUS,S103,-3.02249999,-60.05555555,-9999.0
1054,2017-05-25,16:00,0.0,1004.0,1004.8,1004.0,0,31.5,21.1,32.3,31.1,22.4,20.8,58,52,54,58,3.1,0.0,N,AM,CRMN MANAUS,S103,-3.02249999,-60.05555555,-9999.0
1055,2017-05-25,20:00,0.0,1000.4,1000.9,1000.4,0,31.1,22.4,32.1,31.2,22.7,21.9,60,55,60,48,1.9,0.0,N,AM,CRMN MANAUS,S103,-3.02249999,-60.05555555,-9999.0
1056,2017-05-26,00:00,0.0,1001.3,1001.3,1000.7,0,26.6,23.9,27.5,26.6,23.9,23.5,85,79,85,39,0.0,0.0,N,AM,CRMN MANAUS,S103,-3.02249999,-60.05555555,-9999.0
1057,2017-05-26,04:00,0.0,1002.5,1002.7,1002.5,0,26.1,23.4,27.3,25.7,23.8,23.3,89,79,85,33,1.0,0.0,N,AM,CRMN MANAUS,S103,-3.02249999,-60.05555555,-9999.0
1058,2017-05-26,08:00,0.0,1001.1,1001.1,1000.9,0,25.3,22.9,25.4,25.2,23.0,22.9,88,86,86,34,0.6,0.0,N,AM,CRMN MANAUS,S103,-3.02249999,-60.05555555,-9999.0
1059,2017-05-26,12:00,0.0,1003.4,1003.4,1002.5,0,27.5,22.9,27.5,25.7,23.1,22.6,83,76,76,34,2.9,2.0,N,AM,CRMN MANAUS,S103,-3.02249999,-60.05555555,-9999.0
1060,2017-05-26,16:00,0.0,1003.8,1004.4,1003.7,0,31.7,20.9,32.5,31.5,21.6,20.0,55,49,53,41,4.6,2.0,N,AM,CRMN MANAUS,S103,-3.02249999,-60.05555555,-9999.0
1061,2017-05-26,20:00,0.0,1000.4,1000.7,1000.3,0,32.2,21.5,33.9,32.2,21.5,20.1,53,45,53,45,2.2,1.0,N,AM,CRMN MANAUS,S103,-3.02249999,-60.05555555,-9999.0
1062,2017-05-27,00:00,0.0,1002.3,1002.3,1001.3,0,29.4,22.5,29.9,29.3,22.6,22.1,67,63,67,35,0.6,0.0,N,AM,CRMN MANAUS,S103,-3.02249999,-60.05555555,-9999.0
1063,2017-05-27,04:00,0.0,1004.0,1004.1,1003.9,0,27.3,22.8,27.6,26.6,23.2,22.8,81,75,77,29,0.1,0.0,N,AM,CRMN MANAUS,S103,-3.02249999,-60.05555555,-9999.0
1064,2017-05-27,08:00,0.0,1002.8,1003.1,1002.9,0,25.2,22.9,25.6,25.2,23.1,22.8,88,86,87,27,0.0,0.0,N,AM,CRMN MANAUS,S103,-3.02249999,-60.05555555,-9999.0
1065,2017-05-27,12:00,0.0,1004.8,1004.7,1004.1,0,29.0,21.8,29.1,26.7,22.3,21.4,74,65,65,31,2.1,1.0,N,AM,CRMN MANAUS,S103,-3.02249999,-60.05555555,-9999.0
1066,2017-05-27,16:00,0.0,1004.3,1005.0,1004.3,0,32.2,21.7,32.8,31.4,22.5,20.6,59,51,54,39,4.0,1.0,N,AM,CRMN MANAUS,S103,-3.02249999,-60.05555555,-9999.0
1067,2017-05-27,20:00,0.0,1000.6,1000.8,1000.5,0,32.2,21.8,33.1,31.9,22.1,21.1,56,51,54,40,2.7,0.0,N,AM,CRMN MANAUS,S103,-3.02249999,-60.05555555,-9999.0
1068,2017-05-28,00:00,0.0,1002.3,1002.3,1001.5,0,28.2,22.8,29.8,27.9,23.3,22.2,76,64,73,25,2.2,0.0,N,AM,CRMN MANAUS,S103,-3.02249999,-60.05555555,-9999.0
1069,2017-05-28,04:00,0.0,1004.0,1004.1,1003.8,0,26.2,23.5,26.4,26.2,23.5,23.3,85,83,85,20,1.3,0.0,N,AM,CRMN MANAUS,S103,-3.02249999,-60.05555555,-9999.0
1070,2017-05-28,08:00,0.0,1002.6,1002.6,1002.4,0,25.5,23.3,25.6,25.4,23.4,23.3,89,87,88,22,0.0,0.0,N,AM,CRMN MANAUS,S103,-3.02249999,-60.05555555,-9999.0
1071,2017-05-28,12:00,0.0,1004.9,1004.9,1003.9,0,28.0,23.7,28.3,25.9,23.8,23.2,86,76,78,26,1.9,0.0,N,AM,CRMN MANAUS,S103,-3.02249999,-60.05555555,-9999.0
1072,2017-05-28,16:00,0.0,1004.5,1005.1,1004.5,0,33.1,21.7,33.9,32.3,23.0,21.1,58,48,51,35,4.3,2.0,N,AM,CRMN MANAUS,S103,-3.02249999,-60.05555555,-9999.0
1073,2017-05-28,20:00,0.0,999.8,1000.6,999.8,0,32.4,23.0,33.6,32.0,22.7,20.0,57,45,58,34,2.2,0.0,N,AM,CRMN MANAUS,S103,-3.02249999,-60.05555555,-9999.0
1074,2017-05-29,00:00,0.0,1002.0,1002.0,1001.0,0,27.9,23.4,29.9,27.9,23.4,21.7,77,62,77,20,0.7,0.0,N,AM,CRMN MANAUS,S103,-3.02249999,-60.05555555,-9999.0
1075,2017-05-29,04:00,0.0,1004.3,1004.3,1003.9,0,26.8,24.0,27.1,26.8,24.4,24.0,86,84,85,19,0.0,0.0,N,AM,CRMN MANAUS,S103,-3.02249999,-60.05555555,-9999.0
1076,2017-05-29,08:00,0.0,1003.1,1003.3,1003.1,0,25.9,23.4,25.9,25.4,23.6,23.4,90,86,86,19,0.2,0.0,N,AM,CRMN MANAUS,S103,-3.02249999,-60.05555555,-9999.0
1077,2017-05-29,12:00,0.0,1004.9,1004.9,1004.1,0,28.5,24.0,28.6,26.9,24.0,23.4,81,75,77,26,1.2,0.0,N,AM,CRMN MANAUS,S103,-3.02249999,-60.05555555,-9999.0
1078,2017-05-29,16:00,0.0,1004.1,1005.0,1004.1,0,31.1,22.2,31.7,30.7,23.2,22.2,64,58,59,27,2.7,1.0,N,AM,CRMN MANAUS,S103,-3.02249999,-60.05555555,-9999.0
1079,2017-05-29,20:00,0.0,1000.2,1000.2,1000.0,0,32.7,21.4,33.4,32.4,22.9,21.3,55,51,52,25,2.7,1.0,N,AM,CRMN MANAUS,S103,-3.02249999,-60.05555555,-9999.0
1080,2017-05-30,00:00,0.0,1001.5,1001.5,1000.9,0,27.9,23.4,29.4,27.9,23.4,22.6,77,67,77,19,0.8,0.0,N,AM,CRMN MANAUS,S103,-3.02249999,-60.05555555,-9999.0
1081,2017-05-30,04:00,0.0,1003.8,1003.8,1003.4,0,27.5,23.5,27.8,27.5,23.4,23.2,79,76,79,18,1.9,0.0,N,AM,CRMN MANAUS,S103,-3.02249999,-60.05555555,-9999.0
1082,2017-05-30,08:00,0.0,1002.1,1002.2,1002.0,0,24.7,23.2,25.3,24.7,23.5,23.2,92,90,92,17,0.2,0.0,N,AM,CRMN MANAUS,S103,-3.02249999,-60.05555555,-9999.0
1083,2017-05-30,12:00,0.0,1005.1,1005.1,1004.2,0,26.7,23.7,26.9,24.7,23.9,23.2,92,81,84,25,1.5,0.0,N,AM,CRMN MANAUS,S103,-3.02249999,-60.05555555,-9999.0
1084,2017-05-30,16:00,0.0,1004.0,1004.9,1004.0,0,31.4,23.1,31.6,29.6,23.7,22.3,68,60,61,28,2.5,1.0,N,AM,CRMN MANAUS,S103,-3.02249999,-60.05555555,-9999.0
1085,2017-05-30,20:00,0.0,1000.2,1000.9,1000.2,0,28.8,24.8,31.2,28.7,24.8,23.2,79,63,79,17,4.1,1.0,N,AM,CRMN MANAUS,S103,-3.02249999,-60.05555555,-9999.0
1086,2017-05-31,00:00,0.0,1002.9,1002.9,1001.7,0,25.2,23.4,25.2,24.6,23.5,23.3,93,90,90,20,0.1,0.0,N,AM,CRMN MANAUS,S103,-3.02249999,-60.05555555,-9999.0
1087,2017-05-31,04:00,0.0,1004.1,1004.6,1004.0,0,25.3,24.0,25.4,25.2,24.0,23.9,93,92,92,22,0.2,0.0,N,AM,CRMN MANAUS,S103,-3.02249999,-60.05555555,-9999.0
1088,2017-05-31,08:00,0.0,1002.9,1002.8,1002.7,0,24.8,23.6,25.0,24.8,23.8,23.6,94,93,93,23,0.2,0.0,N,AM,CRMN MANAUS,S103,-3.02249999,-60.05555555,-9999.0
1089,2017-05-31,12:00,0.0,1005.8,1005.9,1004.2,0,24.0,22.6,23.9,23.8,22.8,22.6,94,92,92,17,2.2,1.0,N,AM,CRMN MANAUS,S103,-3.02249999,-60.05555555,-9999.0
1090,2017-05-31,16:00,0.0,1004.5,1005.2,1004.5,0,29.0,22.1,29.0,26.6,22.9,21.2,78,63,66,46,1.7,0.0,N,AM,CRMN MANAUS,S103,-3.02249999,-60.05555555,-9999.0
1091,2017-05-31,20:00,0.0,1001.0,1001.2,1000.9,0,29.0,22.5,29.8,28.8,23.1,21.6,69,62,68,28,3.1,1.0,N,AM,CRMN MANAUS,S103,-3.02249999,-60.05555555,-9999.0
1092,2017-06-01,00:00,0.0,1002.3,1002.3,1001.7,0,25.5,23.2,26.7,25.5,23.3,22.7,87,79,87,27,1.6,0.0,N,AM,CRMN MANAUS,S103,-3.02249999,-60.05555555,-9999.0
1093,2017-06-01,04:00,0.0,1004.6,1004.8,1004.5,0,25.0,23.2,25.1,24.7,23.4,23.1,91,90,90,25,0.0,0.0,N,AM,CRMN MANAUS,S103,-3.02249999,-60.05555555,-9999.0
1094,2017-06-01,08:00,0.0,1002.7,1002.8,1002.6,0,23.7,22.5,24.3,23.7,22.9,22.4,93,92,93,24,0.0,0.0,N,AM,CRMN MANAUS,S103,-3.02249999,-60.05555555,-9999.0
1095,2017-06-01,12:00,0.0,1005.2,1005.2,1004.5,0,26.9,23.2,26.8,25.1,23.5,22.8,88,80,81,35,0.7,0.0,N,AM,CRMN MANAUS,S103,-3.02249999,-60.05555555,-9999.0
1096,2017-06-01,16:00,0.0,1003.5,1004.5,1003.5,0,30.9,22.5,31.0,29.5,24.2,22.4,71,60,61,48,2.1,0.0,N,AM,CRMN MANAUS,S103,-3.02249999,-60.05555555,-9999.0
1097,2017-06-01,20:00,0.0,1000.0,1000.3,1000.0,0,30.3,22.5,31.2,29.9,23.3,22.0,67,59,63,27,2.4,1.0,N,AM,CRMN MANAUS,S103,-3.02249999,-60.05555555,-9999.0
1098,2017-06-02,00:00,0.0,1002.3,1002.3,1002.0,0,27.3,23.8,27.9,27.3,23.9,23.5,82,78,81,20,2.8,2.0,N,AM,CRMN MANAUS,S103,-3.02249999,-60.05555555,-9999.0
1099,2017-06-02,04:00,0.0,1003.7,1004.1,1003.7,0,26.5,24.0,26.6,26.4,24.0,23.7,87,85,86,27,0.0,0.0,N,AM,CRMN MANAUS,S103,-3.02249999,-60.05555555,-9999.0
1100,2017-06-02,08:00,0.0,1002.8,1002.8,1002.5,0,24.5,22.9,24.9,24.5,23.5,22.9,92,91,91,26,2.1,0.0,N,AM,CRMN MANAUS,S103,-3.02249999,-60.05555555,-9999.0
1101,2017-06-02,12:00,0.0,1005.0,1005.0,1004.1,0,25.4,23.4,25.4,24.6,23.4,23.1,92,89,89,30,0.0,0.0,N,AM,CRMN MANAUS,S103,-3.02249999,-60.05555555,-9999.0
1102,2017-06-02,16:00,1.0,1004.1,1005.0,1004.1,0,28.9,24.2,28.9,26.5,25.2,23.5,87,78,76,31,2.6,1.0,N,AM,CRMN MANAUS,S103,-3.02249999,-60.05555555,-9999.0
1103,2017-06-02,20:00,20.0,1002.0,1002.3,1001.7,0,22.9,21.7,26.8,22.8,24.2,21.5,93,82,93,25,6.8,0.0,N,AM,CRMN MANAUS,S103,-3.02249999,-60.05555555,-9999.0
1104,2017-06-03,00:00,-9999.0,-9999.0,-9999.0,-9999.0,-9999,-9999.0,-9999.0,-9999.0,-9999.0,-9999.0,-9999.0,-9999,-9999,-9999,-9999,-9999.0,-9999.0,N,AM,CRMN MANAUS,S103,-3.02249999,-60.05555555,-9999.0
1105,2017-06-03,04:00,-9999.0,-9999.0,-9999.0,-9999.0,-9999,-9999.0,-9999.0,-9999.0,-9999.0,-9999.0,-9999.0,-9999,-9999,-9999,-9999,-9999.0,-9999.0,N,AM,CRMN MANAUS,S103,-3.02249999,-60.05555555,-9999.0
1106,2017-06-03,08:00,-9999.0,-9999.0,-9999.0,-9999.0,-9999,-9999.0,-9999.0,-9999.0,-9999.0,-9999.0,-9999.0,-9999,-9999,-9999,-9999,-9999.0,-9999.0,N,AM,CRMN MANAUS,S103,-3.02249999,-60.05555555,-9999.0
1107,2017-06-03,12:00,-9999.0,-9999.0,-9999.0,-9999.0,-9999,-9999.0,-9999.0,-9999.0,-9999.0,-9999.0,-9999.0,-9999,-9999,-9999,-9999,-9999.0,-9999.0,N,AM,CRMN MANAUS,S103,-3.02249999,-60.05555555,-9999.0
1108,2017-06-03,16:00,-9999.0,-9999.0,-9999.0,-9999.0,-9999,-9999.0,-9999.0,-9999.0,-9999.0,-9999.0,-9999.0,-9999,-9999,-9999,-9999,-9999.0,-9999.0,N,AM,CRMN MANAUS,S103,-3.02249999,-60.05555555,-9999.0
1109,2017-06-03,20:00,-9999.0,-9999.0,-9999.0,-9999.0,-9999,-9999.0,-9999.0,-9999.0,-9999.0,-9999.0,-9999.0,-9999,-9999,-9999,-9999,-9999.0,-9999.0,N,AM,CRMN MANAUS,S103,-3.02249999,-60.05555555,-9999.0
1110,2017-06-04,00:00,-9999.0,-9999.0,-9999.0,-9999.0,-9999,-9999.0,-9999.0,-9999.0,-9999.0,-9999.0,-9999.0,-9999,-9999,-9999,-9999,-9999.0,-9999.0,N,AM,CRMN MANAUS,S103,-3.02249999,-60.05555555,-9999.0
1111,2017-06-04,04:00,-9999.0,-9999.0,-9999.0,-9999.0,-9999,-9999.0,-9999.0,-9999.0,-9999.0,-9999.0,-9999.0,-9999,-9999,-9999,-9999,-9999.0,-9999.0,N,AM,CRMN MANAUS,S103,-3.02249999,-60.05555555,-9999.0
1112,2017-06-04,08:00,-9999.0,-9999.0,-9999.0,-9999.0,-9999,-9999.0,-9999.0,-9999.0,-9999.0,-9999.0,-9999.0,-9999,-9999,-9999,-9999,-9999.0,-9999.0,N,AM,CRMN MANAUS,S103,-3.02249999,-60.05555555,-9999.0
1113,2017-06-04,12:00,0.0,1003.4,1003.4,1002.9,0,27.0,23.2,26.9,25.4,23.3,22.3,84,80,80,54,2.0,0.0,N,AM,CRMN MANAUS,S103,-3.02249999,-60.05555555,-9999.0
1114,2017-06-04,16:00,0.0,1002.4,1003.2,1002.4,0,31.6,21.5,31.8,30.5,22.5,20.9,61,53,55,64,3.0,2.0,N,AM,CRMN MANAUS,S103,-3.02249999,-60.05555555,-9999.0
1115,2017-06-04,20:00,0.0,999.3,999.6,999.2,0,30.7,22.4,32.8,30.7,22.8,21.5,62,53,61,60,3.5,2.0,N,AM,CRMN MANAUS,S103,-3.02249999,-60.05555555,-9999.0
1116,2017-06-05,00:00,0.0,1000.9,1000.9,1000.2,0,27.8,23.4,28.4,27.8,23.3,22.3,77,70,77,65,0.0,0.0,N,AM,CRMN MANAUS,S103,-3.02249999,-60.05555555,-9999.0
1117,2017-06-05,04:00,0.0,1001.9,1002.2,1001.9,0,26.1,23.8,26.4,26.1,24.0,23.8,88,87,87,58,0.7,0.0,N,AM,CRMN MANAUS,S103,-3.02249999,-60.05555555,-9999.0
1118,2017-06-05,08:00,0.0,1000.6,1000.6,1000.4,0,25.8,23.7,26.1,25.8,23.8,23.7,88,86,88,54,0.0,0.0,N,AM,CRMN MANAUS,S103,-3.02249999,-60.05555555,-9999.0
1119,2017-06-05,12:00,0.0,1002.7,1002.7,1001.7,0,28.4,24.1,28.4,26.2,24.3,23.7,86,77,77,58,1.3,0.0,N,AM,CRMN MANAUS,S103,-3.02249999,-60.05555555,-9999.0
1120,2017-06-05,16:00,0.0,1001.4,1002.3,1001.4,0,31.2,22.1,31.9,30.6,23.4,21.8,64,57,59,59,3.6,2.0,N,AM,CRMN MANAUS,S103,-3.02249999,-60.05555555,-9999.0
1121,2017-06-05,20:00,0.0,998.8,999.2,998.7,0,27.4,24.3,27.4,26.7,24.4,23.5,85,82,83,64,2.2,0.0,N,AM,CRMN MANAUS,S103,-3.02249999,-60.05555555,-9999.0
1122,2017-06-06,00:00,0.0,1000.2,1000.2,999.6,0,26.4,24.3,26.7,26.4,24.5,24.2,89,86,88,54,1.0,0.0,N,AM,CRMN MANAUS,S103,-3.02249999,-60.05555555,-9999.0
1123,2017-06-06,04:00,0.0,1001.3,1001.5,1001.3,0,25.8,23.9,25.9,25.5,24.2,23.8,91,89,89,50,0.2,0.0,N,AM,CRMN MANAUS,S103,-3.02249999,-60.05555555,-9999.0
1124,2017-06-06,08:00,-9999.0,-9999.0,-9999.0,-9999.0,-9999,-9999.0,-9999.0,-9999.0,-9999.0,-9999.0,-9999.0,-9999,-9999,-9999,-9999,-9999.0,-9999.0,N,AM,CRMN MANAUS,S103,-3.02249999,-60.05555555,-9999.0
1125,2017-06-06,12:00,0.0,1002.5,1002.5,1001.9,0,26.5,24.3,26.5,25.3,24.6,23.9,92,88,88,49,1.9,0.0,N,AM,CRMN MANAUS,S103,-3.02249999,-60.05555555,-9999.0
1126,2017-06-06,16:00,0.0,1001.7,1002.9,1001.8,0,29.9,23.1,30.7,29.0,24.3,22.9,74,65,67,63,2.6,1.0,N,AM,CRMN MANAUS,S103,-3.02249999,-60.05555555,-9999.0
1127,2017-06-06,20:00,0.0,998.1,999.0,998.1,0,28.6,22.3,29.8,28.4,22.3,21.7,69,64,69,58,5.1,0.0,N,AM,CRMN MANAUS,S103,-3.02249999,-60.05555555,-9999.0
1128,2017-06-07,00:00,0.0,999.8,999.8,999.2,0,27.6,23.2,28.1,27.6,23.2,22.7,77,73,77,57,1.2,0.0,N,AM,CRMN MANAUS,S103,-3.02249999,-60.05555555,-9999.0
1129,2017-06-07,04:00,0.0,1001.5,1001.6,1001.4,0,26.1,23.5,26.9,26.1,23.5,23.1,85,80,85,46,2.3,0.0,N,AM,CRMN MANAUS,S103,-3.02249999,-60.05555555,-9999.0
1130,2017-06-07,08:00,0.0,999.5,999.9,999.5,0,25.3,22.7,25.6,25.3,22.7,22.4,85,82,85,44,2.7,0.0,N,AM,CRMN MANAUS,S103,-3.02249999,-60.05555555,-9999.0
1131,2017-06-07,12:00,0.0,1002.0,1002.0,1001.2,0,27.2,23.4,27.2,25.6,23.5,23.0,86,79,80,46,1.6,1.0,N,AM,CRMN MANAUS,S103,-3.02249999,-60.05555555,-9999.0
1132,2017-06-07,16:00,0.0,1001.5,1002.2,1001.5,0,30.9,22.6,31.5,30.1,24.0,22.2,68,60,62,61,2.3,1.0,N,AM,CRMN MANAUS,S103,-3.02249999,-60.05555555,-9999.0
1133,2017-06-07,20:00,0.0,998.1,998.2,998.0,0,30.6,22.4,32.3,30.7,22.8,21.3,63,55,62,47,3.4,2.0,N,AM,CRMN MANAUS,S103,-3.02249999,-60.05555555,-9999.0
1134,2017-06-08,00:00,0.0,1000.1,1000.1,999.4,0,26.7,24.0,26.8,26.6,24.0,23.9,85,85,85,48,0.0,0.0,N,AM,CRMN MANAUS,S103,-3.02249999,-60.05555555,-9999.0
1135,2017-06-08,04:00,0.0,1000.9,1001.1,1000.9,0,25.3,23.4,25.5,25.3,23.4,23.3,89,88,89,44,0.0,0.0,N,AM,CRMN MANAUS,S103,-3.02249999,-60.05555555,-9999.0
1136,2017-06-08,08:00,0.0,999.4,999.8,999.4,0,24.4,23.2,24.5,24.4,23.3,23.2,93,93,93,42,0.1,0.0,N,AM,CRMN MANAUS,S103,-3.02249999,-60.05555555,-9999.0
1137,2017-06-08,12:00,0.0,1001.9,1001.9,1001.0,0,24.9,23.7,24.9,24.5,23.8,23.3,94,93,93,40,1.7,0.0,N,AM,CRMN MANAUS,S103,-3.02249999,-60.05555555,-9999.0
1138,2017-06-08,16:00,0.0,1002.4,1002.9,1002.3,0,26.8,24.1,28.1,26.9,24.7,23.6,85,80,85,39,3.7,3.0,N,AM,CRMN MANAUS,S103,-3.02249999,-60.05555555,-9999.0
1139,2017-06-08,20:00,0.0,999.7,1000.4,999.4,0,27.2,24.0,27.6,26.0,25.0,23.9,90,81,83,47,3.0,1.0,N,AM,CRMN MANAUS,S103,-3.02249999,-60.05555555,-9999.0
1140,2017-06-09,00:00,0.0,1001.2,1001.2,1000.6,0,25.1,23.1,25.6,24.9,23.2,22.8,89,85,88,47,0.0,0.0,N,AM,CRMN MANAUS,S103,-3.02249999,-60.05555555,-9999.0
1141,2017-06-09,04:00,0.0,1001.5,1001.9,1001.5,0,24.8,23.1,24.8,24.6,23.1,22.9,91,89,90,45,0.0,0.0,N,AM,CRMN MANAUS,S103,-3.02249999,-60.05555555,-9999.0
1142,2017-06-09,08:00,0.0,1000.4,1000.5,1000.2,0,23.6,22.4,23.7,23.6,22.5,22.4,94,93,93,43,0.0,0.0,N,AM,CRMN MANAUS,S103,-3.02249999,-60.05555555,-9999.0
1143,2017-06-09,12:00,0.0,1003.8,1003.8,1002.7,0,27.2,23.6,27.9,24.1,24.3,23.0,94,78,81,57,0.5,0.0,N,AM,CRMN MANAUS,S103,-3.02249999,-60.05555555,-9999.0
1144,2017-06-09,16:00,0.0,1003.7,1004.3,1003.7,0,31.6,22.8,31.8,30.4,23.6,22.1,66,58,60,58,2.6,2.0,N,AM,CRMN MANAUS,S103,-3.02249999,-60.05555555,-9999.0
1145,2017-06-09,20:00,0.0,1000.4,1001.1,1000.5,0,32.2,21.9,32.7,32.1,22.0,20.9,54,51,55,60,3.6,1.0,N,AM,CRMN MANAUS,S103,-3.02249999,-60.05555555,-9999.0
1146,2017-06-10,00:00,0.0,1002.0,1002.0,1001.3,0,29.3,21.9,29.6,29.3,21.9,21.6,64,62,64,48,1.1,0.0,N,AM,CRMN MANAUS,S103,-3.02249999,-60.05555555,-9999.0
1147,2017-06-10,04:00,0.0,1003.8,1003.9,1003.5,0,26.9,23.5,26.9,26.3,23.5,23.0,83,81,82,48,0.0,0.0,N,AM,CRMN MANAUS,S103,-3.02249999,-60.05555555,-9999.0
1148,2017-06-10,08:00,0.0,1001.7,1001.9,1001.6,0,25.9,23.8,26.1,25.6,23.9,23.4,89,87,88,44,0.0,0.0,N,AM,CRMN MANAUS,S103,-3.02249999,-60.05555555,-9999.0
1149,2017-06-10,12:00,0.0,1004.7,1004.7,1003.6,0,27.3,23.8,27.3,25.9,23.9,23.1,86,81,81,48,1.8,0.0,N,AM,CRMN MANAUS,S103,-3.02249999,-60.05555555,-9999.0
1150,2017-06-10,16:00,0.0,1003.8,1004.4,1003.8,0,30.2,23.6,31.9,30.3,24.3,21.3,70,55,68,59,4.5,1.0,N,AM,CRMN MANAUS,S103,-3.02249999,-60.05555555,-9999.0
1151,2017-06-10,20:00,0.0,1000.1,1000.7,1000.1,0,32.7,21.9,32.9,31.9,22.6,21.4,57,51,53,59,2.3,1.0,N,AM,CRMN MANAUS,S103,-3.02249999,-60.05555555,-9999.0
1152,2017-06-11,00:00,0.0,1001.7,1001.7,1000.9,0,29.4,21.1,29.8,29.4,21.1,20.6,61,58,61,49,1.6,0.0,N,AM,CRMN MANAUS,S103,-3.02249999,-60.05555555,-9999.0
1153,2017-06-11,04:00,0.0,1002.4,1003.0,1002.5,0,25.8,22.8,27.4,25.8,22.8,22.2,83,74,83,40,0.0,0.0,N,AM,CRMN MANAUS,S103,-3.02249999,-60.05555555,-9999.0
1154,2017-06-11,08:00,0.0,1001.7,1001.7,1001.6,0,24.8,22.5,25.3,24.8,22.7,22.5,87,85,87,36,0.5,0.0,N,AM,CRMN MANAUS,S103,-3.02249999,-60.05555555,-9999.0
1155,2017-06-11,12:00,0.0,1003.7,1003.7,1003.4,0,26.8,23.4,26.7,25.1,23.4,22.8,87,82,82,43,1.6,0.0,N,AM,CRMN MANAUS,S103,-3.02249999,-60.05555555,-9999.0
1156,2017-06-11,16:00,0.0,1002.8,1003.3,1002.9,0,30.2,23.6,31.0,29.1,24.3,22.1,74,60,68,39,3.0,1.0,N,AM,CRMN MANAUS,S103,-3.02249999,-60.05555555,-9999.0
1157,2017-06-11,20:00,0.0,999.8,1000.0,999.7,0,32.0,21.9,32.4,31.5,22.9,21.6,60,54,55,47,2.8,1.0,N,AM,CRMN MANAUS,S103,-3.02249999,-60.05555555,-9999.0
1158,2017-06-12,00:00,0.0,1001.0,1000.9,1000.4,0,29.2,22.9,29.7,29.2,23.2,22.8,69,67,69,41,1.2,0.0,N,AM,CRMN MANAUS,S103,-3.02249999,-60.05555555,-9999.0
1159,2017-06-12,04:00,0.0,1002.4,1002.5,1002.3,0,27.2,22.5,27.4,27.1,23.5,22.4,80,74,75,26,2.0,1.0,N,AM,CRMN MANAUS,S103,-3.02249999,-60.05555555,-9999.0
1160,2017-06-12,08:00,0.0,1001.2,1001.3,1001.1,0,25.1,22.8,25.2,25.0,22.8,22.7,87,87,87,31,0.3,0.0,N,AM,CRMN MANAUS,S103,-3.02249999,-60.05555555,-9999.0
1161,2017-06-12,12:00,0.0,1003.1,1003.1,1002.4,0,28.2,23.4,28.4,25.9,23.8,23.1,85,75,75,37,1.3,0.0,N,AM,CRMN MANAUS,S103,-3.02249999,-60.05555555,-9999.0
1162,2017-06-12,16:00,0.0,1001.9,1002.8,1001.9,0,30.0,22.9,31.3,29.3,23.5,22.3,70,59,66,32,3.7,2.0,N,AM,CRMN MANAUS,S103,-3.02249999,-60.05555555,-9999.0
1163,2017-06-12,20:00,0.0,999.8,1000.0,999.5,0,27.1,23.8,27.6,27.1,23.9,23.4,82,79,82,23,4.4,2.0,N,AM,CRMN MANAUS,S103,-3.02249999,-60.05555555,-9999.0
1164,2017-06-13,00:00,0.0,1001.1,1001.1,1000.3,0,25.2,22.8,25.3,25.1,22.9,21.9,87,82,86,31,0.0,0.0,N,AM,CRMN MANAUS,S103,-3.02249999,-60.05555555,-9999.0
1165,2017-06-13,04:00,0.0,1002.6,1002.8,1002.6,0,24.1,22.4,24.3,24.1,22.6,22.4,90,90,90,29,0.4,0.0,N,AM,CRMN MANAUS,S103,-3.02249999,-60.05555555,-9999.0
1166,2017-06-13,08:00,0.0,1001.4,1001.4,1001.2,0,24.0,22.4,24.2,23.9,22.6,22.4,92,90,91,30,0.0,0.0,N,AM,CRMN MANAUS,S103,-3.02249999,-60.05555555,-9999.0
1167,2017-06-13,12:00,0.0,1003.3,1003.3,1002.5,0,27.9,23.8,28.1,26.1,24.1,23.0,87,77,79,47,0.0,0.0,N,AM,CRMN MANAUS,S103,-3.02249999,-60.05555555,-9999.0
1168,2017-06-13,16:00,0.0,1002.6,1003.3,1002.6,0,31.0,22.8,31.5,30.2,23.5,22.2,66,60,62,44,4.0,1.0,N,AM,CRMN MANAUS,S103,-3.02249999,-60.05555555,-9999.0
1169,2017-06-13,20:00,0.0,1000.3,1000.6,1000.3,0,28.0,22.8,28.4,27.8,23.0,22.1,74,70,74,45,0.8,0.0,N,AM,CRMN MANAUS,S103,-3.02249999,-60.05555555,-9999.0
1170,2017-06-14,00:00,0.0,1002.0,1002.1,1001.2,0,26.9,23.5,27.1,26.5,23.8,23.5,85,81,82,37,0.0,0.0,N,AM,CRMN MANAUS,S103,-3.02249999,-60.05555555,-9999.0
1171,2017-06-14,04:00,0.0,1003.0,1003.1,1002.9,0,26.2,22.8,26.5,26.0,23.4,22.8,84,82,82,35,0.7,0.0,N,AM,CRMN MANAUS,S103,-3.02249999,-60.05555555,-9999.0
1172,2017-06-14,08:00,0.0,1002.4,1002.5,1002.3,0,24.4,22.5,24.7,24.4,22.8,22.5,89,88,89,32,0.4,0.0,N,AM,CRMN MANAUS,S103,-3.02249999,-60.05555555,-9999.0
1173,2017-06-14,12:00,0.0,1004.3,1004.3,1003.6,0,27.5,23.1,27.4,25.7,23.3,22.5,83,78,77,41,0.9,0.0,N,AM,CRMN MANAUS,S103,-3.02249999,-60.05555555,-9999.0
1174,2017-06-14,16:00,0.0,1003.7,1004.7,1003.7,0,31.2,22.3,31.4,30.3,23.0,21.8,65,57,59,39,4.1,2.0,N,AM,CRMN MANAUS,S103,-3.02249999,-60.05555555,-9999.0
1175,2017-06-14,20:00,0.0,1000.4,1000.6,1000.4,0,32.0,22.2,32.3,31.6,22.4,21.3,58,54,56,38,3.9,2.0,N,AM,CRMN MANAUS,S103,-3.02249999,-60.05555555,-9999.0
1176,2017-06-15,00:00,0.0,1003.0,1003.1,1002.4,0,26.4,22.4,28.0,26.4,23.7,22.4,79,75,79,33,3.4,0.0,N,AM,CRMN MANAUS,S103,-3.02249999,-60.05555555,-9999.0
1177,2017-06-15,04:00,0.0,1004.0,1004.2,1003.9,0,23.7,21.7,24.0,23.4,22.0,21.7,92,87,89,29,0.0,0.0,N,AM,CRMN MANAUS,S103,-3.02249999,-60.05555555,-9999.0
1178,2017-06-15,08:00,0.0,1002.6,1002.7,1002.6,0,23.6,22.3,23.9,23.3,22.3,21.9,93,90,92,28,0.0,0.0,N,AM,CRMN MANAUS,S103,-3.02249999,-60.05555555,-9999.0
1179,2017-06-15,12:00,0.0,1004.5,1004.5,1003.8,0,26.6,23.7,27.0,24.7,23.9,22.5,88,82,84,39,0.0,0.0,N,AM,CRMN MANAUS,S103,-3.02249999,-60.05555555,-9999.0
1180,2017-06-15,16:00,0.0,1003.4,1004.1,1003.4,0,30.2,24.6,31.8,29.6,25.1,22.2,76,59,72,38,3.4,1.0,N,AM,CRMN MANAUS,S103,-3.02249999,-60.05555555,-9999.0
1181,2017-06-15,20:00,0.0,1000.2,1000.7,1000.2,0,32.4,22.0,32.4,31.8,22.1,20.3,55,50,54,44,3.3,1.0,N,AM,CRMN MANAUS,S103,-3.02249999,-60.05555555,-9999.0
1182,2017-06-16,00:00,0.0,1002.4,1002.4,1001.9,0,27.2,22.8,29.1,27.3,22.9,21.6,77,64,77,35,2.4,0.0,N,AM,CRMN MANAUS,S103,-3.02249999,-60.05555555,-9999.0
1183,2017-06-16,04:00,0.0,1003.6,1003.7,1003.6,0,25.2,23.2,25.8,25.2,23.3,23.2,89,86,89,30,0.2,0.0,N,AM,CRMN MANAUS,S103,-3.02249999,-60.05555555,-9999.0
1184,2017-06-16,08:00,0.0,1002.0,1002.3,1002.0,0,24.8,22.9,25.3,24.7,23.0,22.8,89,87,89,29,2.1,0.0,N,AM,CRMN MANAUS,S103,-3.02249999,-60.05555555,-9999.0
1185,2017-06-16,12:00,0.0,1003.7,1003.7,1003.0,0,27.9,23.2,27.9,25.4,23.3,22.7,85,76,76,42,0.5,0.0,N,AM,CRMN MANAUS,S103,-3.02249999,-60.05555555,-9999.0
1186,2017-06-16,16:00,0.0,1002.4,1003.2,1002.4,0,29.2,23.5,31.1,29.0,24.7,22.6,77,63,71,30,3.6,2.0,N,AM,CRMN MANAUS,S103,-3.02249999,-60.05555555,-9999.0
1187,2017-06-16,20:00,0.0,999.4,1000.0,999.4,0,30.8,22.6,32.2,30.0,22.9,21.8,63,55,62,35,4.1,1.0,N,AM,CRMN MANAUS,S103,-3.02249999,-60.05555555,-9999.0
1188,2017-06-17,00:00,0.0,1001.0,1001.1,1000.4,0,26.3,23.5,28.2,26.2,23.5,22.6,85,72,85,32,0.0,0.0,N,AM,CRMN MANAUS,S103,-3.02249999,-60.05555555,-9999.0
1189,2017-06-17,04:00,0.0,1001.7,1001.9,1001.8,0,25.2,23.5,25.7,25.2,23.8,23.5,90,89,90,29,0.0,0.0,N,AM,CRMN MANAUS,S103,-3.02249999,-60.05555555,-9999.0
1190,2017-06-17,08:00,0.0,1000.3,1000.5,1000.2,0,24.6,23.1,24.7,24.6,23.2,23.1,91,91,91,28,0.1,0.0,N,AM,CRMN MANAUS,S103,-3.02249999,-60.05555555,-9999.0
1191,2017-06-17,12:00,0.0,1002.9,1002.9,1002.0,0,24.5,22.4,24.5,23.6,22.4,21.7,89,87,88,24,1.3,0.0,N,AM,CRMN MANAUS,S103,-3.02249999,-60.05555555,-9999.0
1192,2017-06-17,16:00,0.0,1002.0,1002.8,1002.0,0,29.0,23.4,29.7,28.2,24.0,23.2,75,69,72,34,2.5,1.0,N,AM,CRMN MANAUS,S103,-3.02249999,-60.05555555,-9999.0
1193,2017-06-17,20:00,0.0,999.2,999.3,999.0,0,29.3,23.4,30.2,29.3,23.7,22.7,71,66,70,29,3.7,2.0,N,AM,CRMN MANAUS,S103,-3.02249999,-60.05555555,-9999.0
1194,2017-06-18,00:00,0.0,1000.6,1000.6,1000.0,0,26.6,24.4,27.0,26.6,24.4,23.7,88,83,88,34,0.1,0.0,N,AM,CRMN MANAUS,S103,-3.02249999,-60.05555555,-9999.0
1195,2017-06-18,04:00,0.0,1001.8,1001.9,1001.7,0,25.3,23.2,25.7,25.4,23.4,23.1,88,86,88,32,0.0,0.0,N,AM,CRMN MANAUS,S103,-3.02249999,-60.05555555,-9999.0
1196,2017-06-18,08:00,0.0,1000.8,1000.9,1000.7,0,24.7,23.0,24.9,24.7,23.3,23.0,91,90,90,31,0.2,0.0,N,AM,CRMN MANAUS,S103,-3.02249999,-60.05555555,-9999.0
1197,2017-06-18,12:00,0.0,1002.6,1002.6,1001.8,0,25.6,23.3,25.6,24.8,23.4,23.0,90,87,87,34,0.3,0.0,N,AM,CRMN MANAUS,S103,-3.02249999,-60.05555555,-9999.0
1198,2017-06-18,16:00,0.0,1001.7,1002.4,1001.8,0,31.0,23.3,31.0,29.2,23.9,21.5,72,59,64,49,1.7,0.0,N,AM,CRMN MANAUS,S103,-3.02249999,-60.05555555,-9999.0
1199,2017-06-18,20:00,0.0,998.7,999.0,998.7,0,31.6,21.2,32.3,31.5,21.7,20.2,55,50,54,40,2.9,2.0,N,AM,CRMN MANAUS,S103,-3.02249999,-60.05555555,-9999.0
1200,2017-06-19,00:00,0.0,1000.6,1000.6,999.8,0,28.4,21.8,29.0,28.4,21.8,21.5,67,65,68,36,0.4,0.0,N,AM,CRMN MANAUS,S103,-3.02249999,-60.05555555,-9999.0
1201,2017-06-19,04:00,0.0,1001.7,1001.9,1001.7,0,26.2,22.9,26.2,25.8,23.0,22.9,84,82,82,30,0.0,0.0,N,AM,CRMN MANAUS,S103,-3.02249999,-60.05555555,-9999.0
1202,2017-06-19,08:00,0.0,1000.9,1000.9,1000.7,0,24.9,23.2,25.3,24.6,23.4,22.8,91,88,91,28,0.0,0.0,N,AM,CRMN MANAUS,S103,-3.02249999,-60.05555555,-9999.0
1203,2017-06-19,12:00,0.0,1003.2,1003.3,1002.5,0,27.8,24.3,27.8,25.7,24.4,23.4,87,81,81,36,0.0,0.0,N,AM,CRMN MANAUS,S103,-3.02249999,-60.05555555,-9999.0
1204,2017-06-19,16:00,0.0,1002.5,1003.2,1002.5,0,31.5,20.7,31.9,31.1,21.7,20.7,57,53,53,37,3.8,1.0,N,AM,CRMN MANAUS,S103,-3.02249999,-60.05555555,-9999.0
1205,2017-06-19,20:00,0.0,999.0,999.4,999.0,0,32.3,21.3,32.8,32.1,21.6,20.5,52,50,52,35,4.0,2.0,N,AM,CRMN MANAUS,S103,-3.02249999,-60.05555555,-9999.0
1206,2017-06-20,00:00,0.0,1000.5,1000.5,999.8,0,29.0,22.6,29.6,29.0,22.6,22.2,68,65,68,29,0.3,0.0,N,AM,CRMN MANAUS,S103,-3.02249999,-60.05555555,-9999.0
1207,2017-06-20,04:00,0.0,1002.3,1002.6,1002.3,0,26.1,23.3,27.1,26.1,23.4,23.2,84,79,84,25,0.0,0.0,N,AM,CRMN MANAUS,S103,-3.02249999,-60.05555555,-9999.0
1208,2017-06-20,08:00,0.0,1001.6,1001.6,1001.3,0,24.5,22.8,25.0,24.2,22.8,22.4,91,87,90,22,0.0,0.0,N,AM,CRMN MANAUS,S103,-3.02249999,-60.05555555,-9999.0
1209,2017-06-20,12:00,0.0,1003.2,1003.2,1002.6,0,28.9,22.6,28.9,26.0,23.2,22.6,82,69,69,32,1.0,0.0,N,AM,CRMN MANAUS,S103,-3.02249999,-60.05555555,-9999.0
1210,2017-06-20,16:00,0.0,1002.6,1003.2,1002.7,0,32.2,20.8,32.5,31.5,21.4,20.2,55,50,51,30,5.5,3.0,N,AM,CRMN MANAUS,S103,-3.02249999,-60.05555555,-9999.0
1211,2017-06-20,20:00,0.0,999.2,999.6,999.2,0,32.2,20.2,32.8,32.3,20.4,19.2,49,45,49,28,4.2,2.0,N,AM,CRMN MANAUS,S103,-3.02249999,-60.05555555,-9999.0
1212,2017-06-21,00:00,0.0,1001.1,1001.1,1000.3,0,28.8,21.8,29.9,28.8,22.0,21.4,66,60,66,20,1.2,0.0,N,AM,CRMN MANAUS,S103,-3.02249999,-60.05555555,-9999.0
1213,2017-06-21,04:00,0.0,1002.3,1002.6,1002.3,0,26.4,22.9,26.6,26.1,22.8,22.4,81,79,81,19,0.8,0.0,N,AM,CRMN MANAUS,S103,-3.02249999,-60.05555555,-9999.0
1214,2017-06-21,08:00,0.0,1001.3,1001.3,1001.1,0,25.3,22.5,26.0,24.9,22.7,22.1,88,80,84,18,0.0,0.0,N,AM,CRMN MANAUS,S103,-3.02249999,-60.05555555,-9999.0
1215,2017-06-21,12:00,0.0,1003.9,1003.9,1003.1,0,26.2,23.3,26.4,25.9,23.3,22.5,84,80,84,16,2.5,1.0,N,AM,CRMN MANAUS,S103,-3.02249999,-60.05555555,-9999.0
1216,2017-06-21,16:00,0.0,1003.5,1004.3,1003.5,0,27.9,21.2,28.3,26.4,22.1,20.9,74,66,67,21,4.7,2.0,N,AM,CRMN MANAUS,S103,-3.02249999,-60.05555555,-9999.0
1217,2017-06-21,20:00,0.0,999.6,1000.2,999.5,0,30.0,22.3,30.4,29.8,22.4,21.1,64,59,63,22,4.0,2.0,N,AM,CRMN MANAUS,S103,-3.02249999,-60.05555555,-9999.0
1218,2017-06-22,00:00,0.0,1001.6,1001.7,1000.9,0,26.9,22.4,27.5,26.8,22.6,21.9,78,72,77,20,0.7,0.0,N,AM,CRMN MANAUS,S103,-3.02249999,-60.05555555,-9999.0
1219,2017-06-22,04:00,0.0,1002.8,1003.0,1002.8,0,26.1,23.5,26.3,26.1,23.5,23.0,85,83,85,20,0.1,0.0,N,AM,CRMN MANAUS,S103,-3.02249999,-60.05555555,-9999.0
1220,2017-06-22,08:00,5.0,1001.6,1001.9,1000.8,0,22.3,20.4,25.6,22.3,23.4,20.1,89,76,89,13,7.3,5.0,N,AM,CRMN MANAUS,S103,-3.02249999,-60.05555555,-9999.0
1221,2017-06-22,12:00,1.0,1002.6,1002.6,1002.0,0,22.4,21.3,22.5,22.1,21.4,20.9,94,93,93,18,0.1,0.0,N,AM,CRMN MANAUS,S103,-3.02249999,-60.05555555,-9999.0
1222,2017-06-22,16:00,0.0,1003.1,1003.6,1003.1,0,26.1,22.3,26.6,25.7,22.9,22.0,82,77,80,24,1.6,0.0,N,AM,CRMN MANAUS,S103,-3.02249999,-60.05555555,-9999.0
1223,2017-06-22,20:00,0.0,999.3,1000.2,999.3,0,27.0,23.1,27.8,26.9,23.4,22.7,80,75,79,23,1.9,1.0,N,AM,CRMN MANAUS,S103,-3.02249999,-60.05555555,-9999.0
1224,2017-06-23,00:00,0.0,1001.3,1001.3,1000.1,0,25.1,22.8,25.6,25.1,23.0,22.5,87,83,87,25,0.2,0.0,N,AM,CRMN MANAUS,S103,-3.02249999,-60.05555555,-9999.0
1225,2017-06-23,04:00,0.0,1002.4,1003.1,1002.5,0,24.7,23.2,24.9,24.7,23.3,23.2,92,90,91,25,0.4,0.0,N,AM,CRMN MANAUS,S103,-3.02249999,-60.05555555,-9999.0
1226,2017-06-23,08:00,0.0,1000.8,1000.9,1000.7,0,24.2,22.9,24.3,24.2,22.9,22.8,92,92,92,23,1.7,0.0,N,AM,CRMN MANAUS,S103,-3.02249999,-60.05555555,-9999.0
1227,2017-06-23,12:00,0.0,1002.6,1002.6,1001.8,0,25.0,23.0,25.1,24.4,23.3,22.8,91,89,89,29,0.1,0.0,N,AM,CRMN MANAUS,S103,-3.02249999,-60.05555555,-9999.0
1228,2017-06-23,16:00,5.0,1002.7,1003.8,1002.7,0,24.9,23.4,24.9,24.6,23.4,23.0,92,90,91,25,1.9,1.0,N,AM,CRMN MANAUS,S103,-3.02249999,-60.05555555,-9999.0
1229,2017-06-23,20:00,0.0,1000.1,1000.4,1000.1,0,26.5,22.0,26.6,25.9,21.8,21.0,76,73,76,35,3.3,0.0,N,AM,CRMN MANAUS,S103,-3.02249999,-60.05555555,-9999.0
1230,2017-06-24,00:00,0.0,1001.7,1001.7,1001.2,0,24.4,22.6,25.1,24.4,22.7,22.6,90,86,90,31,0.0,0.0,N,AM,CRMN MANAUS,S103,-3.02249999,-60.05555555,-9999.0
1231,2017-06-24,04:00,0.0,1003.2,1003.3,1003.1,0,24.1,22.8,24.3,24.1,22.9,22.7,93,91,93,30,0.1,0.0,N,AM,CRMN MANAUS,S103,-3.02249999,-60.05555555,-9999.0
1232,2017-06-24,08:00,0.0,1002.2,1002.3,1002.2,0,23.7,22.6,23.9,23.7,22.8,22.6,94,93,94,30,0.6,0.0,N,AM,CRMN MANAUS,S103,-3.02249999,-60.05555555,-9999.0
1233,2017-06-24,12:00,0.0,1003.6,1003.6,1002.6,0,26.2,22.5,27.0,25.1,23.1,22.0,87,75,80,41,0.6,0.0,N,AM,CRMN MANAUS,S103,-3.02249999,-60.05555555,-9999.0
1234,2017-06-24,16:00,0.0,1003.4,1004.4,1003.4,0,31.3,23.5,31.2,29.6,23.6,22.1,69,59,63,43,3.2,1.0,N,AM,CRMN MANAUS,S103,-3.02249999,-60.05555555,-9999.0
1235,2017-06-24,20:00,0.0,1000.2,1000.9,1000.1,0,31.6,21.2,31.8,30.5,22.4,20.6,62,52,54,38,2.8,1.0,N,AM,CRMN MANAUS,S103,-3.02249999,-60.05555555,-9999.0
1236,2017-06-25,00:00,0.0,1002.4,1002.3,1001.3,0,26.9,23.1,27.3,26.8,23.1,22.8,80,77,80,33,0.0,0.0,N,AM,CRMN MANAUS,S103,-3.02249999,-60.05555555,-9999.0
1237,2017-06-25,04:00,0.0,1004.3,1004.5,1004.2,0,24.7,22.7,25.1,24.7,23.0,22.7,89,87,89,28,0.2,0.0,N,AM,CRMN MANAUS,S103,-3.02249999,-60.05555555,-9999.0
1238,2017-06-25,08:00,0.0,1003.5,1003.5,1003.4,0,24.3,22.4,24.4,24.2,22.6,22.4,91,89,89,28,0.0,0.0,N,AM,CRMN MANAUS,S103,-3.02249999,-60.05555555,-9999.0
1239,2017-06-25,12:00,0.0,1004.8,1004.9,1004.4,0,26.3,22.1,26.4,25.2,22.6,22.1,85,77,78,33,1.3,0.0,N,AM,CRMN MANAUS,S103,-3.02249999,-60.05555555,-9999.0
1240,2017-06-25,16:00,0.0,1004.0,1004.4,1004.0,0,30.5,22.6,32.3,30.6,23.1,19.0,63,47,62,44,3.7,1.0,N,AM,CRMN MANAUS,S103,-3.02249999,-60.05555555,-9999.0
1241,2017-06-25,20:00,0.0,1000.6,1001.2,1000.5,0,30.8,20.6,32.1,30.2,22.2,20.0,61,51,55,32,3.8,1.0,N,AM,CRMN MANAUS,S103,-3.02249999,-60.05555555,-9999.0
1242,2017-06-26,00:00,0.0,1001.5,1001.5,1000.9,0,27.9,22.9,29.0,27.9,22.8,21.5,74,64,74,32,0.0,0.0,N,AM,CRMN MANAUS,S103,-3.02249999,-60.05555555,-9999.0
1243,2017-06-26,04:00,0.0,1003.0,1003.1,1002.9,0,24.9,22.8,25.2,25.0,22.9,22.7,88,87,88,25,0.0,0.0,N,AM,CRMN MANAUS,S103,-3.02249999,-60.05555555,-9999.0
1244,2017-06-26,08:00,0.0,1001.3,1001.3,1001.1,0,24.0,22.7,24.2,23.3,23.0,21.9,93,92,93,25,0.0,0.0,N,AM,CRMN MANAUS,S103,-3.02249999,-60.05555555,-9999.0
1245,2017-06-26,12:00,0.0,1003.1,1003.1,1002.4,0,25.3,23.2,25.3,23.9,23.3,22.8,94,89,88,28,0.0,0.0,N,AM,CRMN MANAUS,S103,-3.02249999,-60.05555555,-9999.0
1246,2017-06-26,16:00,0.0,1002.3,1003.1,1002.3,0,31.0,21.6,31.3,29.7,23.3,21.5,67,57,57,37,2.4,1.0,N,AM,CRMN MANAUS,S103,-3.02249999,-60.05555555,-9999.0
1247,2017-06-26,20:00,0.0,998.9,999.4,998.9,0,31.6,21.3,32.9,31.6,21.9,20.8,55,50,54,37,3.5,1.0,N,AM,CRMN MANAUS,S103,-3.02249999,-60.05555555,-9999.0
1248,2017-06-27,00:00,0.0,1000.8,1000.8,1000.4,0,29.2,22.3,29.7,29.2,22.4,22.1,66,65,67,31,1.1,0.0,N,AM,CRMN MANAUS,S103,-3.02249999,-60.05555555,-9999.0
1249,2017-06-27,04:00,0.0,1001.4,1001.4,1001.3,0,25.8,22.6,26.2,25.8,22.7,22.5,82,80,82,19,1.4,1.0,N,AM,CRMN MANAUS,S103,-3.02249999,-60.05555555,-9999.0
1250,2017-06-27,08:00,0.0,1000.7,1000.9,1000.7,0,24.1,21.8,24.6,24.1,21.9,21.7,87,85,87,17,2.3,1.0,N,AM,CRMN MANAUS,S103,-3.02249999,-60.05555555,-9999.0
1251,2017-06-27,12:00,0.0,1002.7,1002.7,1002.0,0,24.8,22.1,24.8,23.9,22.2,21.6,87,84,85,24,1.0,0.0,N,AM,CRMN MANAUS,S103,-3.02249999,-60.05555555,-9999.0
1252,2017-06-27,16:00,0.0,1002.5,1003.0,1002.5,0,30.5,21.5,31.2,29.6,24.2,21.6,70,59,59,42,2.4,0.0,N,AM,CRMN MANAUS,S103,-3.02249999,-60.05555555,-9999.0
1253,2017-06-27,20:00,0.0,999.5,1000.0,999.5,0,31.3,20.8,32.7,31.4,21.0,18.1,54,43,54,32,3.1,1.0,N,AM,CRMN MANAUS,S103,-3.02249999,-60.05555555,-9999.0
1254,2017-06-28,00:00,0.0,1001.6,1001.6,1000.8,0,28.8,20.4,29.0,28.7,21.5,20.2,64,59,60,23,1.8,0.0,N,AM,CRMN MANAUS,S103,-3.02249999,-60.05555555,-9999.0
1255,2017-06-28,04:00,0.0,1002.9,1003.1,1002.8,0,26.5,21.7,27.3,26.4,22.2,21.3,76,70,75,22,0.8,0.0,N,AM,CRMN MANAUS,S103,-3.02249999,-60.05555555,-9999.0
1256,2017-06-28,08:00,0.0,1001.6,1001.7,1001.6,0,24.3,22.5,24.4,24.0,22.5,21.9,90,88,90,19,0.0,0.0,N,AM,CRMN MANAUS,S103,-3.02249999,-60.05555555,-9999.0
1257,2017-06-28,12:00,0.0,1004.1,1004.1,1003.0,0,27.0,22.6,27.0,24.9,23.1,22.1,85,76,77,29,0.0,0.0,N,AM,CRMN MANAUS,S103,-3.02249999,-60.05555555,-9999.0
1258,2017-06-28,16:00,0.0,1003.8,1004.4,1003.9,0,31.8,20.0,32.4,31.2,20.9,19.4,53,48,50,28,4.8,2.0,N,AM,CRMN MANAUS,S103,-3.02249999,-60.05555555,-9999.0
1259,2017-06-28,20:00,0.0,1000.2,1000.8,1000.2,0,32.2,19.3,32.7,31.2,20.5,19.0,52,45,47,25,3.4,1.0,N,AM,CRMN MANAUS,S103,-3.02249999,-60.05555555,-9999.0
1260,2017-06-29,00:00,0.0,1001.8,1001.8,1001.1,0,28.5,20.5,29.5,28.6,20.6,19.8,62,57,62,19,0.8,0.0,N,AM,CRMN MANAUS,S103,-3.02249999,-60.05555555,-9999.0
1261,2017-06-29,04:00,0.0,1002.9,1003.1,1002.9,0,27.0,20.6,27.2,27.0,21.1,20.4,69,67,68,17,0.0,0.0,N,AM,CRMN MANAUS,S103,-3.02249999,-60.05555555,-9999.0
1262,2017-06-29,08:00,0.0,1002.3,1002.4,1002.2,0,26.1,20.3,26.1,25.8,20.8,20.3,74,70,70,15,1.2,0.0,N,AM,CRMN MANAUS,S103,-3.02249999,-60.05555555,-9999.0
1263,2017-06-29,12:00,0.0,1003.6,1003.6,1002.9,0,26.8,21.6,26.9,25.7,21.8,21.1,76,73,73,17,1.8,0.0,N,AM,CRMN MANAUS,S103,-3.02249999,-60.05555555,-9999.0
1264,2017-06-29,16:00,0.0,1003.6,1004.0,1003.6,0,31.5,20.3,31.6,30.2,21.5,20.2,59,52,51,18,4.1,3.0,N,AM,CRMN MANAUS,S103,-3.02249999,-60.05555555,-9999.0
1265,2017-06-29,20:00,0.0,1000.9,1001.4,1000.9,0,32.2,20.1,32.2,30.8,20.3,18.4,52,46,49,20,2.0,1.0,N,AM,CRMN MANAUS,S103,-3.02249999,-60.05555555,-9999.0
1266,2017-06-30,00:00,0.0,1002.8,1002.8,1002.0,0,26.0,22.1,27.7,26.1,22.4,21.8,79,71,79,10,1.6,1.0,N,AM,CRMN MANAUS,S103,-3.02249999,-60.05555555,-9999.0
1267,2017-06-30,04:00,0.0,1003.4,1003.7,1003.3,0,24.9,22.5,25.1,24.8,22.5,22.4,87,85,86,13,0.0,0.0,N,AM,CRMN MANAUS,S103,-3.02249999,-60.05555555,-9999.0
1268,2017-06-30,08:00,0.0,1003.2,1003.2,1002.9,0,24.2,22.0,24.2,24.1,22.4,21.9,90,87,88,13,0.3,0.0,N,AM,CRMN MANAUS,S103,-3.02249999,-60.05555555,-9999.0
1269,2017-06-30,12:00,0.0,1005.3,1005.3,1004.3,0,25.4,22.1,25.4,24.4,22.0,21.6,85,81,82,16,0.7,0.0,N,AM,CRMN MANAUS,S103,-3.02249999,-60.05555555,-9999.0
1270,2017-06-30,16:00,0.0,1003.7,1004.7,1003.7,0,31.2,22.1,31.3,30.2,22.2,21.3,61,56,59,19,4.2,1.0,N,AM,CRMN MANAUS,S103,-3.02249999,-60.05555555,-9999.0
1271,2017-06-30,20:00,0.0,1001.2,1001.2,1000.9,0,28.5,23.3,28.9,27.7,23.5,22.1,75,69,73,22,1.2,0.0,N,AM,CRMN MANAUS,S103,-3.02249999,-60.05555555,-9999.0
1272,2017-07-01,00:00,0.0,1003.6,1003.6,1002.8,0,25.8,22.1,26.1,25.8,22.2,22.0,81,78,80,14,3.2,0.0,N,AM,CRMN MANAUS,S103,-3.02249999,-60.05555555,-9999.0
1273,2017-07-01,04:00,0.0,1004.9,1005.5,1004.9,0,25.1,22.8,26.0,25.1,22.8,22.3,87,80,87,14,3.3,0.0,N,AM,CRMN MANAUS,S103,-3.02249999,-60.05555555,-9999.0
1274,2017-07-01,08:00,18.0,1004.9,1005.0,1004.5,0,22.8,21.5,23.7,22.7,22.2,21.4,93,91,93,12,7.1,0.0,N,AM,CRMN MANAUS,S103,-3.02249999,-60.05555555,-9999.0
1275,2017-07-01,12:00,0.0,1006.2,1006.2,1005.3,0,23.7,21.9,23.7,22.9,22.1,21.5,93,90,90,15,1.3,0.0,N,AM,CRMN MANAUS,S103,-3.02249999,-60.05555555,-9999.0
1276,2017-07-01,16:00,0.0,1006.5,1007.2,1006.5,0,26.9,22.8,27.0,26.1,23.1,21.9,82,76,78,20,2.4,1.0,N,AM,CRMN MANAUS,S103,-3.02249999,-60.05555555,-9999.0
1277,2017-07-01,20:00,14.0,1002.7,1004.1,1002.6,0,25.3,22.9,27.2,24.2,23.6,21.9,91,80,87,18,4.6,0.0,N,AM,CRMN MANAUS,S103,-3.02249999,-60.05555555,-9999.0
1278,2017-07-02,00:00,0.0,1004.9,1005.0,1004.6,0,24.8,23.5,25.3,24.8,23.9,23.5,92,91,92,20,0.3,0.0,N,AM,CRMN MANAUS,S103,-3.02249999,-60.05555555,-9999.0
1279,2017-07-02,04:00,0.0,1005.4,1005.7,1005.4,0,23.7,22.4,24.1,23.7,22.7,22.4,93,92,92,20,0.8,0.0,N,AM,CRMN MANAUS,S103,-3.02249999,-60.05555555,-9999.0
1280,2017-07-02,08:00,0.0,1004.8,1004.8,1004.7,0,23.0,21.6,23.1,22.9,21.9,21.6,93,92,92,19,0.4,0.0,N,AM,CRMN MANAUS,S103,-3.02249999,-60.05555555,-9999.0
1281,2017-07-02,12:00,0.0,1006.3,1006.3,1005.8,0,24.3,21.7,24.3,23.3,22.0,21.5,91,86,86,20,1.7,1.0,N,AM,CRMN MANAUS,S103,-3.02249999,-60.05555555,-9999.0
1282,2017-07-02,16:00,0.0,1006.0,1006.6,1006.0,0,28.5,23.1,29.8,28.2,23.7,22.1,75,66,72,39,1.8,0.0,N,AM,CRMN MANAUS,S103,-3.02249999,-60.05555555,-9999.0
1283,2017-07-02,20:00,0.0,1001.9,1002.3,1001.9,0,27.5,21.4,27.5,26.3,23.2,21.6,82,71,70,33,1.0,0.0,N,AM,CRMN MANAUS,S103,-3.02249999,-60.05555555,-9999.0
1284,2017-07-03,00:00,0.0,1004.3,1004.3,1003.2,0,26.6,23.1,26.9,26.6,23.2,23.0,81,80,81,28,0.1,0.0,N,AM,CRMN MANAUS,S103,-3.02249999,-60.05555555,-9999.0
1285,2017-07-03,04:00,0.0,1005.3,1005.6,1005.2,0,24.4,22.9,25.3,24.3,23.1,22.7,92,88,91,24,1.0,0.0,N,AM,CRMN MANAUS,S103,-3.02249999,-60.05555555,-9999.0
1286,2017-07-03,08:00,0.0,1003.6,1004.1,1003.5,0,24.2,22.5,24.3,24.0,22.5,22.2,90,89,90,24,0.3,0.0,N,AM,CRMN MANAUS,S103,-3.02249999,-60.05555555,-9999.0
1287,2017-07-03,12:00,16.0,1005.8,1006.1,1005.3,0,23.0,21.7,23.1,22.7,21.7,21.5,93,91,92,21,4.1,0.0,N,AM,CRMN MANAUS,S103,-3.02249999,-60.05555555,-9999.0
1288,2017-07-03,16:00,0.0,1004.3,1005.1,1004.3,0,29.6,22.4,29.6,27.4,23.3,21.8,77,63,65,34,2.4,1.0,N,AM,CRMN MANAUS,S103,-3.02249999,-60.05555555,-9999.0
1289,2017-07-03,20:00,0.0,1001.1,1001.1,1000.9,0,29.5,21.6,30.5,29.5,22.2,21.0,64,58,62,40,2.9,0.0,N,AM,CRMN MANAUS,S103,-3.02249999,-60.05555555,-9999.0
1290,2017-07-04,00:00,0.0,1003.5,1003.5,1002.4,0,25.0,22.2,25.4,25.0,22.4,22.0,84,83,85,28,0.9,0.0,N,AM,CRMN MANAUS,S103,-3.02249999,-60.05555555,-9999.0
1291,2017-07-04,04:00,-9999.0,-9999.0,-9999.0,-9999.0,-9999,-9999.0,-9999.0,-9999.0,-9999.0,-9999.0,-9999.0,-9999,-9999,-9999,-9999,-9999.0,-9999.0,N,AM,CRMN MANAUS,S103,-3.02249999,-60.05555555,-9999.0
1292,2017-07-04,08:00,0.0,1002.8,1003.2,1002.8,0,22.9,21.7,23.0,22.7,21.7,21.4,93,92,93,25,0.0,0.0,N,AM,CRMN MANAUS,S103,-3.02249999,-60.05555555,-9999.0
1293,2017-07-04,12:00,0.0,1006.1,1006.2,1004.6,0,23.5,21.0,23.9,23.5,22.3,21.0,92,85,86,20,5.6,3.0,N,AM,CRMN MANAUS,S103,-3.02249999,-60.05555555,-9999.0
1294,2017-07-04,16:00,0.0,1005.5,1006.1,1005.5,0,27.8,21.6,27.7,26.7,22.7,21.3,77,69,69,27,5.2,3.0,N,AM,CRMN MANAUS,S103,-3.02249999,-60.05555555,-9999.0
1295,2017-07-04,20:00,0.0,1001.5,1001.7,1001.3,0,29.0,21.5,29.7,29.0,21.4,20.3,63,58,64,34,3.0,1.0,N,AM,CRMN MANAUS,S103,-3.02249999,-60.05555555,-9999.0
1296,2017-07-05,00:00,0.0,1003.4,1003.4,1002.6,0,26.2,21.9,26.5,26.2,21.9,21.6,77,74,77,30,1.5,0.0,N,AM,CRMN MANAUS,S103,-3.02249999,-60.05555555,-9999.0
1297,2017-07-05,04:00,0.0,1004.4,1004.6,1004.4,0,24.7,22.3,25.1,24.7,22.3,22.0,86,83,86,27,0.0,0.0,N,AM,CRMN MANAUS,S103,-3.02249999,-60.05555555,-9999.0
1298,2017-07-05,08:00,0.0,1003.0,1003.1,1002.8,0,24.8,21.5,24.9,24.3,21.6,21.5,85,82,82,26,0.0,0.0,N,AM,CRMN MANAUS,S103,-3.02249999,-60.05555555,-9999.0
1299,2017-07-05,12:00,0.0,1005.7,1005.7,1004.8,0,25.0,22.1,25.0,24.2,22.2,21.8,88,84,84,21,3.1,2.0,N,AM,CRMN MANAUS,S103,-3.02249999,-60.05555555,-9999.0
1300,2017-07-05,16:00,0.0,1005.1,1005.9,1005.1,0,29.8,20.5,30.2,28.5,22.5,20.8,66,58,57,33,5.4,2.0,N,AM,CRMN MANAUS,S103,-3.02249999,-60.05555555,-9999.0
1301,2017-07-05,20:00,0.0,1000.9,1001.3,1000.9,0,30.3,21.3,31.3,30.4,22.4,21.3,61,57,58,34,4.2,1.0,N,AM,CRMN MANAUS,S103,-3.02249999,-60.05555555,-9999.0
1302,2017-07-06,00:00,0.0,1004.2,1004.2,1003.4,0,25.7,21.8,26.0,25.7,22.1,21.8,80,78,79,20,2.4,1.0,N,AM,CRMN MANAUS,S103,-3.02249999,-60.05555555,-9999.0
1303,2017-07-06,04:00,0.0,1004.9,1005.2,1004.9,0,24.9,22.0,25.3,24.9,22.0,21.9,84,82,84,26,1.6,0.0,N,AM,CRMN MANAUS,S103,-3.02249999,-60.05555555,-9999.0
1304,2017-07-06,08:00,0.0,1004.1,1004.1,1004.0,0,23.5,21.8,23.6,23.3,21.9,21.7,91,90,91,24,0.0,0.0,N,AM,CRMN MANAUS,S103,-3.02249999,-60.05555555,-9999.0
1305,2017-07-06,12:00,0.0,1006.1,1006.1,1005.3,0,26.4,23.0,26.4,24.3,23.1,22.1,88,80,82,35,0.0,0.0,N,AM,CRMN MANAUS,S103,-3.02249999,-60.05555555,-9999.0
1306,2017-07-06,16:00,0.0,1005.2,1005.9,1005.3,0,31.3,21.0,31.4,30.5,22.1,20.7,60,54,54,34,4.4,3.0,N,AM,CRMN MANAUS,S103,-3.02249999,-60.05555555,-9999.0
1307,2017-07-06,20:00,0.0,1002.3,1002.7,1002.3,0,31.1,19.9,31.2,29.7,21.8,19.9,62,51,51,29,2.3,1.0,N,AM,CRMN MANAUS,S103,-3.02249999,-60.05555555,-9999.0
1308,2017-07-07,00:00,0.0,1004.0,1004.0,1003.3,0,28.2,19.7,28.6,28.1,19.8,18.8,60,56,60,22,0.8,0.0,N,AM,CRMN MANAUS,S103,-3.02249999,-60.05555555,-9999.0
1309,2017-07-07,04:00,0.0,1005.3,1005.4,1005.0,0,25.8,21.5,26.4,25.7,21.7,21.5,78,75,77,20,0.8,0.0,N,AM,CRMN MANAUS,S103,-3.02249999,-60.05555555,-9999.0
1310,2017-07-07,08:00,0.0,1004.4,1004.5,1004.4,0,23.6,21.0,24.2,23.6,21.3,20.8,86,82,85,20,0.0,0.0,N,AM,CRMN MANAUS,S103,-3.02249999,-60.05555555,-9999.0
1311,2017-07-07,12:00,0.0,1006.3,1006.3,1005.6,0,28.2,22.3,28.3,24.3,22.3,20.9,82,68,70,31,0.0,0.0,N,AM,CRMN MANAUS,S103,-3.02249999,-60.05555555,-9999.0
1312,2017-07-07,16:00,0.0,1005.4,1006.1,1005.4,0,30.6,19.7,30.9,30.2,20.1,18.6,55,48,52,28,2.4,1.0,N,AM,CRMN MANAUS,S103,-3.02249999,-60.05555555,-9999.0
1313,2017-07-07,20:00,0.0,1002.4,1002.7,1002.4,0,31.3,19.3,31.5,30.6,20.0,18.8,51,48,49,25,2.7,1.0,N,AM,CRMN MANAUS,S103,-3.02249999,-60.05555555,-9999.0
1314,2017-07-08,00:00,0.0,1003.5,1003.4,1002.8,0,28.6,20.2,28.9,28.6,20.5,20.1,61,60,60,19,0.3,0.0,N,AM,CRMN MANAUS,S103,-3.02249999,-60.05555555,-9999.0
1315,2017-07-08,04:00,0.0,1005.0,1005.0,1004.9,0,26.5,21.1,27.3,26.5,21.2,20.8,72,68,73,16,0.5,0.0,N,AM,CRMN MANAUS,S103,-3.02249999,-60.05555555,-9999.0
1316,2017-07-08,08:00,0.0,1003.2,1003.6,1003.2,0,23.6,21.4,24.3,23.3,21.6,21.2,89,85,87,15,0.1,0.0,N,AM,CRMN MANAUS,S103,-3.02249999,-60.05555555,-9999.0
1317,2017-07-08,12:00,0.0,1005.1,1005.1,1004.3,0,27.6,21.3,27.5,25.8,21.8,20.8,75,68,69,22,1.0,0.0,N,AM,CRMN MANAUS,S103,-3.02249999,-60.05555555,-9999.0
1318,2017-07-08,16:00,0.0,1004.9,1005.6,1004.9,0,31.8,19.3,31.9,30.8,20.1,18.7,51,47,48,23,3.6,1.0,N,AM,CRMN MANAUS,S103,-3.02249999,-60.05555555,-9999.0
1319,2017-07-08,20:00,0.0,1001.6,1002.1,1001.6,0,31.8,19.1,32.3,31.8,19.7,18.6,48,45,47,18,3.3,1.0,N,AM,CRMN MANAUS,S103,-3.02249999,-60.05555555,-9999.0
1320,2017-07-09,00:00,0.0,1003.5,1003.5,1002.8,0,26.7,21.9,28.3,26.7,22.0,21.7,75,68,75,11,2.2,1.0,N,AM,CRMN MANAUS,S103,-3.02249999,-60.05555555,-9999.0
1321,2017-07-09,04:00,0.0,1004.8,1005.1,1004.8,0,24.9,21.3,25.2,24.9,21.6,21.2,82,80,80,13,0.5,0.0,N,AM,CRMN MANAUS,S103,-3.02249999,-60.05555555,-9999.0
1322,2017-07-09,08:00,0.0,1003.8,1003.8,1003.7,0,23.3,21.5,24.5,23.3,21.7,21.4,89,83,90,12,0.0,0.0,N,AM,CRMN MANAUS,S103,-3.02249999,-60.05555555,-9999.0
1323,2017-07-09,12:00,0.0,1005.8,1005.8,1005.0,0,25.6,21.5,25.6,24.3,21.8,20.8,85,76,78,16,0.0,0.0,N,AM,CRMN MANAUS,S103,-3.02249999,-60.05555555,-9999.0
1324,2017-07-09,16:00,0.0,1005.1,1006.1,1005.1,0,28.6,22.3,30.4,28.3,23.3,21.6,73,62,69,14,2.0,1.0,N,AM,CRMN MANAUS,S103,-3.02249999,-60.05555555,-9999.0
1325,2017-07-09,20:00,0.0,1001.2,1001.2,1001.1,0,31.2,22.4,31.9,31.1,22.2,20.5,59,51,60,17,3.5,2.0,N,AM,CRMN MANAUS,S103,-3.02249999,-60.05555555,-9999.0
1326,2017-07-10,00:00,0.0,1002.7,1002.7,1001.8,0,27.3,21.8,27.7,27.2,22.1,21.5,73,70,72,15,0.0,0.0,N,AM,CRMN MANAUS,S103,-3.02249999,-60.05555555,-9999.0
1327,2017-07-10,04:00,0.0,1004.0,1004.4,1004.0,0,25.6,22.3,25.7,25.5,23.2,22.3,87,82,82,12,2.6,0.0,N,AM,CRMN MANAUS,S103,-3.02249999,-60.05555555,-9999.0
1328,2017-07-10,08:00,0.0,1002.3,1002.5,1002.2,0,23.9,22.0,24.3,23.9,22.1,21.7,89,86,89,13,0.3,0.0,N,AM,CRMN MANAUS,S103,-3.02249999,-60.05555555,-9999.0
1329,2017-07-10,12:00,0.0,1004.5,1004.5,1003.7,0,26.4,21.9,26.4,24.2,22.1,21.7,87,77,76,14,1.9,1.0,N,AM,CRMN MANAUS,S103,-3.02249999,-60.05555555,-9999.0
1330,2017-07-10,16:00,0.0,1004.3,1004.7,1004.3,0,31.6,20.9,31.6,29.9,21.5,20.3,61,52,53,20,5.4,3.0,N,AM,CRMN MANAUS,S103,-3.02249999,-60.05555555,-9999.0
1331,2017-07-10,20:00,0.0,1001.2,1001.4,1001.2,0,29.6,20.9,29.9,29.6,21.2,20.5,60,57,60,15,2.5,1.0,N,AM,CRMN MANAUS,S103,-3.02249999,-60.05555555,-9999.0
1332,2017-07-11,00:00,0.0,1003.1,1003.1,1002.3,0,27.7,22.3,28.1,27.7,22.3,21.9,73,70,72,13,1.2,0.0,N,AM,CRMN MANAUS,S103,-3.02249999,-60.05555555,-9999.0
1333,2017-07-11,04:00,0.0,1004.2,1004.4,1004.2,0,25.8,22.2,26.5,25.7,22.3,22.1,81,77,80,13,0.0,0.0,N,AM,CRMN MANAUS,S103,-3.02249999,-60.05555555,-9999.0
1334,2017-07-11,08:00,0.0,1002.7,1002.8,1002.7,0,23.6,21.9,24.2,23.6,22.2,21.8,90,87,90,12,0.0,0.0,N,AM,CRMN MANAUS,S103,-3.02249999,-60.05555555,-9999.0
1335,2017-07-11,12:00,0.0,1004.6,1004.6,1004.0,0,26.6,22.0,26.6,24.1,22.4,21.6,86,76,76,18,0.5,0.0,N,AM,CRMN MANAUS,S103,-3.02249999,-60.05555555,-9999.0
1336,2017-07-11,16:00,0.0,1004.3,1004.8,1004.2,0,30.7,19.0,31.2,30.5,19.3,17.7,50,45,50,17,5.2,3.0,N,AM,CRMN MANAUS,S103,-3.02249999,-60.05555555,-9999.0
1337,2017-07-11,20:00,0.0,1001.8,1002.1,1001.8,0,31.5,17.6,31.9,30.9,18.8,17.4,47,43,44,16,3.1,1.0,N,AM,CRMN MANAUS,S103,-3.02249999,-60.05555555,-9999.0
1338,2017-07-12,00:00,0.0,1003.5,1003.5,1002.6,0,28.2,18.2,28.3,28.0,18.9,18.1,57,54,55,12,0.3,0.0,N,AM,CRMN MANAUS,S103,-3.02249999,-60.05555555,-9999.0
1339,2017-07-12,04:00,0.0,1004.6,1004.9,1004.6,0,25.3,19.8,27.1,25.4,19.7,18.8,71,61,72,10,0.3,0.0,N,AM,CRMN MANAUS,S103,-3.02249999,-60.05555555,-9999.0
1340,2017-07-12,08:00,0.0,1003.2,1003.2,1003.0,0,23.4,20.9,23.6,22.5,20.9,20.3,88,84,86,10,0.0,0.0,N,AM,CRMN MANAUS,S103,-3.02249999,-60.05555555,-9999.0
1341,2017-07-12,12:00,0.0,1005.3,1005.2,1004.5,0,27.2,21.6,27.2,24.1,22.2,21.1,84,72,72,14,0.0,0.0,N,AM,CRMN MANAUS,S103,-3.02249999,-60.05555555,-9999.0
1342,2017-07-12,16:00,0.0,1004.8,1005.2,1004.8,0,31.1,17.7,31.3,30.8,18.9,17.4,49,44,45,14,3.1,1.0,N,AM,CRMN MANAUS,S103,-3.02249999,-60.05555555,-9999.0
1343,2017-07-12,20:00,0.0,1002.0,1002.4,1002.0,0,31.4,17.6,32.3,31.3,18.3,17.4,46,41,44,12,3.9,1.0,N,AM,CRMN MANAUS,S103,-3.02249999,-60.05555555,-9999.0
1344,2017-07-13,00:00,0.0,1003.6,1003.6,1002.9,0,28.3,19.5,28.8,28.1,19.6,18.8,60,55,59,10,0.0,0.0,N,AM,CRMN MANAUS,S103,-3.02249999,-60.05555555,-9999.0
1345,2017-07-13,04:00,0.0,1005.0,1005.1,1004.9,0,25.1,21.2,26.1,24.6,21.5,21.1,82,74,79,9,0.0,0.0,N,AM,CRMN MANAUS,S103,-3.02249999,-60.05555555,-9999.0
1346,2017-07-13,08:00,0.0,1003.3,1003.7,1003.3,0,24.0,21.1,24.5,24.1,21.7,21.0,85,82,83,9,0.0,0.0,N,AM,CRMN MANAUS,S103,-3.02249999,-60.05555555,-9999.0
1347,2017-07-13,12:00,0.0,1005.5,1005.5,1004.8,0,24.9,22.3,24.9,24.0,22.7,21.9,89,86,86,10,0.1,0.0,N,AM,CRMN MANAUS,S103,-3.02249999,-60.05555555,-9999.0
1348,2017-07-13,16:00,0.0,1005.9,1006.3,1005.9,0,30.7,21.6,30.9,29.6,21.9,19.8,60,54,58,14,2.0,1.0,N,AM,CRMN MANAUS,S103,-3.02249999,-60.05555555,-9999.0
1349,2017-07-13,20:00,0.0,1003.0,1003.6,1003.0,0,25.4,22.3,26.2,25.3,22.3,21.8,83,77,83,8,3.3,1.0,N,AM,CRMN MANAUS,S103,-3.02249999,-60.05555555,-9999.0
1350,2017-07-14,00:00,0.0,1004.3,1004.4,1003.5,0,26.0,21.8,26.0,25.2,22.8,21.8,86,78,78,11,2.8,0.0,N,AM,CRMN MANAUS,S103,-3.02249999,-60.05555555,-9999.0
1351,2017-07-14,04:00,0.0,1005.1,1005.3,1005.1,0,25.0,22.7,25.3,25.0,22.8,22.5,87,85,87,11,0.4,0.0,N,AM,CRMN MANAUS,S103,-3.02249999,-60.05555555,-9999.0
1352,2017-07-14,08:00,0.0,1003.9,1003.9,1003.8,0,24.1,22.3,24.3,24.1,22.4,22.3,90,89,90,10,0.6,0.0,N,AM,CRMN MANAUS,S103,-3.02249999,-60.05555555,-9999.0
1353,2017-07-14,12:00,0.0,1005.1,1005.1,1004.5,0,25.4,22.6,25.5,23.8,22.7,22.3,92,84,84,11,2.8,1.0,N,AM,CRMN MANAUS,S103,-3.02249999,-60.05555555,-9999.0
1354,2017-07-14,16:00,18.0,1006.3,1006.5,1006.1,0,22.7,21.3,26.3,22.7,22.9,21.3,92,81,92,8,6.9,2.0,N,AM,CRMN MANAUS,S103,-3.02249999,-60.05555555,-9999.0
1355,2017-07-14,20:00,0.0,1002.1,1002.7,1002.1,0,25.0,22.3,25.1,24.7,22.8,22.1,87,84,85,15,1.8,0.0,N,AM,CRMN MANAUS,S103,-3.02249999,-60.05555555,-9999.0
1356,2017-07-15,00:00,0.0,1004.0,1004.0,1003.0,0,23.5,22.0,23.6,23.2,22.1,21.8,92,90,91,14,0.0,0.0,N,AM,CRMN MANAUS,S103,-3.02249999,-60.05555555,-9999.0
1357,2017-07-15,04:00,0.0,1004.8,1005.1,1004.8,0,23.0,22.0,23.4,23.0,22.2,22.0,94,93,94,14,1.1,0.0,N,AM,CRMN MANAUS,S103,-3.02249999,-60.05555555,-9999.0
1358,2017-07-15,08:00,0.0,1003.1,1003.1,1002.9,0,23.1,21.8,23.1,23.1,21.9,21.8,93,92,93,14,0.8,0.0,N,AM,CRMN MANAUS,S103,-3.02249999,-60.05555555,-9999.0
1359,2017-07-15,12:00,-9999.0,-9999.0,-9999.0,-9999.0,-9999,-9999.0,-9999.0,-9999.0,-9999.0,-9999.0,-9999.0,-9999,-9999,-9999,-9999,-9999.0,-9999.0,N,AM,CRMN MANAUS,S103,-3.02249999,-60.05555555,-9999.0
1360,2017-07-15,16:00,0.0,1004.0,1004.6,1004.0,0,29.9,22.5,30.2,28.8,23.4,21.7,72,62,65,34,1.7,0.0,N,AM,CRMN MANAUS,S103,-3.02249999,-60.05555555,-9999.0
1361,2017-07-15,20:00,1.0,1000.3,1000.8,1000.3,0,29.3,23.1,29.8,28.5,25.3,22.4,82,66,69,24,2.2,1.0,N,AM,CRMN MANAUS,S103,-3.02249999,-60.05555555,-9999.0
1362,2017-07-16,00:00,0.0,1002.3,1002.3,1001.7,0,25.8,22.7,26.7,25.8,23.5,22.7,85,80,83,22,2.1,0.0,N,AM,CRMN MANAUS,S103,-3.02249999,-60.05555555,-9999.0
1363,2017-07-16,04:00,0.0,1003.0,1003.2,1003.0,0,24.8,22.8,25.0,24.8,23.0,22.6,89,88,89,21,0.0,0.0,N,AM,CRMN MANAUS,S103,-3.02249999,-60.05555555,-9999.0
1364,2017-07-16,08:00,0.0,1002.1,1002.1,1002.0,0,23.2,21.5,23.6,23.1,21.8,21.5,91,89,91,19,0.0,0.0,N,AM,CRMN MANAUS,S103,-3.02249999,-60.05555555,-9999.0
1365,2017-07-16,12:00,0.0,1003.9,1003.9,1003.4,0,26.5,21.3,26.5,24.2,21.5,20.8,84,71,73,29,0.0,0.0,N,AM,CRMN MANAUS,S103,-3.02249999,-60.05555555,-9999.0
1366,2017-07-16,16:00,0.0,1003.7,1004.3,1003.8,0,31.9,20.5,32.2,30.7,21.5,19.8,57,49,51,29,3.6,2.0,N,AM,CRMN MANAUS,S103,-3.02249999,-60.05555555,-9999.0
1367,2017-07-16,20:00,0.0,1000.5,1000.9,1000.5,0,32.0,20.6,32.3,31.8,20.9,19.5,52,48,51,25,3.9,1.0,N,AM,CRMN MANAUS,S103,-3.02249999,-60.05555555,-9999.0
1368,2017-07-17,00:00,0.0,1002.6,1002.6,1002.0,0,29.2,22.2,29.4,28.9,22.3,22.0,67,65,66,18,0.7,0.0,N,AM,CRMN MANAUS,S103,-3.02249999,-60.05555555,-9999.0
1369,2017-07-17,04:00,0.0,1004.2,1004.2,1003.9,0,26.8,22.5,28.2,26.8,22.8,21.5,78,67,77,18,0.2,0.0,N,AM,CRMN MANAUS,S103,-3.02249999,-60.05555555,-9999.0
1370,2017-07-17,08:00,0.0,1002.7,1002.7,1002.6,0,24.7,22.3,25.0,24.7,22.4,22.3,87,86,87,16,0.0,0.0,N,AM,CRMN MANAUS,S103,-3.02249999,-60.05555555,-9999.0
1371,2017-07-17,12:00,0.0,1004.4,1004.4,1003.9,0,27.4,22.8,27.4,25.0,22.9,22.3,85,76,76,21,0.7,0.0,N,AM,CRMN MANAUS,S103,-3.02249999,-60.05555555,-9999.0
1372,2017-07-17,16:00,0.0,1003.8,1004.6,1003.8,0,31.9,20.2,32.0,31.1,21.2,19.8,54,50,50,22,3.8,2.0,N,AM,CRMN MANAUS,S103,-3.02249999,-60.05555555,-9999.0
1373,2017-07-17,20:00,0.0,1001.2,1001.5,1001.2,0,32.5,19.3,32.8,32.1,20.8,18.7,50,45,46,18,3.8,1.0,N,AM,CRMN MANAUS,S103,-3.02249999,-60.05555555,-9999.0
1374,2017-07-18,00:00,0.0,1002.9,1002.9,1002.2,0,29.0,20.2,29.8,29.0,20.2,19.3,59,53,59,15,1.4,0.0,N,AM,CRMN MANAUS,S103,-3.02249999,-60.05555555,-9999.0
1375,2017-07-18,04:00,0.0,1004.3,1004.4,1004.3,0,26.9,20.4,27.4,26.9,20.5,20.2,68,65,67,13,1.3,0.0,N,AM,CRMN MANAUS,S103,-3.02249999,-60.05555555,-9999.0
1376,2017-07-18,08:00,0.0,1003.0,1003.1,1003.0,0,24.8,20.3,25.1,24.4,20.6,20.1,79,76,76,11,0.0,0.0,N,AM,CRMN MANAUS,S103,-3.02249999,-60.05555555,-9999.0
1377,2017-07-18,12:00,0.0,1005.0,1005.0,1004.4,0,28.1,20.6,28.2,25.6,21.8,20.5,79,63,64,17,1.1,0.0,N,AM,CRMN MANAUS,S103,-3.02249999,-60.05555555,-9999.0
1378,2017-07-18,16:00,0.0,1004.5,1005.0,1004.4,0,31.6,19.1,31.7,30.9,19.8,18.1,50,46,47,16,4.1,2.0,N,AM,CRMN MANAUS,S103,-3.02249999,-60.05555555,-9999.0
1379,2017-07-18,20:00,0.0,1001.3,1001.7,1001.3,0,32.7,17.4,32.9,32.3,18.1,16.0,42,37,40,13,4.2,2.0,N,AM,CRMN MANAUS,S103,-3.02249999,-60.05555555,-9999.0
1380,2017-07-19,00:00,0.0,1003.0,1003.1,1002.3,0,29.1,19.6,29.5,29.0,19.7,18.5,57,52,56,10,0.5,0.0,N,AM,CRMN MANAUS,S103,-3.02249999,-60.05555555,-9999.0
1381,2017-07-19,04:00,0.0,1005.0,1005.0,1004.9,0,25.6,19.8,26.7,25.6,20.2,19.3,70,65,70,8,3.0,1.0,N,AM,CRMN MANAUS,S103,-3.02249999,-60.05555555,-9999.0
1382,2017-07-19,08:00,0.0,1004.1,1004.3,1004.1,0,22.9,18.2,23.7,23.0,18.7,18.2,75,73,75,7,3.7,2.0,N,AM,CRMN MANAUS,S103,-3.02249999,-60.05555555,-9999.0
1383,2017-07-19,12:00,0.0,1006.3,1006.3,1005.7,0,22.8,16.7,22.9,21.9,17.6,16.8,77,69,68,8,5.0,3.0,N,AM,CRMN MANAUS,S103,-3.02249999,-60.05555555,-9999.0
1384,2017-07-19,16:00,0.0,1005.8,1006.2,1005.7,0,26.4,17.1,26.5,25.5,17.9,16.5,62,56,57,10,4.0,2.0,N,AM,CRMN MANAUS,S103,-3.02249999,-60.05555555,-9999.0
1385,2017-07-19,20:00,0.0,1002.8,1002.9,1002.8,0,28.7,19.0,28.9,28.1,19.0,17.5,56,51,56,10,3.3,2.0,N,AM,CRMN MANAUS,S103,-3.02249999,-60.05555555,-9999.0
1386,2017-07-20,00:00,0.0,1004.4,1004.4,1003.8,0,26.1,19.7,26.1,25.9,19.9,19.4,69,67,68,9,0.1,0.0,N,AM,CRMN MANAUS,S103,-3.02249999,-60.05555555,-9999.0
1387,2017-07-20,04:00,0.0,1005.4,1005.8,1005.5,0,24.8,21.4,25.1,24.8,21.5,20.6,81,77,81,9,0.0,0.0,N,AM,CRMN MANAUS,S103,-3.02249999,-60.05555555,-9999.0
1388,2017-07-20,08:00,0.0,1004.0,1004.1,1003.9,0,24.4,20.3,24.5,24.4,20.9,20.3,81,78,78,9,1.0,0.0,N,AM,CRMN MANAUS,S103,-3.02249999,-60.05555555,-9999.0
1389,2017-07-20,12:00,0.0,1006.7,1006.7,1005.8,0,25.0,20.6,25.0,24.0,20.7,20.3,80,76,77,8,3.0,1.0,N,AM,CRMN MANAUS,S103,-3.02249999,-60.05555555,-9999.0
1390,2017-07-20,16:00,0.0,1006.3,1006.8,1006.3,0,27.9,18.8,28.1,27.0,19.9,18.6,63,57,58,10,4.1,3.0,N,AM,CRMN MANAUS,S103,-3.02249999,-60.05555555,-9999.0
1391,2017-07-20,20:00,0.0,1003.5,1003.7,1003.4,0,28.6,18.8,29.2,27.8,19.9,18.6,60,54,55,10,2.9,1.0,N,AM,CRMN MANAUS,S103,-3.02249999,-60.05555555,-9999.0
1392,2017-07-21,00:00,0.0,1004.8,1004.8,1004.3,0,25.3,20.0,25.9,25.3,20.2,19.8,73,70,72,9,0.9,0.0,N,AM,CRMN MANAUS,S103,-3.02249999,-60.05555555,-9999.0
1393,2017-07-21,04:00,0.0,1006.0,1006.3,1005.9,0,24.2,20.8,24.8,24.2,21.0,20.5,82,78,81,9,0.5,0.0,N,AM,CRMN MANAUS,S103,-3.02249999,-60.05555555,-9999.0
1394,2017-07-21,08:00,0.0,1004.4,1004.4,1004.2,0,23.1,21.3,23.2,23.1,21.3,21.2,89,88,89,9,0.9,0.0,N,AM,CRMN MANAUS,S103,-3.02249999,-60.05555555,-9999.0
1395,2017-07-21,12:00,0.0,1006.1,1006.1,1005.4,0,25.4,21.8,25.4,23.2,21.9,21.3,89,81,80,10,1.4,0.0,N,AM,CRMN MANAUS,S103,-3.02249999,-60.05555555,-9999.0
1396,2017-07-21,16:00,0.0,1005.9,1006.6,1005.9,0,29.2,20.4,29.6,28.8,21.2,20.0,62,58,59,12,2.7,1.0,N,AM,CRMN MANAUS,S103,-3.02249999,-60.05555555,-9999.0
1397,2017-07-21,20:00,0.0,1003.0,1003.3,1002.9,0,30.0,21.7,30.5,28.8,22.4,21.4,67,60,61,11,3.6,1.0,N,AM,CRMN MANAUS,S103,-3.02249999,-60.05555555,-9999.0
1398,2017-07-22,00:00,0.0,1004.4,1004.3,1003.6,0,26.6,22.5,27.2,26.6,22.5,22.2,78,74,78,10,0.1,0.0,N,AM,CRMN MANAUS,S103,-3.02249999,-60.05555555,-9999.0
1399,2017-07-22,04:00,0.0,1005.3,1005.7,1005.3,0,24.1,22.2,24.6,24.1,22.2,22.1,89,87,89,9,1.1,0.0,N,AM,CRMN MANAUS,S103,-3.02249999,-60.05555555,-9999.0
1400,2017-07-22,08:00,0.0,1003.9,1003.9,1003.5,0,23.3,21.3,23.5,23.3,21.6,21.3,90,88,89,9,1.1,0.0,N,AM,CRMN MANAUS,S103,-3.02249999,-60.05555555,-9999.0
1401,2017-07-22,12:00,0.0,1005.9,1005.9,1005.6,0,25.2,21.3,25.1,23.3,21.4,20.8,86,79,79,11,1.7,0.0,N,AM,CRMN MANAUS,S103,-3.02249999,-60.05555555,-9999.0
1402,2017-07-22,16:00,0.0,1005.1,1006.0,1005.1,0,29.6,23.0,30.1,29.0,22.9,21.7,68,62,68,14,2.5,1.0,N,AM,CRMN MANAUS,S103,-3.02249999,-60.05555555,-9999.0
1403,2017-07-22,20:00,0.0,1000.9,1001.9,1000.9,0,29.6,23.0,29.7,29.3,23.1,22.4,69,66,68,11,2.0,1.0,N,AM,CRMN MANAUS,S103,-3.02249999,-60.05555555,-9999.0
1404,2017-07-23,00:00,0.0,1002.6,1002.7,1001.8,0,27.1,23.5,28.0,27.1,23.7,22.8,81,74,81,12,0.7,0.0,N,AM,CRMN MANAUS,S103,-3.02249999,-60.05555555,-9999.0
1405,2017-07-23,04:00,-9999.0,-9999.0,-9999.0,-9999.0,-9999,-9999.0,-9999.0,-9999.0,-9999.0,-9999.0,-9999.0,-9999,-9999,-9999,-9999,-9999.0,-9999.0,N,AM,CRMN MANAUS,S103,-3.02249999,-60.05555555,-9999.0
1406,2017-07-23,08:00,-9999.0,-9999.0,-9999.0,-9999.0,-9999,-9999.0,-9999.0,-9999.0,-9999.0,-9999.0,-9999.0,-9999,-9999,-9999,-9999,-9999.0,-9999.0,N,AM,CRMN MANAUS,S103,-3.02249999,-60.05555555,-9999.0
1407,2017-07-23,12:00,-9999.0,-9999.0,-9999.0,-9999.0,-9999,-9999.0,-9999.0,-9999.0,-9999.0,-9999.0,-9999.0,-9999,-9999,-9999,-9999,-9999.0,-9999.0,N,AM,CRMN MANAUS,S103,-3.02249999,-60.05555555,-9999.0
1408,2017-07-23,16:00,-9999.0,-9999.0,-9999.0,-9999.0,-9999,-9999.0,-9999.0,-9999.0,-9999.0,-9999.0,-9999.0,-9999,-9999,-9999,-9999,-9999.0,-9999.0,N,AM,CRMN MANAUS,S103,-3.02249999,-60.05555555,-9999.0
1409,2017-07-23,20:00,-9999.0,-9999.0,-9999.0,-9999.0,-9999,-9999.0,-9999.0,-9999.0,-9999.0,-9999.0,-9999.0,-9999,-9999,-9999,-9999,-9999.0,-9999.0,N,AM,CRMN MANAUS,S103,-3.02249999,-60.05555555,-9999.0
1410,2017-07-24,00:00,-9999.0,-9999.0,-9999.0,-9999.0,-9999,-9999.0,-9999.0,-9999.0,-9999.0,-9999.0,-9999.0,-9999,-9999,-9999,-9999,-9999.0,-9999.0,N,AM,CRMN MANAUS,S103,-3.02249999,-60.05555555,-9999.0
1411,2017-07-24,04:00,-9999.0,-9999.0,-9999.0,-9999.0,-9999,-9999.0,-9999.0,-9999.0,-9999.0,-9999.0,-9999.0,-9999,-9999,-9999,-9999,-9999.0,-9999.0,N,AM,CRMN MANAUS,S103,-3.02249999,-60.05555555,-9999.0
1412,2017-07-24,08:00,-9999.0,-9999.0,-9999.0,-9999.0,-9999,-9999.0,-9999.0,-9999.0,-9999.0,-9999.0,-9999.0,-9999,-9999,-9999,-9999,-9999.0,-9999.0,N,AM,CRMN MANAUS,S103,-3.02249999,-60.05555555,-9999.0
1413,2017-07-24,12:00,-9999.0,-9999.0,-9999.0,-9999.0,-9999,-9999.0,-9999.0,-9999.0,-9999.0,-9999.0,-9999.0,-9999,-9999,-9999,-9999,-9999.0,-9999.0,N,AM,CRMN MANAUS,S103,-3.02249999,-60.05555555,-9999.0
1414,2017-07-24,16:00,-9999.0,-9999.0,-9999.0,-9999.0,-9999,-9999.0,-9999.0,-9999.0,-9999.0,-9999.0,-9999.0,-9999,-9999,-9999,-9999,-9999.0,-9999.0,N,AM,CRMN MANAUS,S103,-3.02249999,-60.05555555,-9999.0
1415,2017-07-24,20:00,-9999.0,-9999.0,-9999.0,-9999.0,-9999,-9999.0,-9999.0,-9999.0,-9999.0,-9999.0,-9999.0,-9999,-9999,-9999,-9999,-9999.0,-9999.0,N,AM,CRMN MANAUS,S103,-3.02249999,-60.05555555,-9999.0
1416,2017-07-25,00:00,-9999.0,-9999.0,-9999.0,-9999.0,-9999,-9999.0,-9999.0,-9999.0,-9999.0,-9999.0,-9999.0,-9999,-9999,-9999,-9999,-9999.0,-9999.0,N,AM,CRMN MANAUS,S103,-3.02249999,-60.05555555,-9999.0
1417,2017-07-25,04:00,-9999.0,-9999.0,-9999.0,-9999.0,-9999,-9999.0,-9999.0,-9999.0,-9999.0,-9999.0,-9999.0,-9999,-9999,-9999,-9999,-9999.0,-9999.0,N,AM,CRMN MANAUS,S103,-3.02249999,-60.05555555,-9999.0
1418,2017-07-25,08:00,-9999.0,-9999.0,-9999.0,-9999.0,-9999,-9999.0,-9999.0,-9999.0,-9999.0,-9999.0,-9999.0,-9999,-9999,-9999,-9999,-9999.0,-9999.0,N,AM,CRMN MANAUS,S103,-3.02249999,-60.05555555,-9999.0
1419,2017-07-25,12:00,-9999.0,-9999.0,-9999.0,-9999.0,-9999,-9999.0,-9999.0,-9999.0,-9999.0,-9999.0,-9999.0,-9999,-9999,-9999,-9999,-9999.0,-9999.0,N,AM,CRMN MANAUS,S103,-3.02249999,-60.05555555,-9999.0
1420,2017-07-25,16:00,-9999.0,-9999.0,-9999.0,-9999.0,-9999,-9999.0,-9999.0,-9999.0,-9999.0,-9999.0,-9999.0,-9999,-9999,-9999,-9999,-9999.0,-9999.0,N,AM,CRMN MANAUS,S103,-3.02249999,-60.05555555,-9999.0
1421,2017-07-25,20:00,-9999.0,-9999.0,-9999.0,-9999.0,-9999,-9999.0,-9999.0,-9999.0,-9999.0,-9999.0,-9999.0,-9999,-9999,-9999,-9999,-9999.0,-9999.0,N,AM,CRMN MANAUS,S103,-3.02249999,-60.05555555,-9999.0
1422,2017-07-26,00:00,-9999.0,-9999.0,-9999.0,-9999.0,-9999,-9999.0,-9999.0,-9999.0,-9999.0,-9999.0,-9999.0,-9999,-9999,-9999,-9999,-9999.0,-9999.0,N,AM,CRMN MANAUS,S103,-3.02249999,-60.05555555,-9999.0
1423,2017-07-26,04:00,-9999.0,-9999.0,-9999.0,-9999.0,-9999,-9999.0,-9999.0,-9999.0,-9999.0,-9999.0,-9999.0,-9999,-9999,-9999,-9999,-9999.0,-9999.0,N,AM,CRMN MANAUS,S103,-3.02249999,-60.05555555,-9999.0
1424,2017-07-26,08:00,-9999.0,-9999.0,-9999.0,-9999.0,-9999,-9999.0,-9999.0,-9999.0,-9999.0,-9999.0,-9999.0,-9999,-9999,-9999,-9999,-9999.0,-9999.0,N,AM,CRMN MANAUS,S103,-3.02249999,-60.05555555,-9999.0
1425,2017-07-26,12:00,-9999.0,-9999.0,-9999.0,-9999.0,-9999,-9999.0,-9999.0,-9999.0,-9999.0,-9999.0,-9999.0,-9999,-9999,-9999,-9999,-9999.0,-9999.0,N,AM,CRMN MANAUS,S103,-3.02249999,-60.05555555,-9999.0
1426,2017-07-26,16:00,-9999.0,-9999.0,-9999.0,-9999.0,-9999,-9999.0,-9999.0,-9999.0,-9999.0,-9999.0,-9999.0,-9999,-9999,-9999,-9999,-9999.0,-9999.0,N,AM,CRMN MANAUS,S103,-3.02249999,-60.05555555,-9999.0
1427,2017-07-26,20:00,-9999.0,-9999.0,-9999.0,-9999.0,-9999,-9999.0,-9999.0,-9999.0,-9999.0,-9999.0,-9999.0,-9999,-9999,-9999,-9999,-9999.0,-9999.0,N,AM,CRMN MANAUS,S103,-3.02249999,-60.05555555,-9999.0
1428,2017-07-27,00:00,-9999.0,-9999.0,-9999.0,-9999.0,-9999,-9999.0,-9999.0,-9999.0,-9999.0,-9999.0,-9999.0,-9999,-9999,-9999,-9999,-9999.0,-9999.0,N,AM,CRMN MANAUS,S103,-3.02249999,-60.05555555,-9999.0
1429,2017-07-27,04:00,-9999.0,-9999.0,-9999.0,-9999.0,-9999,-9999.0,-9999.0,-9999.0,-9999.0,-9999.0,-9999.0,-9999,-9999,-9999,-9999,-9999.0,-9999.0,N,AM,CRMN MANAUS,S103,-3.02249999,-60.05555555,-9999.0
1430,2017-07-27,08:00,-9999.0,-9999.0,-9999.0,-9999.0,-9999,-9999.0,-9999.0,-9999.0,-9999.0,-9999.0,-9999.0,-9999,-9999,-9999,-9999,-9999.0,-9999.0,N,AM,CRMN MANAUS,S103,-3.02249999,-60.05555555,-9999.0
1431,2017-07-27,12:00,-9999.0,-9999.0,-9999.0,-9999.0,-9999,-9999.0,-9999.0,-9999.0,-9999.0,-9999.0,-9999.0,-9999,-9999,-9999,-9999,-9999.0,-9999.0,N,AM,CRMN MANAUS,S103,-3.02249999,-60.05555555,-9999.0
1432,2017-07-27,16:00,-9999.0,-9999.0,-9999.0,-9999.0,-9999,-9999.0,-9999.0,-9999.0,-9999.0,-9999.0,-9999.0,-9999,-9999,-9999,-9999,-9999.0,-9999.0,N,AM,CRMN MANAUS,S103,-3.02249999,-60.05555555,-9999.0
1433,2017-07-27,20:00,-9999.0,-9999.0,-9999.0,-9999.0,-9999,-9999.0,-9999.0,-9999.0,-9999.0,-9999.0,-9999.0,-9999,-9999,-9999,-9999,-9999.0,-9999.0,N,AM,CRMN MANAUS,S103,-3.02249999,-60.05555555,-9999.0
1434,2017-07-28,00:00,-9999.0,-9999.0,-9999.0,-9999.0,-9999,-9999.0,-9999.0,-9999.0,-9999.0,-9999.0,-9999.0,-9999,-9999,-9999,-9999,-9999.0,-9999.0,N,AM,CRMN MANAUS,S103,-3.02249999,-60.05555555,-9999.0
1435,2017-07-28,04:00,-9999.0,-9999.0,-9999.0,-9999.0,-9999,-9999.0,-9999.0,-9999.0,-9999.0,-9999.0,-9999.0,-9999,-9999,-9999,-9999,-9999.0,-9999.0,N,AM,CRMN MANAUS,S103,-3.02249999,-60.05555555,-9999.0
1436,2017-07-28,08:00,-9999.0,-9999.0,-9999.0,-9999.0,-9999,-9999.0,-9999.0,-9999.0,-9999.0,-9999.0,-9999.0,-9999,-9999,-9999,-9999,-9999.0,-9999.0,N,AM,CRMN MANAUS,S103,-3.02249999,-60.05555555,-9999.0
1437,2017-07-28,12:00,-9999.0,-9999.0,-9999.0,-9999.0,-9999,-9999.0,-9999.0,-9999.0,-9999.0,-9999.0,-9999.0,-9999,-9999,-9999,-9999,-9999.0,-9999.0,N,AM,CRMN MANAUS,S103,-3.02249999,-60.05555555,-9999.0
1438,2017-07-28,16:00,-9999.0,-9999.0,-9999.0,-9999.0,-9999,-9999.0,-9999.0,-9999.0,-9999.0,-9999.0,-9999.0,-9999,-9999,-9999,-9999,-9999.0,-9999.0,N,AM,CRMN MANAUS,S103,-3.02249999,-60.05555555,-9999.0
1439,2017-07-28,20:00,-9999.0,-9999.0,-9999.0,-9999.0,-9999,-9999.0,-9999.0,-9999.0,-9999.0,-9999.0,-9999.0,-9999,-9999,-9999,-9999,-9999.0,-9999.0,N,AM,CRMN MANAUS,S103,-3.02249999,-60.05555555,-9999.0
1440,2017-07-29,00:00,-9999.0,-9999.0,-9999.0,-9999.0,-9999,-9999.0,-9999.0,-9999.0,-9999.0,-9999.0,-9999.0,-9999,-9999,-9999,-9999,-9999.0,-9999.0,N,AM,CRMN MANAUS,S103,-3.02249999,-60.05555555,-9999.0
1441,2017-07-29,04:00,-9999.0,-9999.0,-9999.0,-9999.0,-9999,-9999.0,-9999.0,-9999.0,-9999.0,-9999.0,-9999.0,-9999,-9999,-9999,-9999,-9999.0,-9999.0,N,AM,CRMN MANAUS,S103,-3.02249999,-60.05555555,-9999.0
1442,2017-07-29,08:00,-9999.0,-9999.0,-9999.0,-9999.0,-9999,-9999.0,-9999.0,-9999.0,-9999.0,-9999.0,-9999.0,-9999,-9999,-9999,-9999,-9999.0,-9999.0,N,AM,CRMN MANAUS,S103,-3.02249999,-60.05555555,-9999.0
1443,2017-07-29,12:00,-9999.0,-9999.0,-9999.0,-9999.0,-9999,-9999.0,-9999.0,-9999.0,-9999.0,-9999.0,-9999.0,-9999,-9999,-9999,-9999,-9999.0,-9999.0,N,AM,CRMN MANAUS,S103,-3.02249999,-60.05555555,-9999.0
1444,2017-07-29,16:00,-9999.0,-9999.0,-9999.0,-9999.0,-9999,-9999.0,-9999.0,-9999.0,-9999.0,-9999.0,-9999.0,-9999,-9999,-9999,-9999,-9999.0,-9999.0,N,AM,CRMN MANAUS,S103,-3.02249999,-60.05555555,-9999.0
1445,2017-07-29,20:00,-9999.0,-9999.0,-9999.0,-9999.0,-9999,-9999.0,-9999.0,-9999.0,-9999.0,-9999.0,-9999.0,-9999,-9999,-9999,-9999,-9999.0,-9999.0,N,AM,CRMN MANAUS,S103,-3.02249999,-60.05555555,-9999.0
1446,2017-07-30,00:00,-9999.0,-9999.0,-9999.0,-9999.0,-9999,-9999.0,-9999.0,-9999.0,-9999.0,-9999.0,-9999.0,-9999,-9999,-9999,-9999,-9999.0,-9999.0,N,AM,CRMN MANAUS,S103,-3.02249999,-60.05555555,-9999.0
1447,2017-07-30,04:00,-9999.0,-9999.0,-9999.0,-9999.0,-9999,-9999.0,-9999.0,-9999.0,-9999.0,-9999.0,-9999.0,-9999,-9999,-9999,-9999,-9999.0,-9999.0,N,AM,CRMN MANAUS,S103,-3.02249999,-60.05555555,-9999.0
1448,2017-07-30,08:00,-9999.0,-9999.0,-9999.0,-9999.0,-9999,-9999.0,-9999.0,-9999.0,-9999.0,-9999.0,-9999.0,-9999,-9999,-9999,-9999,-9999.0,-9999.0,N,AM,CRMN MANAUS,S103,-3.02249999,-60.05555555,-9999.0
1449,2017-07-30,12:00,-9999.0,-9999.0,-9999.0,-9999.0,-9999,-9999.0,-9999.0,-9999.0,-9999.0,-9999.0,-9999.0,-9999,-9999,-9999,-9999,-9999.0,-9999.0,N,AM,CRMN MANAUS,S103,-3.02249999,-60.05555555,-9999.0
1450,2017-07-30,16:00,-9999.0,-9999.0,-9999.0,-9999.0,-9999,-9999.0,-9999.0,-9999.0,-9999.0,-9999.0,-9999.0,-9999,-9999,-9999,-9999,-9999.0,-9999.0,N,AM,CRMN MANAUS,S103,-3.02249999,-60.05555555,-9999.0
1451,2017-07-30,20:00,-9999.0,-9999.0,-9999.0,-9999.0,-9999,-9999.0,-9999.0,-9999.0,-9999.0,-9999.0,-9999.0,-9999,-9999,-9999,-9999,-9999.0,-9999.0,N,AM,CRMN MANAUS,S103,-3.02249999,-60.05555555,-9999.0
1452,2017-07-31,00:00,-9999.0,-9999.0,-9999.0,-9999.0,-9999,-9999.0,-9999.0,-9999.0,-9999.0,-9999.0,-9999.0,-9999,-9999,-9999,-9999,-9999.0,-9999.0,N,AM,CRMN MANAUS,S103,-3.02249999,-60.05555555,-9999.0
1453,2017-07-31,04:00,-9999.0,-9999.0,-9999.0,-9999.0,-9999,-9999.0,-9999.0,-9999.0,-9999.0,-9999.0,-9999.0,-9999,-9999,-9999,-9999,-9999.0,-9999.0,N,AM,CRMN MANAUS,S103,-3.02249999,-60.05555555,-9999.0
1454,2017-07-31,08:00,-9999.0,-9999.0,-9999.0,-9999.0,-9999,-9999.0,-9999.0,-9999.0,-9999.0,-9999.0,-9999.0,-9999,-9999,-9999,-9999,-9999.0,-9999.0,N,AM,CRMN MANAUS,S103,-3.02249999,-60.05555555,-9999.0
1455,2017-07-31,12:00,-9999.0,-9999.0,-9999.0,-9999.0,-9999,-9999.0,-9999.0,-9999.0,-9999.0,-9999.0,-9999.0,-9999,-9999,-9999,-9999,-9999.0,-9999.0,N,AM,CRMN MANAUS,S103,-3.02249999,-60.05555555,-9999.0
1456,2017-07-31,16:00,0.0,1003.6,1004.4,1003.6,0,32.1,19.7,33.1,32.0,20.2,17.9,49,42,48,7,4.0,2.0,N,AM,CRMN MANAUS,S103,-3.02249999,-60.05555555,-9999.0
1457,2017-07-31,20:00,0.0,1000.7,1001.0,1000.6,0,31.3,19.6,31.9,31.1,20.7,18.7,53,46,50,6,2.9,2.0,N,AM,CRMN MANAUS,S103,-3.02249999,-60.05555555,-9999.0
1458,2017-08-01,00:00,0.0,1003.0,1003.0,1002.0,0,27.1,20.7,27.8,27.0,21.1,19.9,70,62,68,6,0.4,0.0,N,AM,CRMN MANAUS,S103,-3.02249999,-60.05555555,-9999.0
1459,2017-08-01,04:00,0.0,1003.7,1004.1,1003.6,0,25.2,22.1,25.6,25.3,22.1,21.5,83,78,83,6,1.6,0.0,N,AM,CRMN MANAUS,S103,-3.02249999,-60.05555555,-9999.0
1460,2017-08-01,08:00,0.0,1002.2,1002.3,1002.1,0,24.6,22.0,24.7,24.6,22.4,22.0,87,85,86,6,1.6,1.0,N,AM,CRMN MANAUS,S103,-3.02249999,-60.05555555,-9999.0
1461,2017-08-01,12:00,0.0,1004.9,1004.9,1004.0,0,25.1,22.1,25.1,24.3,22.2,21.8,87,84,83,7,1.5,0.0,N,AM,CRMN MANAUS,S103,-3.02249999,-60.05555555,-9999.0
1462,2017-08-01,16:00,0.0,1003.7,1004.6,1003.7,0,30.7,21.6,31.3,29.8,22.4,21.2,63,56,58,9,2.3,1.0,N,AM,CRMN MANAUS,S103,-3.02249999,-60.05555555,-9999.0
1463,2017-08-01,20:00,0.0,1000.5,1000.6,1000.4,0,29.2,22.3,31.5,29.1,23.2,21.7,66,60,67,8,2.8,1.0,N,AM,CRMN MANAUS,S103,-3.02249999,-60.05555555,-9999.0
1464,2017-08-02,00:00,0.0,1003.2,1003.2,1002.3,0,24.4,22.5,24.9,24.4,22.7,22.4,89,87,89,7,2.3,1.0,N,AM,CRMN MANAUS,S103,-3.02249999,-60.05555555,-9999.0
1465,2017-08-02,04:00,0.0,1003.9,1004.1,1003.9,0,23.5,21.9,24.0,23.5,21.9,21.8,90,88,90,7,1.8,0.0,N,AM,CRMN MANAUS,S103,-3.02249999,-60.05555555,-9999.0
1466,2017-08-02,08:00,0.0,1002.9,1002.9,1002.7,0,23.5,21.5,23.5,23.5,21.5,21.4,88,88,88,7,1.4,0.0,N,AM,CRMN MANAUS,S103,-3.02249999,-60.05555555,-9999.0
1467,2017-08-02,12:00,0.0,1005.0,1005.0,1004.2,0,25.8,22.8,25.7,23.8,22.8,21.8,89,83,84,9,1.8,0.0,N,AM,CRMN MANAUS,S103,-3.02249999,-60.05555555,-9999.0
1468,2017-08-02,16:00,-9999.0,-9999.0,-9999.0,-9999.0,-9999,-9999.0,-9999.0,-9999.0,-9999.0,-9999.0,-9999.0,-9999,-9999,-9999,-9999,-9999.0,-9999.0,N,AM,CRMN MANAUS,S103,-3.02249999,-60.05555555,-9999.0
1469,2017-08-02,20:00,-9999.0,-9999.0,-9999.0,-9999.0,-9999,-9999.0,-9999.0,-9999.0,-9999.0,-9999.0,-9999.0,-9999,-9999,-9999,-9999,-9999.0,-9999.0,N,AM,CRMN MANAUS,S103,-3.02249999,-60.05555555,-9999.0
1470,2017-08-03,00:00,-9999.0,-9999.0,-9999.0,-9999.0,-9999,-9999.0,-9999.0,-9999.0,-9999.0,-9999.0,-9999.0,-9999,-9999,-9999,-9999,-9999.0,-9999.0,N,AM,CRMN MANAUS,S103,-3.02249999,-60.05555555,-9999.0
1471,2017-08-03,04:00,-9999.0,-9999.0,-9999.0,-9999.0,-9999,-9999.0,-9999.0,-9999.0,-9999.0,-9999.0,-9999.0,-9999,-9999,-9999,-9999,-9999.0,-9999.0,N,AM,CRMN MANAUS,S103,-3.02249999,-60.05555555,-9999.0
1472,2017-08-03,08:00,-9999.0,-9999.0,-9999.0,-9999.0,-9999,-9999.0,-9999.0,-9999.0,-9999.0,-9999.0,-9999.0,-9999,-9999,-9999,-9999,-9999.0,-9999.0,N,AM,CRMN MANAUS,S103,-3.02249999,-60.05555555,-9999.0
1473,2017-08-03,12:00,-9999.0,-9999.0,-9999.0,-9999.0,-9999,-9999.0,-9999.0,-9999.0,-9999.0,-9999.0,-9999.0,-9999,-9999,-9999,-9999,-9999.0,-9999.0,N,AM,CRMN MANAUS,S103,-3.02249999,-60.05555555,-9999.0
1474,2017-08-03,16:00,-9999.0,-9999.0,-9999.0,-9999.0,-9999,-9999.0,-9999.0,-9999.0,-9999.0,-9999.0,-9999.0,-9999,-9999,-9999,-9999,-9999.0,-9999.0,N,AM,CRMN MANAUS,S103,-3.02249999,-60.05555555,-9999.0
1475,2017-08-03,20:00,0.0,1001.2,1001.3,1001.2,0,33.3,20.3,33.3,33.2,20.1,19.7,46,45,47,7,3.3,1.0,N,AM,CRMN MANAUS,S103,-3.02249999,-60.05555555,-9999.0
1476,2017-08-04,00:00,0.0,1002.7,1002.8,1001.6,0,29.7,20.7,30.4,29.7,20.7,20.2,58,55,58,7,1.3,0.0,N,AM,CRMN MANAUS,S103,-3.02249999,-60.05555555,-9999.0
1477,2017-08-04,04:00,0.0,1004.3,1004.4,1004.2,0,26.8,21.9,27.4,26.8,22.3,21.8,75,73,75,7,0.6,0.0,N,AM,CRMN MANAUS,S103,-3.02249999,-60.05555555,-9999.0
1478,2017-08-04,08:00,0.0,1002.5,1002.6,1002.4,0,25.1,21.6,25.7,25.1,21.6,21.4,81,77,81,7,0.8,0.0,N,AM,CRMN MANAUS,S103,-3.02249999,-60.05555555,-9999.0
1479,2017-08-04,12:00,0.0,1005.2,1005.2,1004.4,0,26.9,22.0,26.8,25.0,21.9,21.7,82,75,75,7,2.4,1.0,N,AM,CRMN MANAUS,S103,-3.02249999,-60.05555555,-9999.0
1480,2017-08-04,16:00,0.0,1004.1,1004.9,1004.1,0,33.1,22.1,34.2,31.8,23.1,20.0,57,44,53,9,3.0,1.0,N,AM,CRMN MANAUS,S103,-3.02249999,-60.05555555,-9999.0
1481,2017-08-04,20:00,0.0,1001.0,1001.3,1001.0,0,33.6,19.2,33.8,33.4,20.0,17.9,45,39,43,8,2.8,1.0,N,AM,CRMN MANAUS,S103,-3.02249999,-60.05555555,-9999.0
1482,2017-08-05,00:00,0.0,1002.9,1002.9,1002.2,0,30.6,17.1,31.7,29.9,17.9,15.7,48,38,44,6,1.0,0.0,N,AM,CRMN MANAUS,S103,-3.02249999,-60.05555555,-9999.0
1483,2017-08-05,04:00,0.0,1003.5,1003.8,1003.5,0,26.7,20.9,27.4,26.1,21.7,20.9,76,69,71,6,1.1,0.0,N,AM,CRMN MANAUS,S103,-3.02249999,-60.05555555,-9999.0
1484,2017-08-05,08:00,0.0,1002.2,1002.2,1002.1,0,25.3,21.6,25.3,25.1,21.7,21.6,81,80,80,6,1.1,0.0,N,AM,CRMN MANAUS,S103,-3.02249999,-60.05555555,-9999.0
1485,2017-08-05,12:00,0.0,1004.5,1004.5,1003.8,0,27.1,22.5,27.1,25.7,22.6,21.9,80,74,76,7,2.4,0.0,N,AM,CRMN MANAUS,S103,-3.02249999,-60.05555555,-9999.0
1486,2017-08-05,16:00,0.0,1003.4,1004.3,1003.4,0,31.0,21.9,32.1,31.0,22.9,21.7,61,56,59,8,2.0,0.0,N,AM,CRMN MANAUS,S103,-3.02249999,-60.05555555,-9999.0
1487,2017-08-05,20:00,0.0,1001.9,1001.9,1001.2,0,26.6,20.8,26.7,26.2,22.5,20.9,78,71,71,6,2.7,1.0,N,AM,CRMN MANAUS,S103,-3.02249999,-60.05555555,-9999.0
1488,2017-08-06,00:00,0.0,1002.6,1002.5,1002.0,0,24.8,22.5,25.1,24.8,22.7,22.2,88,84,87,6,1.8,0.0,N,AM,CRMN MANAUS,S103,-3.02249999,-60.05555555,-9999.0
1489,2017-08-06,04:00,0.0,1003.3,1003.6,1003.3,0,24.0,22.3,24.2,24.0,22.6,22.3,91,90,90,7,0.0,0.0,N,AM,CRMN MANAUS,S103,-3.02249999,-60.05555555,-9999.0
1490,2017-08-06,08:00,0.0,1002.0,1002.0,1001.9,0,23.0,21.3,23.2,22.9,21.4,21.2,90,90,90,7,0.8,0.0,N,AM,CRMN MANAUS,S103,-3.02249999,-60.05555555,-9999.0
1491,2017-08-06,12:00,0.0,1003.8,1003.8,1003.3,0,26.3,21.8,26.3,23.9,21.9,21.1,85,76,76,9,0.0,0.0,N,AM,CRMN MANAUS,S103,-3.02249999,-60.05555555,-9999.0
1492,2017-08-06,16:00,0.0,1002.7,1003.5,1002.7,0,32.8,20.9,33.8,32.7,21.4,20.2,50,47,49,12,2.9,1.0,N,AM,CRMN MANAUS,S103,-3.02249999,-60.05555555,-9999.0
1493,2017-08-06,20:00,0.0,999.3,999.9,999.3,0,32.0,21.3,34.1,32.0,21.9,20.2,53,45,53,9,2.2,0.0,N,AM,CRMN MANAUS,S103,-3.02249999,-60.05555555,-9999.0
1494,2017-08-07,00:00,0.0,1000.9,1001.0,1000.8,0,25.0,22.6,25.8,24.5,22.7,21.6,87,78,87,7,1.2,0.0,N,AM,CRMN MANAUS,S103,-3.02249999,-60.05555555,-9999.0
1495,2017-08-07,04:00,0.0,1002.6,1003.1,1002.6,0,25.1,23.1,25.4,24.5,23.1,22.8,90,87,88,8,0.1,0.0,N,AM,CRMN MANAUS,S103,-3.02249999,-60.05555555,-9999.0
1496,2017-08-07,08:00,29.0,1002.6,1002.9,1001.3,0,21.7,19.9,24.9,21.7,22.3,19.4,90,82,90,7,10.3,1.0,N,AM,CRMN MANAUS,S103,-3.02249999,-60.05555555,-9999.0
1497,2017-08-07,12:00,0.0,1003.7,1003.7,1002.7,0,25.1,22.7,25.1,23.9,22.7,21.4,87,82,87,9,1.0,0.0,N,AM,CRMN MANAUS,S103,-3.02249999,-60.05555555,-9999.0
1498,2017-08-07,16:00,0.0,1003.0,1004.2,1003.0,0,28.7,21.9,29.0,27.5,23.4,22.0,76,67,67,10,3.7,2.0,N,AM,CRMN MANAUS,S103,-3.02249999,-60.05555555,-9999.0
1499,2017-08-07,20:00,0.0,999.2,999.7,999.1,0,27.6,24.4,31.7,27.7,24.6,23.1,82,61,83,9,4.1,0.0,N,AM,CRMN MANAUS,S103,-3.02249999,-60.05555555,-9999.0
1500,2017-08-08,00:00,6.0,1003.6,1003.9,1001.2,0,23.3,21.1,27.5,23.4,24.7,20.2,87,73,88,7,6.5,3.0,N,AM,CRMN MANAUS,S103,-3.02249999,-60.05555555,-9999.0
1501,2017-08-08,04:00,0.0,1002.5,1002.9,1002.5,0,22.8,21.5,23.3,22.8,22.0,21.5,93,92,92,9,0.9,0.0,N,AM,CRMN MANAUS,S103,-3.02249999,-60.05555555,-9999.0
1502,2017-08-08,08:00,0.0,1001.1,1001.1,1000.9,0,22.5,21.1,22.9,22.5,21.4,21.1,92,91,92,9,0.1,0.0,N,AM,CRMN MANAUS,S103,-3.02249999,-60.05555555,-9999.0
1503,2017-08-08,12:00,0.0,1003.4,1003.4,1002.5,0,25.3,21.6,25.3,22.8,22.1,21.0,90,80,80,11,1.1,0.0,N,AM,CRMN MANAUS,S103,-3.02249999,-60.05555555,-9999.0
1504,2017-08-08,16:00,0.0,1003.0,1003.6,1003.0,0,31.7,22.6,31.8,30.3,23.1,22.4,64,58,59,14,3.7,2.0,N,AM,CRMN MANAUS,S103,-3.02249999,-60.05555555,-9999.0
1505,2017-08-08,20:00,0.0,999.5,1000.0,999.5,0,33.1,21.4,33.2,32.2,22.2,21.1,55,50,50,13,3.0,1.0,N,AM,CRMN MANAUS,S103,-3.02249999,-60.05555555,-9999.0
1506,2017-08-09,00:00,0.0,1002.2,1002.2,1000.9,0,25.4,20.7,25.4,24.9,20.8,20.3,77,74,75,9,1.7,0.0,N,AM,CRMN MANAUS,S103,-3.02249999,-60.05555555,-9999.0
1507,2017-08-09,04:00,0.0,1003.0,1003.4,1003.0,0,24.6,21.1,25.5,24.6,21.2,20.9,81,76,81,10,0.4,0.0,N,AM,CRMN MANAUS,S103,-3.02249999,-60.05555555,-9999.0
1508,2017-08-09,08:00,-9999.0,-9999.0,-9999.0,-9999.0,-9999,-9999.0,-9999.0,-9999.0,-9999.0,-9999.0,-9999.0,-9999,-9999,-9999,-9999,-9999.0,-9999.0,N,AM,CRMN MANAUS,S103,-3.02249999,-60.05555555,-9999.0
1509,2017-08-09,12:00,0.0,1004.3,1004.3,1003.4,0,25.7,22.4,25.7,24.4,22.5,21.8,86,82,82,11,0.7,0.0,N,AM,CRMN MANAUS,S103,-3.02249999,-60.05555555,-9999.0
1510,2017-08-09,16:00,0.0,1004.1,1005.0,1004.1,0,31.8,21.8,32.0,30.9,23.1,21.5,61,54,55,13,5.7,5.0,N,AM,CRMN MANAUS,S103,-3.02249999,-60.05555555,-9999.0
1511,2017-08-09,20:00,0.0,1000.2,1000.9,1000.2,0,28.7,22.9,28.8,28.3,24.3,22.9,79,71,71,10,1.6,0.0,N,AM,CRMN MANAUS,S103,-3.02249999,-60.05555555,-9999.0
1512,2017-08-10,00:00,0.0,1001.8,1001.8,1001.0,0,26.9,22.6,27.3,26.9,23.1,22.5,78,76,77,10,0.7,0.0,N,AM,CRMN MANAUS,S103,-3.02249999,-60.05555555,-9999.0
1513,2017-08-10,04:00,0.0,1003.1,1003.3,1003.1,0,24.8,23.1,26.1,24.8,23.1,22.8,90,82,90,10,0.5,0.0,N,AM,CRMN MANAUS,S103,-3.02249999,-60.05555555,-9999.0
1514,2017-08-10,08:00,0.0,1002.4,1002.4,1002.0,0,23.7,22.5,24.1,23.7,22.9,22.5,93,93,93,11,0.0,0.0,N,AM,CRMN MANAUS,S103,-3.02249999,-60.05555555,-9999.0
1515,2017-08-10,12:00,0.0,1004.0,1003.9,1003.1,0,26.8,23.6,27.6,25.4,23.8,23.1,88,78,83,12,1.9,1.0,N,AM,CRMN MANAUS,S103,-3.02249999,-60.05555555,-9999.0
1516,2017-08-10,16:00,0.0,1003.1,1003.8,1003.1,0,31.5,22.1,32.3,30.3,22.9,21.8,63,55,58,16,4.0,1.0,N,AM,CRMN MANAUS,S103,-3.02249999,-60.05555555,-9999.0
1517,2017-08-10,20:00,0.0,1000.1,1000.7,1000.1,0,33.7,19.9,33.8,32.2,21.5,19.7,52,44,44,14,5.2,2.0,N,AM,CRMN MANAUS,S103,-3.02249999,-60.05555555,-9999.0
1518,2017-08-11,00:00,0.0,1000.2,1000.2,999.6,0,28.6,22.1,29.5,28.6,22.5,21.8,68,65,68,11,0.0,0.0,N,AM,CRMN MANAUS,S103,-3.02249999,-60.05555555,-9999.0
1519,2017-08-11,04:00,0.0,1001.8,1002.2,1001.8,0,25.5,22.6,26.3,25.5,22.9,22.1,84,80,84,10,0.0,0.0,N,AM,CRMN MANAUS,S103,-3.02249999,-60.05555555,-9999.0
1520,2017-08-11,08:00,0.0,1001.6,1001.6,1001.2,0,24.9,23.0,25.2,24.6,23.3,22.9,91,89,89,10,0.0,0.0,N,AM,CRMN MANAUS,S103,-3.02249999,-60.05555555,-9999.0
1521,2017-08-11,12:00,0.0,1003.6,1003.6,1003.0,0,28.5,23.3,28.5,25.9,23.5,22.4,84,72,74,14,0.0,0.0,N,AM,CRMN MANAUS,S103,-3.02249999,-60.05555555,-9999.0
1522,2017-08-11,16:00,0.0,1002.8,1003.8,1002.9,0,33.0,19.7,33.2,31.8,21.5,19.6,55,45,45,14,2.4,1.0,N,AM,CRMN MANAUS,S103,-3.02249999,-60.05555555,-9999.0
1523,2017-08-11,20:00,0.0,999.4,999.9,999.3,0,33.1,19.1,34.2,33.1,19.7,18.5,45,40,44,12,3.0,0.0,N,AM,CRMN MANAUS,S103,-3.02249999,-60.05555555,-9999.0
1524,2017-08-12,00:00,0.0,999.7,999.7,999.3,0,30.1,21.0,30.4,29.4,21.1,20.5,61,56,58,10,1.0,0.0,N,AM,CRMN MANAUS,S103,-3.02249999,-60.05555555,-9999.0
1525,2017-08-12,04:00,0.0,1000.8,1001.0,1000.8,0,26.9,22.1,27.1,26.5,22.8,22.0,79,74,75,9,0.5,0.0,N,AM,CRMN MANAUS,S103,-3.02249999,-60.05555555,-9999.0
1526,2017-08-12,08:00,0.0,1000.5,1000.7,1000.4,0,24.9,21.9,25.2,24.4,22.1,21.7,85,81,84,9,0.1,0.0,N,AM,CRMN MANAUS,S103,-3.02249999,-60.05555555,-9999.0
1527,2017-08-12,12:00,0.0,1002.4,1002.4,1001.7,0,29.0,23.9,28.9,27.2,23.8,22.3,76,73,74,12,0.1,0.0,N,AM,CRMN MANAUS,S103,-3.02249999,-60.05555555,-9999.0
1528,2017-08-12,16:00,0.0,1002.0,1002.8,1002.0,0,32.7,19.8,34.0,32.6,21.3,19.6,49,44,47,12,2.6,1.0,N,AM,CRMN MANAUS,S103,-3.02249999,-60.05555555,-9999.0
1529,2017-08-12,20:00,0.0,999.1,999.3,999.1,0,32.8,21.3,33.2,32.1,22.5,21.4,56,51,51,9,2.3,1.0,N,AM,CRMN MANAUS,S103,-3.02249999,-60.05555555,-9999.0
1530,2017-08-13,00:00,0.0,1000.6,1000.5,1000.0,0,30.6,21.7,30.8,30.4,22.2,21.6,61,58,59,9,0.4,0.0,N,AM,CRMN MANAUS,S103,-3.02249999,-60.05555555,-9999.0
1531,2017-08-13,04:00,0.0,1002.2,1002.4,1002.2,0,27.9,23.0,28.3,27.8,23.0,22.8,75,73,75,8,0.2,0.0,N,AM,CRMN MANAUS,S103,-3.02249999,-60.05555555,-9999.0
1532,2017-08-13,08:00,0.0,1000.8,1000.9,1000.8,0,25.8,23.0,26.2,25.8,23.1,22.9,85,82,84,8,0.1,0.0,N,AM,CRMN MANAUS,S103,-3.02249999,-60.05555555,-9999.0
1533,2017-08-13,12:00,0.0,1003.5,1003.5,1002.6,0,29.0,21.7,29.0,27.1,22.3,21.6,74,65,65,10,1.0,0.0,N,AM,CRMN MANAUS,S103,-3.02249999,-60.05555555,-9999.0
1534,2017-08-13,16:00,0.0,1002.5,1003.5,1002.5,0,33.6,21.8,34.1,32.9,21.8,20.3,50,45,50,11,5.2,2.0,N,AM,CRMN MANAUS,S103,-3.02249999,-60.05555555,-9999.0
1535,2017-08-13,20:00,0.0,999.3,999.7,999.3,0,30.3,22.0,34.6,29.5,23.4,20.1,68,44,61,6,6.0,1.0,N,AM,CRMN MANAUS,S103,-3.02249999,-60.05555555,-9999.0
1536,2017-08-14,00:00,0.0,1000.4,1000.4,999.7,0,29.6,20.9,30.2,29.6,21.0,19.9,60,54,60,8,0.3,0.0,N,AM,CRMN MANAUS,S103,-3.02249999,-60.05555555,-9999.0
1537,2017-08-14,04:00,0.0,1001.3,1001.6,1001.3,0,27.0,22.5,28.4,27.0,22.5,22.1,76,69,76,7,0.8,0.0,N,AM,CRMN MANAUS,S103,-3.02249999,-60.05555555,-9999.0
1538,2017-08-14,08:00,0.0,1000.7,1000.7,1000.4,0,26.1,21.6,26.1,25.7,22.0,21.6,80,76,76,7,1.4,0.0,N,AM,CRMN MANAUS,S103,-3.02249999,-60.05555555,-9999.0
1539,2017-08-14,12:00,0.0,1002.5,1002.5,1001.7,0,28.8,21.5,28.7,26.4,22.1,21.4,77,65,65,8,4.4,3.0,N,AM,CRMN MANAUS,S103,-3.02249999,-60.05555555,-9999.0
1540,2017-08-14,16:00,0.0,1001.8,1002.6,1001.8,0,33.8,19.6,34.1,32.5,21.4,19.2,51,43,43,9,6.0,3.0,N,AM,CRMN MANAUS,S103,-3.02249999,-60.05555555,-9999.0
1541,2017-08-14,20:00,0.0,998.1,998.7,998.1,0,33.9,20.9,34.1,32.8,21.0,19.9,49,44,46,8,4.1,1.0,N,AM,CRMN MANAUS,S103,-3.02249999,-60.05555555,-9999.0
1542,2017-08-15,00:00,0.0,999.1,999.1,998.2,0,30.3,22.0,30.7,30.3,22.1,21.6,62,59,61,7,0.9,0.0,N,AM,CRMN MANAUS,S103,-3.02249999,-60.05555555,-9999.0
1543,2017-08-15,04:00,0.0,999.9,1000.5,999.9,0,27.5,22.6,28.4,27.5,22.6,22.4,75,70,74,7,0.0,0.0,N,AM,CRMN MANAUS,S103,-3.02249999,-60.05555555,-9999.0
1544,2017-08-15,08:00,0.0,999.5,999.6,999.5,0,25.0,21.6,25.9,24.7,21.9,21.6,84,78,81,7,0.0,0.0,N,AM,CRMN MANAUS,S103,-3.02249999,-60.05555555,-9999.0
1545,2017-08-15,12:00,0.0,1001.4,1001.4,1000.9,0,28.7,21.3,28.7,26.2,22.3,21.3,78,66,64,9,0.8,0.0,N,AM,CRMN MANAUS,S103,-3.02249999,-60.05555555,-9999.0
1546,2017-08-15,16:00,0.0,1000.2,1001.1,1000.2,0,32.8,19.8,33.5,32.6,21.0,19.5,49,45,46,8,4.2,2.0,N,AM,CRMN MANAUS,S103,-3.02249999,-60.05555555,-9999.0
1547,2017-08-15,20:00,0.0,997.3,997.4,997.3,0,34.3,20.1,34.9,33.9,20.5,19.7,45,42,44,8,3.7,1.0,N,AM,CRMN MANAUS,S103,-3.02249999,-60.05555555,-9999.0
1548,2017-08-16,00:00,0.0,998.9,998.9,998.2,0,27.9,22.4,28.7,27.6,22.4,22.1,73,68,72,6,2.0,0.0,N,AM,CRMN MANAUS,S103,-3.02249999,-60.05555555,-9999.0
1549,2017-08-16,04:00,0.0,1000.3,1000.4,1000.3,0,27.1,22.9,27.6,27.0,22.9,22.5,78,74,78,7,0.0,0.0,N,AM,CRMN MANAUS,S103,-3.02249999,-60.05555555,-9999.0
1550,2017-08-16,08:00,0.0,999.4,999.5,999.3,0,25.7,22.1,25.9,25.7,22.2,21.9,81,79,81,7,0.0,0.0,N,AM,CRMN MANAUS,S103,-3.02249999,-60.05555555,-9999.0
1551,2017-08-16,12:00,0.0,1002.2,1002.2,1001.6,0,29.2,22.8,29.1,26.6,22.9,22.2,78,69,69,9,0.9,0.0,N,AM,CRMN MANAUS,S103,-3.02249999,-60.05555555,-9999.0
1552,2017-08-16,16:00,0.0,1000.7,1001.7,1000.7,0,33.0,21.9,33.8,33.0,22.3,21.4,53,49,52,8,4.0,2.0,N,AM,CRMN MANAUS,S103,-3.02249999,-60.05555555,-9999.0
1553,2017-08-16,20:00,0.0,997.1,997.1,996.7,0,33.7,20.9,34.4,32.8,24.0,20.3,57,45,47,7,4.2,3.0,N,AM,CRMN MANAUS,S103,-3.02249999,-60.05555555,-9999.0
1554,2017-08-17,00:00,0.0,999.7,999.7,998.6,0,28.8,23.7,28.8,28.4,24.1,23.7,77,74,74,7,0.7,0.0,N,AM,CRMN MANAUS,S103,-3.02249999,-60.05555555,-9999.0
1555,2017-08-17,04:00,0.0,1000.7,1000.8,1000.6,0,26.8,24.1,26.9,26.6,24.2,24.0,86,85,85,7,0.0,0.0,N,AM,CRMN MANAUS,S103,-3.02249999,-60.05555555,-9999.0
1556,2017-08-17,08:00,0.0,999.5,999.8,999.5,0,25.7,23.6,26.1,25.7,23.8,23.6,88,87,88,7,1.0,0.0,N,AM,CRMN MANAUS,S103,-3.02249999,-60.05555555,-9999.0
1557,2017-08-17,12:00,0.0,1002.3,1002.3,1001.4,0,28.0,21.9,28.3,26.8,22.5,21.6,75,67,70,7,3.7,2.0,N,AM,CRMN MANAUS,S103,-3.02249999,-60.05555555,-9999.0
1558,2017-08-17,16:00,0.0,1001.0,1001.9,1001.0,0,33.4,21.7,33.6,32.1,22.1,20.4,53,47,51,9,3.5,2.0,N,AM,CRMN MANAUS,S103,-3.02249999,-60.05555555,-9999.0
1559,2017-08-17,20:00,0.0,997.4,998.1,997.2,0,32.3,21.2,33.9,31.3,21.7,19.1,56,44,52,8,3.0,0.0,N,AM,CRMN MANAUS,S103,-3.02249999,-60.05555555,-9999.0
1560,2017-08-18,00:00,0.0,999.2,999.2,998.7,0,27.8,22.4,28.3,27.7,23.3,22.4,77,73,73,7,0.5,0.0,N,AM,CRMN MANAUS,S103,-3.02249999,-60.05555555,-9999.0
1561,2017-08-18,04:00,0.0,1000.4,1001.0,1000.4,0,26.9,22.0,26.9,26.0,22.5,21.7,80,75,75,7,0.0,0.0,N,AM,CRMN MANAUS,S103,-3.02249999,-60.05555555,-9999.0
1562,2017-08-18,08:00,0.0,1000.0,1000.0,999.8,0,25.9,21.8,25.9,24.6,22.2,21.8,86,78,78,7,0.0,0.0,N,AM,CRMN MANAUS,S103,-3.02249999,-60.05555555,-9999.0
1563,2017-08-18,12:00,0.0,1001.8,1001.7,1001.4,0,29.0,21.5,28.9,26.7,22.3,21.5,74,64,64,8,2.3,1.0,N,AM,CRMN MANAUS,S103,-3.02249999,-60.05555555,-9999.0
1564,2017-08-18,16:00,0.0,1000.7,1001.8,1000.7,0,33.1,20.2,34.1,32.3,21.5,19.9,51,45,47,9,3.7,2.0,N,AM,CRMN MANAUS,S103,-3.02249999,-60.05555555,-9999.0
1565,2017-08-18,20:00,0.0,997.3,997.8,997.3,0,34.2,20.7,34.3,33.5,20.9,20.1,47,43,46,9,3.0,0.0,N,AM,CRMN MANAUS,S103,-3.02249999,-60.05555555,-9999.0
1566,2017-08-19,00:00,0.0,998.8,998.8,998.2,0,30.8,21.2,31.2,30.8,21.3,21.1,57,55,57,6,2.2,0.0,N,AM,CRMN MANAUS,S103,-3.02249999,-60.05555555,-9999.0
1567,2017-08-19,04:00,0.0,999.5,1000.0,999.5,0,28.6,21.1,29.2,28.4,21.6,21.1,66,63,64,6,1.7,0.0,N,AM,CRMN MANAUS,S103,-3.02249999,-60.05555555,-9999.0
1568,2017-08-19,08:00,0.0,998.7,998.7,998.6,0,26.6,19.5,27.0,26.6,19.7,19.4,65,63,65,6,1.2,0.0,N,AM,CRMN MANAUS,S103,-3.02249999,-60.05555555,-9999.0
1569,2017-08-19,12:00,0.0,1000.8,1000.8,1000.1,0,29.1,20.4,29.1,26.7,20.6,20.0,67,59,60,7,2.0,1.0,N,AM,CRMN MANAUS,S103,-3.02249999,-60.05555555,-9999.0
1570,2017-08-19,16:00,0.0,999.9,1000.7,999.9,0,34.0,19.6,34.4,33.1,21.3,19.0,48,41,43,8,4.2,2.0,N,AM,CRMN MANAUS,S103,-3.02249999,-60.05555555,-9999.0
1571,2017-08-19,20:00,0.0,996.4,996.9,996.4,0,35.0,20.1,35.3,34.7,20.5,18.8,43,39,42,7,3.0,1.0,N,AM,CRMN MANAUS,S103,-3.02249999,-60.05555555,-9999.0
1572,2017-08-20,00:00,0.0,998.0,998.0,997.3,0,31.2,22.1,31.8,31.2,22.1,21.1,59,53,59,6,1.0,0.0,N,AM,CRMN MANAUS,S103,-3.02249999,-60.05555555,-9999.0
1573,2017-08-20,04:00,0.0,999.5,999.6,999.4,0,28.1,21.7,28.8,28.1,22.6,21.6,70,66,68,6,1.1,0.0,N,AM,CRMN MANAUS,S103,-3.02249999,-60.05555555,-9999.0
1574,2017-08-20,08:00,0.0,998.5,998.5,998.2,0,26.9,19.7,27.0,26.8,19.8,19.4,65,63,65,6,1.2,0.0,N,AM,CRMN MANAUS,S103,-3.02249999,-60.05555555,-9999.0
1575,2017-08-20,12:00,0.0,1001.2,1001.2,1000.5,0,29.3,20.1,29.3,27.1,20.9,19.9,68,58,58,6,3.7,3.0,N,AM,CRMN MANAUS,S103,-3.02249999,-60.05555555,-9999.0
1576,2017-08-20,16:00,0.0,1000.6,1001.4,1000.6,0,34.5,20.2,34.8,33.8,20.9,20.0,46,43,43,7,5.4,3.0,N,AM,CRMN MANAUS,S103,-3.02249999,-60.05555555,-9999.0
1577,2017-08-20,20:00,0.0,998.6,998.7,998.5,0,35.0,20.9,35.6,34.5,21.3,20.1,44,41,44,6,3.5,1.0,N,AM,CRMN MANAUS,S103,-3.02249999,-60.05555555,-9999.0
1578,2017-08-21,00:00,0.0,999.5,999.5,999.0,0,31.8,21.3,32.1,31.8,21.5,21.3,54,53,54,5,1.9,0.0,N,AM,CRMN MANAUS,S103,-3.02249999,-60.05555555,-9999.0
1579,2017-08-21,04:00,0.0,1001.3,1001.5,1001.3,0,29.6,21.4,30.0,29.2,22.2,21.4,64,61,62,5,1.4,0.0,N,AM,CRMN MANAUS,S103,-3.02249999,-60.05555555,-9999.0
1580,2017-08-21,08:00,0.0,1000.9,1001.2,1000.8,0,25.3,21.1,27.1,25.3,21.2,20.8,78,70,78,5,5.4,1.0,N,AM,CRMN MANAUS,S103,-3.02249999,-60.05555555,-9999.0
1581,2017-08-21,12:00,0.0,1004.1,1004.1,1003.2,0,26.5,21.2,26.7,25.9,21.6,21.0,75,73,73,6,3.8,1.0,N,AM,CRMN MANAUS,S103,-3.02249999,-60.05555555,-9999.0
1582,2017-08-21,16:00,0.0,1003.2,1004.2,1003.2,0,30.6,22.8,31.7,30.3,23.3,22.3,64,58,63,6,2.0,1.0,N,AM,CRMN MANAUS,S103,-3.02249999,-60.05555555,-9999.0
1583,2017-08-21,20:00,0.0,1000.0,1000.4,1000.0,0,29.8,20.5,32.0,29.5,22.8,20.4,62,56,58,5,5.4,4.0,N,AM,CRMN MANAUS,S103,-3.02249999,-60.05555555,-9999.0
1584,2017-08-22,00:00,0.0,1004.0,1004.0,1002.2,0,26.5,21.3,27.0,26.3,22.2,21.1,75,72,73,5,2.5,1.0,N,AM,CRMN MANAUS,S103,-3.02249999,-60.05555555,-9999.0
1585,2017-08-22,04:00,0.0,1003.8,1004.3,1003.7,0,26.0,22.6,26.7,26.0,22.7,22.5,82,78,82,6,1.8,0.0,N,AM,CRMN MANAUS,S103,-3.02249999,-60.05555555,-9999.0
1586,2017-08-22,08:00,0.0,1002.5,1002.5,1002.1,0,24.6,22.1,24.8,24.4,22.3,22.1,88,85,86,6,0.1,0.0,N,AM,CRMN MANAUS,S103,-3.02249999,-60.05555555,-9999.0
1587,2017-08-22,12:00,0.0,1005.1,1005.1,1004.3,0,26.3,23.5,26.3,24.3,23.7,22.4,89,85,85,6,1.3,1.0,N,AM,CRMN MANAUS,S103,-3.02249999,-60.05555555,-9999.0
1588,2017-08-22,16:00,0.0,1003.9,1004.8,1003.9,0,30.0,22.4,30.2,28.9,23.2,22.4,69,64,64,7,3.2,2.0,N,AM,CRMN MANAUS,S103,-3.02249999,-60.05555555,-9999.0
1589,2017-08-22,20:00,0.0,999.9,1000.7,1000.0,0,32.7,22.1,33.0,32.1,22.4,21.7,56,53,54,8,3.0,1.0,N,AM,CRMN MANAUS,S103,-3.02249999,-60.05555555,-9999.0
1590,2017-08-23,00:00,0.0,1001.3,1001.3,1000.6,0,26.8,24.1,27.0,26.0,24.2,23.1,87,80,85,6,2.5,0.0,N,AM,CRMN MANAUS,S103,-3.02249999,-60.05555555,-9999.0
1591,2017-08-23,04:00,0.0,1002.6,1003.2,1002.6,0,25.9,23.6,26.3,25.9,24.0,22.9,88,82,87,7,0.2,0.0,N,AM,CRMN MANAUS,S103,-3.02249999,-60.05555555,-9999.0
1592,2017-08-23,08:00,0.0,1000.9,1001.1,1000.8,0,24.8,23.4,25.2,24.8,23.7,23.4,92,91,92,7,0.1,0.0,N,AM,CRMN MANAUS,S103,-3.02249999,-60.05555555,-9999.0
1593,2017-08-23,12:00,0.0,1002.6,1002.7,1002.2,0,27.8,24.7,27.8,24.8,25.0,22.9,90,84,83,9,0.7,0.0,N,AM,CRMN MANAUS,S103,-3.02249999,-60.05555555,-9999.0
1594,2017-08-23,16:00,0.0,1001.5,1002.4,1001.5,0,31.9,22.0,32.1,30.6,23.3,21.8,63,55,56,10,2.7,1.0,N,AM,CRMN MANAUS,S103,-3.02249999,-60.05555555,-9999.0
1595,2017-08-23,20:00,0.0,997.1,997.8,997.1,0,32.1,21.1,33.7,30.8,21.4,20.3,56,46,52,8,2.9,1.0,N,AM,CRMN MANAUS,S103,-3.02249999,-60.05555555,-9999.0
1596,2017-08-24,00:00,-9999.0,-9999.0,-9999.0,-9999.0,-9999,-9999.0,-9999.0,-9999.0,-9999.0,-9999.0,-9999.0,-9999,-9999,-9999,-9999,-9999.0,-9999.0,N,AM,CRMN MANAUS,S103,-3.02249999,-60.05555555,-9999.0
1597,2017-08-24,04:00,0.0,1001.5,1002.2,1001.5,0,27.0,22.2,27.5,26.9,22.4,22.1,75,73,75,7,0.4,0.0,N,AM,CRMN MANAUS,S103,-3.02249999,-60.05555555,-9999.0
1598,2017-08-24,08:00,0.0,1000.2,1000.2,999.6,0,24.6,22.9,25.3,24.6,22.9,22.2,90,83,90,7,0.5,0.0,N,AM,CRMN MANAUS,S103,-3.02249999,-60.05555555,-9999.0
1599,2017-08-24,12:00,0.0,1002.5,1002.5,1001.9,0,27.1,23.1,27.1,25.9,23.5,23.1,85,79,79,8,1.0,0.0,N,AM,CRMN MANAUS,S103,-3.02249999,-60.05555555,-9999.0
1600,2017-08-24,16:00,-9999.0,-9999.0,-9999.0,-9999.0,-9999,-9999.0,-9999.0,-9999.0,-9999.0,-9999.0,-9999.0,-9999,-9999,-9999,-9999,-9999.0,-9999.0,N,AM,CRMN MANAUS,S103,-3.02249999,-60.05555555,-9999.0
1601,2017-08-24,20:00,0.0,996.9,997.4,996.9,0,33.0,19.6,34.1,33.0,20.4,19.3,46,42,45,8,4.1,2.0,N,AM,CRMN MANAUS,S103,-3.02249999,-60.05555555,-9999.0
1602,2017-08-25,00:00,0.0,1000.5,1000.5,999.4,0,26.7,22.2,28.9,26.7,22.7,22.2,76,68,76,6,2.4,1.0,N,AM,CRMN MANAUS,S103,-3.02249999,-60.05555555,-9999.0
1603,2017-08-25,04:00,0.0,1001.6,1002.0,1001.5,0,24.3,22.3,24.8,24.3,22.4,22.3,89,86,89,7,1.1,0.0,N,AM,CRMN MANAUS,S103,-3.02249999,-60.05555555,-9999.0
1604,2017-08-25,08:00,0.0,1000.5,1000.5,1000.3,0,23.6,21.8,23.9,23.6,21.9,21.8,89,88,89,7,0.9,0.0,N,AM,CRMN MANAUS,S103,-3.02249999,-60.05555555,-9999.0
1605,2017-08-25,12:00,0.0,1002.7,1002.7,1001.6,0,25.9,23.0,26.1,24.7,23.3,22.5,89,83,84,8,1.5,0.0,N,AM,CRMN MANAUS,S103,-3.02249999,-60.05555555,-9999.0
1606,2017-08-25,16:00,0.0,1001.9,1002.8,1001.9,0,32.8,21.2,32.7,31.5,22.2,21.0,56,50,51,10,4.9,1.0,N,AM,CRMN MANAUS,S103,-3.02249999,-60.05555555,-9999.0
1607,2017-08-25,20:00,0.0,998.3,999.1,998.3,0,33.8,18.8,34.4,32.3,22.4,18.7,53,40,41,9,2.1,1.0,N,AM,CRMN MANAUS,S103,-3.02249999,-60.05555555,-9999.0
1608,2017-08-26,00:00,0.0,1000.1,1000.1,999.5,0,28.4,22.1,30.0,28.4,22.2,21.7,69,62,69,7,1.3,0.0,N,AM,CRMN MANAUS,S103,-3.02249999,-60.05555555,-9999.0
1609,2017-08-26,04:00,0.0,1001.7,1002.0,1001.7,0,26.2,23.1,26.8,26.0,23.6,23.2,85,82,83,7,0.3,0.0,N,AM,CRMN MANAUS,S103,-3.02249999,-60.05555555,-9999.0
1610,2017-08-26,08:00,0.0,1000.6,1000.6,1000.4,0,24.2,21.9,24.7,24.1,22.0,21.9,87,85,87,7,0.0,0.0,N,AM,CRMN MANAUS,S103,-3.02249999,-60.05555555,-9999.0
1611,2017-08-26,12:00,0.0,1002.0,1002.1,1001.6,0,27.1,22.3,27.1,25.1,22.4,22.0,84,75,75,8,1.8,0.0,N,AM,CRMN MANAUS,S103,-3.02249999,-60.05555555,-9999.0
1612,2017-08-26,16:00,0.0,1001.2,1002.2,1001.2,0,32.5,22.6,33.4,31.3,23.2,20.2,62,46,56,9,3.5,2.0,N,AM,CRMN MANAUS,S103,-3.02249999,-60.05555555,-9999.0
1613,2017-08-26,20:00,0.0,997.8,998.0,997.8,0,33.4,20.0,34.9,33.1,19.9,18.9,45,40,45,7,3.6,1.0,N,AM,CRMN MANAUS,S103,-3.02249999,-60.05555555,-9999.0
1614,2017-08-27,00:00,0.0,1000.0,1000.0,999.3,0,30.9,20.4,31.4,30.9,20.5,20.1,54,51,54,7,1.1,0.0,N,AM,CRMN MANAUS,S103,-3.02249999,-60.05555555,-9999.0
1615,2017-08-27,04:00,-9999.0,-9999.0,-9999.0,-9999.0,-9999,-9999.0,-9999.0,-9999.0,-9999.0,-9999.0,-9999.0,-9999,-9999,-9999,-9999,-9999.0,-9999.0,N,AM,CRMN MANAUS,S103,-3.02249999,-60.05555555,-9999.0
1616,2017-08-27,08:00,-9999.0,-9999.0,-9999.0,-9999.0,-9999,-9999.0,-9999.0,-9999.0,-9999.0,-9999.0,-9999.0,-9999,-9999,-9999,-9999,-9999.0,-9999.0,N,AM,CRMN MANAUS,S103,-3.02249999,-60.05555555,-9999.0
1617,2017-08-27,12:00,-9999.0,-9999.0,-9999.0,-9999.0,-9999,-9999.0,-9999.0,-9999.0,-9999.0,-9999.0,-9999.0,-9999,-9999,-9999,-9999,-9999.0,-9999.0,N,AM,CRMN MANAUS,S103,-3.02249999,-60.05555555,-9999.0
1618,2017-08-27,16:00,-9999.0,-9999.0,-9999.0,-9999.0,-9999,-9999.0,-9999.0,-9999.0,-9999.0,-9999.0,-9999.0,-9999,-9999,-9999,-9999,-9999.0,-9999.0,N,AM,CRMN MANAUS,S103,-3.02249999,-60.05555555,-9999.0
1619,2017-08-27,20:00,-9999.0,-9999.0,-9999.0,-9999.0,-9999,-9999.0,-9999.0,-9999.0,-9999.0,-9999.0,-9999.0,-9999,-9999,-9999,-9999,-9999.0,-9999.0,N,AM,CRMN MANAUS,S103,-3.02249999,-60.05555555,-9999.0
1620,2017-08-28,00:00,-9999.0,-9999.0,-9999.0,-9999.0,-9999,-9999.0,-9999.0,-9999.0,-9999.0,-9999.0,-9999.0,-9999,-9999,-9999,-9999,-9999.0,-9999.0,N,AM,CRMN MANAUS,S103,-3.02249999,-60.05555555,-9999.0
1621,2017-08-28,04:00,-9999.0,-9999.0,-9999.0,-9999.0,-9999,-9999.0,-9999.0,-9999.0,-9999.0,-9999.0,-9999.0,-9999,-9999,-9999,-9999,-9999.0,-9999.0,N,AM,CRMN MANAUS,S103,-3.02249999,-60.05555555,-9999.0
1622,2017-08-28,08:00,-9999.0,-9999.0,-9999.0,-9999.0,-9999,-9999.0,-9999.0,-9999.0,-9999.0,-9999.0,-9999.0,-9999,-9999,-9999,-9999,-9999.0,-9999.0,N,AM,CRMN MANAUS,S103,-3.02249999,-60.05555555,-9999.0
1623,2017-08-28,12:00,-9999.0,-9999.0,-9999.0,-9999.0,-9999,-9999.0,-9999.0,-9999.0,-9999.0,-9999.0,-9999.0,-9999,-9999,-9999,-9999,-9999.0,-9999.0,N,AM,CRMN MANAUS,S103,-3.02249999,-60.05555555,-9999.0
1624,2017-08-28,16:00,-9999.0,-9999.0,-9999.0,-9999.0,-9999,-9999.0,-9999.0,-9999.0,-9999.0,-9999.0,-9999.0,-9999,-9999,-9999,-9999,-9999.0,-9999.0,N,AM,CRMN MANAUS,S103,-3.02249999,-60.05555555,-9999.0
1625,2017-08-28,20:00,-9999.0,-9999.0,-9999.0,-9999.0,-9999,-9999.0,-9999.0,-9999.0,-9999.0,-9999.0,-9999.0,-9999,-9999,-9999,-9999,-9999.0,-9999.0,N,AM,CRMN MANAUS,S103,-3.02249999,-60.05555555,-9999.0
1626,2017-08-29,00:00,-9999.0,-9999.0,-9999.0,-9999.0,-9999,-9999.0,-9999.0,-9999.0,-9999.0,-9999.0,-9999.0,-9999,-9999,-9999,-9999,-9999.0,-9999.0,N,AM,CRMN MANAUS,S103,-3.02249999,-60.05555555,-9999.0
1627,2017-08-29,04:00,-9999.0,-9999.0,-9999.0,-9999.0,-9999,-9999.0,-9999.0,-9999.0,-9999.0,-9999.0,-9999.0,-9999,-9999,-9999,-9999,-9999.0,-9999.0,N,AM,CRMN MANAUS,S103,-3.02249999,-60.05555555,-9999.0
1628,2017-08-29,08:00,-9999.0,-9999.0,-9999.0,-9999.0,-9999,-9999.0,-9999.0,-9999.0,-9999.0,-9999.0,-9999.0,-9999,-9999,-9999,-9999,-9999.0,-9999.0,N,AM,CRMN MANAUS,S103,-3.02249999,-60.05555555,-9999.0
1629,2017-08-29,12:00,-9999.0,-9999.0,-9999.0,-9999.0,-9999,-9999.0,-9999.0,-9999.0,-9999.0,-9999.0,-9999.0,-9999,-9999,-9999,-9999,-9999.0,-9999.0,N,AM,CRMN MANAUS,S103,-3.02249999,-60.05555555,-9999.0
1630,2017-08-29,16:00,-9999.0,-9999.0,-9999.0,-9999.0,-9999,-9999.0,-9999.0,-9999.0,-9999.0,-9999.0,-9999.0,-9999,-9999,-9999,-9999,-9999.0,-9999.0,N,AM,CRMN MANAUS,S103,-3.02249999,-60.05555555,-9999.0
1631,2017-08-29,20:00,-9999.0,-9999.0,-9999.0,-9999.0,-9999,-9999.0,-9999.0,-9999.0,-9999.0,-9999.0,-9999.0,-9999,-9999,-9999,-9999,-9999.0,-9999.0,N,AM,CRMN MANAUS,S103,-3.02249999,-60.05555555,-9999.0
1632,2017-08-30,00:00,-9999.0,-9999.0,-9999.0,-9999.0,-9999,-9999.0,-9999.0,-9999.0,-9999.0,-9999.0,-9999.0,-9999,-9999,-9999,-9999,-9999.0,-9999.0,N,AM,CRMN MANAUS,S103,-3.02249999,-60.05555555,-9999.0
1633,2017-08-30,04:00,-9999.0,-9999.0,-9999.0,-9999.0,-9999,-9999.0,-9999.0,-9999.0,-9999.0,-9999.0,-9999.0,-9999,-9999,-9999,-9999,-9999.0,-9999.0,N,AM,CRMN MANAUS,S103,-3.02249999,-60.05555555,-9999.0
1634,2017-08-30,08:00,-9999.0,-9999.0,-9999.0,-9999.0,-9999,-9999.0,-9999.0,-9999.0,-9999.0,-9999.0,-9999.0,-9999,-9999,-9999,-9999,-9999.0,-9999.0,N,AM,CRMN MANAUS,S103,-3.02249999,-60.05555555,-9999.0
1635,2017-08-30,12:00,-9999.0,-9999.0,-9999.0,-9999.0,-9999,-9999.0,-9999.0,-9999.0,-9999.0,-9999.0,-9999.0,-9999,-9999,-9999,-9999,-9999.0,-9999.0,N,AM,CRMN MANAUS,S103,-3.02249999,-60.05555555,-9999.0
1636,2017-08-30,16:00,0.0,1003.1,1004.1,1003.0,0,33.5,20.3,34.1,33.0,21.4,20.0,50,45,46,7,5.1,2.0,N,AM,CRMN MANAUS,S103,-3.02249999,-60.05555555,-9999.0
1637,2017-08-30,20:00,0.0,998.7,999.4,998.7,0,34.4,19.9,35.2,34.3,20.3,19.1,44,39,43,6,3.4,2.0,N,AM,CRMN MANAUS,S103,-3.02249999,-60.05555555,-9999.0
1638,2017-08-31,00:00,0.0,1000.6,1000.6,1000.0,0,31.6,21.2,31.9,31.5,21.4,21.2,55,54,54,5,1.0,0.0,N,AM,CRMN MANAUS,S103,-3.02249999,-60.05555555,-9999.0
1639,2017-08-31,04:00,0.0,1002.6,1003.0,1002.6,0,27.2,22.6,27.9,27.2,23.0,22.6,77,74,76,5,1.4,0.0,N,AM,CRMN MANAUS,S103,-3.02249999,-60.05555555,-9999.0
1640,2017-08-31,08:00,0.0,1001.5,1001.7,1001.5,0,25.3,22.1,25.8,25.3,22.5,22.1,84,81,82,6,0.0,0.0,N,AM,CRMN MANAUS,S103,-3.02249999,-60.05555555,-9999.0
1641,2017-08-31,12:00,0.0,1004.3,1004.3,1003.8,0,27.4,23.2,27.5,25.8,23.2,22.5,82,77,78,7,0.2,0.0,N,AM,CRMN MANAUS,S103,-3.02249999,-60.05555555,-9999.0
1642,2017-08-31,16:00,0.0,1003.3,1004.2,1003.3,0,30.1,24.7,32.3,30.2,24.6,22.8,72,59,73,7,3.3,1.0,N,AM,CRMN MANAUS,S103,-3.02249999,-60.05555555,-9999.0
1643,2017-08-31,20:00,0.0,999.7,1000.3,999.7,0,27.8,23.5,27.8,26.7,24.2,22.9,83,78,78,7,2.9,2.0,N,AM,CRMN MANAUS,S103,-3.02249999,-60.05555555,-9999.0
1644,2017-09-01,00:00,0.0,1001.7,1001.8,1001.3,0,25.1,22.3,25.1,24.4,22.3,21.5,87,83,84,7,0.5,0.0,N,AM,CRMN MANAUS,S103,-3.02249999,-60.05555555,-9999.0
1645,2017-09-01,04:00,0.0,1002.8,1003.7,1002.8,0,24.3,22.4,26.0,24.4,22.7,22.4,89,81,89,6,1.5,0.0,N,AM,CRMN MANAUS,S103,-3.02249999,-60.05555555,-9999.0
1646,2017-09-01,08:00,0.0,1001.6,1001.6,1001.3,0,24.1,22.2,24.3,23.6,22.2,21.8,91,88,89,7,0.0,0.0,N,AM,CRMN MANAUS,S103,-3.02249999,-60.05555555,-9999.0
1647,2017-09-01,12:00,0.0,1004.9,1004.9,1003.8,0,26.7,22.7,26.7,25.1,23.1,22.2,85,79,79,8,1.5,0.0,N,AM,CRMN MANAUS,S103,-3.02249999,-60.05555555,-9999.0
1648,2017-09-01,16:00,0.0,1004.2,1005.2,1004.3,0,31.4,23.6,31.4,30.1,24.2,23.3,69,63,63,8,2.4,1.0,N,AM,CRMN MANAUS,S103,-3.02249999,-60.05555555,-9999.0
1649,2017-09-01,20:00,0.0,1000.0,1000.6,1000.0,0,33.0,22.0,34.0,33.1,22.8,21.7,54,49,53,9,2.0,1.0,N,AM,CRMN MANAUS,S103,-3.02249999,-60.05555555,-9999.0
1650,2017-09-02,00:00,0.0,1002.3,1002.3,1001.8,0,26.8,21.4,26.9,26.3,21.6,21.1,76,71,72,7,2.3,0.0,N,AM,CRMN MANAUS,S103,-3.02249999,-60.05555555,-9999.0
1651,2017-09-02,04:00,0.0,1004.1,1004.7,1004.1,0,25.8,21.5,26.0,25.4,21.9,21.0,80,75,77,7,0.0,0.0,N,AM,CRMN MANAUS,S103,-3.02249999,-60.05555555,-9999.0
1652,2017-09-02,08:00,0.0,1002.9,1002.9,1002.6,0,24.1,21.2,24.3,24.1,21.4,21.2,84,83,84,7,1.1,0.0,N,AM,CRMN MANAUS,S103,-3.02249999,-60.05555555,-9999.0
1653,2017-09-02,12:00,0.0,1005.5,1005.5,1005.0,0,27.6,22.3,27.6,25.1,22.8,21.8,83,72,73,8,1.4,0.0,N,AM,CRMN MANAUS,S103,-3.02249999,-60.05555555,-9999.0
1654,2017-09-02,16:00,0.0,1004.0,1005.1,1004.0,0,33.4,20.7,33.7,32.1,22.2,20.8,54,48,47,9,4.3,2.0,N,AM,CRMN MANAUS,S103,-3.02249999,-60.05555555,-9999.0
1655,2017-09-02,20:00,0.0,1000.8,1001.0,1000.7,0,34.6,19.9,35.0,34.3,20.5,19.0,44,40,42,8,2.9,1.0,N,AM,CRMN MANAUS,S103,-3.02249999,-60.05555555,-9999.0
1656,2017-09-03,00:00,0.0,1002.3,1002.3,1001.9,0,30.7,20.7,31.6,30.7,21.1,20.3,56,51,55,7,0.6,0.0,N,AM,CRMN MANAUS,S103,-3.02249999,-60.05555555,-9999.0
1657,2017-09-03,04:00,0.0,1003.2,1004.0,1003.2,0,27.5,22.4,29.0,27.5,22.4,21.5,74,64,74,6,0.5,0.0,N,AM,CRMN MANAUS,S103,-3.02249999,-60.05555555,-9999.0
1658,2017-09-03,08:00,0.0,1002.1,1002.1,1002.0,0,24.9,22.1,26.8,24.9,22.3,21.4,85,72,85,6,0.0,0.0,N,AM,CRMN MANAUS,S103,-3.02249999,-60.05555555,-9999.0
1659,2017-09-03,12:00,0.0,1004.6,1004.6,1003.9,0,29.1,21.0,29.1,26.8,22.3,21.2,73,62,62,7,1.6,1.0,N,AM,CRMN MANAUS,S103,-3.02249999,-60.05555555,-9999.0
1660,2017-09-03,16:00,0.0,1003.2,1004.3,1003.2,0,34.0,20.1,34.5,32.3,22.9,19.4,55,42,44,8,4.2,1.0,N,AM,CRMN MANAUS,S103,-3.02249999,-60.05555555,-9999.0
1661,2017-09-03,20:00,0.0,999.4,1000.3,999.4,0,31.7,19.6,31.6,26.9,22.2,19.5,72,49,49,7,1.6,0.0,N,AM,CRMN MANAUS,S103,-3.02249999,-60.05555555,-9999.0
1662,2017-09-04,00:00,0.0,1001.4,1001.4,1000.6,0,26.5,22.8,28.0,26.5,22.9,21.3,80,68,80,6,0.5,0.0,N,AM,CRMN MANAUS,S103,-3.02249999,-60.05555555,-9999.0
1663,2017-09-04,04:00,0.0,1002.1,1002.8,1002.1,0,25.6,21.2,26.3,25.4,21.3,20.5,77,71,76,7,1.5,0.0,N,AM,CRMN MANAUS,S103,-3.02249999,-60.05555555,-9999.0
1664,2017-09-04,08:00,0.0,1001.1,1001.2,1001.1,0,24.1,21.7,24.2,23.9,21.8,21.6,88,85,86,7,1.2,0.0,N,AM,CRMN MANAUS,S103,-3.02249999,-60.05555555,-9999.0
1665,2017-09-04,12:00,0.0,1003.3,1003.3,1002.7,0,28.2,22.3,28.2,25.8,23.2,22.0,81,70,71,8,0.0,0.0,N,AM,CRMN MANAUS,S103,-3.02249999,-60.05555555,-9999.0
1666,2017-09-04,16:00,0.0,1002.3,1003.1,1002.3,0,32.1,22.0,34.1,32.0,22.5,19.7,56,43,55,8,1.9,1.0,N,AM,CRMN MANAUS,S103,-3.02249999,-60.05555555,-9999.0
1667,2017-09-04,20:00,0.0,998.0,998.3,997.9,0,33.7,20.6,34.7,33.6,20.8,19.5,47,41,46,7,3.9,2.0,N,AM,CRMN MANAUS,S103,-3.02249999,-60.05555555,-9999.0
1668,2017-09-05,00:00,0.0,1001.2,1001.1,1000.3,0,28.4,21.7,29.6,28.5,21.8,20.9,67,62,67,6,3.4,1.0,N,AM,CRMN MANAUS,S103,-3.02249999,-60.05555555,-9999.0
1669,2017-09-05,04:00,0.0,1002.6,1002.8,1002.5,0,25.7,21.8,26.2,25.7,21.9,21.7,79,77,79,6,1.9,0.0,N,AM,CRMN MANAUS,S103,-3.02249999,-60.05555555,-9999.0
1670,2017-09-05,08:00,0.0,1001.1,1001.2,1001.0,0,23.7,21.3,24.0,23.6,21.5,21.3,87,85,87,6,1.5,0.0,N,AM,CRMN MANAUS,S103,-3.02249999,-60.05555555,-9999.0
1671,2017-09-05,12:00,0.0,1003.9,1003.8,1003.1,0,25.1,22.5,25.1,24.4,22.8,22.2,88,86,86,7,2.1,0.0,N,AM,CRMN MANAUS,S103,-3.02249999,-60.05555555,-9999.0
1672,2017-09-05,16:00,0.0,1004.3,1005.0,1004.3,0,27.7,22.3,27.7,25.6,23.5,22.0,88,71,72,7,2.8,1.0,N,AM,CRMN MANAUS,S103,-3.02249999,-60.05555555,-9999.0
1673,2017-09-05,20:00,0.0,999.7,1000.3,999.7,0,29.9,22.2,30.3,29.5,23.0,22.1,67,63,64,8,2.6,1.0,N,AM,CRMN MANAUS,S103,-3.02249999,-60.05555555,-9999.0
1674,2017-09-06,00:00,0.0,1001.7,1001.7,1001.1,0,26.2,23.6,26.9,26.2,23.7,23.6,86,83,86,7,1.2,0.0,N,AM,CRMN MANAUS,S103,-3.02249999,-60.05555555,-9999.0
1675,2017-09-06,04:00,0.0,1002.6,1002.9,1002.6,0,24.8,23.2,25.3,24.8,23.5,23.2,91,90,91,7,0.3,0.0,N,AM,CRMN MANAUS,S103,-3.02249999,-60.05555555,-9999.0
1676,2017-09-06,08:00,0.0,1001.2,1001.2,1000.9,0,24.0,22.7,24.1,24.0,22.9,22.7,93,92,92,8,0.3,0.0,N,AM,CRMN MANAUS,S103,-3.02249999,-60.05555555,-9999.0
1677,2017-09-06,12:00,0.0,1002.9,1002.9,1002.5,0,25.8,22.6,25.9,24.1,22.8,22.3,90,83,83,9,1.5,0.0,N,AM,CRMN MANAUS,S103,-3.02249999,-60.05555555,-9999.0
1678,2017-09-06,16:00,0.0,1003.5,1003.5,1002.7,0,25.8,21.5,31.3,25.8,23.8,20.9,77,58,77,8,5.8,3.0,N,AM,CRMN MANAUS,S103,-3.02249999,-60.05555555,-9999.0
1679,2017-09-06,20:00,0.0,998.9,999.1,998.7,0,30.4,22.4,30.5,29.5,23.7,21.7,69,60,63,10,1.9,1.0,N,AM,CRMN MANAUS,S103,-3.02249999,-60.05555555,-9999.0
1680,2017-09-07,00:00,0.0,1000.5,1000.5,999.6,0,26.2,24.1,26.5,26.2,24.2,24.0,88,86,88,9,0.0,0.0,N,AM,CRMN MANAUS,S103,-3.02249999,-60.05555555,-9999.0
1681,2017-09-07,04:00,0.0,1001.4,1002.0,1001.4,0,25.3,23.7,25.8,25.3,24.1,23.7,91,90,91,9,0.0,0.0,N,AM,CRMN MANAUS,S103,-3.02249999,-60.05555555,-9999.0
1682,2017-09-07,08:00,0.0,1000.1,1000.2,1000.0,0,24.6,22.9,24.6,24.4,23.0,22.9,92,90,90,10,0.0,0.0,N,AM,CRMN MANAUS,S103,-3.02249999,-60.05555555,-9999.0
1683,2017-09-07,12:00,0.0,1002.4,1002.4,1001.8,0,27.5,22.5,27.5,24.8,23.5,22.8,91,75,74,10,1.8,1.0,N,AM,CRMN MANAUS,S103,-3.02249999,-60.05555555,-9999.0
1684,2017-09-07,16:00,0.0,1001.2,1002.1,1001.2,0,33.6,20.6,33.6,32.4,21.9,20.2,53,47,46,13,5.1,3.0,N,AM,CRMN MANAUS,S103,-3.02249999,-60.05555555,-9999.0
1685,2017-09-07,20:00,0.0,997.0,997.6,997.0,0,32.4,22.2,34.0,32.1,22.1,20.7,55,46,55,10,3.9,1.0,N,AM,CRMN MANAUS,S103,-3.02249999,-60.05555555,-9999.0
1686,2017-09-08,00:00,0.0,999.1,999.1,998.4,0,30.3,22.4,30.6,30.1,22.3,22.1,62,61,63,10,1.2,0.0,N,AM,CRMN MANAUS,S103,-3.02249999,-60.05555555,-9999.0
1687,2017-09-08,04:00,0.0,1000.8,1001.2,1000.8,0,28.7,20.9,28.8,28.5,22.4,20.9,69,63,63,9,1.8,0.0,N,AM,CRMN MANAUS,S103,-3.02249999,-60.05555555,-9999.0
1688,2017-09-08,08:00,0.0,999.5,999.7,999.5,0,24.5,22.4,25.4,24.5,22.5,22.4,88,84,88,9,0.0,0.0,N,AM,CRMN MANAUS,S103,-3.02249999,-60.05555555,-9999.0
1689,2017-09-08,12:00,0.0,1001.7,1001.7,1001.1,0,29.4,21.7,29.4,26.9,23.2,21.9,78,64,63,10,1.6,0.0,N,AM,CRMN MANAUS,S103,-3.02249999,-60.05555555,-9999.0
1690,2017-09-08,16:00,0.0,1000.4,1001.2,1000.4,0,32.3,23.2,33.7,32.3,23.3,20.1,58,45,59,11,4.0,2.0,N,AM,CRMN MANAUS,S103,-3.02249999,-60.05555555,-9999.0
1691,2017-09-08,20:00,0.0,997.1,997.5,997.0,0,33.9,21.9,34.0,32.3,23.2,21.5,58,49,50,10,2.7,1.0,N,AM,CRMN MANAUS,S103,-3.02249999,-60.05555555,-9999.0
1692,2017-09-09,00:00,0.0,998.0,997.9,997.4,0,27.7,23.3,28.5,27.5,24.3,22.5,82,72,77,8,0.1,0.0,N,AM,CRMN MANAUS,S103,-3.02249999,-60.05555555,-9999.0
1693,2017-09-09,04:00,0.0,999.2,999.4,999.2,0,27.0,23.6,27.5,27.0,23.9,23.4,83,80,81,8,0.1,0.0,N,AM,CRMN MANAUS,S103,-3.02249999,-60.05555555,-9999.0
1694,2017-09-09,08:00,0.0,998.5,998.5,998.2,0,25.5,23.5,26.1,25.3,23.5,23.4,90,85,88,8,0.0,0.0,N,AM,CRMN MANAUS,S103,-3.02249999,-60.05555555,-9999.0
1695,2017-09-09,12:00,0.0,1001.3,1001.3,1000.7,0,28.9,23.6,29.3,27.4,24.4,23.5,81,72,73,10,0.1,0.0,N,AM,CRMN MANAUS,S103,-3.02249999,-60.05555555,-9999.0
1696,2017-09-09,16:00,0.0,999.8,1000.8,999.8,0,33.7,20.2,34.2,32.6,21.9,20.5,52,45,45,10,4.7,2.0,N,AM,CRMN MANAUS,S103,-3.02249999,-60.05555555,-9999.0
1697,2017-09-09,20:00,0.0,996.9,997.2,996.9,0,34.6,19.7,34.8,34.2,20.9,19.4,45,41,42,9,4.1,2.0,N,AM,CRMN MANAUS,S103,-3.02249999,-60.05555555,-9999.0
1698,2017-09-10,00:00,0.0,998.5,998.5,997.7,0,30.9,21.4,31.6,30.9,21.4,21.2,57,54,57,7,1.3,0.0,N,AM,CRMN MANAUS,S103,-3.02249999,-60.05555555,-9999.0
1699,2017-09-10,04:00,0.0,999.8,1000.5,999.7,0,27.3,22.4,27.5,26.8,22.8,22.2,78,74,75,7,0.1,0.0,N,AM,CRMN MANAUS,S103,-3.02249999,-60.05555555,-9999.0
1700,2017-09-10,08:00,0.0,999.6,999.6,999.3,0,26.2,22.4,26.9,26.2,22.4,22.3,79,76,79,7,0.0,0.0,N,AM,CRMN MANAUS,S103,-3.02249999,-60.05555555,-9999.0
1701,2017-09-10,12:00,0.0,1001.5,1001.5,1000.9,0,29.4,22.2,29.3,26.2,23.0,21.9,80,65,65,8,2.1,1.0,N,AM,CRMN MANAUS,S103,-3.02249999,-60.05555555,-9999.0
1702,2017-09-10,16:00,0.0,1000.5,1001.3,1000.5,0,34.3,21.6,34.5,32.9,22.5,21.1,54,46,48,9,4.3,3.0,N,AM,CRMN MANAUS,S103,-3.02249999,-60.05555555,-9999.0
1703,2017-09-10,20:00,0.0,996.9,997.5,996.9,0,35.2,19.4,35.9,34.6,19.8,17.5,41,35,39,8,4.2,2.0,N,AM,CRMN MANAUS,S103,-3.02249999,-60.05555555,-9999.0
1704,2017-09-11,00:00,0.0,999.1,999.2,998.6,0,27.1,22.1,28.1,27.1,22.1,21.9,74,69,74,6,2.1,1.0,N,AM,CRMN MANAUS,S103,-3.02249999,-60.05555555,-9999.0
1705,2017-09-11,04:00,0.0,1000.4,1000.8,1000.3,0,25.4,21.6,25.9,25.3,21.6,21.2,80,76,80,7,1.6,0.0,N,AM,CRMN MANAUS,S103,-3.02249999,-60.05555555,-9999.0
1706,2017-09-11,08:00,0.0,1000.2,1000.2,1000.1,0,24.9,21.7,24.9,24.3,21.8,21.7,85,83,83,7,0.0,0.0,N,AM,CRMN MANAUS,S103,-3.02249999,-60.05555555,-9999.0
1707,2017-09-11,12:00,0.0,1002.8,1002.8,1002.0,0,28.2,21.9,28.4,26.4,22.3,21.5,76,68,69,8,1.7,0.0,N,AM,CRMN MANAUS,S103,-3.02249999,-60.05555555,-9999.0
1708,2017-09-11,16:00,0.0,1001.2,1002.1,1001.2,0,33.4,21.2,34.1,32.6,21.9,21.0,52,48,49,8,5.0,2.0,N,AM,CRMN MANAUS,S103,-3.02249999,-60.05555555,-9999.0
1709,2017-09-11,20:00,0.0,997.9,998.0,997.7,0,34.7,20.8,34.7,33.4,22.0,19.3,50,42,44,7,4.5,3.0,N,AM,CRMN MANAUS,S103,-3.02249999,-60.05555555,-9999.0
1710,2017-09-12,00:00,0.0,999.1,999.2,998.4,0,28.4,21.0,29.3,28.4,21.9,20.1,68,58,64,6,0.6,0.0,N,AM,CRMN MANAUS,S103,-3.02249999,-60.05555555,-9999.0
1711,2017-09-12,04:00,0.0,1001.2,1001.9,1001.2,0,27.5,23.9,27.8,27.5,24.0,23.7,81,79,81,6,3.1,1.0,N,AM,CRMN MANAUS,S103,-3.02249999,-60.05555555,-9999.0
1712,2017-09-12,08:00,-9999.0,-9999.0,-9999.0,-9999.0,-9999,-9999.0,-9999.0,-9999.0,-9999.0,-9999.0,-9999.0,-9999,-9999,-9999,-9999,-9999.0,-9999.0,N,AM,CRMN MANAUS,S103,-3.02249999,-60.05555555,-9999.0
1713,2017-09-12,12:00,-9999.0,-9999.0,-9999.0,-9999.0,-9999,-9999.0,-9999.0,-9999.0,-9999.0,-9999.0,-9999.0,-9999,-9999,-9999,-9999,-9999.0,-9999.0,N,AM,CRMN MANAUS,S103,-3.02249999,-60.05555555,-9999.0
1714,2017-09-12,16:00,0.0,1003.4,1004.1,1003.4,0,29.7,22.3,29.7,28.1,22.8,21.9,71,65,65,9,2.0,1.0,N,AM,CRMN MANAUS,S103,-3.02249999,-60.05555555,-9999.0
1715,2017-09-12,20:00,0.0,999.3,1000.1,999.3,0,29.7,23.0,30.6,29.8,23.8,22.9,69,64,67,8,2.8,1.0,N,AM,CRMN MANAUS,S103,-3.02249999,-60.05555555,-9999.0
1716,2017-09-13,00:00,-9999.0,-9999.0,-9999.0,-9999.0,-9999,-9999.0,-9999.0,-9999.0,-9999.0,-9999.0,-9999.0,-9999,-9999,-9999,-9999,-9999.0,-9999.0,N,AM,CRMN MANAUS,S103,-3.02249999,-60.05555555,-9999.0
1717,2017-09-13,04:00,0.0,1001.8,1002.3,1001.8,0,24.3,22.0,24.7,23.9,22.3,21.4,90,82,87,7,0.4,0.0,N,AM,CRMN MANAUS,S103,-3.02249999,-60.05555555,-9999.0
1718,2017-09-13,08:00,0.0,1002.3,1002.3,1001.8,0,24.2,22.4,24.6,24.2,22.5,22.1,90,88,89,8,2.9,0.0,N,AM,CRMN MANAUS,S103,-3.02249999,-60.05555555,-9999.0
1719,2017-09-13,12:00,0.0,1003.6,1003.7,1003.1,0,25.2,21.4,25.3,23.5,21.6,20.8,87,79,80,8,2.5,1.0,N,AM,CRMN MANAUS,S103,-3.02249999,-60.05555555,-9999.0
1720,2017-09-13,16:00,0.0,1003.3,1004.2,1003.3,0,28.2,23.9,29.3,28.2,24.3,23.6,78,71,78,9,3.0,1.0,N,AM,CRMN MANAUS,S103,-3.02249999,-60.05555555,-9999.0
1721,2017-09-13,20:00,0.0,1000.3,1000.4,1000.1,0,30.4,24.1,30.6,29.0,24.5,23.6,77,67,69,10,2.3,2.0,N,AM,CRMN MANAUS,S103,-3.02249999,-60.05555555,-9999.0
1722,2017-09-14,00:00,0.0,1001.5,1001.5,1000.8,0,25.9,23.7,27.3,25.9,23.9,23.6,88,81,88,9,0.0,0.0,N,AM,CRMN MANAUS,S103,-3.02249999,-60.05555555,-9999.0
1723,2017-09-14,04:00,0.0,1001.9,1002.2,1001.9,0,25.5,23.8,26.1,25.5,23.9,23.7,90,88,90,10,0.0,0.0,N,AM,CRMN MANAUS,S103,-3.02249999,-60.05555555,-9999.0
1724,2017-09-14,08:00,0.0,1001.0,1001.0,1000.8,0,24.1,22.6,24.3,24.1,22.9,22.6,92,91,92,10,0.2,0.0,N,AM,CRMN MANAUS,S103,-3.02249999,-60.05555555,-9999.0
1725,2017-09-14,12:00,0.0,1003.9,1003.8,1003.3,0,27.0,23.8,27.1,25.7,24.1,22.8,86,82,82,13,0.0,0.0,N,AM,CRMN MANAUS,S103,-3.02249999,-60.05555555,-9999.0
1726,2017-09-14,16:00,0.0,1002.8,1003.9,1002.8,0,32.6,21.2,33.1,31.5,22.8,21.1,59,51,51,13,3.7,2.0,N,AM,CRMN MANAUS,S103,-3.02249999,-60.05555555,-9999.0
1727,2017-09-14,20:00,0.0,999.7,1000.0,999.7,0,33.8,19.8,34.7,33.8,20.7,19.7,45,42,44,12,3.6,1.0,N,AM,CRMN MANAUS,S103,-3.02249999,-60.05555555,-9999.0
1728,2017-09-15,00:00,0.0,1001.8,1001.8,1001.2,0,27.6,22.4,28.5,27.5,23.6,22.4,75,73,74,10,1.4,0.0,N,AM,CRMN MANAUS,S103,-3.02249999,-60.05555555,-9999.0
1729,2017-09-15,04:00,0.0,1002.7,1003.1,1002.7,0,25.8,22.9,26.7,25.8,22.9,22.0,84,77,84,9,1.3,0.0,N,AM,CRMN MANAUS,S103,-3.02249999,-60.05555555,-9999.0
1730,2017-09-15,08:00,-9999.0,-9999.0,-9999.0,-9999.0,-9999,-9999.0,-9999.0,-9999.0,-9999.0,-9999.0,-9999.0,-9999,-9999,-9999,-9999,-9999.0,-9999.0,N,AM,CRMN MANAUS,S103,-3.02249999,-60.05555555,-9999.0
1731,2017-09-15,12:00,0.0,1004.1,1004.1,1003.8,0,28.1,24.2,28.1,26.6,24.5,22.8,84,79,80,10,2.6,2.0,N,AM,CRMN MANAUS,S103,-3.02249999,-60.05555555,-9999.0
1732,2017-09-15,16:00,0.0,1003.0,1004.2,1003.0,0,33.1,22.0,33.1,31.8,22.5,21.2,56,51,52,12,4.3,2.0,N,AM,CRMN MANAUS,S103,-3.02249999,-60.05555555,-9999.0
1733,2017-09-15,20:00,0.0,998.6,999.3,998.6,0,34.2,22.0,34.8,32.9,22.9,20.4,55,44,49,11,3.2,1.0,N,AM,CRMN MANAUS,S103,-3.02249999,-60.05555555,-9999.0
1734,2017-09-16,00:00,0.0,1000.0,1000.0,999.4,0,29.7,22.2,31.0,29.7,22.6,21.8,65,58,64,9,0.5,0.0,N,AM,CRMN MANAUS,S103,-3.02249999,-60.05555555,-9999.0
1735,2017-09-16,04:00,0.0,1001.6,1001.8,1001.6,0,27.3,24.1,27.3,27.0,24.1,23.0,83,79,83,9,0.0,0.0,N,AM,CRMN MANAUS,S103,-3.02249999,-60.05555555,-9999.0
1736,2017-09-16,08:00,0.0,1001.1,1001.1,1000.7,0,25.9,23.8,26.5,25.9,23.9,23.7,88,85,88,9,0.0,0.0,N,AM,CRMN MANAUS,S103,-3.02249999,-60.05555555,-9999.0
1737,2017-09-16,12:00,0.0,1002.9,1003.3,1002.7,0,28.1,23.9,28.3,26.3,24.3,23.3,85,78,78,12,0.7,0.0,N,AM,CRMN MANAUS,S103,-3.02249999,-60.05555555,-9999.0
1738,2017-09-16,16:00,0.0,1002.1,1003.4,1002.1,0,23.1,20.9,23.5,22.9,21.5,20.7,89,87,87,8,2.7,1.0,N,AM,CRMN MANAUS,S103,-3.02249999,-60.05555555,-9999.0
1739,2017-09-16,20:00,0.0,998.7,999.1,998.5,0,23.8,21.9,24.3,23.7,22.2,21.8,90,87,89,9,1.4,0.0,N,AM,CRMN MANAUS,S103,-3.02249999,-60.05555555,-9999.0
1740,2017-09-17,00:00,0.0,1000.1,1000.1,999.3,0,23.3,21.6,23.5,23.2,21.7,21.3,91,88,90,10,0.0,0.0,N,AM,CRMN MANAUS,S103,-3.02249999,-60.05555555,-9999.0
1741,2017-09-17,04:00,0.0,1001.2,1001.7,1001.2,0,22.9,21.4,23.1,22.8,21.6,21.4,92,91,92,11,0.0,0.0,N,AM,CRMN MANAUS,S103,-3.02249999,-60.05555555,-9999.0
1742,2017-09-17,08:00,0.0,999.6,999.8,999.6,0,22.3,21.2,22.6,22.3,21.4,21.2,94,93,94,11,1.7,0.0,N,AM,CRMN MANAUS,S103,-3.02249999,-60.05555555,-9999.0
1743,2017-09-17,12:00,0.0,1001.9,1002.0,1001.6,0,25.1,21.7,25.1,22.8,21.7,21.1,91,79,81,14,1.3,0.0,N,AM,CRMN MANAUS,S103,-3.02249999,-60.05555555,-9999.0
1744,2017-09-17,16:00,0.0,1001.8,1002.7,1001.8,0,30.8,22.2,30.9,29.6,22.8,21.6,64,60,60,19,2.2,0.0,N,AM,CRMN MANAUS,S103,-3.02249999,-60.05555555,-9999.0
1745,2017-09-17,20:00,0.0,998.7,998.9,998.6,0,29.8,24.1,30.6,29.8,24.3,23.4,72,65,72,14,1.8,0.0,N,AM,CRMN MANAUS,S103,-3.02249999,-60.05555555,-9999.0
1746,2017-09-18,00:00,0.0,1001.3,1001.3,1000.8,0,25.1,23.5,25.3,25.0,23.6,23.4,91,90,91,13,0.7,0.0,N,AM,CRMN MANAUS,S103,-3.02249999,-60.05555555,-9999.0
1747,2017-09-18,04:00,0.0,1003.0,1003.3,1003.0,0,24.3,22.7,24.5,24.2,22.8,22.7,92,90,91,12,0.7,0.0,N,AM,CRMN MANAUS,S103,-3.02249999,-60.05555555,-9999.0
1748,2017-09-18,08:00,0.0,1001.8,1001.8,1001.6,0,23.8,22.4,23.8,23.7,22.5,22.4,93,92,92,13,0.6,0.0,N,AM,CRMN MANAUS,S103,-3.02249999,-60.05555555,-9999.0
1749,2017-09-18,12:00,0.0,1003.8,1003.8,1003.0,0,24.9,23.3,24.9,23.6,23.4,22.5,94,91,91,15,1.3,0.0,N,AM,CRMN MANAUS,S103,-3.02249999,-60.05555555,-9999.0
1750,2017-09-18,16:00,0.0,1003.0,1004.0,1003.1,0,27.3,24.5,29.9,27.4,24.8,23.9,85,71,85,15,3.0,1.0,N,AM,CRMN MANAUS,S103,-3.02249999,-60.05555555,-9999.0
1751,2017-09-18,20:00,0.0,999.8,1000.4,999.8,0,26.2,21.4,26.1,25.1,22.5,21.6,85,76,75,15,2.5,0.0,N,AM,CRMN MANAUS,S103,-3.02249999,-60.05555555,-9999.0
1752,2017-09-19,00:00,0.0,1002.4,1002.3,1001.9,0,24.9,22.9,24.9,24.6,22.9,22.8,90,89,89,16,0.0,0.0,N,AM,CRMN MANAUS,S103,-3.02249999,-60.05555555,-9999.0
1753,2017-09-19,04:00,0.0,1002.4,1003.3,1002.4,0,24.3,22.5,24.7,24.3,22.5,22.2,89,86,89,16,0.0,0.0,N,AM,CRMN MANAUS,S103,-3.02249999,-60.05555555,-9999.0
1754,2017-09-19,08:00,0.0,1001.7,1001.7,1001.1,0,24.0,22.4,24.1,23.9,22.5,22.4,91,91,91,16,0.5,0.0,N,AM,CRMN MANAUS,S103,-3.02249999,-60.05555555,-9999.0
1755,2017-09-19,12:00,0.0,1005.0,1005.0,1004.0,0,25.6,23.3,25.6,24.2,23.3,22.8,93,86,87,18,1.3,0.0,N,AM,CRMN MANAUS,S103,-3.02249999,-60.05555555,-9999.0
1756,2017-09-19,16:00,0.0,1004.2,1005.4,1004.2,0,29.5,23.4,29.5,28.5,23.7,22.2,74,65,70,22,1.8,1.0,N,AM,CRMN MANAUS,S103,-3.02249999,-60.05555555,-9999.0
1757,2017-09-19,20:00,0.0,1000.4,1000.7,1000.4,0,28.0,23.6,28.3,28.0,23.8,23.2,77,75,77,23,1.3,0.0,N,AM,CRMN MANAUS,S103,-3.02249999,-60.05555555,-9999.0
1758,2017-09-20,00:00,0.0,1002.2,1002.2,1001.8,0,25.4,23.1,25.4,25.2,23.2,23.1,88,87,87,18,1.3,0.0,N,AM,CRMN MANAUS,S103,-3.02249999,-60.05555555,-9999.0
1759,2017-09-20,04:00,0.0,1002.6,1002.9,1002.6,0,24.3,22.9,24.8,24.2,23.2,22.8,92,90,92,18,0.0,0.0,N,AM,CRMN MANAUS,S103,-3.02249999,-60.05555555,-9999.0
1760,2017-09-20,08:00,0.0,1001.9,1001.9,1001.6,0,23.8,22.6,24.1,23.8,22.9,22.6,93,93,93,18,0.0,0.0,N,AM,CRMN MANAUS,S103,-3.02249999,-60.05555555,-9999.0
1761,2017-09-20,12:00,1.0,1004.4,1004.4,1003.6,0,25.8,23.0,25.9,24.8,23.7,23.0,91,84,85,20,1.5,0.0,N,AM,CRMN MANAUS,S103,-3.02249999,-60.05555555,-9999.0
1762,2017-09-20,16:00,0.0,1002.7,1003.8,1002.7,0,30.8,23.7,30.9,29.5,24.7,23.2,71,66,66,24,2.6,1.0,N,AM,CRMN MANAUS,S103,-3.02249999,-60.05555555,-9999.0
1763,2017-09-20,20:00,0.0,998.9,999.3,998.8,0,31.6,23.6,32.0,31.2,24.7,23.0,67,60,63,22,2.9,1.0,N,AM,CRMN MANAUS,S103,-3.02249999,-60.05555555,-9999.0
1764,2017-09-21,00:00,0.0,1000.4,1000.4,999.5,0,28.5,24.1,29.2,28.4,24.1,23.5,77,72,77,21,0.8,0.0,N,AM,CRMN MANAUS,S103,-3.02249999,-60.05555555,-9999.0
1765,2017-09-21,04:00,0.0,1001.4,1001.9,1001.4,0,26.2,23.8,27.5,26.2,23.8,23.5,87,79,87,19,0.0,0.0,N,AM,CRMN MANAUS,S103,-3.02249999,-60.05555555,-9999.0
1766,2017-09-21,08:00,0.0,1000.1,1000.2,1000.0,0,25.7,23.0,26.2,25.7,23.1,22.8,85,82,85,19,0.0,0.0,N,AM,CRMN MANAUS,S103,-3.02249999,-60.05555555,-9999.0
1767,2017-09-21,12:00,0.0,1002.4,1002.4,1001.8,0,28.2,23.2,28.1,26.1,23.5,22.7,82,74,74,18,2.1,1.0,N,AM,CRMN MANAUS,S103,-3.02249999,-60.05555555,-9999.0
1768,2017-09-21,16:00,0.0,1001.9,1002.3,1001.7,0,28.1,23.8,32.6,27.3,24.2,22.7,82,57,78,16,5.2,1.0,N,AM,CRMN MANAUS,S103,-3.02249999,-60.05555555,-9999.0
1769,2017-09-21,20:00,0.0,998.5,999.4,998.5,0,28.5,23.2,28.5,26.9,23.5,22.0,75,73,73,22,1.5,0.0,N,AM,CRMN MANAUS,S103,-3.02249999,-60.05555555,-9999.0
1770,2017-09-22,00:00,0.0,999.7,999.7,998.7,0,26.4,23.7,27.2,26.3,24.0,23.6,87,81,85,19,0.4,0.0,N,AM,CRMN MANAUS,S103,-3.02249999,-60.05555555,-9999.0
1771,2017-09-22,04:00,0.0,1000.6,1001.2,1000.6,0,27.1,24.0,27.4,26.5,24.2,23.9,87,81,83,19,0.6,0.0,N,AM,CRMN MANAUS,S103,-3.02249999,-60.05555555,-9999.0
1772,2017-09-22,08:00,0.0,1000.4,1000.4,1000.0,0,24.7,23.5,25.2,24.7,23.9,23.5,93,92,93,18,0.0,0.0,N,AM,CRMN MANAUS,S103,-3.02249999,-60.05555555,-9999.0
1773,2017-09-22,12:00,0.0,1003.2,1003.2,1002.6,0,26.5,24.5,26.5,25.3,24.8,24.2,94,89,89,18,1.7,1.0,N,AM,CRMN MANAUS,S103,-3.02249999,-60.05555555,-9999.0
1774,2017-09-22,16:00,0.0,1003.6,1004.4,1003.6,0,23.7,22.8,23.7,23.1,22.7,22.1,94,94,94,20,0.0,0.0,N,AM,CRMN MANAUS,S103,-3.02249999,-60.05555555,-9999.0
1775,2017-09-22,20:00,-9999.0,-9999.0,-9999.0,-9999.0,-9999,-9999.0,-9999.0,-9999.0,-9999.0,-9999.0,-9999.0,-9999,-9999,-9999,-9999,-9999.0,-9999.0,N,AM,CRMN MANAUS,S103,-3.02249999,-60.05555555,-9999.0
1776,2017-09-23,00:00,0.0,1000.2,1000.2,999.6,0,25.4,24.0,25.5,25.3,24.0,23.8,92,91,92,23,0.0,0.0,N,AM,CRMN MANAUS,S103,-3.02249999,-60.05555555,-9999.0
1777,2017-09-23,04:00,0.0,1001.6,1001.8,1001.5,0,24.6,23.5,24.8,24.6,23.6,23.5,94,93,94,22,1.3,0.0,N,AM,CRMN MANAUS,S103,-3.02249999,-60.05555555,-9999.0
1778,2017-09-23,08:00,0.0,1000.8,1000.8,1000.3,0,24.4,23.5,24.5,24.4,23.5,23.4,94,94,94,24,0.5,0.0,N,AM,CRMN MANAUS,S103,-3.02249999,-60.05555555,-9999.0
1779,2017-09-23,12:00,0.0,1002.6,1002.6,1001.6,0,26.1,23.7,26.1,24.6,24.1,23.6,95,87,87,27,1.3,0.0,N,AM,CRMN MANAUS,S103,-3.02249999,-60.05555555,-9999.0
1780,2017-09-23,16:00,0.0,1001.2,1002.4,1001.2,0,32.4,23.1,32.5,31.3,23.9,22.5,64,57,58,30,5.3,2.0,N,AM,CRMN MANAUS,S103,-3.02249999,-60.05555555,-9999.0
1781,2017-09-23,20:00,0.0,997.5,998.0,997.3,0,32.6,21.6,32.9,31.9,23.5,21.6,60,52,53,29,3.3,2.0,N,AM,CRMN MANAUS,S103,-3.02249999,-60.05555555,-9999.0
1782,2017-09-24,00:00,0.0,1000.3,1000.3,999.4,0,26.6,23.7,27.3,26.6,23.9,23.6,84,82,84,23,2.4,0.0,N,AM,CRMN MANAUS,S103,-3.02249999,-60.05555555,-9999.0
1783,2017-09-24,04:00,0.0,1001.6,1002.0,1001.6,0,25.1,23.4,25.4,25.1,23.4,23.3,90,89,90,24,1.4,0.0,N,AM,CRMN MANAUS,S103,-3.02249999,-60.05555555,-9999.0
1784,2017-09-24,08:00,0.0,1000.0,1000.7,1000.1,0,24.2,23.0,24.7,24.2,23.2,23.0,93,91,93,23,1.0,0.0,N,AM,CRMN MANAUS,S103,-3.02249999,-60.05555555,-9999.0
1785,2017-09-24,12:00,0.0,1002.1,1002.2,1001.9,0,26.1,23.7,26.2,25.2,23.9,23.4,90,86,87,26,1.1,0.0,N,AM,CRMN MANAUS,S103,-3.02249999,-60.05555555,-9999.0
1786,2017-09-24,16:00,0.0,1000.6,1001.5,1000.6,0,31.7,22.9,31.7,31.1,23.4,21.9,64,57,60,28,4.7,2.0,N,AM,CRMN MANAUS,S103,-3.02249999,-60.05555555,-9999.0
1787,2017-09-24,20:00,0.0,997.3,997.9,997.3,0,32.3,23.3,32.8,31.3,24.5,22.8,66,57,59,33,2.7,0.0,N,AM,CRMN MANAUS,S103,-3.02249999,-60.05555555,-9999.0
1788,2017-09-25,00:00,0.0,999.6,999.6,998.6,0,28.7,23.7,29.1,28.7,24.1,23.4,75,72,75,26,0.0,0.0,N,AM,CRMN MANAUS,S103,-3.02249999,-60.05555555,-9999.0
1789,2017-09-25,04:00,0.0,1001.7,1001.9,1001.6,0,26.4,24.2,28.0,26.4,24.3,24.0,88,79,88,21,1.6,0.0,N,AM,CRMN MANAUS,S103,-3.02249999,-60.05555555,-9999.0
1790,2017-09-25,08:00,0.0,999.4,999.7,999.4,0,25.2,21.9,25.4,25.2,22.1,21.8,82,81,82,22,0.6,0.0,N,AM,CRMN MANAUS,S103,-3.02249999,-60.05555555,-9999.0
1791,2017-09-25,12:00,0.0,1003.3,1003.3,1002.3,0,26.7,23.0,26.7,26.0,23.4,21.5,83,76,80,20,2.0,1.0,N,AM,CRMN MANAUS,S103,-3.02249999,-60.05555555,-9999.0
1792,2017-09-25,16:00,0.0,1002.2,1003.4,1002.2,0,29.8,24.7,29.8,26.8,25.9,23.3,87,71,74,23,3.5,2.0,N,AM,CRMN MANAUS,S103,-3.02249999,-60.05555555,-9999.0
1793,2017-09-25,20:00,0.0,999.3,999.9,999.0,0,24.1,22.3,24.2,23.5,22.9,21.8,93,88,90,22,1.2,0.0,N,AM,CRMN MANAUS,S103,-3.02249999,-60.05555555,-9999.0
1794,2017-09-26,00:00,0.0,1000.3,1000.3,999.8,0,23.7,22.2,24.3,23.8,22.8,22.1,92,89,91,21,0.6,0.0,N,AM,CRMN MANAUS,S103,-3.02249999,-60.05555555,-9999.0
1795,2017-09-26,04:00,0.0,1001.4,1002.0,1001.5,0,24.6,23.2,24.6,24.1,23.2,22.8,93,92,92,23,0.7,0.0,N,AM,CRMN MANAUS,S103,-3.02249999,-60.05555555,-9999.0
1796,2017-09-26,08:00,0.0,1000.4,1000.3,1000.1,0,24.5,23.2,24.7,24.5,23.3,23.2,93,92,93,24,0.0,0.0,N,AM,CRMN MANAUS,S103,-3.02249999,-60.05555555,-9999.0
1797,2017-09-26,12:00,0.0,1002.3,1002.3,1002.2,0,26.3,23.0,26.5,25.6,23.5,22.9,88,82,82,22,2.6,2.0,N,AM,CRMN MANAUS,S103,-3.02249999,-60.05555555,-9999.0
1798,2017-09-26,16:00,0.0,1001.1,1002.1,1001.2,0,28.3,23.5,31.0,28.4,23.7,22.1,76,60,75,28,2.8,2.0,N,AM,CRMN MANAUS,S103,-3.02249999,-60.05555555,-9999.0
1799,2017-09-26,20:00,15.0,997.9,998.4,997.9,0,27.0,22.6,27.2,26.5,23.3,22.4,81,76,77,28,2.7,0.0,N,AM,CRMN MANAUS,S103,-3.02249999,-60.05555555,-9999.0
1800,2017-09-27,00:00,0.0,1000.4,1000.4,999.3,0,24.9,22.8,25.5,24.9,23.3,22.7,88,84,88,26,1.7,0.0,N,AM,CRMN MANAUS,S103,-3.02249999,-60.05555555,-9999.0
1801,2017-09-27,04:00,0.0,1000.7,1001.1,1000.6,0,24.1,22.0,24.1,23.8,22.1,21.9,90,88,88,22,1.1,0.0,N,AM,CRMN MANAUS,S103,-3.02249999,-60.05555555,-9999.0
1802,2017-09-27,08:00,0.0,999.7,999.9,999.6,0,23.8,22.0,23.9,23.7,22.0,21.9,90,88,89,22,1.3,0.0,N,AM,CRMN MANAUS,S103,-3.02249999,-60.05555555,-9999.0
1803,2017-09-27,12:00,0.0,1003.3,1003.3,1002.3,0,24.0,22.4,24.3,23.8,22.5,22.2,91,90,91,20,3.3,2.0,N,AM,CRMN MANAUS,S103,-3.02249999,-60.05555555,-9999.0
1804,2017-09-27,16:00,0.0,1002.1,1003.3,1002.1,0,27.9,22.4,27.9,26.6,23.0,22.2,79,73,72,34,2.0,0.0,N,AM,CRMN MANAUS,S103,-3.02249999,-60.05555555,-9999.0
1805,2017-09-27,20:00,0.0,998.0,998.7,998.0,0,30.4,22.7,31.0,29.6,23.5,22.3,67,62,64,30,2.2,1.0,N,AM,CRMN MANAUS,S103,-3.02249999,-60.05555555,-9999.0
1806,2017-09-28,00:00,0.0,999.5,999.6,998.9,0,27.0,24.1,27.2,26.7,24.2,23.8,85,81,84,28,0.0,0.0,N,AM,CRMN MANAUS,S103,-3.02249999,-60.05555555,-9999.0
1807,2017-09-28,04:00,0.0,1000.2,1001.2,1000.2,0,25.5,23.0,25.7,25.2,23.4,23.0,89,86,86,26,0.1,0.0,N,AM,CRMN MANAUS,S103,-3.02249999,-60.05555555,-9999.0
1808,2017-09-28,08:00,0.0,1000.5,1000.5,999.8,0,25.0,23.2,25.0,24.6,23.2,23.1,92,90,90,25,0.2,0.0,N,AM,CRMN MANAUS,S103,-3.02249999,-60.05555555,-9999.0
1809,2017-09-28,12:00,0.0,1003.4,1003.4,1002.9,0,28.2,24.2,28.2,27.1,24.6,23.5,82,79,79,25,1.6,0.0,N,AM,CRMN MANAUS,S103,-3.02249999,-60.05555555,-9999.0
1810,2017-09-28,16:00,3.0,1002.2,1003.1,1002.2,0,23.6,21.4,30.5,23.3,23.9,20.0,88,60,87,24,8.1,0.0,N,AM,CRMN MANAUS,S103,-3.02249999,-60.05555555,-9999.0
1811,2017-09-28,20:00,0.0,998.1,999.0,998.1,0,26.6,20.7,26.6,26.3,21.3,20.3,73,69,70,24,2.6,1.0,N,AM,CRMN MANAUS,S103,-3.02249999,-60.05555555,-9999.0
1812,2017-09-29,00:00,0.0,998.7,998.6,998.1,0,24.7,21.4,24.7,24.2,21.8,21.3,86,82,82,26,0.0,0.0,N,AM,CRMN MANAUS,S103,-3.02249999,-60.05555555,-9999.0
1813,2017-09-29,04:00,0.0,999.4,999.4,999.1,0,23.5,21.9,23.5,23.1,22.0,21.6,92,91,91,25,0.0,0.0,N,AM,CRMN MANAUS,S103,-3.02249999,-60.05555555,-9999.0
1814,2017-09-29,08:00,0.0,999.8,999.8,998.3,0,23.2,22.0,23.7,23.2,22.4,21.9,93,91,93,21,4.7,2.0,N,AM,CRMN MANAUS,S103,-3.02249999,-60.05555555,-9999.0
1815,2017-09-29,12:00,0.0,1003.4,1003.5,1001.7,0,22.6,20.9,23.5,22.6,22.4,20.8,94,89,90,20,5.0,2.0,N,AM,CRMN MANAUS,S103,-3.02249999,-60.05555555,-9999.0
1816,2017-09-29,16:00,0.0,1001.8,1003.1,1001.8,0,26.6,23.3,26.6,25.1,23.1,22.3,85,79,82,32,1.9,0.0,N,AM,CRMN MANAUS,S103,-3.02249999,-60.05555555,-9999.0
1817,2017-09-29,20:00,0.0,997.5,997.9,997.5,0,27.9,24.3,29.1,28.0,24.5,23.5,80,72,80,41,1.0,0.0,N,AM,CRMN MANAUS,S103,-3.02249999,-60.05555555,-9999.0
1818,2017-09-30,00:00,-9999.0,-9999.0,-9999.0,-9999.0,-9999,-9999.0,-9999.0,-9999.0,-9999.0,-9999.0,-9999.0,-9999,-9999,-9999,-9999,-9999.0,-9999.0,N,AM,CRMN MANAUS,S103,-3.02249999,-60.05555555,-9999.0
1819,2017-09-30,04:00,0.0,1000.5,1000.8,1000.4,0,25.3,23.9,25.8,25.3,24.1,23.9,92,90,92,30,0.0,0.0,N,AM,CRMN MANAUS,S103,-3.02249999,-60.05555555,-9999.0
1820,2017-09-30,08:00,0.0,999.2,999.3,999.1,0,24.8,23.7,24.8,24.6,23.8,23.6,94,94,94,30,0.0,0.0,N,AM,CRMN MANAUS,S103,-3.02249999,-60.05555555,-9999.0
1821,2017-09-30,12:00,-9999.0,-9999.0,-9999.0,-9999.0,-9999,-9999.0,-9999.0,-9999.0,-9999.0,-9999.0,-9999.0,-9999,-9999,-9999,-9999,-9999.0,-9999.0,N,AM,CRMN MANAUS,S103,-3.02249999,-60.05555555,-9999.0
1822,2017-09-30,16:00,0.0,1000.2,1001.3,1000.2,0,30.6,23.4,30.7,29.4,24.0,22.8,72,64,65,35,3.1,1.0,N,AM,CRMN MANAUS,S103,-3.02249999,-60.05555555,-9999.0
1823,2017-09-30,20:00,0.0,997.2,997.3,997.0,0,29.9,24.4,30.3,29.8,25.0,23.9,75,70,72,43,0.4,0.0,N,AM,CRMN MANAUS,S103,-3.02249999,-60.05555555,-9999.0
1824,2017-10-01,00:00,0.0,998.0,998.1,997.8,0,27.0,24.9,27.6,27.0,24.9,24.7,88,84,88,34,0.6,0.0,N,AM,CRMN MANAUS,S103,-3.02249999,-60.05555555,-9999.0
1825,2017-10-01,04:00,0.0,998.5,999.1,998.5,0,25.7,23.4,26.2,25.7,23.8,23.4,88,87,87,31,0.0,0.0,N,AM,CRMN MANAUS,S103,-3.02249999,-60.05555555,-9999.0
1826,2017-10-01,08:00,0.0,997.3,997.3,997.0,0,24.5,23.3,24.5,24.4,23.3,23.0,93,92,93,30,0.0,0.0,N,AM,CRMN MANAUS,S103,-3.02249999,-60.05555555,-9999.0
1827,2017-10-01,12:00,0.0,999.4,999.4,998.8,0,27.9,24.0,27.9,25.9,24.1,23.2,86,78,79,33,1.2,0.0,N,AM,CRMN MANAUS,S103,-3.02249999,-60.05555555,-9999.0
1828,2017-10-01,16:00,0.0,997.5,998.6,997.5,0,32.7,22.5,33.0,31.7,23.5,22.3,60,54,55,40,3.5,1.0,N,AM,CRMN MANAUS,S103,-3.02249999,-60.05555555,-9999.0
1829,2017-10-01,20:00,0.0,994.6,994.7,994.2,0,33.4,20.2,34.2,33.1,22.5,20.0,52,45,46,35,3.8,2.0,N,AM,CRMN MANAUS,S103,-3.02249999,-60.05555555,-9999.0
1830,2017-10-02,00:00,0.0,996.4,996.4,995.7,0,28.2,24.9,28.7,28.2,25.0,24.8,83,80,83,33,0.0,0.0,N,AM,CRMN MANAUS,S103,-3.02249999,-60.05555555,-9999.0
1831,2017-10-02,04:00,0.0,997.5,998.2,997.5,0,26.1,24.4,26.5,26.1,24.4,24.1,90,87,90,28,0.4,0.0,N,AM,CRMN MANAUS,S103,-3.02249999,-60.05555555,-9999.0
1832,2017-10-02,08:00,0.0,996.0,996.0,995.7,0,25.0,23.8,25.6,24.9,24.3,23.8,93,92,93,27,0.0,0.0,N,AM,CRMN MANAUS,S103,-3.02249999,-60.05555555,-9999.0
1833,2017-10-02,12:00,0.0,999.2,999.2,998.4,0,28.1,23.6,28.1,26.2,23.8,23.1,86,75,76,33,0.1,0.0,N,AM,CRMN MANAUS,S103,-3.02249999,-60.05555555,-9999.0
1834,2017-10-02,16:00,0.0,997.9,998.7,997.9,0,33.2,20.3,33.7,32.0,22.5,20.2,56,46,47,35,3.6,2.0,N,AM,CRMN MANAUS,S103,-3.02249999,-60.05555555,-9999.0
1835,2017-10-02,20:00,0.0,995.6,996.1,995.6,0,34.6,17.4,35.4,34.2,20.3,17.2,44,35,36,33,2.7,1.0,N,AM,CRMN MANAUS,S103,-3.02249999,-60.05555555,-9999.0
1836,2017-10-03,00:00,0.0,997.1,997.1,996.4,0,29.6,23.2,30.4,29.4,23.3,22.1,70,62,68,27,1.1,0.0,N,AM,CRMN MANAUS,S103,-3.02249999,-60.05555555,-9999.0
1837,2017-10-03,04:00,0.0,998.2,998.7,998.2,0,26.9,23.5,28.9,26.8,23.8,23.1,82,72,82,23,0.8,0.0,N,AM,CRMN MANAUS,S103,-3.02249999,-60.05555555,-9999.0
1838,2017-10-03,08:00,0.0,997.5,997.5,997.1,0,25.3,23.3,26.2,25.3,23.5,23.3,89,85,89,21,0.0,0.0,N,AM,CRMN MANAUS,S103,-3.02249999,-60.05555555,-9999.0
1839,2017-10-03,12:00,0.0,999.7,999.7,999.5,0,29.9,22.6,29.9,27.4,24.1,22.4,82,65,65,23,2.4,1.0,N,AM,CRMN MANAUS,S103,-3.02249999,-60.05555555,-9999.0
1840,2017-10-03,16:00,0.0,999.7,1000.4,999.7,0,33.6,20.9,34.2,33.4,22.0,20.3,50,45,47,27,4.8,3.0,N,AM,CRMN MANAUS,S103,-3.02249999,-60.05555555,-9999.0
1841,2017-10-03,20:00,0.0,996.2,996.6,996.1,0,33.3,21.1,33.6,33.2,21.5,20.6,50,47,49,21,2.8,1.0,N,AM,CRMN MANAUS,S103,-3.02249999,-60.05555555,-9999.0
1842,2017-10-04,00:00,0.0,999.7,999.7,998.4,0,26.8,21.5,27.5,26.8,21.5,21.1,73,69,73,13,5.4,3.0,N,AM,CRMN MANAUS,S103,-3.02249999,-60.05555555,-9999.0
1843,2017-10-04,04:00,0.0,1001.0,1001.5,1000.9,0,24.9,20.6,25.2,24.9,20.7,20.5,77,75,77,13,5.1,1.0,N,AM,CRMN MANAUS,S103,-3.02249999,-60.05555555,-9999.0
1844,2017-10-04,08:00,0.0,999.8,1000.0,999.7,0,24.1,21.2,24.1,23.9,21.2,20.9,84,83,84,13,3.1,0.0,N,AM,CRMN MANAUS,S103,-3.02249999,-60.05555555,-9999.0
1845,2017-10-04,12:00,0.0,1002.1,1002.1,1001.3,0,26.2,21.0,26.2,25.1,21.5,20.9,78,72,73,16,2.0,1.0,N,AM,CRMN MANAUS,S103,-3.02249999,-60.05555555,-9999.0
1846,2017-10-04,16:00,0.0,1000.1,1001.1,1000.1,0,31.6,20.8,32.0,30.8,21.2,20.2,56,52,53,20,4.5,2.0,N,AM,CRMN MANAUS,S103,-3.02249999,-60.05555555,-9999.0
1847,2017-10-04,20:00,0.0,996.9,997.3,996.9,0,33.1,22.3,33.4,32.7,22.4,20.9,53,49,53,18,2.4,1.0,N,AM,CRMN MANAUS,S103,-3.02249999,-60.05555555,-9999.0
1848,2017-10-05,00:00,0.0,998.9,998.9,998.5,0,30.0,22.3,30.4,30.0,22.6,22.2,64,62,63,15,1.2,0.0,N,AM,CRMN MANAUS,S103,-3.02249999,-60.05555555,-9999.0
1849,2017-10-05,04:00,0.0,999.7,1000.1,999.7,0,28.2,22.3,28.8,28.0,22.4,22.1,72,67,70,14,1.7,0.0,N,AM,CRMN MANAUS,S103,-3.02249999,-60.05555555,-9999.0
1850,2017-10-05,08:00,0.0,998.6,998.6,998.2,0,25.5,22.9,25.7,25.4,23.0,22.7,86,84,86,13,0.1,0.0,N,AM,CRMN MANAUS,S103,-3.02249999,-60.05555555,-9999.0
1851,2017-10-05,12:00,0.0,1001.5,1001.5,1001.0,0,27.8,23.6,28.0,26.3,23.8,23.1,83,77,78,18,1.3,0.0,N,AM,CRMN MANAUS,S103,-3.02249999,-60.05555555,-9999.0
1852,2017-10-05,16:00,0.0,1000.2,1001.3,1000.1,0,33.6,21.0,34.1,32.7,22.0,20.8,53,46,48,18,3.9,2.0,N,AM,CRMN MANAUS,S103,-3.02249999,-60.05555555,-9999.0
1853,2017-10-05,20:00,0.0,996.6,996.9,996.4,0,33.0,20.9,34.1,33.1,22.2,20.8,52,46,49,14,3.3,1.0,N,AM,CRMN MANAUS,S103,-3.02249999,-60.05555555,-9999.0
1854,2017-10-06,00:00,0.0,999.1,999.1,998.5,0,26.2,22.2,27.1,26.1,22.3,22.2,79,75,79,10,1.5,1.0,N,AM,CRMN MANAUS,S103,-3.02249999,-60.05555555,-9999.0
1855,2017-10-06,04:00,0.0,1001.2,1001.6,1001.1,0,24.4,22.6,24.8,24.4,22.5,21.6,90,84,90,12,0.1,0.0,N,AM,CRMN MANAUS,S103,-3.02249999,-60.05555555,-9999.0
1856,2017-10-06,08:00,0.0,1001.3,1001.6,1000.1,0,23.3,21.8,24.1,23.3,22.8,21.8,93,90,91,10,4.1,2.0,N,AM,CRMN MANAUS,S103,-3.02249999,-60.05555555,-9999.0
1857,2017-10-06,12:00,0.0,1003.4,1003.5,1002.9,0,23.0,21.5,23.0,22.7,21.5,21.3,92,91,92,11,2.0,1.0,N,AM,CRMN MANAUS,S103,-3.02249999,-60.05555555,-9999.0
1858,2017-10-06,16:00,0.0,1003.5,1004.4,1003.5,0,27.1,23.6,27.0,25.6,23.4,22.1,83,78,81,16,1.5,0.0,N,AM,CRMN MANAUS,S103,-3.02249999,-60.05555555,-9999.0
1859,2017-10-06,20:00,0.0,999.9,1000.8,999.9,0,29.6,22.1,29.8,29.4,22.7,21.7,66,63,64,15,1.9,1.0,N,AM,CRMN MANAUS,S103,-3.02249999,-60.05555555,-9999.0
1860,2017-10-07,00:00,0.0,1001.5,1001.5,1000.5,0,26.1,23.5,27.2,26.2,23.5,22.4,85,76,86,16,0.6,0.0,N,AM,CRMN MANAUS,S103,-3.02249999,-60.05555555,-9999.0
1861,2017-10-07,04:00,0.0,1003.1,1003.2,1003.0,0,25.2,23.4,25.4,25.2,23.9,23.4,92,90,90,12,2.3,2.0,N,AM,CRMN MANAUS,S103,-3.02249999,-60.05555555,-9999.0
1862,2017-10-07,08:00,0.0,1002.5,1002.5,1001.7,0,23.9,22.3,24.1,23.9,22.6,22.3,91,91,91,12,3.8,2.0,N,AM,CRMN MANAUS,S103,-3.02249999,-60.05555555,-9999.0
1863,2017-10-07,12:00,0.0,1004.1,1004.1,1003.5,0,22.4,21.2,22.4,22.0,21.4,20.9,94,93,93,15,1.9,0.0,N,AM,CRMN MANAUS,S103,-3.02249999,-60.05555555,-9999.0
1864,2017-10-07,16:00,0.0,1003.7,1004.3,1003.7,0,28.9,22.3,29.0,27.3,23.1,21.8,76,68,67,22,1.9,1.0,N,AM,CRMN MANAUS,S103,-3.02249999,-60.05555555,-9999.0
1865,2017-10-07,20:00,0.0,999.9,1000.8,999.9,0,28.1,24.5,28.0,26.3,24.9,24.2,90,81,81,18,2.5,1.0,N,AM,CRMN MANAUS,S103,-3.02249999,-60.05555555,-9999.0
1866,2017-10-08,00:00,0.0,1001.9,1002.0,1001.4,0,24.7,22.0,24.9,24.7,22.2,21.9,86,83,85,15,1.9,0.0,N,AM,CRMN MANAUS,S103,-3.02249999,-60.05555555,-9999.0
1867,2017-10-08,04:00,0.0,1003.4,1003.6,1003.4,0,23.5,22.1,24.0,23.5,22.2,22.0,92,90,92,17,0.2,0.0,N,AM,CRMN MANAUS,S103,-3.02249999,-60.05555555,-9999.0
1868,2017-10-08,08:00,0.0,1002.2,1002.3,1002.1,0,23.0,21.8,23.2,23.0,22.0,21.8,93,93,93,17,0.3,0.0,N,AM,CRMN MANAUS,S103,-3.02249999,-60.05555555,-9999.0
1869,2017-10-08,12:00,0.0,1004.7,1004.8,1003.9,0,25.1,22.7,25.1,23.4,22.9,22.1,92,87,86,19,1.3,0.0,N,AM,CRMN MANAUS,S103,-3.02249999,-60.05555555,-9999.0
1870,2017-10-08,16:00,0.0,1005.7,1005.7,1004.8,0,23.8,21.0,28.7,23.9,22.7,20.9,84,67,84,18,4.8,3.0,N,AM,CRMN MANAUS,S103,-3.02249999,-60.05555555,-9999.0
1871,2017-10-08,20:00,0.0,1000.9,1001.7,1000.9,0,22.6,21.0,22.5,22.0,21.1,20.7,93,91,91,18,3.0,0.0,N,AM,CRMN MANAUS,S103,-3.02249999,-60.05555555,-9999.0
1872,2017-10-09,00:00,0.0,1000.6,1000.7,999.8,0,21.8,20.7,22.0,21.8,20.8,20.7,94,93,94,15,2.5,1.0,N,AM,CRMN MANAUS,S103,-3.02249999,-60.05555555,-9999.0
1873,2017-10-09,04:00,0.0,1002.3,1002.6,1002.3,0,21.6,20.4,21.7,21.5,20.5,20.4,94,93,93,19,0.6,0.0,N,AM,CRMN MANAUS,S103,-3.02249999,-60.05555555,-9999.0
1874,2017-10-09,08:00,1.0,1001.0,1001.2,1001.0,0,21.2,20.3,21.4,21.2,20.5,20.3,95,94,95,20,0.0,0.0,N,AM,CRMN MANAUS,S103,-3.02249999,-60.05555555,-9999.0
1875,2017-10-09,12:00,1.0,1003.2,1003.2,1002.5,0,24.5,22.5,24.4,21.5,23.0,20.7,95,89,89,25,1.2,0.0,N,AM,CRMN MANAUS,S103,-3.02249999,-60.05555555,-9999.0
1876,2017-10-09,16:00,1.0,1001.6,1002.7,1001.6,0,30.4,21.3,30.6,29.3,22.3,20.0,65,54,59,33,2.5,1.0,N,AM,CRMN MANAUS,S103,-3.02249999,-60.05555555,-9999.0
1877,2017-10-09,20:00,1.0,998.1,998.5,998.1,0,31.0,22.7,31.9,31.0,23.2,22.2,62,58,62,27,3.6,1.0,N,AM,CRMN MANAUS,S103,-3.02249999,-60.05555555,-9999.0
1878,2017-10-10,00:00,0.0,998.5,998.5,997.9,0,28.4,22.2,28.8,27.8,22.4,21.8,72,66,69,24,1.4,0.0,N,AM,CRMN MANAUS,S103,-3.02249999,-60.05555555,-9999.0
1879,2017-10-10,04:00,1.0,999.8,1000.2,999.9,0,26.8,22.4,27.3,26.8,22.5,22.4,77,75,77,21,2.3,0.0,N,AM,CRMN MANAUS,S103,-3.02249999,-60.05555555,-9999.0
1880,2017-10-10,08:00,0.0,999.0,999.0,998.6,0,24.3,22.7,24.7,24.3,22.7,22.6,90,88,90,21,0.1,0.0,N,AM,CRMN MANAUS,S103,-3.02249999,-60.05555555,-9999.0
1881,2017-10-10,12:00,1.0,1001.3,1001.3,1000.9,0,29.0,22.6,29.0,26.4,23.2,22.6,82,68,69,21,2.6,1.0,N,AM,CRMN MANAUS,S103,-3.02249999,-60.05555555,-9999.0
1882,2017-10-10,16:00,0.0,1000.5,1001.5,1000.5,0,32.6,22.5,32.9,31.6,22.6,21.4,57,52,55,24,4.6,2.0,N,AM,CRMN MANAUS,S103,-3.02249999,-60.05555555,-9999.0
1883,2017-10-10,20:00,0.0,997.8,997.7,996.5,0,27.1,21.3,30.2,27.4,26.3,21.4,84,64,71,20,6.8,4.0,N,AM,CRMN MANAUS,S103,-3.02249999,-60.05555555,-9999.0
1884,2017-10-11,00:00,0.0,999.1,999.1,998.5,0,23.8,21.1,23.8,23.5,21.4,21.0,88,85,85,19,2.3,0.0,N,AM,CRMN MANAUS,S103,-3.02249999,-60.05555555,-9999.0
1885,2017-10-11,04:00,0.0,999.7,1000.0,999.7,0,22.9,21.2,23.7,22.9,21.4,21.1,91,86,91,20,0.2,0.0,N,AM,CRMN MANAUS,S103,-3.02249999,-60.05555555,-9999.0
1886,2017-10-11,08:00,0.0,998.8,998.8,998.4,0,22.4,20.8,23.2,22.4,21.1,20.7,91,88,91,21,0.4,0.0,N,AM,CRMN MANAUS,S103,-3.02249999,-60.05555555,-9999.0
1887,2017-10-11,12:00,0.0,1000.6,1000.7,1000.5,0,27.0,21.3,27.2,23.9,22.9,21.3,87,71,71,23,1.2,0.0,N,AM,CRMN MANAUS,S103,-3.02249999,-60.05555555,-9999.0
1888,2017-10-11,16:00,0.0,999.2,1000.3,999.1,0,32.4,22.1,32.5,31.5,23.1,22.1,60,55,55,28,5.0,3.0,N,AM,CRMN MANAUS,S103,-3.02249999,-60.05555555,-9999.0
1889,2017-10-11,20:00,0.0,995.6,996.1,995.5,0,29.5,23.3,29.6,27.6,24.4,21.9,79,64,69,25,1.4,1.0,N,AM,CRMN MANAUS,S103,-3.02249999,-60.05555555,-9999.0
1890,2017-10-12,00:00,0.0,997.6,997.6,997.1,0,27.7,23.9,28.0,27.7,24.4,23.7,82,78,80,27,0.3,0.0,N,AM,CRMN MANAUS,S103,-3.02249999,-60.05555555,-9999.0
1891,2017-10-12,04:00,0.0,998.7,999.4,998.8,0,26.4,22.5,26.8,26.2,23.4,22.6,82,80,79,25,0.1,0.0,N,AM,CRMN MANAUS,S103,-3.02249999,-60.05555555,-9999.0
1892,2017-10-12,08:00,0.0,997.7,997.7,997.5,0,25.2,22.0,25.5,25.2,22.1,21.9,83,81,83,24,0.0,0.0,N,AM,CRMN MANAUS,S103,-3.02249999,-60.05555555,-9999.0
1893,2017-10-12,12:00,0.0,1000.6,1000.6,999.5,0,29.2,22.7,29.1,27.3,23.1,22.2,75,68,68,26,1.7,0.0,N,AM,CRMN MANAUS,S103,-3.02249999,-60.05555555,-9999.0
1894,2017-10-12,16:00,0.0,998.9,1000.0,998.9,0,33.6,23.1,33.9,32.4,22.8,21.5,54,49,54,28,3.9,2.0,N,AM,CRMN MANAUS,S103,-3.02249999,-60.05555555,-9999.0
1895,2017-10-12,20:00,0.0,995.3,995.6,995.0,0,29.7,22.9,29.7,28.7,24.9,22.6,79,67,67,22,4.0,1.0,N,AM,CRMN MANAUS,S103,-3.02249999,-60.05555555,-9999.0
1896,2017-10-13,00:00,0.0,998.2,998.2,996.9,0,26.3,22.8,26.7,26.0,22.9,22.6,83,79,81,19,1.2,0.0,N,AM,CRMN MANAUS,S103,-3.02249999,-60.05555555,-9999.0
1897,2017-10-13,04:00,0.0,998.9,999.7,998.9,0,25.3,23.1,25.7,25.0,23.2,23.0,89,85,88,19,0.8,0.0,N,AM,CRMN MANAUS,S103,-3.02249999,-60.05555555,-9999.0
1898,2017-10-13,08:00,0.0,998.8,998.8,997.9,0,24.9,23.2,24.9,24.7,23.2,23.0,91,90,90,19,1.4,0.0,N,AM,CRMN MANAUS,S103,-3.02249999,-60.05555555,-9999.0
1899,2017-10-13,12:00,0.0,1001.9,1001.9,1000.8,0,26.1,23.6,26.2,25.9,23.8,23.4,88,85,86,17,3.3,2.0,N,AM,CRMN MANAUS,S103,-3.02249999,-60.05555555,-9999.0
1900,2017-10-13,16:00,1.0,1000.9,1002.3,1000.9,0,28.1,23.5,28.5,26.9,23.7,22.5,80,73,76,23,4.6,3.0,N,AM,CRMN MANAUS,S103,-3.02249999,-60.05555555,-9999.0
1901,2017-10-13,20:00,1.0,996.5,997.3,996.6,0,30.1,22.2,30.7,29.7,23.4,22.1,68,61,63,33,1.9,0.0,N,AM,CRMN MANAUS,S103,-3.02249999,-60.05555555,-9999.0
1902,2017-10-14,00:00,1.0,998.4,998.4,997.7,0,26.9,23.5,27.6,26.8,23.6,22.8,82,76,82,23,0.6,0.0,N,AM,CRMN MANAUS,S103,-3.02249999,-60.05555555,-9999.0
1903,2017-10-14,04:00,1.0,999.4,999.8,999.3,0,25.6,23.4,26.1,25.6,23.6,23.1,88,85,88,22,0.1,0.0,N,AM,CRMN MANAUS,S103,-3.02249999,-60.05555555,-9999.0
1904,2017-10-14,08:00,1.0,998.5,998.8,998.5,0,25.1,23.7,25.0,24.8,23.7,23.4,93,92,92,17,2.2,1.0,N,AM,CRMN MANAUS,S103,-3.02249999,-60.05555555,-9999.0
1905,2017-10-14,12:00,0.0,1002.2,1002.2,1001.7,0,23.2,21.7,23.2,23.1,21.7,21.4,91,90,91,16,3.3,2.0,N,AM,CRMN MANAUS,S103,-3.02249999,-60.05555555,-9999.0
1906,2017-10-14,16:00,0.0,1001.8,1002.5,1001.9,0,25.8,22.6,26.1,25.3,23.1,22.5,86,82,83,24,1.3,0.0,N,AM,CRMN MANAUS,S103,-3.02249999,-60.05555555,-9999.0
1907,2017-10-14,20:00,0.0,997.6,998.1,997.6,0,27.9,23.6,28.1,27.7,23.6,22.6,78,73,78,24,1.7,0.0,N,AM,CRMN MANAUS,S103,-3.02249999,-60.05555555,-9999.0
1908,2017-10-15,00:00,0.0,1000.1,1000.1,999.1,0,25.4,23.0,25.5,25.3,23.5,23.0,89,86,86,26,0.5,0.0,N,AM,CRMN MANAUS,S103,-3.02249999,-60.05555555,-9999.0
1909,2017-10-15,04:00,0.0,1000.5,1001.3,1000.5,0,24.7,23.6,24.8,24.6,23.6,23.3,93,92,93,21,1.8,1.0,N,AM,CRMN MANAUS,S103,-3.02249999,-60.05555555,-9999.0
1910,2017-10-15,08:00,0.0,999.7,999.9,999.7,0,24.1,23.0,24.2,24.1,23.1,23.0,94,93,93,19,2.1,0.0,N,AM,CRMN MANAUS,S103,-3.02249999,-60.05555555,-9999.0
1911,2017-10-15,12:00,-9999.0,-9999.0,-9999.0,-9999.0,-9999,-9999.0,-9999.0,-9999.0,-9999.0,-9999.0,-9999.0,-9999,-9999,-9999,-9999,-9999.0,-9999.0,N,AM,CRMN MANAUS,S103,-3.02249999,-60.05555555,-9999.0
1912,2017-10-15,16:00,0.0,1002.5,1003.2,1002.5,0,27.4,22.0,27.6,26.0,23.3,21.7,84,72,72,29,1.6,0.0,N,AM,CRMN MANAUS,S103,-3.02249999,-60.05555555,-9999.0
1913,2017-10-15,20:00,0.0,998.8,999.3,998.8,0,31.3,23.7,31.2,30.1,24.3,23.4,69,64,64,48,1.5,0.0,N,AM,CRMN MANAUS,S103,-3.02249999,-60.05555555,-9999.0
1914,2017-10-16,00:00,0.0,1000.8,1000.9,1000.3,0,26.8,23.9,28.1,26.8,24.0,23.5,85,76,84,32,1.2,0.0,N,AM,CRMN MANAUS,S103,-3.02249999,-60.05555555,-9999.0
1915,2017-10-16,04:00,0.0,1001.9,1002.2,1001.9,0,25.6,23.9,25.7,25.5,23.9,23.6,90,89,90,30,0.4,0.0,N,AM,CRMN MANAUS,S103,-3.02249999,-60.05555555,-9999.0
1916,2017-10-16,08:00,0.0,1000.6,1000.7,1000.5,0,25.3,24.0,25.4,25.3,24.1,23.9,93,92,92,28,0.6,0.0,N,AM,CRMN MANAUS,S103,-3.02249999,-60.05555555,-9999.0
1917,2017-10-16,12:00,0.0,1004.6,1004.5,1003.2,0,26.7,22.9,26.7,25.5,24.0,22.9,90,80,80,24,3.4,2.0,N,AM,CRMN MANAUS,S103,-3.02249999,-60.05555555,-9999.0
1918,2017-10-16,16:00,0.0,1003.4,1004.4,1003.4,0,29.3,22.6,29.9,28.8,23.3,22.0,72,65,68,32,2.4,1.0,N,AM,CRMN MANAUS,S103,-3.02249999,-60.05555555,-9999.0
1919,2017-10-16,20:00,0.0,999.1,999.5,999.1,0,30.5,22.9,30.6,30.0,23.5,22.6,68,63,64,37,2.0,0.0,N,AM,CRMN MANAUS,S103,-3.02249999,-60.05555555,-9999.0
1920,2017-10-17,00:00,0.0,1001.2,1001.3,1000.3,0,26.5,24.0,27.5,26.5,24.0,23.7,86,80,86,31,1.4,0.0,N,AM,CRMN MANAUS,S103,-3.02249999,-60.05555555,-9999.0
1921,2017-10-17,04:00,0.0,1001.7,1002.5,1001.7,0,25.6,24.0,26.0,25.4,24.0,23.7,91,88,91,28,0.0,0.0,N,AM,CRMN MANAUS,S103,-3.02249999,-60.05555555,-9999.0
1922,2017-10-17,08:00,0.0,1000.8,1000.9,1000.6,0,24.6,23.3,24.9,24.5,23.5,23.2,93,92,92,26,0.0,0.0,N,AM,CRMN MANAUS,S103,-3.02249999,-60.05555555,-9999.0
1923,2017-10-17,12:00,0.0,1004.2,1004.2,1003.2,0,28.6,23.9,28.5,25.7,24.6,23.8,90,77,76,34,0.0,0.0,N,AM,CRMN MANAUS,S103,-3.02249999,-60.05555555,-9999.0
1924,2017-10-17,16:00,0.0,1002.8,1004.4,1002.8,0,25.3,22.5,25.3,23.8,23.2,22.3,92,85,84,26,3.8,0.0,N,AM,CRMN MANAUS,S103,-3.02249999,-60.05555555,-9999.0
1925,2017-10-17,20:00,0.0,998.5,999.3,998.5,0,32.3,21.3,32.3,31.4,23.0,20.5,60,51,52,36,1.9,1.0,N,AM,CRMN MANAUS,S103,-3.02249999,-60.05555555,-9999.0
1926,2017-10-18,00:00,0.0,1000.5,1000.5,999.4,0,26.8,23.9,27.5,26.7,24.0,23.4,84,80,84,31,0.5,0.0,N,AM,CRMN MANAUS,S103,-3.02249999,-60.05555555,-9999.0
1927,2017-10-18,04:00,0.0,1001.5,1002.0,1001.5,0,25.2,23.3,26.5,25.2,24.4,23.3,89,88,89,27,1.3,0.0,N,AM,CRMN MANAUS,S103,-3.02249999,-60.05555555,-9999.0
1928,2017-10-18,08:00,0.0,1000.9,1001.2,1000.6,0,25.3,23.4,25.5,25.2,23.4,23.1,89,88,89,28,0.2,0.0,N,AM,CRMN MANAUS,S103,-3.02249999,-60.05555555,-9999.0
1929,2017-10-18,12:00,0.0,1003.8,1003.8,1003.0,0,23.6,21.7,24.3,23.6,22.6,21.3,91,86,89,21,4.5,1.0,N,AM,CRMN MANAUS,S103,-3.02249999,-60.05555555,-9999.0
1930,2017-10-18,16:00,0.0,1002.3,1003.5,1002.3,0,29.9,22.8,30.2,28.2,23.2,22.1,71,65,66,35,3.2,0.0,N,AM,CRMN MANAUS,S103,-3.02249999,-60.05555555,-9999.0
1931,2017-10-18,20:00,0.0,998.1,998.7,998.1,0,31.5,22.6,32.7,31.5,23.1,22.2,61,56,60,35,2.6,0.0,N,AM,CRMN MANAUS,S103,-3.02249999,-60.05555555,-9999.0
1932,2017-10-19,00:00,0.0,999.6,999.6,998.8,0,29.3,23.6,29.6,29.1,23.9,23.5,73,70,72,27,1.8,0.0,N,AM,CRMN MANAUS,S103,-3.02249999,-60.05555555,-9999.0
1933,2017-10-19,04:00,0.0,1000.8,1001.1,1000.7,0,26.1,24.1,27.0,26.1,24.4,24.1,89,85,89,28,0.7,0.0,N,AM,CRMN MANAUS,S103,-3.02249999,-60.05555555,-9999.0
1934,2017-10-19,08:00,0.0,999.5,999.9,999.4,0,25.6,23.5,26.1,25.6,23.8,23.1,89,85,88,27,0.1,0.0,N,AM,CRMN MANAUS,S103,-3.02249999,-60.05555555,-9999.0
1935,2017-10-19,12:00,0.0,1002.1,1002.1,1001.3,0,28.2,23.6,28.3,26.7,23.9,23.2,82,76,76,27,2.3,0.0,N,AM,CRMN MANAUS,S103,-3.02249999,-60.05555555,-9999.0
1936,2017-10-19,16:00,0.0,1000.1,1001.2,1000.1,0,33.2,21.9,33.5,32.1,23.4,21.4,59,50,52,31,4.2,3.0,N,AM,CRMN MANAUS,S103,-3.02249999,-60.05555555,-9999.0
1937,2017-10-19,20:00,0.0,997.0,997.1,996.9,0,28.9,23.1,34.0,28.8,24.0,21.4,70,51,71,25,6.4,0.0,N,AM,CRMN MANAUS,S103,-3.02249999,-60.05555555,-9999.0
1938,2017-10-20,00:00,0.0,998.6,998.5,997.9,0,29.3,23.7,30.3,29.2,24.0,23.4,73,67,72,23,1.2,0.0,N,AM,CRMN MANAUS,S103,-3.02249999,-60.05555555,-9999.0
1939,2017-10-20,04:00,0.0,999.3,999.7,999.2,0,27.6,23.2,28.4,27.7,23.2,22.7,76,71,77,26,1.9,0.0,N,AM,CRMN MANAUS,S103,-3.02249999,-60.05555555,-9999.0
1940,2017-10-20,08:00,0.0,999.1,999.2,998.8,0,25.9,23.5,25.9,25.4,23.8,23.3,90,86,87,24,0.0,0.0,N,AM,CRMN MANAUS,S103,-3.02249999,-60.05555555,-9999.0
1941,2017-10-20,12:00,0.0,1001.7,1001.7,1001.1,0,27.2,23.3,27.2,25.0,23.5,21.8,85,80,79,21,1.7,1.0,N,AM,CRMN MANAUS,S103,-3.02249999,-60.05555555,-9999.0
1942,2017-10-20,16:00,0.0,999.7,1000.9,999.7,0,33.2,22.2,33.7,32.4,22.8,21.3,55,50,52,29,6.2,2.0,N,AM,CRMN MANAUS,S103,-3.02249999,-60.05555555,-9999.0
1943,2017-10-20,20:00,0.0,995.5,996.0,995.5,0,34.0,21.2,34.3,33.1,21.7,20.7,51,45,47,24,5.0,2.0,N,AM,CRMN MANAUS,S103,-3.02249999,-60.05555555,-9999.0
1944,2017-10-21,00:00,0.0,997.2,997.1,996.2,0,30.2,22.8,30.8,30.2,22.8,22.4,65,61,65,19,2.3,1.0,N,AM,CRMN MANAUS,S103,-3.02249999,-60.05555555,-9999.0
1945,2017-10-21,04:00,0.0,998.9,999.7,998.9,0,27.9,22.2,28.6,27.9,22.2,22.0,71,68,71,16,1.8,1.0,N,AM,CRMN MANAUS,S103,-3.02249999,-60.05555555,-9999.0
1946,2017-10-21,08:00,0.0,998.0,998.0,997.9,0,26.3,22.3,26.6,26.1,22.4,22.3,80,77,79,15,1.3,0.0,N,AM,CRMN MANAUS,S103,-3.02249999,-60.05555555,-9999.0
1947,2017-10-21,12:00,0.0,1000.2,1000.2,999.8,0,29.8,22.1,29.8,28.1,22.2,21.7,70,63,63,18,4.5,2.0,N,AM,CRMN MANAUS,S103,-3.02249999,-60.05555555,-9999.0
1948,2017-10-21,16:00,0.0,999.5,1000.3,999.5,0,33.1,20.3,33.5,32.4,21.5,19.9,51,46,47,21,5.8,4.0,N,AM,CRMN MANAUS,S103,-3.02249999,-60.05555555,-9999.0
1949,2017-10-21,20:00,0.0,997.5,997.6,997.2,0,32.6,20.7,34.1,32.6,21.0,19.8,50,44,50,15,4.6,2.0,N,AM,CRMN MANAUS,S103,-3.02249999,-60.05555555,-9999.0
1950,2017-10-22,00:00,0.0,999.6,999.7,999.4,0,29.6,21.7,30.3,29.6,22.0,21.7,63,61,62,13,1.5,1.0,N,AM,CRMN MANAUS,S103,-3.02249999,-60.05555555,-9999.0
1951,2017-10-22,04:00,0.0,1000.0,1000.6,1000.0,0,28.0,23.0,28.3,27.9,23.1,22.8,75,72,74,13,1.4,0.0,N,AM,CRMN MANAUS,S103,-3.02249999,-60.05555555,-9999.0
1952,2017-10-22,08:00,0.0,999.6,999.7,999.3,0,25.9,22.2,26.9,25.9,22.8,22.2,82,75,80,14,0.1,0.0,N,AM,CRMN MANAUS,S103,-3.02249999,-60.05555555,-9999.0
1953,2017-10-22,12:00,0.0,1002.6,1002.6,1001.9,0,28.2,22.9,28.2,27.3,23.1,22.7,77,74,73,17,1.5,0.0,N,AM,CRMN MANAUS,S103,-3.02249999,-60.05555555,-9999.0
1954,2017-10-22,16:00,0.0,1001.4,1002.0,1001.3,0,33.1,22.6,33.4,32.0,22.6,21.1,56,49,54,17,3.4,2.0,N,AM,CRMN MANAUS,S103,-3.02249999,-60.05555555,-9999.0
1955,2017-10-22,20:00,0.0,998.1,998.1,997.9,0,32.5,21.9,33.9,32.1,22.0,20.8,55,46,54,12,2.5,2.0,N,AM,CRMN MANAUS,S103,-3.02249999,-60.05555555,-9999.0
1956,2017-10-23,00:00,0.0,999.1,999.1,998.5,0,30.1,22.3,30.8,30.1,22.4,22.0,63,60,63,13,1.8,0.0,N,AM,CRMN MANAUS,S103,-3.02249999,-60.05555555,-9999.0
1957,2017-10-23,04:00,0.0,1000.1,1000.8,1000.1,0,27.2,23.6,27.8,27.3,23.6,23.5,80,78,80,12,0.0,0.0,N,AM,CRMN MANAUS,S103,-3.02249999,-60.05555555,-9999.0
1958,2017-10-23,08:00,0.0,999.2,999.4,999.2,0,26.3,23.1,26.7,26.1,23.3,22.6,85,78,83,12,0.7,0.0,N,AM,CRMN MANAUS,S103,-3.02249999,-60.05555555,-9999.0
1959,2017-10-23,12:00,0.0,1001.6,1001.6,1001.1,0,30.2,22.7,30.3,27.8,24.3,22.7,79,64,64,16,1.5,0.0,N,AM,CRMN MANAUS,S103,-3.02249999,-60.05555555,-9999.0
1960,2017-10-23,16:00,0.0,999.7,1000.8,999.7,0,33.6,21.7,33.6,32.9,22.0,21.0,52,49,50,15,3.8,2.0,N,AM,CRMN MANAUS,S103,-3.02249999,-60.05555555,-9999.0
1961,2017-10-23,20:00,0.0,996.5,997.4,996.5,0,28.1,22.7,29.1,27.2,22.7,20.2,76,59,72,9,5.4,2.0,N,AM,CRMN MANAUS,S103,-3.02249999,-60.05555555,-9999.0
1962,2017-10-24,00:00,0.0,999.6,999.6,999.0,0,26.3,22.7,26.9,26.1,23.0,22.5,82,77,80,11,1.0,0.0,N,AM,CRMN MANAUS,S103,-3.02249999,-60.05555555,-9999.0
1963,2017-10-24,04:00,0.0,1000.7,1001.2,1000.7,0,26.0,22.6,26.4,26.0,23.4,22.6,83,81,81,10,2.9,0.0,N,AM,CRMN MANAUS,S103,-3.02249999,-60.05555555,-9999.0
1964,2017-10-24,08:00,0.0,999.5,999.6,999.0,0,23.4,20.7,25.6,23.4,22.8,20.7,85,80,85,9,3.8,2.0,N,AM,CRMN MANAUS,S103,-3.02249999,-60.05555555,-9999.0
1965,2017-10-24,12:00,0.0,1002.7,1002.8,1002.3,0,24.6,20.7,24.6,23.4,20.8,19.8,85,77,79,13,1.4,0.0,N,AM,CRMN MANAUS,S103,-3.02249999,-60.05555555,-9999.0
1966,2017-10-24,16:00,0.0,1001.9,1002.7,1001.8,0,25.4,21.4,26.3,25.3,21.8,21.1,79,75,79,11,2.9,1.0,N,AM,CRMN MANAUS,S103,-3.02249999,-60.05555555,-9999.0
1967,2017-10-24,20:00,0.0,999.0,999.3,999.0,0,26.9,21.5,27.3,26.8,21.9,20.9,75,69,72,12,1.9,1.0,N,AM,CRMN MANAUS,S103,-3.02249999,-60.05555555,-9999.0
1968,2017-10-25,00:00,0.0,999.7,999.7,999.2,0,24.6,22.0,25.0,24.6,22.1,22.0,86,84,85,12,1.0,0.0,N,AM,CRMN MANAUS,S103,-3.02249999,-60.05555555,-9999.0
1969,2017-10-25,04:00,0.0,1000.8,1001.2,1000.8,0,24.3,22.7,24.3,24.2,22.7,22.5,91,90,91,13,0.9,0.0,N,AM,CRMN MANAUS,S103,-3.02249999,-60.05555555,-9999.0
1970,2017-10-25,08:00,0.0,999.9,999.9,999.6,0,23.7,22.5,24.1,23.7,22.8,22.5,93,92,93,13,0.9,0.0,N,AM,CRMN MANAUS,S103,-3.02249999,-60.05555555,-9999.0
1971,2017-10-25,12:00,0.0,1002.9,1002.9,1002.4,0,25.8,23.3,25.9,24.7,23.6,22.8,91,86,86,16,1.3,0.0,N,AM,CRMN MANAUS,S103,-3.02249999,-60.05555555,-9999.0
1972,2017-10-25,16:00,0.0,1001.4,1002.5,1001.4,0,29.5,23.0,30.6,29.3,23.4,22.2,70,62,68,19,2.3,1.0,N,AM,CRMN MANAUS,S103,-3.02249999,-60.05555555,-9999.0
1973,2017-10-25,20:00,0.0,998.1,998.6,998.2,0,30.7,24.0,31.0,29.9,24.0,22.8,69,65,67,17,3.4,2.0,N,AM,CRMN MANAUS,S103,-3.02249999,-60.05555555,-9999.0
1974,2017-10-26,00:00,0.0,999.4,999.4,998.2,0,27.5,24.1,28.1,27.4,24.1,23.4,82,77,82,16,0.2,0.0,N,AM,CRMN MANAUS,S103,-3.02249999,-60.05555555,-9999.0
1975,2017-10-26,04:00,0.0,999.9,999.9,999.7,0,26.2,23.3,26.3,26.0,23.7,23.3,86,84,84,16,0.5,0.0,N,AM,CRMN MANAUS,S103,-3.02249999,-60.05555555,-9999.0
1976,2017-10-26,08:00,0.0,999.6,999.6,999.2,0,24.7,22.8,25.1,24.7,23.0,22.8,89,88,89,16,0.9,0.0,N,AM,CRMN MANAUS,S103,-3.02249999,-60.05555555,-9999.0
1977,2017-10-26,12:00,0.0,1002.2,1002.2,1001.4,0,27.7,24.0,27.9,26.1,24.2,23.0,84,80,80,17,2.1,1.0,N,AM,CRMN MANAUS,S103,-3.02249999,-60.05555555,-9999.0
1978,2017-10-26,16:00,0.0,1002.4,1003.2,1002.2,0,22.9,21.3,28.7,22.6,22.5,20.4,92,69,91,11,6.5,2.0,N,AM,CRMN MANAUS,S103,-3.02249999,-60.05555555,-9999.0
1979,2017-10-26,20:00,0.0,998.3,998.9,998.2,0,22.7,21.5,22.7,22.4,21.5,21.0,93,92,93,15,1.3,0.0,N,AM,CRMN MANAUS,S103,-3.02249999,-60.05555555,-9999.0
1980,2017-10-27,00:00,0.0,999.7,999.6,998.9,0,22.9,21.7,23.0,22.9,21.8,21.7,93,93,93,17,0.8,0.0,N,AM,CRMN MANAUS,S103,-3.02249999,-60.05555555,-9999.0
1981,2017-10-27,04:00,0.0,1000.6,1001.3,1000.6,0,22.6,21.5,23.0,22.5,21.7,21.4,94,92,94,19,0.8,0.0,N,AM,CRMN MANAUS,S103,-3.02249999,-60.05555555,-9999.0
1982,2017-10-27,08:00,0.0,999.4,999.4,999.3,0,21.7,20.7,22.3,21.7,21.2,20.7,94,94,94,17,0.9,0.0,N,AM,CRMN MANAUS,S103,-3.02249999,-60.05555555,-9999.0
1983,2017-10-27,12:00,0.0,1002.3,1002.3,1001.2,0,25.0,23.1,25.0,22.8,23.2,21.8,95,89,89,24,1.1,0.0,N,AM,CRMN MANAUS,S103,-3.02249999,-60.05555555,-9999.0
1984,2017-10-27,16:00,0.0,1000.3,1001.3,1000.4,0,30.3,22.7,30.6,29.7,23.8,22.5,70,64,64,27,4.3,3.0,N,AM,CRMN MANAUS,S103,-3.02249999,-60.05555555,-9999.0
1985,2017-10-27,20:00,0.0,997.9,998.2,997.9,0,31.1,22.4,31.8,31.0,22.8,21.6,60,55,60,28,3.7,2.0,N,AM,CRMN MANAUS,S103,-3.02249999,-60.05555555,-9999.0
1986,2017-10-28,00:00,0.0,998.6,998.6,998.1,0,27.9,23.5,28.3,27.8,23.6,23.5,77,75,77,25,1.5,0.0,N,AM,CRMN MANAUS,S103,-3.02249999,-60.05555555,-9999.0
1987,2017-10-28,04:00,0.0,998.8,999.5,998.8,0,25.9,23.5,27.0,25.9,23.5,23.3,87,80,87,30,0.0,0.0,N,AM,CRMN MANAUS,S103,-3.02249999,-60.05555555,-9999.0
1988,2017-10-28,08:00,0.0,998.5,998.5,998.4,0,24.8,23.0,25.4,24.5,23.5,22.9,92,88,90,29,0.0,0.0,N,AM,CRMN MANAUS,S103,-3.02249999,-60.05555555,-9999.0
1989,2017-10-28,12:00,0.0,1001.4,1001.4,1000.4,0,29.0,24.2,29.3,27.2,25.0,24.0,83,75,75,42,0.0,0.0,N,AM,CRMN MANAUS,S103,-3.02249999,-60.05555555,-9999.0
1990,2017-10-28,16:00,0.0,999.8,1000.7,999.8,0,32.7,23.2,32.6,30.8,24.1,22.6,67,58,58,33,3.6,2.0,N,AM,CRMN MANAUS,S103,-3.02249999,-60.05555555,-9999.0
1991,2017-10-28,20:00,0.0,996.0,996.6,996.0,0,29.5,23.2,33.1,29.4,24.8,22.2,76,54,69,26,4.4,1.0,N,AM,CRMN MANAUS,S103,-3.02249999,-60.05555555,-9999.0
1992,2017-10-29,00:00,0.0,996.7,996.7,995.7,0,29.3,23.3,29.8,29.3,23.5,23.2,70,69,70,32,2.0,0.0,N,AM,CRMN MANAUS,S103,-3.02249999,-60.05555555,-9999.0
1993,2017-10-29,04:00,0.0,999.1,999.2,999.1,0,26.7,23.9,26.9,26.6,24.3,23.9,86,85,85,28,0.8,0.0,N,AM,CRMN MANAUS,S103,-3.02249999,-60.05555555,-9999.0
1994,2017-10-29,08:00,0.0,998.3,998.3,998.2,0,25.6,23.6,25.9,25.6,23.7,23.6,89,87,89,27,0.0,0.0,N,AM,CRMN MANAUS,S103,-3.02249999,-60.05555555,-9999.0
1995,2017-10-29,12:00,0.0,1001.9,1001.9,1001.0,0,28.8,22.5,29.3,26.4,24.2,22.3,86,67,69,29,2.0,1.0,N,AM,CRMN MANAUS,S103,-3.02249999,-60.05555555,-9999.0
1996,2017-10-29,16:00,0.0,999.6,1000.5,999.5,0,33.2,21.7,33.8,32.7,22.4,21.4,54,49,51,30,4.7,2.0,N,AM,CRMN MANAUS,S103,-3.02249999,-60.05555555,-9999.0
1997,2017-10-29,20:00,0.0,995.5,996.1,995.5,0,34.1,21.4,34.2,33.1,22.6,21.0,54,47,48,27,2.9,1.0,N,AM,CRMN MANAUS,S103,-3.02249999,-60.05555555,-9999.0
1998,2017-10-30,00:00,0.0,996.8,996.8,995.5,0,29.2,23.2,30.8,29.2,23.5,22.6,71,62,70,22,0.8,0.0,N,AM,CRMN MANAUS,S103,-3.02249999,-60.05555555,-9999.0
1999,2017-10-30,04:00,0.0,998.5,999.0,998.5,0,27.0,24.0,27.2,26.7,24.1,24.0,85,83,84,20,0.3,0.0,N,AM,CRMN MANAUS,S103,-3.02249999,-60.05555555,-9999.0
2000,2017-10-30,08:00,0.0,998.2,998.2,997.7,0,25.3,23.3,26.2,25.3,23.6,23.3,89,86,89,19,0.0,0.0,N,AM,CRMN MANAUS,S103,-3.02249999,-60.05555555,-9999.0
2001,2017-10-30,12:00,0.0,1001.0,1001.0,999.7,0,29.8,24.0,30.1,27.5,24.5,23.5,79,70,71,26,1.3,0.0,N,AM,CRMN MANAUS,S103,-3.02249999,-60.05555555,-9999.0
2002,2017-10-30,16:00,0.0,1000.4,1001.3,1000.1,0,24.7,22.9,24.8,23.6,23.2,22.2,92,89,90,18,1.9,0.0,N,AM,CRMN MANAUS,S103,-3.02249999,-60.05555555,-9999.0
2003,2017-10-30,20:00,0.0,998.0,998.2,997.8,0,25.8,23.1,26.4,25.8,23.3,22.9,85,82,85,17,2.2,1.0,N,AM,CRMN MANAUS,S103,-3.02249999,-60.05555555,-9999.0
2004,2017-10-31,00:00,0.0,999.8,999.8,999.1,0,24.3,22.3,24.5,24.3,22.9,22.1,90,87,89,18,2.4,0.0,N,AM,CRMN MANAUS,S103,-3.02249999,-60.05555555,-9999.0
2005,2017-10-31,04:00,0.0,999.3,1000.1,999.4,0,23.7,22.3,24.0,23.7,22.5,22.3,92,91,92,21,0.6,0.0,N,AM,CRMN MANAUS,S103,-3.02249999,-60.05555555,-9999.0
2006,2017-10-31,08:00,0.0,999.3,999.3,998.6,0,23.0,21.6,23.0,22.8,22.0,21.6,94,92,92,18,2.0,0.0,N,AM,CRMN MANAUS,S103,-3.02249999,-60.05555555,-9999.0
2007,2017-10-31,12:00,0.0,1003.0,1003.0,1001.8,0,24.7,21.8,24.7,23.9,22.1,21.6,89,84,84,17,4.0,3.0,N,AM,CRMN MANAUS,S103,-3.02249999,-60.05555555,-9999.0
2008,2017-10-31,16:00,0.0,1000.7,1001.8,1000.7,0,30.0,21.7,30.1,28.7,22.7,21.6,68,60,61,29,3.1,1.0,N,AM,CRMN MANAUS,S103,-3.02249999,-60.05555555,-9999.0
2009,2017-10-31,20:00,0.0,997.5,997.7,997.4,0,29.0,23.0,30.4,29.0,23.6,22.8,71,64,70,22,3.2,1.0,N,AM,CRMN MANAUS,S103,-3.02249999,-60.05555555,-9999.0
2010,2017-11-01,00:00,0.0,998.9,998.9,998.3,0,27.1,23.3,27.7,27.0,23.3,22.9,80,75,79,23,1.7,0.0,N,AM,CRMN MANAUS,S103,-3.02249999,-60.05555555,-9999.0
2011,2017-11-01,04:00,0.0,1000.0,1000.6,1000.0,0,25.3,23.0,25.8,25.3,23.3,23.0,87,86,87,20,1.5,0.0,N,AM,CRMN MANAUS,S103,-3.02249999,-60.05555555,-9999.0
2012,2017-11-01,08:00,0.0,999.2,999.2,998.9,0,25.1,23.3,25.4,25.1,23.4,23.0,90,87,90,18,2.0,0.0,N,AM,CRMN MANAUS,S103,-3.02249999,-60.05555555,-9999.0
2013,2017-11-01,12:00,0.0,1001.8,1001.8,1001.1,0,27.7,22.9,27.7,25.8,23.2,22.8,85,75,75,21,4.3,2.0,N,AM,CRMN MANAUS,S103,-3.02249999,-60.05555555,-9999.0
2014,2017-11-01,16:00,0.0,1000.3,1001.5,1000.4,0,31.8,22.2,32.4,30.9,22.6,21.6,60,53,57,27,3.9,2.0,N,AM,CRMN MANAUS,S103,-3.02249999,-60.05555555,-9999.0
2015,2017-11-01,20:00,0.0,996.7,997.5,996.7,0,33.0,21.0,33.9,32.9,21.5,19.3,51,43,50,23,3.2,1.0,N,AM,CRMN MANAUS,S103,-3.02249999,-60.05555555,-9999.0
2016,2017-11-02,00:00,0.0,998.6,998.6,996.8,0,28.9,23.9,29.8,28.9,23.9,22.9,74,66,74,18,1.8,0.0,N,AM,CRMN MANAUS,S103,-3.02249999,-60.05555555,-9999.0
2017,2017-11-02,04:00,0.0,1000.0,1000.3,1000.0,0,27.1,23.6,27.4,27.1,23.6,23.3,81,78,81,19,1.8,0.0,N,AM,CRMN MANAUS,S103,-3.02249999,-60.05555555,-9999.0
2018,2017-11-02,08:00,0.0,998.5,998.8,998.6,0,26.1,23.8,26.3,26.1,23.8,23.7,87,85,87,20,0.6,0.0,N,AM,CRMN MANAUS,S103,-3.02249999,-60.05555555,-9999.0
2019,2017-11-02,12:00,0.0,1001.1,1001.1,1000.5,0,30.3,23.5,30.3,28.4,24.2,23.3,78,67,67,21,3.4,2.0,N,AM,CRMN MANAUS,S103,-3.02249999,-60.05555555,-9999.0
2020,2017-11-02,16:00,0.0,1000.4,1001.4,1000.4,0,31.9,23.0,32.5,31.9,23.4,22.5,61,56,59,22,4.6,3.0,N,AM,CRMN MANAUS,S103,-3.02249999,-60.05555555,-9999.0
2021,2017-11-02,20:00,0.0,995.9,997.0,995.9,0,29.4,20.2,32.7,28.9,23.8,19.6,60,53,58,14,6.4,3.0,N,AM,CRMN MANAUS,S103,-3.02249999,-60.05555555,-9999.0
2022,2017-11-03,00:00,0.0,998.8,998.8,997.8,0,27.8,21.2,28.2,27.7,21.1,20.3,67,63,67,18,1.3,0.0,N,AM,CRMN MANAUS,S103,-3.02249999,-60.05555555,-9999.0
2023,2017-11-03,04:00,0.0,999.9,1000.0,999.8,0,27.1,23.1,27.4,26.0,23.2,22.7,83,76,79,14,1.4,1.0,N,AM,CRMN MANAUS,S103,-3.02249999,-60.05555555,-9999.0
2024,2017-11-03,08:00,0.0,998.2,998.2,997.6,0,26.4,23.4,26.5,26.2,23.6,23.3,85,83,84,16,0.8,0.0,N,AM,CRMN MANAUS,S103,-3.02249999,-60.05555555,-9999.0
2025,2017-11-03,12:00,0.0,1001.0,1000.9,1000.1,0,27.3,24.1,27.2,26.8,24.2,23.8,85,82,83,18,1.4,0.0,N,AM,CRMN MANAUS,S103,-3.02249999,-60.05555555,-9999.0
2026,2017-11-03,16:00,0.0,998.9,1000.1,998.9,0,33.2,22.1,33.2,31.9,22.7,21.6,57,52,52,19,5.0,3.0,N,AM,CRMN MANAUS,S103,-3.02249999,-60.05555555,-9999.0
2027,2017-11-03,20:00,0.0,994.9,995.6,994.9,0,33.3,21.5,34.2,33.2,21.9,20.3,51,46,50,16,3.4,2.0,N,AM,CRMN MANAUS,S103,-3.02249999,-60.05555555,-9999.0
2028,2017-11-04,00:00,0.0,998.2,998.2,996.9,0,29.8,23.7,30.9,29.8,23.7,22.6,70,61,70,17,1.1,0.0,N,AM,CRMN MANAUS,S103,-3.02249999,-60.05555555,-9999.0
2029,2017-11-04,04:00,0.0,998.9,999.4,998.9,0,26.1,19.8,27.5,26.1,21.8,19.6,71,67,68,12,1.3,0.0,N,AM,CRMN MANAUS,S103,-3.02249999,-60.05555555,-9999.0
2030,2017-11-04,08:00,0.0,998.1,998.4,997.8,0,24.6,20.9,25.6,24.3,21.1,20.9,82,76,80,11,3.7,0.0,N,AM,CRMN MANAUS,S103,-3.02249999,-60.05555555,-9999.0
2031,2017-11-04,12:00,0.0,1001.2,1001.2,1000.6,0,26.3,22.7,26.3,25.2,22.7,22.0,83,80,80,18,1.4,0.0,N,AM,CRMN MANAUS,S103,-3.02249999,-60.05555555,-9999.0
2032,2017-11-04,16:00,0.0,999.8,1001.0,999.8,0,33.0,21.6,33.2,31.8,22.5,21.2,57,51,51,17,4.8,2.0,N,AM,CRMN MANAUS,S103,-3.02249999,-60.05555555,-9999.0
2033,2017-11-04,20:00,0.0,995.9,996.3,995.9,0,33.0,21.4,33.3,32.8,22.0,21.1,53,50,51,14,3.3,1.0,N,AM,CRMN MANAUS,S103,-3.02249999,-60.05555555,-9999.0
2034,2017-11-05,00:00,0.0,997.4,997.4,997.1,0,28.3,22.8,28.7,28.3,23.1,22.6,73,70,72,12,1.9,0.0,N,AM,CRMN MANAUS,S103,-3.02249999,-60.05555555,-9999.0
2035,2017-11-05,04:00,0.0,998.9,999.6,998.9,0,26.0,22.9,27.5,26.0,23.2,22.4,83,74,83,10,0.9,0.0,N,AM,CRMN MANAUS,S103,-3.02249999,-60.05555555,-9999.0
2036,2017-11-05,08:00,0.0,997.7,997.8,997.6,0,25.5,23.6,25.7,25.3,23.6,23.5,90,88,89,13,0.0,0.0,N,AM,CRMN MANAUS,S103,-3.02249999,-60.05555555,-9999.0
2037,2017-11-05,12:00,0.0,1001.7,1001.7,1000.8,0,26.5,24.2,26.5,25.4,24.4,23.6,91,87,87,15,0.6,0.0,N,AM,CRMN MANAUS,S103,-3.02249999,-60.05555555,-9999.0
2038,2017-11-05,16:00,0.0,999.7,1001.2,999.8,0,32.2,23.0,32.2,30.7,23.7,22.4,65,59,58,16,3.6,2.0,N,AM,CRMN MANAUS,S103,-3.02249999,-60.05555555,-9999.0
2039,2017-11-05,20:00,0.0,996.3,996.6,996.2,0,33.2,21.9,33.6,33.0,22.3,21.3,53,49,52,15,4.5,1.0,N,AM,CRMN MANAUS,S103,-3.02249999,-60.05555555,-9999.0
2040,2017-11-06,00:00,0.0,999.7,999.7,998.6,0,28.6,24.1,30.1,28.6,24.3,23.2,77,67,77,12,1.7,0.0,N,AM,CRMN MANAUS,S103,-3.02249999,-60.05555555,-9999.0
2041,2017-11-06,04:00,0.0,1000.8,1001.7,1000.8,0,26.0,22.9,26.4,25.9,23.6,22.8,85,83,83,13,1.0,0.0,N,AM,CRMN MANAUS,S103,-3.02249999,-60.05555555,-9999.0
2042,2017-11-06,08:00,0.0,1000.2,1000.2,999.9,0,25.3,23.2,25.5,25.3,23.7,23.2,90,88,88,11,2.3,1.0,N,AM,CRMN MANAUS,S103,-3.02249999,-60.05555555,-9999.0
2043,2017-11-06,12:00,0.0,1002.8,1002.8,1002.0,0,26.4,23.3,26.7,25.8,23.7,23.2,87,82,83,13,3.2,2.0,N,AM,CRMN MANAUS,S103,-3.02249999,-60.05555555,-9999.0
2044,2017-11-06,16:00,0.0,1001.3,1002.2,1001.3,0,30.0,25.0,30.0,28.2,25.1,23.9,81,71,75,18,2.6,1.0,N,AM,CRMN MANAUS,S103,-3.02249999,-60.05555555,-9999.0
2045,2017-11-06,20:00,0.0,997.6,998.1,997.5,0,27.6,24.9,27.6,26.9,24.9,24.3,88,84,85,13,2.0,1.0,N,AM,CRMN MANAUS,S103,-3.02249999,-60.05555555,-9999.0
2046,2017-11-07,00:00,0.0,999.4,999.4,999.0,0,25.1,23.2,27.0,25.1,25.4,23.1,92,86,89,12,4.5,1.0,N,AM,CRMN MANAUS,S103,-3.02249999,-60.05555555,-9999.0
2047,2017-11-07,04:00,0.0,999.9,1000.6,999.9,0,24.4,23.0,24.7,24.4,23.3,23.0,92,92,92,16,1.1,0.0,N,AM,CRMN MANAUS,S103,-3.02249999,-60.05555555,-9999.0
2048,2017-11-07,08:00,0.0,998.7,998.8,998.5,0,24.4,23.1,24.6,24.4,23.3,23.1,93,92,92,15,1.9,0.0,N,AM,CRMN MANAUS,S103,-3.02249999,-60.05555555,-9999.0
2049,2017-11-07,12:00,0.0,1001.2,1001.2,1000.7,0,27.7,23.9,27.6,25.1,24.1,23.5,91,80,80,17,2.6,1.0,N,AM,CRMN MANAUS,S103,-3.02249999,-60.05555555,-9999.0
2050,2017-11-07,16:00,0.0,999.9,1000.7,999.9,0,31.2,23.5,31.7,29.9,24.2,23.1,70,61,64,24,2.8,1.0,N,AM,CRMN MANAUS,S103,-3.02249999,-60.05555555,-9999.0
2051,2017-11-07,20:00,0.0,997.0,997.0,996.7,0,28.7,23.7,30.1,28.6,24.2,23.1,75,67,75,17,3.1,0.0,N,AM,CRMN MANAUS,S103,-3.02249999,-60.05555555,-9999.0
2052,2017-11-08,00:00,0.0,997.1,997.1,996.3,0,27.1,24.0,27.4,27.1,24.0,23.6,83,80,83,19,2.0,0.0,N,AM,CRMN MANAUS,S103,-3.02249999,-60.05555555,-9999.0
2053,2017-11-08,04:00,0.0,997.8,998.0,997.7,0,25.8,23.7,26.2,25.8,23.7,23.6,88,86,88,19,1.6,0.0,N,AM,CRMN MANAUS,S103,-3.02249999,-60.05555555,-9999.0
2054,2017-11-08,08:00,-9999.0,-9999.0,-9999.0,-9999.0,-9999,-9999.0,-9999.0,-9999.0,-9999.0,-9999.0,-9999.0,-9999,-9999,-9999,-9999,-9999.0,-9999.0,N,AM,CRMN MANAUS,S103,-3.02249999,-60.05555555,-9999.0
2055,2017-11-08,12:00,0.0,999.6,999.6,998.6,0,28.1,24.3,28.9,26.5,24.3,22.8,81,73,80,22,1.2,0.0,N,AM,CRMN MANAUS,S103,-3.02249999,-60.05555555,-9999.0
2056,2017-11-08,16:00,0.0,998.2,999.4,998.2,0,32.4,23.1,32.4,29.1,24.6,23.1,73,59,58,28,2.5,1.0,N,AM,CRMN MANAUS,S103,-3.02249999,-60.05555555,-9999.0
2057,2017-11-08,20:00,0.0,995.1,995.7,995.0,0,27.0,25.2,27.7,26.6,25.2,23.8,90,84,90,21,3.1,0.0,N,AM,CRMN MANAUS,S103,-3.02249999,-60.05555555,-9999.0
2058,2017-11-09,00:00,0.0,996.3,996.6,996.0,0,25.6,23.0,25.9,25.4,23.2,22.8,87,84,85,16,1.6,0.0,N,AM,CRMN MANAUS,S103,-3.02249999,-60.05555555,-9999.0
2059,2017-11-09,04:00,0.0,997.7,997.9,997.6,0,25.4,22.9,25.5,24.9,23.0,22.8,89,86,86,17,1.4,0.0,N,AM,CRMN MANAUS,S103,-3.02249999,-60.05555555,-9999.0
2060,2017-11-09,08:00,0.0,996.4,996.4,996.0,0,25.0,22.5,25.4,25.0,22.6,22.4,87,84,86,21,1.5,0.0,N,AM,CRMN MANAUS,S103,-3.02249999,-60.05555555,-9999.0
2061,2017-11-09,12:00,0.0,999.2,999.2,998.4,0,28.4,23.0,28.4,26.7,23.4,23.0,81,73,72,20,3.0,2.0,N,AM,CRMN MANAUS,S103,-3.02249999,-60.05555555,-9999.0
2062,2017-11-09,16:00,0.0,998.3,999.2,998.3,0,31.9,22.7,32.8,31.9,23.0,22.1,59,55,58,22,4.8,2.0,N,AM,CRMN MANAUS,S103,-3.02249999,-60.05555555,-9999.0
2063,2017-11-09,20:00,0.0,994.3,995.3,994.4,0,31.1,24.1,32.1,30.1,24.6,23.5,71,61,66,25,1.6,0.0,N,AM,CRMN MANAUS,S103,-3.02249999,-60.05555555,-9999.0
2064,2017-11-10,00:00,0.0,995.3,995.3,994.8,0,28.5,24.2,29.7,28.5,24.8,24.4,80,74,78,21,0.5,0.0,N,AM,CRMN MANAUS,S103,-3.02249999,-60.05555555,-9999.0
2065,2017-11-10,04:00,0.0,996.7,997.1,996.8,0,26.6,24.3,27.6,26.6,24.3,23.9,87,81,87,20,0.0,0.0,N,AM,CRMN MANAUS,S103,-3.02249999,-60.05555555,-9999.0
2066,2017-11-10,08:00,0.0,996.3,996.3,995.9,0,25.7,24.4,26.1,25.7,24.7,24.4,93,92,93,19,0.3,0.0,N,AM,CRMN MANAUS,S103,-3.02249999,-60.05555555,-9999.0
2067,2017-11-10,12:00,0.0,998.9,998.9,998.4,0,28.1,24.9,28.1,27.0,25.1,24.5,89,84,83,18,2.3,1.0,N,AM,CRMN MANAUS,S103,-3.02249999,-60.05555555,-9999.0
2068,2017-11-10,16:00,0.0,996.9,998.0,996.9,0,29.4,24.2,30.7,29.4,25.0,23.8,76,71,74,20,3.4,1.0,N,AM,CRMN MANAUS,S103,-3.02249999,-60.05555555,-9999.0
2069,2017-11-10,20:00,0.0,995.1,995.8,994.9,0,24.7,22.3,25.0,24.4,22.3,21.3,87,81,87,17,2.5,1.0,N,AM,CRMN MANAUS,S103,-3.02249999,-60.05555555,-9999.0
2070,2017-11-11,00:00,0.0,997.3,997.3,996.6,0,24.8,22.7,25.1,24.8,23.3,22.7,91,87,88,21,0.9,0.0,N,AM,CRMN MANAUS,S103,-3.02249999,-60.05555555,-9999.0
2071,2017-11-11,04:00,0.0,997.5,998.2,997.5,0,24.8,23.3,24.8,24.5,23.4,23.0,92,91,92,21,0.8,0.0,N,AM,CRMN MANAUS,S103,-3.02249999,-60.05555555,-9999.0
2072,2017-11-11,08:00,0.0,997.6,997.6,997.4,0,24.0,22.5,24.2,24.0,22.8,22.5,92,91,91,19,1.9,0.0,N,AM,CRMN MANAUS,S103,-3.02249999,-60.05555555,-9999.0
2073,2017-11-11,12:00,0.0,999.6,999.6,999.5,0,27.5,23.1,27.4,25.4,23.5,22.6,85,77,77,21,2.9,1.0,N,AM,CRMN MANAUS,S103,-3.02249999,-60.05555555,-9999.0
2074,2017-11-11,16:00,0.0,998.2,999.2,998.3,0,30.7,23.5,31.5,30.5,24.7,23.1,70,63,65,28,2.9,1.0,N,AM,CRMN MANAUS,S103,-3.02249999,-60.05555555,-9999.0
2075,2017-11-11,20:00,0.0,994.2,994.7,994.1,0,32.9,21.7,33.3,32.5,23.1,21.2,57,50,52,30,2.2,1.0,N,AM,CRMN MANAUS,S103,-3.02249999,-60.05555555,-9999.0
2076,2017-11-12,00:00,0.0,997.5,997.5,996.8,0,28.2,23.5,28.9,27.9,24.2,23.5,80,73,76,23,1.7,0.0,N,AM,CRMN MANAUS,S103,-3.02249999,-60.05555555,-9999.0
2077,2017-11-12,04:00,0.0,997.8,998.0,997.7,0,27.6,24.0,27.6,27.5,24.0,23.9,82,80,81,21,1.7,0.0,N,AM,CRMN MANAUS,S103,-3.02249999,-60.05555555,-9999.0
2078,2017-11-12,08:00,0.0,996.8,996.9,996.3,0,26.7,24.0,26.9,26.6,23.9,23.0,85,80,85,17,1.9,1.0,N,AM,CRMN MANAUS,S103,-3.02249999,-60.05555555,-9999.0
2079,2017-11-12,12:00,0.0,1000.0,1000.0,999.1,0,27.2,24.6,27.3,27.1,24.9,24.5,87,86,86,19,2.4,0.0,N,AM,CRMN MANAUS,S103,-3.02249999,-60.05555555,-9999.0
2080,2017-11-12,16:00,-9999.0,-9999.0,-9999.0,-9999.0,-9999,-9999.0,-9999.0,-9999.0,-9999.0,-9999.0,-9999.0,-9999,-9999,-9999,-9999,-9999.0,-9999.0,N,AM,CRMN MANAUS,S103,-3.02249999,-60.05555555,-9999.0
2081,2017-11-12,20:00,-9999.0,-9999.0,-9999.0,-9999.0,-9999,-9999.0,-9999.0,-9999.0,-9999.0,-9999.0,-9999.0,-9999,-9999,-9999,-9999,-9999.0,-9999.0,N,AM,CRMN MANAUS,S103,-3.02249999,-60.05555555,-9999.0
2082,2017-11-13,00:00,-9999.0,-9999.0,-9999.0,-9999.0,-9999,-9999.0,-9999.0,-9999.0,-9999.0,-9999.0,-9999.0,-9999,-9999,-9999,-9999,-9999.0,-9999.0,N,AM,CRMN MANAUS,S103,-3.02249999,-60.05555555,-9999.0
2083,2017-11-13,04:00,-9999.0,-9999.0,-9999.0,-9999.0,-9999,-9999.0,-9999.0,-9999.0,-9999.0,-9999.0,-9999.0,-9999,-9999,-9999,-9999,-9999.0,-9999.0,N,AM,CRMN MANAUS,S103,-3.02249999,-60.05555555,-9999.0
2084,2017-11-13,08:00,-9999.0,-9999.0,-9999.0,-9999.0,-9999,-9999.0,-9999.0,-9999.0,-9999.0,-9999.0,-9999.0,-9999,-9999,-9999,-9999,-9999.0,-9999.0,N,AM,CRMN MANAUS,S103,-3.02249999,-60.05555555,-9999.0
2085,2017-11-13,12:00,-9999.0,-9999.0,-9999.0,-9999.0,-9999,-9999.0,-9999.0,-9999.0,-9999.0,-9999.0,-9999.0,-9999,-9999,-9999,-9999,-9999.0,-9999.0,N,AM,CRMN MANAUS,S103,-3.02249999,-60.05555555,-9999.0
2086,2017-11-13,16:00,-9999.0,-9999.0,-9999.0,-9999.0,-9999,-9999.0,-9999.0,-9999.0,-9999.0,-9999.0,-9999.0,-9999,-9999,-9999,-9999,-9999.0,-9999.0,N,AM,CRMN MANAUS,S103,-3.02249999,-60.05555555,-9999.0
2087,2017-11-13,20:00,-9999.0,-9999.0,-9999.0,-9999.0,-9999,-9999.0,-9999.0,-9999.0,-9999.0,-9999.0,-9999.0,-9999,-9999,-9999,-9999,-9999.0,-9999.0,N,AM,CRMN MANAUS,S103,-3.02249999,-60.05555555,-9999.0
2088,2017-11-14,00:00,-9999.0,-9999.0,-9999.0,-9999.0,-9999,-9999.0,-9999.0,-9999.0,-9999.0,-9999.0,-9999.0,-9999,-9999,-9999,-9999,-9999.0,-9999.0,N,AM,CRMN MANAUS,S103,-3.02249999,-60.05555555,-9999.0
2089,2017-11-14,04:00,-9999.0,-9999.0,-9999.0,-9999.0,-9999,-9999.0,-9999.0,-9999.0,-9999.0,-9999.0,-9999.0,-9999,-9999,-9999,-9999,-9999.0,-9999.0,N,AM,CRMN MANAUS,S103,-3.02249999,-60.05555555,-9999.0
2090,2017-11-14,08:00,-9999.0,-9999.0,-9999.0,-9999.0,-9999,-9999.0,-9999.0,-9999.0,-9999.0,-9999.0,-9999.0,-9999,-9999,-9999,-9999,-9999.0,-9999.0,N,AM,CRMN MANAUS,S103,-3.02249999,-60.05555555,-9999.0
2091,2017-11-14,12:00,-9999.0,-9999.0,-9999.0,-9999.0,-9999,-9999.0,-9999.0,-9999.0,-9999.0,-9999.0,-9999.0,-9999,-9999,-9999,-9999,-9999.0,-9999.0,N,AM,CRMN MANAUS,S103,-3.02249999,-60.05555555,-9999.0
2092,2017-11-14,16:00,-9999.0,-9999.0,-9999.0,-9999.0,-9999,-9999.0,-9999.0,-9999.0,-9999.0,-9999.0,-9999.0,-9999,-9999,-9999,-9999,-9999.0,-9999.0,N,AM,CRMN MANAUS,S103,-3.02249999,-60.05555555,-9999.0
2093,2017-11-14,20:00,-9999.0,-9999.0,-9999.0,-9999.0,-9999,-9999.0,-9999.0,-9999.0,-9999.0,-9999.0,-9999.0,-9999,-9999,-9999,-9999,-9999.0,-9999.0,N,AM,CRMN MANAUS,S103,-3.02249999,-60.05555555,-9999.0
2094,2017-11-15,00:00,-9999.0,-9999.0,-9999.0,-9999.0,-9999,-9999.0,-9999.0,-9999.0,-9999.0,-9999.0,-9999.0,-9999,-9999,-9999,-9999,-9999.0,-9999.0,N,AM,CRMN MANAUS,S103,-3.02249999,-60.05555555,-9999.0
2095,2017-11-15,04:00,-9999.0,-9999.0,-9999.0,-9999.0,-9999,-9999.0,-9999.0,-9999.0,-9999.0,-9999.0,-9999.0,-9999,-9999,-9999,-9999,-9999.0,-9999.0,N,AM,CRMN MANAUS,S103,-3.02249999,-60.05555555,-9999.0
2096,2017-11-15,08:00,-9999.0,-9999.0,-9999.0,-9999.0,-9999,-9999.0,-9999.0,-9999.0,-9999.0,-9999.0,-9999.0,-9999,-9999,-9999,-9999,-9999.0,-9999.0,N,AM,CRMN MANAUS,S103,-3.02249999,-60.05555555,-9999.0
2097,2017-11-15,12:00,-9999.0,-9999.0,-9999.0,-9999.0,-9999,-9999.0,-9999.0,-9999.0,-9999.0,-9999.0,-9999.0,-9999,-9999,-9999,-9999,-9999.0,-9999.0,N,AM,CRMN MANAUS,S103,-3.02249999,-60.05555555,-9999.0
2098,2017-11-15,16:00,-9999.0,-9999.0,-9999.0,-9999.0,-9999,-9999.0,-9999.0,-9999.0,-9999.0,-9999.0,-9999.0,-9999,-9999,-9999,-9999,-9999.0,-9999.0,N,AM,CRMN MANAUS,S103,-3.02249999,-60.05555555,-9999.0
2099,2017-11-15,20:00,-9999.0,-9999.0,-9999.0,-9999.0,-9999,-9999.0,-9999.0,-9999.0,-9999.0,-9999.0,-9999.0,-9999,-9999,-9999,-9999,-9999.0,-9999.0,N,AM,CRMN MANAUS,S103,-3.02249999,-60.05555555,-9999.0
2100,2017-11-16,00:00,-9999.0,-9999.0,-9999.0,-9999.0,-9999,-9999.0,-9999.0,-9999.0,-9999.0,-9999.0,-9999.0,-9999,-9999,-9999,-9999,-9999.0,-9999.0,N,AM,CRMN MANAUS,S103,-3.02249999,-60.05555555,-9999.0
2101,2017-11-16,04:00,-9999.0,-9999.0,-9999.0,-9999.0,-9999,-9999.0,-9999.0,-9999.0,-9999.0,-9999.0,-9999.0,-9999,-9999,-9999,-9999,-9999.0,-9999.0,N,AM,CRMN MANAUS,S103,-3.02249999,-60.05555555,-9999.0
2102,2017-11-16,08:00,-9999.0,-9999.0,-9999.0,-9999.0,-9999,-9999.0,-9999.0,-9999.0,-9999.0,-9999.0,-9999.0,-9999,-9999,-9999,-9999,-9999.0,-9999.0,N,AM,CRMN MANAUS,S103,-3.02249999,-60.05555555,-9999.0
2103,2017-11-16,12:00,-9999.0,-9999.0,-9999.0,-9999.0,-9999,-9999.0,-9999.0,-9999.0,-9999.0,-9999.0,-9999.0,-9999,-9999,-9999,-9999,-9999.0,-9999.0,N,AM,CRMN MANAUS,S103,-3.02249999,-60.05555555,-9999.0
2104,2017-11-16,16:00,-9999.0,-9999.0,-9999.0,-9999.0,-9999,-9999.0,-9999.0,-9999.0,-9999.0,-9999.0,-9999.0,-9999,-9999,-9999,-9999,-9999.0,-9999.0,N,AM,CRMN MANAUS,S103,-3.02249999,-60.05555555,-9999.0
2105,2017-11-16,20:00,-9999.0,-9999.0,-9999.0,-9999.0,-9999,-9999.0,-9999.0,-9999.0,-9999.0,-9999.0,-9999.0,-9999,-9999,-9999,-9999,-9999.0,-9999.0,N,AM,CRMN MANAUS,S103,-3.02249999,-60.05555555,-9999.0
2106,2017-11-17,00:00,-9999.0,-9999.0,-9999.0,-9999.0,-9999,-9999.0,-9999.0,-9999.0,-9999.0,-9999.0,-9999.0,-9999,-9999,-9999,-9999,-9999.0,-9999.0,N,AM,CRMN MANAUS,S103,-3.02249999,-60.05555555,-9999.0
2107,2017-11-17,04:00,-9999.0,-9999.0,-9999.0,-9999.0,-9999,-9999.0,-9999.0,-9999.0,-9999.0,-9999.0,-9999.0,-9999,-9999,-9999,-9999,-9999.0,-9999.0,N,AM,CRMN MANAUS,S103,-3.02249999,-60.05555555,-9999.0
2108,2017-11-17,08:00,-9999.0,-9999.0,-9999.0,-9999.0,-9999,-9999.0,-9999.0,-9999.0,-9999.0,-9999.0,-9999.0,-9999,-9999,-9999,-9999,-9999.0,-9999.0,N,AM,CRMN MANAUS,S103,-3.02249999,-60.05555555,-9999.0
2109,2017-11-17,12:00,-9999.0,-9999.0,-9999.0,-9999.0,-9999,-9999.0,-9999.0,-9999.0,-9999.0,-9999.0,-9999.0,-9999,-9999,-9999,-9999,-9999.0,-9999.0,N,AM,CRMN MANAUS,S103,-3.02249999,-60.05555555,-9999.0
2110,2017-11-17,16:00,-9999.0,-9999.0,-9999.0,-9999.0,-9999,-9999.0,-9999.0,-9999.0,-9999.0,-9999.0,-9999.0,-9999,-9999,-9999,-9999,-9999.0,-9999.0,N,AM,CRMN MANAUS,S103,-3.02249999,-60.05555555,-9999.0
2111,2017-11-17,20:00,-9999.0,-9999.0,-9999.0,-9999.0,-9999,-9999.0,-9999.0,-9999.0,-9999.0,-9999.0,-9999.0,-9999,-9999,-9999,-9999,-9999.0,-9999.0,N,AM,CRMN MANAUS,S103,-3.02249999,-60.05555555,-9999.0
2112,2017-11-18,00:00,-9999.0,-9999.0,-9999.0,-9999.0,-9999,-9999.0,-9999.0,-9999.0,-9999.0,-9999.0,-9999.0,-9999,-9999,-9999,-9999,-9999.0,-9999.0,N,AM,CRMN MANAUS,S103,-3.02249999,-60.05555555,-9999.0
2113,2017-11-18,04:00,-9999.0,-9999.0,-9999.0,-9999.0,-9999,-9999.0,-9999.0,-9999.0,-9999.0,-9999.0,-9999.0,-9999,-9999,-9999,-9999,-9999.0,-9999.0,N,AM,CRMN MANAUS,S103,-3.02249999,-60.05555555,-9999.0
2114,2017-11-18,08:00,-9999.0,-9999.0,-9999.0,-9999.0,-9999,-9999.0,-9999.0,-9999.0,-9999.0,-9999.0,-9999.0,-9999,-9999,-9999,-9999,-9999.0,-9999.0,N,AM,CRMN MANAUS,S103,-3.02249999,-60.05555555,-9999.0
2115,2017-11-18,12:00,-9999.0,-9999.0,-9999.0,-9999.0,-9999,-9999.0,-9999.0,-9999.0,-9999.0,-9999.0,-9999.0,-9999,-9999,-9999,-9999,-9999.0,-9999.0,N,AM,CRMN MANAUS,S103,-3.02249999,-60.05555555,-9999.0
2116,2017-11-18,16:00,-9999.0,-9999.0,-9999.0,-9999.0,-9999,-9999.0,-9999.0,-9999.0,-9999.0,-9999.0,-9999.0,-9999,-9999,-9999,-9999,-9999.0,-9999.0,N,AM,CRMN MANAUS,S103,-3.02249999,-60.05555555,-9999.0
2117,2017-11-18,20:00,-9999.0,-9999.0,-9999.0,-9999.0,-9999,-9999.0,-9999.0,-9999.0,-9999.0,-9999.0,-9999.0,-9999,-9999,-9999,-9999,-9999.0,-9999.0,N,AM,CRMN MANAUS,S103,-3.02249999,-60.05555555,-9999.0
2118,2017-11-19,00:00,-9999.0,-9999.0,-9999.0,-9999.0,-9999,-9999.0,-9999.0,-9999.0,-9999.0,-9999.0,-9999.0,-9999,-9999,-9999,-9999,-9999.0,-9999.0,N,AM,CRMN MANAUS,S103,-3.02249999,-60.05555555,-9999.0
2119,2017-11-19,04:00,-9999.0,-9999.0,-9999.0,-9999.0,-9999,-9999.0,-9999.0,-9999.0,-9999.0,-9999.0,-9999.0,-9999,-9999,-9999,-9999,-9999.0,-9999.0,N,AM,CRMN MANAUS,S103,-3.02249999,-60.05555555,-9999.0
2120,2017-11-19,08:00,-9999.0,-9999.0,-9999.0,-9999.0,-9999,-9999.0,-9999.0,-9999.0,-9999.0,-9999.0,-9999.0,-9999,-9999,-9999,-9999,-9999.0,-9999.0,N,AM,CRMN MANAUS,S103,-3.02249999,-60.05555555,-9999.0
2121,2017-11-19,12:00,-9999.0,-9999.0,-9999.0,-9999.0,-9999,-9999.0,-9999.0,-9999.0,-9999.0,-9999.0,-9999.0,-9999,-9999,-9999,-9999,-9999.0,-9999.0,N,AM,CRMN MANAUS,S103,-3.02249999,-60.05555555,-9999.0
2122,2017-11-19,16:00,-9999.0,-9999.0,-9999.0,-9999.0,-9999,-9999.0,-9999.0,-9999.0,-9999.0,-9999.0,-9999.0,-9999,-9999,-9999,-9999,-9999.0,-9999.0,N,AM,CRMN MANAUS,S103,-3.02249999,-60.05555555,-9999.0
2123,2017-11-19,20:00,-9999.0,-9999.0,-9999.0,-9999.0,-9999,-9999.0,-9999.0,-9999.0,-9999.0,-9999.0,-9999.0,-9999,-9999,-9999,-9999,-9999.0,-9999.0,N,AM,CRMN MANAUS,S103,-3.02249999,-60.05555555,-9999.0
2124,2017-11-20,00:00,-9999.0,-9999.0,-9999.0,-9999.0,-9999,-9999.0,-9999.0,-9999.0,-9999.0,-9999.0,-9999.0,-9999,-9999,-9999,-9999,-9999.0,-9999.0,N,AM,CRMN MANAUS,S103,-3.02249999,-60.05555555,-9999.0
2125,2017-11-20,04:00,-9999.0,-9999.0,-9999.0,-9999.0,-9999,-9999.0,-9999.0,-9999.0,-9999.0,-9999.0,-9999.0,-9999,-9999,-9999,-9999,-9999.0,-9999.0,N,AM,CRMN MANAUS,S103,-3.02249999,-60.05555555,-9999.0
2126,2017-11-20,08:00,-9999.0,-9999.0,-9999.0,-9999.0,-9999,-9999.0,-9999.0,-9999.0,-9999.0,-9999.0,-9999.0,-9999,-9999,-9999,-9999,-9999.0,-9999.0,N,AM,CRMN MANAUS,S103,-3.02249999,-60.05555555,-9999.0
2127,2017-11-20,12:00,-9999.0,-9999.0,-9999.0,-9999.0,-9999,-9999.0,-9999.0,-9999.0,-9999.0,-9999.0,-9999.0,-9999,-9999,-9999,-9999,-9999.0,-9999.0,N,AM,CRMN MANAUS,S103,-3.02249999,-60.05555555,-9999.0
2128,2017-11-20,16:00,-9999.0,-9999.0,-9999.0,-9999.0,-9999,-9999.0,-9999.0,-9999.0,-9999.0,-9999.0,-9999.0,-9999,-9999,-9999,-9999,-9999.0,-9999.0,N,AM,CRMN MANAUS,S103,-3.02249999,-60.05555555,-9999.0
2129,2017-11-20,20:00,-9999.0,-9999.0,-9999.0,-9999.0,-9999,-9999.0,-9999.0,-9999.0,-9999.0,-9999.0,-9999.0,-9999,-9999,-9999,-9999,-9999.0,-9999.0,N,AM,CRMN MANAUS,S103,-3.02249999,-60.05555555,-9999.0
2130,2017-11-21,00:00,-9999.0,-9999.0,-9999.0,-9999.0,-9999,-9999.0,-9999.0,-9999.0,-9999.0,-9999.0,-9999.0,-9999,-9999,-9999,-9999,-9999.0,-9999.0,N,AM,CRMN MANAUS,S103,-3.02249999,-60.05555555,-9999.0
2131,2017-11-21,04:00,-9999.0,-9999.0,-9999.0,-9999.0,-9999,-9999.0,-9999.0,-9999.0,-9999.0,-9999.0,-9999.0,-9999,-9999,-9999,-9999,-9999.0,-9999.0,N,AM,CRMN MANAUS,S103,-3.02249999,-60.05555555,-9999.0
2132,2017-11-21,08:00,-9999.0,-9999.0,-9999.0,-9999.0,-9999,-9999.0,-9999.0,-9999.0,-9999.0,-9999.0,-9999.0,-9999,-9999,-9999,-9999,-9999.0,-9999.0,N,AM,CRMN MANAUS,S103,-3.02249999,-60.05555555,-9999.0
2133,2017-11-21,12:00,-9999.0,-9999.0,-9999.0,-9999.0,-9999,-9999.0,-9999.0,-9999.0,-9999.0,-9999.0,-9999.0,-9999,-9999,-9999,-9999,-9999.0,-9999.0,N,AM,CRMN MANAUS,S103,-3.02249999,-60.05555555,-9999.0
2134,2017-11-21,16:00,-9999.0,-9999.0,-9999.0,-9999.0,-9999,-9999.0,-9999.0,-9999.0,-9999.0,-9999.0,-9999.0,-9999,-9999,-9999,-9999,-9999.0,-9999.0,N,AM,CRMN MANAUS,S103,-3.02249999,-60.05555555,-9999.0
2135,2017-11-21,20:00,-9999.0,-9999.0,-9999.0,-9999.0,-9999,-9999.0,-9999.0,-9999.0,-9999.0,-9999.0,-9999.0,-9999,-9999,-9999,-9999,-9999.0,-9999.0,N,AM,CRMN MANAUS,S103,-3.02249999,-60.05555555,-9999.0
2136,2017-11-22,00:00,-9999.0,-9999.0,-9999.0,-9999.0,-9999,-9999.0,-9999.0,-9999.0,-9999.0,-9999.0,-9999.0,-9999,-9999,-9999,-9999,-9999.0,-9999.0,N,AM,CRMN MANAUS,S103,-3.02249999,-60.05555555,-9999.0
2137,2017-11-22,04:00,-9999.0,-9999.0,-9999.0,-9999.0,-9999,-9999.0,-9999.0,-9999.0,-9999.0,-9999.0,-9999.0,-9999,-9999,-9999,-9999,-9999.0,-9999.0,N,AM,CRMN MANAUS,S103,-3.02249999,-60.05555555,-9999.0
2138,2017-11-22,08:00,-9999.0,-9999.0,-9999.0,-9999.0,-9999,-9999.0,-9999.0,-9999.0,-9999.0,-9999.0,-9999.0,-9999,-9999,-9999,-9999,-9999.0,-9999.0,N,AM,CRMN MANAUS,S103,-3.02249999,-60.05555555,-9999.0
2139,2017-11-22,12:00,-9999.0,-9999.0,-9999.0,-9999.0,-9999,-9999.0,-9999.0,-9999.0,-9999.0,-9999.0,-9999.0,-9999,-9999,-9999,-9999,-9999.0,-9999.0,N,AM,CRMN MANAUS,S103,-3.02249999,-60.05555555,-9999.0
2140,2017-11-22,16:00,-9999.0,-9999.0,-9999.0,-9999.0,-9999,-9999.0,-9999.0,-9999.0,-9999.0,-9999.0,-9999.0,-9999,-9999,-9999,-9999,-9999.0,-9999.0,N,AM,CRMN MANAUS,S103,-3.02249999,-60.05555555,-9999.0
2141,2017-11-22,20:00,-9999.0,-9999.0,-9999.0,-9999.0,-9999,-9999.0,-9999.0,-9999.0,-9999.0,-9999.0,-9999.0,-9999,-9999,-9999,-9999,-9999.0,-9999.0,N,AM,CRMN MANAUS,S103,-3.02249999,-60.05555555,-9999.0
2142,2017-11-23,00:00,-9999.0,-9999.0,-9999.0,-9999.0,-9999,-9999.0,-9999.0,-9999.0,-9999.0,-9999.0,-9999.0,-9999,-9999,-9999,-9999,-9999.0,-9999.0,N,AM,CRMN MANAUS,S103,-3.02249999,-60.05555555,-9999.0
2143,2017-11-23,04:00,-9999.0,-9999.0,-9999.0,-9999.0,-9999,-9999.0,-9999.0,-9999.0,-9999.0,-9999.0,-9999.0,-9999,-9999,-9999,-9999,-9999.0,-9999.0,N,AM,CRMN MANAUS,S103,-3.02249999,-60.05555555,-9999.0
2144,2017-11-23,08:00,-9999.0,-9999.0,-9999.0,-9999.0,-9999,-9999.0,-9999.0,-9999.0,-9999.0,-9999.0,-9999.0,-9999,-9999,-9999,-9999,-9999.0,-9999.0,N,AM,CRMN MANAUS,S103,-3.02249999,-60.05555555,-9999.0
2145,2017-11-23,12:00,-9999.0,-9999.0,-9999.0,-9999.0,-9999,-9999.0,-9999.0,-9999.0,-9999.0,-9999.0,-9999.0,-9999,-9999,-9999,-9999,-9999.0,-9999.0,N,AM,CRMN MANAUS,S103,-3.02249999,-60.05555555,-9999.0
2146,2017-11-23,16:00,-9999.0,-9999.0,-9999.0,-9999.0,-9999,-9999.0,-9999.0,-9999.0,-9999.0,-9999.0,-9999.0,-9999,-9999,-9999,-9999,-9999.0,-9999.0,N,AM,CRMN MANAUS,S103,-3.02249999,-60.05555555,-9999.0
2147,2017-11-23,20:00,-9999.0,-9999.0,-9999.0,-9999.0,-9999,-9999.0,-9999.0,-9999.0,-9999.0,-9999.0,-9999.0,-9999,-9999,-9999,-9999,-9999.0,-9999.0,N,AM,CRMN MANAUS,S103,-3.02249999,-60.05555555,-9999.0
2148,2017-11-24,00:00,-9999.0,-9999.0,-9999.0,-9999.0,-9999,-9999.0,-9999.0,-9999.0,-9999.0,-9999.0,-9999.0,-9999,-9999,-9999,-9999,-9999.0,-9999.0,N,AM,CRMN MANAUS,S103,-3.02249999,-60.05555555,-9999.0
2149,2017-11-24,04:00,-9999.0,-9999.0,-9999.0,-9999.0,-9999,-9999.0,-9999.0,-9999.0,-9999.0,-9999.0,-9999.0,-9999,-9999,-9999,-9999,-9999.0,-9999.0,N,AM,CRMN MANAUS,S103,-3.02249999,-60.05555555,-9999.0
2150,2017-11-24,08:00,-9999.0,-9999.0,-9999.0,-9999.0,-9999,-9999.0,-9999.0,-9999.0,-9999.0,-9999.0,-9999.0,-9999,-9999,-9999,-9999,-9999.0,-9999.0,N,AM,CRMN MANAUS,S103,-3.02249999,-60.05555555,-9999.0
2151,2017-11-24,12:00,-9999.0,-9999.0,-9999.0,-9999.0,-9999,-9999.0,-9999.0,-9999.0,-9999.0,-9999.0,-9999.0,-9999,-9999,-9999,-9999,-9999.0,-9999.0,N,AM,CRMN MANAUS,S103,-3.02249999,-60.05555555,-9999.0
2152,2017-11-24,16:00,-9999.0,-9999.0,-9999.0,-9999.0,-9999,-9999.0,-9999.0,-9999.0,-9999.0,-9999.0,-9999.0,-9999,-9999,-9999,-9999,-9999.0,-9999.0,N,AM,CRMN MANAUS,S103,-3.02249999,-60.05555555,-9999.0
2153,2017-11-24,20:00,-9999.0,-9999.0,-9999.0,-9999.0,-9999,-9999.0,-9999.0,-9999.0,-9999.0,-9999.0,-9999.0,-9999,-9999,-9999,-9999,-9999.0,-9999.0,N,AM,CRMN MANAUS,S103,-3.02249999,-60.05555555,-9999.0
2154,2017-11-25,00:00,-9999.0,-9999.0,-9999.0,-9999.0,-9999,-9999.0,-9999.0,-9999.0,-9999.0,-9999.0,-9999.0,-9999,-9999,-9999,-9999,-9999.0,-9999.0,N,AM,CRMN MANAUS,S103,-3.02249999,-60.05555555,-9999.0
2155,2017-11-25,04:00,-9999.0,-9999.0,-9999.0,-9999.0,-9999,-9999.0,-9999.0,-9999.0,-9999.0,-9999.0,-9999.0,-9999,-9999,-9999,-9999,-9999.0,-9999.0,N,AM,CRMN MANAUS,S103,-3.02249999,-60.05555555,-9999.0
2156,2017-11-25,08:00,-9999.0,-9999.0,-9999.0,-9999.0,-9999,-9999.0,-9999.0,-9999.0,-9999.0,-9999.0,-9999.0,-9999,-9999,-9999,-9999,-9999.0,-9999.0,N,AM,CRMN MANAUS,S103,-3.02249999,-60.05555555,-9999.0
2157,2017-11-25,12:00,-9999.0,-9999.0,-9999.0,-9999.0,-9999,-9999.0,-9999.0,-9999.0,-9999.0,-9999.0,-9999.0,-9999,-9999,-9999,-9999,-9999.0,-9999.0,N,AM,CRMN MANAUS,S103,-3.02249999,-60.05555555,-9999.0
2158,2017-11-25,16:00,-9999.0,-9999.0,-9999.0,-9999.0,-9999,-9999.0,-9999.0,-9999.0,-9999.0,-9999.0,-9999.0,-9999,-9999,-9999,-9999,-9999.0,-9999.0,N,AM,CRMN MANAUS,S103,-3.02249999,-60.05555555,-9999.0
2159,2017-11-25,20:00,-9999.0,-9999.0,-9999.0,-9999.0,-9999,-9999.0,-9999.0,-9999.0,-9999.0,-9999.0,-9999.0,-9999,-9999,-9999,-9999,-9999.0,-9999.0,N,AM,CRMN MANAUS,S103,-3.02249999,-60.05555555,-9999.0
2160,2017-11-26,00:00,-9999.0,-9999.0,-9999.0,-9999.0,-9999,-9999.0,-9999.0,-9999.0,-9999.0,-9999.0,-9999.0,-9999,-9999,-9999,-9999,-9999.0,-9999.0,N,AM,CRMN MANAUS,S103,-3.02249999,-60.05555555,-9999.0
2161,2017-11-26,04:00,-9999.0,-9999.0,-9999.0,-9999.0,-9999,-9999.0,-9999.0,-9999.0,-9999.0,-9999.0,-9999.0,-9999,-9999,-9999,-9999,-9999.0,-9999.0,N,AM,CRMN MANAUS,S103,-3.02249999,-60.05555555,-9999.0
2162,2017-11-26,08:00,-9999.0,-9999.0,-9999.0,-9999.0,-9999,-9999.0,-9999.0,-9999.0,-9999.0,-9999.0,-9999.0,-9999,-9999,-9999,-9999,-9999.0,-9999.0,N,AM,CRMN MANAUS,S103,-3.02249999,-60.05555555,-9999.0
2163,2017-11-26,12:00,-9999.0,-9999.0,-9999.0,-9999.0,-9999,-9999.0,-9999.0,-9999.0,-9999.0,-9999.0,-9999.0,-9999,-9999,-9999,-9999,-9999.0,-9999.0,N,AM,CRMN MANAUS,S103,-3.02249999,-60.05555555,-9999.0
2164,2017-11-26,16:00,-9999.0,-9999.0,-9999.0,-9999.0,-9999,-9999.0,-9999.0,-9999.0,-9999.0,-9999.0,-9999.0,-9999,-9999,-9999,-9999,-9999.0,-9999.0,N,AM,CRMN MANAUS,S103,-3.02249999,-60.05555555,-9999.0
2165,2017-11-26,20:00,-9999.0,-9999.0,-9999.0,-9999.0,-9999,-9999.0,-9999.0,-9999.0,-9999.0,-9999.0,-9999.0,-9999,-9999,-9999,-9999,-9999.0,-9999.0,N,AM,CRMN MANAUS,S103,-3.02249999,-60.05555555,-9999.0
2166,2017-11-27,00:00,-9999.0,-9999.0,-9999.0,-9999.0,-9999,-9999.0,-9999.0,-9999.0,-9999.0,-9999.0,-9999.0,-9999,-9999,-9999,-9999,-9999.0,-9999.0,N,AM,CRMN MANAUS,S103,-3.02249999,-60.05555555,-9999.0
2167,2017-11-27,04:00,-9999.0,-9999.0,-9999.0,-9999.0,-9999,-9999.0,-9999.0,-9999.0,-9999.0,-9999.0,-9999.0,-9999,-9999,-9999,-9999,-9999.0,-9999.0,N,AM,CRMN MANAUS,S103,-3.02249999,-60.05555555,-9999.0
2168,2017-11-27,08:00,-9999.0,-9999.0,-9999.0,-9999.0,-9999,-9999.0,-9999.0,-9999.0,-9999.0,-9999.0,-9999.0,-9999,-9999,-9999,-9999,-9999.0,-9999.0,N,AM,CRMN MANAUS,S103,-3.02249999,-60.05555555,-9999.0
2169,2017-11-27,12:00,-9999.0,-9999.0,-9999.0,-9999.0,-9999,-9999.0,-9999.0,-9999.0,-9999.0,-9999.0,-9999.0,-9999,-9999,-9999,-9999,-9999.0,-9999.0,N,AM,CRMN MANAUS,S103,-3.02249999,-60.05555555,-9999.0
2170,2017-11-27,16:00,-9999.0,-9999.0,-9999.0,-9999.0,-9999,-9999.0,-9999.0,-9999.0,-9999.0,-9999.0,-9999.0,-9999,-9999,-9999,-9999,-9999.0,-9999.0,N,AM,CRMN MANAUS,S103,-3.02249999,-60.05555555,-9999.0
2171,2017-11-27,20:00,-9999.0,-9999.0,-9999.0,-9999.0,-9999,-9999.0,-9999.0,-9999.0,-9999.0,-9999.0,-9999.0,-9999,-9999,-9999,-9999,-9999.0,-9999.0,N,AM,CRMN MANAUS,S103,-3.02249999,-60.05555555,-9999.0
2172,2017-11-28,00:00,-9999.0,-9999.0,-9999.0,-9999.0,-9999,-9999.0,-9999.0,-9999.0,-9999.0,-9999.0,-9999.0,-9999,-9999,-9999,-9999,-9999.0,-9999.0,N,AM,CRMN MANAUS,S103,-3.02249999,-60.05555555,-9999.0
2173,2017-11-28,04:00,-9999.0,-9999.0,-9999.0,-9999.0,-9999,-9999.0,-9999.0,-9999.0,-9999.0,-9999.0,-9999.0,-9999,-9999,-9999,-9999,-9999.0,-9999.0,N,AM,CRMN MANAUS,S103,-3.02249999,-60.05555555,-9999.0
2174,2017-11-28,08:00,-9999.0,-9999.0,-9999.0,-9999.0,-9999,-9999.0,-9999.0,-9999.0,-9999.0,-9999.0,-9999.0,-9999,-9999,-9999,-9999,-9999.0,-9999.0,N,AM,CRMN MANAUS,S103,-3.02249999,-60.05555555,-9999.0
2175,2017-11-28,12:00,-9999.0,-9999.0,-9999.0,-9999.0,-9999,-9999.0,-9999.0,-9999.0,-9999.0,-9999.0,-9999.0,-9999,-9999,-9999,-9999,-9999.0,-9999.0,N,AM,CRMN MANAUS,S103,-3.02249999,-60.05555555,-9999.0
2176,2017-11-28,16:00,-9999.0,-9999.0,-9999.0,-9999.0,-9999,-9999.0,-9999.0,-9999.0,-9999.0,-9999.0,-9999.0,-9999,-9999,-9999,-9999,-9999.0,-9999.0,N,AM,CRMN MANAUS,S103,-3.02249999,-60.05555555,-9999.0
2177,2017-11-28,20:00,-9999.0,-9999.0,-9999.0,-9999.0,-9999,-9999.0,-9999.0,-9999.0,-9999.0,-9999.0,-9999.0,-9999,-9999,-9999,-9999,-9999.0,-9999.0,N,AM,CRMN MANAUS,S103,-3.02249999,-60.05555555,-9999.0
2178,2017-11-29,00:00,-9999.0,-9999.0,-9999.0,-9999.0,-9999,-9999.0,-9999.0,-9999.0,-9999.0,-9999.0,-9999.0,-9999,-9999,-9999,-9999,-9999.0,-9999.0,N,AM,CRMN MANAUS,S103,-3.02249999,-60.05555555,-9999.0
2179,2017-11-29,04:00,-9999.0,-9999.0,-9999.0,-9999.0,-9999,-9999.0,-9999.0,-9999.0,-9999.0,-9999.0,-9999.0,-9999,-9999,-9999,-9999,-9999.0,-9999.0,N,AM,CRMN MANAUS,S103,-3.02249999,-60.05555555,-9999.0
2180,2017-11-29,08:00,-9999.0,-9999.0,-9999.0,-9999.0,-9999,-9999.0,-9999.0,-9999.0,-9999.0,-9999.0,-9999.0,-9999,-9999,-9999,-9999,-9999.0,-9999.0,N,AM,CRMN MANAUS,S103,-3.02249999,-60.05555555,-9999.0
2181,2017-11-29,12:00,-9999.0,-9999.0,-9999.0,-9999.0,-9999,-9999.0,-9999.0,-9999.0,-9999.0,-9999.0,-9999.0,-9999,-9999,-9999,-9999,-9999.0,-9999.0,N,AM,CRMN MANAUS,S103,-3.02249999,-60.05555555,-9999.0
2182,2017-11-29,16:00,-9999.0,-9999.0,-9999.0,-9999.0,-9999,-9999.0,-9999.0,-9999.0,-9999.0,-9999.0,-9999.0,-9999,-9999,-9999,-9999,-9999.0,-9999.0,N,AM,CRMN MANAUS,S103,-3.02249999,-60.05555555,-9999.0
2183,2017-11-29,20:00,-9999.0,-9999.0,-9999.0,-9999.0,-9999,-9999.0,-9999.0,-9999.0,-9999.0,-9999.0,-9999.0,-9999,-9999,-9999,-9999,-9999.0,-9999.0,N,AM,CRMN MANAUS,S103,-3.02249999,-60.05555555,-9999.0
2184,2017-11-30,00:00,-9999.0,-9999.0,-9999.0,-9999.0,-9999,-9999.0,-9999.0,-9999.0,-9999.0,-9999.0,-9999.0,-9999,-9999,-9999,-9999,-9999.0,-9999.0,N,AM,CRMN MANAUS,S103,-3.02249999,-60.05555555,-9999.0
2185,2017-11-30,04:00,-9999.0,-9999.0,-9999.0,-9999.0,-9999,-9999.0,-9999.0,-9999.0,-9999.0,-9999.0,-9999.0,-9999,-9999,-9999,-9999,-9999.0,-9999.0,N,AM,CRMN MANAUS,S103,-3.02249999,-60.05555555,-9999.0
2186,2017-11-30,08:00,-9999.0,-9999.0,-9999.0,-9999.0,-9999,-9999.0,-9999.0,-9999.0,-9999.0,-9999.0,-9999.0,-9999,-9999,-9999,-9999,-9999.0,-9999.0,N,AM,CRMN MANAUS,S103,-3.02249999,-60.05555555,-9999.0
2187,2017-11-30,12:00,-9999.0,-9999.0,-9999.0,-9999.0,-9999,-9999.0,-9999.0,-9999.0,-9999.0,-9999.0,-9999.0,-9999,-9999,-9999,-9999,-9999.0,-9999.0,N,AM,CRMN MANAUS,S103,-3.02249999,-60.05555555,-9999.0
2188,2017-11-30,16:00,-9999.0,-9999.0,-9999.0,-9999.0,-9999,-9999.0,-9999.0,-9999.0,-9999.0,-9999.0,-9999.0,-9999,-9999,-9999,-9999,-9999.0,-9999.0,N,AM,CRMN MANAUS,S103,-3.02249999,-60.05555555,-9999.0
2189,2017-11-30,20:00,-9999.0,-9999.0,-9999.0,-9999.0,-9999,-9999.0,-9999.0,-9999.0,-9999.0,-9999.0,-9999.0,-9999,-9999,-9999,-9999,-9999.0,-9999.0,N,AM,CRMN MANAUS,S103,-3.02249999,-60.05555555,-9999.0
2190,2017-12-01,00:00,-9999.0,-9999.0,-9999.0,-9999.0,-9999,-9999.0,-9999.0,-9999.0,-9999.0,-9999.0,-9999.0,-9999,-9999,-9999,-9999,-9999.0,-9999.0,N,AM,CRMN MANAUS,S103,-3.02249999,-60.05555555,-9999.0
2191,2017-12-01,04:00,-9999.0,-9999.0,-9999.0,-9999.0,-9999,-9999.0,-9999.0,-9999.0,-9999.0,-9999.0,-9999.0,-9999,-9999,-9999,-9999,-9999.0,-9999.0,N,AM,CRMN MANAUS,S103,-3.02249999,-60.05555555,-9999.0
2192,2017-12-01,08:00,-9999.0,-9999.0,-9999.0,-9999.0,-9999,-9999.0,-9999.0,-9999.0,-9999.0,-9999.0,-9999.0,-9999,-9999,-9999,-9999,-9999.0,-9999.0,N,AM,CRMN MANAUS,S103,-3.02249999,-60.05555555,-9999.0
2193,2017-12-01,12:00,-9999.0,-9999.0,-9999.0,-9999.0,-9999,-9999.0,-9999.0,-9999.0,-9999.0,-9999.0,-9999.0,-9999,-9999,-9999,-9999,-9999.0,-9999.0,N,AM,CRMN MANAUS,S103,-3.02249999,-60.05555555,-9999.0
2194,2017-12-01,16:00,-9999.0,-9999.0,-9999.0,-9999.0,-9999,-9999.0,-9999.0,-9999.0,-9999.0,-9999.0,-9999.0,-9999,-9999,-9999,-9999,-9999.0,-9999.0,N,AM,CRMN MANAUS,S103,-3.02249999,-60.05555555,-9999.0
2195,2017-12-01,20:00,-9999.0,-9999.0,-9999.0,-9999.0,-9999,-9999.0,-9999.0,-9999.0,-9999.0,-9999.0,-9999.0,-9999,-9999,-9999,-9999,-9999.0,-9999.0,N,AM,CRMN MANAUS,S103,-3.02249999,-60.05555555,-9999.0
2196,2017-12-02,00:00,-9999.0,-9999.0,-9999.0,-9999.0,-9999,-9999.0,-9999.0,-9999.0,-9999.0,-9999.0,-9999.0,-9999,-9999,-9999,-9999,-9999.0,-9999.0,N,AM,CRMN MANAUS,S103,-3.02249999,-60.05555555,-9999.0
2197,2017-12-02,04:00,-9999.0,-9999.0,-9999.0,-9999.0,-9999,-9999.0,-9999.0,-9999.0,-9999.0,-9999.0,-9999.0,-9999,-9999,-9999,-9999,-9999.0,-9999.0,N,AM,CRMN MANAUS,S103,-3.02249999,-60.05555555,-9999.0
2198,2017-12-02,08:00,-9999.0,-9999.0,-9999.0,-9999.0,-9999,-9999.0,-9999.0,-9999.0,-9999.0,-9999.0,-9999.0,-9999,-9999,-9999,-9999,-9999.0,-9999.0,N,AM,CRMN MANAUS,S103,-3.02249999,-60.05555555,-9999.0
2199,2017-12-02,12:00,-9999.0,-9999.0,-9999.0,-9999.0,-9999,-9999.0,-9999.0,-9999.0,-9999.0,-9999.0,-9999.0,-9999,-9999,-9999,-9999,-9999.0,-9999.0,N,AM,CRMN MANAUS,S103,-3.02249999,-60.05555555,-9999.0
2200,2017-12-02,16:00,-9999.0,-9999.0,-9999.0,-9999.0,-9999,-9999.0,-9999.0,-9999.0,-9999.0,-9999.0,-9999.0,-9999,-9999,-9999,-9999,-9999.0,-9999.0,N,AM,CRMN MANAUS,S103,-3.02249999,-60.05555555,-9999.0
2201,2017-12-02,20:00,-9999.0,-9999.0,-9999.0,-9999.0,-9999,-9999.0,-9999.0,-9999.0,-9999.0,-9999.0,-9999.0,-9999,-9999,-9999,-9999,-9999.0,-9999.0,N,AM,CRMN MANAUS,S103,-3.02249999,-60.05555555,-9999.0
2202,2017-12-03,00:00,-9999.0,-9999.0,-9999.0,-9999.0,-9999,-9999.0,-9999.0,-9999.0,-9999.0,-9999.0,-9999.0,-9999,-9999,-9999,-9999,-9999.0,-9999.0,N,AM,CRMN MANAUS,S103,-3.02249999,-60.05555555,-9999.0
2203,2017-12-03,04:00,-9999.0,-9999.0,-9999.0,-9999.0,-9999,-9999.0,-9999.0,-9999.0,-9999.0,-9999.0,-9999.0,-9999,-9999,-9999,-9999,-9999.0,-9999.0,N,AM,CRMN MANAUS,S103,-3.02249999,-60.05555555,-9999.0
2204,2017-12-03,08:00,-9999.0,-9999.0,-9999.0,-9999.0,-9999,-9999.0,-9999.0,-9999.0,-9999.0,-9999.0,-9999.0,-9999,-9999,-9999,-9999,-9999.0,-9999.0,N,AM,CRMN MANAUS,S103,-3.02249999,-60.05555555,-9999.0
2205,2017-12-03,12:00,-9999.0,-9999.0,-9999.0,-9999.0,-9999,-9999.0,-9999.0,-9999.0,-9999.0,-9999.0,-9999.0,-9999,-9999,-9999,-9999,-9999.0,-9999.0,N,AM,CRMN MANAUS,S103,-3.02249999,-60.05555555,-9999.0
2206,2017-12-03,16:00,-9999.0,-9999.0,-9999.0,-9999.0,-9999,-9999.0,-9999.0,-9999.0,-9999.0,-9999.0,-9999.0,-9999,-9999,-9999,-9999,-9999.0,-9999.0,N,AM,CRMN MANAUS,S103,-3.02249999,-60.05555555,-9999.0
2207,2017-12-03,20:00,-9999.0,-9999.0,-9999.0,-9999.0,-9999,-9999.0,-9999.0,-9999.0,-9999.0,-9999.0,-9999.0,-9999,-9999,-9999,-9999,-9999.0,-9999.0,N,AM,CRMN MANAUS,S103,-3.02249999,-60.05555555,-9999.0
2208,2017-12-04,00:00,-9999.0,-9999.0,-9999.0,-9999.0,-9999,-9999.0,-9999.0,-9999.0,-9999.0,-9999.0,-9999.0,-9999,-9999,-9999,-9999,-9999.0,-9999.0,N,AM,CRMN MANAUS,S103,-3.02249999,-60.05555555,-9999.0
2209,2017-12-04,04:00,-9999.0,-9999.0,-9999.0,-9999.0,-9999,-9999.0,-9999.0,-9999.0,-9999.0,-9999.0,-9999.0,-9999,-9999,-9999,-9999,-9999.0,-9999.0,N,AM,CRMN MANAUS,S103,-3.02249999,-60.05555555,-9999.0
2210,2017-12-04,08:00,-9999.0,-9999.0,-9999.0,-9999.0,-9999,-9999.0,-9999.0,-9999.0,-9999.0,-9999.0,-9999.0,-9999,-9999,-9999,-9999,-9999.0,-9999.0,N,AM,CRMN MANAUS,S103,-3.02249999,-60.05555555,-9999.0
2211,2017-12-04,12:00,-9999.0,-9999.0,-9999.0,-9999.0,-9999,-9999.0,-9999.0,-9999.0,-9999.0,-9999.0,-9999.0,-9999,-9999,-9999,-9999,-9999.0,-9999.0,N,AM,CRMN MANAUS,S103,-3.02249999,-60.05555555,-9999.0
2212,2017-12-04,16:00,-9999.0,-9999.0,-9999.0,-9999.0,-9999,-9999.0,-9999.0,-9999.0,-9999.0,-9999.0,-9999.0,-9999,-9999,-9999,-9999,-9999.0,-9999.0,N,AM,CRMN MANAUS,S103,-3.02249999,-60.05555555,-9999.0
2213,2017-12-04,20:00,-9999.0,-9999.0,-9999.0,-9999.0,-9999,-9999.0,-9999.0,-9999.0,-9999.0,-9999.0,-9999.0,-9999,-9999,-9999,-9999,-9999.0,-9999.0,N,AM,CRMN MANAUS,S103,-3.02249999,-60.05555555,-9999.0
2214,2017-12-05,00:00,-9999.0,-9999.0,-9999.0,-9999.0,-9999,-9999.0,-9999.0,-9999.0,-9999.0,-9999.0,-9999.0,-9999,-9999,-9999,-9999,-9999.0,-9999.0,N,AM,CRMN MANAUS,S103,-3.02249999,-60.05555555,-9999.0
2215,2017-12-05,04:00,-9999.0,-9999.0,-9999.0,-9999.0,-9999,-9999.0,-9999.0,-9999.0,-9999.0,-9999.0,-9999.0,-9999,-9999,-9999,-9999,-9999.0,-9999.0,N,AM,CRMN MANAUS,S103,-3.02249999,-60.05555555,-9999.0
2216,2017-12-05,08:00,-9999.0,-9999.0,-9999.0,-9999.0,-9999,-9999.0,-9999.0,-9999.0,-9999.0,-9999.0,-9999.0,-9999,-9999,-9999,-9999,-9999.0,-9999.0,N,AM,CRMN MANAUS,S103,-3.02249999,-60.05555555,-9999.0
2217,2017-12-05,12:00,-9999.0,-9999.0,-9999.0,-9999.0,-9999,-9999.0,-9999.0,-9999.0,-9999.0,-9999.0,-9999.0,-9999,-9999,-9999,-9999,-9999.0,-9999.0,N,AM,CRMN MANAUS,S103,-3.02249999,-60.05555555,-9999.0
2218,2017-12-05,16:00,-9999.0,-9999.0,-9999.0,-9999.0,-9999,-9999.0,-9999.0,-9999.0,-9999.0,-9999.0,-9999.0,-9999,-9999,-9999,-9999,-9999.0,-9999.0,N,AM,CRMN MANAUS,S103,-3.02249999,-60.05555555,-9999.0
2219,2017-12-05,20:00,-9999.0,-9999.0,-9999.0,-9999.0,-9999,-9999.0,-9999.0,-9999.0,-9999.0,-9999.0,-9999.0,-9999,-9999,-9999,-9999,-9999.0,-9999.0,N,AM,CRMN MANAUS,S103,-3.02249999,-60.05555555,-9999.0
2220,2017-12-06,00:00,-9999.0,-9999.0,-9999.0,-9999.0,-9999,-9999.0,-9999.0,-9999.0,-9999.0,-9999.0,-9999.0,-9999,-9999,-9999,-9999,-9999.0,-9999.0,N,AM,CRMN MANAUS,S103,-3.02249999,-60.05555555,-9999.0
2221,2017-12-06,04:00,-9999.0,-9999.0,-9999.0,-9999.0,-9999,-9999.0,-9999.0,-9999.0,-9999.0,-9999.0,-9999.0,-9999,-9999,-9999,-9999,-9999.0,-9999.0,N,AM,CRMN MANAUS,S103,-3.02249999,-60.05555555,-9999.0
2222,2017-12-06,08:00,-9999.0,-9999.0,-9999.0,-9999.0,-9999,-9999.0,-9999.0,-9999.0,-9999.0,-9999.0,-9999.0,-9999,-9999,-9999,-9999,-9999.0,-9999.0,N,AM,CRMN MANAUS,S103,-3.02249999,-60.05555555,-9999.0
2223,2017-12-06,12:00,-9999.0,-9999.0,-9999.0,-9999.0,-9999,-9999.0,-9999.0,-9999.0,-9999.0,-9999.0,-9999.0,-9999,-9999,-9999,-9999,-9999.0,-9999.0,N,AM,CRMN MANAUS,S103,-3.02249999,-60.05555555,-9999.0
2224,2017-12-06,16:00,-9999.0,-9999.0,-9999.0,-9999.0,-9999,-9999.0,-9999.0,-9999.0,-9999.0,-9999.0,-9999.0,-9999,-9999,-9999,-9999,-9999.0,-9999.0,N,AM,CRMN MANAUS,S103,-3.02249999,-60.05555555,-9999.0
2225,2017-12-06,20:00,-9999.0,-9999.0,-9999.0,-9999.0,-9999,-9999.0,-9999.0,-9999.0,-9999.0,-9999.0,-9999.0,-9999,-9999,-9999,-9999,-9999.0,-9999.0,N,AM,CRMN MANAUS,S103,-3.02249999,-60.05555555,-9999.0
2226,2017-12-07,00:00,-9999.0,-9999.0,-9999.0,-9999.0,-9999,-9999.0,-9999.0,-9999.0,-9999.0,-9999.0,-9999.0,-9999,-9999,-9999,-9999,-9999.0,-9999.0,N,AM,CRMN MANAUS,S103,-3.02249999,-60.05555555,-9999.0
2227,2017-12-07,04:00,-9999.0,-9999.0,-9999.0,-9999.0,-9999,-9999.0,-9999.0,-9999.0,-9999.0,-9999.0,-9999.0,-9999,-9999,-9999,-9999,-9999.0,-9999.0,N,AM,CRMN MANAUS,S103,-3.02249999,-60.05555555,-9999.0
2228,2017-12-07,08:00,-9999.0,-9999.0,-9999.0,-9999.0,-9999,-9999.0,-9999.0,-9999.0,-9999.0,-9999.0,-9999.0,-9999,-9999,-9999,-9999,-9999.0,-9999.0,N,AM,CRMN MANAUS,S103,-3.02249999,-60.05555555,-9999.0
2229,2017-12-07,12:00,-9999.0,-9999.0,-9999.0,-9999.0,-9999,-9999.0,-9999.0,-9999.0,-9999.0,-9999.0,-9999.0,-9999,-9999,-9999,-9999,-9999.0,-9999.0,N,AM,CRMN MANAUS,S103,-3.02249999,-60.05555555,-9999.0
2230,2017-12-07,16:00,-9999.0,-9999.0,-9999.0,-9999.0,-9999,-9999.0,-9999.0,-9999.0,-9999.0,-9999.0,-9999.0,-9999,-9999,-9999,-9999,-9999.0,-9999.0,N,AM,CRMN MANAUS,S103,-3.02249999,-60.05555555,-9999.0
2231,2017-12-07,20:00,-9999.0,-9999.0,-9999.0,-9999.0,-9999,-9999.0,-9999.0,-9999.0,-9999.0,-9999.0,-9999.0,-9999,-9999,-9999,-9999,-9999.0,-9999.0,N,AM,CRMN MANAUS,S103,-3.02249999,-60.05555555,-9999.0
2232,2017-12-08,00:00,-9999.0,-9999.0,-9999.0,-9999.0,-9999,-9999.0,-9999.0,-9999.0,-9999.0,-9999.0,-9999.0,-9999,-9999,-9999,-9999,-9999.0,-9999.0,N,AM,CRMN MANAUS,S103,-3.02249999,-60.05555555,-9999.0
2233,2017-12-08,04:00,-9999.0,-9999.0,-9999.0,-9999.0,-9999,-9999.0,-9999.0,-9999.0,-9999.0,-9999.0,-9999.0,-9999,-9999,-9999,-9999,-9999.0,-9999.0,N,AM,CRMN MANAUS,S103,-3.02249999,-60.05555555,-9999.0
2234,2017-12-08,08:00,-9999.0,-9999.0,-9999.0,-9999.0,-9999,-9999.0,-9999.0,-9999.0,-9999.0,-9999.0,-9999.0,-9999,-9999,-9999,-9999,-9999.0,-9999.0,N,AM,CRMN MANAUS,S103,-3.02249999,-60.05555555,-9999.0
2235,2017-12-08,12:00,-9999.0,-9999.0,-9999.0,-9999.0,-9999,-9999.0,-9999.0,-9999.0,-9999.0,-9999.0,-9999.0,-9999,-9999,-9999,-9999,-9999.0,-9999.0,N,AM,CRMN MANAUS,S103,-3.02249999,-60.05555555,-9999.0
2236,2017-12-08,16:00,-9999.0,-9999.0,-9999.0,-9999.0,-9999,-9999.0,-9999.0,-9999.0,-9999.0,-9999.0,-9999.0,-9999,-9999,-9999,-9999,-9999.0,-9999.0,N,AM,CRMN MANAUS,S103,-3.02249999,-60.05555555,-9999.0
2237,2017-12-08,20:00,-9999.0,-9999.0,-9999.0,-9999.0,-9999,-9999.0,-9999.0,-9999.0,-9999.0,-9999.0,-9999.0,-9999,-9999,-9999,-9999,-9999.0,-9999.0,N,AM,CRMN MANAUS,S103,-3.02249999,-60.05555555,-9999.0
2238,2017-12-09,00:00,-9999.0,-9999.0,-9999.0,-9999.0,-9999,-9999.0,-9999.0,-9999.0,-9999.0,-9999.0,-9999.0,-9999,-9999,-9999,-9999,-9999.0,-9999.0,N,AM,CRMN MANAUS,S103,-3.02249999,-60.05555555,-9999.0
2239,2017-12-09,04:00,-9999.0,-9999.0,-9999.0,-9999.0,-9999,-9999.0,-9999.0,-9999.0,-9999.0,-9999.0,-9999.0,-9999,-9999,-9999,-9999,-9999.0,-9999.0,N,AM,CRMN MANAUS,S103,-3.02249999,-60.05555555,-9999.0
2240,2017-12-09,08:00,-9999.0,-9999.0,-9999.0,-9999.0,-9999,-9999.0,-9999.0,-9999.0,-9999.0,-9999.0,-9999.0,-9999,-9999,-9999,-9999,-9999.0,-9999.0,N,AM,CRMN MANAUS,S103,-3.02249999,-60.05555555,-9999.0
2241,2017-12-09,12:00,-9999.0,-9999.0,-9999.0,-9999.0,-9999,-9999.0,-9999.0,-9999.0,-9999.0,-9999.0,-9999.0,-9999,-9999,-9999,-9999,-9999.0,-9999.0,N,AM,CRMN MANAUS,S103,-3.02249999,-60.05555555,-9999.0
2242,2017-12-09,16:00,-9999.0,-9999.0,-9999.0,-9999.0,-9999,-9999.0,-9999.0,-9999.0,-9999.0,-9999.0,-9999.0,-9999,-9999,-9999,-9999,-9999.0,-9999.0,N,AM,CRMN MANAUS,S103,-3.02249999,-60.05555555,-9999.0
2243,2017-12-09,20:00,-9999.0,-9999.0,-9999.0,-9999.0,-9999,-9999.0,-9999.0,-9999.0,-9999.0,-9999.0,-9999.0,-9999,-9999,-9999,-9999,-9999.0,-9999.0,N,AM,CRMN MANAUS,S103,-3.02249999,-60.05555555,-9999.0
2244,2017-12-10,00:00,-9999.0,-9999.0,-9999.0,-9999.0,-9999,-9999.0,-9999.0,-9999.0,-9999.0,-9999.0,-9999.0,-9999,-9999,-9999,-9999,-9999.0,-9999.0,N,AM,CRMN MANAUS,S103,-3.02249999,-60.05555555,-9999.0
2245,2017-12-10,04:00,-9999.0,-9999.0,-9999.0,-9999.0,-9999,-9999.0,-9999.0,-9999.0,-9999.0,-9999.0,-9999.0,-9999,-9999,-9999,-9999,-9999.0,-9999.0,N,AM,CRMN MANAUS,S103,-3.02249999,-60.05555555,-9999.0
2246,2017-12-10,08:00,-9999.0,-9999.0,-9999.0,-9999.0,-9999,-9999.0,-9999.0,-9999.0,-9999.0,-9999.0,-9999.0,-9999,-9999,-9999,-9999,-9999.0,-9999.0,N,AM,CRMN MANAUS,S103,-3.02249999,-60.05555555,-9999.0
2247,2017-12-10,12:00,-9999.0,-9999.0,-9999.0,-9999.0,-9999,-9999.0,-9999.0,-9999.0,-9999.0,-9999.0,-9999.0,-9999,-9999,-9999,-9999,-9999.0,-9999.0,N,AM,CRMN MANAUS,S103,-3.02249999,-60.05555555,-9999.0
2248,2017-12-10,16:00,-9999.0,-9999.0,-9999.0,-9999.0,-9999,-9999.0,-9999.0,-9999.0,-9999.0,-9999.0,-9999.0,-9999,-9999,-9999,-9999,-9999.0,-9999.0,N,AM,CRMN MANAUS,S103,-3.02249999,-60.05555555,-9999.0
2249,2017-12-10,20:00,-9999.0,-9999.0,-9999.0,-9999.0,-9999,-9999.0,-9999.0,-9999.0,-9999.0,-9999.0,-9999.0,-9999,-9999,-9999,-9999,-9999.0,-9999.0,N,AM,CRMN MANAUS,S103,-3.02249999,-60.05555555,-9999.0
2250,2017-12-11,00:00,-9999.0,-9999.0,-9999.0,-9999.0,-9999,-9999.0,-9999.0,-9999.0,-9999.0,-9999.0,-9999.0,-9999,-9999,-9999,-9999,-9999.0,-9999.0,N,AM,CRMN MANAUS,S103,-3.02249999,-60.05555555,-9999.0
2251,2017-12-11,04:00,-9999.0,-9999.0,-9999.0,-9999.0,-9999,-9999.0,-9999.0,-9999.0,-9999.0,-9999.0,-9999.0,-9999,-9999,-9999,-9999,-9999.0,-9999.0,N,AM,CRMN MANAUS,S103,-3.02249999,-60.05555555,-9999.0
2252,2017-12-11,08:00,-9999.0,-9999.0,-9999.0,-9999.0,-9999,-9999.0,-9999.0,-9999.0,-9999.0,-9999.0,-9999.0,-9999,-9999,-9999,-9999,-9999.0,-9999.0,N,AM,CRMN MANAUS,S103,-3.02249999,-60.05555555,-9999.0
2253,2017-12-11,12:00,-9999.0,-9999.0,-9999.0,-9999.0,-9999,-9999.0,-9999.0,-9999.0,-9999.0,-9999.0,-9999.0,-9999,-9999,-9999,-9999,-9999.0,-9999.0,N,AM,CRMN MANAUS,S103,-3.02249999,-60.05555555,-9999.0
2254,2017-12-11,16:00,-9999.0,-9999.0,-9999.0,-9999.0,-9999,-9999.0,-9999.0,-9999.0,-9999.0,-9999.0,-9999.0,-9999,-9999,-9999,-9999,-9999.0,-9999.0,N,AM,CRMN MANAUS,S103,-3.02249999,-60.05555555,-9999.0
2255,2017-12-11,20:00,-9999.0,-9999.0,-9999.0,-9999.0,-9999,-9999.0,-9999.0,-9999.0,-9999.0,-9999.0,-9999.0,-9999,-9999,-9999,-9999,-9999.0,-9999.0,N,AM,CRMN MANAUS,S103,-3.02249999,-60.05555555,-9999.0
2256,2017-12-12,00:00,-9999.0,-9999.0,-9999.0,-9999.0,-9999,-9999.0,-9999.0,-9999.0,-9999.0,-9999.0,-9999.0,-9999,-9999,-9999,-9999,-9999.0,-9999.0,N,AM,CRMN MANAUS,S103,-3.02249999,-60.05555555,-9999.0
2257,2017-12-12,04:00,-9999.0,-9999.0,-9999.0,-9999.0,-9999,-9999.0,-9999.0,-9999.0,-9999.0,-9999.0,-9999.0,-9999,-9999,-9999,-9999,-9999.0,-9999.0,N,AM,CRMN MANAUS,S103,-3.02249999,-60.05555555,-9999.0
2258,2017-12-12,08:00,-9999.0,-9999.0,-9999.0,-9999.0,-9999,-9999.0,-9999.0,-9999.0,-9999.0,-9999.0,-9999.0,-9999,-9999,-9999,-9999,-9999.0,-9999.0,N,AM,CRMN MANAUS,S103,-3.02249999,-60.05555555,-9999.0
2259,2017-12-12,12:00,-9999.0,-9999.0,-9999.0,-9999.0,-9999,-9999.0,-9999.0,-9999.0,-9999.0,-9999.0,-9999.0,-9999,-9999,-9999,-9999,-9999.0,-9999.0,N,AM,CRMN MANAUS,S103,-3.02249999,-60.05555555,-9999.0
2260,2017-12-12,16:00,-9999.0,-9999.0,-9999.0,-9999.0,-9999,-9999.0,-9999.0,-9999.0,-9999.0,-9999.0,-9999.0,-9999,-9999,-9999,-9999,-9999.0,-9999.0,N,AM,CRMN MANAUS,S103,-3.02249999,-60.05555555,-9999.0
2261,2017-12-12,20:00,-9999.0,-9999.0,-9999.0,-9999.0,-9999,-9999.0,-9999.0,-9999.0,-9999.0,-9999.0,-9999.0,-9999,-9999,-9999,-9999,-9999.0,-9999.0,N,AM,CRMN MANAUS,S103,-3.02249999,-60.05555555,-9999.0
2262,2017-12-13,00:00,-9999.0,-9999.0,-9999.0,-9999.0,-9999,-9999.0,-9999.0,-9999.0,-9999.0,-9999.0,-9999.0,-9999,-9999,-9999,-9999,-9999.0,-9999.0,N,AM,CRMN MANAUS,S103,-3.02249999,-60.05555555,-9999.0
2263,2017-12-13,04:00,-9999.0,-9999.0,-9999.0,-9999.0,-9999,-9999.0,-9999.0,-9999.0,-9999.0,-9999.0,-9999.0,-9999,-9999,-9999,-9999,-9999.0,-9999.0,N,AM,CRMN MANAUS,S103,-3.02249999,-60.05555555,-9999.0
2264,2017-12-13,08:00,-9999.0,-9999.0,-9999.0,-9999.0,-9999,-9999.0,-9999.0,-9999.0,-9999.0,-9999.0,-9999.0,-9999,-9999,-9999,-9999,-9999.0,-9999.0,N,AM,CRMN MANAUS,S103,-3.02249999,-60.05555555,-9999.0
2265,2017-12-13,12:00,-9999.0,-9999.0,-9999.0,-9999.0,-9999,-9999.0,-9999.0,-9999.0,-9999.0,-9999.0,-9999.0,-9999,-9999,-9999,-9999,-9999.0,-9999.0,N,AM,CRMN MANAUS,S103,-3.02249999,-60.05555555,-9999.0
2266,2017-12-13,16:00,-9999.0,-9999.0,-9999.0,-9999.0,-9999,-9999.0,-9999.0,-9999.0,-9999.0,-9999.0,-9999.0,-9999,-9999,-9999,-9999,-9999.0,-9999.0,N,AM,CRMN MANAUS,S103,-3.02249999,-60.05555555,-9999.0
2267,2017-12-13,20:00,-9999.0,-9999.0,-9999.0,-9999.0,-9999,-9999.0,-9999.0,-9999.0,-9999.0,-9999.0,-9999.0,-9999,-9999,-9999,-9999,-9999.0,-9999.0,N,AM,CRMN MANAUS,S103,-3.02249999,-60.05555555,-9999.0
2268,2017-12-14,00:00,-9999.0,-9999.0,-9999.0,-9999.0,-9999,-9999.0,-9999.0,-9999.0,-9999.0,-9999.0,-9999.0,-9999,-9999,-9999,-9999,-9999.0,-9999.0,N,AM,CRMN MANAUS,S103,-3.02249999,-60.05555555,-9999.0
2269,2017-12-14,04:00,-9999.0,-9999.0,-9999.0,-9999.0,-9999,-9999.0,-9999.0,-9999.0,-9999.0,-9999.0,-9999.0,-9999,-9999,-9999,-9999,-9999.0,-9999.0,N,AM,CRMN MANAUS,S103,-3.02249999,-60.05555555,-9999.0
2270,2017-12-14,08:00,-9999.0,-9999.0,-9999.0,-9999.0,-9999,-9999.0,-9999.0,-9999.0,-9999.0,-9999.0,-9999.0,-9999,-9999,-9999,-9999,-9999.0,-9999.0,N,AM,CRMN MANAUS,S103,-3.02249999,-60.05555555,-9999.0
2271,2017-12-14,12:00,-9999.0,-9999.0,-9999.0,-9999.0,-9999,-9999.0,-9999.0,-9999.0,-9999.0,-9999.0,-9999.0,-9999,-9999,-9999,-9999,-9999.0,-9999.0,N,AM,CRMN MANAUS,S103,-3.02249999,-60.05555555,-9999.0
2272,2017-12-14,16:00,-9999.0,-9999.0,-9999.0,-9999.0,-9999,-9999.0,-9999.0,-9999.0,-9999.0,-9999.0,-9999.0,-9999,-9999,-9999,-9999,-9999.0,-9999.0,N,AM,CRMN MANAUS,S103,-3.02249999,-60.05555555,-9999.0
2273,2017-12-14,20:00,-9999.0,-9999.0,-9999.0,-9999.0,-9999,-9999.0,-9999.0,-9999.0,-9999.0,-9999.0,-9999.0,-9999,-9999,-9999,-9999,-9999.0,-9999.0,N,AM,CRMN MANAUS,S103,-3.02249999,-60.05555555,-9999.0
2274,2017-12-15,00:00,-9999.0,-9999.0,-9999.0,-9999.0,-9999,-9999.0,-9999.0,-9999.0,-9999.0,-9999.0,-9999.0,-9999,-9999,-9999,-9999,-9999.0,-9999.0,N,AM,CRMN MANAUS,S103,-3.02249999,-60.05555555,-9999.0
2275,2017-12-15,04:00,-9999.0,-9999.0,-9999.0,-9999.0,-9999,-9999.0,-9999.0,-9999.0,-9999.0,-9999.0,-9999.0,-9999,-9999,-9999,-9999,-9999.0,-9999.0,N,AM,CRMN MANAUS,S103,-3.02249999,-60.05555555,-9999.0
2276,2017-12-15,08:00,-9999.0,-9999.0,-9999.0,-9999.0,-9999,-9999.0,-9999.0,-9999.0,-9999.0,-9999.0,-9999.0,-9999,-9999,-9999,-9999,-9999.0,-9999.0,N,AM,CRMN MANAUS,S103,-3.02249999,-60.05555555,-9999.0
2277,2017-12-15,12:00,-9999.0,-9999.0,-9999.0,-9999.0,-9999,-9999.0,-9999.0,-9999.0,-9999.0,-9999.0,-9999.0,-9999,-9999,-9999,-9999,-9999.0,-9999.0,N,AM,CRMN MANAUS,S103,-3.02249999,-60.05555555,-9999.0
2278,2017-12-15,16:00,-9999.0,-9999.0,-9999.0,-9999.0,-9999,-9999.0,-9999.0,-9999.0,-9999.0,-9999.0,-9999.0,-9999,-9999,-9999,-9999,-9999.0,-9999.0,N,AM,CRMN MANAUS,S103,-3.02249999,-60.05555555,-9999.0
2279,2017-12-15,20:00,-9999.0,-9999.0,-9999.0,-9999.0,-9999,-9999.0,-9999.0,-9999.0,-9999.0,-9999.0,-9999.0,-9999,-9999,-9999,-9999,-9999.0,-9999.0,N,AM,CRMN MANAUS,S103,-3.02249999,-60.05555555,-9999.0
2280,2017-12-16,00:00,-9999.0,-9999.0,-9999.0,-9999.0,-9999,-9999.0,-9999.0,-9999.0,-9999.0,-9999.0,-9999.0,-9999,-9999,-9999,-9999,-9999.0,-9999.0,N,AM,CRMN MANAUS,S103,-3.02249999,-60.05555555,-9999.0
2281,2017-12-16,04:00,-9999.0,-9999.0,-9999.0,-9999.0,-9999,-9999.0,-9999.0,-9999.0,-9999.0,-9999.0,-9999.0,-9999,-9999,-9999,-9999,-9999.0,-9999.0,N,AM,CRMN MANAUS,S103,-3.02249999,-60.05555555,-9999.0
2282,2017-12-16,08:00,-9999.0,-9999.0,-9999.0,-9999.0,-9999,-9999.0,-9999.0,-9999.0,-9999.0,-9999.0,-9999.0,-9999,-9999,-9999,-9999,-9999.0,-9999.0,N,AM,CRMN MANAUS,S103,-3.02249999,-60.05555555,-9999.0
2283,2017-12-16,12:00,-9999.0,-9999.0,-9999.0,-9999.0,-9999,-9999.0,-9999.0,-9999.0,-9999.0,-9999.0,-9999.0,-9999,-9999,-9999,-9999,-9999.0,-9999.0,N,AM,CRMN MANAUS,S103,-3.02249999,-60.05555555,-9999.0
2284,2017-12-16,16:00,-9999.0,-9999.0,-9999.0,-9999.0,-9999,-9999.0,-9999.0,-9999.0,-9999.0,-9999.0,-9999.0,-9999,-9999,-9999,-9999,-9999.0,-9999.0,N,AM,CRMN MANAUS,S103,-3.02249999,-60.05555555,-9999.0
2285,2017-12-16,20:00,-9999.0,-9999.0,-9999.0,-9999.0,-9999,-9999.0,-9999.0,-9999.0,-9999.0,-9999.0,-9999.0,-9999,-9999,-9999,-9999,-9999.0,-9999.0,N,AM,CRMN MANAUS,S103,-3.02249999,-60.05555555,-9999.0
2286,2017-12-17,00:00,-9999.0,-9999.0,-9999.0,-9999.0,-9999,-9999.0,-9999.0,-9999.0,-9999.0,-9999.0,-9999.0,-9999,-9999,-9999,-9999,-9999.0,-9999.0,N,AM,CRMN MANAUS,S103,-3.02249999,-60.05555555,-9999.0
2287,2017-12-17,04:00,-9999.0,-9999.0,-9999.0,-9999.0,-9999,-9999.0,-9999.0,-9999.0,-9999.0,-9999.0,-9999.0,-9999,-9999,-9999,-9999,-9999.0,-9999.0,N,AM,CRMN MANAUS,S103,-3.02249999,-60.05555555,-9999.0
2288,2017-12-17,08:00,-9999.0,-9999.0,-9999.0,-9999.0,-9999,-9999.0,-9999.0,-9999.0,-9999.0,-9999.0,-9999.0,-9999,-9999,-9999,-9999,-9999.0,-9999.0,N,AM,CRMN MANAUS,S103,-3.02249999,-60.05555555,-9999.0
2289,2017-12-17,12:00,-9999.0,-9999.0,-9999.0,-9999.0,-9999,-9999.0,-9999.0,-9999.0,-9999.0,-9999.0,-9999.0,-9999,-9999,-9999,-9999,-9999.0,-9999.0,N,AM,CRMN MANAUS,S103,-3.02249999,-60.05555555,-9999.0
2290,2017-12-17,16:00,-9999.0,-9999.0,-9999.0,-9999.0,-9999,-9999.0,-9999.0,-9999.0,-9999.0,-9999.0,-9999.0,-9999,-9999,-9999,-9999,-9999.0,-9999.0,N,AM,CRMN MANAUS,S103,-3.02249999,-60.05555555,-9999.0
2291,2017-12-17,20:00,-9999.0,-9999.0,-9999.0,-9999.0,-9999,-9999.0,-9999.0,-9999.0,-9999.0,-9999.0,-9999.0,-9999,-9999,-9999,-9999,-9999.0,-9999.0,N,AM,CRMN MANAUS,S103,-3.02249999,-60.05555555,-9999.0
2292,2017-12-18,00:00,-9999.0,-9999.0,-9999.0,-9999.0,-9999,-9999.0,-9999.0,-9999.0,-9999.0,-9999.0,-9999.0,-9999,-9999,-9999,-9999,-9999.0,-9999.0,N,AM,CRMN MANAUS,S103,-3.02249999,-60.05555555,-9999.0
2293,2017-12-18,04:00,-9999.0,-9999.0,-9999.0,-9999.0,-9999,-9999.0,-9999.0,-9999.0,-9999.0,-9999.0,-9999.0,-9999,-9999,-9999,-9999,-9999.0,-9999.0,N,AM,CRMN MANAUS,S103,-3.02249999,-60.05555555,-9999.0
2294,2017-12-18,08:00,-9999.0,-9999.0,-9999.0,-9999.0,-9999,-9999.0,-9999.0,-9999.0,-9999.0,-9999.0,-9999.0,-9999,-9999,-9999,-9999,-9999.0,-9999.0,N,AM,CRMN MANAUS,S103,-3.02249999,-60.05555555,-9999.0
2295,2017-12-18,12:00,-9999.0,-9999.0,-9999.0,-9999.0,-9999,-9999.0,-9999.0,-9999.0,-9999.0,-9999.0,-9999.0,-9999,-9999,-9999,-9999,-9999.0,-9999.0,N,AM,CRMN MANAUS,S103,-3.02249999,-60.05555555,-9999.0
2296,2017-12-18,16:00,-9999.0,-9999.0,-9999.0,-9999.0,-9999,-9999.0,-9999.0,-9999.0,-9999.0,-9999.0,-9999.0,-9999,-9999,-9999,-9999,-9999.0,-9999.0,N,AM,CRMN MANAUS,S103,-3.02249999,-60.05555555,-9999.0
2297,2017-12-18,20:00,-9999.0,-9999.0,-9999.0,-9999.0,-9999,-9999.0,-9999.0,-9999.0,-9999.0,-9999.0,-9999.0,-9999,-9999,-9999,-9999,-9999.0,-9999.0,N,AM,CRMN MANAUS,S103,-3.02249999,-60.05555555,-9999.0
2298,2017-12-19,00:00,-9999.0,-9999.0,-9999.0,-9999.0,-9999,-9999.0,-9999.0,-9999.0,-9999.0,-9999.0,-9999.0,-9999,-9999,-9999,-9999,-9999.0,-9999.0,N,AM,CRMN MANAUS,S103,-3.02249999,-60.05555555,-9999.0
2299,2017-12-19,04:00,-9999.0,-9999.0,-9999.0,-9999.0,-9999,-9999.0,-9999.0,-9999.0,-9999.0,-9999.0,-9999.0,-9999,-9999,-9999,-9999,-9999.0,-9999.0,N,AM,CRMN MANAUS,S103,-3.02249999,-60.05555555,-9999.0
2300,2017-12-19,08:00,-9999.0,-9999.0,-9999.0,-9999.0,-9999,-9999.0,-9999.0,-9999.0,-9999.0,-9999.0,-9999.0,-9999,-9999,-9999,-9999,-9999.0,-9999.0,N,AM,CRMN MANAUS,S103,-3.02249999,-60.05555555,-9999.0
2301,2017-12-19,12:00,-9999.0,-9999.0,-9999.0,-9999.0,-9999,-9999.0,-9999.0,-9999.0,-9999.0,-9999.0,-9999.0,-9999,-9999,-9999,-9999,-9999.0,-9999.0,N,AM,CRMN MANAUS,S103,-3.02249999,-60.05555555,-9999.0
2302,2017-12-19,16:00,-9999.0,-9999.0,-9999.0,-9999.0,-9999,-9999.0,-9999.0,-9999.0,-9999.0,-9999.0,-9999.0,-9999,-9999,-9999,-9999,-9999.0,-9999.0,N,AM,CRMN MANAUS,S103,-3.02249999,-60.05555555,-9999.0
2303,2017-12-19,20:00,-9999.0,-9999.0,-9999.0,-9999.0,-9999,-9999.0,-9999.0,-9999.0,-9999.0,-9999.0,-9999.0,-9999,-9999,-9999,-9999,-9999.0,-9999.0,N,AM,CRMN MANAUS,S103,-3.02249999,-60.05555555,-9999.0
2304,2017-12-20,00:00,-9999.0,-9999.0,-9999.0,-9999.0,-9999,-9999.0,-9999.0,-9999.0,-9999.0,-9999.0,-9999.0,-9999,-9999,-9999,-9999,-9999.0,-9999.0,N,AM,CRMN MANAUS,S103,-3.02249999,-60.05555555,-9999.0
2305,2017-12-20,04:00,-9999.0,-9999.0,-9999.0,-9999.0,-9999,-9999.0,-9999.0,-9999.0,-9999.0,-9999.0,-9999.0,-9999,-9999,-9999,-9999,-9999.0,-9999.0,N,AM,CRMN MANAUS,S103,-3.02249999,-60.05555555,-9999.0
2306,2017-12-20,08:00,-9999.0,-9999.0,-9999.0,-9999.0,-9999,-9999.0,-9999.0,-9999.0,-9999.0,-9999.0,-9999.0,-9999,-9999,-9999,-9999,-9999.0,-9999.0,N,AM,CRMN MANAUS,S103,-3.02249999,-60.05555555,-9999.0
2307,2017-12-20,12:00,-9999.0,-9999.0,-9999.0,-9999.0,-9999,-9999.0,-9999.0,-9999.0,-9999.0,-9999.0,-9999.0,-9999,-9999,-9999,-9999,-9999.0,-9999.0,N,AM,CRMN MANAUS,S103,-3.02249999,-60.05555555,-9999.0
2308,2017-12-20,16:00,-9999.0,-9999.0,-9999.0,-9999.0,-9999,-9999.0,-9999.0,-9999.0,-9999.0,-9999.0,-9999.0,-9999,-9999,-9999,-9999,-9999.0,-9999.0,N,AM,CRMN MANAUS,S103,-3.02249999,-60.05555555,-9999.0
2309,2017-12-20,20:00,-9999.0,-9999.0,-9999.0,-9999.0,-9999,-9999.0,-9999.0,-9999.0,-9999.0,-9999.0,-9999.0,-9999,-9999,-9999,-9999,-9999.0,-9999.0,N,AM,CRMN MANAUS,S103,-3.02249999,-60.05555555,-9999.0
2310,2017-12-21,00:00,-9999.0,-9999.0,-9999.0,-9999.0,-9999,-9999.0,-9999.0,-9999.0,-9999.0,-9999.0,-9999.0,-9999,-9999,-9999,-9999,-9999.0,-9999.0,N,AM,CRMN MANAUS,S103,-3.02249999,-60.05555555,-9999.0
2311,2017-12-21,04:00,-9999.0,-9999.0,-9999.0,-9999.0,-9999,-9999.0,-9999.0,-9999.0,-9999.0,-9999.0,-9999.0,-9999,-9999,-9999,-9999,-9999.0,-9999.0,N,AM,CRMN MANAUS,S103,-3.02249999,-60.05555555,-9999.0
2312,2017-12-21,08:00,-9999.0,-9999.0,-9999.0,-9999.0,-9999,-9999.0,-9999.0,-9999.0,-9999.0,-9999.0,-9999.0,-9999,-9999,-9999,-9999,-9999.0,-9999.0,N,AM,CRMN MANAUS,S103,-3.02249999,-60.05555555,-9999.0
2313,2017-12-21,12:00,-9999.0,-9999.0,-9999.0,-9999.0,-9999,-9999.0,-9999.0,-9999.0,-9999.0,-9999.0,-9999.0,-9999,-9999,-9999,-9999,-9999.0,-9999.0,N,AM,CRMN MANAUS,S103,-3.02249999,-60.05555555,-9999.0
2314,2017-12-21,16:00,-9999.0,-9999.0,-9999.0,-9999.0,-9999,-9999.0,-9999.0,-9999.0,-9999.0,-9999.0,-9999.0,-9999,-9999,-9999,-9999,-9999.0,-9999.0,N,AM,CRMN MANAUS,S103,-3.02249999,-60.05555555,-9999.0
2315,2017-12-21,20:00,-9999.0,-9999.0,-9999.0,-9999.0,-9999,-9999.0,-9999.0,-9999.0,-9999.0,-9999.0,-9999.0,-9999,-9999,-9999,-9999,-9999.0,-9999.0,N,AM,CRMN MANAUS,S103,-3.02249999,-60.05555555,-9999.0
2316,2017-12-22,00:00,-9999.0,-9999.0,-9999.0,-9999.0,-9999,-9999.0,-9999.0,-9999.0,-9999.0,-9999.0,-9999.0,-9999,-9999,-9999,-9999,-9999.0,-9999.0,N,AM,CRMN MANAUS,S103,-3.02249999,-60.05555555,-9999.0
2317,2017-12-22,04:00,-9999.0,-9999.0,-9999.0,-9999.0,-9999,-9999.0,-9999.0,-9999.0,-9999.0,-9999.0,-9999.0,-9999,-9999,-9999,-9999,-9999.0,-9999.0,N,AM,CRMN MANAUS,S103,-3.02249999,-60.05555555,-9999.0
2318,2017-12-22,08:00,-9999.0,-9999.0,-9999.0,-9999.0,-9999,-9999.0,-9999.0,-9999.0,-9999.0,-9999.0,-9999.0,-9999,-9999,-9999,-9999,-9999.0,-9999.0,N,AM,CRMN MANAUS,S103,-3.02249999,-60.05555555,-9999.0
2319,2017-12-22,12:00,-9999.0,-9999.0,-9999.0,-9999.0,-9999,-9999.0,-9999.0,-9999.0,-9999.0,-9999.0,-9999.0,-9999,-9999,-9999,-9999,-9999.0,-9999.0,N,AM,CRMN MANAUS,S103,-3.02249999,-60.05555555,-9999.0
2320,2017-12-22,16:00,-9999.0,-9999.0,-9999.0,-9999.0,-9999,-9999.0,-9999.0,-9999.0,-9999.0,-9999.0,-9999.0,-9999,-9999,-9999,-9999,-9999.0,-9999.0,N,AM,CRMN MANAUS,S103,-3.02249999,-60.05555555,-9999.0
2321,2017-12-22,20:00,-9999.0,-9999.0,-9999.0,-9999.0,-9999,-9999.0,-9999.0,-9999.0,-9999.0,-9999.0,-9999.0,-9999,-9999,-9999,-9999,-9999.0,-9999.0,N,AM,CRMN MANAUS,S103,-3.02249999,-60.05555555,-9999.0
2322,2017-12-23,00:00,-9999.0,-9999.0,-9999.0,-9999.0,-9999,-9999.0,-9999.0,-9999.0,-9999.0,-9999.0,-9999.0,-9999,-9999,-9999,-9999,-9999.0,-9999.0,N,AM,CRMN MANAUS,S103,-3.02249999,-60.05555555,-9999.0
2323,2017-12-23,04:00,-9999.0,-9999.0,-9999.0,-9999.0,-9999,-9999.0,-9999.0,-9999.0,-9999.0,-9999.0,-9999.0,-9999,-9999,-9999,-9999,-9999.0,-9999.0,N,AM,CRMN MANAUS,S103,-3.02249999,-60.05555555,-9999.0
2324,2017-12-23,08:00,-9999.0,-9999.0,-9999.0,-9999.0,-9999,-9999.0,-9999.0,-9999.0,-9999.0,-9999.0,-9999.0,-9999,-9999,-9999,-9999,-9999.0,-9999.0,N,AM,CRMN MANAUS,S103,-3.02249999,-60.05555555,-9999.0
2325,2017-12-23,12:00,-9999.0,-9999.0,-9999.0,-9999.0,-9999,-9999.0,-9999.0,-9999.0,-9999.0,-9999.0,-9999.0,-9999,-9999,-9999,-9999,-9999.0,-9999.0,N,AM,CRMN MANAUS,S103,-3.02249999,-60.05555555,-9999.0
2326,2017-12-23,16:00,-9999.0,-9999.0,-9999.0,-9999.0,-9999,-9999.0,-9999.0,-9999.0,-9999.0,-9999.0,-9999.0,-9999,-9999,-9999,-9999,-9999.0,-9999.0,N,AM,CRMN MANAUS,S103,-3.02249999,-60.05555555,-9999.0
2327,2017-12-23,20:00,-9999.0,-9999.0,-9999.0,-9999.0,-9999,-9999.0,-9999.0,-9999.0,-9999.0,-9999.0,-9999.0,-9999,-9999,-9999,-9999,-9999.0,-9999.0,N,AM,CRMN MANAUS,S103,-3.02249999,-60.05555555,-9999.0
2328,2017-12-24,00:00,-9999.0,-9999.0,-9999.0,-9999.0,-9999,-9999.0,-9999.0,-9999.0,-9999.0,-9999.0,-9999.0,-9999,-9999,-9999,-9999,-9999.0,-9999.0,N,AM,CRMN MANAUS,S103,-3.02249999,-60.05555555,-9999.0
2329,2017-12-24,04:00,-9999.0,-9999.0,-9999.0,-9999.0,-9999,-9999.0,-9999.0,-9999.0,-9999.0,-9999.0,-9999.0,-9999,-9999,-9999,-9999,-9999.0,-9999.0,N,AM,CRMN MANAUS,S103,-3.02249999,-60.05555555,-9999.0
2330,2017-12-24,08:00,-9999.0,-9999.0,-9999.0,-9999.0,-9999,-9999.0,-9999.0,-9999.0,-9999.0,-9999.0,-9999.0,-9999,-9999,-9999,-9999,-9999.0,-9999.0,N,AM,CRMN MANAUS,S103,-3.02249999,-60.05555555,-9999.0
2331,2017-12-24,12:00,-9999.0,-9999.0,-9999.0,-9999.0,-9999,-9999.0,-9999.0,-9999.0,-9999.0,-9999.0,-9999.0,-9999,-9999,-9999,-9999,-9999.0,-9999.0,N,AM,CRMN MANAUS,S103,-3.02249999,-60.05555555,-9999.0
2332,2017-12-24,16:00,-9999.0,-9999.0,-9999.0,-9999.0,-9999,-9999.0,-9999.0,-9999.0,-9999.0,-9999.0,-9999.0,-9999,-9999,-9999,-9999,-9999.0,-9999.0,N,AM,CRMN MANAUS,S103,-3.02249999,-60.05555555,-9999.0
2333,2017-12-24,20:00,-9999.0,-9999.0,-9999.0,-9999.0,-9999,-9999.0,-9999.0,-9999.0,-9999.0,-9999.0,-9999.0,-9999,-9999,-9999,-9999,-9999.0,-9999.0,N,AM,CRMN MANAUS,S103,-3.02249999,-60.05555555,-9999.0
2334,2017-12-25,00:00,-9999.0,-9999.0,-9999.0,-9999.0,-9999,-9999.0,-9999.0,-9999.0,-9999.0,-9999.0,-9999.0,-9999,-9999,-9999,-9999,-9999.0,-9999.0,N,AM,CRMN MANAUS,S103,-3.02249999,-60.05555555,-9999.0
2335,2017-12-25,04:00,-9999.0,-9999.0,-9999.0,-9999.0,-9999,-9999.0,-9999.0,-9999.0,-9999.0,-9999.0,-9999.0,-9999,-9999,-9999,-9999,-9999.0,-9999.0,N,AM,CRMN MANAUS,S103,-3.02249999,-60.05555555,-9999.0
2336,2017-12-25,08:00,-9999.0,-9999.0,-9999.0,-9999.0,-9999,-9999.0,-9999.0,-9999.0,-9999.0,-9999.0,-9999.0,-9999,-9999,-9999,-9999,-9999.0,-9999.0,N,AM,CRMN MANAUS,S103,-3.02249999,-60.05555555,-9999.0
2337,2017-12-25,12:00,-9999.0,-9999.0,-9999.0,-9999.0,-9999,-9999.0,-9999.0,-9999.0,-9999.0,-9999.0,-9999.0,-9999,-9999,-9999,-9999,-9999.0,-9999.0,N,AM,CRMN MANAUS,S103,-3.02249999,-60.05555555,-9999.0
2338,2017-12-25,16:00,-9999.0,-9999.0,-9999.0,-9999.0,-9999,-9999.0,-9999.0,-9999.0,-9999.0,-9999.0,-9999.0,-9999,-9999,-9999,-9999,-9999.0,-9999.0,N,AM,CRMN MANAUS,S103,-3.02249999,-60.05555555,-9999.0
2339,2017-12-25,20:00,-9999.0,-9999.0,-9999.0,-9999.0,-9999,-9999.0,-9999.0,-9999.0,-9999.0,-9999.0,-9999.0,-9999,-9999,-9999,-9999,-9999.0,-9999.0,N,AM,CRMN MANAUS,S103,-3.02249999,-60.05555555,-9999.0
2340,2017-12-26,00:00,-9999.0,-9999.0,-9999.0,-9999.0,-9999,-9999.0,-9999.0,-9999.0,-9999.0,-9999.0,-9999.0,-9999,-9999,-9999,-9999,-9999.0,-9999.0,N,AM,CRMN MANAUS,S103,-3.02249999,-60.05555555,-9999.0
2341,2017-12-26,04:00,-9999.0,-9999.0,-9999.0,-9999.0,-9999,-9999.0,-9999.0,-9999.0,-9999.0,-9999.0,-9999.0,-9999,-9999,-9999,-9999,-9999.0,-9999.0,N,AM,CRMN MANAUS,S103,-3.02249999,-60.05555555,-9999.0
2342,2017-12-26,08:00,-9999.0,-9999.0,-9999.0,-9999.0,-9999,-9999.0,-9999.0,-9999.0,-9999.0,-9999.0,-9999.0,-9999,-9999,-9999,-9999,-9999.0,-9999.0,N,AM,CRMN MANAUS,S103,-3.02249999,-60.05555555,-9999.0
2343,2017-12-26,12:00,-9999.0,-9999.0,-9999.0,-9999.0,-9999,-9999.0,-9999.0,-9999.0,-9999.0,-9999.0,-9999.0,-9999,-9999,-9999,-9999,-9999.0,-9999.0,N,AM,CRMN MANAUS,S103,-3.02249999,-60.05555555,-9999.0
2344,2017-12-26,16:00,-9999.0,-9999.0,-9999.0,-9999.0,-9999,-9999.0,-9999.0,-9999.0,-9999.0,-9999.0,-9999.0,-9999,-9999,-9999,-9999,-9999.0,-9999.0,N,AM,CRMN MANAUS,S103,-3.02249999,-60.05555555,-9999.0
2345,2017-12-26,20:00,-9999.0,-9999.0,-9999.0,-9999.0,-9999,-9999.0,-9999.0,-9999.0,-9999.0,-9999.0,-9999.0,-9999,-9999,-9999,-9999,-9999.0,-9999.0,N,AM,CRMN MANAUS,S103,-3.02249999,-60.05555555,-9999.0
2346,2017-12-27,00:00,-9999.0,-9999.0,-9999.0,-9999.0,-9999,-9999.0,-9999.0,-9999.0,-9999.0,-9999.0,-9999.0,-9999,-9999,-9999,-9999,-9999.0,-9999.0,N,AM,CRMN MANAUS,S103,-3.02249999,-60.05555555,-9999.0
2347,2017-12-27,04:00,-9999.0,-9999.0,-9999.0,-9999.0,-9999,-9999.0,-9999.0,-9999.0,-9999.0,-9999.0,-9999.0,-9999,-9999,-9999,-9999,-9999.0,-9999.0,N,AM,CRMN MANAUS,S103,-3.02249999,-60.05555555,-9999.0
2348,2017-12-27,08:00,-9999.0,-9999.0,-9999.0,-9999.0,-9999,-9999.0,-9999.0,-9999.0,-9999.0,-9999.0,-9999.0,-9999,-9999,-9999,-9999,-9999.0,-9999.0,N,AM,CRMN MANAUS,S103,-3.02249999,-60.05555555,-9999.0
2349,2017-12-27,12:00,-9999.0,-9999.0,-9999.0,-9999.0,-9999,-9999.0,-9999.0,-9999.0,-9999.0,-9999.0,-9999.0,-9999,-9999,-9999,-9999,-9999.0,-9999.0,N,AM,CRMN MANAUS,S103,-3.02249999,-60.05555555,-9999.0
2350,2017-12-27,16:00,-9999.0,-9999.0,-9999.0,-9999.0,-9999,-9999.0,-9999.0,-9999.0,-9999.0,-9999.0,-9999.0,-9999,-9999,-9999,-9999,-9999.0,-9999.0,N,AM,CRMN MANAUS,S103,-3.02249999,-60.05555555,-9999.0
2351,2017-12-27,20:00,-9999.0,-9999.0,-9999.0,-9999.0,-9999,-9999.0,-9999.0,-9999.0,-9999.0,-9999.0,-9999.0,-9999,-9999,-9999,-9999,-9999.0,-9999.0,N,AM,CRMN MANAUS,S103,-3.02249999,-60.05555555,-9999.0
2352,2017-12-28,00:00,-9999.0,-9999.0,-9999.0,-9999.0,-9999,-9999.0,-9999.0,-9999.0,-9999.0,-9999.0,-9999.0,-9999,-9999,-9999,-9999,-9999.0,-9999.0,N,AM,CRMN MANAUS,S103,-3.02249999,-60.05555555,-9999.0
2353,2017-12-28,04:00,-9999.0,-9999.0,-9999.0,-9999.0,-9999,-9999.0,-9999.0,-9999.0,-9999.0,-9999.0,-9999.0,-9999,-9999,-9999,-9999,-9999.0,-9999.0,N,AM,CRMN MANAUS,S103,-3.02249999,-60.05555555,-9999.0
2354,2017-12-28,08:00,-9999.0,-9999.0,-9999.0,-9999.0,-9999,-9999.0,-9999.0,-9999.0,-9999.0,-9999.0,-9999.0,-9999,-9999,-9999,-9999,-9999.0,-9999.0,N,AM,CRMN MANAUS,S103,-3.02249999,-60.05555555,-9999.0
2355,2017-12-28,12:00,-9999.0,-9999.0,-9999.0,-9999.0,-9999,-9999.0,-9999.0,-9999.0,-9999.0,-9999.0,-9999.0,-9999,-9999,-9999,-9999,-9999.0,-9999.0,N,AM,CRMN MANAUS,S103,-3.02249999,-60.05555555,-9999.0
2356,2017-12-28,16:00,-9999.0,-9999.0,-9999.0,-9999.0,-9999,-9999.0,-9999.0,-9999.0,-9999.0,-9999.0,-9999.0,-9999,-9999,-9999,-9999,-9999.0,-9999.0,N,AM,CRMN MANAUS,S103,-3.02249999,-60.05555555,-9999.0
2357,2017-12-28,20:00,-9999.0,-9999.0,-9999.0,-9999.0,-9999,-9999.0,-9999.0,-9999.0,-9999.0,-9999.0,-9999.0,-9999,-9999,-9999,-9999,-9999.0,-9999.0,N,AM,CRMN MANAUS,S103,-3.02249999,-60.05555555,-9999.0
2358,2017-12-29,00:00,-9999.0,-9999.0,-9999.0,-9999.0,-9999,-9999.0,-9999.0,-9999.0,-9999.0,-9999.0,-9999.0,-9999,-9999,-9999,-9999,-9999.0,-9999.0,N,AM,CRMN MANAUS,S103,-3.02249999,-60.05555555,-9999.0
2359,2017-12-29,04:00,-9999.0,-9999.0,-9999.0,-9999.0,-9999,-9999.0,-9999.0,-9999.0,-9999.0,-9999.0,-9999.0,-9999,-9999,-9999,-9999,-9999.0,-9999.0,N,AM,CRMN MANAUS,S103,-3.02249999,-60.05555555,-9999.0
2360,2017-12-29,08:00,-9999.0,-9999.0,-9999.0,-9999.0,-9999,-9999.0,-9999.0,-9999.0,-9999.0,-9999.0,-9999.0,-9999,-9999,-9999,-9999,-9999.0,-9999.0,N,AM,CRMN MANAUS,S103,-3.02249999,-60.05555555,-9999.0
2361,2017-12-29,12:00,-9999.0,-9999.0,-9999.0,-9999.0,-9999,-9999.0,-9999.0,-9999.0,-9999.0,-9999.0,-9999.0,-9999,-9999,-9999,-9999,-9999.0,-9999.0,N,AM,CRMN MANAUS,S103,-3.02249999,-60.05555555,-9999.0
2362,2017-12-29,16:00,-9999.0,-9999.0,-9999.0,-9999.0,-9999,-9999.0,-9999.0,-9999.0,-9999.0,-9999.0,-9999.0,-9999,-9999,-9999,-9999,-9999.0,-9999.0,N,AM,CRMN MANAUS,S103,-3.02249999,-60.05555555,-9999.0
2363,2017-12-29,20:00,-9999.0,-9999.0,-9999.0,-9999.0,-9999,-9999.0,-9999.0,-9999.0,-9999.0,-9999.0,-9999.0,-9999,-9999,-9999,-9999,-9999.0,-9999.0,N,AM,CRMN MANAUS,S103,-3.02249999,-60.05555555,-9999.0
2364,2017-12-30,00:00,-9999.0,-9999.0,-9999.0,-9999.0,-9999,-9999.0,-9999.0,-9999.0,-9999.0,-9999.0,-9999.0,-9999,-9999,-9999,-9999,-9999.0,-9999.0,N,AM,CRMN MANAUS,S103,-3.02249999,-60.05555555,-9999.0
2365,2017-12-30,04:00,-9999.0,-9999.0,-9999.0,-9999.0,-9999,-9999.0,-9999.0,-9999.0,-9999.0,-9999.0,-9999.0,-9999,-9999,-9999,-9999,-9999.0,-9999.0,N,AM,CRMN MANAUS,S103,-3.02249999,-60.05555555,-9999.0
2366,2017-12-30,08:00,-9999.0,-9999.0,-9999.0,-9999.0,-9999,-9999.0,-9999.0,-9999.0,-9999.0,-9999.0,-9999.0,-9999,-9999,-9999,-9999,-9999.0,-9999.0,N,AM,CRMN MANAUS,S103,-3.02249999,-60.05555555,-9999.0
2367,2017-12-30,12:00,-9999.0,-9999.0,-9999.0,-9999.0,-9999,-9999.0,-9999.0,-9999.0,-9999.0,-9999.0,-9999.0,-9999,-9999,-9999,-9999,-9999.0,-9999.0,N,AM,CRMN MANAUS,S103,-3.02249999,-60.05555555,-9999.0
2368,2017-12-30,16:00,-9999.0,-9999.0,-9999.0,-9999.0,-9999,-9999.0,-9999.0,-9999.0,-9999.0,-9999.0,-9999.0,-9999,-9999,-9999,-9999,-9999.0,-9999.0,N,AM,CRMN MANAUS,S103,-3.02249999,-60.05555555,-9999.0
2369,2017-12-30,20:00,-9999.0,-9999.0,-9999.0,-9999.0,-9999,-9999.0,-9999.0,-9999.0,-9999.0,-9999.0,-9999.0,-9999,-9999,-9999,-9999,-9999.0,-9999.0,N,AM,CRMN MANAUS,S103,-3.02249999,-60.05555555,-9999.0
2370,2017-12-31,00:00,-9999.0,-9999.0,-9999.0,-9999.0,-9999,-9999.0,-9999.0,-9999.0,-9999.0,-9999.0,-9999.0,-9999,-9999,-9999,-9999,-9999.0,-9999.0,N,AM,CRMN MANAUS,S103,-3.02249999,-60.05555555,-9999.0
2371,2017-12-31,04:00,-9999.0,-9999.0,-9999.0,-9999.0,-9999,-9999.0,-9999.0,-9999.0,-9999.0,-9999.0,-9999.0,-9999,-9999,-9999,-9999,-9999.0,-9999.0,N,AM,CRMN MANAUS,S103,-3.02249999,-60.05555555,-9999.0
2372,2017-12-31,08:00,-9999.0,-9999.0,-9999.0,-9999.0,-9999,-9999.0,-9999.0,-9999.0,-9999.0,-9999.0,-9999.0,-9999,-9999,-9999,-9999,-9999.0,-9999.0,N,AM,CRMN MANAUS,S103,-3.02249999,-60.05555555,-9999.0
2373,2017-12-31,12:00,-9999.0,-9999.0,-9999.0,-9999.0,-9999,-9999.0,-9999.0,-9999.0,-9999.0,-9999.0,-9999.0,-9999,-9999,-9999,-9999,-9999.0,-9999.0,N,AM,CRMN MANAUS,S103,-3.02249999,-60.05555555,-9999.0
2374,2017-12-31,16:00,-9999.0,-9999.0,-9999.0,-9999.0,-9999,-9999.0,-9999.0,-9999.0,-9999.0,-9999.0,-9999.0,-9999,-9999,-9999,-9999,-9999.0,-9999.0,N,AM,CRMN MANAUS,S103,-3.02249999,-60.05555555,-9999.0
2375,2017-12-31,20:00,-9999.0,-9999.0,-9999.0,-9999.0,-9999,-9999.0,-9999.0,-9999.0,-9999.0,-9999.0,-9999.0,-9999,-9999,-9999,-9999,-9999.0,-9999.0,N,AM,CRMN MANAUS,S103,-3.02249999,-60.05555555,-9999.0
2376,2018-01-01,00:00,-9999.0,-9999.0,-9999.0,-9999.0,-9999,-9999.0,-9999.0,-9999.0,-9999.0,-9999.0,-9999.0,-9999,-9999,-9999,-9999,-9999.0,-9999.0,N,AM,CRMN MANAUS,S103,-3.02249999,-60.05555555,-9999.0
2377,2018-01-01,04:00,-9999.0,-9999.0,-9999.0,-9999.0,-9999,-9999.0,-9999.0,-9999.0,-9999.0,-9999.0,-9999.0,-9999,-9999,-9999,-9999,-9999.0,-9999.0,N,AM,CRMN MANAUS,S103,-3.02249999,-60.05555555,-9999.0
2378,2018-01-01,08:00,-9999.0,-9999.0,-9999.0,-9999.0,-9999,-9999.0,-9999.0,-9999.0,-9999.0,-9999.0,-9999.0,-9999,-9999,-9999,-9999,-9999.0,-9999.0,N,AM,CRMN MANAUS,S103,-3.02249999,-60.05555555,-9999.0
2379,2018-01-01,12:00,-9999.0,-9999.0,-9999.0,-9999.0,-9999,-9999.0,-9999.0,-9999.0,-9999.0,-9999.0,-9999.0,-9999,-9999,-9999,-9999,-9999.0,-9999.0,N,AM,CRMN MANAUS,S103,-3.02249999,-60.05555555,-9999.0
2380,2018-01-01,16:00,-9999.0,-9999.0,-9999.0,-9999.0,-9999,-9999.0,-9999.0,-9999.0,-9999.0,-9999.0,-9999.0,-9999,-9999,-9999,-9999,-9999.0,-9999.0,N,AM,CRMN MANAUS,S103,-3.02249999,-60.05555555,-9999.0
2381,2018-01-01,20:00,-9999.0,-9999.0,-9999.0,-9999.0,-9999,-9999.0,-9999.0,-9999.0,-9999.0,-9999.0,-9999.0,-9999,-9999,-9999,-9999,-9999.0,-9999.0,N,AM,CRMN MANAUS,S103,-3.02249999,-60.05555555,-9999.0
2382,2018-01-02,00:00,-9999.0,-9999.0,-9999.0,-9999.0,-9999,-9999.0,-9999.0,-9999.0,-9999.0,-9999.0,-9999.0,-9999,-9999,-9999,-9999,-9999.0,-9999.0,N,AM,CRMN MANAUS,S103,-3.02249999,-60.05555555,-9999.0
2383,2018-01-02,04:00,-9999.0,-9999.0,-9999.0,-9999.0,-9999,-9999.0,-9999.0,-9999.0,-9999.0,-9999.0,-9999.0,-9999,-9999,-9999,-9999,-9999.0,-9999.0,N,AM,CRMN MANAUS,S103,-3.02249999,-60.05555555,-9999.0
2384,2018-01-02,08:00,-9999.0,-9999.0,-9999.0,-9999.0,-9999,-9999.0,-9999.0,-9999.0,-9999.0,-9999.0,-9999.0,-9999,-9999,-9999,-9999,-9999.0,-9999.0,N,AM,CRMN MANAUS,S103,-3.02249999,-60.05555555,-9999.0
2385,2018-01-02,12:00,-9999.0,-9999.0,-9999.0,-9999.0,-9999,-9999.0,-9999.0,-9999.0,-9999.0,-9999.0,-9999.0,-9999,-9999,-9999,-9999,-9999.0,-9999.0,N,AM,CRMN MANAUS,S103,-3.02249999,-60.05555555,-9999.0
2386,2018-01-02,16:00,-9999.0,-9999.0,-9999.0,-9999.0,-9999,-9999.0,-9999.0,-9999.0,-9999.0,-9999.0,-9999.0,-9999,-9999,-9999,-9999,-9999.0,-9999.0,N,AM,CRMN MANAUS,S103,-3.02249999,-60.05555555,-9999.0
2387,2018-01-02,20:00,-9999.0,-9999.0,-9999.0,-9999.0,-9999,-9999.0,-9999.0,-9999.0,-9999.0,-9999.0,-9999.0,-9999,-9999,-9999,-9999,-9999.0,-9999.0,N,AM,CRMN MANAUS,S103,-3.02249999,-60.05555555,-9999.0
2388,2018-01-03,00:00,-9999.0,-9999.0,-9999.0,-9999.0,-9999,-9999.0,-9999.0,-9999.0,-9999.0,-9999.0,-9999.0,-9999,-9999,-9999,-9999,-9999.0,-9999.0,N,AM,CRMN MANAUS,S103,-3.02249999,-60.05555555,-9999.0
2389,2018-01-03,04:00,-9999.0,-9999.0,-9999.0,-9999.0,-9999,-9999.0,-9999.0,-9999.0,-9999.0,-9999.0,-9999.0,-9999,-9999,-9999,-9999,-9999.0,-9999.0,N,AM,CRMN MANAUS,S103,-3.02249999,-60.05555555,-9999.0
2390,2018-01-03,08:00,-9999.0,-9999.0,-9999.0,-9999.0,-9999,-9999.0,-9999.0,-9999.0,-9999.0,-9999.0,-9999.0,-9999,-9999,-9999,-9999,-9999.0,-9999.0,N,AM,CRMN MANAUS,S103,-3.02249999,-60.05555555,-9999.0
2391,2018-01-03,12:00,-9999.0,-9999.0,-9999.0,-9999.0,-9999,-9999.0,-9999.0,-9999.0,-9999.0,-9999.0,-9999.0,-9999,-9999,-9999,-9999,-9999.0,-9999.0,N,AM,CRMN MANAUS,S103,-3.02249999,-60.05555555,-9999.0
2392,2018-01-03,16:00,-9999.0,-9999.0,-9999.0,-9999.0,-9999,-9999.0,-9999.0,-9999.0,-9999.0,-9999.0,-9999.0,-9999,-9999,-9999,-9999,-9999.0,-9999.0,N,AM,CRMN MANAUS,S103,-3.02249999,-60.05555555,-9999.0
2393,2018-01-03,20:00,-9999.0,-9999.0,-9999.0,-9999.0,-9999,-9999.0,-9999.0,-9999.0,-9999.0,-9999.0,-9999.0,-9999,-9999,-9999,-9999,-9999.0,-9999.0,N,AM,CRMN MANAUS,S103,-3.02249999,-60.05555555,-9999.0
2394,2018-01-04,00:00,-9999.0,-9999.0,-9999.0,-9999.0,-9999,-9999.0,-9999.0,-9999.0,-9999.0,-9999.0,-9999.0,-9999,-9999,-9999,-9999,-9999.0,-9999.0,N,AM,CRMN MANAUS,S103,-3.02249999,-60.05555555,-9999.0
2395,2018-01-04,04:00,-9999.0,-9999.0,-9999.0,-9999.0,-9999,-9999.0,-9999.0,-9999.0,-9999.0,-9999.0,-9999.0,-9999,-9999,-9999,-9999,-9999.0,-9999.0,N,AM,CRMN MANAUS,S103,-3.02249999,-60.05555555,-9999.0
2396,2018-01-04,08:00,-9999.0,-9999.0,-9999.0,-9999.0,-9999,-9999.0,-9999.0,-9999.0,-9999.0,-9999.0,-9999.0,-9999,-9999,-9999,-9999,-9999.0,-9999.0,N,AM,CRMN MANAUS,S103,-3.02249999,-60.05555555,-9999.0
2397,2018-01-04,12:00,-9999.0,-9999.0,-9999.0,-9999.0,-9999,-9999.0,-9999.0,-9999.0,-9999.0,-9999.0,-9999.0,-9999,-9999,-9999,-9999,-9999.0,-9999.0,N,AM,CRMN MANAUS,S103,-3.02249999,-60.05555555,-9999.0
2398,2018-01-04,16:00,-9999.0,-9999.0,-9999.0,-9999.0,-9999,-9999.0,-9999.0,-9999.0,-9999.0,-9999.0,-9999.0,-9999,-9999,-9999,-9999,-9999.0,-9999.0,N,AM,CRMN MANAUS,S103,-3.02249999,-60.05555555,-9999.0
2399,2018-01-04,20:00,-9999.0,-9999.0,-9999.0,-9999.0,-9999,-9999.0,-9999.0,-9999.0,-9999.0,-9999.0,-9999.0,-9999,-9999,-9999,-9999,-9999.0,-9999.0,N,AM,CRMN MANAUS,S103,-3.02249999,-60.05555555,-9999.0
2400,2018-01-05,00:00,-9999.0,-9999.0,-9999.0,-9999.0,-9999,-9999.0,-9999.0,-9999.0,-9999.0,-9999.0,-9999.0,-9999,-9999,-9999,-9999,-9999.0,-9999.0,N,AM,CRMN MANAUS,S103,-3.02249999,-60.05555555,-9999.0
2401,2018-01-05,04:00,-9999.0,-9999.0,-9999.0,-9999.0,-9999,-9999.0,-9999.0,-9999.0,-9999.0,-9999.0,-9999.0,-9999,-9999,-9999,-9999,-9999.0,-9999.0,N,AM,CRMN MANAUS,S103,-3.02249999,-60.05555555,-9999.0
2402,2018-01-05,08:00,-9999.0,-9999.0,-9999.0,-9999.0,-9999,-9999.0,-9999.0,-9999.0,-9999.0,-9999.0,-9999.0,-9999,-9999,-9999,-9999,-9999.0,-9999.0,N,AM,CRMN MANAUS,S103,-3.02249999,-60.05555555,-9999.0
2403,2018-01-05,12:00,-9999.0,-9999.0,-9999.0,-9999.0,-9999,-9999.0,-9999.0,-9999.0,-9999.0,-9999.0,-9999.0,-9999,-9999,-9999,-9999,-9999.0,-9999.0,N,AM,CRMN MANAUS,S103,-3.02249999,-60.05555555,-9999.0
2404,2018-01-05,16:00,-9999.0,-9999.0,-9999.0,-9999.0,-9999,-9999.0,-9999.0,-9999.0,-9999.0,-9999.0,-9999.0,-9999,-9999,-9999,-9999,-9999.0,-9999.0,N,AM,CRMN MANAUS,S103,-3.02249999,-60.05555555,-9999.0
2405,2018-01-05,20:00,-9999.0,-9999.0,-9999.0,-9999.0,-9999,-9999.0,-9999.0,-9999.0,-9999.0,-9999.0,-9999.0,-9999,-9999,-9999,-9999,-9999.0,-9999.0,N,AM,CRMN MANAUS,S103,-3.02249999,-60.05555555,-9999.0
2406,2018-01-06,00:00,-9999.0,-9999.0,-9999.0,-9999.0,-9999,-9999.0,-9999.0,-9999.0,-9999.0,-9999.0,-9999.0,-9999,-9999,-9999,-9999,-9999.0,-9999.0,N,AM,CRMN MANAUS,S103,-3.02249999,-60.05555555,-9999.0
2407,2018-01-06,04:00,-9999.0,-9999.0,-9999.0,-9999.0,-9999,-9999.0,-9999.0,-9999.0,-9999.0,-9999.0,-9999.0,-9999,-9999,-9999,-9999,-9999.0,-9999.0,N,AM,CRMN MANAUS,S103,-3.02249999,-60.05555555,-9999.0
2408,2018-01-06,08:00,-9999.0,-9999.0,-9999.0,-9999.0,-9999,-9999.0,-9999.0,-9999.0,-9999.0,-9999.0,-9999.0,-9999,-9999,-9999,-9999,-9999.0,-9999.0,N,AM,CRMN MANAUS,S103,-3.02249999,-60.05555555,-9999.0
2409,2018-01-06,12:00,-9999.0,-9999.0,-9999.0,-9999.0,-9999,-9999.0,-9999.0,-9999.0,-9999.0,-9999.0,-9999.0,-9999,-9999,-9999,-9999,-9999.0,-9999.0,N,AM,CRMN MANAUS,S103,-3.02249999,-60.05555555,-9999.0
2410,2018-01-06,16:00,-9999.0,-9999.0,-9999.0,-9999.0,-9999,-9999.0,-9999.0,-9999.0,-9999.0,-9999.0,-9999.0,-9999,-9999,-9999,-9999,-9999.0,-9999.0,N,AM,CRMN MANAUS,S103,-3.02249999,-60.05555555,-9999.0
2411,2018-01-06,20:00,-9999.0,-9999.0,-9999.0,-9999.0,-9999,-9999.0,-9999.0,-9999.0,-9999.0,-9999.0,-9999.0,-9999,-9999,-9999,-9999,-9999.0,-9999.0,N,AM,CRMN MANAUS,S103,-3.02249999,-60.05555555,-9999.0
2412,2018-01-07,00:00,-9999.0,-9999.0,-9999.0,-9999.0,-9999,-9999.0,-9999.0,-9999.0,-9999.0,-9999.0,-9999.0,-9999,-9999,-9999,-9999,-9999.0,-9999.0,N,AM,CRMN MANAUS,S103,-3.02249999,-60.05555555,-9999.0
2413,2018-01-07,04:00,-9999.0,-9999.0,-9999.0,-9999.0,-9999,-9999.0,-9999.0,-9999.0,-9999.0,-9999.0,-9999.0,-9999,-9999,-9999,-9999,-9999.0,-9999.0,N,AM,CRMN MANAUS,S103,-3.02249999,-60.05555555,-9999.0
2414,2018-01-07,08:00,-9999.0,-9999.0,-9999.0,-9999.0,-9999,-9999.0,-9999.0,-9999.0,-9999.0,-9999.0,-9999.0,-9999,-9999,-9999,-9999,-9999.0,-9999.0,N,AM,CRMN MANAUS,S103,-3.02249999,-60.05555555,-9999.0
2415,2018-01-07,12:00,-9999.0,-9999.0,-9999.0,-9999.0,-9999,-9999.0,-9999.0,-9999.0,-9999.0,-9999.0,-9999.0,-9999,-9999,-9999,-9999,-9999.0,-9999.0,N,AM,CRMN MANAUS,S103,-3.02249999,-60.05555555,-9999.0
2416,2018-01-07,16:00,-9999.0,-9999.0,-9999.0,-9999.0,-9999,-9999.0,-9999.0,-9999.0,-9999.0,-9999.0,-9999.0,-9999,-9999,-9999,-9999,-9999.0,-9999.0,N,AM,CRMN MANAUS,S103,-3.02249999,-60.05555555,-9999.0
2417,2018-01-07,20:00,-9999.0,-9999.0,-9999.0,-9999.0,-9999,-9999.0,-9999.0,-9999.0,-9999.0,-9999.0,-9999.0,-9999,-9999,-9999,-9999,-9999.0,-9999.0,N,AM,CRMN MANAUS,S103,-3.02249999,-60.05555555,-9999.0
2418,2018-01-08,00:00,-9999.0,-9999.0,-9999.0,-9999.0,-9999,-9999.0,-9999.0,-9999.0,-9999.0,-9999.0,-9999.0,-9999,-9999,-9999,-9999,-9999.0,-9999.0,N,AM,CRMN MANAUS,S103,-3.02249999,-60.05555555,-9999.0
2419,2018-01-08,04:00,-9999.0,-9999.0,-9999.0,-9999.0,-9999,-9999.0,-9999.0,-9999.0,-9999.0,-9999.0,-9999.0,-9999,-9999,-9999,-9999,-9999.0,-9999.0,N,AM,CRMN MANAUS,S103,-3.02249999,-60.05555555,-9999.0
2420,2018-01-08,08:00,-9999.0,-9999.0,-9999.0,-9999.0,-9999,-9999.0,-9999.0,-9999.0,-9999.0,-9999.0,-9999.0,-9999,-9999,-9999,-9999,-9999.0,-9999.0,N,AM,CRMN MANAUS,S103,-3.02249999,-60.05555555,-9999.0
2421,2018-01-08,12:00,-9999.0,-9999.0,-9999.0,-9999.0,-9999,-9999.0,-9999.0,-9999.0,-9999.0,-9999.0,-9999.0,-9999,-9999,-9999,-9999,-9999.0,-9999.0,N,AM,CRMN MANAUS,S103,-3.02249999,-60.05555555,-9999.0
2422,2018-01-08,16:00,-9999.0,-9999.0,-9999.0,-9999.0,-9999,-9999.0,-9999.0,-9999.0,-9999.0,-9999.0,-9999.0,-9999,-9999,-9999,-9999,-9999.0,-9999.0,N,AM,CRMN MANAUS,S103,-3.02249999,-60.05555555,-9999.0
2423,2018-01-08,20:00,-9999.0,-9999.0,-9999.0,-9999.0,-9999,-9999.0,-9999.0,-9999.0,-9999.0,-9999.0,-9999.0,-9999,-9999,-9999,-9999,-9999.0,-9999.0,N,AM,CRMN MANAUS,S103,-3.02249999,-60.05555555,-9999.0
2424,2018-01-09,00:00,-9999.0,-9999.0,-9999.0,-9999.0,-9999,-9999.0,-9999.0,-9999.0,-9999.0,-9999.0,-9999.0,-9999,-9999,-9999,-9999,-9999.0,-9999.0,N,AM,CRMN MANAUS,S103,-3.02249999,-60.05555555,-9999.0
2425,2018-01-09,04:00,-9999.0,-9999.0,-9999.0,-9999.0,-9999,-9999.0,-9999.0,-9999.0,-9999.0,-9999.0,-9999.0,-9999,-9999,-9999,-9999,-9999.0,-9999.0,N,AM,CRMN MANAUS,S103,-3.02249999,-60.05555555,-9999.0
2426,2018-01-09,08:00,-9999.0,-9999.0,-9999.0,-9999.0,-9999,-9999.0,-9999.0,-9999.0,-9999.0,-9999.0,-9999.0,-9999,-9999,-9999,-9999,-9999.0,-9999.0,N,AM,CRMN MANAUS,S103,-3.02249999,-60.05555555,-9999.0
2427,2018-01-09,12:00,-9999.0,-9999.0,-9999.0,-9999.0,-9999,-9999.0,-9999.0,-9999.0,-9999.0,-9999.0,-9999.0,-9999,-9999,-9999,-9999,-9999.0,-9999.0,N,AM,CRMN MANAUS,S103,-3.02249999,-60.05555555,-9999.0
2428,2018-01-09,16:00,-9999.0,-9999.0,-9999.0,-9999.0,-9999,-9999.0,-9999.0,-9999.0,-9999.0,-9999.0,-9999.0,-9999,-9999,-9999,-9999,-9999.0,-9999.0,N,AM,CRMN MANAUS,S103,-3.02249999,-60.05555555,-9999.0
2429,2018-01-09,20:00,-9999.0,-9999.0,-9999.0,-9999.0,-9999,-9999.0,-9999.0,-9999.0,-9999.0,-9999.0,-9999.0,-9999,-9999,-9999,-9999,-9999.0,-9999.0,N,AM,CRMN MANAUS,S103,-3.02249999,-60.05555555,-9999.0
2430,2018-01-10,00:00,-9999.0,-9999.0,-9999.0,-9999.0,-9999,-9999.0,-9999.0,-9999.0,-9999.0,-9999.0,-9999.0,-9999,-9999,-9999,-9999,-9999.0,-9999.0,N,AM,CRMN MANAUS,S103,-3.02249999,-60.05555555,-9999.0
2431,2018-01-10,04:00,-9999.0,-9999.0,-9999.0,-9999.0,-9999,-9999.0,-9999.0,-9999.0,-9999.0,-9999.0,-9999.0,-9999,-9999,-9999,-9999,-9999.0,-9999.0,N,AM,CRMN MANAUS,S103,-3.02249999,-60.05555555,-9999.0
2432,2018-01-10,08:00,-9999.0,-9999.0,-9999.0,-9999.0,-9999,-9999.0,-9999.0,-9999.0,-9999.0,-9999.0,-9999.0,-9999,-9999,-9999,-9999,-9999.0,-9999.0,N,AM,CRMN MANAUS,S103,-3.02249999,-60.05555555,-9999.0
2433,2018-01-10,12:00,-9999.0,-9999.0,-9999.0,-9999.0,-9999,-9999.0,-9999.0,-9999.0,-9999.0,-9999.0,-9999.0,-9999,-9999,-9999,-9999,-9999.0,-9999.0,N,AM,CRMN MANAUS,S103,-3.02249999,-60.05555555,-9999.0
2434,2018-01-10,16:00,-9999.0,-9999.0,-9999.0,-9999.0,-9999,-9999.0,-9999.0,-9999.0,-9999.0,-9999.0,-9999.0,-9999,-9999,-9999,-9999,-9999.0,-9999.0,N,AM,CRMN MANAUS,S103,-3.02249999,-60.05555555,-9999.0
2435,2018-01-10,20:00,-9999.0,-9999.0,-9999.0,-9999.0,-9999,-9999.0,-9999.0,-9999.0,-9999.0,-9999.0,-9999.0,-9999,-9999,-9999,-9999,-9999.0,-9999.0,N,AM,CRMN MANAUS,S103,-3.02249999,-60.05555555,-9999.0
2436,2018-01-11,00:00,-9999.0,-9999.0,-9999.0,-9999.0,-9999,-9999.0,-9999.0,-9999.0,-9999.0,-9999.0,-9999.0,-9999,-9999,-9999,-9999,-9999.0,-9999.0,N,AM,CRMN MANAUS,S103,-3.02249999,-60.05555555,-9999.0
2437,2018-01-11,04:00,-9999.0,-9999.0,-9999.0,-9999.0,-9999,-9999.0,-9999.0,-9999.0,-9999.0,-9999.0,-9999.0,-9999,-9999,-9999,-9999,-9999.0,-9999.0,N,AM,CRMN MANAUS,S103,-3.02249999,-60.05555555,-9999.0
2438,2018-01-11,08:00,-9999.0,-9999.0,-9999.0,-9999.0,-9999,-9999.0,-9999.0,-9999.0,-9999.0,-9999.0,-9999.0,-9999,-9999,-9999,-9999,-9999.0,-9999.0,N,AM,CRMN MANAUS,S103,-3.02249999,-60.05555555,-9999.0
2439,2018-01-11,12:00,-9999.0,-9999.0,-9999.0,-9999.0,-9999,-9999.0,-9999.0,-9999.0,-9999.0,-9999.0,-9999.0,-9999,-9999,-9999,-9999,-9999.0,-9999.0,N,AM,CRMN MANAUS,S103,-3.02249999,-60.05555555,-9999.0
2440,2018-01-11,16:00,-9999.0,-9999.0,-9999.0,-9999.0,-9999,-9999.0,-9999.0,-9999.0,-9999.0,-9999.0,-9999.0,-9999,-9999,-9999,-9999,-9999.0,-9999.0,N,AM,CRMN MANAUS,S103,-3.02249999,-60.05555555,-9999.0
2441,2018-01-11,20:00,-9999.0,-9999.0,-9999.0,-9999.0,-9999,-9999.0,-9999.0,-9999.0,-9999.0,-9999.0,-9999.0,-9999,-9999,-9999,-9999,-9999.0,-9999.0,N,AM,CRMN MANAUS,S103,-3.02249999,-60.05555555,-9999.0
2442,2018-01-12,00:00,-9999.0,-9999.0,-9999.0,-9999.0,-9999,-9999.0,-9999.0,-9999.0,-9999.0,-9999.0,-9999.0,-9999,-9999,-9999,-9999,-9999.0,-9999.0,N,AM,CRMN MANAUS,S103,-3.02249999,-60.05555555,-9999.0
2443,2018-01-12,04:00,-9999.0,-9999.0,-9999.0,-9999.0,-9999,-9999.0,-9999.0,-9999.0,-9999.0,-9999.0,-9999.0,-9999,-9999,-9999,-9999,-9999.0,-9999.0,N,AM,CRMN MANAUS,S103,-3.02249999,-60.05555555,-9999.0
2444,2018-01-12,08:00,-9999.0,-9999.0,-9999.0,-9999.0,-9999,-9999.0,-9999.0,-9999.0,-9999.0,-9999.0,-9999.0,-9999,-9999,-9999,-9999,-9999.0,-9999.0,N,AM,CRMN MANAUS,S103,-3.02249999,-60.05555555,-9999.0
2445,2018-01-12,12:00,-9999.0,-9999.0,-9999.0,-9999.0,-9999,-9999.0,-9999.0,-9999.0,-9999.0,-9999.0,-9999.0,-9999,-9999,-9999,-9999,-9999.0,-9999.0,N,AM,CRMN MANAUS,S103,-3.02249999,-60.05555555,-9999.0
2446,2018-01-12,16:00,-9999.0,-9999.0,-9999.0,-9999.0,-9999,-9999.0,-9999.0,-9999.0,-9999.0,-9999.0,-9999.0,-9999,-9999,-9999,-9999,-9999.0,-9999.0,N,AM,CRMN MANAUS,S103,-3.02249999,-60.05555555,-9999.0
2447,2018-01-12,20:00,-9999.0,-9999.0,-9999.0,-9999.0,-9999,-9999.0,-9999.0,-9999.0,-9999.0,-9999.0,-9999.0,-9999,-9999,-9999,-9999,-9999.0,-9999.0,N,AM,CRMN MANAUS,S103,-3.02249999,-60.05555555,-9999.0
2448,2018-01-13,00:00,-9999.0,-9999.0,-9999.0,-9999.0,-9999,-9999.0,-9999.0,-9999.0,-9999.0,-9999.0,-9999.0,-9999,-9999,-9999,-9999,-9999.0,-9999.0,N,AM,CRMN MANAUS,S103,-3.02249999,-60.05555555,-9999.0
2449,2018-01-13,04:00,-9999.0,-9999.0,-9999.0,-9999.0,-9999,-9999.0,-9999.0,-9999.0,-9999.0,-9999.0,-9999.0,-9999,-9999,-9999,-9999,-9999.0,-9999.0,N,AM,CRMN MANAUS,S103,-3.02249999,-60.05555555,-9999.0
2450,2018-01-13,08:00,-9999.0,-9999.0,-9999.0,-9999.0,-9999,-9999.0,-9999.0,-9999.0,-9999.0,-9999.0,-9999.0,-9999,-9999,-9999,-9999,-9999.0,-9999.0,N,AM,CRMN MANAUS,S103,-3.02249999,-60.05555555,-9999.0
2451,2018-01-13,12:00,-9999.0,-9999.0,-9999.0,-9999.0,-9999,-9999.0,-9999.0,-9999.0,-9999.0,-9999.0,-9999.0,-9999,-9999,-9999,-9999,-9999.0,-9999.0,N,AM,CRMN MANAUS,S103,-3.02249999,-60.05555555,-9999.0
2452,2018-01-13,16:00,-9999.0,-9999.0,-9999.0,-9999.0,-9999,-9999.0,-9999.0,-9999.0,-9999.0,-9999.0,-9999.0,-9999,-9999,-9999,-9999,-9999.0,-9999.0,N,AM,CRMN MANAUS,S103,-3.02249999,-60.05555555,-9999.0
2453,2018-01-13,20:00,-9999.0,-9999.0,-9999.0,-9999.0,-9999,-9999.0,-9999.0,-9999.0,-9999.0,-9999.0,-9999.0,-9999,-9999,-9999,-9999,-9999.0,-9999.0,N,AM,CRMN MANAUS,S103,-3.02249999,-60.05555555,-9999.0
2454,2018-01-14,00:00,-9999.0,-9999.0,-9999.0,-9999.0,-9999,-9999.0,-9999.0,-9999.0,-9999.0,-9999.0,-9999.0,-9999,-9999,-9999,-9999,-9999.0,-9999.0,N,AM,CRMN MANAUS,S103,-3.02249999,-60.05555555,-9999.0
2455,2018-01-14,04:00,-9999.0,-9999.0,-9999.0,-9999.0,-9999,-9999.0,-9999.0,-9999.0,-9999.0,-9999.0,-9999.0,-9999,-9999,-9999,-9999,-9999.0,-9999.0,N,AM,CRMN MANAUS,S103,-3.02249999,-60.05555555,-9999.0
2456,2018-01-14,08:00,-9999.0,-9999.0,-9999.0,-9999.0,-9999,-9999.0,-9999.0,-9999.0,-9999.0,-9999.0,-9999.0,-9999,-9999,-9999,-9999,-9999.0,-9999.0,N,AM,CRMN MANAUS,S103,-3.02249999,-60.05555555,-9999.0
2457,2018-01-14,12:00,-9999.0,-9999.0,-9999.0,-9999.0,-9999,-9999.0,-9999.0,-9999.0,-9999.0,-9999.0,-9999.0,-9999,-9999,-9999,-9999,-9999.0,-9999.0,N,AM,CRMN MANAUS,S103,-3.02249999,-60.05555555,-9999.0
2458,2018-01-14,16:00,-9999.0,-9999.0,-9999.0,-9999.0,-9999,-9999.0,-9999.0,-9999.0,-9999.0,-9999.0,-9999.0,-9999,-9999,-9999,-9999,-9999.0,-9999.0,N,AM,CRMN MANAUS,S103,-3.02249999,-60.05555555,-9999.0
2459,2018-01-14,20:00,-9999.0,-9999.0,-9999.0,-9999.0,-9999,-9999.0,-9999.0,-9999.0,-9999.0,-9999.0,-9999.0,-9999,-9999,-9999,-9999,-9999.0,-9999.0,N,AM,CRMN MANAUS,S103,-3.02249999,-60.05555555,-9999.0
2460,2018-01-15,00:00,-9999.0,-9999.0,-9999.0,-9999.0,-9999,-9999.0,-9999.0,-9999.0,-9999.0,-9999.0,-9999.0,-9999,-9999,-9999,-9999,-9999.0,-9999.0,N,AM,CRMN MANAUS,S103,-3.02249999,-60.05555555,-9999.0
2461,2018-01-15,04:00,-9999.0,-9999.0,-9999.0,-9999.0,-9999,-9999.0,-9999.0,-9999.0,-9999.0,-9999.0,-9999.0,-9999,-9999,-9999,-9999,-9999.0,-9999.0,N,AM,CRMN MANAUS,S103,-3.02249999,-60.05555555,-9999.0
2462,2018-01-15,08:00,-9999.0,-9999.0,-9999.0,-9999.0,-9999,-9999.0,-9999.0,-9999.0,-9999.0,-9999.0,-9999.0,-9999,-9999,-9999,-9999,-9999.0,-9999.0,N,AM,CRMN MANAUS,S103,-3.02249999,-60.05555555,-9999.0
2463,2018-01-15,12:00,-9999.0,-9999.0,-9999.0,-9999.0,-9999,-9999.0,-9999.0,-9999.0,-9999.0,-9999.0,-9999.0,-9999,-9999,-9999,-9999,-9999.0,-9999.0,N,AM,CRMN MANAUS,S103,-3.02249999,-60.05555555,-9999.0
2464,2018-01-15,16:00,-9999.0,-9999.0,-9999.0,-9999.0,-9999,-9999.0,-9999.0,-9999.0,-9999.0,-9999.0,-9999.0,-9999,-9999,-9999,-9999,-9999.0,-9999.0,N,AM,CRMN MANAUS,S103,-3.02249999,-60.05555555,-9999.0
2465,2018-01-15,20:00,-9999.0,-9999.0,-9999.0,-9999.0,-9999,-9999.0,-9999.0,-9999.0,-9999.0,-9999.0,-9999.0,-9999,-9999,-9999,-9999,-9999.0,-9999.0,N,AM,CRMN MANAUS,S103,-3.02249999,-60.05555555,-9999.0
2466,2018-01-16,00:00,-9999.0,-9999.0,-9999.0,-9999.0,-9999,-9999.0,-9999.0,-9999.0,-9999.0,-9999.0,-9999.0,-9999,-9999,-9999,-9999,-9999.0,-9999.0,N,AM,CRMN MANAUS,S103,-3.02249999,-60.05555555,-9999.0
2467,2018-01-16,04:00,-9999.0,-9999.0,-9999.0,-9999.0,-9999,-9999.0,-9999.0,-9999.0,-9999.0,-9999.0,-9999.0,-9999,-9999,-9999,-9999,-9999.0,-9999.0,N,AM,CRMN MANAUS,S103,-3.02249999,-60.05555555,-9999.0
2468,2018-01-16,08:00,-9999.0,-9999.0,-9999.0,-9999.0,-9999,-9999.0,-9999.0,-9999.0,-9999.0,-9999.0,-9999.0,-9999,-9999,-9999,-9999,-9999.0,-9999.0,N,AM,CRMN MANAUS,S103,-3.02249999,-60.05555555,-9999.0
2469,2018-01-16,12:00,-9999.0,-9999.0,-9999.0,-9999.0,-9999,-9999.0,-9999.0,-9999.0,-9999.0,-9999.0,-9999.0,-9999,-9999,-9999,-9999,-9999.0,-9999.0,N,AM,CRMN MANAUS,S103,-3.02249999,-60.05555555,-9999.0
2470,2018-01-16,16:00,-9999.0,-9999.0,-9999.0,-9999.0,-9999,-9999.0,-9999.0,-9999.0,-9999.0,-9999.0,-9999.0,-9999,-9999,-9999,-9999,-9999.0,-9999.0,N,AM,CRMN MANAUS,S103,-3.02249999,-60.05555555,-9999.0
2471,2018-01-16,20:00,-9999.0,-9999.0,-9999.0,-9999.0,-9999,-9999.0,-9999.0,-9999.0,-9999.0,-9999.0,-9999.0,-9999,-9999,-9999,-9999,-9999.0,-9999.0,N,AM,CRMN MANAUS,S103,-3.02249999,-60.05555555,-9999.0
2472,2018-01-17,00:00,-9999.0,-9999.0,-9999.0,-9999.0,-9999,-9999.0,-9999.0,-9999.0,-9999.0,-9999.0,-9999.0,-9999,-9999,-9999,-9999,-9999.0,-9999.0,N,AM,CRMN MANAUS,S103,-3.02249999,-60.05555555,-9999.0
2473,2018-01-17,04:00,-9999.0,-9999.0,-9999.0,-9999.0,-9999,-9999.0,-9999.0,-9999.0,-9999.0,-9999.0,-9999.0,-9999,-9999,-9999,-9999,-9999.0,-9999.0,N,AM,CRMN MANAUS,S103,-3.02249999,-60.05555555,-9999.0
2474,2018-01-17,08:00,-9999.0,-9999.0,-9999.0,-9999.0,-9999,-9999.0,-9999.0,-9999.0,-9999.0,-9999.0,-9999.0,-9999,-9999,-9999,-9999,-9999.0,-9999.0,N,AM,CRMN MANAUS,S103,-3.02249999,-60.05555555,-9999.0
2475,2018-01-17,12:00,-9999.0,-9999.0,-9999.0,-9999.0,-9999,-9999.0,-9999.0,-9999.0,-9999.0,-9999.0,-9999.0,-9999,-9999,-9999,-9999,-9999.0,-9999.0,N,AM,CRMN MANAUS,S103,-3.02249999,-60.05555555,-9999.0
2476,2018-01-17,16:00,-9999.0,-9999.0,-9999.0,-9999.0,-9999,-9999.0,-9999.0,-9999.0,-9999.0,-9999.0,-9999.0,-9999,-9999,-9999,-9999,-9999.0,-9999.0,N,AM,CRMN MANAUS,S103,-3.02249999,-60.05555555,-9999.0
2477,2018-01-17,20:00,-9999.0,-9999.0,-9999.0,-9999.0,-9999,-9999.0,-9999.0,-9999.0,-9999.0,-9999.0,-9999.0,-9999,-9999,-9999,-9999,-9999.0,-9999.0,N,AM,CRMN MANAUS,S103,-3.02249999,-60.05555555,-9999.0
2478,2018-01-18,00:00,-9999.0,-9999.0,-9999.0,-9999.0,-9999,-9999.0,-9999.0,-9999.0,-9999.0,-9999.0,-9999.0,-9999,-9999,-9999,-9999,-9999.0,-9999.0,N,AM,CRMN MANAUS,S103,-3.02249999,-60.05555555,-9999.0
2479,2018-01-18,04:00,-9999.0,-9999.0,-9999.0,-9999.0,-9999,-9999.0,-9999.0,-9999.0,-9999.0,-9999.0,-9999.0,-9999,-9999,-9999,-9999,-9999.0,-9999.0,N,AM,CRMN MANAUS,S103,-3.02249999,-60.05555555,-9999.0
2480,2018-01-18,08:00,-9999.0,-9999.0,-9999.0,-9999.0,-9999,-9999.0,-9999.0,-9999.0,-9999.0,-9999.0,-9999.0,-9999,-9999,-9999,-9999,-9999.0,-9999.0,N,AM,CRMN MANAUS,S103,-3.02249999,-60.05555555,-9999.0
2481,2018-01-18,12:00,-9999.0,-9999.0,-9999.0,-9999.0,-9999,-9999.0,-9999.0,-9999.0,-9999.0,-9999.0,-9999.0,-9999,-9999,-9999,-9999,-9999.0,-9999.0,N,AM,CRMN MANAUS,S103,-3.02249999,-60.05555555,-9999.0
2482,2018-01-18,16:00,-9999.0,-9999.0,-9999.0,-9999.0,-9999,-9999.0,-9999.0,-9999.0,-9999.0,-9999.0,-9999.0,-9999,-9999,-9999,-9999,-9999.0,-9999.0,N,AM,CRMN MANAUS,S103,-3.02249999,-60.05555555,-9999.0
2483,2018-01-18,20:00,-9999.0,-9999.0,-9999.0,-9999.0,-9999,-9999.0,-9999.0,-9999.0,-9999.0,-9999.0,-9999.0,-9999,-9999,-9999,-9999,-9999.0,-9999.0,N,AM,CRMN MANAUS,S103,-3.02249999,-60.05555555,-9999.0
2484,2018-01-19,00:00,-9999.0,-9999.0,-9999.0,-9999.0,-9999,-9999.0,-9999.0,-9999.0,-9999.0,-9999.0,-9999.0,-9999,-9999,-9999,-9999,-9999.0,-9999.0,N,AM,CRMN MANAUS,S103,-3.02249999,-60.05555555,-9999.0
2485,2018-01-19,04:00,-9999.0,-9999.0,-9999.0,-9999.0,-9999,-9999.0,-9999.0,-9999.0,-9999.0,-9999.0,-9999.0,-9999,-9999,-9999,-9999,-9999.0,-9999.0,N,AM,CRMN MANAUS,S103,-3.02249999,-60.05555555,-9999.0
2486,2018-01-19,08:00,-9999.0,-9999.0,-9999.0,-9999.0,-9999,-9999.0,-9999.0,-9999.0,-9999.0,-9999.0,-9999.0,-9999,-9999,-9999,-9999,-9999.0,-9999.0,N,AM,CRMN MANAUS,S103,-3.02249999,-60.05555555,-9999.0
2487,2018-01-19,12:00,-9999.0,-9999.0,-9999.0,-9999.0,-9999,-9999.0,-9999.0,-9999.0,-9999.0,-9999.0,-9999.0,-9999,-9999,-9999,-9999,-9999.0,-9999.0,N,AM,CRMN MANAUS,S103,-3.02249999,-60.05555555,-9999.0
2488,2018-01-19,16:00,-9999.0,-9999.0,-9999.0,-9999.0,-9999,-9999.0,-9999.0,-9999.0,-9999.0,-9999.0,-9999.0,-9999,-9999,-9999,-9999,-9999.0,-9999.0,N,AM,CRMN MANAUS,S103,-3.02249999,-60.05555555,-9999.0
2489,2018-01-19,20:00,-9999.0,-9999.0,-9999.0,-9999.0,-9999,-9999.0,-9999.0,-9999.0,-9999.0,-9999.0,-9999.0,-9999,-9999,-9999,-9999,-9999.0,-9999.0,N,AM,CRMN MANAUS,S103,-3.02249999,-60.05555555,-9999.0
2490,2018-01-20,00:00,-9999.0,-9999.0,-9999.0,-9999.0,-9999,-9999.0,-9999.0,-9999.0,-9999.0,-9999.0,-9999.0,-9999,-9999,-9999,-9999,-9999.0,-9999.0,N,AM,CRMN MANAUS,S103,-3.02249999,-60.05555555,-9999.0
2491,2018-01-20,04:00,-9999.0,-9999.0,-9999.0,-9999.0,-9999,-9999.0,-9999.0,-9999.0,-9999.0,-9999.0,-9999.0,-9999,-9999,-9999,-9999,-9999.0,-9999.0,N,AM,CRMN MANAUS,S103,-3.02249999,-60.05555555,-9999.0
2492,2018-01-20,08:00,-9999.0,-9999.0,-9999.0,-9999.0,-9999,-9999.0,-9999.0,-9999.0,-9999.0,-9999.0,-9999.0,-9999,-9999,-9999,-9999,-9999.0,-9999.0,N,AM,CRMN MANAUS,S103,-3.02249999,-60.05555555,-9999.0
2493,2018-01-20,12:00,-9999.0,-9999.0,-9999.0,-9999.0,-9999,-9999.0,-9999.0,-9999.0,-9999.0,-9999.0,-9999.0,-9999,-9999,-9999,-9999,-9999.0,-9999.0,N,AM,CRMN MANAUS,S103,-3.02249999,-60.05555555,-9999.0
2494,2018-01-20,16:00,-9999.0,-9999.0,-9999.0,-9999.0,-9999,-9999.0,-9999.0,-9999.0,-9999.0,-9999.0,-9999.0,-9999,-9999,-9999,-9999,-9999.0,-9999.0,N,AM,CRMN MANAUS,S103,-3.02249999,-60.05555555,-9999.0
2495,2018-01-20,20:00,-9999.0,-9999.0,-9999.0,-9999.0,-9999,-9999.0,-9999.0,-9999.0,-9999.0,-9999.0,-9999.0,-9999,-9999,-9999,-9999,-9999.0,-9999.0,N,AM,CRMN MANAUS,S103,-3.02249999,-60.05555555,-9999.0
2496,2018-01-21,00:00,-9999.0,-9999.0,-9999.0,-9999.0,-9999,-9999.0,-9999.0,-9999.0,-9999.0,-9999.0,-9999.0,-9999,-9999,-9999,-9999,-9999.0,-9999.0,N,AM,CRMN MANAUS,S103,-3.02249999,-60.05555555,-9999.0
2497,2018-01-21,04:00,-9999.0,-9999.0,-9999.0,-9999.0,-9999,-9999.0,-9999.0,-9999.0,-9999.0,-9999.0,-9999.0,-9999,-9999,-9999,-9999,-9999.0,-9999.0,N,AM,CRMN MANAUS,S103,-3.02249999,-60.05555555,-9999.0
2498,2018-01-21,08:00,-9999.0,-9999.0,-9999.0,-9999.0,-9999,-9999.0,-9999.0,-9999.0,-9999.0,-9999.0,-9999.0,-9999,-9999,-9999,-9999,-9999.0,-9999.0,N,AM,CRMN MANAUS,S103,-3.02249999,-60.05555555,-9999.0
2499,2018-01-21,12:00,-9999.0,-9999.0,-9999.0,-9999.0,-9999,-9999.0,-9999.0,-9999.0,-9999.0,-9999.0,-9999.0,-9999,-9999,-9999,-9999,-9999.0,-9999.0,N,AM,CRMN MANAUS,S103,-3.02249999,-60.05555555,-9999.0
2500,2018-01-21,16:00,-9999.0,-9999.0,-9999.0,-9999.0,-9999,-9999.0,-9999.0,-9999.0,-9999.0,-9999.0,-9999.0,-9999,-9999,-9999,-9999,-9999.0,-9999.0,N,AM,CRMN MANAUS,S103,-3.02249999,-60.05555555,-9999.0
2501,2018-01-21,20:00,-9999.0,-9999.0,-9999.0,-9999.0,-9999,-9999.0,-9999.0,-9999.0,-9999.0,-9999.0,-9999.0,-9999,-9999,-9999,-9999,-9999.0,-9999.0,N,AM,CRMN MANAUS,S103,-3.02249999,-60.05555555,-9999.0
2502,2018-01-22,00:00,-9999.0,-9999.0,-9999.0,-9999.0,-9999,-9999.0,-9999.0,-9999.0,-9999.0,-9999.0,-9999.0,-9999,-9999,-9999,-9999,-9999.0,-9999.0,N,AM,CRMN MANAUS,S103,-3.02249999,-60.05555555,-9999.0
2503,2018-01-22,04:00,-9999.0,-9999.0,-9999.0,-9999.0,-9999,-9999.0,-9999.0,-9999.0,-9999.0,-9999.0,-9999.0,-9999,-9999,-9999,-9999,-9999.0,-9999.0,N,AM,CRMN MANAUS,S103,-3.02249999,-60.05555555,-9999.0
2504,2018-01-22,08:00,-9999.0,-9999.0,-9999.0,-9999.0,-9999,-9999.0,-9999.0,-9999.0,-9999.0,-9999.0,-9999.0,-9999,-9999,-9999,-9999,-9999.0,-9999.0,N,AM,CRMN MANAUS,S103,-3.02249999,-60.05555555,-9999.0
2505,2018-01-22,12:00,-9999.0,-9999.0,-9999.0,-9999.0,-9999,-9999.0,-9999.0,-9999.0,-9999.0,-9999.0,-9999.0,-9999,-9999,-9999,-9999,-9999.0,-9999.0,N,AM,CRMN MANAUS,S103,-3.02249999,-60.05555555,-9999.0
2506,2018-01-22,16:00,-9999.0,-9999.0,-9999.0,-9999.0,-9999,-9999.0,-9999.0,-9999.0,-9999.0,-9999.0,-9999.0,-9999,-9999,-9999,-9999,-9999.0,-9999.0,N,AM,CRMN MANAUS,S103,-3.02249999,-60.05555555,-9999.0
2507,2018-01-22,20:00,-9999.0,-9999.0,-9999.0,-9999.0,-9999,-9999.0,-9999.0,-9999.0,-9999.0,-9999.0,-9999.0,-9999,-9999,-9999,-9999,-9999.0,-9999.0,N,AM,CRMN MANAUS,S103,-3.02249999,-60.05555555,-9999.0
2508,2018-01-23,00:00,-9999.0,-9999.0,-9999.0,-9999.0,-9999,-9999.0,-9999.0,-9999.0,-9999.0,-9999.0,-9999.0,-9999,-9999,-9999,-9999,-9999.0,-9999.0,N,AM,CRMN MANAUS,S103,-3.02249999,-60.05555555,-9999.0
2509,2018-01-23,04:00,-9999.0,-9999.0,-9999.0,-9999.0,-9999,-9999.0,-9999.0,-9999.0,-9999.0,-9999.0,-9999.0,-9999,-9999,-9999,-9999,-9999.0,-9999.0,N,AM,CRMN MANAUS,S103,-3.02249999,-60.05555555,-9999.0
2510,2018-01-23,08:00,-9999.0,-9999.0,-9999.0,-9999.0,-9999,-9999.0,-9999.0,-9999.0,-9999.0,-9999.0,-9999.0,-9999,-9999,-9999,-9999,-9999.0,-9999.0,N,AM,CRMN MANAUS,S103,-3.02249999,-60.05555555,-9999.0
2511,2018-01-23,12:00,-9999.0,-9999.0,-9999.0,-9999.0,-9999,-9999.0,-9999.0,-9999.0,-9999.0,-9999.0,-9999.0,-9999,-9999,-9999,-9999,-9999.0,-9999.0,N,AM,CRMN MANAUS,S103,-3.02249999,-60.05555555,-9999.0
2512,2018-01-23,16:00,-9999.0,-9999.0,-9999.0,-9999.0,-9999,-9999.0,-9999.0,-9999.0,-9999.0,-9999.0,-9999.0,-9999,-9999,-9999,-9999,-9999.0,-9999.0,N,AM,CRMN MANAUS,S103,-3.02249999,-60.05555555,-9999.0
2513,2018-01-23,20:00,-9999.0,-9999.0,-9999.0,-9999.0,-9999,-9999.0,-9999.0,-9999.0,-9999.0,-9999.0,-9999.0,-9999,-9999,-9999,-9999,-9999.0,-9999.0,N,AM,CRMN MANAUS,S103,-3.02249999,-60.05555555,-9999.0
2514,2018-01-24,00:00,-9999.0,-9999.0,-9999.0,-9999.0,-9999,-9999.0,-9999.0,-9999.0,-9999.0,-9999.0,-9999.0,-9999,-9999,-9999,-9999,-9999.0,-9999.0,N,AM,CRMN MANAUS,S103,-3.02249999,-60.05555555,-9999.0
2515,2018-01-24,04:00,-9999.0,-9999.0,-9999.0,-9999.0,-9999,-9999.0,-9999.0,-9999.0,-9999.0,-9999.0,-9999.0,-9999,-9999,-9999,-9999,-9999.0,-9999.0,N,AM,CRMN MANAUS,S103,-3.02249999,-60.05555555,-9999.0
2516,2018-01-24,08:00,-9999.0,-9999.0,-9999.0,-9999.0,-9999,-9999.0,-9999.0,-9999.0,-9999.0,-9999.0,-9999.0,-9999,-9999,-9999,-9999,-9999.0,-9999.0,N,AM,CRMN MANAUS,S103,-3.02249999,-60.05555555,-9999.0
2517,2018-01-24,12:00,-9999.0,-9999.0,-9999.0,-9999.0,-9999,-9999.0,-9999.0,-9999.0,-9999.0,-9999.0,-9999.0,-9999,-9999,-9999,-9999,-9999.0,-9999.0,N,AM,CRMN MANAUS,S103,-3.02249999,-60.05555555,-9999.0
2518,2018-01-24,16:00,-9999.0,-9999.0,-9999.0,-9999.0,-9999,-9999.0,-9999.0,-9999.0,-9999.0,-9999.0,-9999.0,-9999,-9999,-9999,-9999,-9999.0,-9999.0,N,AM,CRMN MANAUS,S103,-3.02249999,-60.05555555,-9999.0
2519,2018-01-24,20:00,-9999.0,-9999.0,-9999.0,-9999.0,-9999,-9999.0,-9999.0,-9999.0,-9999.0,-9999.0,-9999.0,-9999,-9999,-9999,-9999,-9999.0,-9999.0,N,AM,CRMN MANAUS,S103,-3.02249999,-60.05555555,-9999.0
2520,2018-01-25,00:00,-9999.0,-9999.0,-9999.0,-9999.0,-9999,-9999.0,-9999.0,-9999.0,-9999.0,-9999.0,-9999.0,-9999,-9999,-9999,-9999,-9999.0,-9999.0,N,AM,CRMN MANAUS,S103,-3.02249999,-60.05555555,-9999.0
2521,2018-01-25,04:00,-9999.0,-9999.0,-9999.0,-9999.0,-9999,-9999.0,-9999.0,-9999.0,-9999.0,-9999.0,-9999.0,-9999,-9999,-9999,-9999,-9999.0,-9999.0,N,AM,CRMN MANAUS,S103,-3.02249999,-60.05555555,-9999.0
2522,2018-01-25,08:00,-9999.0,-9999.0,-9999.0,-9999.0,-9999,-9999.0,-9999.0,-9999.0,-9999.0,-9999.0,-9999.0,-9999,-9999,-9999,-9999,-9999.0,-9999.0,N,AM,CRMN MANAUS,S103,-3.02249999,-60.05555555,-9999.0
2523,2018-01-25,12:00,-9999.0,-9999.0,-9999.0,-9999.0,-9999,-9999.0,-9999.0,-9999.0,-9999.0,-9999.0,-9999.0,-9999,-9999,-9999,-9999,-9999.0,-9999.0,N,AM,CRMN MANAUS,S103,-3.02249999,-60.05555555,-9999.0
2524,2018-01-25,16:00,-9999.0,-9999.0,-9999.0,-9999.0,-9999,-9999.0,-9999.0,-9999.0,-9999.0,-9999.0,-9999.0,-9999,-9999,-9999,-9999,-9999.0,-9999.0,N,AM,CRMN MANAUS,S103,-3.02249999,-60.05555555,-9999.0
2525,2018-01-25,20:00,-9999.0,-9999.0,-9999.0,-9999.0,-9999,-9999.0,-9999.0,-9999.0,-9999.0,-9999.0,-9999.0,-9999,-9999,-9999,-9999,-9999.0,-9999.0,N,AM,CRMN MANAUS,S103,-3.02249999,-60.05555555,-9999.0
2526,2018-01-26,00:00,-9999.0,-9999.0,-9999.0,-9999.0,-9999,-9999.0,-9999.0,-9999.0,-9999.0,-9999.0,-9999.0,-9999,-9999,-9999,-9999,-9999.0,-9999.0,N,AM,CRMN MANAUS,S103,-3.02249999,-60.05555555,-9999.0
2527,2018-01-26,04:00,-9999.0,-9999.0,-9999.0,-9999.0,-9999,-9999.0,-9999.0,-9999.0,-9999.0,-9999.0,-9999.0,-9999,-9999,-9999,-9999,-9999.0,-9999.0,N,AM,CRMN MANAUS,S103,-3.02249999,-60.05555555,-9999.0
2528,2018-01-26,08:00,-9999.0,-9999.0,-9999.0,-9999.0,-9999,-9999.0,-9999.0,-9999.0,-9999.0,-9999.0,-9999.0,-9999,-9999,-9999,-9999,-9999.0,-9999.0,N,AM,CRMN MANAUS,S103,-3.02249999,-60.05555555,-9999.0
2529,2018-01-26,12:00,-9999.0,-9999.0,-9999.0,-9999.0,-9999,-9999.0,-9999.0,-9999.0,-9999.0,-9999.0,-9999.0,-9999,-9999,-9999,-9999,-9999.0,-9999.0,N,AM,CRMN MANAUS,S103,-3.02249999,-60.05555555,-9999.0
2530,2018-01-26,16:00,-9999.0,-9999.0,-9999.0,-9999.0,-9999,-9999.0,-9999.0,-9999.0,-9999.0,-9999.0,-9999.0,-9999,-9999,-9999,-9999,-9999.0,-9999.0,N,AM,CRMN MANAUS,S103,-3.02249999,-60.05555555,-9999.0
2531,2018-01-26,20:00,-9999.0,-9999.0,-9999.0,-9999.0,-9999,-9999.0,-9999.0,-9999.0,-9999.0,-9999.0,-9999.0,-9999,-9999,-9999,-9999,-9999.0,-9999.0,N,AM,CRMN MANAUS,S103,-3.02249999,-60.05555555,-9999.0
2532,2018-01-27,00:00,-9999.0,-9999.0,-9999.0,-9999.0,-9999,-9999.0,-9999.0,-9999.0,-9999.0,-9999.0,-9999.0,-9999,-9999,-9999,-9999,-9999.0,-9999.0,N,AM,CRMN MANAUS,S103,-3.02249999,-60.05555555,-9999.0
2533,2018-01-27,04:00,-9999.0,-9999.0,-9999.0,-9999.0,-9999,-9999.0,-9999.0,-9999.0,-9999.0,-9999.0,-9999.0,-9999,-9999,-9999,-9999,-9999.0,-9999.0,N,AM,CRMN MANAUS,S103,-3.02249999,-60.05555555,-9999.0
2534,2018-01-27,08:00,-9999.0,-9999.0,-9999.0,-9999.0,-9999,-9999.0,-9999.0,-9999.0,-9999.0,-9999.0,-9999.0,-9999,-9999,-9999,-9999,-9999.0,-9999.0,N,AM,CRMN MANAUS,S103,-3.02249999,-60.05555555,-9999.0
2535,2018-01-27,12:00,-9999.0,-9999.0,-9999.0,-9999.0,-9999,-9999.0,-9999.0,-9999.0,-9999.0,-9999.0,-9999.0,-9999,-9999,-9999,-9999,-9999.0,-9999.0,N,AM,CRMN MANAUS,S103,-3.02249999,-60.05555555,-9999.0
2536,2018-01-27,16:00,-9999.0,-9999.0,-9999.0,-9999.0,-9999,-9999.0,-9999.0,-9999.0,-9999.0,-9999.0,-9999.0,-9999,-9999,-9999,-9999,-9999.0,-9999.0,N,AM,CRMN MANAUS,S103,-3.02249999,-60.05555555,-9999.0
2537,2018-01-27,20:00,-9999.0,-9999.0,-9999.0,-9999.0,-9999,-9999.0,-9999.0,-9999.0,-9999.0,-9999.0,-9999.0,-9999,-9999,-9999,-9999,-9999.0,-9999.0,N,AM,CRMN MANAUS,S103,-3.02249999,-60.05555555,-9999.0
2538,2018-01-28,00:00,-9999.0,-9999.0,-9999.0,-9999.0,-9999,-9999.0,-9999.0,-9999.0,-9999.0,-9999.0,-9999.0,-9999,-9999,-9999,-9999,-9999.0,-9999.0,N,AM,CRMN MANAUS,S103,-3.02249999,-60.05555555,-9999.0
2539,2018-01-28,04:00,-9999.0,-9999.0,-9999.0,-9999.0,-9999,-9999.0,-9999.0,-9999.0,-9999.0,-9999.0,-9999.0,-9999,-9999,-9999,-9999,-9999.0,-9999.0,N,AM,CRMN MANAUS,S103,-3.02249999,-60.05555555,-9999.0
2540,2018-01-28,08:00,-9999.0,-9999.0,-9999.0,-9999.0,-9999,-9999.0,-9999.0,-9999.0,-9999.0,-9999.0,-9999.0,-9999,-9999,-9999,-9999,-9999.0,-9999.0,N,AM,CRMN MANAUS,S103,-3.02249999,-60.05555555,-9999.0
2541,2018-01-28,12:00,-9999.0,-9999.0,-9999.0,-9999.0,-9999,-9999.0,-9999.0,-9999.0,-9999.0,-9999.0,-9999.0,-9999,-9999,-9999,-9999,-9999.0,-9999.0,N,AM,CRMN MANAUS,S103,-3.02249999,-60.05555555,-9999.0
2542,2018-01-28,16:00,-9999.0,-9999.0,-9999.0,-9999.0,-9999,-9999.0,-9999.0,-9999.0,-9999.0,-9999.0,-9999.0,-9999,-9999,-9999,-9999,-9999.0,-9999.0,N,AM,CRMN MANAUS,S103,-3.02249999,-60.05555555,-9999.0
2543,2018-01-28,20:00,-9999.0,-9999.0,-9999.0,-9999.0,-9999,-9999.0,-9999.0,-9999.0,-9999.0,-9999.0,-9999.0,-9999,-9999,-9999,-9999,-9999.0,-9999.0,N,AM,CRMN MANAUS,S103,-3.02249999,-60.05555555,-9999.0
2544,2018-01-29,00:00,-9999.0,-9999.0,-9999.0,-9999.0,-9999,-9999.0,-9999.0,-9999.0,-9999.0,-9999.0,-9999.0,-9999,-9999,-9999,-9999,-9999.0,-9999.0,N,AM,CRMN MANAUS,S103,-3.02249999,-60.05555555,-9999.0
2545,2018-01-29,04:00,-9999.0,-9999.0,-9999.0,-9999.0,-9999,-9999.0,-9999.0,-9999.0,-9999.0,-9999.0,-9999.0,-9999,-9999,-9999,-9999,-9999.0,-9999.0,N,AM,CRMN MANAUS,S103,-3.02249999,-60.05555555,-9999.0
2546,2018-01-29,08:00,-9999.0,-9999.0,-9999.0,-9999.0,-9999,-9999.0,-9999.0,-9999.0,-9999.0,-9999.0,-9999.0,-9999,-9999,-9999,-9999,-9999.0,-9999.0,N,AM,CRMN MANAUS,S103,-3.02249999,-60.05555555,-9999.0
2547,2018-01-29,12:00,-9999.0,-9999.0,-9999.0,-9999.0,-9999,-9999.0,-9999.0,-9999.0,-9999.0,-9999.0,-9999.0,-9999,-9999,-9999,-9999,-9999.0,-9999.0,N,AM,CRMN MANAUS,S103,-3.02249999,-60.05555555,-9999.0
2548,2018-01-29,16:00,-9999.0,-9999.0,-9999.0,-9999.0,-9999,-9999.0,-9999.0,-9999.0,-9999.0,-9999.0,-9999.0,-9999,-9999,-9999,-9999,-9999.0,-9999.0,N,AM,CRMN MANAUS,S103,-3.02249999,-60.05555555,-9999.0
2549,2018-01-29,20:00,-9999.0,-9999.0,-9999.0,-9999.0,-9999,-9999.0,-9999.0,-9999.0,-9999.0,-9999.0,-9999.0,-9999,-9999,-9999,-9999,-9999.0,-9999.0,N,AM,CRMN MANAUS,S103,-3.02249999,-60.05555555,-9999.0
2550,2018-01-30,00:00,-9999.0,-9999.0,-9999.0,-9999.0,-9999,-9999.0,-9999.0,-9999.0,-9999.0,-9999.0,-9999.0,-9999,-9999,-9999,-9999,-9999.0,-9999.0,N,AM,CRMN MANAUS,S103,-3.02249999,-60.05555555,-9999.0
2551,2018-01-30,04:00,-9999.0,-9999.0,-9999.0,-9999.0,-9999,-9999.0,-9999.0,-9999.0,-9999.0,-9999.0,-9999.0,-9999,-9999,-9999,-9999,-9999.0,-9999.0,N,AM,CRMN MANAUS,S103,-3.02249999,-60.05555555,-9999.0
2552,2018-01-30,08:00,-9999.0,-9999.0,-9999.0,-9999.0,-9999,-9999.0,-9999.0,-9999.0,-9999.0,-9999.0,-9999.0,-9999,-9999,-9999,-9999,-9999.0,-9999.0,N,AM,CRMN MANAUS,S103,-3.02249999,-60.05555555,-9999.0
2553,2018-01-30,12:00,-9999.0,-9999.0,-9999.0,-9999.0,-9999,-9999.0,-9999.0,-9999.0,-9999.0,-9999.0,-9999.0,-9999,-9999,-9999,-9999,-9999.0,-9999.0,N,AM,CRMN MANAUS,S103,-3.02249999,-60.05555555,-9999.0
2554,2018-01-30,16:00,-9999.0,-9999.0,-9999.0,-9999.0,-9999,-9999.0,-9999.0,-9999.0,-9999.0,-9999.0,-9999.0,-9999,-9999,-9999,-9999,-9999.0,-9999.0,N,AM,CRMN MANAUS,S103,-3.02249999,-60.05555555,-9999.0
2555,2018-01-30,20:00,-9999.0,-9999.0,-9999.0,-9999.0,-9999,-9999.0,-9999.0,-9999.0,-9999.0,-9999.0,-9999.0,-9999,-9999,-9999,-9999,-9999.0,-9999.0,N,AM,CRMN MANAUS,S103,-3.02249999,-60.05555555,-9999.0
2556,2018-01-31,00:00,-9999.0,-9999.0,-9999.0,-9999.0,-9999,-9999.0,-9999.0,-9999.0,-9999.0,-9999.0,-9999.0,-9999,-9999,-9999,-9999,-9999.0,-9999.0,N,AM,CRMN MANAUS,S103,-3.02249999,-60.05555555,-9999.0
2557,2018-01-31,04:00,-9999.0,-9999.0,-9999.0,-9999.0,-9999,-9999.0,-9999.0,-9999.0,-9999.0,-9999.0,-9999.0,-9999,-9999,-9999,-9999,-9999.0,-9999.0,N,AM,CRMN MANAUS,S103,-3.02249999,-60.05555555,-9999.0
2558,2018-01-31,08:00,-9999.0,-9999.0,-9999.0,-9999.0,-9999,-9999.0,-9999.0,-9999.0,-9999.0,-9999.0,-9999.0,-9999,-9999,-9999,-9999,-9999.0,-9999.0,N,AM,CRMN MANAUS,S103,-3.02249999,-60.05555555,-9999.0
2559,2018-01-31,12:00,-9999.0,-9999.0,-9999.0,-9999.0,-9999,-9999.0,-9999.0,-9999.0,-9999.0,-9999.0,-9999.0,-9999,-9999,-9999,-9999,-9999.0,-9999.0,N,AM,CRMN MANAUS,S103,-3.02249999,-60.05555555,-9999.0
2560,2018-01-31,16:00,-9999.0,-9999.0,-9999.0,-9999.0,-9999,-9999.0,-9999.0,-9999.0,-9999.0,-9999.0,-9999.0,-9999,-9999,-9999,-9999,-9999.0,-9999.0,N,AM,CRMN MANAUS,S103,-3.02249999,-60.05555555,-9999.0
2561,2018-01-31,20:00,-9999.0,-9999.0,-9999.0,-9999.0,-9999,-9999.0,-9999.0,-9999.0,-9999.0,-9999.0,-9999.0,-9999,-9999,-9999,-9999,-9999.0,-9999.0,N,AM,CRMN MANAUS,S103,-3.02249999,-60.05555555,-9999.0
2562,2018-02-01,00:00,-9999.0,-9999.0,-9999.0,-9999.0,-9999,-9999.0,-9999.0,-9999.0,-9999.0,-9999.0,-9999.0,-9999,-9999,-9999,-9999,-9999.0,-9999.0,N,AM,CRMN MANAUS,S103,-3.02249999,-60.05555555,-9999.0
2563,2018-02-01,04:00,-9999.0,-9999.0,-9999.0,-9999.0,-9999,-9999.0,-9999.0,-9999.0,-9999.0,-9999.0,-9999.0,-9999,-9999,-9999,-9999,-9999.0,-9999.0,N,AM,CRMN MANAUS,S103,-3.02249999,-60.05555555,-9999.0
2564,2018-02-01,08:00,-9999.0,-9999.0,-9999.0,-9999.0,-9999,-9999.0,-9999.0,-9999.0,-9999.0,-9999.0,-9999.0,-9999,-9999,-9999,-9999,-9999.0,-9999.0,N,AM,CRMN MANAUS,S103,-3.02249999,-60.05555555,-9999.0
2565,2018-02-01,12:00,-9999.0,-9999.0,-9999.0,-9999.0,-9999,-9999.0,-9999.0,-9999.0,-9999.0,-9999.0,-9999.0,-9999,-9999,-9999,-9999,-9999.0,-9999.0,N,AM,CRMN MANAUS,S103,-3.02249999,-60.05555555,-9999.0
2566,2018-02-01,16:00,-9999.0,-9999.0,-9999.0,-9999.0,-9999,-9999.0,-9999.0,-9999.0,-9999.0,-9999.0,-9999.0,-9999,-9999,-9999,-9999,-9999.0,-9999.0,N,AM,CRMN MANAUS,S103,-3.02249999,-60.05555555,-9999.0
2567,2018-02-01,20:00,-9999.0,-9999.0,-9999.0,-9999.0,-9999,-9999.0,-9999.0,-9999.0,-9999.0,-9999.0,-9999.0,-9999,-9999,-9999,-9999,-9999.0,-9999.0,N,AM,CRMN MANAUS,S103,-3.02249999,-60.05555555,-9999.0
2568,2018-02-02,00:00,-9999.0,-9999.0,-9999.0,-9999.0,-9999,-9999.0,-9999.0,-9999.0,-9999.0,-9999.0,-9999.0,-9999,-9999,-9999,-9999,-9999.0,-9999.0,N,AM,CRMN MANAUS,S103,-3.02249999,-60.05555555,-9999.0
2569,2018-02-02,04:00,-9999.0,-9999.0,-9999.0,-9999.0,-9999,-9999.0,-9999.0,-9999.0,-9999.0,-9999.0,-9999.0,-9999,-9999,-9999,-9999,-9999.0,-9999.0,N,AM,CRMN MANAUS,S103,-3.02249999,-60.05555555,-9999.0
2570,2018-02-02,08:00,-9999.0,-9999.0,-9999.0,-9999.0,-9999,-9999.0,-9999.0,-9999.0,-9999.0,-9999.0,-9999.0,-9999,-9999,-9999,-9999,-9999.0,-9999.0,N,AM,CRMN MANAUS,S103,-3.02249999,-60.05555555,-9999.0
2571,2018-02-02,12:00,-9999.0,-9999.0,-9999.0,-9999.0,-9999,-9999.0,-9999.0,-9999.0,-9999.0,-9999.0,-9999.0,-9999,-9999,-9999,-9999,-9999.0,-9999.0,N,AM,CRMN MANAUS,S103,-3.02249999,-60.05555555,-9999.0
2572,2018-02-02,16:00,-9999.0,-9999.0,-9999.0,-9999.0,-9999,-9999.0,-9999.0,-9999.0,-9999.0,-9999.0,-9999.0,-9999,-9999,-9999,-9999,-9999.0,-9999.0,N,AM,CRMN MANAUS,S103,-3.02249999,-60.05555555,-9999.0
2573,2018-02-02,20:00,-9999.0,-9999.0,-9999.0,-9999.0,-9999,-9999.0,-9999.0,-9999.0,-9999.0,-9999.0,-9999.0,-9999,-9999,-9999,-9999,-9999.0,-9999.0,N,AM,CRMN MANAUS,S103,-3.02249999,-60.05555555,-9999.0
2574,2018-02-03,00:00,-9999.0,-9999.0,-9999.0,-9999.0,-9999,-9999.0,-9999.0,-9999.0,-9999.0,-9999.0,-9999.0,-9999,-9999,-9999,-9999,-9999.0,-9999.0,N,AM,CRMN MANAUS,S103,-3.02249999,-60.05555555,-9999.0
2575,2018-02-03,04:00,-9999.0,-9999.0,-9999.0,-9999.0,-9999,-9999.0,-9999.0,-9999.0,-9999.0,-9999.0,-9999.0,-9999,-9999,-9999,-9999,-9999.0,-9999.0,N,AM,CRMN MANAUS,S103,-3.02249999,-60.05555555,-9999.0
2576,2018-02-03,08:00,-9999.0,-9999.0,-9999.0,-9999.0,-9999,-9999.0,-9999.0,-9999.0,-9999.0,-9999.0,-9999.0,-9999,-9999,-9999,-9999,-9999.0,-9999.0,N,AM,CRMN MANAUS,S103,-3.02249999,-60.05555555,-9999.0
2577,2018-02-03,12:00,-9999.0,-9999.0,-9999.0,-9999.0,-9999,-9999.0,-9999.0,-9999.0,-9999.0,-9999.0,-9999.0,-9999,-9999,-9999,-9999,-9999.0,-9999.0,N,AM,CRMN MANAUS,S103,-3.02249999,-60.05555555,-9999.0
2578,2018-02-03,16:00,-9999.0,-9999.0,-9999.0,-9999.0,-9999,-9999.0,-9999.0,-9999.0,-9999.0,-9999.0,-9999.0,-9999,-9999,-9999,-9999,-9999.0,-9999.0,N,AM,CRMN MANAUS,S103,-3.02249999,-60.05555555,-9999.0
2579,2018-02-03,20:00,-9999.0,-9999.0,-9999.0,-9999.0,-9999,-9999.0,-9999.0,-9999.0,-9999.0,-9999.0,-9999.0,-9999,-9999,-9999,-9999,-9999.0,-9999.0,N,AM,CRMN MANAUS,S103,-3.02249999,-60.05555555,-9999.0
2580,2018-02-04,00:00,-9999.0,-9999.0,-9999.0,-9999.0,-9999,-9999.0,-9999.0,-9999.0,-9999.0,-9999.0,-9999.0,-9999,-9999,-9999,-9999,-9999.0,-9999.0,N,AM,CRMN MANAUS,S103,-3.02249999,-60.05555555,-9999.0
2581,2018-02-04,04:00,-9999.0,-9999.0,-9999.0,-9999.0,-9999,-9999.0,-9999.0,-9999.0,-9999.0,-9999.0,-9999.0,-9999,-9999,-9999,-9999,-9999.0,-9999.0,N,AM,CRMN MANAUS,S103,-3.02249999,-60.05555555,-9999.0
2582,2018-02-04,08:00,-9999.0,-9999.0,-9999.0,-9999.0,-9999,-9999.0,-9999.0,-9999.0,-9999.0,-9999.0,-9999.0,-9999,-9999,-9999,-9999,-9999.0,-9999.0,N,AM,CRMN MANAUS,S103,-3.02249999,-60.05555555,-9999.0
2583,2018-02-04,12:00,-9999.0,-9999.0,-9999.0,-9999.0,-9999,-9999.0,-9999.0,-9999.0,-9999.0,-9999.0,-9999.0,-9999,-9999,-9999,-9999,-9999.0,-9999.0,N,AM,CRMN MANAUS,S103,-3.02249999,-60.05555555,-9999.0
2584,2018-02-04,16:00,-9999.0,-9999.0,-9999.0,-9999.0,-9999,-9999.0,-9999.0,-9999.0,-9999.0,-9999.0,-9999.0,-9999,-9999,-9999,-9999,-9999.0,-9999.0,N,AM,CRMN MANAUS,S103,-3.02249999,-60.05555555,-9999.0
2585,2018-02-04,20:00,-9999.0,-9999.0,-9999.0,-9999.0,-9999,-9999.0,-9999.0,-9999.0,-9999.0,-9999.0,-9999.0,-9999,-9999,-9999,-9999,-9999.0,-9999.0,N,AM,CRMN MANAUS,S103,-3.02249999,-60.05555555,-9999.0
2586,2018-02-05,00:00,-9999.0,-9999.0,-9999.0,-9999.0,-9999,-9999.0,-9999.0,-9999.0,-9999.0,-9999.0,-9999.0,-9999,-9999,-9999,-9999,-9999.0,-9999.0,N,AM,CRMN MANAUS,S103,-3.02249999,-60.05555555,-9999.0
2587,2018-02-05,04:00,-9999.0,-9999.0,-9999.0,-9999.0,-9999,-9999.0,-9999.0,-9999.0,-9999.0,-9999.0,-9999.0,-9999,-9999,-9999,-9999,-9999.0,-9999.0,N,AM,CRMN MANAUS,S103,-3.02249999,-60.05555555,-9999.0
2588,2018-02-05,08:00,-9999.0,-9999.0,-9999.0,-9999.0,-9999,-9999.0,-9999.0,-9999.0,-9999.0,-9999.0,-9999.0,-9999,-9999,-9999,-9999,-9999.0,-9999.0,N,AM,CRMN MANAUS,S103,-3.02249999,-60.05555555,-9999.0
2589,2018-02-05,12:00,-9999.0,-9999.0,-9999.0,-9999.0,-9999,-9999.0,-9999.0,-9999.0,-9999.0,-9999.0,-9999.0,-9999,-9999,-9999,-9999,-9999.0,-9999.0,N,AM,CRMN MANAUS,S103,-3.02249999,-60.05555555,-9999.0
2590,2018-02-05,16:00,-9999.0,-9999.0,-9999.0,-9999.0,-9999,-9999.0,-9999.0,-9999.0,-9999.0,-9999.0,-9999.0,-9999,-9999,-9999,-9999,-9999.0,-9999.0,N,AM,CRMN MANAUS,S103,-3.02249999,-60.05555555,-9999.0
2591,2018-02-05,20:00,-9999.0,-9999.0,-9999.0,-9999.0,-9999,-9999.0,-9999.0,-9999.0,-9999.0,-9999.0,-9999.0,-9999,-9999,-9999,-9999,-9999.0,-9999.0,N,AM,CRMN MANAUS,S103,-3.02249999,-60.05555555,-9999.0
2592,2018-02-06,00:00,-9999.0,-9999.0,-9999.0,-9999.0,-9999,-9999.0,-9999.0,-9999.0,-9999.0,-9999.0,-9999.0,-9999,-9999,-9999,-9999,-9999.0,-9999.0,N,AM,CRMN MANAUS,S103,-3.02249999,-60.05555555,-9999.0
2593,2018-02-06,04:00,-9999.0,-9999.0,-9999.0,-9999.0,-9999,-9999.0,-9999.0,-9999.0,-9999.0,-9999.0,-9999.0,-9999,-9999,-9999,-9999,-9999.0,-9999.0,N,AM,CRMN MANAUS,S103,-3.02249999,-60.05555555,-9999.0
2594,2018-02-06,08:00,-9999.0,-9999.0,-9999.0,-9999.0,-9999,-9999.0,-9999.0,-9999.0,-9999.0,-9999.0,-9999.0,-9999,-9999,-9999,-9999,-9999.0,-9999.0,N,AM,CRMN MANAUS,S103,-3.02249999,-60.05555555,-9999.0
2595,2018-02-06,12:00,-9999.0,-9999.0,-9999.0,-9999.0,-9999,-9999.0,-9999.0,-9999.0,-9999.0,-9999.0,-9999.0,-9999,-9999,-9999,-9999,-9999.0,-9999.0,N,AM,CRMN MANAUS,S103,-3.02249999,-60.05555555,-9999.0
2596,2018-02-06,16:00,-9999.0,-9999.0,-9999.0,-9999.0,-9999,-9999.0,-9999.0,-9999.0,-9999.0,-9999.0,-9999.0,-9999,-9999,-9999,-9999,-9999.0,-9999.0,N,AM,CRMN MANAUS,S103,-3.02249999,-60.05555555,-9999.0
2597,2018-02-06,20:00,-9999.0,-9999.0,-9999.0,-9999.0,-9999,-9999.0,-9999.0,-9999.0,-9999.0,-9999.0,-9999.0,-9999,-9999,-9999,-9999,-9999.0,-9999.0,N,AM,CRMN MANAUS,S103,-3.02249999,-60.05555555,-9999.0
2598,2018-02-07,00:00,-9999.0,-9999.0,-9999.0,-9999.0,-9999,-9999.0,-9999.0,-9999.0,-9999.0,-9999.0,-9999.0,-9999,-9999,-9999,-9999,-9999.0,-9999.0,N,AM,CRMN MANAUS,S103,-3.02249999,-60.05555555,-9999.0
2599,2018-02-07,04:00,-9999.0,-9999.0,-9999.0,-9999.0,-9999,-9999.0,-9999.0,-9999.0,-9999.0,-9999.0,-9999.0,-9999,-9999,-9999,-9999,-9999.0,-9999.0,N,AM,CRMN MANAUS,S103,-3.02249999,-60.05555555,-9999.0
2600,2018-02-07,08:00,-9999.0,-9999.0,-9999.0,-9999.0,-9999,-9999.0,-9999.0,-9999.0,-9999.0,-9999.0,-9999.0,-9999,-9999,-9999,-9999,-9999.0,-9999.0,N,AM,CRMN MANAUS,S103,-3.02249999,-60.05555555,-9999.0
2601,2018-02-07,12:00,-9999.0,-9999.0,-9999.0,-9999.0,-9999,-9999.0,-9999.0,-9999.0,-9999.0,-9999.0,-9999.0,-9999,-9999,-9999,-9999,-9999.0,-9999.0,N,AM,CRMN MANAUS,S103,-3.02249999,-60.05555555,-9999.0
2602,2018-02-07,16:00,-9999.0,-9999.0,-9999.0,-9999.0,-9999,-9999.0,-9999.0,-9999.0,-9999.0,-9999.0,-9999.0,-9999,-9999,-9999,-9999,-9999.0,-9999.0,N,AM,CRMN MANAUS,S103,-3.02249999,-60.05555555,-9999.0
2603,2018-02-07,20:00,-9999.0,-9999.0,-9999.0,-9999.0,-9999,-9999.0,-9999.0,-9999.0,-9999.0,-9999.0,-9999.0,-9999,-9999,-9999,-9999,-9999.0,-9999.0,N,AM,CRMN MANAUS,S103,-3.02249999,-60.05555555,-9999.0
2604,2018-02-08,00:00,-9999.0,-9999.0,-9999.0,-9999.0,-9999,-9999.0,-9999.0,-9999.0,-9999.0,-9999.0,-9999.0,-9999,-9999,-9999,-9999,-9999.0,-9999.0,N,AM,CRMN MANAUS,S103,-3.02249999,-60.05555555,-9999.0
2605,2018-02-08,04:00,-9999.0,-9999.0,-9999.0,-9999.0,-9999,-9999.0,-9999.0,-9999.0,-9999.0,-9999.0,-9999.0,-9999,-9999,-9999,-9999,-9999.0,-9999.0,N,AM,CRMN MANAUS,S103,-3.02249999,-60.05555555,-9999.0
2606,2018-02-08,08:00,-9999.0,-9999.0,-9999.0,-9999.0,-9999,-9999.0,-9999.0,-9999.0,-9999.0,-9999.0,-9999.0,-9999,-9999,-9999,-9999,-9999.0,-9999.0,N,AM,CRMN MANAUS,S103,-3.02249999,-60.05555555,-9999.0
2607,2018-02-08,12:00,-9999.0,-9999.0,-9999.0,-9999.0,-9999,-9999.0,-9999.0,-9999.0,-9999.0,-9999.0,-9999.0,-9999,-9999,-9999,-9999,-9999.0,-9999.0,N,AM,CRMN MANAUS,S103,-3.02249999,-60.05555555,-9999.0
2608,2018-02-08,16:00,-9999.0,-9999.0,-9999.0,-9999.0,-9999,-9999.0,-9999.0,-9999.0,-9999.0,-9999.0,-9999.0,-9999,-9999,-9999,-9999,-9999.0,-9999.0,N,AM,CRMN MANAUS,S103,-3.02249999,-60.05555555,-9999.0
2609,2018-02-08,20:00,-9999.0,-9999.0,-9999.0,-9999.0,-9999,-9999.0,-9999.0,-9999.0,-9999.0,-9999.0,-9999.0,-9999,-9999,-9999,-9999,-9999.0,-9999.0,N,AM,CRMN MANAUS,S103,-3.02249999,-60.05555555,-9999.0
2610,2018-02-09,00:00,-9999.0,-9999.0,-9999.0,-9999.0,-9999,-9999.0,-9999.0,-9999.0,-9999.0,-9999.0,-9999.0,-9999,-9999,-9999,-9999,-9999.0,-9999.0,N,AM,CRMN MANAUS,S103,-3.02249999,-60.05555555,-9999.0
2611,2018-02-09,04:00,-9999.0,-9999.0,-9999.0,-9999.0,-9999,-9999.0,-9999.0,-9999.0,-9999.0,-9999.0,-9999.0,-9999,-9999,-9999,-9999,-9999.0,-9999.0,N,AM,CRMN MANAUS,S103,-3.02249999,-60.05555555,-9999.0
2612,2018-02-09,08:00,-9999.0,-9999.0,-9999.0,-9999.0,-9999,-9999.0,-9999.0,-9999.0,-9999.0,-9999.0,-9999.0,-9999,-9999,-9999,-9999,-9999.0,-9999.0,N,AM,CRMN MANAUS,S103,-3.02249999,-60.05555555,-9999.0
2613,2018-02-09,12:00,-9999.0,-9999.0,-9999.0,-9999.0,-9999,-9999.0,-9999.0,-9999.0,-9999.0,-9999.0,-9999.0,-9999,-9999,-9999,-9999,-9999.0,-9999.0,N,AM,CRMN MANAUS,S103,-3.02249999,-60.05555555,-9999.0
2614,2018-02-09,16:00,-9999.0,-9999.0,-9999.0,-9999.0,-9999,-9999.0,-9999.0,-9999.0,-9999.0,-9999.0,-9999.0,-9999,-9999,-9999,-9999,-9999.0,-9999.0,N,AM,CRMN MANAUS,S103,-3.02249999,-60.05555555,-9999.0
2615,2018-02-09,20:00,-9999.0,-9999.0,-9999.0,-9999.0,-9999,-9999.0,-9999.0,-9999.0,-9999.0,-9999.0,-9999.0,-9999,-9999,-9999,-9999,-9999.0,-9999.0,N,AM,CRMN MANAUS,S103,-3.02249999,-60.05555555,-9999.0
2616,2018-02-10,00:00,-9999.0,-9999.0,-9999.0,-9999.0,-9999,-9999.0,-9999.0,-9999.0,-9999.0,-9999.0,-9999.0,-9999,-9999,-9999,-9999,-9999.0,-9999.0,N,AM,CRMN MANAUS,S103,-3.02249999,-60.05555555,-9999.0
2617,2018-02-10,04:00,-9999.0,-9999.0,-9999.0,-9999.0,-9999,-9999.0,-9999.0,-9999.0,-9999.0,-9999.0,-9999.0,-9999,-9999,-9999,-9999,-9999.0,-9999.0,N,AM,CRMN MANAUS,S103,-3.02249999,-60.05555555,-9999.0
2618,2018-02-10,08:00,-9999.0,-9999.0,-9999.0,-9999.0,-9999,-9999.0,-9999.0,-9999.0,-9999.0,-9999.0,-9999.0,-9999,-9999,-9999,-9999,-9999.0,-9999.0,N,AM,CRMN MANAUS,S103,-3.02249999,-60.05555555,-9999.0
2619,2018-02-10,12:00,-9999.0,-9999.0,-9999.0,-9999.0,-9999,-9999.0,-9999.0,-9999.0,-9999.0,-9999.0,-9999.0,-9999,-9999,-9999,-9999,-9999.0,-9999.0,N,AM,CRMN MANAUS,S103,-3.02249999,-60.05555555,-9999.0
2620,2018-02-10,16:00,-9999.0,-9999.0,-9999.0,-9999.0,-9999,-9999.0,-9999.0,-9999.0,-9999.0,-9999.0,-9999.0,-9999,-9999,-9999,-9999,-9999.0,-9999.0,N,AM,CRMN MANAUS,S103,-3.02249999,-60.05555555,-9999.0
2621,2018-02-10,20:00,-9999.0,-9999.0,-9999.0,-9999.0,-9999,-9999.0,-9999.0,-9999.0,-9999.0,-9999.0,-9999.0,-9999,-9999,-9999,-9999,-9999.0,-9999.0,N,AM,CRMN MANAUS,S103,-3.02249999,-60.05555555,-9999.0
2622,2018-02-11,00:00,-9999.0,-9999.0,-9999.0,-9999.0,-9999,-9999.0,-9999.0,-9999.0,-9999.0,-9999.0,-9999.0,-9999,-9999,-9999,-9999,-9999.0,-9999.0,N,AM,CRMN MANAUS,S103,-3.02249999,-60.05555555,-9999.0
2623,2018-02-11,04:00,-9999.0,-9999.0,-9999.0,-9999.0,-9999,-9999.0,-9999.0,-9999.0,-9999.0,-9999.0,-9999.0,-9999,-9999,-9999,-9999,-9999.0,-9999.0,N,AM,CRMN MANAUS,S103,-3.02249999,-60.05555555,-9999.0
2624,2018-02-11,08:00,-9999.0,-9999.0,-9999.0,-9999.0,-9999,-9999.0,-9999.0,-9999.0,-9999.0,-9999.0,-9999.0,-9999,-9999,-9999,-9999,-9999.0,-9999.0,N,AM,CRMN MANAUS,S103,-3.02249999,-60.05555555,-9999.0
2625,2018-02-11,12:00,-9999.0,-9999.0,-9999.0,-9999.0,-9999,-9999.0,-9999.0,-9999.0,-9999.0,-9999.0,-9999.0,-9999,-9999,-9999,-9999,-9999.0,-9999.0,N,AM,CRMN MANAUS,S103,-3.02249999,-60.05555555,-9999.0
2626,2018-02-11,16:00,-9999.0,-9999.0,-9999.0,-9999.0,-9999,-9999.0,-9999.0,-9999.0,-9999.0,-9999.0,-9999.0,-9999,-9999,-9999,-9999,-9999.0,-9999.0,N,AM,CRMN MANAUS,S103,-3.02249999,-60.05555555,-9999.0
2627,2018-02-11,20:00,-9999.0,-9999.0,-9999.0,-9999.0,-9999,-9999.0,-9999.0,-9999.0,-9999.0,-9999.0,-9999.0,-9999,-9999,-9999,-9999,-9999.0,-9999.0,N,AM,CRMN MANAUS,S103,-3.02249999,-60.05555555,-9999.0
2628,2018-02-12,00:00,-9999.0,-9999.0,-9999.0,-9999.0,-9999,-9999.0,-9999.0,-9999.0,-9999.0,-9999.0,-9999.0,-9999,-9999,-9999,-9999,-9999.0,-9999.0,N,AM,CRMN MANAUS,S103,-3.02249999,-60.05555555,-9999.0
2629,2018-02-12,04:00,-9999.0,-9999.0,-9999.0,-9999.0,-9999,-9999.0,-9999.0,-9999.0,-9999.0,-9999.0,-9999.0,-9999,-9999,-9999,-9999,-9999.0,-9999.0,N,AM,CRMN MANAUS,S103,-3.02249999,-60.05555555,-9999.0
2630,2018-02-12,08:00,-9999.0,-9999.0,-9999.0,-9999.0,-9999,-9999.0,-9999.0,-9999.0,-9999.0,-9999.0,-9999.0,-9999,-9999,-9999,-9999,-9999.0,-9999.0,N,AM,CRMN MANAUS,S103,-3.02249999,-60.05555555,-9999.0
2631,2018-02-12,12:00,-9999.0,-9999.0,-9999.0,-9999.0,-9999,-9999.0,-9999.0,-9999.0,-9999.0,-9999.0,-9999.0,-9999,-9999,-9999,-9999,-9999.0,-9999.0,N,AM,CRMN MANAUS,S103,-3.02249999,-60.05555555,-9999.0
2632,2018-02-12,16:00,-9999.0,-9999.0,-9999.0,-9999.0,-9999,-9999.0,-9999.0,-9999.0,-9999.0,-9999.0,-9999.0,-9999,-9999,-9999,-9999,-9999.0,-9999.0,N,AM,CRMN MANAUS,S103,-3.02249999,-60.05555555,-9999.0
2633,2018-02-12,20:00,-9999.0,-9999.0,-9999.0,-9999.0,-9999,-9999.0,-9999.0,-9999.0,-9999.0,-9999.0,-9999.0,-9999,-9999,-9999,-9999,-9999.0,-9999.0,N,AM,CRMN MANAUS,S103,-3.02249999,-60.05555555,-9999.0
2634,2018-02-13,00:00,-9999.0,-9999.0,-9999.0,-9999.0,-9999,-9999.0,-9999.0,-9999.0,-9999.0,-9999.0,-9999.0,-9999,-9999,-9999,-9999,-9999.0,-9999.0,N,AM,CRMN MANAUS,S103,-3.02249999,-60.05555555,-9999.0
2635,2018-02-13,04:00,-9999.0,-9999.0,-9999.0,-9999.0,-9999,-9999.0,-9999.0,-9999.0,-9999.0,-9999.0,-9999.0,-9999,-9999,-9999,-9999,-9999.0,-9999.0,N,AM,CRMN MANAUS,S103,-3.02249999,-60.05555555,-9999.0
2636,2018-02-13,08:00,-9999.0,-9999.0,-9999.0,-9999.0,-9999,-9999.0,-9999.0,-9999.0,-9999.0,-9999.0,-9999.0,-9999,-9999,-9999,-9999,-9999.0,-9999.0,N,AM,CRMN MANAUS,S103,-3.02249999,-60.05555555,-9999.0
2637,2018-02-13,12:00,-9999.0,-9999.0,-9999.0,-9999.0,-9999,-9999.0,-9999.0,-9999.0,-9999.0,-9999.0,-9999.0,-9999,-9999,-9999,-9999,-9999.0,-9999.0,N,AM,CRMN MANAUS,S103,-3.02249999,-60.05555555,-9999.0
2638,2018-02-13,16:00,-9999.0,-9999.0,-9999.0,-9999.0,-9999,-9999.0,-9999.0,-9999.0,-9999.0,-9999.0,-9999.0,-9999,-9999,-9999,-9999,-9999.0,-9999.0,N,AM,CRMN MANAUS,S103,-3.02249999,-60.05555555,-9999.0
2639,2018-02-13,20:00,-9999.0,-9999.0,-9999.0,-9999.0,-9999,-9999.0,-9999.0,-9999.0,-9999.0,-9999.0,-9999.0,-9999,-9999,-9999,-9999,-9999.0,-9999.0,N,AM,CRMN MANAUS,S103,-3.02249999,-60.05555555,-9999.0
2640,2018-02-14,00:00,-9999.0,-9999.0,-9999.0,-9999.0,-9999,-9999.0,-9999.0,-9999.0,-9999.0,-9999.0,-9999.0,-9999,-9999,-9999,-9999,-9999.0,-9999.0,N,AM,CRMN MANAUS,S103,-3.02249999,-60.05555555,-9999.0
2641,2018-02-14,04:00,-9999.0,-9999.0,-9999.0,-9999.0,-9999,-9999.0,-9999.0,-9999.0,-9999.0,-9999.0,-9999.0,-9999,-9999,-9999,-9999,-9999.0,-9999.0,N,AM,CRMN MANAUS,S103,-3.02249999,-60.05555555,-9999.0
2642,2018-02-14,08:00,-9999.0,-9999.0,-9999.0,-9999.0,-9999,-9999.0,-9999.0,-9999.0,-9999.0,-9999.0,-9999.0,-9999,-9999,-9999,-9999,-9999.0,-9999.0,N,AM,CRMN MANAUS,S103,-3.02249999,-60.05555555,-9999.0
2643,2018-02-14,12:00,-9999.0,-9999.0,-9999.0,-9999.0,-9999,-9999.0,-9999.0,-9999.0,-9999.0,-9999.0,-9999.0,-9999,-9999,-9999,-9999,-9999.0,-9999.0,N,AM,CRMN MANAUS,S103,-3.02249999,-60.05555555,-9999.0
2644,2018-02-14,16:00,-9999.0,-9999.0,-9999.0,-9999.0,-9999,-9999.0,-9999.0,-9999.0,-9999.0,-9999.0,-9999.0,-9999,-9999,-9999,-9999,-9999.0,-9999.0,N,AM,CRMN MANAUS,S103,-3.02249999,-60.05555555,-9999.0
2645,2018-02-14,20:00,-9999.0,-9999.0,-9999.0,-9999.0,-9999,-9999.0,-9999.0,-9999.0,-9999.0,-9999.0,-9999.0,-9999,-9999,-9999,-9999,-9999.0,-9999.0,N,AM,CRMN MANAUS,S103,-3.02249999,-60.05555555,-9999.0
2646,2018-02-15,00:00,-9999.0,-9999.0,-9999.0,-9999.0,-9999,-9999.0,-9999.0,-9999.0,-9999.0,-9999.0,-9999.0,-9999,-9999,-9999,-9999,-9999.0,-9999.0,N,AM,CRMN MANAUS,S103,-3.02249999,-60.05555555,-9999.0
2647,2018-02-15,04:00,-9999.0,-9999.0,-9999.0,-9999.0,-9999,-9999.0,-9999.0,-9999.0,-9999.0,-9999.0,-9999.0,-9999,-9999,-9999,-9999,-9999.0,-9999.0,N,AM,CRMN MANAUS,S103,-3.02249999,-60.05555555,-9999.0
2648,2018-02-15,08:00,-9999.0,-9999.0,-9999.0,-9999.0,-9999,-9999.0,-9999.0,-9999.0,-9999.0,-9999.0,-9999.0,-9999,-9999,-9999,-9999,-9999.0,-9999.0,N,AM,CRMN MANAUS,S103,-3.02249999,-60.05555555,-9999.0
2649,2018-02-15,12:00,-9999.0,-9999.0,-9999.0,-9999.0,-9999,-9999.0,-9999.0,-9999.0,-9999.0,-9999.0,-9999.0,-9999,-9999,-9999,-9999,-9999.0,-9999.0,N,AM,CRMN MANAUS,S103,-3.02249999,-60.05555555,-9999.0
2650,2018-02-15,16:00,-9999.0,-9999.0,-9999.0,-9999.0,-9999,-9999.0,-9999.0,-9999.0,-9999.0,-9999.0,-9999.0,-9999,-9999,-9999,-9999,-9999.0,-9999.0,N,AM,CRMN MANAUS,S103,-3.02249999,-60.05555555,-9999.0
2651,2018-02-15,20:00,-9999.0,-9999.0,-9999.0,-9999.0,-9999,-9999.0,-9999.0,-9999.0,-9999.0,-9999.0,-9999.0,-9999,-9999,-9999,-9999,-9999.0,-9999.0,N,AM,CRMN MANAUS,S103,-3.02249999,-60.05555555,-9999.0
2652,2018-02-16,00:00,-9999.0,-9999.0,-9999.0,-9999.0,-9999,-9999.0,-9999.0,-9999.0,-9999.0,-9999.0,-9999.0,-9999,-9999,-9999,-9999,-9999.0,-9999.0,N,AM,CRMN MANAUS,S103,-3.02249999,-60.05555555,-9999.0
2653,2018-02-16,04:00,-9999.0,-9999.0,-9999.0,-9999.0,-9999,-9999.0,-9999.0,-9999.0,-9999.0,-9999.0,-9999.0,-9999,-9999,-9999,-9999,-9999.0,-9999.0,N,AM,CRMN MANAUS,S103,-3.02249999,-60.05555555,-9999.0
2654,2018-02-16,08:00,-9999.0,-9999.0,-9999.0,-9999.0,-9999,-9999.0,-9999.0,-9999.0,-9999.0,-9999.0,-9999.0,-9999,-9999,-9999,-9999,-9999.0,-9999.0,N,AM,CRMN MANAUS,S103,-3.02249999,-60.05555555,-9999.0
2655,2018-02-16,12:00,-9999.0,-9999.0,-9999.0,-9999.0,-9999,-9999.0,-9999.0,-9999.0,-9999.0,-9999.0,-9999.0,-9999,-9999,-9999,-9999,-9999.0,-9999.0,N,AM,CRMN MANAUS,S103,-3.02249999,-60.05555555,-9999.0
2656,2018-02-16,16:00,-9999.0,-9999.0,-9999.0,-9999.0,-9999,-9999.0,-9999.0,-9999.0,-9999.0,-9999.0,-9999.0,-9999,-9999,-9999,-9999,-9999.0,-9999.0,N,AM,CRMN MANAUS,S103,-3.02249999,-60.05555555,-9999.0
2657,2018-02-16,20:00,-9999.0,-9999.0,-9999.0,-9999.0,-9999,-9999.0,-9999.0,-9999.0,-9999.0,-9999.0,-9999.0,-9999,-9999,-9999,-9999,-9999.0,-9999.0,N,AM,CRMN MANAUS,S103,-3.02249999,-60.05555555,-9999.0
2658,2018-02-17,00:00,-9999.0,-9999.0,-9999.0,-9999.0,-9999,-9999.0,-9999.0,-9999.0,-9999.0,-9999.0,-9999.0,-9999,-9999,-9999,-9999,-9999.0,-9999.0,N,AM,CRMN MANAUS,S103,-3.02249999,-60.05555555,-9999.0
2659,2018-02-17,04:00,-9999.0,-9999.0,-9999.0,-9999.0,-9999,-9999.0,-9999.0,-9999.0,-9999.0,-9999.0,-9999.0,-9999,-9999,-9999,-9999,-9999.0,-9999.0,N,AM,CRMN MANAUS,S103,-3.02249999,-60.05555555,-9999.0
2660,2018-02-17,08:00,-9999.0,-9999.0,-9999.0,-9999.0,-9999,-9999.0,-9999.0,-9999.0,-9999.0,-9999.0,-9999.0,-9999,-9999,-9999,-9999,-9999.0,-9999.0,N,AM,CRMN MANAUS,S103,-3.02249999,-60.05555555,-9999.0
2661,2018-02-17,12:00,-9999.0,-9999.0,-9999.0,-9999.0,-9999,-9999.0,-9999.0,-9999.0,-9999.0,-9999.0,-9999.0,-9999,-9999,-9999,-9999,-9999.0,-9999.0,N,AM,CRMN MANAUS,S103,-3.02249999,-60.05555555,-9999.0
2662,2018-02-17,16:00,-9999.0,-9999.0,-9999.0,-9999.0,-9999,-9999.0,-9999.0,-9999.0,-9999.0,-9999.0,-9999.0,-9999,-9999,-9999,-9999,-9999.0,-9999.0,N,AM,CRMN MANAUS,S103,-3.02249999,-60.05555555,-9999.0
2663,2018-02-17,20:00,-9999.0,-9999.0,-9999.0,-9999.0,-9999,-9999.0,-9999.0,-9999.0,-9999.0,-9999.0,-9999.0,-9999,-9999,-9999,-9999,-9999.0,-9999.0,N,AM,CRMN MANAUS,S103,-3.02249999,-60.05555555,-9999.0
2664,2018-02-18,00:00,-9999.0,-9999.0,-9999.0,-9999.0,-9999,-9999.0,-9999.0,-9999.0,-9999.0,-9999.0,-9999.0,-9999,-9999,-9999,-9999,-9999.0,-9999.0,N,AM,CRMN MANAUS,S103,-3.02249999,-60.05555555,-9999.0
2665,2018-02-18,04:00,-9999.0,-9999.0,-9999.0,-9999.0,-9999,-9999.0,-9999.0,-9999.0,-9999.0,-9999.0,-9999.0,-9999,-9999,-9999,-9999,-9999.0,-9999.0,N,AM,CRMN MANAUS,S103,-3.02249999,-60.05555555,-9999.0
2666,2018-02-18,08:00,-9999.0,-9999.0,-9999.0,-9999.0,-9999,-9999.0,-9999.0,-9999.0,-9999.0,-9999.0,-9999.0,-9999,-9999,-9999,-9999,-9999.0,-9999.0,N,AM,CRMN MANAUS,S103,-3.02249999,-60.05555555,-9999.0
2667,2018-02-18,12:00,-9999.0,-9999.0,-9999.0,-9999.0,-9999,-9999.0,-9999.0,-9999.0,-9999.0,-9999.0,-9999.0,-9999,-9999,-9999,-9999,-9999.0,-9999.0,N,AM,CRMN MANAUS,S103,-3.02249999,-60.05555555,-9999.0
2668,2018-02-18,16:00,-9999.0,-9999.0,-9999.0,-9999.0,-9999,-9999.0,-9999.0,-9999.0,-9999.0,-9999.0,-9999.0,-9999,-9999,-9999,-9999,-9999.0,-9999.0,N,AM,CRMN MANAUS,S103,-3.02249999,-60.05555555,-9999.0
2669,2018-02-18,20:00,-9999.0,-9999.0,-9999.0,-9999.0,-9999,-9999.0,-9999.0,-9999.0,-9999.0,-9999.0,-9999.0,-9999,-9999,-9999,-9999,-9999.0,-9999.0,N,AM,CRMN MANAUS,S103,-3.02249999,-60.05555555,-9999.0
2670,2018-02-19,00:00,-9999.0,-9999.0,-9999.0,-9999.0,-9999,-9999.0,-9999.0,-9999.0,-9999.0,-9999.0,-9999.0,-9999,-9999,-9999,-9999,-9999.0,-9999.0,N,AM,CRMN MANAUS,S103,-3.02249999,-60.05555555,-9999.0
2671,2018-02-19,04:00,-9999.0,-9999.0,-9999.0,-9999.0,-9999,-9999.0,-9999.0,-9999.0,-9999.0,-9999.0,-9999.0,-9999,-9999,-9999,-9999,-9999.0,-9999.0,N,AM,CRMN MANAUS,S103,-3.02249999,-60.05555555,-9999.0
2672,2018-02-19,08:00,-9999.0,-9999.0,-9999.0,-9999.0,-9999,-9999.0,-9999.0,-9999.0,-9999.0,-9999.0,-9999.0,-9999,-9999,-9999,-9999,-9999.0,-9999.0,N,AM,CRMN MANAUS,S103,-3.02249999,-60.05555555,-9999.0
2673,2018-02-19,12:00,-9999.0,-9999.0,-9999.0,-9999.0,-9999,-9999.0,-9999.0,-9999.0,-9999.0,-9999.0,-9999.0,-9999,-9999,-9999,-9999,-9999.0,-9999.0,N,AM,CRMN MANAUS,S103,-3.02249999,-60.05555555,-9999.0
2674,2018-02-19,16:00,-9999.0,-9999.0,-9999.0,-9999.0,-9999,-9999.0,-9999.0,-9999.0,-9999.0,-9999.0,-9999.0,-9999,-9999,-9999,-9999,-9999.0,-9999.0,N,AM,CRMN MANAUS,S103,-3.02249999,-60.05555555,-9999.0
2675,2018-02-19,20:00,-9999.0,-9999.0,-9999.0,-9999.0,-9999,-9999.0,-9999.0,-9999.0,-9999.0,-9999.0,-9999.0,-9999,-9999,-9999,-9999,-9999.0,-9999.0,N,AM,CRMN MANAUS,S103,-3.02249999,-60.05555555,-9999.0
2676,2018-02-20,00:00,-9999.0,-9999.0,-9999.0,-9999.0,-9999,-9999.0,-9999.0,-9999.0,-9999.0,-9999.0,-9999.0,-9999,-9999,-9999,-9999,-9999.0,-9999.0,N,AM,CRMN MANAUS,S103,-3.02249999,-60.05555555,-9999.0
2677,2018-02-20,04:00,-9999.0,-9999.0,-9999.0,-9999.0,-9999,-9999.0,-9999.0,-9999.0,-9999.0,-9999.0,-9999.0,-9999,-9999,-9999,-9999,-9999.0,-9999.0,N,AM,CRMN MANAUS,S103,-3.02249999,-60.05555555,-9999.0
2678,2018-02-20,08:00,-9999.0,-9999.0,-9999.0,-9999.0,-9999,-9999.0,-9999.0,-9999.0,-9999.0,-9999.0,-9999.0,-9999,-9999,-9999,-9999,-9999.0,-9999.0,N,AM,CRMN MANAUS,S103,-3.02249999,-60.05555555,-9999.0
2679,2018-02-20,12:00,-9999.0,-9999.0,-9999.0,-9999.0,-9999,-9999.0,-9999.0,-9999.0,-9999.0,-9999.0,-9999.0,-9999,-9999,-9999,-9999,-9999.0,-9999.0,N,AM,CRMN MANAUS,S103,-3.02249999,-60.05555555,-9999.0
2680,2018-02-20,16:00,-9999.0,-9999.0,-9999.0,-9999.0,-9999,-9999.0,-9999.0,-9999.0,-9999.0,-9999.0,-9999.0,-9999,-9999,-9999,-9999,-9999.0,-9999.0,N,AM,CRMN MANAUS,S103,-3.02249999,-60.05555555,-9999.0
2681,2018-02-20,20:00,-9999.0,-9999.0,-9999.0,-9999.0,-9999,-9999.0,-9999.0,-9999.0,-9999.0,-9999.0,-9999.0,-9999,-9999,-9999,-9999,-9999.0,-9999.0,N,AM,CRMN MANAUS,S103,-3.02249999,-60.05555555,-9999.0
2682,2018-02-21,00:00,-9999.0,-9999.0,-9999.0,-9999.0,-9999,-9999.0,-9999.0,-9999.0,-9999.0,-9999.0,-9999.0,-9999,-9999,-9999,-9999,-9999.0,-9999.0,N,AM,CRMN MANAUS,S103,-3.02249999,-60.05555555,-9999.0
2683,2018-02-21,04:00,-9999.0,-9999.0,-9999.0,-9999.0,-9999,-9999.0,-9999.0,-9999.0,-9999.0,-9999.0,-9999.0,-9999,-9999,-9999,-9999,-9999.0,-9999.0,N,AM,CRMN MANAUS,S103,-3.02249999,-60.05555555,-9999.0
2684,2018-02-21,08:00,-9999.0,-9999.0,-9999.0,-9999.0,-9999,-9999.0,-9999.0,-9999.0,-9999.0,-9999.0,-9999.0,-9999,-9999,-9999,-9999,-9999.0,-9999.0,N,AM,CRMN MANAUS,S103,-3.02249999,-60.05555555,-9999.0
2685,2018-02-21,12:00,-9999.0,-9999.0,-9999.0,-9999.0,-9999,-9999.0,-9999.0,-9999.0,-9999.0,-9999.0,-9999.0,-9999,-9999,-9999,-9999,-9999.0,-9999.0,N,AM,CRMN MANAUS,S103,-3.02249999,-60.05555555,-9999.0
2686,2018-02-21,16:00,-9999.0,-9999.0,-9999.0,-9999.0,-9999,-9999.0,-9999.0,-9999.0,-9999.0,-9999.0,-9999.0,-9999,-9999,-9999,-9999,-9999.0,-9999.0,N,AM,CRMN MANAUS,S103,-3.02249999,-60.05555555,-9999.0
2687,2018-02-21,20:00,-9999.0,-9999.0,-9999.0,-9999.0,-9999,-9999.0,-9999.0,-9999.0,-9999.0,-9999.0,-9999.0,-9999,-9999,-9999,-9999,-9999.0,-9999.0,N,AM,CRMN MANAUS,S103,-3.02249999,-60.05555555,-9999.0
2688,2018-02-22,00:00,-9999.0,-9999.0,-9999.0,-9999.0,-9999,-9999.0,-9999.0,-9999.0,-9999.0,-9999.0,-9999.0,-9999,-9999,-9999,-9999,-9999.0,-9999.0,N,AM,CRMN MANAUS,S103,-3.02249999,-60.05555555,-9999.0
2689,2018-02-22,04:00,-9999.0,-9999.0,-9999.0,-9999.0,-9999,-9999.0,-9999.0,-9999.0,-9999.0,-9999.0,-9999.0,-9999,-9999,-9999,-9999,-9999.0,-9999.0,N,AM,CRMN MANAUS,S103,-3.02249999,-60.05555555,-9999.0
2690,2018-02-22,08:00,-9999.0,-9999.0,-9999.0,-9999.0,-9999,-9999.0,-9999.0,-9999.0,-9999.0,-9999.0,-9999.0,-9999,-9999,-9999,-9999,-9999.0,-9999.0,N,AM,CRMN MANAUS,S103,-3.02249999,-60.05555555,-9999.0
2691,2018-02-22,12:00,-9999.0,-9999.0,-9999.0,-9999.0,-9999,-9999.0,-9999.0,-9999.0,-9999.0,-9999.0,-9999.0,-9999,-9999,-9999,-9999,-9999.0,-9999.0,N,AM,CRMN MANAUS,S103,-3.02249999,-60.05555555,-9999.0
2692,2018-02-22,16:00,-9999.0,-9999.0,-9999.0,-9999.0,-9999,-9999.0,-9999.0,-9999.0,-9999.0,-9999.0,-9999.0,-9999,-9999,-9999,-9999,-9999.0,-9999.0,N,AM,CRMN MANAUS,S103,-3.02249999,-60.05555555,-9999.0
2693,2018-02-22,20:00,-9999.0,-9999.0,-9999.0,-9999.0,-9999,-9999.0,-9999.0,-9999.0,-9999.0,-9999.0,-9999.0,-9999,-9999,-9999,-9999,-9999.0,-9999.0,N,AM,CRMN MANAUS,S103,-3.02249999,-60.05555555,-9999.0
2694,2018-02-23,00:00,-9999.0,-9999.0,-9999.0,-9999.0,-9999,-9999.0,-9999.0,-9999.0,-9999.0,-9999.0,-9999.0,-9999,-9999,-9999,-9999,-9999.0,-9999.0,N,AM,CRMN MANAUS,S103,-3.02249999,-60.05555555,-9999.0
2695,2018-02-23,04:00,-9999.0,-9999.0,-9999.0,-9999.0,-9999,-9999.0,-9999.0,-9999.0,-9999.0,-9999.0,-9999.0,-9999,-9999,-9999,-9999,-9999.0,-9999.0,N,AM,CRMN MANAUS,S103,-3.02249999,-60.05555555,-9999.0
2696,2018-02-23,08:00,-9999.0,-9999.0,-9999.0,-9999.0,-9999,-9999.0,-9999.0,-9999.0,-9999.0,-9999.0,-9999.0,-9999,-9999,-9999,-9999,-9999.0,-9999.0,N,AM,CRMN MANAUS,S103,-3.02249999,-60.05555555,-9999.0
2697,2018-02-23,12:00,-9999.0,-9999.0,-9999.0,-9999.0,-9999,-9999.0,-9999.0,-9999.0,-9999.0,-9999.0,-9999.0,-9999,-9999,-9999,-9999,-9999.0,-9999.0,N,AM,CRMN MANAUS,S103,-3.02249999,-60.05555555,-9999.0
2698,2018-02-23,16:00,0.0,1002.9,1003.9,1003.8,0,29.1,21.7,27.7,27.2,22.3,21.9,74,71,64,29,2.7,1.0,N,AM,CRMN MANAUS,S103,-3.02249999,-60.05555555,-9999.0
2699,2018-02-23,20:00,0.0,1000.3,1000.2,999.6,0,22.3,21.2,29.6,22.9,23.2,21.5,92,63,93,18,4.7,2.0,N,AM,CRMN MANAUS,S103,-3.02249999,-60.05555555,-9999.0
2700,2018-02-24,00:00,0.0,1001.2,1001.0,1000.7,0,23.0,21.4,23.0,22.7,21.7,21.3,93,90,91,19,2.8,1.0,N,AM,CRMN MANAUS,S103,-3.02249999,-60.05555555,-9999.0
2701,2018-02-24,04:00,0.0,1000.1,1001.1,1000.6,0,22.7,21.3,22.8,22.5,21.4,21.1,93,91,92,19,2.1,1.0,N,AM,CRMN MANAUS,S103,-3.02249999,-60.05555555,-9999.0
2702,2018-02-24,08:00,0.0,1001.2,1001.2,1000.6,0,22.4,21.2,22.8,22.6,21.5,21.2,93,92,93,21,2.0,0.0,N,AM,CRMN MANAUS,S103,-3.02249999,-60.05555555,-9999.0
2703,2018-02-24,12:00,0.0,1002.6,1001.8,1001.2,0,23.1,20.7,22.5,22.1,20.8,20.5,91,90,87,20,1.7,1.0,N,AM,CRMN MANAUS,S103,-3.02249999,-60.05555555,-9999.0
2704,2018-02-24,16:00,0.0,1002.5,1003.6,1003.3,0,27.7,21.6,26.1,25.5,21.9,21.1,79,76,69,30,3.3,1.0,N,AM,CRMN MANAUS,S103,-3.02249999,-60.05555555,-9999.0
2705,2018-02-24,20:00,0.0,999.7,1001.0,1000.2,0,28.4,20.9,28.7,27.9,21.8,20.4,69,62,64,32,2.2,1.0,N,AM,CRMN MANAUS,S103,-3.02249999,-60.05555555,-9999.0
2706,2018-02-25,00:00,0.0,999.4,1000.3,1000.0,0,25.6,21.4,27.3,26.5,21.8,21.3,75,70,78,23,3.9,3.0,N,AM,CRMN MANAUS,S103,-3.02249999,-60.05555555,-9999.0
2707,2018-02-25,04:00,0.0,1001.1,1001.8,1001.3,0,24.0,20.7,24.4,24.2,20.9,20.5,81,79,82,25,1.5,0.0,N,AM,CRMN MANAUS,S103,-3.02249999,-60.05555555,-9999.0
2708,2018-02-25,08:00,0.0,1000.8,1000.2,1000.0,0,23.6,20.5,23.4,23.2,20.8,20.5,86,85,83,21,1.8,0.0,N,AM,CRMN MANAUS,S103,-3.02249999,-60.05555555,-9999.0
2709,2018-02-25,12:00,0.0,1004.0,1003.4,1002.3,0,24.8,21.7,23.5,23.1,21.0,20.7,86,86,83,22,2.6,1.0,N,AM,CRMN MANAUS,S103,-3.02249999,-60.05555555,-9999.0
2710,2018-02-25,16:00,0.0,1003.1,1004.6,1004.1,0,28.6,20.9,27.7,27.0,21.6,20.7,70,68,63,29,5.8,4.0,N,AM,CRMN MANAUS,S103,-3.02249999,-60.05555555,-9999.0
2711,2018-02-25,20:00,0.0,998.8,1000.5,999.3,0,30.9,20.3,31.0,30.0,21.4,19.8,59,52,53,33,4.1,1.0,N,AM,CRMN MANAUS,S103,-3.02249999,-60.05555555,-9999.0
2712,2018-02-26,00:00,0.0,1000.3,1000.0,999.5,0,27.4,22.2,29.1,27.7,21.8,21.2,70,64,73,26,1.6,0.0,N,AM,CRMN MANAUS,S103,-3.02249999,-60.05555555,-9999.0
2713,2018-02-26,04:00,0.0,1001.5,1001.8,1001.5,0,25.3,21.7,26.2,25.7,21.9,21.7,79,77,81,20,2.8,1.0,N,AM,CRMN MANAUS,S103,-3.02249999,-60.05555555,-9999.0
2714,2018-02-26,08:00,0.0,1000.4,1001.0,1000.7,0,24.1,21.2,24.6,24.1,21.4,21.1,84,81,84,24,0.0,0.0,N,AM,CRMN MANAUS,S103,-3.02249999,-60.05555555,-9999.0
2715,2018-02-26,12:00,0.0,1002.9,1002.1,1001.5,0,26.7,21.3,24.2,23.6,21.7,21.3,87,86,73,22,3.7,3.0,N,AM,CRMN MANAUS,S103,-3.02249999,-60.05555555,-9999.0
2716,2018-02-26,16:00,0.0,1002.1,1003.5,1003.1,0,31.8,20.7,31.1,29.5,22.4,20.9,63,56,52,30,4.1,1.0,N,AM,CRMN MANAUS,S103,-3.02249999,-60.05555555,-9999.0
2717,2018-02-26,20:00,0.0,998.0,999.8,998.6,0,28.9,23.5,31.2,27.8,25.1,21.2,78,57,73,24,6.4,1.0,N,AM,CRMN MANAUS,S103,-3.02249999,-60.05555555,-9999.0
2718,2018-02-27,00:00,0.0,1000.5,999.8,999.1,0,27.0,22.9,28.4,27.2,22.7,22.1,77,69,79,25,1.2,0.0,N,AM,CRMN MANAUS,S103,-3.02249999,-60.05555555,-9999.0
2719,2018-02-27,04:00,0.0,1001.5,1002.1,1001.8,0,26.1,22.8,26.0,25.4,23.4,23.1,88,84,82,23,1.2,0.0,N,AM,CRMN MANAUS,S103,-3.02249999,-60.05555555,-9999.0
2720,2018-02-27,08:00,0.0,1000.5,1000.6,1000.3,0,25.0,23.3,25.2,24.9,23.1,22.7,89,87,90,22,0.7,0.0,N,AM,CRMN MANAUS,S103,-3.02249999,-60.05555555,-9999.0
2721,2018-02-27,12:00,0.0,1003.4,1001.9,1001.2,0,25.5,22.1,25.4,25.0,22.4,21.7,85,81,82,25,1.2,0.0,N,AM,CRMN MANAUS,S103,-3.02249999,-60.05555555,-9999.0
2722,2018-02-27,16:00,0.0,1003.2,1004.2,1003.6,0,25.0,22.8,24.7,24.3,22.8,22.0,90,86,88,21,4.2,3.0,N,AM,CRMN MANAUS,S103,-3.02249999,-60.05555555,-9999.0
2723,2018-02-27,20:00,0.0,999.0,1001.9,1001.2,0,22.6,21.4,24.3,22.7,22.7,21.2,92,88,92,18,4.2,3.0,N,AM,CRMN MANAUS,S103,-3.02249999,-60.05555555,-9999.0
2724,2018-02-28,00:00,0.0,1000.4,999.9,999.3,0,23.4,22.2,23.7,23.5,22.3,22.0,92,91,93,23,1.7,0.0,N,AM,CRMN MANAUS,S103,-3.02249999,-60.05555555,-9999.0
2725,2018-02-28,04:00,0.0,1001.5,1002.3,1002.0,0,23.0,21.7,23.5,23.3,22.2,22.0,93,91,92,23,1.3,0.0,N,AM,CRMN MANAUS,S103,-3.02249999,-60.05555555,-9999.0
2726,2018-02-28,08:00,0.0,999.1,999.8,999.3,0,22.7,21.5,23.1,22.8,21.3,21.2,92,89,93,19,2.3,1.0,N,AM,CRMN MANAUS,S103,-3.02249999,-60.05555555,-9999.0
2727,2018-02-28,12:00,0.0,1002.4,1001.6,1000.5,0,24.1,21.6,22.5,22.3,21.2,21.0,92,92,86,22,1.8,1.0,N,AM,CRMN MANAUS,S103,-3.02249999,-60.05555555,-9999.0
2728,2018-02-28,16:00,0.0,1002.1,1003.4,1003.0,0,28.6,22.4,27.6,26.3,23.2,22.0,79,74,70,37,1.6,1.0,N,AM,CRMN MANAUS,S103,-3.02249999,-60.05555555,-9999.0
2729,2018-02-28,20:00,0.0,997.9,999.6,998.4,0,31.0,22.6,30.7,29.2,24.2,23.0,73,64,61,37,3.4,2.0,N,AM,CRMN MANAUS,S103,-3.02249999,-60.05555555,-9999.0
2730,2018-03-01,00:00,0.0,999.8,998.7,998.1,0,27.7,21.6,30.2,29.0,21.5,21.1,63,59,70,33,1.2,0.0,N,AM,CRMN MANAUS,S103,-3.02249999,-60.05555555,-9999.0
2731,2018-03-01,04:00,0.0,1000.9,1001.6,1001.3,0,26.0,22.5,27.0,26.4,22.4,21.8,78,73,81,29,1.7,0.0,N,AM,CRMN MANAUS,S103,-3.02249999,-60.05555555,-9999.0
2732,2018-03-01,08:00,0.0,1000.5,1000.4,1000.0,0,24.9,22.2,25.3,25.0,22.6,22.4,86,85,85,23,1.7,0.0,N,AM,CRMN MANAUS,S103,-3.02249999,-60.05555555,-9999.0
2733,2018-03-01,12:00,0.0,1003.5,1002.5,1001.5,0,26.6,21.7,24.9,24.5,22.3,22.1,87,85,74,24,4.7,2.0,N,AM,CRMN MANAUS,S103,-3.02249999,-60.05555555,-9999.0
2734,2018-03-01,16:00,0.0,1002.5,1003.9,1003.5,0,32.1,22.8,31.3,29.6,22.8,21.7,64,59,58,36,4.3,1.0,N,AM,CRMN MANAUS,S103,-3.02249999,-60.05555555,-9999.0
2735,2018-03-01,20:00,0.0,998.5,1000.1,999.3,0,33.2,23.3,32.6,28.4,23.6,21.6,73,54,56,39,1.4,0.0,N,AM,CRMN MANAUS,S103,-3.02249999,-60.05555555,-9999.0
2736,2018-03-02,00:00,0.0,999.4,998.9,998.3,0,29.0,22.9,28.9,28.4,22.4,21.2,70,63,70,27,1.9,0.0,N,AM,CRMN MANAUS,S103,-3.02249999,-60.05555555,-9999.0
2737,2018-03-02,04:00,0.0,1001.6,1001.4,1001.2,0,27.0,22.2,28.2,27.4,22.6,22.4,75,71,75,24,1.6,0.0,N,AM,CRMN MANAUS,S103,-3.02249999,-60.05555555,-9999.0
2738,2018-03-02,08:00,0.0,1000.5,1001.0,1000.5,0,26.1,22.5,26.1,25.8,22.6,22.5,82,81,81,21,2.3,2.0,N,AM,CRMN MANAUS,S103,-3.02249999,-60.05555555,-9999.0
2739,2018-03-02,12:00,0.0,1003.3,1002.5,1001.3,0,26.5,21.9,25.7,25.4,22.1,22.0,82,80,76,22,3.3,2.0,N,AM,CRMN MANAUS,S103,-3.02249999,-60.05555555,-9999.0
2740,2018-03-02,16:00,0.0,1002.4,1003.7,1003.5,0,32.6,20.2,31.4,29.9,22.0,21.0,62,55,48,32,3.5,1.0,N,AM,CRMN MANAUS,S103,-3.02249999,-60.05555555,-9999.0
2741,2018-03-02,20:00,0.0,997.0,999.0,997.7,0,33.1,20.0,33.8,32.7,20.7,19.3,48,43,46,27,4.3,2.0,N,AM,CRMN MANAUS,S103,-3.02249999,-60.05555555,-9999.0
2742,2018-03-03,00:00,0.0,999.2,998.6,998.0,0,28.5,22.1,30.2,29.0,21.9,21.4,65,60,68,20,1.6,0.0,N,AM,CRMN MANAUS,S103,-3.02249999,-60.05555555,-9999.0
2743,2018-03-03,04:00,-9999.0,-9999.0,-9999.0,-9999.0,-9999,-9999.0,-9999.0,-9999.0,-9999.0,-9999.0,-9999.0,-9999,-9999,-9999,-9999,-9999.0,-9999.0,N,AM,CRMN MANAUS,S103,-3.02249999,-60.05555555,-9999.0
2744,2018-03-03,08:00,0.0,999.1,999.4,998.9,0,25.9,24.0,26.4,26.1,24.1,23.9,88,87,89,19,1.2,0.0,N,AM,CRMN MANAUS,S103,-3.02249999,-60.05555555,-9999.0
2745,2018-03-03,12:00,0.0,1001.9,1000.7,999.8,0,27.6,23.6,26.1,25.6,23.5,23.1,86,85,79,20,1.5,1.0,N,AM,CRMN MANAUS,S103,-3.02249999,-60.05555555,-9999.0
2746,2018-03-03,16:00,0.0,1001.0,1002.6,1001.8,0,29.8,22.8,32.0,30.2,23.5,22.3,66,58,66,24,5.8,1.0,N,AM,CRMN MANAUS,S103,-3.02249999,-60.05555555,-9999.0
2747,2018-03-03,20:00,0.0,997.7,998.8,997.6,0,28.0,24.0,27.1,25.8,23.6,22.4,83,78,79,22,3.2,1.0,N,AM,CRMN MANAUS,S103,-3.02249999,-60.05555555,-9999.0
2748,2018-03-04,00:00,0.0,998.4,999.0,997.9,0,25.2,23.2,26.7,26.0,23.6,23.4,86,82,89,21,1.6,0.0,N,AM,CRMN MANAUS,S103,-3.02249999,-60.05555555,-9999.0
2749,2018-03-04,04:00,-9999.0,-9999.0,-9999.0,-9999.0,-9999,-9999.0,-9999.0,-9999.0,-9999.0,-9999.0,-9999.0,-9999,-9999,-9999,-9999,-9999.0,-9999.0,N,AM,CRMN MANAUS,S103,-3.02249999,-60.05555555,-9999.0
2750,2018-03-04,08:00,0.0,998.2,998.7,998.3,0,23.5,22.4,24.1,23.6,22.6,22.3,93,91,93,21,0.0,0.0,N,AM,CRMN MANAUS,S103,-3.02249999,-60.05555555,-9999.0
2751,2018-03-04,12:00,0.0,1001.1,1000.5,999.6,0,26.6,22.6,24.3,23.1,23.1,22.0,94,93,79,27,1.0,0.0,N,AM,CRMN MANAUS,S103,-3.02249999,-60.05555555,-9999.0
2752,2018-03-04,16:00,0.0,1000.9,1001.3,1001.1,0,30.4,23.2,30.7,29.1,23.9,22.4,72,63,65,32,2.9,1.0,N,AM,CRMN MANAUS,S103,-3.02249999,-60.05555555,-9999.0
2753,2018-03-04,20:00,0.0,996.6,998.2,997.3,0,29.8,22.2,30.0,29.2,23.7,22.4,71,65,64,29,2.4,1.0,N,AM,CRMN MANAUS,S103,-3.02249999,-60.05555555,-9999.0
2754,2018-03-05,00:00,0.0,997.5,996.9,996.4,0,26.8,23.7,27.7,27.0,23.9,23.7,83,79,83,27,0.6,0.0,N,AM,CRMN MANAUS,S103,-3.02249999,-60.05555555,-9999.0
2755,2018-03-05,04:00,0.0,1000.1,1000.1,999.7,0,25.2,23.8,26.0,25.7,24.1,23.8,91,89,92,20,1.3,0.0,N,AM,CRMN MANAUS,S103,-3.02249999,-60.05555555,-9999.0
2756,2018-03-05,08:00,0.0,998.6,999.2,998.7,0,24.5,23.2,25.0,24.7,23.4,23.3,92,91,93,23,0.6,0.0,N,AM,CRMN MANAUS,S103,-3.02249999,-60.05555555,-9999.0
2757,2018-03-05,12:00,0.0,1000.7,999.9,999.2,0,26.4,24.1,24.6,24.1,23.3,22.9,93,92,87,23,1.4,0.0,N,AM,CRMN MANAUS,S103,-3.02249999,-60.05555555,-9999.0
2758,2018-03-05,16:00,0.0,1000.2,1001.8,1001.1,0,29.4,23.6,28.3,25.9,24.8,23.8,90,77,71,28,4.0,3.0,N,AM,CRMN MANAUS,S103,-3.02249999,-60.05555555,-9999.0
2759,2018-03-05,20:00,0.0,995.9,997.8,996.8,0,28.9,24.7,31.0,28.9,24.9,22.0,76,60,78,27,2.6,1.0,N,AM,CRMN MANAUS,S103,-3.02249999,-60.05555555,-9999.0
2760,2018-03-06,00:00,0.0,997.2,996.7,996.3,0,26.0,24.4,28.0,25.5,24.5,23.5,90,81,91,26,1.0,0.0,N,AM,CRMN MANAUS,S103,-3.02249999,-60.05555555,-9999.0
2761,2018-03-06,04:00,-9999.0,-9999.0,-9999.0,-9999.0,-9999,-9999.0,-9999.0,-9999.0,-9999.0,-9999.0,-9999.0,-9999,-9999,-9999,-9999,-9999.0,-9999.0,N,AM,CRMN MANAUS,S103,-3.02249999,-60.05555555,-9999.0
2762,2018-03-06,08:00,0.0,998.6,998.8,998.5,0,24.3,23.3,24.4,24.2,23.4,23.1,94,94,94,25,0.0,0.0,N,AM,CRMN MANAUS,S103,-3.02249999,-60.05555555,-9999.0
2763,2018-03-06,12:00,0.0,1001.1,1000.0,999.2,0,26.8,24.6,25.2,24.4,23.9,23.1,93,92,88,26,0.8,0.0,N,AM,CRMN MANAUS,S103,-3.02249999,-60.05555555,-9999.0
2764,2018-03-06,16:00,0.0,1000.5,1002.0,1001.7,0,26.9,24.4,30.2,29.6,23.4,22.3,68,64,86,25,4.8,2.0,N,AM,CRMN MANAUS,S103,-3.02249999,-60.05555555,-9999.0
2765,2018-03-06,20:00,0.0,996.3,998.4,997.5,0,26.6,24.2,25.7,24.4,23.6,23.0,93,88,87,31,1.2,0.0,N,AM,CRMN MANAUS,S103,-3.02249999,-60.05555555,-9999.0
2766,2018-03-07,00:00,0.0,999.0,998.0,997.4,0,26.0,24.4,27.0,26.1,24.4,24.3,91,85,91,31,0.0,0.0,N,AM,CRMN MANAUS,S103,-3.02249999,-60.05555555,-9999.0
2767,2018-03-07,04:00,0.0,1001.4,1001.4,1000.8,0,25.2,23.9,25.8,25.7,24.3,24.1,92,91,93,30,0.0,0.0,N,AM,CRMN MANAUS,S103,-3.02249999,-60.05555555,-9999.0
2768,2018-03-07,08:00,0.0,999.2,1000.5,999.8,0,24.4,23.4,24.7,24.4,23.7,23.4,94,94,94,28,0.0,0.0,N,AM,CRMN MANAUS,S103,-3.02249999,-60.05555555,-9999.0
2769,2018-03-07,12:00,0.0,1002.7,1001.6,1000.7,0,24.8,22.9,23.1,22.6,22.0,21.4,94,93,90,29,1.8,0.0,N,AM,CRMN MANAUS,S103,-3.02249999,-60.05555555,-9999.0
2770,2018-03-07,16:00,0.0,1001.8,1003.1,1002.8,0,30.7,22.8,29.6,28.7,23.2,22.2,70,66,63,34,4.5,3.0,N,AM,CRMN MANAUS,S103,-3.02249999,-60.05555555,-9999.0
2771,2018-03-07,20:00,0.0,997.9,999.0,998.1,0,30.4,22.5,32.5,31.1,22.7,21.3,59,54,63,35,3.3,1.0,N,AM,CRMN MANAUS,S103,-3.02249999,-60.05555555,-9999.0
2772,2018-03-08,00:00,0.0,1000.3,999.5,998.3,0,28.8,23.7,30.0,28.9,23.5,22.9,73,66,74,38,0.0,0.0,N,AM,CRMN MANAUS,S103,-3.02249999,-60.05555555,-9999.0
2773,2018-03-08,04:00,0.0,1002.1,1002.4,1002.2,0,26.9,23.7,27.8,27.1,24.6,23.5,86,78,83,31,0.9,0.0,N,AM,CRMN MANAUS,S103,-3.02249999,-60.05555555,-9999.0
2774,2018-03-08,08:00,0.0,1000.5,1000.7,1000.4,0,25.5,23.8,26.2,25.8,24.0,23.7,88,87,90,24,2.6,1.0,N,AM,CRMN MANAUS,S103,-3.02249999,-60.05555555,-9999.0
2775,2018-03-08,12:00,0.0,1003.1,1002.5,1001.9,0,25.4,23.4,24.8,24.6,23.4,23.3,92,92,88,24,2.3,1.0,N,AM,CRMN MANAUS,S103,-3.02249999,-60.05555555,-9999.0
2776,2018-03-08,16:00,0.0,1001.9,1003.3,1002.9,0,29.5,23.3,28.6,27.8,23.7,22.9,78,72,69,39,2.2,0.0,N,AM,CRMN MANAUS,S103,-3.02249999,-60.05555555,-9999.0
2777,2018-03-08,20:00,0.0,998.0,999.6,998.2,0,29.5,22.3,30.7,29.5,24.7,22.6,74,63,65,34,3.5,2.0,N,AM,CRMN MANAUS,S103,-3.02249999,-60.05555555,-9999.0
2778,2018-03-09,00:00,0.0,1001.2,1000.8,999.6,0,25.2,22.4,26.2,25.8,22.1,21.6,79,77,85,30,1.0,0.0,N,AM,CRMN MANAUS,S103,-3.02249999,-60.05555555,-9999.0
2779,2018-03-09,04:00,0.0,1001.8,1003.1,1002.8,0,23.8,22.0,25.3,24.2,22.1,21.9,88,82,90,28,0.0,0.0,N,AM,CRMN MANAUS,S103,-3.02249999,-60.05555555,-9999.0
2780,2018-03-09,08:00,0.0,1000.6,1000.7,1000.6,0,23.9,22.2,23.9,23.4,22.2,22.0,92,90,90,26,0.0,0.0,N,AM,CRMN MANAUS,S103,-3.02249999,-60.05555555,-9999.0
2781,2018-03-09,12:00,0.0,1003.5,1002.6,1001.8,0,26.2,23.8,25.0,24.3,23.0,22.4,89,87,86,31,0.1,0.0,N,AM,CRMN MANAUS,S103,-3.02249999,-60.05555555,-9999.0
2782,2018-03-09,16:00,0.0,1002.3,1004.0,1003.2,0,30.1,22.5,30.3,28.9,23.8,22.5,73,64,64,33,4.5,3.0,N,AM,CRMN MANAUS,S103,-3.02249999,-60.05555555,-9999.0
2783,2018-03-09,20:00,0.0,998.7,1000.4,999.4,0,28.3,23.2,28.3,27.3,23.4,22.8,78,72,74,30,4.5,2.0,N,AM,CRMN MANAUS,S103,-3.02249999,-60.05555555,-9999.0
2784,2018-03-10,00:00,0.0,999.5,999.2,998.7,0,26.5,23.7,27.9,26.8,23.6,23.3,82,76,85,25,1.7,1.0,N,AM,CRMN MANAUS,S103,-3.02249999,-60.05555555,-9999.0
2785,2018-03-10,04:00,0.0,1002.0,1002.1,1001.1,0,26.3,22.6,26.3,26.1,23.7,23.4,86,84,80,30,1.1,0.0,N,AM,CRMN MANAUS,S103,-3.02249999,-60.05555555,-9999.0
2786,2018-03-10,08:00,0.0,1000.9,1000.4,1000.2,0,25.2,22.5,25.8,25.4,22.6,22.5,84,83,85,25,1.8,1.0,N,AM,CRMN MANAUS,S103,-3.02249999,-60.05555555,-9999.0
2787,2018-03-10,12:00,0.0,1003.0,1002.0,1001.2,0,25.2,22.8,24.7,24.5,22.5,22.3,88,87,86,24,1.7,1.0,N,AM,CRMN MANAUS,S103,-3.02249999,-60.05555555,-9999.0
2788,2018-03-10,16:00,0.0,1002.9,1003.9,1003.5,0,28.1,23.0,27.7,27.0,22.7,22.1,77,72,74,30,3.1,2.0,N,AM,CRMN MANAUS,S103,-3.02249999,-60.05555555,-9999.0
2789,2018-03-10,20:00,0.0,999.4,1000.5,999.8,0,29.0,22.4,30.6,29.4,22.1,21.2,64,59,68,33,3.4,1.0,N,AM,CRMN MANAUS,S103,-3.02249999,-60.05555555,-9999.0
2790,2018-03-11,00:00,0.0,1001.5,1000.7,1000.2,0,24.3,22.5,23.7,23.6,22.5,22.3,93,92,90,28,0.5,0.0,N,AM,CRMN MANAUS,S103,-3.02249999,-60.05555555,-9999.0
2791,2018-03-11,04:00,0.0,1001.8,1002.7,1002.3,0,24.8,23.0,25.1,24.8,23.1,22.7,89,87,90,25,1.6,1.0,N,AM,CRMN MANAUS,S103,-3.02249999,-60.05555555,-9999.0
2792,2018-03-11,08:00,0.0,1000.5,1000.1,1000.0,0,24.5,22.4,24.7,24.3,22.8,22.4,90,88,88,22,3.8,3.0,N,AM,CRMN MANAUS,S103,-3.02249999,-60.05555555,-9999.0
2793,2018-03-11,12:00,0.0,1002.6,1002.2,1001.3,0,25.2,21.0,24.0,23.6,21.0,20.8,85,83,78,25,4.1,2.0,N,AM,CRMN MANAUS,S103,-3.02249999,-60.05555555,-9999.0
2794,2018-03-11,16:00,0.0,1002.2,1003.3,1002.9,0,31.1,20.4,30.9,30.1,21.5,20.2,58,54,53,37,6.0,2.0,N,AM,CRMN MANAUS,S103,-3.02249999,-60.05555555,-9999.0
2795,2018-03-11,20:00,0.0,999.2,1000.3,999.5,0,28.2,23.1,31.6,30.8,21.3,20.6,56,53,74,36,5.1,0.0,N,AM,CRMN MANAUS,S103,-3.02249999,-60.05555555,-9999.0
2796,2018-03-12,00:00,0.0,1000.7,1000.2,999.2,0,26.3,22.4,29.5,26.9,22.3,21.6,76,63,79,31,2.4,0.0,N,AM,CRMN MANAUS,S103,-3.02249999,-60.05555555,-9999.0
2797,2018-03-12,04:00,0.0,1001.6,1002.2,1002.1,0,25.8,22.4,26.2,25.8,22.4,22.2,81,79,82,25,1.6,1.0,N,AM,CRMN MANAUS,S103,-3.02249999,-60.05555555,-9999.0
2798,2018-03-12,08:00,0.0,999.9,1000.2,999.8,0,25.7,21.9,25.8,25.5,22.3,22.1,82,81,80,24,1.9,1.0,N,AM,CRMN MANAUS,S103,-3.02249999,-60.05555555,-9999.0
2799,2018-03-12,12:00,0.0,1002.4,1001.6,1000.9,0,27.0,21.9,25.9,25.6,22.0,21.5,79,77,74,27,1.3,0.0,N,AM,CRMN MANAUS,S103,-3.02249999,-60.05555555,-9999.0
2800,2018-03-12,16:00,0.0,1002.5,1003.3,1002.9,0,30.0,21.3,30.4,29.3,22.4,21.1,64,60,60,32,5.2,2.0,N,AM,CRMN MANAUS,S103,-3.02249999,-60.05555555,-9999.0
2801,2018-03-12,20:00,0.0,998.6,1000.2,999.3,0,29.7,21.7,30.5,29.6,22.7,21.4,65,61,62,32,3.8,2.0,N,AM,CRMN MANAUS,S103,-3.02249999,-60.05555555,-9999.0
2802,2018-03-13,00:00,0.0,999.7,999.1,998.4,0,26.4,22.0,27.0,26.6,22.2,21.7,77,73,76,24,1.8,1.0,N,AM,CRMN MANAUS,S103,-3.02249999,-60.05555555,-9999.0
2803,2018-03-13,04:00,0.0,1000.6,1000.9,1000.8,0,24.5,22.7,25.8,25.2,22.8,22.7,86,84,90,27,0.0,0.0,N,AM,CRMN MANAUS,S103,-3.02249999,-60.05555555,-9999.0
2804,2018-03-13,08:00,0.0,999.3,999.2,999.1,0,24.7,22.8,25.3,24.9,22.8,22.6,88,86,89,26,0.0,0.0,N,AM,CRMN MANAUS,S103,-3.02249999,-60.05555555,-9999.0
2805,2018-03-13,12:00,0.0,1002.7,1001.4,1000.2,0,23.6,22.3,24.9,24.6,23.0,22.8,90,88,92,20,5.4,2.0,N,AM,CRMN MANAUS,S103,-3.02249999,-60.05555555,-9999.0
2806,2018-03-13,16:00,0.0,1002.8,1003.9,1003.2,0,25.6,23.1,24.9,24.4,23.0,22.6,91,89,86,23,3.3,1.0,N,AM,CRMN MANAUS,S103,-3.02249999,-60.05555555,-9999.0
2807,2018-03-13,20:00,0.0,999.5,1000.9,1000.2,0,27.9,24.1,28.6,27.4,23.5,22.8,78,73,80,34,1.9,1.0,N,AM,CRMN MANAUS,S103,-3.02249999,-60.05555555,-9999.0
2808,2018-03-14,00:00,0.0,1001.4,1000.3,999.5,0,26.0,24.0,26.6,26.2,24.2,24.1,89,86,89,31,2.0,0.0,N,AM,CRMN MANAUS,S103,-3.02249999,-60.05555555,-9999.0
2809,2018-03-14,04:00,0.0,1002.3,1003.1,1002.6,0,23.7,21.8,24.5,24.0,22.0,21.5,87,85,89,28,1.2,0.0,N,AM,CRMN MANAUS,S103,-3.02249999,-60.05555555,-9999.0
2810,2018-03-14,08:00,0.0,1000.7,1001.0,1000.4,0,23.9,22.1,23.8,23.5,22.3,22.0,93,90,90,28,0.5,0.0,N,AM,CRMN MANAUS,S103,-3.02249999,-60.05555555,-9999.0
2811,2018-03-14,12:00,0.0,1003.8,1002.6,1001.7,0,25.2,22.7,24.6,24.1,22.5,22.2,91,87,86,26,1.3,0.0,N,AM,CRMN MANAUS,S103,-3.02249999,-60.05555555,-9999.0
2812,2018-03-14,16:00,0.0,1003.5,1005.0,1004.3,0,29.9,22.0,28.8,26.7,22.5,21.4,74,67,63,36,4.2,2.0,N,AM,CRMN MANAUS,S103,-3.02249999,-60.05555555,-9999.0
2813,2018-03-14,20:00,-9999.0,-9999.0,-9999.0,-9999.0,-9999,-9999.0,-9999.0,-9999.0,-9999.0,-9999.0,-9999.0,-9999,-9999,-9999,-9999,-9999.0,-9999.0,N,AM,CRMN MANAUS,S103,-3.02249999,-60.05555555,-9999.0
2814,2018-03-15,00:00,-9999.0,-9999.0,-9999.0,-9999.0,-9999,-9999.0,-9999.0,-9999.0,-9999.0,-9999.0,-9999.0,-9999,-9999,-9999,-9999,-9999.0,-9999.0,N,AM,CRMN MANAUS,S103,-3.02249999,-60.05555555,-9999.0
2815,2018-03-15,04:00,0.0,1001.0,1001.9,1001.6,0,25.8,22.2,26.7,26.3,22.2,22.0,78,76,81,31,0.9,0.0,N,AM,CRMN MANAUS,S103,-3.02249999,-60.05555555,-9999.0
2816,2018-03-15,08:00,0.0,1000.0,1000.0,999.9,0,25.2,22.2,25.5,25.1,22.5,22.0,84,81,83,30,0.0,0.0,N,AM,CRMN MANAUS,S103,-3.02249999,-60.05555555,-9999.0
2817,2018-03-15,12:00,0.0,1002.8,1001.7,1001.0,0,26.3,23.8,25.7,25.3,23.2,22.8,88,85,86,31,0.7,0.0,N,AM,CRMN MANAUS,S103,-3.02249999,-60.05555555,-9999.0
2818,2018-03-15,16:00,0.0,1002.4,1003.6,1003.3,0,25.4,22.5,28.9,27.6,24.1,22.4,80,68,84,27,4.9,2.0,N,AM,CRMN MANAUS,S103,-3.02249999,-60.05555555,-9999.0
2819,2018-03-15,20:00,0.0,999.2,1000.0,999.3,0,26.2,23.5,29.9,28.5,22.8,21.6,71,62,85,30,2.1,1.0,N,AM,CRMN MANAUS,S103,-3.02249999,-60.05555555,-9999.0
2820,2018-03-16,00:00,0.0,1001.2,1000.0,999.3,0,24.1,22.8,24.3,24.1,22.8,22.5,92,90,93,29,1.3,0.0,N,AM,CRMN MANAUS,S103,-3.02249999,-60.05555555,-9999.0
2821,2018-03-16,04:00,0.0,1001.6,1002.2,1001.7,0,24.4,23.0,24.4,24.1,23.2,22.9,93,92,92,28,1.3,0.0,N,AM,CRMN MANAUS,S103,-3.02249999,-60.05555555,-9999.0
2822,2018-03-16,08:00,0.0,1000.8,1001.4,1000.8,0,23.4,22.3,23.6,23.3,22.4,22.2,93,93,94,22,3.7,1.0,N,AM,CRMN MANAUS,S103,-3.02249999,-60.05555555,-9999.0
2823,2018-03-16,12:00,0.0,1004.4,1002.6,1001.9,0,23.6,22.5,22.9,22.6,21.7,21.2,93,92,94,24,2.1,1.0,N,AM,CRMN MANAUS,S103,-3.02249999,-60.05555555,-9999.0
2824,2018-03-16,16:00,0.0,1003.7,1005.3,1004.8,0,24.5,22.7,23.0,22.7,21.9,21.6,94,93,90,29,0.5,0.0,N,AM,CRMN MANAUS,S103,-3.02249999,-60.05555555,-9999.0
2825,2018-03-16,20:00,0.0,999.4,1001.6,1000.9,0,24.9,21.9,28.5,24.3,23.8,21.5,88,73,83,26,3.6,2.0,N,AM,CRMN MANAUS,S103,-3.02249999,-60.05555555,-9999.0
2826,2018-03-17,00:00,0.0,1000.4,999.9,999.4,0,23.8,22.1,24.9,24.0,22.1,21.8,89,83,90,31,0.5,0.0,N,AM,CRMN MANAUS,S103,-3.02249999,-60.05555555,-9999.0
2827,2018-03-17,04:00,0.0,1001.0,1001.9,1001.6,0,24.1,21.9,23.8,23.5,22.3,21.9,92,89,88,30,0.7,0.0,N,AM,CRMN MANAUS,S103,-3.02249999,-60.05555555,-9999.0
2828,2018-03-17,08:00,0.0,999.8,999.8,999.5,0,23.6,22.1,24.2,23.5,22.4,22.2,92,90,92,31,0.0,0.0,N,AM,CRMN MANAUS,S103,-3.02249999,-60.05555555,-9999.0
2829,2018-03-17,12:00,0.0,1002.5,1002.2,1001.4,0,26.0,23.1,23.5,23.3,22.3,22.2,94,93,84,36,0.0,0.0,N,AM,CRMN MANAUS,S103,-3.02249999,-60.05555555,-9999.0
2830,2018-03-17,16:00,0.0,1002.1,1003.6,1003.0,0,25.2,22.9,27.8,26.5,23.9,23.2,85,78,87,36,4.0,1.0,N,AM,CRMN MANAUS,S103,-3.02249999,-60.05555555,-9999.0
2831,2018-03-17,20:00,0.0,998.3,1000.3,999.2,0,25.5,21.9,23.9,22.3,22.0,21.0,93,88,80,32,2.2,1.0,N,AM,CRMN MANAUS,S103,-3.02249999,-60.05555555,-9999.0
2832,2018-03-18,00:00,0.0,1000.2,999.2,998.3,0,23.6,21.8,25.5,24.4,22.0,21.4,85,80,90,35,1.4,0.0,N,AM,CRMN MANAUS,S103,-3.02249999,-60.05555555,-9999.0
2833,2018-03-18,04:00,0.0,1000.9,1001.3,1001.2,0,23.3,22.0,24.0,23.6,21.9,21.2,88,86,92,34,0.1,0.0,N,AM,CRMN MANAUS,S103,-3.02249999,-60.05555555,-9999.0
2834,2018-03-18,08:00,0.0,998.5,999.0,998.5,0,23.1,22.0,23.3,22.9,22.1,21.7,93,93,94,33,0.4,0.0,N,AM,CRMN MANAUS,S103,-3.02249999,-60.05555555,-9999.0
2835,2018-03-18,12:00,0.0,1001.4,1000.6,999.8,0,25.4,23.3,23.9,23.1,22.8,22.0,94,93,89,37,0.3,0.0,N,AM,CRMN MANAUS,S103,-3.02249999,-60.05555555,-9999.0
2836,2018-03-18,16:00,0.0,1001.6,1002.5,1001.9,0,24.1,22.3,28.1,26.3,24.1,22.9,83,76,89,32,5.2,2.0,N,AM,CRMN MANAUS,S103,-3.02249999,-60.05555555,-9999.0
2837,2018-03-18,20:00,0.0,996.6,999.5,997.9,0,24.2,22.6,23.7,23.3,22.2,21.9,92,91,91,37,0.7,0.0,N,AM,CRMN MANAUS,S103,-3.02249999,-60.05555555,-9999.0
2838,2018-03-19,00:00,0.0,998.3,997.9,997.5,0,23.7,22.1,24.4,24.1,22.6,22.2,90,89,91,33,2.2,0.0,N,AM,CRMN MANAUS,S103,-3.02249999,-60.05555555,-9999.0
2839,2018-03-19,04:00,0.0,999.8,1000.2,999.7,0,24.0,22.6,24.0,23.8,22.5,22.1,92,90,92,34,1.4,0.0,N,AM,CRMN MANAUS,S103,-3.02249999,-60.05555555,-9999.0
2840,2018-03-19,08:00,0.0,998.5,998.4,998.1,0,23.1,22.2,23.6,23.3,22.6,22.4,94,94,95,36,0.0,0.0,N,AM,CRMN MANAUS,S103,-3.02249999,-60.05555555,-9999.0
2841,2018-03-19,12:00,0.0,1000.9,1000.0,999.1,0,25.2,23.9,23.1,22.8,22.2,21.9,95,95,93,37,1.4,0.0,N,AM,CRMN MANAUS,S103,-3.02249999,-60.05555555,-9999.0
2842,2018-03-19,16:00,0.0,1000.0,1001.5,1000.9,0,31.5,22.0,30.7,29.3,23.1,21.8,68,60,57,51,3.9,1.0,N,AM,CRMN MANAUS,S103,-3.02249999,-60.05555555,-9999.0
2843,2018-03-19,20:00,0.0,995.1,996.8,995.7,0,31.4,20.9,29.5,27.7,23.4,21.3,77,62,54,52,3.7,2.0,N,AM,CRMN MANAUS,S103,-3.02249999,-60.05555555,-9999.0
2844,2018-03-20,00:00,0.0,997.6,996.5,995.7,0,27.6,22.9,29.5,28.3,22.4,21.2,70,61,76,48,1.9,0.0,N,AM,CRMN MANAUS,S103,-3.02249999,-60.05555555,-9999.0
2845,2018-03-20,04:00,0.0,999.5,999.6,999.3,0,26.3,23.0,26.7,26.3,23.5,23.2,84,81,82,38,1.7,1.0,N,AM,CRMN MANAUS,S103,-3.02249999,-60.05555555,-9999.0
2846,2018-03-20,08:00,0.0,998.0,997.9,997.4,0,25.5,22.6,26.1,25.7,22.9,22.6,83,82,84,41,0.7,0.0,N,AM,CRMN MANAUS,S103,-3.02249999,-60.05555555,-9999.0
2847,2018-03-20,12:00,0.0,1000.6,999.6,998.9,0,27.7,22.4,25.9,24.9,22.6,22.5,87,82,73,38,3.3,2.0,N,AM,CRMN MANAUS,S103,-3.02249999,-60.05555555,-9999.0
2848,2018-03-20,16:00,0.0,999.9,1001.0,1000.8,0,31.4,22.0,30.5,29.6,23.1,22.4,68,63,58,48,4.5,2.0,N,AM,CRMN MANAUS,S103,-3.02249999,-60.05555555,-9999.0
2849,2018-03-20,20:00,0.0,995.7,997.9,996.6,0,31.0,23.0,31.9,30.0,23.2,21.6,66,58,63,47,3.2,2.0,N,AM,CRMN MANAUS,S103,-3.02249999,-60.05555555,-9999.0
2850,2018-03-21,00:00,0.0,999.8,998.0,996.6,0,26.8,23.4,28.4,28.0,23.5,23.0,76,73,82,40,2.1,0.0,N,AM,CRMN MANAUS,S103,-3.02249999,-60.05555555,-9999.0
2851,2018-03-21,04:00,0.0,1000.6,1001.0,1000.8,0,25.8,22.8,26.4,26.1,23.1,22.5,83,80,84,35,1.4,0.0,N,AM,CRMN MANAUS,S103,-3.02249999,-60.05555555,-9999.0
2852,2018-03-21,08:00,0.0,999.1,999.3,999.0,0,25.0,23.0,25.2,24.6,23.0,22.8,90,88,89,36,0.9,0.0,N,AM,CRMN MANAUS,S103,-3.02249999,-60.05555555,-9999.0
2853,2018-03-21,12:00,-9999.0,-9999.0,-9999.0,-9999.0,-9999,-9999.0,-9999.0,-9999.0,-9999.0,-9999.0,-9999.0,-9999,-9999,-9999,-9999,-9999.0,-9999.0,N,AM,CRMN MANAUS,S103,-3.02249999,-60.05555555,-9999.0
2854,2018-03-21,16:00,-9999.0,-9999.0,-9999.0,-9999.0,-9999,-9999.0,-9999.0,-9999.0,-9999.0,-9999.0,-9999.0,-9999,-9999,-9999,-9999,-9999.0,-9999.0,N,AM,CRMN MANAUS,S103,-3.02249999,-60.05555555,-9999.0
2855,2018-03-21,20:00,-9999.0,-9999.0,-9999.0,-9999.0,-9999,-9999.0,-9999.0,-9999.0,-9999.0,-9999.0,-9999.0,-9999,-9999,-9999,-9999,-9999.0,-9999.0,N,AM,CRMN MANAUS,S103,-3.02249999,-60.05555555,-9999.0
2856,2018-03-22,00:00,-9999.0,-9999.0,-9999.0,-9999.0,-9999,-9999.0,-9999.0,-9999.0,-9999.0,-9999.0,-9999.0,-9999,-9999,-9999,-9999,-9999.0,-9999.0,N,AM,CRMN MANAUS,S103,-3.02249999,-60.05555555,-9999.0
2857,2018-03-22,04:00,-9999.0,-9999.0,-9999.0,-9999.0,-9999,-9999.0,-9999.0,-9999.0,-9999.0,-9999.0,-9999.0,-9999,-9999,-9999,-9999,-9999.0,-9999.0,N,AM,CRMN MANAUS,S103,-3.02249999,-60.05555555,-9999.0
2858,2018-03-22,08:00,-9999.0,-9999.0,-9999.0,-9999.0,-9999,-9999.0,-9999.0,-9999.0,-9999.0,-9999.0,-9999.0,-9999,-9999,-9999,-9999,-9999.0,-9999.0,N,AM,CRMN MANAUS,S103,-3.02249999,-60.05555555,-9999.0
2859,2018-03-22,12:00,-9999.0,-9999.0,-9999.0,-9999.0,-9999,-9999.0,-9999.0,-9999.0,-9999.0,-9999.0,-9999.0,-9999,-9999,-9999,-9999,-9999.0,-9999.0,N,AM,CRMN MANAUS,S103,-3.02249999,-60.05555555,-9999.0
2860,2018-03-22,16:00,-9999.0,-9999.0,-9999.0,-9999.0,-9999,-9999.0,-9999.0,-9999.0,-9999.0,-9999.0,-9999.0,-9999,-9999,-9999,-9999,-9999.0,-9999.0,N,AM,CRMN MANAUS,S103,-3.02249999,-60.05555555,-9999.0
2861,2018-03-22,20:00,-9999.0,-9999.0,-9999.0,-9999.0,-9999,-9999.0,-9999.0,-9999.0,-9999.0,-9999.0,-9999.0,-9999,-9999,-9999,-9999,-9999.0,-9999.0,N,AM,CRMN MANAUS,S103,-3.02249999,-60.05555555,-9999.0
2862,2018-03-23,00:00,-9999.0,-9999.0,-9999.0,-9999.0,-9999,-9999.0,-9999.0,-9999.0,-9999.0,-9999.0,-9999.0,-9999,-9999,-9999,-9999,-9999.0,-9999.0,N,AM,CRMN MANAUS,S103,-3.02249999,-60.05555555,-9999.0
2863,2018-03-23,04:00,-9999.0,-9999.0,-9999.0,-9999.0,-9999,-9999.0,-9999.0,-9999.0,-9999.0,-9999.0,-9999.0,-9999,-9999,-9999,-9999,-9999.0,-9999.0,N,AM,CRMN MANAUS,S103,-3.02249999,-60.05555555,-9999.0
2864,2018-03-23,08:00,-9999.0,-9999.0,-9999.0,-9999.0,-9999,-9999.0,-9999.0,-9999.0,-9999.0,-9999.0,-9999.0,-9999,-9999,-9999,-9999,-9999.0,-9999.0,N,AM,CRMN MANAUS,S103,-3.02249999,-60.05555555,-9999.0
2865,2018-03-23,12:00,-9999.0,-9999.0,-9999.0,-9999.0,-9999,-9999.0,-9999.0,-9999.0,-9999.0,-9999.0,-9999.0,-9999,-9999,-9999,-9999,-9999.0,-9999.0,N,AM,CRMN MANAUS,S103,-3.02249999,-60.05555555,-9999.0
2866,2018-03-23,16:00,0.0,1001.2,1002.2,1001.9,0,31.4,19.9,30.5,29.9,22.7,20.9,64,58,50,46,3.8,3.0,N,AM,CRMN MANAUS,S103,-3.02249999,-60.05555555,-9999.0
2867,2018-03-23,20:00,0.0,997.5,998.7,998.1,0,30.7,21.7,31.8,30.9,22.1,21.0,58,54,59,43,3.0,1.0,N,AM,CRMN MANAUS,S103,-3.02249999,-60.05555555,-9999.0
2868,2018-03-24,00:00,0.0,999.8,999.0,998.0,0,27.7,23.5,29.5,28.4,22.9,22.7,72,67,78,33,1.5,1.0,N,AM,CRMN MANAUS,S103,-3.02249999,-60.05555555,-9999.0
2869,2018-03-24,04:00,0.0,1000.8,1001.4,1001.2,0,26.7,23.9,26.9,26.6,23.9,23.9,85,83,85,34,1.1,0.0,N,AM,CRMN MANAUS,S103,-3.02249999,-60.05555555,-9999.0
2870,2018-03-24,08:00,0.0,999.4,999.8,999.6,0,25.4,23.7,26.5,25.8,23.6,22.5,87,79,90,34,0.5,0.0,N,AM,CRMN MANAUS,S103,-3.02249999,-60.05555555,-9999.0
2871,2018-03-24,12:00,0.0,1002.1,1001.2,1000.3,0,26.7,23.8,25.9,25.4,24.1,23.8,91,90,84,30,1.6,1.0,N,AM,CRMN MANAUS,S103,-3.02249999,-60.05555555,-9999.0
2872,2018-03-24,16:00,0.0,1001.5,1002.6,1002.3,0,30.7,20.2,30.1,29.1,21.5,20.0,63,55,53,49,2.5,0.0,N,AM,CRMN MANAUS,S103,-3.02249999,-60.05555555,-9999.0
2873,2018-03-24,20:00,0.0,999.1,999.9,999.2,0,27.1,23.5,30.9,28.9,23.5,19.5,72,51,81,32,4.8,4.0,N,AM,CRMN MANAUS,S103,-3.02249999,-60.05555555,-9999.0
2874,2018-03-25,00:00,0.0,999.9,999.8,999.4,0,25.2,22.2,25.8,25.4,23.1,22.6,85,84,83,26,3.3,2.0,N,AM,CRMN MANAUS,S103,-3.02249999,-60.05555555,-9999.0
2875,2018-03-25,04:00,0.0,1000.8,1001.4,1001.2,0,24.5,22.0,25.3,24.9,22.7,22.4,86,85,86,24,2.0,1.0,N,AM,CRMN MANAUS,S103,-3.02249999,-60.05555555,-9999.0
2876,2018-03-25,08:00,0.0,999.4,999.6,999.1,0,24.0,22.1,24.4,24.1,22.3,22.0,89,88,89,24,1.5,0.0,N,AM,CRMN MANAUS,S103,-3.02249999,-60.05555555,-9999.0
2877,2018-03-25,12:00,0.0,1002.5,1001.5,1000.5,0,25.0,22.5,24.1,23.7,22.4,22.1,91,90,86,24,2.8,2.0,N,AM,CRMN MANAUS,S103,-3.02249999,-60.05555555,-9999.0
2878,2018-03-25,16:00,0.0,1002.6,1003.4,1003.3,0,28.8,22.4,29.1,27.4,22.7,21.9,74,67,69,37,5.0,1.0,N,AM,CRMN MANAUS,S103,-3.02249999,-60.05555555,-9999.0
2879,2018-03-25,20:00,0.0,999.0,1000.7,999.7,0,28.5,22.6,28.4,28.0,23.0,22.1,73,70,70,35,2.5,1.0,N,AM,CRMN MANAUS,S103,-3.02249999,-60.05555555,-9999.0
2880,2018-03-26,00:00,0.0,999.8,999.4,998.8,0,25.5,22.4,26.5,26.0,22.5,22.4,81,79,83,26,2.9,2.0,N,AM,CRMN MANAUS,S103,-3.02249999,-60.05555555,-9999.0
2881,2018-03-26,04:00,0.0,1001.7,1002.3,1001.9,0,24.1,21.3,24.8,24.3,21.7,21.4,84,82,84,24,2.7,1.0,N,AM,CRMN MANAUS,S103,-3.02249999,-60.05555555,-9999.0
2882,2018-03-26,08:00,0.0,1000.6,1001.1,1000.8,0,23.6,21.5,23.6,23.5,21.6,21.3,89,87,88,23,2.8,1.0,N,AM,CRMN MANAUS,S103,-3.02249999,-60.05555555,-9999.0
2883,2018-03-26,12:00,0.0,1003.2,1002.2,1001.2,0,25.7,21.7,24.1,23.5,21.7,21.5,89,86,79,26,4.1,2.0,N,AM,CRMN MANAUS,S103,-3.02249999,-60.05555555,-9999.0
2884,2018-03-26,16:00,0.0,1001.9,1003.4,1002.9,0,30.4,21.6,30.2,28.2,22.7,21.8,70,62,60,38,4.8,2.0,N,AM,CRMN MANAUS,S103,-3.02249999,-60.05555555,-9999.0
2885,2018-03-26,20:00,0.0,997.7,999.4,998.3,0,30.5,22.8,28.9,27.1,25.0,22.6,82,70,64,38,3.3,2.0,N,AM,CRMN MANAUS,S103,-3.02249999,-60.05555555,-9999.0
2886,2018-03-27,00:00,0.0,998.4,998.1,997.6,0,27.7,22.2,28.2,26.9,23.7,21.7,81,69,72,34,1.3,0.0,N,AM,CRMN MANAUS,S103,-3.02249999,-60.05555555,-9999.0
2887,2018-03-27,04:00,0.0,1000.3,1000.5,999.8,0,25.2,23.1,26.1,25.1,23.4,23.2,89,85,88,31,0.5,0.0,N,AM,CRMN MANAUS,S103,-3.02249999,-60.05555555,-9999.0
2888,2018-03-27,08:00,0.0,999.5,999.3,999.0,0,24.2,22.8,24.8,24.2,23.1,22.8,92,90,92,28,0.0,0.0,N,AM,CRMN MANAUS,S103,-3.02249999,-60.05555555,-9999.0
2889,2018-03-27,12:00,0.0,1002.3,1001.1,1000.5,0,26.0,22.9,25.8,24.8,23.0,22.5,90,83,83,27,2.0,1.0,N,AM,CRMN MANAUS,S103,-3.02249999,-60.05555555,-9999.0
2890,2018-03-27,16:00,0.0,1000.2,1003.1,1001.6,0,31.2,22.7,30.1,26.9,23.5,22.4,79,65,60,40,4.4,3.0,N,AM,CRMN MANAUS,S103,-3.02249999,-60.05555555,-9999.0
2891,2018-03-27,20:00,0.0,996.4,997.8,996.6,0,30.3,20.8,32.3,30.9,22.8,19.7,61,48,57,36,5.7,1.0,N,AM,CRMN MANAUS,S103,-3.02249999,-60.05555555,-9999.0
2892,2018-03-28,00:00,0.0,999.5,998.8,997.8,0,25.2,23.2,28.3,25.7,23.4,22.3,86,72,89,31,1.6,0.0,N,AM,CRMN MANAUS,S103,-3.02249999,-60.05555555,-9999.0
2893,2018-03-28,04:00,0.0,1000.6,1001.3,1001.0,0,24.7,22.8,25.7,25.0,23.2,22.6,90,85,89,29,0.0,0.0,N,AM,CRMN MANAUS,S103,-3.02249999,-60.05555555,-9999.0
2894,2018-03-28,08:00,0.0,999.3,999.2,998.8,0,24.6,23.3,24.7,24.3,23.2,22.5,92,89,92,23,2.8,1.0,N,AM,CRMN MANAUS,S103,-3.02249999,-60.05555555,-9999.0
2895,2018-03-28,12:00,0.0,1002.2,1001.0,1000.2,0,24.8,22.9,24.6,24.4,23.0,22.8,92,91,89,23,2.2,1.0,N,AM,CRMN MANAUS,S103,-3.02249999,-60.05555555,-9999.0
2896,2018-03-28,16:00,0.0,1001.8,1002.8,1002.4,0,26.0,23.6,26.7,26.0,23.6,23.0,85,81,87,31,2.3,0.0,N,AM,CRMN MANAUS,S103,-3.02249999,-60.05555555,-9999.0
2897,2018-03-28,20:00,0.0,997.4,999.2,997.7,0,23.7,22.1,26.9,25.3,23.7,23.1,88,81,91,26,2.5,0.0,N,AM,CRMN MANAUS,S103,-3.02249999,-60.05555555,-9999.0
2898,2018-03-29,00:00,0.0,1000.4,999.0,997.8,0,24.6,23.4,24.8,24.6,23.3,23.1,92,91,93,27,1.7,0.0,N,AM,CRMN MANAUS,S103,-3.02249999,-60.05555555,-9999.0
2899,2018-03-29,04:00,0.0,1001.0,1001.8,1001.6,0,24.8,23.2,25.2,24.7,23.3,23.2,92,89,91,29,1.2,0.0,N,AM,CRMN MANAUS,S103,-3.02249999,-60.05555555,-9999.0
2900,2018-03-29,08:00,0.0,999.4,999.6,999.2,0,23.9,22.6,24.3,24.1,23.1,22.9,93,93,92,25,2.2,1.0,N,AM,CRMN MANAUS,S103,-3.02249999,-60.05555555,-9999.0
2901,2018-03-29,12:00,0.0,1001.7,1000.8,999.9,0,25.2,22.5,24.0,23.6,22.6,22.3,93,91,85,29,2.0,0.0,N,AM,CRMN MANAUS,S103,-3.02249999,-60.05555555,-9999.0
2902,2018-03-29,16:00,0.0,1000.7,1002.8,1002.4,0,29.6,23.9,28.5,27.5,23.1,22.4,75,71,72,44,2.5,1.0,N,AM,CRMN MANAUS,S103,-3.02249999,-60.05555555,-9999.0
2903,2018-03-29,20:00,0.0,997.3,999.2,998.4,0,25.5,23.6,26.2,25.4,23.6,23.1,89,85,89,36,1.4,0.0,N,AM,CRMN MANAUS,S103,-3.02249999,-60.05555555,-9999.0
2904,2018-03-30,00:00,0.0,999.5,998.4,998.1,0,24.1,22.7,24.9,24.5,23.3,23.0,92,91,92,30,1.7,0.0,N,AM,CRMN MANAUS,S103,-3.02249999,-60.05555555,-9999.0
2905,2018-03-30,04:00,0.0,1001.1,1001.4,1001.0,0,24.1,22.5,24.6,24.2,22.7,22.4,90,89,91,31,0.2,0.0,N,AM,CRMN MANAUS,S103,-3.02249999,-60.05555555,-9999.0
2906,2018-03-30,08:00,0.0,999.6,999.9,999.6,0,24.2,22.5,24.2,24.1,22.6,22.5,91,90,90,30,1.4,0.0,N,AM,CRMN MANAUS,S103,-3.02249999,-60.05555555,-9999.0
2907,2018-03-30,12:00,0.0,1002.7,1001.4,1000.9,0,24.7,22.5,24.5,24.3,22.8,22.6,91,90,88,28,2.5,1.0,N,AM,CRMN MANAUS,S103,-3.02249999,-60.05555555,-9999.0
2908,2018-03-30,16:00,0.0,1001.0,1003.1,1002.3,0,28.5,23.2,26.8,24.0,23.6,21.9,89,81,73,39,2.8,1.0,N,AM,CRMN MANAUS,S103,-3.02249999,-60.05555555,-9999.0
2909,2018-03-30,20:00,0.0,996.5,998.3,997.4,0,30.6,21.5,31.2,30.0,23.0,21.6,64,57,58,49,2.9,1.0,N,AM,CRMN MANAUS,S103,-3.02249999,-60.05555555,-9999.0
2910,2018-03-31,00:00,0.0,999.3,998.1,996.7,0,26.1,23.3,29.7,28.1,22.3,20.5,71,58,85,36,2.6,1.0,N,AM,CRMN MANAUS,S103,-3.02249999,-60.05555555,-9999.0
2911,2018-03-31,04:00,0.0,1000.9,1001.6,1001.3,0,24.1,21.5,25.0,24.2,22.6,21.9,87,85,86,29,2.5,1.0,N,AM,CRMN MANAUS,S103,-3.02249999,-60.05555555,-9999.0
2912,2018-03-31,08:00,0.0,1000.0,999.6,999.4,0,23.5,22.2,23.6,23.4,22.5,22.1,93,92,93,27,1.7,1.0,N,AM,CRMN MANAUS,S103,-3.02249999,-60.05555555,-9999.0
2913,2018-03-31,12:00,0.0,1002.3,1001.5,1000.9,0,23.4,22.3,23.4,23.2,22.0,21.8,93,91,93,27,1.9,1.0,N,AM,CRMN MANAUS,S103,-3.02249999,-60.05555555,-9999.0
2914,2018-03-31,16:00,0.0,1001.0,1002.6,1001.7,0,29.3,22.1,28.5,25.7,23.9,22.1,84,69,65,44,2.6,1.0,N,AM,CRMN MANAUS,S103,-3.02249999,-60.05555555,-9999.0
2915,2018-03-31,20:00,0.0,996.5,998.9,997.5,0,30.0,20.9,30.3,29.5,22.5,21.1,64,59,58,46,2.8,1.0,N,AM,CRMN MANAUS,S103,-3.02249999,-60.05555555,-9999.0
2916,2018-04-01,00:00,0.0,997.9,996.7,996.6,0,26.7,22.0,27.9,27.2,21.6,21.2,72,67,75,39,1.6,0.0,N,AM,CRMN MANAUS,S103,-3.02249999,-60.05555555,-9999.0
2917,2018-04-01,04:00,0.0,1000.0,1000.1,999.5,0,25.3,22.6,26.3,26.1,22.4,22.2,80,79,85,36,0.9,0.0,N,AM,CRMN MANAUS,S103,-3.02249999,-60.05555555,-9999.0
2918,2018-04-01,08:00,0.0,999.1,999.5,998.8,0,24.5,22.6,24.5,24.2,22.6,22.5,90,89,89,32,1.4,0.0,N,AM,CRMN MANAUS,S103,-3.02249999,-60.05555555,-9999.0
2919,2018-04-01,12:00,0.0,1000.8,1000.1,999.4,0,26.0,22.6,24.7,24.2,22.6,22.4,90,88,82,30,1.9,1.0,N,AM,CRMN MANAUS,S103,-3.02249999,-60.05555555,-9999.0
2920,2018-04-01,16:00,0.0,1000.0,1001.7,1001.2,0,30.2,22.5,30.3,29.0,23.0,21.9,68,63,63,44,3.7,1.0,N,AM,CRMN MANAUS,S103,-3.02249999,-60.05555555,-9999.0
2921,2018-04-01,20:00,0.0,995.8,997.5,996.5,0,27.2,24.0,31.6,30.8,23.3,22.1,63,58,83,38,3.8,2.0,N,AM,CRMN MANAUS,S103,-3.02249999,-60.05555555,-9999.0
2922,2018-04-02,00:00,0.0,999.4,998.7,997.5,0,23.9,22.9,24.2,23.4,22.6,21.8,93,88,94,33,2.3,0.0,N,AM,CRMN MANAUS,S103,-3.02249999,-60.05555555,-9999.0
2923,2018-04-02,04:00,0.0,1000.2,1001.0,1000.3,0,24.2,22.8,24.6,24.3,23.4,23.1,93,93,92,32,1.3,0.0,N,AM,CRMN MANAUS,S103,-3.02249999,-60.05555555,-9999.0
2924,2018-04-02,08:00,0.0,999.1,999.1,998.7,0,23.9,22.7,24.2,23.7,22.9,22.5,93,92,93,31,0.0,0.0,N,AM,CRMN MANAUS,S103,-3.02249999,-60.05555555,-9999.0
2925,2018-04-02,12:00,0.0,1002.2,1001.3,1000.1,0,25.0,22.5,24.1,24.0,22.6,22.4,91,91,86,28,2.9,2.0,N,AM,CRMN MANAUS,S103,-3.02249999,-60.05555555,-9999.0
2926,2018-04-02,16:00,0.0,1001.8,1002.7,1002.5,0,25.4,21.5,26.3,25.3,22.0,21.2,79,75,79,32,3.5,2.0,N,AM,CRMN MANAUS,S103,-3.02249999,-60.05555555,-9999.0
2927,2018-04-02,20:00,0.0,997.1,999.0,997.7,0,27.8,23.3,29.8,27.5,23.1,21.7,72,63,76,45,2.0,1.0,N,AM,CRMN MANAUS,S103,-3.02249999,-60.05555555,-9999.0
2928,2018-04-03,00:00,0.0,997.6,996.8,996.5,0,25.7,23.5,27.4,26.4,23.6,23.3,84,78,88,33,1.7,0.0,N,AM,CRMN MANAUS,S103,-3.02249999,-60.05555555,-9999.0
2929,2018-04-03,04:00,0.0,999.8,1000.1,999.5,0,25.6,23.5,25.7,25.2,23.6,23.5,91,88,88,32,1.6,0.0,N,AM,CRMN MANAUS,S103,-3.02249999,-60.05555555,-9999.0
2930,2018-04-03,08:00,0.0,999.4,999.2,999.0,0,25.1,23.5,25.5,25.3,23.7,23.6,91,89,91,30,1.4,0.0,N,AM,CRMN MANAUS,S103,-3.02249999,-60.05555555,-9999.0
2931,2018-04-03,12:00,0.0,1001.4,1000.6,999.6,0,26.6,23.8,25.2,24.8,23.7,23.5,93,91,84,31,3.1,2.0,N,AM,CRMN MANAUS,S103,-3.02249999,-60.05555555,-9999.0
2932,2018-04-03,16:00,0.0,1001.1,1002.2,1001.5,0,25.6,21.3,30.9,28.6,24.1,22.3,75,62,77,44,7.1,5.0,N,AM,CRMN MANAUS,S103,-3.02249999,-60.05555555,-9999.0
2933,2018-04-03,20:00,0.0,997.2,998.9,997.9,0,26.3,23.7,25.8,24.8,23.9,22.9,91,86,86,33,2.3,1.0,N,AM,CRMN MANAUS,S103,-3.02249999,-60.05555555,-9999.0
2934,2018-04-04,00:00,0.0,999.4,997.9,997.3,0,24.5,22.6,26.0,25.2,22.7,22.5,86,81,90,35,1.0,0.0,N,AM,CRMN MANAUS,S103,-3.02249999,-60.05555555,-9999.0
2935,2018-04-04,04:00,0.0,1000.2,1000.8,1000.4,0,24.3,23.0,24.5,24.3,23.1,22.8,92,91,92,34,0.0,0.0,N,AM,CRMN MANAUS,S103,-3.02249999,-60.05555555,-9999.0
2936,2018-04-04,08:00,0.0,999.2,999.0,998.7,0,24.1,22.8,24.1,23.9,22.8,22.6,93,92,92,33,0.0,0.0,N,AM,CRMN MANAUS,S103,-3.02249999,-60.05555555,-9999.0
2937,2018-04-04,12:00,0.0,1002.3,1001.6,1000.7,0,25.5,23.2,24.5,24.3,23.0,22.7,91,91,87,34,1.0,0.0,N,AM,CRMN MANAUS,S103,-3.02249999,-60.05555555,-9999.0
2938,2018-04-04,16:00,0.0,1000.6,1002.8,1001.9,0,30.2,22.5,30.5,28.3,23.6,21.4,74,58,63,46,4.2,2.0,N,AM,CRMN MANAUS,S103,-3.02249999,-60.05555555,-9999.0
2939,2018-04-04,20:00,0.0,996.5,997.3,996.7,0,30.2,22.3,32.3,31.2,22.5,20.7,58,51,63,51,4.3,3.0,N,AM,CRMN MANAUS,S103,-3.02249999,-60.05555555,-9999.0
2940,2018-04-05,00:00,0.0,999.0,997.6,996.7,0,25.6,22.5,28.5,25.9,23.3,22.8,83,73,83,36,2.8,0.0,N,AM,CRMN MANAUS,S103,-3.02249999,-60.05555555,-9999.0
2941,2018-04-05,04:00,0.0,1000.7,1001.3,1001.1,0,24.1,22.7,24.7,24.4,22.8,22.5,90,88,92,31,1.7,1.0,N,AM,CRMN MANAUS,S103,-3.02249999,-60.05555555,-9999.0
2942,2018-04-05,08:00,0.0,999.3,999.9,999.5,0,24.2,23.1,24.2,24.0,23.1,22.9,94,93,93,33,0.5,0.0,N,AM,CRMN MANAUS,S103,-3.02249999,-60.05555555,-9999.0
2943,2018-04-05,12:00,0.0,1002.4,1001.4,1000.5,0,24.0,22.7,23.8,23.7,22.6,22.4,93,93,92,29,1.5,1.0,N,AM,CRMN MANAUS,S103,-3.02249999,-60.05555555,-9999.0
2944,2018-04-05,16:00,0.0,1002.3,1003.7,1003.3,0,26.9,22.7,25.7,24.8,23.0,22.4,88,83,78,36,2.3,1.0,N,AM,CRMN MANAUS,S103,-3.02249999,-60.05555555,-9999.0
2945,2018-04-05,20:00,0.0,1000.4,1001.0,1000.7,0,23.5,22.4,25.2,23.3,22.5,22.0,93,84,94,29,2.6,1.0,N,AM,CRMN MANAUS,S103,-3.02249999,-60.05555555,-9999.0
2946,2018-04-06,00:00,0.0,1000.4,1000.2,999.8,0,23.1,22.0,23.6,23.4,22.5,22.3,94,94,94,30,2.1,0.0,N,AM,CRMN MANAUS,S103,-3.02249999,-60.05555555,-9999.0
2947,2018-04-06,04:00,0.0,1001.4,1001.2,1000.8,0,23.0,21.9,22.9,22.8,21.9,21.8,94,94,94,30,0.0,0.0,N,AM,CRMN MANAUS,S103,-3.02249999,-60.05555555,-9999.0
2948,2018-04-06,08:00,0.0,999.9,1000.3,999.9,0,22.5,21.5,22.9,22.7,21.9,21.7,94,94,94,29,1.5,0.0,N,AM,CRMN MANAUS,S103,-3.02249999,-60.05555555,-9999.0
2949,2018-04-06,12:00,0.0,1002.1,1001.4,1000.5,0,23.5,21.9,22.7,22.5,21.6,21.4,94,94,91,31,1.0,0.0,N,AM,CRMN MANAUS,S103,-3.02249999,-60.05555555,-9999.0
2950,2018-04-06,16:00,0.0,1002.0,1003.2,1002.9,0,28.4,22.3,28.7,26.5,23.2,21.9,78,68,69,49,1.8,0.0,N,AM,CRMN MANAUS,S103,-3.02249999,-60.05555555,-9999.0
2951,2018-04-06,20:00,0.0,998.2,999.7,998.8,0,28.1,23.7,30.3,26.6,23.2,21.5,82,61,77,46,2.0,0.0,N,AM,CRMN MANAUS,S103,-3.02249999,-60.05555555,-9999.0
2952,2018-04-07,00:00,0.0,998.8,998.4,997.9,0,24.9,22.8,27.2,25.2,22.5,22.0,85,74,88,40,0.4,0.0,N,AM,CRMN MANAUS,S103,-3.02249999,-60.05555555,-9999.0
2953,2018-04-07,04:00,0.0,1000.6,1000.9,1000.4,0,24.6,22.3,24.7,24.1,22.8,22.6,91,89,87,36,1.0,0.0,N,AM,CRMN MANAUS,S103,-3.02249999,-60.05555555,-9999.0
2954,2018-04-07,08:00,0.0,1000.5,1000.6,1000.4,0,24.1,22.8,24.3,24.2,22.9,22.7,92,92,93,35,0.0,0.0,N,AM,CRMN MANAUS,S103,-3.02249999,-60.05555555,-9999.0
2955,2018-04-07,12:00,0.0,1002.6,1001.6,1001.0,0,25.5,22.9,24.6,23.9,23.0,22.6,93,90,85,33,2.3,1.0,N,AM,CRMN MANAUS,S103,-3.02249999,-60.05555555,-9999.0
2956,2018-04-07,16:00,0.0,1001.8,1003.0,1002.6,0,30.2,22.0,30.0,28.4,23.7,22.1,74,65,62,49,2.7,1.0,N,AM,CRMN MANAUS,S103,-3.02249999,-60.05555555,-9999.0
2957,2018-04-07,20:00,0.0,997.6,998.7,997.9,0,27.2,22.6,32.8,25.9,22.8,21.1,79,51,76,43,3.8,1.0,N,AM,CRMN MANAUS,S103,-3.02249999,-60.05555555,-9999.0
2958,2018-04-08,00:00,0.0,1000.4,999.4,998.4,0,26.5,23.2,27.5,26.6,23.2,22.4,81,77,82,45,0.6,0.0,N,AM,CRMN MANAUS,S103,-3.02249999,-60.05555555,-9999.0
2959,2018-04-08,04:00,0.0,1002.0,1002.5,1002.0,0,23.9,22.5,24.8,24.1,22.5,22.1,91,86,92,33,2.5,1.0,N,AM,CRMN MANAUS,S103,-3.02249999,-60.05555555,-9999.0
2960,2018-04-08,08:00,0.0,999.9,1000.4,1000.2,0,23.8,22.7,23.9,23.9,22.8,22.7,93,93,93,34,1.6,0.0,N,AM,CRMN MANAUS,S103,-3.02249999,-60.05555555,-9999.0
2961,2018-04-08,12:00,0.0,1003.4,1002.5,1001.7,0,25.2,23.1,24.3,24.0,23.2,22.9,94,93,88,33,1.7,1.0,N,AM,CRMN MANAUS,S103,-3.02249999,-60.05555555,-9999.0
2962,2018-04-08,16:00,0.0,1002.3,1004.3,1003.5,0,26.3,22.9,28.5,27.2,24.2,22.4,81,71,82,46,4.4,3.0,N,AM,CRMN MANAUS,S103,-3.02249999,-60.05555555,-9999.0
2963,2018-04-08,20:00,0.0,999.3,1000.4,999.8,0,24.6,22.8,25.1,24.3,23.5,22.9,93,88,90,36,1.1,0.0,N,AM,CRMN MANAUS,S103,-3.02249999,-60.05555555,-9999.0
2964,2018-04-09,00:00,0.0,1001.2,1000.2,999.5,0,24.3,23.1,24.8,24.5,23.2,22.8,91,89,93,36,1.5,0.0,N,AM,CRMN MANAUS,S103,-3.02249999,-60.05555555,-9999.0
2965,2018-04-09,04:00,0.0,1002.0,1003.1,1002.9,0,23.8,22.8,24.0,23.9,23.0,22.8,94,94,94,32,1.4,0.0,N,AM,CRMN MANAUS,S103,-3.02249999,-60.05555555,-9999.0
2966,2018-04-09,08:00,-9999.0,-9999.0,-9999.0,-9999.0,-9999,-9999.0,-9999.0,-9999.0,-9999.0,-9999.0,-9999.0,-9999,-9999,-9999,-9999,-9999.0,-9999.0,N,AM,CRMN MANAUS,S103,-3.02249999,-60.05555555,-9999.0
2967,2018-04-09,12:00,0.0,1003.8,1002.8,1001.9,0,24.4,22.6,23.6,23.3,22.3,22.1,93,92,89,33,1.3,0.0,N,AM,CRMN MANAUS,S103,-3.02249999,-60.05555555,-9999.0
2968,2018-04-09,16:00,0.0,1002.8,1004.7,1004.1,0,28.6,22.1,27.8,25.9,23.5,22.4,85,73,68,47,2.4,1.0,N,AM,CRMN MANAUS,S103,-3.02249999,-60.05555555,-9999.0
2969,2018-04-09,20:00,0.0,998.6,999.3,998.4,0,29.8,22.6,31.2,28.7,23.4,22.4,71,61,65,54,2.6,1.0,N,AM,CRMN MANAUS,S103,-3.02249999,-60.05555555,-9999.0
2970,2018-04-10,00:00,0.0,1001.7,1001.1,1000.2,0,24.2,22.8,24.3,24.1,22.9,22.6,93,91,92,35,2.5,0.0,N,AM,CRMN MANAUS,S103,-3.02249999,-60.05555555,-9999.0
2971,2018-04-10,04:00,0.0,1002.7,1002.7,1002.3,0,23.7,22.6,24.1,23.9,22.8,22.7,93,92,94,36,0.5,0.0,N,AM,CRMN MANAUS,S103,-3.02249999,-60.05555555,-9999.0
2972,2018-04-10,08:00,0.0,1001.3,1001.8,1001.4,0,23.1,22.2,23.5,23.3,22.5,22.4,94,94,95,34,0.5,0.0,N,AM,CRMN MANAUS,S103,-3.02249999,-60.05555555,-9999.0
2973,2018-04-10,12:00,0.0,1003.7,1002.9,1002.0,0,26.2,22.4,24.2,22.8,23.0,21.9,95,91,80,33,1.8,1.0,N,AM,CRMN MANAUS,S103,-3.02249999,-60.05555555,-9999.0
2974,2018-04-10,16:00,0.0,1002.8,1004.4,1003.7,0,30.1,22.3,29.7,28.6,23.3,22.1,72,65,63,55,2.6,1.0,N,AM,CRMN MANAUS,S103,-3.02249999,-60.05555555,-9999.0
2975,2018-04-10,20:00,0.0,998.8,1000.3,999.6,0,27.6,22.1,28.7,25.8,23.6,22.1,82,71,72,45,3.3,1.0,N,AM,CRMN MANAUS,S103,-3.02249999,-60.05555555,-9999.0
2976,2018-04-11,00:00,0.0,1001.8,1001.0,999.8,0,25.6,22.6,26.6,25.9,22.9,22.2,83,77,84,40,1.4,0.0,N,AM,CRMN MANAUS,S103,-3.02249999,-60.05555555,-9999.0
2977,2018-04-11,04:00,0.0,1001.6,1002.4,1002.2,0,24.6,23.0,25.1,24.8,23.1,23.0,90,88,91,35,1.8,1.0,N,AM,CRMN MANAUS,S103,-3.02249999,-60.05555555,-9999.0
2978,2018-04-11,08:00,0.0,1000.1,999.9,999.5,0,24.2,22.4,24.4,24.3,22.7,22.5,90,90,90,31,2.3,1.0,N,AM,CRMN MANAUS,S103,-3.02249999,-60.05555555,-9999.0
2979,2018-04-11,12:00,0.0,1003.0,1002.3,1001.4,0,24.8,22.1,24.2,23.9,22.4,22.1,91,89,85,31,3.7,2.0,N,AM,CRMN MANAUS,S103,-3.02249999,-60.05555555,-9999.0
2980,2018-04-11,16:00,0.0,1002.9,1003.7,1003.5,0,28.5,22.1,28.7,27.2,22.7,21.6,73,67,69,45,3.3,1.0,N,AM,CRMN MANAUS,S103,-3.02249999,-60.05555555,-9999.0
2981,2018-04-11,20:00,0.0,999.3,1000.8,1000.0,0,29.0,22.3,29.9,28.7,22.3,21.3,67,61,67,45,4.2,2.0,N,AM,CRMN MANAUS,S103,-3.02249999,-60.05555555,-9999.0
2982,2018-04-12,00:00,0.0,1001.2,1000.2,999.6,0,25.4,23.1,25.4,25.0,23.2,23.0,89,87,87,35,1.4,0.0,N,AM,CRMN MANAUS,S103,-3.02249999,-60.05555555,-9999.0
2983,2018-04-12,04:00,0.0,1002.0,1002.8,1002.6,0,24.6,22.3,24.7,24.4,22.9,22.7,91,89,87,33,1.6,0.0,N,AM,CRMN MANAUS,S103,-3.02249999,-60.05555555,-9999.0
2984,2018-04-12,08:00,0.0,1000.2,1000.8,1000.4,0,24.2,22.0,24.4,24.1,22.1,22.0,88,87,88,31,1.5,0.0,N,AM,CRMN MANAUS,S103,-3.02249999,-60.05555555,-9999.0
2985,2018-04-12,12:00,0.0,1002.1,1001.4,1000.8,0,25.7,22.4,24.3,24.0,22.3,22.1,90,88,82,32,2.6,2.0,N,AM,CRMN MANAUS,S103,-3.02249999,-60.05555555,-9999.0
2986,2018-04-12,16:00,0.0,1001.7,1002.9,1002.5,0,31.2,22.1,30.6,29.1,22.7,21.6,68,60,59,49,4.0,2.0,N,AM,CRMN MANAUS,S103,-3.02249999,-60.05555555,-9999.0
2987,2018-04-12,20:00,0.0,998.7,999.9,999.1,0,25.0,22.7,30.4,23.7,24.1,21.4,89,64,87,39,2.8,0.0,N,AM,CRMN MANAUS,S103,-3.02249999,-60.05555555,-9999.0
2988,2018-04-13,00:00,0.0,1001.2,1000.5,999.9,0,25.0,22.6,25.2,24.9,22.6,22.4,86,85,86,33,2.4,1.0,N,AM,CRMN MANAUS,S103,-3.02249999,-60.05555555,-9999.0
2989,2018-04-13,04:00,0.0,1002.6,1003.2,1002.8,0,24.3,22.8,25.0,24.6,22.7,22.4,89,86,92,35,0.0,0.0,N,AM,CRMN MANAUS,S103,-3.02249999,-60.05555555,-9999.0
2990,2018-04-13,08:00,0.0,1001.0,1001.2,1000.9,0,23.8,22.4,24.1,23.9,22.8,22.5,93,92,92,30,1.6,1.0,N,AM,CRMN MANAUS,S103,-3.02249999,-60.05555555,-9999.0
2991,2018-04-13,12:00,0.0,1003.6,1002.6,1001.7,0,24.8,22.9,24.1,23.8,22.7,22.5,93,92,89,30,2.4,2.0,N,AM,CRMN MANAUS,S103,-3.02249999,-60.05555555,-9999.0
2992,2018-04-13,16:00,0.0,1003.4,1004.8,1004.6,0,28.3,22.6,27.4,27.1,22.9,22.2,77,74,71,42,5.3,4.0,N,AM,CRMN MANAUS,S103,-3.02249999,-60.05555555,-9999.0
2993,2018-04-13,20:00,0.0,1000.4,1000.7,999.9,0,23.2,21.8,30.9,28.6,23.3,22.0,73,60,92,34,8.1,5.0,N,AM,CRMN MANAUS,S103,-3.02249999,-60.05555555,-9999.0
2994,2018-04-14,00:00,0.0,1002.4,1001.5,1000.6,0,23.7,22.3,23.7,23.4,22.2,21.9,92,91,92,34,0.8,0.0,N,AM,CRMN MANAUS,S103,-3.02249999,-60.05555555,-9999.0
2995,2018-04-14,04:00,0.0,1002.8,1003.1,1003.0,0,23.7,22.4,23.8,23.6,22.5,22.2,93,92,93,33,1.3,0.0,N,AM,CRMN MANAUS,S103,-3.02249999,-60.05555555,-9999.0
2996,2018-04-14,08:00,0.0,1001.7,1001.9,1001.8,0,23.9,22.3,23.8,23.6,22.3,22.1,92,91,91,31,1.0,0.0,N,AM,CRMN MANAUS,S103,-3.02249999,-60.05555555,-9999.0
2997,2018-04-14,12:00,0.0,1003.7,1002.8,1002.1,0,26.9,23.0,25.1,23.5,22.6,22.2,93,86,79,34,2.5,1.0,N,AM,CRMN MANAUS,S103,-3.02249999,-60.05555555,-9999.0
2998,2018-04-14,16:00,0.0,1003.5,1004.8,1004.6,0,30.1,22.6,30.0,29.2,23.1,21.9,68,63,64,51,3.6,1.0,N,AM,CRMN MANAUS,S103,-3.02249999,-60.05555555,-9999.0
2999,2018-04-14,20:00,0.0,999.3,1001.1,999.8,0,27.6,22.9,27.4,25.0,23.4,22.6,88,78,76,42,2.0,1.0,N,AM,CRMN MANAUS,S103,-3.02249999,-60.05555555,-9999.0
3000,2018-04-15,00:00,0.0,1002.2,1001.2,1000.0,0,25.5,23.3,26.6,25.8,23.4,22.3,84,77,88,40,1.4,0.0,N,AM,CRMN MANAUS,S103,-3.02249999,-60.05555555,-9999.0
3001,2018-04-15,04:00,0.0,1003.5,1004.4,1004.2,0,25.4,23.8,26.1,25.4,24.0,23.4,91,86,91,38,1.5,0.0,N,AM,CRMN MANAUS,S103,-3.02249999,-60.05555555,-9999.0
3002,2018-04-15,08:00,0.0,1001.5,1002.2,1001.9,0,24.1,22.6,24.8,24.6,23.1,23.0,91,90,91,35,2.0,0.0,N,AM,CRMN MANAUS,S103,-3.02249999,-60.05555555,-9999.0
3003,2018-04-15,12:00,0.0,1004.8,1003.5,1003.0,0,25.4,23.1,24.5,24.1,23.0,22.6,92,91,87,33,2.4,1.0,N,AM,CRMN MANAUS,S103,-3.02249999,-60.05555555,-9999.0
3004,2018-04-15,16:00,0.0,1005.7,1007.0,1006.8,0,24.1,22.1,24.3,23.4,22.2,21.5,90,87,89,32,4.5,3.0,N,AM,CRMN MANAUS,S103,-3.02249999,-60.05555555,-9999.0
3005,2018-04-15,20:00,0.0,1002.1,1002.7,1001.7,0,26.0,22.2,26.8,26.1,23.0,22.2,81,77,80,39,2.6,1.0,N,AM,CRMN MANAUS,S103,-3.02249999,-60.05555555,-9999.0
3006,2018-04-16,00:00,0.0,1004.8,1003.5,1002.6,0,25.0,22.5,25.3,24.8,22.9,22.6,88,85,86,37,1.1,0.0,N,AM,CRMN MANAUS,S103,-3.02249999,-60.05555555,-9999.0
3007,2018-04-16,04:00,0.0,1005.7,1006.4,1006.1,0,24.0,22.6,24.3,24.1,22.7,22.6,91,91,92,34,1.4,0.0,N,AM,CRMN MANAUS,S103,-3.02249999,-60.05555555,-9999.0
3008,2018-04-16,08:00,0.0,1003.5,1004.0,1003.4,0,23.2,22.0,23.5,23.2,22.3,22.1,93,93,93,33,1.0,0.0,N,AM,CRMN MANAUS,S103,-3.02249999,-60.05555555,-9999.0
3009,2018-04-16,12:00,0.0,1006.3,1005.3,1004.6,0,24.1,22.1,22.9,22.7,21.9,21.6,94,94,88,35,1.1,0.0,N,AM,CRMN MANAUS,S103,-3.02249999,-60.05555555,-9999.0
3010,2018-04-16,16:00,0.0,1005.4,1006.8,1006.4,0,24.6,22.1,27.1,24.5,23.2,21.8,86,76,86,37,3.2,1.0,N,AM,CRMN MANAUS,S103,-3.02249999,-60.05555555,-9999.0
3011,2018-04-16,20:00,0.0,1001.4,1002.9,1002.0,0,28.9,23.2,30.3,28.5,23.3,21.4,70,62,71,51,2.6,2.0,N,AM,CRMN MANAUS,S103,-3.02249999,-60.05555555,-9999.0
3012,2018-04-17,00:00,0.0,1003.0,1001.9,1001.0,0,24.7,22.7,25.5,25.1,22.8,22.7,87,85,89,41,1.8,0.0,N,AM,CRMN MANAUS,S103,-3.02249999,-60.05555555,-9999.0
3013,2018-04-17,04:00,0.0,1004.5,1004.8,1004.5,0,24.0,22.4,24.3,24.1,22.7,22.6,92,91,91,38,0.7,0.0,N,AM,CRMN MANAUS,S103,-3.02249999,-60.05555555,-9999.0
3014,2018-04-17,08:00,0.0,1002.9,1003.1,1002.6,0,23.5,22.4,23.6,23.4,22.5,22.3,94,93,94,36,0.4,0.0,N,AM,CRMN MANAUS,S103,-3.02249999,-60.05555555,-9999.0
3015,2018-04-17,12:00,0.0,1004.8,1004.3,1003.7,0,25.1,22.9,23.6,23.3,22.5,22.3,94,94,88,36,0.3,0.0,N,AM,CRMN MANAUS,S103,-3.02249999,-60.05555555,-9999.0
3016,2018-04-17,16:00,0.0,1004.2,1005.6,1005.1,0,28.6,22.9,28.2,27.3,23.0,21.8,76,70,71,47,2.5,1.0,N,AM,CRMN MANAUS,S103,-3.02249999,-60.05555555,-9999.0
3017,2018-04-17,20:00,0.0,1000.8,1001.7,1001.1,0,25.4,21.5,30.9,27.3,23.4,21.3,73,59,79,42,6.5,1.0,N,AM,CRMN MANAUS,S103,-3.02249999,-60.05555555,-9999.0
3018,2018-04-18,00:00,0.0,1001.3,1001.4,1001.0,0,24.4,22.5,25.8,25.0,22.7,22.4,86,83,89,37,1.9,0.0,N,AM,CRMN MANAUS,S103,-3.02249999,-60.05555555,-9999.0
3019,2018-04-18,04:00,-9999.0,-9999.0,-9999.0,-9999.0,-9999,-9999.0,-9999.0,-9999.0,-9999.0,-9999.0,-9999.0,-9999,-9999,-9999,-9999,-9999.0,-9999.0,N,AM,CRMN MANAUS,S103,-3.02249999,-60.05555555,-9999.0
3020,2018-04-18,08:00,0.0,1002.6,1003.3,1002.9,0,23.4,21.7,23.7,23.5,22.1,21.9,91,90,90,33,1.5,0.0,N,AM,CRMN MANAUS,S103,-3.02249999,-60.05555555,-9999.0
3021,2018-04-18,12:00,0.0,1004.9,1004.3,1003.7,0,24.7,21.8,23.9,23.0,21.9,21.5,92,88,84,33,1.9,1.0,N,AM,CRMN MANAUS,S103,-3.02249999,-60.05555555,-9999.0
3022,2018-04-18,16:00,0.0,1004.4,1005.3,1005.1,0,30.1,22.2,30.2,28.7,21.7,20.6,65,57,63,53,4.2,1.0,N,AM,CRMN MANAUS,S103,-3.02249999,-60.05555555,-9999.0
3023,2018-04-18,20:00,0.0,999.7,1001.4,1000.3,0,30.9,23.0,32.2,30.8,23.8,20.6,66,52,63,57,3.2,0.0,N,AM,CRMN MANAUS,S103,-3.02249999,-60.05555555,-9999.0
3024,2018-04-19,00:00,0.0,1002.7,1001.4,1000.6,0,27.7,23.2,29.1,28.1,22.9,22.5,73,68,76,48,0.8,0.0,N,AM,CRMN MANAUS,S103,-3.02249999,-60.05555555,-9999.0
3025,2018-04-19,04:00,0.0,1004.2,1004.5,1004.0,0,25.7,23.4,25.7,25.2,23.3,22.8,88,85,87,39,1.6,0.0,N,AM,CRMN MANAUS,S103,-3.02249999,-60.05555555,-9999.0
3026,2018-04-19,08:00,0.0,1003.0,1003.6,1003.0,0,23.1,22.1,24.8,23.0,22.8,22.0,94,88,94,35,0.8,0.0,N,AM,CRMN MANAUS,S103,-3.02249999,-60.05555555,-9999.0
3027,2018-04-19,12:00,0.0,1005.0,1004.4,1003.4,0,23.9,22.9,23.3,23.1,22.4,22.2,95,95,94,35,0.0,0.0,N,AM,CRMN MANAUS,S103,-3.02249999,-60.05555555,-9999.0
3028,2018-04-19,16:00,0.0,1004.9,1006.3,1005.7,0,25.3,23.6,27.2,25.7,23.8,23.1,87,80,90,36,3.6,0.0,N,AM,CRMN MANAUS,S103,-3.02249999,-60.05555555,-9999.0
3029,2018-04-19,20:00,0.0,1001.2,1002.6,1002.1,0,26.1,23.9,26.3,25.9,24.3,23.6,89,86,87,42,1.3,0.0,N,AM,CRMN MANAUS,S103,-3.02249999,-60.05555555,-9999.0
3030,2018-04-20,00:00,0.0,1003.1,1002.2,1001.1,0,25.2,23.5,25.6,25.3,23.8,23.4,91,88,90,38,0.0,0.0,N,AM,CRMN MANAUS,S103,-3.02249999,-60.05555555,-9999.0
3031,2018-04-20,04:00,0.0,1004.3,1004.4,1003.8,0,24.7,23.4,24.9,24.7,23.7,23.6,93,93,93,36,0.7,0.0,N,AM,CRMN MANAUS,S103,-3.02249999,-60.05555555,-9999.0
3032,2018-04-20,08:00,0.0,1002.2,1003.1,1002.7,0,24.1,23.0,24.3,24.1,23.2,23.1,94,94,94,34,0.1,0.0,N,AM,CRMN MANAUS,S103,-3.02249999,-60.05555555,-9999.0
3033,2018-04-20,12:00,0.0,1004.4,1003.8,1003.3,0,26.1,23.8,24.3,23.3,23.3,22.3,94,94,87,35,2.3,1.0,N,AM,CRMN MANAUS,S103,-3.02249999,-60.05555555,-9999.0
3034,2018-04-20,16:00,0.0,1002.5,1004.7,1004.0,0,29.3,23.3,29.0,27.3,24.5,23.4,83,75,70,49,3.8,1.0,N,AM,CRMN MANAUS,S103,-3.02249999,-60.05555555,-9999.0
3035,2018-04-20,20:00,0.0,1000.3,1002.0,1001.0,0,24.0,22.8,24.2,23.7,23.1,22.6,94,93,93,35,3.4,1.0,N,AM,CRMN MANAUS,S103,-3.02249999,-60.05555555,-9999.0
3036,2018-04-21,00:00,0.0,1001.5,1000.8,1000.3,0,23.8,22.7,24.2,24.0,23.1,22.8,94,93,94,36,1.3,0.0,N,AM,CRMN MANAUS,S103,-3.02249999,-60.05555555,-9999.0
3037,2018-04-21,04:00,0.0,1003.1,1003.6,1003.4,0,23.5,22.5,23.6,23.5,22.7,22.5,94,94,94,36,0.0,0.0,N,AM,CRMN MANAUS,S103,-3.02249999,-60.05555555,-9999.0
3038,2018-04-21,08:00,0.0,1001.2,1001.8,1001.3,0,23.3,22.3,23.3,23.1,22.3,22.1,94,94,94,36,0.0,0.0,N,AM,CRMN MANAUS,S103,-3.02249999,-60.05555555,-9999.0
3039,2018-04-21,12:00,0.0,1003.3,1002.7,1001.9,0,25.1,23.8,24.1,23.4,23.2,22.5,95,95,93,38,1.5,0.0,N,AM,CRMN MANAUS,S103,-3.02249999,-60.05555555,-9999.0
3040,2018-04-21,16:00,0.0,1002.1,1004.0,1003.4,0,29.8,24.8,29.2,27.7,24.2,23.2,78,72,74,56,2.4,0.0,N,AM,CRMN MANAUS,S103,-3.02249999,-60.05555555,-9999.0
3041,2018-04-21,20:00,0.0,998.6,999.6,998.8,0,29.2,22.0,31.6,28.0,23.4,20.7,71,53,65,63,3.4,0.0,N,AM,CRMN MANAUS,S103,-3.02249999,-60.05555555,-9999.0
3042,2018-04-22,00:00,0.0,1000.1,999.2,998.9,0,25.9,23.7,27.8,26.7,24.1,23.5,86,77,88,47,1.8,1.0,N,AM,CRMN MANAUS,S103,-3.02249999,-60.05555555,-9999.0
3043,2018-04-22,04:00,0.0,1001.4,1003.0,1001.7,0,22.1,20.9,24.8,22.0,23.0,19.5,91,80,93,42,2.4,0.0,N,AM,CRMN MANAUS,S103,-3.02249999,-60.05555555,-9999.0
3044,2018-04-22,08:00,0.0,1000.2,1000.5,1000.1,0,22.1,21.0,22.4,21.9,21.0,20.7,93,91,93,39,2.1,0.0,N,AM,CRMN MANAUS,S103,-3.02249999,-60.05555555,-9999.0
3045,2018-04-22,12:00,0.0,1003.3,1002.1,1001.2,0,24.1,21.2,22.7,22.3,21.5,21.2,94,92,84,42,0.0,0.0,N,AM,CRMN MANAUS,S103,-3.02249999,-60.05555555,-9999.0
3046,2018-04-22,16:00,0.0,1002.4,1003.8,1003.2,0,28.2,22.9,29.1,27.1,23.3,21.4,77,67,73,60,2.5,0.0,N,AM,CRMN MANAUS,S103,-3.02249999,-60.05555555,-9999.0
3047,2018-04-22,20:00,0.0,998.1,999.2,998.5,0,30.6,21.6,30.0,29.3,23.7,22.4,70,64,59,66,3.1,2.0,N,AM,CRMN MANAUS,S103,-3.02249999,-60.05555555,-9999.0
3048,2018-04-23,00:00,0.0,999.9,999.0,998.6,0,26.2,24.1,27.9,26.7,24.2,23.4,86,77,88,53,1.4,0.0,N,AM,CRMN MANAUS,S103,-3.02249999,-60.05555555,-9999.0
3049,2018-04-23,04:00,0.0,1001.4,1001.9,1001.1,0,24.8,23.5,25.4,25.0,23.8,23.7,92,91,93,45,1.4,0.0,N,AM,CRMN MANAUS,S103,-3.02249999,-60.05555555,-9999.0
3050,2018-04-23,08:00,0.0,1000.7,1000.8,1000.4,0,23.6,22.6,24.3,23.9,23.1,22.8,94,93,94,41,1.7,0.0,N,AM,CRMN MANAUS,S103,-3.02249999,-60.05555555,-9999.0
3051,2018-04-23,12:00,0.0,1003.3,1002.2,1001.8,0,23.0,21.6,22.8,22.5,21.6,21.4,94,93,92,40,0.5,0.0,N,AM,CRMN MANAUS,S103,-3.02249999,-60.05555555,-9999.0
3052,2018-04-23,16:00,0.0,1002.7,1004.4,1003.7,0,26.9,23.5,28.1,25.4,23.8,22.4,85,76,82,52,3.0,2.0,N,AM,CRMN MANAUS,S103,-3.02249999,-60.05555555,-9999.0
3053,2018-04-23,20:00,0.0,999.4,1000.1,999.0,0,28.0,22.2,31.0,29.5,24.2,22.7,73,63,71,61,6.9,2.0,N,AM,CRMN MANAUS,S103,-3.02249999,-60.05555555,-9999.0
3054,2018-04-24,00:00,0.0,1002.2,1001.6,1000.7,0,24.1,22.6,24.1,23.7,22.3,22.0,91,90,92,46,1.0,0.0,N,AM,CRMN MANAUS,S103,-3.02249999,-60.05555555,-9999.0
3055,2018-04-24,04:00,0.0,1002.9,1003.8,1003.6,0,23.5,22.4,23.8,23.5,22.7,22.4,94,93,93,42,1.2,0.0,N,AM,CRMN MANAUS,S103,-3.02249999,-60.05555555,-9999.0
3056,2018-04-24,08:00,0.0,1001.4,1001.7,1001.5,0,23.0,22.1,23.4,23.2,22.4,22.2,94,94,94,41,0.0,0.0,N,AM,CRMN MANAUS,S103,-3.02249999,-60.05555555,-9999.0
3057,2018-04-24,12:00,0.0,1004.4,1003.6,1002.8,0,26.0,23.5,23.6,22.8,22.7,21.9,95,95,86,41,1.5,0.0,N,AM,CRMN MANAUS,S103,-3.02249999,-60.05555555,-9999.0
3058,2018-04-24,16:00,0.0,1003.3,1005.0,1004.5,0,29.0,24.1,29.7,28.6,23.5,22.4,73,66,75,66,1.9,0.0,N,AM,CRMN MANAUS,S103,-3.02249999,-60.05555555,-9999.0
3059,2018-04-24,20:00,0.0,1000.4,1001.5,1000.9,0,24.6,22.7,25.2,23.7,23.5,22.6,93,89,90,41,3.1,2.0,N,AM,CRMN MANAUS,S103,-3.02249999,-60.05555555,-9999.0
3060,2018-04-25,00:00,0.0,1002.4,1001.0,1000.1,0,24.2,22.6,24.0,23.9,22.6,22.5,92,91,91,41,1.4,0.0,N,AM,CRMN MANAUS,S103,-3.02249999,-60.05555555,-9999.0
3061,2018-04-25,04:00,0.0,1003.8,1004.1,1003.8,0,23.7,22.4,23.8,23.7,22.5,22.4,93,92,93,40,0.0,0.0,N,AM,CRMN MANAUS,S103,-3.02249999,-60.05555555,-9999.0
3062,2018-04-25,08:00,0.0,1002.6,1003.0,1002.7,0,23.3,22.4,23.4,23.3,22.4,22.3,94,94,94,40,0.0,0.0,N,AM,CRMN MANAUS,S103,-3.02249999,-60.05555555,-9999.0
3063,2018-04-25,12:00,0.0,1005.4,1004.4,1003.5,0,25.4,22.5,23.6,23.3,22.5,22.3,94,92,84,39,2.7,2.0,N,AM,CRMN MANAUS,S103,-3.02249999,-60.05555555,-9999.0
3064,2018-04-25,16:00,0.0,1004.0,1005.6,1005.2,0,29.4,20.8,29.0,26.9,23.0,21.7,76,65,60,57,3.2,1.0,N,AM,CRMN MANAUS,S103,-3.02249999,-60.05555555,-9999.0
3065,2018-04-25,20:00,0.0,999.3,1001.3,1000.0,0,31.0,21.9,30.9,29.9,23.2,22.2,66,60,59,63,2.6,1.0,N,AM,CRMN MANAUS,S103,-3.02249999,-60.05555555,-9999.0
3066,2018-04-26,00:00,0.0,1001.3,1000.7,999.8,0,27.6,22.6,28.9,28.0,22.5,22.0,72,66,74,55,1.1,0.0,N,AM,CRMN MANAUS,S103,-3.02249999,-60.05555555,-9999.0
3067,2018-04-26,04:00,0.0,1002.3,1002.5,1002.1,0,25.1,22.7,26.4,25.7,22.2,21.9,81,77,86,48,0.0,0.0,N,AM,CRMN MANAUS,S103,-3.02249999,-60.05555555,-9999.0
3068,2018-04-26,08:00,0.0,1000.9,1000.9,1000.6,0,24.4,22.7,25.5,25.0,23.0,22.6,88,84,90,44,0.9,0.0,N,AM,CRMN MANAUS,S103,-3.02249999,-60.05555555,-9999.0
3069,2018-04-26,12:00,0.0,1003.6,1002.9,1002.2,0,28.3,23.5,25.5,23.4,23.1,22.0,92,86,75,46,1.9,0.0,N,AM,CRMN MANAUS,S103,-3.02249999,-60.05555555,-9999.0
3070,2018-04-26,16:00,0.0,1002.8,1004.3,1004.0,0,31.1,22.3,30.7,29.9,23.8,22.4,68,62,60,63,3.5,2.0,N,AM,CRMN MANAUS,S103,-3.02249999,-60.05555555,-9999.0
3071,2018-04-26,20:00,0.0,998.6,999.9,999.1,0,31.9,20.9,32.9,31.9,21.9,20.7,55,50,52,67,3.6,2.0,N,AM,CRMN MANAUS,S103,-3.02249999,-60.05555555,-9999.0
3072,2018-04-27,00:00,0.0,1001.1,999.9,999.4,0,27.6,23.4,29.9,28.5,22.2,21.5,68,61,78,56,0.9,0.0,N,AM,CRMN MANAUS,S103,-3.02249999,-60.05555555,-9999.0
3073,2018-04-27,04:00,0.0,1002.2,1002.6,1002.5,0,25.1,23.3,26.3,25.6,23.7,23.4,88,86,90,44,1.3,0.0,N,AM,CRMN MANAUS,S103,-3.02249999,-60.05555555,-9999.0
3074,2018-04-27,08:00,0.0,1000.7,1001.2,1000.7,0,23.8,22.5,24.2,23.8,22.9,22.5,93,92,92,41,0.3,0.0,N,AM,CRMN MANAUS,S103,-3.02249999,-60.05555555,-9999.0
3075,2018-04-27,12:00,0.0,1003.1,1002.5,1001.6,0,26.7,22.5,24.9,23.9,22.9,22.3,91,88,78,42,2.1,0.0,N,AM,CRMN MANAUS,S103,-3.02249999,-60.05555555,-9999.0
3076,2018-04-27,16:00,0.0,1002.1,1003.7,1003.3,0,31.6,22.4,30.4,28.9,23.7,22.6,73,65,58,61,3.0,1.0,N,AM,CRMN MANAUS,S103,-3.02249999,-60.05555555,-9999.0
3077,2018-04-27,20:00,0.0,998.3,999.7,998.8,0,27.2,22.7,31.9,25.6,24.1,22.2,84,59,76,51,3.1,0.0,N,AM,CRMN MANAUS,S103,-3.02249999,-60.05555555,-9999.0
3078,2018-04-28,00:00,0.0,1000.3,999.4,998.7,0,26.5,23.8,27.8,26.6,23.7,21.9,84,70,85,46,1.3,0.0,N,AM,CRMN MANAUS,S103,-3.02249999,-60.05555555,-9999.0
3079,2018-04-28,04:00,0.0,1002.2,1002.1,1001.7,0,25.5,22.8,26.2,25.8,23.3,22.9,85,84,85,42,1.6,0.0,N,AM,CRMN MANAUS,S103,-3.02249999,-60.05555555,-9999.0
3080,2018-04-28,08:00,0.0,1001.3,1001.8,1001.2,0,24.5,22.6,24.7,24.5,22.6,22.4,89,88,89,38,1.3,0.0,N,AM,CRMN MANAUS,S103,-3.02249999,-60.05555555,-9999.0
3081,2018-04-28,12:00,0.0,1003.4,1002.5,1002.2,0,27.4,23.6,25.1,24.2,23.4,22.7,92,91,80,43,1.5,1.0,N,AM,CRMN MANAUS,S103,-3.02249999,-60.05555555,-9999.0
3082,2018-04-28,16:00,0.0,1002.0,1003.9,1003.2,0,30.5,23.8,31.4,30.1,23.7,22.5,68,61,68,57,3.3,1.0,N,AM,CRMN MANAUS,S103,-3.02249999,-60.05555555,-9999.0
3083,2018-04-28,20:00,0.0,999.1,1000.1,999.1,0,26.5,23.8,28.2,27.6,24.4,23.4,82,77,85,46,3.3,2.0,N,AM,CRMN MANAUS,S103,-3.02249999,-60.05555555,-9999.0
3084,2018-04-29,00:00,0.0,1001.1,1000.2,999.3,0,25.6,23.9,25.7,25.5,23.8,23.5,90,88,91,41,0.5,0.0,N,AM,CRMN MANAUS,S103,-3.02249999,-60.05555555,-9999.0
3085,2018-04-29,04:00,0.0,1003.6,1003.3,1002.8,0,24.8,23.6,25.3,25.1,24.0,23.8,93,92,93,35,1.5,1.0,N,AM,CRMN MANAUS,S103,-3.02249999,-60.05555555,-9999.0
3086,2018-04-29,08:00,0.0,1001.9,1001.9,1001.6,0,24.2,22.8,24.6,24.1,23.5,23.0,94,93,92,34,1.3,0.0,N,AM,CRMN MANAUS,S103,-3.02249999,-60.05555555,-9999.0
3087,2018-04-29,12:00,0.0,1004.5,1003.4,1002.4,0,24.3,23.3,24.4,24.1,23.1,23.0,94,92,94,36,1.9,0.0,N,AM,CRMN MANAUS,S103,-3.02249999,-60.05555555,-9999.0
3088,2018-04-29,16:00,0.0,1005.6,1006.0,1005.5,0,22.8,21.7,24.4,23.3,23.5,22.2,94,94,94,30,5.4,2.0,N,AM,CRMN MANAUS,S103,-3.02249999,-60.05555555,-9999.0
3089,2018-04-29,20:00,0.0,1000.9,1002.2,1001.6,0,25.4,22.7,24.7,23.9,22.9,22.2,91,88,85,39,2.4,0.0,N,AM,CRMN MANAUS,S103,-3.02249999,-60.05555555,-9999.0
3090,2018-04-30,00:00,0.0,1001.6,1000.5,1000.1,0,24.2,22.8,24.8,24.4,22.8,22.7,91,89,92,37,0.0,0.0,N,AM,CRMN MANAUS,S103,-3.02249999,-60.05555555,-9999.0
3091,2018-04-30,04:00,0.0,1003.1,1003.4,1003.4,0,23.8,22.6,24.0,23.9,22.7,22.5,93,92,93,36,0.0,0.0,N,AM,CRMN MANAUS,S103,-3.02249999,-60.05555555,-9999.0
3092,2018-04-30,08:00,0.0,1001.4,1001.8,1001.4,0,23.6,22.6,23.5,23.4,22.6,22.4,94,94,94,37,0.0,0.0,N,AM,CRMN MANAUS,S103,-3.02249999,-60.05555555,-9999.0
3093,2018-04-30,12:00,-9999.0,-9999.0,-9999.0,-9999.0,-9999,-9999.0,-9999.0,-9999.0,-9999.0,-9999.0,-9999.0,-9999,-9999,-9999,-9999,-9999.0,-9999.0,N,AM,CRMN MANAUS,S103,-3.02249999,-60.05555555,-9999.0
3094,2018-04-30,16:00,0.0,1003.4,1004.8,1004.2,0,24.9,22.0,29.7,27.4,24.0,23.0,78,68,84,44,4.5,1.0,N,AM,CRMN MANAUS,S103,-3.02249999,-60.05555555,-9999.0
3095,2018-04-30,20:00,0.0,999.9,1001.8,1000.8,0,26.9,23.9,27.7,26.5,24.3,23.2,84,79,84,48,2.0,0.0,N,AM,CRMN MANAUS,S103,-3.02249999,-60.05555555,-9999.0
3096,2018-05-01,00:00,0.0,1002.9,1001.6,1000.6,0,24.6,23.5,25.2,24.9,24.0,23.7,93,93,93,42,0.0,0.0,N,AM,CRMN MANAUS,S103,-3.02249999,-60.05555555,-9999.0
3097,2018-05-01,04:00,0.0,1004.1,1004.7,1004.6,0,24.2,23.1,24.5,24.4,23.3,23.1,93,92,94,39,0.8,0.0,N,AM,CRMN MANAUS,S103,-3.02249999,-60.05555555,-9999.0
3098,2018-05-01,08:00,0.0,1002.0,1002.7,1002.2,0,23.7,22.7,23.8,23.7,22.7,22.6,94,94,94,39,0.0,0.0,N,AM,CRMN MANAUS,S103,-3.02249999,-60.05555555,-9999.0
3099,2018-05-01,12:00,0.0,1005.1,1004.2,1003.4,0,24.6,23.2,24.1,23.8,23.0,22.7,94,94,92,41,0.0,0.0,N,AM,CRMN MANAUS,S103,-3.02249999,-60.05555555,-9999.0
3100,2018-05-01,16:00,0.0,1003.8,1005.6,1004.7,0,29.1,24.2,29.0,27.7,24.4,23.2,79,72,75,53,2.5,1.0,N,AM,CRMN MANAUS,S103,-3.02249999,-60.05555555,-9999.0
3101,2018-05-01,20:00,0.0,1001.9,1003.1,1002.6,0,23.6,21.9,24.3,23.4,22.5,21.8,92,89,90,39,2.6,1.0,N,AM,CRMN MANAUS,S103,-3.02249999,-60.05555555,-9999.0
3102,2018-05-02,00:00,0.0,1003.4,1002.6,1001.8,0,23.1,22.1,23.4,23.1,22.4,22.0,94,94,94,40,0.5,0.0,N,AM,CRMN MANAUS,S103,-3.02249999,-60.05555555,-9999.0
3103,2018-05-02,04:00,0.0,1004.6,1005.1,1004.7,0,22.7,21.8,23.0,22.7,22.0,21.7,94,94,94,38,0.5,0.0,N,AM,CRMN MANAUS,S103,-3.02249999,-60.05555555,-9999.0
3104,2018-05-02,08:00,0.0,1003.3,1003.5,1003.3,0,22.3,21.4,22.6,22.4,21.7,21.5,95,95,95,37,0.1,0.0,N,AM,CRMN MANAUS,S103,-3.02249999,-60.05555555,-9999.0
3105,2018-05-02,12:00,0.0,1005.9,1005.0,1004.2,0,23.2,22.4,22.6,22.0,21.8,21.2,95,95,95,40,0.6,0.0,N,AM,CRMN MANAUS,S103,-3.02249999,-60.05555555,-9999.0
3106,2018-05-02,16:00,0.0,1004.9,1006.6,1006.3,0,29.2,23.6,27.8,26.8,23.1,22.1,79,73,72,55,2.6,1.0,N,AM,CRMN MANAUS,S103,-3.02249999,-60.05555555,-9999.0
3107,2018-05-02,20:00,0.0,1000.2,1001.9,1000.7,0,30.8,23.4,30.8,28.2,24.1,22.6,76,63,65,64,3.1,1.0,N,AM,CRMN MANAUS,S103,-3.02249999,-60.05555555,-9999.0
3108,2018-05-03,00:00,0.0,1002.5,1001.6,1000.7,0,26.5,23.0,27.0,26.1,24.1,23.1,87,80,81,52,1.2,0.0,N,AM,CRMN MANAUS,S103,-3.02249999,-60.05555555,-9999.0
3109,2018-05-03,04:00,0.0,1003.8,1004.6,1003.6,0,23.0,21.6,25.9,23.9,23.5,21.9,90,84,92,45,4.1,0.0,N,AM,CRMN MANAUS,S103,-3.02249999,-60.05555555,-9999.0
3110,2018-05-03,08:00,0.0,1002.4,1003.0,1002.8,0,23.2,22.2,23.2,23.0,22.1,21.8,94,93,94,44,0.0,0.0,N,AM,CRMN MANAUS,S103,-3.02249999,-60.05555555,-9999.0
3111,2018-05-03,12:00,0.0,1003.9,1003.3,1002.9,0,25.5,23.5,24.0,23.5,22.9,22.3,94,93,88,44,1.9,0.0,N,AM,CRMN MANAUS,S103,-3.02249999,-60.05555555,-9999.0
3112,2018-05-03,16:00,0.0,1004.4,1005.6,1004.8,0,24.0,22.8,28.2,23.7,23.6,22.5,93,75,93,41,3.8,2.0,N,AM,CRMN MANAUS,S103,-3.02249999,-60.05555555,-9999.0
3113,2018-05-03,20:00,0.0,998.9,1002.1,1000.4,0,26.0,22.8,25.9,24.9,23.1,22.6,88,84,83,45,1.9,1.0,N,AM,CRMN MANAUS,S103,-3.02249999,-60.05555555,-9999.0
3114,2018-05-04,00:00,0.0,1000.5,999.7,998.8,0,24.5,22.9,25.3,24.7,23.1,22.9,90,87,91,46,2.0,0.0,N,AM,CRMN MANAUS,S103,-3.02249999,-60.05555555,-9999.0
3115,2018-05-04,04:00,0.0,1002.9,1002.7,1002.4,0,24.3,22.3,24.5,24.2,22.8,22.3,91,89,89,41,2.1,0.0,N,AM,CRMN MANAUS,S103,-3.02249999,-60.05555555,-9999.0
3116,2018-05-04,08:00,0.0,1001.3,1001.9,1001.4,0,23.4,22.4,23.7,23.5,22.5,22.4,94,92,94,44,0.0,0.0,N,AM,CRMN MANAUS,S103,-3.02249999,-60.05555555,-9999.0
3117,2018-05-04,12:00,0.0,1003.1,1002.5,1002.2,0,25.0,23.2,23.6,23.2,22.7,22.2,94,94,90,47,0.3,0.0,N,AM,CRMN MANAUS,S103,-3.02249999,-60.05555555,-9999.0
3118,2018-05-04,16:00,0.0,1002.5,1003.9,1003.4,0,29.2,23.4,30.3,27.6,24.0,22.7,78,64,71,62,2.2,1.0,N,AM,CRMN MANAUS,S103,-3.02249999,-60.05555555,-9999.0
3119,2018-05-04,20:00,0.0,998.5,1000.1,999.1,0,29.7,23.7,31.3,29.5,24.3,23.0,73,62,70,71,2.7,0.0,N,AM,CRMN MANAUS,S103,-3.02249999,-60.05555555,-9999.0
3120,2018-05-05,00:00,0.0,1000.1,998.8,998.0,0,25.8,22.9,27.0,26.6,22.0,21.6,76,73,84,51,1.6,0.0,N,AM,CRMN MANAUS,S103,-3.02249999,-60.05555555,-9999.0
3121,2018-05-05,04:00,0.0,1001.9,1002.4,1002.0,0,25.5,22.8,25.3,24.9,22.8,22.6,88,85,85,45,1.6,1.0,N,AM,CRMN MANAUS,S103,-3.02249999,-60.05555555,-9999.0
3122,2018-05-05,08:00,0.0,1000.5,1001.1,1000.7,0,24.5,22.9,24.8,24.5,23.1,22.9,91,90,91,46,1.1,0.0,N,AM,CRMN MANAUS,S103,-3.02249999,-60.05555555,-9999.0
3123,2018-05-05,12:00,0.0,1003.1,1002.4,1001.8,0,27.4,24.1,25.6,24.7,23.4,22.8,90,87,82,45,2.0,1.0,N,AM,CRMN MANAUS,S103,-3.02249999,-60.05555555,-9999.0
3124,2018-05-05,16:00,0.0,1002.3,1003.7,1002.9,0,29.3,23.7,30.0,28.4,23.8,22.6,75,66,72,54,4.3,2.0,N,AM,CRMN MANAUS,S103,-3.02249999,-60.05555555,-9999.0
3125,2018-05-05,20:00,0.0,999.8,1001.3,1000.3,0,25.4,22.3,25.0,24.5,22.6,22.2,89,85,83,44,2.7,1.0,N,AM,CRMN MANAUS,S103,-3.02249999,-60.05555555,-9999.0
3126,2018-05-06,00:00,0.0,1001.7,1000.8,1000.5,0,24.0,22.6,24.6,24.3,22.7,22.6,91,89,92,45,0.6,0.0,N,AM,CRMN MANAUS,S103,-3.02249999,-60.05555555,-9999.0
3127,2018-05-06,04:00,0.0,1003.1,1003.1,1002.9,0,23.5,22.5,23.7,23.6,22.6,22.5,94,93,94,49,0.0,0.0,N,AM,CRMN MANAUS,S103,-3.02249999,-60.05555555,-9999.0
3128,2018-05-06,08:00,0.0,1002.3,1002.2,1002.1,0,23.5,22.2,23.7,23.5,22.4,22.2,93,92,93,46,0.8,0.0,N,AM,CRMN MANAUS,S103,-3.02249999,-60.05555555,-9999.0
3129,2018-05-06,12:00,0.0,1004.6,1003.9,1003.1,0,25.6,23.0,23.9,23.2,22.9,22.2,94,94,85,50,1.1,0.0,N,AM,CRMN MANAUS,S103,-3.02249999,-60.05555555,-9999.0
3130,2018-05-06,16:00,0.0,1002.8,1004.1,1003.8,0,29.2,24.6,29.8,28.5,24.4,23.1,77,68,76,64,2.9,2.0,N,AM,CRMN MANAUS,S103,-3.02249999,-60.05555555,-9999.0
3131,2018-05-06,20:00,0.0,999.6,1000.9,1000.5,0,27.4,23.6,29.6,27.5,25.4,23.1,86,69,80,59,3.1,0.0,N,AM,CRMN MANAUS,S103,-3.02249999,-60.05555555,-9999.0
3132,2018-05-07,00:00,0.0,1002.9,1001.6,1000.6,0,25.4,23.6,26.5,25.8,24.2,23.7,89,86,90,51,0.0,0.0,N,AM,CRMN MANAUS,S103,-3.02249999,-60.05555555,-9999.0
3133,2018-05-07,04:00,-9999.0,-9999.0,-9999.0,-9999.0,-9999,-9999.0,-9999.0,-9999.0,-9999.0,-9999.0,-9999.0,-9999,-9999,-9999,-9999,-9999.0,-9999.0,N,AM,CRMN MANAUS,S103,-3.02249999,-60.05555555,-9999.0
3134,2018-05-07,08:00,0.0,1002.5,1002.7,1002.5,0,24.5,23.6,24.5,24.3,23.6,23.4,95,95,95,45,0.2,0.0,N,AM,CRMN MANAUS,S103,-3.02249999,-60.05555555,-9999.0
3135,2018-05-07,12:00,0.0,1004.6,1003.9,1003.4,0,25.5,24.1,24.9,24.6,23.9,23.7,95,94,92,43,1.7,1.0,N,AM,CRMN MANAUS,S103,-3.02249999,-60.05555555,-9999.0
3136,2018-05-07,16:00,0.0,1004.3,1005.2,1004.8,0,28.6,23.6,27.8,26.9,24.3,23.6,85,78,74,55,1.5,0.0,N,AM,CRMN MANAUS,S103,-3.02249999,-60.05555555,-9999.0
3137,2018-05-07,20:00,0.0,1001.6,1002.5,1002.1,0,26.4,23.3,27.4,26.9,24.1,23.5,84,81,83,48,3.1,1.0,N,AM,CRMN MANAUS,S103,-3.02249999,-60.05555555,-9999.0
3138,2018-05-08,00:00,0.0,1003.2,1002.8,1002.5,0,24.3,22.6,25.3,24.7,23.2,22.9,90,88,90,45,1.6,0.0,N,AM,CRMN MANAUS,S103,-3.02249999,-60.05555555,-9999.0
3139,2018-05-08,04:00,0.0,1003.9,1004.3,1003.8,0,23.9,22.6,24.1,23.9,22.7,22.5,92,92,92,41,0.8,0.0,N,AM,CRMN MANAUS,S103,-3.02249999,-60.05555555,-9999.0
3140,2018-05-08,08:00,-9999.0,-9999.0,-9999.0,-9999.0,-9999,-9999.0,-9999.0,-9999.0,-9999.0,-9999.0,-9999.0,-9999,-9999,-9999,-9999,-9999.0,-9999.0,N,AM,CRMN MANAUS,S103,-3.02249999,-60.05555555,-9999.0
3141,2018-05-08,12:00,0.0,1004.2,1003.2,1002.5,0,24.2,22.2,23.1,22.9,22.0,21.8,94,94,89,40,2.0,1.0,N,AM,CRMN MANAUS,S103,-3.02249999,-60.05555555,-9999.0
3142,2018-05-08,16:00,0.0,1003.7,1004.8,1004.6,0,28.7,22.7,27.5,26.5,22.9,22.2,79,74,70,58,1.9,1.0,N,AM,CRMN MANAUS,S103,-3.02249999,-60.05555555,-9999.0
3143,2018-05-08,20:00,0.0,999.7,1000.6,999.6,0,27.7,24.5,31.3,30.0,23.2,21.9,65,59,83,54,2.5,1.0,N,AM,CRMN MANAUS,S103,-3.02249999,-60.05555555,-9999.0
3144,2018-05-09,00:00,0.0,1001.7,1001.1,1000.8,0,24.0,22.7,24.1,23.9,22.9,22.7,93,93,92,44,1.8,0.0,N,AM,CRMN MANAUS,S103,-3.02249999,-60.05555555,-9999.0
3145,2018-05-09,04:00,0.0,1002.8,1004.0,1003.5,0,23.7,22.7,23.9,23.8,22.8,22.6,94,93,94,44,0.0,0.0,N,AM,CRMN MANAUS,S103,-3.02249999,-60.05555555,-9999.0
3146,2018-05-09,08:00,0.0,1001.8,1001.8,1001.6,0,23.4,22.5,23.5,23.2,22.5,22.2,94,94,95,43,0.0,0.0,N,AM,CRMN MANAUS,S103,-3.02249999,-60.05555555,-9999.0
3147,2018-05-09,12:00,0.0,1004.2,1003.2,1002.4,0,25.1,23.1,23.8,23.5,22.9,22.6,95,95,88,45,0.0,0.0,N,AM,CRMN MANAUS,S103,-3.02249999,-60.05555555,-9999.0
3148,2018-05-09,16:00,0.0,1003.0,1004.8,1004.3,0,31.9,22.4,30.3,28.7,23.8,22.5,73,65,57,70,2.9,1.0,N,AM,CRMN MANAUS,S103,-3.02249999,-60.05555555,-9999.0
3149,2018-05-09,20:00,0.0,999.2,1000.5,999.2,0,28.8,22.9,31.9,29.5,24.1,21.7,72,57,70,50,6.6,4.0,N,AM,CRMN MANAUS,S103,-3.02249999,-60.05555555,-9999.0
3150,2018-05-10,00:00,0.0,1001.9,1001.1,1000.0,0,25.7,22.8,27.6,26.5,23.0,22.3,81,73,84,45,0.9,0.0,N,AM,CRMN MANAUS,S103,-3.02249999,-60.05555555,-9999.0
3151,2018-05-10,04:00,0.0,1002.6,1003.3,1003.0,0,24.0,22.7,25.1,24.3,23.0,22.7,91,88,92,39,1.1,0.0,N,AM,CRMN MANAUS,S103,-3.02249999,-60.05555555,-9999.0
3152,2018-05-10,08:00,0.0,1001.7,1001.7,1001.6,0,23.8,22.6,24.1,23.8,22.6,22.4,93,91,93,38,0.6,0.0,N,AM,CRMN MANAUS,S103,-3.02249999,-60.05555555,-9999.0
3153,2018-05-10,12:00,0.0,1004.5,1003.4,1002.3,0,24.8,23.0,23.9,23.6,22.9,22.6,94,94,90,39,1.0,0.0,N,AM,CRMN MANAUS,S103,-3.02249999,-60.05555555,-9999.0
3154,2018-05-10,16:00,0.0,1003.5,1005.0,1004.6,0,28.4,23.9,27.7,26.9,23.5,22.8,79,76,77,50,1.6,0.0,N,AM,CRMN MANAUS,S103,-3.02249999,-60.05555555,-9999.0
3155,2018-05-10,20:00,0.0,1000.8,1001.2,1000.4,0,26.7,22.7,30.4,29.1,24.2,22.7,75,66,78,54,4.0,3.0,N,AM,CRMN MANAUS,S103,-3.02249999,-60.05555555,-9999.0
3156,2018-05-11,00:00,0.0,1001.8,1001.5,1000.8,0,24.2,22.4,24.5,23.9,22.7,22.4,92,89,90,38,2.4,1.0,N,AM,CRMN MANAUS,S103,-3.02249999,-60.05555555,-9999.0
3157,2018-05-11,04:00,0.0,1002.7,1003.1,1002.8,0,23.3,21.8,23.8,23.6,22.2,21.9,91,90,91,39,0.8,0.0,N,AM,CRMN MANAUS,S103,-3.02249999,-60.05555555,-9999.0
3158,2018-05-11,08:00,0.0,1001.7,1001.7,1001.5,0,22.8,21.5,23.0,22.9,21.6,21.5,92,91,92,37,0.0,0.0,N,AM,CRMN MANAUS,S103,-3.02249999,-60.05555555,-9999.0
3159,2018-05-11,12:00,0.0,1004.8,1003.8,1002.9,0,27.1,22.7,24.3,22.7,22.2,21.5,93,87,77,42,1.4,0.0,N,AM,CRMN MANAUS,S103,-3.02249999,-60.05555555,-9999.0
3160,2018-05-11,16:00,0.0,1003.4,1005.1,1004.7,0,30.8,22.9,30.7,29.5,22.8,21.5,67,60,63,58,3.3,0.0,N,AM,CRMN MANAUS,S103,-3.02249999,-60.05555555,-9999.0
3161,2018-05-11,20:00,0.0,1000.1,1001.5,1000.2,0,28.5,23.2,31.4,28.0,24.3,22.3,78,61,73,60,2.0,0.0,N,AM,CRMN MANAUS,S103,-3.02249999,-60.05555555,-9999.0
3162,2018-05-12,00:00,-9999.0,-9999.0,-9999.0,-9999.0,-9999,-9999.0,-9999.0,-9999.0,-9999.0,-9999.0,-9999.0,-9999,-9999,-9999,-9999,-9999.0,-9999.0,N,AM,CRMN MANAUS,S103,-3.02249999,-60.05555555,-9999.0
3163,2018-05-12,04:00,-9999.0,-9999.0,-9999.0,-9999.0,-9999,-9999.0,-9999.0,-9999.0,-9999.0,-9999.0,-9999.0,-9999,-9999,-9999,-9999,-9999.0,-9999.0,N,AM,CRMN MANAUS,S103,-3.02249999,-60.05555555,-9999.0
3164,2018-05-12,08:00,-9999.0,-9999.0,-9999.0,-9999.0,-9999,-9999.0,-9999.0,-9999.0,-9999.0,-9999.0,-9999.0,-9999,-9999,-9999,-9999,-9999.0,-9999.0,N,AM,CRMN MANAUS,S103,-3.02249999,-60.05555555,-9999.0
3165,2018-05-12,12:00,-9999.0,-9999.0,-9999.0,-9999.0,-9999,-9999.0,-9999.0,-9999.0,-9999.0,-9999.0,-9999.0,-9999,-9999,-9999,-9999,-9999.0,-9999.0,N,AM,CRMN MANAUS,S103,-3.02249999,-60.05555555,-9999.0
3166,2018-05-12,16:00,0.0,1002.3,1004.3,1003.4,0,28.8,24.3,30.4,28.6,24.3,23.2,74,68,77,52,3.3,1.0,N,AM,CRMN MANAUS,S103,-3.02249999,-60.05555555,-9999.0
3167,2018-05-12,20:00,0.0,1001.3,1001.9,1001.3,0,23.5,22.6,23.7,23.4,22.8,22.4,95,94,95,39,2.1,0.0,N,AM,CRMN MANAUS,S103,-3.02249999,-60.05555555,-9999.0
3168,2018-05-13,00:00,0.0,1002.4,1002.4,1001.9,0,23.9,22.6,23.7,23.4,22.5,22.3,94,93,93,39,1.4,0.0,N,AM,CRMN MANAUS,S103,-3.02249999,-60.05555555,-9999.0
3169,2018-05-13,04:00,0.0,1003.0,1003.0,1002.7,0,23.5,22.5,23.8,23.6,22.5,22.4,93,93,94,39,0.1,0.0,N,AM,CRMN MANAUS,S103,-3.02249999,-60.05555555,-9999.0
3170,2018-05-13,08:00,0.0,1001.5,1001.6,1001.2,0,23.1,22.2,23.2,23.1,22.3,22.2,95,95,95,39,0.5,0.0,N,AM,CRMN MANAUS,S103,-3.02249999,-60.05555555,-9999.0
3171,2018-05-13,12:00,0.0,1003.6,1002.8,1002.3,0,25.6,22.1,24.0,23.2,22.4,22.2,94,91,81,38,3.1,2.0,N,AM,CRMN MANAUS,S103,-3.02249999,-60.05555555,-9999.0
3172,2018-05-13,16:00,0.0,1002.3,1003.8,1003.5,0,30.1,22.2,29.6,28.3,23.1,21.9,71,66,63,57,4.7,2.0,N,AM,CRMN MANAUS,S103,-3.02249999,-60.05555555,-9999.0
3173,2018-05-13,20:00,0.0,997.9,999.5,998.4,0,30.4,21.7,32.0,30.1,23.6,22.0,65,58,60,69,3.2,1.0,N,AM,CRMN MANAUS,S103,-3.02249999,-60.05555555,-9999.0
3174,2018-05-14,00:00,0.0,999.1,998.3,997.9,0,27.5,22.8,28.6,27.8,22.9,22.5,73,71,76,59,1.6,0.0,N,AM,CRMN MANAUS,S103,-3.02249999,-60.05555555,-9999.0
3175,2018-05-14,04:00,0.0,1001.1,1001.9,1001.7,0,25.6,23.7,26.4,25.6,24.0,23.7,90,86,89,52,0.0,0.0,N,AM,CRMN MANAUS,S103,-3.02249999,-60.05555555,-9999.0
3176,2018-05-14,08:00,0.0,1000.1,1000.2,999.7,0,25.9,23.2,26.4,26.0,23.3,23.2,85,83,85,45,1.4,0.0,N,AM,CRMN MANAUS,S103,-3.02249999,-60.05555555,-9999.0
3177,2018-05-14,12:00,0.0,1003.1,1001.8,1001.1,0,24.3,22.1,24.9,24.4,23.7,23.2,94,93,88,44,5.2,3.0,N,AM,CRMN MANAUS,S103,-3.02249999,-60.05555555,-9999.0
3178,2018-05-14,16:00,0.0,1002.4,1004.0,1003.1,0,26.2,22.6,24.5,23.2,22.3,21.5,90,86,80,46,1.8,1.0,N,AM,CRMN MANAUS,S103,-3.02249999,-60.05555555,-9999.0
3179,2018-05-14,20:00,0.0,998.4,999.9,999.2,0,28.5,23.7,29.4,27.6,23.9,22.5,80,67,75,57,2.8,1.0,N,AM,CRMN MANAUS,S103,-3.02249999,-60.05555555,-9999.0
3180,2018-05-15,00:00,0.0,1000.6,999.7,999.3,0,25.7,23.7,26.0,25.5,23.5,23.3,88,85,88,52,1.2,0.0,N,AM,CRMN MANAUS,S103,-3.02249999,-60.05555555,-9999.0
3181,2018-05-15,04:00,0.0,1002.4,1002.7,1002.4,0,24.6,23.6,25.0,24.8,23.8,23.7,94,93,94,48,0.0,0.0,N,AM,CRMN MANAUS,S103,-3.02249999,-60.05555555,-9999.0
3182,2018-05-15,08:00,0.0,1000.6,1001.1,1000.7,0,24.0,23.1,24.3,24.1,23.3,23.2,95,94,95,46,0.0,0.0,N,AM,CRMN MANAUS,S103,-3.02249999,-60.05555555,-9999.0
3183,2018-05-15,12:00,0.0,1003.2,1002.4,1001.7,0,24.5,23.1,23.7,23.6,22.8,22.7,95,95,92,45,0.3,0.0,N,AM,CRMN MANAUS,S103,-3.02249999,-60.05555555,-9999.0
3184,2018-05-15,16:00,0.0,1003.8,1004.3,1004.0,0,23.6,22.1,27.1,26.7,23.7,23.3,83,80,91,43,7.6,2.0,N,AM,CRMN MANAUS,S103,-3.02249999,-60.05555555,-9999.0
3185,2018-05-15,20:00,0.0,999.9,1001.4,1000.4,0,24.5,22.8,24.0,23.5,22.5,22.2,93,91,90,43,1.8,0.0,N,AM,CRMN MANAUS,S103,-3.02249999,-60.05555555,-9999.0
3186,2018-05-16,00:00,0.0,1001.0,1000.5,999.8,0,23.6,22.5,24.5,24.0,22.9,22.7,93,90,94,44,0.0,0.0,N,AM,CRMN MANAUS,S103,-3.02249999,-60.05555555,-9999.0
3187,2018-05-16,04:00,0.0,1002.7,1003.1,1002.7,0,23.5,22.5,23.3,23.2,22.3,22.2,94,94,94,44,0.7,0.0,N,AM,CRMN MANAUS,S103,-3.02249999,-60.05555555,-9999.0
3188,2018-05-16,08:00,0.0,1001.8,1002.0,1001.9,0,23.7,22.7,23.6,23.4,22.7,22.4,94,94,95,45,0.0,0.0,N,AM,CRMN MANAUS,S103,-3.02249999,-60.05555555,-9999.0
3189,2018-05-16,12:00,0.0,1004.2,1003.3,1002.5,0,24.7,23.3,23.8,22.2,22.8,21.1,94,94,91,45,2.2,0.0,N,AM,CRMN MANAUS,S103,-3.02249999,-60.05555555,-9999.0
3190,2018-05-16,16:00,0.0,1003.6,1004.8,1004.2,0,28.0,22.8,27.8,26.3,23.3,22.4,81,74,73,63,1.1,0.0,N,AM,CRMN MANAUS,S103,-3.02249999,-60.05555555,-9999.0
3191,2018-05-16,20:00,0.0,1000.1,1001.0,1000.1,0,28.0,23.0,30.4,28.0,23.4,22.0,75,62,74,59,2.4,0.0,N,AM,CRMN MANAUS,S103,-3.02249999,-60.05555555,-9999.0
3192,2018-05-17,00:00,0.0,1000.8,1000.2,999.6,0,26.4,22.9,27.0,25.8,23.3,22.9,86,79,81,52,1.7,0.0,N,AM,CRMN MANAUS,S103,-3.02249999,-60.05555555,-9999.0
3193,2018-05-17,04:00,0.0,1002.6,1002.8,1002.4,0,24.9,23.0,25.4,24.8,23.1,23.1,90,87,89,49,1.5,0.0,N,AM,CRMN MANAUS,S103,-3.02249999,-60.05555555,-9999.0
3194,2018-05-17,08:00,0.0,1001.4,1001.8,1001.5,0,24.2,22.7,24.6,24.2,22.7,22.5,90,89,92,46,1.5,0.0,N,AM,CRMN MANAUS,S103,-3.02249999,-60.05555555,-9999.0
3195,2018-05-17,12:00,0.0,1003.1,1002.4,1002.0,0,26.3,22.5,24.5,23.7,22.7,22.3,92,88,80,45,2.6,1.0,N,AM,CRMN MANAUS,S103,-3.02249999,-60.05555555,-9999.0
3196,2018-05-17,16:00,0.0,1002.0,1003.4,1003.0,0,29.8,21.6,30.0,28.4,23.0,21.4,72,61,62,65,3.4,2.0,N,AM,CRMN MANAUS,S103,-3.02249999,-60.05555555,-9999.0
3197,2018-05-17,20:00,0.0,997.3,999.1,998.1,0,30.6,21.6,31.3,29.8,23.1,21.9,64,58,59,68,3.0,2.0,N,AM,CRMN MANAUS,S103,-3.02249999,-60.05555555,-9999.0
3198,2018-05-18,00:00,0.0,999.7,998.9,998.1,0,27.1,22.7,28.3,27.5,22.6,21.9,75,68,77,58,1.9,0.0,N,AM,CRMN MANAUS,S103,-3.02249999,-60.05555555,-9999.0
3199,2018-05-18,04:00,0.0,1001.7,1001.9,1001.5,0,24.8,23.2,25.8,25.4,23.4,23.2,89,86,91,51,0.6,0.0,N,AM,CRMN MANAUS,S103,-3.02249999,-60.05555555,-9999.0
3200,2018-05-18,08:00,0.0,1000.2,1000.6,1000.2,0,23.8,22.8,24.3,24.0,23.0,22.6,93,92,94,46,0.0,0.0,N,AM,CRMN MANAUS,S103,-3.02249999,-60.05555555,-9999.0
3201,2018-05-18,12:00,0.0,1002.3,1001.5,1001.0,0,26.4,23.0,25.0,23.7,23.0,22.6,94,87,82,51,0.7,0.0,N,AM,CRMN MANAUS,S103,-3.02249999,-60.05555555,-9999.0
3202,2018-05-18,16:00,0.0,1001.0,1002.7,1002.1,0,31.6,22.1,31.9,29.6,23.4,22.2,69,57,57,72,3.7,1.0,N,AM,CRMN MANAUS,S103,-3.02249999,-60.05555555,-9999.0
3203,2018-05-18,20:00,0.0,997.7,998.8,998.0,0,29.1,23.8,33.0,31.0,24.4,22.2,64,56,73,72,2.5,1.0,N,AM,CRMN MANAUS,S103,-3.02249999,-60.05555555,-9999.0
3204,2018-05-19,00:00,0.0,999.3,998.3,997.9,0,26.9,23.4,28.2,27.4,23.6,22.5,78,73,81,55,1.8,1.0,N,AM,CRMN MANAUS,S103,-3.02249999,-60.05555555,-9999.0
3205,2018-05-19,04:00,0.0,1001.6,1001.4,1001.3,0,26.0,22.7,26.3,26.0,23.4,22.9,84,83,82,51,2.0,0.0,N,AM,CRMN MANAUS,S103,-3.02249999,-60.05555555,-9999.0
3206,2018-05-19,08:00,0.0,1000.8,1000.8,1000.1,0,24.5,22.2,25.4,24.9,22.6,22.4,87,84,87,48,0.6,0.0,N,AM,CRMN MANAUS,S103,-3.02249999,-60.05555555,-9999.0
3207,2018-05-19,12:00,0.0,1003.6,1002.6,1002.0,0,26.6,22.8,25.6,24.4,22.7,22.3,88,83,80,55,0.7,0.0,N,AM,CRMN MANAUS,S103,-3.02249999,-60.05555555,-9999.0
3208,2018-05-19,16:00,0.0,1002.9,1004.2,1004.0,0,30.7,23.4,30.3,29.8,23.5,22.3,69,63,65,69,2.8,0.0,N,AM,CRMN MANAUS,S103,-3.02249999,-60.05555555,-9999.0
3209,2018-05-19,20:00,0.0,998.4,1000.2,999.4,0,30.1,23.2,31.3,30.1,23.3,21.7,66,58,67,63,3.1,1.0,N,AM,CRMN MANAUS,S103,-3.02249999,-60.05555555,-9999.0
3210,2018-05-20,00:00,0.0,1000.6,999.4,999.1,0,26.7,22.8,27.3,26.8,22.6,22.2,77,74,79,54,0.6,0.0,N,AM,CRMN MANAUS,S103,-3.02249999,-60.05555555,-9999.0
3211,2018-05-20,04:00,0.0,1003.1,1003.1,1002.8,0,25.5,23.1,26.6,25.8,23.4,23.1,87,81,86,49,1.3,0.0,N,AM,CRMN MANAUS,S103,-3.02249999,-60.05555555,-9999.0
3212,2018-05-20,08:00,0.0,1001.1,1001.9,1001.4,0,25.1,22.7,25.1,24.6,23.0,22.7,90,87,86,44,0.5,0.0,N,AM,CRMN MANAUS,S103,-3.02249999,-60.05555555,-9999.0
3213,2018-05-20,12:00,0.0,1003.3,1002.0,1001.3,0,27.8,23.2,25.3,24.6,23.3,23.0,91,89,76,47,1.3,0.0,N,AM,CRMN MANAUS,S103,-3.02249999,-60.05555555,-9999.0
3214,2018-05-20,16:00,0.0,1004.5,1003.4,1003.0,0,22.7,21.3,30.1,29.3,23.2,22.3,68,65,92,40,8.4,3.0,N,AM,CRMN MANAUS,S103,-3.02249999,-60.05555555,-9999.0
3215,2018-05-20,20:00,0.0,999.3,1001.6,999.6,0,24.8,21.6,23.4,22.7,22.2,21.7,94,93,83,43,1.9,0.0,N,AM,CRMN MANAUS,S103,-3.02249999,-60.05555555,-9999.0
3216,2018-05-21,00:00,0.0,1001.1,1000.7,999.6,0,23.4,22.2,24.3,23.9,22.2,22.0,90,87,93,39,1.1,0.0,N,AM,CRMN MANAUS,S103,-3.02249999,-60.05555555,-9999.0
3217,2018-05-21,04:00,-9999.0,-9999.0,-9999.0,-9999.0,-9999,-9999.0,-9999.0,-9999.0,-9999.0,-9999.0,-9999.0,-9999,-9999,-9999,-9999,-9999.0,-9999.0,N,AM,CRMN MANAUS,S103,-3.02249999,-60.05555555,-9999.0
3218,2018-05-21,08:00,0.0,1000.5,1000.8,1000.5,0,22.5,21.6,23.2,22.9,22.2,21.8,94,94,95,37,0.0,0.0,N,AM,CRMN MANAUS,S103,-3.02249999,-60.05555555,-9999.0
3219,2018-05-21,12:00,0.0,1002.5,1002.1,1001.6,0,23.9,23.0,22.7,22.3,21.8,21.4,95,95,95,40,0.4,0.0,N,AM,CRMN MANAUS,S103,-3.02249999,-60.05555555,-9999.0
3220,2018-05-21,16:00,0.0,1001.5,1002.9,1002.6,0,28.5,23.4,27.9,26.9,23.4,22.7,80,75,74,49,1.8,1.0,N,AM,CRMN MANAUS,S103,-3.02249999,-60.05555555,-9999.0
3221,2018-05-21,20:00,0.0,999.4,999.6,998.7,0,28.3,23.6,28.6,26.4,24.3,23.5,87,75,76,51,3.0,2.0,N,AM,CRMN MANAUS,S103,-3.02249999,-60.05555555,-9999.0
3222,2018-05-22,00:00,0.0,1002.4,1001.1,999.8,0,23.8,22.4,24.2,23.9,22.4,22.3,91,89,92,43,1.1,0.0,N,AM,CRMN MANAUS,S103,-3.02249999,-60.05555555,-9999.0
3223,2018-05-22,04:00,0.0,1002.5,1002.6,1002.3,0,23.9,22.7,24.2,24.0,22.9,22.6,92,92,93,42,0.0,0.0,N,AM,CRMN MANAUS,S103,-3.02249999,-60.05555555,-9999.0
3224,2018-05-22,08:00,0.0,1001.4,1001.7,1001.2,0,24.2,22.9,24.0,23.8,22.9,22.8,94,94,92,40,2.1,0.0,N,AM,CRMN MANAUS,S103,-3.02249999,-60.05555555,-9999.0
3225,2018-05-22,12:00,0.0,1004.2,1003.1,1002.3,0,25.3,22.9,24.5,24.0,23.0,22.7,92,91,87,38,2.7,1.0,N,AM,CRMN MANAUS,S103,-3.02249999,-60.05555555,-9999.0
3226,2018-05-22,16:00,0.0,1003.2,1004.9,1004.2,0,28.5,23.1,27.9,26.7,23.4,22.1,81,72,72,54,3.2,2.0,N,AM,CRMN MANAUS,S103,-3.02249999,-60.05555555,-9999.0
3227,2018-05-22,20:00,0.0,1000.6,1000.7,1000.1,0,26.6,22.5,31.4,30.4,23.5,22.1,65,58,79,59,3.4,2.0,N,AM,CRMN MANAUS,S103,-3.02249999,-60.05555555,-9999.0
3228,2018-05-23,00:00,0.0,1003.5,1003.0,1002.3,0,22.6,21.6,22.8,22.6,21.9,21.7,95,94,94,42,1.8,0.0,N,AM,CRMN MANAUS,S103,-3.02249999,-60.05555555,-9999.0
3229,2018-05-23,04:00,0.0,1003.7,1004.3,1003.9,0,22.9,21.9,22.8,22.5,21.9,21.6,95,95,95,43,0.0,0.0,N,AM,CRMN MANAUS,S103,-3.02249999,-60.05555555,-9999.0
3230,2018-05-23,08:00,0.0,1003.3,1002.9,1002.5,0,22.5,21.6,22.9,22.7,22.0,21.8,95,95,95,42,1.4,0.0,N,AM,CRMN MANAUS,S103,-3.02249999,-60.05555555,-9999.0
3231,2018-05-23,12:00,0.0,1004.9,1004.2,1003.6,0,25.4,22.4,23.3,22.3,22.0,21.4,95,90,83,49,1.8,0.0,N,AM,CRMN MANAUS,S103,-3.02249999,-60.05555555,-9999.0
3232,2018-05-23,16:00,0.0,1005.0,1006.2,1006.0,0,28.8,23.6,28.8,27.5,22.8,21.2,75,65,74,60,2.5,1.0,N,AM,CRMN MANAUS,S103,-3.02249999,-60.05555555,-9999.0
3233,2018-05-23,20:00,0.0,1002.0,1002.4,1001.7,0,23.6,21.6,30.4,28.7,23.5,21.8,72,62,88,54,8.6,4.0,N,AM,CRMN MANAUS,S103,-3.02249999,-60.05555555,-9999.0
3234,2018-05-24,00:00,0.0,1003.8,1003.4,1002.6,0,23.4,21.5,23.4,23.3,21.4,20.9,89,86,89,48,1.6,0.0,N,AM,CRMN MANAUS,S103,-3.02249999,-60.05555555,-9999.0
3235,2018-05-24,04:00,0.0,1005.0,1005.1,1004.8,0,23.5,22.0,23.9,23.5,21.9,21.8,90,88,91,50,1.0,0.0,N,AM,CRMN MANAUS,S103,-3.02249999,-60.05555555,-9999.0
3236,2018-05-24,08:00,0.0,1004.0,1004.1,1003.8,0,23.1,21.7,23.1,23.0,21.8,21.7,93,93,92,46,1.4,0.0,N,AM,CRMN MANAUS,S103,-3.02249999,-60.05555555,-9999.0
3237,2018-05-24,12:00,0.0,1004.9,1004.8,1004.3,0,25.4,23.0,23.7,23.0,21.7,21.4,91,89,87,49,1.6,0.0,N,AM,CRMN MANAUS,S103,-3.02249999,-60.05555555,-9999.0
3238,2018-05-24,16:00,0.0,1004.5,1005.3,1004.9,0,30.3,23.4,30.0,28.6,22.9,22.1,71,63,67,77,3.8,1.0,N,AM,CRMN MANAUS,S103,-3.02249999,-60.05555555,-9999.0
3239,2018-05-24,20:00,0.0,1000.3,1001.7,1000.9,0,30.7,21.5,31.5,30.4,22.1,20.7,61,53,58,80,3.4,1.0,N,AM,CRMN MANAUS,S103,-3.02249999,-60.05555555,-9999.0
3240,2018-05-25,00:00,0.0,1002.6,1002.1,1001.2,0,27.4,22.3,28.6,28.0,22.5,21.9,72,67,74,64,2.0,0.0,N,AM,CRMN MANAUS,S103,-3.02249999,-60.05555555,-9999.0
3241,2018-05-25,04:00,0.0,1003.7,1004.3,1004.0,0,25.8,22.9,27.0,25.8,23.1,22.3,85,75,84,59,1.4,0.0,N,AM,CRMN MANAUS,S103,-3.02249999,-60.05555555,-9999.0
3242,2018-05-25,08:00,0.0,1001.9,1002.5,1001.9,0,25.2,22.3,25.6,25.4,23.0,22.5,86,84,84,55,1.7,0.0,N,AM,CRMN MANAUS,S103,-3.02249999,-60.05555555,-9999.0
3243,2018-05-25,12:00,0.0,1003.7,1003.2,1002.6,0,26.0,23.4,25.0,24.8,23.1,22.5,89,86,85,54,1.4,0.0,N,AM,CRMN MANAUS,S103,-3.02249999,-60.05555555,-9999.0
3244,2018-05-25,16:00,0.0,1002.9,1004.5,1003.9,0,30.9,22.5,30.4,28.4,24.1,23.2,75,68,61,76,4.9,2.0,N,AM,CRMN MANAUS,S103,-3.02249999,-60.05555555,-9999.0
3245,2018-05-25,20:00,0.0,999.3,1000.6,999.6,0,30.3,21.8,31.4,30.3,23.0,21.0,63,57,60,76,3.5,2.0,N,AM,CRMN MANAUS,S103,-3.02249999,-60.05555555,-9999.0
3246,2018-05-26,00:00,0.0,1001.6,1001.0,1000.1,0,26.7,23.2,28.8,27.0,23.1,21.8,79,66,81,68,1.2,0.0,N,AM,CRMN MANAUS,S103,-3.02249999,-60.05555555,-9999.0
3247,2018-05-26,04:00,0.0,1002.6,1003.0,1002.8,0,24.6,22.8,25.7,25.1,23.2,22.9,88,86,90,60,0.5,0.0,N,AM,CRMN MANAUS,S103,-3.02249999,-60.05555555,-9999.0
3248,2018-05-26,08:00,0.0,1001.0,1001.5,1001.1,0,23.8,22.5,24.4,24.1,22.6,22.4,90,90,93,55,0.0,0.0,N,AM,CRMN MANAUS,S103,-3.02249999,-60.05555555,-9999.0
3249,2018-05-26,12:00,0.0,1003.8,1003.5,1002.1,0,22.7,21.6,24.2,22.2,23.1,20.7,94,89,93,48,1.5,0.0,N,AM,CRMN MANAUS,S103,-3.02249999,-60.05555555,-9999.0
3250,2018-05-26,16:00,0.0,1002.7,1003.8,1003.5,0,25.6,23.1,26.0,24.3,23.4,22.5,91,83,86,55,3.8,2.0,N,AM,CRMN MANAUS,S103,-3.02249999,-60.05555555,-9999.0
3251,2018-05-26,20:00,0.0,999.2,1000.3,999.8,0,26.8,23.4,26.8,26.3,23.8,23.1,86,81,82,60,1.9,1.0,N,AM,CRMN MANAUS,S103,-3.02249999,-60.05555555,-9999.0
3252,2018-05-27,00:00,0.0,1001.8,1000.9,999.9,0,25.7,23.2,26.1,25.5,23.7,23.5,89,86,86,60,1.1,0.0,N,AM,CRMN MANAUS,S103,-3.02249999,-60.05555555,-9999.0
3253,2018-05-27,04:00,0.0,1002.2,1002.7,1002.5,0,24.8,23.5,25.0,24.8,23.6,23.4,92,92,93,56,0.0,0.0,N,AM,CRMN MANAUS,S103,-3.02249999,-60.05555555,-9999.0
3254,2018-05-27,08:00,0.0,1000.7,1001.1,1000.7,0,24.2,23.3,24.5,24.2,23.5,23.3,94,94,95,54,0.1,0.0,N,AM,CRMN MANAUS,S103,-3.02249999,-60.05555555,-9999.0
3255,2018-05-27,12:00,0.0,1003.5,1002.6,1002.0,0,25.5,24.4,24.7,24.1,23.9,23.2,95,95,94,56,0.0,0.0,N,AM,CRMN MANAUS,S103,-3.02249999,-60.05555555,-9999.0
3256,2018-05-27,16:00,0.0,1002.8,1004.1,1003.5,0,29.8,23.6,30.0,28.8,24.7,23.1,77,69,69,72,2.9,1.0,N,AM,CRMN MANAUS,S103,-3.02249999,-60.05555555,-9999.0
3257,2018-05-27,20:00,0.0,999.8,1000.7,1000.3,0,26.2,22.0,31.5,28.3,23.2,22.2,71,60,78,61,3.8,1.0,N,AM,CRMN MANAUS,S103,-3.02249999,-60.05555555,-9999.0
3258,2018-05-28,00:00,0.0,1002.4,1001.3,1000.8,0,25.1,22.5,25.7,25.2,22.3,22.1,84,81,85,59,1.5,0.0,N,AM,CRMN MANAUS,S103,-3.02249999,-60.05555555,-9999.0
3259,2018-05-28,04:00,0.0,1003.6,1003.7,1003.5,0,24.6,22.4,25.3,24.9,22.3,22.0,85,82,87,56,0.2,0.0,N,AM,CRMN MANAUS,S103,-3.02249999,-60.05555555,-9999.0
3260,2018-05-28,08:00,0.0,1002.0,1002.1,1001.8,0,23.8,22.5,24.1,23.7,22.3,22.2,92,90,93,52,0.6,0.0,N,AM,CRMN MANAUS,S103,-3.02249999,-60.05555555,-9999.0
3261,2018-05-28,12:00,0.0,1004.5,1003.5,1002.8,0,24.8,22.9,24.5,23.9,22.4,22.3,91,88,89,53,0.0,0.0,N,AM,CRMN MANAUS,S103,-3.02249999,-60.05555555,-9999.0
3262,2018-05-28,16:00,0.0,1003.6,1005.6,1004.6,0,25.4,22.1,24.6,23.2,22.7,21.7,92,87,82,54,3.2,0.0,N,AM,CRMN MANAUS,S103,-3.02249999,-60.05555555,-9999.0
3263,2018-05-28,20:00,0.0,1000.3,1001.4,1000.6,0,28.0,24.1,27.4,26.3,24.2,23.5,86,82,79,64,1.4,0.0,N,AM,CRMN MANAUS,S103,-3.02249999,-60.05555555,-9999.0
3264,2018-05-29,00:00,0.0,1002.8,1001.6,1000.9,0,25.4,23.6,26.4,25.7,24.1,23.7,89,87,90,57,0.5,0.0,N,AM,CRMN MANAUS,S103,-3.02249999,-60.05555555,-9999.0
3265,2018-05-29,04:00,0.0,1003.7,1004.1,1003.9,0,24.5,23.3,24.9,24.5,23.6,23.2,93,92,93,52,0.0,0.0,N,AM,CRMN MANAUS,S103,-3.02249999,-60.05555555,-9999.0
3266,2018-05-29,08:00,0.0,1001.7,1002.5,1001.8,0,23.7,22.8,23.8,23.7,22.9,22.7,95,94,95,49,0.0,0.0,N,AM,CRMN MANAUS,S103,-3.02249999,-60.05555555,-9999.0
3267,2018-05-29,12:00,0.0,1004.0,1003.2,1002.6,0,24.2,23.4,23.7,23.5,22.9,22.7,95,95,95,47,1.5,0.0,N,AM,CRMN MANAUS,S103,-3.02249999,-60.05555555,-9999.0
3268,2018-05-29,16:00,0.0,1003.4,1004.4,1004.1,0,29.1,22.9,28.7,27.0,24.0,23.4,83,73,69,61,3.0,1.0,N,AM,CRMN MANAUS,S103,-3.02249999,-60.05555555,-9999.0
3269,2018-05-29,20:00,0.0,999.5,1000.9,1000.2,0,30.6,23.3,32.0,29.1,23.8,22.1,73,57,65,70,1.8,1.0,N,AM,CRMN MANAUS,S103,-3.02249999,-60.05555555,-9999.0
3270,2018-05-30,00:00,0.0,1002.2,1001.7,1000.4,0,24.3,23.2,27.9,27.2,24.4,24.1,85,80,93,56,5.8,0.0,N,AM,CRMN MANAUS,S103,-3.02249999,-60.05555555,-9999.0
3271,2018-05-30,04:00,0.0,1003.5,1003.7,1003.4,0,24.4,23.4,24.5,24.0,23.5,23.0,94,94,94,53,0.4,0.0,N,AM,CRMN MANAUS,S103,-3.02249999,-60.05555555,-9999.0
3272,2018-05-30,08:00,0.0,1001.6,1002.2,1001.7,0,24.2,23.1,24.4,24.2,23.3,23.0,94,93,94,50,0.1,0.0,N,AM,CRMN MANAUS,S103,-3.02249999,-60.05555555,-9999.0
3273,2018-05-30,12:00,-9999.0,-9999.0,-9999.0,-9999.0,-9999,-9999.0,-9999.0,-9999.0,-9999.0,-9999.0,-9999.0,-9999,-9999,-9999,-9999,-9999.0,-9999.0,N,AM,CRMN MANAUS,S103,-3.02249999,-60.05555555,-9999.0
3274,2018-05-30,16:00,0.0,1003.4,1004.7,1004.0,0,28.6,23.2,28.4,26.3,24.0,23.2,84,75,73,64,2.9,1.0,N,AM,CRMN MANAUS,S103,-3.02249999,-60.05555555,-9999.0
3275,2018-05-30,20:00,0.0,999.5,1001.4,1000.1,0,26.3,23.1,26.1,25.7,22.9,22.5,84,82,83,55,2.1,1.0,N,AM,CRMN MANAUS,S103,-3.02249999,-60.05555555,-9999.0
3276,2018-05-31,00:00,0.0,1001.4,1000.7,1000.0,0,24.8,23.1,25.4,25.0,23.0,22.9,88,86,90,52,1.2,0.0,N,AM,CRMN MANAUS,S103,-3.02249999,-60.05555555,-9999.0
3277,2018-05-31,04:00,0.0,1001.6,1001.9,1001.6,0,24.1,22.7,24.5,24.1,23.1,22.7,93,92,92,48,1.4,0.0,N,AM,CRMN MANAUS,S103,-3.02249999,-60.05555555,-9999.0
3278,2018-05-31,08:00,0.0,1000.5,1000.7,1000.4,0,23.2,22.1,23.4,23.0,22.3,22.0,94,93,94,46,0.0,0.0,N,AM,CRMN MANAUS,S103,-3.02249999,-60.05555555,-9999.0
3279,2018-05-31,12:00,0.0,1002.6,1002.0,1001.1,0,25.1,23.0,23.6,23.2,22.5,22.1,94,94,89,47,0.5,0.0,N,AM,CRMN MANAUS,S103,-3.02249999,-60.05555555,-9999.0
3280,2018-05-31,16:00,0.0,1001.7,1003.2,1002.6,0,30.7,23.2,29.6,28.3,23.5,22.2,74,66,64,67,4.1,2.0,N,AM,CRMN MANAUS,S103,-3.02249999,-60.05555555,-9999.0
3281,2018-05-31,20:00,0.0,997.8,999.1,998.2,0,31.2,22.4,31.7,30.8,22.5,21.6,60,56,60,70,3.3,1.0,N,AM,CRMN MANAUS,S103,-3.02249999,-60.05555555,-9999.0
3282,2018-06-01,00:00,0.0,999.6,999.2,998.9,0,26.7,22.8,27.7,27.1,23.4,23.1,80,77,79,60,1.0,0.0,N,AM,CRMN MANAUS,S103,-3.02249999,-60.05555555,-9999.0
3283,2018-06-01,04:00,0.0,1001.0,1001.2,1000.8,0,24.7,22.5,25.4,24.7,23.2,22.7,89,87,88,50,1.5,0.0,N,AM,CRMN MANAUS,S103,-3.02249999,-60.05555555,-9999.0
3284,2018-06-01,08:00,0.0,999.5,999.7,999.4,0,24.4,22.3,24.4,24.1,22.7,22.6,91,90,88,45,1.6,1.0,N,AM,CRMN MANAUS,S103,-3.02249999,-60.05555555,-9999.0
3285,2018-06-01,12:00,0.0,1001.6,1000.9,1000.3,0,27.5,22.3,25.9,24.1,22.6,22.2,89,81,73,51,2.7,2.0,N,AM,CRMN MANAUS,S103,-3.02249999,-60.05555555,-9999.0
3286,2018-06-01,16:00,0.0,1000.8,1001.8,1001.5,0,30.9,22.1,31.5,30.0,23.3,22.3,65,60,60,68,4.6,2.0,N,AM,CRMN MANAUS,S103,-3.02249999,-60.05555555,-9999.0
3287,2018-06-01,20:00,0.0,997.9,999.1,998.3,0,31.4,22.1,32.2,30.9,22.6,21.8,59,55,58,70,3.8,2.0,N,AM,CRMN MANAUS,S103,-3.02249999,-60.05555555,-9999.0
3288,2018-06-02,00:00,0.0,999.4,998.5,998.1,0,28.2,21.5,29.4,28.7,21.7,21.3,65,63,67,55,1.9,0.0,N,AM,CRMN MANAUS,S103,-3.02249999,-60.05555555,-9999.0
3289,2018-06-02,04:00,0.0,1001.2,1001.0,1000.7,0,26.1,22.4,27.8,26.6,22.6,22.1,79,72,80,48,2.0,1.0,N,AM,CRMN MANAUS,S103,-3.02249999,-60.05555555,-9999.0
3290,2018-06-02,08:00,0.0,1000.3,1000.4,1000.1,0,25.5,22.0,25.8,25.5,22.2,22.0,81,80,81,45,1.9,1.0,N,AM,CRMN MANAUS,S103,-3.02249999,-60.05555555,-9999.0
3291,2018-06-02,12:00,0.0,1002.4,1001.6,1001.1,0,28.0,22.9,26.1,24.6,22.6,22.1,86,80,74,49,4.1,3.0,N,AM,CRMN MANAUS,S103,-3.02249999,-60.05555555,-9999.0
3292,2018-06-02,16:00,0.0,1001.5,1002.4,1002.1,0,31.8,22.4,31.7,30.6,22.5,21.2,61,55,57,64,4.3,2.0,N,AM,CRMN MANAUS,S103,-3.02249999,-60.05555555,-9999.0
3293,2018-06-02,20:00,0.0,998.6,999.9,998.9,0,32.1,21.2,32.7,31.7,22.7,21.3,57,53,53,66,2.9,1.0,N,AM,CRMN MANAUS,S103,-3.02249999,-60.05555555,-9999.0
3294,2018-06-03,00:00,0.0,1001.0,1000.0,998.9,0,28.4,21.6,29.7,28.9,21.5,21.2,64,60,67,51,1.4,0.0,N,AM,CRMN MANAUS,S103,-3.02249999,-60.05555555,-9999.0
3295,2018-06-03,04:00,0.0,1003.3,1003.3,1002.9,0,26.0,22.6,27.6,25.7,22.5,22.1,83,72,82,47,0.0,0.0,N,AM,CRMN MANAUS,S103,-3.02249999,-60.05555555,-9999.0
3296,2018-06-03,08:00,0.0,1001.5,1002.0,1001.5,0,25.9,22.2,26.1,24.9,22.6,21.8,87,78,80,44,0.7,0.0,N,AM,CRMN MANAUS,S103,-3.02249999,-60.05555555,-9999.0
3297,2018-06-03,12:00,0.0,1003.9,1003.2,1002.5,0,28.1,23.5,25.6,25.1,22.7,22.3,86,83,76,47,1.2,0.0,N,AM,CRMN MANAUS,S103,-3.02249999,-60.05555555,-9999.0
3298,2018-06-03,16:00,0.0,1003.6,1004.6,1004.4,0,29.5,23.3,30.5,28.9,24.1,22.7,75,63,69,51,4.8,2.0,N,AM,CRMN MANAUS,S103,-3.02249999,-60.05555555,-9999.0
3299,2018-06-03,20:00,0.0,1000.4,1001.6,1000.8,0,31.6,22.3,31.5,30.4,23.4,22.1,64,59,58,61,2.9,1.0,N,AM,CRMN MANAUS,S103,-3.02249999,-60.05555555,-9999.0
3300,2018-06-04,00:00,0.0,1003.2,1001.9,1001.1,0,25.8,22.9,28.8,28.1,23.5,23.1,75,72,84,44,3.7,1.0,N,AM,CRMN MANAUS,S103,-3.02249999,-60.05555555,-9999.0
3301,2018-06-04,04:00,0.0,1004.2,1004.7,1004.4,0,24.8,23.6,25.1,24.4,23.6,23.2,93,91,93,42,0.3,0.0,N,AM,CRMN MANAUS,S103,-3.02249999,-60.05555555,-9999.0
3302,2018-06-04,08:00,0.0,1003.5,1003.4,1003.2,0,24.2,22.9,24.4,24.2,22.9,22.7,92,91,93,37,1.5,0.0,N,AM,CRMN MANAUS,S103,-3.02249999,-60.05555555,-9999.0
3303,2018-06-04,12:00,0.0,1005.2,1004.7,1004.1,0,27.9,23.5,24.6,24.3,22.7,22.5,91,89,77,45,0.0,0.0,N,AM,CRMN MANAUS,S103,-3.02249999,-60.05555555,-9999.0
3304,2018-06-04,16:00,0.0,1004.1,1005.6,1004.8,0,28.6,23.1,29.5,28.0,24.6,23.3,77,72,73,50,4.2,3.0,N,AM,CRMN MANAUS,S103,-3.02249999,-60.05555555,-9999.0
3305,2018-06-04,20:00,0.0,1000.6,1002.1,1001.2,0,29.6,23.4,31.0,29.7,24.0,22.6,69,63,69,53,4.6,3.0,N,AM,CRMN MANAUS,S103,-3.02249999,-60.05555555,-9999.0
3306,2018-06-05,00:00,0.0,1002.1,1001.7,1001.2,0,26.9,22.9,28.0,27.4,23.3,23.0,78,75,79,41,2.6,1.0,N,AM,CRMN MANAUS,S103,-3.02249999,-60.05555555,-9999.0
3307,2018-06-05,04:00,0.0,1003.3,1003.7,1003.5,0,25.9,23.0,26.6,26.3,23.1,22.9,83,80,84,38,2.1,1.0,N,AM,CRMN MANAUS,S103,-3.02249999,-60.05555555,-9999.0
3308,2018-06-05,08:00,0.0,1002.2,1002.4,1002.1,0,25.2,23.1,25.5,25.3,23.1,23.0,88,86,88,35,2.2,1.0,N,AM,CRMN MANAUS,S103,-3.02249999,-60.05555555,-9999.0
3309,2018-06-05,12:00,0.0,1005.0,1004.6,1004.0,0,24.3,23.1,23.8,23.2,22.7,22.0,94,93,93,34,2.4,0.0,N,AM,CRMN MANAUS,S103,-3.02249999,-60.05555555,-9999.0
3310,2018-06-05,16:00,0.0,1004.7,1005.7,1005.2,0,27.0,23.2,27.3,25.4,23.8,22.3,90,77,79,43,3.0,1.0,N,AM,CRMN MANAUS,S103,-3.02249999,-60.05555555,-9999.0
3311,2018-06-05,20:00,7.0,1001.9,1002.3,1001.7,0,23.4,21.0,29.6,28.2,23.7,22.5,73,67,86,34,5.2,2.0,N,AM,CRMN MANAUS,S103,-3.02249999,-60.05555555,-9999.0
3312,2018-06-06,00:00,0.0,1002.5,1001.8,1001.3,0,23.9,22.3,23.6,23.1,22.3,21.8,93,91,91,35,0.1,0.0,N,AM,CRMN MANAUS,S103,-3.02249999,-60.05555555,-9999.0
3313,2018-06-06,04:00,0.0,1003.1,1003.1,1002.7,0,22.7,21.2,23.4,22.6,20.9,20.5,89,84,91,32,0.9,0.0,N,AM,CRMN MANAUS,S103,-3.02249999,-60.05555555,-9999.0
3314,2018-06-06,08:00,0.0,1001.6,1002.0,1001.6,0,22.3,20.9,22.5,22.4,21.0,20.7,91,90,92,31,0.0,0.0,N,AM,CRMN MANAUS,S103,-3.02249999,-60.05555555,-9999.0
3315,2018-06-06,12:00,0.0,1004.0,1002.8,1002.2,0,24.7,21.7,23.5,22.3,21.1,20.7,92,85,84,35,1.6,0.0,N,AM,CRMN MANAUS,S103,-3.02249999,-60.05555555,-9999.0
3316,2018-06-06,16:00,0.0,1002.5,1003.9,1003.1,0,27.7,22.5,29.5,26.9,23.0,21.7,78,66,73,47,2.8,1.0,N,AM,CRMN MANAUS,S103,-3.02249999,-60.05555555,-9999.0
3317,2018-06-06,20:00,0.0,999.0,1000.6,999.6,0,28.6,23.6,30.1,28.3,23.8,22.0,76,64,74,50,4.1,2.0,N,AM,CRMN MANAUS,S103,-3.02249999,-60.05555555,-9999.0
3318,2018-06-07,00:00,0.0,1001.5,1000.3,999.6,0,25.5,22.5,26.3,25.8,22.8,22.5,83,81,84,37,3.1,2.0,N,AM,CRMN MANAUS,S103,-3.02249999,-60.05555555,-9999.0
3319,2018-06-07,04:00,0.0,1002.4,1003.4,1002.9,0,24.6,22.3,24.9,24.7,22.6,22.5,88,86,87,33,3.4,2.0,N,AM,CRMN MANAUS,S103,-3.02249999,-60.05555555,-9999.0
3320,2018-06-07,08:00,1.0,1001.5,1001.9,1001.4,0,23.3,22.3,24.3,23.4,22.2,22.0,93,87,94,30,3.3,2.0,N,AM,CRMN MANAUS,S103,-3.02249999,-60.05555555,-9999.0
3321,2018-06-07,12:00,0.0,1004.8,1003.8,1003.3,0,23.6,22.3,23.3,23.1,22.2,22.0,94,93,93,29,3.9,2.0,N,AM,CRMN MANAUS,S103,-3.02249999,-60.05555555,-9999.0
3322,2018-06-07,16:00,4.0,1004.7,1005.7,1005.4,0,25.5,22.8,24.1,23.6,23.0,22.5,94,93,85,36,4.5,3.0,N,AM,CRMN MANAUS,S103,-3.02249999,-60.05555555,-9999.0
3323,2018-06-07,20:00,0.0,1001.8,1003.0,1001.8,0,26.3,22.9,27.2,26.2,23.1,22.5,82,77,81,42,3.6,1.0,N,AM,CRMN MANAUS,S103,-3.02249999,-60.05555555,-9999.0
3324,2018-06-08,00:00,0.0,1004.0,1003.4,1002.6,0,25.0,23.0,25.6,25.3,23.3,22.9,88,85,88,40,1.6,0.0,N,AM,CRMN MANAUS,S103,-3.02249999,-60.05555555,-9999.0
3325,2018-06-08,04:00,0.0,1004.9,1005.6,1005.0,0,23.9,22.6,24.5,24.1,23.0,22.7,92,91,93,36,0.8,0.0,N,AM,CRMN MANAUS,S103,-3.02249999,-60.05555555,-9999.0
3326,2018-06-08,08:00,0.0,1003.7,1003.7,1003.4,0,23.6,22.6,24.1,24.0,22.7,22.6,92,91,94,32,2.6,0.0,N,AM,CRMN MANAUS,S103,-3.02249999,-60.05555555,-9999.0
3327,2018-06-08,12:00,2.0,1005.2,1005.0,1004.7,0,23.9,21.7,23.7,23.0,22.8,21.5,95,91,88,31,3.1,1.0,N,AM,CRMN MANAUS,S103,-3.02249999,-60.05555555,-9999.0
3328,2018-06-08,16:00,0.0,1004.9,1006.0,1005.5,0,26.0,22.9,26.0,24.8,23.3,22.2,88,82,83,38,3.3,2.0,N,AM,CRMN MANAUS,S103,-3.02249999,-60.05555555,-9999.0
3329,2018-06-08,20:00,0.0,1001.5,1002.8,1001.7,0,28.5,22.5,28.0,27.0,23.6,22.4,79,72,70,52,3.5,1.0,N,AM,CRMN MANAUS,S103,-3.02249999,-60.05555555,-9999.0
3330,2018-06-09,00:00,0.0,1003.0,1002.7,1002.0,0,25.1,22.8,26.3,25.6,23.1,22.8,85,82,87,43,0.0,0.0,N,AM,CRMN MANAUS,S103,-3.02249999,-60.05555555,-9999.0
3331,2018-06-09,04:00,0.0,1003.9,1004.8,1004.2,0,24.9,23.1,25.5,25.1,23.1,22.9,88,86,90,39,0.9,0.0,N,AM,CRMN MANAUS,S103,-3.02249999,-60.05555555,-9999.0
3332,2018-06-09,08:00,0.0,1002.8,1003.0,1002.8,0,24.0,22.8,24.3,24.1,23.0,22.8,93,92,93,36,1.1,0.0,N,AM,CRMN MANAUS,S103,-3.02249999,-60.05555555,-9999.0
3333,2018-06-09,12:00,0.0,1005.1,1004.6,1003.6,0,25.8,24.1,24.2,24.0,23.2,23.0,94,94,90,39,0.1,0.0,N,AM,CRMN MANAUS,S103,-3.02249999,-60.05555555,-9999.0
3334,2018-06-09,16:00,0.0,1003.5,1005.4,1004.8,0,28.9,24.0,29.7,28.0,23.6,22.2,77,65,75,56,2.0,0.0,N,AM,CRMN MANAUS,S103,-3.02249999,-60.05555555,-9999.0
3335,2018-06-09,20:00,5.0,1000.7,1001.9,1000.9,0,25.1,23.3,30.1,25.3,25.6,22.2,86,68,90,46,4.0,0.0,N,AM,CRMN MANAUS,S103,-3.02249999,-60.05555555,-9999.0
3336,2018-06-10,00:00,0.0,1002.7,1001.7,1000.9,0,24.5,23.2,25.6,25.0,23.1,23.0,89,86,92,42,0.2,0.0,N,AM,CRMN MANAUS,S103,-3.02249999,-60.05555555,-9999.0
3337,2018-06-10,04:00,0.0,1003.2,1003.7,1003.4,0,24.2,23.1,24.5,24.2,23.4,23.1,94,93,94,38,0.0,0.0,N,AM,CRMN MANAUS,S103,-3.02249999,-60.05555555,-9999.0
3338,2018-06-10,08:00,0.0,1002.4,1002.5,1002.2,0,23.7,22.8,23.9,23.4,22.9,22.5,94,94,95,36,0.2,0.0,N,AM,CRMN MANAUS,S103,-3.02249999,-60.05555555,-9999.0
3339,2018-06-10,12:00,0.0,1004.2,1003.4,1002.9,0,25.3,23.5,24.4,23.8,22.9,22.6,93,91,90,36,1.3,0.0,N,AM,CRMN MANAUS,S103,-3.02249999,-60.05555555,-9999.0
3340,2018-06-10,16:00,0.0,1002.9,1004.4,1004.0,0,31.0,22.1,29.8,28.2,22.8,21.9,71,63,59,52,4.5,2.0,N,AM,CRMN MANAUS,S103,-3.02249999,-60.05555555,-9999.0
3341,2018-06-10,20:00,0.0,999.6,1000.6,999.7,0,31.8,20.2,32.3,31.2,21.4,19.8,55,49,50,57,4.4,2.0,N,AM,CRMN MANAUS,S103,-3.02249999,-60.05555555,-9999.0
3342,2018-06-11,00:00,0.0,1001.6,1001.1,1000.5,0,28.2,20.7,29.3,28.8,21.6,20.6,63,61,64,48,1.7,0.0,N,AM,CRMN MANAUS,S103,-3.02249999,-60.05555555,-9999.0
3343,2018-06-11,04:00,0.0,1002.2,1002.6,1002.4,0,25.4,20.7,26.7,25.8,21.3,20.9,76,72,75,39,2.1,0.0,N,AM,CRMN MANAUS,S103,-3.02249999,-60.05555555,-9999.0
3344,2018-06-11,08:00,0.0,1000.9,1001.4,1001.0,0,23.4,20.7,24.4,23.1,21.1,20.5,88,79,85,35,1.7,0.0,N,AM,CRMN MANAUS,S103,-3.02249999,-60.05555555,-9999.0
3345,2018-06-11,12:00,0.0,1003.4,1002.5,1002.0,0,26.5,20.9,24.6,22.9,20.3,20.0,85,77,72,39,2.2,1.0,N,AM,CRMN MANAUS,S103,-3.02249999,-60.05555555,-9999.0
3346,2018-06-11,16:00,0.0,1002.5,1003.8,1003.5,0,32.1,20.0,31.4,30.3,21.1,20.0,56,53,49,53,5.6,3.0,N,AM,CRMN MANAUS,S103,-3.02249999,-60.05555555,-9999.0
3347,2018-06-11,20:00,-9999.0,-9999.0,-9999.0,-9999.0,-9999,-9999.0,-9999.0,-9999.0,-9999.0,-9999.0,-9999.0,-9999,-9999,-9999,-9999,-9999.0,-9999.0,N,AM,CRMN MANAUS,S103,-3.02249999,-60.05555555,-9999.0
3348,2018-06-12,00:00,0.0,1001.0,1000.5,1000.1,0,28.6,21.5,29.5,27.7,23.2,21.7,75,65,66,43,1.3,0.0,N,AM,CRMN MANAUS,S103,-3.02249999,-60.05555555,-9999.0
3349,2018-06-12,04:00,0.0,1002.2,1002.2,1002.0,0,24.9,22.9,26.4,25.8,23.5,23.0,86,84,89,35,0.0,0.0,N,AM,CRMN MANAUS,S103,-3.02249999,-60.05555555,-9999.0
3350,2018-06-12,08:00,0.0,1001.7,1001.7,1001.3,0,24.9,22.1,25.5,24.3,22.7,22.2,89,82,84,32,0.5,0.0,N,AM,CRMN MANAUS,S103,-3.02249999,-60.05555555,-9999.0
3351,2018-06-12,12:00,0.0,1004.3,1003.4,1002.8,0,29.1,23.8,25.9,23.9,22.6,21.9,89,82,73,44,0.4,0.0,N,AM,CRMN MANAUS,S103,-3.02249999,-60.05555555,-9999.0
3352,2018-06-12,16:00,0.0,1003.6,1004.8,1004.3,0,31.8,21.3,31.5,30.7,21.7,20.4,58,54,54,50,4.2,2.0,N,AM,CRMN MANAUS,S103,-3.02249999,-60.05555555,-9999.0
3353,2018-06-12,20:00,0.0,1000.5,1001.6,1000.9,0,32.1,19.3,32.8,32.2,19.8,18.3,48,43,47,48,3.8,1.0,N,AM,CRMN MANAUS,S103,-3.02249999,-60.05555555,-9999.0
3354,2018-06-13,00:00,0.0,1002.1,1001.1,1000.5,0,28.3,21.6,29.8,29.0,21.3,21.0,63,60,67,38,0.8,0.0,N,AM,CRMN MANAUS,S103,-3.02249999,-60.05555555,-9999.0
3355,2018-06-13,04:00,0.0,1003.4,1003.6,1003.3,0,26.2,22.0,26.7,26.3,22.7,22.5,80,78,78,33,1.3,0.0,N,AM,CRMN MANAUS,S103,-3.02249999,-60.05555555,-9999.0
3356,2018-06-13,08:00,0.0,1002.5,1002.4,1002.2,0,24.4,22.2,26.2,24.9,21.7,21.1,82,74,87,29,0.0,0.0,N,AM,CRMN MANAUS,S103,-3.02249999,-60.05555555,-9999.0
3357,2018-06-13,12:00,0.0,1004.5,1003.7,1003.0,0,27.5,22.2,26.5,24.5,22.3,21.4,83,77,73,36,0.0,0.0,N,AM,CRMN MANAUS,S103,-3.02249999,-60.05555555,-9999.0
3358,2018-06-13,16:00,0.0,1004.2,1005.1,1004.8,0,31.0,20.8,31.8,31.1,22.6,21.0,59,54,55,42,3.4,2.0,N,AM,CRMN MANAUS,S103,-3.02249999,-60.05555555,-9999.0
3359,2018-06-13,20:00,0.0,1001.3,1002.5,1001.7,0,32.0,21.7,33.1,31.1,22.0,20.3,56,49,54,42,4.1,1.0,N,AM,CRMN MANAUS,S103,-3.02249999,-60.05555555,-9999.0
3360,2018-06-14,00:00,0.0,1003.0,1002.0,1001.3,0,28.1,22.6,29.9,28.8,22.4,21.6,68,61,72,34,0.1,0.0,N,AM,CRMN MANAUS,S103,-3.02249999,-60.05555555,-9999.0
3361,2018-06-14,04:00,0.0,1004.5,1004.6,1004.3,0,25.4,22.6,27.2,26.1,22.9,22.5,83,76,84,26,0.9,0.0,N,AM,CRMN MANAUS,S103,-3.02249999,-60.05555555,-9999.0
3362,2018-06-14,08:00,0.0,1003.4,1003.9,1003.4,0,24.1,22.0,24.5,24.2,22.2,22.1,88,87,88,24,1.2,0.0,N,AM,CRMN MANAUS,S103,-3.02249999,-60.05555555,-9999.0
3363,2018-06-14,12:00,0.0,1005.7,1004.7,1004.1,0,29.2,22.8,26.2,23.5,22.4,21.8,90,80,68,35,0.7,0.0,N,AM,CRMN MANAUS,S103,-3.02249999,-60.05555555,-9999.0
3364,2018-06-14,16:00,0.0,1004.7,1005.7,1005.2,0,31.8,19.2,32.1,31.3,21.9,20.1,57,50,47,43,3.8,2.0,N,AM,CRMN MANAUS,S103,-3.02249999,-60.05555555,-9999.0
3365,2018-06-14,20:00,0.0,1001.2,1002.5,1001.6,0,32.2,20.6,32.8,31.8,21.0,19.7,52,47,51,36,3.3,1.0,N,AM,CRMN MANAUS,S103,-3.02249999,-60.05555555,-9999.0
3366,2018-06-15,00:00,0.0,1002.8,1002.3,1001.8,0,28.3,21.9,30.2,29.5,21.1,20.6,61,57,68,27,1.8,0.0,N,AM,CRMN MANAUS,S103,-3.02249999,-60.05555555,-9999.0
3367,2018-06-15,04:00,0.0,1004.0,1004.1,1003.9,0,25.7,22.5,26.8,26.2,22.9,22.6,82,78,83,23,0.0,0.0,N,AM,CRMN MANAUS,S103,-3.02249999,-60.05555555,-9999.0
3368,2018-06-15,08:00,0.0,1003.3,1003.3,1003.1,0,24.0,22.1,25.1,24.7,22.5,22.4,87,85,89,19,1.3,0.0,N,AM,CRMN MANAUS,S103,-3.02249999,-60.05555555,-9999.0
3369,2018-06-15,12:00,0.0,1005.7,1004.9,1004.3,0,25.6,22.6,25.1,23.5,22.7,22.1,92,85,83,22,1.1,0.0,N,AM,CRMN MANAUS,S103,-3.02249999,-60.05555555,-9999.0
3370,2018-06-15,16:00,0.0,1004.6,1005.5,1005.3,0,30.9,23.1,31.4,30.2,23.0,21.6,64,58,64,34,3.5,1.0,N,AM,CRMN MANAUS,S103,-3.02249999,-60.05555555,-9999.0
3371,2018-06-15,20:00,0.0,1001.4,1002.9,1002.1,0,31.5,21.0,32.6,29.1,22.3,19.7,64,48,54,33,4.3,2.0,N,AM,CRMN MANAUS,S103,-3.02249999,-60.05555555,-9999.0
3372,2018-06-16,00:00,0.0,1003.5,1002.7,1002.0,0,27.1,22.0,29.4,28.4,21.7,21.0,67,61,74,24,0.9,0.0,N,AM,CRMN MANAUS,S103,-3.02249999,-60.05555555,-9999.0
3373,2018-06-16,04:00,0.0,1005.4,1005.5,1005.1,0,25.9,22.9,26.9,25.7,22.6,22.0,81,75,84,21,0.6,0.0,N,AM,CRMN MANAUS,S103,-3.02249999,-60.05555555,-9999.0
3374,2018-06-16,08:00,0.0,1003.8,1004.2,1003.8,0,25.2,23.8,25.5,25.1,23.6,23.0,91,87,92,20,0.6,0.0,N,AM,CRMN MANAUS,S103,-3.02249999,-60.05555555,-9999.0
3375,2018-06-16,12:00,0.0,1006.1,1005.3,1004.7,0,25.3,22.5,25.5,23.9,23.1,22.5,92,86,84,19,2.1,1.0,N,AM,CRMN MANAUS,S103,-3.02249999,-60.05555555,-9999.0
3376,2018-06-16,16:00,0.0,1006.1,1007.3,1006.9,0,27.9,22.2,27.1,26.1,23.0,21.9,82,74,71,28,3.6,2.0,N,AM,CRMN MANAUS,S103,-3.02249999,-60.05555555,-9999.0
3377,2018-06-16,20:00,0.0,1003.2,1004.4,1003.3,0,27.6,21.9,28.7,27.2,22.9,22.1,76,69,71,27,4.0,2.0,N,AM,CRMN MANAUS,S103,-3.02249999,-60.05555555,-9999.0
3378,2018-06-17,00:00,0.0,1005.1,1004.4,1003.9,0,26.0,22.4,26.4,26.1,22.5,22.0,80,77,81,22,1.0,0.0,N,AM,CRMN MANAUS,S103,-3.02249999,-60.05555555,-9999.0
3379,2018-06-17,04:00,1.0,1006.6,1007.2,1006.5,0,23.9,22.6,25.1,23.7,23.5,22.0,91,89,92,19,1.7,0.0,N,AM,CRMN MANAUS,S103,-3.02249999,-60.05555555,-9999.0
3380,2018-06-17,08:00,0.0,1005.5,1005.6,1005.3,0,23.8,22.7,24.0,23.8,22.6,22.5,93,92,93,19,0.0,0.0,N,AM,CRMN MANAUS,S103,-3.02249999,-60.05555555,-9999.0
3381,2018-06-17,12:00,0.0,1007.6,1006.8,1006.1,0,24.7,23.0,23.9,23.6,22.4,22.3,92,91,90,19,1.7,0.0,N,AM,CRMN MANAUS,S103,-3.02249999,-60.05555555,-9999.0
3382,2018-06-17,16:00,0.0,1007.0,1007.8,1007.4,0,27.0,22.7,27.7,25.6,23.4,22.1,84,75,77,27,3.1,2.0,N,AM,CRMN MANAUS,S103,-3.02249999,-60.05555555,-9999.0
3383,2018-06-17,20:00,1.0,1004.2,1005.3,1004.6,0,27.7,23.4,27.7,25.3,23.3,22.3,88,74,77,32,2.1,0.0,N,AM,CRMN MANAUS,S103,-3.02249999,-60.05555555,-9999.0
3384,2018-06-18,00:00,0.0,1006.0,1005.1,1004.6,0,24.9,21.4,25.9,25.2,23.1,20.4,86,73,81,23,1.3,0.0,N,AM,CRMN MANAUS,S103,-3.02249999,-60.05555555,-9999.0
3385,2018-06-18,04:00,0.0,1006.4,1007.7,1007.3,0,23.6,21.3,24.4,23.6,21.1,20.9,85,81,87,20,2.1,0.0,N,AM,CRMN MANAUS,S103,-3.02249999,-60.05555555,-9999.0
3386,2018-06-18,08:00,-9999.0,-9999.0,-9999.0,-9999.0,-9999,-9999.0,-9999.0,-9999.0,-9999.0,-9999.0,-9999.0,-9999,-9999,-9999,-9999,-9999.0,-9999.0,N,AM,CRMN MANAUS,S103,-3.02249999,-60.05555555,-9999.0
3387,2018-06-18,12:00,0.0,1007.5,1006.6,1006.2,0,24.2,22.5,22.9,22.6,22.0,21.7,95,95,90,21,1.9,0.0,N,AM,CRMN MANAUS,S103,-3.02249999,-60.05555555,-9999.0
3388,2018-06-18,16:00,14.0,1007.6,1008.5,1007.9,0,23.8,22.2,24.8,21.8,22.7,20.2,94,84,91,22,1.7,0.0,N,AM,CRMN MANAUS,S103,-3.02249999,-60.05555555,-9999.0
3389,2018-06-18,20:00,0.0,1004.6,1006.0,1004.8,0,25.6,22.5,27.1,25.9,23.0,22.1,82,75,83,26,2.1,0.0,N,AM,CRMN MANAUS,S103,-3.02249999,-60.05555555,-9999.0
3390,2018-06-19,00:00,0.0,1006.0,1005.8,1005.3,0,24.2,22.6,25.1,24.8,22.2,21.7,85,82,91,24,1.2,0.0,N,AM,CRMN MANAUS,S103,-3.02249999,-60.05555555,-9999.0
3391,2018-06-19,04:00,0.0,1006.2,1006.8,1006.7,0,23.0,22.0,23.9,23.6,22.8,22.5,94,93,94,22,1.2,0.0,N,AM,CRMN MANAUS,S103,-3.02249999,-60.05555555,-9999.0
3392,2018-06-19,08:00,0.0,1004.9,1005.3,1005.1,0,22.2,21.4,22.5,22.3,21.6,21.4,95,95,95,22,0.0,0.0,N,AM,CRMN MANAUS,S103,-3.02249999,-60.05555555,-9999.0
3393,2018-06-19,12:00,0.0,1006.6,1005.8,1005.3,0,23.3,22.5,22.2,21.8,21.4,21.1,95,95,95,25,0.3,0.0,N,AM,CRMN MANAUS,S103,-3.02249999,-60.05555555,-9999.0
3394,2018-06-19,16:00,0.0,1005.2,1006.8,1006.3,0,27.8,22.7,27.9,26.9,22.8,22.0,77,72,74,37,2.2,1.0,N,AM,CRMN MANAUS,S103,-3.02249999,-60.05555555,-9999.0
3395,2018-06-19,20:00,0.0,1002.8,1003.5,1002.3,0,31.0,20.8,30.6,29.2,23.3,22.1,69,62,55,43,2.5,1.0,N,AM,CRMN MANAUS,S103,-3.02249999,-60.05555555,-9999.0
3396,2018-06-20,00:00,0.0,1005.1,1004.3,1003.9,0,24.2,21.9,24.7,24.4,22.1,21.6,86,83,87,31,1.1,0.0,N,AM,CRMN MANAUS,S103,-3.02249999,-60.05555555,-9999.0
3397,2018-06-20,04:00,0.0,1005.5,1006.0,1005.6,0,23.0,21.5,23.3,23.0,21.9,21.6,92,92,91,26,0.2,0.0,N,AM,CRMN MANAUS,S103,-3.02249999,-60.05555555,-9999.0
3398,2018-06-20,08:00,0.0,1004.0,1004.3,1004.0,0,22.6,21.7,22.5,22.3,21.5,21.2,94,93,94,25,0.0,0.0,N,AM,CRMN MANAUS,S103,-3.02249999,-60.05555555,-9999.0
3399,2018-06-20,12:00,0.0,1006.3,1005.6,1004.9,0,24.1,22.2,22.9,22.7,21.8,21.6,94,93,89,25,0.3,0.0,N,AM,CRMN MANAUS,S103,-3.02249999,-60.05555555,-9999.0
3400,2018-06-20,16:00,4.0,1005.0,1006.9,1006.2,0,27.4,22.3,26.3,24.1,23.7,21.7,93,79,74,34,2.1,1.0,N,AM,CRMN MANAUS,S103,-3.02249999,-60.05555555,-9999.0
3401,2018-06-20,20:00,1.0,1003.1,1003.1,1002.7,0,25.0,23.5,26.2,24.8,23.4,22.6,89,82,91,31,1.4,0.0,N,AM,CRMN MANAUS,S103,-3.02249999,-60.05555555,-9999.0
3402,2018-06-21,00:00,0.0,1005.3,1004.5,1003.3,0,24.5,22.2,25.1,24.1,22.3,21.8,88,82,87,28,0.5,0.0,N,AM,CRMN MANAUS,S103,-3.02249999,-60.05555555,-9999.0
3403,2018-06-21,04:00,0.0,1005.2,1005.6,1005.4,0,23.3,22.3,23.9,23.6,22.6,22.5,94,92,94,27,0.0,0.0,N,AM,CRMN MANAUS,S103,-3.02249999,-60.05555555,-9999.0
3404,2018-06-21,08:00,0.0,1003.9,1004.1,1003.8,0,22.6,21.7,22.9,22.7,21.9,21.7,94,94,95,25,0.7,0.0,N,AM,CRMN MANAUS,S103,-3.02249999,-60.05555555,-9999.0
3405,2018-06-21,12:00,0.0,1006.6,1005.7,1004.9,0,23.6,22.4,22.8,22.6,21.9,21.7,95,95,93,26,0.1,0.0,N,AM,CRMN MANAUS,S103,-3.02249999,-60.05555555,-9999.0
3406,2018-06-21,16:00,0.0,1005.4,1007.0,1006.5,0,28.5,21.8,27.4,25.2,23.4,22.4,86,79,67,43,1.6,0.0,N,AM,CRMN MANAUS,S103,-3.02249999,-60.05555555,-9999.0
3407,2018-06-21,20:00,0.0,1002.3,1002.9,1002.1,0,24.3,22.4,30.4,28.8,23.9,22.5,74,64,89,35,7.1,0.0,N,AM,CRMN MANAUS,S103,-3.02249999,-60.05555555,-9999.0
3408,2018-06-22,00:00,0.0,1004.6,1003.7,1002.7,0,24.2,22.8,25.6,24.7,23.0,22.2,90,82,92,32,0.6,0.0,N,AM,CRMN MANAUS,S103,-3.02249999,-60.05555555,-9999.0
3409,2018-06-22,04:00,0.0,1005.1,1006.0,1005.6,0,23.8,22.6,24.4,24.3,22.8,22.6,91,90,93,28,0.0,0.0,N,AM,CRMN MANAUS,S103,-3.02249999,-60.05555555,-9999.0
3410,2018-06-22,08:00,0.0,1003.5,1004.0,1003.6,0,22.9,22.0,23.3,22.9,22.4,22.0,95,94,95,26,0.0,0.0,N,AM,CRMN MANAUS,S103,-3.02249999,-60.05555555,-9999.0
3411,2018-06-22,12:00,0.0,1005.6,1004.6,1004.3,0,24.4,22.7,23.1,22.8,22.2,21.9,95,95,90,26,3.0,0.0,N,AM,CRMN MANAUS,S103,-3.02249999,-60.05555555,-9999.0
3412,2018-06-22,16:00,0.0,1004.6,1005.7,1005.4,0,29.0,21.9,28.6,27.3,23.1,22.0,75,70,66,39,2.2,1.0,N,AM,CRMN MANAUS,S103,-3.02249999,-60.05555555,-9999.0
3413,2018-06-22,20:00,0.0,1000.7,1001.8,1001.2,0,30.3,21.3,31.1,29.8,22.5,20.5,64,55,59,45,3.1,1.0,N,AM,CRMN MANAUS,S103,-3.02249999,-60.05555555,-9999.0
3414,2018-06-23,00:00,0.0,1002.3,1001.8,1001.1,0,25.0,21.7,26.7,25.9,21.4,20.3,74,69,82,37,0.0,0.0,N,AM,CRMN MANAUS,S103,-3.02249999,-60.05555555,-9999.0
3415,2018-06-23,04:00,0.0,1003.1,1003.3,1003.0,0,24.5,21.7,24.9,24.4,22.5,22.1,88,85,85,31,0.8,0.0,N,AM,CRMN MANAUS,S103,-3.02249999,-60.05555555,-9999.0
3416,2018-06-23,08:00,19.0,1001.9,1003.1,1001.9,0,22.5,21.4,23.2,22.0,21.5,20.5,94,89,93,27,1.6,0.0,N,AM,CRMN MANAUS,S103,-3.02249999,-60.05555555,-9999.0
3417,2018-06-23,12:00,0.0,1003.5,1003.0,1002.5,0,25.6,22.4,23.5,22.9,22.4,21.8,94,93,83,29,1.8,0.0,N,AM,CRMN MANAUS,S103,-3.02249999,-60.05555555,-9999.0
3418,2018-06-23,16:00,0.0,1003.4,1004.0,1003.9,0,31.4,21.0,30.4,28.8,23.2,22.0,71,63,54,42,4.0,2.0,N,AM,CRMN MANAUS,S103,-3.02249999,-60.05555555,-9999.0
3419,2018-06-23,20:00,0.0,999.9,1000.9,1000.2,0,31.2,20.4,32.1,30.8,21.7,19.5,58,48,53,45,3.5,2.0,N,AM,CRMN MANAUS,S103,-3.02249999,-60.05555555,-9999.0
3420,2018-06-24,00:00,0.0,1002.1,1001.2,1000.0,0,26.6,22.4,28.7,27.3,22.5,22.0,74,67,78,36,0.9,0.0,N,AM,CRMN MANAUS,S103,-3.02249999,-60.05555555,-9999.0
3421,2018-06-24,04:00,0.0,1003.3,1003.3,1002.9,0,24.2,22.2,24.8,24.5,22.8,22.4,89,88,89,27,1.4,0.0,N,AM,CRMN MANAUS,S103,-3.02249999,-60.05555555,-9999.0
3422,2018-06-24,08:00,0.0,1002.2,1002.1,1001.7,0,24.2,22.0,23.7,23.6,22.0,21.9,90,90,88,25,2.1,0.0,N,AM,CRMN MANAUS,S103,-3.02249999,-60.05555555,-9999.0
3423,2018-06-24,12:00,0.0,1004.1,1003.3,1003.0,0,26.0,22.5,23.9,23.3,22.5,22.0,93,92,81,29,0.9,0.0,N,AM,CRMN MANAUS,S103,-3.02249999,-60.05555555,-9999.0
3424,2018-06-24,16:00,0.0,1003.3,1004.5,1004.0,0,29.8,23.2,29.8,28.5,23.7,22.2,73,66,68,44,2.1,0.0,N,AM,CRMN MANAUS,S103,-3.02249999,-60.05555555,-9999.0
3425,2018-06-24,20:00,0.0,999.5,1000.9,999.5,0,31.2,20.9,32.0,30.7,22.7,20.7,61,52,54,43,4.2,2.0,N,AM,CRMN MANAUS,S103,-3.02249999,-60.05555555,-9999.0
3426,2018-06-25,00:00,0.0,1001.3,1000.8,1000.0,0,27.9,22.8,29.5,28.3,22.2,21.3,70,61,74,36,0.8,0.0,N,AM,CRMN MANAUS,S103,-3.02249999,-60.05555555,-9999.0
3427,2018-06-25,04:00,0.0,1002.6,1002.5,1002.0,0,25.6,23.2,26.2,25.8,22.8,22.4,83,80,87,28,0.9,0.0,N,AM,CRMN MANAUS,S103,-3.02249999,-60.05555555,-9999.0
3428,2018-06-25,08:00,0.0,1001.3,1001.4,1001.1,0,24.8,23.1,25.4,25.0,23.5,23.3,90,89,90,25,1.8,0.0,N,AM,CRMN MANAUS,S103,-3.02249999,-60.05555555,-9999.0
3429,2018-06-25,12:00,0.0,1004.0,1003.1,1002.6,0,25.7,22.9,24.5,23.8,22.8,22.4,92,91,85,27,1.5,0.0,N,AM,CRMN MANAUS,S103,-3.02249999,-60.05555555,-9999.0
3430,2018-06-25,16:00,0.0,1002.8,1004.4,1003.6,0,30.0,23.9,29.3,27.9,24.1,23.2,78,71,70,37,2.3,1.0,N,AM,CRMN MANAUS,S103,-3.02249999,-60.05555555,-9999.0
3431,2018-06-25,20:00,-9999.0,-9999.0,-9999.0,-9999.0,-9999,-9999.0,-9999.0,-9999.0,-9999.0,-9999.0,-9999.0,-9999,-9999,-9999,-9999,-9999.0,-9999.0,N,AM,CRMN MANAUS,S103,-3.02249999,-60.05555555,-9999.0
3432,2018-06-26,00:00,0.0,1001.9,1001.7,1000.8,0,25.1,22.5,26.6,25.8,23.0,22.7,83,81,86,27,2.0,0.0,N,AM,CRMN MANAUS,S103,-3.02249999,-60.05555555,-9999.0
3433,2018-06-26,04:00,0.0,1002.7,1002.7,1002.1,0,23.9,22.4,24.3,24.0,22.4,22.3,90,89,91,22,1.8,1.0,N,AM,CRMN MANAUS,S103,-3.02249999,-60.05555555,-9999.0
3434,2018-06-26,08:00,0.0,1001.3,1001.6,1001.0,0,23.4,22.4,23.6,23.4,22.6,22.3,94,93,94,23,0.9,0.0,N,AM,CRMN MANAUS,S103,-3.02249999,-60.05555555,-9999.0
3435,2018-06-26,12:00,1.0,1003.6,1002.8,1002.2,0,24.7,22.6,23.2,23.1,22.2,22.1,94,94,89,22,1.9,1.0,N,AM,CRMN MANAUS,S103,-3.02249999,-60.05555555,-9999.0
3436,2018-06-26,16:00,0.0,1002.8,1004.3,1003.7,0,27.8,24.0,29.1,27.6,23.9,23.0,78,71,80,35,2.8,2.0,N,AM,CRMN MANAUS,S103,-3.02249999,-60.05555555,-9999.0
3437,2018-06-26,20:00,15.0,999.9,1001.3,999.8,0,25.9,22.3,28.8,24.0,24.3,19.1,85,71,81,30,2.2,0.0,N,AM,CRMN MANAUS,S103,-3.02249999,-60.05555555,-9999.0
3438,2018-06-27,00:00,0.0,1002.1,1001.3,1000.5,0,24.1,22.1,26.2,25.0,22.1,21.0,83,75,89,28,1.4,0.0,N,AM,CRMN MANAUS,S103,-3.02249999,-60.05555555,-9999.0
3439,2018-06-27,04:00,0.0,1002.7,1003.3,1002.9,0,23.7,22.7,24.4,23.7,23.1,22.4,93,92,94,25,0.2,0.0,N,AM,CRMN MANAUS,S103,-3.02249999,-60.05555555,-9999.0
3440,2018-06-27,08:00,0.0,1001.5,1001.5,1001.3,0,22.8,21.7,23.3,23.0,22.2,21.8,93,93,93,23,0.5,0.0,N,AM,CRMN MANAUS,S103,-3.02249999,-60.05555555,-9999.0
3441,2018-06-27,12:00,0.0,1003.8,1003.0,1002.5,0,25.5,22.7,23.9,22.5,21.9,21.3,93,88,84,27,1.7,0.0,N,AM,CRMN MANAUS,S103,-3.02249999,-60.05555555,-9999.0
3442,2018-06-27,16:00,0.0,1002.9,1003.7,1003.4,0,30.2,20.3,30.6,29.2,22.2,20.8,65,57,56,41,3.7,2.0,N,AM,CRMN MANAUS,S103,-3.02249999,-60.05555555,-9999.0
3443,2018-06-27,20:00,0.0,999.7,1000.9,1000.1,0,31.3,19.0,31.9,31.1,20.3,17.8,52,45,48,43,4.0,2.0,N,AM,CRMN MANAUS,S103,-3.02249999,-60.05555555,-9999.0
3444,2018-06-28,00:00,0.0,1000.8,1000.2,999.6,0,28.1,21.1,29.4,28.6,20.8,20.3,62,59,66,33,1.5,0.0,N,AM,CRMN MANAUS,S103,-3.02249999,-60.05555555,-9999.0
3445,2018-06-28,04:00,0.0,1002.3,1002.3,1002.1,0,25.9,22.7,27.2,26.2,22.6,22.2,81,74,82,29,0.2,0.0,N,AM,CRMN MANAUS,S103,-3.02249999,-60.05555555,-9999.0
3446,2018-06-28,08:00,0.0,1001.5,1001.7,1001.3,0,23.9,21.7,24.9,23.8,22.6,22.0,91,87,88,25,0.4,0.0,N,AM,CRMN MANAUS,S103,-3.02249999,-60.05555555,-9999.0
3447,2018-06-28,12:00,0.0,1003.5,1002.8,1002.2,0,27.1,22.5,24.9,23.1,22.4,21.5,91,85,76,30,1.0,0.0,N,AM,CRMN MANAUS,S103,-3.02249999,-60.05555555,-9999.0
3448,2018-06-28,16:00,0.0,1002.5,1003.5,1003.0,0,31.3,19.7,31.2,30.2,20.8,18.6,56,49,50,39,3.4,1.0,N,AM,CRMN MANAUS,S103,-3.02249999,-60.05555555,-9999.0
3449,2018-06-28,20:00,0.0,1000.0,1001.2,1000.3,0,30.6,19.7,32.3,31.3,20.8,19.5,53,48,52,34,3.3,2.0,N,AM,CRMN MANAUS,S103,-3.02249999,-60.05555555,-9999.0
3450,2018-06-29,00:00,0.0,1001.3,1000.5,1000.2,0,28.2,20.4,29.4,28.3,20.7,20.1,63,58,62,25,1.7,1.0,N,AM,CRMN MANAUS,S103,-3.02249999,-60.05555555,-9999.0
3451,2018-06-29,04:00,0.0,1002.3,1002.3,1002.2,0,25.7,21.8,26.9,26.1,21.4,20.9,75,70,79,24,0.0,0.0,N,AM,CRMN MANAUS,S103,-3.02249999,-60.05555555,-9999.0
3452,2018-06-29,08:00,0.0,1000.7,1001.3,1000.8,0,23.6,21.8,23.9,23.4,22.0,21.5,90,87,90,21,0.0,0.0,N,AM,CRMN MANAUS,S103,-3.02249999,-60.05555555,-9999.0
3453,2018-06-29,12:00,0.0,1003.2,1002.6,1001.8,0,26.4,22.8,24.2,23.9,21.9,21.6,88,87,80,24,0.5,0.0,N,AM,CRMN MANAUS,S103,-3.02249999,-60.05555555,-9999.0
3454,2018-06-29,16:00,0.0,1003.1,1003.9,1003.7,0,30.7,19.6,31.3,30.2,20.9,19.3,57,50,52,34,2.8,1.0,N,AM,CRMN MANAUS,S103,-3.02249999,-60.05555555,-9999.0
3455,2018-06-29,20:00,0.0,1000.0,1001.4,1000.5,0,30.0,20.3,31.3,30.3,21.1,19.3,57,50,56,30,2.8,1.0,N,AM,CRMN MANAUS,S103,-3.02249999,-60.05555555,-9999.0
3456,2018-06-30,00:00,0.0,1001.2,1000.4,999.9,0,27.5,21.9,28.7,27.8,21.3,20.4,67,61,72,25,1.0,0.0,N,AM,CRMN MANAUS,S103,-3.02249999,-60.05555555,-9999.0
3457,2018-06-30,04:00,0.0,1001.4,1002.0,1001.9,0,25.3,22.6,26.6,25.3,22.4,22.2,83,77,85,21,0.0,0.0,N,AM,CRMN MANAUS,S103,-3.02249999,-60.05555555,-9999.0
3458,2018-06-30,08:00,0.0,1000.5,1000.6,1000.3,0,24.2,22.4,25.2,24.7,22.6,22.4,88,85,90,19,0.8,0.0,N,AM,CRMN MANAUS,S103,-3.02249999,-60.05555555,-9999.0
3459,2018-06-30,12:00,0.0,1002.4,1001.6,1001.0,0,26.2,22.2,23.9,23.7,22.0,21.9,90,89,79,22,0.5,0.0,N,AM,CRMN MANAUS,S103,-3.02249999,-60.05555555,-9999.0
3460,2018-06-30,16:00,0.0,1002.2,1002.9,1002.6,0,30.5,21.9,30.4,29.6,23.1,21.7,66,61,60,29,3.4,2.0,N,AM,CRMN MANAUS,S103,-3.02249999,-60.05555555,-9999.0
3461,2018-06-30,20:00,0.0,998.6,1000.1,999.1,0,31.9,19.6,32.3,31.0,20.6,19.5,53,47,48,31,4.4,2.0,N,AM,CRMN MANAUS,S103,-3.02249999,-60.05555555,-9999.0
3462,2018-07-01,00:00,0.0,1000.4,999.7,999.0,0,28.4,20.5,30.1,29.2,19.8,19.1,57,52,62,23,1.3,0.0,N,AM,CRMN MANAUS,S103,-3.02249999,-60.05555555,-9999.0
3463,2018-07-01,04:00,0.0,1001.6,1001.9,1001.7,0,25.1,21.3,26.5,25.1,21.8,21.2,82,73,79,20,0.1,0.0,N,AM,CRMN MANAUS,S103,-3.02249999,-60.05555555,-9999.0
3464,2018-07-01,08:00,0.0,1000.4,1000.5,1000.4,0,23.8,21.4,24.4,24.3,21.8,21.6,86,85,87,18,0.9,0.0,N,AM,CRMN MANAUS,S103,-3.02249999,-60.05555555,-9999.0
3465,2018-07-01,12:00,0.0,1002.4,1001.6,1001.1,0,25.1,22.4,23.9,23.4,22.0,21.7,91,90,85,20,1.4,0.0,N,AM,CRMN MANAUS,S103,-3.02249999,-60.05555555,-9999.0
3466,2018-07-01,16:00,0.0,1002.0,1002.9,1002.5,0,28.7,23.0,30.3,29.0,23.0,21.0,69,60,71,25,1.6,0.0,N,AM,CRMN MANAUS,S103,-3.02249999,-60.05555555,-9999.0
3467,2018-07-01,20:00,0.0,998.8,999.7,998.6,0,31.2,21.2,31.4,29.6,22.9,21.1,67,56,55,28,3.0,1.0,N,AM,CRMN MANAUS,S103,-3.02249999,-60.05555555,-9999.0
3468,2018-07-02,00:00,0.0,1000.6,999.7,999.4,0,25.3,22.1,27.6,26.3,22.4,21.0,78,67,82,17,2.6,1.0,N,AM,CRMN MANAUS,S103,-3.02249999,-60.05555555,-9999.0
3469,2018-07-02,04:00,0.0,1001.4,1001.8,1001.7,0,23.8,22.1,23.9,23.8,22.2,22.1,91,90,90,17,1.2,0.0,N,AM,CRMN MANAUS,S103,-3.02249999,-60.05555555,-9999.0
3470,2018-07-02,08:00,0.0,1000.6,1000.7,1000.4,0,23.2,21.0,23.4,23.2,21.5,21.4,90,89,88,15,1.5,0.0,N,AM,CRMN MANAUS,S103,-3.02249999,-60.05555555,-9999.0
3471,2018-07-02,12:00,0.0,1002.1,1001.6,1001.1,0,25.1,20.8,23.7,23.3,21.2,20.9,87,85,77,19,1.7,0.0,N,AM,CRMN MANAUS,S103,-3.02249999,-60.05555555,-9999.0
3472,2018-07-02,16:00,0.0,1001.9,1002.7,1002.5,0,30.7,22.3,31.5,30.0,22.6,21.2,63,56,61,34,3.4,2.0,N,AM,CRMN MANAUS,S103,-3.02249999,-60.05555555,-9999.0
3473,2018-07-02,20:00,0.0,998.5,999.9,999.0,0,32.7,20.2,32.9,32.1,20.1,18.7,48,43,48,30,3.2,1.0,N,AM,CRMN MANAUS,S103,-3.02249999,-60.05555555,-9999.0
3474,2018-07-03,00:00,0.0,1000.7,999.8,999.2,0,28.7,22.4,29.7,29.2,22.1,21.4,64,62,69,22,0.0,0.0,N,AM,CRMN MANAUS,S103,-3.02249999,-60.05555555,-9999.0
3475,2018-07-03,04:00,0.0,1002.6,1002.7,1002.4,0,25.9,22.6,26.5,26.2,23.2,22.5,82,80,82,17,1.4,1.0,N,AM,CRMN MANAUS,S103,-3.02249999,-60.05555555,-9999.0
3476,2018-07-03,08:00,0.0,1001.2,1001.3,1000.8,0,24.6,22.6,25.4,24.6,22.7,22.5,88,85,89,15,1.6,0.0,N,AM,CRMN MANAUS,S103,-3.02249999,-60.05555555,-9999.0
3477,2018-07-03,12:00,0.0,1003.9,1003.1,1002.4,0,25.8,22.7,24.6,23.8,22.5,22.1,90,88,83,18,1.8,1.0,N,AM,CRMN MANAUS,S103,-3.02249999,-60.05555555,-9999.0
3478,2018-07-03,16:00,0.0,1003.5,1004.5,1004.1,0,29.3,23.1,29.4,28.4,23.1,21.9,71,67,69,26,2.7,2.0,N,AM,CRMN MANAUS,S103,-3.02249999,-60.05555555,-9999.0
3479,2018-07-03,20:00,0.0,999.7,1001.1,1000.3,0,29.9,21.6,30.8,29.9,23.7,22.2,67,61,61,23,2.5,1.0,N,AM,CRMN MANAUS,S103,-3.02249999,-60.05555555,-9999.0
3480,2018-07-04,00:00,0.0,1001.5,1000.6,999.9,0,26.7,24.2,28.3,27.3,23.7,23.1,80,74,86,18,1.6,0.0,N,AM,CRMN MANAUS,S103,-3.02249999,-60.05555555,-9999.0
3481,2018-07-04,04:00,0.0,1002.3,1002.9,1002.6,0,24.2,22.3,25.2,24.6,22.3,22.2,87,84,89,16,1.5,0.0,N,AM,CRMN MANAUS,S103,-3.02249999,-60.05555555,-9999.0
3482,2018-07-04,08:00,0.0,1001.0,1001.3,1001.0,0,23.3,21.0,23.6,23.4,21.5,21.0,88,86,87,16,0.8,0.0,N,AM,CRMN MANAUS,S103,-3.02249999,-60.05555555,-9999.0
3483,2018-07-04,12:00,0.0,1003.1,1002.3,1001.8,0,24.3,21.6,23.4,23.2,20.9,20.7,86,85,85,16,2.1,1.0,N,AM,CRMN MANAUS,S103,-3.02249999,-60.05555555,-9999.0
3484,2018-07-04,16:00,0.0,1003.0,1003.8,1003.5,0,29.9,22.7,31.2,29.1,23.3,21.4,70,56,65,31,3.6,2.0,N,AM,CRMN MANAUS,S103,-3.02249999,-60.05555555,-9999.0
3485,2018-07-04,20:00,0.0,999.8,1001.3,1000.5,0,32.2,18.0,32.6,31.3,19.4,17.3,48,42,43,28,3.4,1.0,N,AM,CRMN MANAUS,S103,-3.02249999,-60.05555555,-9999.0
3486,2018-07-05,00:00,0.0,1000.9,1000.3,1000.0,0,28.7,19.1,30.1,29.0,19.7,18.3,57,49,56,19,0.9,0.0,N,AM,CRMN MANAUS,S103,-3.02249999,-60.05555555,-9999.0
3487,2018-07-05,04:00,0.0,1002.4,1002.6,1002.2,0,26.2,21.2,27.3,26.9,19.8,19.3,65,62,74,17,1.1,0.0,N,AM,CRMN MANAUS,S103,-3.02249999,-60.05555555,-9999.0
3488,2018-07-05,08:00,0.0,1001.5,1001.8,1001.5,0,24.6,22.3,24.7,24.5,22.2,22.0,86,85,88,16,1.1,0.0,N,AM,CRMN MANAUS,S103,-3.02249999,-60.05555555,-9999.0
3489,2018-07-05,12:00,0.0,1004.0,1003.1,1002.4,0,25.9,23.0,24.4,24.3,22.7,22.6,90,90,84,16,2.5,2.0,N,AM,CRMN MANAUS,S103,-3.02249999,-60.05555555,-9999.0
3490,2018-07-05,16:00,0.0,1003.2,1004.1,1003.6,0,29.9,22.7,31.2,30.2,23.0,21.4,64,58,65,23,3.5,2.0,N,AM,CRMN MANAUS,S103,-3.02249999,-60.05555555,-9999.0
3491,2018-07-05,20:00,0.0,1000.0,1001.2,1000.4,0,30.3,20.9,32.4,30.9,22.8,20.8,62,52,57,20,2.7,1.0,N,AM,CRMN MANAUS,S103,-3.02249999,-60.05555555,-9999.0
3492,2018-07-06,00:00,0.0,1001.5,1001.0,1000.1,0,26.7,22.6,28.5,27.3,22.9,22.3,77,69,78,17,0.7,0.0,N,AM,CRMN MANAUS,S103,-3.02249999,-60.05555555,-9999.0
3493,2018-07-06,04:00,0.0,1003.0,1003.2,1002.8,0,25.0,22.0,26.0,25.1,22.9,22.7,87,83,84,16,0.9,0.0,N,AM,CRMN MANAUS,S103,-3.02249999,-60.05555555,-9999.0
3494,2018-07-06,08:00,0.0,1002.1,1002.4,1001.8,0,24.8,21.7,24.8,24.0,22.3,22.0,90,85,83,14,2.1,1.0,N,AM,CRMN MANAUS,S103,-3.02249999,-60.05555555,-9999.0
3495,2018-07-06,12:00,0.0,1003.7,1003.0,1002.6,0,26.5,22.5,24.8,23.5,21.9,21.3,89,84,79,20,2.2,0.0,N,AM,CRMN MANAUS,S103,-3.02249999,-60.05555555,-9999.0
3496,2018-07-06,16:00,0.0,1002.8,1003.8,1003.4,0,24.7,22.3,30.6,29.0,23.2,22.2,70,64,87,14,4.2,2.0,N,AM,CRMN MANAUS,S103,-3.02249999,-60.05555555,-9999.0
3497,2018-07-06,20:00,0.0,999.0,1000.1,999.2,0,31.2,21.2,31.9,29.6,22.8,21.8,66,56,55,26,3.5,2.0,N,AM,CRMN MANAUS,S103,-3.02249999,-60.05555555,-9999.0
3498,2018-07-07,00:00,0.0,1000.9,1000.1,999.5,0,27.2,21.3,29.2,27.4,21.7,20.7,69,62,70,19,0.0,0.0,N,AM,CRMN MANAUS,S103,-3.02249999,-60.05555555,-9999.0
3499,2018-07-07,04:00,0.0,1001.9,1002.1,1001.8,0,24.8,22.3,26.1,25.5,22.4,22.1,82,79,86,16,1.0,0.0,N,AM,CRMN MANAUS,S103,-3.02249999,-60.05555555,-9999.0
3500,2018-07-07,08:00,0.0,1000.7,1001.1,1000.6,0,24.3,22.1,24.3,24.1,22.4,22.2,89,89,88,15,0.3,0.0,N,AM,CRMN MANAUS,S103,-3.02249999,-60.05555555,-9999.0
3501,2018-07-07,12:00,0.0,1003.2,1002.5,1001.9,0,27.3,22.2,25.6,24.3,21.9,21.6,86,79,74,18,3.8,2.0,N,AM,CRMN MANAUS,S103,-3.02249999,-60.05555555,-9999.0
3502,2018-07-07,16:00,0.0,1002.7,1003.7,1003.4,0,31.7,21.4,30.9,29.9,22.0,21.1,61,56,55,25,3.3,2.0,N,AM,CRMN MANAUS,S103,-3.02249999,-60.05555555,-9999.0
3503,2018-07-07,20:00,0.0,999.8,1000.7,1000.1,0,30.5,20.9,33.0,31.5,20.5,19.4,52,46,57,19,3.1,0.0,N,AM,CRMN MANAUS,S103,-3.02249999,-60.05555555,-9999.0
3504,2018-07-08,00:00,0.0,1001.8,1001.1,1000.6,0,26.0,22.7,29.2,27.7,20.6,20.1,65,58,82,15,0.9,0.0,N,AM,CRMN MANAUS,S103,-3.02249999,-60.05555555,-9999.0
3505,2018-07-08,04:00,0.0,1002.7,1003.1,1003.0,0,24.3,22.8,25.0,24.7,22.5,22.1,88,84,91,15,1.0,0.0,N,AM,CRMN MANAUS,S103,-3.02249999,-60.05555555,-9999.0
3506,2018-07-08,08:00,0.0,1001.8,1002.0,1001.8,0,23.9,22.4,23.9,23.8,22.4,22.2,92,91,91,14,0.0,0.0,N,AM,CRMN MANAUS,S103,-3.02249999,-60.05555555,-9999.0
3507,2018-07-08,12:00,0.0,1003.9,1003.2,1002.8,0,27.0,22.5,25.2,23.8,22.7,22.2,91,85,76,17,1.4,0.0,N,AM,CRMN MANAUS,S103,-3.02249999,-60.05555555,-9999.0
3508,2018-07-08,16:00,0.0,1003.7,1004.6,1004.1,0,32.0,20.8,31.7,30.6,21.8,20.7,58,53,52,26,3.8,2.0,N,AM,CRMN MANAUS,S103,-3.02249999,-60.05555555,-9999.0
3509,2018-07-08,20:00,0.0,1000.1,1001.7,1000.6,0,32.6,19.1,33.5,32.6,21.0,19.2,50,44,45,20,3.6,1.0,N,AM,CRMN MANAUS,S103,-3.02249999,-60.05555555,-9999.0
3510,2018-07-09,00:00,0.0,1002.8,1001.6,1000.9,0,28.6,22.1,30.8,29.7,21.5,20.4,61,54,68,13,2.4,1.0,N,AM,CRMN MANAUS,S103,-3.02249999,-60.05555555,-9999.0
3511,2018-07-09,04:00,0.0,1004.0,1004.3,1003.5,0,26.2,21.2,28.1,27.2,23.1,21.2,76,69,74,13,2.5,0.0,N,AM,CRMN MANAUS,S103,-3.02249999,-60.05555555,-9999.0
3512,2018-07-09,08:00,0.0,1002.9,1002.8,1002.6,0,24.8,22.1,26.1,25.1,22.1,21.4,84,75,85,13,0.7,0.0,N,AM,CRMN MANAUS,S103,-3.02249999,-60.05555555,-9999.0
3513,2018-07-09,12:00,0.0,1005.0,1004.3,1003.9,0,26.0,22.9,25.1,24.8,22.5,22.1,87,85,83,15,0.7,0.0,N,AM,CRMN MANAUS,S103,-3.02249999,-60.05555555,-9999.0
3514,2018-07-09,16:00,0.0,1004.5,1005.7,1005.3,0,31.8,21.7,30.4,29.5,22.7,21.8,67,61,55,21,2.6,2.0,N,AM,CRMN MANAUS,S103,-3.02249999,-60.05555555,-9999.0
3515,2018-07-09,20:00,0.0,1001.0,1001.8,1001.1,0,29.9,21.3,32.5,30.9,22.2,20.9,59,52,60,15,4.2,2.0,N,AM,CRMN MANAUS,S103,-3.02249999,-60.05555555,-9999.0
3516,2018-07-10,00:00,0.0,1003.6,1002.6,1001.4,0,26.1,23.1,28.8,27.1,23.4,23.1,80,71,83,12,2.3,1.0,N,AM,CRMN MANAUS,S103,-3.02249999,-60.05555555,-9999.0
3517,2018-07-10,04:00,0.0,1004.6,1004.9,1004.3,0,24.0,22.1,25.8,24.6,22.8,22.6,89,83,89,11,2.1,1.0,N,AM,CRMN MANAUS,S103,-3.02249999,-60.05555555,-9999.0
3518,2018-07-10,08:00,9.0,1003.4,1004.4,1003.1,0,21.6,20.5,23.9,22.3,22.2,20.8,91,86,94,11,5.6,0.0,N,AM,CRMN MANAUS,S103,-3.02249999,-60.05555555,-9999.0
3519,2018-07-10,12:00,0.0,1006.1,1004.5,1003.6,0,22.9,21.1,22.4,22.0,21.2,20.9,94,92,89,10,2.6,1.0,N,AM,CRMN MANAUS,S103,-3.02249999,-60.05555555,-9999.0
3520,2018-07-10,16:00,0.0,1004.9,1006.5,1005.9,0,24.5,21.4,23.9,23.5,21.6,20.9,87,84,83,13,1.7,0.0,N,AM,CRMN MANAUS,S103,-3.02249999,-60.05555555,-9999.0
3521,2018-07-10,20:00,0.0,1002.0,1003.4,1002.4,0,27.2,22.6,28.1,26.2,22.8,22.2,80,72,76,18,2.4,1.0,N,AM,CRMN MANAUS,S103,-3.02249999,-60.05555555,-9999.0
3522,2018-07-11,00:00,0.0,1003.0,1002.6,1002.1,0,24.8,22.7,25.7,25.0,22.6,22.4,86,82,88,16,0.0,0.0,N,AM,CRMN MANAUS,S103,-3.02249999,-60.05555555,-9999.0
3523,2018-07-11,04:00,0.0,1004.3,1004.5,1004.2,0,23.9,22.5,24.4,23.9,22.9,22.6,93,90,92,14,0.4,0.0,N,AM,CRMN MANAUS,S103,-3.02249999,-60.05555555,-9999.0
3524,2018-07-11,08:00,0.0,1002.7,1003.1,1002.9,0,23.2,22.1,23.5,23.2,22.4,22.2,94,93,94,14,0.2,0.0,N,AM,CRMN MANAUS,S103,-3.02249999,-60.05555555,-9999.0
3525,2018-07-11,12:00,0.0,1005.8,1005.0,1004.0,0,23.1,21.4,24.1,23.4,22.6,22.4,94,91,90,12,4.7,1.0,N,AM,CRMN MANAUS,S103,-3.02249999,-60.05555555,-9999.0
3526,2018-07-11,16:00,0.0,1005.4,1006.3,1005.9,0,25.2,20.3,25.0,24.3,21.2,20.3,81,78,74,19,2.3,0.0,N,AM,CRMN MANAUS,S103,-3.02249999,-60.05555555,-9999.0
3527,2018-07-11,20:00,0.0,1002.3,1003.3,1002.7,0,26.7,20.4,27.3,26.3,21.0,20.2,70,68,68,21,2.5,1.0,N,AM,CRMN MANAUS,S103,-3.02249999,-60.05555555,-9999.0
3528,2018-07-12,00:00,0.0,1003.6,1003.0,1002.6,0,24.5,21.4,25.4,24.8,21.8,21.4,82,79,83,19,0.0,0.0,N,AM,CRMN MANAUS,S103,-3.02249999,-60.05555555,-9999.0
3529,2018-07-12,04:00,0.0,1005.0,1005.5,1005.3,0,23.2,21.9,23.6,23.4,21.9,21.8,91,90,93,16,0.0,0.0,N,AM,CRMN MANAUS,S103,-3.02249999,-60.05555555,-9999.0
3530,2018-07-12,08:00,0.0,1003.4,1004.2,1003.6,0,23.1,21.9,23.1,23.0,22.0,21.9,94,93,93,16,0.0,0.0,N,AM,CRMN MANAUS,S103,-3.02249999,-60.05555555,-9999.0
3531,2018-07-12,12:00,0.0,1006.1,1004.9,1004.3,0,25.4,22.8,23.2,22.7,22.1,21.7,94,94,85,18,0.6,0.0,N,AM,CRMN MANAUS,S103,-3.02249999,-60.05555555,-9999.0
3532,2018-07-12,16:00,0.0,1005.6,1006.7,1006.3,0,27.7,22.2,28.0,26.7,23.3,22.4,78,72,72,22,4.2,2.0,N,AM,CRMN MANAUS,S103,-3.02249999,-60.05555555,-9999.0
3533,2018-07-12,20:00,0.0,1003.1,1004.1,1003.6,0,26.4,23.6,26.1,25.7,23.8,23.3,89,85,85,20,2.4,1.0,N,AM,CRMN MANAUS,S103,-3.02249999,-60.05555555,-9999.0
3534,2018-07-13,00:00,0.0,1004.8,1003.9,1003.4,0,24.6,23.1,26.0,25.0,23.4,23.1,91,84,91,19,1.1,0.0,N,AM,CRMN MANAUS,S103,-3.02249999,-60.05555555,-9999.0
3535,2018-07-13,04:00,0.0,1006.2,1006.3,1006.0,0,23.7,22.7,24.1,23.9,22.9,22.8,94,93,94,18,0.0,0.0,N,AM,CRMN MANAUS,S103,-3.02249999,-60.05555555,-9999.0
3536,2018-07-13,08:00,0.0,1004.9,1005.0,1004.9,0,23.2,22.4,23.2,22.6,22.3,21.7,95,95,95,17,0.0,0.0,N,AM,CRMN MANAUS,S103,-3.02249999,-60.05555555,-9999.0
3537,2018-07-13,12:00,0.0,1006.3,1005.9,1005.6,0,24.1,23.3,23.6,23.3,22.8,22.5,95,95,95,19,0.4,0.0,N,AM,CRMN MANAUS,S103,-3.02249999,-60.05555555,-9999.0
3538,2018-07-13,16:00,0.0,1005.5,1006.8,1006.4,0,28.8,22.2,29.5,28.0,23.4,22.0,74,65,68,30,3.0,2.0,N,AM,CRMN MANAUS,S103,-3.02249999,-60.05555555,-9999.0
3539,2018-07-13,20:00,0.0,1002.0,1003.8,1002.6,0,30.7,22.5,31.1,29.2,22.8,21.7,67,60,62,32,2.6,1.0,N,AM,CRMN MANAUS,S103,-3.02249999,-60.05555555,-9999.0
3540,2018-07-14,00:00,1.0,1004.3,1002.8,1002.4,0,24.9,21.4,26.3,25.1,22.6,21.4,85,77,81,23,2.0,0.0,N,AM,CRMN MANAUS,S103,-3.02249999,-60.05555555,-9999.0
3541,2018-07-14,04:00,0.0,1004.9,1005.4,1005.1,0,24.2,22.1,24.9,24.6,22.6,22.4,88,86,88,21,0.5,0.0,N,AM,CRMN MANAUS,S103,-3.02249999,-60.05555555,-9999.0
3542,2018-07-14,08:00,0.0,1003.7,1004.3,1004.0,0,23.4,22.0,23.6,23.3,22.0,21.8,92,90,92,19,0.3,0.0,N,AM,CRMN MANAUS,S103,-3.02249999,-60.05555555,-9999.0
3543,2018-07-14,12:00,0.0,1005.0,1004.3,1003.8,0,25.8,23.4,24.4,23.4,22.7,21.9,92,89,87,23,0.0,0.0,N,AM,CRMN MANAUS,S103,-3.02249999,-60.05555555,-9999.0
3544,2018-07-14,16:00,0.0,1004.2,1005.2,1004.7,0,29.6,22.8,30.7,29.6,23.0,21.7,67,60,67,33,4.0,2.0,N,AM,CRMN MANAUS,S103,-3.02249999,-60.05555555,-9999.0
3545,2018-07-14,20:00,0.0,1000.8,1002.2,1001.3,0,31.7,21.9,31.6,30.0,23.0,22.1,64,58,56,36,2.0,0.0,N,AM,CRMN MANAUS,S103,-3.02249999,-60.05555555,-9999.0
3546,2018-07-15,00:00,0.0,1002.2,1001.5,1001.0,0,27.0,22.3,30.3,28.4,22.9,21.5,72,60,76,21,3.2,2.0,N,AM,CRMN MANAUS,S103,-3.02249999,-60.05555555,-9999.0
3547,2018-07-15,04:00,0.0,1003.8,1003.5,1003.1,0,25.3,20.9,26.1,25.8,21.2,21.0,76,74,77,20,2.3,0.0,N,AM,CRMN MANAUS,S103,-3.02249999,-60.05555555,-9999.0
3548,2018-07-15,08:00,0.0,1002.3,1002.9,1002.6,0,23.7,21.8,24.1,23.6,21.6,21.2,88,85,89,19,1.4,0.0,N,AM,CRMN MANAUS,S103,-3.02249999,-60.05555555,-9999.0
3549,2018-07-15,12:00,0.0,1005.0,1004.0,1003.4,0,24.8,22.7,24.1,23.5,22.4,21.9,91,90,88,18,1.5,0.0,N,AM,CRMN MANAUS,S103,-3.02249999,-60.05555555,-9999.0
3550,2018-07-15,16:00,0.0,1004.6,1005.5,1005.2,0,29.9,22.4,29.1,27.4,23.6,22.8,78,69,64,27,3.7,2.0,N,AM,CRMN MANAUS,S103,-3.02249999,-60.05555555,-9999.0
3551,2018-07-15,20:00,-9999.0,-9999.0,-9999.0,-9999.0,-9999,-9999.0,-9999.0,-9999.0,-9999.0,-9999.0,-9999.0,-9999,-9999,-9999,-9999,-9999.0,-9999.0,N,AM,CRMN MANAUS,S103,-3.02249999,-60.05555555,-9999.0
3552,2018-07-16,00:00,0.0,1003.1,1002.3,1001.7,0,23.9,22.2,24.3,23.7,22.3,21.9,91,87,90,20,0.8,0.0,N,AM,CRMN MANAUS,S103,-3.02249999,-60.05555555,-9999.0
3553,2018-07-16,04:00,0.0,1004.5,1004.8,1004.6,0,23.5,21.8,23.6,23.3,22.1,22.0,92,91,90,18,1.2,0.0,N,AM,CRMN MANAUS,S103,-3.02249999,-60.05555555,-9999.0
3554,2018-07-16,08:00,0.0,1003.7,1003.9,1003.6,0,22.3,21.2,23.1,22.9,21.9,21.6,93,92,93,18,0.1,0.0,N,AM,CRMN MANAUS,S103,-3.02249999,-60.05555555,-9999.0
3555,2018-07-16,12:00,0.0,1005.7,1004.7,1004.0,0,24.5,22.3,23.5,22.9,21.9,21.5,92,90,87,20,0.2,0.0,N,AM,CRMN MANAUS,S103,-3.02249999,-60.05555555,-9999.0
3556,2018-07-16,16:00,0.0,1004.9,1006.1,1005.5,0,30.4,21.7,30.3,28.5,22.9,22.1,71,63,60,31,3.8,2.0,N,AM,CRMN MANAUS,S103,-3.02249999,-60.05555555,-9999.0
3557,2018-07-16,20:00,-9999.0,-9999.0,-9999.0,-9999.0,-9999,-9999.0,-9999.0,-9999.0,-9999.0,-9999.0,-9999.0,-9999,-9999,-9999,-9999,-9999.0,-9999.0,N,AM,CRMN MANAUS,S103,-3.02249999,-60.05555555,-9999.0
3558,2018-07-17,00:00,0.0,1003.2,1002.3,1001.6,0,28.4,21.1,29.9,29.0,20.7,20.2,61,56,65,23,2.5,0.0,N,AM,CRMN MANAUS,S103,-3.02249999,-60.05555555,-9999.0
3559,2018-07-17,04:00,0.0,1004.2,1004.3,1004.1,0,25.2,22.2,26.8,26.4,22.2,22.0,77,75,83,22,0.0,0.0,N,AM,CRMN MANAUS,S103,-3.02249999,-60.05555555,-9999.0
3560,2018-07-17,08:00,0.0,1003.2,1003.5,1003.2,0,23.8,21.6,24.5,24.2,21.9,21.7,86,85,87,19,0.0,0.0,N,AM,CRMN MANAUS,S103,-3.02249999,-60.05555555,-9999.0
3561,2018-07-17,12:00,0.0,1005.0,1004.5,1004.0,0,26.4,22.6,24.5,23.3,21.8,21.5,90,85,80,21,1.2,0.0,N,AM,CRMN MANAUS,S103,-3.02249999,-60.05555555,-9999.0
3562,2018-07-17,16:00,0.0,1004.0,1005.1,1004.6,0,31.8,21.7,31.4,30.3,22.4,21.3,62,56,55,29,3.0,1.0,N,AM,CRMN MANAUS,S103,-3.02249999,-60.05555555,-9999.0
3563,2018-07-17,20:00,0.0,1000.9,1002.2,1001.1,0,32.4,19.8,33.0,32.3,21.0,19.6,50,46,47,27,3.6,2.0,N,AM,CRMN MANAUS,S103,-3.02249999,-60.05555555,-9999.0
3564,2018-07-18,00:00,0.0,1001.4,1000.9,1000.5,0,28.9,21.1,30.4,29.3,21.7,19.6,63,53,63,19,1.5,0.0,N,AM,CRMN MANAUS,S103,-3.02249999,-60.05555555,-9999.0
3565,2018-07-18,04:00,0.0,1003.1,1003.0,1002.5,0,25.6,22.5,28.1,26.6,22.0,20.7,76,64,83,18,0.0,0.0,N,AM,CRMN MANAUS,S103,-3.02249999,-60.05555555,-9999.0
3566,2018-07-18,08:00,0.0,1002.1,1002.5,1002.2,0,23.8,21.8,24.7,23.9,22.0,21.7,88,84,88,16,0.0,0.0,N,AM,CRMN MANAUS,S103,-3.02249999,-60.05555555,-9999.0
3567,2018-07-18,12:00,0.0,1004.1,1003.4,1003.0,0,27.4,22.2,25.8,23.8,22.2,21.3,87,78,73,21,1.1,0.0,N,AM,CRMN MANAUS,S103,-3.02249999,-60.05555555,-9999.0
3568,2018-07-18,16:00,0.0,1003.0,1004.1,1003.6,0,31.1,20.9,31.5,30.4,22.0,21.2,59,56,55,25,3.9,1.0,N,AM,CRMN MANAUS,S103,-3.02249999,-60.05555555,-9999.0
3569,2018-07-18,20:00,0.0,999.9,1001.3,1000.3,0,32.2,18.9,33.5,32.6,19.8,17.0,46,38,46,20,4.7,2.0,N,AM,CRMN MANAUS,S103,-3.02249999,-60.05555555,-9999.0
3570,2018-07-19,00:00,-9999.0,-9999.0,-9999.0,-9999.0,-9999,-9999.0,-9999.0,-9999.0,-9999.0,-9999.0,-9999.0,-9999,-9999,-9999,-9999,-9999.0,-9999.0,N,AM,CRMN MANAUS,S103,-3.02249999,-60.05555555,-9999.0
3571,2018-07-19,04:00,0.0,1002.3,1002.3,1002.1,0,25.9,21.7,27.1,26.3,21.9,21.6,76,72,78,14,2.0,1.0,N,AM,CRMN MANAUS,S103,-3.02249999,-60.05555555,-9999.0
3572,2018-07-19,08:00,0.0,1001.5,1001.6,1001.4,0,24.8,21.7,25.3,24.9,21.7,21.6,82,80,83,15,0.9,0.0,N,AM,CRMN MANAUS,S103,-3.02249999,-60.05555555,-9999.0
3573,2018-07-19,12:00,0.0,1002.9,1002.2,1002.0,0,26.7,21.0,25.4,25.0,20.8,20.1,77,73,71,15,2.9,1.0,N,AM,CRMN MANAUS,S103,-3.02249999,-60.05555555,-9999.0
3574,2018-07-19,16:00,0.0,1002.4,1003.5,1003.1,0,31.0,21.4,31.3,30.1,21.7,21.1,59,56,57,19,4.7,3.0,N,AM,CRMN MANAUS,S103,-3.02249999,-60.05555555,-9999.0
3575,2018-07-19,20:00,0.0,999.6,1000.8,999.9,0,27.3,22.5,30.5,29.5,23.0,21.1,68,58,75,15,4.5,3.0,N,AM,CRMN MANAUS,S103,-3.02249999,-60.05555555,-9999.0
3576,2018-07-20,00:00,0.0,1000.8,999.8,999.3,0,26.1,23.3,26.6,26.1,23.7,23.5,86,83,85,15,0.8,0.0,N,AM,CRMN MANAUS,S103,-3.02249999,-60.05555555,-9999.0
3577,2018-07-20,04:00,0.0,1001.6,1001.9,1001.7,0,24.7,22.9,25.2,24.9,23.4,22.9,90,88,90,14,0.9,0.0,N,AM,CRMN MANAUS,S103,-3.02249999,-60.05555555,-9999.0
3578,2018-07-20,08:00,0.0,1000.9,1001.0,1000.7,0,23.7,22.4,24.2,23.9,22.7,22.5,92,91,92,14,0.0,0.0,N,AM,CRMN MANAUS,S103,-3.02249999,-60.05555555,-9999.0
3579,2018-07-20,12:00,0.0,1002.9,1002.2,1001.5,0,26.5,22.5,24.4,23.4,22.2,22.0,92,88,79,15,1.8,1.0,N,AM,CRMN MANAUS,S103,-3.02249999,-60.05555555,-9999.0
3580,2018-07-20,16:00,0.0,1002.3,1003.3,1003.0,0,31.8,21.0,31.5,30.4,22.7,21.3,62,57,53,24,3.4,2.0,N,AM,CRMN MANAUS,S103,-3.02249999,-60.05555555,-9999.0
3581,2018-07-20,20:00,0.0,999.4,1000.6,999.7,0,31.1,21.1,32.7,31.7,21.5,19.2,53,46,55,19,3.1,1.0,N,AM,CRMN MANAUS,S103,-3.02249999,-60.05555555,-9999.0
3582,2018-07-21,00:00,0.0,1000.4,999.8,999.1,0,28.7,22.6,29.9,29.2,22.0,21.6,65,62,70,15,1.7,1.0,N,AM,CRMN MANAUS,S103,-3.02249999,-60.05555555,-9999.0
3583,2018-07-21,04:00,0.0,1001.5,1001.6,1001.4,0,26.8,22.3,27.7,27.4,22.3,22.1,73,72,76,16,1.5,0.0,N,AM,CRMN MANAUS,S103,-3.02249999,-60.05555555,-9999.0
3584,2018-07-21,08:00,0.0,1000.6,1000.8,1000.6,0,24.9,22.6,26.0,25.7,22.6,22.5,83,82,87,15,0.9,0.0,N,AM,CRMN MANAUS,S103,-3.02249999,-60.05555555,-9999.0
3585,2018-07-21,12:00,0.0,1002.5,1001.7,1001.3,0,27.5,21.9,25.8,24.7,22.6,22.3,87,82,72,16,2.2,1.0,N,AM,CRMN MANAUS,S103,-3.02249999,-60.05555555,-9999.0
3586,2018-07-21,16:00,-9999.0,-9999.0,-9999.0,-9999.0,-9999,-9999.0,-9999.0,-9999.0,-9999.0,-9999.0,-9999.0,-9999,-9999,-9999,-9999,-9999.0,-9999.0,N,AM,CRMN MANAUS,S103,-3.02249999,-60.05555555,-9999.0
3587,2018-07-21,20:00,0.0,998.8,1000.1,999.4,0,32.9,18.4,33.4,32.4,20.1,17.4,47,40,42,18,4.3,1.0,N,AM,CRMN MANAUS,S103,-3.02249999,-60.05555555,-9999.0
3588,2018-07-22,00:00,0.0,1000.4,999.8,999.1,0,29.3,20.0,30.7,29.7,20.9,19.8,59,52,57,13,1.9,0.0,N,AM,CRMN MANAUS,S103,-3.02249999,-60.05555555,-9999.0
3589,2018-07-22,04:00,0.0,1002.4,1002.5,1002.0,0,25.8,21.6,28.4,26.2,21.9,20.8,77,64,78,13,0.2,0.0,N,AM,CRMN MANAUS,S103,-3.02249999,-60.05555555,-9999.0
3590,2018-07-22,08:00,0.0,1001.0,1001.2,1000.9,0,24.1,21.4,25.5,24.7,22.2,22.1,86,82,85,12,0.4,0.0,N,AM,CRMN MANAUS,S103,-3.02249999,-60.05555555,-9999.0
3591,2018-07-22,12:00,0.0,1003.3,1002.5,1001.9,0,26.8,21.4,24.6,23.4,21.0,20.5,85,80,73,16,0.8,0.0,N,AM,CRMN MANAUS,S103,-3.02249999,-60.05555555,-9999.0
3592,2018-07-22,16:00,-9999.0,-9999.0,-9999.0,-9999.0,-9999,-9999.0,-9999.0,-9999.0,-9999.0,-9999.0,-9999.0,-9999,-9999,-9999,-9999,-9999.0,-9999.0,N,AM,CRMN MANAUS,S103,-3.02249999,-60.05555555,-9999.0
3593,2018-07-22,20:00,0.0,999.2,1000.8,999.8,0,33.2,18.5,33.7,32.9,18.8,15.7,42,35,42,14,3.5,1.0,N,AM,CRMN MANAUS,S103,-3.02249999,-60.05555555,-9999.0
3594,2018-07-23,00:00,0.0,1000.6,999.9,999.4,0,29.6,19.9,30.8,29.9,20.4,19.8,56,53,56,11,2.1,0.0,N,AM,CRMN MANAUS,S103,-3.02249999,-60.05555555,-9999.0
3595,2018-07-23,04:00,0.0,1002.0,1002.0,1001.8,0,26.2,21.9,28.3,27.4,21.7,21.1,70,66,78,11,0.0,0.0,N,AM,CRMN MANAUS,S103,-3.02249999,-60.05555555,-9999.0
3596,2018-07-23,08:00,0.0,1001.2,1001.3,1001.0,0,25.0,21.4,25.3,24.9,21.7,21.3,82,79,80,11,0.0,0.0,N,AM,CRMN MANAUS,S103,-3.02249999,-60.05555555,-9999.0
3597,2018-07-23,12:00,0.0,1003.6,1002.7,1002.2,0,26.0,22.1,24.9,24.2,21.9,21.6,87,82,79,12,0.0,0.0,N,AM,CRMN MANAUS,S103,-3.02249999,-60.05555555,-9999.0
3598,2018-07-23,16:00,-9999.0,-9999.0,-9999.0,-9999.0,-9999,-9999.0,-9999.0,-9999.0,-9999.0,-9999.0,-9999.0,-9999,-9999,-9999,-9999,-9999.0,-9999.0,N,AM,CRMN MANAUS,S103,-3.02249999,-60.05555555,-9999.0
3599,2018-07-23,20:00,0.0,1000.4,1001.4,1000.6,0,32.4,19.0,33.6,32.8,19.0,17.1,43,38,45,12,2.9,1.0,N,AM,CRMN MANAUS,S103,-3.02249999,-60.05555555,-9999.0
3600,2018-07-24,00:00,0.0,1002.7,1001.7,1001.2,0,29.0,22.4,30.9,29.6,21.1,20.1,60,53,68,11,0.9,0.0,N,AM,CRMN MANAUS,S103,-3.02249999,-60.05555555,-9999.0
3601,2018-07-24,04:00,0.0,1003.7,1003.9,1003.8,0,26.8,22.5,28.5,27.8,22.6,22.2,72,69,78,11,0.0,0.0,N,AM,CRMN MANAUS,S103,-3.02249999,-60.05555555,-9999.0
3602,2018-07-24,08:00,0.0,1002.2,1002.5,1002.2,0,26.5,23.6,26.6,26.3,23.1,22.5,82,78,84,11,0.0,0.0,N,AM,CRMN MANAUS,S103,-3.02249999,-60.05555555,-9999.0
3603,2018-07-24,12:00,0.0,1004.6,1003.8,1003.1,0,27.3,22.6,26.1,25.6,24.2,23.7,90,87,76,11,1.6,1.0,N,AM,CRMN MANAUS,S103,-3.02249999,-60.05555555,-9999.0
3604,2018-07-24,16:00,0.0,1003.6,1005.0,1004.2,0,31.3,20.5,31.7,29.5,22.4,20.4,63,52,52,14,3.3,1.0,N,AM,CRMN MANAUS,S103,-3.02249999,-60.05555555,-9999.0
3605,2018-07-24,20:00,0.0,1000.3,1002.0,1000.7,0,32.0,21.6,32.6,31.1,22.7,20.6,60,50,54,13,1.9,1.0,N,AM,CRMN MANAUS,S103,-3.02249999,-60.05555555,-9999.0
3606,2018-07-25,00:00,0.0,1004.5,1003.1,1002.1,0,26.2,21.8,29.7,29.1,22.5,22.3,68,65,77,9,5.6,3.0,N,AM,CRMN MANAUS,S103,-3.02249999,-60.05555555,-9999.0
3607,2018-07-25,04:00,0.0,1004.3,1005.0,1004.6,0,24.0,21.3,24.5,24.1,21.4,21.2,85,82,85,10,2.8,0.0,N,AM,CRMN MANAUS,S103,-3.02249999,-60.05555555,-9999.0
3608,2018-07-25,08:00,0.0,1003.2,1003.5,1003.1,0,22.9,21.4,23.1,22.9,21.5,21.4,92,91,91,10,0.7,0.0,N,AM,CRMN MANAUS,S103,-3.02249999,-60.05555555,-9999.0
3609,2018-07-25,12:00,0.0,1006.0,1005.0,1004.3,0,23.5,21.7,23.1,22.9,21.6,21.5,92,91,90,10,1.5,0.0,N,AM,CRMN MANAUS,S103,-3.02249999,-60.05555555,-9999.0
3610,2018-07-25,16:00,0.0,1005.3,1006.5,1006.0,0,29.1,22.7,27.1,25.5,22.6,21.7,81,74,68,16,1.7,0.0,N,AM,CRMN MANAUS,S103,-3.02249999,-60.05555555,-9999.0
3611,2018-07-25,20:00,0.0,1001.7,1003.2,1002.2,0,28.3,22.8,31.1,29.6,23.9,22.6,68,63,72,12,3.6,1.0,N,AM,CRMN MANAUS,S103,-3.02249999,-60.05555555,-9999.0
3612,2018-07-26,00:00,0.0,1003.3,1002.7,1001.9,0,28.2,22.3,29.4,28.6,22.1,21.7,68,63,70,12,1.3,0.0,N,AM,CRMN MANAUS,S103,-3.02249999,-60.05555555,-9999.0
3613,2018-07-26,04:00,0.0,1004.7,1005.3,1005.1,0,26.0,23.1,26.5,26.3,23.3,23.2,83,82,84,12,0.6,0.0,N,AM,CRMN MANAUS,S103,-3.02249999,-60.05555555,-9999.0
3614,2018-07-26,08:00,0.0,1003.5,1003.8,1003.3,0,23.9,22.4,24.4,23.9,22.8,22.4,92,90,92,11,1.5,0.0,N,AM,CRMN MANAUS,S103,-3.02249999,-60.05555555,-9999.0
3615,2018-07-26,12:00,0.0,1005.7,1005.1,1004.7,0,25.8,22.7,24.1,23.8,22.4,22.3,91,91,83,12,1.8,1.0,N,AM,CRMN MANAUS,S103,-3.02249999,-60.05555555,-9999.0
3616,2018-07-26,16:00,0.0,1005.6,1006.2,1005.4,0,26.3,23.4,29.4,27.8,24.3,23.3,79,72,84,12,3.0,2.0,N,AM,CRMN MANAUS,S103,-3.02249999,-60.05555555,-9999.0
3617,2018-07-26,20:00,0.0,1001.8,1003.3,1002.3,0,26.9,23.2,27.5,26.6,23.0,22.0,79,74,81,14,2.0,1.0,N,AM,CRMN MANAUS,S103,-3.02249999,-60.05555555,-9999.0
3618,2018-07-27,00:00,0.0,1003.7,1003.0,1002.5,0,24.9,23.2,26.2,25.1,23.3,23.1,89,83,90,13,1.0,0.0,N,AM,CRMN MANAUS,S103,-3.02249999,-60.05555555,-9999.0
3619,2018-07-27,04:00,0.0,1005.0,1005.2,1004.8,0,24.1,22.8,24.4,24.2,23.2,23.0,93,93,92,12,1.5,0.0,N,AM,CRMN MANAUS,S103,-3.02249999,-60.05555555,-9999.0
3620,2018-07-27,08:00,1.0,1003.6,1004.2,1003.5,0,23.2,22.2,23.6,23.4,22.4,22.2,93,93,94,12,2.0,0.0,N,AM,CRMN MANAUS,S103,-3.02249999,-60.05555555,-9999.0
3621,2018-07-27,12:00,1.0,1005.3,1004.9,1004.2,0,24.9,22.6,23.5,23.1,22.4,22.1,94,93,87,14,1.3,0.0,N,AM,CRMN MANAUS,S103,-3.02249999,-60.05555555,-9999.0
3622,2018-07-27,16:00,0.0,1004.9,1006.1,1005.9,0,29.5,23.1,28.1,27.0,23.1,22.3,78,71,68,23,2.2,1.0,N,AM,CRMN MANAUS,S103,-3.02249999,-60.05555555,-9999.0
3623,2018-07-27,20:00,0.0,1001.9,1002.2,1001.2,0,28.0,22.1,29.1,27.8,24.3,23.2,79,71,70,19,3.2,2.0,N,AM,CRMN MANAUS,S103,-3.02249999,-60.05555555,-9999.0
3624,2018-07-28,00:00,0.0,1003.3,1003.1,1002.4,0,24.2,22.4,24.3,24.0,22.5,22.4,91,90,90,14,0.5,0.0,N,AM,CRMN MANAUS,S103,-3.02249999,-60.05555555,-9999.0
3625,2018-07-28,04:00,0.0,1004.6,1005.2,1004.9,0,23.6,22.6,24.0,23.7,22.7,22.5,93,93,94,14,0.3,0.0,N,AM,CRMN MANAUS,S103,-3.02249999,-60.05555555,-9999.0
3626,2018-07-28,08:00,0.0,1002.7,1003.5,1003.0,0,22.8,21.9,22.9,22.8,22.1,21.9,95,95,95,13,1.4,0.0,N,AM,CRMN MANAUS,S103,-3.02249999,-60.05555555,-9999.0
3627,2018-07-28,12:00,0.0,1004.5,1003.6,1003.2,0,24.5,22.6,23.1,22.8,21.8,21.6,93,92,89,15,0.4,0.0,N,AM,CRMN MANAUS,S103,-3.02249999,-60.05555555,-9999.0
3628,2018-07-28,16:00,0.0,1004.0,1005.1,1004.9,0,31.1,22.0,30.5,28.9,23.4,22.3,70,62,58,27,3.5,1.0,N,AM,CRMN MANAUS,S103,-3.02249999,-60.05555555,-9999.0
3629,2018-07-28,20:00,0.0,999.7,1001.4,1000.3,0,32.3,18.9,33.1,29.9,23.7,19.2,66,44,45,28,3.6,1.0,N,AM,CRMN MANAUS,S103,-3.02249999,-60.05555555,-9999.0
3630,2018-07-29,00:00,1.0,1003.0,1001.9,1001.5,0,24.1,22.3,25.3,24.4,22.5,22.0,88,82,90,17,1.5,0.0,N,AM,CRMN MANAUS,S103,-3.02249999,-60.05555555,-9999.0
3631,2018-07-29,04:00,-9999.0,-9999.0,-9999.0,-9999.0,-9999,-9999.0,-9999.0,-9999.0,-9999.0,-9999.0,-9999.0,-9999,-9999,-9999,-9999,-9999.0,-9999.0,N,AM,CRMN MANAUS,S103,-3.02249999,-60.05555555,-9999.0
3632,2018-07-29,08:00,0.0,1001.6,1002.2,1001.8,0,23.7,21.8,23.9,23.7,22.2,22.0,91,90,89,16,1.4,0.0,N,AM,CRMN MANAUS,S103,-3.02249999,-60.05555555,-9999.0
3633,2018-07-29,12:00,0.0,1003.9,1002.9,1002.2,0,26.1,22.4,23.4,22.9,21.6,21.3,91,89,80,19,1.0,0.0,N,AM,CRMN MANAUS,S103,-3.02249999,-60.05555555,-9999.0
3634,2018-07-29,16:00,0.0,1003.1,1004.4,1003.9,0,31.6,22.0,30.6,29.4,22.2,21.3,64,59,57,29,3.6,0.0,N,AM,CRMN MANAUS,S103,-3.02249999,-60.05555555,-9999.0
3635,2018-07-29,20:00,0.0,998.8,1000.7,999.7,0,32.0,22.9,29.7,28.8,23.8,22.8,74,67,58,29,1.8,1.0,N,AM,CRMN MANAUS,S103,-3.02249999,-60.05555555,-9999.0
3636,2018-07-30,00:00,0.0,1001.2,1000.2,999.5,0,26.7,22.7,28.6,27.6,24.4,23.9,81,76,79,18,5.1,2.0,N,AM,CRMN MANAUS,S103,-3.02249999,-60.05555555,-9999.0
3637,2018-07-30,04:00,0.0,1002.9,1003.3,1002.4,0,25.3,23.3,25.8,25.0,23.1,22.4,89,82,89,18,1.1,0.0,N,AM,CRMN MANAUS,S103,-3.02249999,-60.05555555,-9999.0
3638,2018-07-30,08:00,-9999.0,-9999.0,-9999.0,-9999.0,-9999,-9999.0,-9999.0,-9999.0,-9999.0,-9999.0,-9999.0,-9999,-9999,-9999,-9999,-9999.0,-9999.0,N,AM,CRMN MANAUS,S103,-3.02249999,-60.05555555,-9999.0
3639,2018-07-30,12:00,0.0,1002.9,1001.8,1000.9,0,24.6,23.2,24.2,23.9,23.0,22.6,94,92,92,16,1.7,1.0,N,AM,CRMN MANAUS,S103,-3.02249999,-60.05555555,-9999.0
3640,2018-07-30,16:00,0.0,1002.5,1003.6,1003.4,0,30.1,22.9,28.7,27.3,23.9,22.7,81,71,65,25,3.2,1.0,N,AM,CRMN MANAUS,S103,-3.02249999,-60.05555555,-9999.0
3641,2018-07-30,20:00,0.0,1000.4,1000.8,1000.2,0,22.8,21.5,30.1,29.1,23.1,22.3,70,64,92,15,8.0,2.0,N,AM,CRMN MANAUS,S103,-3.02249999,-60.05555555,-9999.0
3642,2018-07-31,00:00,0.0,1000.9,1000.2,999.3,0,23.4,22.2,23.9,23.6,22.1,21.8,91,89,93,17,1.1,0.0,N,AM,CRMN MANAUS,S103,-3.02249999,-60.05555555,-9999.0
3643,2018-07-31,04:00,0.0,1003.6,1003.6,1003.3,0,23.4,22.2,23.6,23.3,22.4,22.0,93,91,93,15,1.4,0.0,N,AM,CRMN MANAUS,S103,-3.02249999,-60.05555555,-9999.0
3644,2018-07-31,08:00,0.0,1002.0,1002.3,1002.2,0,23.2,22.0,23.2,23.0,22.0,21.8,94,93,93,17,0.0,0.0,N,AM,CRMN MANAUS,S103,-3.02249999,-60.05555555,-9999.0
3645,2018-07-31,12:00,0.0,1003.7,1002.9,1002.3,0,26.0,23.1,23.9,23.2,22.3,21.7,92,91,84,19,1.9,0.0,N,AM,CRMN MANAUS,S103,-3.02249999,-60.05555555,-9999.0
3646,2018-07-31,16:00,0.0,1003.2,1004.4,1004.2,0,30.8,22.4,30.5,29.4,23.2,22.5,68,62,61,27,4.7,2.0,N,AM,CRMN MANAUS,S103,-3.02249999,-60.05555555,-9999.0
3647,2018-07-31,20:00,0.0,999.4,1001.2,1000.5,0,29.0,22.6,32.0,29.3,23.0,21.4,67,54,68,25,2.8,1.0,N,AM,CRMN MANAUS,S103,-3.02249999,-60.05555555,-9999.0
3648,2018-08-01,00:00,0.0,1000.9,1000.2,999.2,0,26.1,23.7,27.7,26.6,23.5,23.2,83,76,86,23,0.0,0.0,N,AM,CRMN MANAUS,S103,-3.02249999,-60.05555555,-9999.0
3649,2018-08-01,04:00,0.0,1002.7,1002.6,1002.2,0,24.8,22.8,25.8,25.2,23.9,23.4,90,89,89,20,0.4,0.0,N,AM,CRMN MANAUS,S103,-3.02249999,-60.05555555,-9999.0
3650,2018-08-01,08:00,0.0,1001.4,1001.7,1001.3,0,23.6,22.2,24.3,24.1,22.1,22.0,88,87,92,18,0.8,0.0,N,AM,CRMN MANAUS,S103,-3.02249999,-60.05555555,-9999.0
3651,2018-08-01,12:00,0.0,1003.1,1002.4,1001.9,0,25.7,22.6,24.1,23.1,22.2,21.8,92,88,83,19,1.6,1.0,N,AM,CRMN MANAUS,S103,-3.02249999,-60.05555555,-9999.0
3652,2018-08-01,16:00,0.0,1002.6,1003.7,1003.4,0,31.7,21.6,31.2,29.9,22.5,21.5,64,57,55,30,4.7,1.0,N,AM,CRMN MANAUS,S103,-3.02249999,-60.05555555,-9999.0
3653,2018-08-01,20:00,0.0,999.0,1000.5,999.5,0,32.1,22.3,33.3,32.0,22.8,19.5,57,46,57,29,2.1,1.0,N,AM,CRMN MANAUS,S103,-3.02249999,-60.05555555,-9999.0
3654,2018-08-02,00:00,0.0,1000.8,999.8,999.3,0,29.0,21.9,30.5,29.3,22.5,21.7,67,60,65,24,1.0,0.0,N,AM,CRMN MANAUS,S103,-3.02249999,-60.05555555,-9999.0
3655,2018-08-02,04:00,0.0,1002.5,1002.5,1002.1,0,27.0,23.0,28.1,26.9,23.0,22.6,79,72,79,21,0.7,0.0,N,AM,CRMN MANAUS,S103,-3.02249999,-60.05555555,-9999.0
3656,2018-08-02,08:00,0.0,1001.8,1001.6,1001.5,0,24.7,22.6,25.7,24.6,22.9,22.5,89,84,88,19,0.0,0.0,N,AM,CRMN MANAUS,S103,-3.02249999,-60.05555555,-9999.0
3657,2018-08-02,12:00,0.0,1003.6,1002.8,1002.5,0,26.8,23.8,25.2,24.0,22.3,21.3,86,80,84,19,0.9,0.0,N,AM,CRMN MANAUS,S103,-3.02249999,-60.05555555,-9999.0
3658,2018-08-02,16:00,0.0,1003.0,1004.4,1004.0,0,30.3,23.5,31.8,29.3,24.1,21.5,73,55,67,25,2.6,2.0,N,AM,CRMN MANAUS,S103,-3.02249999,-60.05555555,-9999.0
3659,2018-08-02,20:00,0.0,999.2,1000.4,999.8,0,32.7,19.6,32.7,30.8,21.4,20.4,57,49,46,27,3.1,1.0,N,AM,CRMN MANAUS,S103,-3.02249999,-60.05555555,-9999.0
3660,2018-08-03,00:00,0.0,1001.3,1000.6,999.9,0,27.5,22.8,29.8,29.0,22.0,21.5,65,63,76,21,1.4,0.0,N,AM,CRMN MANAUS,S103,-3.02249999,-60.05555555,-9999.0
3661,2018-08-03,04:00,0.0,1002.5,1002.6,1002.3,0,24.5,22.7,25.8,25.1,23.0,22.6,87,83,90,18,0.7,0.0,N,AM,CRMN MANAUS,S103,-3.02249999,-60.05555555,-9999.0
3662,2018-08-03,08:00,0.0,1001.6,1001.6,1001.2,0,24.0,22.3,24.8,24.2,23.4,22.8,92,91,90,15,1.6,0.0,N,AM,CRMN MANAUS,S103,-3.02249999,-60.05555555,-9999.0
3663,2018-08-03,12:00,-9999.0,-9999.0,-9999.0,-9999.0,-9999,-9999.0,-9999.0,-9999.0,-9999.0,-9999.0,-9999.0,-9999,-9999,-9999,-9999,-9999.0,-9999.0,N,AM,CRMN MANAUS,S103,-3.02249999,-60.05555555,-9999.0
3664,2018-08-03,16:00,0.0,1002.4,1003.6,1003.1,0,31.5,21.7,31.0,30.1,22.9,21.3,64,57,56,26,3.5,2.0,N,AM,CRMN MANAUS,S103,-3.02249999,-60.05555555,-9999.0
3665,2018-08-03,20:00,0.0,998.4,1000.2,999.2,0,32.3,21.3,32.6,31.6,21.9,20.7,56,50,52,27,2.1,0.0,N,AM,CRMN MANAUS,S103,-3.02249999,-60.05555555,-9999.0
3666,2018-08-04,00:00,0.0,1000.0,999.5,998.5,0,28.9,22.7,30.8,29.4,22.7,21.7,67,59,69,20,1.5,0.0,N,AM,CRMN MANAUS,S103,-3.02249999,-60.05555555,-9999.0
3667,2018-08-04,04:00,0.0,1001.0,1001.4,1001.2,0,26.5,22.6,27.6,27.1,22.5,22.2,76,72,79,18,1.1,0.0,N,AM,CRMN MANAUS,S103,-3.02249999,-60.05555555,-9999.0
3668,2018-08-04,08:00,0.0,1001.1,1000.9,1000.6,0,24.3,22.3,24.9,24.3,22.6,22.3,90,86,89,16,0.6,0.0,N,AM,CRMN MANAUS,S103,-3.02249999,-60.05555555,-9999.0
3669,2018-08-04,12:00,0.0,1003.4,1002.7,1002.2,0,27.0,22.6,24.7,23.3,22.7,21.8,92,87,77,18,0.6,0.0,N,AM,CRMN MANAUS,S103,-3.02249999,-60.05555555,-9999.0
3670,2018-08-04,16:00,0.0,1002.6,1004.0,1003.6,0,31.4,21.2,31.6,30.6,21.5,20.6,57,54,55,21,4.2,2.0,N,AM,CRMN MANAUS,S103,-3.02249999,-60.05555555,-9999.0
3671,2018-08-04,20:00,-9999.0,-9999.0,-9999.0,-9999.0,-9999,-9999.0,-9999.0,-9999.0,-9999.0,-9999.0,-9999.0,-9999,-9999,-9999,-9999,-9999.0,-9999.0,N,AM,CRMN MANAUS,S103,-3.02249999,-60.05555555,-9999.0
3672,2018-08-05,00:00,0.0,1001.3,1000.8,999.8,0,24.1,20.7,25.8,25.5,20.4,19.6,73,70,81,16,0.9,0.0,N,AM,CRMN MANAUS,S103,-3.02249999,-60.05555555,-9999.0
3673,2018-08-05,04:00,0.0,1002.6,1002.4,1002.1,0,24.0,20.5,24.2,23.9,20.8,20.5,83,80,81,15,0.6,0.0,N,AM,CRMN MANAUS,S103,-3.02249999,-60.05555555,-9999.0
3674,2018-08-05,08:00,0.0,1000.9,1001.5,1001.2,0,23.4,21.3,23.9,23.4,21.5,20.8,87,84,88,14,1.1,0.0,N,AM,CRMN MANAUS,S103,-3.02249999,-60.05555555,-9999.0
3675,2018-08-05,12:00,0.0,1003.1,1002.3,1001.4,0,26.5,22.2,23.6,22.6,21.6,20.9,91,89,77,15,2.5,1.0,N,AM,CRMN MANAUS,S103,-3.02249999,-60.05555555,-9999.0
3676,2018-08-05,16:00,0.0,1002.1,1003.1,1002.8,0,31.8,20.5,31.6,29.9,22.2,21.3,62,55,51,22,5.9,4.0,N,AM,CRMN MANAUS,S103,-3.02249999,-60.05555555,-9999.0
3677,2018-08-05,20:00,0.0,999.1,1000.2,999.4,0,32.3,20.1,33.6,32.5,20.6,19.5,49,44,49,17,5.1,1.0,N,AM,CRMN MANAUS,S103,-3.02249999,-60.05555555,-9999.0
3678,2018-08-06,00:00,0.0,1001.1,1000.4,999.9,0,29.6,21.4,31.4,29.9,21.5,20.3,60,52,61,15,1.0,0.0,N,AM,CRMN MANAUS,S103,-3.02249999,-60.05555555,-9999.0
3679,2018-08-06,04:00,0.0,1003.0,1002.8,1002.5,0,27.1,22.6,28.5,27.7,22.4,22.1,72,68,76,15,0.7,0.0,N,AM,CRMN MANAUS,S103,-3.02249999,-60.05555555,-9999.0
3680,2018-08-06,08:00,0.0,1002.1,1002.3,1002.1,0,24.6,21.8,26.4,24.7,22.6,22.2,86,79,84,14,0.8,0.0,N,AM,CRMN MANAUS,S103,-3.02249999,-60.05555555,-9999.0
3681,2018-08-06,12:00,0.0,1004.8,1003.8,1003.3,0,27.1,22.5,24.8,24.2,22.0,21.7,87,84,76,16,1.5,0.0,N,AM,CRMN MANAUS,S103,-3.02249999,-60.05555555,-9999.0
3682,2018-08-06,16:00,0.0,1004.1,1005.5,1005.1,0,31.3,23.1,30.6,29.2,23.2,22.2,69,62,62,21,3.6,0.0,N,AM,CRMN MANAUS,S103,-3.02249999,-60.05555555,-9999.0
3683,2018-08-06,20:00,0.0,1000.4,1001.3,1000.6,0,29.0,23.5,33.3,30.4,23.5,18.8,67,43,72,15,3.4,1.0,N,AM,CRMN MANAUS,S103,-3.02249999,-60.05555555,-9999.0
3684,2018-08-07,00:00,0.0,1002.7,1002.5,1001.8,0,25.1,22.5,27.4,25.8,23.8,22.7,83,81,86,14,2.3,0.0,N,AM,CRMN MANAUS,S103,-3.02249999,-60.05555555,-9999.0
3685,2018-08-07,04:00,0.0,1003.4,1003.5,1003.4,0,24.0,21.8,24.6,24.2,22.4,21.8,88,86,88,14,1.2,0.0,N,AM,CRMN MANAUS,S103,-3.02249999,-60.05555555,-9999.0
3686,2018-08-07,08:00,0.0,1002.1,1002.7,1002.3,0,23.4,21.7,23.8,23.6,21.3,21.1,87,86,90,13,0.0,0.0,N,AM,CRMN MANAUS,S103,-3.02249999,-60.05555555,-9999.0
3687,2018-08-07,12:00,0.0,1004.6,1004.0,1002.9,0,26.1,22.0,24.0,23.1,21.5,21.2,89,86,78,16,1.7,0.0,N,AM,CRMN MANAUS,S103,-3.02249999,-60.05555555,-9999.0
3688,2018-08-07,16:00,0.0,1003.5,1004.9,1004.4,0,30.5,22.1,30.4,29.6,23.1,22.0,67,62,61,20,2.4,1.0,N,AM,CRMN MANAUS,S103,-3.02249999,-60.05555555,-9999.0
3689,2018-08-07,20:00,0.0,1000.1,1001.2,1000.4,0,28.7,23.9,30.0,29.2,23.7,22.1,69,64,75,17,2.5,2.0,N,AM,CRMN MANAUS,S103,-3.02249999,-60.05555555,-9999.0
3690,2018-08-08,00:00,0.0,1001.8,1002.0,1001.2,0,25.4,23.0,27.3,25.7,23.5,23.0,85,77,87,16,0.8,0.0,N,AM,CRMN MANAUS,S103,-3.02249999,-60.05555555,-9999.0
3691,2018-08-08,04:00,0.0,1003.5,1003.3,1003.0,0,23.8,21.4,24.8,24.4,22.8,22.2,89,88,87,13,1.9,1.0,N,AM,CRMN MANAUS,S103,-3.02249999,-60.05555555,-9999.0
3692,2018-08-08,08:00,0.0,1002.4,1002.7,1002.4,0,23.0,21.5,23.2,22.9,21.2,21.0,89,88,91,13,0.7,0.0,N,AM,CRMN MANAUS,S103,-3.02249999,-60.05555555,-9999.0
3693,2018-08-08,12:00,0.0,1005.5,1004.6,1003.9,0,25.4,22.1,23.7,23.0,21.7,21.3,91,88,82,15,1.7,1.0,N,AM,CRMN MANAUS,S103,-3.02249999,-60.05555555,-9999.0
3694,2018-08-08,16:00,0.0,1004.6,1005.8,1005.3,0,31.8,21.8,31.2,28.5,23.3,21.9,72,60,55,21,5.3,3.0,N,AM,CRMN MANAUS,S103,-3.02249999,-60.05555555,-9999.0
3695,2018-08-08,20:00,0.0,1001.3,1002.1,1001.4,0,32.9,21.0,33.5,32.5,21.5,20.1,51,47,50,20,3.6,1.0,N,AM,CRMN MANAUS,S103,-3.02249999,-60.05555555,-9999.0
3696,2018-08-09,00:00,0.0,1003.4,1002.7,1002.1,0,29.8,22.5,31.0,30.2,22.2,21.5,62,58,65,17,1.7,0.0,N,AM,CRMN MANAUS,S103,-3.02249999,-60.05555555,-9999.0
3697,2018-08-09,04:00,0.0,1004.3,1004.7,1004.0,0,26.6,23.1,28.4,26.5,23.6,23.0,84,73,81,15,0.9,0.0,N,AM,CRMN MANAUS,S103,-3.02249999,-60.05555555,-9999.0
3698,2018-08-09,08:00,0.0,1003.5,1003.8,1003.4,0,24.3,22.6,24.9,24.5,22.7,22.6,90,88,90,14,1.0,0.0,N,AM,CRMN MANAUS,S103,-3.02249999,-60.05555555,-9999.0
3699,2018-08-09,12:00,0.0,1006.1,1005.1,1004.6,0,26.1,23.0,24.4,23.7,22.4,22.2,92,88,83,15,2.3,1.0,N,AM,CRMN MANAUS,S103,-3.02249999,-60.05555555,-9999.0
3700,2018-08-09,16:00,0.0,1004.8,1005.9,1005.4,0,32.7,20.4,32.2,30.8,22.1,20.6,58,51,48,21,5.1,3.0,N,AM,CRMN MANAUS,S103,-3.02249999,-60.05555555,-9999.0
3701,2018-08-09,20:00,0.0,1001.4,1002.6,1001.6,0,33.1,20.1,33.9,33.0,21.1,19.3,49,42,47,18,3.5,2.0,N,AM,CRMN MANAUS,S103,-3.02249999,-60.05555555,-9999.0
3702,2018-08-10,00:00,0.0,1002.9,1001.9,1001.4,0,28.8,22.1,30.2,29.0,22.6,22.2,67,63,67,15,0.0,0.0,N,AM,CRMN MANAUS,S103,-3.02249999,-60.05555555,-9999.0
3703,2018-08-10,04:00,1.0,1004.5,1004.4,1004.1,0,24.8,23.4,26.7,24.9,23.2,22.5,88,78,92,14,0.5,0.0,N,AM,CRMN MANAUS,S103,-3.02249999,-60.05555555,-9999.0
3704,2018-08-10,08:00,0.0,1003.4,1003.9,1003.5,0,24.2,22.3,25.2,24.3,23.0,22.5,91,87,89,13,0.0,0.0,N,AM,CRMN MANAUS,S103,-3.02249999,-60.05555555,-9999.0
3705,2018-08-10,12:00,0.0,1005.9,1005.0,1004.4,0,26.5,23.2,24.7,23.9,23.0,22.5,92,90,82,14,1.0,0.0,N,AM,CRMN MANAUS,S103,-3.02249999,-60.05555555,-9999.0
3706,2018-08-10,16:00,0.0,1004.5,1005.8,1005.2,0,31.7,21.1,31.5,29.9,22.2,21.1,63,55,54,19,4.0,2.0,N,AM,CRMN MANAUS,S103,-3.02249999,-60.05555555,-9999.0
3707,2018-08-10,20:00,0.0,1000.4,1002.0,1000.8,0,31.5,22.1,32.6,31.0,23.0,21.3,61,53,58,19,1.9,1.0,N,AM,CRMN MANAUS,S103,-3.02249999,-60.05555555,-9999.0
3708,2018-08-11,00:00,-9999.0,-9999.0,-9999.0,-9999.0,-9999,-9999.0,-9999.0,-9999.0,-9999.0,-9999.0,-9999.0,-9999,-9999,-9999,-9999,-9999.0,-9999.0,N,AM,CRMN MANAUS,S103,-3.02249999,-60.05555555,-9999.0
3709,2018-08-11,04:00,-9999.0,-9999.0,-9999.0,-9999.0,-9999,-9999.0,-9999.0,-9999.0,-9999.0,-9999.0,-9999.0,-9999,-9999,-9999,-9999,-9999.0,-9999.0,N,AM,CRMN MANAUS,S103,-3.02249999,-60.05555555,-9999.0
3710,2018-08-11,08:00,-9999.0,-9999.0,-9999.0,-9999.0,-9999,-9999.0,-9999.0,-9999.0,-9999.0,-9999.0,-9999.0,-9999,-9999,-9999,-9999,-9999.0,-9999.0,N,AM,CRMN MANAUS,S103,-3.02249999,-60.05555555,-9999.0
3711,2018-08-11,12:00,0.0,1005.8,1005.2,1004.5,0,26.8,24.1,25.3,24.0,23.4,22.5,92,89,85,16,0.9,0.0,N,AM,CRMN MANAUS,S103,-3.02249999,-60.05555555,-9999.0
3712,2018-08-11,16:00,0.0,1005.0,1006.5,1006.1,0,29.9,23.9,29.7,28.0,24.6,23.9,80,71,70,17,2.5,2.0,N,AM,CRMN MANAUS,S103,-3.02249999,-60.05555555,-9999.0
3713,2018-08-11,20:00,0.0,1001.3,1002.5,1001.6,0,29.0,22.2,32.3,29.0,23.4,21.8,70,56,67,16,3.8,1.0,N,AM,CRMN MANAUS,S103,-3.02249999,-60.05555555,-9999.0
3714,2018-08-12,00:00,0.0,1003.6,1002.5,1001.4,0,26.5,23.0,27.3,26.2,23.1,22.7,82,76,81,15,1.1,0.0,N,AM,CRMN MANAUS,S103,-3.02249999,-60.05555555,-9999.0
3715,2018-08-12,04:00,0.0,1005.0,1005.9,1005.3,0,25.0,22.4,25.2,24.9,23.2,22.7,89,87,85,14,1.0,0.0,N,AM,CRMN MANAUS,S103,-3.02249999,-60.05555555,-9999.0
3716,2018-08-12,08:00,0.0,1003.4,1004.3,1003.8,0,25.1,22.9,25.3,25.0,23.3,22.9,90,87,88,14,0.6,0.0,N,AM,CRMN MANAUS,S103,-3.02249999,-60.05555555,-9999.0
3717,2018-08-12,12:00,0.0,1005.1,1004.2,1004.0,0,28.0,23.6,24.9,24.2,23.3,22.6,92,90,77,17,0.0,0.0,N,AM,CRMN MANAUS,S103,-3.02249999,-60.05555555,-9999.0
3718,2018-08-12,16:00,0.0,1004.6,1005.7,1005.3,0,30.4,23.0,30.8,29.8,23.9,22.4,70,61,65,21,2.1,0.0,N,AM,CRMN MANAUS,S103,-3.02249999,-60.05555555,-9999.0
3719,2018-08-12,20:00,0.0,1000.3,1002.1,1000.9,0,31.1,22.6,32.6,31.1,23.2,22.0,61,55,61,19,2.7,1.0,N,AM,CRMN MANAUS,S103,-3.02249999,-60.05555555,-9999.0
3720,2018-08-13,00:00,0.0,1002.0,1001.3,1000.5,0,26.7,21.3,27.6,27.1,22.0,20.5,74,65,72,17,0.7,0.0,N,AM,CRMN MANAUS,S103,-3.02249999,-60.05555555,-9999.0
3721,2018-08-13,04:00,0.0,1003.6,1004.1,1003.8,0,24.7,22.3,25.4,24.8,22.4,21.6,85,81,86,15,1.9,0.0,N,AM,CRMN MANAUS,S103,-3.02249999,-60.05555555,-9999.0
3722,2018-08-13,08:00,0.0,1002.0,1002.6,1002.3,0,24.1,21.9,25.0,24.7,22.3,21.8,86,83,87,15,1.6,0.0,N,AM,CRMN MANAUS,S103,-3.02249999,-60.05555555,-9999.0
3723,2018-08-13,12:00,0.0,1003.8,1003.2,1002.3,0,25.3,22.9,24.4,23.9,21.9,21.7,87,86,86,15,1.3,0.0,N,AM,CRMN MANAUS,S103,-3.02249999,-60.05555555,-9999.0
3724,2018-08-13,16:00,0.0,1003.3,1004.6,1003.9,0,29.1,23.1,27.7,27.3,23.7,23.0,80,76,70,19,2.2,1.0,N,AM,CRMN MANAUS,S103,-3.02249999,-60.05555555,-9999.0
3725,2018-08-13,20:00,0.0,998.7,1000.4,999.1,0,30.0,23.3,30.1,29.2,23.3,22.7,70,66,67,20,3.4,2.0,N,AM,CRMN MANAUS,S103,-3.02249999,-60.05555555,-9999.0
3726,2018-08-14,00:00,1.0,999.6,999.1,998.5,0,24.5,22.4,25.1,24.6,22.9,21.1,89,80,88,16,1.8,0.0,N,AM,CRMN MANAUS,S103,-3.02249999,-60.05555555,-9999.0
3727,2018-08-14,04:00,0.0,1002.3,1002.8,1002.0,0,24.3,22.8,24.5,24.4,22.6,22.5,90,89,91,15,1.1,0.0,N,AM,CRMN MANAUS,S103,-3.02249999,-60.05555555,-9999.0
3728,2018-08-14,08:00,0.0,1000.8,1000.8,1000.6,0,23.9,22.4,24.1,23.8,22.7,22.4,93,91,91,15,1.0,0.0,N,AM,CRMN MANAUS,S103,-3.02249999,-60.05555555,-9999.0
3729,2018-08-14,12:00,0.0,1003.1,1002.3,1001.6,0,26.4,23.3,24.3,23.3,22.8,22.0,93,91,83,16,1.2,0.0,N,AM,CRMN MANAUS,S103,-3.02249999,-60.05555555,-9999.0
3730,2018-08-14,16:00,0.0,1002.7,1003.8,1003.6,0,31.2,22.2,30.5,28.5,24.3,21.9,78,61,59,24,3.9,2.0,N,AM,CRMN MANAUS,S103,-3.02249999,-60.05555555,-9999.0
3731,2018-08-14,20:00,0.0,998.5,999.8,998.8,0,33.1,19.8,33.4,32.5,22.0,19.6,53,45,46,23,4.0,2.0,N,AM,CRMN MANAUS,S103,-3.02249999,-60.05555555,-9999.0
3732,2018-08-15,00:00,0.0,1000.6,999.9,999.4,0,29.6,22.0,30.6,30.0,22.2,21.8,63,60,63,17,1.9,0.0,N,AM,CRMN MANAUS,S103,-3.02249999,-60.05555555,-9999.0
3733,2018-08-15,04:00,0.0,1002.6,1002.4,1001.7,0,25.3,22.8,28.9,26.1,22.0,20.3,78,60,86,14,2.2,1.0,N,AM,CRMN MANAUS,S103,-3.02249999,-60.05555555,-9999.0
3734,2018-08-15,08:00,0.0,1002.0,1002.0,1001.6,0,24.6,22.0,24.8,24.6,22.2,22.0,86,85,86,15,0.6,0.0,N,AM,CRMN MANAUS,S103,-3.02249999,-60.05555555,-9999.0
3735,2018-08-15,12:00,0.0,1003.9,1002.9,1002.6,0,26.8,23.0,25.4,23.7,22.9,22.2,91,86,80,16,1.5,1.0,N,AM,CRMN MANAUS,S103,-3.02249999,-60.05555555,-9999.0
3736,2018-08-15,16:00,0.0,1003.5,1004.4,1004.1,0,32.0,21.9,32.3,30.8,22.5,20.0,61,49,55,25,2.8,1.0,N,AM,CRMN MANAUS,S103,-3.02249999,-60.05555555,-9999.0
3737,2018-08-15,20:00,0.0,1000.5,1001.4,1000.8,0,31.1,20.6,32.7,31.4,23.0,21.6,59,54,54,19,3.5,2.0,N,AM,CRMN MANAUS,S103,-3.02249999,-60.05555555,-9999.0
3738,2018-08-16,00:00,0.0,1002.1,1001.3,1000.8,0,29.7,22.0,30.3,29.7,22.4,21.3,64,59,63,15,1.0,0.0,N,AM,CRMN MANAUS,S103,-3.02249999,-60.05555555,-9999.0
3739,2018-08-16,04:00,0.0,1004.7,1004.8,1004.2,0,27.5,22.6,28.8,27.9,22.5,22.2,72,69,75,14,3.1,2.0,N,AM,CRMN MANAUS,S103,-3.02249999,-60.05555555,-9999.0
3740,2018-08-16,08:00,0.0,1003.8,1003.9,1003.6,0,24.7,19.7,26.0,25.4,20.5,19.7,73,71,74,13,3.2,2.0,N,AM,CRMN MANAUS,S103,-3.02249999,-60.05555555,-9999.0
3741,2018-08-16,12:00,0.0,1006.1,1005.3,1004.8,0,25.6,21.1,24.2,23.6,20.9,20.5,83,81,76,14,4.1,2.0,N,AM,CRMN MANAUS,S103,-3.02249999,-60.05555555,-9999.0
3742,2018-08-16,16:00,0.0,1005.2,1006.5,1006.1,0,31.6,21.0,30.9,28.9,21.9,20.7,65,56,54,19,4.7,2.0,N,AM,CRMN MANAUS,S103,-3.02249999,-60.05555555,-9999.0
3743,2018-08-16,20:00,0.0,1002.5,1003.4,1002.9,0,32.7,20.5,33.7,32.1,21.4,19.6,52,45,49,17,4.5,1.0,N,AM,CRMN MANAUS,S103,-3.02249999,-60.05555555,-9999.0
3744,2018-08-17,00:00,0.0,1003.9,1003.3,1002.8,0,29.6,21.8,30.9,29.9,21.5,21.2,61,57,63,13,1.8,1.0,N,AM,CRMN MANAUS,S103,-3.02249999,-60.05555555,-9999.0
3745,2018-08-17,04:00,0.0,1006.0,1006.1,1005.5,0,28.0,21.9,28.9,28.5,22.0,21.8,68,66,70,12,1.3,0.0,N,AM,CRMN MANAUS,S103,-3.02249999,-60.05555555,-9999.0
3746,2018-08-17,08:00,0.0,1004.8,1004.7,1004.5,0,25.4,22.7,25.9,25.6,22.8,22.4,84,82,85,12,0.0,0.0,N,AM,CRMN MANAUS,S103,-3.02249999,-60.05555555,-9999.0
3747,2018-08-17,12:00,0.0,1006.9,1006.1,1005.2,0,28.2,23.6,26.0,24.5,23.2,22.5,90,83,76,15,1.5,1.0,N,AM,CRMN MANAUS,S103,-3.02249999,-60.05555555,-9999.0
3748,2018-08-17,16:00,0.0,1005.9,1007.0,1006.6,0,32.8,20.1,32.5,30.7,22.4,20.9,60,52,47,19,4.9,2.0,N,AM,CRMN MANAUS,S103,-3.02249999,-60.05555555,-9999.0
3749,2018-08-17,20:00,0.0,1001.9,1003.0,1002.3,0,32.7,20.7,34.2,32.2,21.4,19.7,52,43,50,15,3.9,1.0,N,AM,CRMN MANAUS,S103,-3.02249999,-60.05555555,-9999.0
3750,2018-08-18,00:00,0.0,1004.0,1003.1,1002.2,0,27.9,23.0,30.9,29.4,21.7,20.8,63,55,75,11,1.7,1.0,N,AM,CRMN MANAUS,S103,-3.02249999,-60.05555555,-9999.0
3751,2018-08-18,04:00,0.0,1005.1,1005.3,1005.0,0,26.7,21.7,27.8,27.1,22.7,22.3,76,74,74,12,1.3,0.0,N,AM,CRMN MANAUS,S103,-3.02249999,-60.05555555,-9999.0
3752,2018-08-18,08:00,0.0,1003.8,1004.2,1003.8,0,24.7,21.9,25.9,25.0,22.1,21.9,84,79,85,12,1.0,0.0,N,AM,CRMN MANAUS,S103,-3.02249999,-60.05555555,-9999.0
3753,2018-08-18,12:00,0.0,1005.4,1005.1,1004.4,0,27.7,23.0,25.7,24.9,22.6,22.3,86,83,76,13,2.1,1.0,N,AM,CRMN MANAUS,S103,-3.02249999,-60.05555555,-9999.0
3754,2018-08-18,16:00,0.0,1004.3,1006.1,1005.7,0,31.0,20.8,31.2,30.5,23.2,22.1,65,59,55,16,5.0,3.0,N,AM,CRMN MANAUS,S103,-3.02249999,-60.05555555,-9999.0
3755,2018-08-18,20:00,0.0,1000.0,1001.7,1001.0,0,32.4,19.9,32.7,31.0,22.9,21.0,62,51,48,15,3.8,1.0,N,AM,CRMN MANAUS,S103,-3.02249999,-60.05555555,-9999.0
3756,2018-08-19,00:00,0.0,1002.4,1001.9,1001.3,0,25.3,22.6,27.8,26.0,22.9,22.0,83,70,85,10,2.8,1.0,N,AM,CRMN MANAUS,S103,-3.02249999,-60.05555555,-9999.0
3757,2018-08-19,04:00,0.0,1004.3,1004.3,1003.6,0,24.1,22.5,24.8,24.3,22.6,22.5,90,87,91,11,1.7,0.0,N,AM,CRMN MANAUS,S103,-3.02249999,-60.05555555,-9999.0
3758,2018-08-19,08:00,0.0,1002.7,1003.0,1002.3,0,24.0,22.1,24.5,24.1,22.2,22.1,89,87,89,11,1.0,0.0,N,AM,CRMN MANAUS,S103,-3.02249999,-60.05555555,-9999.0
3759,2018-08-19,12:00,0.0,1004.7,1003.9,1003.5,0,27.2,22.0,25.1,24.1,22.2,21.9,87,84,73,12,3.1,2.0,N,AM,CRMN MANAUS,S103,-3.02249999,-60.05555555,-9999.0
3760,2018-08-19,16:00,0.0,1004.1,1005.4,1005.1,0,32.2,20.6,32.2,30.9,22.0,20.7,59,52,50,16,6.6,4.0,N,AM,CRMN MANAUS,S103,-3.02249999,-60.05555555,-9999.0
3761,2018-08-19,20:00,10.0,1001.5,1002.2,1001.3,0,24.3,21.2,32.6,24.0,23.6,20.7,89,50,83,11,4.0,2.0,N,AM,CRMN MANAUS,S103,-3.02249999,-60.05555555,-9999.0
3762,2018-08-20,00:00,0.0,1003.0,1002.3,1001.1,0,25.1,21.9,24.8,23.9,22.2,21.1,89,81,82,12,1.3,0.0,N,AM,CRMN MANAUS,S103,-3.02249999,-60.05555555,-9999.0
3763,2018-08-20,04:00,0.0,1004.5,1004.7,1003.9,0,24.5,22.5,24.9,24.3,22.6,22.0,90,85,89,13,0.0,0.0,N,AM,CRMN MANAUS,S103,-3.02249999,-60.05555555,-9999.0
3764,2018-08-20,08:00,0.0,1003.0,1003.3,1003.2,0,23.5,22.2,23.7,23.4,22.4,22.2,93,92,92,11,1.0,0.0,N,AM,CRMN MANAUS,S103,-3.02249999,-60.05555555,-9999.0
3765,2018-08-20,12:00,0.0,1005.5,1004.3,1004.0,0,26.5,23.5,24.0,23.0,22.3,21.7,93,89,84,13,2.0,1.0,N,AM,CRMN MANAUS,S103,-3.02249999,-60.05555555,-9999.0
3766,2018-08-20,16:00,0.0,1004.6,1005.6,1005.3,0,31.3,21.9,30.7,28.8,23.5,22.5,73,63,58,18,4.7,3.0,N,AM,CRMN MANAUS,S103,-3.02249999,-60.05555555,-9999.0
3767,2018-08-20,20:00,0.0,1000.7,1002.3,1001.2,0,32.3,20.9,32.7,31.6,22.0,20.2,56,48,51,17,5.5,3.0,N,AM,CRMN MANAUS,S103,-3.02249999,-60.05555555,-9999.0
3768,2018-08-21,00:00,0.0,1002.3,1001.4,1000.6,0,29.3,22.4,30.7,29.9,22.1,21.6,63,59,67,14,1.4,0.0,N,AM,CRMN MANAUS,S103,-3.02249999,-60.05555555,-9999.0
3769,2018-08-21,04:00,0.0,1004.5,1004.3,1003.9,0,27.7,20.9,28.2,27.9,22.0,21.2,70,67,66,13,2.7,1.0,N,AM,CRMN MANAUS,S103,-3.02249999,-60.05555555,-9999.0
3770,2018-08-21,08:00,0.0,1003.7,1003.6,1003.5,0,25.9,20.3,26.4,25.8,20.7,20.2,72,69,71,13,1.6,0.0,N,AM,CRMN MANAUS,S103,-3.02249999,-60.05555555,-9999.0
3771,2018-08-21,12:00,0.0,1006.0,1005.4,1004.6,0,28.7,23.0,25.3,24.1,21.9,21.2,85,81,71,16,0.8,0.0,N,AM,CRMN MANAUS,S103,-3.02249999,-60.05555555,-9999.0
3772,2018-08-21,16:00,0.0,1005.2,1006.0,1005.9,0,32.4,20.7,32.2,31.4,21.8,20.4,56,51,50,17,6.0,2.0,N,AM,CRMN MANAUS,S103,-3.02249999,-60.05555555,-9999.0
3773,2018-08-21,20:00,0.0,1001.3,1002.7,1001.9,0,32.9,18.8,33.6,32.5,19.5,17.9,45,40,43,15,4.0,1.0,N,AM,CRMN MANAUS,S103,-3.02249999,-60.05555555,-9999.0
3774,2018-08-22,00:00,0.0,1003.0,1002.0,1001.3,0,30.0,19.8,31.2,30.2,19.5,19.0,53,49,54,11,1.3,0.0,N,AM,CRMN MANAUS,S103,-3.02249999,-60.05555555,-9999.0
3775,2018-08-22,04:00,0.0,1004.3,1004.6,1004.3,0,27.3,21.8,28.8,28.1,21.5,20.8,67,62,72,11,1.6,0.0,N,AM,CRMN MANAUS,S103,-3.02249999,-60.05555555,-9999.0
3776,2018-08-22,08:00,0.0,1003.7,1003.7,1003.5,0,24.9,22.9,25.0,24.8,22.6,22.1,87,85,89,11,0.0,0.0,N,AM,CRMN MANAUS,S103,-3.02249999,-60.05555555,-9999.0
3777,2018-08-22,12:00,0.0,1005.9,1005.4,1004.4,0,25.6,23.0,25.3,24.4,23.0,22.1,88,86,85,11,3.6,3.0,N,AM,CRMN MANAUS,S103,-3.02249999,-60.05555555,-9999.0
3778,2018-08-22,16:00,0.0,1005.1,1006.6,1006.1,0,29.1,23.3,27.4,26.6,23.5,22.8,81,78,71,14,3.3,1.0,N,AM,CRMN MANAUS,S103,-3.02249999,-60.05555555,-9999.0
3779,2018-08-22,20:00,0.0,1001.0,1002.3,1001.6,0,27.2,22.3,32.2,30.4,23.9,20.6,67,51,75,12,4.4,1.0,N,AM,CRMN MANAUS,S103,-3.02249999,-60.05555555,-9999.0
3780,2018-08-23,00:00,0.0,1002.4,1002.1,1001.4,0,24.9,21.9,26.2,25.5,22.5,21.9,83,77,84,12,1.5,0.0,N,AM,CRMN MANAUS,S103,-3.02249999,-60.05555555,-9999.0
3781,2018-08-23,04:00,0.0,1003.5,1003.8,1003.3,0,24.4,21.1,24.9,24.6,21.7,20.9,83,79,82,12,0.8,0.0,N,AM,CRMN MANAUS,S103,-3.02249999,-60.05555555,-9999.0
3782,2018-08-23,08:00,0.0,1001.8,1002.4,1001.8,0,23.4,21.7,23.9,23.5,21.8,21.4,89,87,90,11,1.3,0.0,N,AM,CRMN MANAUS,S103,-3.02249999,-60.05555555,-9999.0
3783,2018-08-23,12:00,0.0,1004.5,1003.4,1002.7,0,24.3,23.4,23.1,22.7,22.1,21.4,94,92,94,11,1.5,0.0,N,AM,CRMN MANAUS,S103,-3.02249999,-60.05555555,-9999.0
3784,2018-08-23,16:00,0.0,1003.4,1005.2,1004.8,0,30.0,23.4,29.2,28.0,24.2,23.1,77,72,68,18,2.3,0.0,N,AM,CRMN MANAUS,S103,-3.02249999,-60.05555555,-9999.0
3785,2018-08-23,20:00,0.0,1000.6,1002.1,1001.0,0,26.0,23.4,24.4,23.4,23.2,22.3,94,93,86,13,2.6,0.0,N,AM,CRMN MANAUS,S103,-3.02249999,-60.05555555,-9999.0
3786,2018-08-24,00:00,0.0,1001.7,1001.3,1001.0,0,24.1,22.2,24.9,24.4,22.1,21.8,86,84,89,13,0.0,0.0,N,AM,CRMN MANAUS,S103,-3.02249999,-60.05555555,-9999.0
3787,2018-08-24,04:00,0.0,1002.5,1003.1,1002.8,0,24.0,22.3,24.6,24.4,22.4,22.2,88,87,90,13,0.8,0.0,N,AM,CRMN MANAUS,S103,-3.02249999,-60.05555555,-9999.0
3788,2018-08-24,08:00,0.0,1001.0,1001.1,1000.8,0,22.6,21.6,23.2,23.0,22.1,21.8,94,93,94,12,0.7,0.0,N,AM,CRMN MANAUS,S103,-3.02249999,-60.05555555,-9999.0
3789,2018-08-24,12:00,0.0,1003.7,1002.6,1002.0,0,25.2,23.0,24.0,22.5,22.8,21.4,94,91,87,15,0.2,0.0,N,AM,CRMN MANAUS,S103,-3.02249999,-60.05555555,-9999.0
3790,2018-08-24,16:00,0.0,1003.0,1004.4,1003.8,0,30.2,22.6,30.2,29.0,23.7,22.0,72,62,64,23,2.3,0.0,N,AM,CRMN MANAUS,S103,-3.02249999,-60.05555555,-9999.0
3791,2018-08-24,20:00,0.0,1000.1,1001.1,1000.4,0,31.8,20.9,32.9,31.2,22.6,20.5,60,49,53,21,3.7,2.0,N,AM,CRMN MANAUS,S103,-3.02249999,-60.05555555,-9999.0
3792,2018-08-25,00:00,0.0,1001.8,1000.9,1000.6,0,28.0,22.4,30.4,29.7,21.9,21.6,63,60,72,18,1.3,0.0,N,AM,CRMN MANAUS,S103,-3.02249999,-60.05555555,-9999.0
3793,2018-08-25,04:00,0.0,1003.4,1003.7,1003.2,0,25.3,22.6,28.1,27.8,22.7,22.5,73,72,85,16,0.8,0.0,N,AM,CRMN MANAUS,S103,-3.02249999,-60.05555555,-9999.0
3794,2018-08-25,08:00,0.0,1002.2,1002.4,1002.1,0,24.5,22.6,24.9,24.5,23.0,22.6,90,87,89,15,0.7,0.0,N,AM,CRMN MANAUS,S103,-3.02249999,-60.05555555,-9999.0
3795,2018-08-25,12:00,0.0,1004.4,1003.9,1003.2,0,27.5,22.6,25.2,24.1,22.5,22.2,90,84,74,16,2.1,1.0,N,AM,CRMN MANAUS,S103,-3.02249999,-60.05555555,-9999.0
3796,2018-08-25,16:00,0.0,1003.5,1004.8,1004.2,0,32.1,20.6,32.0,30.8,22.4,20.4,61,51,51,21,5.5,2.0,N,AM,CRMN MANAUS,S103,-3.02249999,-60.05555555,-9999.0
3797,2018-08-25,20:00,0.0,999.9,1001.7,1000.8,0,32.8,20.6,34.0,32.5,21.0,19.6,51,44,49,19,3.7,1.0,N,AM,CRMN MANAUS,S103,-3.02249999,-60.05555555,-9999.0
3798,2018-08-26,00:00,0.0,1001.6,1000.6,1000.1,0,30.2,21.5,31.5,30.6,20.9,20.5,56,52,60,15,0.7,0.0,N,AM,CRMN MANAUS,S103,-3.02249999,-60.05555555,-9999.0
3799,2018-08-26,04:00,0.0,1003.8,1004.1,1003.7,0,28.7,21.9,29.4,29.0,21.8,21.7,65,63,67,15,1.7,0.0,N,AM,CRMN MANAUS,S103,-3.02249999,-60.05555555,-9999.0
3800,2018-08-26,08:00,0.0,1002.5,1002.8,1002.6,0,26.6,20.6,27.5,26.7,21.8,20.9,71,68,70,14,1.7,0.0,N,AM,CRMN MANAUS,S103,-3.02249999,-60.05555555,-9999.0
3801,2018-08-26,12:00,0.0,1004.9,1004.2,1003.8,0,28.7,23.1,27.0,26.2,21.4,20.7,72,71,72,16,1.2,0.0,N,AM,CRMN MANAUS,S103,-3.02249999,-60.05555555,-9999.0
3802,2018-08-26,16:00,0.0,1003.8,1005.4,1004.7,0,32.1,22.7,31.2,30.4,24.0,22.9,67,62,58,18,3.4,1.0,N,AM,CRMN MANAUS,S103,-3.02249999,-60.05555555,-9999.0
3803,2018-08-26,20:00,0.0,1000.7,1001.7,1000.8,0,28.7,21.2,32.6,29.7,23.3,20.8,68,51,64,12,2.4,1.0,N,AM,CRMN MANAUS,S103,-3.02249999,-60.05555555,-9999.0
3804,2018-08-27,00:00,0.0,1002.0,1002.2,1001.3,0,25.3,21.5,27.0,26.4,22.9,20.9,81,70,80,12,4.6,2.0,N,AM,CRMN MANAUS,S103,-3.02249999,-60.05555555,-9999.0
3805,2018-08-27,04:00,0.0,1003.5,1003.9,1003.3,0,23.9,20.7,24.4,24.1,21.0,20.6,82,81,83,12,1.0,0.0,N,AM,CRMN MANAUS,S103,-3.02249999,-60.05555555,-9999.0
3806,2018-08-27,08:00,0.0,1002.1,1002.4,1002.1,0,22.3,20.5,23.5,22.5,20.7,20.6,89,84,90,12,0.0,0.0,N,AM,CRMN MANAUS,S103,-3.02249999,-60.05555555,-9999.0
3807,2018-08-27,12:00,0.0,1004.4,1003.5,1002.9,0,25.3,22.4,23.8,22.4,21.2,20.5,90,86,84,13,1.6,0.0,N,AM,CRMN MANAUS,S103,-3.02249999,-60.05555555,-9999.0
3808,2018-08-27,16:00,0.0,1003.8,1004.7,1004.4,0,30.5,22.4,29.8,28.3,22.6,21.7,71,62,62,19,4.4,2.0,N,AM,CRMN MANAUS,S103,-3.02249999,-60.05555555,-9999.0
3809,2018-08-27,20:00,0.0,999.8,1000.9,999.7,0,28.8,22.9,31.5,30.4,22.3,20.8,61,54,70,16,2.1,1.0,N,AM,CRMN MANAUS,S103,-3.02249999,-60.05555555,-9999.0
3810,2018-08-28,00:00,0.0,1003.1,1002.4,1001.2,0,25.5,22.6,27.5,26.7,24.1,23.7,84,81,84,13,2.3,1.0,N,AM,CRMN MANAUS,S103,-3.02249999,-60.05555555,-9999.0
3811,2018-08-28,04:00,0.0,1003.3,1003.8,1003.6,0,24.1,21.9,24.4,24.0,21.8,21.1,86,84,88,13,1.0,0.0,N,AM,CRMN MANAUS,S103,-3.02249999,-60.05555555,-9999.0
3812,2018-08-28,08:00,0.0,1002.6,1002.2,1001.8,0,22.9,21.6,23.5,22.9,21.8,21.5,92,89,93,13,0.0,0.0,N,AM,CRMN MANAUS,S103,-3.02249999,-60.05555555,-9999.0
3813,2018-08-28,12:00,0.0,1004.4,1003.8,1003.1,0,25.0,22.5,23.4,23.1,22.4,22.1,95,94,86,13,1.9,1.0,N,AM,CRMN MANAUS,S103,-3.02249999,-60.05555555,-9999.0
3814,2018-08-28,16:00,0.0,1003.7,1005.2,1004.6,0,30.3,22.5,29.6,28.1,23.6,22.3,74,65,63,19,2.5,1.0,N,AM,CRMN MANAUS,S103,-3.02249999,-60.05555555,-9999.0
3815,2018-08-28,20:00,0.0,1001.2,1001.4,1000.9,0,23.7,21.8,23.1,22.1,21.8,20.8,93,92,89,14,2.6,1.0,N,AM,CRMN MANAUS,S103,-3.02249999,-60.05555555,-9999.0
3816,2018-08-29,00:00,0.0,1003.0,1002.1,1001.4,0,23.3,22.1,24.0,23.7,22.3,22.0,91,89,93,14,1.9,0.0,N,AM,CRMN MANAUS,S103,-3.02249999,-60.05555555,-9999.0
3817,2018-08-29,04:00,0.0,1004.2,1005.2,1004.9,0,23.2,21.9,23.6,23.0,22.3,21.8,93,92,92,14,1.8,0.0,N,AM,CRMN MANAUS,S103,-3.02249999,-60.05555555,-9999.0
3818,2018-08-29,08:00,0.0,1002.3,1002.6,1002.5,0,22.4,21.4,23.1,22.6,22.0,21.5,94,93,94,13,0.0,0.0,N,AM,CRMN MANAUS,S103,-3.02249999,-60.05555555,-9999.0
3819,2018-08-29,12:00,0.0,1004.1,1003.4,1003.0,0,25.8,22.6,22.9,22.1,21.8,21.2,95,93,83,15,0.8,0.0,N,AM,CRMN MANAUS,S103,-3.02249999,-60.05555555,-9999.0
3820,2018-08-29,16:00,0.0,1003.6,1004.3,1003.9,0,29.3,23.6,30.2,28.2,23.9,22.4,75,65,72,25,3.6,0.0,N,AM,CRMN MANAUS,S103,-3.02249999,-60.05555555,-9999.0
3821,2018-08-29,20:00,0.0,999.1,1000.7,999.5,0,30.6,22.9,33.0,32.0,22.2,21.0,55,50,64,21,4.6,2.0,N,AM,CRMN MANAUS,S103,-3.02249999,-60.05555555,-9999.0
3822,2018-08-30,00:00,0.0,1001.2,1000.5,999.9,0,27.9,21.9,29.2,28.4,21.4,20.7,66,61,70,18,1.8,1.0,N,AM,CRMN MANAUS,S103,-3.02249999,-60.05555555,-9999.0
3823,2018-08-30,04:00,0.0,1002.9,1003.2,1002.9,0,25.3,22.6,27.0,25.1,22.7,22.3,85,75,85,17,0.5,0.0,N,AM,CRMN MANAUS,S103,-3.02249999,-60.05555555,-9999.0
3824,2018-08-30,08:00,0.0,1001.3,1001.7,1001.3,0,24.1,22.5,24.5,23.8,22.5,22.1,91,88,91,16,0.0,0.0,N,AM,CRMN MANAUS,S103,-3.02249999,-60.05555555,-9999.0
3825,2018-08-30,12:00,0.0,1003.0,1002.4,1002.0,0,26.6,23.5,24.5,23.6,22.5,22.1,91,88,83,18,1.3,0.0,N,AM,CRMN MANAUS,S103,-3.02249999,-60.05555555,-9999.0
3826,2018-08-30,16:00,0.0,1002.3,1003.6,1003.0,0,33.1,20.8,32.3,30.3,23.3,21.4,64,55,49,26,3.8,1.0,N,AM,CRMN MANAUS,S103,-3.02249999,-60.05555555,-9999.0
3827,2018-08-30,20:00,-9999.0,-9999.0,-9999.0,-9999.0,-9999,-9999.0,-9999.0,-9999.0,-9999.0,-9999.0,-9999.0,-9999,-9999,-9999,-9999,-9999.0,-9999.0,N,AM,CRMN MANAUS,S103,-3.02249999,-60.05555555,-9999.0
3828,2018-08-31,00:00,0.0,999.7,999.1,998.6,0,29.3,21.7,31.3,30.1,22.5,21.4,62,57,63,17,0.9,0.0,N,AM,CRMN MANAUS,S103,-3.02249999,-60.05555555,-9999.0
3829,2018-08-31,04:00,0.0,1001.4,1001.4,1001.0,0,26.4,22.7,28.7,26.4,23.1,22.1,81,68,80,16,0.9,0.0,N,AM,CRMN MANAUS,S103,-3.02249999,-60.05555555,-9999.0
3830,2018-08-31,08:00,0.0,1000.1,1000.6,1000.3,0,24.4,22.5,25.4,24.9,22.9,22.5,87,86,89,15,1.3,0.0,N,AM,CRMN MANAUS,S103,-3.02249999,-60.05555555,-9999.0
3831,2018-08-31,12:00,0.0,1002.8,1002.1,1001.2,0,26.8,23.7,24.9,24.0,22.3,22.0,89,85,83,17,1.2,0.0,N,AM,CRMN MANAUS,S103,-3.02249999,-60.05555555,-9999.0
3832,2018-08-31,16:00,0.0,1002.2,1003.4,1003.0,0,32.7,22.0,31.9,30.4,24.2,22.6,69,59,54,23,2.9,2.0,N,AM,CRMN MANAUS,S103,-3.02249999,-60.05555555,-9999.0
3833,2018-08-31,20:00,0.0,998.0,999.8,998.7,0,33.3,21.5,34.2,33.1,22.5,20.9,53,46,50,19,3.3,2.0,N,AM,CRMN MANAUS,S103,-3.02249999,-60.05555555,-9999.0
3834,2018-09-01,00:00,0.0,999.5,999.0,998.4,0,29.0,22.5,31.1,30.4,21.1,20.6,57,55,68,14,2.5,1.0,N,AM,CRMN MANAUS,S103,-3.02249999,-60.05555555,-9999.0
3835,2018-09-01,04:00,0.0,1000.9,1001.1,1000.8,0,26.9,22.6,28.3,26.8,23.1,22.3,80,71,77,15,0.5,0.0,N,AM,CRMN MANAUS,S103,-3.02249999,-60.05555555,-9999.0
3836,2018-09-01,08:00,0.0,999.7,1000.1,1000.0,0,25.1,23.0,26.2,24.6,23.2,22.5,89,84,88,14,0.0,0.0,N,AM,CRMN MANAUS,S103,-3.02249999,-60.05555555,-9999.0
3837,2018-09-01,12:00,0.0,1002.0,1001.1,1000.2,0,27.7,23.2,25.8,24.7,23.0,22.6,89,83,77,17,0.6,0.0,N,AM,CRMN MANAUS,S103,-3.02249999,-60.05555555,-9999.0
3838,2018-09-01,16:00,0.0,1000.8,1002.4,1001.8,0,32.3,23.7,33.6,32.2,23.0,19.7,58,44,60,20,4.0,2.0,N,AM,CRMN MANAUS,S103,-3.02249999,-60.05555555,-9999.0
3839,2018-09-01,20:00,-9999.0,-9999.0,-9999.0,-9999.0,-9999,-9999.0,-9999.0,-9999.0,-9999.0,-9999.0,-9999.0,-9999,-9999,-9999,-9999,-9999.0,-9999.0,N,AM,CRMN MANAUS,S103,-3.02249999,-60.05555555,-9999.0
3840,2018-09-02,00:00,0.0,999.2,998.6,998.1,0,27.3,23.0,28.1,27.6,23.4,22.7,78,73,77,15,1.3,0.0,N,AM,CRMN MANAUS,S103,-3.02249999,-60.05555555,-9999.0
3841,2018-09-02,04:00,0.0,1000.4,1000.7,1000.6,0,26.3,22.6,26.3,25.1,23.3,22.9,89,82,80,15,0.3,0.0,N,AM,CRMN MANAUS,S103,-3.02249999,-60.05555555,-9999.0
3842,2018-09-02,08:00,0.0,999.7,999.9,999.7,0,24.2,22.0,24.7,24.5,22.6,22.1,89,86,88,14,1.3,0.0,N,AM,CRMN MANAUS,S103,-3.02249999,-60.05555555,-9999.0
3843,2018-09-02,12:00,0.0,1001.7,1001.2,1000.4,0,27.0,22.9,25.0,23.9,22.1,21.7,89,82,78,17,1.2,0.0,N,AM,CRMN MANAUS,S103,-3.02249999,-60.05555555,-9999.0
3844,2018-09-02,16:00,0.0,1001.0,1002.1,1001.7,0,32.2,22.3,32.6,31.9,23.1,21.8,59,54,56,21,4.8,2.0,N,AM,CRMN MANAUS,S103,-3.02249999,-60.05555555,-9999.0
3845,2018-09-02,20:00,0.0,997.1,998.5,997.7,0,33.4,19.7,34.6,33.1,22.0,19.5,51,41,45,20,3.5,1.0,N,AM,CRMN MANAUS,S103,-3.02249999,-60.05555555,-9999.0
3846,2018-09-03,00:00,0.0,999.5,998.4,997.4,0,30.3,22.1,31.7,31.0,22.1,21.7,59,56,61,17,0.8,0.0,N,AM,CRMN MANAUS,S103,-3.02249999,-60.05555555,-9999.0
3847,2018-09-03,04:00,0.0,1001.4,1001.4,1001.1,0,28.6,23.3,29.4,28.5,23.3,22.5,73,67,73,16,1.1,0.0,N,AM,CRMN MANAUS,S103,-3.02249999,-60.05555555,-9999.0
3848,2018-09-03,08:00,0.0,1000.0,1000.1,999.8,0,26.5,23.1,26.6,26.1,23.9,23.5,87,84,82,14,0.7,0.0,N,AM,CRMN MANAUS,S103,-3.02249999,-60.05555555,-9999.0
3849,2018-09-03,12:00,0.0,1002.2,1001.6,1000.7,0,28.7,22.0,26.6,25.8,22.6,22.2,81,79,67,16,3.4,2.0,N,AM,CRMN MANAUS,S103,-3.02249999,-60.05555555,-9999.0
3850,2018-09-03,16:00,0.0,1001.1,1002.4,1002.1,0,33.4,21.3,32.6,31.9,23.0,21.6,59,53,49,19,4.9,3.0,N,AM,CRMN MANAUS,S103,-3.02249999,-60.05555555,-9999.0
3851,2018-09-03,20:00,0.0,997.6,999.2,998.3,0,34.2,19.0,34.7,34.1,19.8,17.2,42,36,41,17,4.2,1.0,N,AM,CRMN MANAUS,S103,-3.02249999,-60.05555555,-9999.0
3852,2018-09-04,00:00,0.0,999.9,999.0,998.1,0,30.8,21.5,32.1,31.0,21.1,20.1,56,49,58,13,1.1,0.0,N,AM,CRMN MANAUS,S103,-3.02249999,-60.05555555,-9999.0
3853,2018-09-04,04:00,0.0,1000.8,1001.6,1001.4,0,27.6,23.4,29.9,28.5,23.2,22.3,73,64,78,13,0.0,0.0,N,AM,CRMN MANAUS,S103,-3.02249999,-60.05555555,-9999.0
3854,2018-09-04,08:00,0.0,999.7,999.7,999.4,0,25.0,22.5,26.8,26.0,23.6,22.8,87,80,86,11,2.7,2.0,N,AM,CRMN MANAUS,S103,-3.02249999,-60.05555555,-9999.0
3855,2018-09-04,12:00,2.0,1002.6,1001.9,1001.0,0,26.3,23.2,25.1,24.6,23.2,22.5,89,86,83,13,1.5,0.0,N,AM,CRMN MANAUS,S103,-3.02249999,-60.05555555,-9999.0
3856,2018-09-04,16:00,0.0,1001.9,1003.5,1002.9,0,29.8,21.7,29.2,27.4,23.2,21.4,76,65,62,17,4.1,3.0,N,AM,CRMN MANAUS,S103,-3.02249999,-60.05555555,-9999.0
3857,2018-09-04,20:00,0.0,998.5,999.3,998.4,0,30.7,22.1,31.0,29.9,22.4,20.7,62,57,60,16,3.7,2.0,N,AM,CRMN MANAUS,S103,-3.02249999,-60.05555555,-9999.0
3858,2018-09-05,00:00,0.0,1001.1,1000.4,999.8,0,27.0,22.8,28.6,27.6,22.1,21.2,72,64,78,13,1.7,0.0,N,AM,CRMN MANAUS,S103,-3.02249999,-60.05555555,-9999.0
3859,2018-09-05,04:00,0.0,1001.9,1002.5,1002.2,0,25.8,23.3,26.2,25.7,23.2,23.1,86,83,86,13,0.9,0.0,N,AM,CRMN MANAUS,S103,-3.02249999,-60.05555555,-9999.0
3860,2018-09-05,08:00,0.0,1000.2,1000.0,999.6,0,24.8,23.3,24.8,24.4,22.9,22.6,91,89,91,12,0.5,0.0,N,AM,CRMN MANAUS,S103,-3.02249999,-60.05555555,-9999.0
3861,2018-09-05,12:00,0.0,1002.5,1001.9,1001.2,0,26.8,24.3,24.8,24.0,23.4,22.8,93,92,86,14,0.6,0.0,N,AM,CRMN MANAUS,S103,-3.02249999,-60.05555555,-9999.0
3862,2018-09-05,16:00,0.0,1001.5,1003.2,1002.5,0,31.2,22.8,30.6,28.7,23.5,21.1,72,59,61,19,3.7,2.0,N,AM,CRMN MANAUS,S103,-3.02249999,-60.05555555,-9999.0
3863,2018-09-05,20:00,0.0,998.4,999.2,998.5,0,31.4,21.5,31.8,31.1,22.1,20.7,58,53,56,16,3.4,2.0,N,AM,CRMN MANAUS,S103,-3.02249999,-60.05555555,-9999.0
3864,2018-09-06,00:00,0.0,1002.2,1001.7,1001.1,0,24.2,22.5,25.1,24.1,21.7,21.3,86,80,90,13,2.9,0.0,N,AM,CRMN MANAUS,S103,-3.02249999,-60.05555555,-9999.0
3865,2018-09-06,04:00,0.0,1002.8,1003.3,1003.1,0,24.0,22.4,24.6,24.1,22.9,22.6,91,90,91,13,0.1,0.0,N,AM,CRMN MANAUS,S103,-3.02249999,-60.05555555,-9999.0
3866,2018-09-06,08:00,0.0,1001.5,1001.8,1001.2,0,23.5,21.9,23.4,23.3,21.9,21.7,92,91,91,13,1.2,0.0,N,AM,CRMN MANAUS,S103,-3.02249999,-60.05555555,-9999.0
3867,2018-09-06,12:00,0.0,1003.6,1002.5,1002.1,0,25.2,22.5,23.5,23.2,22.1,21.8,92,91,85,13,2.3,1.0,N,AM,CRMN MANAUS,S103,-3.02249999,-60.05555555,-9999.0
3868,2018-09-06,16:00,0.0,1003.4,1004.7,1004.1,0,25.8,22.4,27.9,26.7,23.2,22.2,79,73,82,13,4.7,1.0,N,AM,CRMN MANAUS,S103,-3.02249999,-60.05555555,-9999.0
3869,2018-09-06,20:00,0.0,1000.4,1001.1,1000.9,0,27.2,22.5,27.9,27.7,22.4,21.4,73,69,75,16,3.0,1.0,N,AM,CRMN MANAUS,S103,-3.02249999,-60.05555555,-9999.0
3870,2018-09-07,00:00,0.0,1002.5,1001.9,1001.3,0,25.5,22.4,26.4,25.6,22.5,21.9,82,76,83,16,0.8,0.0,N,AM,CRMN MANAUS,S103,-3.02249999,-60.05555555,-9999.0
3871,2018-09-07,04:00,0.0,1003.4,1003.7,1003.5,0,24.7,23.1,25.1,24.7,22.9,22.7,90,87,90,14,1.1,0.0,N,AM,CRMN MANAUS,S103,-3.02249999,-60.05555555,-9999.0
3872,2018-09-07,08:00,0.0,1001.3,1001.8,1001.3,0,23.3,22.5,23.7,23.3,22.7,22.4,95,94,95,14,0.7,0.0,N,AM,CRMN MANAUS,S103,-3.02249999,-60.05555555,-9999.0
3873,2018-09-07,12:00,0.0,1003.8,1003.4,1002.6,0,24.4,23.6,23.4,22.9,22.6,22.1,95,95,95,15,0.0,0.0,N,AM,CRMN MANAUS,S103,-3.02249999,-60.05555555,-9999.0
3874,2018-09-07,16:00,0.0,1003.1,1004.3,1003.9,0,32.2,21.6,30.9,29.3,23.8,22.7,71,62,54,25,2.8,1.0,N,AM,CRMN MANAUS,S103,-3.02249999,-60.05555555,-9999.0
3875,2018-09-07,20:00,-9999.0,-9999.0,-9999.0,-9999.0,-9999,-9999.0,-9999.0,-9999.0,-9999.0,-9999.0,-9999.0,-9999,-9999,-9999,-9999,-9999.0,-9999.0,N,AM,CRMN MANAUS,S103,-3.02249999,-60.05555555,-9999.0
3876,2018-09-08,00:00,0.0,1002.0,1001.0,999.6,0,29.0,22.7,31.4,30.1,22.0,20.7,62,53,69,19,1.5,0.0,N,AM,CRMN MANAUS,S103,-3.02249999,-60.05555555,-9999.0
3877,2018-09-08,04:00,0.0,1004.4,1005.0,1004.4,0,23.4,22.0,23.0,22.6,21.3,20.5,92,86,92,16,2.2,0.0,N,AM,CRMN MANAUS,S103,-3.02249999,-60.05555555,-9999.0
3878,2018-09-08,08:00,0.0,1000.8,1002.1,1001.5,0,23.0,21.9,23.7,23.4,22.4,22.3,93,93,94,13,1.9,0.0,N,AM,CRMN MANAUS,S103,-3.02249999,-60.05555555,-9999.0
3879,2018-09-08,12:00,0.0,1003.4,1002.4,1001.5,0,24.1,23.1,22.9,22.3,22.1,21.4,95,95,94,15,0.6,0.0,N,AM,CRMN MANAUS,S103,-3.02249999,-60.05555555,-9999.0
3880,2018-09-08,16:00,0.0,1002.7,1004.0,1003.7,0,30.0,21.9,29.0,28.0,22.6,21.5,71,65,62,24,1.3,0.0,N,AM,CRMN MANAUS,S103,-3.02249999,-60.05555555,-9999.0
3881,2018-09-08,20:00,0.0,998.2,1000.6,999.2,0,31.7,23.5,31.7,30.7,24.4,22.9,68,60,62,23,2.8,1.0,N,AM,CRMN MANAUS,S103,-3.02249999,-60.05555555,-9999.0
3882,2018-09-09,00:00,0.0,1000.9,1000.0,998.8,0,27.3,22.3,28.7,27.9,22.8,21.7,72,69,74,19,1.5,0.0,N,AM,CRMN MANAUS,S103,-3.02249999,-60.05555555,-9999.0
3883,2018-09-09,04:00,0.0,1002.3,1002.9,1002.5,0,26.7,23.5,27.8,26.0,23.4,23.2,86,76,83,17,0.8,0.0,N,AM,CRMN MANAUS,S103,-3.02249999,-60.05555555,-9999.0
3884,2018-09-09,08:00,0.0,1001.3,1001.0,1000.6,0,25.2,23.3,25.5,24.9,23.8,23.5,92,89,89,15,1.4,0.0,N,AM,CRMN MANAUS,S103,-3.02249999,-60.05555555,-9999.0
3885,2018-09-09,12:00,0.0,1003.8,1002.6,1001.7,0,26.4,22.6,24.9,24.2,22.9,22.7,92,89,80,16,2.0,1.0,N,AM,CRMN MANAUS,S103,-3.02249999,-60.05555555,-9999.0
3886,2018-09-09,16:00,0.0,1003.1,1003.8,1003.6,0,28.1,21.2,26.0,24.3,22.0,20.4,86,71,67,21,2.2,1.0,N,AM,CRMN MANAUS,S103,-3.02249999,-60.05555555,-9999.0
3887,2018-09-09,20:00,0.0,998.9,1000.6,999.3,0,29.2,19.8,29.3,28.1,21.3,19.1,66,55,57,25,2.2,0.0,N,AM,CRMN MANAUS,S103,-3.02249999,-60.05555555,-9999.0
3888,2018-09-10,00:00,0.0,1002.0,1001.1,1000.1,0,26.6,22.6,27.2,26.5,22.3,20.9,78,69,79,19,0.0,0.0,N,AM,CRMN MANAUS,S103,-3.02249999,-60.05555555,-9999.0
3889,2018-09-10,04:00,0.0,1002.4,1003.3,1003.0,0,24.5,21.5,25.1,24.6,22.3,21.9,85,84,83,17,0.8,0.0,N,AM,CRMN MANAUS,S103,-3.02249999,-60.05555555,-9999.0
3890,2018-09-10,08:00,0.0,1001.1,1000.9,1000.7,0,23.3,21.4,23.9,23.4,22.0,21.5,89,88,89,15,1.6,0.0,N,AM,CRMN MANAUS,S103,-3.02249999,-60.05555555,-9999.0
3891,2018-09-10,12:00,0.0,1003.2,1002.3,1001.3,0,24.0,21.7,23.2,22.7,21.6,21.3,92,90,87,16,0.8,0.0,N,AM,CRMN MANAUS,S103,-3.02249999,-60.05555555,-9999.0
3892,2018-09-10,16:00,0.0,1002.8,1003.9,1003.5,0,29.6,22.6,28.6,26.7,23.0,22.2,77,71,66,22,2.4,1.0,N,AM,CRMN MANAUS,S103,-3.02249999,-60.05555555,-9999.0
3893,2018-09-10,20:00,0.0,998.7,1000.1,999.3,0,29.7,24.0,31.3,29.8,24.2,21.6,72,57,71,21,3.9,1.0,N,AM,CRMN MANAUS,S103,-3.02249999,-60.05555555,-9999.0
3894,2018-09-11,00:00,0.0,1001.5,1000.6,999.2,0,26.4,21.3,29.1,27.2,24.1,22.0,77,72,74,17,2.5,1.0,N,AM,CRMN MANAUS,S103,-3.02249999,-60.05555555,-9999.0
3895,2018-09-11,04:00,0.0,1002.5,1002.5,1002.3,0,24.6,22.1,25.1,24.9,22.1,21.7,84,82,86,18,0.0,0.0,N,AM,CRMN MANAUS,S103,-3.02249999,-60.05555555,-9999.0
3896,2018-09-11,08:00,0.0,1000.6,1000.8,1000.4,0,24.6,22.1,24.4,24.0,22.0,21.7,87,86,86,17,0.4,0.0,N,AM,CRMN MANAUS,S103,-3.02249999,-60.05555555,-9999.0
3897,2018-09-11,12:00,0.0,1002.6,1001.8,1001.2,0,25.4,23.1,24.9,24.4,22.8,22.4,89,87,87,16,2.2,1.0,N,AM,CRMN MANAUS,S103,-3.02249999,-60.05555555,-9999.0
3898,2018-09-11,16:00,0.0,1002.2,1003.5,1003.0,0,30.7,23.5,30.3,29.1,23.3,22.4,70,64,65,23,2.6,1.0,N,AM,CRMN MANAUS,S103,-3.02249999,-60.05555555,-9999.0
3899,2018-09-11,20:00,0.0,997.9,998.9,997.9,0,27.7,23.0,30.7,28.9,24.9,22.9,77,64,75,19,2.8,2.0,N,AM,CRMN MANAUS,S103,-3.02249999,-60.05555555,-9999.0
3900,2018-09-12,00:00,0.0,1000.8,999.9,999.0,0,26.7,23.0,27.2,26.6,23.2,22.9,81,78,80,17,2.5,1.0,N,AM,CRMN MANAUS,S103,-3.02249999,-60.05555555,-9999.0
3901,2018-09-12,04:00,0.0,1001.2,1001.8,1001.5,0,25.4,23.4,25.5,25.3,23.6,23.4,90,88,89,18,1.3,0.0,N,AM,CRMN MANAUS,S103,-3.02249999,-60.05555555,-9999.0
3902,2018-09-12,08:00,0.0,1001.0,1000.9,1000.6,0,24.5,22.4,25.4,25.0,23.0,22.6,89,84,88,15,3.3,2.0,N,AM,CRMN MANAUS,S103,-3.02249999,-60.05555555,-9999.0
3903,2018-09-12,12:00,0.0,1002.9,1002.0,1001.6,0,23.8,21.9,23.8,23.5,22.1,21.8,91,89,89,16,1.6,0.0,N,AM,CRMN MANAUS,S103,-3.02249999,-60.05555555,-9999.0
3904,2018-09-12,16:00,0.0,1002.7,1004.0,1003.7,0,28.7,22.0,27.4,26.0,22.7,22.2,81,74,67,22,2.8,2.0,N,AM,CRMN MANAUS,S103,-3.02249999,-60.05555555,-9999.0
3905,2018-09-12,20:00,0.0,998.0,999.5,998.5,0,30.7,21.8,31.5,30.2,23.1,20.6,63,55,59,25,2.4,1.0,N,AM,CRMN MANAUS,S103,-3.02249999,-60.05555555,-9999.0
3906,2018-09-13,00:00,0.0,999.7,998.7,997.7,0,27.4,23.6,29.0,27.7,22.0,21.0,71,62,80,21,1.2,0.0,N,AM,CRMN MANAUS,S103,-3.02249999,-60.05555555,-9999.0
3907,2018-09-13,04:00,0.0,1000.9,1001.3,1001.0,0,25.7,23.3,26.6,26.4,24.2,24.0,88,86,87,17,3.0,1.0,N,AM,CRMN MANAUS,S103,-3.02249999,-60.05555555,-9999.0
3908,2018-09-13,08:00,0.0,999.5,999.8,999.5,0,24.4,21.7,25.1,24.8,22.0,21.6,83,82,85,16,3.1,1.0,N,AM,CRMN MANAUS,S103,-3.02249999,-60.05555555,-9999.0
3909,2018-09-13,12:00,0.0,1001.3,1000.8,1000.0,0,26.0,21.6,24.2,23.4,21.7,21.5,90,85,77,18,3.5,2.0,N,AM,CRMN MANAUS,S103,-3.02249999,-60.05555555,-9999.0
3910,2018-09-13,16:00,0.0,1001.1,1002.1,1001.7,0,32.1,21.3,31.3,30.3,21.4,20.5,57,55,53,25,4.9,3.0,N,AM,CRMN MANAUS,S103,-3.02249999,-60.05555555,-9999.0
3911,2018-09-13,20:00,2.0,997.1,998.0,997.4,0,27.1,22.5,32.2,25.8,23.3,21.3,85,54,76,19,4.0,2.0,N,AM,CRMN MANAUS,S103,-3.02249999,-60.05555555,-9999.0
3912,2018-09-14,00:00,0.0,999.3,998.8,998.2,0,24.7,22.3,26.5,25.7,22.2,21.8,80,75,87,17,1.8,0.0,N,AM,CRMN MANAUS,S103,-3.02249999,-60.05555555,-9999.0
3913,2018-09-14,04:00,0.0,1000.5,1000.7,1000.4,0,24.2,22.1,24.5,24.1,22.3,21.9,89,86,88,17,1.1,0.0,N,AM,CRMN MANAUS,S103,-3.02249999,-60.05555555,-9999.0
3914,2018-09-14,08:00,0.0,999.4,999.8,999.3,0,23.9,22.1,24.0,24.0,21.9,21.7,88,87,90,16,1.2,0.0,N,AM,CRMN MANAUS,S103,-3.02249999,-60.05555555,-9999.0
3915,2018-09-14,12:00,0.0,1001.6,1000.6,1000.0,0,27.6,22.7,24.7,24.1,22.4,21.9,89,86,74,20,0.7,0.0,N,AM,CRMN MANAUS,S103,-3.02249999,-60.05555555,-9999.0
3916,2018-09-14,16:00,0.0,1000.8,1002.3,1001.8,0,29.1,22.3,28.0,25.8,23.2,22.3,84,72,67,22,3.5,2.0,N,AM,CRMN MANAUS,S103,-3.02249999,-60.05555555,-9999.0
3917,2018-09-14,20:00,0.0,995.8,997.9,996.9,0,32.1,22.0,33.0,31.7,22.9,21.5,59,52,55,24,3.2,2.0,N,AM,CRMN MANAUS,S103,-3.02249999,-60.05555555,-9999.0
3918,2018-09-15,00:00,0.0,997.8,997.3,996.6,0,28.4,23.0,29.5,28.9,23.1,22.5,71,66,73,20,2.1,0.0,N,AM,CRMN MANAUS,S103,-3.02249999,-60.05555555,-9999.0
3919,2018-09-15,04:00,0.0,999.0,999.3,998.7,0,26.1,24.0,27.1,26.4,24.0,23.6,86,81,89,19,0.9,0.0,N,AM,CRMN MANAUS,S103,-3.02249999,-60.05555555,-9999.0
3920,2018-09-15,08:00,0.0,998.3,998.4,998.2,0,24.9,23.5,25.3,25.0,23.9,23.6,92,92,92,17,0.0,0.0,N,AM,CRMN MANAUS,S103,-3.02249999,-60.05555555,-9999.0
3921,2018-09-15,12:00,0.0,1000.9,1000.1,999.2,0,27.7,23.2,26.0,24.7,23.9,23.1,91,87,76,18,1.7,1.0,N,AM,CRMN MANAUS,S103,-3.02249999,-60.05555555,-9999.0
3922,2018-09-15,16:00,0.0,1000.0,1001.7,1001.0,0,32.8,21.4,32.2,30.8,22.2,21.3,59,53,51,26,4.4,2.0,N,AM,CRMN MANAUS,S103,-3.02249999,-60.05555555,-9999.0
3923,2018-09-15,20:00,0.0,996.2,997.9,997.0,0,33.5,20.2,34.3,33.0,20.9,19.4,48,43,46,23,3.2,2.0,N,AM,CRMN MANAUS,S103,-3.02249999,-60.05555555,-9999.0
3924,2018-09-16,00:00,0.0,998.3,997.2,996.2,0,30.4,21.6,32.1,30.8,21.9,20.5,59,51,59,18,1.7,0.0,N,AM,CRMN MANAUS,S103,-3.02249999,-60.05555555,-9999.0
3925,2018-09-16,04:00,0.0,1000.0,1000.7,1000.3,0,27.8,23.5,28.3,27.7,23.3,22.7,76,73,77,18,1.6,0.0,N,AM,CRMN MANAUS,S103,-3.02249999,-60.05555555,-9999.0
3926,2018-09-16,08:00,0.0,998.7,998.9,998.6,0,25.6,22.5,27.2,25.7,22.8,22.1,83,74,83,16,0.0,0.0,N,AM,CRMN MANAUS,S103,-3.02249999,-60.05555555,-9999.0
3927,2018-09-16,12:00,0.0,1001.5,1000.6,999.7,0,29.2,21.6,26.9,25.4,22.7,21.7,84,75,64,19,2.9,2.0,N,AM,CRMN MANAUS,S103,-3.02249999,-60.05555555,-9999.0
3928,2018-09-16,16:00,-9999.0,-9999.0,-9999.0,-9999.0,-9999,-9999.0,-9999.0,-9999.0,-9999.0,-9999.0,-9999.0,-9999,-9999,-9999,-9999,-9999.0,-9999.0,N,AM,CRMN MANAUS,S103,-3.02249999,-60.05555555,-9999.0
3929,2018-09-16,20:00,0.0,997.6,998.7,998.0,0,33.9,19.7,34.7,32.8,21.2,19.6,49,42,43,19,2.3,1.0,N,AM,CRMN MANAUS,S103,-3.02249999,-60.05555555,-9999.0
3930,2018-09-17,00:00,0.0,999.0,998.3,997.7,0,30.5,21.1,32.2,31.7,20.4,19.9,51,48,57,14,2.2,1.0,N,AM,CRMN MANAUS,S103,-3.02249999,-60.05555555,-9999.0
3931,2018-09-17,04:00,0.0,1000.5,1000.6,1000.3,0,28.9,22.3,29.5,29.0,23.0,22.4,70,66,68,13,1.1,0.0,N,AM,CRMN MANAUS,S103,-3.02249999,-60.05555555,-9999.0
3932,2018-09-17,08:00,0.0,999.1,999.7,999.2,0,26.6,22.0,27.7,27.2,22.4,22.0,75,71,76,14,1.2,0.0,N,AM,CRMN MANAUS,S103,-3.02249999,-60.05555555,-9999.0
3933,2018-09-17,12:00,0.0,1001.8,1001.0,999.9,0,29.2,21.3,27.1,25.4,21.9,21.7,80,73,63,16,2.3,1.0,N,AM,CRMN MANAUS,S103,-3.02249999,-60.05555555,-9999.0
3934,2018-09-17,16:00,0.0,1000.5,1002.2,1001.7,0,33.5,19.4,33.2,32.4,20.9,19.7,50,46,44,17,5.2,3.0,N,AM,CRMN MANAUS,S103,-3.02249999,-60.05555555,-9999.0
3935,2018-09-17,20:00,0.0,997.2,998.2,997.7,0,33.7,19.8,35.4,33.4,20.5,19.1,46,39,44,13,3.9,1.0,N,AM,CRMN MANAUS,S103,-3.02249999,-60.05555555,-9999.0
3936,2018-09-18,00:00,0.0,999.2,998.2,998.0,0,28.5,22.1,29.1,28.6,21.9,21.6,67,64,68,12,0.5,0.0,N,AM,CRMN MANAUS,S103,-3.02249999,-60.05555555,-9999.0
3937,2018-09-18,04:00,0.0,1001.0,1001.3,1001.0,0,26.1,22.5,27.3,26.7,22.2,21.5,76,72,81,12,0.0,0.0,N,AM,CRMN MANAUS,S103,-3.02249999,-60.05555555,-9999.0
3938,2018-09-18,08:00,0.0,999.9,1000.0,999.8,0,24.8,21.8,25.9,24.5,22.3,22.1,87,80,84,12,0.7,0.0,N,AM,CRMN MANAUS,S103,-3.02249999,-60.05555555,-9999.0
3939,2018-09-18,12:00,0.0,1002.2,1001.7,1001.0,0,28.9,21.4,25.5,24.6,22.0,21.6,84,80,64,14,2.6,1.0,N,AM,CRMN MANAUS,S103,-3.02249999,-60.05555555,-9999.0
3940,2018-09-18,16:00,-9999.0,-9999.0,-9999.0,-9999.0,-9999,-9999.0,-9999.0,-9999.0,-9999.0,-9999.0,-9999.0,-9999,-9999,-9999,-9999,-9999.0,-9999.0,N,AM,CRMN MANAUS,S103,-3.02249999,-60.05555555,-9999.0
3941,2018-09-18,20:00,0.0,997.2,998.6,997.7,0,34.3,19.4,35.3,34.4,19.5,18.0,41,36,42,12,4.3,1.0,N,AM,CRMN MANAUS,S103,-3.02249999,-60.05555555,-9999.0
3942,2018-09-19,00:00,0.0,997.5,997.1,996.7,0,31.5,20.8,32.6,32.1,20.4,20.2,50,48,53,11,1.3,0.0,N,AM,CRMN MANAUS,S103,-3.02249999,-60.05555555,-9999.0
3943,2018-09-19,04:00,0.0,1000.0,1000.0,999.4,0,28.5,21.8,30.1,29.6,21.5,21.0,62,59,67,11,1.2,0.0,N,AM,CRMN MANAUS,S103,-3.02249999,-60.05555555,-9999.0
3944,2018-09-19,08:00,0.0,999.6,999.3,999.1,0,26.3,21.9,26.7,26.4,22.0,21.8,76,74,77,11,0.0,0.0,N,AM,CRMN MANAUS,S103,-3.02249999,-60.05555555,-9999.0
3945,2018-09-19,12:00,0.0,1002.1,1001.2,1000.5,0,29.4,21.7,27.1,25.6,22.5,22.1,82,75,63,13,1.3,0.0,N,AM,CRMN MANAUS,S103,-3.02249999,-60.05555555,-9999.0
3946,2018-09-19,16:00,0.0,1000.9,1002.9,1002.2,0,33.9,20.2,34.6,33.2,21.5,18.7,49,40,45,12,4.8,3.0,N,AM,CRMN MANAUS,S103,-3.02249999,-60.05555555,-9999.0
3947,2018-09-19,20:00,0.0,998.0,998.1,997.8,0,31.1,21.8,35.5,32.5,21.1,18.5,51,37,58,10,4.0,0.0,N,AM,CRMN MANAUS,S103,-3.02249999,-60.05555555,-9999.0
3948,2018-09-20,00:00,0.0,999.6,999.2,998.4,0,24.9,21.3,25.4,24.7,22.6,21.6,87,82,80,9,1.6,0.0,N,AM,CRMN MANAUS,S103,-3.02249999,-60.05555555,-9999.0
3949,2018-09-20,04:00,0.0,1000.5,1000.9,1000.6,0,24.8,20.0,25.0,24.4,20.2,19.7,76,74,75,10,1.9,0.0,N,AM,CRMN MANAUS,S103,-3.02249999,-60.05555555,-9999.0
3950,2018-09-20,08:00,0.0,999.6,999.6,999.3,0,24.3,20.8,25.1,24.6,21.0,20.6,81,76,81,10,1.6,1.0,N,AM,CRMN MANAUS,S103,-3.02249999,-60.05555555,-9999.0
3951,2018-09-20,12:00,0.0,1002.5,1002.2,1000.9,0,27.1,23.2,25.0,24.1,21.5,21.1,84,81,79,11,2.2,0.0,N,AM,CRMN MANAUS,S103,-3.02249999,-60.05555555,-9999.0
3952,2018-09-20,16:00,0.0,1001.0,1002.9,1002.2,0,32.6,22.0,31.8,30.4,22.8,22.1,63,57,54,13,5.3,3.0,N,AM,CRMN MANAUS,S103,-3.02249999,-60.05555555,-9999.0
3953,2018-09-20,20:00,0.0,997.3,998.9,998.0,0,33.2,21.7,34.4,33.2,22.1,20.4,52,44,51,11,3.6,2.0,N,AM,CRMN MANAUS,S103,-3.02249999,-60.05555555,-9999.0
3954,2018-09-21,00:00,0.0,998.5,997.9,997.3,0,30.4,22.8,31.6,31.0,22.4,22.2,60,58,64,10,0.9,0.0,N,AM,CRMN MANAUS,S103,-3.02249999,-60.05555555,-9999.0
3955,2018-09-21,04:00,0.0,1000.4,1000.6,1000.4,0,28.7,23.7,29.6,29.0,23.5,23.0,72,67,74,10,1.9,1.0,N,AM,CRMN MANAUS,S103,-3.02249999,-60.05555555,-9999.0
3956,2018-09-21,08:00,0.0,999.3,999.5,999.2,0,27.1,22.2,28.1,27.4,23.3,22.8,77,75,75,10,1.9,0.0,N,AM,CRMN MANAUS,S103,-3.02249999,-60.05555555,-9999.0
3957,2018-09-21,12:00,0.0,1002.7,1001.8,1000.5,0,27.9,22.4,26.5,25.9,22.7,22.1,81,78,72,11,1.9,1.0,N,AM,CRMN MANAUS,S103,-3.02249999,-60.05555555,-9999.0
3958,2018-09-21,16:00,0.0,1001.4,1003.1,1002.4,0,33.1,20.7,32.9,31.8,22.4,20.5,57,49,48,12,5.9,3.0,N,AM,CRMN MANAUS,S103,-3.02249999,-60.05555555,-9999.0
3959,2018-09-21,20:00,0.0,997.4,998.8,998.0,0,33.5,21.3,34.6,33.5,20.9,19.9,47,43,49,11,4.2,2.0,N,AM,CRMN MANAUS,S103,-3.02249999,-60.05555555,-9999.0
3960,2018-09-22,00:00,0.0,998.3,997.4,997.0,0,30.4,22.0,31.0,30.6,21.6,21.3,58,56,61,10,1.4,0.0,N,AM,CRMN MANAUS,S103,-3.02249999,-60.05555555,-9999.0
3961,2018-09-22,04:00,0.0,999.8,1000.1,999.9,0,27.3,22.3,27.9,27.0,23.5,22.2,81,71,74,10,1.1,0.0,N,AM,CRMN MANAUS,S103,-3.02249999,-60.05555555,-9999.0
3962,2018-09-22,08:00,0.0,999.6,999.3,999.0,0,25.5,22.5,25.7,25.4,22.1,21.7,82,80,84,10,0.0,0.0,N,AM,CRMN MANAUS,S103,-3.02249999,-60.05555555,-9999.0
3963,2018-09-22,12:00,0.0,1002.3,1001.7,1000.9,0,28.5,22.2,25.8,24.7,23.2,22.5,88,84,69,11,1.6,1.0,N,AM,CRMN MANAUS,S103,-3.02249999,-60.05555555,-9999.0
3964,2018-09-22,16:00,-9999.0,-9999.0,-9999.0,-9999.0,-9999,-9999.0,-9999.0,-9999.0,-9999.0,-9999.0,-9999.0,-9999,-9999,-9999,-9999,-9999.0,-9999.0,N,AM,CRMN MANAUS,S103,-3.02249999,-60.05555555,-9999.0
3965,2018-09-22,20:00,0.0,996.8,998.4,997.4,0,34.6,20.3,35.0,33.7,20.4,18.6,45,38,43,10,3.5,1.0,N,AM,CRMN MANAUS,S103,-3.02249999,-60.05555555,-9999.0
3966,2018-09-23,00:00,0.0,997.5,997.0,996.6,0,30.3,22.0,32.1,31.3,21.2,20.8,55,51,61,8,1.6,1.0,N,AM,CRMN MANAUS,S103,-3.02249999,-60.05555555,-9999.0
3967,2018-09-23,04:00,0.0,999.2,999.4,998.9,0,28.0,21.6,29.6,28.8,22.1,21.8,67,63,68,9,2.3,0.0,N,AM,CRMN MANAUS,S103,-3.02249999,-60.05555555,-9999.0
3968,2018-09-23,08:00,0.0,999.0,999.0,998.9,0,25.1,21.7,26.8,25.1,22.1,21.7,83,74,82,10,0.0,0.0,N,AM,CRMN MANAUS,S103,-3.02249999,-60.05555555,-9999.0
3969,2018-09-23,12:00,0.0,1001.5,1000.7,1000.1,0,29.3,22.3,26.9,24.7,22.8,21.7,84,75,66,11,1.8,1.0,N,AM,CRMN MANAUS,S103,-3.02249999,-60.05555555,-9999.0
3970,2018-09-23,16:00,0.0,1000.5,1003.0,1001.9,0,33.4,21.3,32.7,30.8,22.7,21.5,62,52,49,11,5.5,2.0,N,AM,CRMN MANAUS,S103,-3.02249999,-60.05555555,-9999.0
3971,2018-09-23,20:00,0.0,997.2,998.1,997.5,0,32.2,21.8,34.0,33.2,21.6,20.6,50,46,54,9,4.0,2.0,N,AM,CRMN MANAUS,S103,-3.02249999,-60.05555555,-9999.0
3972,2018-09-24,00:00,0.0,998.4,998.4,997.6,0,26.5,20.9,27.3,26.7,20.4,19.4,67,63,71,8,3.0,1.0,N,AM,CRMN MANAUS,S103,-3.02249999,-60.05555555,-9999.0
3973,2018-09-24,04:00,0.0,1000.6,1000.5,999.9,0,25.3,21.4,26.4,26.0,20.7,20.4,72,70,79,9,0.5,0.0,N,AM,CRMN MANAUS,S103,-3.02249999,-60.05555555,-9999.0
3974,2018-09-24,08:00,0.0,999.9,999.8,999.5,0,24.1,21.6,25.1,24.1,21.9,21.5,85,82,86,9,0.0,0.0,N,AM,CRMN MANAUS,S103,-3.02249999,-60.05555555,-9999.0
3975,2018-09-24,12:00,0.0,1002.5,1001.9,1001.0,0,28.5,22.1,26.4,24.5,22.8,21.7,86,79,69,11,2.2,1.0,N,AM,CRMN MANAUS,S103,-3.02249999,-60.05555555,-9999.0
3976,2018-09-24,16:00,0.0,1001.3,1002.8,1002.1,0,33.4,21.6,33.1,31.8,22.4,20.8,56,50,50,12,3.7,1.0,N,AM,CRMN MANAUS,S103,-3.02249999,-60.05555555,-9999.0
3977,2018-09-24,20:00,0.0,997.1,998.7,997.8,0,33.4,21.4,34.8,33.5,22.0,20.7,51,44,49,10,3.1,1.0,N,AM,CRMN MANAUS,S103,-3.02249999,-60.05555555,-9999.0
3978,2018-09-25,00:00,0.0,998.0,997.6,997.3,0,28.8,22.1,28.3,27.9,21.6,19.7,68,60,67,10,1.5,0.0,N,AM,CRMN MANAUS,S103,-3.02249999,-60.05555555,-9999.0
3979,2018-09-25,04:00,-9999.0,-9999.0,-9999.0,-9999.0,-9999,-9999.0,-9999.0,-9999.0,-9999.0,-9999.0,-9999.0,-9999,-9999,-9999,-9999,-9999.0,-9999.0,N,AM,CRMN MANAUS,S103,-3.02249999,-60.05555555,-9999.0
3980,2018-09-25,08:00,-9999.0,-9999.0,-9999.0,-9999.0,-9999,-9999.0,-9999.0,-9999.0,-9999.0,-9999.0,-9999.0,-9999,-9999,-9999,-9999,-9999.0,-9999.0,N,AM,CRMN MANAUS,S103,-3.02249999,-60.05555555,-9999.0
3981,2018-09-25,12:00,-9999.0,-9999.0,-9999.0,-9999.0,-9999,-9999.0,-9999.0,-9999.0,-9999.0,-9999.0,-9999.0,-9999,-9999,-9999,-9999,-9999.0,-9999.0,N,AM,CRMN MANAUS,S103,-3.02249999,-60.05555555,-9999.0
3982,2018-09-25,16:00,-9999.0,-9999.0,-9999.0,-9999.0,-9999,-9999.0,-9999.0,-9999.0,-9999.0,-9999.0,-9999.0,-9999,-9999,-9999,-9999,-9999.0,-9999.0,N,AM,CRMN MANAUS,S103,-3.02249999,-60.05555555,-9999.0
3983,2018-09-25,20:00,-9999.0,-9999.0,-9999.0,-9999.0,-9999,-9999.0,-9999.0,-9999.0,-9999.0,-9999.0,-9999.0,-9999,-9999,-9999,-9999,-9999.0,-9999.0,N,AM,CRMN MANAUS,S103,-3.02249999,-60.05555555,-9999.0
3984,2018-09-26,00:00,-9999.0,-9999.0,-9999.0,-9999.0,-9999,-9999.0,-9999.0,-9999.0,-9999.0,-9999.0,-9999.0,-9999,-9999,-9999,-9999,-9999.0,-9999.0,N,AM,CRMN MANAUS,S103,-3.02249999,-60.05555555,-9999.0
3985,2018-09-26,04:00,-9999.0,-9999.0,-9999.0,-9999.0,-9999,-9999.0,-9999.0,-9999.0,-9999.0,-9999.0,-9999.0,-9999,-9999,-9999,-9999,-9999.0,-9999.0,N,AM,CRMN MANAUS,S103,-3.02249999,-60.05555555,-9999.0
3986,2018-09-26,08:00,-9999.0,-9999.0,-9999.0,-9999.0,-9999,-9999.0,-9999.0,-9999.0,-9999.0,-9999.0,-9999.0,-9999,-9999,-9999,-9999,-9999.0,-9999.0,N,AM,CRMN MANAUS,S103,-3.02249999,-60.05555555,-9999.0
3987,2018-09-26,12:00,-9999.0,-9999.0,-9999.0,-9999.0,-9999,-9999.0,-9999.0,-9999.0,-9999.0,-9999.0,-9999.0,-9999,-9999,-9999,-9999,-9999.0,-9999.0,N,AM,CRMN MANAUS,S103,-3.02249999,-60.05555555,-9999.0
3988,2018-09-26,16:00,-9999.0,-9999.0,-9999.0,-9999.0,-9999,-9999.0,-9999.0,-9999.0,-9999.0,-9999.0,-9999.0,-9999,-9999,-9999,-9999,-9999.0,-9999.0,N,AM,CRMN MANAUS,S103,-3.02249999,-60.05555555,-9999.0
3989,2018-09-26,20:00,-9999.0,-9999.0,-9999.0,-9999.0,-9999,-9999.0,-9999.0,-9999.0,-9999.0,-9999.0,-9999.0,-9999,-9999,-9999,-9999,-9999.0,-9999.0,N,AM,CRMN MANAUS,S103,-3.02249999,-60.05555555,-9999.0
3990,2018-09-27,00:00,-9999.0,-9999.0,-9999.0,-9999.0,-9999,-9999.0,-9999.0,-9999.0,-9999.0,-9999.0,-9999.0,-9999,-9999,-9999,-9999,-9999.0,-9999.0,N,AM,CRMN MANAUS,S103,-3.02249999,-60.05555555,-9999.0
3991,2018-09-27,04:00,-9999.0,-9999.0,-9999.0,-9999.0,-9999,-9999.0,-9999.0,-9999.0,-9999.0,-9999.0,-9999.0,-9999,-9999,-9999,-9999,-9999.0,-9999.0,N,AM,CRMN MANAUS,S103,-3.02249999,-60.05555555,-9999.0
3992,2018-09-27,08:00,-9999.0,-9999.0,-9999.0,-9999.0,-9999,-9999.0,-9999.0,-9999.0,-9999.0,-9999.0,-9999.0,-9999,-9999,-9999,-9999,-9999.0,-9999.0,N,AM,CRMN MANAUS,S103,-3.02249999,-60.05555555,-9999.0
3993,2018-09-27,12:00,-9999.0,-9999.0,-9999.0,-9999.0,-9999,-9999.0,-9999.0,-9999.0,-9999.0,-9999.0,-9999.0,-9999,-9999,-9999,-9999,-9999.0,-9999.0,N,AM,CRMN MANAUS,S103,-3.02249999,-60.05555555,-9999.0
3994,2018-09-27,16:00,-9999.0,-9999.0,-9999.0,-9999.0,-9999,-9999.0,-9999.0,-9999.0,-9999.0,-9999.0,-9999.0,-9999,-9999,-9999,-9999,-9999.0,-9999.0,N,AM,CRMN MANAUS,S103,-3.02249999,-60.05555555,-9999.0
3995,2018-09-27,20:00,-9999.0,-9999.0,-9999.0,-9999.0,-9999,-9999.0,-9999.0,-9999.0,-9999.0,-9999.0,-9999.0,-9999,-9999,-9999,-9999,-9999.0,-9999.0,N,AM,CRMN MANAUS,S103,-3.02249999,-60.05555555,-9999.0
3996,2018-09-28,00:00,-9999.0,-9999.0,-9999.0,-9999.0,-9999,-9999.0,-9999.0,-9999.0,-9999.0,-9999.0,-9999.0,-9999,-9999,-9999,-9999,-9999.0,-9999.0,N,AM,CRMN MANAUS,S103,-3.02249999,-60.05555555,-9999.0
3997,2018-09-28,04:00,-9999.0,-9999.0,-9999.0,-9999.0,-9999,-9999.0,-9999.0,-9999.0,-9999.0,-9999.0,-9999.0,-9999,-9999,-9999,-9999,-9999.0,-9999.0,N,AM,CRMN MANAUS,S103,-3.02249999,-60.05555555,-9999.0
3998,2018-09-28,08:00,-9999.0,-9999.0,-9999.0,-9999.0,-9999,-9999.0,-9999.0,-9999.0,-9999.0,-9999.0,-9999.0,-9999,-9999,-9999,-9999,-9999.0,-9999.0,N,AM,CRMN MANAUS,S103,-3.02249999,-60.05555555,-9999.0
3999,2018-09-28,12:00,-9999.0,-9999.0,-9999.0,-9999.0,-9999,-9999.0,-9999.0,-9999.0,-9999.0,-9999.0,-9999.0,-9999,-9999,-9999,-9999,-9999.0,-9999.0,N,AM,CRMN MANAUS,S103,-3.02249999,-60.05555555,-9999.0
4000,2018-09-28,16:00,-9999.0,-9999.0,-9999.0,-9999.0,-9999,-9999.0,-9999.0,-9999.0,-9999.0,-9999.0,-9999.0,-9999,-9999,-9999,-9999,-9999.0,-9999.0,N,AM,CRMN MANAUS,S103,-3.02249999,-60.05555555,-9999.0
4001,2018-09-28,20:00,-9999.0,-9999.0,-9999.0,-9999.0,-9999,-9999.0,-9999.0,-9999.0,-9999.0,-9999.0,-9999.0,-9999,-9999,-9999,-9999,-9999.0,-9999.0,N,AM,CRMN MANAUS,S103,-3.02249999,-60.05555555,-9999.0
4002,2018-09-29,00:00,-9999.0,-9999.0,-9999.0,-9999.0,-9999,-9999.0,-9999.0,-9999.0,-9999.0,-9999.0,-9999.0,-9999,-9999,-9999,-9999,-9999.0,-9999.0,N,AM,CRMN MANAUS,S103,-3.02249999,-60.05555555,-9999.0
4003,2018-09-29,04:00,-9999.0,-9999.0,-9999.0,-9999.0,-9999,-9999.0,-9999.0,-9999.0,-9999.0,-9999.0,-9999.0,-9999,-9999,-9999,-9999,-9999.0,-9999.0,N,AM,CRMN MANAUS,S103,-3.02249999,-60.05555555,-9999.0
4004,2018-09-29,08:00,-9999.0,-9999.0,-9999.0,-9999.0,-9999,-9999.0,-9999.0,-9999.0,-9999.0,-9999.0,-9999.0,-9999,-9999,-9999,-9999,-9999.0,-9999.0,N,AM,CRMN MANAUS,S103,-3.02249999,-60.05555555,-9999.0
4005,2018-09-29,12:00,-9999.0,-9999.0,-9999.0,-9999.0,-9999,-9999.0,-9999.0,-9999.0,-9999.0,-9999.0,-9999.0,-9999,-9999,-9999,-9999,-9999.0,-9999.0,N,AM,CRMN MANAUS,S103,-3.02249999,-60.05555555,-9999.0
4006,2018-09-29,16:00,-9999.0,-9999.0,-9999.0,-9999.0,-9999,-9999.0,-9999.0,-9999.0,-9999.0,-9999.0,-9999.0,-9999,-9999,-9999,-9999,-9999.0,-9999.0,N,AM,CRMN MANAUS,S103,-3.02249999,-60.05555555,-9999.0
4007,2018-09-29,20:00,-9999.0,-9999.0,-9999.0,-9999.0,-9999,-9999.0,-9999.0,-9999.0,-9999.0,-9999.0,-9999.0,-9999,-9999,-9999,-9999,-9999.0,-9999.0,N,AM,CRMN MANAUS,S103,-3.02249999,-60.05555555,-9999.0
4008,2018-09-30,00:00,-9999.0,-9999.0,-9999.0,-9999.0,-9999,-9999.0,-9999.0,-9999.0,-9999.0,-9999.0,-9999.0,-9999,-9999,-9999,-9999,-9999.0,-9999.0,N,AM,CRMN MANAUS,S103,-3.02249999,-60.05555555,-9999.0
4009,2018-09-30,04:00,-9999.0,-9999.0,-9999.0,-9999.0,-9999,-9999.0,-9999.0,-9999.0,-9999.0,-9999.0,-9999.0,-9999,-9999,-9999,-9999,-9999.0,-9999.0,N,AM,CRMN MANAUS,S103,-3.02249999,-60.05555555,-9999.0
4010,2018-09-30,08:00,-9999.0,-9999.0,-9999.0,-9999.0,-9999,-9999.0,-9999.0,-9999.0,-9999.0,-9999.0,-9999.0,-9999,-9999,-9999,-9999,-9999.0,-9999.0,N,AM,CRMN MANAUS,S103,-3.02249999,-60.05555555,-9999.0
4011,2018-09-30,12:00,-9999.0,-9999.0,-9999.0,-9999.0,-9999,-9999.0,-9999.0,-9999.0,-9999.0,-9999.0,-9999.0,-9999,-9999,-9999,-9999,-9999.0,-9999.0,N,AM,CRMN MANAUS,S103,-3.02249999,-60.05555555,-9999.0
4012,2018-09-30,16:00,-9999.0,-9999.0,-9999.0,-9999.0,-9999,-9999.0,-9999.0,-9999.0,-9999.0,-9999.0,-9999.0,-9999,-9999,-9999,-9999,-9999.0,-9999.0,N,AM,CRMN MANAUS,S103,-3.02249999,-60.05555555,-9999.0
4013,2018-09-30,20:00,-9999.0,-9999.0,-9999.0,-9999.0,-9999,-9999.0,-9999.0,-9999.0,-9999.0,-9999.0,-9999.0,-9999,-9999,-9999,-9999,-9999.0,-9999.0,N,AM,CRMN MANAUS,S103,-3.02249999,-60.05555555,-9999.0
4014,2018-10-01,00:00,-9999.0,-9999.0,-9999.0,-9999.0,-9999,-9999.0,-9999.0,-9999.0,-9999.0,-9999.0,-9999.0,-9999,-9999,-9999,-9999,-9999.0,-9999.0,N,AM,CRMN MANAUS,S103,-3.02249999,-60.05555555,-9999.0
4015,2018-10-01,04:00,-9999.0,-9999.0,-9999.0,-9999.0,-9999,-9999.0,-9999.0,-9999.0,-9999.0,-9999.0,-9999.0,-9999,-9999,-9999,-9999,-9999.0,-9999.0,N,AM,CRMN MANAUS,S103,-3.02249999,-60.05555555,-9999.0
4016,2018-10-01,08:00,-9999.0,-9999.0,-9999.0,-9999.0,-9999,-9999.0,-9999.0,-9999.0,-9999.0,-9999.0,-9999.0,-9999,-9999,-9999,-9999,-9999.0,-9999.0,N,AM,CRMN MANAUS,S103,-3.02249999,-60.05555555,-9999.0
4017,2018-10-01,12:00,-9999.0,-9999.0,-9999.0,-9999.0,-9999,-9999.0,-9999.0,-9999.0,-9999.0,-9999.0,-9999.0,-9999,-9999,-9999,-9999,-9999.0,-9999.0,N,AM,CRMN MANAUS,S103,-3.02249999,-60.05555555,-9999.0
4018,2018-10-01,16:00,-9999.0,-9999.0,-9999.0,-9999.0,-9999,-9999.0,-9999.0,-9999.0,-9999.0,-9999.0,-9999.0,-9999,-9999,-9999,-9999,-9999.0,-9999.0,N,AM,CRMN MANAUS,S103,-3.02249999,-60.05555555,-9999.0
4019,2018-10-01,20:00,-9999.0,-9999.0,-9999.0,-9999.0,-9999,-9999.0,-9999.0,-9999.0,-9999.0,-9999.0,-9999.0,-9999,-9999,-9999,-9999,-9999.0,-9999.0,N,AM,CRMN MANAUS,S103,-3.02249999,-60.05555555,-9999.0
4020,2018-10-02,00:00,-9999.0,-9999.0,-9999.0,-9999.0,-9999,-9999.0,-9999.0,-9999.0,-9999.0,-9999.0,-9999.0,-9999,-9999,-9999,-9999,-9999.0,-9999.0,N,AM,CRMN MANAUS,S103,-3.02249999,-60.05555555,-9999.0
4021,2018-10-02,04:00,-9999.0,-9999.0,-9999.0,-9999.0,-9999,-9999.0,-9999.0,-9999.0,-9999.0,-9999.0,-9999.0,-9999,-9999,-9999,-9999,-9999.0,-9999.0,N,AM,CRMN MANAUS,S103,-3.02249999,-60.05555555,-9999.0
4022,2018-10-02,08:00,-9999.0,-9999.0,-9999.0,-9999.0,-9999,-9999.0,-9999.0,-9999.0,-9999.0,-9999.0,-9999.0,-9999,-9999,-9999,-9999,-9999.0,-9999.0,N,AM,CRMN MANAUS,S103,-3.02249999,-60.05555555,-9999.0
4023,2018-10-02,12:00,-9999.0,-9999.0,-9999.0,-9999.0,-9999,-9999.0,-9999.0,-9999.0,-9999.0,-9999.0,-9999.0,-9999,-9999,-9999,-9999,-9999.0,-9999.0,N,AM,CRMN MANAUS,S103,-3.02249999,-60.05555555,-9999.0
4024,2018-10-02,16:00,-9999.0,-9999.0,-9999.0,-9999.0,-9999,-9999.0,-9999.0,-9999.0,-9999.0,-9999.0,-9999.0,-9999,-9999,-9999,-9999,-9999.0,-9999.0,N,AM,CRMN MANAUS,S103,-3.02249999,-60.05555555,-9999.0
4025,2018-10-02,20:00,-9999.0,-9999.0,-9999.0,-9999.0,-9999,-9999.0,-9999.0,-9999.0,-9999.0,-9999.0,-9999.0,-9999,-9999,-9999,-9999,-9999.0,-9999.0,N,AM,CRMN MANAUS,S103,-3.02249999,-60.05555555,-9999.0
4026,2018-10-03,00:00,-9999.0,-9999.0,-9999.0,-9999.0,-9999,-9999.0,-9999.0,-9999.0,-9999.0,-9999.0,-9999.0,-9999,-9999,-9999,-9999,-9999.0,-9999.0,N,AM,CRMN MANAUS,S103,-3.02249999,-60.05555555,-9999.0
4027,2018-10-03,04:00,-9999.0,-9999.0,-9999.0,-9999.0,-9999,-9999.0,-9999.0,-9999.0,-9999.0,-9999.0,-9999.0,-9999,-9999,-9999,-9999,-9999.0,-9999.0,N,AM,CRMN MANAUS,S103,-3.02249999,-60.05555555,-9999.0
4028,2018-10-03,08:00,-9999.0,-9999.0,-9999.0,-9999.0,-9999,-9999.0,-9999.0,-9999.0,-9999.0,-9999.0,-9999.0,-9999,-9999,-9999,-9999,-9999.0,-9999.0,N,AM,CRMN MANAUS,S103,-3.02249999,-60.05555555,-9999.0
4029,2018-10-03,12:00,-9999.0,-9999.0,-9999.0,-9999.0,-9999,-9999.0,-9999.0,-9999.0,-9999.0,-9999.0,-9999.0,-9999,-9999,-9999,-9999,-9999.0,-9999.0,N,AM,CRMN MANAUS,S103,-3.02249999,-60.05555555,-9999.0
4030,2018-10-03,16:00,-9999.0,-9999.0,-9999.0,-9999.0,-9999,-9999.0,-9999.0,-9999.0,-9999.0,-9999.0,-9999.0,-9999,-9999,-9999,-9999,-9999.0,-9999.0,N,AM,CRMN MANAUS,S103,-3.02249999,-60.05555555,-9999.0
4031,2018-10-03,20:00,-9999.0,-9999.0,-9999.0,-9999.0,-9999,-9999.0,-9999.0,-9999.0,-9999.0,-9999.0,-9999.0,-9999,-9999,-9999,-9999,-9999.0,-9999.0,N,AM,CRMN MANAUS,S103,-3.02249999,-60.05555555,-9999.0
4032,2018-10-04,00:00,-9999.0,-9999.0,-9999.0,-9999.0,-9999,-9999.0,-9999.0,-9999.0,-9999.0,-9999.0,-9999.0,-9999,-9999,-9999,-9999,-9999.0,-9999.0,N,AM,CRMN MANAUS,S103,-3.02249999,-60.05555555,-9999.0
4033,2018-10-04,04:00,-9999.0,-9999.0,-9999.0,-9999.0,-9999,-9999.0,-9999.0,-9999.0,-9999.0,-9999.0,-9999.0,-9999,-9999,-9999,-9999,-9999.0,-9999.0,N,AM,CRMN MANAUS,S103,-3.02249999,-60.05555555,-9999.0
4034,2018-10-04,08:00,-9999.0,-9999.0,-9999.0,-9999.0,-9999,-9999.0,-9999.0,-9999.0,-9999.0,-9999.0,-9999.0,-9999,-9999,-9999,-9999,-9999.0,-9999.0,N,AM,CRMN MANAUS,S103,-3.02249999,-60.05555555,-9999.0
4035,2018-10-04,12:00,-9999.0,-9999.0,-9999.0,-9999.0,-9999,-9999.0,-9999.0,-9999.0,-9999.0,-9999.0,-9999.0,-9999,-9999,-9999,-9999,-9999.0,-9999.0,N,AM,CRMN MANAUS,S103,-3.02249999,-60.05555555,-9999.0
4036,2018-10-04,16:00,-9999.0,-9999.0,-9999.0,-9999.0,-9999,-9999.0,-9999.0,-9999.0,-9999.0,-9999.0,-9999.0,-9999,-9999,-9999,-9999,-9999.0,-9999.0,N,AM,CRMN MANAUS,S103,-3.02249999,-60.05555555,-9999.0
4037,2018-10-04,20:00,-9999.0,-9999.0,-9999.0,-9999.0,-9999,-9999.0,-9999.0,-9999.0,-9999.0,-9999.0,-9999.0,-9999,-9999,-9999,-9999,-9999.0,-9999.0,N,AM,CRMN MANAUS,S103,-3.02249999,-60.05555555,-9999.0
4038,2018-10-05,00:00,-9999.0,-9999.0,-9999.0,-9999.0,-9999,-9999.0,-9999.0,-9999.0,-9999.0,-9999.0,-9999.0,-9999,-9999,-9999,-9999,-9999.0,-9999.0,N,AM,CRMN MANAUS,S103,-3.02249999,-60.05555555,-9999.0
4039,2018-10-05,04:00,-9999.0,-9999.0,-9999.0,-9999.0,-9999,-9999.0,-9999.0,-9999.0,-9999.0,-9999.0,-9999.0,-9999,-9999,-9999,-9999,-9999.0,-9999.0,N,AM,CRMN MANAUS,S103,-3.02249999,-60.05555555,-9999.0
4040,2018-10-05,08:00,-9999.0,-9999.0,-9999.0,-9999.0,-9999,-9999.0,-9999.0,-9999.0,-9999.0,-9999.0,-9999.0,-9999,-9999,-9999,-9999,-9999.0,-9999.0,N,AM,CRMN MANAUS,S103,-3.02249999,-60.05555555,-9999.0
4041,2018-10-05,12:00,-9999.0,-9999.0,-9999.0,-9999.0,-9999,-9999.0,-9999.0,-9999.0,-9999.0,-9999.0,-9999.0,-9999,-9999,-9999,-9999,-9999.0,-9999.0,N,AM,CRMN MANAUS,S103,-3.02249999,-60.05555555,-9999.0
4042,2018-10-05,16:00,-9999.0,-9999.0,-9999.0,-9999.0,-9999,-9999.0,-9999.0,-9999.0,-9999.0,-9999.0,-9999.0,-9999,-9999,-9999,-9999,-9999.0,-9999.0,N,AM,CRMN MANAUS,S103,-3.02249999,-60.05555555,-9999.0
4043,2018-10-05,20:00,-9999.0,-9999.0,-9999.0,-9999.0,-9999,-9999.0,-9999.0,-9999.0,-9999.0,-9999.0,-9999.0,-9999,-9999,-9999,-9999,-9999.0,-9999.0,N,AM,CRMN MANAUS,S103,-3.02249999,-60.05555555,-9999.0
4044,2018-10-06,00:00,-9999.0,-9999.0,-9999.0,-9999.0,-9999,-9999.0,-9999.0,-9999.0,-9999.0,-9999.0,-9999.0,-9999,-9999,-9999,-9999,-9999.0,-9999.0,N,AM,CRMN MANAUS,S103,-3.02249999,-60.05555555,-9999.0
4045,2018-10-06,04:00,-9999.0,-9999.0,-9999.0,-9999.0,-9999,-9999.0,-9999.0,-9999.0,-9999.0,-9999.0,-9999.0,-9999,-9999,-9999,-9999,-9999.0,-9999.0,N,AM,CRMN MANAUS,S103,-3.02249999,-60.05555555,-9999.0
4046,2018-10-06,08:00,-9999.0,-9999.0,-9999.0,-9999.0,-9999,-9999.0,-9999.0,-9999.0,-9999.0,-9999.0,-9999.0,-9999,-9999,-9999,-9999,-9999.0,-9999.0,N,AM,CRMN MANAUS,S103,-3.02249999,-60.05555555,-9999.0
4047,2018-10-06,12:00,-9999.0,-9999.0,-9999.0,-9999.0,-9999,-9999.0,-9999.0,-9999.0,-9999.0,-9999.0,-9999.0,-9999,-9999,-9999,-9999,-9999.0,-9999.0,N,AM,CRMN MANAUS,S103,-3.02249999,-60.05555555,-9999.0
4048,2018-10-06,16:00,-9999.0,-9999.0,-9999.0,-9999.0,-9999,-9999.0,-9999.0,-9999.0,-9999.0,-9999.0,-9999.0,-9999,-9999,-9999,-9999,-9999.0,-9999.0,N,AM,CRMN MANAUS,S103,-3.02249999,-60.05555555,-9999.0
4049,2018-10-06,20:00,-9999.0,-9999.0,-9999.0,-9999.0,-9999,-9999.0,-9999.0,-9999.0,-9999.0,-9999.0,-9999.0,-9999,-9999,-9999,-9999,-9999.0,-9999.0,N,AM,CRMN MANAUS,S103,-3.02249999,-60.05555555,-9999.0
4050,2018-10-07,00:00,-9999.0,-9999.0,-9999.0,-9999.0,-9999,-9999.0,-9999.0,-9999.0,-9999.0,-9999.0,-9999.0,-9999,-9999,-9999,-9999,-9999.0,-9999.0,N,AM,CRMN MANAUS,S103,-3.02249999,-60.05555555,-9999.0
4051,2018-10-07,04:00,-9999.0,-9999.0,-9999.0,-9999.0,-9999,-9999.0,-9999.0,-9999.0,-9999.0,-9999.0,-9999.0,-9999,-9999,-9999,-9999,-9999.0,-9999.0,N,AM,CRMN MANAUS,S103,-3.02249999,-60.05555555,-9999.0
4052,2018-10-07,08:00,-9999.0,-9999.0,-9999.0,-9999.0,-9999,-9999.0,-9999.0,-9999.0,-9999.0,-9999.0,-9999.0,-9999,-9999,-9999,-9999,-9999.0,-9999.0,N,AM,CRMN MANAUS,S103,-3.02249999,-60.05555555,-9999.0
4053,2018-10-07,12:00,-9999.0,-9999.0,-9999.0,-9999.0,-9999,-9999.0,-9999.0,-9999.0,-9999.0,-9999.0,-9999.0,-9999,-9999,-9999,-9999,-9999.0,-9999.0,N,AM,CRMN MANAUS,S103,-3.02249999,-60.05555555,-9999.0
4054,2018-10-07,16:00,-9999.0,-9999.0,-9999.0,-9999.0,-9999,-9999.0,-9999.0,-9999.0,-9999.0,-9999.0,-9999.0,-9999,-9999,-9999,-9999,-9999.0,-9999.0,N,AM,CRMN MANAUS,S103,-3.02249999,-60.05555555,-9999.0
4055,2018-10-07,20:00,-9999.0,-9999.0,-9999.0,-9999.0,-9999,-9999.0,-9999.0,-9999.0,-9999.0,-9999.0,-9999.0,-9999,-9999,-9999,-9999,-9999.0,-9999.0,N,AM,CRMN MANAUS,S103,-3.02249999,-60.05555555,-9999.0
4056,2018-10-08,00:00,-9999.0,-9999.0,-9999.0,-9999.0,-9999,-9999.0,-9999.0,-9999.0,-9999.0,-9999.0,-9999.0,-9999,-9999,-9999,-9999,-9999.0,-9999.0,N,AM,CRMN MANAUS,S103,-3.02249999,-60.05555555,-9999.0
4057,2018-10-08,04:00,-9999.0,-9999.0,-9999.0,-9999.0,-9999,-9999.0,-9999.0,-9999.0,-9999.0,-9999.0,-9999.0,-9999,-9999,-9999,-9999,-9999.0,-9999.0,N,AM,CRMN MANAUS,S103,-3.02249999,-60.05555555,-9999.0
4058,2018-10-08,08:00,-9999.0,-9999.0,-9999.0,-9999.0,-9999,-9999.0,-9999.0,-9999.0,-9999.0,-9999.0,-9999.0,-9999,-9999,-9999,-9999,-9999.0,-9999.0,N,AM,CRMN MANAUS,S103,-3.02249999,-60.05555555,-9999.0
4059,2018-10-08,12:00,-9999.0,-9999.0,-9999.0,-9999.0,-9999,-9999.0,-9999.0,-9999.0,-9999.0,-9999.0,-9999.0,-9999,-9999,-9999,-9999,-9999.0,-9999.0,N,AM,CRMN MANAUS,S103,-3.02249999,-60.05555555,-9999.0
4060,2018-10-08,16:00,-9999.0,-9999.0,-9999.0,-9999.0,-9999,-9999.0,-9999.0,-9999.0,-9999.0,-9999.0,-9999.0,-9999,-9999,-9999,-9999,-9999.0,-9999.0,N,AM,CRMN MANAUS,S103,-3.02249999,-60.05555555,-9999.0
4061,2018-10-08,20:00,-9999.0,-9999.0,-9999.0,-9999.0,-9999,-9999.0,-9999.0,-9999.0,-9999.0,-9999.0,-9999.0,-9999,-9999,-9999,-9999,-9999.0,-9999.0,N,AM,CRMN MANAUS,S103,-3.02249999,-60.05555555,-9999.0
4062,2018-10-09,00:00,-9999.0,-9999.0,-9999.0,-9999.0,-9999,-9999.0,-9999.0,-9999.0,-9999.0,-9999.0,-9999.0,-9999,-9999,-9999,-9999,-9999.0,-9999.0,N,AM,CRMN MANAUS,S103,-3.02249999,-60.05555555,-9999.0
4063,2018-10-09,04:00,-9999.0,-9999.0,-9999.0,-9999.0,-9999,-9999.0,-9999.0,-9999.0,-9999.0,-9999.0,-9999.0,-9999,-9999,-9999,-9999,-9999.0,-9999.0,N,AM,CRMN MANAUS,S103,-3.02249999,-60.05555555,-9999.0
4064,2018-10-09,08:00,-9999.0,-9999.0,-9999.0,-9999.0,-9999,-9999.0,-9999.0,-9999.0,-9999.0,-9999.0,-9999.0,-9999,-9999,-9999,-9999,-9999.0,-9999.0,N,AM,CRMN MANAUS,S103,-3.02249999,-60.05555555,-9999.0
4065,2018-10-09,12:00,-9999.0,-9999.0,-9999.0,-9999.0,-9999,-9999.0,-9999.0,-9999.0,-9999.0,-9999.0,-9999.0,-9999,-9999,-9999,-9999,-9999.0,-9999.0,N,AM,CRMN MANAUS,S103,-3.02249999,-60.05555555,-9999.0
4066,2018-10-09,16:00,-9999.0,-9999.0,-9999.0,-9999.0,-9999,-9999.0,-9999.0,-9999.0,-9999.0,-9999.0,-9999.0,-9999,-9999,-9999,-9999,-9999.0,-9999.0,N,AM,CRMN MANAUS,S103,-3.02249999,-60.05555555,-9999.0
4067,2018-10-09,20:00,-9999.0,-9999.0,-9999.0,-9999.0,-9999,-9999.0,-9999.0,-9999.0,-9999.0,-9999.0,-9999.0,-9999,-9999,-9999,-9999,-9999.0,-9999.0,N,AM,CRMN MANAUS,S103,-3.02249999,-60.05555555,-9999.0
4068,2018-10-10,00:00,-9999.0,-9999.0,-9999.0,-9999.0,-9999,-9999.0,-9999.0,-9999.0,-9999.0,-9999.0,-9999.0,-9999,-9999,-9999,-9999,-9999.0,-9999.0,N,AM,CRMN MANAUS,S103,-3.02249999,-60.05555555,-9999.0
4069,2018-10-10,04:00,-9999.0,-9999.0,-9999.0,-9999.0,-9999,-9999.0,-9999.0,-9999.0,-9999.0,-9999.0,-9999.0,-9999,-9999,-9999,-9999,-9999.0,-9999.0,N,AM,CRMN MANAUS,S103,-3.02249999,-60.05555555,-9999.0
4070,2018-10-10,08:00,-9999.0,-9999.0,-9999.0,-9999.0,-9999,-9999.0,-9999.0,-9999.0,-9999.0,-9999.0,-9999.0,-9999,-9999,-9999,-9999,-9999.0,-9999.0,N,AM,CRMN MANAUS,S103,-3.02249999,-60.05555555,-9999.0
4071,2018-10-10,12:00,-9999.0,-9999.0,-9999.0,-9999.0,-9999,-9999.0,-9999.0,-9999.0,-9999.0,-9999.0,-9999.0,-9999,-9999,-9999,-9999,-9999.0,-9999.0,N,AM,CRMN MANAUS,S103,-3.02249999,-60.05555555,-9999.0
4072,2018-10-10,16:00,-9999.0,-9999.0,-9999.0,-9999.0,-9999,-9999.0,-9999.0,-9999.0,-9999.0,-9999.0,-9999.0,-9999,-9999,-9999,-9999,-9999.0,-9999.0,N,AM,CRMN MANAUS,S103,-3.02249999,-60.05555555,-9999.0
4073,2018-10-10,20:00,-9999.0,-9999.0,-9999.0,-9999.0,-9999,-9999.0,-9999.0,-9999.0,-9999.0,-9999.0,-9999.0,-9999,-9999,-9999,-9999,-9999.0,-9999.0,N,AM,CRMN MANAUS,S103,-3.02249999,-60.05555555,-9999.0
4074,2018-10-11,00:00,-9999.0,-9999.0,-9999.0,-9999.0,-9999,-9999.0,-9999.0,-9999.0,-9999.0,-9999.0,-9999.0,-9999,-9999,-9999,-9999,-9999.0,-9999.0,N,AM,CRMN MANAUS,S103,-3.02249999,-60.05555555,-9999.0
4075,2018-10-11,04:00,-9999.0,-9999.0,-9999.0,-9999.0,-9999,-9999.0,-9999.0,-9999.0,-9999.0,-9999.0,-9999.0,-9999,-9999,-9999,-9999,-9999.0,-9999.0,N,AM,CRMN MANAUS,S103,-3.02249999,-60.05555555,-9999.0
4076,2018-10-11,08:00,-9999.0,-9999.0,-9999.0,-9999.0,-9999,-9999.0,-9999.0,-9999.0,-9999.0,-9999.0,-9999.0,-9999,-9999,-9999,-9999,-9999.0,-9999.0,N,AM,CRMN MANAUS,S103,-3.02249999,-60.05555555,-9999.0
4077,2018-10-11,12:00,-9999.0,-9999.0,-9999.0,-9999.0,-9999,-9999.0,-9999.0,-9999.0,-9999.0,-9999.0,-9999.0,-9999,-9999,-9999,-9999,-9999.0,-9999.0,N,AM,CRMN MANAUS,S103,-3.02249999,-60.05555555,-9999.0
4078,2018-10-11,16:00,-9999.0,-9999.0,-9999.0,-9999.0,-9999,-9999.0,-9999.0,-9999.0,-9999.0,-9999.0,-9999.0,-9999,-9999,-9999,-9999,-9999.0,-9999.0,N,AM,CRMN MANAUS,S103,-3.02249999,-60.05555555,-9999.0
4079,2018-10-11,20:00,-9999.0,-9999.0,-9999.0,-9999.0,-9999,-9999.0,-9999.0,-9999.0,-9999.0,-9999.0,-9999.0,-9999,-9999,-9999,-9999,-9999.0,-9999.0,N,AM,CRMN MANAUS,S103,-3.02249999,-60.05555555,-9999.0
4080,2018-10-12,00:00,-9999.0,-9999.0,-9999.0,-9999.0,-9999,-9999.0,-9999.0,-9999.0,-9999.0,-9999.0,-9999.0,-9999,-9999,-9999,-9999,-9999.0,-9999.0,N,AM,CRMN MANAUS,S103,-3.02249999,-60.05555555,-9999.0
4081,2018-10-12,04:00,-9999.0,-9999.0,-9999.0,-9999.0,-9999,-9999.0,-9999.0,-9999.0,-9999.0,-9999.0,-9999.0,-9999,-9999,-9999,-9999,-9999.0,-9999.0,N,AM,CRMN MANAUS,S103,-3.02249999,-60.05555555,-9999.0
4082,2018-10-12,08:00,-9999.0,-9999.0,-9999.0,-9999.0,-9999,-9999.0,-9999.0,-9999.0,-9999.0,-9999.0,-9999.0,-9999,-9999,-9999,-9999,-9999.0,-9999.0,N,AM,CRMN MANAUS,S103,-3.02249999,-60.05555555,-9999.0
4083,2018-10-12,12:00,-9999.0,-9999.0,-9999.0,-9999.0,-9999,-9999.0,-9999.0,-9999.0,-9999.0,-9999.0,-9999.0,-9999,-9999,-9999,-9999,-9999.0,-9999.0,N,AM,CRMN MANAUS,S103,-3.02249999,-60.05555555,-9999.0
4084,2018-10-12,16:00,-9999.0,-9999.0,-9999.0,-9999.0,-9999,-9999.0,-9999.0,-9999.0,-9999.0,-9999.0,-9999.0,-9999,-9999,-9999,-9999,-9999.0,-9999.0,N,AM,CRMN MANAUS,S103,-3.02249999,-60.05555555,-9999.0
4085,2018-10-12,20:00,-9999.0,-9999.0,-9999.0,-9999.0,-9999,-9999.0,-9999.0,-9999.0,-9999.0,-9999.0,-9999.0,-9999,-9999,-9999,-9999,-9999.0,-9999.0,N,AM,CRMN MANAUS,S103,-3.02249999,-60.05555555,-9999.0
4086,2018-10-13,00:00,-9999.0,-9999.0,-9999.0,-9999.0,-9999,-9999.0,-9999.0,-9999.0,-9999.0,-9999.0,-9999.0,-9999,-9999,-9999,-9999,-9999.0,-9999.0,N,AM,CRMN MANAUS,S103,-3.02249999,-60.05555555,-9999.0
4087,2018-10-13,04:00,-9999.0,-9999.0,-9999.0,-9999.0,-9999,-9999.0,-9999.0,-9999.0,-9999.0,-9999.0,-9999.0,-9999,-9999,-9999,-9999,-9999.0,-9999.0,N,AM,CRMN MANAUS,S103,-3.02249999,-60.05555555,-9999.0
4088,2018-10-13,08:00,-9999.0,-9999.0,-9999.0,-9999.0,-9999,-9999.0,-9999.0,-9999.0,-9999.0,-9999.0,-9999.0,-9999,-9999,-9999,-9999,-9999.0,-9999.0,N,AM,CRMN MANAUS,S103,-3.02249999,-60.05555555,-9999.0
4089,2018-10-13,12:00,-9999.0,-9999.0,-9999.0,-9999.0,-9999,-9999.0,-9999.0,-9999.0,-9999.0,-9999.0,-9999.0,-9999,-9999,-9999,-9999,-9999.0,-9999.0,N,AM,CRMN MANAUS,S103,-3.02249999,-60.05555555,-9999.0
4090,2018-10-13,16:00,-9999.0,-9999.0,-9999.0,-9999.0,-9999,-9999.0,-9999.0,-9999.0,-9999.0,-9999.0,-9999.0,-9999,-9999,-9999,-9999,-9999.0,-9999.0,N,AM,CRMN MANAUS,S103,-3.02249999,-60.05555555,-9999.0
4091,2018-10-13,20:00,-9999.0,-9999.0,-9999.0,-9999.0,-9999,-9999.0,-9999.0,-9999.0,-9999.0,-9999.0,-9999.0,-9999,-9999,-9999,-9999,-9999.0,-9999.0,N,AM,CRMN MANAUS,S103,-3.02249999,-60.05555555,-9999.0
4092,2018-10-14,00:00,-9999.0,-9999.0,-9999.0,-9999.0,-9999,-9999.0,-9999.0,-9999.0,-9999.0,-9999.0,-9999.0,-9999,-9999,-9999,-9999,-9999.0,-9999.0,N,AM,CRMN MANAUS,S103,-3.02249999,-60.05555555,-9999.0
4093,2018-10-14,04:00,-9999.0,-9999.0,-9999.0,-9999.0,-9999,-9999.0,-9999.0,-9999.0,-9999.0,-9999.0,-9999.0,-9999,-9999,-9999,-9999,-9999.0,-9999.0,N,AM,CRMN MANAUS,S103,-3.02249999,-60.05555555,-9999.0
4094,2018-10-14,08:00,-9999.0,-9999.0,-9999.0,-9999.0,-9999,-9999.0,-9999.0,-9999.0,-9999.0,-9999.0,-9999.0,-9999,-9999,-9999,-9999,-9999.0,-9999.0,N,AM,CRMN MANAUS,S103,-3.02249999,-60.05555555,-9999.0
4095,2018-10-14,12:00,-9999.0,-9999.0,-9999.0,-9999.0,-9999,-9999.0,-9999.0,-9999.0,-9999.0,-9999.0,-9999.0,-9999,-9999,-9999,-9999,-9999.0,-9999.0,N,AM,CRMN MANAUS,S103,-3.02249999,-60.05555555,-9999.0
4096,2018-10-14,16:00,-9999.0,-9999.0,-9999.0,-9999.0,-9999,-9999.0,-9999.0,-9999.0,-9999.0,-9999.0,-9999.0,-9999,-9999,-9999,-9999,-9999.0,-9999.0,N,AM,CRMN MANAUS,S103,-3.02249999,-60.05555555,-9999.0
4097,2018-10-14,20:00,-9999.0,-9999.0,-9999.0,-9999.0,-9999,-9999.0,-9999.0,-9999.0,-9999.0,-9999.0,-9999.0,-9999,-9999,-9999,-9999,-9999.0,-9999.0,N,AM,CRMN MANAUS,S103,-3.02249999,-60.05555555,-9999.0
4098,2018-10-15,00:00,-9999.0,-9999.0,-9999.0,-9999.0,-9999,-9999.0,-9999.0,-9999.0,-9999.0,-9999.0,-9999.0,-9999,-9999,-9999,-9999,-9999.0,-9999.0,N,AM,CRMN MANAUS,S103,-3.02249999,-60.05555555,-9999.0
4099,2018-10-15,04:00,-9999.0,-9999.0,-9999.0,-9999.0,-9999,-9999.0,-9999.0,-9999.0,-9999.0,-9999.0,-9999.0,-9999,-9999,-9999,-9999,-9999.0,-9999.0,N,AM,CRMN MANAUS,S103,-3.02249999,-60.05555555,-9999.0
4100,2018-10-15,08:00,-9999.0,-9999.0,-9999.0,-9999.0,-9999,-9999.0,-9999.0,-9999.0,-9999.0,-9999.0,-9999.0,-9999,-9999,-9999,-9999,-9999.0,-9999.0,N,AM,CRMN MANAUS,S103,-3.02249999,-60.05555555,-9999.0
4101,2018-10-15,12:00,-9999.0,-9999.0,-9999.0,-9999.0,-9999,-9999.0,-9999.0,-9999.0,-9999.0,-9999.0,-9999.0,-9999,-9999,-9999,-9999,-9999.0,-9999.0,N,AM,CRMN MANAUS,S103,-3.02249999,-60.05555555,-9999.0
4102,2018-10-15,16:00,-9999.0,-9999.0,-9999.0,-9999.0,-9999,-9999.0,-9999.0,-9999.0,-9999.0,-9999.0,-9999.0,-9999,-9999,-9999,-9999,-9999.0,-9999.0,N,AM,CRMN MANAUS,S103,-3.02249999,-60.05555555,-9999.0
4103,2018-10-15,20:00,-9999.0,-9999.0,-9999.0,-9999.0,-9999,-9999.0,-9999.0,-9999.0,-9999.0,-9999.0,-9999.0,-9999,-9999,-9999,-9999,-9999.0,-9999.0,N,AM,CRMN MANAUS,S103,-3.02249999,-60.05555555,-9999.0
4104,2018-10-16,00:00,-9999.0,-9999.0,-9999.0,-9999.0,-9999,-9999.0,-9999.0,-9999.0,-9999.0,-9999.0,-9999.0,-9999,-9999,-9999,-9999,-9999.0,-9999.0,N,AM,CRMN MANAUS,S103,-3.02249999,-60.05555555,-9999.0
4105,2018-10-16,04:00,-9999.0,-9999.0,-9999.0,-9999.0,-9999,-9999.0,-9999.0,-9999.0,-9999.0,-9999.0,-9999.0,-9999,-9999,-9999,-9999,-9999.0,-9999.0,N,AM,CRMN MANAUS,S103,-3.02249999,-60.05555555,-9999.0
4106,2018-10-16,08:00,-9999.0,-9999.0,-9999.0,-9999.0,-9999,-9999.0,-9999.0,-9999.0,-9999.0,-9999.0,-9999.0,-9999,-9999,-9999,-9999,-9999.0,-9999.0,N,AM,CRMN MANAUS,S103,-3.02249999,-60.05555555,-9999.0
4107,2018-10-16,12:00,-9999.0,-9999.0,-9999.0,-9999.0,-9999,-9999.0,-9999.0,-9999.0,-9999.0,-9999.0,-9999.0,-9999,-9999,-9999,-9999,-9999.0,-9999.0,N,AM,CRMN MANAUS,S103,-3.02249999,-60.05555555,-9999.0
4108,2018-10-16,16:00,-9999.0,-9999.0,-9999.0,-9999.0,-9999,-9999.0,-9999.0,-9999.0,-9999.0,-9999.0,-9999.0,-9999,-9999,-9999,-9999,-9999.0,-9999.0,N,AM,CRMN MANAUS,S103,-3.02249999,-60.05555555,-9999.0
4109,2018-10-16,20:00,-9999.0,-9999.0,-9999.0,-9999.0,-9999,-9999.0,-9999.0,-9999.0,-9999.0,-9999.0,-9999.0,-9999,-9999,-9999,-9999,-9999.0,-9999.0,N,AM,CRMN MANAUS,S103,-3.02249999,-60.05555555,-9999.0
4110,2018-10-17,00:00,-9999.0,-9999.0,-9999.0,-9999.0,-9999,-9999.0,-9999.0,-9999.0,-9999.0,-9999.0,-9999.0,-9999,-9999,-9999,-9999,-9999.0,-9999.0,N,AM,CRMN MANAUS,S103,-3.02249999,-60.05555555,-9999.0
4111,2018-10-17,04:00,-9999.0,-9999.0,-9999.0,-9999.0,-9999,-9999.0,-9999.0,-9999.0,-9999.0,-9999.0,-9999.0,-9999,-9999,-9999,-9999,-9999.0,-9999.0,N,AM,CRMN MANAUS,S103,-3.02249999,-60.05555555,-9999.0
4112,2018-10-17,08:00,-9999.0,-9999.0,-9999.0,-9999.0,-9999,-9999.0,-9999.0,-9999.0,-9999.0,-9999.0,-9999.0,-9999,-9999,-9999,-9999,-9999.0,-9999.0,N,AM,CRMN MANAUS,S103,-3.02249999,-60.05555555,-9999.0
4113,2018-10-17,12:00,-9999.0,-9999.0,-9999.0,-9999.0,-9999,-9999.0,-9999.0,-9999.0,-9999.0,-9999.0,-9999.0,-9999,-9999,-9999,-9999,-9999.0,-9999.0,N,AM,CRMN MANAUS,S103,-3.02249999,-60.05555555,-9999.0
4114,2018-10-17,16:00,-9999.0,-9999.0,-9999.0,-9999.0,-9999,-9999.0,-9999.0,-9999.0,-9999.0,-9999.0,-9999.0,-9999,-9999,-9999,-9999,-9999.0,-9999.0,N,AM,CRMN MANAUS,S103,-3.02249999,-60.05555555,-9999.0
4115,2018-10-17,20:00,-9999.0,-9999.0,-9999.0,-9999.0,-9999,-9999.0,-9999.0,-9999.0,-9999.0,-9999.0,-9999.0,-9999,-9999,-9999,-9999,-9999.0,-9999.0,N,AM,CRMN MANAUS,S103,-3.02249999,-60.05555555,-9999.0
4116,2018-10-18,00:00,-9999.0,-9999.0,-9999.0,-9999.0,-9999,-9999.0,-9999.0,-9999.0,-9999.0,-9999.0,-9999.0,-9999,-9999,-9999,-9999,-9999.0,-9999.0,N,AM,CRMN MANAUS,S103,-3.02249999,-60.05555555,-9999.0
4117,2018-10-18,04:00,-9999.0,-9999.0,-9999.0,-9999.0,-9999,-9999.0,-9999.0,-9999.0,-9999.0,-9999.0,-9999.0,-9999,-9999,-9999,-9999,-9999.0,-9999.0,N,AM,CRMN MANAUS,S103,-3.02249999,-60.05555555,-9999.0
4118,2018-10-18,08:00,-9999.0,-9999.0,-9999.0,-9999.0,-9999,-9999.0,-9999.0,-9999.0,-9999.0,-9999.0,-9999.0,-9999,-9999,-9999,-9999,-9999.0,-9999.0,N,AM,CRMN MANAUS,S103,-3.02249999,-60.05555555,-9999.0
4119,2018-10-18,12:00,-9999.0,-9999.0,-9999.0,-9999.0,-9999,-9999.0,-9999.0,-9999.0,-9999.0,-9999.0,-9999.0,-9999,-9999,-9999,-9999,-9999.0,-9999.0,N,AM,CRMN MANAUS,S103,-3.02249999,-60.05555555,-9999.0
4120,2018-10-18,16:00,-9999.0,-9999.0,-9999.0,-9999.0,-9999,-9999.0,-9999.0,-9999.0,-9999.0,-9999.0,-9999.0,-9999,-9999,-9999,-9999,-9999.0,-9999.0,N,AM,CRMN MANAUS,S103,-3.02249999,-60.05555555,-9999.0
4121,2018-10-18,20:00,-9999.0,-9999.0,-9999.0,-9999.0,-9999,-9999.0,-9999.0,-9999.0,-9999.0,-9999.0,-9999.0,-9999,-9999,-9999,-9999,-9999.0,-9999.0,N,AM,CRMN MANAUS,S103,-3.02249999,-60.05555555,-9999.0
4122,2018-10-19,00:00,-9999.0,-9999.0,-9999.0,-9999.0,-9999,-9999.0,-9999.0,-9999.0,-9999.0,-9999.0,-9999.0,-9999,-9999,-9999,-9999,-9999.0,-9999.0,N,AM,CRMN MANAUS,S103,-3.02249999,-60.05555555,-9999.0
4123,2018-10-19,04:00,-9999.0,-9999.0,-9999.0,-9999.0,-9999,-9999.0,-9999.0,-9999.0,-9999.0,-9999.0,-9999.0,-9999,-9999,-9999,-9999,-9999.0,-9999.0,N,AM,CRMN MANAUS,S103,-3.02249999,-60.05555555,-9999.0
4124,2018-10-19,08:00,-9999.0,-9999.0,-9999.0,-9999.0,-9999,-9999.0,-9999.0,-9999.0,-9999.0,-9999.0,-9999.0,-9999,-9999,-9999,-9999,-9999.0,-9999.0,N,AM,CRMN MANAUS,S103,-3.02249999,-60.05555555,-9999.0
4125,2018-10-19,12:00,-9999.0,-9999.0,-9999.0,-9999.0,-9999,-9999.0,-9999.0,-9999.0,-9999.0,-9999.0,-9999.0,-9999,-9999,-9999,-9999,-9999.0,-9999.0,N,AM,CRMN MANAUS,S103,-3.02249999,-60.05555555,-9999.0
4126,2018-10-19,16:00,-9999.0,-9999.0,-9999.0,-9999.0,-9999,-9999.0,-9999.0,-9999.0,-9999.0,-9999.0,-9999.0,-9999,-9999,-9999,-9999,-9999.0,-9999.0,N,AM,CRMN MANAUS,S103,-3.02249999,-60.05555555,-9999.0
4127,2018-10-19,20:00,-9999.0,-9999.0,-9999.0,-9999.0,-9999,-9999.0,-9999.0,-9999.0,-9999.0,-9999.0,-9999.0,-9999,-9999,-9999,-9999,-9999.0,-9999.0,N,AM,CRMN MANAUS,S103,-3.02249999,-60.05555555,-9999.0
4128,2018-10-20,00:00,-9999.0,-9999.0,-9999.0,-9999.0,-9999,-9999.0,-9999.0,-9999.0,-9999.0,-9999.0,-9999.0,-9999,-9999,-9999,-9999,-9999.0,-9999.0,N,AM,CRMN MANAUS,S103,-3.02249999,-60.05555555,-9999.0
4129,2018-10-20,04:00,-9999.0,-9999.0,-9999.0,-9999.0,-9999,-9999.0,-9999.0,-9999.0,-9999.0,-9999.0,-9999.0,-9999,-9999,-9999,-9999,-9999.0,-9999.0,N,AM,CRMN MANAUS,S103,-3.02249999,-60.05555555,-9999.0
4130,2018-10-20,08:00,-9999.0,-9999.0,-9999.0,-9999.0,-9999,-9999.0,-9999.0,-9999.0,-9999.0,-9999.0,-9999.0,-9999,-9999,-9999,-9999,-9999.0,-9999.0,N,AM,CRMN MANAUS,S103,-3.02249999,-60.05555555,-9999.0
4131,2018-10-20,12:00,-9999.0,-9999.0,-9999.0,-9999.0,-9999,-9999.0,-9999.0,-9999.0,-9999.0,-9999.0,-9999.0,-9999,-9999,-9999,-9999,-9999.0,-9999.0,N,AM,CRMN MANAUS,S103,-3.02249999,-60.05555555,-9999.0
4132,2018-10-20,16:00,-9999.0,-9999.0,-9999.0,-9999.0,-9999,-9999.0,-9999.0,-9999.0,-9999.0,-9999.0,-9999.0,-9999,-9999,-9999,-9999,-9999.0,-9999.0,N,AM,CRMN MANAUS,S103,-3.02249999,-60.05555555,-9999.0
4133,2018-10-20,20:00,-9999.0,-9999.0,-9999.0,-9999.0,-9999,-9999.0,-9999.0,-9999.0,-9999.0,-9999.0,-9999.0,-9999,-9999,-9999,-9999,-9999.0,-9999.0,N,AM,CRMN MANAUS,S103,-3.02249999,-60.05555555,-9999.0
4134,2018-10-21,00:00,-9999.0,-9999.0,-9999.0,-9999.0,-9999,-9999.0,-9999.0,-9999.0,-9999.0,-9999.0,-9999.0,-9999,-9999,-9999,-9999,-9999.0,-9999.0,N,AM,CRMN MANAUS,S103,-3.02249999,-60.05555555,-9999.0
4135,2018-10-21,04:00,-9999.0,-9999.0,-9999.0,-9999.0,-9999,-9999.0,-9999.0,-9999.0,-9999.0,-9999.0,-9999.0,-9999,-9999,-9999,-9999,-9999.0,-9999.0,N,AM,CRMN MANAUS,S103,-3.02249999,-60.05555555,-9999.0
4136,2018-10-21,08:00,-9999.0,-9999.0,-9999.0,-9999.0,-9999,-9999.0,-9999.0,-9999.0,-9999.0,-9999.0,-9999.0,-9999,-9999,-9999,-9999,-9999.0,-9999.0,N,AM,CRMN MANAUS,S103,-3.02249999,-60.05555555,-9999.0
4137,2018-10-21,12:00,-9999.0,-9999.0,-9999.0,-9999.0,-9999,-9999.0,-9999.0,-9999.0,-9999.0,-9999.0,-9999.0,-9999,-9999,-9999,-9999,-9999.0,-9999.0,N,AM,CRMN MANAUS,S103,-3.02249999,-60.05555555,-9999.0
4138,2018-10-21,16:00,-9999.0,-9999.0,-9999.0,-9999.0,-9999,-9999.0,-9999.0,-9999.0,-9999.0,-9999.0,-9999.0,-9999,-9999,-9999,-9999,-9999.0,-9999.0,N,AM,CRMN MANAUS,S103,-3.02249999,-60.05555555,-9999.0
4139,2018-10-21,20:00,-9999.0,-9999.0,-9999.0,-9999.0,-9999,-9999.0,-9999.0,-9999.0,-9999.0,-9999.0,-9999.0,-9999,-9999,-9999,-9999,-9999.0,-9999.0,N,AM,CRMN MANAUS,S103,-3.02249999,-60.05555555,-9999.0
4140,2018-10-22,00:00,-9999.0,-9999.0,-9999.0,-9999.0,-9999,-9999.0,-9999.0,-9999.0,-9999.0,-9999.0,-9999.0,-9999,-9999,-9999,-9999,-9999.0,-9999.0,N,AM,CRMN MANAUS,S103,-3.02249999,-60.05555555,-9999.0
4141,2018-10-22,04:00,-9999.0,-9999.0,-9999.0,-9999.0,-9999,-9999.0,-9999.0,-9999.0,-9999.0,-9999.0,-9999.0,-9999,-9999,-9999,-9999,-9999.0,-9999.0,N,AM,CRMN MANAUS,S103,-3.02249999,-60.05555555,-9999.0
4142,2018-10-22,08:00,-9999.0,-9999.0,-9999.0,-9999.0,-9999,-9999.0,-9999.0,-9999.0,-9999.0,-9999.0,-9999.0,-9999,-9999,-9999,-9999,-9999.0,-9999.0,N,AM,CRMN MANAUS,S103,-3.02249999,-60.05555555,-9999.0
4143,2018-10-22,12:00,-9999.0,-9999.0,-9999.0,-9999.0,-9999,-9999.0,-9999.0,-9999.0,-9999.0,-9999.0,-9999.0,-9999,-9999,-9999,-9999,-9999.0,-9999.0,N,AM,CRMN MANAUS,S103,-3.02249999,-60.05555555,-9999.0
4144,2018-10-22,16:00,-9999.0,-9999.0,-9999.0,-9999.0,-9999,-9999.0,-9999.0,-9999.0,-9999.0,-9999.0,-9999.0,-9999,-9999,-9999,-9999,-9999.0,-9999.0,N,AM,CRMN MANAUS,S103,-3.02249999,-60.05555555,-9999.0
4145,2018-10-22,20:00,-9999.0,-9999.0,-9999.0,-9999.0,-9999,-9999.0,-9999.0,-9999.0,-9999.0,-9999.0,-9999.0,-9999,-9999,-9999,-9999,-9999.0,-9999.0,N,AM,CRMN MANAUS,S103,-3.02249999,-60.05555555,-9999.0
4146,2018-10-23,00:00,-9999.0,-9999.0,-9999.0,-9999.0,-9999,-9999.0,-9999.0,-9999.0,-9999.0,-9999.0,-9999.0,-9999,-9999,-9999,-9999,-9999.0,-9999.0,N,AM,CRMN MANAUS,S103,-3.02249999,-60.05555555,-9999.0
4147,2018-10-23,04:00,-9999.0,-9999.0,-9999.0,-9999.0,-9999,-9999.0,-9999.0,-9999.0,-9999.0,-9999.0,-9999.0,-9999,-9999,-9999,-9999,-9999.0,-9999.0,N,AM,CRMN MANAUS,S103,-3.02249999,-60.05555555,-9999.0
4148,2018-10-23,08:00,-9999.0,-9999.0,-9999.0,-9999.0,-9999,-9999.0,-9999.0,-9999.0,-9999.0,-9999.0,-9999.0,-9999,-9999,-9999,-9999,-9999.0,-9999.0,N,AM,CRMN MANAUS,S103,-3.02249999,-60.05555555,-9999.0
4149,2018-10-23,12:00,-9999.0,-9999.0,-9999.0,-9999.0,-9999,-9999.0,-9999.0,-9999.0,-9999.0,-9999.0,-9999.0,-9999,-9999,-9999,-9999,-9999.0,-9999.0,N,AM,CRMN MANAUS,S103,-3.02249999,-60.05555555,-9999.0
4150,2018-10-23,16:00,-9999.0,-9999.0,-9999.0,-9999.0,-9999,-9999.0,-9999.0,-9999.0,-9999.0,-9999.0,-9999.0,-9999,-9999,-9999,-9999,-9999.0,-9999.0,N,AM,CRMN MANAUS,S103,-3.02249999,-60.05555555,-9999.0
4151,2018-10-23,20:00,-9999.0,-9999.0,-9999.0,-9999.0,-9999,-9999.0,-9999.0,-9999.0,-9999.0,-9999.0,-9999.0,-9999,-9999,-9999,-9999,-9999.0,-9999.0,N,AM,CRMN MANAUS,S103,-3.02249999,-60.05555555,-9999.0
4152,2018-10-24,00:00,-9999.0,-9999.0,-9999.0,-9999.0,-9999,-9999.0,-9999.0,-9999.0,-9999.0,-9999.0,-9999.0,-9999,-9999,-9999,-9999,-9999.0,-9999.0,N,AM,CRMN MANAUS,S103,-3.02249999,-60.05555555,-9999.0
4153,2018-10-24,04:00,-9999.0,-9999.0,-9999.0,-9999.0,-9999,-9999.0,-9999.0,-9999.0,-9999.0,-9999.0,-9999.0,-9999,-9999,-9999,-9999,-9999.0,-9999.0,N,AM,CRMN MANAUS,S103,-3.02249999,-60.05555555,-9999.0
4154,2018-10-24,08:00,-9999.0,-9999.0,-9999.0,-9999.0,-9999,-9999.0,-9999.0,-9999.0,-9999.0,-9999.0,-9999.0,-9999,-9999,-9999,-9999,-9999.0,-9999.0,N,AM,CRMN MANAUS,S103,-3.02249999,-60.05555555,-9999.0
4155,2018-10-24,12:00,-9999.0,-9999.0,-9999.0,-9999.0,-9999,-9999.0,-9999.0,-9999.0,-9999.0,-9999.0,-9999.0,-9999,-9999,-9999,-9999,-9999.0,-9999.0,N,AM,CRMN MANAUS,S103,-3.02249999,-60.05555555,-9999.0
4156,2018-10-24,16:00,-9999.0,-9999.0,-9999.0,-9999.0,-9999,-9999.0,-9999.0,-9999.0,-9999.0,-9999.0,-9999.0,-9999,-9999,-9999,-9999,-9999.0,-9999.0,N,AM,CRMN MANAUS,S103,-3.02249999,-60.05555555,-9999.0
4157,2018-10-24,20:00,-9999.0,-9999.0,-9999.0,-9999.0,-9999,-9999.0,-9999.0,-9999.0,-9999.0,-9999.0,-9999.0,-9999,-9999,-9999,-9999,-9999.0,-9999.0,N,AM,CRMN MANAUS,S103,-3.02249999,-60.05555555,-9999.0
4158,2018-10-25,00:00,-9999.0,-9999.0,-9999.0,-9999.0,-9999,-9999.0,-9999.0,-9999.0,-9999.0,-9999.0,-9999.0,-9999,-9999,-9999,-9999,-9999.0,-9999.0,N,AM,CRMN MANAUS,S103,-3.02249999,-60.05555555,-9999.0
4159,2018-10-25,04:00,-9999.0,-9999.0,-9999.0,-9999.0,-9999,-9999.0,-9999.0,-9999.0,-9999.0,-9999.0,-9999.0,-9999,-9999,-9999,-9999,-9999.0,-9999.0,N,AM,CRMN MANAUS,S103,-3.02249999,-60.05555555,-9999.0
4160,2018-10-25,08:00,-9999.0,-9999.0,-9999.0,-9999.0,-9999,-9999.0,-9999.0,-9999.0,-9999.0,-9999.0,-9999.0,-9999,-9999,-9999,-9999,-9999.0,-9999.0,N,AM,CRMN MANAUS,S103,-3.02249999,-60.05555555,-9999.0
4161,2018-10-25,12:00,-9999.0,-9999.0,-9999.0,-9999.0,-9999,-9999.0,-9999.0,-9999.0,-9999.0,-9999.0,-9999.0,-9999,-9999,-9999,-9999,-9999.0,-9999.0,N,AM,CRMN MANAUS,S103,-3.02249999,-60.05555555,-9999.0
4162,2018-10-25,16:00,-9999.0,-9999.0,-9999.0,-9999.0,-9999,-9999.0,-9999.0,-9999.0,-9999.0,-9999.0,-9999.0,-9999,-9999,-9999,-9999,-9999.0,-9999.0,N,AM,CRMN MANAUS,S103,-3.02249999,-60.05555555,-9999.0
4163,2018-10-25,20:00,-9999.0,-9999.0,-9999.0,-9999.0,-9999,-9999.0,-9999.0,-9999.0,-9999.0,-9999.0,-9999.0,-9999,-9999,-9999,-9999,-9999.0,-9999.0,N,AM,CRMN MANAUS,S103,-3.02249999,-60.05555555,-9999.0
4164,2018-10-26,00:00,-9999.0,-9999.0,-9999.0,-9999.0,-9999,-9999.0,-9999.0,-9999.0,-9999.0,-9999.0,-9999.0,-9999,-9999,-9999,-9999,-9999.0,-9999.0,N,AM,CRMN MANAUS,S103,-3.02249999,-60.05555555,-9999.0
4165,2018-10-26,04:00,-9999.0,-9999.0,-9999.0,-9999.0,-9999,-9999.0,-9999.0,-9999.0,-9999.0,-9999.0,-9999.0,-9999,-9999,-9999,-9999,-9999.0,-9999.0,N,AM,CRMN MANAUS,S103,-3.02249999,-60.05555555,-9999.0
4166,2018-10-26,08:00,-9999.0,-9999.0,-9999.0,-9999.0,-9999,-9999.0,-9999.0,-9999.0,-9999.0,-9999.0,-9999.0,-9999,-9999,-9999,-9999,-9999.0,-9999.0,N,AM,CRMN MANAUS,S103,-3.02249999,-60.05555555,-9999.0
4167,2018-10-26,12:00,-9999.0,-9999.0,-9999.0,-9999.0,-9999,-9999.0,-9999.0,-9999.0,-9999.0,-9999.0,-9999.0,-9999,-9999,-9999,-9999,-9999.0,-9999.0,N,AM,CRMN MANAUS,S103,-3.02249999,-60.05555555,-9999.0
4168,2018-10-26,16:00,-9999.0,-9999.0,-9999.0,-9999.0,-9999,-9999.0,-9999.0,-9999.0,-9999.0,-9999.0,-9999.0,-9999,-9999,-9999,-9999,-9999.0,-9999.0,N,AM,CRMN MANAUS,S103,-3.02249999,-60.05555555,-9999.0
4169,2018-10-26,20:00,-9999.0,-9999.0,-9999.0,-9999.0,-9999,-9999.0,-9999.0,-9999.0,-9999.0,-9999.0,-9999.0,-9999,-9999,-9999,-9999,-9999.0,-9999.0,N,AM,CRMN MANAUS,S103,-3.02249999,-60.05555555,-9999.0
4170,2018-10-27,00:00,-9999.0,-9999.0,-9999.0,-9999.0,-9999,-9999.0,-9999.0,-9999.0,-9999.0,-9999.0,-9999.0,-9999,-9999,-9999,-9999,-9999.0,-9999.0,N,AM,CRMN MANAUS,S103,-3.02249999,-60.05555555,-9999.0
4171,2018-10-27,04:00,-9999.0,-9999.0,-9999.0,-9999.0,-9999,-9999.0,-9999.0,-9999.0,-9999.0,-9999.0,-9999.0,-9999,-9999,-9999,-9999,-9999.0,-9999.0,N,AM,CRMN MANAUS,S103,-3.02249999,-60.05555555,-9999.0
4172,2018-10-27,08:00,-9999.0,-9999.0,-9999.0,-9999.0,-9999,-9999.0,-9999.0,-9999.0,-9999.0,-9999.0,-9999.0,-9999,-9999,-9999,-9999,-9999.0,-9999.0,N,AM,CRMN MANAUS,S103,-3.02249999,-60.05555555,-9999.0
4173,2018-10-27,12:00,-9999.0,-9999.0,-9999.0,-9999.0,-9999,-9999.0,-9999.0,-9999.0,-9999.0,-9999.0,-9999.0,-9999,-9999,-9999,-9999,-9999.0,-9999.0,N,AM,CRMN MANAUS,S103,-3.02249999,-60.05555555,-9999.0
4174,2018-10-27,16:00,-9999.0,-9999.0,-9999.0,-9999.0,-9999,-9999.0,-9999.0,-9999.0,-9999.0,-9999.0,-9999.0,-9999,-9999,-9999,-9999,-9999.0,-9999.0,N,AM,CRMN MANAUS,S103,-3.02249999,-60.05555555,-9999.0
4175,2018-10-27,20:00,-9999.0,-9999.0,-9999.0,-9999.0,-9999,-9999.0,-9999.0,-9999.0,-9999.0,-9999.0,-9999.0,-9999,-9999,-9999,-9999,-9999.0,-9999.0,N,AM,CRMN MANAUS,S103,-3.02249999,-60.05555555,-9999.0
4176,2018-10-28,00:00,-9999.0,-9999.0,-9999.0,-9999.0,-9999,-9999.0,-9999.0,-9999.0,-9999.0,-9999.0,-9999.0,-9999,-9999,-9999,-9999,-9999.0,-9999.0,N,AM,CRMN MANAUS,S103,-3.02249999,-60.05555555,-9999.0
4177,2018-10-28,04:00,-9999.0,-9999.0,-9999.0,-9999.0,-9999,-9999.0,-9999.0,-9999.0,-9999.0,-9999.0,-9999.0,-9999,-9999,-9999,-9999,-9999.0,-9999.0,N,AM,CRMN MANAUS,S103,-3.02249999,-60.05555555,-9999.0
4178,2018-10-28,08:00,-9999.0,-9999.0,-9999.0,-9999.0,-9999,-9999.0,-9999.0,-9999.0,-9999.0,-9999.0,-9999.0,-9999,-9999,-9999,-9999,-9999.0,-9999.0,N,AM,CRMN MANAUS,S103,-3.02249999,-60.05555555,-9999.0
4179,2018-10-28,12:00,-9999.0,-9999.0,-9999.0,-9999.0,-9999,-9999.0,-9999.0,-9999.0,-9999.0,-9999.0,-9999.0,-9999,-9999,-9999,-9999,-9999.0,-9999.0,N,AM,CRMN MANAUS,S103,-3.02249999,-60.05555555,-9999.0
4180,2018-10-28,16:00,-9999.0,-9999.0,-9999.0,-9999.0,-9999,-9999.0,-9999.0,-9999.0,-9999.0,-9999.0,-9999.0,-9999,-9999,-9999,-9999,-9999.0,-9999.0,N,AM,CRMN MANAUS,S103,-3.02249999,-60.05555555,-9999.0
4181,2018-10-28,20:00,-9999.0,-9999.0,-9999.0,-9999.0,-9999,-9999.0,-9999.0,-9999.0,-9999.0,-9999.0,-9999.0,-9999,-9999,-9999,-9999,-9999.0,-9999.0,N,AM,CRMN MANAUS,S103,-3.02249999,-60.05555555,-9999.0
4182,2018-10-29,00:00,-9999.0,-9999.0,-9999.0,-9999.0,-9999,-9999.0,-9999.0,-9999.0,-9999.0,-9999.0,-9999.0,-9999,-9999,-9999,-9999,-9999.0,-9999.0,N,AM,CRMN MANAUS,S103,-3.02249999,-60.05555555,-9999.0
4183,2018-10-29,04:00,-9999.0,-9999.0,-9999.0,-9999.0,-9999,-9999.0,-9999.0,-9999.0,-9999.0,-9999.0,-9999.0,-9999,-9999,-9999,-9999,-9999.0,-9999.0,N,AM,CRMN MANAUS,S103,-3.02249999,-60.05555555,-9999.0
4184,2018-10-29,08:00,-9999.0,-9999.0,-9999.0,-9999.0,-9999,-9999.0,-9999.0,-9999.0,-9999.0,-9999.0,-9999.0,-9999,-9999,-9999,-9999,-9999.0,-9999.0,N,AM,CRMN MANAUS,S103,-3.02249999,-60.05555555,-9999.0
4185,2018-10-29,12:00,-9999.0,-9999.0,-9999.0,-9999.0,-9999,-9999.0,-9999.0,-9999.0,-9999.0,-9999.0,-9999.0,-9999,-9999,-9999,-9999,-9999.0,-9999.0,N,AM,CRMN MANAUS,S103,-3.02249999,-60.05555555,-9999.0
4186,2018-10-29,16:00,-9999.0,-9999.0,-9999.0,-9999.0,-9999,-9999.0,-9999.0,-9999.0,-9999.0,-9999.0,-9999.0,-9999,-9999,-9999,-9999,-9999.0,-9999.0,N,AM,CRMN MANAUS,S103,-3.02249999,-60.05555555,-9999.0
4187,2018-10-29,20:00,-9999.0,-9999.0,-9999.0,-9999.0,-9999,-9999.0,-9999.0,-9999.0,-9999.0,-9999.0,-9999.0,-9999,-9999,-9999,-9999,-9999.0,-9999.0,N,AM,CRMN MANAUS,S103,-3.02249999,-60.05555555,-9999.0
4188,2018-10-30,00:00,-9999.0,-9999.0,-9999.0,-9999.0,-9999,-9999.0,-9999.0,-9999.0,-9999.0,-9999.0,-9999.0,-9999,-9999,-9999,-9999,-9999.0,-9999.0,N,AM,CRMN MANAUS,S103,-3.02249999,-60.05555555,-9999.0
4189,2018-10-30,04:00,-9999.0,-9999.0,-9999.0,-9999.0,-9999,-9999.0,-9999.0,-9999.0,-9999.0,-9999.0,-9999.0,-9999,-9999,-9999,-9999,-9999.0,-9999.0,N,AM,CRMN MANAUS,S103,-3.02249999,-60.05555555,-9999.0
4190,2018-10-30,08:00,-9999.0,-9999.0,-9999.0,-9999.0,-9999,-9999.0,-9999.0,-9999.0,-9999.0,-9999.0,-9999.0,-9999,-9999,-9999,-9999,-9999.0,-9999.0,N,AM,CRMN MANAUS,S103,-3.02249999,-60.05555555,-9999.0
4191,2018-10-30,12:00,-9999.0,-9999.0,-9999.0,-9999.0,-9999,-9999.0,-9999.0,-9999.0,-9999.0,-9999.0,-9999.0,-9999,-9999,-9999,-9999,-9999.0,-9999.0,N,AM,CRMN MANAUS,S103,-3.02249999,-60.05555555,-9999.0
4192,2018-10-30,16:00,-9999.0,-9999.0,-9999.0,-9999.0,-9999,-9999.0,-9999.0,-9999.0,-9999.0,-9999.0,-9999.0,-9999,-9999,-9999,-9999,-9999.0,-9999.0,N,AM,CRMN MANAUS,S103,-3.02249999,-60.05555555,-9999.0
4193,2018-10-30,20:00,-9999.0,-9999.0,-9999.0,-9999.0,-9999,-9999.0,-9999.0,-9999.0,-9999.0,-9999.0,-9999.0,-9999,-9999,-9999,-9999,-9999.0,-9999.0,N,AM,CRMN MANAUS,S103,-3.02249999,-60.05555555,-9999.0
4194,2018-10-31,00:00,-9999.0,-9999.0,-9999.0,-9999.0,-9999,-9999.0,-9999.0,-9999.0,-9999.0,-9999.0,-9999.0,-9999,-9999,-9999,-9999,-9999.0,-9999.0,N,AM,CRMN MANAUS,S103,-3.02249999,-60.05555555,-9999.0
4195,2018-10-31,04:00,-9999.0,-9999.0,-9999.0,-9999.0,-9999,-9999.0,-9999.0,-9999.0,-9999.0,-9999.0,-9999.0,-9999,-9999,-9999,-9999,-9999.0,-9999.0,N,AM,CRMN MANAUS,S103,-3.02249999,-60.05555555,-9999.0
4196,2018-10-31,08:00,-9999.0,-9999.0,-9999.0,-9999.0,-9999,-9999.0,-9999.0,-9999.0,-9999.0,-9999.0,-9999.0,-9999,-9999,-9999,-9999,-9999.0,-9999.0,N,AM,CRMN MANAUS,S103,-3.02249999,-60.05555555,-9999.0
4197,2018-10-31,12:00,-9999.0,-9999.0,-9999.0,-9999.0,-9999,-9999.0,-9999.0,-9999.0,-9999.0,-9999.0,-9999.0,-9999,-9999,-9999,-9999,-9999.0,-9999.0,N,AM,CRMN MANAUS,S103,-3.02249999,-60.05555555,-9999.0
4198,2018-10-31,16:00,-9999.0,-9999.0,-9999.0,-9999.0,-9999,-9999.0,-9999.0,-9999.0,-9999.0,-9999.0,-9999.0,-9999,-9999,-9999,-9999,-9999.0,-9999.0,N,AM,CRMN MANAUS,S103,-3.02249999,-60.05555555,-9999.0
4199,2018-10-31,20:00,-9999.0,-9999.0,-9999.0,-9999.0,-9999,-9999.0,-9999.0,-9999.0,-9999.0,-9999.0,-9999.0,-9999,-9999,-9999,-9999,-9999.0,-9999.0,N,AM,CRMN MANAUS,S103,-3.02249999,-60.05555555,-9999.0
4200,2018-11-01,00:00,-9999.0,-9999.0,-9999.0,-9999.0,-9999,-9999.0,-9999.0,-9999.0,-9999.0,-9999.0,-9999.0,-9999,-9999,-9999,-9999,-9999.0,-9999.0,N,AM,CRMN MANAUS,S103,-3.02249999,-60.05555555,-9999.0
4201,2018-11-01,04:00,-9999.0,-9999.0,-9999.0,-9999.0,-9999,-9999.0,-9999.0,-9999.0,-9999.0,-9999.0,-9999.0,-9999,-9999,-9999,-9999,-9999.0,-9999.0,N,AM,CRMN MANAUS,S103,-3.02249999,-60.05555555,-9999.0
4202,2018-11-01,08:00,-9999.0,-9999.0,-9999.0,-9999.0,-9999,-9999.0,-9999.0,-9999.0,-9999.0,-9999.0,-9999.0,-9999,-9999,-9999,-9999,-9999.0,-9999.0,N,AM,CRMN MANAUS,S103,-3.02249999,-60.05555555,-9999.0
4203,2018-11-01,12:00,-9999.0,-9999.0,-9999.0,-9999.0,-9999,-9999.0,-9999.0,-9999.0,-9999.0,-9999.0,-9999.0,-9999,-9999,-9999,-9999,-9999.0,-9999.0,N,AM,CRMN MANAUS,S103,-3.02249999,-60.05555555,-9999.0
4204,2018-11-01,16:00,-9999.0,-9999.0,-9999.0,-9999.0,-9999,-9999.0,-9999.0,-9999.0,-9999.0,-9999.0,-9999.0,-9999,-9999,-9999,-9999,-9999.0,-9999.0,N,AM,CRMN MANAUS,S103,-3.02249999,-60.05555555,-9999.0
4205,2018-11-01,20:00,-9999.0,-9999.0,-9999.0,-9999.0,-9999,-9999.0,-9999.0,-9999.0,-9999.0,-9999.0,-9999.0,-9999,-9999,-9999,-9999,-9999.0,-9999.0,N,AM,CRMN MANAUS,S103,-3.02249999,-60.05555555,-9999.0
4206,2018-11-02,00:00,-9999.0,-9999.0,-9999.0,-9999.0,-9999,-9999.0,-9999.0,-9999.0,-9999.0,-9999.0,-9999.0,-9999,-9999,-9999,-9999,-9999.0,-9999.0,N,AM,CRMN MANAUS,S103,-3.02249999,-60.05555555,-9999.0
4207,2018-11-02,04:00,-9999.0,-9999.0,-9999.0,-9999.0,-9999,-9999.0,-9999.0,-9999.0,-9999.0,-9999.0,-9999.0,-9999,-9999,-9999,-9999,-9999.0,-9999.0,N,AM,CRMN MANAUS,S103,-3.02249999,-60.05555555,-9999.0
4208,2018-11-02,08:00,-9999.0,-9999.0,-9999.0,-9999.0,-9999,-9999.0,-9999.0,-9999.0,-9999.0,-9999.0,-9999.0,-9999,-9999,-9999,-9999,-9999.0,-9999.0,N,AM,CRMN MANAUS,S103,-3.02249999,-60.05555555,-9999.0
4209,2018-11-02,12:00,-9999.0,-9999.0,-9999.0,-9999.0,-9999,-9999.0,-9999.0,-9999.0,-9999.0,-9999.0,-9999.0,-9999,-9999,-9999,-9999,-9999.0,-9999.0,N,AM,CRMN MANAUS,S103,-3.02249999,-60.05555555,-9999.0
4210,2018-11-02,16:00,-9999.0,-9999.0,-9999.0,-9999.0,-9999,-9999.0,-9999.0,-9999.0,-9999.0,-9999.0,-9999.0,-9999,-9999,-9999,-9999,-9999.0,-9999.0,N,AM,CRMN MANAUS,S103,-3.02249999,-60.05555555,-9999.0
4211,2018-11-02,20:00,-9999.0,-9999.0,-9999.0,-9999.0,-9999,-9999.0,-9999.0,-9999.0,-9999.0,-9999.0,-9999.0,-9999,-9999,-9999,-9999,-9999.0,-9999.0,N,AM,CRMN MANAUS,S103,-3.02249999,-60.05555555,-9999.0
4212,2018-11-03,00:00,-9999.0,-9999.0,-9999.0,-9999.0,-9999,-9999.0,-9999.0,-9999.0,-9999.0,-9999.0,-9999.0,-9999,-9999,-9999,-9999,-9999.0,-9999.0,N,AM,CRMN MANAUS,S103,-3.02249999,-60.05555555,-9999.0
4213,2018-11-03,04:00,-9999.0,-9999.0,-9999.0,-9999.0,-9999,-9999.0,-9999.0,-9999.0,-9999.0,-9999.0,-9999.0,-9999,-9999,-9999,-9999,-9999.0,-9999.0,N,AM,CRMN MANAUS,S103,-3.02249999,-60.05555555,-9999.0
4214,2018-11-03,08:00,-9999.0,-9999.0,-9999.0,-9999.0,-9999,-9999.0,-9999.0,-9999.0,-9999.0,-9999.0,-9999.0,-9999,-9999,-9999,-9999,-9999.0,-9999.0,N,AM,CRMN MANAUS,S103,-3.02249999,-60.05555555,-9999.0
4215,2018-11-03,12:00,-9999.0,-9999.0,-9999.0,-9999.0,-9999,-9999.0,-9999.0,-9999.0,-9999.0,-9999.0,-9999.0,-9999,-9999,-9999,-9999,-9999.0,-9999.0,N,AM,CRMN MANAUS,S103,-3.02249999,-60.05555555,-9999.0
4216,2018-11-03,16:00,-9999.0,-9999.0,-9999.0,-9999.0,-9999,-9999.0,-9999.0,-9999.0,-9999.0,-9999.0,-9999.0,-9999,-9999,-9999,-9999,-9999.0,-9999.0,N,AM,CRMN MANAUS,S103,-3.02249999,-60.05555555,-9999.0
4217,2018-11-03,20:00,-9999.0,-9999.0,-9999.0,-9999.0,-9999,-9999.0,-9999.0,-9999.0,-9999.0,-9999.0,-9999.0,-9999,-9999,-9999,-9999,-9999.0,-9999.0,N,AM,CRMN MANAUS,S103,-3.02249999,-60.05555555,-9999.0
4218,2018-11-04,00:00,-9999.0,-9999.0,-9999.0,-9999.0,-9999,-9999.0,-9999.0,-9999.0,-9999.0,-9999.0,-9999.0,-9999,-9999,-9999,-9999,-9999.0,-9999.0,N,AM,CRMN MANAUS,S103,-3.02249999,-60.05555555,-9999.0
4219,2018-11-04,04:00,-9999.0,-9999.0,-9999.0,-9999.0,-9999,-9999.0,-9999.0,-9999.0,-9999.0,-9999.0,-9999.0,-9999,-9999,-9999,-9999,-9999.0,-9999.0,N,AM,CRMN MANAUS,S103,-3.02249999,-60.05555555,-9999.0
4220,2018-11-04,08:00,-9999.0,-9999.0,-9999.0,-9999.0,-9999,-9999.0,-9999.0,-9999.0,-9999.0,-9999.0,-9999.0,-9999,-9999,-9999,-9999,-9999.0,-9999.0,N,AM,CRMN MANAUS,S103,-3.02249999,-60.05555555,-9999.0
4221,2018-11-04,12:00,-9999.0,-9999.0,-9999.0,-9999.0,-9999,-9999.0,-9999.0,-9999.0,-9999.0,-9999.0,-9999.0,-9999,-9999,-9999,-9999,-9999.0,-9999.0,N,AM,CRMN MANAUS,S103,-3.02249999,-60.05555555,-9999.0
4222,2018-11-04,16:00,-9999.0,-9999.0,-9999.0,-9999.0,-9999,-9999.0,-9999.0,-9999.0,-9999.0,-9999.0,-9999.0,-9999,-9999,-9999,-9999,-9999.0,-9999.0,N,AM,CRMN MANAUS,S103,-3.02249999,-60.05555555,-9999.0
4223,2018-11-04,20:00,-9999.0,-9999.0,-9999.0,-9999.0,-9999,-9999.0,-9999.0,-9999.0,-9999.0,-9999.0,-9999.0,-9999,-9999,-9999,-9999,-9999.0,-9999.0,N,AM,CRMN MANAUS,S103,-3.02249999,-60.05555555,-9999.0
4224,2018-11-05,00:00,-9999.0,-9999.0,-9999.0,-9999.0,-9999,-9999.0,-9999.0,-9999.0,-9999.0,-9999.0,-9999.0,-9999,-9999,-9999,-9999,-9999.0,-9999.0,N,AM,CRMN MANAUS,S103,-3.02249999,-60.05555555,-9999.0
4225,2018-11-05,04:00,-9999.0,-9999.0,-9999.0,-9999.0,-9999,-9999.0,-9999.0,-9999.0,-9999.0,-9999.0,-9999.0,-9999,-9999,-9999,-9999,-9999.0,-9999.0,N,AM,CRMN MANAUS,S103,-3.02249999,-60.05555555,-9999.0
4226,2018-11-05,08:00,-9999.0,-9999.0,-9999.0,-9999.0,-9999,-9999.0,-9999.0,-9999.0,-9999.0,-9999.0,-9999.0,-9999,-9999,-9999,-9999,-9999.0,-9999.0,N,AM,CRMN MANAUS,S103,-3.02249999,-60.05555555,-9999.0
4227,2018-11-05,12:00,-9999.0,-9999.0,-9999.0,-9999.0,-9999,-9999.0,-9999.0,-9999.0,-9999.0,-9999.0,-9999.0,-9999,-9999,-9999,-9999,-9999.0,-9999.0,N,AM,CRMN MANAUS,S103,-3.02249999,-60.05555555,-9999.0
4228,2018-11-05,16:00,-9999.0,-9999.0,-9999.0,-9999.0,-9999,-9999.0,-9999.0,-9999.0,-9999.0,-9999.0,-9999.0,-9999,-9999,-9999,-9999,-9999.0,-9999.0,N,AM,CRMN MANAUS,S103,-3.02249999,-60.05555555,-9999.0
4229,2018-11-05,20:00,-9999.0,-9999.0,-9999.0,-9999.0,-9999,-9999.0,-9999.0,-9999.0,-9999.0,-9999.0,-9999.0,-9999,-9999,-9999,-9999,-9999.0,-9999.0,N,AM,CRMN MANAUS,S103,-3.02249999,-60.05555555,-9999.0
4230,2018-11-06,00:00,-9999.0,-9999.0,-9999.0,-9999.0,-9999,-9999.0,-9999.0,-9999.0,-9999.0,-9999.0,-9999.0,-9999,-9999,-9999,-9999,-9999.0,-9999.0,N,AM,CRMN MANAUS,S103,-3.02249999,-60.05555555,-9999.0
4231,2018-11-06,04:00,-9999.0,-9999.0,-9999.0,-9999.0,-9999,-9999.0,-9999.0,-9999.0,-9999.0,-9999.0,-9999.0,-9999,-9999,-9999,-9999,-9999.0,-9999.0,N,AM,CRMN MANAUS,S103,-3.02249999,-60.05555555,-9999.0
4232,2018-11-06,08:00,-9999.0,-9999.0,-9999.0,-9999.0,-9999,-9999.0,-9999.0,-9999.0,-9999.0,-9999.0,-9999.0,-9999,-9999,-9999,-9999,-9999.0,-9999.0,N,AM,CRMN MANAUS,S103,-3.02249999,-60.05555555,-9999.0
4233,2018-11-06,12:00,-9999.0,-9999.0,-9999.0,-9999.0,-9999,-9999.0,-9999.0,-9999.0,-9999.0,-9999.0,-9999.0,-9999,-9999,-9999,-9999,-9999.0,-9999.0,N,AM,CRMN MANAUS,S103,-3.02249999,-60.05555555,-9999.0
4234,2018-11-06,16:00,-9999.0,-9999.0,-9999.0,-9999.0,-9999,-9999.0,-9999.0,-9999.0,-9999.0,-9999.0,-9999.0,-9999,-9999,-9999,-9999,-9999.0,-9999.0,N,AM,CRMN MANAUS,S103,-3.02249999,-60.05555555,-9999.0
4235,2018-11-06,20:00,-9999.0,-9999.0,-9999.0,-9999.0,-9999,-9999.0,-9999.0,-9999.0,-9999.0,-9999.0,-9999.0,-9999,-9999,-9999,-9999,-9999.0,-9999.0,N,AM,CRMN MANAUS,S103,-3.02249999,-60.05555555,-9999.0
4236,2018-11-07,00:00,-9999.0,-9999.0,-9999.0,-9999.0,-9999,-9999.0,-9999.0,-9999.0,-9999.0,-9999.0,-9999.0,-9999,-9999,-9999,-9999,-9999.0,-9999.0,N,AM,CRMN MANAUS,S103,-3.02249999,-60.05555555,-9999.0
4237,2018-11-07,04:00,-9999.0,-9999.0,-9999.0,-9999.0,-9999,-9999.0,-9999.0,-9999.0,-9999.0,-9999.0,-9999.0,-9999,-9999,-9999,-9999,-9999.0,-9999.0,N,AM,CRMN MANAUS,S103,-3.02249999,-60.05555555,-9999.0
4238,2018-11-07,08:00,-9999.0,-9999.0,-9999.0,-9999.0,-9999,-9999.0,-9999.0,-9999.0,-9999.0,-9999.0,-9999.0,-9999,-9999,-9999,-9999,-9999.0,-9999.0,N,AM,CRMN MANAUS,S103,-3.02249999,-60.05555555,-9999.0
4239,2018-11-07,12:00,-9999.0,-9999.0,-9999.0,-9999.0,-9999,-9999.0,-9999.0,-9999.0,-9999.0,-9999.0,-9999.0,-9999,-9999,-9999,-9999,-9999.0,-9999.0,N,AM,CRMN MANAUS,S103,-3.02249999,-60.05555555,-9999.0
4240,2018-11-07,16:00,-9999.0,-9999.0,-9999.0,-9999.0,-9999,-9999.0,-9999.0,-9999.0,-9999.0,-9999.0,-9999.0,-9999,-9999,-9999,-9999,-9999.0,-9999.0,N,AM,CRMN MANAUS,S103,-3.02249999,-60.05555555,-9999.0
4241,2018-11-07,20:00,-9999.0,-9999.0,-9999.0,-9999.0,-9999,-9999.0,-9999.0,-9999.0,-9999.0,-9999.0,-9999.0,-9999,-9999,-9999,-9999,-9999.0,-9999.0,N,AM,CRMN MANAUS,S103,-3.02249999,-60.05555555,-9999.0
4242,2018-11-08,00:00,-9999.0,-9999.0,-9999.0,-9999.0,-9999,-9999.0,-9999.0,-9999.0,-9999.0,-9999.0,-9999.0,-9999,-9999,-9999,-9999,-9999.0,-9999.0,N,AM,CRMN MANAUS,S103,-3.02249999,-60.05555555,-9999.0
4243,2018-11-08,04:00,-9999.0,-9999.0,-9999.0,-9999.0,-9999,-9999.0,-9999.0,-9999.0,-9999.0,-9999.0,-9999.0,-9999,-9999,-9999,-9999,-9999.0,-9999.0,N,AM,CRMN MANAUS,S103,-3.02249999,-60.05555555,-9999.0
4244,2018-11-08,08:00,-9999.0,-9999.0,-9999.0,-9999.0,-9999,-9999.0,-9999.0,-9999.0,-9999.0,-9999.0,-9999.0,-9999,-9999,-9999,-9999,-9999.0,-9999.0,N,AM,CRMN MANAUS,S103,-3.02249999,-60.05555555,-9999.0
4245,2018-11-08,12:00,-9999.0,-9999.0,-9999.0,-9999.0,-9999,-9999.0,-9999.0,-9999.0,-9999.0,-9999.0,-9999.0,-9999,-9999,-9999,-9999,-9999.0,-9999.0,N,AM,CRMN MANAUS,S103,-3.02249999,-60.05555555,-9999.0
4246,2018-11-08,16:00,-9999.0,-9999.0,-9999.0,-9999.0,-9999,-9999.0,-9999.0,-9999.0,-9999.0,-9999.0,-9999.0,-9999,-9999,-9999,-9999,-9999.0,-9999.0,N,AM,CRMN MANAUS,S103,-3.02249999,-60.05555555,-9999.0
4247,2018-11-08,20:00,-9999.0,-9999.0,-9999.0,-9999.0,-9999,-9999.0,-9999.0,-9999.0,-9999.0,-9999.0,-9999.0,-9999,-9999,-9999,-9999,-9999.0,-9999.0,N,AM,CRMN MANAUS,S103,-3.02249999,-60.05555555,-9999.0
4248,2018-11-09,00:00,-9999.0,-9999.0,-9999.0,-9999.0,-9999,-9999.0,-9999.0,-9999.0,-9999.0,-9999.0,-9999.0,-9999,-9999,-9999,-9999,-9999.0,-9999.0,N,AM,CRMN MANAUS,S103,-3.02249999,-60.05555555,-9999.0
4249,2018-11-09,04:00,-9999.0,-9999.0,-9999.0,-9999.0,-9999,-9999.0,-9999.0,-9999.0,-9999.0,-9999.0,-9999.0,-9999,-9999,-9999,-9999,-9999.0,-9999.0,N,AM,CRMN MANAUS,S103,-3.02249999,-60.05555555,-9999.0
4250,2018-11-09,08:00,-9999.0,-9999.0,-9999.0,-9999.0,-9999,-9999.0,-9999.0,-9999.0,-9999.0,-9999.0,-9999.0,-9999,-9999,-9999,-9999,-9999.0,-9999.0,N,AM,CRMN MANAUS,S103,-3.02249999,-60.05555555,-9999.0
4251,2018-11-09,12:00,-9999.0,-9999.0,-9999.0,-9999.0,-9999,-9999.0,-9999.0,-9999.0,-9999.0,-9999.0,-9999.0,-9999,-9999,-9999,-9999,-9999.0,-9999.0,N,AM,CRMN MANAUS,S103,-3.02249999,-60.05555555,-9999.0
4252,2018-11-09,16:00,-9999.0,-9999.0,-9999.0,-9999.0,-9999,-9999.0,-9999.0,-9999.0,-9999.0,-9999.0,-9999.0,-9999,-9999,-9999,-9999,-9999.0,-9999.0,N,AM,CRMN MANAUS,S103,-3.02249999,-60.05555555,-9999.0
4253,2018-11-09,20:00,-9999.0,-9999.0,-9999.0,-9999.0,-9999,-9999.0,-9999.0,-9999.0,-9999.0,-9999.0,-9999.0,-9999,-9999,-9999,-9999,-9999.0,-9999.0,N,AM,CRMN MANAUS,S103,-3.02249999,-60.05555555,-9999.0
4254,2018-11-10,00:00,-9999.0,-9999.0,-9999.0,-9999.0,-9999,-9999.0,-9999.0,-9999.0,-9999.0,-9999.0,-9999.0,-9999,-9999,-9999,-9999,-9999.0,-9999.0,N,AM,CRMN MANAUS,S103,-3.02249999,-60.05555555,-9999.0
4255,2018-11-10,04:00,-9999.0,-9999.0,-9999.0,-9999.0,-9999,-9999.0,-9999.0,-9999.0,-9999.0,-9999.0,-9999.0,-9999,-9999,-9999,-9999,-9999.0,-9999.0,N,AM,CRMN MANAUS,S103,-3.02249999,-60.05555555,-9999.0
4256,2018-11-10,08:00,-9999.0,-9999.0,-9999.0,-9999.0,-9999,-9999.0,-9999.0,-9999.0,-9999.0,-9999.0,-9999.0,-9999,-9999,-9999,-9999,-9999.0,-9999.0,N,AM,CRMN MANAUS,S103,-3.02249999,-60.05555555,-9999.0
4257,2018-11-10,12:00,-9999.0,-9999.0,-9999.0,-9999.0,-9999,-9999.0,-9999.0,-9999.0,-9999.0,-9999.0,-9999.0,-9999,-9999,-9999,-9999,-9999.0,-9999.0,N,AM,CRMN MANAUS,S103,-3.02249999,-60.05555555,-9999.0
4258,2018-11-10,16:00,-9999.0,-9999.0,-9999.0,-9999.0,-9999,-9999.0,-9999.0,-9999.0,-9999.0,-9999.0,-9999.0,-9999,-9999,-9999,-9999,-9999.0,-9999.0,N,AM,CRMN MANAUS,S103,-3.02249999,-60.05555555,-9999.0
4259,2018-11-10,20:00,-9999.0,-9999.0,-9999.0,-9999.0,-9999,-9999.0,-9999.0,-9999.0,-9999.0,-9999.0,-9999.0,-9999,-9999,-9999,-9999,-9999.0,-9999.0,N,AM,CRMN MANAUS,S103,-3.02249999,-60.05555555,-9999.0
4260,2018-11-11,00:00,-9999.0,-9999.0,-9999.0,-9999.0,-9999,-9999.0,-9999.0,-9999.0,-9999.0,-9999.0,-9999.0,-9999,-9999,-9999,-9999,-9999.0,-9999.0,N,AM,CRMN MANAUS,S103,-3.02249999,-60.05555555,-9999.0
4261,2018-11-11,04:00,-9999.0,-9999.0,-9999.0,-9999.0,-9999,-9999.0,-9999.0,-9999.0,-9999.0,-9999.0,-9999.0,-9999,-9999,-9999,-9999,-9999.0,-9999.0,N,AM,CRMN MANAUS,S103,-3.02249999,-60.05555555,-9999.0
4262,2018-11-11,08:00,-9999.0,-9999.0,-9999.0,-9999.0,-9999,-9999.0,-9999.0,-9999.0,-9999.0,-9999.0,-9999.0,-9999,-9999,-9999,-9999,-9999.0,-9999.0,N,AM,CRMN MANAUS,S103,-3.02249999,-60.05555555,-9999.0
4263,2018-11-11,12:00,-9999.0,-9999.0,-9999.0,-9999.0,-9999,-9999.0,-9999.0,-9999.0,-9999.0,-9999.0,-9999.0,-9999,-9999,-9999,-9999,-9999.0,-9999.0,N,AM,CRMN MANAUS,S103,-3.02249999,-60.05555555,-9999.0
4264,2018-11-11,16:00,-9999.0,-9999.0,-9999.0,-9999.0,-9999,-9999.0,-9999.0,-9999.0,-9999.0,-9999.0,-9999.0,-9999,-9999,-9999,-9999,-9999.0,-9999.0,N,AM,CRMN MANAUS,S103,-3.02249999,-60.05555555,-9999.0
4265,2018-11-11,20:00,-9999.0,-9999.0,-9999.0,-9999.0,-9999,-9999.0,-9999.0,-9999.0,-9999.0,-9999.0,-9999.0,-9999,-9999,-9999,-9999,-9999.0,-9999.0,N,AM,CRMN MANAUS,S103,-3.02249999,-60.05555555,-9999.0
4266,2018-11-12,00:00,-9999.0,-9999.0,-9999.0,-9999.0,-9999,-9999.0,-9999.0,-9999.0,-9999.0,-9999.0,-9999.0,-9999,-9999,-9999,-9999,-9999.0,-9999.0,N,AM,CRMN MANAUS,S103,-3.02249999,-60.05555555,-9999.0
4267,2018-11-12,04:00,-9999.0,-9999.0,-9999.0,-9999.0,-9999,-9999.0,-9999.0,-9999.0,-9999.0,-9999.0,-9999.0,-9999,-9999,-9999,-9999,-9999.0,-9999.0,N,AM,CRMN MANAUS,S103,-3.02249999,-60.05555555,-9999.0
4268,2018-11-12,08:00,-9999.0,-9999.0,-9999.0,-9999.0,-9999,-9999.0,-9999.0,-9999.0,-9999.0,-9999.0,-9999.0,-9999,-9999,-9999,-9999,-9999.0,-9999.0,N,AM,CRMN MANAUS,S103,-3.02249999,-60.05555555,-9999.0
4269,2018-11-12,12:00,-9999.0,-9999.0,-9999.0,-9999.0,-9999,-9999.0,-9999.0,-9999.0,-9999.0,-9999.0,-9999.0,-9999,-9999,-9999,-9999,-9999.0,-9999.0,N,AM,CRMN MANAUS,S103,-3.02249999,-60.05555555,-9999.0
4270,2018-11-12,16:00,-9999.0,-9999.0,-9999.0,-9999.0,-9999,-9999.0,-9999.0,-9999.0,-9999.0,-9999.0,-9999.0,-9999,-9999,-9999,-9999,-9999.0,-9999.0,N,AM,CRMN MANAUS,S103,-3.02249999,-60.05555555,-9999.0
4271,2018-11-12,20:00,-9999.0,-9999.0,-9999.0,-9999.0,-9999,-9999.0,-9999.0,-9999.0,-9999.0,-9999.0,-9999.0,-9999,-9999,-9999,-9999,-9999.0,-9999.0,N,AM,CRMN MANAUS,S103,-3.02249999,-60.05555555,-9999.0
4272,2018-11-13,00:00,-9999.0,-9999.0,-9999.0,-9999.0,-9999,-9999.0,-9999.0,-9999.0,-9999.0,-9999.0,-9999.0,-9999,-9999,-9999,-9999,-9999.0,-9999.0,N,AM,CRMN MANAUS,S103,-3.02249999,-60.05555555,-9999.0
4273,2018-11-13,04:00,-9999.0,-9999.0,-9999.0,-9999.0,-9999,-9999.0,-9999.0,-9999.0,-9999.0,-9999.0,-9999.0,-9999,-9999,-9999,-9999,-9999.0,-9999.0,N,AM,CRMN MANAUS,S103,-3.02249999,-60.05555555,-9999.0
4274,2018-11-13,08:00,-9999.0,-9999.0,-9999.0,-9999.0,-9999,-9999.0,-9999.0,-9999.0,-9999.0,-9999.0,-9999.0,-9999,-9999,-9999,-9999,-9999.0,-9999.0,N,AM,CRMN MANAUS,S103,-3.02249999,-60.05555555,-9999.0
4275,2018-11-13,12:00,-9999.0,-9999.0,-9999.0,-9999.0,-9999,-9999.0,-9999.0,-9999.0,-9999.0,-9999.0,-9999.0,-9999,-9999,-9999,-9999,-9999.0,-9999.0,N,AM,CRMN MANAUS,S103,-3.02249999,-60.05555555,-9999.0
4276,2018-11-13,16:00,-9999.0,-9999.0,-9999.0,-9999.0,-9999,-9999.0,-9999.0,-9999.0,-9999.0,-9999.0,-9999.0,-9999,-9999,-9999,-9999,-9999.0,-9999.0,N,AM,CRMN MANAUS,S103,-3.02249999,-60.05555555,-9999.0
4277,2018-11-13,20:00,-9999.0,-9999.0,-9999.0,-9999.0,-9999,-9999.0,-9999.0,-9999.0,-9999.0,-9999.0,-9999.0,-9999,-9999,-9999,-9999,-9999.0,-9999.0,N,AM,CRMN MANAUS,S103,-3.02249999,-60.05555555,-9999.0
4278,2018-11-14,00:00,-9999.0,-9999.0,-9999.0,-9999.0,-9999,-9999.0,-9999.0,-9999.0,-9999.0,-9999.0,-9999.0,-9999,-9999,-9999,-9999,-9999.0,-9999.0,N,AM,CRMN MANAUS,S103,-3.02249999,-60.05555555,-9999.0
4279,2018-11-14,04:00,-9999.0,-9999.0,-9999.0,-9999.0,-9999,-9999.0,-9999.0,-9999.0,-9999.0,-9999.0,-9999.0,-9999,-9999,-9999,-9999,-9999.0,-9999.0,N,AM,CRMN MANAUS,S103,-3.02249999,-60.05555555,-9999.0
4280,2018-11-14,08:00,-9999.0,-9999.0,-9999.0,-9999.0,-9999,-9999.0,-9999.0,-9999.0,-9999.0,-9999.0,-9999.0,-9999,-9999,-9999,-9999,-9999.0,-9999.0,N,AM,CRMN MANAUS,S103,-3.02249999,-60.05555555,-9999.0
4281,2018-11-14,12:00,-9999.0,-9999.0,-9999.0,-9999.0,-9999,-9999.0,-9999.0,-9999.0,-9999.0,-9999.0,-9999.0,-9999,-9999,-9999,-9999,-9999.0,-9999.0,N,AM,CRMN MANAUS,S103,-3.02249999,-60.05555555,-9999.0
4282,2018-11-14,16:00,-9999.0,-9999.0,-9999.0,-9999.0,-9999,-9999.0,-9999.0,-9999.0,-9999.0,-9999.0,-9999.0,-9999,-9999,-9999,-9999,-9999.0,-9999.0,N,AM,CRMN MANAUS,S103,-3.02249999,-60.05555555,-9999.0
4283,2018-11-14,20:00,-9999.0,-9999.0,-9999.0,-9999.0,-9999,-9999.0,-9999.0,-9999.0,-9999.0,-9999.0,-9999.0,-9999,-9999,-9999,-9999,-9999.0,-9999.0,N,AM,CRMN MANAUS,S103,-3.02249999,-60.05555555,-9999.0
4284,2018-11-15,00:00,-9999.0,-9999.0,-9999.0,-9999.0,-9999,-9999.0,-9999.0,-9999.0,-9999.0,-9999.0,-9999.0,-9999,-9999,-9999,-9999,-9999.0,-9999.0,N,AM,CRMN MANAUS,S103,-3.02249999,-60.05555555,-9999.0
4285,2018-11-15,04:00,-9999.0,-9999.0,-9999.0,-9999.0,-9999,-9999.0,-9999.0,-9999.0,-9999.0,-9999.0,-9999.0,-9999,-9999,-9999,-9999,-9999.0,-9999.0,N,AM,CRMN MANAUS,S103,-3.02249999,-60.05555555,-9999.0
4286,2018-11-15,08:00,-9999.0,-9999.0,-9999.0,-9999.0,-9999,-9999.0,-9999.0,-9999.0,-9999.0,-9999.0,-9999.0,-9999,-9999,-9999,-9999,-9999.0,-9999.0,N,AM,CRMN MANAUS,S103,-3.02249999,-60.05555555,-9999.0
4287,2018-11-15,12:00,-9999.0,-9999.0,-9999.0,-9999.0,-9999,-9999.0,-9999.0,-9999.0,-9999.0,-9999.0,-9999.0,-9999,-9999,-9999,-9999,-9999.0,-9999.0,N,AM,CRMN MANAUS,S103,-3.02249999,-60.05555555,-9999.0
4288,2018-11-15,16:00,-9999.0,-9999.0,-9999.0,-9999.0,-9999,-9999.0,-9999.0,-9999.0,-9999.0,-9999.0,-9999.0,-9999,-9999,-9999,-9999,-9999.0,-9999.0,N,AM,CRMN MANAUS,S103,-3.02249999,-60.05555555,-9999.0
4289,2018-11-15,20:00,-9999.0,-9999.0,-9999.0,-9999.0,-9999,-9999.0,-9999.0,-9999.0,-9999.0,-9999.0,-9999.0,-9999,-9999,-9999,-9999,-9999.0,-9999.0,N,AM,CRMN MANAUS,S103,-3.02249999,-60.05555555,-9999.0
4290,2018-11-16,00:00,-9999.0,-9999.0,-9999.0,-9999.0,-9999,-9999.0,-9999.0,-9999.0,-9999.0,-9999.0,-9999.0,-9999,-9999,-9999,-9999,-9999.0,-9999.0,N,AM,CRMN MANAUS,S103,-3.02249999,-60.05555555,-9999.0
4291,2018-11-16,04:00,-9999.0,-9999.0,-9999.0,-9999.0,-9999,-9999.0,-9999.0,-9999.0,-9999.0,-9999.0,-9999.0,-9999,-9999,-9999,-9999,-9999.0,-9999.0,N,AM,CRMN MANAUS,S103,-3.02249999,-60.05555555,-9999.0
4292,2018-11-16,08:00,-9999.0,-9999.0,-9999.0,-9999.0,-9999,-9999.0,-9999.0,-9999.0,-9999.0,-9999.0,-9999.0,-9999,-9999,-9999,-9999,-9999.0,-9999.0,N,AM,CRMN MANAUS,S103,-3.02249999,-60.05555555,-9999.0
4293,2018-11-16,12:00,-9999.0,-9999.0,-9999.0,-9999.0,-9999,-9999.0,-9999.0,-9999.0,-9999.0,-9999.0,-9999.0,-9999,-9999,-9999,-9999,-9999.0,-9999.0,N,AM,CRMN MANAUS,S103,-3.02249999,-60.05555555,-9999.0
4294,2018-11-16,16:00,-9999.0,-9999.0,-9999.0,-9999.0,-9999,-9999.0,-9999.0,-9999.0,-9999.0,-9999.0,-9999.0,-9999,-9999,-9999,-9999,-9999.0,-9999.0,N,AM,CRMN MANAUS,S103,-3.02249999,-60.05555555,-9999.0
4295,2018-11-16,20:00,-9999.0,-9999.0,-9999.0,-9999.0,-9999,-9999.0,-9999.0,-9999.0,-9999.0,-9999.0,-9999.0,-9999,-9999,-9999,-9999,-9999.0,-9999.0,N,AM,CRMN MANAUS,S103,-3.02249999,-60.05555555,-9999.0
4296,2018-11-17,00:00,-9999.0,-9999.0,-9999.0,-9999.0,-9999,-9999.0,-9999.0,-9999.0,-9999.0,-9999.0,-9999.0,-9999,-9999,-9999,-9999,-9999.0,-9999.0,N,AM,CRMN MANAUS,S103,-3.02249999,-60.05555555,-9999.0
4297,2018-11-17,04:00,-9999.0,-9999.0,-9999.0,-9999.0,-9999,-9999.0,-9999.0,-9999.0,-9999.0,-9999.0,-9999.0,-9999,-9999,-9999,-9999,-9999.0,-9999.0,N,AM,CRMN MANAUS,S103,-3.02249999,-60.05555555,-9999.0
4298,2018-11-17,08:00,-9999.0,-9999.0,-9999.0,-9999.0,-9999,-9999.0,-9999.0,-9999.0,-9999.0,-9999.0,-9999.0,-9999,-9999,-9999,-9999,-9999.0,-9999.0,N,AM,CRMN MANAUS,S103,-3.02249999,-60.05555555,-9999.0
4299,2018-11-17,12:00,-9999.0,-9999.0,-9999.0,-9999.0,-9999,-9999.0,-9999.0,-9999.0,-9999.0,-9999.0,-9999.0,-9999,-9999,-9999,-9999,-9999.0,-9999.0,N,AM,CRMN MANAUS,S103,-3.02249999,-60.05555555,-9999.0
4300,2018-11-17,16:00,-9999.0,-9999.0,-9999.0,-9999.0,-9999,-9999.0,-9999.0,-9999.0,-9999.0,-9999.0,-9999.0,-9999,-9999,-9999,-9999,-9999.0,-9999.0,N,AM,CRMN MANAUS,S103,-3.02249999,-60.05555555,-9999.0
4301,2018-11-17,20:00,-9999.0,-9999.0,-9999.0,-9999.0,-9999,-9999.0,-9999.0,-9999.0,-9999.0,-9999.0,-9999.0,-9999,-9999,-9999,-9999,-9999.0,-9999.0,N,AM,CRMN MANAUS,S103,-3.02249999,-60.05555555,-9999.0
4302,2018-11-18,00:00,-9999.0,-9999.0,-9999.0,-9999.0,-9999,-9999.0,-9999.0,-9999.0,-9999.0,-9999.0,-9999.0,-9999,-9999,-9999,-9999,-9999.0,-9999.0,N,AM,CRMN MANAUS,S103,-3.02249999,-60.05555555,-9999.0
4303,2018-11-18,04:00,-9999.0,-9999.0,-9999.0,-9999.0,-9999,-9999.0,-9999.0,-9999.0,-9999.0,-9999.0,-9999.0,-9999,-9999,-9999,-9999,-9999.0,-9999.0,N,AM,CRMN MANAUS,S103,-3.02249999,-60.05555555,-9999.0
4304,2018-11-18,08:00,-9999.0,-9999.0,-9999.0,-9999.0,-9999,-9999.0,-9999.0,-9999.0,-9999.0,-9999.0,-9999.0,-9999,-9999,-9999,-9999,-9999.0,-9999.0,N,AM,CRMN MANAUS,S103,-3.02249999,-60.05555555,-9999.0
4305,2018-11-18,12:00,-9999.0,-9999.0,-9999.0,-9999.0,-9999,-9999.0,-9999.0,-9999.0,-9999.0,-9999.0,-9999.0,-9999,-9999,-9999,-9999,-9999.0,-9999.0,N,AM,CRMN MANAUS,S103,-3.02249999,-60.05555555,-9999.0
4306,2018-11-18,16:00,-9999.0,-9999.0,-9999.0,-9999.0,-9999,-9999.0,-9999.0,-9999.0,-9999.0,-9999.0,-9999.0,-9999,-9999,-9999,-9999,-9999.0,-9999.0,N,AM,CRMN MANAUS,S103,-3.02249999,-60.05555555,-9999.0
4307,2018-11-18,20:00,-9999.0,-9999.0,-9999.0,-9999.0,-9999,-9999.0,-9999.0,-9999.0,-9999.0,-9999.0,-9999.0,-9999,-9999,-9999,-9999,-9999.0,-9999.0,N,AM,CRMN MANAUS,S103,-3.02249999,-60.05555555,-9999.0
4308,2018-11-19,00:00,-9999.0,-9999.0,-9999.0,-9999.0,-9999,-9999.0,-9999.0,-9999.0,-9999.0,-9999.0,-9999.0,-9999,-9999,-9999,-9999,-9999.0,-9999.0,N,AM,CRMN MANAUS,S103,-3.02249999,-60.05555555,-9999.0
4309,2018-11-19,04:00,-9999.0,-9999.0,-9999.0,-9999.0,-9999,-9999.0,-9999.0,-9999.0,-9999.0,-9999.0,-9999.0,-9999,-9999,-9999,-9999,-9999.0,-9999.0,N,AM,CRMN MANAUS,S103,-3.02249999,-60.05555555,-9999.0
4310,2018-11-19,08:00,-9999.0,-9999.0,-9999.0,-9999.0,-9999,-9999.0,-9999.0,-9999.0,-9999.0,-9999.0,-9999.0,-9999,-9999,-9999,-9999,-9999.0,-9999.0,N,AM,CRMN MANAUS,S103,-3.02249999,-60.05555555,-9999.0
4311,2018-11-19,12:00,-9999.0,-9999.0,-9999.0,-9999.0,-9999,-9999.0,-9999.0,-9999.0,-9999.0,-9999.0,-9999.0,-9999,-9999,-9999,-9999,-9999.0,-9999.0,N,AM,CRMN MANAUS,S103,-3.02249999,-60.05555555,-9999.0
4312,2018-11-19,16:00,-9999.0,-9999.0,-9999.0,-9999.0,-9999,-9999.0,-9999.0,-9999.0,-9999.0,-9999.0,-9999.0,-9999,-9999,-9999,-9999,-9999.0,-9999.0,N,AM,CRMN MANAUS,S103,-3.02249999,-60.05555555,-9999.0
4313,2018-11-19,20:00,0.0,995.7,996.9,996.2,0,35.0,20.7,35.3,34.1,21.3,19.8,46,41,44,16,2.8,0.0,N,AM,CRMN MANAUS,S103,-3.02249999,-60.05555555,-9999.0
4314,2018-11-20,00:00,0.0,997.3,996.0,995.4,0,31.2,22.6,32.5,31.6,22.6,21.8,59,53,60,14,1.7,0.0,N,AM,CRMN MANAUS,S103,-3.02249999,-60.05555555,-9999.0
4315,2018-11-20,04:00,0.0,999.3,999.3,999.0,0,29.8,23.1,30.7,30.1,23.1,22.8,66,63,67,14,1.1,0.0,N,AM,CRMN MANAUS,S103,-3.02249999,-60.05555555,-9999.0
4316,2018-11-20,08:00,0.0,998.0,998.4,998.0,0,26.6,23.4,27.5,27.0,24.3,23.7,85,82,83,13,0.7,0.0,N,AM,CRMN MANAUS,S103,-3.02249999,-60.05555555,-9999.0
4317,2018-11-20,12:00,0.0,1001.3,1000.2,999.0,0,29.9,25.1,27.9,26.3,24.1,23.1,85,78,75,16,0.7,0.0,N,AM,CRMN MANAUS,S103,-3.02249999,-60.05555555,-9999.0
4318,2018-11-20,16:00,0.0,1001.2,1002.1,1001.2,0,26.2,23.7,30.4,29.2,23.8,22.9,71,64,86,12,4.7,3.0,N,AM,CRMN MANAUS,S103,-3.02249999,-60.05555555,-9999.0
4319,2018-11-20,20:00,0.0,996.1,997.8,996.8,0,28.7,24.7,28.9,27.7,24.4,23.4,80,74,79,16,1.5,0.0,N,AM,CRMN MANAUS,S103,-3.02249999,-60.05555555,-9999.0
4320,2018-11-21,00:00,0.0,999.6,998.5,997.1,0,26.8,24.6,27.2,26.9,25.0,24.8,90,87,87,13,2.0,0.0,N,AM,CRMN MANAUS,S103,-3.02249999,-60.05555555,-9999.0
4321,2018-11-21,04:00,0.0,1001.0,1001.6,1001.3,0,25.7,23.9,26.1,25.9,24.4,24.0,90,89,90,14,0.0,0.0,N,AM,CRMN MANAUS,S103,-3.02249999,-60.05555555,-9999.0
4322,2018-11-21,08:00,0.0,999.5,999.3,999.1,0,25.4,24.1,25.5,25.3,24.2,24.0,93,92,93,12,1.8,1.0,N,AM,CRMN MANAUS,S103,-3.02249999,-60.05555555,-9999.0
4323,2018-11-21,12:00,0.0,1002.5,1001.4,1000.2,0,26.1,24.2,25.6,25.2,24.2,24.1,94,92,89,13,2.8,1.0,N,AM,CRMN MANAUS,S103,-3.02249999,-60.05555555,-9999.0
4324,2018-11-21,16:00,0.0,1002.1,1003.3,1002.5,0,27.5,23.9,26.9,26.6,24.2,23.8,86,84,81,16,3.5,1.0,N,AM,CRMN MANAUS,S103,-3.02249999,-60.05555555,-9999.0
4325,2018-11-21,20:00,0.0,998.2,999.8,998.5,0,26.5,22.8,26.8,24.1,23.4,22.3,91,79,80,15,3.1,1.0,N,AM,CRMN MANAUS,S103,-3.02249999,-60.05555555,-9999.0
4326,2018-11-22,00:00,0.0,999.6,998.9,998.6,0,25.6,23.4,25.9,25.7,23.3,23.1,86,85,87,16,0.2,0.0,N,AM,CRMN MANAUS,S103,-3.02249999,-60.05555555,-9999.0
4327,2018-11-22,04:00,0.0,1000.8,1001.8,1001.7,0,25.2,23.5,25.7,25.0,23.5,23.4,91,88,90,16,0.0,0.0,N,AM,CRMN MANAUS,S103,-3.02249999,-60.05555555,-9999.0
4328,2018-11-22,08:00,0.0,999.6,999.6,999.2,0,25.2,23.6,25.2,24.9,23.8,23.5,92,92,91,16,0.0,0.0,N,AM,CRMN MANAUS,S103,-3.02249999,-60.05555555,-9999.0
4329,2018-11-22,12:00,0.0,1001.9,1000.9,1000.3,0,27.3,24.4,25.8,25.1,24.3,23.8,92,91,84,19,0.0,0.0,N,AM,CRMN MANAUS,S103,-3.02249999,-60.05555555,-9999.0
4330,2018-11-22,16:00,0.0,1001.6,1002.6,1001.8,0,26.2,24.1,30.4,29.8,24.3,23.5,71,68,88,20,3.5,2.0,N,AM,CRMN MANAUS,S103,-3.02249999,-60.05555555,-9999.0
4331,2018-11-22,20:00,0.0,996.8,999.6,997.9,0,25.6,22.6,26.0,25.6,23.0,22.7,85,83,84,19,2.2,0.0,N,AM,CRMN MANAUS,S103,-3.02249999,-60.05555555,-9999.0
4332,2018-11-23,00:00,0.0,999.5,998.2,997.9,0,25.1,23.4,25.6,25.0,23.4,22.9,90,85,90,19,0.9,0.0,N,AM,CRMN MANAUS,S103,-3.02249999,-60.05555555,-9999.0
4333,2018-11-23,04:00,0.0,1000.4,1001.1,1000.9,0,24.8,23.5,25.3,24.7,23.5,23.3,93,89,93,18,0.4,0.0,N,AM,CRMN MANAUS,S103,-3.02249999,-60.05555555,-9999.0
4334,2018-11-23,08:00,0.0,998.4,999.1,998.6,0,24.2,22.9,24.2,24.0,23.0,22.8,93,93,92,18,0.0,0.0,N,AM,CRMN MANAUS,S103,-3.02249999,-60.05555555,-9999.0
4335,2018-11-23,12:00,0.0,1001.7,1000.4,999.2,0,24.4,22.9,24.6,24.3,23.1,22.7,91,90,91,18,2.8,0.0,N,AM,CRMN MANAUS,S103,-3.02249999,-60.05555555,-9999.0
4336,2018-11-23,16:00,0.0,1000.9,1002.6,1001.8,0,25.9,22.9,24.6,23.7,23.0,22.5,93,91,83,19,3.1,1.0,N,AM,CRMN MANAUS,S103,-3.02249999,-60.05555555,-9999.0
4337,2018-11-23,20:00,0.0,996.9,998.3,997.3,0,26.7,22.8,26.6,26.0,22.8,22.4,81,78,79,23,1.5,0.0,N,AM,CRMN MANAUS,S103,-3.02249999,-60.05555555,-9999.0
4338,2018-11-24,00:00,0.0,999.1,998.0,997.1,0,25.0,23.3,25.9,25.5,23.1,22.9,86,84,90,22,0.0,0.0,N,AM,CRMN MANAUS,S103,-3.02249999,-60.05555555,-9999.0
4339,2018-11-24,04:00,0.0,999.9,1000.5,1000.3,0,25.2,23.6,25.5,25.1,23.3,23.2,90,87,91,20,1.7,0.0,N,AM,CRMN MANAUS,S103,-3.02249999,-60.05555555,-9999.0
4340,2018-11-24,08:00,0.0,998.7,999.0,998.6,0,25.0,23.5,25.1,25.0,23.6,23.5,92,91,91,20,0.5,0.0,N,AM,CRMN MANAUS,S103,-3.02249999,-60.05555555,-9999.0
4341,2018-11-24,12:00,0.0,1000.7,1000.3,999.5,0,26.5,23.5,25.2,24.8,23.4,23.3,92,90,84,21,1.5,1.0,N,AM,CRMN MANAUS,S103,-3.02249999,-60.05555555,-9999.0
4342,2018-11-24,16:00,0.0,999.5,1000.8,1000.3,0,32.0,22.5,31.1,30.3,23.6,22.7,67,61,57,30,5.4,3.0,N,AM,CRMN MANAUS,S103,-3.02249999,-60.05555555,-9999.0
4343,2018-11-24,20:00,0.0,996.3,997.6,996.8,0,32.5,22.2,32.9,31.9,23.3,22.2,59,54,55,31,4.5,2.0,N,AM,CRMN MANAUS,S103,-3.02249999,-60.05555555,-9999.0
4344,2018-11-25,00:00,0.0,997.4,995.9,995.7,0,28.8,23.2,30.6,29.2,24.0,23.3,73,65,72,26,2.6,1.0,N,AM,CRMN MANAUS,S103,-3.02249999,-60.05555555,-9999.0
4345,2018-11-25,04:00,0.0,998.7,999.6,999.2,0,26.6,23.9,28.2,27.2,24.0,23.6,82,77,85,25,0.0,0.0,N,AM,CRMN MANAUS,S103,-3.02249999,-60.05555555,-9999.0
4346,2018-11-25,08:00,0.0,997.8,997.8,997.5,0,25.8,23.6,26.3,25.8,23.9,23.6,88,86,88,22,0.0,0.0,N,AM,CRMN MANAUS,S103,-3.02249999,-60.05555555,-9999.0
4347,2018-11-25,12:00,0.0,1000.5,999.6,998.6,0,28.7,23.6,26.8,25.7,23.9,23.5,88,84,74,22,2.8,2.0,N,AM,CRMN MANAUS,S103,-3.02249999,-60.05555555,-9999.0
4348,2018-11-25,16:00,0.0,999.9,1001.3,1000.4,0,30.2,23.8,30.5,29.6,24.1,23.3,72,67,69,26,5.3,3.0,N,AM,CRMN MANAUS,S103,-3.02249999,-60.05555555,-9999.0
4349,2018-11-25,20:00,0.0,997.3,997.8,997.3,0,28.4,23.8,29.2,28.8,23.4,22.9,73,69,76,26,2.0,0.0,N,AM,CRMN MANAUS,S103,-3.02249999,-60.05555555,-9999.0
4350,2018-11-26,00:00,0.0,997.5,997.3,997.2,0,26.8,23.7,27.4,27.2,23.8,23.7,82,80,83,24,1.5,0.0,N,AM,CRMN MANAUS,S103,-3.02249999,-60.05555555,-9999.0
4351,2018-11-26,04:00,0.0,999.7,999.9,999.3,0,25.5,24.2,25.6,25.5,23.9,23.7,90,90,93,19,2.4,1.0,N,AM,CRMN MANAUS,S103,-3.02249999,-60.05555555,-9999.0
4352,2018-11-26,08:00,0.0,999.0,999.2,999.1,0,24.3,23.0,24.9,24.5,23.7,23.1,93,92,92,18,3.0,1.0,N,AM,CRMN MANAUS,S103,-3.02249999,-60.05555555,-9999.0
4353,2018-11-26,12:00,0.0,1000.7,1000.2,999.7,0,25.6,22.8,24.9,24.3,23.1,22.9,92,89,84,19,3.7,2.0,N,AM,CRMN MANAUS,S103,-3.02249999,-60.05555555,-9999.0
4354,2018-11-26,16:00,0.0,1000.3,1001.9,1001.2,0,29.6,23.9,28.4,28.1,23.7,23.1,76,73,71,29,3.4,2.0,N,AM,CRMN MANAUS,S103,-3.02249999,-60.05555555,-9999.0
4355,2018-11-26,20:00,0.0,996.0,998.2,997.1,0,29.9,22.9,30.9,29.6,23.0,20.9,67,58,66,28,3.9,2.0,N,AM,CRMN MANAUS,S103,-3.02249999,-60.05555555,-9999.0
4356,2018-11-27,00:00,0.0,998.3,997.0,996.1,0,26.7,23.3,28.4,27.5,23.2,23.1,77,73,82,26,1.3,0.0,N,AM,CRMN MANAUS,S103,-3.02249999,-60.05555555,-9999.0
4357,2018-11-27,04:00,0.0,999.0,1000.2,999.7,0,25.6,23.2,26.5,25.9,23.3,23.1,85,82,87,24,0.0,0.0,N,AM,CRMN MANAUS,S103,-3.02249999,-60.05555555,-9999.0
4358,2018-11-27,08:00,0.0,997.7,997.8,997.5,0,24.4,23.2,24.6,24.3,23.2,23.0,93,91,93,21,0.0,0.0,N,AM,CRMN MANAUS,S103,-3.02249999,-60.05555555,-9999.0
4359,2018-11-27,12:00,0.0,999.4,998.8,998.2,0,27.0,24.1,25.5,24.8,23.7,23.4,92,90,84,22,0.0,0.0,N,AM,CRMN MANAUS,S103,-3.02249999,-60.05555555,-9999.0
4360,2018-11-27,16:00,0.0,999.9,1000.4,1000.1,0,26.1,23.4,29.1,26.5,23.9,22.5,81,73,86,22,4.7,1.0,N,AM,CRMN MANAUS,S103,-3.02249999,-60.05555555,-9999.0
4361,2018-11-27,20:00,0.0,996.3,998.4,997.3,0,25.6,22.5,25.2,24.3,23.1,22.5,91,85,83,21,2.7,2.0,N,AM,CRMN MANAUS,S103,-3.02249999,-60.05555555,-9999.0
4362,2018-11-28,00:00,0.0,998.3,997.6,996.4,0,24.8,22.9,25.3,24.8,22.8,22.6,89,85,89,21,2.5,0.0,N,AM,CRMN MANAUS,S103,-3.02249999,-60.05555555,-9999.0
4363,2018-11-28,04:00,0.0,1000.2,1000.3,999.9,0,24.4,22.7,24.7,24.5,23.0,22.8,90,90,91,21,0.8,0.0,N,AM,CRMN MANAUS,S103,-3.02249999,-60.05555555,-9999.0
4364,2018-11-28,08:00,0.0,998.9,999.3,999.1,0,23.9,22.3,24.0,23.9,22.4,22.3,91,91,91,20,1.5,0.0,N,AM,CRMN MANAUS,S103,-3.02249999,-60.05555555,-9999.0
4365,2018-11-28,12:00,0.0,1001.3,1000.4,999.4,0,26.4,22.1,24.9,23.8,22.5,22.0,90,86,78,23,1.4,0.0,N,AM,CRMN MANAUS,S103,-3.02249999,-60.05555555,-9999.0
4366,2018-11-28,16:00,0.0,1000.7,1001.8,1001.5,0,30.1,23.3,30.0,28.7,23.0,22.0,70,64,67,34,2.4,0.0,N,AM,CRMN MANAUS,S103,-3.02249999,-60.05555555,-9999.0
4367,2018-11-28,20:00,0.0,997.7,998.4,997.6,0,24.9,22.7,30.7,29.9,23.9,22.8,70,63,87,27,5.6,3.0,N,AM,CRMN MANAUS,S103,-3.02249999,-60.05555555,-9999.0
4368,2018-11-29,00:00,0.0,998.9,998.5,997.7,0,25.3,23.1,25.3,24.5,23.1,22.5,90,86,87,26,0.2,0.0,N,AM,CRMN MANAUS,S103,-3.02249999,-60.05555555,-9999.0
4369,2018-11-29,04:00,0.0,999.5,1000.2,1000.0,0,24.4,22.7,25.0,24.7,23.3,22.7,90,89,90,22,1.3,0.0,N,AM,CRMN MANAUS,S103,-3.02249999,-60.05555555,-9999.0
4370,2018-11-29,08:00,0.0,999.5,999.1,998.9,0,24.2,22.6,24.1,24.0,22.6,22.6,92,91,91,21,0.5,0.0,N,AM,CRMN MANAUS,S103,-3.02249999,-60.05555555,-9999.0
4371,2018-11-29,12:00,0.0,1002.9,1002.1,1001.0,0,25.1,23.0,24.8,24.0,23.0,22.7,92,89,88,22,1.3,0.0,N,AM,CRMN MANAUS,S103,-3.02249999,-60.05555555,-9999.0
4372,2018-11-29,16:00,0.0,1001.6,1003.2,1002.5,0,25.9,23.7,25.2,24.7,23.6,23.2,92,90,88,23,1.9,1.0,N,AM,CRMN MANAUS,S103,-3.02249999,-60.05555555,-9999.0
4373,2018-11-29,20:00,0.0,998.0,999.4,998.5,0,27.2,23.5,28.3,27.4,23.9,23.0,79,75,80,26,3.8,2.0,N,AM,CRMN MANAUS,S103,-3.02249999,-60.05555555,-9999.0
4374,2018-11-30,00:00,0.0,1000.1,999.8,998.9,0,24.8,22.4,25.9,25.3,23.0,22.5,85,84,87,22,3.5,1.0,N,AM,CRMN MANAUS,S103,-3.02249999,-60.05555555,-9999.0
4375,2018-11-30,04:00,0.0,1001.0,1001.4,1001.3,0,24.1,22.5,24.5,24.1,22.5,22.4,91,89,90,22,2.1,0.0,N,AM,CRMN MANAUS,S103,-3.02249999,-60.05555555,-9999.0
4376,2018-11-30,08:00,0.0,999.6,999.9,999.6,0,23.6,22.3,23.9,23.8,22.4,22.3,92,91,92,22,0.4,0.0,N,AM,CRMN MANAUS,S103,-3.02249999,-60.05555555,-9999.0
4377,2018-11-30,12:00,0.0,1002.7,1001.7,1000.6,0,25.2,22.8,24.4,23.7,22.7,22.4,93,90,86,21,1.9,1.0,N,AM,CRMN MANAUS,S103,-3.02249999,-60.05555555,-9999.0
4378,2018-11-30,16:00,0.0,1001.3,1002.7,1002.1,0,29.3,22.5,28.6,26.7,23.1,22.4,79,70,67,28,4.9,3.0,N,AM,CRMN MANAUS,S103,-3.02249999,-60.05555555,-9999.0
4379,2018-11-30,20:00,0.0,996.9,998.8,997.6,0,30.1,22.3,30.7,29.9,22.7,21.7,64,60,63,32,5.0,2.0,N,AM,CRMN MANAUS,S103,-3.02249999,-60.05555555,-9999.0
4380,2018-12-01,00:00,0.0,999.1,998.5,997.9,0,27.0,23.1,27.4,27.1,23.9,23.2,82,78,79,28,1.9,1.0,N,AM,CRMN MANAUS,S103,-3.02249999,-60.05555555,-9999.0
4381,2018-12-01,04:00,0.0,1000.2,1000.7,1000.5,0,25.5,22.3,26.2,25.7,22.9,22.7,84,82,82,24,2.7,2.0,N,AM,CRMN MANAUS,S103,-3.02249999,-60.05555555,-9999.0
4382,2018-12-01,08:00,0.0,998.7,998.9,998.7,0,24.6,21.8,25.0,24.6,22.1,22.0,85,84,85,23,2.8,1.0,N,AM,CRMN MANAUS,S103,-3.02249999,-60.05555555,-9999.0
4383,2018-12-01,12:00,0.0,1001.4,1000.3,999.4,0,26.0,22.2,24.7,24.1,22.0,21.8,87,85,80,24,2.4,0.0,N,AM,CRMN MANAUS,S103,-3.02249999,-60.05555555,-9999.0
4384,2018-12-01,16:00,0.0,1000.9,1002.0,1001.7,0,29.7,22.1,29.2,28.4,22.7,22.0,71,66,64,31,4.3,3.0,N,AM,CRMN MANAUS,S103,-3.02249999,-60.05555555,-9999.0
4385,2018-12-01,20:00,0.0,996.8,998.6,997.5,0,30.6,22.5,31.3,30.4,22.7,21.8,62,58,62,33,3.9,2.0,N,AM,CRMN MANAUS,S103,-3.02249999,-60.05555555,-9999.0
4386,2018-12-02,00:00,0.0,998.5,997.8,997.2,0,27.7,22.9,29.3,28.3,23.4,23.0,74,69,75,31,1.1,0.0,N,AM,CRMN MANAUS,S103,-3.02249999,-60.05555555,-9999.0
4387,2018-12-02,04:00,0.0,1000.2,1000.2,999.8,0,26.6,23.2,26.9,26.3,23.3,23.1,83,80,82,28,0.6,0.0,N,AM,CRMN MANAUS,S103,-3.02249999,-60.05555555,-9999.0
4388,2018-12-02,08:00,0.0,998.6,999.0,998.9,0,25.8,22.8,26.5,26.2,22.9,22.8,82,81,83,24,2.0,0.0,N,AM,CRMN MANAUS,S103,-3.02249999,-60.05555555,-9999.0
4389,2018-12-02,12:00,0.0,1001.5,1000.7,999.6,0,26.3,22.9,25.8,25.5,22.9,22.7,85,84,81,25,2.2,0.0,N,AM,CRMN MANAUS,S103,-3.02249999,-60.05555555,-9999.0
4390,2018-12-02,16:00,0.0,1001.1,1002.0,1001.5,0,28.7,23.2,27.9,27.5,23.1,22.5,76,73,72,27,3.5,1.0,N,AM,CRMN MANAUS,S103,-3.02249999,-60.05555555,-9999.0
4391,2018-12-02,20:00,0.0,997.4,998.9,998.0,0,29.5,22.4,29.3,28.9,22.6,21.9,68,65,66,30,3.3,1.0,N,AM,CRMN MANAUS,S103,-3.02249999,-60.05555555,-9999.0
4392,2018-12-03,00:00,0.0,999.4,998.9,998.1,0,27.1,23.4,28.6,27.5,23.2,22.8,77,71,80,26,2.1,1.0,N,AM,CRMN MANAUS,S103,-3.02249999,-60.05555555,-9999.0
4393,2018-12-03,04:00,0.0,1000.4,1000.8,1000.4,0,26.4,22.9,26.4,26.2,23.3,23.1,83,82,81,25,1.8,0.0,N,AM,CRMN MANAUS,S103,-3.02249999,-60.05555555,-9999.0
4394,2018-12-03,08:00,0.0,998.9,999.2,998.8,0,25.5,23.8,25.9,25.5,23.9,23.8,91,89,90,23,1.2,0.0,N,AM,CRMN MANAUS,S103,-3.02249999,-60.05555555,-9999.0
4395,2018-12-03,12:00,0.0,1001.4,1000.5,999.8,0,26.9,23.7,25.6,25.1,23.7,23.5,91,89,83,24,1.9,0.0,N,AM,CRMN MANAUS,S103,-3.02249999,-60.05555555,-9999.0
4396,2018-12-03,16:00,0.0,1000.6,1001.8,1001.3,0,29.8,21.3,31.4,29.7,23.1,20.2,67,53,60,31,3.7,1.0,N,AM,CRMN MANAUS,S103,-3.02249999,-60.05555555,-9999.0
4397,2018-12-03,20:00,0.0,998.2,998.6,998.0,0,26.2,23.0,30.1,27.8,23.6,20.2,76,56,83,27,2.7,1.0,N,AM,CRMN MANAUS,S103,-3.02249999,-60.05555555,-9999.0
4398,2018-12-04,00:00,0.0,1001.0,1000.2,999.5,0,23.5,22.4,23.8,23.6,22.7,22.5,94,93,94,22,2.8,2.0,N,AM,CRMN MANAUS,S103,-3.02249999,-60.05555555,-9999.0
4399,2018-12-04,04:00,0.0,1000.9,1001.8,1001.4,0,23.5,22.4,23.7,23.6,22.7,22.5,94,94,94,21,2.5,0.0,N,AM,CRMN MANAUS,S103,-3.02249999,-60.05555555,-9999.0
4400,2018-12-04,08:00,0.0,998.4,999.1,998.4,0,23.3,22.2,23.5,23.3,22.4,22.2,94,93,94,22,0.4,0.0,N,AM,CRMN MANAUS,S103,-3.02249999,-60.05555555,-9999.0
4401,2018-12-04,12:00,0.0,1001.6,1000.6,999.5,0,24.4,22.7,23.6,23.3,22.4,22.2,94,93,90,23,0.3,0.0,N,AM,CRMN MANAUS,S103,-3.02249999,-60.05555555,-9999.0
4402,2018-12-04,16:00,0.0,1001.2,1002.4,1002.0,0,27.8,22.0,27.7,26.9,22.7,21.7,77,71,71,28,3.4,2.0,N,AM,CRMN MANAUS,S103,-3.02249999,-60.05555555,-9999.0
4403,2018-12-04,20:00,0.0,997.2,998.7,997.8,0,27.6,22.1,27.9,27.5,22.5,21.4,74,69,72,31,2.9,1.0,N,AM,CRMN MANAUS,S103,-3.02249999,-60.05555555,-9999.0
4404,2018-12-05,00:00,0.0,999.0,998.3,997.7,0,26.0,22.3,27.1,26.2,22.6,22.2,80,75,80,29,0.0,0.0,N,AM,CRMN MANAUS,S103,-3.02249999,-60.05555555,-9999.0
4405,2018-12-05,04:00,0.0,1000.3,1000.5,1000.1,0,25.1,22.3,25.5,25.3,22.4,21.8,83,81,85,27,0.1,0.0,N,AM,CRMN MANAUS,S103,-3.02249999,-60.05555555,-9999.0
4406,2018-12-05,08:00,0.0,998.6,999.2,998.8,0,24.3,22.6,24.3,24.1,22.5,22.3,90,89,90,23,0.9,0.0,N,AM,CRMN MANAUS,S103,-3.02249999,-60.05555555,-9999.0
4407,2018-12-05,12:00,0.0,1001.8,1000.8,999.7,0,25.2,22.4,24.6,24.0,22.5,22.1,89,88,85,23,2.4,1.0,N,AM,CRMN MANAUS,S103,-3.02249999,-60.05555555,-9999.0
4408,2018-12-05,16:00,0.0,1001.7,1002.6,1002.3,0,26.0,22.7,27.4,26.8,22.9,22.4,78,76,82,25,4.5,3.0,N,AM,CRMN MANAUS,S103,-3.02249999,-60.05555555,-9999.0
4409,2018-12-05,20:00,0.0,997.7,999.1,998.1,0,27.7,22.3,28.6,27.4,22.6,22.0,74,69,72,29,4.3,2.0,N,AM,CRMN MANAUS,S103,-3.02249999,-60.05555555,-9999.0
4410,2018-12-06,00:00,0.0,1001.0,999.6,998.5,0,26.1,22.4,26.9,26.2,22.9,22.7,82,78,80,26,2.8,2.0,N,AM,CRMN MANAUS,S103,-3.02249999,-60.05555555,-9999.0
4411,2018-12-06,04:00,0.0,1002.5,1002.9,1002.8,0,24.4,22.9,25.3,24.7,22.9,22.7,89,86,91,26,0.0,0.0,N,AM,CRMN MANAUS,S103,-3.02249999,-60.05555555,-9999.0
4412,2018-12-06,08:00,0.0,1000.3,1001.0,1000.4,0,23.3,22.1,23.9,23.3,22.7,22.3,94,93,93,23,1.3,0.0,N,AM,CRMN MANAUS,S103,-3.02249999,-60.05555555,-9999.0
4413,2018-12-06,12:00,0.0,1003.4,1002.2,1001.2,0,24.2,22.4,23.4,23.0,22.1,21.9,93,93,90,24,0.2,0.0,N,AM,CRMN MANAUS,S103,-3.02249999,-60.05555555,-9999.0
4414,2018-12-06,16:00,0.0,1003.1,1004.3,1003.8,0,28.9,22.6,28.6,26.8,23.5,22.4,81,70,69,33,2.8,0.0,N,AM,CRMN MANAUS,S103,-3.02249999,-60.05555555,-9999.0
4415,2018-12-06,20:00,0.0,999.7,1001.5,1000.4,0,24.2,22.4,23.4,22.6,22.1,21.3,93,92,90,28,2.0,0.0,N,AM,CRMN MANAUS,S103,-3.02249999,-60.05555555,-9999.0
4416,2018-12-07,00:00,0.0,1001.9,1001.3,1000.5,0,24.2,22.8,24.2,23.9,22.7,22.4,92,91,92,26,0.0,0.0,N,AM,CRMN MANAUS,S103,-3.02249999,-60.05555555,-9999.0
4417,2018-12-07,04:00,0.0,1003.6,1003.7,1003.2,0,23.5,22.5,23.9,23.6,22.7,22.5,94,93,94,25,0.8,0.0,N,AM,CRMN MANAUS,S103,-3.02249999,-60.05555555,-9999.0
4418,2018-12-07,08:00,0.0,1001.6,1001.9,1001.4,0,23.3,22.4,23.5,23.3,22.4,22.2,94,93,94,24,0.3,0.0,N,AM,CRMN MANAUS,S103,-3.02249999,-60.05555555,-9999.0
4419,2018-12-07,12:00,0.0,1005.0,1003.7,1002.7,0,22.9,21.7,23.7,23.2,22.8,22.3,95,94,93,24,3.4,0.0,N,AM,CRMN MANAUS,S103,-3.02249999,-60.05555555,-9999.0
4420,2018-12-07,16:00,0.0,1004.5,1006.3,1005.5,0,24.0,22.6,23.5,23.1,22.5,22.1,94,94,92,24,2.2,0.0,N,AM,CRMN MANAUS,S103,-3.02249999,-60.05555555,-9999.0
4421,2018-12-07,20:00,0.0,1001.6,1003.1,1001.6,0,25.5,23.1,25.0,24.4,23.3,22.9,92,89,86,28,2.2,0.0,N,AM,CRMN MANAUS,S103,-3.02249999,-60.05555555,-9999.0
4422,2018-12-08,00:00,0.0,1003.5,1002.9,1001.9,0,24.1,22.8,24.7,24.3,22.9,22.8,91,89,92,27,1.4,0.0,N,AM,CRMN MANAUS,S103,-3.02249999,-60.05555555,-9999.0
4423,2018-12-08,04:00,0.0,1004.9,1005.3,1004.9,0,24.0,22.9,24.2,23.9,22.9,22.7,93,92,93,26,0.0,0.0,N,AM,CRMN MANAUS,S103,-3.02249999,-60.05555555,-9999.0
4424,2018-12-08,08:00,0.0,1002.9,1003.2,1002.7,0,23.8,22.8,23.9,23.8,22.8,22.6,94,93,94,27,0.0,0.0,N,AM,CRMN MANAUS,S103,-3.02249999,-60.05555555,-9999.0
4425,2018-12-08,12:00,0.0,1005.5,1004.6,1003.7,0,24.7,22.6,23.6,23.4,22.6,22.5,94,93,88,29,1.0,0.0,N,AM,CRMN MANAUS,S103,-3.02249999,-60.05555555,-9999.0
4426,2018-12-08,16:00,0.0,1004.8,1006.1,1005.2,0,24.0,22.9,26.8,25.6,23.9,23.0,88,81,93,28,2.7,0.0,N,AM,CRMN MANAUS,S103,-3.02249999,-60.05555555,-9999.0
4427,2018-12-08,20:00,0.0,1001.1,1002.9,1001.7,0,25.0,22.6,25.5,24.8,23.5,22.6,90,85,86,31,1.6,0.0,N,AM,CRMN MANAUS,S103,-3.02249999,-60.05555555,-9999.0
4428,2018-12-09,00:00,0.0,1001.7,1001.2,1000.9,0,23.4,22.3,23.9,23.5,22.5,22.3,93,91,94,28,0.8,0.0,N,AM,CRMN MANAUS,S103,-3.02249999,-60.05555555,-9999.0
4429,2018-12-09,04:00,0.0,1003.2,1003.5,1003.1,0,23.2,22.2,23.2,23.1,22.1,22.0,94,94,94,27,0.5,0.0,N,AM,CRMN MANAUS,S103,-3.02249999,-60.05555555,-9999.0
4430,2018-12-09,08:00,0.0,1001.7,1002.0,1001.5,0,23.4,22.3,23.4,23.4,22.3,22.2,93,93,93,28,0.3,0.0,N,AM,CRMN MANAUS,S103,-3.02249999,-60.05555555,-9999.0
4431,2018-12-09,12:00,0.0,1004.5,1003.6,1002.9,0,25.8,23.1,24.6,23.3,23.0,22.3,94,91,85,28,2.5,1.0,N,AM,CRMN MANAUS,S103,-3.02249999,-60.05555555,-9999.0
4432,2018-12-09,16:00,0.0,1003.7,1005.2,1004.4,0,30.3,21.4,29.5,27.8,22.5,21.3,72,64,59,40,2.9,1.0,N,AM,CRMN MANAUS,S103,-3.02249999,-60.05555555,-9999.0
4433,2018-12-09,20:00,0.0,1000.1,1001.2,1000.3,0,28.0,23.6,28.7,27.6,23.7,22.5,78,70,77,40,2.4,1.0,N,AM,CRMN MANAUS,S103,-3.02249999,-60.05555555,-9999.0
4434,2018-12-10,00:00,0.0,1003.1,1001.8,1000.8,0,25.2,23.1,25.1,24.9,23.2,22.5,89,86,88,31,2.7,2.0,N,AM,CRMN MANAUS,S103,-3.02249999,-60.05555555,-9999.0
4435,2018-12-10,04:00,0.0,1004.1,1004.6,1004.4,0,24.8,22.6,24.9,24.7,22.9,22.7,89,88,88,29,1.9,0.0,N,AM,CRMN MANAUS,S103,-3.02249999,-60.05555555,-9999.0
4436,2018-12-10,08:00,0.0,1002.5,1002.6,1002.5,0,24.0,22.6,24.3,24.2,22.6,22.4,90,90,92,30,0.0,0.0,N,AM,CRMN MANAUS,S103,-3.02249999,-60.05555555,-9999.0
4437,2018-12-10,12:00,0.0,1004.9,1004.3,1003.2,0,26.8,22.1,25.0,24.5,22.4,22.1,86,85,76,30,2.2,1.0,N,AM,CRMN MANAUS,S103,-3.02249999,-60.05555555,-9999.0
4438,2018-12-10,16:00,0.0,1004.7,1005.8,1005.3,0,26.3,23.5,28.3,27.7,22.8,21.8,74,68,85,33,3.7,1.0,N,AM,CRMN MANAUS,S103,-3.02249999,-60.05555555,-9999.0
4439,2018-12-10,20:00,0.0,1001.0,1002.8,1001.7,0,27.2,22.9,27.0,26.7,23.1,22.7,80,78,78,33,2.5,1.0,N,AM,CRMN MANAUS,S103,-3.02249999,-60.05555555,-9999.0
4440,2018-12-11,00:00,0.0,1003.4,1002.3,1001.5,0,25.7,23.0,26.3,25.8,23.1,22.7,85,81,85,31,1.3,0.0,N,AM,CRMN MANAUS,S103,-3.02249999,-60.05555555,-9999.0
4441,2018-12-11,04:00,0.0,1004.9,1005.0,1004.6,0,25.2,23.1,24.8,24.6,23.0,22.9,90,90,88,30,0.3,0.0,N,AM,CRMN MANAUS,S103,-3.02249999,-60.05555555,-9999.0
4442,2018-12-11,08:00,0.0,1003.0,1003.8,1003.1,0,24.3,23.0,24.7,24.6,23.4,23.2,93,92,92,26,2.2,1.0,N,AM,CRMN MANAUS,S103,-3.02249999,-60.05555555,-9999.0
4443,2018-12-11,12:00,0.0,1005.7,1004.8,1003.7,0,25.4,22.8,24.6,24.1,23.2,22.8,93,92,85,26,2.6,2.0,N,AM,CRMN MANAUS,S103,-3.02249999,-60.05555555,-9999.0
4444,2018-12-11,16:00,0.0,1004.4,1006.1,1005.4,0,29.4,22.7,28.7,27.5,22.8,22.1,74,69,67,36,4.0,1.0,N,AM,CRMN MANAUS,S103,-3.02249999,-60.05555555,-9999.0
4445,2018-12-11,20:00,0.0,1000.8,1002.0,1001.1,0,30.5,22.0,30.4,27.9,24.6,22.2,78,62,61,39,4.7,2.0,N,AM,CRMN MANAUS,S103,-3.02249999,-60.05555555,-9999.0
4446,2018-12-12,00:00,0.0,1002.1,1001.6,1001.2,0,25.8,23.8,28.2,26.0,23.9,22.4,88,71,89,36,0.6,0.0,N,AM,CRMN MANAUS,S103,-3.02249999,-60.05555555,-9999.0
4447,2018-12-12,04:00,0.0,1003.4,1003.7,1003.4,0,24.5,23.3,25.4,24.9,23.9,23.6,93,91,93,31,0.8,0.0,N,AM,CRMN MANAUS,S103,-3.02249999,-60.05555555,-9999.0
4448,2018-12-12,08:00,0.0,1002.1,1002.3,1001.9,0,24.3,23.2,24.5,24.4,23.4,23.3,94,93,94,29,0.0,0.0,N,AM,CRMN MANAUS,S103,-3.02249999,-60.05555555,-9999.0
4449,2018-12-12,12:00,0.0,1004.5,1003.8,1003.1,0,25.1,22.8,24.6,24.3,22.9,22.6,92,89,87,27,1.7,0.0,N,AM,CRMN MANAUS,S103,-3.02249999,-60.05555555,-9999.0
4450,2018-12-12,16:00,0.0,1003.4,1005.4,1004.6,0,29.0,22.5,28.5,27.6,22.7,21.9,73,70,68,38,3.4,0.0,N,AM,CRMN MANAUS,S103,-3.02249999,-60.05555555,-9999.0
4451,2018-12-12,20:00,0.0,1000.1,1001.1,999.8,0,24.8,21.7,30.3,28.7,24.3,22.1,75,63,83,37,4.7,3.0,N,AM,CRMN MANAUS,S103,-3.02249999,-60.05555555,-9999.0
4452,2018-12-13,00:00,0.0,1001.3,1001.0,1000.0,0,24.3,22.7,24.9,24.3,22.9,22.6,91,87,91,31,1.5,0.0,N,AM,CRMN MANAUS,S103,-3.02249999,-60.05555555,-9999.0
4453,2018-12-13,04:00,0.0,1002.8,1003.1,1002.7,0,24.3,22.7,24.3,24.2,22.9,22.7,93,91,91,28,0.7,0.0,N,AM,CRMN MANAUS,S103,-3.02249999,-60.05555555,-9999.0
4454,2018-12-13,08:00,0.0,1001.3,1001.5,1001.1,0,24.1,22.6,24.2,24.0,22.6,22.5,92,91,91,28,1.1,0.0,N,AM,CRMN MANAUS,S103,-3.02249999,-60.05555555,-9999.0
4455,2018-12-13,12:00,0.0,1004.2,1003.6,1002.4,0,25.2,23.1,24.0,23.8,22.9,22.6,94,93,88,27,1.9,0.0,N,AM,CRMN MANAUS,S103,-3.02249999,-60.05555555,-9999.0
4456,2018-12-13,16:00,0.0,1004.0,1004.8,1004.1,0,23.9,22.5,27.5,26.3,23.6,22.9,83,78,92,28,3.5,2.0,N,AM,CRMN MANAUS,S103,-3.02249999,-60.05555555,-9999.0
4457,2018-12-13,20:00,0.0,999.5,1001.2,1000.3,0,27.7,24.3,28.3,26.7,24.3,23.0,83,74,82,36,1.5,0.0,N,AM,CRMN MANAUS,S103,-3.02249999,-60.05555555,-9999.0
4458,2018-12-14,00:00,0.0,1001.2,1000.4,999.8,0,25.5,23.1,26.8,26.1,23.6,23.4,85,82,86,32,1.8,0.0,N,AM,CRMN MANAUS,S103,-3.02249999,-60.05555555,-9999.0
4459,2018-12-14,04:00,0.0,1003.4,1003.5,1002.9,0,24.2,22.3,25.0,24.6,23.5,23.2,93,91,89,28,2.1,0.0,N,AM,CRMN MANAUS,S103,-3.02249999,-60.05555555,-9999.0
4460,2018-12-14,08:00,0.0,1001.9,1002.2,1001.2,0,23.3,22.3,23.4,23.3,22.3,22.1,94,93,94,26,2.5,1.0,N,AM,CRMN MANAUS,S103,-3.02249999,-60.05555555,-9999.0
4461,2018-12-14,12:00,0.0,1005.1,1004.2,1003.2,0,23.4,22.1,22.9,22.5,21.7,21.3,93,92,93,25,2.5,0.0,N,AM,CRMN MANAUS,S103,-3.02249999,-60.05555555,-9999.0
4462,2018-12-14,16:00,0.0,1004.6,1005.5,1005.4,0,24.5,22.2,24.0,23.6,22.5,22.0,92,91,87,25,3.3,2.0,N,AM,CRMN MANAUS,S103,-3.02249999,-60.05555555,-9999.0
4463,2018-12-14,20:00,0.0,1001.4,1002.0,1001.4,0,27.0,22.0,26.9,26.4,22.8,22.1,80,76,74,30,4.2,2.0,N,AM,CRMN MANAUS,S103,-3.02249999,-60.05555555,-9999.0
4464,2018-12-15,00:00,0.0,1003.3,1002.7,1001.9,0,25.0,23.0,26.5,25.7,22.5,22.1,82,77,89,32,0.5,0.0,N,AM,CRMN MANAUS,S103,-3.02249999,-60.05555555,-9999.0
4465,2018-12-15,04:00,0.0,1004.7,1005.0,1004.7,0,24.2,23.0,24.7,24.4,23.1,22.9,92,90,93,30,0.0,0.0,N,AM,CRMN MANAUS,S103,-3.02249999,-60.05555555,-9999.0
4466,2018-12-15,08:00,0.0,1003.6,1003.5,1003.4,0,24.3,23.2,24.2,24.0,23.1,22.9,94,94,93,28,0.4,0.0,N,AM,CRMN MANAUS,S103,-3.02249999,-60.05555555,-9999.0
4467,2018-12-15,12:00,0.0,1006.4,1005.8,1004.9,0,22.8,20.1,23.6,22.9,22.1,21.2,92,90,85,25,3.2,1.0,N,AM,CRMN MANAUS,S103,-3.02249999,-60.05555555,-9999.0
4468,2018-12-15,16:00,0.0,1005.8,1006.7,1006.5,0,26.0,22.4,24.9,23.9,22.0,21.3,86,83,80,33,1.1,0.0,N,AM,CRMN MANAUS,S103,-3.02249999,-60.05555555,-9999.0
4469,2018-12-15,20:00,0.0,1002.1,1003.6,1002.6,0,25.4,23.0,28.4,25.8,23.2,21.8,85,68,87,36,2.7,0.0,N,AM,CRMN MANAUS,S103,-3.02249999,-60.05555555,-9999.0
4470,2018-12-16,00:00,0.0,1003.0,1002.7,1002.4,0,24.4,21.5,25.5,25.0,22.9,21.6,86,80,84,32,1.6,0.0,N,AM,CRMN MANAUS,S103,-3.02249999,-60.05555555,-9999.0
4471,2018-12-16,04:00,0.0,1004.0,1004.0,1003.8,0,22.9,21.2,23.9,23.7,21.3,20.9,86,83,90,30,0.2,0.0,N,AM,CRMN MANAUS,S103,-3.02249999,-60.05555555,-9999.0
4472,2018-12-16,08:00,0.0,1003.5,1003.4,1003.3,0,22.5,21.2,23.5,23.0,21.3,21.1,90,87,92,28,1.0,0.0,N,AM,CRMN MANAUS,S103,-3.02249999,-60.05555555,-9999.0
4473,2018-12-16,12:00,0.0,1006.1,1005.4,1004.6,0,24.7,22.0,23.3,22.7,21.5,21.3,92,90,85,29,0.5,0.0,N,AM,CRMN MANAUS,S103,-3.02249999,-60.05555555,-9999.0
4474,2018-12-16,16:00,0.0,1005.4,1006.8,1006.2,0,29.6,21.1,28.9,28.1,21.6,20.6,67,62,60,39,4.7,3.0,N,AM,CRMN MANAUS,S103,-3.02249999,-60.05555555,-9999.0
4475,2018-12-16,20:00,0.0,1000.6,1003.0,1001.6,0,30.8,20.3,31.2,30.4,20.9,19.7,56,51,54,47,3.4,1.0,N,AM,CRMN MANAUS,S103,-3.02249999,-60.05555555,-9999.0
4476,2018-12-17,00:00,0.0,1001.7,1001.0,1000.5,0,28.0,22.1,29.5,28.8,21.7,21.2,65,61,70,44,0.4,0.0,N,AM,CRMN MANAUS,S103,-3.02249999,-60.05555555,-9999.0
4477,2018-12-17,04:00,0.0,1002.9,1003.3,1003.1,0,24.8,21.6,25.8,25.4,22.4,21.8,82,80,82,37,0.5,0.0,N,AM,CRMN MANAUS,S103,-3.02249999,-60.05555555,-9999.0
4478,2018-12-17,08:00,0.0,1001.6,1001.8,1001.5,0,22.7,21.0,23.7,23.6,21.2,21.0,86,85,90,33,0.1,0.0,N,AM,CRMN MANAUS,S103,-3.02249999,-60.05555555,-9999.0
4479,2018-12-17,12:00,0.0,1004.3,1003.5,1002.4,0,27.3,21.4,24.7,22.9,21.2,20.9,89,79,70,35,1.3,0.0,N,AM,CRMN MANAUS,S103,-3.02249999,-60.05555555,-9999.0
4480,2018-12-17,16:00,0.0,1003.7,1005.0,1004.5,0,30.9,20.9,30.6,29.3,22.7,21.7,65,60,56,42,4.6,3.0,N,AM,CRMN MANAUS,S103,-3.02249999,-60.05555555,-9999.0
4481,2018-12-17,20:00,0.0,999.8,1001.2,1000.1,0,28.8,22.2,30.8,28.9,22.6,20.9,68,56,67,42,4.6,3.0,N,AM,CRMN MANAUS,S103,-3.02249999,-60.05555555,-9999.0
4482,2018-12-18,00:00,0.0,1001.9,1000.8,1000.3,0,26.7,22.4,28.0,27.1,23.3,22.5,79,72,78,37,1.5,0.0,N,AM,CRMN MANAUS,S103,-3.02249999,-60.05555555,-9999.0
4483,2018-12-18,04:00,0.0,1003.3,1003.7,1003.4,0,24.3,21.7,26.1,25.2,22.6,21.1,82,78,86,32,2.8,1.0,N,AM,CRMN MANAUS,S103,-3.02249999,-60.05555555,-9999.0
4484,2018-12-18,08:00,0.0,1001.3,1001.6,1001.2,0,24.4,22.0,24.1,23.9,22.0,21.9,89,88,87,31,0.6,0.0,N,AM,CRMN MANAUS,S103,-3.02249999,-60.05555555,-9999.0
4485,2018-12-18,12:00,0.0,1004.3,1003.3,1002.3,0,26.7,22.0,25.2,24.7,22.4,22.1,86,85,75,31,2.2,1.0,N,AM,CRMN MANAUS,S103,-3.02249999,-60.05555555,-9999.0
4486,2018-12-18,16:00,0.0,1002.8,1004.8,1004.2,0,31.2,22.0,30.0,29.1,22.6,21.8,67,62,59,41,4.6,2.0,N,AM,CRMN MANAUS,S103,-3.02249999,-60.05555555,-9999.0
4487,2018-12-18,20:00,0.0,999.7,1000.4,999.7,0,26.9,23.0,29.3,28.4,23.6,22.2,74,66,79,38,4.7,3.0,N,AM,CRMN MANAUS,S103,-3.02249999,-60.05555555,-9999.0
4488,2018-12-19,00:00,0.0,1001.9,1000.5,1000.0,0,24.8,22.9,24.9,24.5,23.0,22.6,90,88,89,31,1.0,0.0,N,AM,CRMN MANAUS,S103,-3.02249999,-60.05555555,-9999.0
4489,2018-12-19,04:00,0.0,1003.4,1003.6,1003.1,0,24.2,23.0,24.4,24.1,23.1,22.9,93,92,93,29,0.0,0.0,N,AM,CRMN MANAUS,S103,-3.02249999,-60.05555555,-9999.0
4490,2018-12-19,08:00,0.0,1001.2,1001.7,1001.2,0,24.0,22.9,24.2,24.0,23.1,23.0,94,94,94,27,1.4,0.0,N,AM,CRMN MANAUS,S103,-3.02249999,-60.05555555,-9999.0
4491,2018-12-19,12:00,0.0,1004.7,1003.8,1002.2,0,22.3,21.3,24.1,22.6,23.1,21.1,94,91,94,23,3.1,0.0,N,AM,CRMN MANAUS,S103,-3.02249999,-60.05555555,-9999.0
4492,2018-12-19,16:00,0.0,1003.9,1004.5,1004.2,0,25.4,22.5,24.1,23.3,22.2,22.0,93,88,84,25,2.3,1.0,N,AM,CRMN MANAUS,S103,-3.02249999,-60.05555555,-9999.0
4493,2018-12-19,20:00,0.0,999.0,1001.4,1000.1,0,27.5,22.4,26.5,25.9,22.8,22.4,82,78,74,34,2.7,0.0,N,AM,CRMN MANAUS,S103,-3.02249999,-60.05555555,-9999.0
4494,2018-12-20,00:00,0.0,1000.2,999.1,998.7,0,24.9,21.8,25.7,25.0,22.6,22.1,86,83,83,31,0.9,0.0,N,AM,CRMN MANAUS,S103,-3.02249999,-60.05555555,-9999.0
4495,2018-12-20,04:00,0.0,1002.1,1002.5,1002.2,0,24.0,21.6,24.4,23.9,22.2,21.7,88,86,86,28,0.5,0.0,N,AM,CRMN MANAUS,S103,-3.02249999,-60.05555555,-9999.0
4496,2018-12-20,08:00,0.0,1000.2,1000.3,1000.1,0,22.5,21.4,23.0,22.8,21.8,21.6,93,93,93,26,0.0,0.0,N,AM,CRMN MANAUS,S103,-3.02249999,-60.05555555,-9999.0
4497,2018-12-20,12:00,0.0,1003.8,1002.8,1001.7,0,24.0,22.3,22.8,22.4,21.9,21.4,94,94,90,27,0.2,0.0,N,AM,CRMN MANAUS,S103,-3.02249999,-60.05555555,-9999.0
4498,2018-12-20,16:00,0.0,1002.0,1003.0,1002.6,0,28.3,22.8,26.4,24.7,23.1,22.0,85,80,72,35,2.5,1.0,N,AM,CRMN MANAUS,S103,-3.02249999,-60.05555555,-9999.0
4499,2018-12-20,20:00,0.0,998.2,999.8,999.0,0,26.6,24.5,30.3,26.2,24.1,22.1,86,62,88,38,1.5,0.0,N,AM,CRMN MANAUS,S103,-3.02249999,-60.05555555,-9999.0
4500,2018-12-21,00:00,0.0,999.0,998.6,998.2,0,25.4,23.4,26.5,25.9,23.5,23.2,86,82,89,33,1.3,0.0,N,AM,CRMN MANAUS,S103,-3.02249999,-60.05555555,-9999.0
4501,2018-12-21,04:00,0.0,1000.8,1000.8,1000.6,0,24.4,22.8,24.9,24.7,23.3,23.0,91,90,91,30,0.1,0.0,N,AM,CRMN MANAUS,S103,-3.02249999,-60.05555555,-9999.0
4502,2018-12-21,08:00,0.0,999.1,1000.1,999.7,0,23.6,22.4,24.1,23.7,22.7,22.5,93,91,93,29,0.2,0.0,N,AM,CRMN MANAUS,S103,-3.02249999,-60.05555555,-9999.0
4503,2018-12-21,12:00,0.0,1002.3,1001.6,1000.4,0,25.6,23.3,24.2,23.5,23.1,22.3,94,93,87,29,1.2,0.0,N,AM,CRMN MANAUS,S103,-3.02249999,-60.05555555,-9999.0
4504,2018-12-21,16:00,0.0,1001.0,1002.4,1001.8,0,27.2,23.7,29.1,28.2,24.0,22.6,77,68,82,37,3.4,2.0,N,AM,CRMN MANAUS,S103,-3.02249999,-60.05555555,-9999.0
4505,2018-12-21,20:00,0.0,999.1,1000.6,999.8,0,24.5,23.0,24.4,23.6,23.0,22.3,94,91,91,31,1.0,0.0,N,AM,CRMN MANAUS,S103,-3.02249999,-60.05555555,-9999.0
4506,2018-12-22,00:00,0.0,1001.2,1000.3,999.1,0,24.2,22.8,24.4,24.1,23.1,22.8,93,92,92,30,0.3,0.0,N,AM,CRMN MANAUS,S103,-3.02249999,-60.05555555,-9999.0
4507,2018-12-22,04:00,0.0,1001.9,1002.2,1001.8,0,23.4,22.4,24.0,23.7,22.9,22.7,94,93,94,28,0.0,0.0,N,AM,CRMN MANAUS,S103,-3.02249999,-60.05555555,-9999.0
4508,2018-12-22,08:00,0.0,1000.6,1000.8,1000.5,0,23.5,22.5,23.5,23.4,22.5,22.4,95,94,94,28,0.0,0.0,N,AM,CRMN MANAUS,S103,-3.02249999,-60.05555555,-9999.0
4509,2018-12-22,12:00,0.0,1004.1,1003.1,1002.4,0,24.5,21.7,23.1,22.5,21.7,21.3,93,91,84,27,2.4,1.0,N,AM,CRMN MANAUS,S103,-3.02249999,-60.05555555,-9999.0
4510,2018-12-22,16:00,0.0,1003.6,1004.2,1003.8,0,25.9,22.2,27.3,26.5,22.0,21.3,75,71,80,34,3.5,1.0,N,AM,CRMN MANAUS,S103,-3.02249999,-60.05555555,-9999.0
4511,2018-12-22,20:00,0.0,999.5,1001.4,1000.0,0,27.3,23.2,28.7,27.0,23.2,22.2,78,69,78,42,2.4,0.0,N,AM,CRMN MANAUS,S103,-3.02249999,-60.05555555,-9999.0
4512,2018-12-23,00:00,0.0,1001.6,1000.7,1000.6,0,23.7,22.5,24.4,23.6,22.6,22.3,93,89,93,33,0.2,0.0,N,AM,CRMN MANAUS,S103,-3.02249999,-60.05555555,-9999.0
4513,2018-12-23,04:00,0.0,1002.6,1003.2,1002.8,0,23.7,22.5,23.7,23.5,22.5,22.3,93,92,93,30,1.1,0.0,N,AM,CRMN MANAUS,S103,-3.02249999,-60.05555555,-9999.0
4514,2018-12-23,08:00,0.0,1000.7,1001.6,1001.1,0,23.3,22.0,23.7,23.4,22.3,22.0,92,91,92,28,0.2,0.0,N,AM,CRMN MANAUS,S103,-3.02249999,-60.05555555,-9999.0
4515,2018-12-23,12:00,0.0,1003.3,1002.7,1002.0,0,24.6,22.5,23.6,23.3,22.3,21.8,92,91,88,29,0.4,0.0,N,AM,CRMN MANAUS,S103,-3.02249999,-60.05555555,-9999.0
4516,2018-12-23,16:00,0.0,1002.9,1004.0,1003.5,0,28.5,23.5,28.9,27.5,23.1,22.3,75,69,74,40,2.5,2.0,N,AM,CRMN MANAUS,S103,-3.02249999,-60.05555555,-9999.0
4517,2018-12-23,20:00,0.0,998.6,1000.1,999.5,0,26.3,22.1,30.3,25.6,24.5,21.8,86,65,78,37,3.2,2.0,N,AM,CRMN MANAUS,S103,-3.02249999,-60.05555555,-9999.0
4518,2018-12-24,00:00,0.0,999.9,999.2,998.7,0,25.0,23.0,26.2,25.4,23.2,22.9,88,82,88,36,0.0,0.0,N,AM,CRMN MANAUS,S103,-3.02249999,-60.05555555,-9999.0
4519,2018-12-24,04:00,0.0,1001.5,1001.6,1001.2,0,24.1,22.2,24.3,24.0,22.9,22.4,92,90,89,32,0.4,0.0,N,AM,CRMN MANAUS,S103,-3.02249999,-60.05555555,-9999.0
4520,2018-12-24,08:00,0.0,1000.1,1000.6,1000.3,0,24.0,21.9,24.3,24.1,22.0,21.8,88,86,88,32,0.1,0.0,N,AM,CRMN MANAUS,S103,-3.02249999,-60.05555555,-9999.0
4521,2018-12-24,12:00,0.0,1002.6,1002.1,1000.9,0,27.3,23.0,24.6,23.7,22.3,21.9,89,86,78,35,0.5,0.0,N,AM,CRMN MANAUS,S103,-3.02249999,-60.05555555,-9999.0
4522,2018-12-24,16:00,0.0,1000.9,1002.9,1002.0,0,30.6,22.3,29.9,28.6,23.3,22.3,71,64,61,43,4.2,2.0,N,AM,CRMN MANAUS,S103,-3.02249999,-60.05555555,-9999.0
4523,2018-12-24,20:00,0.0,998.1,998.8,998.1,0,26.0,23.0,28.8,25.8,23.8,22.0,87,70,83,38,3.4,1.0,N,AM,CRMN MANAUS,S103,-3.02249999,-60.05555555,-9999.0
4524,2018-12-25,00:00,0.0,999.6,998.8,998.3,0,25.5,23.3,26.4,26.2,23.2,23.0,83,82,88,35,2.9,0.0,N,AM,CRMN MANAUS,S103,-3.02249999,-60.05555555,-9999.0
4525,2018-12-25,04:00,0.0,1000.4,1000.9,1000.7,0,24.0,22.6,24.8,24.5,23.0,22.8,91,89,92,33,0.5,0.0,N,AM,CRMN MANAUS,S103,-3.02249999,-60.05555555,-9999.0
4526,2018-12-25,08:00,0.0,999.3,999.6,999.2,0,23.9,22.4,24.5,24.3,22.1,21.9,88,86,91,32,0.0,0.0,N,AM,CRMN MANAUS,S103,-3.02249999,-60.05555555,-9999.0
4527,2018-12-25,12:00,0.0,1002.6,1001.9,1000.4,0,23.2,21.9,24.1,23.1,22.3,21.9,94,89,92,27,5.4,1.0,N,AM,CRMN MANAUS,S103,-3.02249999,-60.05555555,-9999.0
4528,2018-12-25,16:00,0.0,1001.8,1002.9,1002.7,0,28.5,22.3,25.8,24.6,22.9,22.1,87,81,69,34,4.1,3.0,N,AM,CRMN MANAUS,S103,-3.02249999,-60.05555555,-9999.0
4529,2018-12-25,20:00,0.0,997.6,999.0,997.9,0,29.7,23.2,30.8,29.3,23.3,21.6,69,60,68,44,3.3,1.0,N,AM,CRMN MANAUS,S103,-3.02249999,-60.05555555,-9999.0
4530,2018-12-26,00:00,0.0,999.8,999.1,998.7,0,24.9,23.3,24.9,24.7,23.2,23.0,91,90,91,37,1.0,0.0,N,AM,CRMN MANAUS,S103,-3.02249999,-60.05555555,-9999.0
4531,2018-12-26,04:00,0.0,1000.8,1001.0,1000.9,0,23.7,22.4,24.9,24.5,22.8,22.6,90,87,93,34,0.4,0.0,N,AM,CRMN MANAUS,S103,-3.02249999,-60.05555555,-9999.0
4532,2018-12-26,08:00,0.0,999.4,1000.0,999.5,0,23.3,22.0,24.4,23.9,22.7,22.0,92,87,92,32,0.0,0.0,N,AM,CRMN MANAUS,S103,-3.02249999,-60.05555555,-9999.0
4533,2018-12-26,12:00,0.0,1002.2,1001.6,1000.7,0,25.0,23.1,24.0,23.3,22.4,22.2,94,91,89,33,0.4,0.0,N,AM,CRMN MANAUS,S103,-3.02249999,-60.05555555,-9999.0
4534,2018-12-26,16:00,0.0,1000.8,1002.5,1002.0,0,29.4,22.9,29.3,26.1,24.1,22.1,86,67,68,39,4.7,2.0,N,AM,CRMN MANAUS,S103,-3.02249999,-60.05555555,-9999.0
4535,2018-12-26,20:00,0.0,997.5,998.4,997.7,0,29.8,21.7,31.2,30.4,22.3,21.1,61,57,62,44,3.9,1.0,N,AM,CRMN MANAUS,S103,-3.02249999,-60.05555555,-9999.0
4536,2018-12-27,00:00,0.0,999.7,998.8,998.2,0,24.8,22.4,26.0,25.4,23.9,22.5,89,84,87,35,2.5,2.0,N,AM,CRMN MANAUS,S103,-3.02249999,-60.05555555,-9999.0
4537,2018-12-27,04:00,0.0,1000.4,1000.8,1000.6,0,24.3,23.3,25.2,24.4,23.2,22.9,93,87,94,35,0.9,0.0,N,AM,CRMN MANAUS,S103,-3.02249999,-60.05555555,-9999.0
4538,2018-12-27,08:00,0.0,999.8,999.2,999.0,0,23.9,23.0,24.1,24.0,23.2,23.0,95,94,95,30,1.8,1.0,N,AM,CRMN MANAUS,S103,-3.02249999,-60.05555555,-9999.0
4539,2018-12-27,12:00,0.0,1002.1,1001.4,1000.6,0,24.5,23.1,23.8,23.2,22.5,22.0,93,93,92,31,0.3,0.0,N,AM,CRMN MANAUS,S103,-3.02249999,-60.05555555,-9999.0
4540,2018-12-27,16:00,0.0,1000.8,1002.0,1001.9,0,27.1,22.7,27.5,25.4,23.9,21.7,85,76,77,36,4.5,1.0,N,AM,CRMN MANAUS,S103,-3.02249999,-60.05555555,-9999.0
4541,2018-12-27,20:00,0.0,996.6,998.0,997.0,0,30.7,22.5,30.8,29.5,22.8,22.1,67,61,62,48,3.0,0.0,N,AM,CRMN MANAUS,S103,-3.02249999,-60.05555555,-9999.0
4542,2018-12-28,00:00,0.0,998.7,998.2,997.3,0,25.7,23.9,26.3,25.8,24.0,23.6,88,86,90,39,0.8,0.0,N,AM,CRMN MANAUS,S103,-3.02249999,-60.05555555,-9999.0
4543,2018-12-28,04:00,0.0,999.9,1000.1,999.8,0,25.0,23.6,25.5,25.1,23.9,23.7,92,90,92,35,0.0,0.0,N,AM,CRMN MANAUS,S103,-3.02249999,-60.05555555,-9999.0
4544,2018-12-28,08:00,0.0,999.2,998.9,998.6,0,24.2,23.0,24.5,24.2,23.3,23.0,94,93,93,32,1.5,0.0,N,AM,CRMN MANAUS,S103,-3.02249999,-60.05555555,-9999.0
4545,2018-12-28,12:00,0.0,1002.0,1001.8,1000.7,0,25.9,23.8,24.5,24.0,23.3,22.9,94,93,88,33,1.3,0.0,N,AM,CRMN MANAUS,S103,-3.02249999,-60.05555555,-9999.0
4546,2018-12-28,16:00,0.0,1001.2,1002.4,1001.7,0,28.0,24.2,29.8,28.2,24.5,23.3,77,71,80,42,4.0,3.0,N,AM,CRMN MANAUS,S103,-3.02249999,-60.05555555,-9999.0
4547,2018-12-28,20:00,0.0,998.5,999.9,999.3,0,23.8,22.6,23.7,23.5,22.6,22.4,94,93,93,33,1.8,0.0,N,AM,CRMN MANAUS,S103,-3.02249999,-60.05555555,-9999.0
4548,2018-12-29,00:00,0.0,1000.2,999.4,999.0,0,23.7,22.4,24.3,23.9,22.6,22.5,92,90,93,31,1.4,0.0,N,AM,CRMN MANAUS,S103,-3.02249999,-60.05555555,-9999.0
4549,2018-12-29,04:00,0.0,1000.8,1001.4,1001.1,0,23.4,22.3,23.5,23.4,22.4,22.3,94,93,94,32,0.5,0.0,N,AM,CRMN MANAUS,S103,-3.02249999,-60.05555555,-9999.0
4550,2018-12-29,08:00,0.0,999.6,999.7,998.9,0,23.5,22.4,23.5,23.4,22.5,22.3,94,94,94,32,1.2,0.0,N,AM,CRMN MANAUS,S103,-3.02249999,-60.05555555,-9999.0
4551,2018-12-29,12:00,0.0,1002.3,1002.0,1001.5,0,25.2,21.1,23.5,23.2,21.5,21.1,89,86,78,31,4.1,3.0,N,AM,CRMN MANAUS,S103,-3.02249999,-60.05555555,-9999.0
4552,2018-12-29,16:00,0.0,1001.3,1002.5,1002.1,0,30.1,20.6,30.0,28.9,21.7,20.2,64,57,57,44,4.7,3.0,N,AM,CRMN MANAUS,S103,-3.02249999,-60.05555555,-9999.0
4553,2018-12-29,20:00,0.0,998.2,999.4,998.4,0,29.8,22.2,31.3,29.9,22.0,21.1,61,55,64,50,3.5,2.0,N,AM,CRMN MANAUS,S103,-3.02249999,-60.05555555,-9999.0
4554,2018-12-30,00:00,0.0,1000.5,999.9,999.0,0,25.9,22.6,28.8,25.4,22.9,21.7,86,65,82,40,1.6,1.0,N,AM,CRMN MANAUS,S103,-3.02249999,-60.05555555,-9999.0
4555,2018-12-30,04:00,0.0,1000.3,1001.2,1000.8,0,24.9,22.5,25.9,25.6,22.5,22.4,83,82,86,40,1.3,0.0,N,AM,CRMN MANAUS,S103,-3.02249999,-60.05555555,-9999.0
4556,2018-12-30,08:00,0.0,999.5,999.2,999.0,0,24.4,22.5,24.5,24.3,22.5,22.3,89,88,89,37,0.0,0.0,N,AM,CRMN MANAUS,S103,-3.02249999,-60.05555555,-9999.0
4557,2018-12-30,12:00,0.0,1002.5,1001.9,1001.2,0,25.2,23.1,24.5,24.0,22.8,22.5,92,89,88,36,0.4,0.0,N,AM,CRMN MANAUS,S103,-3.02249999,-60.05555555,-9999.0
4558,2018-12-30,16:00,0.0,1001.3,1002.8,1002.3,0,30.6,20.8,29.3,26.8,22.8,21.7,78,65,56,48,3.0,1.0,N,AM,CRMN MANAUS,S103,-3.02249999,-60.05555555,-9999.0
4559,2018-12-30,20:00,0.0,998.3,999.2,998.4,0,29.6,21.8,31.5,29.5,21.6,19.9,62,51,63,52,2.1,0.0,N,AM,CRMN MANAUS,S103,-3.02249999,-60.05555555,-9999.0
4560,2018-12-31,00:00,0.0,1000.6,999.9,999.2,0,26.3,22.8,26.7,25.8,23.9,23.2,87,82,81,43,0.0,0.0,N,AM,CRMN MANAUS,S103,-3.02249999,-60.05555555,-9999.0
4561,2018-12-31,04:00,0.0,1000.8,1001.5,1001.3,0,25.6,22.7,27.0,25.8,23.0,22.5,83,77,84,37,1.3,0.0,N,AM,CRMN MANAUS,S103,-3.02249999,-60.05555555,-9999.0
4562,2018-12-31,08:00,0.0,999.7,999.4,999.1,0,25.0,22.5,25.1,24.5,22.6,22.0,88,83,86,37,0.0,0.0,N,AM,CRMN MANAUS,S103,-3.02249999,-60.05555555,-9999.0
4563,2018-12-31,12:00,0.0,1002.6,1002.2,1001.3,0,26.6,23.3,25.2,24.7,23.4,22.6,90,87,82,35,1.7,1.0,N,AM,CRMN MANAUS,S103,-3.02249999,-60.05555555,-9999.0
4564,2018-12-31,16:00,0.0,1001.3,1002.7,1002.2,0,30.4,21.4,30.3,29.1,22.4,21.2,67,59,58,45,2.8,2.0,N,AM,CRMN MANAUS,S103,-3.02249999,-60.05555555,-9999.0
4565,2018-12-31,20:00,0.0,998.0,999.0,997.9,0,31.6,21.3,31.4,30.3,22.1,20.4,60,54,54,46,4.6,2.0,N,AM,CRMN MANAUS,S103,-3.02249999,-60.05555555,-9999.0
