,Data,Hora,"PRECIPITAÇÃO TOTAL, HORÁRIO (mm)","PRESSAO ATMOSFERICA AO NIVEL DA ESTACAO, HORARIA (mB)",PRESSÃO ATMOSFERICA MAX.NA HORA ANT. (AUT) (mB),PRESSÃO ATMOSFERICA MIN. NA HORA ANT. (AUT) (mB),RADIACAO GLOBAL (Kj/m²),"TEMPERATURA DO AR - BULBO SECO, HORARIA (°C)",TEMPERATURA DO PONTO DE ORVALHO (°C),TEMPERATURA MÁXIMA NA HORA ANT. (AUT) (°C),TEMPERATURA MÍNIMA NA HORA ANT. (AUT) (°C),TEMPERATURA ORVALHO MAX. NA HORA ANT. (AUT) (°C),TEMPERATURA ORVALHO MIN. NA HORA ANT. (AUT) (°C),UMIDADE REL. MAX. NA HORA ANT. (AUT) (%),UMIDADE REL. MIN. NA HORA ANT. (AUT) (%),"UMIDADE RELATIVA DO AR, HORARIA (%)","VENTO, DIREÇÃO HORARIA (gr) (° (gr))","VENTO, RAJADA MAXIMA (m/s)","VENTO, VELOCIDADE HORARIA (m/s)",region,state,station,station_code,latitude,longitude,height
0,2019-01-01,00:00,0.0,1008.3,1008.4,1007.4,-9999,25.6,23.1,26.2,25.6,23.2,23.1,87,83,87,1,4.0,0.0,N,PA,BRAGANCA,A226,-1.047258,-46.78579,41.0
1,2019-01-01,04:00,0.0,1007.2,1007.9,1007.2,-9999,24.8,23.3,25.1,24.8,23.6,23.2,92,90,92,202,0.0,0.0,N,PA,BRAGANCA,A226,-1.047258,-46.78579,41.0
2,2019-01-01,08:00,0.0,1007.3,1007.3,1006.5,-9999,24.2,23.1,24.4,24.2,23.3,23.1,94,93,94,5,4.7,0.0,N,PA,BRAGANCA,A226,-1.047258,-46.78579,41.0
3,2019-01-01,12:00,0.0,1009.3,1009.3,1008.9,-9999,28.3,23.7,29.1,28.1,25.1,23.6,82,75,76,35,7.8,0.7,N,PA,BRAGANCA,A226,-1.047258,-46.78579,41.0
4,2019-01-01,16:00,0.0,1007.5,1008.1,1007.5,-9999,32.4,23.0,32.7,31.2,24.7,21.9,64,55,58,54,9.4,3.9,N,PA,BRAGANCA,A226,-1.047258,-46.78579,41.0
5,2019-01-01,20:00,0.0,1006.5,1006.5,1005.9,-9999,29.1,22.7,30.8,29.1,23.8,22.6,68,64,68,31,7.9,2.3,N,PA,BRAGANCA,A226,-1.047258,-46.78579,41.0
6,2019-01-02,00:00,0.0,1008.7,1008.9,1008.0,-9999,26.3,23.1,26.6,26.3,23.6,23.1,85,82,83,54,5.3,1.9,N,PA,BRAGANCA,A226,-1.047258,-46.78579,41.0
7,2019-01-02,04:00,0.0,1007.2,1008.3,1007.2,-9999,24.9,23.4,25.3,24.8,23.6,23.2,92,90,92,30,1.6,0.0,N,PA,BRAGANCA,A226,-1.047258,-46.78579,41.0
8,2019-01-02,08:00,0.0,1007.0,1007.1,1006.9,-9999,24.8,23.6,25.0,24.6,23.7,23.3,93,92,93,45,0.5,0.0,N,PA,BRAGANCA,A226,-1.047258,-46.78579,41.0
9,2019-01-02,12:00,0.0,1009.4,1009.4,1009.0,-9999,30.4,24.4,30.4,28.4,25.4,23.7,80,69,71,53,7.3,2.5,N,PA,BRAGANCA,A226,-1.047258,-46.78579,41.0
10,2019-01-02,16:00,0.0,1008.1,1009.3,1008.1,86,28.7,25.2,30.6,26.0,26.5,22.1,90,67,81,30,14.6,1.7,N,PA,BRAGANCA,A226,-1.047258,-46.78579,41.0
11,2019-01-02,20:00,0.0,1007.1,1007.1,1006.5,-9999,27.6,23.6,29.9,27.6,24.6,23.6,79,72,79,50,7.5,2.7,N,PA,BRAGANCA,A226,-1.047258,-46.78579,41.0
12,2019-01-03,00:00,0.0,1008.2,1008.2,1007.8,-9999,26.5,23.9,26.6,26.4,24.0,23.9,86,86,86,50,4.7,1.5,N,PA,BRAGANCA,A226,-1.047258,-46.78579,41.0
13,2019-01-03,04:00,0.0,1007.3,1008.1,1007.3,-9999,25.0,23.5,25.6,25.0,23.8,23.4,91,90,91,73,3.3,0.1,N,PA,BRAGANCA,A226,-1.047258,-46.78579,41.0
14,2019-01-03,08:00,0.0,1006.2,1006.2,1005.8,-9999,24.9,23.5,25.1,24.8,23.7,23.5,93,92,92,30,3.8,0.0,N,PA,BRAGANCA,A226,-1.047258,-46.78579,41.0
15,2019-01-03,12:00,0.0,1008.6,1008.7,1008.2,-9999,30.6,24.4,30.6,28.3,25.5,23.9,80,69,69,48,9.3,3.4,N,PA,BRAGANCA,A226,-1.047258,-46.78579,41.0
16,2019-01-03,16:00,0.0,1007.6,1008.0,1007.5,173,31.7,25.1,33.2,30.9,25.7,23.3,69,61,68,29,10.0,2.8,N,PA,BRAGANCA,A226,-1.047258,-46.78579,41.0
17,2019-01-03,20:00,0.0,1007.3,1007.3,1006.4,0,25.6,24.3,30.9,25.1,24.4,22.7,93,68,93,34,11.2,2.0,N,PA,BRAGANCA,A226,-1.047258,-46.78579,41.0
18,2019-01-04,00:00,0.0,1007.8,1007.8,1007.4,-9999,25.9,23.2,25.9,25.6,23.6,23.2,88,85,85,55,5.3,3.0,N,PA,BRAGANCA,A226,-1.047258,-46.78579,41.0
19,2019-01-04,04:00,-9999.0,-9999.0,-9999.0,-9999.0,-9999,-9999.0,-9999.0,-9999.0,-9999.0,-9999.0,-9999.0,-9999,-9999,-9999,-9999,-9999.0,-9999.0,N,PA,BRAGANCA,A226,-1.047258,-46.78579,41.0
20,2019-01-04,08:00,-9999.0,-9999.0,-9999.0,-9999.0,-9999,-9999.0,-9999.0,-9999.0,-9999.0,-9999.0,-9999.0,-9999,-9999,-9999,-9999,-9999.0,-9999.0,N,PA,BRAGANCA,A226,-1.047258,-46.78579,41.0
21,2019-01-04,12:00,-9999.0,-9999.0,-9999.0,-9999.0,-9999,-9999.0,-9999.0,-9999.0,-9999.0,-9999.0,-9999.0,-9999,-9999,-9999,-9999,-9999.0,-9999.0,N,PA,BRAGANCA,A226,-1.047258,-46.78579,41.0
22,2019-01-04,16:00,-9999.0,-9999.0,-9999.0,-9999.0,-9999,-9999.0,-9999.0,-9999.0,-9999.0,-9999.0,-9999.0,-9999,-9999,-9999,-9999,-9999.0,-9999.0,N,PA,BRAGANCA,A226,-1.047258,-46.78579,41.0
23,2019-01-04,20:00,-9999.0,-9999.0,-9999.0,-9999.0,-9999,-9999.0,-9999.0,-9999.0,-9999.0,-9999.0,-9999.0,-9999,-9999,-9999,-9999,-9999.0,-9999.0,N,PA,BRAGANCA,A226,-1.047258,-46.78579,41.0
24,2019-01-05,00:00,-9999.0,-9999.0,-9999.0,-9999.0,-9999,-9999.0,-9999.0,-9999.0,-9999.0,-9999.0,-9999.0,-9999,-9999,-9999,-9999,-9999.0,-9999.0,N,PA,BRAGANCA,A226,-1.047258,-46.78579,41.0
25,2019-01-05,04:00,-9999.0,-9999.0,-9999.0,-9999.0,-9999,-9999.0,-9999.0,-9999.0,-9999.0,-9999.0,-9999.0,-9999,-9999,-9999,-9999,-9999.0,-9999.0,N,PA,BRAGANCA,A226,-1.047258,-46.78579,41.0
26,2019-01-05,08:00,-9999.0,-9999.0,-9999.0,-9999.0,-9999,-9999.0,-9999.0,-9999.0,-9999.0,-9999.0,-9999.0,-9999,-9999,-9999,-9999,-9999.0,-9999.0,N,PA,BRAGANCA,A226,-1.047258,-46.78579,41.0
27,2019-01-05,12:00,-9999.0,-9999.0,-9999.0,-9999.0,-9999,-9999.0,-9999.0,-9999.0,-9999.0,-9999.0,-9999.0,-9999,-9999,-9999,-9999,-9999.0,-9999.0,N,PA,BRAGANCA,A226,-1.047258,-46.78579,41.0
28,2019-01-05,16:00,-9999.0,-9999.0,-9999.0,-9999.0,-9999,-9999.0,-9999.0,-9999.0,-9999.0,-9999.0,-9999.0,-9999,-9999,-9999,-9999,-9999.0,-9999.0,N,PA,BRAGANCA,A226,-1.047258,-46.78579,41.0
29,2019-01-05,20:00,-9999.0,-9999.0,-9999.0,-9999.0,-9999,-9999.0,-9999.0,-9999.0,-9999.0,-9999.0,-9999.0,-9999,-9999,-9999,-9999,-9999.0,-9999.0,N,PA,BRAGANCA,A226,-1.047258,-46.78579,41.0
30,2019-01-06,00:00,-9999.0,-9999.0,-9999.0,-9999.0,-9999,-9999.0,-9999.0,-9999.0,-9999.0,-9999.0,-9999.0,-9999,-9999,-9999,-9999,-9999.0,-9999.0,N,PA,BRAGANCA,A226,-1.047258,-46.78579,41.0
31,2019-01-06,04:00,-9999.0,-9999.0,-9999.0,-9999.0,-9999,-9999.0,-9999.0,-9999.0,-9999.0,-9999.0,-9999.0,-9999,-9999,-9999,-9999,-9999.0,-9999.0,N,PA,BRAGANCA,A226,-1.047258,-46.78579,41.0
32,2019-01-06,08:00,-9999.0,-9999.0,-9999.0,-9999.0,-9999,-9999.0,-9999.0,-9999.0,-9999.0,-9999.0,-9999.0,-9999,-9999,-9999,-9999,-9999.0,-9999.0,N,PA,BRAGANCA,A226,-1.047258,-46.78579,41.0
33,2019-01-06,12:00,-9999.0,-9999.0,-9999.0,-9999.0,-9999,-9999.0,-9999.0,-9999.0,-9999.0,-9999.0,-9999.0,-9999,-9999,-9999,-9999,-9999.0,-9999.0,N,PA,BRAGANCA,A226,-1.047258,-46.78579,41.0
34,2019-01-06,16:00,-9999.0,-9999.0,-9999.0,-9999.0,-9999,-9999.0,-9999.0,-9999.0,-9999.0,-9999.0,-9999.0,-9999,-9999,-9999,-9999,-9999.0,-9999.0,N,PA,BRAGANCA,A226,-1.047258,-46.78579,41.0
35,2019-01-06,20:00,-9999.0,-9999.0,-9999.0,-9999.0,-9999,-9999.0,-9999.0,-9999.0,-9999.0,-9999.0,-9999.0,-9999,-9999,-9999,-9999,-9999.0,-9999.0,N,PA,BRAGANCA,A226,-1.047258,-46.78579,41.0
36,2019-01-07,00:00,-9999.0,-9999.0,-9999.0,-9999.0,-9999,-9999.0,-9999.0,-9999.0,-9999.0,-9999.0,-9999.0,-9999,-9999,-9999,-9999,-9999.0,-9999.0,N,PA,BRAGANCA,A226,-1.047258,-46.78579,41.0
37,2019-01-07,04:00,-9999.0,-9999.0,-9999.0,-9999.0,-9999,-9999.0,-9999.0,-9999.0,-9999.0,-9999.0,-9999.0,-9999,-9999,-9999,-9999,-9999.0,-9999.0,N,PA,BRAGANCA,A226,-1.047258,-46.78579,41.0
38,2019-01-07,08:00,-9999.0,-9999.0,-9999.0,-9999.0,-9999,-9999.0,-9999.0,-9999.0,-9999.0,-9999.0,-9999.0,-9999,-9999,-9999,-9999,-9999.0,-9999.0,N,PA,BRAGANCA,A226,-1.047258,-46.78579,41.0
39,2019-01-07,12:00,-9999.0,-9999.0,-9999.0,-9999.0,-9999,-9999.0,-9999.0,-9999.0,-9999.0,-9999.0,-9999.0,-9999,-9999,-9999,-9999,-9999.0,-9999.0,N,PA,BRAGANCA,A226,-1.047258,-46.78579,41.0
40,2019-01-07,16:00,-9999.0,-9999.0,-9999.0,-9999.0,-9999,-9999.0,-9999.0,-9999.0,-9999.0,-9999.0,-9999.0,-9999,-9999,-9999,-9999,-9999.0,-9999.0,N,PA,BRAGANCA,A226,-1.047258,-46.78579,41.0
41,2019-01-07,20:00,-9999.0,-9999.0,-9999.0,-9999.0,-9999,-9999.0,-9999.0,-9999.0,-9999.0,-9999.0,-9999.0,-9999,-9999,-9999,-9999,-9999.0,-9999.0,N,PA,BRAGANCA,A226,-1.047258,-46.78579,41.0
42,2019-01-08,00:00,-9999.0,-9999.0,-9999.0,-9999.0,-9999,-9999.0,-9999.0,-9999.0,-9999.0,-9999.0,-9999.0,-9999,-9999,-9999,-9999,-9999.0,-9999.0,N,PA,BRAGANCA,A226,-1.047258,-46.78579,41.0
43,2019-01-08,04:00,-9999.0,-9999.0,-9999.0,-9999.0,-9999,-9999.0,-9999.0,-9999.0,-9999.0,-9999.0,-9999.0,-9999,-9999,-9999,-9999,-9999.0,-9999.0,N,PA,BRAGANCA,A226,-1.047258,-46.78579,41.0
44,2019-01-08,08:00,-9999.0,-9999.0,-9999.0,-9999.0,-9999,-9999.0,-9999.0,-9999.0,-9999.0,-9999.0,-9999.0,-9999,-9999,-9999,-9999,-9999.0,-9999.0,N,PA,BRAGANCA,A226,-1.047258,-46.78579,41.0
45,2019-01-08,12:00,-9999.0,-9999.0,-9999.0,-9999.0,-9999,-9999.0,-9999.0,-9999.0,-9999.0,-9999.0,-9999.0,-9999,-9999,-9999,-9999,-9999.0,-9999.0,N,PA,BRAGANCA,A226,-1.047258,-46.78579,41.0
46,2019-01-08,16:00,-9999.0,-9999.0,-9999.0,-9999.0,-9999,-9999.0,-9999.0,-9999.0,-9999.0,-9999.0,-9999.0,-9999,-9999,-9999,-9999,-9999.0,-9999.0,N,PA,BRAGANCA,A226,-1.047258,-46.78579,41.0
47,2019-01-08,20:00,-9999.0,-9999.0,-9999.0,-9999.0,-9999,-9999.0,-9999.0,-9999.0,-9999.0,-9999.0,-9999.0,-9999,-9999,-9999,-9999,-9999.0,-9999.0,N,PA,BRAGANCA,A226,-1.047258,-46.78579,41.0
48,2019-01-09,00:00,-9999.0,-9999.0,-9999.0,-9999.0,-9999,-9999.0,-9999.0,-9999.0,-9999.0,-9999.0,-9999.0,-9999,-9999,-9999,-9999,-9999.0,-9999.0,N,PA,BRAGANCA,A226,-1.047258,-46.78579,41.0
49,2019-01-09,04:00,-9999.0,-9999.0,-9999.0,-9999.0,-9999,-9999.0,-9999.0,-9999.0,-9999.0,-9999.0,-9999.0,-9999,-9999,-9999,-9999,-9999.0,-9999.0,N,PA,BRAGANCA,A226,-1.047258,-46.78579,41.0
50,2019-01-09,08:00,-9999.0,-9999.0,-9999.0,-9999.0,-9999,-9999.0,-9999.0,-9999.0,-9999.0,-9999.0,-9999.0,-9999,-9999,-9999,-9999,-9999.0,-9999.0,N,PA,BRAGANCA,A226,-1.047258,-46.78579,41.0
51,2019-01-09,12:00,-9999.0,-9999.0,-9999.0,-9999.0,-9999,-9999.0,-9999.0,-9999.0,-9999.0,-9999.0,-9999.0,-9999,-9999,-9999,-9999,-9999.0,-9999.0,N,PA,BRAGANCA,A226,-1.047258,-46.78579,41.0
52,2019-01-09,16:00,-9999.0,-9999.0,-9999.0,-9999.0,-9999,-9999.0,-9999.0,-9999.0,-9999.0,-9999.0,-9999.0,-9999,-9999,-9999,-9999,-9999.0,-9999.0,N,PA,BRAGANCA,A226,-1.047258,-46.78579,41.0
53,2019-01-09,20:00,-9999.0,-9999.0,-9999.0,-9999.0,-9999,-9999.0,-9999.0,-9999.0,-9999.0,-9999.0,-9999.0,-9999,-9999,-9999,-9999,-9999.0,-9999.0,N,PA,BRAGANCA,A226,-1.047258,-46.78579,41.0
54,2019-01-10,00:00,-9999.0,-9999.0,-9999.0,-9999.0,-9999,-9999.0,-9999.0,-9999.0,-9999.0,-9999.0,-9999.0,-9999,-9999,-9999,-9999,-9999.0,-9999.0,N,PA,BRAGANCA,A226,-1.047258,-46.78579,41.0
55,2019-01-10,04:00,-9999.0,-9999.0,-9999.0,-9999.0,-9999,-9999.0,-9999.0,-9999.0,-9999.0,-9999.0,-9999.0,-9999,-9999,-9999,-9999,-9999.0,-9999.0,N,PA,BRAGANCA,A226,-1.047258,-46.78579,41.0
56,2019-01-10,08:00,-9999.0,-9999.0,-9999.0,-9999.0,-9999,-9999.0,-9999.0,-9999.0,-9999.0,-9999.0,-9999.0,-9999,-9999,-9999,-9999,-9999.0,-9999.0,N,PA,BRAGANCA,A226,-1.047258,-46.78579,41.0
57,2019-01-10,12:00,-9999.0,-9999.0,-9999.0,-9999.0,-9999,-9999.0,-9999.0,-9999.0,-9999.0,-9999.0,-9999.0,-9999,-9999,-9999,-9999,-9999.0,-9999.0,N,PA,BRAGANCA,A226,-1.047258,-46.78579,41.0
58,2019-01-10,16:00,-9999.0,-9999.0,-9999.0,-9999.0,-9999,-9999.0,-9999.0,-9999.0,-9999.0,-9999.0,-9999.0,-9999,-9999,-9999,-9999,-9999.0,-9999.0,N,PA,BRAGANCA,A226,-1.047258,-46.78579,41.0
59,2019-01-10,20:00,-9999.0,-9999.0,-9999.0,-9999.0,-9999,-9999.0,-9999.0,-9999.0,-9999.0,-9999.0,-9999.0,-9999,-9999,-9999,-9999,-9999.0,-9999.0,N,PA,BRAGANCA,A226,-1.047258,-46.78579,41.0
60,2019-01-11,00:00,-9999.0,-9999.0,-9999.0,-9999.0,-9999,-9999.0,-9999.0,-9999.0,-9999.0,-9999.0,-9999.0,-9999,-9999,-9999,-9999,-9999.0,-9999.0,N,PA,BRAGANCA,A226,-1.047258,-46.78579,41.0
61,2019-01-11,04:00,-9999.0,-9999.0,-9999.0,-9999.0,-9999,-9999.0,-9999.0,-9999.0,-9999.0,-9999.0,-9999.0,-9999,-9999,-9999,-9999,-9999.0,-9999.0,N,PA,BRAGANCA,A226,-1.047258,-46.78579,41.0
62,2019-01-11,08:00,-9999.0,-9999.0,-9999.0,-9999.0,-9999,-9999.0,-9999.0,-9999.0,-9999.0,-9999.0,-9999.0,-9999,-9999,-9999,-9999,-9999.0,-9999.0,N,PA,BRAGANCA,A226,-1.047258,-46.78579,41.0
63,2019-01-11,12:00,-9999.0,-9999.0,-9999.0,-9999.0,-9999,-9999.0,-9999.0,-9999.0,-9999.0,-9999.0,-9999.0,-9999,-9999,-9999,-9999,-9999.0,-9999.0,N,PA,BRAGANCA,A226,-1.047258,-46.78579,41.0
64,2019-01-11,16:00,-9999.0,-9999.0,-9999.0,-9999.0,-9999,-9999.0,-9999.0,-9999.0,-9999.0,-9999.0,-9999.0,-9999,-9999,-9999,-9999,-9999.0,-9999.0,N,PA,BRAGANCA,A226,-1.047258,-46.78579,41.0
65,2019-01-11,20:00,-9999.0,-9999.0,-9999.0,-9999.0,-9999,-9999.0,-9999.0,-9999.0,-9999.0,-9999.0,-9999.0,-9999,-9999,-9999,-9999,-9999.0,-9999.0,N,PA,BRAGANCA,A226,-1.047258,-46.78579,41.0
66,2019-01-12,00:00,-9999.0,-9999.0,-9999.0,-9999.0,-9999,-9999.0,-9999.0,-9999.0,-9999.0,-9999.0,-9999.0,-9999,-9999,-9999,-9999,-9999.0,-9999.0,N,PA,BRAGANCA,A226,-1.047258,-46.78579,41.0
67,2019-01-12,04:00,-9999.0,-9999.0,-9999.0,-9999.0,-9999,-9999.0,-9999.0,-9999.0,-9999.0,-9999.0,-9999.0,-9999,-9999,-9999,-9999,-9999.0,-9999.0,N,PA,BRAGANCA,A226,-1.047258,-46.78579,41.0
68,2019-01-12,08:00,-9999.0,-9999.0,-9999.0,-9999.0,-9999,-9999.0,-9999.0,-9999.0,-9999.0,-9999.0,-9999.0,-9999,-9999,-9999,-9999,-9999.0,-9999.0,N,PA,BRAGANCA,A226,-1.047258,-46.78579,41.0
69,2019-01-12,12:00,-9999.0,-9999.0,-9999.0,-9999.0,-9999,-9999.0,-9999.0,-9999.0,-9999.0,-9999.0,-9999.0,-9999,-9999,-9999,-9999,-9999.0,-9999.0,N,PA,BRAGANCA,A226,-1.047258,-46.78579,41.0
70,2019-01-12,16:00,-9999.0,-9999.0,-9999.0,-9999.0,-9999,-9999.0,-9999.0,-9999.0,-9999.0,-9999.0,-9999.0,-9999,-9999,-9999,-9999,-9999.0,-9999.0,N,PA,BRAGANCA,A226,-1.047258,-46.78579,41.0
71,2019-01-12,20:00,-9999.0,-9999.0,-9999.0,-9999.0,-9999,-9999.0,-9999.0,-9999.0,-9999.0,-9999.0,-9999.0,-9999,-9999,-9999,-9999,-9999.0,-9999.0,N,PA,BRAGANCA,A226,-1.047258,-46.78579,41.0
72,2019-01-13,00:00,-9999.0,-9999.0,-9999.0,-9999.0,-9999,-9999.0,-9999.0,-9999.0,-9999.0,-9999.0,-9999.0,-9999,-9999,-9999,-9999,-9999.0,-9999.0,N,PA,BRAGANCA,A226,-1.047258,-46.78579,41.0
73,2019-01-13,04:00,-9999.0,-9999.0,-9999.0,-9999.0,-9999,-9999.0,-9999.0,-9999.0,-9999.0,-9999.0,-9999.0,-9999,-9999,-9999,-9999,-9999.0,-9999.0,N,PA,BRAGANCA,A226,-1.047258,-46.78579,41.0
74,2019-01-13,08:00,-9999.0,-9999.0,-9999.0,-9999.0,-9999,-9999.0,-9999.0,-9999.0,-9999.0,-9999.0,-9999.0,-9999,-9999,-9999,-9999,-9999.0,-9999.0,N,PA,BRAGANCA,A226,-1.047258,-46.78579,41.0
75,2019-01-13,12:00,-9999.0,-9999.0,-9999.0,-9999.0,-9999,-9999.0,-9999.0,-9999.0,-9999.0,-9999.0,-9999.0,-9999,-9999,-9999,-9999,-9999.0,-9999.0,N,PA,BRAGANCA,A226,-1.047258,-46.78579,41.0
76,2019-01-13,16:00,-9999.0,-9999.0,-9999.0,-9999.0,-9999,-9999.0,-9999.0,-9999.0,-9999.0,-9999.0,-9999.0,-9999,-9999,-9999,-9999,-9999.0,-9999.0,N,PA,BRAGANCA,A226,-1.047258,-46.78579,41.0
77,2019-01-13,20:00,-9999.0,-9999.0,-9999.0,-9999.0,-9999,-9999.0,-9999.0,-9999.0,-9999.0,-9999.0,-9999.0,-9999,-9999,-9999,-9999,-9999.0,-9999.0,N,PA,BRAGANCA,A226,-1.047258,-46.78579,41.0
78,2019-01-14,00:00,-9999.0,-9999.0,-9999.0,-9999.0,-9999,-9999.0,-9999.0,-9999.0,-9999.0,-9999.0,-9999.0,-9999,-9999,-9999,-9999,-9999.0,-9999.0,N,PA,BRAGANCA,A226,-1.047258,-46.78579,41.0
79,2019-01-14,04:00,-9999.0,-9999.0,-9999.0,-9999.0,-9999,-9999.0,-9999.0,-9999.0,-9999.0,-9999.0,-9999.0,-9999,-9999,-9999,-9999,-9999.0,-9999.0,N,PA,BRAGANCA,A226,-1.047258,-46.78579,41.0
80,2019-01-14,08:00,-9999.0,-9999.0,-9999.0,-9999.0,-9999,-9999.0,-9999.0,-9999.0,-9999.0,-9999.0,-9999.0,-9999,-9999,-9999,-9999,-9999.0,-9999.0,N,PA,BRAGANCA,A226,-1.047258,-46.78579,41.0
81,2019-01-14,12:00,-9999.0,-9999.0,-9999.0,-9999.0,-9999,-9999.0,-9999.0,-9999.0,-9999.0,-9999.0,-9999.0,-9999,-9999,-9999,-9999,-9999.0,-9999.0,N,PA,BRAGANCA,A226,-1.047258,-46.78579,41.0
82,2019-01-14,16:00,-9999.0,-9999.0,-9999.0,-9999.0,-9999,-9999.0,-9999.0,-9999.0,-9999.0,-9999.0,-9999.0,-9999,-9999,-9999,-9999,-9999.0,-9999.0,N,PA,BRAGANCA,A226,-1.047258,-46.78579,41.0
83,2019-01-14,20:00,-9999.0,-9999.0,-9999.0,-9999.0,-9999,-9999.0,-9999.0,-9999.0,-9999.0,-9999.0,-9999.0,-9999,-9999,-9999,-9999,-9999.0,-9999.0,N,PA,BRAGANCA,A226,-1.047258,-46.78579,41.0
84,2019-01-15,00:00,-9999.0,-9999.0,-9999.0,-9999.0,-9999,-9999.0,-9999.0,-9999.0,-9999.0,-9999.0,-9999.0,-9999,-9999,-9999,-9999,-9999.0,-9999.0,N,PA,BRAGANCA,A226,-1.047258,-46.78579,41.0
85,2019-01-15,04:00,-9999.0,-9999.0,-9999.0,-9999.0,-9999,-9999.0,-9999.0,-9999.0,-9999.0,-9999.0,-9999.0,-9999,-9999,-9999,-9999,-9999.0,-9999.0,N,PA,BRAGANCA,A226,-1.047258,-46.78579,41.0
86,2019-01-15,08:00,-9999.0,-9999.0,-9999.0,-9999.0,-9999,-9999.0,-9999.0,-9999.0,-9999.0,-9999.0,-9999.0,-9999,-9999,-9999,-9999,-9999.0,-9999.0,N,PA,BRAGANCA,A226,-1.047258,-46.78579,41.0
87,2019-01-15,12:00,-9999.0,-9999.0,-9999.0,-9999.0,-9999,-9999.0,-9999.0,-9999.0,-9999.0,-9999.0,-9999.0,-9999,-9999,-9999,-9999,-9999.0,-9999.0,N,PA,BRAGANCA,A226,-1.047258,-46.78579,41.0
88,2019-01-15,16:00,-9999.0,-9999.0,-9999.0,-9999.0,-9999,-9999.0,-9999.0,-9999.0,-9999.0,-9999.0,-9999.0,-9999,-9999,-9999,-9999,-9999.0,-9999.0,N,PA,BRAGANCA,A226,-1.047258,-46.78579,41.0
89,2019-01-15,20:00,-9999.0,-9999.0,-9999.0,-9999.0,-9999,-9999.0,-9999.0,-9999.0,-9999.0,-9999.0,-9999.0,-9999,-9999,-9999,-9999,-9999.0,-9999.0,N,PA,BRAGANCA,A226,-1.047258,-46.78579,41.0
90,2019-01-16,00:00,-9999.0,-9999.0,-9999.0,-9999.0,-9999,-9999.0,-9999.0,-9999.0,-9999.0,-9999.0,-9999.0,-9999,-9999,-9999,-9999,-9999.0,-9999.0,N,PA,BRAGANCA,A226,-1.047258,-46.78579,41.0
91,2019-01-16,04:00,-9999.0,-9999.0,-9999.0,-9999.0,-9999,-9999.0,-9999.0,-9999.0,-9999.0,-9999.0,-9999.0,-9999,-9999,-9999,-9999,-9999.0,-9999.0,N,PA,BRAGANCA,A226,-1.047258,-46.78579,41.0
92,2019-01-16,08:00,-9999.0,-9999.0,-9999.0,-9999.0,-9999,-9999.0,-9999.0,-9999.0,-9999.0,-9999.0,-9999.0,-9999,-9999,-9999,-9999,-9999.0,-9999.0,N,PA,BRAGANCA,A226,-1.047258,-46.78579,41.0
93,2019-01-16,12:00,-9999.0,-9999.0,-9999.0,-9999.0,-9999,-9999.0,-9999.0,-9999.0,-9999.0,-9999.0,-9999.0,-9999,-9999,-9999,-9999,-9999.0,-9999.0,N,PA,BRAGANCA,A226,-1.047258,-46.78579,41.0
94,2019-01-16,16:00,-9999.0,-9999.0,-9999.0,-9999.0,-9999,-9999.0,-9999.0,-9999.0,-9999.0,-9999.0,-9999.0,-9999,-9999,-9999,-9999,-9999.0,-9999.0,N,PA,BRAGANCA,A226,-1.047258,-46.78579,41.0
95,2019-01-16,20:00,-9999.0,-9999.0,-9999.0,-9999.0,-9999,-9999.0,-9999.0,-9999.0,-9999.0,-9999.0,-9999.0,-9999,-9999,-9999,-9999,-9999.0,-9999.0,N,PA,BRAGANCA,A226,-1.047258,-46.78579,41.0
96,2019-01-17,00:00,-9999.0,-9999.0,-9999.0,-9999.0,-9999,-9999.0,-9999.0,-9999.0,-9999.0,-9999.0,-9999.0,-9999,-9999,-9999,-9999,-9999.0,-9999.0,N,PA,BRAGANCA,A226,-1.047258,-46.78579,41.0
97,2019-01-17,04:00,-9999.0,-9999.0,-9999.0,-9999.0,-9999,-9999.0,-9999.0,-9999.0,-9999.0,-9999.0,-9999.0,-9999,-9999,-9999,-9999,-9999.0,-9999.0,N,PA,BRAGANCA,A226,-1.047258,-46.78579,41.0
98,2019-01-17,08:00,-9999.0,-9999.0,-9999.0,-9999.0,-9999,-9999.0,-9999.0,-9999.0,-9999.0,-9999.0,-9999.0,-9999,-9999,-9999,-9999,-9999.0,-9999.0,N,PA,BRAGANCA,A226,-1.047258,-46.78579,41.0
99,2019-01-17,12:00,-9999.0,-9999.0,-9999.0,-9999.0,-9999,-9999.0,-9999.0,-9999.0,-9999.0,-9999.0,-9999.0,-9999,-9999,-9999,-9999,-9999.0,-9999.0,N,PA,BRAGANCA,A226,-1.047258,-46.78579,41.0
100,2019-01-17,16:00,-9999.0,-9999.0,-9999.0,-9999.0,-9999,-9999.0,-9999.0,-9999.0,-9999.0,-9999.0,-9999.0,-9999,-9999,-9999,-9999,-9999.0,-9999.0,N,PA,BRAGANCA,A226,-1.047258,-46.78579,41.0
101,2019-01-17,20:00,-9999.0,-9999.0,-9999.0,-9999.0,-9999,-9999.0,-9999.0,-9999.0,-9999.0,-9999.0,-9999.0,-9999,-9999,-9999,-9999,-9999.0,-9999.0,N,PA,BRAGANCA,A226,-1.047258,-46.78579,41.0
102,2019-01-18,00:00,-9999.0,-9999.0,-9999.0,-9999.0,-9999,-9999.0,-9999.0,-9999.0,-9999.0,-9999.0,-9999.0,-9999,-9999,-9999,-9999,-9999.0,-9999.0,N,PA,BRAGANCA,A226,-1.047258,-46.78579,41.0
103,2019-01-18,04:00,-9999.0,-9999.0,-9999.0,-9999.0,-9999,-9999.0,-9999.0,-9999.0,-9999.0,-9999.0,-9999.0,-9999,-9999,-9999,-9999,-9999.0,-9999.0,N,PA,BRAGANCA,A226,-1.047258,-46.78579,41.0
104,2019-01-18,08:00,-9999.0,-9999.0,-9999.0,-9999.0,-9999,-9999.0,-9999.0,-9999.0,-9999.0,-9999.0,-9999.0,-9999,-9999,-9999,-9999,-9999.0,-9999.0,N,PA,BRAGANCA,A226,-1.047258,-46.78579,41.0
105,2019-01-18,12:00,-9999.0,-9999.0,-9999.0,-9999.0,-9999,-9999.0,-9999.0,-9999.0,-9999.0,-9999.0,-9999.0,-9999,-9999,-9999,-9999,-9999.0,-9999.0,N,PA,BRAGANCA,A226,-1.047258,-46.78579,41.0
106,2019-01-18,16:00,-9999.0,-9999.0,-9999.0,-9999.0,-9999,-9999.0,-9999.0,-9999.0,-9999.0,-9999.0,-9999.0,-9999,-9999,-9999,-9999,-9999.0,-9999.0,N,PA,BRAGANCA,A226,-1.047258,-46.78579,41.0
107,2019-01-18,20:00,-9999.0,-9999.0,-9999.0,-9999.0,-9999,-9999.0,-9999.0,-9999.0,-9999.0,-9999.0,-9999.0,-9999,-9999,-9999,-9999,-9999.0,-9999.0,N,PA,BRAGANCA,A226,-1.047258,-46.78579,41.0
108,2019-01-19,00:00,-9999.0,-9999.0,-9999.0,-9999.0,-9999,-9999.0,-9999.0,-9999.0,-9999.0,-9999.0,-9999.0,-9999,-9999,-9999,-9999,-9999.0,-9999.0,N,PA,BRAGANCA,A226,-1.047258,-46.78579,41.0
109,2019-01-19,04:00,-9999.0,-9999.0,-9999.0,-9999.0,-9999,-9999.0,-9999.0,-9999.0,-9999.0,-9999.0,-9999.0,-9999,-9999,-9999,-9999,-9999.0,-9999.0,N,PA,BRAGANCA,A226,-1.047258,-46.78579,41.0
110,2019-01-19,08:00,-9999.0,-9999.0,-9999.0,-9999.0,-9999,-9999.0,-9999.0,-9999.0,-9999.0,-9999.0,-9999.0,-9999,-9999,-9999,-9999,-9999.0,-9999.0,N,PA,BRAGANCA,A226,-1.047258,-46.78579,41.0
111,2019-01-19,12:00,-9999.0,-9999.0,-9999.0,-9999.0,-9999,-9999.0,-9999.0,-9999.0,-9999.0,-9999.0,-9999.0,-9999,-9999,-9999,-9999,-9999.0,-9999.0,N,PA,BRAGANCA,A226,-1.047258,-46.78579,41.0
112,2019-01-19,16:00,-9999.0,-9999.0,-9999.0,-9999.0,-9999,-9999.0,-9999.0,-9999.0,-9999.0,-9999.0,-9999.0,-9999,-9999,-9999,-9999,-9999.0,-9999.0,N,PA,BRAGANCA,A226,-1.047258,-46.78579,41.0
113,2019-01-19,20:00,-9999.0,-9999.0,-9999.0,-9999.0,-9999,-9999.0,-9999.0,-9999.0,-9999.0,-9999.0,-9999.0,-9999,-9999,-9999,-9999,-9999.0,-9999.0,N,PA,BRAGANCA,A226,-1.047258,-46.78579,41.0
114,2019-01-20,00:00,-9999.0,-9999.0,-9999.0,-9999.0,-9999,-9999.0,-9999.0,-9999.0,-9999.0,-9999.0,-9999.0,-9999,-9999,-9999,-9999,-9999.0,-9999.0,N,PA,BRAGANCA,A226,-1.047258,-46.78579,41.0
115,2019-01-20,04:00,-9999.0,-9999.0,-9999.0,-9999.0,-9999,-9999.0,-9999.0,-9999.0,-9999.0,-9999.0,-9999.0,-9999,-9999,-9999,-9999,-9999.0,-9999.0,N,PA,BRAGANCA,A226,-1.047258,-46.78579,41.0
116,2019-01-20,08:00,-9999.0,-9999.0,-9999.0,-9999.0,-9999,-9999.0,-9999.0,-9999.0,-9999.0,-9999.0,-9999.0,-9999,-9999,-9999,-9999,-9999.0,-9999.0,N,PA,BRAGANCA,A226,-1.047258,-46.78579,41.0
117,2019-01-20,12:00,-9999.0,-9999.0,-9999.0,-9999.0,-9999,-9999.0,-9999.0,-9999.0,-9999.0,-9999.0,-9999.0,-9999,-9999,-9999,-9999,-9999.0,-9999.0,N,PA,BRAGANCA,A226,-1.047258,-46.78579,41.0
118,2019-01-20,16:00,-9999.0,-9999.0,-9999.0,-9999.0,-9999,-9999.0,-9999.0,-9999.0,-9999.0,-9999.0,-9999.0,-9999,-9999,-9999,-9999,-9999.0,-9999.0,N,PA,BRAGANCA,A226,-1.047258,-46.78579,41.0
119,2019-01-20,20:00,-9999.0,-9999.0,-9999.0,-9999.0,-9999,-9999.0,-9999.0,-9999.0,-9999.0,-9999.0,-9999.0,-9999,-9999,-9999,-9999,-9999.0,-9999.0,N,PA,BRAGANCA,A226,-1.047258,-46.78579,41.0
120,2019-01-21,00:00,-9999.0,-9999.0,-9999.0,-9999.0,-9999,-9999.0,-9999.0,-9999.0,-9999.0,-9999.0,-9999.0,-9999,-9999,-9999,-9999,-9999.0,-9999.0,N,PA,BRAGANCA,A226,-1.047258,-46.78579,41.0
121,2019-01-21,04:00,-9999.0,-9999.0,-9999.0,-9999.0,-9999,-9999.0,-9999.0,-9999.0,-9999.0,-9999.0,-9999.0,-9999,-9999,-9999,-9999,-9999.0,-9999.0,N,PA,BRAGANCA,A226,-1.047258,-46.78579,41.0
122,2019-01-21,08:00,-9999.0,-9999.0,-9999.0,-9999.0,-9999,-9999.0,-9999.0,-9999.0,-9999.0,-9999.0,-9999.0,-9999,-9999,-9999,-9999,-9999.0,-9999.0,N,PA,BRAGANCA,A226,-1.047258,-46.78579,41.0
123,2019-01-21,12:00,-9999.0,-9999.0,-9999.0,-9999.0,-9999,-9999.0,-9999.0,-9999.0,-9999.0,-9999.0,-9999.0,-9999,-9999,-9999,-9999,-9999.0,-9999.0,N,PA,BRAGANCA,A226,-1.047258,-46.78579,41.0
124,2019-01-21,16:00,-9999.0,-9999.0,-9999.0,-9999.0,-9999,-9999.0,-9999.0,-9999.0,-9999.0,-9999.0,-9999.0,-9999,-9999,-9999,-9999,-9999.0,-9999.0,N,PA,BRAGANCA,A226,-1.047258,-46.78579,41.0
125,2019-01-21,20:00,-9999.0,-9999.0,-9999.0,-9999.0,-9999,-9999.0,-9999.0,-9999.0,-9999.0,-9999.0,-9999.0,-9999,-9999,-9999,-9999,-9999.0,-9999.0,N,PA,BRAGANCA,A226,-1.047258,-46.78579,41.0
126,2019-01-22,00:00,-9999.0,-9999.0,-9999.0,-9999.0,-9999,-9999.0,-9999.0,-9999.0,-9999.0,-9999.0,-9999.0,-9999,-9999,-9999,-9999,-9999.0,-9999.0,N,PA,BRAGANCA,A226,-1.047258,-46.78579,41.0
127,2019-01-22,04:00,-9999.0,-9999.0,-9999.0,-9999.0,-9999,-9999.0,-9999.0,-9999.0,-9999.0,-9999.0,-9999.0,-9999,-9999,-9999,-9999,-9999.0,-9999.0,N,PA,BRAGANCA,A226,-1.047258,-46.78579,41.0
128,2019-01-22,08:00,-9999.0,-9999.0,-9999.0,-9999.0,-9999,-9999.0,-9999.0,-9999.0,-9999.0,-9999.0,-9999.0,-9999,-9999,-9999,-9999,-9999.0,-9999.0,N,PA,BRAGANCA,A226,-1.047258,-46.78579,41.0
129,2019-01-22,12:00,-9999.0,-9999.0,-9999.0,-9999.0,-9999,-9999.0,-9999.0,-9999.0,-9999.0,-9999.0,-9999.0,-9999,-9999,-9999,-9999,-9999.0,-9999.0,N,PA,BRAGANCA,A226,-1.047258,-46.78579,41.0
130,2019-01-22,16:00,-9999.0,-9999.0,-9999.0,-9999.0,-9999,-9999.0,-9999.0,-9999.0,-9999.0,-9999.0,-9999.0,-9999,-9999,-9999,-9999,-9999.0,-9999.0,N,PA,BRAGANCA,A226,-1.047258,-46.78579,41.0
131,2019-01-22,20:00,-9999.0,-9999.0,-9999.0,-9999.0,-9999,-9999.0,-9999.0,-9999.0,-9999.0,-9999.0,-9999.0,-9999,-9999,-9999,-9999,-9999.0,-9999.0,N,PA,BRAGANCA,A226,-1.047258,-46.78579,41.0
132,2019-01-23,00:00,-9999.0,-9999.0,-9999.0,-9999.0,-9999,-9999.0,-9999.0,-9999.0,-9999.0,-9999.0,-9999.0,-9999,-9999,-9999,-9999,-9999.0,-9999.0,N,PA,BRAGANCA,A226,-1.047258,-46.78579,41.0
133,2019-01-23,04:00,-9999.0,-9999.0,-9999.0,-9999.0,-9999,-9999.0,-9999.0,-9999.0,-9999.0,-9999.0,-9999.0,-9999,-9999,-9999,-9999,-9999.0,-9999.0,N,PA,BRAGANCA,A226,-1.047258,-46.78579,41.0
134,2019-01-23,08:00,-9999.0,-9999.0,-9999.0,-9999.0,-9999,-9999.0,-9999.0,-9999.0,-9999.0,-9999.0,-9999.0,-9999,-9999,-9999,-9999,-9999.0,-9999.0,N,PA,BRAGANCA,A226,-1.047258,-46.78579,41.0
135,2019-01-23,12:00,-9999.0,-9999.0,-9999.0,-9999.0,-9999,-9999.0,-9999.0,-9999.0,-9999.0,-9999.0,-9999.0,-9999,-9999,-9999,-9999,-9999.0,-9999.0,N,PA,BRAGANCA,A226,-1.047258,-46.78579,41.0
136,2019-01-23,16:00,-9999.0,-9999.0,-9999.0,-9999.0,-9999,-9999.0,-9999.0,-9999.0,-9999.0,-9999.0,-9999.0,-9999,-9999,-9999,-9999,-9999.0,-9999.0,N,PA,BRAGANCA,A226,-1.047258,-46.78579,41.0
137,2019-01-23,20:00,0.2,1006.9,-9999.0,-9999.0,-9999,30.1,23.1,-9999.0,-9999.0,-9999.0,-9999.0,-9999,-9999,66,38,-9999.0,2.2,N,PA,BRAGANCA,A226,-1.047258,-46.78579,41.0
138,2019-01-24,00:00,0.0,1008.5,1008.5,1007.8,-9999,25.7,23.7,26.3,25.7,23.7,23.6,89,85,89,12,2.7,0.4,N,PA,BRAGANCA,A226,-1.047258,-46.78579,41.0
139,2019-01-24,04:00,0.0,1008.4,1009.0,1008.4,-9999,24.8,23.7,24.9,24.7,23.9,23.6,94,93,94,4,0.0,0.0,N,PA,BRAGANCA,A226,-1.047258,-46.78579,41.0
140,2019-01-24,08:00,0.0,1006.9,1007.0,1006.8,-9999,24.0,23.3,24.1,24.0,23.3,23.2,96,95,96,335,1.3,0.0,N,PA,BRAGANCA,A226,-1.047258,-46.78579,41.0
141,2019-01-24,12:00,12.2,1009.7,1009.9,1009.7,-9999,29.9,24.0,30.4,29.0,24.7,23.1,74,68,71,15,5.6,1.7,N,PA,BRAGANCA,A226,-1.047258,-46.78579,41.0
142,2019-01-24,16:00,0.0,1008.4,1009.1,1008.4,-9999,30.1,23.2,31.8,30.1,25.2,23.2,71,61,67,354,7.1,3.5,N,PA,BRAGANCA,A226,-1.047258,-46.78579,41.0
143,2019-01-24,20:00,0.0,1006.3,1006.3,1005.9,-9999,30.0,24.2,31.7,29.0,24.5,23.3,73,64,71,3,7.9,3.3,N,PA,BRAGANCA,A226,-1.047258,-46.78579,41.0
144,2019-01-25,00:00,0.0,1008.5,1008.5,1007.9,-9999,25.6,24.0,25.8,25.6,24.0,23.8,91,89,91,359,2.1,0.2,N,PA,BRAGANCA,A226,-1.047258,-46.78579,41.0
145,2019-01-25,04:00,0.0,1008.5,1009.0,1008.5,-9999,24.6,23.8,24.6,24.3,23.8,23.4,95,95,95,335,0.0,0.0,N,PA,BRAGANCA,A226,-1.047258,-46.78579,41.0
146,2019-01-25,08:00,0.0,1006.8,1007.1,1006.8,-9999,24.4,23.7,24.5,24.3,23.8,23.6,96,96,96,316,0.7,0.0,N,PA,BRAGANCA,A226,-1.047258,-46.78579,41.0
147,2019-01-25,12:00,0.0,1009.5,1009.5,1008.9,-9999,26.4,24.7,27.6,25.9,26.2,24.6,96,90,91,342,5.6,1.8,N,PA,BRAGANCA,A226,-1.047258,-46.78579,41.0
148,2019-01-25,16:00,0.0,1008.0,1009.1,1008.0,-9999,27.9,24.5,27.9,27.5,24.9,24.3,85,82,82,343,5.7,2.6,N,PA,BRAGANCA,A226,-1.047258,-46.78579,41.0
149,2019-01-25,20:00,0.0,1006.2,1006.5,1006.1,-9999,27.3,24.0,28.4,27.3,24.0,23.2,82,75,82,341,7.9,2.2,N,PA,BRAGANCA,A226,-1.047258,-46.78579,41.0
150,2019-01-26,00:00,0.0,1008.6,1008.6,1008.0,-9999,25.1,24.1,25.3,24.8,24.2,23.7,94,93,94,133,1.6,0.0,N,PA,BRAGANCA,A226,-1.047258,-46.78579,41.0
151,2019-01-26,04:00,0.0,1008.4,1008.7,1008.4,-9999,24.1,23.5,24.7,24.1,24.0,23.5,96,96,96,141,4.9,2.6,N,PA,BRAGANCA,A226,-1.047258,-46.78579,41.0
152,2019-01-26,08:00,0.4,1008.1,1008.3,1008.0,-9999,22.7,22.1,22.7,22.5,22.1,21.9,97,96,97,86,0.0,0.0,N,PA,BRAGANCA,A226,-1.047258,-46.78579,41.0
153,2019-01-26,12:00,0.6,1010.8,1010.8,1010.0,-9999,23.8,23.0,24.0,23.0,23.3,22.3,96,95,95,68,2.7,0.3,N,PA,BRAGANCA,A226,-1.047258,-46.78579,41.0
154,2019-01-26,16:00,0.0,1009.3,1010.4,1009.3,-9999,28.0,23.1,28.0,26.4,23.1,21.8,79,74,75,115,8.1,4.2,N,PA,BRAGANCA,A226,-1.047258,-46.78579,41.0
155,2019-01-26,20:00,0.0,1006.0,1006.5,1006.0,-9999,29.0,22.3,30.6,28.8,23.3,21.8,68,62,67,94,5.5,2.9,N,PA,BRAGANCA,A226,-1.047258,-46.78579,41.0
156,2019-01-27,00:00,0.0,1008.0,1008.0,1007.3,-9999,25.3,23.0,25.8,25.3,23.3,22.9,87,85,87,32,2.1,0.0,N,PA,BRAGANCA,A226,-1.047258,-46.78579,41.0
157,2019-01-27,04:00,0.0,1007.5,1007.8,1007.5,-9999,24.4,23.2,25.2,24.4,23.6,23.1,93,91,93,163,1.4,0.2,N,PA,BRAGANCA,A226,-1.047258,-46.78579,41.0
158,2019-01-27,08:00,0.0,1007.0,1007.0,1006.6,-9999,23.4,22.3,24.0,23.4,22.9,22.3,94,93,93,164,2.7,0.1,N,PA,BRAGANCA,A226,-1.047258,-46.78579,41.0
159,2019-01-27,12:00,0.0,1009.2,1009.2,1008.7,-9999,26.2,23.0,26.9,24.5,24.6,22.8,92,82,83,92,5.2,3.7,N,PA,BRAGANCA,A226,-1.047258,-46.78579,41.0
160,2019-01-27,16:00,0.0,1008.0,1008.5,1008.0,5,30.8,23.6,31.9,30.5,25.0,22.6,69,60,66,39,8.8,3.6,N,PA,BRAGANCA,A226,-1.047258,-46.78579,41.0
161,2019-01-27,20:00,0.0,1006.3,1006.4,1006.2,4,29.8,24.4,31.4,28.0,25.2,22.2,78,63,73,43,11.6,2.9,N,PA,BRAGANCA,A226,-1.047258,-46.78579,41.0
162,2019-01-28,00:00,0.0,1008.3,1008.3,1007.6,-9999,26.1,23.8,26.1,25.9,23.8,23.5,88,87,87,34,3.4,0.2,N,PA,BRAGANCA,A226,-1.047258,-46.78579,41.0
163,2019-01-28,04:00,0.0,1007.6,1008.5,1007.6,-9999,26.0,23.8,26.2,26.0,23.9,23.8,88,87,88,70,3.7,1.2,N,PA,BRAGANCA,A226,-1.047258,-46.78579,41.0
164,2019-01-28,08:00,0.0,1006.1,1006.1,1006.0,-9999,25.1,23.9,25.5,25.1,24.1,23.8,93,92,93,126,2.0,0.1,N,PA,BRAGANCA,A226,-1.047258,-46.78579,41.0
165,2019-01-28,12:00,0.0,1007.7,1007.8,1007.3,-9999,29.2,25.5,29.2,26.1,25.9,24.3,90,80,80,61,3.2,0.4,N,PA,BRAGANCA,A226,-1.047258,-46.78579,41.0
166,2019-01-28,16:00,0.0,1006.7,1007.5,1006.7,-9999,32.1,25.0,32.7,29.9,26.1,23.8,74,66,66,33,7.6,3.2,N,PA,BRAGANCA,A226,-1.047258,-46.78579,41.0
167,2019-01-28,20:00,0.0,1005.7,1005.7,1004.9,-9999,29.2,23.9,31.3,29.2,25.1,23.8,73,68,73,45,6.9,1.8,N,PA,BRAGANCA,A226,-1.047258,-46.78579,41.0
168,2019-01-29,00:00,0.0,1008.1,1008.2,1007.4,-9999,26.5,24.1,27.1,26.5,24.1,24.0,87,83,87,44,2.9,0.4,N,PA,BRAGANCA,A226,-1.047258,-46.78579,41.0
169,2019-01-29,04:00,0.0,1007.5,1007.9,1007.5,-9999,25.5,24.4,25.9,25.4,24.4,24.2,94,91,94,67,4.5,0.1,N,PA,BRAGANCA,A226,-1.047258,-46.78579,41.0
170,2019-01-29,08:00,0.4,1006.4,1006.5,1006.2,-9999,25.2,24.3,25.3,25.2,24.5,24.3,95,95,95,74,3.7,1.0,N,PA,BRAGANCA,A226,-1.047258,-46.78579,41.0
171,2019-01-29,12:00,0.0,1007.8,1007.8,1007.6,-9999,28.9,25.6,28.9,26.0,26.5,25.1,94,83,83,71,3.1,0.9,N,PA,BRAGANCA,A226,-1.047258,-46.78579,41.0
172,2019-01-29,16:00,0.0,1006.5,1007.3,1006.5,-9999,33.4,25.6,33.5,31.8,25.6,23.4,66,57,64,58,9.3,4.0,N,PA,BRAGANCA,A226,-1.047258,-46.78579,41.0
173,2019-01-29,20:00,0.0,1004.9,1005.0,1004.8,2,30.2,24.0,31.3,30.2,24.6,23.6,69,66,69,37,9.2,3.1,N,PA,BRAGANCA,A226,-1.047258,-46.78579,41.0
174,2019-01-30,00:00,0.0,1007.5,1007.5,1006.3,-9999,27.1,24.2,27.2,27.1,24.3,24.2,84,84,84,55,6.1,1.3,N,PA,BRAGANCA,A226,-1.047258,-46.78579,41.0
175,2019-01-30,04:00,0.0,1007.2,1007.8,1007.1,-9999,26.5,24.3,26.6,26.5,24.3,24.2,88,87,88,58,4.0,1.1,N,PA,BRAGANCA,A226,-1.047258,-46.78579,41.0
176,2019-01-30,08:00,0.0,1006.2,1006.2,1005.8,-9999,25.6,24.1,25.9,25.6,24.4,24.1,92,91,92,134,2.2,0.0,N,PA,BRAGANCA,A226,-1.047258,-46.78579,41.0
177,2019-01-30,12:00,0.0,1008.2,1008.3,1007.7,-9999,30.1,25.0,30.3,28.5,26.0,24.4,84,74,74,60,4.5,1.4,N,PA,BRAGANCA,A226,-1.047258,-46.78579,41.0
178,2019-01-30,16:00,0.0,1007.2,1007.7,1007.1,-9999,32.0,24.8,33.2,32.0,25.5,24.0,67,61,66,21,8.1,2.5,N,PA,BRAGANCA,A226,-1.047258,-46.78579,41.0
179,2019-01-30,20:00,0.0,1005.1,1005.1,1004.7,2,29.9,23.8,32.1,29.9,24.6,23.6,70,63,70,24,9.3,2.5,N,PA,BRAGANCA,A226,-1.047258,-46.78579,41.0
180,2019-01-31,00:00,0.0,1007.8,1007.8,1007.0,-9999,27.3,24.2,27.5,27.3,24.4,24.2,84,83,83,39,4.2,0.5,N,PA,BRAGANCA,A226,-1.047258,-46.78579,41.0
181,2019-01-31,04:00,0.0,1007.1,1007.5,1007.1,-9999,26.0,24.6,26.2,26.0,24.6,24.5,92,91,92,7,1.2,0.0,N,PA,BRAGANCA,A226,-1.047258,-46.78579,41.0
182,2019-01-31,08:00,0.0,1005.7,1005.8,1005.6,-9999,25.6,24.3,25.7,25.5,24.4,24.2,93,92,93,31,1.2,0.0,N,PA,BRAGANCA,A226,-1.047258,-46.78579,41.0
183,2019-01-31,12:00,0.0,1008.6,1008.6,1007.9,-9999,28.9,24.7,29.1,28.1,25.6,24.3,85,77,78,21,6.8,2.0,N,PA,BRAGANCA,A226,-1.047258,-46.78579,41.0
184,2019-01-31,16:00,0.0,1007.6,1008.4,1007.5,-9999,33.0,24.4,33.1,31.5,24.9,23.2,64,59,61,48,7.8,2.6,N,PA,BRAGANCA,A226,-1.047258,-46.78579,41.0
185,2019-01-31,20:00,0.0,1004.9,1005.1,1004.7,-9999,30.4,23.6,31.9,29.5,23.6,21.3,68,56,67,18,7.6,2.4,N,PA,BRAGANCA,A226,-1.047258,-46.78579,41.0
186,2019-02-01,00:00,0.0,1007.5,1007.5,1006.8,-9999,26.7,24.0,26.9,26.7,24.0,23.8,85,83,85,12,4.5,0.6,N,PA,BRAGANCA,A226,-1.047258,-46.78579,41.0
187,2019-02-01,04:00,1.6,1007.6,1008.1,1007.5,-9999,25.5,24.5,25.9,25.4,24.8,24.1,94,92,94,64,4.0,1.7,N,PA,BRAGANCA,A226,-1.047258,-46.78579,41.0
188,2019-02-01,08:00,1.8,1006.7,1006.7,1005.9,-9999,23.3,22.5,24.8,23.3,24.1,22.5,96,95,95,43,4.4,1.2,N,PA,BRAGANCA,A226,-1.047258,-46.78579,41.0
189,2019-02-01,12:00,0.0,1009.2,1009.2,1008.2,-9999,24.3,23.6,24.3,23.2,23.6,22.6,96,95,96,49,1.7,0.0,N,PA,BRAGANCA,A226,-1.047258,-46.78579,41.0
190,2019-02-01,16:00,0.0,1007.5,1008.2,1007.4,-9999,30.1,24.8,32.0,28.2,26.1,23.7,79,66,73,20,9.2,2.6,N,PA,BRAGANCA,A226,-1.047258,-46.78579,41.0
191,2019-02-01,20:00,0.0,1005.5,1005.8,1005.3,-9999,27.9,22.3,28.3,27.5,23.2,22.3,75,71,72,11,6.3,0.4,N,PA,BRAGANCA,A226,-1.047258,-46.78579,41.0
192,2019-02-02,00:00,0.0,1008.4,1008.4,1007.4,-9999,24.8,21.9,25.0,24.8,22.1,21.8,84,83,84,54,3.8,1.0,N,PA,BRAGANCA,A226,-1.047258,-46.78579,41.0
193,2019-02-02,04:00,0.0,1007.6,1008.5,1007.6,-9999,24.6,23.4,24.7,24.5,23.4,23.1,93,92,93,153,0.0,0.0,N,PA,BRAGANCA,A226,-1.047258,-46.78579,41.0
194,2019-02-02,08:00,0.0,1006.6,1006.8,1006.6,-9999,22.8,22.2,23.0,22.8,22.4,22.2,97,96,97,246,0.5,0.0,N,PA,BRAGANCA,A226,-1.047258,-46.78579,41.0
195,2019-02-02,12:00,0.0,1009.5,1009.6,1008.4,-9999,24.6,23.5,24.6,23.4,23.6,22.8,96,94,94,162,1.8,0.3,N,PA,BRAGANCA,A226,-1.047258,-46.78579,41.0
196,2019-02-02,16:00,0.0,1008.1,1008.8,1008.1,-9999,26.9,23.6,27.2,26.2,24.4,23.6,87,82,82,5,2.1,0.3,N,PA,BRAGANCA,A226,-1.047258,-46.78579,41.0
197,2019-02-02,20:00,0.0,1005.5,1005.8,1005.5,-9999,27.7,24.4,28.3,27.6,24.9,24.0,82,79,82,334,4.5,0.8,N,PA,BRAGANCA,A226,-1.047258,-46.78579,41.0
198,2019-02-03,00:00,0.0,1007.9,1007.9,1007.3,-9999,25.1,23.9,25.4,25.0,24.2,23.8,93,92,93,46,0.0,0.0,N,PA,BRAGANCA,A226,-1.047258,-46.78579,41.0
199,2019-02-03,04:00,5.0,1008.1,1008.6,1008.1,-9999,22.8,22.2,23.6,22.8,22.9,22.2,96,96,96,112,6.2,3.1,N,PA,BRAGANCA,A226,-1.047258,-46.78579,41.0
200,2019-02-03,08:00,2.8,1007.2,1007.5,1007.2,-9999,22.3,21.8,22.5,22.2,22.0,21.7,97,97,97,127,3.9,1.1,N,PA,BRAGANCA,A226,-1.047258,-46.78579,41.0
201,2019-02-03,12:00,0.2,1008.6,1008.9,1008.6,-9999,23.6,23.0,23.6,22.8,23.0,22.3,97,96,96,107,3.4,0.4,N,PA,BRAGANCA,A226,-1.047258,-46.78579,41.0
202,2019-02-03,16:00,0.0,1007.5,1008.3,1007.5,-9999,28.9,23.1,29.2,27.8,25.1,23.1,83,71,71,37,4.1,1.0,N,PA,BRAGANCA,A226,-1.047258,-46.78579,41.0
203,2019-02-03,20:00,0.2,1006.4,1006.4,1006.2,-9999,27.3,22.6,28.9,27.3,23.4,22.3,76,68,76,54,5.0,1.5,N,PA,BRAGANCA,A226,-1.047258,-46.78579,41.0
204,2019-02-04,00:00,0.0,1008.0,1008.0,1007.1,-9999,24.8,22.9,25.2,24.8,23.3,22.8,89,89,89,75,2.3,0.7,N,PA,BRAGANCA,A226,-1.047258,-46.78579,41.0
205,2019-02-04,04:00,0.0,1007.7,1007.9,1007.7,-9999,24.2,23.0,24.2,23.6,23.0,22.2,93,92,93,357,4.3,1.3,N,PA,BRAGANCA,A226,-1.047258,-46.78579,41.0
206,2019-02-04,08:00,0.0,1005.7,1005.7,1005.2,-9999,23.4,22.8,23.7,23.4,23.1,22.7,96,96,96,219,0.0,0.0,N,PA,BRAGANCA,A226,-1.047258,-46.78579,41.0
207,2019-02-04,12:00,0.6,1008.1,1008.2,1007.7,-9999,25.4,24.8,25.4,23.8,24.8,23.2,97,96,96,142,1.8,0.0,N,PA,BRAGANCA,A226,-1.047258,-46.78579,41.0
208,2019-02-04,16:00,0.0,1006.9,1007.6,1006.9,0,31.7,23.8,32.5,31.6,25.4,23.4,68,60,63,42,8.0,2.8,N,PA,BRAGANCA,A226,-1.047258,-46.78579,41.0
209,2019-02-04,20:00,11.0,1005.4,1005.6,1004.9,-9999,25.1,23.8,30.7,24.6,25.4,22.1,93,70,93,47,14.1,2.6,N,PA,BRAGANCA,A226,-1.047258,-46.78579,41.0
210,2019-02-05,00:00,0.0,1006.7,1006.7,1006.1,-9999,25.2,24.3,25.3,24.7,24.4,23.7,95,94,95,13,2.2,0.1,N,PA,BRAGANCA,A226,-1.047258,-46.78579,41.0
211,2019-02-05,04:00,0.0,1006.5,1007.5,1006.5,-9999,24.8,24.0,25.0,24.8,24.2,23.9,95,95,95,65,0.0,0.0,N,PA,BRAGANCA,A226,-1.047258,-46.78579,41.0
212,2019-02-05,08:00,0.0,1005.4,1005.5,1005.3,-9999,24.3,23.7,24.8,24.3,24.1,23.7,96,96,96,173,1.6,0.0,N,PA,BRAGANCA,A226,-1.047258,-46.78579,41.0
213,2019-02-05,12:00,0.2,1008.0,1008.1,1007.1,-9999,26.8,25.4,26.8,25.5,25.9,24.8,97,92,92,68,5.8,1.2,N,PA,BRAGANCA,A226,-1.047258,-46.78579,41.0
214,2019-02-05,16:00,4.6,1007.5,1008.5,1007.5,-9999,26.2,24.9,27.0,25.9,25.6,24.5,93,90,93,98,2.8,0.1,N,PA,BRAGANCA,A226,-1.047258,-46.78579,41.0
215,2019-02-05,20:00,0.0,1004.8,1004.9,1004.5,-9999,26.9,25.8,27.0,26.0,25.9,25.1,95,93,93,8,2.8,0.2,N,PA,BRAGANCA,A226,-1.047258,-46.78579,41.0
216,2019-02-06,00:00,0.0,1006.8,1006.8,1005.8,-9999,25.2,24.2,25.4,25.2,24.3,24.2,94,94,94,5,2.2,0.0,N,PA,BRAGANCA,A226,-1.047258,-46.78579,41.0
217,2019-02-06,04:00,0.0,1006.9,1007.5,1006.9,-9999,24.8,24.2,25.2,24.8,24.5,24.2,96,96,96,169,0.0,0.0,N,PA,BRAGANCA,A226,-1.047258,-46.78579,41.0
218,2019-02-06,08:00,3.2,1005.7,1005.8,1005.4,-9999,24.3,23.7,24.4,24.3,23.8,23.7,97,96,97,29,2.8,0.1,N,PA,BRAGANCA,A226,-1.047258,-46.78579,41.0
219,2019-02-06,12:00,0.0,1008.2,1008.2,1006.9,-9999,25.5,24.9,25.6,24.7,25.0,24.2,97,97,97,88,0.0,0.0,N,PA,BRAGANCA,A226,-1.047258,-46.78579,41.0
220,2019-02-06,16:00,24.2,1007.6,1008.3,1007.6,-9999,23.2,22.7,24.9,23.1,24.4,22.6,97,97,97,341,7.2,0.0,N,PA,BRAGANCA,A226,-1.047258,-46.78579,41.0
221,2019-02-06,20:00,0.6,1004.3,1004.5,1004.3,-9999,25.0,24.5,25.1,24.2,24.5,23.7,97,97,97,344,2.1,0.0,N,PA,BRAGANCA,A226,-1.047258,-46.78579,41.0
222,2019-02-07,00:00,1.4,1006.1,1006.1,1005.3,-9999,24.7,24.2,25.1,24.7,24.5,24.2,97,97,97,61,4.6,0.1,N,PA,BRAGANCA,A226,-1.047258,-46.78579,41.0
223,2019-02-07,04:00,0.0,1006.3,1006.7,1006.3,-9999,24.3,23.8,24.4,24.3,23.8,23.7,97,97,97,103,3.7,0.0,N,PA,BRAGANCA,A226,-1.047258,-46.78579,41.0
224,2019-02-07,08:00,2.4,1004.6,1004.7,1004.5,-9999,24.3,23.7,24.6,24.2,24.1,23.6,97,97,97,100,3.7,0.0,N,PA,BRAGANCA,A226,-1.047258,-46.78579,41.0
225,2019-02-07,12:00,0.2,1007.2,1007.2,1006.1,-9999,24.7,24.2,24.8,24.5,24.2,24.0,97,97,97,27,2.3,0.0,N,PA,BRAGANCA,A226,-1.047258,-46.78579,41.0
226,2019-02-07,16:00,0.4,1005.7,1006.6,1005.7,-9999,26.9,25.4,28.9,26.6,27.4,24.7,93,84,91,10,6.9,1.6,N,PA,BRAGANCA,A226,-1.047258,-46.78579,41.0
227,2019-02-07,20:00,15.6,1003.5,1003.5,1003.0,-9999,24.9,24.0,26.9,24.7,25.5,23.6,95,91,95,328,7.7,2.2,N,PA,BRAGANCA,A226,-1.047258,-46.78579,41.0
228,2019-02-08,00:00,20.0,1005.8,1005.8,1004.9,-9999,24.4,23.8,24.9,24.4,24.3,23.8,97,97,97,180,3.9,0.2,N,PA,BRAGANCA,A226,-1.047258,-46.78579,41.0
229,2019-02-08,04:00,4.8,1005.8,1006.5,1005.8,-9999,23.1,22.6,23.6,23.1,23.1,22.6,97,97,97,104,5.1,2.6,N,PA,BRAGANCA,A226,-1.047258,-46.78579,41.0
230,2019-02-08,08:00,1.6,1004.9,1004.9,1002.5,-9999,23.9,23.4,23.9,23.7,23.4,23.2,97,97,97,30,6.6,0.0,N,PA,BRAGANCA,A226,-1.047258,-46.78579,41.0
231,2019-02-08,12:00,7.8,1007.4,1007.5,1007.0,-9999,23.0,22.5,23.2,22.5,22.6,22.0,97,97,97,142,14.9,0.2,N,PA,BRAGANCA,A226,-1.047258,-46.78579,41.0
232,2019-02-08,16:00,0.0,1006.4,1006.9,1006.4,-9999,25.3,24.8,25.3,24.1,24.8,23.6,97,97,97,97,1.7,0.3,N,PA,BRAGANCA,A226,-1.047258,-46.78579,41.0
233,2019-02-08,20:00,0.2,1004.0,1004.1,1004.0,1,25.1,23.1,26.6,25.1,23.7,22.8,89,83,89,78,4.8,1.4,N,PA,BRAGANCA,A226,-1.047258,-46.78579,41.0
234,2019-02-09,00:00,0.0,1005.3,1005.4,1005.1,-9999,24.2,23.4,24.3,24.2,23.4,23.3,95,95,95,34,4.2,0.0,N,PA,BRAGANCA,A226,-1.047258,-46.78579,41.0
235,2019-02-09,04:00,0.0,1005.7,1005.9,1005.7,-9999,23.8,23.2,24.0,23.8,23.3,23.2,97,96,97,157,1.5,0.0,N,PA,BRAGANCA,A226,-1.047258,-46.78579,41.0
236,2019-02-09,08:00,0.0,1004.9,1004.9,1004.6,-9999,23.5,23.0,23.6,23.4,23.0,22.9,97,97,97,220,1.7,0.0,N,PA,BRAGANCA,A226,-1.047258,-46.78579,41.0
237,2019-02-09,12:00,0.0,1007.0,1007.0,1006.3,25,28.8,25.5,29.1,25.3,26.8,24.4,95,82,83,69,3.1,0.3,N,PA,BRAGANCA,A226,-1.047258,-46.78579,41.0
238,2019-02-09,16:00,0.8,1006.2,1007.0,1006.2,8,25.7,24.8,26.1,24.7,25.2,23.8,96,94,94,13,4.3,1.0,N,PA,BRAGANCA,A226,-1.047258,-46.78579,41.0
239,2019-02-09,20:00,0.0,1003.8,1004.0,1003.6,155,28.2,24.0,29.8,28.2,24.2,23.3,78,71,78,40,6.5,1.0,N,PA,BRAGANCA,A226,-1.047258,-46.78579,41.0
240,2019-02-10,00:00,0.0,1005.9,1006.0,1005.4,9,25.2,23.8,25.4,25.2,24.0,23.8,92,91,92,11,0.4,0.0,N,PA,BRAGANCA,A226,-1.047258,-46.78579,41.0
241,2019-02-10,04:00,0.0,1005.8,1006.4,1005.8,-9999,24.6,23.7,24.8,24.5,23.8,23.6,95,94,95,8,2.4,0.0,N,PA,BRAGANCA,A226,-1.047258,-46.78579,41.0
242,2019-02-10,08:00,0.0,1005.0,1005.0,1004.9,-9999,24.2,23.5,24.5,24.2,23.7,23.5,96,96,96,64,0.0,0.0,N,PA,BRAGANCA,A226,-1.047258,-46.78579,41.0
243,2019-02-10,12:00,0.0,1007.0,1007.0,1006.3,28,29.4,25.1,29.5,27.4,25.9,24.9,90,77,78,35,4.8,0.5,N,PA,BRAGANCA,A226,-1.047258,-46.78579,41.0
244,2019-02-10,16:00,0.0,1006.0,1006.8,1006.0,320,32.6,24.2,32.6,30.8,25.3,22.5,70,59,61,46,7.3,2.8,N,PA,BRAGANCA,A226,-1.047258,-46.78579,41.0
245,2019-02-10,20:00,0.0,1004.4,1004.4,1003.6,257,28.2,23.6,31.3,28.2,24.4,23.0,76,63,76,33,8.9,0.8,N,PA,BRAGANCA,A226,-1.047258,-46.78579,41.0
246,2019-02-11,00:00,0.0,1006.8,1006.8,1006.2,-9999,25.7,24.3,25.9,25.7,24.3,24.2,92,91,92,349,1.4,0.0,N,PA,BRAGANCA,A226,-1.047258,-46.78579,41.0
247,2019-02-11,04:00,0.0,1006.4,1007.2,1006.4,-9999,25.0,23.9,25.2,24.9,24.1,23.9,94,94,94,11,0.0,0.0,N,PA,BRAGANCA,A226,-1.047258,-46.78579,41.0
248,2019-02-11,08:00,0.0,1005.2,1005.2,1004.9,-9999,24.2,23.3,24.7,24.2,23.8,23.3,95,95,95,305,0.0,0.0,N,PA,BRAGANCA,A226,-1.047258,-46.78579,41.0
249,2019-02-11,12:00,0.0,1008.0,1008.0,1007.4,20,28.8,24.3,29.4,27.4,25.7,24.3,86,76,76,23,4.5,1.5,N,PA,BRAGANCA,A226,-1.047258,-46.78579,41.0
250,2019-02-11,16:00,0.0,1006.3,1007.2,1006.3,358,31.9,23.6,32.6,30.5,25.1,23.5,68,61,62,38,8.2,3.1,N,PA,BRAGANCA,A226,-1.047258,-46.78579,41.0
251,2019-02-11,20:00,3.8,1004.9,1005.4,1004.9,3,23.8,22.7,24.0,23.3,22.9,22.2,94,93,93,100,8.6,1.9,N,PA,BRAGANCA,A226,-1.047258,-46.78579,41.0
252,2019-02-12,00:00,0.0,1006.9,1007.1,1006.5,8,23.9,22.8,24.4,23.9,23.3,22.7,94,93,93,45,4.0,0.0,N,PA,BRAGANCA,A226,-1.047258,-46.78579,41.0
253,2019-02-12,04:00,0.0,1006.3,1006.7,1006.3,-9999,24.1,23.1,24.4,24.1,23.3,23.0,94,94,94,251,0.0,0.0,N,PA,BRAGANCA,A226,-1.047258,-46.78579,41.0
254,2019-02-12,08:00,0.0,1005.8,1005.9,1005.5,-9999,24.8,23.9,24.8,24.3,23.9,23.4,95,95,95,71,0.0,0.0,N,PA,BRAGANCA,A226,-1.047258,-46.78579,41.0
255,2019-02-12,12:00,2.0,1008.6,1008.7,1007.9,4,27.5,26.1,27.5,26.0,26.2,24.9,94,91,92,11,5.0,1.3,N,PA,BRAGANCA,A226,-1.047258,-46.78579,41.0
256,2019-02-12,16:00,0.0,1006.8,1007.9,1006.8,185,31.2,24.0,31.9,29.7,25.3,23.5,72,64,66,25,7.5,2.2,N,PA,BRAGANCA,A226,-1.047258,-46.78579,41.0
257,2019-02-12,20:00,0.0,1005.2,1005.2,1004.9,48,28.6,23.9,29.7,28.2,24.7,23.5,79,71,76,16,6.3,1.6,N,PA,BRAGANCA,A226,-1.047258,-46.78579,41.0
258,2019-02-13,00:00,1.8,1008.0,1008.0,1007.4,-9999,25.6,23.9,26.1,25.5,24.1,23.7,91,88,91,53,3.6,0.8,N,PA,BRAGANCA,A226,-1.047258,-46.78579,41.0
259,2019-02-13,04:00,6.4,1007.4,1008.8,1007.4,-9999,24.1,23.0,25.1,24.1,23.8,23.0,94,92,94,33,7.5,0.1,N,PA,BRAGANCA,A226,-1.047258,-46.78579,41.0
260,2019-02-13,08:00,9.0,1007.2,1007.4,1006.2,-9999,23.0,22.1,24.7,22.1,23.7,20.7,95,91,95,39,9.8,0.9,N,PA,BRAGANCA,A226,-1.047258,-46.78579,41.0
261,2019-02-13,12:00,0.0,1009.1,1009.1,1008.5,-9999,26.6,25.2,26.6,25.0,25.2,23.8,94,92,92,41,3.0,0.3,N,PA,BRAGANCA,A226,-1.047258,-46.78579,41.0
262,2019-02-13,16:00,0.0,1007.5,1008.4,1007.5,158,29.9,24.4,31.0,28.5,25.4,22.8,76,67,72,32,8.7,2.0,N,PA,BRAGANCA,A226,-1.047258,-46.78579,41.0
263,2019-02-13,20:00,0.0,1006.4,1006.4,1006.0,14,27.1,23.7,27.2,27.0,24.0,23.4,83,80,82,51,3.3,0.1,N,PA,BRAGANCA,A226,-1.047258,-46.78579,41.0
264,2019-02-14,00:00,0.0,1007.8,1007.9,1007.5,5,25.2,23.5,25.2,25.1,23.5,23.4,91,90,90,25,3.0,0.2,N,PA,BRAGANCA,A226,-1.047258,-46.78579,41.0
265,2019-02-14,04:00,1.2,1007.4,1008.1,1007.3,-9999,25.3,23.7,25.6,25.3,23.8,23.6,91,89,91,34,3.6,0.6,N,PA,BRAGANCA,A226,-1.047258,-46.78579,41.0
266,2019-02-14,08:00,0.2,1006.8,1006.9,1006.6,19,25.3,24.0,25.5,25.3,24.2,23.9,93,92,93,25,1.9,0.0,N,PA,BRAGANCA,A226,-1.047258,-46.78579,41.0
267,2019-02-14,12:00,0.0,1009.3,1009.3,1008.4,6,27.0,25.3,27.0,25.6,25.3,24.3,92,90,90,28,3.8,0.7,N,PA,BRAGANCA,A226,-1.047258,-46.78579,41.0
268,2019-02-14,16:00,0.0,1007.4,1008.2,1007.4,282,30.3,23.4,31.9,30.0,24.5,22.3,68,62,67,38,10.1,2.4,N,PA,BRAGANCA,A226,-1.047258,-46.78579,41.0
269,2019-02-14,20:00,0.0,1007.3,1007.3,1007.0,21,27.4,23.0,27.8,27.3,23.1,22.7,77,75,77,59,4.7,1.1,N,PA,BRAGANCA,A226,-1.047258,-46.78579,41.0
270,2019-02-15,00:00,0.0,1008.5,1008.7,1008.0,-9999,23.5,22.2,23.6,23.4,22.3,22.1,92,92,92,10,3.3,0.1,N,PA,BRAGANCA,A226,-1.047258,-46.78579,41.0
271,2019-02-15,04:00,0.0,1008.9,1009.1,1008.7,-9999,23.8,22.4,24.0,23.8,22.7,22.4,92,92,92,169,2.2,0.1,N,PA,BRAGANCA,A226,-1.047258,-46.78579,41.0
272,2019-02-15,08:00,0.0,1007.7,1008.0,1007.6,-9999,23.1,21.9,23.4,23.1,22.2,21.9,93,93,93,150,2.6,0.0,N,PA,BRAGANCA,A226,-1.047258,-46.78579,41.0
273,2019-02-15,12:00,0.0,1009.5,1009.5,1008.9,11,25.2,23.9,25.2,23.6,23.9,22.4,93,92,92,275,0.0,0.0,N,PA,BRAGANCA,A226,-1.047258,-46.78579,41.0
274,2019-02-15,16:00,0.0,1008.4,1009.2,1008.4,71,28.6,23.1,29.2,28.2,24.0,22.9,75,70,72,14,5.8,2.1,N,PA,BRAGANCA,A226,-1.047258,-46.78579,41.0
275,2019-02-15,20:00,0.0,1006.3,1006.4,1006.1,40,28.7,23.0,28.7,27.9,23.0,22.5,75,71,71,2,6.3,3.2,N,PA,BRAGANCA,A226,-1.047258,-46.78579,41.0
276,2019-02-16,00:00,0.0,1008.2,1008.2,1007.3,-9999,25.3,22.6,25.4,25.2,22.9,22.4,86,83,85,15,1.9,0.0,N,PA,BRAGANCA,A226,-1.047258,-46.78579,41.0
277,2019-02-16,04:00,0.0,1008.3,1008.6,1008.3,-9999,25.1,22.7,25.3,25.0,22.8,22.5,87,86,86,35,1.9,0.0,N,PA,BRAGANCA,A226,-1.047258,-46.78579,41.0
278,2019-02-16,08:00,0.0,1007.3,1007.3,1006.8,-9999,24.8,22.8,24.9,24.8,23.0,22.8,90,89,89,351,2.6,0.1,N,PA,BRAGANCA,A226,-1.047258,-46.78579,41.0
279,2019-02-16,12:00,0.0,1008.9,1009.0,1008.4,14,29.6,23.6,29.6,26.5,24.4,23.0,84,69,70,23,5.0,0.7,N,PA,BRAGANCA,A226,-1.047258,-46.78579,41.0
280,2019-02-16,16:00,0.0,1007.5,1008.2,1007.5,73,28.2,22.7,30.6,28.2,24.3,22.5,72,65,72,340,9.3,4.5,N,PA,BRAGANCA,A226,-1.047258,-46.78579,41.0
281,2019-02-16,20:00,0.0,1005.3,1005.4,1005.2,12,27.2,23.1,28.4,27.2,23.4,22.2,78,71,78,345,8.6,2.8,N,PA,BRAGANCA,A226,-1.047258,-46.78579,41.0
282,2019-02-17,00:00,0.0,1007.9,1007.9,1006.9,-9999,25.9,23.9,26.1,25.9,24.0,23.8,89,87,89,355,2.7,0.2,N,PA,BRAGANCA,A226,-1.047258,-46.78579,41.0
283,2019-02-17,04:00,0.0,1007.3,1008.2,1007.3,-9999,25.1,23.9,25.3,25.1,24.1,23.8,93,92,93,350,4.2,0.6,N,PA,BRAGANCA,A226,-1.047258,-46.78579,41.0
284,2019-02-17,08:00,0.6,1006.0,1006.1,1005.8,-9999,24.8,24.1,25.2,24.7,24.5,23.9,96,95,96,319,4.0,0.0,N,PA,BRAGANCA,A226,-1.047258,-46.78579,41.0
285,2019-02-17,12:00,0.0,1008.8,1008.9,1008.0,-9999,26.0,25.2,26.1,25.4,25.3,24.7,96,95,95,178,1.4,0.0,N,PA,BRAGANCA,A226,-1.047258,-46.78579,41.0
286,2019-02-17,16:00,0.0,1007.9,1008.7,1007.9,70,31.2,24.6,31.9,29.6,25.7,24.1,77,66,68,34,6.9,2.5,N,PA,BRAGANCA,A226,-1.047258,-46.78579,41.0
287,2019-02-17,20:00,0.0,1005.6,1006.1,1005.6,19,28.2,24.2,28.5,27.7,25.1,24.2,84,79,79,33,4.9,0.9,N,PA,BRAGANCA,A226,-1.047258,-46.78579,41.0
288,2019-02-18,00:00,0.0,1008.4,1008.4,1007.5,-9999,26.0,24.9,26.2,25.9,24.9,24.7,94,92,94,353,1.2,0.0,N,PA,BRAGANCA,A226,-1.047258,-46.78579,41.0
289,2019-02-18,04:00,6.0,1007.8,1008.8,1007.8,-9999,24.7,24.0,24.9,24.6,24.2,23.8,96,95,96,56,1.3,0.0,N,PA,BRAGANCA,A226,-1.047258,-46.78579,41.0
290,2019-02-18,08:00,5.0,1007.1,1007.1,1006.7,-9999,23.3,22.8,23.8,23.2,23.3,22.7,97,97,97,65,7.1,2.4,N,PA,BRAGANCA,A226,-1.047258,-46.78579,41.0
291,2019-02-18,12:00,1.4,1009.2,1009.2,1008.7,-9999,23.9,23.4,23.9,23.6,23.4,23.0,97,97,97,144,2.6,0.0,N,PA,BRAGANCA,A226,-1.047258,-46.78579,41.0
292,2019-02-18,16:00,0.0,1008.6,1009.3,1008.6,20,28.4,24.4,30.6,27.5,26.6,24.4,88,74,79,32,7.2,2.3,N,PA,BRAGANCA,A226,-1.047258,-46.78579,41.0
293,2019-02-18,20:00,35.4,1007.0,1007.4,1006.8,1,23.8,23.0,24.1,23.5,23.1,22.6,95,93,95,95,10.2,1.5,N,PA,BRAGANCA,A226,-1.047258,-46.78579,41.0
294,2019-02-19,00:00,0.0,1009.4,1009.4,1008.8,-9999,23.9,23.2,24.0,23.9,23.3,23.2,96,96,96,204,2.1,0.0,N,PA,BRAGANCA,A226,-1.047258,-46.78579,41.0
295,2019-02-19,04:00,0.2,1009.1,1009.8,1009.1,-9999,24.0,23.3,24.0,23.8,23.3,23.1,96,96,96,228,2.5,0.0,N,PA,BRAGANCA,A226,-1.047258,-46.78579,41.0
296,2019-02-19,08:00,4.4,1007.5,1007.6,1007.2,-9999,23.7,23.0,23.9,23.7,23.2,23.0,96,96,96,91,3.6,0.3,N,PA,BRAGANCA,A226,-1.047258,-46.78579,41.0
297,2019-02-19,12:00,0.0,1009.4,1009.5,1008.6,-9999,24.7,23.9,24.9,23.9,24.1,23.2,96,95,95,98,2.0,0.3,N,PA,BRAGANCA,A226,-1.047258,-46.78579,41.0
298,2019-02-19,16:00,0.2,1008.4,1009.1,1008.4,38,28.0,24.2,28.6,27.8,25.1,24.1,82,78,80,65,9.6,4.3,N,PA,BRAGANCA,A226,-1.047258,-46.78579,41.0
299,2019-02-19,20:00,0.0,1005.3,1005.4,1005.2,127,27.6,23.2,28.8,27.5,23.5,22.8,78,71,77,51,7.1,2.1,N,PA,BRAGANCA,A226,-1.047258,-46.78579,41.0
300,2019-02-20,00:00,0.0,1008.6,1008.6,1007.7,-9999,24.9,23.4,25.0,24.8,23.4,23.1,91,89,91,46,1.6,0.0,N,PA,BRAGANCA,A226,-1.047258,-46.78579,41.0
301,2019-02-20,04:00,0.0,1006.9,1008.3,1006.9,-9999,24.3,23.1,24.6,24.3,23.1,23.0,93,92,93,335,1.3,0.0,N,PA,BRAGANCA,A226,-1.047258,-46.78579,41.0
302,2019-02-20,08:00,0.0,1006.0,1006.1,1005.6,-9999,24.5,23.5,24.5,24.3,23.5,23.3,94,94,94,139,0.0,0.0,N,PA,BRAGANCA,A226,-1.047258,-46.78579,41.0
303,2019-02-20,12:00,0.0,1008.5,1008.5,1007.8,-9999,26.0,24.9,26.0,25.0,25.0,24.1,94,94,94,358,3.1,0.0,N,PA,BRAGANCA,A226,-1.047258,-46.78579,41.0
304,2019-02-20,16:00,0.0,1007.3,1008.1,1007.3,103,31.0,24.3,31.1,28.6,26.4,23.9,87,67,68,40,5.8,1.7,N,PA,BRAGANCA,A226,-1.047258,-46.78579,41.0
305,2019-02-20,20:00,0.0,1004.6,1004.8,1004.6,47,27.1,24.0,27.7,27.1,24.1,23.7,83,79,83,55,5.0,0.1,N,PA,BRAGANCA,A226,-1.047258,-46.78579,41.0
306,2019-02-21,00:00,3.8,1007.3,1007.3,1006.2,-9999,25.4,24.1,25.8,25.4,24.5,24.1,93,91,93,321,3.1,0.2,N,PA,BRAGANCA,A226,-1.047258,-46.78579,41.0
307,2019-02-21,04:00,0.0,1006.5,1006.9,1006.5,-9999,25.1,24.1,25.3,24.9,24.2,23.8,94,94,94,73,2.7,0.7,N,PA,BRAGANCA,A226,-1.047258,-46.78579,41.0
308,2019-02-21,08:00,0.4,1006.2,1006.2,1005.8,-9999,25.2,24.2,25.3,25.0,24.3,24.1,94,94,94,89,2.2,0.0,N,PA,BRAGANCA,A226,-1.047258,-46.78579,41.0
309,2019-02-21,12:00,0.2,1008.6,1008.6,1007.8,7,28.0,26.6,28.0,26.2,26.6,25.1,94,92,92,42,3.3,0.8,N,PA,BRAGANCA,A226,-1.047258,-46.78579,41.0
310,2019-02-21,16:00,0.0,1007.6,1008.4,1007.6,36,27.8,24.8,28.3,27.7,25.3,24.5,84,81,83,332,6.5,1.7,N,PA,BRAGANCA,A226,-1.047258,-46.78579,41.0
311,2019-02-21,20:00,0.4,1006.4,1006.4,1006.1,-9999,25.2,24.1,25.3,25.0,24.2,23.9,94,93,94,322,4.0,0.2,N,PA,BRAGANCA,A226,-1.047258,-46.78579,41.0
312,2019-02-22,00:00,4.6,1009.5,1009.7,1008.6,-9999,23.4,22.4,24.6,23.4,23.6,22.4,95,94,94,80,7.7,4.2,N,PA,BRAGANCA,A226,-1.047258,-46.78579,41.0
313,2019-02-22,04:00,0.2,1008.2,1009.3,1008.2,-9999,23.1,22.2,23.1,22.6,22.2,21.7,95,95,95,93,3.6,0.1,N,PA,BRAGANCA,A226,-1.047258,-46.78579,41.0
314,2019-02-22,08:00,0.4,1008.0,1008.3,1008.0,7,23.2,22.3,23.2,23.2,22.4,22.3,95,95,95,300,3.1,0.0,N,PA,BRAGANCA,A226,-1.047258,-46.78579,41.0
315,2019-02-22,12:00,0.0,1009.9,1009.9,1009.5,-9999,24.2,23.2,24.2,23.2,23.2,22.3,95,94,94,20,1.7,0.0,N,PA,BRAGANCA,A226,-1.047258,-46.78579,41.0
316,2019-02-22,16:00,0.0,1009.1,1009.7,1009.1,181,28.5,22.3,29.8,27.9,24.3,22.1,78,68,69,62,6.5,3.3,N,PA,BRAGANCA,A226,-1.047258,-46.78579,41.0
317,2019-02-22,20:00,0.0,1007.0,1007.1,1006.9,93,27.3,22.9,28.5,27.3,23.4,22.5,78,73,77,51,4.9,1.4,N,PA,BRAGANCA,A226,-1.047258,-46.78579,41.0
318,2019-02-23,00:00,0.0,1008.5,1008.5,1008.1,-9999,24.0,22.1,24.4,24.0,22.1,21.9,89,86,89,6,1.1,0.0,N,PA,BRAGANCA,A226,-1.047258,-46.78579,41.0
319,2019-02-23,04:00,0.0,1008.9,1009.2,1008.9,-9999,24.1,22.6,24.4,24.0,22.9,22.6,92,91,92,128,2.0,0.0,N,PA,BRAGANCA,A226,-1.047258,-46.78579,41.0
320,2019-02-23,08:00,0.0,1007.0,1007.1,1007.0,-9999,23.5,22.0,23.7,23.5,22.3,22.0,92,91,91,155,0.0,0.0,N,PA,BRAGANCA,A226,-1.047258,-46.78579,41.0
321,2019-02-23,12:00,0.0,1008.6,1008.6,1008.2,20,27.7,22.3,27.7,25.4,23.3,22.1,87,72,73,54,3.3,1.2,N,PA,BRAGANCA,A226,-1.047258,-46.78579,41.0
322,2019-02-23,16:00,0.0,1007.6,1008.4,1007.6,178,31.8,23.3,31.8,29.7,24.4,22.2,68,60,61,32,6.1,1.7,N,PA,BRAGANCA,A226,-1.047258,-46.78579,41.0
323,2019-02-23,20:00,0.0,1004.7,1004.8,1004.6,199,29.3,23.3,31.7,29.2,23.4,22.3,70,58,70,347,7.8,3.3,N,PA,BRAGANCA,A226,-1.047258,-46.78579,41.0
324,2019-02-24,00:00,0.0,1007.5,1007.5,1006.9,-9999,25.5,24.0,25.5,25.1,24.0,23.4,91,90,91,126,0.0,0.0,N,PA,BRAGANCA,A226,-1.047258,-46.78579,41.0
325,2019-02-24,04:00,1.2,1007.7,1008.3,1007.7,-9999,24.5,23.3,24.6,24.1,23.4,22.9,93,93,93,126,2.0,0.0,N,PA,BRAGANCA,A226,-1.047258,-46.78579,41.0
326,2019-02-24,08:00,0.4,1006.9,1006.9,1006.7,-9999,23.1,22.1,23.3,23.0,22.3,22.1,94,94,94,252,0.0,0.0,N,PA,BRAGANCA,A226,-1.047258,-46.78579,41.0
327,2019-02-24,12:00,0.0,1009.1,1009.2,1008.3,-9999,24.5,23.3,24.7,23.9,23.6,22.9,94,93,93,8,0.0,0.0,N,PA,BRAGANCA,A226,-1.047258,-46.78579,41.0
328,2019-02-24,16:00,0.2,1008.0,1008.5,1008.0,5,26.6,24.7,26.6,23.9,24.7,22.2,91,89,90,7,5.0,1.5,N,PA,BRAGANCA,A226,-1.047258,-46.78579,41.0
329,2019-02-24,20:00,1.8,1005.7,1005.8,1005.6,1,24.5,23.2,24.5,23.8,23.2,22.5,93,92,93,8,4.1,0.5,N,PA,BRAGANCA,A226,-1.047258,-46.78579,41.0
330,2019-02-25,00:00,0.4,1007.8,1007.8,1007.0,-9999,24.1,22.8,24.3,24.1,23.0,22.8,93,93,93,54,6.2,1.8,N,PA,BRAGANCA,A226,-1.047258,-46.78579,41.0
331,2019-02-25,04:00,0.0,1006.8,1007.5,1006.8,6,24.3,22.9,24.4,24.3,23.0,22.8,92,92,92,23,2.8,0.0,N,PA,BRAGANCA,A226,-1.047258,-46.78579,41.0
332,2019-02-25,08:00,0.2,1005.8,1005.8,1005.4,-9999,24.0,22.7,24.4,24.0,23.1,22.7,93,92,92,113,0.4,0.0,N,PA,BRAGANCA,A226,-1.047258,-46.78579,41.0
333,2019-02-25,12:00,0.0,1008.1,1008.1,1007.5,10,27.6,24.8,27.7,24.7,25.1,23.3,92,84,84,156,1.4,0.0,N,PA,BRAGANCA,A226,-1.047258,-46.78579,41.0
334,2019-02-25,16:00,0.2,1007.1,1007.8,1007.1,155,30.7,22.0,32.2,30.6,23.1,21.4,61,55,60,26,7.1,2.3,N,PA,BRAGANCA,A226,-1.047258,-46.78579,41.0
335,2019-02-25,20:00,0.0,1005.1,1005.1,1005.0,35,28.6,22.6,29.1,28.6,23.2,22.5,71,68,70,17,5.0,0.4,N,PA,BRAGANCA,A226,-1.047258,-46.78579,41.0
336,2019-02-26,00:00,0.0,1007.5,1007.5,1006.5,-9999,25.3,23.1,25.5,25.3,23.1,22.7,88,84,88,353,2.6,0.1,N,PA,BRAGANCA,A226,-1.047258,-46.78579,41.0
337,2019-02-26,04:00,1.0,1007.0,1007.5,1007.0,-9999,24.5,23.2,25.0,24.5,23.7,23.2,93,92,93,24,3.6,0.0,N,PA,BRAGANCA,A226,-1.047258,-46.78579,41.0
338,2019-02-26,08:00,5.2,1006.6,1006.7,1006.3,29,24.0,22.8,24.5,24.0,23.4,22.8,93,93,93,131,4.6,2.3,N,PA,BRAGANCA,A226,-1.047258,-46.78579,41.0
339,2019-02-26,12:00,0.0,1009.4,1009.4,1008.0,48,23.6,22.5,23.9,23.5,22.8,22.4,94,93,93,298,2.9,0.0,N,PA,BRAGANCA,A226,-1.047258,-46.78579,41.0
340,2019-02-26,16:00,8.8,1008.9,1009.1,1008.7,2,23.5,22.1,26.3,23.3,24.3,21.7,92,86,92,52,9.7,1.8,N,PA,BRAGANCA,A226,-1.047258,-46.78579,41.0
341,2019-02-26,20:00,0.0,1006.6,1006.6,1006.2,70,24.4,23.2,24.7,24.0,23.5,22.8,93,93,93,48,5.3,0.4,N,PA,BRAGANCA,A226,-1.047258,-46.78579,41.0
342,2019-02-27,00:00,0.0,1009.0,1009.0,1007.8,60,23.8,22.6,24.0,23.7,22.8,22.6,93,93,93,246,1.1,0.0,N,PA,BRAGANCA,A226,-1.047258,-46.78579,41.0
343,2019-02-27,04:00,0.2,1008.2,1009.0,1008.2,35,23.7,22.6,23.9,23.7,22.8,22.6,94,94,94,171,0.0,0.0,N,PA,BRAGANCA,A226,-1.047258,-46.78579,41.0
344,2019-02-27,08:00,0.0,1007.5,1007.5,1007.1,46,23.7,22.7,23.8,23.7,22.8,22.6,94,94,94,164,0.0,0.0,N,PA,BRAGANCA,A226,-1.047258,-46.78579,41.0
345,2019-02-27,12:00,2.0,1009.9,1010.0,1009.0,131,25.2,23.9,25.3,24.1,24.1,23.1,94,92,93,10,5.6,1.0,N,PA,BRAGANCA,A226,-1.047258,-46.78579,41.0
346,2019-02-27,16:00,0.0,1008.7,1009.4,1008.6,25,28.1,22.3,29.0,27.9,23.1,21.7,73,68,71,354,8.0,4.0,N,PA,BRAGANCA,A226,-1.047258,-46.78579,41.0
347,2019-02-27,20:00,0.0,1006.3,1006.3,1006.2,11,27.1,22.0,29.4,27.1,23.3,21.9,75,68,74,8,7.0,2.6,N,PA,BRAGANCA,A226,-1.047258,-46.78579,41.0
348,2019-02-28,00:00,0.2,1008.8,1008.8,1008.1,1,24.9,22.7,25.2,24.7,23.0,22.4,88,87,88,327,3.6,0.0,N,PA,BRAGANCA,A226,-1.047258,-46.78579,41.0
349,2019-02-28,04:00,0.2,1008.9,1009.7,1008.9,58,22.5,21.4,22.7,22.4,21.6,21.3,93,93,93,29,7.3,0.0,N,PA,BRAGANCA,A226,-1.047258,-46.78579,41.0
350,2019-02-28,08:00,0.0,1008.0,1008.1,1007.7,7,22.7,21.7,22.8,22.5,21.8,21.5,94,94,94,5,0.0,0.0,N,PA,BRAGANCA,A226,-1.047258,-46.78579,41.0
351,2019-02-28,12:00,0.0,1010.7,1010.7,1009.7,73,24.5,23.3,24.6,23.5,23.5,22.5,94,94,94,352,2.4,0.0,N,PA,BRAGANCA,A226,-1.047258,-46.78579,41.0
352,2019-02-28,16:00,0.0,1009.7,1010.6,1009.7,17,30.0,23.4,30.0,27.7,23.9,21.6,76,66,68,32,5.0,1.4,N,PA,BRAGANCA,A226,-1.047258,-46.78579,41.0
353,2019-02-28,20:00,0.0,1006.8,1007.0,1006.8,24,26.7,21.6,29.5,26.7,23.1,21.5,73,67,73,11,7.6,2.0,N,PA,BRAGANCA,A226,-1.047258,-46.78579,41.0
354,2019-03-01,00:00,0.0,1009.9,1009.9,1009.2,-9999,24.1,22.5,24.3,24.1,22.6,22.4,91,90,91,344,0.0,0.0,N,PA,BRAGANCA,A226,-1.047258,-46.78579,41.0
355,2019-03-01,04:00,0.0,1009.1,1010.1,1009.1,17,23.7,22.5,23.9,23.7,22.7,22.5,93,93,93,258,0.0,0.0,N,PA,BRAGANCA,A226,-1.047258,-46.78579,41.0
356,2019-03-01,08:00,0.0,1008.5,1008.5,1007.9,98,23.7,22.8,23.7,23.6,22.8,22.6,94,94,94,290,2.1,0.0,N,PA,BRAGANCA,A226,-1.047258,-46.78579,41.0
357,2019-03-01,12:00,3.6,1012.1,1012.1,1011.4,116,21.3,20.6,21.3,21.0,20.7,20.3,96,96,96,212,1.9,0.1,N,PA,BRAGANCA,A226,-1.047258,-46.78579,41.0
358,2019-03-01,16:00,2.8,1011.2,1012.1,1011.2,95,22.7,21.9,22.9,22.5,22.0,21.7,95,95,95,30,3.4,0.0,N,PA,BRAGANCA,A226,-1.047258,-46.78579,41.0
359,2019-03-01,20:00,0.0,1008.2,1008.4,1008.1,-9999,23.7,22.4,24.0,23.1,22.7,22.0,94,92,92,127,0.0,0.0,N,PA,BRAGANCA,A226,-1.047258,-46.78579,41.0
360,2019-03-02,00:00,0.0,1010.5,1010.5,1009.9,40,22.8,21.8,23.0,22.7,21.9,21.6,94,93,94,82,0.0,0.0,N,PA,BRAGANCA,A226,-1.047258,-46.78579,41.0
361,2019-03-02,04:00,0.0,1009.6,1010.4,1009.6,3,22.3,21.4,22.4,22.2,21.5,21.3,95,94,95,243,0.0,0.0,N,PA,BRAGANCA,A226,-1.047258,-46.78579,41.0
362,2019-03-02,08:00,0.0,1008.4,1008.4,1008.3,36,22.6,21.6,22.6,22.3,21.7,21.4,95,94,94,349,0.0,0.0,N,PA,BRAGANCA,A226,-1.047258,-46.78579,41.0
363,2019-03-02,12:00,0.0,1011.0,1011.0,1010.2,66,26.5,24.4,26.5,24.7,24.6,23.6,93,88,88,334,4.0,2.3,N,PA,BRAGANCA,A226,-1.047258,-46.78579,41.0
364,2019-03-02,16:00,0.0,1009.3,1010.2,1009.3,26,30.3,22.8,30.7,28.9,24.1,21.9,70,62,64,8,6.2,2.1,N,PA,BRAGANCA,A226,-1.047258,-46.78579,41.0
365,2019-03-02,20:00,0.0,1007.4,1007.4,1006.8,7,27.1,22.1,28.5,27.1,22.4,21.2,75,66,74,358,7.2,3.0,N,PA,BRAGANCA,A226,-1.047258,-46.78579,41.0
366,2019-03-03,00:00,1.6,1009.5,1009.5,1008.7,4,24.3,22.7,25.5,24.3,23.2,22.7,91,87,91,75,5.2,2.6,N,PA,BRAGANCA,A226,-1.047258,-46.78579,41.0
367,2019-03-03,04:00,0.4,1009.4,1010.3,1009.4,29,23.8,22.7,23.9,23.8,22.7,22.6,93,93,93,315,4.1,0.0,N,PA,BRAGANCA,A226,-1.047258,-46.78579,41.0
368,2019-03-03,08:00,0.0,1007.7,1007.7,1007.3,81,23.8,22.9,24.1,23.8,23.1,22.9,95,94,95,7,0.4,0.0,N,PA,BRAGANCA,A226,-1.047258,-46.78579,41.0
369,2019-03-03,12:00,0.0,1010.4,1010.5,1009.5,3,26.9,24.1,27.4,25.2,25.5,23.9,94,85,85,17,2.9,0.4,N,PA,BRAGANCA,A226,-1.047258,-46.78579,41.0
370,2019-03-03,16:00,0.4,1009.3,1010.4,1009.3,7,24.8,23.6,24.8,23.7,23.6,22.6,94,93,93,347,3.5,0.0,N,PA,BRAGANCA,A226,-1.047258,-46.78579,41.0
371,2019-03-03,20:00,0.0,1006.3,1006.9,1006.2,-9999,25.8,22.2,26.6,25.7,23.2,22.2,85,79,80,56,5.3,2.0,N,PA,BRAGANCA,A226,-1.047258,-46.78579,41.0
372,2019-03-04,00:00,0.0,1008.9,1008.9,1008.2,8,23.6,22.3,23.9,23.6,22.4,22.2,92,91,92,64,0.0,0.0,N,PA,BRAGANCA,A226,-1.047258,-46.78579,41.0
373,2019-03-04,04:00,0.0,1008.3,1009.2,1008.3,38,23.2,22.1,23.2,22.9,22.1,21.9,94,94,94,318,0.0,0.0,N,PA,BRAGANCA,A226,-1.047258,-46.78579,41.0
374,2019-03-04,08:00,0.0,1007.3,1007.3,1006.9,46,23.9,22.8,23.9,23.6,22.9,22.5,94,94,94,42,0.0,0.0,N,PA,BRAGANCA,A226,-1.047258,-46.78579,41.0
375,2019-03-04,12:00,0.0,1010.1,1010.1,1009.3,54,27.8,24.2,27.8,25.2,25.3,24.0,93,81,81,4,4.9,1.6,N,PA,BRAGANCA,A226,-1.047258,-46.78579,41.0
376,2019-03-04,16:00,0.0,1008.8,1009.6,1008.8,-9999,29.9,23.4,30.0,28.0,24.1,22.4,77,68,68,21,9.9,3.4,N,PA,BRAGANCA,A226,-1.047258,-46.78579,41.0
377,2019-03-04,20:00,0.4,1007.0,1007.0,1006.6,-9999,26.2,22.5,26.6,25.8,23.4,22.4,85,80,80,7,5.7,2.3,N,PA,BRAGANCA,A226,-1.047258,-46.78579,41.0
378,2019-03-05,00:00,7.8,1009.5,1009.5,1008.2,12,23.7,22.4,25.1,23.7,23.5,22.4,92,90,92,60,6.9,2.8,N,PA,BRAGANCA,A226,-1.047258,-46.78579,41.0
379,2019-03-05,04:00,0.4,1009.2,1010.0,1009.2,77,23.6,22.6,23.7,23.5,22.6,22.5,94,94,94,93,3.0,0.6,N,PA,BRAGANCA,A226,-1.047258,-46.78579,41.0
380,2019-03-05,08:00,0.0,1007.9,1008.0,1007.8,33,23.3,22.4,23.4,23.2,22.5,22.3,95,95,95,210,1.2,0.0,N,PA,BRAGANCA,A226,-1.047258,-46.78579,41.0
381,2019-03-05,12:00,7.0,1011.1,1011.1,1010.1,108,24.6,23.6,24.6,23.9,23.6,22.9,94,94,94,44,2.5,0.5,N,PA,BRAGANCA,A226,-1.047258,-46.78579,41.0
382,2019-03-05,16:00,0.0,1009.3,1010.0,1009.3,-9999,27.9,23.3,28.2,26.3,24.1,22.7,83,75,76,61,7.1,2.6,N,PA,BRAGANCA,A226,-1.047258,-46.78579,41.0
383,2019-03-05,20:00,0.0,1006.8,1006.9,1006.6,2,27.0,22.5,28.4,26.9,23.0,21.6,77,70,77,37,7.1,1.1,N,PA,BRAGANCA,A226,-1.047258,-46.78579,41.0
384,2019-03-06,00:00,0.0,1009.2,1009.2,1008.5,-9999,25.0,23.3,25.2,24.9,23.3,23.0,90,88,90,37,2.4,0.0,N,PA,BRAGANCA,A226,-1.047258,-46.78579,41.0
385,2019-03-06,04:00,0.0,1009.2,1010.2,1009.2,20,24.0,22.9,24.3,24.0,23.1,22.8,93,93,93,9,0.0,0.0,N,PA,BRAGANCA,A226,-1.047258,-46.78579,41.0
386,2019-03-06,08:00,0.0,1007.8,1007.8,1007.5,62,23.6,22.7,24.0,23.6,23.0,22.7,94,94,94,150,0.0,0.0,N,PA,BRAGANCA,A226,-1.047258,-46.78579,41.0
387,2019-03-06,12:00,0.0,1011.0,1011.0,1010.2,9,24.8,23.4,25.1,23.8,23.8,22.7,94,92,92,70,2.9,0.2,N,PA,BRAGANCA,A226,-1.047258,-46.78579,41.0
388,2019-03-06,16:00,0.0,1009.4,1010.4,1009.4,1,29.2,23.8,29.9,28.6,24.8,23.4,77,70,73,44,5.8,2.2,N,PA,BRAGANCA,A226,-1.047258,-46.78579,41.0
389,2019-03-06,20:00,0.0,1007.2,1007.2,1007.0,-9999,27.6,22.8,29.3,27.5,23.5,22.1,75,68,75,4,9.9,3.8,N,PA,BRAGANCA,A226,-1.047258,-46.78579,41.0
390,2019-03-07,00:00,1.8,1010.2,1010.2,1009.1,0,23.9,22.5,25.4,23.9,23.3,22.3,92,88,92,22,8.5,0.3,N,PA,BRAGANCA,A226,-1.047258,-46.78579,41.0
391,2019-03-07,04:00,0.2,1009.3,1010.4,1009.3,16,24.0,23.0,24.2,24.0,23.1,22.9,94,94,94,323,0.0,0.0,N,PA,BRAGANCA,A226,-1.047258,-46.78579,41.0
392,2019-03-07,08:00,4.2,1008.7,1009.0,1008.7,43,22.9,22.0,23.3,22.9,22.3,22.0,95,94,95,247,7.6,0.0,N,PA,BRAGANCA,A226,-1.047258,-46.78579,41.0
393,2019-03-07,12:00,4.2,1012.0,1012.0,1010.8,83,23.8,23.0,24.2,23.5,23.2,22.6,95,94,95,113,7.6,4.8,N,PA,BRAGANCA,A226,-1.047258,-46.78579,41.0
394,2019-03-07,16:00,0.0,1010.5,1011.4,1010.5,-9999,30.8,23.7,30.9,27.4,24.6,22.5,79,66,66,15,3.0,0.3,N,PA,BRAGANCA,A226,-1.047258,-46.78579,41.0
395,2019-03-07,20:00,0.0,1007.6,1007.7,1007.5,12,28.0,21.8,30.3,28.0,24.4,21.7,72,66,69,51,5.9,1.6,N,PA,BRAGANCA,A226,-1.047258,-46.78579,41.0
396,2019-03-08,00:00,0.0,1009.3,1009.3,1008.8,-9999,24.6,23.0,24.8,24.6,23.0,22.9,91,89,91,50,2.3,0.0,N,PA,BRAGANCA,A226,-1.047258,-46.78579,41.0
397,2019-03-08,04:00,0.0,1009.2,1009.8,1009.1,9,24.5,23.3,24.7,24.5,23.4,23.3,93,93,93,85,2.7,0.5,N,PA,BRAGANCA,A226,-1.047258,-46.78579,41.0
398,2019-03-08,08:00,0.0,1007.7,1007.9,1007.7,44,23.9,23.1,24.1,23.9,23.3,23.1,95,95,95,110,2.3,0.0,N,PA,BRAGANCA,A226,-1.047258,-46.78579,41.0
399,2019-03-08,12:00,0.0,1009.6,1009.6,1009.2,-9999,27.8,23.9,27.8,26.3,24.7,23.4,89,80,80,97,3.1,1.0,N,PA,BRAGANCA,A226,-1.047258,-46.78579,41.0
400,2019-03-08,16:00,0.0,1007.9,1009.0,1007.9,5,30.8,23.0,32.1,30.6,24.3,22.3,65,60,63,12,6.7,1.8,N,PA,BRAGANCA,A226,-1.047258,-46.78579,41.0
401,2019-03-08,20:00,0.0,1006.3,1006.8,1006.1,-9999,26.3,24.2,26.9,26.0,24.3,23.4,89,82,88,61,4.3,0.1,N,PA,BRAGANCA,A226,-1.047258,-46.78579,41.0
402,2019-03-09,00:00,0.0,1008.1,1008.3,1008.0,-9999,25.0,23.7,25.3,24.9,23.7,23.6,93,91,93,35,0.8,0.0,N,PA,BRAGANCA,A226,-1.047258,-46.78579,41.0
403,2019-03-09,04:00,0.2,1007.6,1008.1,1007.6,12,24.6,23.7,24.9,24.4,23.9,23.5,95,94,95,9,0.0,0.0,N,PA,BRAGANCA,A226,-1.047258,-46.78579,41.0
404,2019-03-09,08:00,2.0,1006.2,1006.5,1006.1,78,23.9,23.3,24.3,23.9,23.7,23.2,96,96,96,57,2.7,0.0,N,PA,BRAGANCA,A226,-1.047258,-46.78579,41.0
405,2019-03-09,12:00,0.0,1008.4,1008.4,1007.6,26,27.8,25.9,27.8,25.6,26.7,24.9,96,90,90,33,3.2,0.3,N,PA,BRAGANCA,A226,-1.047258,-46.78579,41.0
406,2019-03-09,16:00,0.2,1006.7,1008.1,1006.7,-9999,32.3,24.7,32.3,30.8,25.1,23.5,70,62,65,42,7.3,2.0,N,PA,BRAGANCA,A226,-1.047258,-46.78579,41.0
407,2019-03-09,20:00,0.0,1005.2,1005.3,1005.1,-9999,28.2,23.7,29.3,28.2,24.0,23.2,76,70,76,38,5.7,1.1,N,PA,BRAGANCA,A226,-1.047258,-46.78579,41.0
408,2019-03-10,00:00,0.0,1007.8,1007.8,1007.1,2,25.6,24.6,25.7,25.5,24.6,24.3,94,93,94,86,3.3,0.3,N,PA,BRAGANCA,A226,-1.047258,-46.78579,41.0
409,2019-03-10,04:00,0.6,1007.5,1008.7,1007.5,57,23.4,22.7,23.4,23.2,22.7,22.5,96,96,96,28,4.1,0.0,N,PA,BRAGANCA,A226,-1.047258,-46.78579,41.0
410,2019-03-10,08:00,0.0,1006.4,1006.4,1006.2,50,23.9,23.3,24.0,23.8,23.5,23.2,97,96,97,138,1.4,0.0,N,PA,BRAGANCA,A226,-1.047258,-46.78579,41.0
411,2019-03-10,12:00,0.0,1008.4,1008.4,1008.0,21,27.7,26.6,27.7,25.2,26.6,24.6,97,94,94,83,3.8,1.9,N,PA,BRAGANCA,A226,-1.047258,-46.78579,41.0
412,2019-03-10,16:00,0.0,1006.9,1007.9,1006.9,-9999,31.8,24.9,31.8,29.7,25.7,23.9,77,66,67,34,8.4,1.9,N,PA,BRAGANCA,A226,-1.047258,-46.78579,41.0
413,2019-03-10,20:00,0.0,1004.9,1005.0,1004.6,-9999,27.2,24.1,27.6,27.2,24.4,24.0,83,82,83,24,5.3,0.8,N,PA,BRAGANCA,A226,-1.047258,-46.78579,41.0
414,2019-03-11,00:00,0.2,1007.4,1007.4,1006.7,12,23.6,22.8,23.8,23.3,22.9,22.1,95,93,95,65,7.3,0.2,N,PA,BRAGANCA,A226,-1.047258,-46.78579,41.0
415,2019-03-11,04:00,0.8,1006.6,1007.6,1006.6,42,23.9,23.2,24.0,23.7,23.4,23.0,96,96,96,151,2.8,0.4,N,PA,BRAGANCA,A226,-1.047258,-46.78579,41.0
416,2019-03-11,08:00,0.2,1004.9,1004.9,1004.4,98,23.6,23.1,23.8,23.6,23.3,23.0,97,97,97,337,3.5,0.0,N,PA,BRAGANCA,A226,-1.047258,-46.78579,41.0
417,2019-03-11,12:00,1.4,1008.5,1008.5,1007.6,71,25.7,25.1,25.7,25.0,25.1,24.4,97,96,96,90,3.5,0.6,N,PA,BRAGANCA,A226,-1.047258,-46.78579,41.0
418,2019-03-11,16:00,0.0,1006.7,1007.9,1006.7,-9999,30.7,24.7,31.3,29.7,26.7,24.2,79,69,70,33,9.4,2.1,N,PA,BRAGANCA,A226,-1.047258,-46.78579,41.0
419,2019-03-11,20:00,0.0,1004.9,1004.9,1004.5,-9999,27.5,24.5,28.3,27.4,24.6,24.1,84,79,84,25,5.4,1.0,N,PA,BRAGANCA,A226,-1.047258,-46.78579,41.0
420,2019-03-12,00:00,0.0,1006.7,1006.7,1005.8,8,25.7,24.1,25.7,25.6,24.2,24.1,91,91,91,23,3.8,0.0,N,PA,BRAGANCA,A226,-1.047258,-46.78579,41.0
421,2019-03-12,04:00,0.0,1006.7,1007.4,1006.7,36,25.3,23.8,25.6,25.3,24.0,23.8,91,91,91,9,3.4,0.1,N,PA,BRAGANCA,A226,-1.047258,-46.78579,41.0
422,2019-03-12,08:00,0.0,1005.7,1005.7,1005.4,59,24.4,23.5,24.5,24.3,23.5,23.4,95,94,95,350,1.2,0.0,N,PA,BRAGANCA,A226,-1.047258,-46.78579,41.0
423,2019-03-12,12:00,0.0,1008.2,1008.2,1007.4,22,27.4,25.5,27.5,25.5,26.0,24.5,95,89,89,15,2.4,0.3,N,PA,BRAGANCA,A226,-1.047258,-46.78579,41.0
424,2019-03-12,16:00,0.6,1007.0,1008.0,1007.0,-9999,26.0,25.1,26.3,25.0,25.5,24.2,96,94,94,347,2.4,0.2,N,PA,BRAGANCA,A226,-1.047258,-46.78579,41.0
425,2019-03-12,20:00,0.0,1005.1,1005.5,1005.1,-9999,26.9,24.6,27.3,26.4,25.2,24.6,92,87,87,343,5.2,2.8,N,PA,BRAGANCA,A226,-1.047258,-46.78579,41.0
426,2019-03-13,00:00,2.6,1008.0,1008.0,1007.5,61,24.7,23.9,25.1,24.6,24.2,23.8,96,94,96,20,4.6,0.0,N,PA,BRAGANCA,A226,-1.047258,-46.78579,41.0
427,2019-03-13,04:00,0.0,1007.7,1008.6,1007.7,46,24.2,23.6,24.3,24.1,23.7,23.5,97,97,97,233,1.7,0.0,N,PA,BRAGANCA,A226,-1.047258,-46.78579,41.0
428,2019-03-13,08:00,0.2,1006.9,1007.2,1006.9,86,23.8,23.3,23.9,23.8,23.4,23.3,97,97,97,241,2.3,0.0,N,PA,BRAGANCA,A226,-1.047258,-46.78579,41.0
429,2019-03-13,12:00,0.0,1008.7,1008.8,1008.5,15,27.0,25.6,27.3,24.8,26.0,24.3,97,92,92,192,1.9,0.0,N,PA,BRAGANCA,A226,-1.047258,-46.78579,41.0
430,2019-03-13,16:00,0.0,1007.1,1008.3,1007.1,2,29.7,24.7,30.4,28.9,25.3,23.6,77,69,74,347,8.2,4.4,N,PA,BRAGANCA,A226,-1.047258,-46.78579,41.0
431,2019-03-13,20:00,0.0,1006.3,1006.5,1006.0,3,26.1,25.1,26.2,25.6,25.3,24.6,95,94,94,352,2.4,0.6,N,PA,BRAGANCA,A226,-1.047258,-46.78579,41.0
432,2019-03-14,00:00,0.0,1008.3,1008.3,1007.5,2,25.2,24.3,25.4,25.1,24.4,24.2,95,94,95,58,0.0,0.0,N,PA,BRAGANCA,A226,-1.047258,-46.78579,41.0
433,2019-03-14,04:00,0.2,1008.6,1008.9,1008.4,47,24.0,23.4,24.1,23.9,23.5,23.2,97,96,97,122,3.2,0.0,N,PA,BRAGANCA,A226,-1.047258,-46.78579,41.0
434,2019-03-14,08:00,1.6,1007.0,1007.4,1006.6,87,23.3,22.8,23.4,23.3,22.9,22.8,97,97,97,246,3.8,0.6,N,PA,BRAGANCA,A226,-1.047258,-46.78579,41.0
435,2019-03-14,12:00,0.0,1009.6,1009.6,1008.8,5,26.8,24.5,27.1,24.1,25.2,23.5,97,87,87,54,3.1,0.1,N,PA,BRAGANCA,A226,-1.047258,-46.78579,41.0
436,2019-03-14,16:00,0.0,1007.3,1007.9,1007.2,-9999,31.5,24.8,31.5,29.8,24.8,22.7,69,64,68,8,4.6,1.8,N,PA,BRAGANCA,A226,-1.047258,-46.78579,41.0
437,2019-03-14,20:00,0.0,1004.9,1005.0,1004.7,14,31.6,23.6,32.6,30.8,23.8,22.1,63,57,62,44,5.5,1.8,N,PA,BRAGANCA,A226,-1.047258,-46.78579,41.0
438,2019-03-15,00:00,0.0,1006.9,1006.9,1006.6,-9999,25.5,24.0,25.7,25.4,24.0,23.9,92,90,92,44,1.1,0.0,N,PA,BRAGANCA,A226,-1.047258,-46.78579,41.0
439,2019-03-15,04:00,0.0,1006.7,1007.7,1006.7,-9999,25.3,24.2,25.4,25.3,24.3,24.2,94,93,94,47,0.7,0.0,N,PA,BRAGANCA,A226,-1.047258,-46.78579,41.0
440,2019-03-15,08:00,0.0,1006.1,1006.1,1005.7,4,24.3,23.6,24.7,24.3,23.8,23.5,96,95,96,182,0.0,0.0,N,PA,BRAGANCA,A226,-1.047258,-46.78579,41.0
441,2019-03-15,12:00,8.8,1009.4,1009.6,1008.8,54,23.5,22.9,24.8,23.5,24.2,22.8,97,96,96,69,7.5,1.6,N,PA,BRAGANCA,A226,-1.047258,-46.78579,41.0
442,2019-03-15,16:00,0.0,1006.7,1008.1,1006.7,-9999,29.9,24.9,30.8,28.0,26.5,24.5,83,72,75,68,7.8,2.5,N,PA,BRAGANCA,A226,-1.047258,-46.78579,41.0
443,2019-03-15,20:00,0.0,1004.8,1004.8,1004.6,-9999,27.1,21.8,29.8,27.0,23.5,21.1,73,67,73,37,3.8,0.3,N,PA,BRAGANCA,A226,-1.047258,-46.78579,41.0
444,2019-03-16,00:00,0.0,1007.0,1007.0,1006.7,-9999,24.9,23.6,25.0,24.8,23.8,23.5,93,92,93,330,2.2,0.3,N,PA,BRAGANCA,A226,-1.047258,-46.78579,41.0
445,2019-03-16,04:00,0.0,1007.0,1007.3,1007.0,99,24.6,23.8,24.6,24.4,23.9,23.7,96,95,96,17,2.3,0.0,N,PA,BRAGANCA,A226,-1.047258,-46.78579,41.0
446,2019-03-16,08:00,0.0,1006.1,1006.1,1005.7,78,24.8,24.0,24.8,24.6,24.1,23.8,96,95,95,324,0.0,0.0,N,PA,BRAGANCA,A226,-1.047258,-46.78579,41.0
447,2019-03-16,12:00,0.0,1009.1,1009.1,1008.3,-9999,28.4,24.3,29.1,27.0,25.3,23.8,90,76,78,360,5.9,3.0,N,PA,BRAGANCA,A226,-1.047258,-46.78579,41.0
448,2019-03-16,16:00,0.0,1007.0,1008.3,1007.0,-9999,31.8,24.3,31.8,29.9,25.0,23.2,71,64,65,7,7.0,2.5,N,PA,BRAGANCA,A226,-1.047258,-46.78579,41.0
449,2019-03-16,20:00,0.0,1004.9,1004.9,1004.6,-9999,28.7,23.4,29.9,28.6,24.0,23.1,74,68,73,343,8.6,4.9,N,PA,BRAGANCA,A226,-1.047258,-46.78579,41.0
450,2019-03-17,00:00,0.0,1007.3,1007.3,1006.4,0,25.5,23.6,25.8,25.5,23.7,23.6,89,88,89,8,3.5,0.1,N,PA,BRAGANCA,A226,-1.047258,-46.78579,41.0
451,2019-03-17,04:00,0.0,1007.4,1008.5,1007.4,195,24.9,23.6,25.0,24.8,23.8,23.5,93,92,93,313,1.7,0.0,N,PA,BRAGANCA,A226,-1.047258,-46.78579,41.0
452,2019-03-17,08:00,0.0,1006.4,1006.5,1006.3,13,24.1,23.4,24.4,24.1,23.6,23.3,96,95,96,220,0.0,0.0,N,PA,BRAGANCA,A226,-1.047258,-46.78579,41.0
453,2019-03-17,12:00,0.0,1008.7,1008.7,1008.1,5,26.5,25.1,26.5,25.1,25.1,24.2,95,92,92,359,3.0,0.4,N,PA,BRAGANCA,A226,-1.047258,-46.78579,41.0
454,2019-03-17,16:00,0.0,1007.5,1008.4,1007.5,-9999,28.3,23.7,28.5,27.8,24.2,23.3,78,75,76,346,5.6,0.2,N,PA,BRAGANCA,A226,-1.047258,-46.78579,41.0
455,2019-03-17,20:00,0.0,1005.7,1005.7,1005.1,-9999,28.0,23.1,28.6,27.6,23.8,22.8,79,73,75,344,6.6,3.0,N,PA,BRAGANCA,A226,-1.047258,-46.78579,41.0
456,2019-03-18,00:00,0.0,1008.5,1008.5,1007.8,-9999,24.9,24.0,25.1,24.9,24.0,23.9,94,93,94,41,0.3,0.0,N,PA,BRAGANCA,A226,-1.047258,-46.78579,41.0
457,2019-03-18,04:00,0.0,1007.8,1008.4,1007.8,3,24.3,23.6,24.4,24.3,23.7,23.6,96,96,96,3,0.0,0.0,N,PA,BRAGANCA,A226,-1.047258,-46.78579,41.0
458,2019-03-18,08:00,0.0,1006.0,1006.1,1005.9,35,24.1,23.6,24.2,24.0,23.7,23.5,97,97,97,327,0.8,0.0,N,PA,BRAGANCA,A226,-1.047258,-46.78579,41.0
459,2019-03-18,12:00,0.0,1009.2,1009.2,1008.3,2,27.5,26.0,27.7,25.0,26.6,24.4,97,91,91,334,2.7,0.7,N,PA,BRAGANCA,A226,-1.047258,-46.78579,41.0
460,2019-03-18,16:00,0.0,1008.0,1009.4,1008.0,-9999,26.0,24.5,26.0,24.7,24.6,23.8,95,91,91,355,5.6,2.7,N,PA,BRAGANCA,A226,-1.047258,-46.78579,41.0
461,2019-03-18,20:00,0.0,1005.1,1005.5,1005.1,-9999,26.8,23.9,28.1,26.8,24.6,23.8,85,80,84,1,5.3,2.2,N,PA,BRAGANCA,A226,-1.047258,-46.78579,41.0
462,2019-03-19,00:00,0.0,1008.3,1008.3,1007.2,3,25.0,24.1,25.2,24.9,24.1,24.0,95,93,95,30,1.5,0.0,N,PA,BRAGANCA,A226,-1.047258,-46.78579,41.0
463,2019-03-19,04:00,0.0,1007.7,1008.3,1007.7,-9999,24.4,23.8,24.4,24.2,23.8,23.5,96,96,96,128,0.0,0.0,N,PA,BRAGANCA,A226,-1.047258,-46.78579,41.0
464,2019-03-19,08:00,0.0,1005.4,1005.7,1005.2,26,23.7,23.2,23.8,23.5,23.3,22.9,97,97,97,214,3.6,0.0,N,PA,BRAGANCA,A226,-1.047258,-46.78579,41.0
465,2019-03-19,12:00,0.0,1007.5,1007.5,1006.5,21,28.5,25.5,28.5,26.3,26.8,25.2,96,83,84,12,6.6,1.7,N,PA,BRAGANCA,A226,-1.047258,-46.78579,41.0
466,2019-03-19,16:00,0.0,1006.1,1007.2,1006.1,-9999,32.0,25.3,32.1,30.3,25.6,23.9,73,65,67,35,8.5,2.0,N,PA,BRAGANCA,A226,-1.047258,-46.78579,41.0
467,2019-03-19,20:00,0.0,1004.2,1004.3,1004.0,-9999,28.5,24.8,29.0,27.2,26.2,24.5,91,79,80,24,6.0,0.5,N,PA,BRAGANCA,A226,-1.047258,-46.78579,41.0
468,2019-03-20,00:00,0.0,1006.3,1006.3,1005.8,-9999,26.3,24.9,26.3,25.9,25.0,24.5,92,92,92,336,0.0,0.0,N,PA,BRAGANCA,A226,-1.047258,-46.78579,41.0
469,2019-03-20,04:00,24.8,1006.8,1007.6,1006.8,119,23.7,23.2,24.4,23.5,23.8,23.0,97,97,97,35,7.2,0.6,N,PA,BRAGANCA,A226,-1.047258,-46.78579,41.0
470,2019-03-20,08:00,7.6,1005.2,1005.7,1005.2,45,23.9,23.4,24.0,23.6,23.5,23.2,97,97,97,88,0.0,0.0,N,PA,BRAGANCA,A226,-1.047258,-46.78579,41.0
471,2019-03-20,12:00,0.0,1007.6,1007.6,1006.8,102,27.2,26.2,27.3,25.2,26.3,24.7,97,94,94,35,5.7,0.5,N,PA,BRAGANCA,A226,-1.047258,-46.78579,41.0
472,2019-03-20,16:00,7.0,1006.3,1007.1,1006.3,-9999,25.2,24.2,30.5,23.8,25.4,21.7,94,72,94,346,14.0,1.9,N,PA,BRAGANCA,A226,-1.047258,-46.78579,41.0
473,2019-03-20,20:00,0.0,1004.6,1004.7,1004.3,-9999,27.0,24.0,27.7,27.0,24.2,23.7,84,80,84,351,5.6,2.0,N,PA,BRAGANCA,A226,-1.047258,-46.78579,41.0
474,2019-03-21,00:00,0.2,1007.6,1007.6,1006.5,16,24.8,24.1,24.8,24.5,24.1,23.8,96,96,96,345,2.4,0.0,N,PA,BRAGANCA,A226,-1.047258,-46.78579,41.0
475,2019-03-21,04:00,0.2,1007.1,1007.6,1007.1,249,24.9,24.4,25.0,24.7,24.4,24.2,97,97,97,43,3.4,0.0,N,PA,BRAGANCA,A226,-1.047258,-46.78579,41.0
476,2019-03-21,08:00,0.0,1006.3,1006.4,1006.2,42,24.5,23.9,24.7,24.3,24.2,23.7,97,97,97,173,1.2,0.0,N,PA,BRAGANCA,A226,-1.047258,-46.78579,41.0
477,2019-03-21,12:00,0.0,1009.3,1009.3,1008.5,2,27.8,25.9,27.8,24.5,25.9,23.9,96,90,90,140,3.9,0.3,N,PA,BRAGANCA,A226,-1.047258,-46.78579,41.0
478,2019-03-21,16:00,0.0,1007.2,1007.8,1007.2,-9999,27.3,24.2,28.7,27.3,25.1,23.7,83,78,83,339,6.9,2.9,N,PA,BRAGANCA,A226,-1.047258,-46.78579,41.0
479,2019-03-21,20:00,0.0,1004.7,1004.7,1004.5,-9999,27.2,23.7,27.7,27.0,24.3,23.6,83,79,81,337,5.2,2.3,N,PA,BRAGANCA,A226,-1.047258,-46.78579,41.0
480,2019-03-22,00:00,0.0,1007.7,1007.7,1006.7,-9999,25.1,23.9,25.3,25.0,24.1,23.8,93,92,93,54,1.7,0.0,N,PA,BRAGANCA,A226,-1.047258,-46.78579,41.0
481,2019-03-22,04:00,0.0,1007.2,1008.1,1007.2,4,24.4,23.8,24.6,24.3,23.9,23.6,96,96,96,279,0.0,0.0,N,PA,BRAGANCA,A226,-1.047258,-46.78579,41.0
482,2019-03-22,08:00,0.0,1006.8,1006.8,1006.3,140,24.2,23.6,24.2,24.1,23.7,23.5,97,97,97,44,3.9,0.1,N,PA,BRAGANCA,A226,-1.047258,-46.78579,41.0
483,2019-03-22,12:00,2.0,1010.1,1010.1,1009.1,147,23.8,23.3,24.0,23.6,23.5,23.1,97,97,97,2,4.1,0.4,N,PA,BRAGANCA,A226,-1.047258,-46.78579,41.0
484,2019-03-22,16:00,0.0,1008.6,1009.5,1008.6,-9999,28.3,24.5,28.6,27.6,25.8,24.2,90,79,80,26,6.1,1.7,N,PA,BRAGANCA,A226,-1.047258,-46.78579,41.0
485,2019-03-22,20:00,0.0,1006.0,1006.0,1005.9,-9999,25.8,23.4,27.7,25.8,24.4,23.2,86,82,86,334,6.1,1.7,N,PA,BRAGANCA,A226,-1.047258,-46.78579,41.0
486,2019-03-23,00:00,6.8,1009.1,1009.1,1008.2,68,24.4,23.6,24.5,24.2,23.8,23.4,96,95,96,36,5.8,0.1,N,PA,BRAGANCA,A226,-1.047258,-46.78579,41.0
487,2019-03-23,04:00,0.4,1008.9,1009.7,1008.9,50,24.0,23.3,24.2,23.8,23.5,23.1,96,95,96,333,8.0,0.0,N,PA,BRAGANCA,A226,-1.047258,-46.78579,41.0
488,2019-03-23,08:00,0.4,1008.1,1008.3,1008.1,84,23.6,23.0,24.2,23.1,23.7,22.5,97,96,97,113,6.1,2.0,N,PA,BRAGANCA,A226,-1.047258,-46.78579,41.0
489,2019-03-23,12:00,7.6,1011.1,1011.1,1010.2,64,24.0,23.5,24.1,23.7,23.6,23.2,97,97,97,127,4.7,0.1,N,PA,BRAGANCA,A226,-1.047258,-46.78579,41.0
490,2019-03-23,16:00,0.0,1009.0,1009.7,1009.0,-9999,27.7,24.0,29.1,26.6,25.8,23.5,87,79,80,2,8.2,3.7,N,PA,BRAGANCA,A226,-1.047258,-46.78579,41.0
491,2019-03-23,20:00,0.0,1006.9,1007.0,1006.7,-9999,27.4,24.4,28.6,26.8,24.5,23.1,84,77,84,355,7.8,2.2,N,PA,BRAGANCA,A226,-1.047258,-46.78579,41.0
492,2019-03-24,00:00,0.0,1008.8,1008.8,1008.0,0,25.4,24.0,25.4,25.2,24.0,23.7,92,91,92,8,2.8,0.1,N,PA,BRAGANCA,A226,-1.047258,-46.78579,41.0
493,2019-03-24,04:00,0.0,1008.0,1008.8,1008.0,27,25.1,23.9,25.1,24.9,23.9,23.7,93,93,93,14,2.0,0.0,N,PA,BRAGANCA,A226,-1.047258,-46.78579,41.0
494,2019-03-24,08:00,11.8,1007.8,1007.9,1007.2,25,23.5,22.6,24.8,23.5,23.9,22.6,95,93,95,26,6.8,1.7,N,PA,BRAGANCA,A226,-1.047258,-46.78579,41.0
495,2019-03-24,12:00,0.0,1010.2,1010.2,1009.7,11,26.0,24.6,26.0,24.1,24.7,23.4,96,92,92,248,0.0,0.0,N,PA,BRAGANCA,A226,-1.047258,-46.78579,41.0
496,2019-03-24,16:00,0.0,1009.4,1010.4,1009.4,-9999,26.9,23.9,26.9,26.2,24.1,23.3,86,83,84,358,4.1,0.7,N,PA,BRAGANCA,A226,-1.047258,-46.78579,41.0
497,2019-03-24,20:00,0.0,1007.4,1007.5,1007.2,-9999,26.0,23.6,26.1,25.8,23.6,22.9,87,84,87,59,3.1,0.1,N,PA,BRAGANCA,A226,-1.047258,-46.78579,41.0
498,2019-03-25,00:00,0.0,1008.8,1008.8,1008.4,5,24.2,23.2,24.2,24.1,23.3,23.1,95,94,94,25,2.0,0.0,N,PA,BRAGANCA,A226,-1.047258,-46.78579,41.0
499,2019-03-25,04:00,0.2,1007.9,1008.6,1007.9,79,24.2,23.5,24.3,24.2,23.6,23.5,96,96,96,281,1.4,0.0,N,PA,BRAGANCA,A226,-1.047258,-46.78579,41.0
500,2019-03-25,08:00,1.0,1006.4,1006.6,1006.3,113,23.4,22.8,23.4,23.3,22.8,22.7,96,96,96,292,1.9,0.0,N,PA,BRAGANCA,A226,-1.047258,-46.78579,41.0
501,2019-03-25,12:00,21.6,1009.0,1009.0,1008.1,225,23.5,22.9,23.9,23.4,23.2,22.8,97,96,97,56,7.8,1.3,N,PA,BRAGANCA,A226,-1.047258,-46.78579,41.0
502,2019-03-25,16:00,0.2,1007.6,1008.7,1007.6,71,24.7,23.9,25.2,24.3,24.6,23.6,96,95,95,348,5.7,2.0,N,PA,BRAGANCA,A226,-1.047258,-46.78579,41.0
503,2019-03-25,20:00,6.4,1006.0,1006.0,1005.8,96,23.7,23.0,23.8,23.5,23.1,22.7,96,95,96,9,4.1,0.9,N,PA,BRAGANCA,A226,-1.047258,-46.78579,41.0
504,2019-03-26,00:00,0.0,1008.1,1008.1,1007.7,49,23.8,23.2,23.9,23.8,23.2,23.1,96,96,96,35,0.0,0.0,N,PA,BRAGANCA,A226,-1.047258,-46.78579,41.0
505,2019-03-26,04:00,0.0,1007.5,1008.3,1007.5,74,24.0,23.4,24.0,23.9,23.4,23.2,96,96,96,67,2.0,0.2,N,PA,BRAGANCA,A226,-1.047258,-46.78579,41.0
506,2019-03-26,08:00,0.0,1006.0,1006.1,1006.0,7,23.8,23.2,24.0,23.8,23.4,23.2,96,96,96,266,0.0,0.0,N,PA,BRAGANCA,A226,-1.047258,-46.78579,41.0
507,2019-03-26,12:00,0.0,1008.6,1008.6,1007.8,68,26.6,25.7,26.6,24.7,25.7,24.0,96,95,95,46,2.2,0.0,N,PA,BRAGANCA,A226,-1.047258,-46.78579,41.0
508,2019-03-26,16:00,0.0,1007.3,1008.2,1007.3,-9999,26.9,24.2,27.7,26.2,25.3,24.1,91,85,85,336,6.3,1.9,N,PA,BRAGANCA,A226,-1.047258,-46.78579,41.0
509,2019-03-26,20:00,2.8,1005.6,1005.7,1005.5,18,24.7,23.7,25.0,24.6,24.1,23.6,95,94,94,158,5.1,0.1,N,PA,BRAGANCA,A226,-1.047258,-46.78579,41.0
510,2019-03-27,00:00,19.4,1008.2,1008.2,1006.9,139,24.3,23.6,24.7,24.0,24.0,23.3,96,95,96,67,7.1,0.4,N,PA,BRAGANCA,A226,-1.047258,-46.78579,41.0
511,2019-03-27,04:00,7.2,1008.3,1008.7,1008.1,231,24.0,23.3,24.0,23.9,23.3,23.2,96,96,96,83,4.7,2.2,N,PA,BRAGANCA,A226,-1.047258,-46.78579,41.0
512,2019-03-27,08:00,0.8,1007.5,1007.5,1007.2,304,23.5,22.8,23.6,23.4,22.9,22.8,96,96,96,314,1.0,0.0,N,PA,BRAGANCA,A226,-1.047258,-46.78579,41.0
513,2019-03-27,12:00,0.0,1009.6,1009.6,1008.9,208,24.7,23.9,24.9,24.3,24.2,23.6,96,95,95,47,3.5,1.0,N,PA,BRAGANCA,A226,-1.047258,-46.78579,41.0
514,2019-03-27,16:00,0.0,1008.0,1008.9,1008.0,1,29.2,24.0,30.3,27.1,25.6,23.5,84,72,74,14,5.0,1.1,N,PA,BRAGANCA,A226,-1.047258,-46.78579,41.0
515,2019-03-27,20:00,0.6,1006.5,1006.6,1006.3,14,26.3,24.2,26.9,26.2,24.5,23.8,89,84,89,56,4.4,0.2,N,PA,BRAGANCA,A226,-1.047258,-46.78579,41.0
516,2019-03-28,00:00,0.0,1008.5,1008.5,1007.9,11,24.9,23.7,25.2,24.8,23.8,23.6,93,92,93,66,1.0,0.0,N,PA,BRAGANCA,A226,-1.047258,-46.78579,41.0
517,2019-03-28,04:00,0.0,1007.8,1008.5,1007.8,14,24.3,23.4,24.5,24.2,23.5,23.3,95,94,95,109,0.0,0.0,N,PA,BRAGANCA,A226,-1.047258,-46.78579,41.0
518,2019-03-28,08:00,0.0,1006.8,1006.8,1006.3,13,24.3,23.5,24.3,23.9,23.5,23.1,95,95,95,34,0.8,0.0,N,PA,BRAGANCA,A226,-1.047258,-46.78579,41.0
519,2019-03-28,12:00,0.0,1009.8,1009.8,1008.9,89,28.7,25.1,28.7,26.3,26.6,24.9,94,81,81,19,4.1,1.1,N,PA,BRAGANCA,A226,-1.047258,-46.78579,41.0
520,2019-03-28,16:00,0.0,1008.3,1009.0,1008.3,70,27.7,24.0,32.0,27.7,25.1,23.2,80,64,80,46,7.1,2.0,N,PA,BRAGANCA,A226,-1.047258,-46.78579,41.0
521,2019-03-28,20:00,1.8,1006.8,1006.8,1006.4,1,26.0,24.3,28.5,25.6,24.4,22.5,90,78,90,43,8.5,0.4,N,PA,BRAGANCA,A226,-1.047258,-46.78579,41.0
522,2019-03-29,00:00,0.0,1008.8,1008.8,1008.1,23,24.8,23.9,24.8,24.6,23.9,23.6,95,94,94,75,0.0,0.0,N,PA,BRAGANCA,A226,-1.047258,-46.78579,41.0
523,2019-03-29,04:00,0.0,1008.7,1009.4,1008.6,12,24.8,23.9,24.9,24.7,24.0,23.8,95,95,95,151,0.0,0.0,N,PA,BRAGANCA,A226,-1.047258,-46.78579,41.0
524,2019-03-29,08:00,9.0,1007.9,1008.2,1007.7,49,24.0,23.2,24.4,24.0,23.6,23.2,95,95,95,343,7.3,0.0,N,PA,BRAGANCA,A226,-1.047258,-46.78579,41.0
525,2019-03-29,12:00,0.0,1009.7,1009.7,1009.5,115,25.8,24.8,25.8,24.2,24.9,23.4,95,95,95,78,2.5,1.2,N,PA,BRAGANCA,A226,-1.047258,-46.78579,41.0
526,2019-03-29,16:00,0.0,1007.4,1008.5,1007.4,36,30.3,24.2,30.7,26.5,26.3,23.9,93,69,70,33,7.6,2.5,N,PA,BRAGANCA,A226,-1.047258,-46.78579,41.0
527,2019-03-29,20:00,0.0,1005.6,1005.6,1005.4,37,27.6,23.6,28.5,27.5,24.2,23.3,79,75,79,33,5.6,0.6,N,PA,BRAGANCA,A226,-1.047258,-46.78579,41.0
528,2019-03-30,00:00,0.0,1008.6,1008.6,1008.0,35,24.7,23.5,25.3,24.7,23.9,23.5,93,92,93,23,4.2,0.0,N,PA,BRAGANCA,A226,-1.047258,-46.78579,41.0
529,2019-03-30,04:00,0.0,1007.9,1008.8,1007.9,56,23.8,22.9,24.0,23.7,23.1,22.8,95,94,95,2,5.0,0.0,N,PA,BRAGANCA,A226,-1.047258,-46.78579,41.0
530,2019-03-30,08:00,0.0,1007.0,1007.0,1006.7,85,23.8,22.9,23.8,23.7,23.0,22.8,95,95,95,251,1.0,0.0,N,PA,BRAGANCA,A226,-1.047258,-46.78579,41.0
531,2019-03-30,12:00,4.8,1010.0,1010.0,1009.5,173,24.0,23.2,24.2,24.0,23.3,23.2,95,95,95,93,4.5,1.7,N,PA,BRAGANCA,A226,-1.047258,-46.78579,41.0
532,2019-03-30,16:00,0.0,1007.7,1009.1,1007.7,39,29.2,24.1,30.4,29.2,25.4,23.5,78,70,74,358,7.2,3.1,N,PA,BRAGANCA,A226,-1.047258,-46.78579,41.0
533,2019-03-30,20:00,6.8,1006.4,1006.5,1006.2,24,24.4,23.3,25.5,24.2,23.9,23.1,94,92,94,315,5.0,0.0,N,PA,BRAGANCA,A226,-1.047258,-46.78579,41.0
534,2019-03-31,00:00,0.0,1008.4,1008.4,1008.1,11,24.3,23.3,24.5,24.3,23.5,23.3,94,94,94,323,0.0,0.0,N,PA,BRAGANCA,A226,-1.047258,-46.78579,41.0
535,2019-03-31,04:00,0.0,1007.7,1008.4,1007.7,29,24.4,23.5,24.5,24.3,23.5,23.3,94,94,94,237,0.0,0.0,N,PA,BRAGANCA,A226,-1.047258,-46.78579,41.0
536,2019-03-31,08:00,0.0,1007.0,1007.0,1006.6,21,24.6,23.6,24.6,24.4,23.6,23.4,94,94,94,83,0.0,0.0,N,PA,BRAGANCA,A226,-1.047258,-46.78579,41.0
537,2019-03-31,12:00,0.8,1009.5,1009.5,1008.8,903,25.7,24.6,25.7,24.9,24.6,23.9,94,93,93,340,6.4,3.1,N,PA,BRAGANCA,A226,-1.047258,-46.78579,41.0
538,2019-03-31,16:00,0.0,1007.2,1008.2,1007.2,186,27.7,24.3,29.9,26.9,24.4,23.2,84,69,82,300,9.0,2.9,N,PA,BRAGANCA,A226,-1.047258,-46.78579,41.0
539,2019-03-31,20:00,0.0,1006.3,1006.4,1006.0,259,26.3,23.9,26.7,26.3,24.0,23.0,86,80,86,306,6.6,0.2,N,PA,BRAGANCA,A226,-1.047258,-46.78579,41.0
540,2019-04-01,00:00,3.6,1009.3,1009.3,1008.5,1049,24.1,22.9,24.1,23.8,23.0,22.6,93,93,93,282,4.0,0.1,N,PA,BRAGANCA,A226,-1.047258,-46.78579,41.0
541,2019-04-01,04:00,1.6,1007.9,1009.1,1007.9,1177,24.4,23.3,24.6,24.1,23.4,23.0,94,94,94,283,5.4,0.0,N,PA,BRAGANCA,A226,-1.047258,-46.78579,41.0
542,2019-04-01,08:00,6.0,1006.8,1006.9,1006.7,1211,24.4,23.3,24.4,24.3,23.3,23.2,94,94,94,347,4.2,1.1,N,PA,BRAGANCA,A226,-1.047258,-46.78579,41.0
543,2019-04-01,12:00,1.6,1009.9,1009.9,1009.0,1672,24.3,23.2,24.3,24.1,23.2,23.0,94,94,94,68,2.0,0.0,N,PA,BRAGANCA,A226,-1.047258,-46.78579,41.0
544,2019-04-01,16:00,0.0,1008.2,1009.0,1008.2,773,25.7,24.3,26.0,24.6,24.6,23.4,93,92,92,38,2.3,0.0,N,PA,BRAGANCA,A226,-1.047258,-46.78579,41.0
545,2019-04-01,20:00,0.0,1007.0,1007.0,1006.7,268,26.9,23.1,27.7,26.9,24.0,23.0,81,79,80,52,3.4,1.1,N,PA,BRAGANCA,A226,-1.047258,-46.78579,41.0
546,2019-04-02,00:00,0.0,1007.9,1007.9,1007.6,979,23.9,22.4,24.3,23.9,22.6,22.4,91,91,91,356,0.0,0.0,N,PA,BRAGANCA,A226,-1.047258,-46.78579,41.0
547,2019-04-02,04:00,0.0,1006.9,1007.6,1006.9,1331,23.8,22.5,23.9,23.7,22.7,22.4,93,93,93,181,0.0,0.0,N,PA,BRAGANCA,A226,-1.047258,-46.78579,41.0
548,2019-04-02,08:00,0.6,1007.0,1007.0,1006.7,1152,23.6,22.4,23.9,23.6,22.7,22.4,93,93,93,126,4.0,0.6,N,PA,BRAGANCA,A226,-1.047258,-46.78579,41.0
549,2019-04-02,12:00,0.0,1009.1,1009.1,1008.7,753,28.5,25.1,28.5,24.7,25.6,23.3,92,82,82,75,3.4,0.5,N,PA,BRAGANCA,A226,-1.047258,-46.78579,41.0
550,2019-04-02,16:00,0.0,1007.3,1008.1,1007.3,413,32.1,23.2,32.3,30.0,24.4,21.9,67,59,60,18,4.8,1.9,N,PA,BRAGANCA,A226,-1.047258,-46.78579,41.0
551,2019-04-02,20:00,0.0,1005.6,1005.6,1005.1,250,28.7,23.3,29.2,28.3,24.3,23.3,78,72,73,51,3.5,0.2,N,PA,BRAGANCA,A226,-1.047258,-46.78579,41.0
552,2019-04-03,00:00,0.0,1007.9,1007.9,1007.1,247,25.4,23.3,25.4,25.3,23.3,23.0,88,87,88,348,2.0,0.0,N,PA,BRAGANCA,A226,-1.047258,-46.78579,41.0
553,2019-04-03,04:00,0.0,1007.1,1008.0,1007.1,1258,24.9,23.3,25.2,24.9,23.6,23.3,91,91,91,350,0.0,0.0,N,PA,BRAGANCA,A226,-1.047258,-46.78579,41.0
554,2019-04-03,08:00,0.0,1006.4,1006.5,1006.2,1094,24.3,22.9,24.5,24.2,23.1,22.8,92,92,92,345,0.0,0.0,N,PA,BRAGANCA,A226,-1.047258,-46.78579,41.0
555,2019-04-03,12:00,0.0,1008.8,1008.8,1008.2,453,28.3,24.1,29.5,26.9,26.1,23.9,91,75,78,357,4.3,1.6,N,PA,BRAGANCA,A226,-1.047258,-46.78579,41.0
556,2019-04-03,16:00,6.8,1008.1,1009.1,1008.1,356,25.1,23.5,25.7,24.3,23.6,22.4,91,88,91,337,8.8,2.1,N,PA,BRAGANCA,A226,-1.047258,-46.78579,41.0
557,2019-04-03,20:00,0.0,1005.5,1005.5,1005.1,315,27.1,23.7,27.5,26.7,23.8,23.1,82,79,82,33,4.6,0.0,N,PA,BRAGANCA,A226,-1.047258,-46.78579,41.0
558,2019-04-04,00:00,0.0,1007.7,1007.7,1006.8,1000,24.9,23.3,24.9,24.6,23.3,22.9,91,90,91,12,3.7,0.7,N,PA,BRAGANCA,A226,-1.047258,-46.78579,41.0
559,2019-04-04,04:00,0.0,1006.8,1007.6,1006.8,1263,24.5,22.9,24.7,24.4,23.0,22.8,91,90,91,4,2.8,0.0,N,PA,BRAGANCA,A226,-1.047258,-46.78579,41.0
560,2019-04-04,08:00,0.0,1004.9,1005.0,1004.7,1304,24.5,23.0,24.6,24.3,23.1,22.9,92,92,92,23,5.3,0.8,N,PA,BRAGANCA,A226,-1.047258,-46.78579,41.0
561,2019-04-04,12:00,0.0,1008.4,1008.4,1007.2,1371,25.2,23.7,25.4,24.8,23.9,23.4,92,92,92,91,4.7,2.8,N,PA,BRAGANCA,A226,-1.047258,-46.78579,41.0
562,2019-04-04,16:00,0.0,1007.4,1008.1,1007.4,438,27.2,23.2,27.4,26.1,23.7,22.8,85,78,79,23,5.8,0.8,N,PA,BRAGANCA,A226,-1.047258,-46.78579,41.0
563,2019-04-04,20:00,1.2,1006.0,1006.1,1005.8,880,24.5,22.9,24.8,23.6,23.2,21.8,91,89,91,33,6.0,0.4,N,PA,BRAGANCA,A226,-1.047258,-46.78579,41.0
564,2019-04-05,00:00,0.0,1008.5,1008.5,1007.8,1594,23.7,22.3,23.7,23.5,22.3,22.0,92,91,92,194,0.0,0.0,N,PA,BRAGANCA,A226,-1.047258,-46.78579,41.0
565,2019-04-05,04:00,0.0,1008.6,1009.1,1008.6,1384,23.2,21.9,23.4,23.2,22.0,21.9,93,92,93,197,2.9,0.0,N,PA,BRAGANCA,A226,-1.047258,-46.78579,41.0
566,2019-04-05,08:00,0.2,1007.6,1007.7,1007.5,1449,22.9,21.7,23.2,22.9,21.9,21.7,93,93,93,184,0.0,0.0,N,PA,BRAGANCA,A226,-1.047258,-46.78579,41.0
567,2019-04-05,12:00,0.0,1009.8,1009.8,1009.3,964,24.5,23.1,24.5,23.4,23.1,22.1,93,92,92,155,2.0,0.0,N,PA,BRAGANCA,A226,-1.047258,-46.78579,41.0
568,2019-04-05,16:00,0.0,1008.4,1009.4,1008.3,337,29.5,23.5,29.8,28.5,24.4,22.9,76,69,70,343,4.0,1.8,N,PA,BRAGANCA,A226,-1.047258,-46.78579,41.0
569,2019-04-05,20:00,0.0,1006.4,1006.4,1006.1,290,26.3,23.4,27.3,26.3,24.2,23.4,84,82,84,4,4.2,1.1,N,PA,BRAGANCA,A226,-1.047258,-46.78579,41.0
570,2019-04-06,00:00,0.0,1009.4,1009.4,1008.5,305,25.0,23.3,25.1,24.9,23.3,23.2,90,89,90,20,0.0,0.0,N,PA,BRAGANCA,A226,-1.047258,-46.78579,41.0
571,2019-04-06,04:00,0.0,1008.9,1009.5,1008.9,740,24.7,23.1,24.8,24.6,23.2,23.0,91,90,91,337,0.7,0.0,N,PA,BRAGANCA,A226,-1.047258,-46.78579,41.0
572,2019-04-06,08:00,0.0,1007.9,1007.9,1007.6,875,24.2,22.8,24.3,24.1,22.8,22.7,92,92,92,60,3.4,0.7,N,PA,BRAGANCA,A226,-1.047258,-46.78579,41.0
573,2019-04-06,12:00,0.0,1011.4,1011.4,1010.2,844,25.1,23.5,25.3,24.4,23.7,23.0,92,91,91,7,3.4,0.5,N,PA,BRAGANCA,A226,-1.047258,-46.78579,41.0
574,2019-04-06,16:00,7.2,1010.0,1011.1,1010.0,980,24.4,23.1,24.5,24.2,23.1,22.8,92,92,92,15,5.3,0.9,N,PA,BRAGANCA,A226,-1.047258,-46.78579,41.0
575,2019-04-06,20:00,0.0,1006.6,1006.6,1006.5,475,25.3,23.7,25.6,24.9,24.1,23.5,92,91,91,22,0.9,0.0,N,PA,BRAGANCA,A226,-1.047258,-46.78579,41.0
576,2019-04-07,00:00,0.0,1009.6,1009.6,1008.6,771,24.0,22.6,24.0,23.8,22.6,22.4,92,92,92,296,0.8,0.0,N,PA,BRAGANCA,A226,-1.047258,-46.78579,41.0
577,2019-04-07,04:00,0.2,1009.1,1010.0,1009.1,982,23.9,22.6,24.0,23.8,22.6,22.5,92,92,92,153,0.0,0.0,N,PA,BRAGANCA,A226,-1.047258,-46.78579,41.0
578,2019-04-07,08:00,3.8,1007.8,1007.8,1007.5,1311,23.7,22.5,23.8,23.7,22.6,22.5,93,93,93,114,3.9,0.0,N,PA,BRAGANCA,A226,-1.047258,-46.78579,41.0
579,2019-04-07,12:00,2.6,1010.7,1010.7,1010.0,1251,24.1,22.9,24.1,23.8,22.9,22.6,93,93,93,78,2.8,0.8,N,PA,BRAGANCA,A226,-1.047258,-46.78579,41.0
580,2019-04-07,16:00,0.4,1008.5,1009.6,1008.5,699,25.5,23.9,26.3,24.6,24.7,22.9,91,90,91,355,6.9,0.9,N,PA,BRAGANCA,A226,-1.047258,-46.78579,41.0
581,2019-04-07,20:00,0.0,1006.2,1006.2,1005.8,361,27.3,24.0,29.0,27.3,24.9,23.6,82,76,82,346,4.2,2.1,N,PA,BRAGANCA,A226,-1.047258,-46.78579,41.0
582,2019-04-08,00:00,0.0,1009.2,1009.3,1008.4,527,25.4,23.8,25.4,25.3,23.9,23.7,91,90,91,306,0.0,0.0,N,PA,BRAGANCA,A226,-1.047258,-46.78579,41.0
583,2019-04-08,04:00,0.2,1008.5,1008.9,1008.5,1043,24.7,23.5,25.0,24.6,23.7,23.2,93,92,93,234,0.0,0.0,N,PA,BRAGANCA,A226,-1.047258,-46.78579,41.0
584,2019-04-08,08:00,0.0,1006.9,1006.9,1006.8,1058,24.3,23.1,24.6,24.3,23.4,23.1,93,93,93,360,0.0,0.0,N,PA,BRAGANCA,A226,-1.047258,-46.78579,41.0
585,2019-04-08,12:00,0.0,1009.3,1009.3,1009.0,661,30.2,25.5,30.2,26.0,26.4,24.9,93,76,76,38,3.7,0.5,N,PA,BRAGANCA,A226,-1.047258,-46.78579,41.0
586,2019-04-08,16:00,0.0,1006.9,1007.9,1006.9,533,31.4,23.5,32.2,30.4,25.0,23.4,69,62,63,44,7.3,2.9,N,PA,BRAGANCA,A226,-1.047258,-46.78579,41.0
587,2019-04-08,20:00,0.0,1005.2,1005.2,1004.8,276,28.2,22.8,31.4,28.2,23.2,22.2,73,60,73,22,8.9,1.5,N,PA,BRAGANCA,A226,-1.047258,-46.78579,41.0
588,2019-04-09,00:00,0.0,1008.4,1008.4,1007.5,131,25.8,23.6,25.8,25.6,23.6,23.4,88,87,88,31,3.6,0.2,N,PA,BRAGANCA,A226,-1.047258,-46.78579,41.0
589,2019-04-09,04:00,0.0,1007.8,1008.6,1007.8,432,24.6,23.1,24.8,24.6,23.2,23.0,91,90,91,334,0.0,0.0,N,PA,BRAGANCA,A226,-1.047258,-46.78579,41.0
590,2019-04-09,08:00,1.4,1007.0,1007.0,1006.5,637,24.0,22.7,24.6,24.0,23.2,22.7,92,92,92,16,4.4,0.0,N,PA,BRAGANCA,A226,-1.047258,-46.78579,41.0
591,2019-04-09,12:00,0.6,1009.3,1009.3,1008.4,460,26.1,24.6,26.1,25.0,24.6,23.5,92,91,91,83,5.0,1.7,N,PA,BRAGANCA,A226,-1.047258,-46.78579,41.0
592,2019-04-09,16:00,0.0,1007.1,1008.4,1007.1,306,27.8,24.4,28.0,27.0,24.9,23.6,86,80,82,10,4.4,1.2,N,PA,BRAGANCA,A226,-1.047258,-46.78579,41.0
593,2019-04-09,20:00,0.0,1005.0,1005.1,1004.7,258,28.1,24.2,28.2,27.3,24.5,23.9,83,79,79,8,4.5,0.9,N,PA,BRAGANCA,A226,-1.047258,-46.78579,41.0
594,2019-04-10,00:00,1.6,1008.2,1008.2,1007.5,169,25.1,23.5,25.4,25.1,23.8,23.5,91,91,91,43,1.5,0.0,N,PA,BRAGANCA,A226,-1.047258,-46.78579,41.0
595,2019-04-10,04:00,2.6,1007.1,1008.1,1007.1,303,24.1,22.7,24.6,24.0,23.3,22.7,92,92,92,289,5.8,0.0,N,PA,BRAGANCA,A226,-1.047258,-46.78579,41.0
596,2019-04-10,08:00,1.0,1007.3,1007.3,1006.3,549,24.0,22.7,24.2,23.9,22.8,22.6,92,92,92,49,3.7,0.9,N,PA,BRAGANCA,A226,-1.047258,-46.78579,41.0
597,2019-04-10,12:00,0.0,1009.0,1009.0,1008.3,358,26.8,25.1,26.8,24.4,25.1,23.1,92,90,90,332,1.8,0.2,N,PA,BRAGANCA,A226,-1.047258,-46.78579,41.0
598,2019-04-10,16:00,0.2,1007.2,1008.6,1007.2,285,30.4,23.6,30.5,28.7,24.6,22.6,75,65,67,325,5.9,1.7,N,PA,BRAGANCA,A226,-1.047258,-46.78579,41.0
599,2019-04-10,20:00,0.0,1005.8,1005.8,1005.1,347,28.2,22.5,30.7,27.9,24.3,22.1,72,66,71,337,8.6,4.8,N,PA,BRAGANCA,A226,-1.047258,-46.78579,41.0
600,2019-04-11,00:00,0.0,1007.9,1007.9,1007.3,91,25.3,23.2,25.6,25.3,23.2,23.0,88,86,88,268,3.8,0.0,N,PA,BRAGANCA,A226,-1.047258,-46.78579,41.0
601,2019-04-11,04:00,0.0,1007.0,1007.9,1007.0,217,24.1,22.6,24.5,24.1,22.9,22.6,92,91,92,249,2.7,0.0,N,PA,BRAGANCA,A226,-1.047258,-46.78579,41.0
602,2019-04-11,08:00,0.0,1006.9,1006.9,1006.4,287,23.8,22.5,23.9,23.7,22.5,22.4,92,92,92,196,0.0,0.0,N,PA,BRAGANCA,A226,-1.047258,-46.78579,41.0
603,2019-04-11,12:00,0.0,1009.4,1009.4,1008.7,250,27.4,24.8,28.3,25.0,26.6,23.8,93,86,86,37,2.1,0.2,N,PA,BRAGANCA,A226,-1.047258,-46.78579,41.0
604,2019-04-11,16:00,0.0,1007.4,1008.3,1007.4,296,30.7,23.9,31.5,28.6,25.3,23.6,77,66,67,43,5.3,1.6,N,PA,BRAGANCA,A226,-1.047258,-46.78579,41.0
605,2019-04-11,20:00,0.0,1006.5,1006.6,1006.4,210,27.7,23.1,28.8,27.7,23.3,22.8,76,71,76,16,4.7,1.8,N,PA,BRAGANCA,A226,-1.047258,-46.78579,41.0
606,2019-04-12,00:00,0.0,1009.0,1009.0,1008.2,52,25.0,23.1,25.4,25.0,23.3,23.0,89,87,89,7,0.0,0.0,N,PA,BRAGANCA,A226,-1.047258,-46.78579,41.0
607,2019-04-12,04:00,0.0,1008.1,1009.0,1008.1,96,24.5,22.6,25.2,24.4,23.4,22.6,90,89,90,45,5.3,0.0,N,PA,BRAGANCA,A226,-1.047258,-46.78579,41.0
608,2019-04-12,08:00,0.0,1007.4,1007.5,1007.3,150,23.7,22.3,23.8,23.7,22.4,22.3,92,92,92,152,0.5,0.0,N,PA,BRAGANCA,A226,-1.047258,-46.78579,41.0
609,2019-04-12,12:00,0.0,1008.8,1008.8,1008.2,254,28.9,24.2,29.3,26.4,25.2,23.8,89,74,76,44,2.7,0.5,N,PA,BRAGANCA,A226,-1.047258,-46.78579,41.0
610,2019-04-12,16:00,0.2,1007.0,1008.1,1007.0,252,29.4,24.1,31.3,27.6,24.8,23.0,81,64,73,45,7.9,1.4,N,PA,BRAGANCA,A226,-1.047258,-46.78579,41.0
611,2019-04-12,20:00,0.0,1005.9,1006.0,1005.5,156,27.6,23.6,27.6,27.2,23.6,22.9,79,78,79,45,4.9,0.4,N,PA,BRAGANCA,A226,-1.047258,-46.78579,41.0
612,2019-04-13,00:00,0.0,1008.0,1008.0,1007.1,12,26.0,23.5,26.2,25.9,23.5,23.3,86,85,86,90,2.0,0.0,N,PA,BRAGANCA,A226,-1.047258,-46.78579,41.0
613,2019-04-13,04:00,0.0,1007.6,1008.2,1007.6,46,24.8,23.2,25.2,24.8,23.5,23.2,91,91,91,12,1.4,0.0,N,PA,BRAGANCA,A226,-1.047258,-46.78579,41.0
614,2019-04-13,08:00,0.0,1006.4,1006.4,1006.2,29,24.0,22.6,24.2,24.0,22.8,22.6,92,91,92,135,0.0,0.0,N,PA,BRAGANCA,A226,-1.047258,-46.78579,41.0
615,2019-04-13,12:00,0.0,1008.4,1008.4,1007.9,183,28.8,24.1,29.6,26.5,25.3,23.9,90,74,76,42,5.0,1.1,N,PA,BRAGANCA,A226,-1.047258,-46.78579,41.0
616,2019-04-13,16:00,0.0,1006.3,1007.8,1006.3,188,31.6,23.5,32.0,29.7,24.5,22.8,69,61,62,44,7.7,2.9,N,PA,BRAGANCA,A226,-1.047258,-46.78579,41.0
617,2019-04-13,20:00,0.0,1004.6,1004.6,1004.0,201,29.6,23.0,30.5,29.3,23.8,22.6,70,63,68,26,7.4,1.9,N,PA,BRAGANCA,A226,-1.047258,-46.78579,41.0
618,2019-04-14,00:00,1.2,1007.3,1007.3,1006.8,-9999,25.8,23.8,26.3,25.7,24.1,23.6,89,87,89,83,0.0,0.0,N,PA,BRAGANCA,A226,-1.047258,-46.78579,41.0
619,2019-04-14,04:00,0.4,1006.8,1007.0,1006.8,34,24.9,23.3,25.3,24.9,23.7,23.3,91,91,91,352,1.9,0.1,N,PA,BRAGANCA,A226,-1.047258,-46.78579,41.0
620,2019-04-14,08:00,4.8,1005.9,1006.8,1005.8,139,23.4,22.1,23.5,23.2,22.1,21.8,92,92,92,296,3.6,0.0,N,PA,BRAGANCA,A226,-1.047258,-46.78579,41.0
621,2019-04-14,12:00,0.0,1008.7,1008.7,1008.1,106,27.1,24.0,27.1,24.0,24.4,22.6,92,83,83,79,1.6,0.0,N,PA,BRAGANCA,A226,-1.047258,-46.78579,41.0
622,2019-04-14,16:00,0.2,1008.0,1008.6,1008.0,42,25.7,23.4,29.3,25.3,24.2,22.2,88,71,87,71,11.1,3.4,N,PA,BRAGANCA,A226,-1.047258,-46.78579,41.0
623,2019-04-14,20:00,0.0,1006.0,1006.0,1005.6,15,26.6,22.1,27.4,26.4,22.5,21.1,77,70,76,56,3.8,0.8,N,PA,BRAGANCA,A226,-1.047258,-46.78579,41.0
624,2019-04-15,00:00,0.0,1008.4,1008.4,1007.9,-9999,24.6,22.7,24.8,24.5,22.8,22.6,89,89,89,88,0.0,0.0,N,PA,BRAGANCA,A226,-1.047258,-46.78579,41.0
625,2019-04-15,04:00,0.0,1008.3,1008.7,1008.3,25,24.1,22.5,24.6,24.1,22.7,22.4,90,89,90,258,0.0,0.0,N,PA,BRAGANCA,A226,-1.047258,-46.78579,41.0
626,2019-04-15,08:00,0.0,1007.6,1007.6,1006.9,89,24.0,22.6,24.0,23.8,22.6,22.3,92,92,92,73,4.1,1.6,N,PA,BRAGANCA,A226,-1.047258,-46.78579,41.0
627,2019-04-15,12:00,0.0,1008.0,1008.0,1007.6,105,26.2,23.0,26.4,23.8,23.4,22.3,91,82,83,72,4.0,0.4,N,PA,BRAGANCA,A226,-1.047258,-46.78579,41.0
628,2019-04-15,16:00,0.0,1007.4,1008.0,1007.4,111,29.9,22.7,31.4,29.9,23.9,22.5,67,61,65,25,6.6,1.2,N,PA,BRAGANCA,A226,-1.047258,-46.78579,41.0
629,2019-04-15,20:00,0.0,1005.1,1005.1,1004.7,203,30.7,22.7,31.6,30.2,23.1,21.5,63,56,62,34,6.0,2.3,N,PA,BRAGANCA,A226,-1.047258,-46.78579,41.0
630,2019-04-16,00:00,0.0,1007.8,1007.8,1007.1,-9999,25.6,23.2,25.9,25.5,23.2,23.1,87,84,87,56,2.9,0.0,N,PA,BRAGANCA,A226,-1.047258,-46.78579,41.0
631,2019-04-16,04:00,0.0,1007.3,1008.2,1007.3,11,25.0,23.2,25.2,25.0,23.4,23.1,90,89,90,71,1.8,0.0,N,PA,BRAGANCA,A226,-1.047258,-46.78579,41.0
632,2019-04-16,08:00,0.0,1006.2,1006.5,1006.2,51,23.9,22.5,24.3,23.9,22.8,22.5,91,91,91,163,2.7,0.7,N,PA,BRAGANCA,A226,-1.047258,-46.78579,41.0
633,2019-04-16,12:00,0.0,1009.5,1009.5,1008.9,40,28.7,24.3,29.0,26.0,24.9,23.8,89,77,77,105,3.8,1.2,N,PA,BRAGANCA,A226,-1.047258,-46.78579,41.0
634,2019-04-16,16:00,0.0,1007.5,1008.6,1007.5,20,29.4,24.7,31.2,27.9,25.5,23.1,82,68,76,73,6.2,0.4,N,PA,BRAGANCA,A226,-1.047258,-46.78579,41.0
635,2019-04-16,20:00,0.0,1005.8,1005.9,1005.7,-9999,26.9,23.4,27.4,26.8,23.5,23.2,81,79,81,5,4.5,0.1,N,PA,BRAGANCA,A226,-1.047258,-46.78579,41.0
636,2019-04-17,00:00,0.0,1007.8,1008.0,1007.3,4,25.6,23.6,25.9,25.4,23.9,23.4,89,88,88,81,4.2,1.2,N,PA,BRAGANCA,A226,-1.047258,-46.78579,41.0
637,2019-04-17,04:00,0.2,1007.2,1007.8,1007.2,36,24.8,23.2,24.8,24.4,23.2,22.8,91,90,91,120,0.0,0.0,N,PA,BRAGANCA,A226,-1.047258,-46.78579,41.0
638,2019-04-17,08:00,0.2,1006.2,1006.3,1006.0,37,23.8,22.4,23.8,23.6,22.4,22.2,92,92,92,3,0.0,0.0,N,PA,BRAGANCA,A226,-1.047258,-46.78579,41.0
639,2019-04-17,12:00,0.0,1009.3,1009.3,1008.1,62,26.1,24.4,26.1,25.0,24.4,23.5,92,90,90,6,0.0,0.0,N,PA,BRAGANCA,A226,-1.047258,-46.78579,41.0
640,2019-04-17,16:00,0.0,1007.6,1008.8,1007.5,-9999,26.4,23.6,27.3,26.3,24.1,23.1,85,80,85,25,3.7,0.0,N,PA,BRAGANCA,A226,-1.047258,-46.78579,41.0
641,2019-04-17,20:00,0.0,1004.7,1004.7,1004.4,16,27.8,24.0,29.0,27.7,24.2,23.5,80,74,80,53,4.0,0.4,N,PA,BRAGANCA,A226,-1.047258,-46.78579,41.0
642,2019-04-18,00:00,0.0,1007.5,1007.5,1006.7,-9999,26.1,24.0,26.3,26.0,24.2,23.7,88,87,88,147,0.0,0.0,N,PA,BRAGANCA,A226,-1.047258,-46.78579,41.0
643,2019-04-18,04:00,0.0,1007.1,1007.8,1007.1,42,24.9,23.3,25.2,24.9,23.6,23.3,91,91,91,127,1.3,0.0,N,PA,BRAGANCA,A226,-1.047258,-46.78579,41.0
644,2019-04-18,08:00,0.0,1005.6,1005.8,1005.6,55,24.0,22.6,24.4,24.0,22.9,22.6,92,92,92,126,2.6,0.0,N,PA,BRAGANCA,A226,-1.047258,-46.78579,41.0
645,2019-04-18,12:00,0.0,1008.1,1008.1,1007.4,72,28.7,24.7,28.8,26.5,25.9,24.3,91,79,79,71,5.0,2.4,N,PA,BRAGANCA,A226,-1.047258,-46.78579,41.0
646,2019-04-18,16:00,0.0,1005.9,1007.1,1005.9,38,32.0,24.4,32.2,30.2,25.3,23.4,73,63,64,50,7.8,3.4,N,PA,BRAGANCA,A226,-1.047258,-46.78579,41.0
647,2019-04-18,20:00,0.0,1004.0,1004.0,1003.6,43,28.6,23.3,29.8,28.4,23.6,22.7,74,67,73,25,7.3,1.7,N,PA,BRAGANCA,A226,-1.047258,-46.78579,41.0
648,2019-04-19,00:00,0.0,1007.3,1007.3,1006.5,-9999,25.7,23.2,26.3,25.7,23.3,23.1,86,83,86,355,2.2,0.0,N,PA,BRAGANCA,A226,-1.047258,-46.78579,41.0
649,2019-04-19,04:00,0.0,1006.9,1007.7,1006.9,13,24.8,23.2,24.8,24.6,23.2,23.0,91,90,91,39,0.0,0.0,N,PA,BRAGANCA,A226,-1.047258,-46.78579,41.0
650,2019-04-19,08:00,0.0,1006.0,1006.0,1005.8,44,24.7,23.2,25.0,24.6,23.5,23.1,92,91,91,79,2.0,0.0,N,PA,BRAGANCA,A226,-1.047258,-46.78579,41.0
651,2019-04-19,12:00,7.8,1010.0,1010.1,1008.7,49,24.9,23.4,25.7,24.9,24.1,23.4,92,90,91,82,6.2,3.5,N,PA,BRAGANCA,A226,-1.047258,-46.78579,41.0
652,2019-04-19,16:00,0.0,1007.6,1009.6,1007.6,23,26.3,24.5,26.3,24.7,24.5,23.2,91,90,90,59,3.2,0.6,N,PA,BRAGANCA,A226,-1.047258,-46.78579,41.0
653,2019-04-19,20:00,0.0,1005.4,1005.4,1004.9,-9999,27.0,22.6,28.3,27.0,24.6,22.3,82,74,77,39,7.6,1.8,N,PA,BRAGANCA,A226,-1.047258,-46.78579,41.0
654,2019-04-20,00:00,0.0,1008.1,1008.1,1007.2,-9999,24.6,22.6,24.9,24.6,22.7,22.5,89,87,89,9,1.9,0.0,N,PA,BRAGANCA,A226,-1.047258,-46.78579,41.0
655,2019-04-20,04:00,0.0,1007.1,1008.0,1007.1,62,24.6,23.0,24.8,24.6,23.1,22.9,91,90,91,343,0.7,0.0,N,PA,BRAGANCA,A226,-1.047258,-46.78579,41.0
656,2019-04-20,08:00,2.2,1006.3,1006.3,1006.1,66,24.7,23.2,25.3,24.6,23.7,23.1,92,91,91,175,4.1,0.0,N,PA,BRAGANCA,A226,-1.047258,-46.78579,41.0
657,2019-04-20,12:00,3.2,1009.7,1009.7,1008.8,226,24.5,23.1,24.5,24.1,23.1,22.8,92,92,92,154,7.9,0.0,N,PA,BRAGANCA,A226,-1.047258,-46.78579,41.0
658,2019-04-20,16:00,0.0,1008.6,1009.8,1008.6,28,26.7,24.6,26.9,26.2,25.0,24.1,90,87,88,38,4.5,0.6,N,PA,BRAGANCA,A226,-1.047258,-46.78579,41.0
659,2019-04-20,20:00,0.0,1005.8,1005.9,1005.6,1,26.3,23.2,27.5,26.1,24.4,23.1,86,82,83,64,4.6,2.0,N,PA,BRAGANCA,A226,-1.047258,-46.78579,41.0
660,2019-04-21,00:00,0.0,1007.5,1007.5,1006.7,126,24.5,22.8,24.7,24.4,23.0,22.6,90,90,90,18,4.4,0.3,N,PA,BRAGANCA,A226,-1.047258,-46.78579,41.0
661,2019-04-21,04:00,0.2,1007.2,1007.9,1007.1,224,24.6,23.1,24.8,24.5,23.3,23.1,92,91,92,344,1.6,0.0,N,PA,BRAGANCA,A226,-1.047258,-46.78579,41.0
662,2019-04-21,08:00,0.4,1005.8,1006.0,1005.6,337,24.3,22.9,24.4,24.2,23.0,22.8,92,92,92,263,0.0,0.0,N,PA,BRAGANCA,A226,-1.047258,-46.78579,41.0
663,2019-04-21,12:00,0.2,1007.9,1007.9,1007.5,421,25.8,24.4,25.8,24.4,24.4,23.0,92,92,92,156,3.1,0.0,N,PA,BRAGANCA,A226,-1.047258,-46.78579,41.0
664,2019-04-21,16:00,10.0,1006.7,1007.8,1006.7,23,25.5,23.8,27.0,24.9,25.1,23.1,91,88,90,327,5.9,0.0,N,PA,BRAGANCA,A226,-1.047258,-46.78579,41.0
665,2019-04-21,20:00,0.0,1005.2,1005.5,1005.2,1,25.9,23.9,26.3,25.7,24.0,23.4,88,87,88,167,0.0,0.0,N,PA,BRAGANCA,A226,-1.047258,-46.78579,41.0
666,2019-04-22,00:00,0.0,1007.1,1007.2,1006.8,68,24.6,23.1,24.7,24.5,23.1,22.9,91,91,91,187,0.0,0.0,N,PA,BRAGANCA,A226,-1.047258,-46.78579,41.0
667,2019-04-22,04:00,0.0,1006.6,1007.2,1006.6,193,24.1,22.7,24.2,23.8,22.8,22.5,92,92,92,174,0.0,0.0,N,PA,BRAGANCA,A226,-1.047258,-46.78579,41.0
668,2019-04-22,08:00,0.6,1005.8,1006.0,1005.4,283,24.0,22.7,24.2,24.0,22.8,22.7,92,92,92,315,1.4,0.0,N,PA,BRAGANCA,A226,-1.047258,-46.78579,41.0
669,2019-04-22,12:00,0.2,1007.9,1007.9,1007.3,399,25.3,23.9,25.4,24.4,24.0,23.1,92,92,92,10,0.0,0.0,N,PA,BRAGANCA,A226,-1.047258,-46.78579,41.0
670,2019-04-22,16:00,0.0,1005.9,1007.0,1005.9,47,30.3,24.8,30.6,29.0,25.5,23.1,76,69,73,8,7.0,2.9,N,PA,BRAGANCA,A226,-1.047258,-46.78579,41.0
671,2019-04-22,20:00,0.0,1005.0,1005.0,1004.4,20,27.3,23.3,28.5,27.3,23.3,22.5,79,70,79,27,6.4,0.5,N,PA,BRAGANCA,A226,-1.047258,-46.78579,41.0
672,2019-04-23,00:00,0.6,1007.4,1007.4,1006.7,14,25.7,23.7,26.0,25.7,24.0,23.7,89,88,89,75,3.2,0.6,N,PA,BRAGANCA,A226,-1.047258,-46.78579,41.0
673,2019-04-23,04:00,0.0,1006.5,1007.4,1006.5,35,24.1,22.4,24.3,24.0,22.4,22.1,90,89,90,112,2.3,0.0,N,PA,BRAGANCA,A226,-1.047258,-46.78579,41.0
674,2019-04-23,08:00,0.2,1006.2,1006.2,1005.8,148,23.9,22.5,24.2,23.9,22.7,22.5,92,92,92,145,0.0,0.0,N,PA,BRAGANCA,A226,-1.047258,-46.78579,41.0
675,2019-04-23,12:00,0.4,1009.2,1009.2,1007.9,99,25.8,23.9,26.3,25.6,24.8,23.9,92,89,89,38,3.3,0.5,N,PA,BRAGANCA,A226,-1.047258,-46.78579,41.0
676,2019-04-23,16:00,0.0,1007.6,1008.7,1007.6,32,29.0,24.1,29.2,27.5,25.0,23.8,83,74,75,36,5.0,1.1,N,PA,BRAGANCA,A226,-1.047258,-46.78579,41.0
677,2019-04-23,20:00,0.0,1005.1,1005.4,1005.1,8,27.2,24.3,27.2,26.4,24.5,23.8,86,84,84,49,3.9,0.5,N,PA,BRAGANCA,A226,-1.047258,-46.78579,41.0
678,2019-04-24,00:00,6.0,1007.7,1007.9,1007.4,71,24.9,23.2,25.4,24.9,23.6,23.2,90,89,90,41,3.9,0.7,N,PA,BRAGANCA,A226,-1.047258,-46.78579,41.0
679,2019-04-24,04:00,3.8,1007.8,1008.8,1007.8,602,23.8,22.4,23.8,23.5,22.4,22.2,92,92,92,89,4.7,0.2,N,PA,BRAGANCA,A226,-1.047258,-46.78579,41.0
680,2019-04-24,08:00,0.0,1006.5,1006.5,1006.2,580,23.4,22.1,23.6,23.4,22.3,22.1,92,92,92,129,2.0,0.0,N,PA,BRAGANCA,A226,-1.047258,-46.78579,41.0
681,2019-04-24,12:00,0.0,1008.6,1008.6,1008.1,287,29.1,25.3,29.2,25.2,25.8,24.0,92,79,80,69,6.5,2.9,N,PA,BRAGANCA,A226,-1.047258,-46.78579,41.0
682,2019-04-24,16:00,0.0,1007.0,1008.2,1007.0,58,32.5,25.1,32.5,30.9,25.6,23.9,69,63,65,47,6.4,2.3,N,PA,BRAGANCA,A226,-1.047258,-46.78579,41.0
683,2019-04-24,20:00,0.2,1006.5,1006.5,1006.2,-9999,25.6,23.6,25.7,25.0,23.7,22.9,89,87,89,156,4.5,0.0,N,PA,BRAGANCA,A226,-1.047258,-46.78579,41.0
684,2019-04-25,00:00,0.0,1008.3,1008.3,1007.7,12,24.9,23.3,25.5,24.9,23.8,23.3,91,90,91,212,1.8,0.0,N,PA,BRAGANCA,A226,-1.047258,-46.78579,41.0
685,2019-04-25,04:00,0.0,1007.7,1008.5,1007.7,69,24.4,23.0,25.0,24.3,23.5,22.9,92,92,92,76,1.3,0.0,N,PA,BRAGANCA,A226,-1.047258,-46.78579,41.0
686,2019-04-25,08:00,0.0,1006.8,1006.8,1006.4,48,23.7,22.4,23.9,23.7,22.5,22.4,92,92,92,132,0.0,0.0,N,PA,BRAGANCA,A226,-1.047258,-46.78579,41.0
687,2019-04-25,12:00,0.0,1009.0,1009.0,1008.5,205,29.5,25.4,30.0,26.4,26.4,25.0,92,78,79,56,4.8,1.6,N,PA,BRAGANCA,A226,-1.047258,-46.78579,41.0
688,2019-04-25,16:00,0.0,1006.9,1007.9,1006.9,22,32.0,24.7,32.3,30.1,26.1,23.9,75,63,65,47,8.2,3.2,N,PA,BRAGANCA,A226,-1.047258,-46.78579,41.0
689,2019-04-25,20:00,0.0,1006.4,1006.6,1006.1,21,29.9,23.5,30.2,29.2,23.9,22.9,71,68,69,17,7.0,0.8,N,PA,BRAGANCA,A226,-1.047258,-46.78579,41.0
690,2019-04-26,00:00,0.2,1008.9,1008.9,1008.3,-9999,24.8,23.0,25.0,24.7,23.2,22.8,90,89,90,29,0.0,0.0,N,PA,BRAGANCA,A226,-1.047258,-46.78579,41.0
691,2019-04-26,04:00,0.0,1008.4,1008.7,1008.4,34,25.0,23.5,25.1,24.7,23.6,23.2,91,91,91,113,0.0,0.0,N,PA,BRAGANCA,A226,-1.047258,-46.78579,41.0
692,2019-04-26,08:00,1.2,1008.0,1008.0,1007.7,47,24.6,23.2,24.7,24.2,23.3,22.9,92,92,92,106,3.3,0.0,N,PA,BRAGANCA,A226,-1.047258,-46.78579,41.0
693,2019-04-26,12:00,2.6,1010.0,1010.1,1010.0,90,24.4,23.1,24.7,24.2,23.3,22.9,92,92,92,146,3.5,0.0,N,PA,BRAGANCA,A226,-1.047258,-46.78579,41.0
694,2019-04-26,16:00,0.0,1008.4,1009.3,1008.4,10,28.7,24.4,28.7,26.8,24.7,23.7,85,78,78,64,6.6,1.3,N,PA,BRAGANCA,A226,-1.047258,-46.78579,41.0
695,2019-04-26,20:00,0.6,1005.4,1005.4,1004.7,12,26.7,24.3,29.2,26.7,24.4,23.6,87,75,87,20,5.6,0.1,N,PA,BRAGANCA,A226,-1.047258,-46.78579,41.0
696,2019-04-27,00:00,0.0,1008.0,1008.0,1007.5,40,25.3,23.5,25.6,25.3,23.7,23.4,89,89,89,7,2.1,0.1,N,PA,BRAGANCA,A226,-1.047258,-46.78579,41.0
697,2019-04-27,04:00,0.0,1007.8,1008.5,1007.8,153,24.8,23.1,25.1,24.8,23.5,23.1,91,90,90,10,3.5,0.0,N,PA,BRAGANCA,A226,-1.047258,-46.78579,41.0
698,2019-04-27,08:00,0.0,1007.1,1007.1,1006.9,167,24.5,23.0,24.5,23.9,23.0,22.5,92,91,92,233,0.0,0.0,N,PA,BRAGANCA,A226,-1.047258,-46.78579,41.0
699,2019-04-27,12:00,0.0,1009.1,1009.2,1008.8,97,27.8,25.3,27.8,25.7,25.4,24.1,91,86,86,56,2.6,0.0,N,PA,BRAGANCA,A226,-1.047258,-46.78579,41.0
700,2019-04-27,16:00,0.6,1007.3,1008.3,1007.3,36,30.8,24.9,32.9,27.9,25.6,22.7,82,59,71,9,7.0,0.6,N,PA,BRAGANCA,A226,-1.047258,-46.78579,41.0
701,2019-04-27,20:00,0.0,1005.6,1005.6,1004.8,33,27.9,23.4,31.5,27.9,24.7,23.2,77,66,77,352,6.2,2.9,N,PA,BRAGANCA,A226,-1.047258,-46.78579,41.0
702,2019-04-28,00:00,0.0,1008.0,1008.0,1007.7,63,23.9,22.5,24.0,23.6,22.6,22.2,92,92,92,321,0.0,0.0,N,PA,BRAGANCA,A226,-1.047258,-46.78579,41.0
703,2019-04-28,04:00,3.2,1007.7,1008.7,1007.7,128,23.8,22.5,23.9,23.7,22.6,22.3,92,92,92,83,0.0,0.0,N,PA,BRAGANCA,A226,-1.047258,-46.78579,41.0
704,2019-04-28,08:00,0.0,1006.4,1006.4,1005.7,251,23.9,22.6,23.9,23.7,22.6,22.4,92,92,92,106,0.0,0.0,N,PA,BRAGANCA,A226,-1.047258,-46.78579,41.0
705,2019-04-28,12:00,1.8,1009.4,1009.4,1008.8,167,25.2,23.8,25.3,24.3,24.0,22.9,92,92,92,277,1.5,0.0,N,PA,BRAGANCA,A226,-1.047258,-46.78579,41.0
706,2019-04-28,16:00,0.0,1007.3,1008.6,1007.3,2,29.4,23.6,29.8,28.4,24.2,22.9,76,69,71,346,-9999.0,4.3,N,PA,BRAGANCA,A226,-1.047258,-46.78579,41.0
707,2019-04-28,20:00,0.0,1006.5,1006.5,1005.8,-9999,28.1,22.4,28.5,27.7,22.9,21.8,72,69,71,335,7.5,3.1,N,PA,BRAGANCA,A226,-1.047258,-46.78579,41.0
708,2019-04-29,00:00,5.4,1008.8,1008.8,1008.3,56,24.5,22.9,24.8,24.3,23.0,22.7,91,90,91,18,4.0,0.0,N,PA,BRAGANCA,A226,-1.047258,-46.78579,41.0
709,2019-04-29,04:00,0.0,1007.3,1008.0,1007.3,117,23.9,22.5,24.0,23.8,22.6,22.5,92,92,92,183,0.0,0.0,N,PA,BRAGANCA,A226,-1.047258,-46.78579,41.0
710,2019-04-29,08:00,0.8,1006.6,1006.6,1006.3,249,23.9,22.6,24.0,23.8,22.8,22.5,93,93,93,120,0.6,0.0,N,PA,BRAGANCA,A226,-1.047258,-46.78579,41.0
711,2019-04-29,12:00,1.2,1008.9,1009.0,1008.7,215,24.5,23.2,24.6,24.1,23.3,22.8,93,92,92,16,1.6,0.0,N,PA,BRAGANCA,A226,-1.047258,-46.78579,41.0
712,2019-04-29,16:00,0.0,1007.0,1008.2,1007.0,6,28.6,23.8,29.9,28.1,25.0,23.0,77,71,75,309,3.8,1.2,N,PA,BRAGANCA,A226,-1.047258,-46.78579,41.0
713,2019-04-29,20:00,0.0,1005.4,1005.4,1005.2,0,28.3,22.9,28.5,28.0,23.9,22.6,77,71,73,347,7.9,4.0,N,PA,BRAGANCA,A226,-1.047258,-46.78579,41.0
714,2019-04-30,00:00,0.0,1008.3,1008.3,1007.7,1,24.9,22.9,25.2,24.9,23.0,22.9,89,87,89,48,1.5,0.0,N,PA,BRAGANCA,A226,-1.047258,-46.78579,41.0
715,2019-04-30,04:00,0.0,1008.4,1008.8,1008.3,125,24.5,23.0,24.6,24.5,23.1,23.0,91,91,91,333,1.4,0.0,N,PA,BRAGANCA,A226,-1.047258,-46.78579,41.0
716,2019-04-30,08:00,2.2,1007.9,1007.9,1007.5,288,23.8,22.4,24.2,23.8,22.8,22.4,92,92,92,355,2.0,0.0,N,PA,BRAGANCA,A226,-1.047258,-46.78579,41.0
717,2019-04-30,12:00,0.0,1009.9,1009.9,1009.7,277,24.8,23.4,24.9,24.1,23.5,22.8,92,92,92,20,2.6,0.1,N,PA,BRAGANCA,A226,-1.047258,-46.78579,41.0
718,2019-04-30,16:00,2.8,1008.7,1009.5,1008.7,-9999,24.6,22.7,27.5,24.6,23.6,22.5,89,77,89,345,4.0,1.3,N,PA,BRAGANCA,A226,-1.047258,-46.78579,41.0
719,2019-04-30,20:00,0.0,1005.4,1005.9,1005.3,-9999,25.3,22.7,26.2,25.2,23.4,22.5,86,83,85,348,4.3,1.7,N,PA,BRAGANCA,A226,-1.047258,-46.78579,41.0
720,2019-05-01,00:00,0.0,1008.2,1008.2,1007.6,24,24.1,22.5,24.3,24.1,22.7,22.4,91,90,91,112,0.0,0.0,N,PA,BRAGANCA,A226,-1.047258,-46.78579,41.0
721,2019-05-01,04:00,0.0,1008.0,1008.7,1008.0,115,23.8,22.4,23.8,23.7,22.5,22.4,92,92,92,195,0.8,0.0,N,PA,BRAGANCA,A226,-1.047258,-46.78579,41.0
722,2019-05-01,08:00,0.0,1007.0,1007.0,1006.6,51,23.5,22.2,23.6,23.4,22.3,22.1,92,92,92,237,0.0,0.0,N,PA,BRAGANCA,A226,-1.047258,-46.78579,41.0
723,2019-05-01,12:00,0.0,1009.6,1009.6,1009.4,155,25.9,24.3,26.0,24.8,24.5,23.5,92,91,91,66,4.3,1.5,N,PA,BRAGANCA,A226,-1.047258,-46.78579,41.0
724,2019-05-01,16:00,0.0,1007.6,1009.0,1007.6,24,31.2,23.6,32.3,28.8,25.1,23.0,77,61,64,44,4.4,1.7,N,PA,BRAGANCA,A226,-1.047258,-46.78579,41.0
725,2019-05-01,20:00,0.0,1005.1,1005.1,1004.8,73,28.2,23.2,31.6,28.0,23.3,22.3,75,59,75,31,5.6,0.7,N,PA,BRAGANCA,A226,-1.047258,-46.78579,41.0
726,2019-05-02,00:00,0.0,1007.7,1007.7,1007.3,23,25.2,23.5,25.3,25.1,23.6,23.5,91,90,91,64,3.3,1.0,N,PA,BRAGANCA,A226,-1.047258,-46.78579,41.0
727,2019-05-02,04:00,1.2,1007.5,1008.1,1007.5,27,24.6,23.1,24.8,24.6,23.3,23.1,92,91,92,111,2.1,0.2,N,PA,BRAGANCA,A226,-1.047258,-46.78579,41.0
728,2019-05-02,08:00,0.0,1006.0,1006.0,1005.6,55,24.3,23.0,24.4,24.3,23.1,22.9,92,92,92,126,2.3,0.0,N,PA,BRAGANCA,A226,-1.047258,-46.78579,41.0
729,2019-05-02,12:00,0.0,1008.9,1008.9,1008.1,77,27.7,25.0,27.7,25.4,25.4,24.0,92,84,85,87,3.4,1.1,N,PA,BRAGANCA,A226,-1.047258,-46.78579,41.0
730,2019-05-02,16:00,0.4,1006.8,1008.1,1006.8,12,29.5,25.5,31.3,27.8,25.6,23.6,82,67,79,357,7.4,0.9,N,PA,BRAGANCA,A226,-1.047258,-46.78579,41.0
731,2019-05-02,20:00,0.0,1005.5,1005.7,1005.2,-9999,25.9,23.8,26.0,25.5,23.9,23.3,89,87,88,143,4.0,0.0,N,PA,BRAGANCA,A226,-1.047258,-46.78579,41.0
732,2019-05-03,00:00,0.0,1007.7,1007.7,1007.5,23,25.0,23.2,25.7,25.0,23.7,23.2,90,89,90,55,1.3,0.0,N,PA,BRAGANCA,A226,-1.047258,-46.78579,41.0
733,2019-05-03,04:00,0.0,1007.1,1007.9,1007.1,9,24.4,23.0,24.7,24.4,23.2,23.0,92,91,92,172,0.0,0.0,N,PA,BRAGANCA,A226,-1.047258,-46.78579,41.0
734,2019-05-03,08:00,0.0,1005.8,1005.8,1005.5,16,24.1,22.8,24.4,24.1,23.0,22.8,92,92,92,153,0.0,0.0,N,PA,BRAGANCA,A226,-1.047258,-46.78579,41.0
735,2019-05-03,12:00,0.0,1008.3,1008.3,1007.7,94,28.9,24.8,29.0,26.7,25.8,24.6,90,78,79,74,7.2,3.2,N,PA,BRAGANCA,A226,-1.047258,-46.78579,41.0
736,2019-05-03,16:00,0.0,1006.3,1007.3,1006.3,30,32.5,24.3,32.5,31.1,25.2,23.1,68,61,62,55,8.4,2.9,N,PA,BRAGANCA,A226,-1.047258,-46.78579,41.0
737,2019-05-03,20:00,0.0,1004.9,1005.0,1004.3,65,28.3,23.5,31.3,28.2,24.1,23.4,75,65,75,29,8.5,1.0,N,PA,BRAGANCA,A226,-1.047258,-46.78579,41.0
738,2019-05-04,00:00,0.0,1007.5,1007.5,1006.8,6,25.8,23.6,26.3,25.8,23.6,23.4,87,85,87,27,2.2,0.0,N,PA,BRAGANCA,A226,-1.047258,-46.78579,41.0
739,2019-05-04,04:00,0.0,1006.9,1007.4,1006.9,126,25.4,23.6,25.5,25.3,23.7,23.4,90,89,89,32,2.5,0.1,N,PA,BRAGANCA,A226,-1.047258,-46.78579,41.0
740,2019-05-04,08:00,0.0,1006.1,1006.1,1005.6,76,24.9,23.3,24.9,24.7,23.3,23.2,91,91,91,54,2.1,0.3,N,PA,BRAGANCA,A226,-1.047258,-46.78579,41.0
741,2019-05-04,12:00,0.0,1008.3,1008.3,1007.9,57,30.1,24.9,30.1,28.4,25.4,24.1,84,73,74,53,6.2,3.0,N,PA,BRAGANCA,A226,-1.047258,-46.78579,41.0
742,2019-05-04,16:00,0.4,1006.1,1006.9,1005.9,23,25.7,22.7,32.3,25.6,25.1,21.6,84,63,84,178,6.2,3.0,N,PA,BRAGANCA,A226,-1.047258,-46.78579,41.0
743,2019-05-04,20:00,0.0,1004.6,1004.6,1004.3,-9999,28.3,24.4,29.7,27.7,25.6,24.1,85,76,79,48,5.2,0.4,N,PA,BRAGANCA,A226,-1.047258,-46.78579,41.0
744,2019-05-05,00:00,0.0,1006.9,1006.9,1005.8,35,26.3,23.8,26.3,25.8,23.9,23.4,88,86,86,65,3.8,1.4,N,PA,BRAGANCA,A226,-1.047258,-46.78579,41.0
745,2019-05-05,04:00,0.0,1006.3,1007.3,1006.3,85,25.7,23.6,25.7,25.6,23.6,23.5,89,88,89,55,2.8,0.0,N,PA,BRAGANCA,A226,-1.047258,-46.78579,41.0
746,2019-05-05,08:00,0.0,1005.9,1006.0,1005.6,52,25.4,23.6,25.7,25.4,23.9,23.6,90,89,90,130,2.0,0.0,N,PA,BRAGANCA,A226,-1.047258,-46.78579,41.0
747,2019-05-05,12:00,0.0,1008.0,1008.0,1007.5,2,29.3,24.9,29.3,27.8,25.4,24.4,85,77,77,77,5.2,3.2,N,PA,BRAGANCA,A226,-1.047258,-46.78579,41.0
748,2019-05-05,16:00,0.2,1006.3,1007.4,1006.3,8,31.5,24.1,31.8,29.0,25.1,23.2,75,64,65,70,6.1,2.1,N,PA,BRAGANCA,A226,-1.047258,-46.78579,41.0
749,2019-05-05,20:00,0.0,1005.9,1005.9,1004.7,12,28.5,23.4,29.8,28.5,24.1,23.3,74,70,74,57,7.8,3.4,N,PA,BRAGANCA,A226,-1.047258,-46.78579,41.0
750,2019-05-06,00:00,0.0,1007.3,1007.3,1007.1,16,24.0,22.5,24.1,23.9,22.6,22.3,91,91,91,29,1.5,0.0,N,PA,BRAGANCA,A226,-1.047258,-46.78579,41.0
751,2019-05-06,04:00,0.0,1006.8,1007.6,1006.8,28,24.2,22.7,24.3,24.0,22.8,22.6,92,91,92,99,0.0,0.0,N,PA,BRAGANCA,A226,-1.047258,-46.78579,41.0
752,2019-05-06,08:00,0.0,1006.8,1006.8,1006.2,0,23.9,22.5,24.0,23.8,22.7,22.4,92,92,92,90,0.0,0.0,N,PA,BRAGANCA,A226,-1.047258,-46.78579,41.0
753,2019-05-06,12:00,0.0,1009.1,1009.1,1008.7,55,29.3,25.1,29.4,25.8,25.9,24.2,91,77,78,68,5.5,3.0,N,PA,BRAGANCA,A226,-1.047258,-46.78579,41.0
754,2019-05-06,16:00,0.0,1007.5,1008.1,1007.5,-9999,30.2,25.0,32.2,30.2,25.4,23.4,74,63,74,28,8.0,2.3,N,PA,BRAGANCA,A226,-1.047258,-46.78579,41.0
755,2019-05-06,20:00,0.0,1007.1,1007.2,1007.0,-9999,26.1,23.2,26.4,26.0,24.0,23.1,87,84,84,73,4.6,0.4,N,PA,BRAGANCA,A226,-1.047258,-46.78579,41.0
756,2019-05-07,00:00,0.0,1008.7,1008.7,1007.9,6,25.1,23.1,25.1,25.0,23.2,23.1,89,89,89,37,1.7,0.0,N,PA,BRAGANCA,A226,-1.047258,-46.78579,41.0
757,2019-05-07,04:00,0.0,1007.4,1008.2,1007.4,80,25.1,23.5,25.2,25.1,23.6,23.5,91,91,91,10,0.0,0.0,N,PA,BRAGANCA,A226,-1.047258,-46.78579,41.0
758,2019-05-07,08:00,0.0,1006.4,1006.5,1006.3,24,24.2,22.8,24.4,24.0,23.0,22.6,92,92,92,324,0.0,0.0,N,PA,BRAGANCA,A226,-1.047258,-46.78579,41.0
759,2019-05-07,12:00,0.0,1008.6,1008.6,1007.8,25,28.9,24.0,29.4,27.5,26.3,24.0,90,75,75,12,3.5,0.5,N,PA,BRAGANCA,A226,-1.047258,-46.78579,41.0
760,2019-05-07,16:00,21.0,1007.2,1007.9,1007.2,-9999,24.8,23.0,27.2,24.8,24.2,22.8,90,82,89,225,5.4,0.5,N,PA,BRAGANCA,A226,-1.047258,-46.78579,41.0
761,2019-05-07,20:00,44.4,1008.0,1008.0,1006.9,97,23.6,22.2,24.5,23.6,23.0,22.2,92,91,92,116,8.3,2.3,N,PA,BRAGANCA,A226,-1.047258,-46.78579,41.0
762,2019-05-08,00:00,3.6,1009.8,1009.8,1009.4,374,23.6,22.3,23.8,23.5,22.5,22.2,93,93,93,94,6.9,1.6,N,PA,BRAGANCA,A226,-1.047258,-46.78579,41.0
763,2019-05-08,04:00,0.0,1008.4,1009.4,1008.4,442,23.4,22.2,23.6,23.4,22.3,22.1,93,93,93,147,0.0,0.0,N,PA,BRAGANCA,A226,-1.047258,-46.78579,41.0
764,2019-05-08,08:00,0.0,1006.3,1006.3,1006.1,299,23.2,21.9,23.2,23.0,21.9,21.8,93,93,93,202,0.0,0.0,N,PA,BRAGANCA,A226,-1.047258,-46.78579,41.0
765,2019-05-08,12:00,0.0,1008.8,1008.8,1008.4,201,27.2,24.8,27.6,24.2,25.7,23.0,92,86,87,84,3.1,0.7,N,PA,BRAGANCA,A226,-1.047258,-46.78579,41.0
766,2019-05-08,16:00,0.2,1006.5,1007.7,1006.5,18,31.4,23.2,32.5,30.1,25.7,23.2,71,61,62,36,6.3,1.8,N,PA,BRAGANCA,A226,-1.047258,-46.78579,41.0
767,2019-05-08,20:00,9.8,1005.4,1005.9,1004.7,24,25.1,23.4,30.9,24.4,24.6,22.4,91,67,91,78,11.6,0.0,N,PA,BRAGANCA,A226,-1.047258,-46.78579,41.0
768,2019-05-09,00:00,0.0,1007.2,1007.2,1006.6,45,25.4,23.9,25.4,25.0,23.9,23.5,92,91,92,99,0.0,0.0,N,PA,BRAGANCA,A226,-1.047258,-46.78579,41.0
769,2019-05-09,04:00,0.0,1006.6,1006.9,1006.6,65,24.8,23.3,25.0,24.8,23.5,23.3,92,91,92,72,2.9,0.0,N,PA,BRAGANCA,A226,-1.047258,-46.78579,41.0
770,2019-05-09,08:00,0.0,1005.5,1005.6,1005.5,65,23.9,22.6,24.1,23.9,22.7,22.6,92,92,92,153,0.0,0.0,N,PA,BRAGANCA,A226,-1.047258,-46.78579,41.0
771,2019-05-09,12:00,0.0,1007.4,1007.4,1007.0,107,29.0,24.1,29.4,26.9,25.9,24.0,91,75,75,75,6.8,3.2,N,PA,BRAGANCA,A226,-1.047258,-46.78579,41.0
772,2019-05-09,16:00,0.0,1005.5,1006.7,1005.5,20,31.7,24.0,32.9,30.2,25.7,23.3,72,60,64,46,8.0,2.9,N,PA,BRAGANCA,A226,-1.047258,-46.78579,41.0
773,2019-05-09,20:00,0.4,1004.5,1004.5,1003.8,-9999,26.2,24.2,26.8,25.9,24.2,23.1,89,81,89,103,6.6,3.9,N,PA,BRAGANCA,A226,-1.047258,-46.78579,41.0
774,2019-05-10,00:00,0.0,1006.1,1006.3,1005.7,22,25.6,24.0,25.7,25.4,24.1,23.8,91,91,91,133,2.0,0.0,N,PA,BRAGANCA,A226,-1.047258,-46.78579,41.0
775,2019-05-10,04:00,1.0,1005.8,1006.6,1005.7,161,23.7,22.3,24.2,23.6,22.8,22.2,92,92,92,49,8.1,1.0,N,PA,BRAGANCA,A226,-1.047258,-46.78579,41.0
776,2019-05-10,08:00,0.0,1004.2,1004.2,1003.6,539,24.2,22.8,24.3,24.2,22.9,22.8,92,92,92,49,3.7,0.5,N,PA,BRAGANCA,A226,-1.047258,-46.78579,41.0
777,2019-05-10,12:00,0.0,1006.1,1006.1,1005.9,238,28.6,26.0,28.6,25.1,26.1,23.7,92,86,86,86,3.3,1.5,N,PA,BRAGANCA,A226,-1.047258,-46.78579,41.0
778,2019-05-10,16:00,11.6,1005.3,1005.7,1004.5,10,23.7,22.2,32.3,23.6,26.1,22.1,92,65,92,81,17.2,4.8,N,PA,BRAGANCA,A226,-1.047258,-46.78579,41.0
779,2019-05-10,20:00,0.0,1003.7,1003.7,1003.2,78,25.1,23.7,25.1,24.8,23.7,23.5,92,92,92,38,1.2,0.0,N,PA,BRAGANCA,A226,-1.047258,-46.78579,41.0
780,2019-05-11,00:00,0.0,1006.2,1006.2,1005.4,91,25.2,23.8,25.3,25.1,23.9,23.7,92,92,92,109,2.4,0.0,N,PA,BRAGANCA,A226,-1.047258,-46.78579,41.0
781,2019-05-11,04:00,0.0,1004.4,1005.0,1004.4,369,24.0,22.6,24.0,23.9,22.6,22.5,92,92,92,78,2.2,0.0,N,PA,BRAGANCA,A226,-1.047258,-46.78579,41.0
782,2019-05-11,08:00,0.0,1003.8,1003.8,1003.4,576,24.7,23.4,24.9,24.7,23.5,23.4,92,92,92,119,0.0,0.0,N,PA,BRAGANCA,A226,-1.047258,-46.78579,41.0
783,2019-05-11,12:00,0.0,1006.5,1006.5,1006.0,265,29.0,25.3,29.4,27.5,26.8,25.3,92,80,80,65,5.1,2.6,N,PA,BRAGANCA,A226,-1.047258,-46.78579,41.0
784,2019-05-11,16:00,1.8,1003.9,1005.2,1003.9,6,27.3,22.6,32.0,27.3,26.6,22.6,83,67,76,170,7.8,4.9,N,PA,BRAGANCA,A226,-1.047258,-46.78579,41.0
785,2019-05-11,20:00,0.0,1004.7,1004.7,1003.5,43,25.2,23.3,25.5,25.0,23.7,23.2,90,89,89,147,5.9,1.6,N,PA,BRAGANCA,A226,-1.047258,-46.78579,41.0
786,2019-05-12,00:00,0.2,1006.8,1006.9,1006.7,343,24.1,22.7,24.3,24.1,22.9,22.7,92,92,92,154,0.9,0.0,N,PA,BRAGANCA,A226,-1.047258,-46.78579,41.0
787,2019-05-12,04:00,0.0,1005.8,1006.5,1005.8,330,23.6,22.3,23.9,23.6,22.6,22.3,92,92,92,289,0.0,0.0,N,PA,BRAGANCA,A226,-1.047258,-46.78579,41.0
788,2019-05-12,08:00,0.0,1005.9,1005.9,1005.4,423,23.5,22.2,23.5,23.4,22.2,22.1,93,93,93,155,0.0,0.0,N,PA,BRAGANCA,A226,-1.047258,-46.78579,41.0
789,2019-05-12,12:00,0.0,1008.5,1008.5,1007.9,231,25.5,23.9,25.6,25.0,24.0,23.5,91,91,91,147,2.1,0.0,N,PA,BRAGANCA,A226,-1.047258,-46.78579,41.0
790,2019-05-12,16:00,0.6,1007.8,1008.5,1007.8,137,24.9,22.7,25.6,24.9,23.5,22.6,89,87,87,106,6.9,3.3,N,PA,BRAGANCA,A226,-1.047258,-46.78579,41.0
791,2019-05-12,20:00,0.2,1006.8,1006.8,1006.4,109,25.6,22.3,25.7,24.9,22.6,22.1,85,82,82,48,3.6,0.7,N,PA,BRAGANCA,A226,-1.047258,-46.78579,41.0
792,2019-05-13,00:00,0.0,1008.8,1008.8,1008.1,353,24.0,21.7,24.1,24.0,21.7,21.6,87,86,87,119,0.0,0.0,N,PA,BRAGANCA,A226,-1.047258,-46.78579,41.0
793,2019-05-13,04:00,0.0,1007.7,1008.4,1007.7,373,23.7,21.8,23.9,23.7,21.9,21.7,89,89,89,24,0.0,0.0,N,PA,BRAGANCA,A226,-1.047258,-46.78579,41.0
794,2019-05-13,08:00,0.0,1007.2,1007.2,1006.8,277,23.3,21.6,23.5,23.0,21.7,21.3,90,90,90,153,0.0,0.0,N,PA,BRAGANCA,A226,-1.047258,-46.78579,41.0
795,2019-05-13,12:00,0.0,1009.5,1009.5,1009.2,363,28.7,23.1,29.4,25.8,24.5,22.9,85,71,72,17,3.4,0.9,N,PA,BRAGANCA,A226,-1.047258,-46.78579,41.0
796,2019-05-13,16:00,0.0,1007.9,1008.8,1007.9,107,31.9,19.9,32.1,30.9,25.8,17.8,71,42,49,29,7.2,2.0,N,PA,BRAGANCA,A226,-1.047258,-46.78579,41.0
797,2019-05-13,20:00,0.0,1006.4,1006.4,1005.8,22,28.3,11.1,29.3,28.3,13.0,10.8,39,32,35,36,6.3,0.9,N,PA,BRAGANCA,A226,-1.047258,-46.78579,41.0
798,2019-05-14,00:00,0.0,1009.0,1009.0,1008.4,-9999,25.7,22.6,26.1,25.7,22.8,20.8,84,73,83,46,0.5,0.0,N,PA,BRAGANCA,A226,-1.047258,-46.78579,41.0
799,2019-05-14,04:00,0.0,1008.3,1009.0,1008.2,12,24.5,23.9,24.9,24.5,24.5,23.9,98,96,96,154,0.0,0.0,N,PA,BRAGANCA,A226,-1.047258,-46.78579,41.0
800,2019-05-14,08:00,0.0,1007.8,1007.8,1007.6,3,23.9,22.4,24.5,23.8,23.5,22.3,95,91,91,284,0.0,0.0,N,PA,BRAGANCA,A226,-1.047258,-46.78579,41.0
801,2019-05-14,12:00,0.0,1009.6,1009.6,1009.3,104,28.5,23.1,29.4,26.4,24.9,23.0,84,72,73,48,4.1,1.0,N,PA,BRAGANCA,A226,-1.047258,-46.78579,41.0
802,2019-05-14,16:00,0.0,1007.5,1008.4,1007.5,56,31.6,24.4,32.2,31.3,25.0,23.4,67,62,66,32,7.8,2.3,N,PA,BRAGANCA,A226,-1.047258,-46.78579,41.0
803,2019-05-14,20:00,0.0,1005.2,1005.4,1005.1,44,28.4,24.4,31.7,28.4,25.1,23.9,80,64,79,25,7.9,1.0,N,PA,BRAGANCA,A226,-1.047258,-46.78579,41.0
804,2019-05-15,00:00,0.0,1008.1,1008.1,1007.3,-9999,25.5,22.2,25.6,25.4,22.6,21.8,83,80,82,357,0.0,0.0,N,PA,BRAGANCA,A226,-1.047258,-46.78579,41.0
805,2019-05-15,04:00,0.0,1007.7,1008.5,1007.7,15,24.7,23.0,25.0,24.7,23.4,23.0,91,90,90,64,2.9,0.0,N,PA,BRAGANCA,A226,-1.047258,-46.78579,41.0
806,2019-05-15,08:00,0.0,1007.0,1007.0,1006.4,5,23.7,22.2,24.1,23.6,22.6,22.2,91,91,91,202,0.0,0.0,N,PA,BRAGANCA,A226,-1.047258,-46.78579,41.0
807,2019-05-15,12:00,0.0,1008.6,1008.6,1008.5,30,28.5,24.8,28.5,24.9,25.3,23.2,91,79,80,13,3.4,0.8,N,PA,BRAGANCA,A226,-1.047258,-46.78579,41.0
808,2019-05-15,16:00,0.0,1006.7,1007.8,1006.7,15,28.9,23.1,32.3,28.9,24.1,22.2,71,59,71,18,8.0,2.1,N,PA,BRAGANCA,A226,-1.047258,-46.78579,41.0
809,2019-05-15,20:00,0.0,1005.7,1005.8,1005.6,-9999,26.4,23.6,26.8,26.1,23.6,23.2,85,82,85,328,3.8,0.0,N,PA,BRAGANCA,A226,-1.047258,-46.78579,41.0
810,2019-05-16,00:00,0.0,1008.4,1008.4,1007.5,-9999,25.0,23.2,25.5,25.0,23.6,23.1,90,89,90,343,0.0,0.0,N,PA,BRAGANCA,A226,-1.047258,-46.78579,41.0
811,2019-05-16,04:00,0.4,1007.6,1008.3,1007.6,25,24.4,23.0,24.4,23.7,23.0,22.2,92,91,92,353,0.0,0.0,N,PA,BRAGANCA,A226,-1.047258,-46.78579,41.0
812,2019-05-16,08:00,0.0,1006.7,1006.8,1006.5,18,23.8,22.4,23.9,23.4,22.5,22.0,92,92,92,172,0.0,0.0,N,PA,BRAGANCA,A226,-1.047258,-46.78579,41.0
813,2019-05-16,12:00,0.0,1009.4,1009.4,1008.5,6,27.8,24.6,28.9,26.9,26.0,24.2,91,81,83,341,2.6,0.0,N,PA,BRAGANCA,A226,-1.047258,-46.78579,41.0
814,2019-05-16,16:00,0.0,1007.1,1008.2,1007.1,6,31.6,23.9,31.6,30.7,24.3,23.1,66,62,64,21,6.1,1.5,N,PA,BRAGANCA,A226,-1.047258,-46.78579,41.0
815,2019-05-16,20:00,0.0,1006.0,1006.0,1005.6,-9999,28.2,23.3,28.8,28.2,23.9,23.3,76,74,75,43,5.8,0.0,N,PA,BRAGANCA,A226,-1.047258,-46.78579,41.0
816,2019-05-17,00:00,0.0,1008.9,1008.9,1008.1,-9999,25.5,23.3,26.1,25.5,23.6,23.3,88,86,88,279,0.0,0.0,N,PA,BRAGANCA,A226,-1.047258,-46.78579,41.0
817,2019-05-17,04:00,0.0,1008.3,1008.7,1008.3,11,24.4,22.9,24.6,24.1,23.1,22.6,92,91,92,49,0.0,0.0,N,PA,BRAGANCA,A226,-1.047258,-46.78579,41.0
818,2019-05-17,08:00,0.0,1006.8,1006.9,1006.6,21,23.7,22.4,24.1,23.7,22.7,22.4,92,92,92,273,0.0,0.0,N,PA,BRAGANCA,A226,-1.047258,-46.78579,41.0
819,2019-05-17,12:00,0.0,1009.3,1009.3,1008.8,6,28.2,24.4,28.6,25.7,25.2,24.1,91,79,80,106,3.1,0.8,N,PA,BRAGANCA,A226,-1.047258,-46.78579,41.0
820,2019-05-17,16:00,0.4,1006.5,1007.9,1006.5,-9999,30.0,25.6,30.0,26.3,25.6,23.4,87,76,77,26,3.7,0.7,N,PA,BRAGANCA,A226,-1.047258,-46.78579,41.0
821,2019-05-17,20:00,0.0,1005.9,1005.9,1005.6,3,24.4,23.0,24.6,23.9,23.3,22.6,93,92,92,302,1.3,0.0,N,PA,BRAGANCA,A226,-1.047258,-46.78579,41.0
822,2019-05-18,00:00,0.0,1008.5,1008.5,1007.4,19,24.3,23.0,24.4,24.2,23.1,22.9,92,92,92,242,0.0,0.0,N,PA,BRAGANCA,A226,-1.047258,-46.78579,41.0
823,2019-05-18,04:00,0.0,1007.3,1007.9,1007.3,57,23.8,22.5,24.4,23.8,23.1,22.5,93,92,93,195,0.9,0.0,N,PA,BRAGANCA,A226,-1.047258,-46.78579,41.0
824,2019-05-18,08:00,0.0,1006.6,1006.6,1006.0,13,23.5,22.3,23.5,23.4,22.3,22.2,93,93,93,298,0.0,0.0,N,PA,BRAGANCA,A226,-1.047258,-46.78579,41.0
825,2019-05-18,12:00,0.0,1008.7,1008.7,1008.2,4,28.2,24.8,28.5,24.7,25.7,23.4,92,81,82,101,3.5,1.5,N,PA,BRAGANCA,A226,-1.047258,-46.78579,41.0
826,2019-05-18,16:00,0.0,1007.0,1007.5,1006.9,1,28.2,23.3,31.9,28.2,23.8,22.7,75,59,75,61,7.3,4.1,N,PA,BRAGANCA,A226,-1.047258,-46.78579,41.0
827,2019-05-18,20:00,0.0,1005.5,1005.6,1005.1,-9999,27.0,24.0,27.2,26.9,24.0,23.7,84,81,84,61,3.9,0.1,N,PA,BRAGANCA,A226,-1.047258,-46.78579,41.0
828,2019-05-19,00:00,0.0,1007.4,1007.4,1006.7,-9999,25.7,23.7,25.9,25.7,23.8,23.5,89,88,89,138,2.8,0.0,N,PA,BRAGANCA,A226,-1.047258,-46.78579,41.0
829,2019-05-19,04:00,0.0,1006.8,1007.4,1006.8,4,24.7,23.2,24.9,24.6,23.3,23.0,91,91,91,85,1.4,0.0,N,PA,BRAGANCA,A226,-1.047258,-46.78579,41.0
830,2019-05-19,08:00,0.0,1005.9,1006.0,1005.7,22,24.1,22.7,24.3,24.0,22.9,22.7,92,92,92,79,0.0,0.0,N,PA,BRAGANCA,A226,-1.047258,-46.78579,41.0
831,2019-05-19,12:00,0.0,1008.4,1008.4,1007.9,12,27.8,25.3,27.9,25.2,25.9,23.8,92,86,86,55,3.9,0.9,N,PA,BRAGANCA,A226,-1.047258,-46.78579,41.0
832,2019-05-19,16:00,7.0,1007.4,1008.1,1007.1,2,25.1,23.3,30.0,25.1,26.0,22.9,90,74,90,101,9.6,6.1,N,PA,BRAGANCA,A226,-1.047258,-46.78579,41.0
833,2019-05-19,20:00,0.4,1005.1,1005.2,1004.8,0,25.5,23.0,27.2,25.5,24.9,23.0,89,86,86,55,7.5,3.1,N,PA,BRAGANCA,A226,-1.047258,-46.78579,41.0
834,2019-05-20,00:00,0.0,1007.3,1007.3,1006.8,20,24.8,23.2,25.0,24.8,23.3,23.1,91,90,91,135,0.0,0.0,N,PA,BRAGANCA,A226,-1.047258,-46.78579,41.0
835,2019-05-20,04:00,0.0,1006.6,1007.3,1006.6,50,24.7,23.2,24.7,24.6,23.3,23.1,92,92,92,84,1.8,0.0,N,PA,BRAGANCA,A226,-1.047258,-46.78579,41.0
836,2019-05-20,08:00,0.0,1005.5,1005.7,1005.5,39,24.0,22.7,24.2,24.0,22.9,22.7,92,92,92,161,2.9,0.0,N,PA,BRAGANCA,A226,-1.047258,-46.78579,41.0
837,2019-05-20,12:00,0.0,1008.2,1008.3,1007.4,9,27.2,25.2,27.2,25.9,25.3,24.5,92,89,89,96,2.8,0.3,N,PA,BRAGANCA,A226,-1.047258,-46.78579,41.0
838,2019-05-20,16:00,21.2,1006.6,1007.0,1006.4,7,24.9,23.2,29.6,24.9,25.1,23.2,91,72,90,115,11.6,6.7,N,PA,BRAGANCA,A226,-1.047258,-46.78579,41.0
839,2019-05-20,20:00,2.0,1005.6,1005.6,1005.2,-9999,25.4,23.8,25.7,25.4,24.0,23.8,91,90,91,93,3.8,0.3,N,PA,BRAGANCA,A226,-1.047258,-46.78579,41.0
840,2019-05-21,00:00,0.0,1007.6,1007.6,1006.6,34,24.7,23.3,24.8,24.7,23.5,23.3,92,92,92,91,3.7,0.9,N,PA,BRAGANCA,A226,-1.047258,-46.78579,41.0
841,2019-05-21,04:00,0.0,1007.1,1008.0,1007.1,57,24.3,22.9,24.6,24.2,23.2,22.9,92,92,92,111,0.0,0.0,N,PA,BRAGANCA,A226,-1.047258,-46.78579,41.0
842,2019-05-21,08:00,0.0,1005.9,1006.0,1005.6,24,23.8,22.5,23.9,23.7,22.6,22.3,92,92,92,105,0.0,0.0,N,PA,BRAGANCA,A226,-1.047258,-46.78579,41.0
843,2019-05-21,12:00,0.0,1007.9,1007.9,1007.4,25,27.9,24.9,28.0,25.6,25.7,24.4,92,83,83,82,3.3,1.8,N,PA,BRAGANCA,A226,-1.047258,-46.78579,41.0
844,2019-05-21,16:00,0.0,1006.4,1007.4,1006.4,34,32.3,22.3,32.3,30.9,23.5,21.7,62,54,56,51,6.9,2.6,N,PA,BRAGANCA,A226,-1.047258,-46.78579,41.0
845,2019-05-21,20:00,0.0,1005.2,1005.2,1004.4,0,27.6,23.7,28.3,27.6,23.8,23.2,79,74,79,84,4.6,0.4,N,PA,BRAGANCA,A226,-1.047258,-46.78579,41.0
846,2019-05-22,00:00,0.4,1007.2,1007.2,1006.5,-9999,25.0,23.4,25.1,24.9,23.5,23.2,91,90,91,107,0.0,0.0,N,PA,BRAGANCA,A226,-1.047258,-46.78579,41.0
847,2019-05-22,04:00,0.0,1007.8,1008.1,1007.8,1,23.6,22.2,24.1,23.5,22.7,22.1,92,92,92,221,0.0,0.0,N,PA,BRAGANCA,A226,-1.047258,-46.78579,41.0
848,2019-05-22,08:00,0.0,1006.2,1006.3,1005.9,5,23.5,22.3,23.6,23.2,22.3,21.9,93,92,92,134,0.0,0.0,N,PA,BRAGANCA,A226,-1.047258,-46.78579,41.0
849,2019-05-22,12:00,0.0,1008.4,1008.4,1007.7,32,28.3,25.5,28.8,25.6,26.1,24.2,92,83,85,72,3.4,0.9,N,PA,BRAGANCA,A226,-1.047258,-46.78579,41.0
850,2019-05-22,16:00,0.0,1007.1,1008.5,1007.1,1,29.2,23.8,30.1,25.8,25.1,22.6,85,71,73,4,3.3,0.5,N,PA,BRAGANCA,A226,-1.047258,-46.78579,41.0
851,2019-05-22,20:00,0.0,1006.3,1006.3,1006.0,-9999,25.2,22.8,25.3,24.9,22.9,22.4,87,85,86,118,4.5,0.1,N,PA,BRAGANCA,A226,-1.047258,-46.78579,41.0
852,2019-05-23,00:00,0.0,1007.9,1007.9,1007.5,45,23.8,22.3,24.1,23.8,22.6,22.3,92,91,92,140,1.1,0.0,N,PA,BRAGANCA,A226,-1.047258,-46.78579,41.0
853,2019-05-23,04:00,0.0,1007.9,1008.5,1007.9,12,23.1,21.8,23.4,23.1,22.1,21.8,92,92,92,343,0.7,0.0,N,PA,BRAGANCA,A226,-1.047258,-46.78579,41.0
854,2019-05-23,08:00,0.0,1006.1,1006.1,1006.0,58,22.9,21.6,23.0,22.8,21.7,21.5,93,92,93,165,1.2,0.0,N,PA,BRAGANCA,A226,-1.047258,-46.78579,41.0
855,2019-05-23,12:00,0.0,1008.8,1008.8,1008.3,25,29.0,25.3,29.0,26.1,25.4,24.3,91,80,80,84,4.6,2.4,N,PA,BRAGANCA,A226,-1.047258,-46.78579,41.0
856,2019-05-23,16:00,0.0,1007.3,1007.9,1007.2,33,31.9,21.6,33.0,31.1,22.8,21.0,59,52,55,60,7.8,3.9,N,PA,BRAGANCA,A226,-1.047258,-46.78579,41.0
857,2019-05-23,20:00,0.0,1005.2,1005.2,1005.1,78,30.6,22.9,31.9,30.5,23.6,22.8,64,60,64,40,7.8,1.8,N,PA,BRAGANCA,A226,-1.047258,-46.78579,41.0
858,2019-05-24,00:00,0.0,1007.6,1007.6,1006.8,-9999,25.7,23.2,25.9,25.7,23.3,23.1,86,85,86,33,3.1,0.1,N,PA,BRAGANCA,A226,-1.047258,-46.78579,41.0
859,2019-05-24,04:00,0.0,1007.2,1007.6,1007.2,-9999,24.9,22.8,25.3,24.9,23.0,22.8,88,87,88,59,3.4,0.8,N,PA,BRAGANCA,A226,-1.047258,-46.78579,41.0
860,2019-05-24,08:00,0.0,1006.7,1006.7,1006.2,17,23.5,22.1,24.2,23.1,22.6,21.6,92,90,92,138,0.6,0.0,N,PA,BRAGANCA,A226,-1.047258,-46.78579,41.0
861,2019-05-24,12:00,0.0,1009.5,1009.5,1008.9,9,29.2,23.9,29.7,27.5,25.0,23.5,84,72,73,52,5.7,2.0,N,PA,BRAGANCA,A226,-1.047258,-46.78579,41.0
862,2019-05-24,16:00,0.0,1007.9,1008.6,1007.8,14,31.0,22.8,33.0,31.0,24.2,22.2,62,56,62,38,8.8,2.1,N,PA,BRAGANCA,A226,-1.047258,-46.78579,41.0
863,2019-05-24,20:00,0.0,1006.2,1006.2,1005.9,13,29.6,23.3,31.3,29.3,23.6,22.9,70,62,69,22,6.6,1.5,N,PA,BRAGANCA,A226,-1.047258,-46.78579,41.0
864,2019-05-25,00:00,0.0,1007.4,1007.4,1006.9,-9999,25.8,22.9,26.2,25.8,23.1,22.9,84,83,84,58,2.9,0.4,N,PA,BRAGANCA,A226,-1.047258,-46.78579,41.0
865,2019-05-25,04:00,0.0,1007.5,1007.9,1007.5,-9999,24.5,22.6,25.2,24.5,22.8,22.4,89,87,89,109,1.2,0.0,N,PA,BRAGANCA,A226,-1.047258,-46.78579,41.0
866,2019-05-25,08:00,0.0,1007.0,1007.0,1006.8,1,24.4,22.7,24.7,24.2,22.9,22.5,90,90,90,74,2.0,0.0,N,PA,BRAGANCA,A226,-1.047258,-46.78579,41.0
867,2019-05-25,12:00,0.0,1009.0,1009.0,1008.7,15,29.1,23.8,29.8,27.7,25.1,23.6,83,72,73,43,4.7,1.5,N,PA,BRAGANCA,A226,-1.047258,-46.78579,41.0
868,2019-05-25,16:00,0.0,1006.8,1007.9,1006.8,-9999,32.2,23.7,32.9,31.3,24.7,22.6,65,57,61,49,6.3,3.0,N,PA,BRAGANCA,A226,-1.047258,-46.78579,41.0
869,2019-05-25,20:00,0.4,1006.8,1006.8,1005.8,-9999,25.1,22.9,29.8,25.1,23.2,21.5,88,66,88,129,8.1,4.5,N,PA,BRAGANCA,A226,-1.047258,-46.78579,41.0
870,2019-05-26,00:00,0.0,1008.5,1008.5,1007.7,-9999,24.2,22.7,24.5,23.9,23.0,22.3,92,91,91,152,0.0,0.0,N,PA,BRAGANCA,A226,-1.047258,-46.78579,41.0
871,2019-05-26,04:00,0.0,1006.9,1007.6,1006.9,48,24.5,23.0,24.5,24.3,23.1,22.9,92,92,92,51,2.9,0.0,N,PA,BRAGANCA,A226,-1.047258,-46.78579,41.0
872,2019-05-26,08:00,0.0,1006.7,1006.7,1006.4,52,23.9,22.5,24.1,23.9,22.7,22.5,92,92,92,99,2.1,0.0,N,PA,BRAGANCA,A226,-1.047258,-46.78579,41.0
873,2019-05-26,12:00,0.0,1008.2,1008.3,1008.0,6,29.2,24.8,29.6,27.2,26.1,24.7,90,76,77,47,5.2,1.7,N,PA,BRAGANCA,A226,-1.047258,-46.78579,41.0
874,2019-05-26,16:00,0.0,1006.9,1007.3,1006.7,-9999,29.9,23.6,32.5,29.9,24.9,23.2,69,62,69,39,8.5,2.7,N,PA,BRAGANCA,A226,-1.047258,-46.78579,41.0
875,2019-05-26,20:00,1.8,1006.0,1006.0,1005.4,-9999,26.4,24.2,28.3,26.4,24.5,23.2,88,77,88,120,7.3,1.8,N,PA,BRAGANCA,A226,-1.047258,-46.78579,41.0
876,2019-05-27,00:00,0.0,1007.9,1007.9,1007.0,-9999,24.9,23.4,25.1,24.7,23.5,23.1,91,91,91,89,0.0,0.0,N,PA,BRAGANCA,A226,-1.047258,-46.78579,41.0
877,2019-05-27,04:00,0.0,1007.5,1008.3,1007.5,43,24.5,23.1,24.8,24.5,23.3,23.1,92,92,92,95,0.0,0.0,N,PA,BRAGANCA,A226,-1.047258,-46.78579,41.0
878,2019-05-27,08:00,0.0,1006.6,1006.6,1006.2,49,24.1,22.7,24.5,24.1,23.1,22.7,92,92,92,94,1.2,0.0,N,PA,BRAGANCA,A226,-1.047258,-46.78579,41.0
879,2019-05-27,12:00,0.0,1008.5,1008.5,1008.2,14,29.2,25.2,29.2,25.7,25.7,24.4,91,79,79,45,3.3,0.6,N,PA,BRAGANCA,A226,-1.047258,-46.78579,41.0
880,2019-05-27,16:00,0.0,1006.6,1007.7,1006.6,-9999,31.3,24.0,32.1,30.8,24.7,23.2,67,62,65,31,8.4,1.7,N,PA,BRAGANCA,A226,-1.047258,-46.78579,41.0
881,2019-05-27,20:00,4.4,1006.3,1006.3,1005.9,-9999,24.4,22.8,24.5,23.6,22.9,21.5,91,85,91,107,11.0,2.3,N,PA,BRAGANCA,A226,-1.047258,-46.78579,41.0
882,2019-05-28,00:00,0.0,1007.9,1007.9,1007.3,15,23.5,22.0,23.7,23.5,22.2,22.0,92,91,91,144,2.3,0.1,N,PA,BRAGANCA,A226,-1.047258,-46.78579,41.0
883,2019-05-28,04:00,0.0,1007.2,1007.8,1007.2,56,23.4,22.0,23.6,23.4,22.1,22.0,92,92,92,152,0.0,0.0,N,PA,BRAGANCA,A226,-1.047258,-46.78579,41.0
884,2019-05-28,08:00,0.0,1006.3,1006.3,1005.9,57,23.4,22.1,23.5,23.3,22.1,22.0,92,92,92,143,0.0,0.0,N,PA,BRAGANCA,A226,-1.047258,-46.78579,41.0
885,2019-05-28,12:00,0.0,1008.3,1008.4,1008.0,11,29.0,24.1,29.6,26.6,25.4,24.1,86,75,75,64,5.0,2.3,N,PA,BRAGANCA,A226,-1.047258,-46.78579,41.0
886,2019-05-28,16:00,0.0,1006.3,1007.4,1006.3,-9999,31.6,23.8,33.0,30.8,24.7,22.6,65,59,63,43,8.3,2.7,N,PA,BRAGANCA,A226,-1.047258,-46.78579,41.0
887,2019-05-28,20:00,0.0,1005.7,1005.7,1005.3,-9999,29.1,21.8,29.9,29.1,23.0,21.7,68,64,65,53,5.2,2.0,N,PA,BRAGANCA,A226,-1.047258,-46.78579,41.0
888,2019-05-29,00:00,0.0,1008.4,1008.4,1007.6,-9999,25.5,22.3,26.3,25.4,22.6,22.2,83,78,83,144,2.2,0.3,N,PA,BRAGANCA,A226,-1.047258,-46.78579,41.0
889,2019-05-29,04:00,0.0,1007.9,1008.6,1007.9,-9999,23.8,22.0,24.2,23.8,22.4,22.0,90,90,90,181,2.6,0.5,N,PA,BRAGANCA,A226,-1.047258,-46.78579,41.0
890,2019-05-29,08:00,0.0,1006.9,1006.9,1006.5,4,23.3,21.8,23.5,23.3,21.9,21.8,91,91,91,148,2.5,0.0,N,PA,BRAGANCA,A226,-1.047258,-46.78579,41.0
891,2019-05-29,12:00,0.0,1008.8,1008.9,1008.5,-9999,28.0,24.1,28.5,26.3,24.7,23.6,87,78,80,65,3.2,1.5,N,PA,BRAGANCA,A226,-1.047258,-46.78579,41.0
892,2019-05-29,16:00,0.0,1007.4,1007.9,1007.3,-9999,31.2,22.7,32.7,30.2,24.0,20.9,64,56,61,87,10.5,6.8,N,PA,BRAGANCA,A226,-1.047258,-46.78579,41.0
893,2019-05-29,20:00,0.0,1006.6,1006.7,1006.5,-9999,26.6,21.9,26.6,25.4,22.6,21.8,84,76,76,84,8.1,0.8,N,PA,BRAGANCA,A226,-1.047258,-46.78579,41.0
894,2019-05-30,00:00,0.0,1008.6,1008.6,1007.9,-9999,24.1,22.1,24.1,23.9,22.1,21.8,89,88,89,83,2.1,0.3,N,PA,BRAGANCA,A226,-1.047258,-46.78579,41.0
895,2019-05-30,04:00,0.0,1007.4,1008.6,1007.4,7,24.1,22.4,24.4,24.1,22.6,22.4,90,90,90,75,3.9,0.0,N,PA,BRAGANCA,A226,-1.047258,-46.78579,41.0
896,2019-05-30,08:00,0.0,1006.4,1006.5,1006.3,27,24.7,23.3,24.8,24.6,23.3,23.2,92,92,92,42,0.5,0.0,N,PA,BRAGANCA,A226,-1.047258,-46.78579,41.0
897,2019-05-30,12:00,0.0,1008.6,1008.6,1008.3,2,29.4,24.1,29.8,26.3,24.9,23.6,86,73,73,53,5.5,2.8,N,PA,BRAGANCA,A226,-1.047258,-46.78579,41.0
898,2019-05-30,16:00,0.0,1006.9,1007.5,1006.9,-9999,29.1,23.3,32.4,29.1,23.8,22.7,71,59,71,43,8.4,2.2,N,PA,BRAGANCA,A226,-1.047258,-46.78579,41.0
899,2019-05-30,20:00,0.0,1005.5,1005.5,1005.2,-9999,28.4,23.3,28.9,28.3,23.3,23.0,74,71,74,60,5.9,2.1,N,PA,BRAGANCA,A226,-1.047258,-46.78579,41.0
900,2019-05-31,00:00,0.0,1007.6,1007.6,1006.9,-9999,25.4,22.8,26.0,25.4,22.8,22.5,85,82,85,86,4.8,1.3,N,PA,BRAGANCA,A226,-1.047258,-46.78579,41.0
901,2019-05-31,04:00,0.0,1007.4,1008.3,1007.4,1,24.6,23.1,24.9,24.6,23.2,22.8,91,89,91,69,3.3,0.3,N,PA,BRAGANCA,A226,-1.047258,-46.78579,41.0
902,2019-05-31,08:00,1.4,1006.5,1006.6,1006.2,70,23.7,22.4,24.4,23.7,23.3,22.4,93,92,92,79,9.1,3.5,N,PA,BRAGANCA,A226,-1.047258,-46.78579,41.0
903,2019-05-31,12:00,0.0,1008.6,1008.6,1007.8,109,26.4,23.9,26.5,24.6,24.3,23.0,91,86,86,68,6.0,2.2,N,PA,BRAGANCA,A226,-1.047258,-46.78579,41.0
904,2019-05-31,16:00,0.2,1006.9,1007.9,1006.9,-9999,29.4,24.1,30.1,27.8,25.8,23.7,84,72,73,52,8.2,2.4,N,PA,BRAGANCA,A226,-1.047258,-46.78579,41.0
905,2019-05-31,20:00,0.8,1005.6,1005.6,1005.4,-9999,27.0,24.2,28.8,26.7,24.5,23.4,85,76,85,57,5.1,0.6,N,PA,BRAGANCA,A226,-1.047258,-46.78579,41.0
906,2019-06-01,00:00,0.0,1007.9,1007.9,1007.3,-9999,25.3,23.3,26.0,25.3,23.8,23.3,89,86,89,65,6.2,1.6,N,PA,BRAGANCA,A226,-1.047258,-46.78579,41.0
907,2019-06-01,04:00,0.0,1007.8,1008.4,1007.8,28,24.0,22.7,24.3,23.9,23.0,22.6,93,92,93,147,0.0,0.0,N,PA,BRAGANCA,A226,-1.047258,-46.78579,41.0
908,2019-06-01,08:00,0.4,1006.4,1006.5,1006.2,47,23.9,22.7,24.0,23.7,22.8,22.6,93,93,93,76,0.6,0.0,N,PA,BRAGANCA,A226,-1.047258,-46.78579,41.0
909,2019-06-01,12:00,0.0,1008.2,1008.3,1008.0,10,29.3,24.4,29.5,25.8,25.4,24.0,91,75,75,49,5.4,0.8,N,PA,BRAGANCA,A226,-1.047258,-46.78579,41.0
910,2019-06-01,16:00,0.0,1006.3,1007.6,1006.3,-9999,32.0,23.8,32.1,30.3,25.2,23.3,72,62,62,39,7.7,2.5,N,PA,BRAGANCA,A226,-1.047258,-46.78579,41.0
911,2019-06-01,20:00,0.0,1005.8,1006.2,1005.8,11,24.4,23.0,24.4,23.9,23.1,22.6,93,92,92,66,4.4,2.4,N,PA,BRAGANCA,A226,-1.047258,-46.78579,41.0
912,2019-06-02,00:00,0.0,1008.5,1008.5,1007.6,78,24.4,23.1,24.7,24.4,23.4,23.1,93,93,93,101,3.1,0.2,N,PA,BRAGANCA,A226,-1.047258,-46.78579,41.0
913,2019-06-02,04:00,0.2,1007.6,1008.5,1007.6,21,23.6,22.3,24.1,23.6,22.8,22.3,93,92,93,147,1.1,0.0,N,PA,BRAGANCA,A226,-1.047258,-46.78579,41.0
914,2019-06-02,08:00,0.0,1005.8,1006.0,1005.8,10,23.0,21.8,23.0,22.6,21.8,21.5,93,93,93,159,0.0,0.0,N,PA,BRAGANCA,A226,-1.047258,-46.78579,41.0
915,2019-06-02,12:00,0.0,1008.6,1008.6,1007.8,55,25.4,24.0,25.4,23.4,24.0,22.2,93,92,92,104,0.4,0.0,N,PA,BRAGANCA,A226,-1.047258,-46.78579,41.0
916,2019-06-02,16:00,0.0,1007.2,1008.2,1007.2,-9999,30.1,24.1,31.1,27.6,26.3,23.8,83,67,71,46,6.8,2.5,N,PA,BRAGANCA,A226,-1.047258,-46.78579,41.0
917,2019-06-02,20:00,0.0,1006.4,1006.5,1006.1,-9999,28.5,22.5,31.0,28.5,23.4,22.0,70,62,70,49,8.1,1.3,N,PA,BRAGANCA,A226,-1.047258,-46.78579,41.0
918,2019-06-03,00:00,0.0,1008.3,1008.3,1007.6,-9999,25.5,22.6,25.7,25.3,22.8,22.5,85,84,84,66,3.5,1.3,N,PA,BRAGANCA,A226,-1.047258,-46.78579,41.0
919,2019-06-03,04:00,0.0,1008.5,1009.0,1008.5,40,24.2,22.5,24.4,24.1,22.6,22.3,91,89,91,74,0.0,0.0,N,PA,BRAGANCA,A226,-1.047258,-46.78579,41.0
920,2019-06-03,08:00,0.0,1008.3,1008.3,1007.9,376,23.2,22.0,23.3,23.0,22.1,21.8,93,93,93,166,0.0,0.0,N,PA,BRAGANCA,A226,-1.047258,-46.78579,41.0
921,2019-06-03,12:00,0.0,1010.7,1010.7,1010.1,36,29.6,24.0,29.6,27.5,24.8,23.5,85,72,72,46,5.7,2.0,N,PA,BRAGANCA,A226,-1.047258,-46.78579,41.0
922,2019-06-03,16:00,0.0,1010.0,1011.0,1010.0,-9999,31.8,23.0,32.7,30.8,24.8,22.5,64,59,60,24,6.9,2.2,N,PA,BRAGANCA,A226,-1.047258,-46.78579,41.0
923,2019-06-03,20:00,0.0,1008.0,1008.1,1007.7,-9999,28.8,22.5,31.7,28.8,23.1,22.2,69,59,69,30,6.1,1.6,N,PA,BRAGANCA,A226,-1.047258,-46.78579,41.0
924,2019-06-04,00:00,0.0,1010.4,1010.4,1009.6,-9999,25.5,23.4,25.8,25.5,23.4,23.0,88,86,88,15,0.7,0.0,N,PA,BRAGANCA,A226,-1.047258,-46.78579,41.0
925,2019-06-04,04:00,0.0,1010.4,1010.8,1010.4,41,24.5,23.4,24.8,24.5,23.6,23.3,94,93,93,72,0.4,0.0,N,PA,BRAGANCA,A226,-1.047258,-46.78579,41.0
926,2019-06-04,08:00,0.0,1009.3,1009.3,1009.1,50,24.2,23.3,24.3,24.1,23.3,23.2,95,95,95,91,0.0,0.0,N,PA,BRAGANCA,A226,-1.047258,-46.78579,41.0
927,2019-06-04,12:00,0.0,1011.4,1011.4,1010.9,-9999,29.1,25.1,29.1,25.8,25.5,24.4,92,79,79,57,1.5,0.1,N,PA,BRAGANCA,A226,-1.047258,-46.78579,41.0
928,2019-06-04,16:00,0.0,1009.8,1010.8,1009.8,-9999,32.4,23.8,32.6,30.5,24.9,22.5,68,58,61,11,5.6,2.8,N,PA,BRAGANCA,A226,-1.047258,-46.78579,41.0
929,2019-06-04,20:00,0.0,1008.1,1008.2,1007.9,-9999,28.7,23.8,30.7,28.7,24.8,23.2,75,66,75,47,7.5,2.2,N,PA,BRAGANCA,A226,-1.047258,-46.78579,41.0
930,2019-06-05,00:00,0.0,1009.5,1009.6,1009.3,-9999,25.0,23.3,25.5,25.0,23.7,23.3,90,89,90,57,3.5,1.0,N,PA,BRAGANCA,A226,-1.047258,-46.78579,41.0
931,2019-06-05,04:00,0.0,1009.5,1010.1,1009.5,14,24.7,23.6,25.1,24.6,23.9,23.6,94,92,94,71,2.0,0.1,N,PA,BRAGANCA,A226,-1.047258,-46.78579,41.0
932,2019-06-05,08:00,0.0,1008.4,1008.4,1008.2,114,24.3,23.4,24.3,24.0,23.5,23.2,96,95,95,17,3.7,0.1,N,PA,BRAGANCA,A226,-1.047258,-46.78579,41.0
933,2019-06-05,12:00,0.0,1010.3,1010.3,1009.5,-9999,27.9,24.7,27.9,26.3,24.7,23.9,88,82,83,88,2.5,1.3,N,PA,BRAGANCA,A226,-1.047258,-46.78579,41.0
934,2019-06-05,16:00,0.0,1008.5,1009.5,1008.5,-9999,31.0,23.8,31.4,29.6,24.7,23.1,71,64,65,34,7.3,2.2,N,PA,BRAGANCA,A226,-1.047258,-46.78579,41.0
935,2019-06-05,20:00,38.8,1007.7,1007.9,1006.6,3,24.1,23.3,25.6,23.1,24.0,22.1,95,88,95,143,10.3,2.1,N,PA,BRAGANCA,A226,-1.047258,-46.78579,41.0
936,2019-06-06,00:00,0.0,1009.3,1009.4,1008.5,81,24.1,23.3,24.3,23.6,23.6,22.9,96,95,96,118,4.3,1.6,N,PA,BRAGANCA,A226,-1.047258,-46.78579,41.0
937,2019-06-06,04:00,0.0,1009.0,1009.3,1009.0,45,23.7,23.0,23.9,23.7,23.2,23.0,96,95,96,94,1.5,0.0,N,PA,BRAGANCA,A226,-1.047258,-46.78579,41.0
938,2019-06-06,08:00,0.0,1008.2,1008.2,1007.9,5,23.7,23.0,23.9,23.6,23.2,22.9,96,96,96,78,0.0,0.0,N,PA,BRAGANCA,A226,-1.047258,-46.78579,41.0
939,2019-06-06,12:00,0.0,1009.0,1009.0,1008.8,30,29.3,25.6,29.4,25.4,26.2,24.4,94,79,80,64,4.5,1.6,N,PA,BRAGANCA,A226,-1.047258,-46.78579,41.0
940,2019-06-06,16:00,0.0,1006.7,1007.6,1006.7,-9999,32.3,24.5,33.0,30.7,26.0,23.4,69,61,64,26,5.8,1.6,N,PA,BRAGANCA,A226,-1.047258,-46.78579,41.0
941,2019-06-06,20:00,0.0,1006.0,1006.1,1005.9,-9999,24.8,23.1,24.9,23.8,23.2,22.0,91,85,91,130,7.0,0.0,N,PA,BRAGANCA,A226,-1.047258,-46.78579,41.0
942,2019-06-07,00:00,0.0,1008.0,1008.1,1007.4,34,25.3,23.8,25.5,25.3,23.9,23.8,92,91,92,67,1.4,0.0,N,PA,BRAGANCA,A226,-1.047258,-46.78579,41.0
943,2019-06-07,04:00,0.0,1008.2,1008.5,1008.2,76,24.9,23.6,25.1,24.8,23.8,23.5,93,92,93,85,2.2,0.0,N,PA,BRAGANCA,A226,-1.047258,-46.78579,41.0
944,2019-06-07,08:00,0.0,1007.4,1007.4,1007.2,64,23.6,22.8,24.0,23.6,23.0,22.8,95,95,95,149,1.8,0.0,N,PA,BRAGANCA,A226,-1.047258,-46.78579,41.0
945,2019-06-07,12:00,0.0,1008.4,1008.4,1008.3,47,28.7,25.0,28.7,26.0,25.8,24.6,92,81,81,70,3.5,1.8,N,PA,BRAGANCA,A226,-1.047258,-46.78579,41.0
946,2019-06-07,16:00,0.0,1006.7,1007.9,1006.7,-9999,30.2,24.4,30.2,27.4,24.6,22.1,77,70,71,65,7.3,4.0,N,PA,BRAGANCA,A226,-1.047258,-46.78579,41.0
947,2019-06-07,20:00,4.2,1006.4,1006.4,1005.5,-9999,25.4,23.3,29.4,25.4,23.5,22.3,88,70,88,115,9.2,4.9,N,PA,BRAGANCA,A226,-1.047258,-46.78579,41.0
948,2019-06-08,00:00,0.0,1008.1,1008.1,1007.4,22,24.2,23.0,24.7,24.1,23.5,22.9,93,93,93,163,1.6,0.0,N,PA,BRAGANCA,A226,-1.047258,-46.78579,41.0
949,2019-06-08,04:00,0.0,1008.2,1009.1,1008.2,43,24.4,23.2,24.7,24.3,23.6,23.2,93,93,93,200,0.0,0.0,N,PA,BRAGANCA,A226,-1.047258,-46.78579,41.0
950,2019-06-08,08:00,0.0,1007.4,1007.4,1007.2,50,23.8,22.8,24.0,23.8,23.0,22.8,94,94,94,177,2.2,0.0,N,PA,BRAGANCA,A226,-1.047258,-46.78579,41.0
951,2019-06-08,12:00,0.0,1009.4,1009.4,1008.7,27,26.2,24.1,26.3,25.3,24.6,23.8,93,88,88,129,2.8,0.1,N,PA,BRAGANCA,A226,-1.047258,-46.78579,41.0
952,2019-06-08,16:00,0.2,1009.1,1009.6,1009.1,-9999,27.8,24.7,28.2,26.7,24.9,23.0,84,77,84,44,5.1,0.6,N,PA,BRAGANCA,A226,-1.047258,-46.78579,41.0
953,2019-06-08,20:00,0.0,1008.7,1008.8,1008.1,-9999,26.3,23.7,27.1,26.3,23.9,23.6,86,82,86,11,3.2,0.1,N,PA,BRAGANCA,A226,-1.047258,-46.78579,41.0
954,2019-06-09,00:00,0.0,1009.6,1009.6,1008.9,35,24.8,23.3,25.1,24.8,23.6,23.3,92,91,91,80,2.4,0.3,N,PA,BRAGANCA,A226,-1.047258,-46.78579,41.0
955,2019-06-09,04:00,0.0,1009.3,1009.9,1009.3,50,24.2,22.7,24.5,24.2,22.9,22.7,91,91,91,96,3.3,0.0,N,PA,BRAGANCA,A226,-1.047258,-46.78579,41.0
956,2019-06-09,08:00,0.0,1008.5,1008.5,1008.3,54,23.6,22.5,23.7,23.6,22.6,22.5,93,93,93,125,2.8,0.3,N,PA,BRAGANCA,A226,-1.047258,-46.78579,41.0
957,2019-06-09,12:00,0.0,1010.0,1010.1,1009.5,21,28.1,23.3,28.2,26.1,24.4,23.1,89,75,75,102,4.8,2.4,N,PA,BRAGANCA,A226,-1.047258,-46.78579,41.0
958,2019-06-09,16:00,0.0,1008.4,1009.1,1008.4,-9999,31.9,23.4,32.7,30.4,24.9,22.3,68,58,61,28,7.1,1.4,N,PA,BRAGANCA,A226,-1.047258,-46.78579,41.0
959,2019-06-09,20:00,0.0,1007.7,1007.8,1007.0,7,28.9,24.0,30.8,28.6,24.4,23.6,76,69,75,29,6.4,0.5,N,PA,BRAGANCA,A226,-1.047258,-46.78579,41.0
960,2019-06-10,00:00,0.0,1009.9,1009.9,1009.4,-9999,24.7,23.1,24.8,24.5,23.2,22.8,91,90,91,86,1.9,0.6,N,PA,BRAGANCA,A226,-1.047258,-46.78579,41.0
961,2019-06-10,04:00,0.0,1009.8,1010.3,1009.8,86,25.2,23.7,25.3,25.1,23.7,23.5,91,91,91,71,4.0,0.6,N,PA,BRAGANCA,A226,-1.047258,-46.78579,41.0
962,2019-06-10,08:00,0.0,1008.4,1008.4,1008.2,37,23.7,22.8,24.6,23.5,23.5,22.5,95,94,95,174,0.6,0.0,N,PA,BRAGANCA,A226,-1.047258,-46.78579,41.0
963,2019-06-10,12:00,0.0,1009.8,1009.9,1009.6,23,29.1,24.9,29.1,26.9,25.6,24.6,89,78,78,77,3.9,2.2,N,PA,BRAGANCA,A226,-1.047258,-46.78579,41.0
964,2019-06-10,16:00,0.2,1008.0,1009.1,1008.0,1,31.2,24.4,31.8,30.2,25.5,23.4,71,65,67,15,7.0,2.8,N,PA,BRAGANCA,A226,-1.047258,-46.78579,41.0
965,2019-06-10,20:00,0.0,1007.1,1007.2,1006.6,-9999,28.1,24.0,28.6,28.1,24.2,23.8,79,75,78,38,4.9,0.7,N,PA,BRAGANCA,A226,-1.047258,-46.78579,41.0
966,2019-06-11,00:00,0.0,1009.1,1009.1,1008.8,-9999,25.7,23.3,26.7,25.7,23.8,23.2,87,84,87,51,7.2,0.0,N,PA,BRAGANCA,A226,-1.047258,-46.78579,41.0
967,2019-06-11,04:00,0.8,1009.0,1009.7,1009.0,66,24.2,-9999.0,24.9,24.2,-9999.0,-9999.0,-9999,-9999,-9999,167,3.9,0.8,N,PA,BRAGANCA,A226,-1.047258,-46.78579,41.0
968,2019-06-11,08:00,0.0,1007.7,1007.8,1007.5,11,23.8,-9999.0,23.9,23.7,-9999.0,-9999.0,-9999,-9999,-9999,99,1.8,0.1,N,PA,BRAGANCA,A226,-1.047258,-46.78579,41.0
969,2019-06-11,12:00,0.0,1009.7,1009.8,1009.5,33,28.9,25.0,29.1,26.2,-9999.0,-9999.0,-9999,-9999,79,66,5.1,2.1,N,PA,BRAGANCA,A226,-1.047258,-46.78579,41.0
970,2019-06-11,16:00,0.0,1007.8,1008.6,1007.8,9,30.6,23.8,31.9,30.0,25.5,23.7,72,65,67,32,6.4,2.2,N,PA,BRAGANCA,A226,-1.047258,-46.78579,41.0
971,2019-06-11,20:00,13.8,1007.2,1007.3,1007.0,2,24.5,23.9,25.6,24.1,23.9,22.7,97,85,97,137,10.4,3.7,N,PA,BRAGANCA,A226,-1.047258,-46.78579,41.0
972,2019-06-12,00:00,0.0,1009.2,1009.2,1008.4,30,24.3,-9999.0,24.6,24.2,-9999.0,-9999.0,-9999,-9999,-9999,106,3.4,0.0,N,PA,BRAGANCA,A226,-1.047258,-46.78579,41.0
973,2019-06-12,04:00,0.0,1008.8,1009.3,1008.8,14,24.2,-9999.0,24.3,24.0,-9999.0,-9999.0,-9999,-9999,-9999,96,0.0,0.0,N,PA,BRAGANCA,A226,-1.047258,-46.78579,41.0
974,2019-06-12,08:00,0.0,1007.5,1007.5,1007.1,38,24.0,-9999.0,24.1,23.9,-9999.0,-9999.0,-9999,-9999,-9999,359,0.0,0.0,N,PA,BRAGANCA,A226,-1.047258,-46.78579,41.0
975,2019-06-12,12:00,0.0,1009.6,1009.7,1009.1,66,27.0,-9999.0,27.0,25.2,-9999.0,-9999.0,-9999,-9999,-9999,100,2.8,1.5,N,PA,BRAGANCA,A226,-1.047258,-46.78579,41.0
976,2019-06-12,16:00,7.8,1009.0,1009.4,1009.0,-9999,24.8,23.4,27.5,24.2,24.2,22.9,93,83,92,133,8.6,2.0,N,PA,BRAGANCA,A226,-1.047258,-46.78579,41.0
977,2019-06-12,20:00,0.0,1007.5,1007.6,1007.1,-9999,26.1,23.7,26.8,26.1,23.9,23.5,87,83,87,26,3.8,0.3,N,PA,BRAGANCA,A226,-1.047258,-46.78579,41.0
978,2019-06-13,00:00,0.0,1010.0,1010.0,1009.3,-9999,24.8,22.9,24.8,24.3,23.0,22.4,90,89,89,99,1.6,0.0,N,PA,BRAGANCA,A226,-1.047258,-46.78579,41.0
979,2019-06-13,04:00,0.0,1009.4,1009.8,1009.4,18,23.7,22.3,24.0,23.7,22.4,22.3,92,90,92,125,2.2,0.0,N,PA,BRAGANCA,A226,-1.047258,-46.78579,41.0
980,2019-06-13,08:00,0.0,1008.2,1008.5,1008.2,14,23.8,22.8,24.0,23.7,22.9,22.7,94,93,94,94,1.7,0.0,N,PA,BRAGANCA,A226,-1.047258,-46.78579,41.0
981,2019-06-13,12:00,0.0,1010.0,1010.1,1009.7,12,28.4,24.4,28.7,25.2,25.2,24.0,94,79,79,73,5.0,1.4,N,PA,BRAGANCA,A226,-1.047258,-46.78579,41.0
982,2019-06-13,16:00,0.0,1008.9,1009.8,1008.9,-9999,29.3,24.7,29.3,25.5,25.2,22.8,87,76,77,106,4.5,0.9,N,PA,BRAGANCA,A226,-1.047258,-46.78579,41.0
983,2019-06-13,20:00,0.0,1007.4,1007.4,1006.8,11,29.4,23.4,30.9,29.3,23.9,22.9,71,64,70,40,4.7,1.4,N,PA,BRAGANCA,A226,-1.047258,-46.78579,41.0
984,2019-06-14,00:00,0.0,1010.0,1010.0,1009.1,-9999,24.8,23.4,25.0,24.7,23.6,23.2,92,92,92,104,2.2,0.0,N,PA,BRAGANCA,A226,-1.047258,-46.78579,41.0
985,2019-06-14,04:00,0.0,1009.4,1010.1,1009.4,37,23.9,23.0,24.0,23.7,23.0,22.7,95,94,95,123,3.0,0.7,N,PA,BRAGANCA,A226,-1.047258,-46.78579,41.0
986,2019-06-14,08:00,0.0,1008.1,1008.2,1008.0,43,23.1,22.5,23.2,23.0,22.6,22.4,96,96,96,132,1.8,0.0,N,PA,BRAGANCA,A226,-1.047258,-46.78579,41.0
987,2019-06-14,12:00,0.0,1010.0,1010.0,1009.3,46,27.9,25.3,28.1,25.7,26.0,24.9,95,86,86,81,3.5,1.7,N,PA,BRAGANCA,A226,-1.047258,-46.78579,41.0
988,2019-06-14,16:00,0.0,1008.0,1009.0,1007.9,2,29.6,23.6,31.9,29.6,24.7,23.2,70,62,70,37,7.5,2.1,N,PA,BRAGANCA,A226,-1.047258,-46.78579,41.0
989,2019-06-14,20:00,0.0,1007.4,1007.4,1006.8,1,24.9,23.7,24.9,24.3,23.7,23.2,94,93,93,64,3.2,0.5,N,PA,BRAGANCA,A226,-1.047258,-46.78579,41.0
990,2019-06-15,00:00,0.0,1009.6,1009.6,1009.0,47,25.8,24.3,25.8,25.3,24.3,24.0,93,92,92,93,3.0,1.6,N,PA,BRAGANCA,A226,-1.047258,-46.78579,41.0
991,2019-06-15,04:00,0.0,1008.9,1009.5,1008.9,52,24.5,23.5,24.8,24.4,23.5,23.3,94,93,94,133,2.2,0.1,N,PA,BRAGANCA,A226,-1.047258,-46.78579,41.0
992,2019-06-15,08:00,0.8,1008.6,1008.7,1008.0,70,23.8,22.9,24.1,23.8,23.1,22.9,94,94,94,87,4.4,2.0,N,PA,BRAGANCA,A226,-1.047258,-46.78579,41.0
993,2019-06-15,12:00,0.0,1009.9,1010.1,1009.8,81,26.5,23.6,26.6,24.4,23.9,22.9,92,84,84,99,5.1,2.9,N,PA,BRAGANCA,A226,-1.047258,-46.78579,41.0
994,2019-06-15,16:00,1.2,1008.8,1009.3,1008.4,4,25.9,22.4,30.2,25.9,23.7,21.9,81,65,81,61,11.1,5.1,N,PA,BRAGANCA,A226,-1.047258,-46.78579,41.0
995,2019-06-15,20:00,0.0,1008.0,1008.0,1007.5,8,28.3,21.8,29.3,28.3,22.3,21.7,69,64,68,67,9.8,4.5,N,PA,BRAGANCA,A226,-1.047258,-46.78579,41.0
996,2019-06-16,00:00,0.0,1010.1,1010.1,1009.6,18,24.4,23.1,24.6,24.4,23.2,22.9,92,91,92,114,2.9,0.2,N,PA,BRAGANCA,A226,-1.047258,-46.78579,41.0
997,2019-06-16,04:00,0.0,1009.4,1010.1,1009.4,49,23.6,22.6,23.7,23.6,22.7,22.6,94,94,94,113,2.8,0.0,N,PA,BRAGANCA,A226,-1.047258,-46.78579,41.0
998,2019-06-16,08:00,0.0,1008.0,1008.1,1007.9,229,23.5,22.5,23.7,23.5,22.7,22.5,94,94,94,87,2.7,0.5,N,PA,BRAGANCA,A226,-1.047258,-46.78579,41.0
999,2019-06-16,12:00,0.0,1010.4,1010.4,1010.0,121,27.8,24.4,27.9,24.1,25.1,23.2,94,82,82,98,6.4,4.2,N,PA,BRAGANCA,A226,-1.047258,-46.78579,41.0
1000,2019-06-16,16:00,0.0,1008.8,1009.8,1008.8,10,32.0,22.6,32.0,30.5,23.4,21.8,63,57,57,77,7.2,2.8,N,PA,BRAGANCA,A226,-1.047258,-46.78579,41.0
1001,2019-06-16,20:00,0.2,1007.8,1007.8,1007.5,-9999,29.1,23.6,29.1,25.7,24.0,22.4,86,71,73,70,10.1,1.8,N,PA,BRAGANCA,A226,-1.047258,-46.78579,41.0
1002,2019-06-17,00:00,0.0,1010.2,1010.2,1009.4,-9999,25.6,23.3,25.7,25.6,23.3,22.9,87,85,87,98,2.2,1.0,N,PA,BRAGANCA,A226,-1.047258,-46.78579,41.0
1003,2019-06-17,04:00,0.0,1009.7,1010.4,1009.7,36,24.7,23.4,24.7,24.6,23.4,23.3,93,92,92,86,2.8,0.2,N,PA,BRAGANCA,A226,-1.047258,-46.78579,41.0
1004,2019-06-17,08:00,0.0,1008.8,1008.8,1008.5,41,23.9,23.0,24.0,23.9,23.0,22.9,94,94,94,138,1.3,0.0,N,PA,BRAGANCA,A226,-1.047258,-46.78579,41.0
1005,2019-06-17,12:00,0.0,1010.6,1010.6,1010.1,38,29.4,25.0,29.4,27.0,25.2,24.5,88,77,77,61,6.1,2.9,N,PA,BRAGANCA,A226,-1.047258,-46.78579,41.0
1006,2019-06-17,16:00,0.0,1009.1,1009.8,1009.1,22,32.3,24.1,32.4,30.8,24.9,23.2,67,62,62,37,7.2,2.1,N,PA,BRAGANCA,A226,-1.047258,-46.78579,41.0
1007,2019-06-17,20:00,0.0,1008.0,1008.0,1007.6,9,29.6,23.6,30.4,29.3,24.0,23.0,71,66,70,42,6.9,2.3,N,PA,BRAGANCA,A226,-1.047258,-46.78579,41.0
1008,2019-06-18,00:00,6.8,1010.9,1011.0,1009.8,2,25.0,23.8,25.5,25.0,24.2,23.6,93,92,93,102,4.3,1.7,N,PA,BRAGANCA,A226,-1.047258,-46.78579,41.0
1009,2019-06-18,04:00,0.0,1010.4,1010.6,1010.4,54,24.6,23.8,24.6,24.4,23.8,23.6,96,95,96,127,2.7,0.1,N,PA,BRAGANCA,A226,-1.047258,-46.78579,41.0
1010,2019-06-18,08:00,0.0,1009.2,1009.3,1009.2,29,23.9,23.2,24.0,23.8,23.4,23.2,96,96,96,106,0.0,0.0,N,PA,BRAGANCA,A226,-1.047258,-46.78579,41.0
1011,2019-06-18,12:00,0.0,1010.6,1010.6,1010.3,44,28.5,24.4,28.7,26.4,25.8,24.2,95,78,78,42,5.8,1.7,N,PA,BRAGANCA,A226,-1.047258,-46.78579,41.0
1012,2019-06-18,16:00,0.0,1008.9,1009.9,1008.8,0,31.4,23.1,32.5,30.6,24.9,22.5,67,58,62,64,7.0,3.9,N,PA,BRAGANCA,A226,-1.047258,-46.78579,41.0
1013,2019-06-18,20:00,0.0,1007.2,1007.2,1007.1,9,29.9,23.5,30.7,29.4,24.0,23.2,71,67,68,41,7.8,2.6,N,PA,BRAGANCA,A226,-1.047258,-46.78579,41.0
1014,2019-06-19,00:00,0.0,1009.7,1009.7,1009.0,-9999,26.1,23.5,26.2,25.9,23.6,23.4,86,85,86,57,5.1,2.9,N,PA,BRAGANCA,A226,-1.047258,-46.78579,41.0
1015,2019-06-19,04:00,0.0,1010.0,1010.4,1010.0,-9999,24.4,22.9,24.9,24.4,23.1,22.9,91,89,91,78,3.0,0.1,N,PA,BRAGANCA,A226,-1.047258,-46.78579,41.0
1016,2019-06-19,08:00,0.0,1009.3,1009.3,1009.2,14,22.8,22.0,23.2,22.7,22.2,21.7,95,94,95,79,0.0,0.0,N,PA,BRAGANCA,A226,-1.047258,-46.78579,41.0
1017,2019-06-19,12:00,0.0,1011.1,1011.1,1010.7,13,28.5,24.1,28.8,26.2,24.7,23.7,87,76,77,72,5.3,3.0,N,PA,BRAGANCA,A226,-1.047258,-46.78579,41.0
1018,2019-06-19,16:00,0.0,1009.9,1010.8,1009.9,-9999,31.1,22.3,33.1,30.7,24.8,21.7,66,54,59,58,7.4,2.3,N,PA,BRAGANCA,A226,-1.047258,-46.78579,41.0
1019,2019-06-19,20:00,0.0,1008.3,1008.3,1008.1,12,30.1,24.3,31.6,29.6,24.9,23.8,72,66,71,36,7.7,2.3,N,PA,BRAGANCA,A226,-1.047258,-46.78579,41.0
1020,2019-06-20,00:00,0.0,1010.5,1010.5,1009.8,-9999,24.7,23.7,24.8,24.2,23.7,23.1,94,93,94,84,0.7,0.0,N,PA,BRAGANCA,A226,-1.047258,-46.78579,41.0
1021,2019-06-20,04:00,0.0,1009.7,1010.4,1009.7,1,23.3,22.7,24.0,23.3,23.3,22.7,96,96,96,132,2.5,0.0,N,PA,BRAGANCA,A226,-1.047258,-46.78579,41.0
1022,2019-06-20,08:00,0.0,1009.4,1009.4,1008.9,57,23.2,22.7,23.5,23.2,23.1,22.7,97,97,97,187,0.0,0.0,N,PA,BRAGANCA,A226,-1.047258,-46.78579,41.0
1023,2019-06-20,12:00,0.0,1011.1,1011.2,1011.0,15,29.2,25.7,29.3,26.4,26.0,24.9,92,80,82,64,3.9,1.1,N,PA,BRAGANCA,A226,-1.047258,-46.78579,41.0
1024,2019-06-20,16:00,0.0,1009.4,1010.4,1009.4,-9999,32.6,22.9,32.9,30.8,24.5,22.5,66,56,57,94,6.9,3.5,N,PA,BRAGANCA,A226,-1.047258,-46.78579,41.0
1025,2019-06-20,20:00,0.8,1008.7,1009.3,1008.7,-9999,22.8,22.2,22.9,22.2,22.2,21.4,96,95,96,328,5.1,0.6,N,PA,BRAGANCA,A226,-1.047258,-46.78579,41.0
1026,2019-06-21,00:00,0.0,1010.4,1010.4,1009.7,25,22.9,22.4,23.7,22.8,23.2,22.4,97,97,97,310,0.0,0.0,N,PA,BRAGANCA,A226,-1.047258,-46.78579,41.0
1027,2019-06-21,04:00,0.0,1010.6,1010.8,1010.6,23,23.1,22.7,23.2,22.9,22.9,22.5,98,98,98,156,0.0,0.0,N,PA,BRAGANCA,A226,-1.047258,-46.78579,41.0
1028,2019-06-21,08:00,0.0,1009.5,1009.7,1009.5,47,23.0,22.7,23.3,23.0,23.0,22.6,98,98,98,64,1.6,0.0,N,PA,BRAGANCA,A226,-1.047258,-46.78579,41.0
1029,2019-06-21,12:00,0.0,1011.5,1011.5,1011.2,112,28.8,25.3,29.1,26.3,26.6,25.1,98,80,82,68,4.9,2.2,N,PA,BRAGANCA,A226,-1.047258,-46.78579,41.0
1030,2019-06-21,16:00,0.0,1010.3,1011.0,1010.3,-9999,31.8,24.3,32.1,30.3,24.6,22.7,68,61,64,62,7.5,3.8,N,PA,BRAGANCA,A226,-1.047258,-46.78579,41.0
1031,2019-06-21,20:00,0.0,1009.4,1009.4,1008.8,2,26.4,22.0,31.6,26.4,24.5,21.9,77,64,77,118,10.4,5.9,N,PA,BRAGANCA,A226,-1.047258,-46.78579,41.0
1032,2019-06-22,00:00,0.0,1011.4,1011.4,1010.8,-9999,23.7,22.6,23.8,23.6,22.8,22.6,94,94,94,63,2.5,0.1,N,PA,BRAGANCA,A226,-1.047258,-46.78579,41.0
1033,2019-06-22,04:00,0.0,1011.9,1012.2,1011.9,38,24.1,22.9,24.4,24.1,23.2,22.9,93,92,93,111,1.8,0.0,N,PA,BRAGANCA,A226,-1.047258,-46.78579,41.0
1034,2019-06-22,08:00,0.0,1010.9,1011.0,1010.7,33,23.5,22.9,23.5,23.2,22.9,22.6,97,96,97,97,0.8,0.0,N,PA,BRAGANCA,A226,-1.047258,-46.78579,41.0
1035,2019-06-22,12:00,0.0,1012.5,1012.5,1012.2,44,27.9,24.9,28.3,25.9,25.9,24.8,93,83,84,94,4.9,2.7,N,PA,BRAGANCA,A226,-1.047258,-46.78579,41.0
1036,2019-06-22,16:00,0.0,1011.1,1012.1,1011.1,-9999,31.1,23.8,31.1,27.4,25.5,23.0,87,65,65,54,7.8,4.3,N,PA,BRAGANCA,A226,-1.047258,-46.78579,41.0
1037,2019-06-22,20:00,0.0,1010.6,1010.8,1010.6,-9999,25.0,23.3,25.1,24.0,23.7,23.1,95,90,90,103,5.7,1.1,N,PA,BRAGANCA,A226,-1.047258,-46.78579,41.0
1038,2019-06-23,00:00,0.0,1012.5,1012.5,1012.0,13,24.1,23.2,24.5,24.1,23.3,22.8,95,92,94,138,2.3,0.1,N,PA,BRAGANCA,A226,-1.047258,-46.78579,41.0
1039,2019-06-23,04:00,0.0,1012.1,1012.6,1012.1,61,24.1,23.4,24.1,23.8,23.4,23.1,96,95,96,93,1.7,0.1,N,PA,BRAGANCA,A226,-1.047258,-46.78579,41.0
1040,2019-06-23,08:00,0.0,1010.6,1010.7,1010.4,59,23.7,23.0,23.8,23.6,23.2,22.9,96,96,96,139,1.8,0.0,N,PA,BRAGANCA,A226,-1.047258,-46.78579,41.0
1041,2019-06-23,12:00,0.0,1011.7,1011.8,1011.6,5,26.6,24.3,26.6,25.6,24.5,23.7,91,87,87,61,2.6,0.8,N,PA,BRAGANCA,A226,-1.047258,-46.78579,41.0
1042,2019-06-23,16:00,0.0,1010.4,1011.3,1010.4,-9999,30.1,23.8,30.3,27.9,24.6,22.8,77,66,69,53,5.5,2.1,N,PA,BRAGANCA,A226,-1.047258,-46.78579,41.0
1043,2019-06-23,20:00,8.6,1009.0,1009.3,1008.9,-9999,24.8,23.9,26.3,24.1,23.9,23.0,95,87,95,196,10.3,0.0,N,PA,BRAGANCA,A226,-1.047258,-46.78579,41.0
1044,2019-06-24,00:00,4.4,1010.6,1010.7,1010.0,84,23.9,23.2,24.2,23.8,23.4,23.1,96,95,96,130,5.7,0.3,N,PA,BRAGANCA,A226,-1.047258,-46.78579,41.0
1045,2019-06-24,04:00,0.0,1009.7,1010.5,1009.7,224,23.5,22.9,23.7,23.5,23.1,22.9,97,96,96,151,2.9,0.0,N,PA,BRAGANCA,A226,-1.047258,-46.78579,41.0
1046,2019-06-24,08:00,0.0,1008.2,1008.2,1008.0,265,22.8,22.2,23.1,22.8,22.5,22.2,97,96,97,161,0.8,0.0,N,PA,BRAGANCA,A226,-1.047258,-46.78579,41.0
1047,2019-06-24,12:00,0.0,1009.6,1009.6,1009.3,37,27.5,24.2,27.5,25.3,24.5,23.4,90,82,83,99,3.4,1.4,N,PA,BRAGANCA,A226,-1.047258,-46.78579,41.0
1048,2019-06-24,16:00,0.0,1007.5,1008.4,1007.5,-9999,31.2,23.3,32.4,30.5,24.7,22.5,70,59,63,63,5.7,2.9,N,PA,BRAGANCA,A226,-1.047258,-46.78579,41.0
1049,2019-06-24,20:00,0.0,1006.3,1006.3,1006.1,-9999,28.4,23.6,29.7,25.7,25.0,23.1,87,72,75,38,7.2,2.2,N,PA,BRAGANCA,A226,-1.047258,-46.78579,41.0
1050,2019-06-25,00:00,0.0,1008.0,1008.0,1007.4,-9999,25.2,23.5,25.7,25.2,23.7,23.4,91,87,90,84,2.8,0.3,N,PA,BRAGANCA,A226,-1.047258,-46.78579,41.0
1051,2019-06-25,04:00,0.0,1007.9,1008.4,1007.9,25,23.9,23.1,24.0,23.8,23.3,22.9,96,95,95,101,0.0,0.0,N,PA,BRAGANCA,A226,-1.047258,-46.78579,41.0
1052,2019-06-25,08:00,0.0,1007.0,1007.0,1006.7,38,23.3,22.7,23.5,23.3,23.0,22.7,97,96,97,135,2.2,0.3,N,PA,BRAGANCA,A226,-1.047258,-46.78579,41.0
1053,2019-06-25,12:00,0.0,1008.7,1008.7,1008.3,25,28.4,24.7,28.8,25.8,25.7,24.7,94,80,80,74,4.3,2.1,N,PA,BRAGANCA,A226,-1.047258,-46.78579,41.0
1054,2019-06-25,16:00,0.0,1007.2,1008.1,1007.2,-9999,31.6,25.1,31.7,29.4,26.4,23.6,76,66,68,52,6.1,2.1,N,PA,BRAGANCA,A226,-1.047258,-46.78579,41.0
1055,2019-06-25,20:00,0.0,1005.8,1005.9,1005.7,-9999,28.6,24.0,29.2,27.1,24.9,23.4,86,72,76,53,4.5,1.7,N,PA,BRAGANCA,A226,-1.047258,-46.78579,41.0
1056,2019-06-26,00:00,0.0,1008.6,1008.6,1008.1,-9999,24.7,23.1,25.1,24.7,23.2,22.8,91,88,91,91,1.6,0.2,N,PA,BRAGANCA,A226,-1.047258,-46.78579,41.0
1057,2019-06-26,04:00,0.0,1008.5,1008.9,1008.5,36,23.6,22.8,23.9,23.5,23.0,22.7,96,95,96,143,2.0,0.0,N,PA,BRAGANCA,A226,-1.047258,-46.78579,41.0
1058,2019-06-26,08:00,0.0,1007.6,1007.6,1007.4,51,22.9,22.3,23.1,22.9,22.5,22.3,97,97,97,142,2.2,0.0,N,PA,BRAGANCA,A226,-1.047258,-46.78579,41.0
1059,2019-06-26,12:00,0.0,1009.1,1009.1,1008.9,47,27.9,25.2,27.9,25.1,25.6,24.6,96,85,85,80,2.8,0.8,N,PA,BRAGANCA,A226,-1.047258,-46.78579,41.0
1060,2019-06-26,16:00,0.0,1008.1,1008.7,1008.1,-9999,31.1,22.6,32.8,30.4,24.4,22.5,66,57,61,106,7.3,4.3,N,PA,BRAGANCA,A226,-1.047258,-46.78579,41.0
1061,2019-06-26,20:00,0.0,1006.5,1007.0,1006.5,-9999,28.6,25.6,28.6,25.4,26.1,23.6,92,84,84,46,5.2,1.8,N,PA,BRAGANCA,A226,-1.047258,-46.78579,41.0
1062,2019-06-27,00:00,0.0,1009.1,1009.1,1008.7,-9999,25.8,23.2,26.2,25.7,23.5,23.1,86,84,86,80,6.0,2.1,N,PA,BRAGANCA,A226,-1.047258,-46.78579,41.0
1063,2019-06-27,04:00,0.0,1008.5,1009.0,1008.5,18,24.4,23.4,24.7,24.4,23.5,23.3,94,93,94,123,2.9,0.1,N,PA,BRAGANCA,A226,-1.047258,-46.78579,41.0
1064,2019-06-27,08:00,0.0,1008.1,1008.2,1008.0,69,23.0,22.4,23.2,23.0,22.6,22.4,97,96,97,116,0.8,0.0,N,PA,BRAGANCA,A226,-1.047258,-46.78579,41.0
1065,2019-06-27,12:00,0.0,1009.8,1009.9,1009.7,33,27.9,25.3,28.0,25.6,25.7,24.6,94,86,86,88,6.6,3.7,N,PA,BRAGANCA,A226,-1.047258,-46.78579,41.0
1066,2019-06-27,16:00,0.0,1008.6,1009.4,1008.6,-9999,32.0,23.7,32.7,30.8,25.0,22.9,67,60,62,80,6.9,3.5,N,PA,BRAGANCA,A226,-1.047258,-46.78579,41.0
1067,2019-06-27,20:00,0.0,1007.2,1007.3,1007.0,7,29.9,24.3,31.7,29.9,25.3,24.3,73,68,72,30,5.9,1.6,N,PA,BRAGANCA,A226,-1.047258,-46.78579,41.0
1068,2019-06-28,00:00,0.0,1008.7,1008.8,1008.3,-9999,26.1,24.3,26.6,26.1,24.5,24.2,89,88,89,82,3.5,1.1,N,PA,BRAGANCA,A226,-1.047258,-46.78579,41.0
1069,2019-06-28,04:00,0.0,1008.2,1008.7,1008.2,15,24.8,23.8,25.2,24.8,24.0,23.7,94,93,94,88,3.3,0.6,N,PA,BRAGANCA,A226,-1.047258,-46.78579,41.0
1070,2019-06-28,08:00,0.0,1007.3,1007.3,1007.1,48,24.4,23.6,24.6,24.4,23.8,23.6,95,95,95,101,1.5,0.0,N,PA,BRAGANCA,A226,-1.047258,-46.78579,41.0
1071,2019-06-28,12:00,0.0,1009.1,1009.1,1008.5,10,29.6,25.5,29.7,27.3,25.8,24.6,88,79,79,73,6.2,3.2,N,PA,BRAGANCA,A226,-1.047258,-46.78579,41.0
1072,2019-06-28,16:00,0.6,1007.8,1008.3,1007.8,-9999,26.5,23.4,32.5,26.5,26.0,23.3,83,63,83,70,8.5,4.5,N,PA,BRAGANCA,A226,-1.047258,-46.78579,41.0
1073,2019-06-28,20:00,0.2,1005.9,1006.3,1005.7,-9999,27.1,23.7,30.9,26.3,25.2,23.1,89,69,82,78,11.8,2.9,N,PA,BRAGANCA,A226,-1.047258,-46.78579,41.0
1074,2019-06-29,00:00,0.0,1008.2,1008.2,1007.5,-9999,25.7,24.1,25.9,25.6,24.3,24.1,91,91,91,69,2.9,0.3,N,PA,BRAGANCA,A226,-1.047258,-46.78579,41.0
1075,2019-06-29,04:00,0.0,1008.0,1008.5,1008.0,43,24.7,23.7,25.0,24.6,23.9,23.6,94,93,94,78,1.6,0.0,N,PA,BRAGANCA,A226,-1.047258,-46.78579,41.0
1076,2019-06-29,08:00,0.0,1006.6,1006.6,1006.4,65,24.5,23.6,24.7,24.5,23.7,23.6,95,94,94,100,2.2,0.3,N,PA,BRAGANCA,A226,-1.047258,-46.78579,41.0
1077,2019-06-29,12:00,0.0,1008.1,1008.1,1007.8,17,29.2,25.3,29.4,27.1,25.9,24.9,90,79,80,78,7.0,3.9,N,PA,BRAGANCA,A226,-1.047258,-46.78579,41.0
1078,2019-06-29,16:00,0.0,1006.6,1007.4,1006.6,-9999,32.9,25.8,33.1,31.3,25.8,22.6,67,57,67,53,9.3,3.5,N,PA,BRAGANCA,A226,-1.047258,-46.78579,41.0
1079,2019-06-29,20:00,0.0,1005.7,1005.7,1005.0,-9999,27.7,25.0,27.9,26.9,25.7,24.9,90,84,85,52,6.4,1.3,N,PA,BRAGANCA,A226,-1.047258,-46.78579,41.0
1080,2019-06-30,00:00,0.0,1007.8,1007.8,1007.2,-9999,25.7,23.8,25.9,25.7,23.8,23.7,89,88,89,68,3.6,1.6,N,PA,BRAGANCA,A226,-1.047258,-46.78579,41.0
1081,2019-06-30,04:00,0.0,1008.0,1008.7,1008.0,50,24.6,23.4,24.8,24.5,23.6,23.3,93,93,93,79,2.2,0.2,N,PA,BRAGANCA,A226,-1.047258,-46.78579,41.0
1082,2019-06-30,08:00,0.0,1006.6,1006.6,1006.4,139,24.1,23.2,24.1,24.0,23.3,23.2,95,95,95,108,2.9,0.9,N,PA,BRAGANCA,A226,-1.047258,-46.78579,41.0
1083,2019-06-30,12:00,0.0,1008.4,1008.5,1008.3,4,28.4,24.5,28.6,26.6,25.1,24.4,90,79,80,93,6.1,4.1,N,PA,BRAGANCA,A226,-1.047258,-46.78579,41.0
1084,2019-06-30,16:00,0.0,1006.7,1007.9,1006.7,-9999,31.1,24.9,32.3,29.1,26.1,24.4,78,66,70,22,7.8,2.9,N,PA,BRAGANCA,A226,-1.047258,-46.78579,41.0
1085,2019-06-30,20:00,0.2,1005.9,1006.0,1005.7,-9999,25.3,23.6,25.5,25.0,23.6,22.8,91,86,91,117,2.6,0.0,N,PA,BRAGANCA,A226,-1.047258,-46.78579,41.0
1086,2019-07-01,00:00,0.0,1008.0,1008.0,1007.4,32,24.4,23.7,25.0,24.4,24.2,23.7,96,95,96,154,0.0,0.0,N,PA,BRAGANCA,A226,-1.047258,-46.78579,41.0
1087,2019-07-01,04:00,0.0,1007.3,1008.2,1007.3,61,23.9,23.1,24.3,23.9,23.6,23.1,96,95,95,107,0.0,0.0,N,PA,BRAGANCA,A226,-1.047258,-46.78579,41.0
1088,2019-07-01,08:00,0.0,1006.0,1006.0,1005.8,152,22.9,22.4,23.1,22.9,22.6,22.4,97,97,97,147,0.3,0.0,N,PA,BRAGANCA,A226,-1.047258,-46.78579,41.0
1089,2019-07-01,12:00,0.0,1009.2,1009.2,1008.5,23,28.1,25.2,28.3,25.8,25.5,23.8,90,83,84,91,3.5,1.8,N,PA,BRAGANCA,A226,-1.047258,-46.78579,41.0
1090,2019-07-01,16:00,0.0,1006.9,1007.9,1006.9,-9999,31.6,21.8,32.0,30.5,23.8,21.8,67,55,56,122,6.6,4.0,N,PA,BRAGANCA,A226,-1.047258,-46.78579,41.0
1091,2019-07-01,20:00,0.0,1006.3,1006.3,1005.2,-9999,27.6,23.6,31.9,27.6,25.2,23.6,81,67,79,69,9.4,4.9,N,PA,BRAGANCA,A226,-1.047258,-46.78579,41.0
1092,2019-07-02,00:00,0.0,1007.6,1007.6,1007.3,-9999,23.7,22.5,23.7,23.3,22.5,21.9,93,90,93,10,1.1,0.0,N,PA,BRAGANCA,A226,-1.047258,-46.78579,41.0
1093,2019-07-02,04:00,0.0,1006.9,1007.5,1006.9,-9999,24.6,23.4,24.6,24.2,23.4,22.8,93,91,93,114,0.0,0.0,N,PA,BRAGANCA,A226,-1.047258,-46.78579,41.0
1094,2019-07-02,08:00,0.0,1005.4,1005.6,1005.4,56,24.6,23.7,24.7,24.6,23.8,23.7,95,95,95,114,1.6,0.0,N,PA,BRAGANCA,A226,-1.047258,-46.78579,41.0
1095,2019-07-02,12:00,0.0,1007.7,1007.7,1007.3,0,27.7,23.4,28.0,25.8,23.7,22.4,83,77,78,79,6.9,3.9,N,PA,BRAGANCA,A226,-1.047258,-46.78579,41.0
1096,2019-07-02,16:00,0.0,1006.2,1006.9,1006.2,-9999,31.7,24.4,32.6,30.5,25.0,22.9,67,61,65,60,8.4,3.4,N,PA,BRAGANCA,A226,-1.047258,-46.78579,41.0
1097,2019-07-02,20:00,0.0,1004.8,1004.8,1004.4,-9999,28.8,22.9,31.2,28.8,23.8,22.6,71,64,70,59,8.6,4.0,N,PA,BRAGANCA,A226,-1.047258,-46.78579,41.0
1098,2019-07-03,00:00,0.0,1007.2,1007.2,1006.6,-9999,25.6,23.2,26.4,25.6,23.3,23.2,87,83,87,65,2.8,1.2,N,PA,BRAGANCA,A226,-1.047258,-46.78579,41.0
1099,2019-07-03,04:00,0.0,1006.9,1007.5,1006.9,-9999,23.8,22.8,24.6,23.8,23.4,22.8,94,93,94,116,1.4,0.0,N,PA,BRAGANCA,A226,-1.047258,-46.78579,41.0
1100,2019-07-03,08:00,0.0,1006.2,1006.2,1005.8,40,23.3,22.6,23.6,23.3,23.0,22.6,96,96,96,153,1.8,0.0,N,PA,BRAGANCA,A226,-1.047258,-46.78579,41.0
1101,2019-07-03,12:00,0.0,1007.9,1007.9,1007.4,7,28.5,24.5,28.6,25.9,25.3,24.4,92,79,79,77,7.0,3.2,N,PA,BRAGANCA,A226,-1.047258,-46.78579,41.0
1102,2019-07-03,16:00,0.0,1007.2,1007.9,1007.2,-9999,31.4,24.0,32.6,31.0,24.9,23.1,67,60,65,37,8.3,2.5,N,PA,BRAGANCA,A226,-1.047258,-46.78579,41.0
1103,2019-07-03,20:00,0.0,1005.9,1005.9,1005.6,-9999,30.0,23.5,31.2,29.7,24.2,23.3,70,66,68,32,7.9,2.5,N,PA,BRAGANCA,A226,-1.047258,-46.78579,41.0
1104,2019-07-04,00:00,0.0,1008.2,1008.2,1007.6,-9999,25.4,23.5,26.0,25.4,23.5,23.4,89,86,89,47,3.3,0.3,N,PA,BRAGANCA,A226,-1.047258,-46.78579,41.0
1105,2019-07-04,04:00,0.0,1007.1,1007.7,1007.1,23,24.3,23.2,24.7,24.3,23.4,23.1,93,92,93,67,2.4,0.2,N,PA,BRAGANCA,A226,-1.047258,-46.78579,41.0
1106,2019-07-04,08:00,0.0,1006.3,1006.3,1006.1,303,23.5,22.8,23.8,23.3,23.0,22.5,96,95,96,112,2.3,0.0,N,PA,BRAGANCA,A226,-1.047258,-46.78579,41.0
1107,2019-07-04,12:00,0.0,1008.5,1008.5,1007.9,13,28.7,24.6,28.8,26.4,25.2,24.5,90,78,78,82,5.6,3.3,N,PA,BRAGANCA,A226,-1.047258,-46.78579,41.0
1108,2019-07-04,16:00,0.0,1007.8,1008.5,1007.8,-9999,31.8,23.8,33.0,31.2,25.0,22.7,65,58,62,51,7.9,2.9,N,PA,BRAGANCA,A226,-1.047258,-46.78579,41.0
1109,2019-07-04,20:00,0.0,1006.6,1006.6,1006.0,-9999,30.4,24.0,31.6,30.4,24.4,23.3,69,63,69,40,7.8,2.9,N,PA,BRAGANCA,A226,-1.047258,-46.78579,41.0
1110,2019-07-05,00:00,0.0,1008.7,1008.7,1008.0,-9999,26.0,23.6,26.4,26.0,23.7,23.5,86,85,86,61,4.4,1.9,N,PA,BRAGANCA,A226,-1.047258,-46.78579,41.0
1111,2019-07-05,04:00,0.0,1009.3,1009.6,1009.3,10,24.9,23.5,25.3,24.9,23.6,23.4,92,90,92,64,3.1,0.3,N,PA,BRAGANCA,A226,-1.047258,-46.78579,41.0
1112,2019-07-05,08:00,0.0,1009.1,1009.1,1008.7,288,24.1,23.2,24.4,23.9,23.5,22.9,95,94,95,90,1.4,0.0,N,PA,BRAGANCA,A226,-1.047258,-46.78579,41.0
1113,2019-07-05,12:00,0.0,1010.9,1011.0,1010.8,18,29.6,24.3,29.6,27.1,25.3,24.1,87,74,74,56,6.9,3.1,N,PA,BRAGANCA,A226,-1.047258,-46.78579,41.0
1114,2019-07-05,16:00,0.0,1009.8,1010.6,1009.8,-9999,31.2,23.8,33.1,30.6,25.2,23.0,68,58,65,52,6.6,2.6,N,PA,BRAGANCA,A226,-1.047258,-46.78579,41.0
1115,2019-07-05,20:00,0.0,1008.7,1008.7,1008.4,-9999,30.4,24.1,31.7,30.2,24.6,23.7,69,64,69,44,7.9,2.2,N,PA,BRAGANCA,A226,-1.047258,-46.78579,41.0
1116,2019-07-06,00:00,0.0,1010.1,1010.1,1009.5,-9999,25.8,23.7,26.2,25.8,23.8,23.6,88,86,88,55,4.9,1.7,N,PA,BRAGANCA,A226,-1.047258,-46.78579,41.0
1117,2019-07-06,04:00,0.0,1010.0,1010.8,1010.0,16,24.7,23.3,25.4,24.6,23.6,23.3,92,90,92,59,2.2,0.0,N,PA,BRAGANCA,A226,-1.047258,-46.78579,41.0
1118,2019-07-06,08:00,0.0,1009.6,1009.6,1009.3,589,23.8,23.0,24.1,23.8,23.1,23.0,95,94,95,66,2.1,0.0,N,PA,BRAGANCA,A226,-1.047258,-46.78579,41.0
1119,2019-07-06,12:00,0.0,1010.6,1010.6,1010.3,47,28.4,24.1,29.0,27.2,25.2,24.0,87,76,78,48,7.1,2.5,N,PA,BRAGANCA,A226,-1.047258,-46.78579,41.0
1120,2019-07-06,16:00,0.0,1010.6,1011.7,1010.0,-9999,31.3,24.2,32.5,30.3,25.3,23.4,69,63,66,27,7.6,2.5,N,PA,BRAGANCA,A226,-1.047258,-46.78579,41.0
1121,2019-07-06,20:00,0.0,1008.4,1008.6,1008.1,-9999,29.2,23.6,30.7,28.7,24.8,23.6,75,68,72,38,7.8,2.2,N,PA,BRAGANCA,A226,-1.047258,-46.78579,41.0
1122,2019-07-07,00:00,0.0,1010.2,1010.2,1009.6,-9999,25.9,23.6,26.2,25.8,23.9,23.6,88,87,87,53,4.2,2.0,N,PA,BRAGANCA,A226,-1.047258,-46.78579,41.0
1123,2019-07-07,04:00,0.0,1010.5,1010.8,1010.5,0,25.2,23.4,25.3,25.0,23.5,23.1,90,89,90,44,2.1,0.0,N,PA,BRAGANCA,A226,-1.047258,-46.78579,41.0
1124,2019-07-07,08:00,0.0,1009.5,1010.1,1009.5,38,24.9,23.5,25.0,24.9,23.6,23.5,92,92,92,56,0.0,0.0,N,PA,BRAGANCA,A226,-1.047258,-46.78579,41.0
1125,2019-07-07,12:00,0.0,1010.6,1011.8,1010.4,11,28.6,23.5,29.4,27.0,25.0,23.4,86,72,74,27,6.6,2.1,N,PA,BRAGANCA,A226,-1.047258,-46.78579,41.0
1126,2019-07-07,16:00,0.0,1009.8,1014.1,1009.8,-9999,32.1,23.7,32.5,31.1,24.6,22.9,65,59,61,48,7.3,3.0,N,PA,BRAGANCA,A226,-1.047258,-46.78579,41.0
1127,2019-07-07,20:00,0.0,1008.7,1008.7,1008.5,-9999,29.7,23.4,31.4,29.4,23.9,22.8,69,62,69,23,6.0,2.3,N,PA,BRAGANCA,A226,-1.047258,-46.78579,41.0
1128,2019-07-08,00:00,0.0,1011.2,1011.2,1010.3,-9999,25.1,22.9,25.5,25.1,22.9,22.7,87,85,87,37,2.5,0.1,N,PA,BRAGANCA,A226,-1.047258,-46.78579,41.0
1129,2019-07-08,04:00,0.0,1011.7,1012.1,1011.6,0,25.1,23.3,25.2,25.0,23.3,23.2,90,89,90,72,1.9,1.1,N,PA,BRAGANCA,A226,-1.047258,-46.78579,41.0
1130,2019-07-08,08:00,0.0,1010.2,1010.7,1010.2,69,23.2,22.4,23.9,23.2,22.8,22.3,95,94,95,75,1.6,0.0,N,PA,BRAGANCA,A226,-1.047258,-46.78579,41.0
1131,2019-07-08,12:00,0.0,1010.9,1011.0,1010.8,7,28.6,24.3,28.7,26.6,24.7,23.9,87,77,78,82,5.9,3.4,N,PA,BRAGANCA,A226,-1.047258,-46.78579,41.0
1132,2019-07-08,16:00,0.0,1011.1,1011.9,1011.1,-9999,31.1,23.3,32.6,30.7,24.7,22.7,65,59,63,36,7.2,2.5,N,PA,BRAGANCA,A226,-1.047258,-46.78579,41.0
1133,2019-07-08,20:00,0.0,1009.8,1009.8,1009.4,-9999,29.2,23.3,31.2,29.2,23.9,23.2,71,64,71,37,6.8,2.3,N,PA,BRAGANCA,A226,-1.047258,-46.78579,41.0
1134,2019-07-09,00:00,0.0,1011.8,1011.9,1011.4,-9999,25.4,22.9,26.1,25.1,22.9,22.6,87,82,86,63,3.1,1.8,N,PA,BRAGANCA,A226,-1.047258,-46.78579,41.0
1135,2019-07-09,04:00,0.0,1012.1,1012.6,1012.1,1,24.6,22.9,25.0,24.6,23.1,22.8,90,89,90,107,1.8,0.6,N,PA,BRAGANCA,A226,-1.047258,-46.78579,41.0
1136,2019-07-09,08:00,0.0,1011.4,1011.5,1010.9,391,24.0,22.9,24.1,23.8,23.0,22.8,94,93,94,135,0.0,0.0,N,PA,BRAGANCA,A226,-1.047258,-46.78579,41.0
1137,2019-07-09,12:00,0.0,1013.0,1013.0,1012.6,5,28.7,24.5,28.8,27.2,25.0,23.9,86,78,78,64,5.5,2.8,N,PA,BRAGANCA,A226,-1.047258,-46.78579,41.0
1138,2019-07-09,16:00,0.0,1011.4,1012.2,1011.4,-9999,29.7,23.0,30.8,27.3,24.8,23.0,80,66,67,91,6.5,3.1,N,PA,BRAGANCA,A226,-1.047258,-46.78579,41.0
1139,2019-07-09,20:00,16.8,1010.4,1010.6,1010.1,-9999,24.0,23.3,26.8,23.1,23.5,22.3,96,83,96,23,10.8,0.1,N,PA,BRAGANCA,A226,-1.047258,-46.78579,41.0
1140,2019-07-10,00:00,0.0,1012.1,1012.1,1011.6,564,24.2,23.5,24.2,23.9,23.5,23.2,96,96,96,84,2.6,0.6,N,PA,BRAGANCA,A226,-1.047258,-46.78579,41.0
1141,2019-07-10,04:00,0.0,1011.8,1012.2,1011.8,1322,24.6,23.9,24.7,24.4,23.9,23.6,96,95,95,116,2.1,0.3,N,PA,BRAGANCA,A226,-1.047258,-46.78579,41.0
1142,2019-07-10,08:00,0.0,1010.8,1010.8,1010.5,1664,23.7,23.2,23.9,23.6,23.3,23.1,97,97,97,112,0.8,0.0,N,PA,BRAGANCA,A226,-1.047258,-46.78579,41.0
1143,2019-07-10,12:00,0.0,1012.1,1012.2,1012.0,293,28.1,24.7,28.2,25.9,25.2,24.5,92,81,82,84,7.0,3.8,N,PA,BRAGANCA,A226,-1.047258,-46.78579,41.0
1144,2019-07-10,16:00,0.0,1009.8,1011.7,1009.8,-9999,30.9,24.0,30.9,28.2,24.6,22.5,73,63,67,104,5.3,1.4,N,PA,BRAGANCA,A226,-1.047258,-46.78579,41.0
1145,2019-07-10,20:00,0.2,1008.8,1009.0,1008.4,-9999,26.0,23.4,26.9,25.7,25.1,23.3,90,85,85,19,5.2,0.0,N,PA,BRAGANCA,A226,-1.047258,-46.78579,41.0
1146,2019-07-11,00:00,0.0,1011.2,1011.3,1010.6,595,23.9,23.1,24.2,23.8,23.4,23.0,96,95,95,90,4.1,2.2,N,PA,BRAGANCA,A226,-1.047258,-46.78579,41.0
1147,2019-07-11,04:00,0.0,1010.4,1011.2,1010.4,1324,23.8,23.1,23.9,23.5,23.2,22.8,96,96,96,123,2.3,0.1,N,PA,BRAGANCA,A226,-1.047258,-46.78579,41.0
1148,2019-07-11,08:00,0.0,1008.9,1008.9,1008.8,1520,23.0,22.4,23.1,23.0,22.5,22.3,96,96,96,122,2.4,0.0,N,PA,BRAGANCA,A226,-1.047258,-46.78579,41.0
1149,2019-07-11,12:00,0.0,1010.3,1010.4,1010.0,245,28.1,24.8,28.1,25.3,25.0,23.7,92,82,82,64,4.5,2.3,N,PA,BRAGANCA,A226,-1.047258,-46.78579,41.0
1150,2019-07-11,16:00,0.0,1008.8,1010.2,1008.8,4,27.9,23.3,32.0,27.9,25.7,23.0,76,66,76,13,6.1,2.7,N,PA,BRAGANCA,A226,-1.047258,-46.78579,41.0
1151,2019-07-11,20:00,0.0,1007.6,1007.8,1007.1,-9999,29.6,23.8,31.0,28.6,24.2,22.9,73,66,71,44,7.6,1.8,N,PA,BRAGANCA,A226,-1.047258,-46.78579,41.0
1152,2019-07-12,00:00,0.0,1009.9,1010.0,1009.3,-9999,25.2,23.2,25.6,25.1,23.3,23.1,89,87,89,68,3.7,1.7,N,PA,BRAGANCA,A226,-1.047258,-46.78579,41.0
1153,2019-07-12,04:00,0.0,1009.6,1010.1,1009.6,341,24.2,23.1,24.5,24.2,23.2,23.1,94,93,94,105,3.1,0.4,N,PA,BRAGANCA,A226,-1.047258,-46.78579,41.0
1154,2019-07-12,08:00,0.0,1008.7,1008.8,1008.5,1220,23.4,22.6,23.4,23.3,22.7,22.6,96,96,96,133,2.2,0.5,N,PA,BRAGANCA,A226,-1.047258,-46.78579,41.0
1155,2019-07-12,12:00,0.0,1010.0,1010.0,1009.8,135,28.6,24.7,28.8,25.8,25.0,24.1,91,78,80,58,5.6,1.9,N,PA,BRAGANCA,A226,-1.047258,-46.78579,41.0
1156,2019-07-12,16:00,0.0,1008.3,1009.1,1008.3,1,29.8,24.4,31.9,29.3,26.2,23.7,77,67,73,42,5.9,1.0,N,PA,BRAGANCA,A226,-1.047258,-46.78579,41.0
1157,2019-07-12,20:00,0.0,1008.6,1008.6,1008.1,43,24.3,23.4,25.1,23.9,24.1,22.9,95,94,95,57,5.2,0.0,N,PA,BRAGANCA,A226,-1.047258,-46.78579,41.0
1158,2019-07-13,00:00,0.0,1010.7,1010.7,1009.8,991,23.6,23.0,23.6,23.3,23.0,22.6,97,96,97,58,1.9,0.2,N,PA,BRAGANCA,A226,-1.047258,-46.78579,41.0
1159,2019-07-13,04:00,0.0,1010.3,1010.6,1010.3,1586,23.5,23.0,23.6,23.2,23.1,22.7,97,97,97,114,0.7,0.0,N,PA,BRAGANCA,A226,-1.047258,-46.78579,41.0
1160,2019-07-13,08:00,0.0,1009.3,1009.3,1008.9,1817,23.3,22.9,23.4,23.2,23.1,22.9,98,98,98,173,0.0,0.0,N,PA,BRAGANCA,A226,-1.047258,-46.78579,41.0
1161,2019-07-13,12:00,0.0,1011.0,1011.0,1010.4,747,24.9,23.8,24.9,23.9,24.0,23.3,98,93,93,81,5.6,2.3,N,PA,BRAGANCA,A226,-1.047258,-46.78579,41.0
1162,2019-07-13,16:00,0.0,1009.4,1010.1,1009.2,4,28.3,22.6,31.8,28.3,25.5,22.6,71,65,71,43,9.0,2.7,N,PA,BRAGANCA,A226,-1.047258,-46.78579,41.0
1163,2019-07-13,20:00,0.0,1008.0,1008.0,1007.7,0,27.6,24.2,28.1,26.2,24.8,23.1,86,77,82,61,7.6,2.9,N,PA,BRAGANCA,A226,-1.047258,-46.78579,41.0
1164,2019-07-14,00:00,0.0,1009.8,1009.8,1009.3,457,24.0,23.3,24.1,23.6,23.4,22.9,96,95,96,106,2.0,0.0,N,PA,BRAGANCA,A226,-1.047258,-46.78579,41.0
1165,2019-07-14,04:00,0.0,1009.5,1010.2,1009.5,1291,23.5,22.9,23.8,23.5,23.2,22.9,97,96,97,133,2.7,0.0,N,PA,BRAGANCA,A226,-1.047258,-46.78579,41.0
1166,2019-07-14,08:00,0.0,1008.5,1008.5,1008.1,1532,23.1,22.7,23.4,23.1,22.9,22.6,97,97,97,149,1.1,0.0,N,PA,BRAGANCA,A226,-1.047258,-46.78579,41.0
1167,2019-07-14,12:00,0.0,1010.2,1010.2,1009.8,619,27.5,24.2,27.6,25.1,25.1,24.2,96,82,82,76,6.9,4.4,N,PA,BRAGANCA,A226,-1.047258,-46.78579,41.0
1168,2019-07-14,16:00,0.0,1008.9,1009.7,1008.9,-9999,31.2,21.9,32.2,30.5,23.3,21.2,63,57,58,53,9.4,3.2,N,PA,BRAGANCA,A226,-1.047258,-46.78579,41.0
1169,2019-07-14,20:00,0.0,1007.5,1007.5,1007.1,13,28.7,22.9,30.3,28.7,23.8,22.6,72,65,71,52,8.2,3.2,N,PA,BRAGANCA,A226,-1.047258,-46.78579,41.0
1170,2019-07-15,00:00,0.0,1009.5,1009.5,1009.0,-9999,24.8,22.5,25.6,24.8,22.7,22.5,87,84,87,55,3.9,1.6,N,PA,BRAGANCA,A226,-1.047258,-46.78579,41.0
1171,2019-07-15,04:00,0.0,1009.0,1009.5,1009.0,29,23.7,22.0,24.3,23.7,22.2,22.0,90,88,90,88,3.7,0.8,N,PA,BRAGANCA,A226,-1.047258,-46.78579,41.0
1172,2019-07-15,08:00,0.0,1007.9,1007.9,1007.8,578,22.5,21.6,22.8,22.5,21.7,21.6,94,94,94,142,1.0,0.0,N,PA,BRAGANCA,A226,-1.047258,-46.78579,41.0
1173,2019-07-15,12:00,0.0,1009.7,1009.7,1009.3,167,28.3,24.0,28.3,25.6,24.4,23.6,90,77,78,72,6.5,3.3,N,PA,BRAGANCA,A226,-1.047258,-46.78579,41.0
1174,2019-07-15,16:00,0.0,1008.6,1009.1,1008.6,-9999,31.0,22.6,32.8,30.7,23.8,21.5,63,57,61,57,7.7,2.3,N,PA,BRAGANCA,A226,-1.047258,-46.78579,41.0
1175,2019-07-15,20:00,0.0,1007.8,1007.8,1007.3,-9999,27.4,22.6,30.9,26.9,23.4,21.2,76,63,75,264,6.2,1.9,N,PA,BRAGANCA,A226,-1.047258,-46.78579,41.0
1176,2019-07-16,00:00,0.0,1009.4,1009.4,1009.1,-9999,25.3,23.1,26.1,25.3,23.3,23.1,88,84,88,52,3.1,0.5,N,PA,BRAGANCA,A226,-1.047258,-46.78579,41.0
1177,2019-07-16,04:00,0.0,1009.4,1010.1,1009.4,38,24.5,23.2,24.8,24.5,23.4,23.2,93,91,93,104,2.7,0.0,N,PA,BRAGANCA,A226,-1.047258,-46.78579,41.0
1178,2019-07-16,08:00,0.0,1008.7,1008.7,1008.6,710,23.5,22.8,23.6,23.3,22.8,22.5,96,95,96,93,1.0,0.0,N,PA,BRAGANCA,A226,-1.047258,-46.78579,41.0
1179,2019-07-16,12:00,0.0,1010.7,1010.8,1010.1,113,28.6,24.4,29.0,26.6,25.3,24.4,90,78,78,61,5.8,2.4,N,PA,BRAGANCA,A226,-1.047258,-46.78579,41.0
1180,2019-07-16,16:00,0.0,1009.5,1010.6,1009.5,-9999,31.6,23.3,33.2,31.4,24.3,22.0,62,56,61,57,7.3,2.7,N,PA,BRAGANCA,A226,-1.047258,-46.78579,41.0
1181,2019-07-16,20:00,0.0,1008.1,1008.1,1007.6,-9999,30.1,24.4,31.1,29.5,24.4,23.4,72,66,71,41,8.0,2.5,N,PA,BRAGANCA,A226,-1.047258,-46.78579,41.0
1182,2019-07-17,00:00,5.8,1010.9,1011.2,1010.4,49,23.8,23.0,23.8,22.6,23.0,21.8,96,94,95,97,8.0,3.0,N,PA,BRAGANCA,A226,-1.047258,-46.78579,41.0
1183,2019-07-17,04:00,0.0,1010.8,1011.3,1010.8,517,23.5,22.9,23.5,23.4,22.9,22.7,96,96,96,356,1.8,0.0,N,PA,BRAGANCA,A226,-1.047258,-46.78579,41.0
1184,2019-07-17,08:00,0.0,1009.5,1009.5,1009.3,1301,23.9,23.4,24.0,23.7,23.4,23.1,97,97,97,65,1.5,0.0,N,PA,BRAGANCA,A226,-1.047258,-46.78579,41.0
1185,2019-07-17,12:00,0.0,1011.8,1011.8,1011.3,353,28.7,25.2,29.3,26.3,26.4,25.2,95,81,82,30,5.9,0.7,N,PA,BRAGANCA,A226,-1.047258,-46.78579,41.0
1186,2019-07-17,16:00,0.0,1011.0,1011.9,1011.0,-9999,31.0,23.8,31.8,30.6,25.0,23.3,69,63,65,27,7.7,2.8,N,PA,BRAGANCA,A226,-1.047258,-46.78579,41.0
1187,2019-07-17,20:00,0.0,1009.1,1009.2,1008.9,-9999,29.8,23.6,31.7,29.5,24.4,23.0,70,63,69,37,8.7,2.2,N,PA,BRAGANCA,A226,-1.047258,-46.78579,41.0
1188,2019-07-18,00:00,0.0,1011.6,1011.6,1011.0,1,23.7,22.7,24.3,23.7,23.0,22.6,94,91,94,250,4.1,0.0,N,PA,BRAGANCA,A226,-1.047258,-46.78579,41.0
1189,2019-07-18,04:00,0.2,1012.4,1012.9,1012.3,265,22.7,22.0,24.1,22.7,23.5,22.0,96,95,96,259,5.3,0.0,N,PA,BRAGANCA,A226,-1.047258,-46.78579,41.0
1190,2019-07-18,08:00,0.0,1010.2,1010.4,1010.2,1077,22.3,21.8,22.5,22.2,22.0,21.7,97,97,97,231,0.0,0.0,N,PA,BRAGANCA,A226,-1.047258,-46.78579,41.0
1191,2019-07-18,12:00,0.0,1011.8,1011.8,1011.4,199,28.0,25.1,28.5,25.0,25.7,24.1,95,84,84,348,3.4,1.6,N,PA,BRAGANCA,A226,-1.047258,-46.78579,41.0
1192,2019-07-18,16:00,0.0,1010.6,1011.6,1010.5,-9999,32.1,23.8,32.7,30.5,25.0,23.2,71,59,62,26,6.6,2.1,N,PA,BRAGANCA,A226,-1.047258,-46.78579,41.0
1193,2019-07-18,20:00,0.6,1009.8,1009.9,1009.2,-9999,26.3,23.9,27.5,26.2,25.3,23.7,91,83,87,296,4.8,0.4,N,PA,BRAGANCA,A226,-1.047258,-46.78579,41.0
1194,2019-07-19,00:00,0.0,1012.0,1012.0,1011.4,400,23.0,22.6,23.0,22.9,22.6,22.4,98,97,98,17,3.5,0.2,N,PA,BRAGANCA,A226,-1.047258,-46.78579,41.0
1195,2019-07-19,04:00,0.0,1012.1,1012.9,1012.1,1182,22.7,22.4,23.0,22.7,22.7,22.4,98,98,98,345,1.6,0.0,N,PA,BRAGANCA,A226,-1.047258,-46.78579,41.0
1196,2019-07-19,08:00,0.0,1010.5,1010.5,1010.3,1466,22.5,22.5,22.8,22.4,22.8,22.4,100,100,100,132,1.0,0.0,N,PA,BRAGANCA,A226,-1.047258,-46.78579,41.0
1197,2019-07-19,12:00,0.0,1011.8,1011.9,1011.7,966,27.5,25.6,27.5,24.1,26.4,25.3,100,90,90,90,4.2,2.3,N,PA,BRAGANCA,A226,-1.047258,-46.78579,41.0
1198,2019-07-19,16:00,0.0,1010.5,1011.1,1010.5,-9999,31.4,24.5,31.5,29.2,25.4,23.0,76,66,67,67,7.2,3.3,N,PA,BRAGANCA,A226,-1.047258,-46.78579,41.0
1199,2019-07-19,20:00,0.0,1009.3,1009.6,1009.1,-9999,27.1,23.1,27.4,26.1,23.4,22.4,83,76,79,77,5.0,3.2,N,PA,BRAGANCA,A226,-1.047258,-46.78579,41.0
1200,2019-07-20,00:00,0.0,1010.7,1010.7,1010.1,6,24.3,22.9,24.7,24.3,23.2,22.9,92,91,92,75,4.4,1.3,N,PA,BRAGANCA,A226,-1.047258,-46.78579,41.0
1201,2019-07-20,04:00,0.0,1010.7,1011.1,1010.7,722,24.1,23.4,24.3,24.0,23.6,23.3,96,95,96,127,3.0,0.5,N,PA,BRAGANCA,A226,-1.047258,-46.78579,41.0
1202,2019-07-20,08:00,0.0,1009.7,1009.7,1009.5,1332,22.8,22.5,23.4,22.7,23.0,22.5,99,98,99,140,2.6,0.0,N,PA,BRAGANCA,A226,-1.047258,-46.78579,41.0
1203,2019-07-20,12:00,0.0,1011.0,1011.1,1010.8,802,28.1,25.8,28.1,24.9,25.9,24.6,98,87,87,86,4.8,2.7,N,PA,BRAGANCA,A226,-1.047258,-46.78579,41.0
1204,2019-07-20,16:00,0.2,1010.3,1011.0,1010.3,-9999,27.5,23.5,30.2,26.9,23.7,21.6,82,62,79,93,6.7,2.3,N,PA,BRAGANCA,A226,-1.047258,-46.78579,41.0
1205,2019-07-20,20:00,3.2,1009.5,1010.1,1009.4,14,24.0,23.2,24.4,23.6,23.2,22.6,95,91,95,98,6.6,3.4,N,PA,BRAGANCA,A226,-1.047258,-46.78579,41.0
1206,2019-07-21,00:00,0.0,1010.9,1010.9,1010.6,462,23.2,22.6,23.3,23.1,22.7,22.6,97,97,97,66,3.4,0.0,N,PA,BRAGANCA,A226,-1.047258,-46.78579,41.0
1207,2019-07-21,04:00,0.0,1011.2,1011.9,1011.2,1272,22.8,22.3,22.9,22.7,22.4,22.1,97,96,97,114,5.8,2.6,N,PA,BRAGANCA,A226,-1.047258,-46.78579,41.0
1208,2019-07-21,08:00,0.0,1009.3,1009.4,1009.3,1477,22.7,22.1,22.9,22.6,22.2,22.0,96,96,96,125,2.5,1.1,N,PA,BRAGANCA,A226,-1.047258,-46.78579,41.0
1209,2019-07-21,12:00,0.0,1010.8,1010.9,1010.3,367,27.6,24.3,27.6,25.0,24.6,23.5,92,81,82,84,5.0,3.4,N,PA,BRAGANCA,A226,-1.047258,-46.78579,41.0
1210,2019-07-21,16:00,0.0,1010.1,1011.0,1010.0,2,30.1,22.2,30.8,26.5,24.9,22.1,84,61,63,66,8.8,4.3,N,PA,BRAGANCA,A226,-1.047258,-46.78579,41.0
1211,2019-07-21,20:00,0.0,1008.2,1008.3,1008.1,-9999,30.0,21.5,31.3,29.9,22.1,20.1,62,54,60,52,7.7,2.7,N,PA,BRAGANCA,A226,-1.047258,-46.78579,41.0
1212,2019-07-22,00:00,0.0,1010.4,1010.4,1009.7,-9999,25.0,22.5,25.3,24.9,22.6,22.4,86,84,86,78,4.2,2.3,N,PA,BRAGANCA,A226,-1.047258,-46.78579,41.0
1213,2019-07-22,04:00,0.0,1011.0,1011.5,1011.0,51,23.6,21.8,24.0,23.6,22.3,21.8,91,88,89,131,2.8,0.3,N,PA,BRAGANCA,A226,-1.047258,-46.78579,41.0
1214,2019-07-22,08:00,0.0,1009.6,1009.6,1009.1,105,22.6,21.2,22.9,22.6,21.4,21.2,92,91,92,118,2.9,0.7,N,PA,BRAGANCA,A226,-1.047258,-46.78579,41.0
1215,2019-07-22,12:00,0.0,1010.9,1010.9,1010.6,23,27.8,23.2,27.9,25.3,23.5,22.4,85,76,76,83,6.0,3.9,N,PA,BRAGANCA,A226,-1.047258,-46.78579,41.0
1216,2019-07-22,16:00,0.0,1009.1,1009.7,1009.1,-9999,32.3,22.7,32.3,29.9,23.4,21.5,65,55,57,110,8.3,4.9,N,PA,BRAGANCA,A226,-1.047258,-46.78579,41.0
1217,2019-07-22,20:00,1.2,1007.9,1008.2,1007.5,-9999,25.0,23.1,31.7,24.7,24.3,21.6,89,65,89,108,11.5,4.4,N,PA,BRAGANCA,A226,-1.047258,-46.78579,41.0
1218,2019-07-23,00:00,0.0,1010.0,1010.0,1009.2,41,25.0,23.8,25.1,24.9,24.0,23.6,93,93,93,74,2.7,1.7,N,PA,BRAGANCA,A226,-1.047258,-46.78579,41.0
1219,2019-07-23,04:00,0.0,1010.1,1010.5,1010.1,169,23.9,23.1,24.1,23.9,23.2,23.0,95,94,95,96,1.4,0.0,N,PA,BRAGANCA,A226,-1.047258,-46.78579,41.0
1220,2019-07-23,08:00,0.0,1009.5,1009.5,1009.1,1095,23.4,22.9,23.4,22.9,23.0,22.4,97,97,97,91,2.0,0.6,N,PA,BRAGANCA,A226,-1.047258,-46.78579,41.0
1221,2019-07-23,12:00,0.0,1010.9,1011.0,1010.7,779,28.5,24.8,28.7,26.1,25.8,24.6,96,80,80,67,6.1,3.5,N,PA,BRAGANCA,A226,-1.047258,-46.78579,41.0
1222,2019-07-23,16:00,0.0,1009.4,1010.4,1009.4,-9999,31.5,22.9,32.5,30.2,24.0,22.0,65,56,60,73,6.8,2.8,N,PA,BRAGANCA,A226,-1.047258,-46.78579,41.0
1223,2019-07-23,20:00,0.0,1007.7,1007.7,1007.6,0,30.2,23.7,31.7,30.2,24.7,23.5,70,65,68,64,6.6,3.6,N,PA,BRAGANCA,A226,-1.047258,-46.78579,41.0
1224,2019-07-24,00:00,0.0,1010.1,1010.1,1009.4,-9999,25.5,23.5,26.1,25.5,23.6,23.5,89,86,89,46,2.8,0.2,N,PA,BRAGANCA,A226,-1.047258,-46.78579,41.0
1225,2019-07-24,04:00,0.0,1010.1,1010.4,1010.1,63,24.3,22.9,24.9,24.3,23.2,22.8,92,90,92,69,3.4,1.0,N,PA,BRAGANCA,A226,-1.047258,-46.78579,41.0
1226,2019-07-24,08:00,0.0,1009.2,1009.2,1008.9,398,23.8,22.8,23.8,23.6,22.8,22.6,94,94,94,86,3.0,1.4,N,PA,BRAGANCA,A226,-1.047258,-46.78579,41.0
1227,2019-07-24,12:00,0.0,1010.8,1010.8,1010.5,104,28.5,24.3,28.5,26.1,25.1,24.1,89,78,78,86,6.9,4.2,N,PA,BRAGANCA,A226,-1.047258,-46.78579,41.0
1228,2019-07-24,16:00,0.0,1009.3,1009.8,1009.2,-9999,30.2,24.0,33.0,29.7,24.8,21.5,74,54,70,41,9.0,1.9,N,PA,BRAGANCA,A226,-1.047258,-46.78579,41.0
1229,2019-07-24,20:00,0.0,1008.2,1008.3,1008.0,-9999,28.8,23.6,29.0,25.0,24.0,23.1,89,72,73,122,2.4,0.5,N,PA,BRAGANCA,A226,-1.047258,-46.78579,41.0
1230,2019-07-25,00:00,0.0,1009.8,1009.8,1009.2,-9999,24.1,22.4,24.2,23.9,22.5,22.3,91,90,90,20,0.0,0.0,N,PA,BRAGANCA,A226,-1.047258,-46.78579,41.0
1231,2019-07-25,04:00,0.0,1009.2,1009.6,1009.2,224,24.2,23.1,24.5,24.1,23.4,23.1,94,93,94,92,2.5,0.1,N,PA,BRAGANCA,A226,-1.047258,-46.78579,41.0
1232,2019-07-25,08:00,0.0,1008.3,1008.3,1008.2,1019,24.0,23.3,24.0,23.8,23.3,23.1,96,96,96,97,0.0,0.0,N,PA,BRAGANCA,A226,-1.047258,-46.78579,41.0
1233,2019-07-25,12:00,0.0,1009.2,1009.2,1009.0,64,28.9,23.7,29.4,25.8,25.4,23.7,93,74,74,75,2.0,0.0,N,PA,BRAGANCA,A226,-1.047258,-46.78579,41.0
1234,2019-07-25,16:00,0.0,1008.1,1008.7,1008.1,-9999,34.4,23.1,34.4,32.8,23.3,21.1,56,48,52,98,9.3,1.7,N,PA,BRAGANCA,A226,-1.047258,-46.78579,41.0
1235,2019-07-25,20:00,0.0,1007.7,1007.8,1007.5,-9999,26.5,23.3,27.3,26.3,23.6,22.7,85,77,82,43,6.1,1.6,N,PA,BRAGANCA,A226,-1.047258,-46.78579,41.0
1236,2019-07-26,00:00,0.0,1009.5,1009.5,1009.2,-9999,25.0,22.5,25.0,24.7,22.6,22.2,87,86,86,79,5.3,3.0,N,PA,BRAGANCA,A226,-1.047258,-46.78579,41.0
1237,2019-07-26,04:00,0.0,1009.3,1010.0,1009.3,55,24.4,23.3,24.6,24.4,23.4,23.3,94,93,94,46,1.7,0.0,N,PA,BRAGANCA,A226,-1.047258,-46.78579,41.0
1238,2019-07-26,08:00,0.0,1009.0,1009.0,1008.6,902,23.8,23.1,24.5,23.8,23.8,23.1,96,96,96,144,2.3,0.1,N,PA,BRAGANCA,A226,-1.047258,-46.78579,41.0
1239,2019-07-26,12:00,0.0,1012.0,1012.0,1011.3,190,27.5,24.7,28.3,24.9,25.9,24.4,97,84,85,76,5.1,2.0,N,PA,BRAGANCA,A226,-1.047258,-46.78579,41.0
1240,2019-07-26,16:00,0.0,1010.0,1010.9,1010.0,1,32.0,25.5,33.0,30.4,25.9,22.2,73,56,69,40,6.9,1.6,N,PA,BRAGANCA,A226,-1.047258,-46.78579,41.0
1241,2019-07-26,20:00,1.6,1009.5,1009.5,1008.7,0,26.5,24.3,28.2,26.5,25.9,24.3,88,85,88,47,4.8,2.1,N,PA,BRAGANCA,A226,-1.047258,-46.78579,41.0
1242,2019-07-27,00:00,0.0,1011.1,1011.1,1010.5,95,24.6,23.9,24.7,24.4,23.9,23.6,96,95,95,79,2.7,0.0,N,PA,BRAGANCA,A226,-1.047258,-46.78579,41.0
1243,2019-07-27,04:00,0.0,1011.0,1011.4,1011.0,763,23.8,23.2,24.2,23.8,23.5,23.2,96,96,96,69,1.4,0.0,N,PA,BRAGANCA,A226,-1.047258,-46.78579,41.0
1244,2019-07-27,08:00,0.0,1010.4,1010.4,1010.3,1283,23.5,23.0,23.7,23.5,23.2,23.0,97,97,97,116,0.0,0.0,N,PA,BRAGANCA,A226,-1.047258,-46.78579,41.0
1245,2019-07-27,12:00,0.0,1011.9,1011.9,1011.6,667,28.8,25.6,28.9,25.9,25.9,25.1,95,82,82,61,5.2,1.8,N,PA,BRAGANCA,A226,-1.047258,-46.78579,41.0
1246,2019-07-27,16:00,0.6,1010.9,1011.6,1010.9,1,27.2,24.8,31.8,24.9,25.0,22.3,91,63,86,62,13.3,2.8,N,PA,BRAGANCA,A226,-1.047258,-46.78579,41.0
1247,2019-07-27,20:00,0.0,1009.1,1009.1,1008.6,-9999,28.8,23.4,30.6,28.7,24.3,22.9,73,67,73,56,9.0,3.7,N,PA,BRAGANCA,A226,-1.047258,-46.78579,41.0
1248,2019-07-28,00:00,0.0,1011.4,1011.4,1010.7,4,25.5,23.4,25.8,25.5,23.4,23.2,88,86,88,76,5.0,1.9,N,PA,BRAGANCA,A226,-1.047258,-46.78579,41.0
1249,2019-07-28,04:00,0.0,1010.9,1011.5,1010.9,357,24.1,23.0,24.2,24.0,23.2,23.0,94,94,94,138,2.7,0.0,N,PA,BRAGANCA,A226,-1.047258,-46.78579,41.0
1250,2019-07-28,08:00,0.0,1009.8,1009.8,1009.6,908,22.6,22.0,23.2,22.5,22.5,21.9,96,96,96,171,0.0,0.0,N,PA,BRAGANCA,A226,-1.047258,-46.78579,41.0
1251,2019-07-28,12:00,0.2,1011.4,1011.5,1011.3,222,28.6,24.0,28.9,25.5,25.1,24.0,92,76,76,70,8.4,3.7,N,PA,BRAGANCA,A226,-1.047258,-46.78579,41.0
1252,2019-07-28,16:00,0.0,1009.8,1010.7,1009.8,2,31.7,23.4,33.0,30.7,25.2,22.8,66,59,62,53,7.6,2.6,N,PA,BRAGANCA,A226,-1.047258,-46.78579,41.0
1253,2019-07-28,20:00,0.0,1008.2,1008.2,1008.1,6,29.0,23.3,31.1,28.9,24.1,23.0,72,65,72,64,9.5,3.9,N,PA,BRAGANCA,A226,-1.047258,-46.78579,41.0
1254,2019-07-29,00:00,0.0,1010.3,1010.3,1009.3,-9999,25.5,23.1,25.8,25.5,23.3,23.1,87,86,87,70,4.1,0.5,N,PA,BRAGANCA,A226,-1.047258,-46.78579,41.0
1255,2019-07-29,04:00,0.0,1010.3,1010.7,1010.3,236,24.0,23.0,24.4,24.0,23.2,23.0,94,93,94,41,1.8,0.0,N,PA,BRAGANCA,A226,-1.047258,-46.78579,41.0
1256,2019-07-29,08:00,0.0,1009.3,1009.4,1008.9,999,22.7,22.2,23.0,22.7,22.4,22.2,97,97,97,158,0.0,0.0,N,PA,BRAGANCA,A226,-1.047258,-46.78579,41.0
1257,2019-07-29,12:00,0.0,1010.9,1010.9,1010.5,480,28.1,24.4,28.4,25.7,25.7,24.4,96,80,80,80,4.9,2.8,N,PA,BRAGANCA,A226,-1.047258,-46.78579,41.0
1258,2019-07-29,16:00,0.0,1008.8,1009.8,1008.8,-9999,30.8,24.3,31.2,29.8,25.3,23.3,74,66,68,66,4.2,1.4,N,PA,BRAGANCA,A226,-1.047258,-46.78579,41.0
1259,2019-07-29,20:00,0.0,1008.1,1008.1,1007.3,-9999,25.8,23.6,26.7,25.8,24.7,23.3,89,85,88,111,7.3,2.9,N,PA,BRAGANCA,A226,-1.047258,-46.78579,41.0
1260,2019-07-30,00:00,0.0,1010.5,1010.5,1009.7,27,24.1,22.8,24.7,24.1,22.8,22.6,92,89,92,58,4.3,0.6,N,PA,BRAGANCA,A226,-1.047258,-46.78579,41.0
1261,2019-07-30,04:00,0.0,1010.3,1010.7,1010.3,598,23.1,22.4,23.9,23.1,23.1,22.4,96,95,96,259,0.7,0.0,N,PA,BRAGANCA,A226,-1.047258,-46.78579,41.0
1262,2019-07-30,08:00,0.0,1008.8,1009.0,1008.8,1195,23.8,23.4,23.8,23.4,23.5,23.0,98,97,98,101,0.0,0.0,N,PA,BRAGANCA,A226,-1.047258,-46.78579,41.0
1263,2019-07-30,12:00,0.0,1011.2,1011.2,1011.0,336,27.8,25.2,28.1,25.6,26.5,25.1,98,85,86,359,2.7,0.8,N,PA,BRAGANCA,A226,-1.047258,-46.78579,41.0
1264,2019-07-30,16:00,0.0,1009.7,1010.6,1009.7,-9999,31.2,26.2,32.3,28.7,26.8,22.7,82,64,75,41,9.1,1.2,N,PA,BRAGANCA,A226,-1.047258,-46.78579,41.0
1265,2019-07-30,20:00,0.0,1008.0,1008.0,1007.8,1,30.0,24.8,30.5,27.7,26.0,24.5,85,72,74,31,6.5,1.7,N,PA,BRAGANCA,A226,-1.047258,-46.78579,41.0
1266,2019-07-31,00:00,0.0,1010.4,1010.4,1009.8,-9999,25.8,24.2,26.2,25.7,24.2,24.1,91,89,91,47,0.5,0.0,N,PA,BRAGANCA,A226,-1.047258,-46.78579,41.0
1267,2019-07-31,04:00,0.0,1010.2,1010.8,1010.2,139,25.1,23.8,25.4,25.1,24.0,23.8,93,92,93,58,2.7,0.2,N,PA,BRAGANCA,A226,-1.047258,-46.78579,41.0
1268,2019-07-31,08:00,0.0,1009.1,1009.1,1008.9,1038,24.2,23.5,24.2,24.0,23.6,23.3,96,95,96,64,3.4,1.0,N,PA,BRAGANCA,A226,-1.047258,-46.78579,41.0
1269,2019-07-31,12:00,0.0,1011.2,1011.2,1010.9,276,28.6,24.9,28.6,26.8,25.5,24.0,92,78,81,57,5.4,2.5,N,PA,BRAGANCA,A226,-1.047258,-46.78579,41.0
1270,2019-07-31,16:00,0.0,1009.4,1010.4,1009.4,1,30.2,24.7,32.8,29.6,25.9,23.3,73,62,73,35,7.4,1.8,N,PA,BRAGANCA,A226,-1.047258,-46.78579,41.0
1271,2019-07-31,20:00,0.0,1007.9,1007.9,1007.7,-9999,28.9,23.0,31.0,28.9,23.9,22.9,72,66,71,47,8.6,2.5,N,PA,BRAGANCA,A226,-1.047258,-46.78579,41.0
1272,2019-08-01,00:00,0.0,1009.7,1009.7,1009.2,-9999,25.7,23.0,26.0,25.7,23.2,23.0,85,84,85,60,5.1,2.0,N,PA,BRAGANCA,A226,-1.047258,-46.78579,41.0
1273,2019-08-01,04:00,0.0,1009.2,1010.2,1009.2,59,24.5,22.9,24.9,24.4,23.0,22.9,91,89,91,56,3.0,1.0,N,PA,BRAGANCA,A226,-1.047258,-46.78579,41.0
1274,2019-08-01,08:00,0.0,1007.7,1008.0,1007.7,686,23.5,22.7,23.7,23.4,22.8,22.6,95,94,95,98,0.0,0.0,N,PA,BRAGANCA,A226,-1.047258,-46.78579,41.0
1275,2019-08-01,12:00,0.0,1009.2,1009.2,1008.8,238,28.5,24.1,29.2,26.4,25.4,24.1,92,76,77,57,6.2,2.1,N,PA,BRAGANCA,A226,-1.047258,-46.78579,41.0
1276,2019-08-01,16:00,0.0,1008.4,1009.1,1008.3,-9999,31.3,23.3,32.8,31.0,24.4,22.4,65,58,62,58,8.6,2.8,N,PA,BRAGANCA,A226,-1.047258,-46.78579,41.0
1277,2019-08-01,20:00,0.0,1007.2,1007.2,1006.9,-9999,29.0,23.1,30.8,29.0,24.4,23.0,71,66,71,45,7.4,2.9,N,PA,BRAGANCA,A226,-1.047258,-46.78579,41.0
1278,2019-08-02,00:00,0.0,1009.5,1009.5,1008.8,-9999,25.8,23.1,26.0,25.8,23.2,23.0,85,84,85,66,5.1,1.5,N,PA,BRAGANCA,A226,-1.047258,-46.78579,41.0
1279,2019-08-02,04:00,0.0,1009.5,1010.0,1009.5,57,24.8,23.0,24.9,24.7,23.1,22.9,90,89,90,89,3.5,1.9,N,PA,BRAGANCA,A226,-1.047258,-46.78579,41.0
1280,2019-08-02,08:00,0.0,1008.2,1008.2,1008.0,140,23.7,22.6,24.2,23.6,23.0,22.5,94,92,94,124,0.0,0.0,N,PA,BRAGANCA,A226,-1.047258,-46.78579,41.0
1281,2019-08-02,12:00,0.0,1009.9,1009.9,1009.4,33,28.7,24.3,28.8,26.7,25.1,24.2,87,77,77,73,7.0,3.5,N,PA,BRAGANCA,A226,-1.047258,-46.78579,41.0
1282,2019-08-02,16:00,0.0,1008.5,1009.5,1008.5,-9999,32.0,24.1,32.0,28.4,25.6,23.7,81,63,63,58,11.1,3.4,N,PA,BRAGANCA,A226,-1.047258,-46.78579,41.0
1283,2019-08-02,20:00,3.0,1008.0,1008.2,1007.5,17,24.1,23.0,25.2,23.6,23.7,22.4,94,89,94,236,7.5,0.0,N,PA,BRAGANCA,A226,-1.047258,-46.78579,41.0
1284,2019-08-03,00:00,0.0,1010.0,1010.1,1009.5,451,23.0,22.4,23.0,22.8,22.4,22.2,96,96,96,78,0.0,0.0,N,PA,BRAGANCA,A226,-1.047258,-46.78579,41.0
1285,2019-08-03,04:00,0.0,1010.3,1010.7,1010.3,1168,23.5,23.2,23.8,23.3,23.4,22.9,98,97,98,26,1.0,0.0,N,PA,BRAGANCA,A226,-1.047258,-46.78579,41.0
1286,2019-08-03,08:00,0.0,1009.6,1009.6,1009.4,1379,23.2,23.0,23.2,23.0,23.0,22.8,99,98,99,121,0.0,0.0,N,PA,BRAGANCA,A226,-1.047258,-46.78579,41.0
1287,2019-08-03,12:00,0.0,1011.0,1011.0,1010.6,824,28.8,25.1,28.8,25.7,26.4,24.7,99,80,81,69,7.2,3.5,N,PA,BRAGANCA,A226,-1.047258,-46.78579,41.0
1288,2019-08-03,16:00,0.0,1009.4,1010.3,1009.4,-9999,31.7,24.2,31.9,29.8,25.3,23.3,71,65,65,67,8.5,4.0,N,PA,BRAGANCA,A226,-1.047258,-46.78579,41.0
1289,2019-08-03,20:00,0.0,1008.5,1008.5,1008.2,6,28.9,23.7,30.9,28.8,24.6,23.4,74,67,73,45,8.5,2.9,N,PA,BRAGANCA,A226,-1.047258,-46.78579,41.0
1290,2019-08-04,00:00,0.0,1010.4,1010.4,1009.6,3,26.5,23.8,26.6,26.4,23.8,23.5,85,83,85,55,6.0,2.8,N,PA,BRAGANCA,A226,-1.047258,-46.78579,41.0
1291,2019-08-04,04:00,0.0,1010.4,1010.8,1010.4,42,25.7,23.9,25.8,25.6,23.9,23.6,90,88,90,33,2.8,0.0,N,PA,BRAGANCA,A226,-1.047258,-46.78579,41.0
1292,2019-08-04,08:00,0.0,1009.6,1009.6,1009.3,554,25.1,24.1,25.2,25.1,24.1,24.0,94,93,94,10,1.5,0.0,N,PA,BRAGANCA,A226,-1.047258,-46.78579,41.0
1293,2019-08-04,12:00,0.0,1011.0,1011.0,1010.5,75,29.1,25.0,29.1,27.3,25.6,24.2,88,78,79,43,9.3,3.3,N,PA,BRAGANCA,A226,-1.047258,-46.78579,41.0
1294,2019-08-04,16:00,0.0,1010.4,1011.3,1010.4,-9999,32.1,24.0,32.5,29.1,25.7,23.3,77,61,63,53,10.3,3.0,N,PA,BRAGANCA,A226,-1.047258,-46.78579,41.0
1295,2019-08-04,20:00,0.0,1009.5,1009.6,1009.0,1,29.0,23.3,31.1,29.0,23.6,22.6,71,62,71,54,10.2,2.7,N,PA,BRAGANCA,A226,-1.047258,-46.78579,41.0
1296,2019-08-05,00:00,0.0,1012.2,1012.2,1011.5,-9999,25.6,23.1,25.9,25.6,23.4,23.1,86,86,86,59,2.9,0.8,N,PA,BRAGANCA,A226,-1.047258,-46.78579,41.0
1297,2019-08-05,04:00,0.0,1011.8,1012.6,1011.8,178,24.8,23.6,25.0,24.8,23.6,23.4,93,92,93,48,2.8,0.7,N,PA,BRAGANCA,A226,-1.047258,-46.78579,41.0
1298,2019-08-05,08:00,0.0,1010.4,1010.4,1010.4,716,24.6,23.7,24.7,24.4,23.8,23.5,95,94,94,55,4.1,0.9,N,PA,BRAGANCA,A226,-1.047258,-46.78579,41.0
1299,2019-08-05,12:00,0.0,1012.1,1012.1,1011.4,80,29.9,24.2,30.0,27.5,24.6,23.7,83,71,71,53,7.9,3.1,N,PA,BRAGANCA,A226,-1.047258,-46.78579,41.0
1300,2019-08-05,16:00,1.4,1011.4,1012.1,1011.4,0,27.4,24.4,31.5,27.3,25.4,23.4,86,67,84,14,7.6,1.6,N,PA,BRAGANCA,A226,-1.047258,-46.78579,41.0
1301,2019-08-05,20:00,0.0,1010.1,1010.1,1009.8,-9999,28.7,23.3,31.1,28.7,24.1,22.8,72,64,72,47,9.7,2.9,N,PA,BRAGANCA,A226,-1.047258,-46.78579,41.0
1302,2019-08-06,00:00,0.2,1013.1,1013.2,1012.6,-9999,24.7,22.8,26.6,24.7,23.6,22.6,89,82,89,112,7.4,2.3,N,PA,BRAGANCA,A226,-1.047258,-46.78579,41.0
1303,2019-08-06,04:00,0.0,1012.9,1013.4,1012.9,0,23.9,21.8,24.1,23.7,22.2,21.6,90,88,88,122,0.0,0.0,N,PA,BRAGANCA,A226,-1.047258,-46.78579,41.0
1304,2019-08-06,08:00,0.0,1011.7,1011.7,1011.5,200,23.8,22.7,23.8,23.5,22.7,22.4,94,93,94,106,0.0,0.0,N,PA,BRAGANCA,A226,-1.047258,-46.78579,41.0
1305,2019-08-06,12:00,0.0,1013.0,1013.0,1012.7,30,29.2,25.1,29.2,26.4,25.3,24.0,88,78,78,71,5.1,2.4,N,PA,BRAGANCA,A226,-1.047258,-46.78579,41.0
1306,2019-08-06,16:00,0.0,1011.4,1012.3,1011.4,-9999,31.8,23.5,31.8,30.2,24.7,22.8,68,61,61,77,10.3,5.5,N,PA,BRAGANCA,A226,-1.047258,-46.78579,41.0
1307,2019-08-06,20:00,2.0,1010.7,1010.9,1010.4,-9999,25.9,23.9,27.8,25.8,24.5,23.5,90,80,89,138,6.7,1.5,N,PA,BRAGANCA,A226,-1.047258,-46.78579,41.0
1308,2019-08-07,00:00,0.0,1012.5,1012.5,1012.0,30,25.2,23.0,25.2,25.0,23.2,23.0,89,88,88,70,3.9,2.2,N,PA,BRAGANCA,A226,-1.047258,-46.78579,41.0
1309,2019-08-07,04:00,0.0,1012.8,1013.3,1012.8,95,23.9,22.8,24.4,23.8,23.0,22.6,94,92,93,148,2.6,1.3,N,PA,BRAGANCA,A226,-1.047258,-46.78579,41.0
1310,2019-08-07,08:00,0.0,1012.3,1012.3,1011.9,620,23.3,22.5,23.6,23.2,22.7,22.4,96,94,95,134,0.0,0.0,N,PA,BRAGANCA,A226,-1.047258,-46.78579,41.0
1311,2019-08-07,12:00,0.0,1013.6,1013.6,1013.4,44,28.8,23.9,29.1,25.8,25.1,23.5,89,73,75,61,6.7,2.6,N,PA,BRAGANCA,A226,-1.047258,-46.78579,41.0
1312,2019-08-07,16:00,0.0,1012.1,1013.0,1012.1,-9999,30.6,23.1,32.2,30.2,24.3,21.5,64,58,64,83,8.0,3.7,N,PA,BRAGANCA,A226,-1.047258,-46.78579,41.0
1313,2019-08-07,20:00,0.0,1010.7,1010.8,1010.5,1,29.3,23.4,30.4,29.2,24.2,23.1,71,67,71,68,7.5,4.1,N,PA,BRAGANCA,A226,-1.047258,-46.78579,41.0
1314,2019-08-08,00:00,0.0,1012.7,1012.7,1012.1,-9999,25.3,22.8,25.7,25.3,22.9,22.7,86,84,86,75,4.6,1.5,N,PA,BRAGANCA,A226,-1.047258,-46.78579,41.0
1315,2019-08-08,04:00,0.0,1012.5,1012.9,1012.5,-9999,23.8,21.9,24.5,23.8,22.0,21.8,89,86,89,48,1.7,0.0,N,PA,BRAGANCA,A226,-1.047258,-46.78579,41.0
1316,2019-08-08,08:00,0.0,1011.4,1011.4,1011.1,19,24.5,22.6,25.0,24.5,22.9,22.6,89,87,89,60,1.9,0.0,N,PA,BRAGANCA,A226,-1.047258,-46.78579,41.0
1317,2019-08-08,12:00,0.0,1013.2,1013.2,1012.8,20,28.3,24.4,28.5,26.6,24.9,24.0,86,79,80,76,5.7,3.2,N,PA,BRAGANCA,A226,-1.047258,-46.78579,41.0
1318,2019-08-08,16:00,0.0,1011.3,1012.2,1011.3,-9999,30.1,24.3,32.1,30.0,24.5,22.2,71,57,71,15,5.0,1.2,N,PA,BRAGANCA,A226,-1.047258,-46.78579,41.0
1319,2019-08-08,20:00,0.0,1010.5,1010.5,1009.9,1,29.0,24.1,31.0,29.0,25.2,24.0,76,70,75,43,6.4,1.9,N,PA,BRAGANCA,A226,-1.047258,-46.78579,41.0
1320,2019-08-09,00:00,0.0,1013.5,1013.5,1013.0,37,24.0,23.0,24.5,24.0,23.2,22.8,94,92,94,187,3.2,0.4,N,PA,BRAGANCA,A226,-1.047258,-46.78579,41.0
1321,2019-08-09,04:00,0.0,1012.1,1013.2,1012.1,617,23.1,22.4,23.5,23.1,22.6,22.4,96,94,96,278,0.0,0.0,N,PA,BRAGANCA,A226,-1.047258,-46.78579,41.0
1322,2019-08-09,08:00,0.0,1010.6,1010.7,1010.6,458,23.0,22.1,23.2,22.7,22.4,21.7,96,94,95,58,0.0,0.0,N,PA,BRAGANCA,A226,-1.047258,-46.78579,41.0
1323,2019-08-09,12:00,0.0,1011.9,1012.0,1011.7,36,28.7,24.8,28.7,25.9,25.0,23.2,86,78,80,9,2.6,0.4,N,PA,BRAGANCA,A226,-1.047258,-46.78579,41.0
1324,2019-08-09,16:00,0.0,1010.5,1011.3,1010.5,-9999,30.6,25.0,31.5,29.7,25.1,23.1,72,64,72,59,5.9,2.1,N,PA,BRAGANCA,A226,-1.047258,-46.78579,41.0
1325,2019-08-09,20:00,0.0,1009.8,1009.8,1009.3,-9999,27.6,24.7,27.6,26.2,24.9,23.5,87,84,84,50,4.7,1.7,N,PA,BRAGANCA,A226,-1.047258,-46.78579,41.0
1326,2019-08-10,00:00,0.0,1012.4,1012.4,1011.7,532,24.3,23.8,24.3,23.7,23.8,23.2,97,97,97,61,0.0,0.0,N,PA,BRAGANCA,A226,-1.047258,-46.78579,41.0
1327,2019-08-10,04:00,0.0,1011.9,1012.6,1011.9,833,24.3,23.9,24.4,24.3,24.0,23.9,98,98,98,59,0.0,0.0,N,PA,BRAGANCA,A226,-1.047258,-46.78579,41.0
1328,2019-08-10,08:00,0.0,1010.5,1010.5,1010.1,1138,23.2,23.0,23.4,22.6,23.2,22.4,99,98,99,211,0.0,0.0,N,PA,BRAGANCA,A226,-1.047258,-46.78579,41.0
1329,2019-08-10,12:00,0.0,1012.3,1012.3,1011.8,1240,28.1,25.7,28.1,25.4,26.5,25.4,100,87,87,63,5.9,2.2,N,PA,BRAGANCA,A226,-1.047258,-46.78579,41.0
1330,2019-08-10,16:00,0.0,1011.1,1011.9,1011.1,9,32.8,23.9,32.8,30.6,24.9,23.3,67,60,60,74,6.8,3.2,N,PA,BRAGANCA,A226,-1.047258,-46.78579,41.0
1331,2019-08-10,20:00,0.0,1009.9,1009.9,1009.7,1,30.4,24.5,32.3,30.1,25.8,24.3,73,67,71,45,6.6,2.1,N,PA,BRAGANCA,A226,-1.047258,-46.78579,41.0
1332,2019-08-11,00:00,0.0,1012.1,1012.1,1011.5,-9999,25.6,23.5,26.0,25.6,23.7,23.5,88,87,88,61,4.1,1.5,N,PA,BRAGANCA,A226,-1.047258,-46.78579,41.0
1333,2019-08-11,04:00,0.0,1011.7,1012.4,1011.6,143,24.3,22.9,24.6,24.3,23.1,22.8,92,91,92,51,2.9,0.4,N,PA,BRAGANCA,A226,-1.047258,-46.78579,41.0
1334,2019-08-11,08:00,0.0,1011.0,1011.0,1010.6,977,23.7,22.7,23.7,23.6,22.8,22.5,94,94,94,67,2.4,0.5,N,PA,BRAGANCA,A226,-1.047258,-46.78579,41.0
1335,2019-08-11,12:00,0.0,1012.9,1012.9,1012.2,180,28.8,23.9,28.8,26.7,24.4,23.5,86,74,75,58,7.1,3.9,N,PA,BRAGANCA,A226,-1.047258,-46.78579,41.0
1336,2019-08-11,16:00,0.0,1011.3,1011.9,1011.3,1,32.6,23.7,32.6,31.0,24.4,22.3,65,57,60,60,8.0,3.9,N,PA,BRAGANCA,A226,-1.047258,-46.78579,41.0
1337,2019-08-11,20:00,0.0,1009.6,1009.6,1009.5,17,29.8,23.6,31.9,29.6,24.1,23.0,70,62,70,46,9.0,2.4,N,PA,BRAGANCA,A226,-1.047258,-46.78579,41.0
1338,2019-08-12,00:00,0.0,1011.1,1011.1,1010.5,2,25.3,23.2,25.8,25.3,23.2,22.9,88,84,88,58,3.7,2.0,N,PA,BRAGANCA,A226,-1.047258,-46.78579,41.0
1339,2019-08-12,04:00,0.0,1010.5,1011.1,1010.5,229,24.1,22.9,24.3,24.1,23.0,22.8,93,92,93,73,1.3,0.0,N,PA,BRAGANCA,A226,-1.047258,-46.78579,41.0
1340,2019-08-12,08:00,0.0,1008.8,1008.9,1008.8,1144,23.5,22.6,23.9,23.5,22.9,22.6,95,94,95,105,1.3,0.0,N,PA,BRAGANCA,A226,-1.047258,-46.78579,41.0
1341,2019-08-12,12:00,0.0,1010.6,1010.6,1010.3,334,29.2,24.8,29.3,26.3,25.5,24.6,91,78,78,51,6.0,2.1,N,PA,BRAGANCA,A226,-1.047258,-46.78579,41.0
1342,2019-08-12,16:00,0.0,1009.3,1010.1,1009.3,2,31.8,24.4,32.3,30.8,25.0,23.5,68,62,65,47,7.9,3.0,N,PA,BRAGANCA,A226,-1.047258,-46.78579,41.0
1343,2019-08-12,20:00,0.0,1007.9,1007.9,1007.3,12,29.7,23.2,31.5,29.4,24.5,23.0,70,62,68,59,8.1,4.3,N,PA,BRAGANCA,A226,-1.047258,-46.78579,41.0
1344,2019-08-13,00:00,0.0,1010.3,1010.3,1009.7,-9999,25.5,23.3,25.8,25.3,23.4,22.9,88,86,88,101,2.3,0.6,N,PA,BRAGANCA,A226,-1.047258,-46.78579,41.0
1345,2019-08-13,04:00,0.0,1009.3,1010.4,1009.3,78,25.0,23.4,25.3,24.9,23.5,23.3,91,90,91,87,2.8,0.9,N,PA,BRAGANCA,A226,-1.047258,-46.78579,41.0
1346,2019-08-13,08:00,0.0,1008.3,1008.3,1008.1,594,24.1,23.1,24.4,24.1,23.3,23.1,94,93,94,55,2.5,0.2,N,PA,BRAGANCA,A226,-1.047258,-46.78579,41.0
1347,2019-08-13,12:00,0.0,1010.5,1010.5,1009.8,56,29.5,25.2,29.5,27.2,25.2,24.6,86,77,78,59,7.4,2.6,N,PA,BRAGANCA,A226,-1.047258,-46.78579,41.0
1348,2019-08-13,16:00,1.6,1008.9,1009.7,1008.9,-9999,28.5,24.0,32.6,28.5,25.1,22.9,77,59,77,60,9.4,3.7,N,PA,BRAGANCA,A226,-1.047258,-46.78579,41.0
1349,2019-08-13,20:00,0.0,1007.6,1007.9,1007.6,-9999,29.0,23.9,29.1,26.5,25.2,23.9,90,74,74,67,6.3,3.2,N,PA,BRAGANCA,A226,-1.047258,-46.78579,41.0
1350,2019-08-14,00:00,0.0,1009.9,1009.9,1009.4,-9999,25.0,23.1,25.2,24.9,23.2,22.8,90,87,90,74,3.9,2.0,N,PA,BRAGANCA,A226,-1.047258,-46.78579,41.0
1351,2019-08-14,04:00,0.0,1010.3,1010.8,1010.3,35,24.2,23.1,24.4,24.2,23.3,23.1,94,94,94,34,1.9,0.0,N,PA,BRAGANCA,A226,-1.047258,-46.78579,41.0
1352,2019-08-14,08:00,0.0,1009.6,1009.6,1009.4,76,24.3,23.4,24.3,24.2,23.5,23.4,95,95,95,56,3.3,0.7,N,PA,BRAGANCA,A226,-1.047258,-46.78579,41.0
1353,2019-08-14,12:00,0.0,1011.2,1011.2,1010.8,33,29.1,24.3,29.3,27.4,24.8,24.1,85,75,75,58,7.7,3.0,N,PA,BRAGANCA,A226,-1.047258,-46.78579,41.0
1354,2019-08-14,16:00,0.0,1010.2,1010.7,1010.1,-9999,31.7,24.5,32.3,31.1,25.0,23.3,68,61,66,43,9.7,3.1,N,PA,BRAGANCA,A226,-1.047258,-46.78579,41.0
1355,2019-08-14,20:00,0.0,1008.8,1008.9,1008.6,-9999,29.5,23.4,30.8,29.5,24.0,22.9,70,65,70,55,11.0,3.6,N,PA,BRAGANCA,A226,-1.047258,-46.78579,41.0
1356,2019-08-15,00:00,0.0,1011.1,1011.1,1010.4,-9999,26.2,23.2,26.6,26.2,23.4,23.2,84,83,84,69,5.3,2.4,N,PA,BRAGANCA,A226,-1.047258,-46.78579,41.0
1357,2019-08-15,04:00,0.0,1010.9,1011.6,1010.9,-9999,25.0,23.3,25.3,24.9,23.3,23.2,90,89,90,68,3.6,1.7,N,PA,BRAGANCA,A226,-1.047258,-46.78579,41.0
1358,2019-08-15,08:00,0.0,1010.3,1010.3,1010.0,7,24.2,23.0,24.4,24.1,23.2,22.9,94,93,93,71,2.3,0.1,N,PA,BRAGANCA,A226,-1.047258,-46.78579,41.0
1359,2019-08-15,12:00,0.0,1012.1,1012.1,1011.7,15,29.3,23.9,29.3,27.5,24.3,23.1,82,72,73,55,11.6,4.6,N,PA,BRAGANCA,A226,-1.047258,-46.78579,41.0
1360,2019-08-15,16:00,0.0,1010.4,1011.4,1010.4,-9999,32.5,24.0,32.5,30.7,24.1,22.6,64,59,61,62,11.5,5.4,N,PA,BRAGANCA,A226,-1.047258,-46.78579,41.0
1361,2019-08-15,20:00,0.0,1008.7,1008.8,1008.6,-9999,29.6,22.7,30.9,29.5,23.4,22.7,68,63,66,65,11.6,5.3,N,PA,BRAGANCA,A226,-1.047258,-46.78579,41.0
1362,2019-08-16,00:00,0.0,1010.6,1010.6,1010.1,-9999,25.7,22.9,26.2,25.7,23.0,22.9,85,83,85,62,5.2,2.1,N,PA,BRAGANCA,A226,-1.047258,-46.78579,41.0
1363,2019-08-16,04:00,0.0,1010.7,1011.2,1010.7,9,24.8,23.1,24.8,24.6,23.2,23.0,91,90,90,62,3.3,1.6,N,PA,BRAGANCA,A226,-1.047258,-46.78579,41.0
1364,2019-08-16,08:00,0.0,1010.0,1010.1,1009.9,19,24.4,23.2,24.5,24.1,23.3,23.0,93,93,93,80,2.8,0.3,N,PA,BRAGANCA,A226,-1.047258,-46.78579,41.0
1365,2019-08-16,12:00,0.0,1011.7,1011.7,1011.2,3,29.3,23.3,29.4,27.4,24.2,22.9,82,69,70,74,10.0,5.5,N,PA,BRAGANCA,A226,-1.047258,-46.78579,41.0
1366,2019-08-16,16:00,0.0,1009.4,1010.5,1009.4,-9999,32.0,23.4,32.8,30.6,23.9,22.3,65,56,60,89,8.9,4.4,N,PA,BRAGANCA,A226,-1.047258,-46.78579,41.0
1367,2019-08-16,20:00,0.0,1008.8,1008.9,1008.6,-9999,26.1,24.4,26.5,25.6,25.3,24.2,94,90,90,66,3.8,1.2,N,PA,BRAGANCA,A226,-1.047258,-46.78579,41.0
1368,2019-08-17,00:00,0.0,1011.0,1011.0,1010.3,3,24.8,23.5,25.1,24.8,23.6,23.5,93,91,93,49,2.2,0.0,N,PA,BRAGANCA,A226,-1.047258,-46.78579,41.0
1369,2019-08-17,04:00,0.0,1011.0,1011.5,1011.0,19,23.9,23.1,24.2,23.8,23.4,23.0,96,95,96,52,0.0,0.0,N,PA,BRAGANCA,A226,-1.047258,-46.78579,41.0
1370,2019-08-17,08:00,0.0,1009.9,1010.0,1009.8,47,23.3,22.7,23.5,23.3,22.9,22.7,97,96,97,63,1.2,0.0,N,PA,BRAGANCA,A226,-1.047258,-46.78579,41.0
1371,2019-08-17,12:00,0.0,1011.7,1011.7,1011.6,103,28.4,24.3,28.4,26.3,24.6,24.0,88,78,78,66,6.8,3.5,N,PA,BRAGANCA,A226,-1.047258,-46.78579,41.0
1372,2019-08-17,16:00,0.0,1009.9,1010.9,1009.9,-9999,31.0,23.8,32.8,30.8,25.3,22.9,67,60,66,51,6.8,2.3,N,PA,BRAGANCA,A226,-1.047258,-46.78579,41.0
1373,2019-08-17,20:00,0.0,1008.5,1008.5,1008.3,0,29.8,23.6,30.6,29.5,24.0,23.1,71,67,69,44,8.4,2.6,N,PA,BRAGANCA,A226,-1.047258,-46.78579,41.0
1374,2019-08-18,00:00,0.0,1010.7,1010.7,1009.8,-9999,25.7,23.1,26.2,25.7,23.3,23.1,86,84,86,74,5.5,1.0,N,PA,BRAGANCA,A226,-1.047258,-46.78579,41.0
1375,2019-08-18,04:00,0.0,1010.0,1010.4,1010.0,13,24.4,23.0,24.9,24.4,23.2,22.9,92,90,92,43,3.7,0.0,N,PA,BRAGANCA,A226,-1.047258,-46.78579,41.0
1376,2019-08-18,08:00,0.0,1009.5,1009.5,1009.2,33,23.6,22.9,23.7,23.4,22.9,22.6,96,95,96,76,2.5,0.9,N,PA,BRAGANCA,A226,-1.047258,-46.78579,41.0
1377,2019-08-18,12:00,0.0,1011.3,1011.3,1010.7,55,28.7,24.3,28.7,26.4,24.6,23.8,87,77,77,75,6.0,3.0,N,PA,BRAGANCA,A226,-1.047258,-46.78579,41.0
1378,2019-08-18,16:00,0.0,1010.1,1010.8,1010.1,-9999,31.1,23.1,32.9,31.1,24.7,22.3,65,57,63,28,7.7,2.7,N,PA,BRAGANCA,A226,-1.047258,-46.78579,41.0
1379,2019-08-18,20:00,0.0,1008.8,1008.8,1008.5,-9999,31.5,24.7,31.6,29.5,25.0,23.4,72,65,68,42,6.8,1.5,N,PA,BRAGANCA,A226,-1.047258,-46.78579,41.0
1380,2019-08-19,00:00,0.0,1010.5,1010.5,1009.9,-9999,25.3,22.7,25.6,25.2,22.7,22.2,85,83,85,51,2.5,0.7,N,PA,BRAGANCA,A226,-1.047258,-46.78579,41.0
1381,2019-08-19,04:00,0.0,1010.3,1010.8,1010.3,11,24.3,22.9,24.6,24.3,23.1,22.9,92,91,92,36,3.6,0.0,N,PA,BRAGANCA,A226,-1.047258,-46.78579,41.0
1382,2019-08-19,08:00,0.0,1009.4,1009.4,1009.2,62,23.3,22.7,23.4,23.1,22.7,22.4,96,96,96,29,1.3,0.0,N,PA,BRAGANCA,A226,-1.047258,-46.78579,41.0
1383,2019-08-19,12:00,0.0,1011.4,1011.4,1010.8,199,28.8,24.7,28.8,26.3,25.5,24.5,94,79,79,49,6.0,2.1,N,PA,BRAGANCA,A226,-1.047258,-46.78579,41.0
1384,2019-08-19,16:00,0.0,1010.4,1011.1,1010.4,-9999,31.9,24.7,33.2,31.1,24.9,22.3,67,58,66,45,6.5,2.2,N,PA,BRAGANCA,A226,-1.047258,-46.78579,41.0
1385,2019-08-19,20:00,5.6,1009.3,1010.2,1009.1,-9999,23.0,21.8,29.4,22.5,22.6,20.5,93,65,93,348,11.8,1.4,N,PA,BRAGANCA,A226,-1.047258,-46.78579,41.0
1386,2019-08-20,00:00,0.0,1011.6,1011.6,1010.5,13,23.8,22.9,23.8,23.1,22.9,22.2,95,94,95,87,0.4,0.0,N,PA,BRAGANCA,A226,-1.047258,-46.78579,41.0
1387,2019-08-20,04:00,0.0,1010.9,1011.7,1010.9,66,23.3,22.6,23.5,23.3,22.7,22.5,95,95,95,54,2.9,0.5,N,PA,BRAGANCA,A226,-1.047258,-46.78579,41.0
1388,2019-08-20,08:00,0.0,1010.6,1010.7,1010.2,221,23.3,22.7,23.4,23.0,22.7,22.3,96,96,96,57,0.7,0.0,N,PA,BRAGANCA,A226,-1.047258,-46.78579,41.0
1389,2019-08-20,12:00,0.0,1012.0,1012.0,1011.4,218,28.6,24.1,28.6,26.6,25.1,23.7,91,77,77,39,7.9,2.5,N,PA,BRAGANCA,A226,-1.047258,-46.78579,41.0
1390,2019-08-20,16:00,0.0,1011.3,1012.1,1011.3,-9999,31.7,24.2,32.1,30.8,24.6,23.2,67,61,64,49,7.8,2.9,N,PA,BRAGANCA,A226,-1.047258,-46.78579,41.0
1391,2019-08-20,20:00,0.0,1009.8,1009.8,1009.6,10,29.2,23.2,32.0,29.1,24.2,22.9,71,61,70,48,8.3,3.4,N,PA,BRAGANCA,A226,-1.047258,-46.78579,41.0
1392,2019-08-21,00:00,0.0,1011.9,1011.9,1011.4,-9999,25.5,23.1,25.7,25.5,23.2,23.0,87,85,87,53,4.9,1.6,N,PA,BRAGANCA,A226,-1.047258,-46.78579,41.0
1393,2019-08-21,04:00,0.0,1011.5,1012.1,1011.5,103,24.8,23.2,25.0,24.7,23.5,23.2,92,91,91,60,4.5,1.6,N,PA,BRAGANCA,A226,-1.047258,-46.78579,41.0
1394,2019-08-21,08:00,0.0,1011.2,1011.2,1010.8,124,24.2,22.9,24.4,24.2,22.9,22.7,92,91,92,54,2.9,0.7,N,PA,BRAGANCA,A226,-1.047258,-46.78579,41.0
1395,2019-08-21,12:00,0.0,1012.9,1012.9,1012.0,44,28.8,23.5,29.2,27.5,24.3,23.3,82,72,73,54,8.6,3.6,N,PA,BRAGANCA,A226,-1.047258,-46.78579,41.0
1396,2019-08-21,16:00,0.0,1012.0,1012.5,1011.9,-9999,30.5,23.8,31.7,29.8,24.4,22.9,70,62,68,42,7.7,3.0,N,PA,BRAGANCA,A226,-1.047258,-46.78579,41.0
1397,2019-08-21,20:00,0.0,1010.1,1010.2,1010.0,3,29.0,22.7,30.3,28.3,23.7,22.2,70,65,69,51,9.6,3.1,N,PA,BRAGANCA,A226,-1.047258,-46.78579,41.0
1398,2019-08-22,00:00,0.0,1011.9,1011.9,1011.5,0,25.3,22.7,25.7,25.3,22.7,22.4,86,82,86,46,3.9,0.3,N,PA,BRAGANCA,A226,-1.047258,-46.78579,41.0
1399,2019-08-22,04:00,0.0,1011.3,1011.6,1011.3,63,24.2,22.7,24.4,24.1,22.7,22.5,91,90,91,50,2.1,0.6,N,PA,BRAGANCA,A226,-1.047258,-46.78579,41.0
1400,2019-08-22,08:00,0.0,1010.5,1010.5,1010.3,25,22.8,22.0,23.1,22.6,22.4,21.8,96,95,96,62,0.0,0.0,N,PA,BRAGANCA,A226,-1.047258,-46.78579,41.0
1401,2019-08-22,12:00,0.0,1012.3,1012.3,1011.9,91,29.1,23.1,29.3,26.3,24.7,23.1,91,70,70,36,5.6,1.9,N,PA,BRAGANCA,A226,-1.047258,-46.78579,41.0
1402,2019-08-22,16:00,0.0,1011.1,1011.8,1011.1,-9999,31.5,22.4,32.0,30.6,23.3,21.5,62,57,59,47,8.0,3.1,N,PA,BRAGANCA,A226,-1.047258,-46.78579,41.0
1403,2019-08-22,20:00,0.0,1010.0,1010.1,1009.9,0,29.0,22.9,30.7,29.0,23.3,22.2,70,61,70,29,6.9,1.7,N,PA,BRAGANCA,A226,-1.047258,-46.78579,41.0
1404,2019-08-23,00:00,0.0,1012.1,1012.2,1011.7,2,25.1,22.8,25.4,25.1,22.8,22.7,87,86,87,55,3.1,1.2,N,PA,BRAGANCA,A226,-1.047258,-46.78579,41.0
1405,2019-08-23,04:00,0.0,1011.9,1012.2,1011.8,12,23.8,22.4,24.2,23.7,22.6,22.2,92,91,92,107,2.0,0.0,N,PA,BRAGANCA,A226,-1.047258,-46.78579,41.0
1406,2019-08-23,08:00,0.0,1010.6,1010.6,1010.4,5,22.9,22.2,23.0,22.3,22.4,21.5,96,95,96,10,0.6,0.0,N,PA,BRAGANCA,A226,-1.047258,-46.78579,41.0
1407,2019-08-23,12:00,0.0,1012.5,1012.5,1012.1,25,28.9,24.2,29.1,26.1,25.1,23.7,89,76,76,37,4.4,1.1,N,PA,BRAGANCA,A226,-1.047258,-46.78579,41.0
1408,2019-08-23,16:00,0.0,1011.3,1012.4,1011.3,-9999,30.7,23.9,32.1,30.0,24.6,23.1,70,62,67,22,7.2,2.2,N,PA,BRAGANCA,A226,-1.047258,-46.78579,41.0
1409,2019-08-23,20:00,0.0,1010.9,1010.9,1010.4,-9999,26.8,23.7,28.6,26.5,24.6,23.3,85,75,84,62,5.3,0.7,N,PA,BRAGANCA,A226,-1.047258,-46.78579,41.0
1410,2019-08-24,00:00,0.0,1012.4,1012.4,1011.9,-9999,23.4,21.6,23.4,23.1,21.6,21.2,90,89,90,29,2.1,0.0,N,PA,BRAGANCA,A226,-1.047258,-46.78579,41.0
1411,2019-08-24,04:00,0.0,1011.8,1012.4,1011.8,10,23.4,22.6,23.7,23.1,22.7,22.2,95,94,95,345,1.6,0.5,N,PA,BRAGANCA,A226,-1.047258,-46.78579,41.0
1412,2019-08-24,08:00,0.0,1011.1,1011.1,1010.7,34,23.0,22.4,23.4,23.0,22.8,22.4,97,96,96,148,0.0,0.0,N,PA,BRAGANCA,A226,-1.047258,-46.78579,41.0
1413,2019-08-24,12:00,0.0,1012.7,1012.7,1012.2,103,29.5,24.6,29.5,26.1,25.6,24.3,94,75,75,34,6.2,1.9,N,PA,BRAGANCA,A226,-1.047258,-46.78579,41.0
1414,2019-08-24,16:00,0.0,1011.1,1011.6,1011.1,-9999,31.1,23.2,32.6,30.3,24.4,22.2,66,59,63,57,7.6,2.9,N,PA,BRAGANCA,A226,-1.047258,-46.78579,41.0
1415,2019-08-24,20:00,0.0,1009.5,1009.5,1009.1,-9999,29.4,23.4,31.0,29.0,24.1,22.7,71,65,70,50,8.4,3.1,N,PA,BRAGANCA,A226,-1.047258,-46.78579,41.0
1416,2019-08-25,00:00,0.0,1011.6,1011.6,1011.0,-9999,25.4,22.9,25.7,25.3,23.0,22.8,86,85,86,56,4.8,1.4,N,PA,BRAGANCA,A226,-1.047258,-46.78579,41.0
1417,2019-08-25,04:00,0.0,1011.4,1011.9,1011.4,5,24.2,22.3,24.6,24.2,22.6,22.3,89,89,89,63,3.4,1.0,N,PA,BRAGANCA,A226,-1.047258,-46.78579,41.0
1418,2019-08-25,08:00,0.0,1010.9,1010.9,1010.7,30,23.6,22.3,23.8,23.6,22.4,22.2,92,91,92,70,2.0,0.0,N,PA,BRAGANCA,A226,-1.047258,-46.78579,41.0
1419,2019-08-25,12:00,0.0,1012.6,1012.6,1012.0,-9999,29.1,23.9,29.1,27.2,24.2,23.1,83,73,73,56,9.2,4.2,N,PA,BRAGANCA,A226,-1.047258,-46.78579,41.0
1420,2019-08-25,16:00,0.0,1010.7,1011.6,1010.7,-9999,31.0,22.5,32.1,30.4,23.7,22.2,65,58,61,63,10.3,5.2,N,PA,BRAGANCA,A226,-1.047258,-46.78579,41.0
1421,2019-08-25,20:00,0.0,1009.2,1009.2,1009.1,-9999,29.5,22.4,30.8,29.5,22.8,21.9,66,62,66,62,10.9,4.5,N,PA,BRAGANCA,A226,-1.047258,-46.78579,41.0
1422,2019-08-26,00:00,0.0,1010.5,1010.5,1010.1,-9999,25.4,22.7,26.0,25.4,22.9,22.7,85,82,85,67,6.1,1.9,N,PA,BRAGANCA,A226,-1.047258,-46.78579,41.0
1423,2019-08-26,04:00,0.0,1010.0,1010.8,1010.0,-9999,24.4,22.9,24.6,24.1,23.1,22.7,92,91,92,87,3.5,0.9,N,PA,BRAGANCA,A226,-1.047258,-46.78579,41.0
1424,2019-08-26,08:00,0.0,1009.4,1009.4,1009.3,20,24.0,22.6,24.5,23.9,22.9,22.5,92,91,92,60,3.0,1.7,N,PA,BRAGANCA,A226,-1.047258,-46.78579,41.0
1425,2019-08-26,12:00,0.0,1011.6,1011.6,1011.0,-9999,28.4,23.2,28.6,27.2,23.8,22.7,79,72,73,70,9.1,5.0,N,PA,BRAGANCA,A226,-1.047258,-46.78579,41.0
1426,2019-08-26,16:00,0.0,1010.1,1011.0,1010.1,-9999,31.7,23.1,32.4,30.6,24.4,22.6,66,59,61,55,10.5,4.3,N,PA,BRAGANCA,A226,-1.047258,-46.78579,41.0
1427,2019-08-26,20:00,0.0,1008.8,1008.8,1008.6,-9999,29.1,22.5,30.6,29.1,22.8,22.2,68,62,68,58,11.6,4.6,N,PA,BRAGANCA,A226,-1.047258,-46.78579,41.0
1428,2019-08-27,00:00,0.0,1010.6,1010.6,1010.3,-9999,25.3,21.9,25.9,25.3,22.3,21.9,82,81,82,70,4.6,2.4,N,PA,BRAGANCA,A226,-1.047258,-46.78579,41.0
1429,2019-08-27,04:00,0.0,1010.4,1011.1,1010.4,-9999,24.2,22.5,24.3,24.2,22.6,22.4,90,90,90,64,3.4,1.8,N,PA,BRAGANCA,A226,-1.047258,-46.78579,41.0
1430,2019-08-27,08:00,0.0,1009.8,1009.8,1009.3,24,23.9,22.5,24.2,23.9,22.6,22.4,92,91,92,46,3.4,0.1,N,PA,BRAGANCA,A226,-1.047258,-46.78579,41.0
1431,2019-08-27,12:00,0.0,1011.7,1011.7,1011.1,-9999,29.2,23.2,29.3,26.9,24.1,23.0,83,70,70,66,8.9,4.6,N,PA,BRAGANCA,A226,-1.047258,-46.78579,41.0
1432,2019-08-27,16:00,0.0,1010.1,1011.3,1010.1,-9999,31.4,24.3,32.3,28.5,25.7,22.3,80,60,66,51,8.9,2.7,N,PA,BRAGANCA,A226,-1.047258,-46.78579,41.0
1433,2019-08-27,20:00,0.0,1009.4,1009.4,1009.0,-9999,28.9,23.1,30.4,28.9,24.1,23.0,71,68,71,44,8.1,2.8,N,PA,BRAGANCA,A226,-1.047258,-46.78579,41.0
1434,2019-08-28,00:00,0.0,1011.6,1011.6,1011.0,-9999,25.3,23.0,26.0,25.3,23.0,22.8,87,83,87,44,3.0,0.2,N,PA,BRAGANCA,A226,-1.047258,-46.78579,41.0
1435,2019-08-28,04:00,0.0,1010.6,1011.5,1010.6,-9999,24.3,22.8,24.5,24.3,23.0,22.8,92,91,91,40,2.8,0.4,N,PA,BRAGANCA,A226,-1.047258,-46.78579,41.0
1436,2019-08-28,08:00,0.0,1009.5,1009.5,1009.2,51,24.2,22.9,24.4,24.2,23.0,22.8,92,92,92,59,3.2,0.5,N,PA,BRAGANCA,A226,-1.047258,-46.78579,41.0
1437,2019-08-28,12:00,0.0,1011.4,1011.4,1011.0,-9999,29.1,23.5,29.1,27.3,24.3,23.1,82,70,72,57,8.8,3.5,N,PA,BRAGANCA,A226,-1.047258,-46.78579,41.0
1438,2019-08-28,16:00,0.0,1010.1,1011.0,1010.1,-9999,31.7,24.0,33.0,30.9,24.3,22.8,64,59,63,72,8.5,3.3,N,PA,BRAGANCA,A226,-1.047258,-46.78579,41.0
1439,2019-08-28,20:00,0.0,1008.1,1008.1,1007.9,-9999,29.3,23.5,31.4,29.1,24.1,23.0,71,64,71,51,8.9,2.2,N,PA,BRAGANCA,A226,-1.047258,-46.78579,41.0
1440,2019-08-29,00:00,0.0,1010.3,1010.3,1009.6,-9999,26.2,23.2,26.5,26.2,23.3,23.2,84,83,84,59,5.7,2.4,N,PA,BRAGANCA,A226,-1.047258,-46.78579,41.0
1441,2019-08-29,04:00,0.0,1010.2,1010.7,1010.2,-9999,24.5,22.7,24.9,24.5,22.8,22.6,90,88,90,47,2.8,0.0,N,PA,BRAGANCA,A226,-1.047258,-46.78579,41.0
1442,2019-08-29,08:00,0.0,1009.1,1009.1,1008.9,9,24.1,23.0,24.1,24.0,23.0,22.8,93,93,93,37,2.5,0.0,N,PA,BRAGANCA,A226,-1.047258,-46.78579,41.0
1443,2019-08-29,12:00,0.0,1010.7,1010.7,1010.0,-9999,28.8,23.4,28.9,27.3,23.9,22.8,80,70,73,45,8.9,2.1,N,PA,BRAGANCA,A226,-1.047258,-46.78579,41.0
1444,2019-08-29,16:00,0.0,1009.2,1010.2,1009.2,-9999,32.7,22.4,33.6,30.8,23.5,21.0,62,51,55,73,9.4,3.9,N,PA,BRAGANCA,A226,-1.047258,-46.78579,41.0
1445,2019-08-29,20:00,0.0,1008.0,1008.0,1007.7,-9999,29.4,23.1,31.0,29.4,23.4,22.7,69,63,69,43,9.4,2.7,N,PA,BRAGANCA,A226,-1.047258,-46.78579,41.0
1446,2019-08-30,00:00,0.0,1010.5,1010.5,1010.0,-9999,25.9,23.1,26.1,25.9,23.1,22.9,84,83,84,57,4.6,1.9,N,PA,BRAGANCA,A226,-1.047258,-46.78579,41.0
1447,2019-08-30,04:00,0.0,1010.0,1010.5,1010.0,-9999,24.4,22.8,24.8,24.3,22.8,22.6,91,88,91,49,2.4,0.2,N,PA,BRAGANCA,A226,-1.047258,-46.78579,41.0
1448,2019-08-30,08:00,0.0,1009.2,1009.2,1008.9,-9999,23.8,22.6,23.9,23.8,22.6,22.5,93,92,93,53,2.9,0.1,N,PA,BRAGANCA,A226,-1.047258,-46.78579,41.0
1449,2019-08-30,12:00,0.0,1011.1,1011.1,1010.6,-9999,29.4,23.6,29.4,27.4,24.0,23.1,82,71,71,44,7.2,2.9,N,PA,BRAGANCA,A226,-1.047258,-46.78579,41.0
1450,2019-08-30,16:00,0.0,1009.9,1010.6,1009.9,-9999,33.0,24.1,33.3,31.3,24.7,22.3,62,55,60,51,8.2,3.4,N,PA,BRAGANCA,A226,-1.047258,-46.78579,41.0
1451,2019-08-30,20:00,0.0,1008.1,1008.2,1008.0,-9999,30.0,22.8,31.6,29.8,23.4,22.3,66,61,66,52,8.4,2.6,N,PA,BRAGANCA,A226,-1.047258,-46.78579,41.0
1452,2019-08-31,00:00,0.0,1010.5,1010.5,1009.8,-9999,25.7,22.7,25.9,25.7,22.8,22.5,84,82,84,63,4.9,2.3,N,PA,BRAGANCA,A226,-1.047258,-46.78579,41.0
1453,2019-08-31,04:00,0.0,1009.9,1010.7,1009.9,-9999,24.4,22.4,24.5,24.1,22.4,22.2,89,88,89,70,3.3,1.9,N,PA,BRAGANCA,A226,-1.047258,-46.78579,41.0
1454,2019-08-31,08:00,0.0,1008.8,1008.8,1008.6,-9999,23.5,22.4,23.8,23.5,22.5,22.4,93,92,93,50,2.8,0.1,N,PA,BRAGANCA,A226,-1.047258,-46.78579,41.0
1455,2019-08-31,12:00,0.0,1011.2,1011.3,1010.4,-9999,29.3,23.1,29.3,27.2,23.8,22.7,81,70,70,57,8.7,4.0,N,PA,BRAGANCA,A226,-1.047258,-46.78579,41.0
1456,2019-08-31,16:00,0.0,1009.7,1010.5,1009.7,-9999,31.5,24.2,31.9,30.4,24.2,22.5,66,61,65,48,8.5,3.5,N,PA,BRAGANCA,A226,-1.047258,-46.78579,41.0
1457,2019-08-31,20:00,0.0,1007.8,1007.9,1007.7,-9999,29.6,22.1,30.9,29.5,22.8,21.7,64,60,64,51,9.6,3.6,N,PA,BRAGANCA,A226,-1.047258,-46.78579,41.0
1458,2019-09-01,00:00,0.0,1009.5,1009.5,1009.2,-9999,25.9,23.0,26.1,25.9,23.0,22.8,84,82,84,55,4.5,2.4,N,PA,BRAGANCA,A226,-1.047258,-46.78579,41.0
1459,2019-09-01,04:00,0.0,1009.1,1009.6,1009.1,-9999,24.5,22.7,24.9,24.5,22.8,22.6,89,88,89,47,3.6,0.4,N,PA,BRAGANCA,A226,-1.047258,-46.78579,41.0
1460,2019-09-01,08:00,0.0,1008.0,1008.0,1007.9,-9999,23.6,22.6,23.8,23.6,22.7,22.6,94,94,94,15,0.0,0.0,N,PA,BRAGANCA,A226,-1.047258,-46.78579,41.0
1461,2019-09-01,12:00,0.0,1010.3,1010.3,1009.5,-9999,29.5,23.4,29.6,27.4,23.8,23.0,80,68,70,47,8.4,3.7,N,PA,BRAGANCA,A226,-1.047258,-46.78579,41.0
1462,2019-09-01,16:00,0.0,1008.8,1009.8,1008.8,-9999,32.5,23.8,33.2,31.7,24.2,22.1,62,54,60,48,8.7,2.8,N,PA,BRAGANCA,A226,-1.047258,-46.78579,41.0
1463,2019-09-01,20:00,0.0,1007.1,1007.1,1006.9,-9999,29.3,23.1,31.6,29.3,23.8,23.0,69,62,69,48,7.8,3.4,N,PA,BRAGANCA,A226,-1.047258,-46.78579,41.0
1464,2019-09-02,00:00,0.0,1008.6,1008.6,1007.9,-9999,25.5,23.2,26.1,25.5,23.2,23.1,87,84,87,54,4.0,1.1,N,PA,BRAGANCA,A226,-1.047258,-46.78579,41.0
1465,2019-09-02,04:00,0.0,1008.2,1008.6,1008.2,-9999,24.4,22.9,24.6,24.4,23.0,22.8,92,90,92,59,2.9,0.9,N,PA,BRAGANCA,A226,-1.047258,-46.78579,41.0
1466,2019-09-02,08:00,0.0,1007.8,1007.8,1007.6,-9999,22.9,22.0,24.0,22.8,23.0,21.9,95,94,95,285,0.0,0.0,N,PA,BRAGANCA,A226,-1.047258,-46.78579,41.0
1467,2019-09-02,12:00,0.0,1009.8,1009.8,1009.3,-9999,29.6,24.1,29.6,26.5,25.0,23.4,91,72,72,35,7.0,2.2,N,PA,BRAGANCA,A226,-1.047258,-46.78579,41.0
1468,2019-09-02,16:00,0.0,1008.4,1009.1,1008.4,-9999,32.1,24.8,33.3,30.9,24.8,22.0,66,53,65,44,7.0,1.9,N,PA,BRAGANCA,A226,-1.047258,-46.78579,41.0
1469,2019-09-02,20:00,0.0,1006.7,1006.7,1006.4,-9999,29.2,23.2,31.9,29.2,23.9,23.0,72,62,70,53,7.8,3.0,N,PA,BRAGANCA,A226,-1.047258,-46.78579,41.0
1470,2019-09-03,00:00,0.0,1008.2,1008.2,1007.8,-9999,25.8,23.4,26.0,25.8,23.6,23.4,87,86,87,73,4.4,1.9,N,PA,BRAGANCA,A226,-1.047258,-46.78579,41.0
1471,2019-09-03,04:00,0.0,1008.0,1008.5,1008.0,-9999,25.3,23.5,25.4,25.1,23.6,23.3,90,89,90,66,3.2,1.0,N,PA,BRAGANCA,A226,-1.047258,-46.78579,41.0
1472,2019-09-03,08:00,0.0,1006.8,1006.9,1006.7,-9999,25.5,23.4,25.6,25.4,23.5,23.4,89,88,89,57,5.3,1.9,N,PA,BRAGANCA,A226,-1.047258,-46.78579,41.0
1473,2019-09-03,12:00,0.0,1009.4,1009.4,1008.9,-9999,30.1,24.0,30.1,27.7,24.4,23.6,80,69,70,58,8.9,4.5,N,PA,BRAGANCA,A226,-1.047258,-46.78579,41.0
1474,2019-09-03,16:00,0.0,1008.5,1009.3,1008.4,-9999,33.1,23.7,33.6,31.5,24.4,22.9,62,56,58,72,9.8,4.9,N,PA,BRAGANCA,A226,-1.047258,-46.78579,41.0
1475,2019-09-03,20:00,0.0,1007.5,1007.5,1007.0,-9999,29.8,23.2,31.3,29.8,23.8,22.9,68,63,68,63,11.4,4.8,N,PA,BRAGANCA,A226,-1.047258,-46.78579,41.0
1476,2019-09-04,00:00,0.0,1009.0,1009.0,1008.8,-9999,26.0,22.4,26.5,25.9,22.5,22.3,81,78,81,70,6.2,2.7,N,PA,BRAGANCA,A226,-1.047258,-46.78579,41.0
1477,2019-09-04,04:00,0.0,1008.6,1009.0,1008.5,-9999,24.8,22.1,25.2,24.8,22.2,22.0,85,83,85,61,4.5,1.6,N,PA,BRAGANCA,A226,-1.047258,-46.78579,41.0
1478,2019-09-04,08:00,0.0,1009.1,1009.1,1008.7,-9999,25.2,22.5,25.2,25.1,22.6,22.4,86,85,85,60,4.8,2.5,N,PA,BRAGANCA,A226,-1.047258,-46.78579,41.0
1479,2019-09-04,12:00,0.0,1011.5,1011.5,1010.8,-9999,29.2,22.7,29.4,27.8,23.5,22.3,76,67,68,58,10.0,4.7,N,PA,BRAGANCA,A226,-1.047258,-46.78579,41.0
1480,2019-09-04,16:00,0.0,1010.4,1011.2,1010.4,-9999,31.6,23.0,31.7,30.1,23.0,21.4,62,56,60,65,12.0,4.2,N,PA,BRAGANCA,A226,-1.047258,-46.78579,41.0
1481,2019-09-04,20:00,0.0,1009.2,1009.2,1008.9,-9999,29.3,22.1,30.6,28.9,22.6,21.8,67,62,65,59,11.4,4.7,N,PA,BRAGANCA,A226,-1.047258,-46.78579,41.0
1482,2019-09-05,00:00,0.0,1010.7,1010.7,1010.3,-9999,25.1,22.1,25.8,25.1,22.3,22.1,84,80,84,66,4.0,1.3,N,PA,BRAGANCA,A226,-1.047258,-46.78579,41.0
1483,2019-09-05,04:00,0.0,1010.5,1010.9,1010.5,-9999,25.1,22.3,25.1,24.8,22.4,22.2,86,85,85,50,5.0,1.8,N,PA,BRAGANCA,A226,-1.047258,-46.78579,41.0
1484,2019-09-05,08:00,0.0,1010.0,1010.0,1009.7,-9999,25.1,22.3,25.1,24.8,22.4,22.1,85,84,84,55,5.2,2.7,N,PA,BRAGANCA,A226,-1.047258,-46.78579,41.0
1485,2019-09-05,12:00,0.0,1012.0,1012.0,1011.5,-9999,30.0,23.6,30.0,27.7,23.6,22.4,74,68,69,53,9.6,3.2,N,PA,BRAGANCA,A226,-1.047258,-46.78579,41.0
1486,2019-09-05,16:00,0.0,1010.6,1011.5,1010.6,-9999,33.0,20.3,33.1,31.8,21.9,20.2,55,47,47,38,9.8,3.3,N,PA,BRAGANCA,A226,-1.047258,-46.78579,41.0
1487,2019-09-05,20:00,0.0,1009.9,1010.0,1009.8,-9999,30.1,19.4,31.7,30.0,20.0,18.7,53,46,53,51,9.1,3.2,N,PA,BRAGANCA,A226,-1.047258,-46.78579,41.0
1488,2019-09-06,00:00,0.0,1011.6,1011.6,1011.2,-9999,24.7,22.0,25.4,24.7,22.1,21.8,85,81,85,53,3.1,1.1,N,PA,BRAGANCA,A226,-1.047258,-46.78579,41.0
1489,2019-09-06,04:00,0.0,1009.7,1010.6,1009.7,-9999,23.9,22.3,24.1,23.9,22.5,22.2,91,90,91,90,2.8,1.1,N,PA,BRAGANCA,A226,-1.047258,-46.78579,41.0
1490,2019-09-06,08:00,0.0,1009.4,1009.4,1008.9,-9999,22.1,21.3,23.0,21.9,22.1,21.0,95,94,95,337,1.0,0.0,N,PA,BRAGANCA,A226,-1.047258,-46.78579,41.0
1491,2019-09-06,12:00,0.0,1011.2,1011.2,1010.5,1,29.9,23.2,29.9,26.6,24.4,22.9,84,67,67,45,7.1,1.9,N,PA,BRAGANCA,A226,-1.047258,-46.78579,41.0
1492,2019-09-06,16:00,0.0,1009.8,1010.7,1009.8,-9999,33.8,22.6,34.0,31.8,23.2,21.6,58,51,52,41,9.2,2.7,N,PA,BRAGANCA,A226,-1.047258,-46.78579,41.0
1493,2019-09-06,20:00,0.0,1008.5,1008.5,1008.1,-9999,30.0,22.5,31.7,30.0,23.3,22.3,65,58,64,48,8.3,3.0,N,PA,BRAGANCA,A226,-1.047258,-46.78579,41.0
1494,2019-09-07,00:00,0.0,1011.1,1011.1,1010.3,-9999,26.0,23.2,26.2,26.0,23.2,23.1,84,83,84,60,4.4,2.1,N,PA,BRAGANCA,A226,-1.047258,-46.78579,41.0
1495,2019-09-07,04:00,0.0,1010.3,1011.0,1010.3,-9999,24.2,22.8,25.2,24.0,22.8,22.3,91,86,91,332,2.0,0.1,N,PA,BRAGANCA,A226,-1.047258,-46.78579,41.0
1496,2019-09-07,08:00,0.0,1009.5,1009.7,1009.4,-9999,23.6,22.7,23.9,23.2,22.9,22.2,95,94,95,221,0.0,0.0,N,PA,BRAGANCA,A226,-1.047258,-46.78579,41.0
1497,2019-09-07,12:00,0.0,1012.1,1012.1,1011.4,-9999,29.2,23.8,29.9,27.8,24.7,23.7,84,72,73,53,7.3,2.4,N,PA,BRAGANCA,A226,-1.047258,-46.78579,41.0
1498,2019-09-07,16:00,1.4,1010.8,1011.4,1010.8,-9999,29.2,25.6,30.5,25.7,25.9,23.1,90,65,81,95,11.7,3.3,N,PA,BRAGANCA,A226,-1.047258,-46.78579,41.0
1499,2019-09-07,20:00,0.0,1010.0,1010.0,1009.5,-9999,25.9,23.0,28.9,25.4,23.1,20.9,85,66,84,120,9.4,3.0,N,PA,BRAGANCA,A226,-1.047258,-46.78579,41.0
1500,2019-09-08,00:00,0.0,1011.5,1011.6,1011.2,-9999,25.0,23.0,25.1,24.9,23.0,22.8,89,88,89,69,2.6,1.4,N,PA,BRAGANCA,A226,-1.047258,-46.78579,41.0
1501,2019-09-08,04:00,0.0,1010.7,1011.2,1010.6,-9999,24.3,23.1,24.5,24.3,23.2,23.0,93,92,93,355,1.4,0.0,N,PA,BRAGANCA,A226,-1.047258,-46.78579,41.0
1502,2019-09-08,08:00,0.0,1010.4,1010.4,1010.0,-9999,24.2,23.3,24.3,24.1,23.4,23.2,95,95,95,23,2.3,0.0,N,PA,BRAGANCA,A226,-1.047258,-46.78579,41.0
1503,2019-09-08,12:00,0.0,1013.0,1013.0,1012.3,-9999,29.9,23.9,30.1,27.9,25.0,23.8,84,70,70,62,7.6,3.9,N,PA,BRAGANCA,A226,-1.047258,-46.78579,41.0
1504,2019-09-08,16:00,0.0,1011.5,1012.1,1011.5,-9999,31.6,23.4,33.3,30.5,24.8,22.8,67,58,62,31,8.7,2.6,N,PA,BRAGANCA,A226,-1.047258,-46.78579,41.0
1505,2019-09-08,20:00,5.2,1010.6,1011.0,1010.5,-9999,25.2,24.0,25.4,24.2,24.2,22.8,94,90,93,31,5.1,0.3,N,PA,BRAGANCA,A226,-1.047258,-46.78579,41.0
1506,2019-09-09,00:00,0.0,1012.0,1012.0,1011.6,-9999,24.4,23.4,24.8,24.4,23.7,23.4,94,94,94,61,2.4,0.3,N,PA,BRAGANCA,A226,-1.047258,-46.78579,41.0
1507,2019-09-09,04:00,0.0,1011.1,1011.9,1011.1,-9999,24.4,23.4,24.4,24.3,23.4,23.3,94,94,94,51,3.1,0.5,N,PA,BRAGANCA,A226,-1.047258,-46.78579,41.0
1508,2019-09-09,08:00,0.0,1010.4,1010.4,1010.2,-9999,24.6,23.5,24.7,24.6,23.5,23.4,93,93,93,59,3.1,0.8,N,PA,BRAGANCA,A226,-1.047258,-46.78579,41.0
1509,2019-09-09,12:00,0.0,1012.0,1012.0,1011.5,-9999,29.5,23.9,29.7,27.5,24.7,23.9,82,72,72,63,8.7,3.5,N,PA,BRAGANCA,A226,-1.047258,-46.78579,41.0
1510,2019-09-09,16:00,0.0,1010.3,1011.2,1010.3,-9999,31.8,22.9,33.1,31.2,24.3,22.8,64,57,59,50,8.7,2.9,N,PA,BRAGANCA,A226,-1.047258,-46.78579,41.0
1511,2019-09-09,20:00,0.0,1009.1,1009.1,1008.9,-9999,29.2,23.1,30.5,29.2,24.1,23.1,70,68,70,55,8.4,3.5,N,PA,BRAGANCA,A226,-1.047258,-46.78579,41.0
1512,2019-09-10,00:00,0.0,1011.0,1011.0,1010.1,-9999,25.8,22.7,26.1,25.8,22.8,22.7,83,82,83,54,6.2,2.2,N,PA,BRAGANCA,A226,-1.047258,-46.78579,41.0
1513,2019-09-10,04:00,0.0,1010.2,1010.8,1010.2,-9999,25.2,23.1,25.3,25.2,23.3,23.1,89,88,88,55,4.6,1.7,N,PA,BRAGANCA,A226,-1.047258,-46.78579,41.0
1514,2019-09-10,08:00,0.0,1009.5,1009.6,1009.5,-9999,25.0,23.3,25.0,24.9,23.3,23.1,91,90,90,56,4.5,1.1,N,PA,BRAGANCA,A226,-1.047258,-46.78579,41.0
1515,2019-09-10,12:00,0.0,1011.3,1011.3,1010.7,-9999,30.1,23.0,30.2,27.7,23.6,22.7,77,65,66,53,8.5,3.2,N,PA,BRAGANCA,A226,-1.047258,-46.78579,41.0
1516,2019-09-10,16:00,0.0,1009.5,1010.3,1009.5,-9999,32.5,22.8,32.7,31.2,23.3,21.4,60,54,57,78,10.4,4.9,N,PA,BRAGANCA,A226,-1.047258,-46.78579,41.0
1517,2019-09-10,20:00,0.0,1008.1,1008.1,1008.0,-9999,29.7,22.8,31.9,29.7,23.7,22.7,66,60,66,65,9.0,4.5,N,PA,BRAGANCA,A226,-1.047258,-46.78579,41.0
1518,2019-09-11,00:00,0.0,1009.4,1009.5,1009.1,-9999,25.6,23.0,26.1,25.6,23.0,22.8,85,83,85,55,5.5,1.7,N,PA,BRAGANCA,A226,-1.047258,-46.78579,41.0
1519,2019-09-11,04:00,0.0,1008.5,1009.3,1008.5,-9999,24.4,22.8,24.7,24.4,23.0,22.8,91,90,91,45,3.1,0.5,N,PA,BRAGANCA,A226,-1.047258,-46.78579,41.0
1520,2019-09-11,08:00,0.0,1007.7,1007.7,1007.4,0,24.0,22.6,24.0,23.9,22.6,22.4,92,91,92,58,4.1,1.4,N,PA,BRAGANCA,A226,-1.047258,-46.78579,41.0
1521,2019-09-11,12:00,0.0,1010.1,1010.1,1009.4,-9999,29.9,23.2,30.0,27.4,24.0,22.8,80,67,67,52,8.9,2.7,N,PA,BRAGANCA,A226,-1.047258,-46.78579,41.0
1522,2019-09-11,16:00,0.0,1008.6,1009.4,1008.6,-9999,32.0,23.0,33.0,31.0,23.3,21.8,61,54,59,58,11.2,4.5,N,PA,BRAGANCA,A226,-1.047258,-46.78579,41.0
1523,2019-09-11,20:00,0.0,1007.2,1007.3,1007.1,-9999,29.6,22.3,31.3,29.6,23.2,22.1,65,61,65,52,10.3,3.9,N,PA,BRAGANCA,A226,-1.047258,-46.78579,41.0
1524,2019-09-12,00:00,0.0,1009.1,1009.1,1008.3,-9999,25.5,22.4,26.0,25.4,22.5,22.4,83,81,83,57,6.3,1.9,N,PA,BRAGANCA,A226,-1.047258,-46.78579,41.0
1525,2019-09-12,04:00,0.0,1008.1,1008.8,1008.1,-9999,24.2,22.7,24.4,24.1,22.8,22.6,91,90,91,43,2.4,0.4,N,PA,BRAGANCA,A226,-1.047258,-46.78579,41.0
1526,2019-09-12,08:00,0.0,1007.0,1007.3,1006.8,-9999,23.7,22.4,23.7,23.5,22.5,22.3,93,92,93,29,2.9,0.4,N,PA,BRAGANCA,A226,-1.047258,-46.78579,41.0
1527,2019-09-12,12:00,0.0,1009.2,1009.2,1008.6,-9999,29.2,22.7,29.2,27.4,23.3,22.4,78,68,68,61,10.6,5.5,N,PA,BRAGANCA,A226,-1.047258,-46.78579,41.0
1528,2019-09-12,16:00,0.0,1008.7,1009.1,1008.6,-9999,32.3,22.4,32.7,31.4,22.5,21.3,57,52,56,60,13.2,5.0,N,PA,BRAGANCA,A226,-1.047258,-46.78579,41.0
1529,2019-09-12,20:00,0.0,1007.6,1007.6,1007.3,-9999,30.4,22.6,31.4,30.1,23.1,22.2,63,60,63,59,10.2,3.6,N,PA,BRAGANCA,A226,-1.047258,-46.78579,41.0
1530,2019-09-13,00:00,0.0,1009.3,1009.3,1008.9,-9999,25.6,22.8,26.2,25.6,22.9,22.7,85,81,85,55,4.9,1.6,N,PA,BRAGANCA,A226,-1.047258,-46.78579,41.0
1531,2019-09-13,04:00,0.0,1008.5,1009.3,1008.5,-9999,24.6,23.0,24.9,24.6,23.1,22.9,91,89,91,57,2.5,0.8,N,PA,BRAGANCA,A226,-1.047258,-46.78579,41.0
1532,2019-09-13,08:00,0.0,1007.6,1007.6,1007.3,-9999,25.2,23.3,25.3,25.1,23.4,23.2,90,89,89,52,5.2,2.0,N,PA,BRAGANCA,A226,-1.047258,-46.78579,41.0
1533,2019-09-13,12:00,0.0,1010.2,1010.2,1009.4,-9999,29.9,24.4,29.9,28.1,24.4,23.2,77,72,72,59,10.5,4.2,N,PA,BRAGANCA,A226,-1.047258,-46.78579,41.0
1534,2019-09-13,16:00,0.0,1009.1,1009.9,1009.1,-9999,32.9,24.1,32.9,31.2,24.7,23.3,66,59,60,56,8.9,4.4,N,PA,BRAGANCA,A226,-1.047258,-46.78579,41.0
1535,2019-09-13,20:00,0.0,1007.7,1007.8,1007.6,-9999,29.1,22.9,31.2,29.0,23.8,22.5,70,64,69,54,10.3,3.5,N,PA,BRAGANCA,A226,-1.047258,-46.78579,41.0
1536,2019-09-14,00:00,0.0,1009.4,1009.4,1008.8,-9999,26.2,23.4,26.4,26.1,23.5,23.4,85,84,84,46,5.7,2.0,N,PA,BRAGANCA,A226,-1.047258,-46.78579,41.0
1537,2019-09-14,04:00,0.0,1008.4,1009.4,1008.4,-9999,24.9,23.4,25.1,24.9,23.4,23.3,91,90,91,65,1.8,0.8,N,PA,BRAGANCA,A226,-1.047258,-46.78579,41.0
1538,2019-09-14,08:00,0.0,1007.5,1007.6,1007.3,-9999,24.3,23.1,24.3,24.2,23.2,23.0,94,93,93,45,2.4,0.1,N,PA,BRAGANCA,A226,-1.047258,-46.78579,41.0
1539,2019-09-14,12:00,0.0,1010.1,1010.1,1009.4,-9999,28.9,23.3,29.6,28.0,24.2,23.3,79,71,72,35,7.8,2.0,N,PA,BRAGANCA,A226,-1.047258,-46.78579,41.0
1540,2019-09-14,16:00,0.0,1008.5,1009.5,1008.5,-9999,32.3,23.7,32.8,31.7,24.4,23.2,64,59,60,42,7.5,2.6,N,PA,BRAGANCA,A226,-1.047258,-46.78579,41.0
1541,2019-09-14,20:00,0.0,1006.9,1007.1,1006.9,-9999,30.2,22.9,31.5,29.9,23.4,22.5,65,61,65,53,9.2,2.7,N,PA,BRAGANCA,A226,-1.047258,-46.78579,41.0
1542,2019-09-15,00:00,0.0,1009.1,1009.1,1008.3,-9999,25.6,23.0,26.1,25.6,23.0,22.9,86,82,86,53,5.1,1.2,N,PA,BRAGANCA,A226,-1.047258,-46.78579,41.0
1543,2019-09-15,04:00,0.0,1008.5,1009.1,1008.5,-9999,24.5,22.8,24.9,24.5,23.0,22.8,90,89,90,59,2.9,0.2,N,PA,BRAGANCA,A226,-1.047258,-46.78579,41.0
1544,2019-09-15,08:00,0.0,1007.8,1007.8,1007.5,-9999,23.0,22.2,23.2,23.0,22.3,22.1,95,94,95,32,1.6,0.0,N,PA,BRAGANCA,A226,-1.047258,-46.78579,41.0
1545,2019-09-15,12:00,0.0,1010.0,1010.0,1009.3,-9999,29.9,24.0,30.0,27.1,24.9,23.7,88,71,71,23,5.8,1.9,N,PA,BRAGANCA,A226,-1.047258,-46.78579,41.0
1546,2019-09-15,16:00,0.0,1008.2,1009.1,1008.2,-9999,32.2,23.1,33.7,31.4,23.8,21.5,60,52,59,32,7.6,2.0,N,PA,BRAGANCA,A226,-1.047258,-46.78579,41.0
1547,2019-09-15,20:00,0.0,1007.2,1007.2,1006.9,-9999,29.7,21.5,32.0,29.7,23.1,21.3,62,56,61,44,7.8,3.2,N,PA,BRAGANCA,A226,-1.047258,-46.78579,41.0
1548,2019-09-16,00:00,0.0,1008.3,1008.3,1008.2,-9999,25.6,22.7,25.9,25.5,22.7,22.6,84,82,84,62,4.4,2.3,N,PA,BRAGANCA,A226,-1.047258,-46.78579,41.0
1549,2019-09-16,04:00,0.0,1007.5,1008.2,1007.5,-9999,24.8,22.9,25.0,24.7,22.9,22.7,89,88,89,41,4.3,0.3,N,PA,BRAGANCA,A226,-1.047258,-46.78579,41.0
1550,2019-09-16,08:00,0.0,1007.3,1007.3,1007.0,-9999,23.6,22.5,23.9,23.6,22.7,22.5,94,93,94,52,2.0,0.0,N,PA,BRAGANCA,A226,-1.047258,-46.78579,41.0
1551,2019-09-16,12:00,0.0,1009.6,1009.6,1008.7,-9999,29.2,23.7,29.2,27.9,24.1,22.9,78,71,72,53,9.0,3.7,N,PA,BRAGANCA,A226,-1.047258,-46.78579,41.0
1552,2019-09-16,16:00,0.0,1008.0,1009.0,1008.0,-9999,31.9,22.9,33.4,31.3,24.5,22.1,63,55,59,65,8.9,4.3,N,PA,BRAGANCA,A226,-1.047258,-46.78579,41.0
1553,2019-09-16,20:00,0.0,1006.4,1006.4,1006.2,-9999,29.7,23.4,31.0,29.3,24.4,22.9,70,64,69,53,9.9,3.2,N,PA,BRAGANCA,A226,-1.047258,-46.78579,41.0
1554,2019-09-17,00:00,0.0,1008.4,1008.5,1008.1,-9999,25.9,22.7,26.3,25.8,22.7,22.5,83,80,83,59,5.0,2.3,N,PA,BRAGANCA,A226,-1.047258,-46.78579,41.0
1555,2019-09-17,04:00,0.0,1007.5,1008.4,1007.5,-9999,24.8,22.7,25.3,24.8,22.8,22.7,88,86,88,41,4.1,0.3,N,PA,BRAGANCA,A226,-1.047258,-46.78579,41.0
1556,2019-09-17,08:00,0.0,1006.9,1006.9,1006.7,-9999,25.0,23.1,25.0,24.6,23.2,23.0,91,89,89,50,5.4,1.9,N,PA,BRAGANCA,A226,-1.047258,-46.78579,41.0
1557,2019-09-17,12:00,0.0,1008.9,1008.9,1008.4,-9999,30.1,23.7,30.5,27.9,24.2,23.3,78,67,69,57,9.5,4.3,N,PA,BRAGANCA,A226,-1.047258,-46.78579,41.0
1558,2019-09-17,16:00,0.0,1007.9,1008.8,1007.9,-9999,32.1,23.4,33.3,30.9,25.1,22.7,65,58,60,61,9.5,4.7,N,PA,BRAGANCA,A226,-1.047258,-46.78579,41.0
1559,2019-09-17,20:00,0.0,1006.5,1006.5,1006.1,-9999,29.8,23.0,31.9,29.4,23.1,22.2,67,57,67,60,9.4,3.9,N,PA,BRAGANCA,A226,-1.047258,-46.78579,41.0
1560,2019-09-18,00:00,0.0,1007.8,1007.8,1007.7,-9999,25.7,22.8,26.1,25.7,22.9,22.6,84,81,84,58,4.3,2.3,N,PA,BRAGANCA,A226,-1.047258,-46.78579,41.0
1561,2019-09-18,04:00,0.0,1006.9,1007.3,1006.9,-9999,24.6,22.6,24.8,24.6,22.7,22.6,89,88,88,67,4.2,2.2,N,PA,BRAGANCA,A226,-1.047258,-46.78579,41.0
1562,2019-09-18,08:00,0.0,1006.1,1006.1,1005.8,-9999,23.9,22.5,24.1,23.9,22.6,22.4,92,91,92,55,3.2,0.1,N,PA,BRAGANCA,A226,-1.047258,-46.78579,41.0
1563,2019-09-18,12:00,0.0,1008.0,1008.0,1007.3,-9999,29.1,23.0,29.2,27.8,23.8,22.5,77,69,70,57,8.4,4.6,N,PA,BRAGANCA,A226,-1.047258,-46.78579,41.0
1564,2019-09-18,16:00,0.0,1006.5,1007.3,1006.5,-9999,32.9,22.9,33.3,31.4,23.6,21.9,60,54,56,54,10.7,3.5,N,PA,BRAGANCA,A226,-1.047258,-46.78579,41.0
1565,2019-09-18,20:00,0.0,1005.8,1005.8,1005.5,-9999,29.6,21.9,31.3,29.6,22.3,21.5,64,56,64,54,9.4,4.0,N,PA,BRAGANCA,A226,-1.047258,-46.78579,41.0
1566,2019-09-19,00:00,0.0,1007.2,1007.2,1006.9,-9999,25.7,22.2,26.1,25.7,22.4,22.2,81,80,81,65,6.4,3.1,N,PA,BRAGANCA,A226,-1.047258,-46.78579,41.0
1567,2019-09-19,04:00,0.0,1006.6,1007.0,1006.6,-9999,24.6,21.9,24.8,24.5,22.1,21.9,85,85,85,64,4.7,2.3,N,PA,BRAGANCA,A226,-1.047258,-46.78579,41.0
1568,2019-09-19,08:00,0.0,1006.0,1006.1,1005.8,-9999,23.3,21.7,23.8,23.3,21.9,21.6,91,89,90,56,2.2,0.7,N,PA,BRAGANCA,A226,-1.047258,-46.78579,41.0
1569,2019-09-19,12:00,0.0,1008.1,1008.1,1007.6,-9999,30.1,22.3,30.3,28.1,23.8,22.1,77,63,63,59,8.8,4.4,N,PA,BRAGANCA,A226,-1.047258,-46.78579,41.0
1570,2019-09-19,16:00,0.0,1006.8,1007.5,1006.8,-9999,33.9,20.8,34.7,33.5,21.7,19.4,48,43,46,57,10.4,4.0,N,PA,BRAGANCA,A226,-1.047258,-46.78579,41.0
1571,2019-09-19,20:00,0.0,1006.3,1006.4,1006.3,-9999,30.2,21.9,31.9,30.2,22.6,21.8,62,56,61,65,10.3,4.3,N,PA,BRAGANCA,A226,-1.047258,-46.78579,41.0
1572,2019-09-20,00:00,0.0,1007.9,1007.9,1007.4,-9999,25.6,22.5,26.2,25.6,22.7,22.4,83,81,83,54,5.4,1.8,N,PA,BRAGANCA,A226,-1.047258,-46.78579,41.0
1573,2019-09-20,04:00,0.0,1007.0,1007.7,1007.0,-9999,24.4,22.6,24.5,24.2,22.7,22.4,90,89,89,71,3.1,1.6,N,PA,BRAGANCA,A226,-1.047258,-46.78579,41.0
1574,2019-09-20,08:00,0.0,1006.6,1006.6,1006.2,-9999,23.9,22.3,24.1,23.8,22.6,22.3,92,91,91,48,3.7,0.6,N,PA,BRAGANCA,A226,-1.047258,-46.78579,41.0
1575,2019-09-20,12:00,0.0,1009.3,1009.3,1008.6,-9999,29.9,23.8,29.9,27.9,23.9,22.9,79,68,70,58,9.0,3.3,N,PA,BRAGANCA,A226,-1.047258,-46.78579,41.0
1576,2019-09-20,16:00,0.0,1008.4,1009.1,1008.4,-9999,33.3,21.9,33.3,30.9,22.6,20.7,59,52,52,48,9.7,3.9,N,PA,BRAGANCA,A226,-1.047258,-46.78579,41.0
1577,2019-09-20,20:00,0.0,1007.6,1007.6,1007.3,-9999,30.2,22.8,31.7,30.0,23.1,22.4,65,59,65,45,8.5,2.3,N,PA,BRAGANCA,A226,-1.047258,-46.78579,41.0
1578,2019-09-21,00:00,0.0,1009.5,1009.5,1008.8,-9999,25.8,22.5,26.3,25.7,22.6,22.4,82,80,82,52,5.3,1.7,N,PA,BRAGANCA,A226,-1.047258,-46.78579,41.0
1579,2019-09-21,04:00,0.0,1008.7,1009.5,1008.7,-9999,24.3,22.6,24.6,24.3,22.7,22.5,90,89,90,68,1.7,0.7,N,PA,BRAGANCA,A226,-1.047258,-46.78579,41.0
1580,2019-09-21,08:00,0.0,1007.7,1007.7,1007.5,-9999,23.8,22.7,23.8,23.2,22.7,22.1,94,94,94,58,2.1,0.7,N,PA,BRAGANCA,A226,-1.047258,-46.78579,41.0
1581,2019-09-21,12:00,0.0,1009.6,1009.6,1009.0,-9999,28.9,22.8,29.7,28.1,23.6,22.4,75,67,70,64,9.0,3.5,N,PA,BRAGANCA,A226,-1.047258,-46.78579,41.0
1582,2019-09-21,16:00,0.0,1007.8,1008.6,1007.8,-9999,32.9,23.2,34.3,32.2,23.8,21.3,57,52,57,36,10.0,2.9,N,PA,BRAGANCA,A226,-1.047258,-46.78579,41.0
1583,2019-09-21,20:00,0.0,1006.8,1006.8,1006.5,-9999,30.0,22.1,32.2,30.0,22.9,22.0,64,57,63,38,8.5,2.6,N,PA,BRAGANCA,A226,-1.047258,-46.78579,41.0
1584,2019-09-22,00:00,0.0,1008.4,1008.4,1007.8,-9999,25.8,22.4,26.1,25.8,22.4,22.3,81,80,81,44,5.6,1.8,N,PA,BRAGANCA,A226,-1.047258,-46.78579,41.0
1585,2019-09-22,04:00,0.0,1007.4,1008.2,1007.4,-9999,25.4,22.1,25.4,25.2,22.3,22.1,83,82,82,40,4.2,0.9,N,PA,BRAGANCA,A226,-1.047258,-46.78579,41.0
1586,2019-09-22,08:00,0.0,1007.0,1007.1,1007.0,-9999,25.3,22.2,25.8,25.3,22.3,22.1,83,81,83,28,5.2,0.9,N,PA,BRAGANCA,A226,-1.047258,-46.78579,41.0
1587,2019-09-22,12:00,0.0,1010.3,1010.3,1009.6,-9999,30.9,23.0,30.9,28.2,23.4,21.9,73,62,63,55,9.4,3.8,N,PA,BRAGANCA,A226,-1.047258,-46.78579,41.0
1588,2019-09-22,16:00,0.0,1008.5,1009.5,1008.5,-9999,33.6,21.4,33.8,30.7,23.1,20.6,60,49,49,63,9.4,3.6,N,PA,BRAGANCA,A226,-1.047258,-46.78579,41.0
1589,2019-09-22,20:00,0.0,1007.0,1007.0,1006.8,-9999,30.4,21.9,32.1,30.3,22.7,21.7,61,57,61,56,7.4,3.8,N,PA,BRAGANCA,A226,-1.047258,-46.78579,41.0
1590,2019-09-23,00:00,0.0,1008.7,1008.7,1008.2,-9999,25.7,22.7,26.1,25.6,22.7,22.5,84,81,84,50,4.3,1.0,N,PA,BRAGANCA,A226,-1.047258,-46.78579,41.0
1591,2019-09-23,04:00,0.0,1008.5,1009.0,1008.5,-9999,24.8,22.6,25.0,24.8,22.7,22.5,88,87,88,47,2.9,0.1,N,PA,BRAGANCA,A226,-1.047258,-46.78579,41.0
1592,2019-09-23,08:00,0.0,1008.6,1008.6,1008.2,-9999,23.3,22.2,23.6,23.3,22.4,22.2,93,93,93,2,0.0,0.0,N,PA,BRAGANCA,A226,-1.047258,-46.78579,41.0
1593,2019-09-23,12:00,0.0,1011.6,1011.6,1011.1,-9999,29.2,22.9,29.6,28.0,23.8,22.9,75,69,69,31,7.0,2.1,N,PA,BRAGANCA,A226,-1.047258,-46.78579,41.0
1594,2019-09-23,16:00,0.0,1009.7,1010.7,1009.7,-9999,32.3,23.0,33.0,30.8,23.6,22.3,63,56,58,45,7.3,2.8,N,PA,BRAGANCA,A226,-1.047258,-46.78579,41.0
1595,2019-09-23,20:00,0.0,1008.9,1008.9,1008.6,-9999,29.3,22.4,31.1,29.2,22.8,21.6,67,59,67,28,9.5,1.7,N,PA,BRAGANCA,A226,-1.047258,-46.78579,41.0
1596,2019-09-24,00:00,0.0,1010.8,1010.8,1010.1,-9999,25.4,21.9,25.7,25.3,22.0,21.8,81,79,81,40,4.5,0.8,N,PA,BRAGANCA,A226,-1.047258,-46.78579,41.0
1597,2019-09-24,04:00,0.0,1010.2,1010.7,1010.2,-9999,23.7,21.8,24.1,23.7,21.8,21.5,89,87,89,8,2.3,0.0,N,PA,BRAGANCA,A226,-1.047258,-46.78579,41.0
1598,2019-09-24,08:00,0.0,1009.2,1009.2,1009.1,-9999,23.1,21.8,23.2,23.0,21.9,21.5,93,91,92,121,0.0,0.0,N,PA,BRAGANCA,A226,-1.047258,-46.78579,41.0
1599,2019-09-24,12:00,0.0,1011.3,1011.3,1010.7,-9999,29.1,23.5,29.9,27.5,24.2,23.2,80,69,72,73,8.4,3.3,N,PA,BRAGANCA,A226,-1.047258,-46.78579,41.0
1600,2019-09-24,16:00,0.0,1010.2,1010.9,1010.2,-9999,31.9,22.6,33.5,31.4,23.4,21.5,59,54,58,56,8.6,3.3,N,PA,BRAGANCA,A226,-1.047258,-46.78579,41.0
1601,2019-09-24,20:00,0.0,1009.2,1009.2,1009.1,-9999,29.5,22.9,31.1,29.5,23.4,22.7,68,63,68,36,8.6,2.5,N,PA,BRAGANCA,A226,-1.047258,-46.78579,41.0
1602,2019-09-25,00:00,0.0,1011.5,1011.6,1011.1,-9999,25.7,22.9,26.0,25.7,23.0,22.8,85,83,85,53,2.9,0.0,N,PA,BRAGANCA,A226,-1.047258,-46.78579,41.0
1603,2019-09-25,04:00,0.0,1010.0,1011.0,1010.0,-9999,24.7,22.9,25.0,24.7,23.0,22.8,90,89,90,43,3.9,0.5,N,PA,BRAGANCA,A226,-1.047258,-46.78579,41.0
1604,2019-09-25,08:00,0.0,1009.2,1009.3,1009.1,-9999,23.8,22.8,24.0,23.8,22.9,22.7,94,94,94,354,1.5,0.2,N,PA,BRAGANCA,A226,-1.047258,-46.78579,41.0
1605,2019-09-25,12:00,0.0,1011.3,1011.3,1010.8,-9999,30.6,23.0,31.2,28.3,24.3,23.0,78,63,64,54,8.1,3.6,N,PA,BRAGANCA,A226,-1.047258,-46.78579,41.0
1606,2019-09-25,16:00,0.0,1009.2,1010.2,1009.2,-9999,32.8,23.3,33.3,31.2,24.0,22.3,62,57,57,28,8.5,2.8,N,PA,BRAGANCA,A226,-1.047258,-46.78579,41.0
1607,2019-09-25,20:00,0.0,1007.9,1007.9,1007.5,-9999,29.4,22.4,31.7,29.4,23.1,22.2,66,59,66,39,8.4,2.4,N,PA,BRAGANCA,A226,-1.047258,-46.78579,41.0
1608,2019-09-26,00:00,0.0,1010.6,1010.6,1009.7,-9999,26.0,22.7,26.2,25.9,22.7,22.6,82,80,82,57,3.7,1.5,N,PA,BRAGANCA,A226,-1.047258,-46.78579,41.0
1609,2019-09-26,04:00,0.0,1008.4,1009.5,1008.4,-9999,24.5,22.7,24.7,24.5,22.9,22.7,90,89,90,56,5.0,1.8,N,PA,BRAGANCA,A226,-1.047258,-46.78579,41.0
1610,2019-09-26,08:00,0.0,1009.0,1009.0,1008.5,-9999,24.0,23.0,24.0,23.5,23.0,22.4,94,94,94,306,0.0,0.0,N,PA,BRAGANCA,A226,-1.047258,-46.78579,41.0
1611,2019-09-26,12:00,0.0,1011.0,1011.0,1010.6,-9999,30.4,24.2,30.4,27.9,25.0,23.6,82,70,70,34,5.7,1.9,N,PA,BRAGANCA,A226,-1.047258,-46.78579,41.0
1612,2019-09-26,16:00,0.0,1009.2,1010.4,1009.2,-9999,33.9,24.0,33.9,32.0,24.2,22.8,60,55,56,36,7.1,1.6,N,PA,BRAGANCA,A226,-1.047258,-46.78579,41.0
1613,2019-09-26,20:00,0.0,1007.8,1007.8,1007.1,-9999,30.1,23.2,31.9,30.0,23.7,22.8,67,60,66,49,8.7,2.6,N,PA,BRAGANCA,A226,-1.047258,-46.78579,41.0
1614,2019-09-27,00:00,0.0,1010.3,1010.5,1010.0,-9999,26.2,22.9,26.7,26.2,23.0,22.7,82,79,82,78,4.8,2.2,N,PA,BRAGANCA,A226,-1.047258,-46.78579,41.0
1615,2019-09-27,04:00,0.0,1009.3,1010.2,1009.3,-9999,25.0,23.2,25.1,25.0,23.3,23.1,90,89,90,51,3.5,1.6,N,PA,BRAGANCA,A226,-1.047258,-46.78579,41.0
1616,2019-09-27,08:00,0.0,1008.9,1009.1,1008.9,-9999,25.2,22.9,25.3,25.1,23.5,22.9,90,87,87,44,3.6,0.5,N,PA,BRAGANCA,A226,-1.047258,-46.78579,41.0
1617,2019-09-27,12:00,0.0,1011.1,1011.1,1010.4,-9999,30.0,23.4,30.0,28.5,23.6,22.7,74,67,68,64,9.3,4.1,N,PA,BRAGANCA,A226,-1.047258,-46.78579,41.0
1618,2019-09-27,16:00,0.0,1009.2,1010.3,1009.2,-9999,33.6,22.0,34.1,32.1,22.7,21.4,55,50,51,66,9.6,4.7,N,PA,BRAGANCA,A226,-1.047258,-46.78579,41.0
1619,2019-09-27,20:00,0.0,1007.6,1007.9,1007.5,-9999,30.5,22.8,31.9,30.2,23.5,22.4,64,60,63,47,8.1,2.9,N,PA,BRAGANCA,A226,-1.047258,-46.78579,41.0
1620,2019-09-28,00:00,0.0,1009.2,1009.2,1008.9,-9999,26.5,22.6,26.8,26.4,22.6,22.5,79,78,79,61,7.0,2.9,N,PA,BRAGANCA,A226,-1.047258,-46.78579,41.0
1621,2019-09-28,04:00,0.0,1008.4,1009.1,1008.4,-9999,24.8,22.8,25.3,24.8,22.9,22.7,89,86,89,39,3.8,0.5,N,PA,BRAGANCA,A226,-1.047258,-46.78579,41.0
1622,2019-09-28,08:00,0.0,1008.5,1008.5,1008.2,-9999,24.9,22.7,24.9,24.5,22.7,22.5,89,88,88,69,3.6,1.3,N,PA,BRAGANCA,A226,-1.047258,-46.78579,41.0
1623,2019-09-28,12:00,0.0,1010.4,1010.4,1009.8,-9999,31.4,23.0,31.5,28.3,23.7,22.7,72,61,61,47,10.1,3.6,N,PA,BRAGANCA,A226,-1.047258,-46.78579,41.0
1624,2019-09-28,16:00,0.0,1009.0,1009.9,1008.9,-9999,32.4,21.8,33.9,31.8,23.7,21.5,59,52,54,59,10.3,4.9,N,PA,BRAGANCA,A226,-1.047258,-46.78579,41.0
1625,2019-09-28,20:00,0.0,1008.3,1008.3,1008.1,-9999,30.6,22.8,32.6,30.6,23.0,22.0,63,56,63,42,7.1,2.8,N,PA,BRAGANCA,A226,-1.047258,-46.78579,41.0
1626,2019-09-29,00:00,0.0,1009.8,1009.8,1009.3,-9999,25.9,23.1,26.3,25.9,23.1,22.9,84,82,84,66,4.2,1.8,N,PA,BRAGANCA,A226,-1.047258,-46.78579,41.0
1627,2019-09-29,04:00,0.0,1008.7,1009.6,1008.7,-9999,24.9,23.0,25.1,24.7,23.3,23.0,90,89,90,61,3.2,1.6,N,PA,BRAGANCA,A226,-1.047258,-46.78579,41.0
1628,2019-09-29,08:00,0.0,1007.4,1007.5,1007.4,-9999,24.5,23.2,24.6,24.2,23.4,22.9,93,93,93,37,2.3,0.1,N,PA,BRAGANCA,A226,-1.047258,-46.78579,41.0
1629,2019-09-29,12:00,0.0,1009.3,1009.3,1008.6,-9999,30.1,24.0,30.5,28.3,24.5,23.2,78,68,70,47,8.5,3.7,N,PA,BRAGANCA,A226,-1.047258,-46.78579,41.0
1630,2019-09-29,16:00,0.0,1008.4,1009.0,1008.4,-9999,33.5,22.1,34.5,33.0,23.3,21.4,53,49,51,48,9.6,3.8,N,PA,BRAGANCA,A226,-1.047258,-46.78579,41.0
1631,2019-09-29,20:00,0.0,1007.6,1007.7,1007.5,-9999,31.2,22.1,33.1,31.0,22.7,21.7,60,53,59,37,8.9,1.8,N,PA,BRAGANCA,A226,-1.047258,-46.78579,41.0
1632,2019-09-30,00:00,0.0,1008.9,1008.9,1008.4,-9999,25.9,23.4,26.2,25.9,23.5,23.2,86,84,86,41,3.5,0.6,N,PA,BRAGANCA,A226,-1.047258,-46.78579,41.0
1633,2019-09-30,04:00,0.0,1007.5,1008.3,1007.5,-9999,24.8,23.2,25.0,24.8,23.4,23.1,91,90,90,50,3.7,1.0,N,PA,BRAGANCA,A226,-1.047258,-46.78579,41.0
1634,2019-09-30,08:00,0.0,1006.6,1006.6,1006.3,-9999,23.6,22.7,23.6,23.4,22.8,22.5,95,94,95,71,2.3,1.4,N,PA,BRAGANCA,A226,-1.047258,-46.78579,41.0
1635,2019-09-30,12:00,0.0,1009.0,1009.0,1008.3,-9999,29.8,22.9,29.9,28.0,24.0,22.4,78,66,67,37,7.9,2.0,N,PA,BRAGANCA,A226,-1.047258,-46.78579,41.0
1636,2019-09-30,16:00,0.0,1007.6,1008.6,1007.6,-9999,32.0,22.7,32.9,30.7,22.9,21.6,62,54,58,38,7.6,2.1,N,PA,BRAGANCA,A226,-1.047258,-46.78579,41.0
1637,2019-09-30,20:00,0.0,1006.1,1006.3,1006.0,-9999,29.9,21.8,31.1,29.7,22.5,21.5,64,57,62,52,7.0,2.8,N,PA,BRAGANCA,A226,-1.047258,-46.78579,41.0
1638,2019-10-01,00:00,0.0,1006.8,1006.8,1006.2,-9999,25.8,22.4,26.4,25.6,22.5,22.2,82,79,82,60,3.8,1.7,N,PA,BRAGANCA,A226,-1.047258,-46.78579,41.0
1639,2019-10-01,04:00,0.0,1006.2,1006.7,1006.2,-9999,24.7,22.7,24.9,24.6,22.8,22.4,88,86,88,59,2.9,1.2,N,PA,BRAGANCA,A226,-1.047258,-46.78579,41.0
1640,2019-10-01,08:00,0.0,1005.4,1005.4,1005.0,-9999,24.4,22.9,24.9,24.3,23.0,22.7,91,89,91,87,2.5,0.3,N,PA,BRAGANCA,A226,-1.047258,-46.78579,41.0
1641,2019-10-01,12:00,0.0,1007.7,1007.7,1007.1,-9999,29.8,23.0,29.9,28.4,23.6,22.6,74,67,67,53,7.9,4.0,N,PA,BRAGANCA,A226,-1.047258,-46.78579,41.0
1642,2019-10-01,16:00,0.0,1006.2,1007.0,1006.2,-9999,34.1,22.3,34.3,31.6,24.3,21.7,60,50,50,47,8.8,3.2,N,PA,BRAGANCA,A226,-1.047258,-46.78579,41.0
1643,2019-10-01,20:00,0.0,1005.2,1005.2,1005.0,-9999,30.3,22.0,32.2,30.3,22.0,21.0,61,52,61,52,9.7,3.6,N,PA,BRAGANCA,A226,-1.047258,-46.78579,41.0
1644,2019-10-02,00:00,0.0,1006.9,1006.9,1006.4,-9999,25.9,22.3,26.4,25.9,22.8,22.3,81,80,81,56,5.5,2.1,N,PA,BRAGANCA,A226,-1.047258,-46.78579,41.0
1645,2019-10-02,04:00,0.0,1006.7,1007.5,1006.7,-9999,24.7,22.6,25.0,24.7,22.7,22.4,88,85,88,43,3.1,0.7,N,PA,BRAGANCA,A226,-1.047258,-46.78579,41.0
1646,2019-10-02,08:00,0.0,1006.1,1006.2,1006.0,-9999,24.1,22.6,24.3,24.1,22.8,22.6,92,91,91,37,2.6,0.1,N,PA,BRAGANCA,A226,-1.047258,-46.78579,41.0
1647,2019-10-02,12:00,0.0,1008.2,1008.2,1007.7,-9999,29.8,22.3,30.6,29.3,23.6,21.9,71,62,64,40,9.3,3.5,N,PA,BRAGANCA,A226,-1.047258,-46.78579,41.0
1648,2019-10-02,16:00,0.0,1007.5,1008.3,1007.5,-9999,32.3,20.8,33.3,31.2,21.8,20.3,54,48,51,69,12.0,5.4,N,PA,BRAGANCA,A226,-1.047258,-46.78579,41.0
1649,2019-10-02,20:00,0.0,1006.1,1006.1,1005.8,-9999,29.7,21.6,31.9,29.6,22.3,21.2,62,56,62,62,10.0,4.4,N,PA,BRAGANCA,A226,-1.047258,-46.78579,41.0
1650,2019-10-03,00:00,0.0,1008.2,1008.2,1007.4,-9999,26.0,22.2,26.6,26.0,22.3,22.1,80,77,80,66,4.7,2.0,N,PA,BRAGANCA,A226,-1.047258,-46.78579,41.0
1651,2019-10-03,04:00,0.0,1008.0,1008.9,1008.0,-9999,25.0,22.4,25.3,25.0,22.5,22.3,86,85,85,66,3.4,1.8,N,PA,BRAGANCA,A226,-1.047258,-46.78579,41.0
1652,2019-10-03,08:00,0.0,1007.6,1007.6,1007.4,-9999,23.5,22.0,23.6,23.2,22.1,21.6,91,90,91,74,1.7,0.7,N,PA,BRAGANCA,A226,-1.047258,-46.78579,41.0
1653,2019-10-03,12:00,0.0,1010.1,1010.1,1009.5,-9999,31.3,22.9,31.3,28.4,23.6,22.2,74,61,61,43,8.0,2.5,N,PA,BRAGANCA,A226,-1.047258,-46.78579,41.0
1654,2019-10-03,16:00,0.0,1008.3,1009.3,1008.3,-9999,32.7,21.8,34.0,31.5,21.9,20.4,55,47,53,66,9.5,4.4,N,PA,BRAGANCA,A226,-1.047258,-46.78579,41.0
1655,2019-10-03,20:00,0.0,1007.4,1007.4,1007.2,-9999,30.2,22.8,31.6,29.9,22.8,22.0,65,58,65,45,8.6,2.4,N,PA,BRAGANCA,A226,-1.047258,-46.78579,41.0
1656,2019-10-04,00:00,0.0,1009.3,1009.3,1008.9,-9999,25.9,22.4,26.4,25.9,22.5,22.4,81,79,81,53,4.5,1.3,N,PA,BRAGANCA,A226,-1.047258,-46.78579,41.0
1657,2019-10-04,04:00,0.0,1008.5,1009.1,1008.5,-9999,25.5,22.4,26.0,25.5,22.7,22.3,83,82,83,53,5.2,1.6,N,PA,BRAGANCA,A226,-1.047258,-46.78579,41.0
1658,2019-10-04,08:00,0.0,1008.0,1008.0,1007.5,-9999,24.3,21.5,24.6,24.3,21.9,21.5,85,84,85,58,3.3,1.7,N,PA,BRAGANCA,A226,-1.047258,-46.78579,41.0
1659,2019-10-04,12:00,0.0,1009.7,1009.7,1009.3,-9999,30.5,21.3,31.1,28.9,22.9,21.3,69,58,58,40,8.3,3.0,N,PA,BRAGANCA,A226,-1.047258,-46.78579,41.0
1660,2019-10-04,16:00,0.0,1008.4,1009.4,1008.4,-9999,34.4,22.5,34.4,32.1,22.7,21.0,54,49,50,33,8.4,3.0,N,PA,BRAGANCA,A226,-1.047258,-46.78579,41.0
1661,2019-10-04,20:00,0.0,1006.9,1007.2,1006.9,-9999,30.1,22.2,31.4,30.0,22.8,21.7,63,59,63,24,7.3,2.0,N,PA,BRAGANCA,A226,-1.047258,-46.78579,41.0
1662,2019-10-05,00:00,0.0,1008.3,1008.3,1007.4,-9999,25.4,22.5,25.9,25.4,22.5,22.4,84,82,84,12,3.4,0.6,N,PA,BRAGANCA,A226,-1.047258,-46.78579,41.0
1663,2019-10-05,04:00,0.0,1007.3,1007.9,1007.3,-9999,23.9,22.3,24.2,23.8,22.4,22.0,91,89,91,350,1.4,0.0,N,PA,BRAGANCA,A226,-1.047258,-46.78579,41.0
1664,2019-10-05,08:00,0.0,1007.4,1007.4,1006.9,-9999,23.7,22.6,23.7,23.2,22.6,22.0,94,93,94,333,2.4,1.3,N,PA,BRAGANCA,A226,-1.047258,-46.78579,41.0
1665,2019-10-05,12:00,0.0,1009.4,1009.4,1008.8,-9999,30.5,23.7,30.5,28.7,24.8,23.1,77,67,67,28,5.9,1.8,N,PA,BRAGANCA,A226,-1.047258,-46.78579,41.0
1666,2019-10-05,16:00,0.0,1007.1,1008.0,1007.1,-9999,33.9,22.2,35.1,32.4,23.0,21.1,54,47,51,39,8.0,3.1,N,PA,BRAGANCA,A226,-1.047258,-46.78579,41.0
1667,2019-10-05,20:00,0.0,1005.6,1005.6,1005.4,-9999,29.6,23.0,32.2,29.6,23.8,22.5,68,59,68,40,9.4,2.6,N,PA,BRAGANCA,A226,-1.047258,-46.78579,41.0
1668,2019-10-06,00:00,0.0,1006.8,1006.8,1006.5,-9999,26.0,22.7,26.5,26.0,23.2,22.7,83,82,82,62,4.3,2.3,N,PA,BRAGANCA,A226,-1.047258,-46.78579,41.0
1669,2019-10-06,04:00,0.0,1006.5,1007.2,1006.5,-9999,24.5,22.4,25.2,24.4,22.5,22.3,89,85,88,75,3.1,0.4,N,PA,BRAGANCA,A226,-1.047258,-46.78579,41.0
1670,2019-10-06,08:00,0.0,1006.2,1006.2,1005.9,-9999,23.8,22.6,23.8,23.3,22.6,22.1,94,93,93,51,2.5,0.9,N,PA,BRAGANCA,A226,-1.047258,-46.78579,41.0
1671,2019-10-06,12:00,0.0,1009.4,1009.4,1008.5,-9999,31.0,23.4,31.0,28.9,24.0,22.6,74,64,64,55,6.7,3.1,N,PA,BRAGANCA,A226,-1.047258,-46.78579,41.0
1672,2019-10-06,16:00,0.0,1008.1,1009.0,1008.1,-9999,32.7,22.3,34.3,32.3,22.8,21.4,55,49,54,44,9.2,3.2,N,PA,BRAGANCA,A226,-1.047258,-46.78579,41.0
1673,2019-10-06,20:00,0.0,1006.5,1006.5,1006.1,-9999,29.3,21.3,31.3,29.3,23.5,21.3,66,61,62,44,9.0,3.0,N,PA,BRAGANCA,A226,-1.047258,-46.78579,41.0
1674,2019-10-07,00:00,0.0,1008.1,1008.2,1007.8,-9999,26.0,22.6,26.3,25.9,22.6,22.4,82,79,82,53,5.1,1.5,N,PA,BRAGANCA,A226,-1.047258,-46.78579,41.0
1675,2019-10-07,04:00,0.0,1008.0,1008.5,1008.0,-9999,25.1,22.8,25.3,25.1,22.9,22.7,87,86,87,49,3.0,0.9,N,PA,BRAGANCA,A226,-1.047258,-46.78579,41.0
1676,2019-10-07,08:00,0.0,1007.2,1007.2,1006.9,-9999,24.7,22.4,24.8,24.7,22.5,22.3,87,87,87,56,4.4,0.8,N,PA,BRAGANCA,A226,-1.047258,-46.78579,41.0
1677,2019-10-07,12:00,0.0,1009.7,1009.7,1009.2,-9999,30.3,22.5,30.6,29.2,23.3,21.6,70,61,63,44,9.3,3.0,N,PA,BRAGANCA,A226,-1.047258,-46.78579,41.0
1678,2019-10-07,16:00,0.0,1008.1,1009.0,1008.1,-9999,33.5,22.0,34.2,32.1,22.6,20.6,53,49,51,47,11.0,3.0,N,PA,BRAGANCA,A226,-1.047258,-46.78579,41.0
1679,2019-10-07,20:00,0.0,1006.1,1006.2,1005.9,-9999,30.2,22.1,32.2,29.9,22.3,21.1,63,53,62,60,8.2,3.1,N,PA,BRAGANCA,A226,-1.047258,-46.78579,41.0
1680,2019-10-08,00:00,0.0,1007.1,1007.1,1006.5,-9999,26.2,23.0,26.5,26.2,23.0,22.8,83,80,83,58,5.3,2.1,N,PA,BRAGANCA,A226,-1.047258,-46.78579,41.0
1681,2019-10-08,04:00,0.0,1006.3,1006.7,1006.3,-9999,25.1,22.7,25.5,25.1,22.9,22.7,87,85,87,56,3.5,1.5,N,PA,BRAGANCA,A226,-1.047258,-46.78579,41.0
1682,2019-10-08,08:00,0.0,1006.1,1006.1,1006.0,-9999,24.9,23.0,24.9,24.7,23.0,22.7,89,88,89,50,4.0,1.1,N,PA,BRAGANCA,A226,-1.047258,-46.78579,41.0
1683,2019-10-08,12:00,0.0,1008.9,1008.9,1008.0,-9999,29.8,23.4,30.5,28.7,24.4,23.3,74,68,69,42,11.1,3.6,N,PA,BRAGANCA,A226,-1.047258,-46.78579,41.0
1684,2019-10-08,16:00,0.0,1007.2,1008.1,1007.1,-9999,33.1,21.2,33.7,30.4,23.9,21.2,64,50,50,49,10.5,3.5,N,PA,BRAGANCA,A226,-1.047258,-46.78579,41.0
1685,2019-10-08,20:00,0.0,1005.8,1005.9,1005.6,-9999,29.3,21.3,31.5,29.3,22.1,20.8,63,55,62,58,10.0,3.6,N,PA,BRAGANCA,A226,-1.047258,-46.78579,41.0
1686,2019-10-09,00:00,0.0,1006.9,1007.0,1006.5,-9999,26.0,22.3,26.3,26.0,22.4,22.2,80,78,80,53,6.0,1.8,N,PA,BRAGANCA,A226,-1.047258,-46.78579,41.0
1687,2019-10-09,04:00,0.0,1006.6,1007.2,1006.6,-9999,24.9,22.0,25.6,24.9,22.5,22.0,84,83,84,52,4.4,1.3,N,PA,BRAGANCA,A226,-1.047258,-46.78579,41.0
1688,2019-10-09,08:00,0.0,1007.0,1007.0,1006.6,-9999,25.6,21.6,25.6,25.2,22.0,21.6,82,79,79,57,5.5,2.8,N,PA,BRAGANCA,A226,-1.047258,-46.78579,41.0
1689,2019-10-09,12:00,0.0,1009.8,1009.8,1009.1,-9999,30.2,21.4,30.4,28.8,21.8,21.0,64,59,60,57,11.3,5.1,N,PA,BRAGANCA,A226,-1.047258,-46.78579,41.0
1690,2019-10-09,16:00,0.0,1007.4,1008.4,1007.4,-9999,32.6,21.6,33.4,31.3,22.3,20.8,57,51,52,61,11.8,5.0,N,PA,BRAGANCA,A226,-1.047258,-46.78579,41.0
1691,2019-10-09,20:00,0.0,1005.9,1005.9,1005.7,-9999,30.0,20.1,31.2,30.0,21.0,20.0,56,54,55,64,10.8,4.1,N,PA,BRAGANCA,A226,-1.047258,-46.78579,41.0
1692,2019-10-10,00:00,0.0,1007.8,1007.8,1007.2,-9999,25.8,21.5,26.2,25.7,21.5,21.3,77,75,77,59,5.5,2.7,N,PA,BRAGANCA,A226,-1.047258,-46.78579,41.0
1693,2019-10-10,04:00,0.0,1006.0,1006.9,1006.0,-9999,25.1,22.1,25.1,24.8,22.1,21.7,84,83,84,49,4.3,1.5,N,PA,BRAGANCA,A226,-1.047258,-46.78579,41.0
1694,2019-10-10,08:00,0.0,1006.2,1006.2,1005.8,-9999,25.5,22.2,25.6,25.4,22.2,22.0,82,80,82,54,6.6,2.1,N,PA,BRAGANCA,A226,-1.047258,-46.78579,41.0
1695,2019-10-10,12:00,0.0,1008.1,1008.1,1007.6,-9999,30.4,22.2,30.4,28.5,23.3,21.6,72,61,62,61,10.5,4.6,N,PA,BRAGANCA,A226,-1.047258,-46.78579,41.0
1696,2019-10-10,16:00,0.0,1006.3,1007.3,1006.3,-9999,31.6,20.6,33.1,31.2,21.6,20.2,54,50,52,58,11.8,5.4,N,PA,BRAGANCA,A226,-1.047258,-46.78579,41.0
1697,2019-10-10,20:00,0.0,1006.0,1006.0,1005.4,-9999,29.7,21.6,31.6,29.7,21.7,21.2,62,56,62,61,10.5,4.5,N,PA,BRAGANCA,A226,-1.047258,-46.78579,41.0
1698,2019-10-11,00:00,0.0,1007.6,1007.6,1007.0,-9999,25.8,22.2,26.3,25.8,22.2,22.1,81,78,81,57,6.3,2.1,N,PA,BRAGANCA,A226,-1.047258,-46.78579,41.0
1699,2019-10-11,04:00,0.0,1005.9,1006.5,1005.9,-9999,25.2,22.3,25.2,25.0,22.5,22.3,86,84,84,47,4.5,1.6,N,PA,BRAGANCA,A226,-1.047258,-46.78579,41.0
1700,2019-10-11,08:00,0.0,1006.7,1006.7,1006.2,-9999,25.8,22.2,25.9,25.7,22.5,22.2,83,81,81,41,6.0,1.6,N,PA,BRAGANCA,A226,-1.047258,-46.78579,41.0
1701,2019-10-11,12:00,0.0,1009.2,1009.2,1008.5,-9999,30.9,22.3,30.9,28.8,22.8,21.7,68,60,60,59,10.5,4.2,N,PA,BRAGANCA,A226,-1.047258,-46.78579,41.0
1702,2019-10-11,16:00,0.0,1008.5,1009.3,1008.5,-9999,31.6,21.7,34.0,30.9,22.9,21.0,57,50,56,46,12.2,3.7,N,PA,BRAGANCA,A226,-1.047258,-46.78579,41.0
1703,2019-10-11,20:00,0.0,1007.1,1007.1,1006.8,-9999,30.6,20.9,32.4,30.4,20.9,18.4,56,46,56,40,11.3,2.3,N,PA,BRAGANCA,A226,-1.047258,-46.78579,41.0
1704,2019-10-12,00:00,0.0,1008.1,1008.2,1008.0,-9999,25.3,22.4,26.1,25.3,22.4,22.1,84,79,84,65,5.0,0.9,N,PA,BRAGANCA,A226,-1.047258,-46.78579,41.0
1705,2019-10-12,04:00,0.0,1007.6,1008.3,1007.5,-9999,24.5,22.4,25.0,24.5,22.6,22.3,88,86,88,51,4.0,0.9,N,PA,BRAGANCA,A226,-1.047258,-46.78579,41.0
1706,2019-10-12,08:00,0.0,1007.1,1007.2,1007.0,-9999,23.6,22.4,23.6,22.7,22.5,21.6,94,93,93,69,2.7,1.4,N,PA,BRAGANCA,A226,-1.047258,-46.78579,41.0
1707,2019-10-12,12:00,0.0,1009.2,1009.2,1008.5,-9999,31.3,22.3,31.4,28.4,23.8,22.3,74,59,59,54,8.9,4.1,N,PA,BRAGANCA,A226,-1.047258,-46.78579,41.0
1708,2019-10-12,16:00,0.0,1007.2,1008.6,1007.2,-9999,34.2,21.0,34.4,32.6,21.6,20.2,50,46,46,53,9.7,3.5,N,PA,BRAGANCA,A226,-1.047258,-46.78579,41.0
1709,2019-10-12,20:00,0.0,1005.7,1005.8,1005.5,-9999,29.6,22.1,31.1,29.5,22.4,21.6,64,60,64,51,9.5,3.8,N,PA,BRAGANCA,A226,-1.047258,-46.78579,41.0
1710,2019-10-13,00:00,0.0,1007.2,1007.2,1006.6,-9999,26.2,22.2,26.5,26.2,22.3,22.2,79,78,79,44,5.9,1.3,N,PA,BRAGANCA,A226,-1.047258,-46.78579,41.0
1711,2019-10-13,04:00,0.0,1006.5,1007.5,1006.5,-9999,25.7,22.2,26.0,25.7,22.3,22.1,81,80,81,51,7.2,2.2,N,PA,BRAGANCA,A226,-1.047258,-46.78579,41.0
1712,2019-10-13,08:00,0.0,1005.9,1005.9,1005.7,-9999,25.4,22.6,25.6,25.4,22.7,22.6,85,84,85,44,5.4,1.5,N,PA,BRAGANCA,A226,-1.047258,-46.78579,41.0
1713,2019-10-13,12:00,0.0,1008.4,1008.4,1007.9,-9999,29.7,22.3,31.0,28.4,23.4,22.2,71,63,65,54,10.1,4.5,N,PA,BRAGANCA,A226,-1.047258,-46.78579,41.0
1714,2019-10-13,16:00,0.0,1006.8,1008.0,1006.8,-9999,33.2,22.4,34.0,30.5,23.3,21.6,61,52,53,61,12.1,5.2,N,PA,BRAGANCA,A226,-1.047258,-46.78579,41.0
1715,2019-10-13,20:00,0.0,1005.7,1005.7,1005.2,-9999,29.9,22.6,31.7,29.8,22.9,21.3,65,57,65,50,12.0,3.3,N,PA,BRAGANCA,A226,-1.047258,-46.78579,41.0
1716,2019-10-14,00:00,0.0,1007.5,1007.5,1006.8,-9999,26.2,22.5,26.5,26.1,22.6,22.3,80,78,80,54,5.7,1.9,N,PA,BRAGANCA,A226,-1.047258,-46.78579,41.0
1717,2019-10-14,04:00,0.0,1006.6,1007.4,1006.6,-9999,25.2,22.9,25.4,25.1,23.0,22.8,87,86,87,45,4.2,1.3,N,PA,BRAGANCA,A226,-1.047258,-46.78579,41.0
1718,2019-10-14,08:00,0.0,1006.2,1006.3,1006.1,-9999,25.5,22.8,25.6,25.3,22.8,22.6,85,85,85,42,4.2,1.9,N,PA,BRAGANCA,A226,-1.047258,-46.78579,41.0
1719,2019-10-14,12:00,0.0,1008.3,1008.3,1007.9,-9999,30.9,22.8,30.9,28.9,23.3,21.5,70,61,62,54,10.5,3.5,N,PA,BRAGANCA,A226,-1.047258,-46.78579,41.0
1720,2019-10-14,16:00,0.0,1006.8,1007.8,1006.8,-9999,31.3,22.4,31.7,30.3,22.4,21.4,60,57,59,69,11.5,4.5,N,PA,BRAGANCA,A226,-1.047258,-46.78579,41.0
1721,2019-10-14,20:00,0.0,1006.2,1006.2,1005.9,-9999,29.4,22.1,31.5,29.3,22.5,21.4,65,57,65,58,11.0,5.2,N,PA,BRAGANCA,A226,-1.047258,-46.78579,41.0
1722,2019-10-15,00:00,0.0,1008.3,1008.3,1007.5,-9999,26.3,21.7,26.6,26.3,22.2,21.7,77,76,76,44,7.2,1.5,N,PA,BRAGANCA,A226,-1.047258,-46.78579,41.0
1723,2019-10-15,04:00,0.0,1008.4,1009.0,1008.4,-9999,24.5,22.5,24.6,24.4,22.5,21.6,88,84,88,24,1.4,0.0,N,PA,BRAGANCA,A226,-1.047258,-46.78579,41.0
1724,2019-10-15,08:00,0.0,1007.3,1007.4,1007.2,-9999,24.1,22.7,24.3,24.1,22.9,22.6,92,91,92,13,2.5,0.9,N,PA,BRAGANCA,A226,-1.047258,-46.78579,41.0
1725,2019-10-15,12:00,0.0,1009.7,1009.7,1009.2,-9999,31.0,23.3,31.0,28.4,24.2,22.7,74,63,63,33,7.4,2.1,N,PA,BRAGANCA,A226,-1.047258,-46.78579,41.0
1726,2019-10-15,16:00,0.0,1008.7,1009.6,1008.7,-9999,33.5,22.6,33.9,32.5,23.5,21.8,56,52,53,42,10.8,2.7,N,PA,BRAGANCA,A226,-1.047258,-46.78579,41.0
1727,2019-10-15,20:00,0.0,1007.3,1007.4,1007.3,-9999,29.1,22.5,30.5,29.0,23.6,22.4,68,66,68,36,7.0,2.3,N,PA,BRAGANCA,A226,-1.047258,-46.78579,41.0
1728,2019-10-16,00:00,0.0,1009.0,1009.0,1008.1,-9999,26.0,23.3,26.2,25.9,23.4,23.1,86,83,85,62,3.6,1.6,N,PA,BRAGANCA,A226,-1.047258,-46.78579,41.0
1729,2019-10-16,04:00,0.0,1007.8,1008.6,1007.8,-9999,24.1,22.8,24.8,24.0,23.3,22.6,92,91,92,14,2.0,0.0,N,PA,BRAGANCA,A226,-1.047258,-46.78579,41.0
1730,2019-10-16,08:00,0.0,1007.6,1007.6,1007.1,-9999,23.6,22.6,23.6,23.3,22.7,22.2,94,93,94,63,1.9,1.1,N,PA,BRAGANCA,A226,-1.047258,-46.78579,41.0
1731,2019-10-16,12:00,0.0,1009.8,1009.8,1009.2,-9999,30.6,23.6,30.6,28.0,24.5,23.4,80,66,66,59,7.3,3.7,N,PA,BRAGANCA,A226,-1.047258,-46.78579,41.0
1732,2019-10-16,16:00,0.0,1008.2,1009.4,1008.2,-9999,33.1,22.8,35.2,32.2,23.9,21.9,59,50,55,54,9.1,3.6,N,PA,BRAGANCA,A226,-1.047258,-46.78579,41.0
1733,2019-10-16,20:00,0.0,1007.0,1007.0,1006.7,-9999,29.4,22.7,31.6,29.4,23.1,22.4,67,58,67,43,9.2,2.1,N,PA,BRAGANCA,A226,-1.047258,-46.78579,41.0
1734,2019-10-17,00:00,0.0,1009.1,1009.1,1008.5,-9999,26.1,23.0,26.3,26.0,23.1,23.0,84,83,83,56,4.4,2.0,N,PA,BRAGANCA,A226,-1.047258,-46.78579,41.0
1735,2019-10-17,04:00,0.0,1008.4,1008.6,1008.4,-9999,24.8,23.0,25.4,24.8,23.1,22.9,89,87,89,59,2.7,1.3,N,PA,BRAGANCA,A226,-1.047258,-46.78579,41.0
1736,2019-10-17,08:00,0.0,1008.0,1008.0,1007.7,-9999,24.0,22.7,24.1,23.9,22.8,22.6,93,92,92,52,2.2,0.2,N,PA,BRAGANCA,A226,-1.047258,-46.78579,41.0
1737,2019-10-17,12:00,0.0,1010.5,1010.5,1009.7,-9999,30.5,22.3,32.0,28.9,24.0,22.3,72,61,62,33,7.3,2.1,N,PA,BRAGANCA,A226,-1.047258,-46.78579,41.0
1738,2019-10-17,16:00,0.0,1008.8,1009.6,1008.8,-9999,31.6,21.2,33.8,31.2,23.1,20.4,57,50,54,50,9.2,3.9,N,PA,BRAGANCA,A226,-1.047258,-46.78579,41.0
1739,2019-10-17,20:00,0.0,1007.0,1007.0,1006.7,-9999,29.8,22.2,31.7,29.8,22.7,22.0,64,57,64,45,9.0,3.3,N,PA,BRAGANCA,A226,-1.047258,-46.78579,41.0
1740,2019-10-18,00:00,0.0,1008.8,1008.8,1008.0,-9999,26.2,22.7,26.5,26.2,22.7,22.5,81,79,81,57,5.7,1.9,N,PA,BRAGANCA,A226,-1.047258,-46.78579,41.0
1741,2019-10-18,04:00,0.0,1008.0,1008.6,1008.0,-9999,25.1,22.8,25.2,25.0,22.9,22.7,87,86,87,55,4.0,1.7,N,PA,BRAGANCA,A226,-1.047258,-46.78579,41.0
1742,2019-10-18,08:00,0.0,1008.1,1008.1,1007.7,-9999,23.9,22.5,24.2,23.9,22.7,22.5,92,91,92,62,1.8,1.0,N,PA,BRAGANCA,A226,-1.047258,-46.78579,41.0
1743,2019-10-18,12:00,0.0,1010.1,1010.1,1009.4,-9999,31.1,23.3,31.4,28.8,23.7,22.8,71,63,64,38,9.9,2.8,N,PA,BRAGANCA,A226,-1.047258,-46.78579,41.0
1744,2019-10-18,16:00,0.0,1009.3,1009.8,1009.3,-9999,31.3,21.0,33.1,31.1,22.9,21.0,58,53,54,55,10.7,4.1,N,PA,BRAGANCA,A226,-1.047258,-46.78579,41.0
1745,2019-10-18,20:00,0.0,1007.7,1007.7,1007.6,-9999,29.5,21.8,29.8,29.1,22.6,20.9,66,60,63,58,9.2,3.6,N,PA,BRAGANCA,A226,-1.047258,-46.78579,41.0
1746,2019-10-19,00:00,0.0,1008.7,1008.7,1008.3,-9999,25.8,22.7,26.3,25.7,22.8,22.6,83,81,83,50,5.0,1.4,N,PA,BRAGANCA,A226,-1.047258,-46.78579,41.0
1747,2019-10-19,04:00,0.0,1007.8,1008.7,1007.7,-9999,24.8,22.6,25.2,24.8,22.9,22.6,88,87,88,54,3.5,1.3,N,PA,BRAGANCA,A226,-1.047258,-46.78579,41.0
1748,2019-10-19,08:00,0.0,1006.6,1006.7,1006.4,-9999,24.1,22.6,24.4,24.1,22.8,22.6,91,91,91,22,2.3,0.0,N,PA,BRAGANCA,A226,-1.047258,-46.78579,41.0
1749,2019-10-19,12:00,0.0,1009.0,1009.0,1008.3,-9999,31.3,22.6,31.7,29.8,23.8,22.1,68,60,60,52,10.2,4.3,N,PA,BRAGANCA,A226,-1.047258,-46.78579,41.0
1750,2019-10-19,16:00,0.4,1008.2,1008.7,1008.2,-9999,27.2,23.7,34.0,27.1,23.8,21.6,81,51,81,40,12.2,1.8,N,PA,BRAGANCA,A226,-1.047258,-46.78579,41.0
1751,2019-10-19,20:00,0.0,1006.8,1006.9,1006.7,-9999,28.5,23.4,30.0,28.5,23.4,22.4,74,64,74,23,7.9,2.0,N,PA,BRAGANCA,A226,-1.047258,-46.78579,41.0
1752,2019-10-20,00:00,0.0,1008.7,1008.7,1008.3,-9999,26.1,23.6,26.4,26.0,23.6,23.3,86,84,86,44,2.7,0.3,N,PA,BRAGANCA,A226,-1.047258,-46.78579,41.0
1753,2019-10-20,04:00,0.0,1007.1,1007.9,1007.1,-9999,24.7,23.5,24.9,24.6,23.5,23.3,93,92,93,28,1.7,0.0,N,PA,BRAGANCA,A226,-1.047258,-46.78579,41.0
1754,2019-10-20,08:00,0.0,1006.8,1006.8,1006.3,-9999,24.2,23.3,24.3,23.9,23.4,23.0,95,94,95,102,0.0,0.0,N,PA,BRAGANCA,A226,-1.047258,-46.78579,41.0
1755,2019-10-20,12:00,0.0,1008.9,1008.9,1008.4,-9999,30.8,22.9,32.1,29.1,24.2,22.7,74,62,63,27,7.6,1.9,N,PA,BRAGANCA,A226,-1.047258,-46.78579,41.0
1756,2019-10-20,16:00,0.0,1007.6,1008.1,1007.6,-9999,33.7,22.6,35.3,32.6,23.6,22.1,55,49,52,6,7.3,2.6,N,PA,BRAGANCA,A226,-1.047258,-46.78579,41.0
1757,2019-10-20,20:00,0.0,1005.8,1005.8,1005.4,-9999,30.2,22.3,32.6,30.1,22.6,20.8,63,53,63,9,9.0,3.2,N,PA,BRAGANCA,A226,-1.047258,-46.78579,41.0
1758,2019-10-21,00:00,0.0,1007.5,1007.5,1006.8,-9999,26.0,23.3,26.3,25.9,23.3,23.0,85,83,85,32,2.0,0.2,N,PA,BRAGANCA,A226,-1.047258,-46.78579,41.0
1759,2019-10-21,04:00,0.0,1006.6,1007.5,1006.6,-9999,23.8,22.7,24.0,23.5,22.9,22.2,94,92,93,327,1.3,0.0,N,PA,BRAGANCA,A226,-1.047258,-46.78579,41.0
1760,2019-10-21,08:00,0.0,1006.4,1006.4,1005.8,-9999,23.7,22.4,23.9,23.6,22.7,22.3,93,92,93,161,1.7,0.6,N,PA,BRAGANCA,A226,-1.047258,-46.78579,41.0
1761,2019-10-21,12:00,0.0,1009.1,1009.1,1008.4,-9999,31.8,23.6,31.9,28.6,25.2,23.4,75,62,62,46,4.2,1.7,N,PA,BRAGANCA,A226,-1.047258,-46.78579,41.0
1762,2019-10-21,16:00,0.0,1006.7,1007.9,1006.7,-9999,34.1,22.4,36.0,33.5,23.2,21.3,53,45,51,3,7.6,3.3,N,PA,BRAGANCA,A226,-1.047258,-46.78579,41.0
1763,2019-10-21,20:00,0.0,1005.0,1005.5,1005.0,-9999,28.5,23.1,30.4,28.5,23.1,22.0,73,62,73,357,7.3,3.9,N,PA,BRAGANCA,A226,-1.047258,-46.78579,41.0
1764,2019-10-22,00:00,0.0,1007.5,1007.5,1006.5,-9999,26.2,23.5,26.4,26.1,23.5,23.3,85,84,85,27,3.3,0.4,N,PA,BRAGANCA,A226,-1.047258,-46.78579,41.0
1765,2019-10-22,04:00,0.0,1007.3,1007.6,1007.3,-9999,25.3,23.4,25.4,25.2,23.5,23.4,90,89,89,46,2.4,0.5,N,PA,BRAGANCA,A226,-1.047258,-46.78579,41.0
1766,2019-10-22,08:00,0.0,1006.8,1006.9,1006.6,-9999,24.4,23.1,24.6,24.4,23.3,23.0,93,92,93,76,0.0,0.0,N,PA,BRAGANCA,A226,-1.047258,-46.78579,41.0
1767,2019-10-22,12:00,0.0,1008.9,1008.9,1008.4,-9999,30.4,23.5,31.6,29.2,24.3,22.8,74,62,67,23,5.3,1.9,N,PA,BRAGANCA,A226,-1.047258,-46.78579,41.0
1768,2019-10-22,16:00,0.0,1007.1,1008.1,1007.1,-9999,34.4,22.5,34.7,31.9,23.0,21.3,55,50,50,24,7.9,3.0,N,PA,BRAGANCA,A226,-1.047258,-46.78579,41.0
1769,2019-10-22,20:00,0.0,1005.8,1006.0,1005.1,-9999,29.1,23.0,30.0,29.1,23.4,22.9,70,68,70,40,6.7,1.4,N,PA,BRAGANCA,A226,-1.047258,-46.78579,41.0
1770,2019-10-23,00:00,0.0,1008.4,1008.4,1007.6,-9999,25.4,22.4,26.0,25.4,22.6,22.4,84,81,84,65,4.2,1.2,N,PA,BRAGANCA,A226,-1.047258,-46.78579,41.0
1771,2019-10-23,04:00,0.0,1007.4,1008.2,1007.4,-9999,23.9,22.3,24.4,23.4,22.4,21.7,92,89,91,135,0.0,0.0,N,PA,BRAGANCA,A226,-1.047258,-46.78579,41.0
1772,2019-10-23,08:00,0.0,1006.5,1006.5,1006.1,58,22.2,21.3,22.5,22.2,21.5,21.2,95,94,95,162,3.0,0.8,N,PA,BRAGANCA,A226,-1.047258,-46.78579,41.0
1773,2019-10-23,12:00,0.0,1008.6,1008.6,1008.1,-9999,29.1,23.8,29.3,25.8,24.6,22.8,84,73,73,98,4.0,2.0,N,PA,BRAGANCA,A226,-1.047258,-46.78579,41.0
1774,2019-10-23,16:00,0.0,1007.1,1007.7,1007.1,-9999,34.3,22.0,35.6,33.4,23.6,21.4,54,47,49,19,9.4,2.7,N,PA,BRAGANCA,A226,-1.047258,-46.78579,41.0
1775,2019-10-23,20:00,0.0,1005.3,1005.4,1005.3,367,31.1,22.6,32.9,30.9,22.8,21.4,61,52,61,37,6.2,2.1,N,PA,BRAGANCA,A226,-1.047258,-46.78579,41.0
1776,2019-10-24,00:00,0.0,1007.6,1007.6,1007.1,-9999,25.8,23.4,26.5,25.8,23.6,23.4,87,84,87,5,2.8,1.2,N,PA,BRAGANCA,A226,-1.047258,-46.78579,41.0
1777,2019-10-24,04:00,0.0,1006.8,1007.5,1006.8,-9999,24.3,23.1,24.7,24.2,23.4,22.9,93,92,93,6,0.0,0.0,N,PA,BRAGANCA,A226,-1.047258,-46.78579,41.0
1778,2019-10-24,08:00,0.0,1005.6,1005.7,1005.6,-9999,22.9,21.9,23.7,22.9,22.6,21.9,94,94,94,160,0.0,0.0,N,PA,BRAGANCA,A226,-1.047258,-46.78579,41.0
1779,2019-10-24,12:00,0.0,1008.0,1008.0,1007.6,-9999,32.2,23.2,32.3,29.2,25.3,23.2,75,59,59,50,6.1,2.7,N,PA,BRAGANCA,A226,-1.047258,-46.78579,41.0
1780,2019-10-24,16:00,0.0,1006.2,1007.0,1006.2,-9999,34.3,21.7,36.0,33.3,23.3,21.3,53,45,48,16,7.9,2.7,N,PA,BRAGANCA,A226,-1.047258,-46.78579,41.0
1781,2019-10-24,20:00,0.0,1005.1,1005.1,1004.7,-9999,31.6,22.7,32.9,31.5,23.3,22.6,60,56,59,24,8.0,2.2,N,PA,BRAGANCA,A226,-1.047258,-46.78579,41.0
1782,2019-10-25,00:00,0.0,1007.7,1007.7,1007.0,-9999,26.4,23.6,26.8,26.4,23.7,23.5,85,82,85,21,3.0,0.5,N,PA,BRAGANCA,A226,-1.047258,-46.78579,41.0
1783,2019-10-25,04:00,0.0,1006.2,1007.1,1006.2,-9999,24.6,23.2,25.0,24.6,23.3,23.0,92,90,92,44,1.7,0.0,N,PA,BRAGANCA,A226,-1.047258,-46.78579,41.0
1784,2019-10-25,08:00,0.0,1006.1,1006.1,1005.4,-9999,24.4,23.2,24.6,24.2,23.3,23.0,93,92,93,89,2.2,0.5,N,PA,BRAGANCA,A226,-1.047258,-46.78579,41.0
1785,2019-10-25,12:00,0.0,1009.0,1009.0,1008.3,-9999,32.2,23.2,32.2,29.0,24.3,22.7,76,59,59,28,8.2,2.8,N,PA,BRAGANCA,A226,-1.047258,-46.78579,41.0
1786,2019-10-25,16:00,0.0,1007.7,1008.7,1007.7,-9999,34.1,22.9,34.5,32.4,23.6,22.1,56,51,52,51,8.4,3.7,N,PA,BRAGANCA,A226,-1.047258,-46.78579,41.0
1787,2019-10-25,20:00,0.0,1006.2,1006.3,1006.1,-9999,30.4,23.1,33.0,30.3,23.2,22.2,65,54,65,20,8.4,2.4,N,PA,BRAGANCA,A226,-1.047258,-46.78579,41.0
1788,2019-10-26,00:00,0.0,1008.2,1008.2,1007.6,-9999,26.2,23.2,26.8,26.2,23.2,23.1,83,81,83,36,2.5,0.0,N,PA,BRAGANCA,A226,-1.047258,-46.78579,41.0
1789,2019-10-26,04:00,0.0,1007.4,1008.0,1007.3,-9999,25.3,23.2,25.4,25.3,23.3,23.1,88,88,88,58,3.3,0.4,N,PA,BRAGANCA,A226,-1.047258,-46.78579,41.0
1790,2019-10-26,08:00,0.0,1007.8,1007.8,1007.4,-9999,23.8,22.4,25.2,23.7,23.1,22.3,92,88,92,351,1.3,0.0,N,PA,BRAGANCA,A226,-1.047258,-46.78579,41.0
1791,2019-10-26,12:00,0.0,1010.2,1010.3,1009.8,-9999,30.5,22.7,31.6,29.7,23.4,22.1,67,60,63,39,7.8,2.1,N,PA,BRAGANCA,A226,-1.047258,-46.78579,41.0
1792,2019-10-26,16:00,0.0,1008.5,1009.5,1008.5,-9999,32.6,22.6,34.2,31.5,23.5,22.0,59,53,55,54,8.5,3.4,N,PA,BRAGANCA,A226,-1.047258,-46.78579,41.0
1793,2019-10-26,20:00,0.0,1006.8,1006.8,1006.6,-9999,29.8,22.6,31.5,29.8,23.0,22.4,65,60,65,32,7.5,2.5,N,PA,BRAGANCA,A226,-1.047258,-46.78579,41.0
1794,2019-10-27,00:00,0.0,1009.2,1009.2,1008.5,-9999,27.2,23.3,27.4,27.0,23.4,23.0,80,78,79,51,5.3,1.4,N,PA,BRAGANCA,A226,-1.047258,-46.78579,41.0
1795,2019-10-27,04:00,0.0,1008.3,1009.0,1008.3,-9999,25.6,23.3,25.7,25.5,23.5,23.2,88,86,87,52,0.0,0.0,N,PA,BRAGANCA,A226,-1.047258,-46.78579,41.0
1796,2019-10-27,08:00,0.0,1007.4,1007.4,1007.3,-9999,25.1,23.4,25.3,25.0,23.4,23.2,90,89,90,56,2.5,1.1,N,PA,BRAGANCA,A226,-1.047258,-46.78579,41.0
1797,2019-10-27,12:00,0.0,1009.8,1009.8,1009.1,-9999,30.7,23.9,31.4,29.7,24.4,23.1,72,64,67,47,8.0,2.9,N,PA,BRAGANCA,A226,-1.047258,-46.78579,41.0
1798,2019-10-27,16:00,0.0,1007.4,1008.6,1007.4,-9999,34.4,21.6,35.3,32.5,22.4,20.9,51,45,47,53,11.1,4.0,N,PA,BRAGANCA,A226,-1.047258,-46.78579,41.0
1799,2019-10-27,20:00,0.0,1006.3,1006.3,1006.2,-9999,31.0,22.8,32.5,30.8,22.8,20.2,62,49,62,51,10.7,2.5,N,PA,BRAGANCA,A226,-1.047258,-46.78579,41.0
1800,2019-10-28,00:00,0.0,1008.0,1008.0,1007.5,-9999,26.2,22.6,26.6,26.2,22.7,22.4,81,78,81,49,4.9,1.6,N,PA,BRAGANCA,A226,-1.047258,-46.78579,41.0
1801,2019-10-28,04:00,0.0,1006.8,1007.7,1006.8,-9999,25.1,22.8,25.3,25.1,22.9,22.7,87,85,87,29,2.8,0.5,N,PA,BRAGANCA,A226,-1.047258,-46.78579,41.0
1802,2019-10-28,08:00,0.0,1005.6,1005.7,1005.6,-9999,24.9,22.8,24.9,24.4,22.9,22.6,90,88,88,57,3.4,1.6,N,PA,BRAGANCA,A226,-1.047258,-46.78579,41.0
1803,2019-10-28,12:00,0.0,1008.4,1008.4,1007.6,-9999,30.9,23.1,31.4,29.5,24.1,22.8,72,62,63,57,10.0,3.9,N,PA,BRAGANCA,A226,-1.047258,-46.78579,41.0
1804,2019-10-28,16:00,0.0,1006.6,1007.7,1006.6,-9999,34.9,21.8,35.4,32.8,22.8,21.3,54,47,47,46,8.9,3.6,N,PA,BRAGANCA,A226,-1.047258,-46.78579,41.0
1805,2019-10-28,20:00,0.0,1005.4,1005.4,1005.0,-9999,30.7,21.7,33.4,30.7,22.4,20.6,59,49,59,35,8.8,3.0,N,PA,BRAGANCA,A226,-1.047258,-46.78579,41.0
1806,2019-10-29,00:00,0.0,1007.3,1007.3,1006.8,-9999,26.2,22.7,26.7,26.1,22.7,22.2,81,77,81,53,5.5,1.7,N,PA,BRAGANCA,A226,-1.047258,-46.78579,41.0
1807,2019-10-29,04:00,0.0,1005.7,1006.4,1005.7,-9999,25.3,22.3,25.5,25.2,22.4,22.2,84,83,83,34,4.2,0.8,N,PA,BRAGANCA,A226,-1.047258,-46.78579,41.0
1808,2019-10-29,08:00,0.0,1005.1,1005.1,1004.8,-9999,25.4,21.9,25.6,25.0,22.2,21.9,84,81,81,52,3.9,1.5,N,PA,BRAGANCA,A226,-1.047258,-46.78579,41.0
1809,2019-10-29,12:00,0.0,1007.8,1007.9,1007.7,-9999,29.9,22.0,30.1,28.4,22.8,22.0,70,62,62,52,8.0,3.5,N,PA,BRAGANCA,A226,-1.047258,-46.78579,41.0
1810,2019-10-29,16:00,0.0,1006.0,1007.1,1006.0,-9999,32.9,23.1,33.5,31.4,23.4,22.1,60,54,56,41,9.4,3.5,N,PA,BRAGANCA,A226,-1.047258,-46.78579,41.0
1811,2019-10-29,20:00,0.0,1004.6,1004.6,1004.4,-9999,29.4,22.2,31.8,29.4,22.3,20.8,65,56,65,29,8.8,2.4,N,PA,BRAGANCA,A226,-1.047258,-46.78579,41.0
1812,2019-10-30,00:00,0.0,1006.5,1006.5,1006.1,-9999,26.0,21.5,26.4,26.0,21.5,21.3,76,74,76,47,5.4,1.3,N,PA,BRAGANCA,A226,-1.047258,-46.78579,41.0
1813,2019-10-30,04:00,0.0,1005.6,1006.3,1005.6,-9999,25.0,22.1,25.6,25.0,22.2,22.0,84,81,84,59,3.3,0.6,N,PA,BRAGANCA,A226,-1.047258,-46.78579,41.0
1814,2019-10-30,08:00,0.0,1004.9,1005.0,1004.7,-9999,24.3,22.4,24.3,23.9,22.5,22.1,90,89,89,83,3.1,1.3,N,PA,BRAGANCA,A226,-1.047258,-46.78579,41.0
1815,2019-10-30,12:00,0.0,1007.4,1007.4,1007.0,-9999,30.5,22.1,31.1,28.3,23.5,22.1,74,61,61,53,8.2,3.3,N,PA,BRAGANCA,A226,-1.047258,-46.78579,41.0
1816,2019-10-30,16:00,0.0,1006.2,1007.3,1006.2,-9999,32.1,20.9,33.8,31.9,22.7,20.6,54,50,52,53,10.7,4.0,N,PA,BRAGANCA,A226,-1.047258,-46.78579,41.0
1817,2019-10-30,20:00,0.0,1005.6,1005.7,1005.4,-9999,29.4,22.2,31.4,29.4,22.2,21.5,65,56,65,50,9.8,3.9,N,PA,BRAGANCA,A226,-1.047258,-46.78579,41.0
1818,2019-10-31,00:00,0.0,1008.0,1008.0,1007.2,-9999,26.8,22.8,26.9,26.7,22.8,22.6,79,78,78,59,6.0,2.8,N,PA,BRAGANCA,A226,-1.047258,-46.78579,41.0
1819,2019-10-31,04:00,0.0,1007.4,1008.0,1007.4,-9999,26.0,22.9,26.2,25.9,23.0,22.8,83,82,83,42,4.8,0.9,N,PA,BRAGANCA,A226,-1.047258,-46.78579,41.0
1820,2019-10-31,08:00,0.0,1007.0,1007.0,1006.7,-9999,25.0,22.7,25.5,25.0,23.1,22.7,87,86,87,43,3.4,0.2,N,PA,BRAGANCA,A226,-1.047258,-46.78579,41.0
1821,2019-10-31,12:00,0.0,1009.0,1009.1,1008.3,-9999,32.1,23.5,32.2,29.6,23.8,22.5,68,61,61,42,9.2,2.6,N,PA,BRAGANCA,A226,-1.047258,-46.78579,41.0
1822,2019-10-31,16:00,0.0,1007.9,1008.6,1007.9,-9999,34.2,21.7,34.9,32.4,22.6,21.3,53,47,48,45,8.7,2.7,N,PA,BRAGANCA,A226,-1.047258,-46.78579,41.0
1823,2019-10-31,20:00,0.0,1006.8,1006.8,1006.6,-9999,30.5,22.4,32.6,30.4,22.6,21.3,62,53,62,36,7.8,2.6,N,PA,BRAGANCA,A226,-1.047258,-46.78579,41.0
1824,2019-11-01,00:00,0.0,1007.8,1007.8,1007.5,-9999,26.2,22.7,26.5,26.2,22.8,22.6,81,79,81,47,4.8,1.7,N,PA,BRAGANCA,A226,-1.047258,-46.78579,41.0
1825,2019-11-01,04:00,0.0,1007.5,1007.9,1007.5,-9999,25.0,22.3,25.7,25.0,22.6,22.2,85,83,85,45,3.8,0.6,N,PA,BRAGANCA,A226,-1.047258,-46.78579,41.0
1826,2019-11-01,08:00,0.0,1007.7,1007.7,1007.3,-9999,23.5,21.9,23.6,23.3,22.2,21.7,92,90,91,43,0.0,0.0,N,PA,BRAGANCA,A226,-1.047258,-46.78579,41.0
1827,2019-11-01,12:00,0.0,1009.7,1009.7,1008.8,-9999,29.7,22.8,30.7,28.7,24.2,22.8,75,66,66,32,7.6,2.5,N,PA,BRAGANCA,A226,-1.047258,-46.78579,41.0
1828,2019-11-01,16:00,0.0,1008.1,1009.0,1008.1,-9999,34.5,22.2,35.3,32.7,23.1,21.5,56,47,49,43,7.5,2.9,N,PA,BRAGANCA,A226,-1.047258,-46.78579,41.0
1829,2019-11-01,20:00,0.0,1006.2,1006.4,1006.2,-9999,30.8,22.7,32.8,30.8,23.2,22.2,62,54,62,32,6.5,2.1,N,PA,BRAGANCA,A226,-1.047258,-46.78579,41.0
1830,2019-11-02,00:00,0.0,1007.3,1007.3,1007.0,-9999,25.7,22.9,26.3,25.7,23.1,22.9,85,82,85,47,3.0,0.8,N,PA,BRAGANCA,A226,-1.047258,-46.78579,41.0
1831,2019-11-02,04:00,0.0,1006.1,1006.8,1006.1,-9999,24.6,22.8,25.1,24.6,23.0,22.7,90,88,90,40,2.8,0.1,N,PA,BRAGANCA,A226,-1.047258,-46.78579,41.0
1832,2019-11-02,08:00,0.0,1005.5,1005.5,1005.3,-9999,23.4,22.4,23.5,23.3,22.6,22.3,94,94,94,65,0.0,0.0,N,PA,BRAGANCA,A226,-1.047258,-46.78579,41.0
1833,2019-11-02,12:00,0.0,1008.2,1008.2,1007.6,-9999,31.9,23.6,31.9,28.9,24.6,23.1,75,61,61,51,7.5,2.4,N,PA,BRAGANCA,A226,-1.047258,-46.78579,41.0
1834,2019-11-02,16:00,0.0,1006.4,1007.4,1006.4,-9999,34.1,21.9,34.7,32.9,22.5,20.6,53,47,49,46,7.8,2.8,N,PA,BRAGANCA,A226,-1.047258,-46.78579,41.0
1835,2019-11-02,20:00,0.0,1004.9,1005.2,1004.9,-9999,29.9,21.9,32.0,29.9,22.5,21.6,62,56,62,26,7.5,2.3,N,PA,BRAGANCA,A226,-1.047258,-46.78579,41.0
1836,2019-11-03,00:00,0.0,1006.9,1007.1,1006.5,-9999,25.9,22.4,26.4,25.9,22.4,22.2,81,78,81,43,4.1,0.3,N,PA,BRAGANCA,A226,-1.047258,-46.78579,41.0
1837,2019-11-03,04:00,0.0,1005.6,1006.2,1005.6,-9999,25.1,22.5,25.2,25.0,22.6,22.4,86,85,86,51,2.4,0.0,N,PA,BRAGANCA,A226,-1.047258,-46.78579,41.0
1838,2019-11-03,08:00,0.0,1005.4,1005.4,1005.0,-9999,24.6,22.9,24.9,24.4,23.0,22.6,90,89,90,339,1.6,0.2,N,PA,BRAGANCA,A226,-1.047258,-46.78579,41.0
1839,2019-11-03,12:00,0.0,1008.1,1008.1,1007.5,-9999,29.2,23.5,30.6,28.7,24.6,23.2,77,68,71,61,6.2,3.3,N,PA,BRAGANCA,A226,-1.047258,-46.78579,41.0
1840,2019-11-03,16:00,0.0,1005.8,1006.8,1005.7,-9999,33.8,23.4,35.2,31.8,23.8,22.2,59,49,55,36,9.6,2.8,N,PA,BRAGANCA,A226,-1.047258,-46.78579,41.0
1841,2019-11-03,20:00,0.0,1005.6,1005.6,1005.0,-9999,28.7,22.7,30.6,28.7,23.4,22.5,71,65,70,47,9.0,2.6,N,PA,BRAGANCA,A226,-1.047258,-46.78579,41.0
1842,2019-11-04,00:00,0.0,1007.7,1007.7,1006.7,-9999,26.7,23.3,26.8,26.7,23.4,23.1,82,81,82,61,4.2,1.9,N,PA,BRAGANCA,A226,-1.047258,-46.78579,41.0
1843,2019-11-04,04:00,0.0,1006.4,1007.1,1006.4,-9999,25.6,23.0,26.0,25.6,23.0,22.9,85,83,85,58,3.1,1.4,N,PA,BRAGANCA,A226,-1.047258,-46.78579,41.0
1844,2019-11-04,08:00,0.0,1005.9,1005.9,1005.0,-9999,25.4,22.8,25.6,25.3,23.1,22.8,87,85,85,57,4.1,1.9,N,PA,BRAGANCA,A226,-1.047258,-46.78579,41.0
1845,2019-11-04,12:00,0.0,1008.0,1008.1,1007.6,-9999,31.8,23.3,31.8,28.8,23.8,22.2,72,61,61,61,8.9,3.8,N,PA,BRAGANCA,A226,-1.047258,-46.78579,41.0
1846,2019-11-04,16:00,0.0,1006.8,1007.6,1006.8,-9999,31.5,21.2,33.0,31.5,22.5,21.2,57,53,54,28,7.3,2.8,N,PA,BRAGANCA,A226,-1.047258,-46.78579,41.0
1847,2019-11-04,20:00,0.0,1005.6,1005.6,1005.2,-9999,30.6,21.1,32.6,30.4,21.7,20.4,57,51,57,51,9.5,3.5,N,PA,BRAGANCA,A226,-1.047258,-46.78579,41.0
1848,2019-11-05,00:00,0.0,1007.9,1007.9,1007.0,-9999,25.6,22.2,26.2,25.6,22.3,22.1,82,79,81,55,4.5,0.8,N,PA,BRAGANCA,A226,-1.047258,-46.78579,41.0
1849,2019-11-05,04:00,0.0,1005.7,1006.7,1005.7,-9999,24.8,22.8,25.0,24.8,22.9,22.6,88,87,88,46,3.6,1.0,N,PA,BRAGANCA,A226,-1.047258,-46.78579,41.0
1850,2019-11-05,08:00,0.0,1006.3,1006.3,1005.7,-9999,24.0,22.2,24.5,23.9,22.4,22.1,90,88,90,109,3.5,0.7,N,PA,BRAGANCA,A226,-1.047258,-46.78579,41.0
1851,2019-11-05,12:00,0.0,1009.0,1009.0,1008.3,-9999,30.3,22.5,31.1,28.4,23.6,22.5,72,62,63,49,9.1,3.6,N,PA,BRAGANCA,A226,-1.047258,-46.78579,41.0
1852,2019-11-05,16:00,0.0,1007.3,1008.1,1007.3,-9999,33.8,22.3,34.7,32.6,23.2,21.9,55,49,51,44,8.2,2.9,N,PA,BRAGANCA,A226,-1.047258,-46.78579,41.0
1853,2019-11-05,20:00,0.0,1006.4,1006.5,1006.4,-9999,30.9,22.3,33.5,30.8,23.0,21.5,61,54,60,33,7.6,2.8,N,PA,BRAGANCA,A226,-1.047258,-46.78579,41.0
1854,2019-11-06,00:00,0.0,1007.2,1007.2,1007.0,-9999,25.9,22.8,26.6,25.9,23.0,22.7,83,80,83,41,4.7,1.1,N,PA,BRAGANCA,A226,-1.047258,-46.78579,41.0
1855,2019-11-06,04:00,0.0,1006.0,1006.7,1005.9,-9999,25.0,23.2,25.4,24.9,23.3,23.1,90,88,90,37,3.7,0.0,N,PA,BRAGANCA,A226,-1.047258,-46.78579,41.0
1856,2019-11-06,08:00,0.0,1005.9,1005.9,1005.1,-9999,24.6,23.1,24.6,24.0,23.2,22.7,93,91,91,84,2.0,1.3,N,PA,BRAGANCA,A226,-1.047258,-46.78579,41.0
1857,2019-11-06,12:00,0.0,1008.8,1008.8,1008.5,-9999,30.0,22.3,31.9,30.0,23.5,21.9,67,59,63,43,8.0,3.1,N,PA,BRAGANCA,A226,-1.047258,-46.78579,41.0
1858,2019-11-06,16:00,0.0,1007.2,1007.9,1007.2,-9999,34.1,21.9,35.3,32.5,23.1,21.4,55,48,49,48,9.2,3.1,N,PA,BRAGANCA,A226,-1.047258,-46.78579,41.0
1859,2019-11-06,20:00,0.0,1005.3,1005.4,1005.2,-9999,30.6,22.1,32.6,30.5,22.5,21.7,61,54,61,52,9.3,3.8,N,PA,BRAGANCA,A226,-1.047258,-46.78579,41.0
1860,2019-11-07,00:00,0.0,1006.9,1006.9,1006.3,-9999,26.3,23.1,26.7,26.2,23.1,22.7,83,79,83,48,3.6,0.8,N,PA,BRAGANCA,A226,-1.047258,-46.78579,41.0
1861,2019-11-07,04:00,0.0,1005.2,1005.8,1005.1,-9999,25.2,23.4,25.3,25.1,23.4,23.2,90,88,90,56,2.7,0.7,N,PA,BRAGANCA,A226,-1.047258,-46.78579,41.0
1862,2019-11-07,08:00,0.0,1004.5,1004.5,1004.0,-9999,24.2,22.7,24.4,24.2,22.9,22.7,92,92,92,73,0.0,0.0,N,PA,BRAGANCA,A226,-1.047258,-46.78579,41.0
1863,2019-11-07,12:00,0.0,1007.0,1007.0,1006.5,-9999,30.9,23.2,31.1,29.5,23.7,22.8,70,63,64,33,8.1,2.3,N,PA,BRAGANCA,A226,-1.047258,-46.78579,41.0
1864,2019-11-07,16:00,0.0,1005.2,1006.0,1005.2,-9999,35.7,23.1,35.7,32.4,23.2,21.8,54,48,48,51,8.6,3.3,N,PA,BRAGANCA,A226,-1.047258,-46.78579,41.0
1865,2019-11-07,20:00,0.0,1004.1,1004.1,1004.0,-9999,30.6,22.9,33.3,30.6,23.0,21.8,63,54,63,36,9.8,2.4,N,PA,BRAGANCA,A226,-1.047258,-46.78579,41.0
1866,2019-11-08,00:00,0.0,1005.6,1005.6,1005.1,-9999,26.6,23.3,27.0,26.6,23.3,23.1,82,79,82,51,3.5,0.7,N,PA,BRAGANCA,A226,-1.047258,-46.78579,41.0
1867,2019-11-08,04:00,0.0,1004.8,1005.5,1004.7,-9999,25.6,23.6,25.8,25.6,23.7,23.5,89,88,89,49,2.3,0.2,N,PA,BRAGANCA,A226,-1.047258,-46.78579,41.0
1868,2019-11-08,08:00,0.0,1004.3,1004.3,1003.7,-9999,24.4,23.2,24.5,23.9,23.4,22.8,94,93,93,108,0.0,0.0,N,PA,BRAGANCA,A226,-1.047258,-46.78579,41.0
1869,2019-11-08,12:00,0.0,1007.2,1007.2,1006.7,-9999,29.6,24.0,31.1,28.3,24.7,23.2,80,66,72,45,6.4,2.8,N,PA,BRAGANCA,A226,-1.047258,-46.78579,41.0
1870,2019-11-08,16:00,0.0,1005.2,1006.3,1005.2,-9999,35.1,22.6,35.1,32.2,23.4,21.5,56,48,48,35,9.3,3.0,N,PA,BRAGANCA,A226,-1.047258,-46.78579,41.0
1871,2019-11-08,20:00,0.0,1003.7,1003.8,1003.5,-9999,29.3,23.3,32.4,29.3,23.8,22.6,70,59,70,37,8.5,2.3,N,PA,BRAGANCA,A226,-1.047258,-46.78579,41.0
1872,2019-11-09,00:00,0.0,1005.5,1005.5,1005.2,-9999,26.5,23.7,26.8,26.5,23.9,23.6,85,84,85,48,2.8,0.5,N,PA,BRAGANCA,A226,-1.047258,-46.78579,41.0
1873,2019-11-09,04:00,0.0,1005.1,1005.7,1005.1,-9999,25.0,23.3,25.5,25.0,23.6,23.3,91,90,91,9,1.3,0.0,N,PA,BRAGANCA,A226,-1.047258,-46.78579,41.0
1874,2019-11-09,08:00,0.0,1005.2,1005.2,1004.8,15,24.8,23.3,25.1,24.6,23.6,23.3,93,91,91,82,2.1,0.0,N,PA,BRAGANCA,A226,-1.047258,-46.78579,41.0
1875,2019-11-09,12:00,0.0,1008.6,1008.6,1008.0,-9999,31.3,22.9,32.3,28.2,25.1,22.9,80,61,61,50,6.5,2.5,N,PA,BRAGANCA,A226,-1.047258,-46.78579,41.0
1876,2019-11-09,16:00,0.0,1006.4,1007.4,1006.4,-9999,34.7,21.6,35.2,33.1,22.2,20.8,51,46,47,43,7.6,3.5,N,PA,BRAGANCA,A226,-1.047258,-46.78579,41.0
1877,2019-11-09,20:00,0.0,1005.0,1005.1,1004.9,-9999,30.5,22.7,31.5,29.7,22.8,22.2,65,60,63,26,7.2,2.2,N,PA,BRAGANCA,A226,-1.047258,-46.78579,41.0
1878,2019-11-10,00:00,0.0,1006.8,1006.8,1006.1,-9999,26.5,23.6,26.7,26.4,23.6,23.2,84,81,84,56,3.7,1.2,N,PA,BRAGANCA,A226,-1.047258,-46.78579,41.0
1879,2019-11-10,04:00,0.0,1005.6,1006.0,1005.6,-9999,25.8,23.0,26.1,25.7,23.1,22.9,85,84,85,62,4.3,1.6,N,PA,BRAGANCA,A226,-1.047258,-46.78579,41.0
1880,2019-11-10,08:00,0.0,1005.1,1005.1,1004.3,-9999,25.2,23.2,25.2,24.3,23.3,22.8,91,89,89,77,3.2,1.8,N,PA,BRAGANCA,A226,-1.047258,-46.78579,41.0
1881,2019-11-10,12:00,0.0,1007.9,1007.9,1007.3,-9999,32.1,24.5,32.1,30.1,24.6,23.4,70,62,64,49,7.6,2.7,N,PA,BRAGANCA,A226,-1.047258,-46.78579,41.0
1882,2019-11-10,16:00,0.0,1006.6,1007.3,1006.6,-9999,32.8,23.3,34.6,32.0,23.3,22.0,58,51,58,30,8.8,2.4,N,PA,BRAGANCA,A226,-1.047258,-46.78579,41.0
1883,2019-11-10,20:00,0.0,1005.6,1005.6,1005.1,-9999,30.5,22.4,32.7,30.5,23.0,22.2,62,55,62,43,8.3,3.0,N,PA,BRAGANCA,A226,-1.047258,-46.78579,41.0
1884,2019-11-11,00:00,0.0,1006.6,1006.6,1006.2,-9999,26.7,23.4,27.1,26.6,23.5,23.2,83,80,82,55,5.6,1.7,N,PA,BRAGANCA,A226,-1.047258,-46.78579,41.0
1885,2019-11-11,04:00,0.0,1005.4,1005.8,1005.4,-9999,25.4,23.0,25.9,25.4,23.3,23.0,87,86,87,51,3.8,1.3,N,PA,BRAGANCA,A226,-1.047258,-46.78579,41.0
1886,2019-11-11,08:00,0.0,1005.1,1005.1,1004.8,39,24.4,22.8,24.6,24.4,23.0,22.7,91,90,91,81,2.3,0.7,N,PA,BRAGANCA,A226,-1.047258,-46.78579,41.0
1887,2019-11-11,12:00,0.0,1007.3,1007.4,1006.9,-9999,31.8,22.9,31.9,29.7,24.1,22.7,69,59,59,47,8.1,3.0,N,PA,BRAGANCA,A226,-1.047258,-46.78579,41.0
1888,2019-11-11,16:00,0.0,1005.4,1006.3,1005.4,-9999,33.5,22.5,34.6,32.7,23.5,22.0,55,50,53,38,8.8,2.7,N,PA,BRAGANCA,A226,-1.047258,-46.78579,41.0
1889,2019-11-11,20:00,0.0,1003.8,1003.9,1003.7,-9999,30.7,22.3,32.2,30.7,23.0,22.3,61,57,61,48,8.8,3.0,N,PA,BRAGANCA,A226,-1.047258,-46.78579,41.0
1890,2019-11-12,00:00,0.0,1005.8,1005.8,1005.0,-9999,26.9,23.3,27.3,26.8,23.3,23.1,81,78,81,47,4.8,0.8,N,PA,BRAGANCA,A226,-1.047258,-46.78579,41.0
1891,2019-11-12,04:00,0.0,1004.8,1005.6,1004.8,-9999,25.1,23.1,25.5,25.1,23.4,23.1,89,88,89,3,2.7,1.5,N,PA,BRAGANCA,A226,-1.047258,-46.78579,41.0
1892,2019-11-12,08:00,0.0,1004.5,1004.5,1004.1,-9999,24.5,23.0,24.5,24.3,23.0,22.9,92,91,92,18,2.2,0.0,N,PA,BRAGANCA,A226,-1.047258,-46.78579,41.0
1893,2019-11-12,12:00,0.0,1007.4,1007.4,1006.7,-9999,30.8,22.9,31.2,28.7,23.9,22.9,74,63,63,25,6.7,2.0,N,PA,BRAGANCA,A226,-1.047258,-46.78579,41.0
1894,2019-11-12,16:00,0.0,1006.1,1007.1,1006.1,-9999,34.7,22.0,34.7,32.1,23.5,21.4,58,48,48,22,11.2,3.0,N,PA,BRAGANCA,A226,-1.047258,-46.78579,41.0
1895,2019-11-12,20:00,0.0,1003.9,1004.1,1003.8,-9999,30.3,21.8,32.5,30.2,22.2,21.3,61,53,61,33,7.9,2.2,N,PA,BRAGANCA,A226,-1.047258,-46.78579,41.0
1896,2019-11-13,00:00,0.0,1006.4,1006.4,1005.3,-9999,26.6,22.7,27.0,26.5,22.7,22.6,79,78,79,60,4.0,1.4,N,PA,BRAGANCA,A226,-1.047258,-46.78579,41.0
1897,2019-11-13,04:00,0.0,1005.5,1006.2,1005.5,-9999,24.6,22.4,25.2,24.6,22.7,22.4,88,86,88,345,0.0,0.0,N,PA,BRAGANCA,A226,-1.047258,-46.78579,41.0
1898,2019-11-13,08:00,0.0,1005.0,1005.0,1004.8,-9999,24.3,22.7,24.4,24.3,22.8,22.6,91,90,91,79,0.0,0.0,N,PA,BRAGANCA,A226,-1.047258,-46.78579,41.0
1899,2019-11-13,12:00,0.0,1007.7,1007.7,1007.0,-9999,31.0,23.3,31.5,29.0,24.1,23.0,72,62,64,32,8.8,2.3,N,PA,BRAGANCA,A226,-1.047258,-46.78579,41.0
1900,2019-11-13,16:00,0.0,1006.2,1007.2,1006.2,-9999,34.1,22.1,34.3,32.2,22.7,20.7,55,46,50,53,10.8,3.9,N,PA,BRAGANCA,A226,-1.047258,-46.78579,41.0
1901,2019-11-13,20:00,0.0,1004.8,1004.8,1004.6,-9999,30.0,22.4,32.2,30.0,22.5,19.9,64,48,64,33,8.8,2.1,N,PA,BRAGANCA,A226,-1.047258,-46.78579,41.0
1902,2019-11-14,00:00,0.0,1006.9,1006.9,1006.4,-9999,26.8,22.5,27.0,26.7,22.6,22.4,78,77,77,53,5.7,1.9,N,PA,BRAGANCA,A226,-1.047258,-46.78579,41.0
1903,2019-11-14,04:00,0.0,1006.0,1006.8,1006.0,-9999,25.8,23.0,26.4,25.8,23.0,22.8,84,81,84,30,4.0,0.5,N,PA,BRAGANCA,A226,-1.047258,-46.78579,41.0
1904,2019-11-14,08:00,0.0,1005.2,1005.2,1004.7,-9999,24.3,22.5,24.8,24.2,22.9,22.5,90,89,90,21,1.5,0.2,N,PA,BRAGANCA,A226,-1.047258,-46.78579,41.0
1905,2019-11-14,12:00,0.0,1008.2,1008.2,1007.2,-9999,32.0,22.9,32.4,29.7,23.5,22.2,68,58,59,49,8.9,1.7,N,PA,BRAGANCA,A226,-1.047258,-46.78579,41.0
1906,2019-11-14,16:00,0.0,1007.3,1007.6,1007.3,-9999,33.0,21.9,34.6,32.0,22.7,19.9,54,48,52,39,8.4,2.5,N,PA,BRAGANCA,A226,-1.047258,-46.78579,41.0
1907,2019-11-14,20:00,0.0,1005.8,1005.9,1005.6,-9999,29.1,22.3,32.0,29.1,22.8,21.9,67,56,67,41,9.0,2.3,N,PA,BRAGANCA,A226,-1.047258,-46.78579,41.0
1908,2019-11-15,00:00,0.0,1007.5,1007.5,1007.2,-9999,26.6,22.8,26.9,26.6,22.8,22.6,80,78,80,52,4.2,1.4,N,PA,BRAGANCA,A226,-1.047258,-46.78579,41.0
1909,2019-11-15,04:00,0.0,1006.6,1007.0,1006.5,-9999,25.7,22.8,26.0,25.7,22.9,22.7,84,82,84,42,3.5,0.3,N,PA,BRAGANCA,A226,-1.047258,-46.78579,41.0
1910,2019-11-15,08:00,0.0,1006.0,1006.0,1005.4,-9999,25.2,23.0,25.2,24.9,23.1,22.9,89,88,88,22,1.9,0.2,N,PA,BRAGANCA,A226,-1.047258,-46.78579,41.0
1911,2019-11-15,12:00,0.0,1008.3,1008.3,1007.6,-9999,29.9,22.2,30.6,29.7,23.4,22.2,69,63,64,45,7.6,2.9,N,PA,BRAGANCA,A226,-1.047258,-46.78579,41.0
1912,2019-11-15,16:00,0.0,1006.1,1007.1,1006.1,-9999,33.9,22.5,35.0,33.1,23.4,21.8,54,50,51,47,10.0,3.5,N,PA,BRAGANCA,A226,-1.047258,-46.78579,41.0
1913,2019-11-15,20:00,0.0,1004.0,1004.1,1003.9,-9999,30.7,22.2,32.1,30.5,22.9,21.4,61,55,61,50,8.9,3.2,N,PA,BRAGANCA,A226,-1.047258,-46.78579,41.0
1914,2019-11-16,00:00,0.0,1005.4,1005.4,1005.1,-9999,26.6,22.5,26.8,26.5,22.6,22.5,79,78,79,62,4.8,2.0,N,PA,BRAGANCA,A226,-1.047258,-46.78579,41.0
1915,2019-11-16,04:00,0.0,1004.1,1004.6,1004.1,-9999,25.5,22.9,25.6,25.5,22.9,22.7,85,84,85,49,3.0,0.0,N,PA,BRAGANCA,A226,-1.047258,-46.78579,41.0
1916,2019-11-16,08:00,0.0,1004.0,1004.0,1003.2,-9999,25.2,23.3,25.2,24.9,23.3,23.0,90,89,89,54,2.2,0.9,N,PA,BRAGANCA,A226,-1.047258,-46.78579,41.0
1917,2019-11-16,12:00,0.0,1006.0,1006.0,1005.8,-9999,31.8,22.8,32.1,29.0,24.1,22.6,71,58,59,45,8.4,3.4,N,PA,BRAGANCA,A226,-1.047258,-46.78579,41.0
1918,2019-11-16,16:00,0.0,1004.9,1005.7,1004.9,-9999,32.7,21.9,33.7,30.7,23.2,21.0,60,52,53,39,7.8,2.9,N,PA,BRAGANCA,A226,-1.047258,-46.78579,41.0
1919,2019-11-16,20:00,0.0,1002.9,1002.9,1002.7,-9999,30.3,22.2,32.0,30.3,22.3,21.4,62,55,62,39,8.6,2.7,N,PA,BRAGANCA,A226,-1.047258,-46.78579,41.0
1920,2019-11-17,00:00,0.0,1004.8,1004.8,1004.5,-9999,26.5,23.2,26.8,26.4,23.3,23.1,82,81,82,48,4.4,1.4,N,PA,BRAGANCA,A226,-1.047258,-46.78579,41.0
1921,2019-11-17,04:00,0.0,1003.7,1004.5,1003.7,-9999,25.2,22.8,25.7,25.2,22.9,22.7,86,85,86,24,1.8,0.0,N,PA,BRAGANCA,A226,-1.047258,-46.78579,41.0
1922,2019-11-17,08:00,0.0,1003.8,1003.8,1003.4,-9999,24.6,22.7,24.9,24.6,22.8,22.6,89,88,89,50,2.2,0.0,N,PA,BRAGANCA,A226,-1.047258,-46.78579,41.0
1923,2019-11-17,12:00,0.0,1006.0,1006.0,1005.2,-9999,31.1,23.1,31.1,28.6,23.7,22.5,71,63,63,44,9.2,3.3,N,PA,BRAGANCA,A226,-1.047258,-46.78579,41.0
1924,2019-11-17,16:00,0.0,1005.5,1006.0,1005.5,-9999,33.2,21.5,35.4,32.5,22.8,20.6,53,45,50,43,9.2,3.1,N,PA,BRAGANCA,A226,-1.047258,-46.78579,41.0
1925,2019-11-17,20:00,0.0,1003.9,1003.9,1003.7,-9999,30.5,21.5,32.5,30.3,22.1,21.0,59,53,59,36,8.1,2.1,N,PA,BRAGANCA,A226,-1.047258,-46.78579,41.0
1926,2019-11-18,00:00,0.0,1006.3,1006.3,1005.5,-9999,26.1,22.6,26.8,26.1,22.6,22.5,81,78,81,57,4.0,1.6,N,PA,BRAGANCA,A226,-1.047258,-46.78579,41.0
1927,2019-11-18,04:00,0.0,1005.5,1006.2,1005.5,-9999,25.4,22.8,25.8,25.4,22.9,22.6,85,84,85,71,2.3,1.2,N,PA,BRAGANCA,A226,-1.047258,-46.78579,41.0
1928,2019-11-18,08:00,0.0,1005.8,1005.8,1005.3,-9999,24.9,22.8,25.0,24.5,23.1,22.7,90,88,88,95,1.6,0.0,N,PA,BRAGANCA,A226,-1.047258,-46.78579,41.0
1929,2019-11-18,12:00,0.0,1008.3,1008.3,1007.7,-9999,29.7,23.5,30.6,28.4,24.2,23.1,76,67,70,61,5.9,2.5,N,PA,BRAGANCA,A226,-1.047258,-46.78579,41.0
1930,2019-11-18,16:00,0.0,1006.9,1007.9,1006.9,-9999,34.3,21.9,35.1,31.8,23.5,21.0,55,48,49,26,7.5,3.4,N,PA,BRAGANCA,A226,-1.047258,-46.78579,41.0
1931,2019-11-18,20:00,0.0,1005.5,1005.6,1005.4,-9999,31.3,21.7,33.0,31.3,22.1,20.8,57,50,57,37,8.6,2.4,N,PA,BRAGANCA,A226,-1.047258,-46.78579,41.0
1932,2019-11-19,00:00,0.0,1007.7,1007.8,1007.0,-9999,26.2,23.2,26.3,26.0,23.3,22.9,84,82,83,50,4.0,1.5,N,PA,BRAGANCA,A226,-1.047258,-46.78579,41.0
1933,2019-11-19,04:00,0.0,1006.8,1007.2,1006.7,-9999,24.7,23.0,25.1,24.5,23.1,22.5,91,88,90,331,0.0,0.0,N,PA,BRAGANCA,A226,-1.047258,-46.78579,41.0
1934,2019-11-19,08:00,0.0,1006.1,1006.2,1005.6,-9999,24.3,23.1,24.4,24.2,23.3,23.0,93,92,93,79,0.0,0.0,N,PA,BRAGANCA,A226,-1.047258,-46.78579,41.0
1935,2019-11-19,12:00,0.0,1008.6,1008.6,1008.1,-9999,32.7,24.0,32.7,28.9,25.0,23.2,79,60,60,22,5.8,2.1,N,PA,BRAGANCA,A226,-1.047258,-46.78579,41.0
1936,2019-11-19,16:00,0.0,1007.0,1008.1,1007.0,-9999,33.8,22.5,34.9,32.3,23.7,22.4,57,50,52,36,11.0,3.3,N,PA,BRAGANCA,A226,-1.047258,-46.78579,41.0
1937,2019-11-19,20:00,0.0,1006.4,1006.6,1006.2,-9999,28.3,24.0,28.6,28.2,24.0,23.7,78,75,78,55,5.7,2.0,N,PA,BRAGANCA,A226,-1.047258,-46.78579,41.0
1938,2019-11-20,00:00,0.0,1008.0,1008.0,1007.5,-9999,24.2,23.3,24.3,24.0,23.4,23.0,95,94,94,81,3.6,0.0,N,PA,BRAGANCA,A226,-1.047258,-46.78579,41.0
1939,2019-11-20,04:00,0.0,1006.0,1007.2,1006.0,-9999,24.2,23.4,24.7,24.1,23.9,23.2,95,95,95,111,0.0,0.0,N,PA,BRAGANCA,A226,-1.047258,-46.78579,41.0
1940,2019-11-20,08:00,0.2,1006.0,1006.1,1005.7,-9999,23.3,22.6,23.4,23.2,22.7,22.5,96,96,96,136,2.1,0.0,N,PA,BRAGANCA,A226,-1.047258,-46.78579,41.0
1941,2019-11-20,12:00,0.0,1007.5,1007.5,1007.3,-9999,30.1,25.0,30.1,27.9,25.6,24.4,84,74,74,66,5.1,3.0,N,PA,BRAGANCA,A226,-1.047258,-46.78579,41.0
1942,2019-11-20,16:00,0.0,1006.0,1006.9,1006.0,-9999,34.3,22.2,35.1,33.0,23.2,21.5,54,48,50,33,6.3,1.9,N,PA,BRAGANCA,A226,-1.047258,-46.78579,41.0
1943,2019-11-20,20:00,0.0,1004.4,1004.5,1004.3,-9999,30.2,22.5,32.0,30.2,23.3,22.2,63,60,63,34,6.8,2.1,N,PA,BRAGANCA,A226,-1.047258,-46.78579,41.0
1944,2019-11-21,00:00,0.0,1006.5,1006.5,1005.9,-9999,26.1,23.1,26.3,25.9,23.3,22.9,84,82,84,57,3.6,2.1,N,PA,BRAGANCA,A226,-1.047258,-46.78579,41.0
1945,2019-11-21,04:00,0.0,1006.0,1006.1,1005.9,-9999,25.2,23.4,25.2,25.1,23.4,23.2,90,89,90,64,1.9,0.0,N,PA,BRAGANCA,A226,-1.047258,-46.78579,41.0
1946,2019-11-21,08:00,0.0,1005.9,1005.9,1005.4,-9999,24.9,23.0,25.3,24.9,23.5,23.0,91,89,89,54,2.2,0.1,N,PA,BRAGANCA,A226,-1.047258,-46.78579,41.0
1947,2019-11-21,12:00,0.0,1008.2,1008.2,1008.1,-9999,29.5,24.2,29.7,27.6,24.8,23.7,80,73,73,59,3.5,1.2,N,PA,BRAGANCA,A226,-1.047258,-46.78579,41.0
1948,2019-11-21,16:00,0.0,1006.4,1007.7,1006.4,-9999,31.9,21.5,32.7,29.2,24.1,21.2,69,54,54,50,7.3,3.1,N,PA,BRAGANCA,A226,-1.047258,-46.78579,41.0
1949,2019-11-21,20:00,0.0,1005.4,1005.4,1005.0,-9999,28.6,21.9,29.3,28.6,22.1,21.5,67,65,67,33,5.7,1.0,N,PA,BRAGANCA,A226,-1.047258,-46.78579,41.0
1950,2019-11-22,00:00,1.8,1008.0,1008.0,1007.2,-9999,24.1,22.5,25.7,24.1,22.7,22.4,91,82,91,69,8.8,0.8,N,PA,BRAGANCA,A226,-1.047258,-46.78579,41.0
1951,2019-11-22,04:00,8.2,1007.6,1008.2,1007.6,-9999,23.1,22.3,23.9,23.1,23.0,22.3,95,95,95,56,7.9,0.4,N,PA,BRAGANCA,A226,-1.047258,-46.78579,41.0
1952,2019-11-22,08:00,0.0,1005.2,1005.2,1004.9,-9999,23.5,22.9,23.5,23.2,22.9,22.5,96,96,96,359,2.2,0.0,N,PA,BRAGANCA,A226,-1.047258,-46.78579,41.0
1953,2019-11-22,12:00,0.0,1008.0,1008.0,1007.4,-9999,28.3,25.1,29.3,27.9,26.2,24.6,88,81,83,58,6.1,2.9,N,PA,BRAGANCA,A226,-1.047258,-46.78579,41.0
1954,2019-11-22,16:00,0.2,1006.7,1007.3,1006.7,-9999,33.2,21.1,33.2,31.3,23.8,20.4,60,49,49,41,9.5,3.2,N,PA,BRAGANCA,A226,-1.047258,-46.78579,41.0
1955,2019-11-22,20:00,0.0,1005.1,1005.3,1005.1,-9999,28.0,21.7,29.1,28.0,22.8,21.1,70,64,68,54,7.4,2.7,N,PA,BRAGANCA,A226,-1.047258,-46.78579,41.0
1956,2019-11-23,00:00,0.0,1008.0,1008.0,1007.3,-9999,26.0,22.2,26.4,26.0,22.2,22.1,80,77,80,62,5.1,2.0,N,PA,BRAGANCA,A226,-1.047258,-46.78579,41.0
1957,2019-11-23,04:00,0.0,1006.8,1007.7,1006.8,-9999,24.6,22.8,25.5,24.6,23.1,22.6,90,86,90,74,2.1,0.3,N,PA,BRAGANCA,A226,-1.047258,-46.78579,41.0
1958,2019-11-23,08:00,0.0,1006.2,1006.2,1006.0,-9999,23.3,22.2,23.7,23.3,22.7,22.2,94,94,94,108,1.0,0.0,N,PA,BRAGANCA,A226,-1.047258,-46.78579,41.0
1959,2019-11-23,12:00,0.0,1009.3,1009.3,1008.7,-9999,29.3,23.1,30.6,29.2,24.6,23.0,75,67,69,43,5.9,2.0,N,PA,BRAGANCA,A226,-1.047258,-46.78579,41.0
1960,2019-11-23,16:00,0.0,1007.6,1008.6,1007.6,-9999,34.3,23.0,35.1,33.4,23.4,21.2,53,47,52,25,6.8,2.5,N,PA,BRAGANCA,A226,-1.047258,-46.78579,41.0
1961,2019-11-23,20:00,0.0,1005.6,1005.8,1005.6,-9999,31.2,23.2,32.7,30.7,23.5,22.6,63,56,63,32,6.3,1.9,N,PA,BRAGANCA,A226,-1.047258,-46.78579,41.0
1962,2019-11-24,00:00,0.0,1007.9,1007.9,1007.2,-9999,25.9,23.6,26.4,25.9,23.7,23.6,87,85,87,53,2.2,0.8,N,PA,BRAGANCA,A226,-1.047258,-46.78579,41.0
1963,2019-11-24,04:00,0.0,1007.0,1007.5,1006.9,-9999,24.9,23.6,25.2,24.9,23.7,23.6,93,91,92,44,2.0,0.0,N,PA,BRAGANCA,A226,-1.047258,-46.78579,41.0
1964,2019-11-24,08:00,0.0,1005.8,1005.9,1005.8,-9999,24.3,23.3,24.3,24.1,23.4,23.1,95,94,94,114,0.0,0.0,N,PA,BRAGANCA,A226,-1.047258,-46.78579,41.0
1965,2019-11-24,12:00,0.0,1008.2,1008.2,1007.7,-9999,31.9,23.6,32.3,29.6,25.0,23.0,74,60,62,57,7.3,2.9,N,PA,BRAGANCA,A226,-1.047258,-46.78579,41.0
1966,2019-11-24,16:00,0.0,1006.7,1007.4,1006.7,-9999,34.0,23.4,35.1,32.4,24.3,22.6,59,51,54,49,8.9,2.5,N,PA,BRAGANCA,A226,-1.047258,-46.78579,41.0
1967,2019-11-24,20:00,0.0,1005.0,1005.1,1004.9,-9999,30.7,23.1,32.6,30.6,23.3,22.3,64,56,64,28,7.8,2.4,N,PA,BRAGANCA,A226,-1.047258,-46.78579,41.0
1968,2019-11-25,00:00,0.0,1007.5,1007.5,1006.8,-9999,26.2,23.9,26.7,26.2,23.9,23.8,87,84,87,31,3.6,0.4,N,PA,BRAGANCA,A226,-1.047258,-46.78579,41.0
1969,2019-11-25,04:00,0.0,1005.8,1006.5,1005.8,-9999,25.5,23.6,25.7,25.5,24.0,23.6,90,90,90,60,3.6,1.1,N,PA,BRAGANCA,A226,-1.047258,-46.78579,41.0
1970,2019-11-25,08:00,0.0,1005.8,1005.8,1005.3,-9999,23.8,22.7,24.9,23.8,23.5,22.6,93,92,93,219,1.5,0.0,N,PA,BRAGANCA,A226,-1.047258,-46.78579,41.0
1971,2019-11-25,12:00,0.0,1008.5,1008.5,1008.0,-9999,30.8,24.1,30.8,28.9,24.7,23.3,74,68,68,55,7.3,3.1,N,PA,BRAGANCA,A226,-1.047258,-46.78579,41.0
1972,2019-11-25,16:00,0.0,1006.2,1007.0,1006.2,-9999,32.2,23.8,33.1,31.4,24.2,22.7,63,57,61,36,8.4,2.5,N,PA,BRAGANCA,A226,-1.047258,-46.78579,41.0
1973,2019-11-25,20:00,0.0,1004.4,1004.6,1004.2,-9999,29.9,23.1,31.8,29.9,23.7,22.9,67,62,67,29,8.1,2.6,N,PA,BRAGANCA,A226,-1.047258,-46.78579,41.0
1974,2019-11-26,00:00,0.0,1007.2,1007.2,1006.7,-9999,26.8,23.4,27.1,26.8,23.4,23.2,82,79,82,49,5.5,1.6,N,PA,BRAGANCA,A226,-1.047258,-46.78579,41.0
1975,2019-11-26,04:00,0.0,1005.9,1006.9,1005.9,-9999,25.2,23.3,25.6,25.1,23.3,23.2,89,87,89,39,3.0,0.1,N,PA,BRAGANCA,A226,-1.047258,-46.78579,41.0
1976,2019-11-26,08:00,0.0,1005.5,1005.5,1005.2,-9999,25.5,23.5,25.5,25.2,23.8,23.5,91,89,89,78,3.2,2.2,N,PA,BRAGANCA,A226,-1.047258,-46.78579,41.0
1977,2019-11-26,12:00,0.0,1007.3,1007.3,1006.5,-9999,29.9,23.4,30.8,28.1,24.6,23.4,78,67,68,39,8.5,2.7,N,PA,BRAGANCA,A226,-1.047258,-46.78579,41.0
1978,2019-11-26,16:00,0.0,1007.1,1007.7,1007.1,-9999,33.2,23.4,34.0,31.6,23.7,22.3,60,54,56,34,9.9,3.0,N,PA,BRAGANCA,A226,-1.047258,-46.78579,41.0
1979,2019-11-26,20:00,0.0,1005.1,1005.2,1005.1,-9999,30.7,23.5,32.6,30.7,23.7,22.6,65,57,65,50,9.3,3.0,N,PA,BRAGANCA,A226,-1.047258,-46.78579,41.0
1980,2019-11-27,00:00,0.0,1006.1,1006.1,1005.9,-9999,26.4,23.7,26.8,26.4,23.8,23.5,85,82,85,54,5.3,1.9,N,PA,BRAGANCA,A226,-1.047258,-46.78579,41.0
1981,2019-11-27,04:00,0.0,1005.7,1006.2,1005.7,-9999,25.7,23.3,26.1,25.7,23.6,23.3,87,85,87,62,4.9,2.1,N,PA,BRAGANCA,A226,-1.047258,-46.78579,41.0
1982,2019-11-27,08:00,0.0,1005.3,1005.3,1005.0,-9999,24.7,23.2,25.2,24.7,23.5,23.1,91,90,91,84,2.8,1.1,N,PA,BRAGANCA,A226,-1.047258,-46.78579,41.0
1983,2019-11-27,12:00,0.0,1007.6,1007.6,1006.9,-9999,31.1,22.9,31.4,29.3,24.1,22.7,73,61,62,65,11.1,5.9,N,PA,BRAGANCA,A226,-1.047258,-46.78579,41.0
1984,2019-11-27,16:00,0.0,1006.1,1006.9,1006.1,-9999,32.6,21.5,34.9,32.6,22.8,21.3,52,47,52,68,13.2,6.0,N,PA,BRAGANCA,A226,-1.047258,-46.78579,41.0
1985,2019-11-27,20:00,0.0,1004.8,1005.0,1004.6,-9999,30.7,22.1,32.1,30.5,22.2,21.0,61,55,60,59,10.3,4.1,N,PA,BRAGANCA,A226,-1.047258,-46.78579,41.0
1986,2019-11-28,00:00,0.0,1006.4,1006.4,1005.8,-9999,27.1,22.8,27.2,27.1,23.0,22.8,78,77,78,57,6.3,2.9,N,PA,BRAGANCA,A226,-1.047258,-46.78579,41.0
1987,2019-11-28,04:00,0.0,1005.6,1006.1,1005.5,-9999,26.3,23.1,26.4,26.2,23.1,22.9,83,82,82,58,4.8,2.3,N,PA,BRAGANCA,A226,-1.047258,-46.78579,41.0
1988,2019-11-28,08:00,0.0,1005.7,1005.7,1005.3,-9999,25.3,22.8,25.5,25.3,23.0,22.8,87,86,86,60,2.8,1.6,N,PA,BRAGANCA,A226,-1.047258,-46.78579,41.0
1989,2019-11-28,12:00,0.0,1007.4,1007.4,1006.9,-9999,31.5,23.4,31.7,29.5,23.7,22.3,70,61,62,47,8.8,3.0,N,PA,BRAGANCA,A226,-1.047258,-46.78579,41.0
1990,2019-11-28,16:00,0.0,1006.3,1007.3,1006.3,-9999,32.7,22.1,34.2,31.8,22.3,20.7,56,48,54,60,9.9,4.0,N,PA,BRAGANCA,A226,-1.047258,-46.78579,41.0
1991,2019-11-28,20:00,0.0,1004.9,1004.9,1004.7,-9999,30.3,22.7,32.3,30.2,23.0,22.1,64,57,64,39,9.7,2.7,N,PA,BRAGANCA,A226,-1.047258,-46.78579,41.0
1992,2019-11-29,00:00,0.0,1006.3,1006.4,1006.0,-9999,26.4,23.2,27.0,26.4,23.3,23.1,83,80,83,40,4.6,1.0,N,PA,BRAGANCA,A226,-1.047258,-46.78579,41.0
1993,2019-11-29,04:00,0.0,1005.7,1005.9,1005.6,-9999,25.7,23.3,25.9,25.7,23.4,23.2,87,86,86,55,4.2,1.6,N,PA,BRAGANCA,A226,-1.047258,-46.78579,41.0
1994,2019-11-29,08:00,0.0,1005.5,1005.5,1004.9,-9999,25.4,23.1,25.6,25.4,23.2,23.1,87,87,87,69,4.6,1.5,N,PA,BRAGANCA,A226,-1.047258,-46.78579,41.0
1995,2019-11-29,12:00,0.0,1007.5,1007.5,1006.9,-9999,31.4,22.9,32.0,29.0,23.8,22.6,70,60,61,74,8.9,4.5,N,PA,BRAGANCA,A226,-1.047258,-46.78579,41.0
1996,2019-11-29,16:00,0.0,1005.9,-9999.0,-9999.0,0,33.4,23.5,-9999.0,-9999.0,-9999.0,-9999.0,-9999,-9999,56,51,-9999.0,3.3,N,PA,BRAGANCA,A226,-1.047258,-46.78579,41.0
1997,2019-11-29,20:00,0.0,1004.6,1004.6,1004.2,0,30.7,22.9,32.4,30.7,23.1,22.4,63,57,63,44,8.9,3.0,N,PA,BRAGANCA,A226,-1.047258,-46.78579,41.0
1998,2019-11-30,00:00,0.0,1006.4,1006.5,1006.2,-9999,26.7,23.3,27.1,26.7,23.3,23.0,82,78,82,59,5.5,2.4,N,PA,BRAGANCA,A226,-1.047258,-46.78579,41.0
1999,2019-11-30,04:00,0.0,1005.8,1006.3,1005.8,-9999,26.1,23.3,26.3,26.0,23.5,23.2,85,84,85,67,3.9,1.7,N,PA,BRAGANCA,A226,-1.047258,-46.78579,41.0
2000,2019-11-30,08:00,0.0,1006.1,1006.1,1005.8,-9999,25.6,22.9,25.6,25.1,23.0,22.8,87,85,85,56,4.5,2.2,N,PA,BRAGANCA,A226,-1.047258,-46.78579,41.0
2001,2019-11-30,12:00,0.0,1008.2,1008.2,1007.8,-9999,31.3,22.9,31.7,29.8,24.0,22.9,69,61,61,48,8.8,2.7,N,PA,BRAGANCA,A226,-1.047258,-46.78579,41.0
2002,2019-11-30,16:00,0.0,1006.6,1007.4,1006.6,0,33.2,23.0,34.9,32.2,23.9,21.6,57,50,55,32,10.4,2.9,N,PA,BRAGANCA,A226,-1.047258,-46.78579,41.0
2003,2019-11-30,20:00,0.0,1006.0,1006.0,1005.7,-9999,31.0,23.3,32.3,30.9,23.7,22.7,64,59,64,32,7.7,2.4,N,PA,BRAGANCA,A226,-1.047258,-46.78579,41.0
2004,2019-12-01,00:00,0.0,1007.5,1007.6,1007.2,-9999,27.2,23.6,27.4,27.2,23.8,23.5,82,80,81,48,6.4,1.5,N,PA,BRAGANCA,A226,-1.047258,-46.78579,41.0
2005,2019-12-01,04:00,0.0,1006.6,1007.1,1006.5,-9999,26.4,23.3,26.9,26.4,23.5,23.3,83,82,83,41,6.7,1.6,N,PA,BRAGANCA,A226,-1.047258,-46.78579,41.0
2006,2019-12-01,08:00,0.0,1007.3,1007.3,1006.9,0,26.0,23.5,26.3,26.0,23.8,23.5,87,86,86,40,3.8,0.8,N,PA,BRAGANCA,A226,-1.047258,-46.78579,41.0
2007,2019-12-01,12:00,0.0,1010.1,1010.1,1009.2,-9999,31.7,23.6,31.8,29.3,24.3,22.8,71,62,62,42,9.4,2.6,N,PA,BRAGANCA,A226,-1.047258,-46.78579,41.0
2008,2019-12-01,16:00,0.0,1009.0,1009.5,1009.0,0,33.0,23.2,33.5,31.7,23.9,22.4,60,54,57,36,9.5,3.2,N,PA,BRAGANCA,A226,-1.047258,-46.78579,41.0
2009,2019-12-01,20:00,0.0,1007.9,1008.0,1007.9,-9999,29.4,23.9,31.1,29.1,23.9,23.1,72,65,72,26,6.4,1.4,N,PA,BRAGANCA,A226,-1.047258,-46.78579,41.0
2010,2019-12-02,00:00,0.0,1009.2,1009.2,1008.6,1,26.4,23.6,26.6,26.3,23.6,23.4,85,83,84,47,3.9,1.1,N,PA,BRAGANCA,A226,-1.047258,-46.78579,41.0
2011,2019-12-02,04:00,0.0,1007.6,1008.4,1007.6,-9999,25.2,23.3,25.2,25.0,23.3,23.0,90,88,89,46,3.2,0.8,N,PA,BRAGANCA,A226,-1.047258,-46.78579,41.0
2012,2019-12-02,08:00,0.0,1006.5,1006.5,1006.3,2,26.1,23.5,26.1,25.6,23.5,23.0,86,85,86,52,4.6,1.8,N,PA,BRAGANCA,A226,-1.047258,-46.78579,41.0
2013,2019-12-02,12:00,0.0,1008.6,1008.6,1007.9,-9999,31.3,23.7,31.4,29.9,23.8,22.8,68,63,64,59,9.9,4.1,N,PA,BRAGANCA,A226,-1.047258,-46.78579,41.0
2014,2019-12-02,16:00,0.0,1007.5,1007.9,1007.5,-9999,33.5,23.4,34.3,32.2,23.9,22.4,58,52,56,34,8.9,2.7,N,PA,BRAGANCA,A226,-1.047258,-46.78579,41.0
2015,2019-12-02,20:00,0.0,1006.4,1006.5,1006.3,0,30.7,22.6,32.7,30.7,22.9,22.1,62,56,62,30,8.1,2.8,N,PA,BRAGANCA,A226,-1.047258,-46.78579,41.0
2016,2019-12-03,00:00,0.0,1007.2,1007.2,1007.1,-9999,26.3,23.7,26.7,26.3,23.7,23.5,86,83,86,40,4.1,1.1,N,PA,BRAGANCA,A226,-1.047258,-46.78579,41.0
2017,2019-12-03,04:00,0.0,1005.8,1006.6,1005.8,0,25.0,23.2,25.4,25.0,23.6,23.2,90,89,90,2,2.8,0.5,N,PA,BRAGANCA,A226,-1.047258,-46.78579,41.0
2018,2019-12-03,08:00,0.0,1005.3,1005.4,1005.0,-9999,24.4,23.2,24.6,24.3,23.4,23.2,93,93,93,8,2.7,0.0,N,PA,BRAGANCA,A226,-1.047258,-46.78579,41.0
2019,2019-12-03,12:00,0.0,1008.4,1008.4,1007.8,-9999,30.0,24.1,31.0,28.3,25.0,23.5,80,66,70,30,7.1,2.1,N,PA,BRAGANCA,A226,-1.047258,-46.78579,41.0
2020,2019-12-03,16:00,0.0,1006.8,1007.8,1006.8,-9999,34.3,22.8,34.4,31.6,24.1,22.0,59,50,51,36,9.2,2.5,N,PA,BRAGANCA,A226,-1.047258,-46.78579,41.0
2021,2019-12-03,20:00,0.0,1005.0,1005.0,1004.9,-9999,30.4,22.9,32.3,30.4,23.5,22.6,64,58,64,35,6.6,2.1,N,PA,BRAGANCA,A226,-1.047258,-46.78579,41.0
2022,2019-12-04,00:00,0.0,1007.0,1007.0,1006.1,-9999,26.6,23.9,27.1,26.6,24.0,23.8,85,83,85,25,4.1,0.2,N,PA,BRAGANCA,A226,-1.047258,-46.78579,41.0
2023,2019-12-04,04:00,0.0,1006.5,1006.9,1006.5,-9999,25.0,23.6,25.2,24.9,23.6,23.4,92,91,92,15,1.9,0.3,N,PA,BRAGANCA,A226,-1.047258,-46.78579,41.0
2024,2019-12-04,08:00,0.0,1006.3,1006.3,1006.0,-9999,24.6,23.4,24.7,24.5,23.5,23.3,93,93,93,358,1.3,0.1,N,PA,BRAGANCA,A226,-1.047258,-46.78579,41.0
2025,2019-12-04,12:00,0.0,1008.7,1008.7,1008.0,-9999,30.4,23.7,31.2,28.2,25.2,22.9,80,63,67,57,6.4,3.0,N,PA,BRAGANCA,A226,-1.047258,-46.78579,41.0
2026,2019-12-04,16:00,0.2,1007.5,1008.1,1007.5,-9999,30.8,23.9,31.4,30.2,25.2,23.7,71,66,67,41,6.9,1.7,N,PA,BRAGANCA,A226,-1.047258,-46.78579,41.0
2027,2019-12-04,20:00,0.0,1006.1,1006.1,1005.7,-9999,30.6,23.4,31.2,30.2,23.6,22.3,65,61,65,34,7.0,2.1,N,PA,BRAGANCA,A226,-1.047258,-46.78579,41.0
2028,2019-12-05,00:00,0.0,1008.8,1008.8,1007.9,-9999,25.9,23.2,26.4,25.9,23.3,23.1,85,82,85,55,2.9,0.9,N,PA,BRAGANCA,A226,-1.047258,-46.78579,41.0
2029,2019-12-05,04:00,0.0,1007.6,1008.3,1007.6,-9999,25.9,23.9,25.9,25.0,23.9,23.4,92,89,89,66,2.7,1.3,N,PA,BRAGANCA,A226,-1.047258,-46.78579,41.0
2030,2019-12-05,08:00,0.0,1007.2,1007.3,1006.9,-9999,25.5,23.0,25.5,25.1,23.0,22.7,87,85,86,59,4.4,2.4,N,PA,BRAGANCA,A226,-1.047258,-46.78579,41.0
2031,2019-12-05,12:00,0.0,1009.2,1009.3,1008.7,-9999,31.2,23.0,31.9,28.9,23.9,22.5,70,61,62,44,8.0,2.4,N,PA,BRAGANCA,A226,-1.047258,-46.78579,41.0
2032,2019-12-05,16:00,0.0,1008.1,1008.8,1008.0,-9999,30.4,22.4,31.1,30.2,22.5,21.3,63,56,62,52,9.5,3.4,N,PA,BRAGANCA,A226,-1.047258,-46.78579,41.0
2033,2019-12-05,20:00,0.0,1006.7,1006.7,1006.5,-9999,29.7,22.8,31.2,29.4,22.8,20.6,66,54,66,35,10.5,2.5,N,PA,BRAGANCA,A226,-1.047258,-46.78579,41.0
2034,2019-12-06,00:00,0.0,1008.6,1008.6,1008.0,-9999,26.4,23.0,26.8,26.4,23.0,22.5,81,78,81,46,5.6,1.4,N,PA,BRAGANCA,A226,-1.047258,-46.78579,41.0
2035,2019-12-06,04:00,0.0,1007.2,1007.8,1007.2,-9999,26.0,23.4,26.1,25.9,23.5,23.0,86,84,86,15,2.6,0.4,N,PA,BRAGANCA,A226,-1.047258,-46.78579,41.0
2036,2019-12-06,08:00,0.0,1007.3,1007.3,1007.0,-9999,25.6,23.1,25.8,25.5,23.2,23.0,86,86,86,53,3.8,1.6,N,PA,BRAGANCA,A226,-1.047258,-46.78579,41.0
2037,2019-12-06,12:00,0.0,1009.5,1009.6,1009.3,-9999,31.0,22.9,31.7,29.2,23.9,22.7,71,61,62,38,9.1,2.8,N,PA,BRAGANCA,A226,-1.047258,-46.78579,41.0
2038,2019-12-06,16:00,0.0,1008.3,1008.9,1008.3,1,33.9,21.5,34.7,33.2,22.7,21.0,53,46,48,47,9.2,3.5,N,PA,BRAGANCA,A226,-1.047258,-46.78579,41.0
2039,2019-12-06,20:00,0.0,1006.3,1006.3,1006.2,-9999,30.4,22.6,32.4,30.4,23.3,21.9,63,55,63,38,8.7,2.6,N,PA,BRAGANCA,A226,-1.047258,-46.78579,41.0
2040,2019-12-07,00:00,0.0,1007.7,1007.8,1007.6,-9999,26.5,23.3,26.7,26.5,23.3,23.1,83,81,82,54,5.8,2.4,N,PA,BRAGANCA,A226,-1.047258,-46.78579,41.0
2041,2019-12-07,04:00,0.0,1006.2,1007.0,1006.2,-9999,25.2,22.9,25.5,25.2,23.2,22.9,88,87,87,45,2.3,0.0,N,PA,BRAGANCA,A226,-1.047258,-46.78579,41.0
2042,2019-12-07,08:00,0.0,1005.9,1005.9,1005.6,-9999,23.6,22.3,24.0,23.4,22.7,21.9,93,91,92,360,0.0,0.0,N,PA,BRAGANCA,A226,-1.047258,-46.78579,41.0
2043,2019-12-07,12:00,0.0,1008.5,1008.5,1007.9,-9999,30.5,23.1,32.3,27.6,24.3,22.6,77,60,65,21,6.7,2.6,N,PA,BRAGANCA,A226,-1.047258,-46.78579,41.0
2044,2019-12-07,16:00,0.0,1007.1,1007.9,1007.1,-9999,34.1,21.8,35.1,33.0,23.1,21.1,51,46,49,30,8.3,2.5,N,PA,BRAGANCA,A226,-1.047258,-46.78579,41.0
2045,2019-12-07,20:00,0.0,1005.5,1005.5,1005.3,-9999,30.5,22.0,32.7,30.4,22.0,21.1,60,52,60,26,8.2,2.6,N,PA,BRAGANCA,A226,-1.047258,-46.78579,41.0
2046,2019-12-08,00:00,0.0,1007.4,1007.4,1007.0,-9999,26.2,23.1,26.6,26.1,23.1,22.9,83,80,83,42,2.6,0.4,N,PA,BRAGANCA,A226,-1.047258,-46.78579,41.0
2047,2019-12-08,04:00,0.0,1006.5,1006.9,1006.5,-9999,25.1,23.0,25.5,25.1,23.2,22.9,88,87,88,72,2.4,0.0,N,PA,BRAGANCA,A226,-1.047258,-46.78579,41.0
2048,2019-12-08,08:00,0.0,1006.0,1006.0,1005.7,-9999,24.4,23.0,24.5,24.2,23.1,22.9,92,92,92,73,0.8,0.0,N,PA,BRAGANCA,A226,-1.047258,-46.78579,41.0
2049,2019-12-08,12:00,0.0,1008.3,1008.3,1007.8,-9999,31.9,23.3,31.9,29.1,23.9,22.7,71,60,60,39,8.1,2.3,N,PA,BRAGANCA,A226,-1.047258,-46.78579,41.0
2050,2019-12-08,16:00,0.0,1006.7,1007.2,1006.7,-9999,33.0,21.6,34.7,32.3,23.2,20.0,55,46,51,37,9.1,2.7,N,PA,BRAGANCA,A226,-1.047258,-46.78579,41.0
2051,2019-12-08,20:00,0.0,1005.7,1005.7,1005.3,-9999,30.2,23.0,31.8,29.9,23.0,22.4,66,58,65,31,8.4,2.5,N,PA,BRAGANCA,A226,-1.047258,-46.78579,41.0
2052,2019-12-09,00:00,0.0,1007.8,1007.9,1006.9,-9999,26.9,23.1,27.1,26.8,23.1,22.9,80,78,80,56,5.0,1.7,N,PA,BRAGANCA,A226,-1.047258,-46.78579,41.0
2053,2019-12-09,04:00,0.0,1007.1,1007.8,1007.1,-9999,26.0,23.3,26.3,25.9,23.3,23.1,85,83,85,25,2.3,0.1,N,PA,BRAGANCA,A226,-1.047258,-46.78579,41.0
2054,2019-12-09,08:00,0.0,1006.2,1006.2,1006.1,-9999,26.3,23.1,26.5,26.0,23.3,23.1,84,82,83,42,4.2,0.9,N,PA,BRAGANCA,A226,-1.047258,-46.78579,41.0
2055,2019-12-09,12:00,0.0,1008.4,1008.5,1007.7,-9999,32.2,23.9,32.2,29.5,23.9,23.0,71,62,62,47,10.3,3.8,N,PA,BRAGANCA,A226,-1.047258,-46.78579,41.0
2056,2019-12-09,16:00,0.0,1007.7,1008.3,1007.7,-9999,32.9,22.9,34.1,31.9,23.8,22.4,59,53,56,26,9.9,3.6,N,PA,BRAGANCA,A226,-1.047258,-46.78579,41.0
2057,2019-12-09,20:00,0.0,1005.4,1005.5,1005.1,-9999,30.5,23.1,31.8,30.1,23.5,22.5,66,60,65,41,9.5,2.5,N,PA,BRAGANCA,A226,-1.047258,-46.78579,41.0
2058,2019-12-10,00:00,0.0,1007.6,1007.6,1007.0,-9999,27.0,23.7,27.7,27.0,23.7,23.5,82,78,82,65,6.9,2.7,N,PA,BRAGANCA,A226,-1.047258,-46.78579,41.0
2059,2019-12-10,04:00,0.0,1007.1,1007.1,1006.8,-9999,25.5,23.9,25.6,25.4,24.0,23.8,92,91,91,72,3.6,0.3,N,PA,BRAGANCA,A226,-1.047258,-46.78579,41.0
2060,2019-12-10,08:00,0.0,1006.2,1006.2,1005.9,-9999,25.4,23.7,25.6,25.3,23.8,23.6,91,90,90,89,3.8,1.3,N,PA,BRAGANCA,A226,-1.047258,-46.78579,41.0
2061,2019-12-10,12:00,0.0,1008.3,1008.3,1007.8,-9999,29.9,24.3,30.8,28.8,26.0,23.9,82,70,72,42,7.1,2.4,N,PA,BRAGANCA,A226,-1.047258,-46.78579,41.0
2062,2019-12-10,16:00,0.0,1007.1,1008.0,1007.1,-9999,33.1,24.2,33.9,31.3,25.2,23.0,65,56,60,35,9.9,2.9,N,PA,BRAGANCA,A226,-1.047258,-46.78579,41.0
2063,2019-12-10,20:00,0.0,1004.9,1004.9,1004.7,-9999,29.1,23.3,30.7,29.0,23.3,22.4,71,63,71,43,10.0,2.9,N,PA,BRAGANCA,A226,-1.047258,-46.78579,41.0
2064,2019-12-11,00:00,0.0,1007.3,1007.3,1006.4,-9999,27.1,23.6,27.6,27.0,23.8,23.5,81,79,81,64,7.0,2.5,N,PA,BRAGANCA,A226,-1.047258,-46.78579,41.0
2065,2019-12-11,04:00,0.2,1006.2,1007.1,1006.2,-9999,25.3,24.4,25.3,25.1,24.4,24.0,94,94,94,19,2.1,0.2,N,PA,BRAGANCA,A226,-1.047258,-46.78579,41.0
2066,2019-12-11,08:00,0.0,1005.6,1005.6,1004.6,-9999,26.0,23.9,26.1,25.6,24.3,23.9,92,88,88,44,4.8,0.0,N,PA,BRAGANCA,A226,-1.047258,-46.78579,41.0
2067,2019-12-11,12:00,0.0,1008.1,1008.1,1007.4,-9999,30.6,24.6,30.6,28.8,25.1,23.6,77,70,70,48,8.5,3.0,N,PA,BRAGANCA,A226,-1.047258,-46.78579,41.0
2068,2019-12-11,16:00,0.0,1006.5,1007.2,1006.5,-9999,33.3,23.6,34.3,31.7,24.7,23.1,62,55,57,49,9.2,4.3,N,PA,BRAGANCA,A226,-1.047258,-46.78579,41.0
2069,2019-12-11,20:00,0.0,1004.6,1004.6,1004.1,-9999,28.6,22.9,31.3,28.6,23.7,22.6,71,63,71,45,10.2,2.6,N,PA,BRAGANCA,A226,-1.047258,-46.78579,41.0
2070,2019-12-12,00:00,0.0,1006.4,1006.4,1005.8,-9999,27.0,23.3,27.3,27.0,23.6,23.2,81,79,80,54,5.7,1.8,N,PA,BRAGANCA,A226,-1.047258,-46.78579,41.0
2071,2019-12-12,04:00,0.0,1004.4,1004.8,1004.3,-9999,26.5,23.5,26.6,26.2,23.7,23.5,86,84,84,36,4.8,1.2,N,PA,BRAGANCA,A226,-1.047258,-46.78579,41.0
2072,2019-12-12,08:00,0.0,1004.6,1004.6,1004.4,-9999,25.4,23.2,25.8,25.3,23.2,23.0,88,86,88,30,3.1,0.4,N,PA,BRAGANCA,A226,-1.047258,-46.78579,41.0
2073,2019-12-12,12:00,0.0,1006.8,1006.8,1006.2,-9999,32.0,24.0,32.2,29.3,24.7,23.0,74,63,63,23,7.5,2.9,N,PA,BRAGANCA,A226,-1.047258,-46.78579,41.0
2074,2019-12-12,16:00,0.0,1005.4,1006.1,1005.4,-9999,34.8,23.1,35.5,32.9,23.9,22.1,55,49,51,28,8.4,2.7,N,PA,BRAGANCA,A226,-1.047258,-46.78579,41.0
2075,2019-12-12,20:00,0.0,1003.3,1003.4,1003.0,-9999,30.5,23.4,32.3,30.5,23.7,22.7,67,58,66,32,8.2,2.8,N,PA,BRAGANCA,A226,-1.047258,-46.78579,41.0
2076,2019-12-13,00:00,0.0,1006.5,1006.5,1005.8,-9999,26.7,23.5,27.3,26.7,23.8,23.5,83,81,83,62,4.8,1.9,N,PA,BRAGANCA,A226,-1.047258,-46.78579,41.0
2077,2019-12-13,04:00,0.0,1005.6,1006.1,1005.6,-9999,25.0,23.3,25.6,24.9,23.4,23.1,90,88,90,53,1.7,0.0,N,PA,BRAGANCA,A226,-1.047258,-46.78579,41.0
2078,2019-12-13,08:00,0.0,1004.5,1004.8,1004.4,-9999,24.5,23.3,24.9,24.4,23.6,23.2,93,92,93,85,0.0,0.0,N,PA,BRAGANCA,A226,-1.047258,-46.78579,41.0
2079,2019-12-13,12:00,0.0,1007.7,1007.8,1007.2,-9999,31.2,23.3,31.6,29.6,24.2,22.4,74,62,63,56,7.8,4.1,N,PA,BRAGANCA,A226,-1.047258,-46.78579,41.0
2080,2019-12-13,16:00,0.0,1005.7,1006.7,1005.7,-9999,35.0,23.3,35.1,33.2,23.8,21.9,55,49,51,45,9.0,2.6,N,PA,BRAGANCA,A226,-1.047258,-46.78579,41.0
2081,2019-12-13,20:00,0.0,1003.2,1003.6,1003.2,-9999,31.2,23.5,33.2,30.9,23.7,22.9,64,57,64,26,7.4,2.4,N,PA,BRAGANCA,A226,-1.047258,-46.78579,41.0
2082,2019-12-14,00:00,0.0,1005.6,1005.7,1005.1,-9999,26.7,23.6,27.1,26.6,23.7,23.5,83,81,83,59,3.9,1.5,N,PA,BRAGANCA,A226,-1.047258,-46.78579,41.0
2083,2019-12-14,04:00,0.0,1005.3,1005.5,1005.1,-9999,25.2,23.4,26.2,25.2,23.8,23.3,90,87,90,327,2.5,1.3,N,PA,BRAGANCA,A226,-1.047258,-46.78579,41.0
2084,2019-12-14,08:00,0.2,1005.7,1005.7,1005.1,-9999,25.0,23.6,25.8,24.9,24.4,23.5,92,91,92,299,4.3,0.0,N,PA,BRAGANCA,A226,-1.047258,-46.78579,41.0
2085,2019-12-14,12:00,0.0,1008.2,1008.2,1007.3,-9999,29.8,24.3,30.4,29.3,25.3,23.9,77,72,73,63,7.7,2.5,N,PA,BRAGANCA,A226,-1.047258,-46.78579,41.0
2086,2019-12-14,16:00,0.0,1006.8,1007.3,1006.8,-9999,33.1,23.7,34.9,32.2,24.8,23.0,61,54,58,24,7.9,2.2,N,PA,BRAGANCA,A226,-1.047258,-46.78579,41.0
2087,2019-12-14,20:00,0.0,1005.0,1005.1,1004.8,-9999,28.5,24.1,29.2,28.5,24.5,24.0,77,75,77,41,8.6,2.1,N,PA,BRAGANCA,A226,-1.047258,-46.78579,41.0
2088,2019-12-15,00:00,0.0,1006.7,1006.9,1006.6,-9999,27.4,24.0,27.6,27.4,24.0,23.9,82,81,82,55,5.6,2.3,N,PA,BRAGANCA,A226,-1.047258,-46.78579,41.0
2089,2019-12-15,04:00,0.0,1006.4,1006.9,1006.3,-9999,26.1,24.0,26.3,26.0,24.0,23.8,88,86,88,56,2.7,0.9,N,PA,BRAGANCA,A226,-1.047258,-46.78579,41.0
2090,2019-12-15,08:00,0.0,1005.8,1005.9,1005.7,-9999,25.9,24.1,26.1,25.9,24.3,24.1,90,89,90,60,2.3,0.0,N,PA,BRAGANCA,A226,-1.047258,-46.78579,41.0
2091,2019-12-15,12:00,0.0,1007.6,1007.6,1007.2,-9999,30.6,24.5,31.0,28.2,25.2,24.3,82,69,70,55,6.3,2.4,N,PA,BRAGANCA,A226,-1.047258,-46.78579,41.0
2092,2019-12-15,16:00,0.0,1006.3,1006.9,1006.3,-9999,32.0,24.5,34.4,31.8,25.2,23.2,65,56,65,42,8.3,2.3,N,PA,BRAGANCA,A226,-1.047258,-46.78579,41.0
2093,2019-12-15,20:00,0.0,1005.4,1005.5,1004.7,-9999,29.3,22.5,31.3,29.3,23.5,22.0,67,63,67,44,8.7,2.8,N,PA,BRAGANCA,A226,-1.047258,-46.78579,41.0
2094,2019-12-16,00:00,0.0,1007.9,1007.9,1007.4,-9999,27.3,23.6,27.6,27.3,23.6,23.4,80,79,80,38,4.8,0.9,N,PA,BRAGANCA,A226,-1.047258,-46.78579,41.0
2095,2019-12-16,04:00,0.0,1007.0,1007.8,1007.0,-9999,26.5,23.9,26.6,26.4,24.0,23.8,86,85,86,23,3.9,0.8,N,PA,BRAGANCA,A226,-1.047258,-46.78579,41.0
2096,2019-12-16,08:00,0.0,1005.7,1005.7,1005.5,-9999,25.9,23.9,26.2,25.9,24.0,23.9,89,88,89,11,2.8,0.0,N,PA,BRAGANCA,A226,-1.047258,-46.78579,41.0
2097,2019-12-16,12:00,0.0,1008.1,1008.1,1007.4,-9999,31.5,24.8,31.5,28.7,25.3,23.7,77,68,68,33,7.2,2.0,N,PA,BRAGANCA,A226,-1.047258,-46.78579,41.0
2098,2019-12-16,16:00,0.0,1006.2,1007.3,1006.2,-9999,32.7,23.5,33.9,30.4,25.5,23.2,70,57,58,41,8.2,3.3,N,PA,BRAGANCA,A226,-1.047258,-46.78579,41.0
2099,2019-12-16,20:00,0.0,1005.5,1005.5,1004.8,-9999,26.6,24.7,26.6,26.1,24.8,24.2,90,89,89,16,4.3,0.2,N,PA,BRAGANCA,A226,-1.047258,-46.78579,41.0
2100,2019-12-17,00:00,0.0,1005.7,1006.7,1005.7,-9999,25.4,24.2,25.5,24.7,24.5,23.5,94,92,93,27,7.5,0.7,N,PA,BRAGANCA,A226,-1.047258,-46.78579,41.0
2101,2019-12-17,04:00,0.0,1004.5,1005.6,1004.5,-9999,25.4,23.9,25.9,25.4,24.0,23.9,92,90,92,37,3.6,0.3,N,PA,BRAGANCA,A226,-1.047258,-46.78579,41.0
2102,2019-12-17,08:00,0.0,1005.4,1005.5,1005.1,-9999,25.1,23.9,25.4,25.1,24.0,23.8,93,92,93,129,4.8,0.0,N,PA,BRAGANCA,A226,-1.047258,-46.78579,41.0
2103,2019-12-17,12:00,0.0,1007.9,1007.9,1007.4,-9999,29.5,24.7,30.1,26.5,25.8,23.8,86,75,76,59,5.3,2.2,N,PA,BRAGANCA,A226,-1.047258,-46.78579,41.0
2104,2019-12-17,16:00,0.0,1006.2,1007.3,1006.2,-9999,32.2,24.5,32.9,30.8,25.1,23.6,67,61,64,50,9.5,3.2,N,PA,BRAGANCA,A226,-1.047258,-46.78579,41.0
2105,2019-12-17,20:00,0.0,1004.5,1004.8,1004.3,-9999,29.5,23.0,30.2,29.5,23.3,22.5,68,65,68,61,8.2,3.2,N,PA,BRAGANCA,A226,-1.047258,-46.78579,41.0
2106,2019-12-18,00:00,0.0,1006.6,1006.6,1006.0,-9999,26.9,23.7,26.9,26.7,23.7,23.5,83,83,83,58,4.1,1.8,N,PA,BRAGANCA,A226,-1.047258,-46.78579,41.0
2107,2019-12-18,04:00,0.0,1006.2,1007.0,1006.2,-9999,25.8,23.8,25.9,25.4,23.8,23.1,88,85,88,60,4.1,2.3,N,PA,BRAGANCA,A226,-1.047258,-46.78579,41.0
2108,2019-12-18,08:00,0.0,1005.5,1005.5,1005.3,-9999,25.8,24.0,25.8,25.5,24.0,23.8,91,90,90,62,2.7,0.4,N,PA,BRAGANCA,A226,-1.047258,-46.78579,41.0
2109,2019-12-18,12:00,0.0,1007.9,1007.9,1007.4,-9999,29.2,24.1,29.2,28.0,24.4,23.9,79,74,74,52,7.3,2.6,N,PA,BRAGANCA,A226,-1.047258,-46.78579,41.0
2110,2019-12-18,16:00,0.0,1007.0,1007.7,1007.0,-9999,31.1,23.0,33.1,31.1,24.0,22.0,62,55,62,37,10.3,3.2,N,PA,BRAGANCA,A226,-1.047258,-46.78579,41.0
2111,2019-12-18,20:00,0.0,1005.2,1005.4,1005.1,-9999,28.7,23.5,29.4,28.7,23.8,23.3,73,70,73,53,8.7,3.5,N,PA,BRAGANCA,A226,-1.047258,-46.78579,41.0
2112,2019-12-19,00:00,0.0,1007.8,1007.8,1007.2,-9999,26.7,23.6,26.8,26.6,23.7,23.6,84,82,83,53,4.3,1.9,N,PA,BRAGANCA,A226,-1.047258,-46.78579,41.0
2113,2019-12-19,04:00,0.0,1006.5,1007.0,1006.5,-9999,26.3,23.3,26.7,26.3,23.6,23.2,84,82,84,49,6.5,1.9,N,PA,BRAGANCA,A226,-1.047258,-46.78579,41.0
2114,2019-12-19,08:00,0.0,1005.2,1005.2,1004.8,-9999,25.1,23.3,25.5,25.1,23.3,23.2,89,88,89,52,3.2,0.2,N,PA,BRAGANCA,A226,-1.047258,-46.78579,41.0
2115,2019-12-19,12:00,0.0,1007.6,1007.6,1007.1,-9999,31.5,24.3,32.0,28.8,25.0,23.9,76,66,66,33,7.8,3.2,N,PA,BRAGANCA,A226,-1.047258,-46.78579,41.0
2116,2019-12-19,16:00,0.0,1006.9,1007.5,1006.9,-9999,33.4,23.2,33.8,31.5,24.4,21.5,62,51,55,50,10.9,4.9,N,PA,BRAGANCA,A226,-1.047258,-46.78579,41.0
2117,2019-12-19,20:00,0.0,1005.1,1005.2,1004.9,-9999,29.8,21.8,32.4,29.8,23.5,21.8,65,58,62,52,11.1,3.2,N,PA,BRAGANCA,A226,-1.047258,-46.78579,41.0
2118,2019-12-20,00:00,0.0,1008.0,1008.0,1007.0,-9999,26.9,23.6,27.3,26.8,23.6,23.4,82,80,82,59,5.2,2.6,N,PA,BRAGANCA,A226,-1.047258,-46.78579,41.0
2119,2019-12-20,04:00,0.0,1006.4,1007.3,1006.4,-9999,25.6,23.5,26.1,25.6,23.6,23.4,88,86,88,72,3.5,1.3,N,PA,BRAGANCA,A226,-1.047258,-46.78579,41.0
2120,2019-12-20,08:00,0.0,1005.0,1005.0,1004.8,-9999,25.0,23.6,25.0,24.8,23.6,23.3,92,91,92,66,3.1,0.8,N,PA,BRAGANCA,A226,-1.047258,-46.78579,41.0
2121,2019-12-20,12:00,0.0,1007.6,1007.6,1007.2,-9999,32.3,23.3,32.3,30.3,24.9,23.0,72,59,59,68,10.9,5.3,N,PA,BRAGANCA,A226,-1.047258,-46.78579,41.0
2122,2019-12-20,16:00,0.0,1006.0,1007.0,1006.0,-9999,33.6,23.8,35.0,32.3,24.6,22.7,58,52,57,40,10.0,3.3,N,PA,BRAGANCA,A226,-1.047258,-46.78579,41.0
2123,2019-12-20,20:00,0.0,1005.1,1005.1,1004.6,-9999,28.4,23.6,29.1,28.4,24.2,23.5,76,74,76,50,7.6,2.3,N,PA,BRAGANCA,A226,-1.047258,-46.78579,41.0
2124,2019-12-21,00:00,0.0,1007.3,1007.3,1005.9,-9999,27.2,23.9,27.5,27.1,23.9,23.7,82,80,82,61,6.1,2.4,N,PA,BRAGANCA,A226,-1.047258,-46.78579,41.0
2125,2019-12-21,04:00,0.0,1005.0,1006.0,1005.0,-9999,26.2,23.7,26.8,26.2,23.8,23.6,86,83,86,47,5.8,0.8,N,PA,BRAGANCA,A226,-1.047258,-46.78579,41.0
2126,2019-12-21,08:00,0.0,1004.3,1004.3,1003.9,-9999,26.1,24.0,26.1,25.7,24.1,23.9,90,88,88,49,4.4,1.2,N,PA,BRAGANCA,A226,-1.047258,-46.78579,41.0
2127,2019-12-21,12:00,0.0,1007.4,1007.4,1006.9,-9999,31.3,24.0,31.8,29.9,25.1,23.6,75,65,65,35,9.4,3.0,N,PA,BRAGANCA,A226,-1.047258,-46.78579,41.0
2128,2019-12-21,16:00,0.0,1006.1,1006.8,1006.1,-9999,33.5,24.0,34.9,32.4,24.6,23.1,60,54,57,41,9.4,2.8,N,PA,BRAGANCA,A226,-1.047258,-46.78579,41.0
2129,2019-12-21,20:00,0.0,1004.7,1004.7,1004.2,-9999,29.1,23.8,30.2,29.1,24.0,23.6,73,68,73,59,8.9,3.5,N,PA,BRAGANCA,A226,-1.047258,-46.78579,41.0
2130,2019-12-22,00:00,0.0,1006.3,1006.3,1006.0,-9999,27.8,24.1,28.0,27.7,24.1,23.7,80,78,80,53,4.9,1.7,N,PA,BRAGANCA,A226,-1.047258,-46.78579,41.0
2131,2019-12-22,04:00,0.0,1005.5,1006.3,1005.5,-9999,27.5,24.1,27.5,27.4,24.4,24.1,83,82,82,47,6.5,1.9,N,PA,BRAGANCA,A226,-1.047258,-46.78579,41.0
2132,2019-12-22,08:00,0.0,1004.8,1004.8,1004.4,-9999,26.8,24.2,26.8,26.4,24.3,24.0,87,86,86,69,3.1,1.5,N,PA,BRAGANCA,A226,-1.047258,-46.78579,41.0
2133,2019-12-22,12:00,0.0,1007.9,1007.9,1007.3,-9999,29.8,24.1,30.3,29.3,25.3,24.1,78,71,72,57,8.0,4.6,N,PA,BRAGANCA,A226,-1.047258,-46.78579,41.0
2134,2019-12-22,16:00,0.0,1006.5,1007.1,1006.5,-9999,33.2,24.1,33.9,32.3,24.6,23.2,61,55,59,54,10.7,4.1,N,PA,BRAGANCA,A226,-1.047258,-46.78579,41.0
2135,2019-12-22,20:00,0.0,1004.7,1004.7,1004.0,-9999,29.7,24.0,32.6,29.6,24.4,23.5,72,62,72,54,10.7,3.8,N,PA,BRAGANCA,A226,-1.047258,-46.78579,41.0
2136,2019-12-23,00:00,0.0,1007.6,1007.6,1006.8,-9999,27.2,24.3,27.4,27.2,24.4,24.3,84,83,84,66,5.0,2.0,N,PA,BRAGANCA,A226,-1.047258,-46.78579,41.0
2137,2019-12-23,04:00,0.0,1005.6,1006.2,1005.6,-9999,25.9,24.3,26.0,25.8,24.3,23.9,91,90,91,53,2.0,0.3,N,PA,BRAGANCA,A226,-1.047258,-46.78579,41.0
2138,2019-12-23,08:00,0.0,1005.3,1005.3,1004.8,-9999,26.0,23.7,26.3,25.9,23.8,23.6,87,86,87,59,3.9,0.9,N,PA,BRAGANCA,A226,-1.047258,-46.78579,41.0
2139,2019-12-23,12:00,0.0,1007.3,1007.3,1007.0,-9999,30.0,24.1,30.9,29.5,24.7,23.7,73,69,70,46,9.6,3.4,N,PA,BRAGANCA,A226,-1.047258,-46.78579,41.0
2140,2019-12-23,16:00,0.0,1006.5,1007.1,1006.4,-9999,33.0,22.6,34.9,32.4,24.5,22.5,60,54,55,56,10.6,4.9,N,PA,BRAGANCA,A226,-1.047258,-46.78579,41.0
2141,2019-12-23,20:00,0.0,1005.5,1005.5,1005.4,-9999,31.6,21.9,32.7,31.4,22.0,21.3,57,52,57,47,9.7,3.5,N,PA,BRAGANCA,A226,-1.047258,-46.78579,41.0
2142,2019-12-24,00:00,0.0,1008.0,1008.0,1007.1,-9999,26.9,23.1,27.4,26.9,23.2,23.0,80,77,80,60,6.3,1.7,N,PA,BRAGANCA,A226,-1.047258,-46.78579,41.0
2143,2019-12-24,04:00,0.0,1006.6,1007.2,1006.6,-9999,25.6,23.5,25.8,25.6,23.7,23.5,89,88,89,60,2.9,0.6,N,PA,BRAGANCA,A226,-1.047258,-46.78579,41.0
2144,2019-12-24,08:00,0.0,1004.9,1005.0,1004.7,-9999,25.3,23.9,25.4,25.1,23.9,23.6,92,92,92,41,2.6,0.0,N,PA,BRAGANCA,A226,-1.047258,-46.78579,41.0
2145,2019-12-24,12:00,0.0,1007.4,1007.4,1006.9,-9999,30.8,23.6,31.5,29.8,24.6,23.6,73,65,65,44,9.2,3.4,N,PA,BRAGANCA,A226,-1.047258,-46.78579,41.0
2146,2019-12-24,16:00,0.0,1006.3,1007.1,1006.3,-9999,33.0,24.0,34.7,32.0,24.9,22.8,61,53,59,37,9.0,2.0,N,PA,BRAGANCA,A226,-1.047258,-46.78579,41.0
2147,2019-12-24,20:00,0.0,1004.9,1004.9,1004.5,-9999,30.7,22.6,32.2,30.7,23.0,22.3,62,57,62,44,11.3,3.8,N,PA,BRAGANCA,A226,-1.047258,-46.78579,41.0
2148,2019-12-25,00:00,0.0,1006.5,1006.5,1006.1,-9999,27.7,23.6,27.8,27.6,23.7,23.4,79,77,78,50,9.1,3.1,N,PA,BRAGANCA,A226,-1.047258,-46.78579,41.0
2149,2019-12-25,04:00,0.0,1005.4,1006.0,1005.4,-9999,26.9,23.8,27.2,26.9,24.0,23.8,83,83,83,62,5.4,2.2,N,PA,BRAGANCA,A226,-1.047258,-46.78579,41.0
2150,2019-12-25,08:00,0.0,1004.8,1004.8,1004.6,-9999,26.6,23.8,26.8,26.6,24.0,23.8,85,84,85,59,5.0,2.3,N,PA,BRAGANCA,A226,-1.047258,-46.78579,41.0
2151,2019-12-25,12:00,0.0,1006.1,1006.2,1006.0,-9999,31.6,24.3,32.3,29.2,25.4,23.1,73,65,65,51,8.9,2.6,N,PA,BRAGANCA,A226,-1.047258,-46.78579,41.0
2152,2019-12-25,16:00,0.2,1005.6,1005.9,1005.5,-9999,30.2,23.9,34.9,30.2,24.0,22.1,69,51,69,66,10.7,4.8,N,PA,BRAGANCA,A226,-1.047258,-46.78579,41.0
2153,2019-12-25,20:00,0.0,1004.2,1004.3,1004.0,-9999,30.1,23.6,32.6,30.1,24.7,23.1,68,61,68,63,10.3,4.9,N,PA,BRAGANCA,A226,-1.047258,-46.78579,41.0
2154,2019-12-26,00:00,0.0,1006.3,1006.4,1005.9,-9999,27.6,23.9,28.0,27.6,23.9,23.7,81,78,81,62,6.5,2.0,N,PA,BRAGANCA,A226,-1.047258,-46.78579,41.0
2155,2019-12-26,04:00,0.0,1005.8,1006.0,1005.8,-9999,26.2,24.3,26.3,26.1,24.3,24.1,89,88,89,40,1.6,0.3,N,PA,BRAGANCA,A226,-1.047258,-46.78579,41.0
2156,2019-12-26,08:00,0.0,1005.0,1005.0,1004.8,-9999,25.5,24.0,25.9,25.4,24.1,23.8,91,90,91,55,1.9,0.0,N,PA,BRAGANCA,A226,-1.047258,-46.78579,41.0
2157,2019-12-26,12:00,0.0,1007.8,1007.9,1007.4,0,31.1,23.5,31.3,29.2,25.1,23.3,76,64,64,63,8.7,4.2,N,PA,BRAGANCA,A226,-1.047258,-46.78579,41.0
2158,2019-12-26,16:00,0.0,1006.4,1007.4,1006.4,1,32.2,22.7,34.0,31.8,24.0,22.2,60,55,57,41,9.6,3.6,N,PA,BRAGANCA,A226,-1.047258,-46.78579,41.0
2159,2019-12-26,20:00,0.0,1004.9,1004.9,1004.6,-9999,30.1,23.4,32.2,30.1,23.9,22.8,67,61,67,40,8.6,3.1,N,PA,BRAGANCA,A226,-1.047258,-46.78579,41.0
2160,2019-12-27,00:00,0.0,1007.4,1007.4,1006.8,0,27.5,23.3,27.8,27.5,23.4,23.2,78,76,78,56,7.3,2.3,N,PA,BRAGANCA,A226,-1.047258,-46.78579,41.0
2161,2019-12-27,04:00,0.0,1006.2,1006.7,1006.2,-9999,25.9,23.6,26.2,25.9,23.6,23.4,87,85,87,44,3.0,0.4,N,PA,BRAGANCA,A226,-1.047258,-46.78579,41.0
2162,2019-12-27,08:00,0.0,1006.1,1006.1,1006.0,-9999,24.9,23.7,25.0,24.6,23.8,23.3,93,92,93,59,0.0,0.0,N,PA,BRAGANCA,A226,-1.047258,-46.78579,41.0
2163,2019-12-27,12:00,0.0,1008.3,1008.3,1007.9,0,31.8,24.2,31.8,29.3,24.5,23.6,73,64,64,35,10.1,2.8,N,PA,BRAGANCA,A226,-1.047258,-46.78579,41.0
2164,2019-12-27,16:00,0.0,1007.1,1007.9,1007.1,-9999,33.2,23.2,35.1,31.9,24.6,22.7,62,52,56,50,11.0,3.7,N,PA,BRAGANCA,A226,-1.047258,-46.78579,41.0
2165,2019-12-27,20:00,0.0,1005.4,1005.4,1005.1,-9999,30.0,23.3,32.8,30.0,24.0,23.2,67,60,67,33,9.1,2.4,N,PA,BRAGANCA,A226,-1.047258,-46.78579,41.0
2166,2019-12-28,00:00,0.0,1007.0,1007.1,1006.8,-9999,27.8,23.8,27.9,27.8,23.8,23.6,79,78,78,54,7.4,3.5,N,PA,BRAGANCA,A226,-1.047258,-46.78579,41.0
2167,2019-12-28,04:00,0.0,1006.4,1007.4,1006.4,0,27.0,23.6,27.4,27.0,23.8,23.6,82,80,82,42,5.7,1.5,N,PA,BRAGANCA,A226,-1.047258,-46.78579,41.0
2168,2019-12-28,08:00,0.0,1005.5,1005.6,1005.3,-9999,26.2,24.0,26.3,26.0,24.1,23.8,88,87,88,11,1.8,0.0,N,PA,BRAGANCA,A226,-1.047258,-46.78579,41.0
2169,2019-12-28,12:00,0.0,1007.0,1007.0,1006.5,1,31.0,24.4,31.0,29.3,24.6,23.6,74,68,68,33,7.6,2.2,N,PA,BRAGANCA,A226,-1.047258,-46.78579,41.0
2170,2019-12-28,16:00,0.0,1006.3,1006.8,1006.3,-9999,33.9,22.7,34.7,32.3,23.7,22.1,57,51,52,41,8.9,2.7,N,PA,BRAGANCA,A226,-1.047258,-46.78579,41.0
2171,2019-12-28,20:00,0.0,1004.2,1004.3,1004.0,-9999,30.7,22.8,31.9,30.7,23.1,21.8,63,56,63,45,11.5,3.5,N,PA,BRAGANCA,A226,-1.047258,-46.78579,41.0
2172,2019-12-29,00:00,0.0,1006.4,1006.4,1005.8,-9999,27.3,23.4,27.8,27.3,23.6,23.3,79,77,79,46,7.2,1.5,N,PA,BRAGANCA,A226,-1.047258,-46.78579,41.0
2173,2019-12-29,04:00,0.0,1005.4,1006.3,1005.4,-9999,26.5,23.4,26.9,26.5,23.6,23.4,83,82,83,38,3.6,0.9,N,PA,BRAGANCA,A226,-1.047258,-46.78579,41.0
2174,2019-12-29,08:00,0.0,1005.1,1005.1,1004.8,-9999,26.3,23.7,26.4,25.9,23.8,23.5,86,86,86,36,2.3,0.4,N,PA,BRAGANCA,A226,-1.047258,-46.78579,41.0
2175,2019-12-29,12:00,0.0,1007.4,1007.4,1006.8,0,29.7,24.1,30.2,28.8,24.4,23.4,76,70,72,45,7.7,2.2,N,PA,BRAGANCA,A226,-1.047258,-46.78579,41.0
2176,2019-12-29,16:00,0.0,1005.4,1006.0,1005.4,0,32.2,23.9,32.7,30.9,24.2,22.6,64,59,62,34,8.2,2.0,N,PA,BRAGANCA,A226,-1.047258,-46.78579,41.0
2177,2019-12-29,20:00,0.0,1003.7,1003.7,1003.4,-9999,29.1,23.4,30.4,29.1,23.6,23.1,71,66,71,41,6.9,1.7,N,PA,BRAGANCA,A226,-1.047258,-46.78579,41.0
2178,2019-12-30,00:00,0.0,1004.9,1005.1,1004.7,0,26.1,23.2,27.3,26.1,23.9,23.2,85,80,84,73,8.1,3.5,N,PA,BRAGANCA,A226,-1.047258,-46.78579,41.0
2179,2019-12-30,04:00,0.0,1005.4,1005.8,1005.4,-9999,26.0,23.7,26.3,25.8,23.9,23.6,88,86,87,95,2.4,0.4,N,PA,BRAGANCA,A226,-1.047258,-46.78579,41.0
2180,2019-12-30,08:00,0.0,1004.4,1004.4,1004.1,-9999,25.7,23.8,25.8,25.5,23.9,23.6,90,89,89,73,1.8,0.0,N,PA,BRAGANCA,A226,-1.047258,-46.78579,41.0
2181,2019-12-30,12:00,0.0,1006.6,1006.8,1006.3,-9999,30.8,25.7,30.8,27.2,25.8,24.7,87,74,74,37,5.6,1.9,N,PA,BRAGANCA,A226,-1.047258,-46.78579,41.0
2182,2019-12-30,16:00,0.0,1005.8,1006.3,1005.8,-9999,29.4,23.1,31.1,29.4,24.0,23.0,71,66,69,36,6.9,1.7,N,PA,BRAGANCA,A226,-1.047258,-46.78579,41.0
2183,2019-12-30,20:00,1.2,1003.6,1003.7,1003.5,-9999,26.8,24.6,30.0,26.7,24.7,23.4,88,69,88,10,8.9,2.1,N,PA,BRAGANCA,A226,-1.047258,-46.78579,41.0
2184,2019-12-31,00:00,0.0,1006.2,1006.2,1005.6,-9999,26.1,24.2,26.1,25.7,24.2,23.9,91,88,89,37,4.1,0.4,N,PA,BRAGANCA,A226,-1.047258,-46.78579,41.0
2185,2019-12-31,04:00,2.4,1006.4,1006.9,1006.4,-9999,24.1,23.2,24.3,24.0,23.3,23.1,95,94,95,353,3.7,0.4,N,PA,BRAGANCA,A226,-1.047258,-46.78579,41.0
2186,2019-12-31,08:00,1.0,1005.8,1005.8,1005.4,-9999,24.0,23.2,24.0,23.7,23.2,23.0,96,96,96,2,3.6,0.2,N,PA,BRAGANCA,A226,-1.047258,-46.78579,41.0
2187,2019-12-31,12:00,0.0,1008.2,1008.2,1007.2,-9999,24.7,23.6,24.7,23.9,23.7,23.0,95,94,94,163,3.3,1.2,N,PA,BRAGANCA,A226,-1.047258,-46.78579,41.0
2188,2019-12-31,16:00,0.2,1008.3,1008.8,1008.3,-9999,24.8,23.3,25.0,24.2,23.8,23.1,94,91,91,121,3.9,1.3,N,PA,BRAGANCA,A226,-1.047258,-46.78579,41.0
2189,2019-12-31,20:00,0.2,1007.0,1007.0,1006.7,-9999,24.8,23.6,25.4,24.8,24.2,23.4,93,92,93,24,1.8,0.0,N,PA,BRAGANCA,A226,-1.047258,-46.78579,41.0
