,Data,Hora,"PRECIPITAÇÃO TOTAL, HORÁRIO (mm)","PRESSAO ATMOSFERICA AO NIVEL DA ESTACAO, HORARIA (mB)",PRESSÃO ATMOSFERICA MAX.NA HORA ANT. (AUT) (mB),PRESSÃO ATMOSFERICA MIN. NA HORA ANT. (AUT) (mB),RADIACAO GLOBAL (Kj/m²),"TEMPERATURA DO AR - BULBO SECO, HORARIA (°C)",TEMPERATURA DO PONTO DE ORVALHO (°C),TEMPERATURA MÁXIMA NA HORA ANT. (AUT) (°C),TEMPERATURA MÍNIMA NA HORA ANT. (AUT) (°C),TEMPERATURA ORVALHO MAX. NA HORA ANT. (AUT) (°C),TEMPERATURA ORVALHO MIN. NA HORA ANT. (AUT) (°C),UMIDADE REL. MAX. NA HORA ANT. (AUT) (%),UMIDADE REL. MIN. NA HORA ANT. (AUT) (%),"UMIDADE RELATIVA DO AR, HORARIA (%)","VENTO, DIREÇÃO HORARIA (gr) (° (gr))","VENTO, RAJADA MAXIMA (m/s)","VENTO, VELOCIDADE HORARIA (m/s)",region,state,station,station_code,latitude,longitude,height
0,2019-01-01,00:00,-9999.0,-9999.0,-9999.0,-9999.0,-9999,-9999.0,-9999.0,-9999.0,-9999.0,-9999.0,-9999.0,-9999,-9999,-9999,-9999,-9999.0,-9999.0,N,AM,ITACOATIARA,A121,-3.13333333,-58.48277777,41.54
1,2019-01-01,04:00,-9999.0,-9999.0,-9999.0,-9999.0,-9999,-9999.0,-9999.0,-9999.0,-9999.0,-9999.0,-9999.0,-9999,-9999,-9999,-9999,-9999.0,-9999.0,N,AM,ITACOATIARA,A121,-3.13333333,-58.48277777,41.54
2,2019-01-01,08:00,-9999.0,-9999.0,-9999.0,-9999.0,-9999,-9999.0,-9999.0,-9999.0,-9999.0,-9999.0,-9999.0,-9999,-9999,-9999,-9999,-9999.0,-9999.0,N,AM,ITACOATIARA,A121,-3.13333333,-58.48277777,41.54
3,2019-01-01,12:00,-9999.0,-9999.0,-9999.0,-9999.0,-9999,-9999.0,-9999.0,-9999.0,-9999.0,-9999.0,-9999.0,-9999,-9999,-9999,-9999,-9999.0,-9999.0,N,AM,ITACOATIARA,A121,-3.13333333,-58.48277777,41.54
4,2019-01-01,16:00,-9999.0,-9999.0,-9999.0,-9999.0,-9999,-9999.0,-9999.0,-9999.0,-9999.0,-9999.0,-9999.0,-9999,-9999,-9999,-9999,-9999.0,-9999.0,N,AM,ITACOATIARA,A121,-3.13333333,-58.48277777,41.54
5,2019-01-01,20:00,-9999.0,-9999.0,-9999.0,-9999.0,-9999,-9999.0,-9999.0,-9999.0,-9999.0,-9999.0,-9999.0,-9999,-9999,-9999,-9999,-9999.0,-9999.0,N,AM,ITACOATIARA,A121,-3.13333333,-58.48277777,41.54
6,2019-01-02,00:00,-9999.0,-9999.0,-9999.0,-9999.0,-9999,-9999.0,-9999.0,-9999.0,-9999.0,-9999.0,-9999.0,-9999,-9999,-9999,-9999,-9999.0,-9999.0,N,AM,ITACOATIARA,A121,-3.13333333,-58.48277777,41.54
7,2019-01-02,04:00,-9999.0,-9999.0,-9999.0,-9999.0,-9999,-9999.0,-9999.0,-9999.0,-9999.0,-9999.0,-9999.0,-9999,-9999,-9999,-9999,-9999.0,-9999.0,N,AM,ITACOATIARA,A121,-3.13333333,-58.48277777,41.54
8,2019-01-02,08:00,-9999.0,-9999.0,-9999.0,-9999.0,-9999,-9999.0,-9999.0,-9999.0,-9999.0,-9999.0,-9999.0,-9999,-9999,-9999,-9999,-9999.0,-9999.0,N,AM,ITACOATIARA,A121,-3.13333333,-58.48277777,41.54
9,2019-01-02,12:00,-9999.0,-9999.0,-9999.0,-9999.0,-9999,-9999.0,-9999.0,-9999.0,-9999.0,-9999.0,-9999.0,-9999,-9999,-9999,-9999,-9999.0,-9999.0,N,AM,ITACOATIARA,A121,-3.13333333,-58.48277777,41.54
10,2019-01-02,16:00,-9999.0,-9999.0,-9999.0,-9999.0,-9999,-9999.0,-9999.0,-9999.0,-9999.0,-9999.0,-9999.0,-9999,-9999,-9999,-9999,-9999.0,-9999.0,N,AM,ITACOATIARA,A121,-3.13333333,-58.48277777,41.54
11,2019-01-02,20:00,-9999.0,-9999.0,-9999.0,-9999.0,-9999,-9999.0,-9999.0,-9999.0,-9999.0,-9999.0,-9999.0,-9999,-9999,-9999,-9999,-9999.0,-9999.0,N,AM,ITACOATIARA,A121,-3.13333333,-58.48277777,41.54
12,2019-01-03,00:00,-9999.0,-9999.0,-9999.0,-9999.0,-9999,-9999.0,-9999.0,-9999.0,-9999.0,-9999.0,-9999.0,-9999,-9999,-9999,-9999,-9999.0,-9999.0,N,AM,ITACOATIARA,A121,-3.13333333,-58.48277777,41.54
13,2019-01-03,04:00,-9999.0,-9999.0,-9999.0,-9999.0,-9999,-9999.0,-9999.0,-9999.0,-9999.0,-9999.0,-9999.0,-9999,-9999,-9999,-9999,-9999.0,-9999.0,N,AM,ITACOATIARA,A121,-3.13333333,-58.48277777,41.54
14,2019-01-03,08:00,-9999.0,-9999.0,-9999.0,-9999.0,-9999,-9999.0,-9999.0,-9999.0,-9999.0,-9999.0,-9999.0,-9999,-9999,-9999,-9999,-9999.0,-9999.0,N,AM,ITACOATIARA,A121,-3.13333333,-58.48277777,41.54
15,2019-01-03,12:00,-9999.0,-9999.0,-9999.0,-9999.0,-9999,-9999.0,-9999.0,-9999.0,-9999.0,-9999.0,-9999.0,-9999,-9999,-9999,-9999,-9999.0,-9999.0,N,AM,ITACOATIARA,A121,-3.13333333,-58.48277777,41.54
16,2019-01-03,16:00,-9999.0,-9999.0,-9999.0,-9999.0,-9999,-9999.0,-9999.0,-9999.0,-9999.0,-9999.0,-9999.0,-9999,-9999,-9999,-9999,-9999.0,-9999.0,N,AM,ITACOATIARA,A121,-3.13333333,-58.48277777,41.54
17,2019-01-03,20:00,-9999.0,-9999.0,-9999.0,-9999.0,-9999,-9999.0,-9999.0,-9999.0,-9999.0,-9999.0,-9999.0,-9999,-9999,-9999,-9999,-9999.0,-9999.0,N,AM,ITACOATIARA,A121,-3.13333333,-58.48277777,41.54
18,2019-01-04,00:00,-9999.0,-9999.0,-9999.0,-9999.0,-9999,-9999.0,-9999.0,-9999.0,-9999.0,-9999.0,-9999.0,-9999,-9999,-9999,-9999,-9999.0,-9999.0,N,AM,ITACOATIARA,A121,-3.13333333,-58.48277777,41.54
19,2019-01-04,04:00,-9999.0,-9999.0,-9999.0,-9999.0,-9999,-9999.0,-9999.0,-9999.0,-9999.0,-9999.0,-9999.0,-9999,-9999,-9999,-9999,-9999.0,-9999.0,N,AM,ITACOATIARA,A121,-3.13333333,-58.48277777,41.54
20,2019-01-04,08:00,-9999.0,-9999.0,-9999.0,-9999.0,-9999,-9999.0,-9999.0,-9999.0,-9999.0,-9999.0,-9999.0,-9999,-9999,-9999,-9999,-9999.0,-9999.0,N,AM,ITACOATIARA,A121,-3.13333333,-58.48277777,41.54
21,2019-01-04,12:00,-9999.0,-9999.0,-9999.0,-9999.0,-9999,-9999.0,-9999.0,-9999.0,-9999.0,-9999.0,-9999.0,-9999,-9999,-9999,-9999,-9999.0,-9999.0,N,AM,ITACOATIARA,A121,-3.13333333,-58.48277777,41.54
22,2019-01-04,16:00,-9999.0,-9999.0,-9999.0,-9999.0,-9999,-9999.0,-9999.0,-9999.0,-9999.0,-9999.0,-9999.0,-9999,-9999,-9999,-9999,-9999.0,-9999.0,N,AM,ITACOATIARA,A121,-3.13333333,-58.48277777,41.54
23,2019-01-04,20:00,-9999.0,-9999.0,-9999.0,-9999.0,-9999,-9999.0,-9999.0,-9999.0,-9999.0,-9999.0,-9999.0,-9999,-9999,-9999,-9999,-9999.0,-9999.0,N,AM,ITACOATIARA,A121,-3.13333333,-58.48277777,41.54
24,2019-01-05,00:00,-9999.0,-9999.0,-9999.0,-9999.0,-9999,-9999.0,-9999.0,-9999.0,-9999.0,-9999.0,-9999.0,-9999,-9999,-9999,-9999,-9999.0,-9999.0,N,AM,ITACOATIARA,A121,-3.13333333,-58.48277777,41.54
25,2019-01-05,04:00,-9999.0,-9999.0,-9999.0,-9999.0,-9999,-9999.0,-9999.0,-9999.0,-9999.0,-9999.0,-9999.0,-9999,-9999,-9999,-9999,-9999.0,-9999.0,N,AM,ITACOATIARA,A121,-3.13333333,-58.48277777,41.54
26,2019-01-05,08:00,-9999.0,-9999.0,-9999.0,-9999.0,-9999,-9999.0,-9999.0,-9999.0,-9999.0,-9999.0,-9999.0,-9999,-9999,-9999,-9999,-9999.0,-9999.0,N,AM,ITACOATIARA,A121,-3.13333333,-58.48277777,41.54
27,2019-01-05,12:00,-9999.0,-9999.0,-9999.0,-9999.0,-9999,-9999.0,-9999.0,-9999.0,-9999.0,-9999.0,-9999.0,-9999,-9999,-9999,-9999,-9999.0,-9999.0,N,AM,ITACOATIARA,A121,-3.13333333,-58.48277777,41.54
28,2019-01-05,16:00,-9999.0,-9999.0,-9999.0,-9999.0,-9999,-9999.0,-9999.0,-9999.0,-9999.0,-9999.0,-9999.0,-9999,-9999,-9999,-9999,-9999.0,-9999.0,N,AM,ITACOATIARA,A121,-3.13333333,-58.48277777,41.54
29,2019-01-05,20:00,-9999.0,-9999.0,-9999.0,-9999.0,-9999,-9999.0,-9999.0,-9999.0,-9999.0,-9999.0,-9999.0,-9999,-9999,-9999,-9999,-9999.0,-9999.0,N,AM,ITACOATIARA,A121,-3.13333333,-58.48277777,41.54
30,2019-01-06,00:00,-9999.0,-9999.0,-9999.0,-9999.0,-9999,-9999.0,-9999.0,-9999.0,-9999.0,-9999.0,-9999.0,-9999,-9999,-9999,-9999,-9999.0,-9999.0,N,AM,ITACOATIARA,A121,-3.13333333,-58.48277777,41.54
31,2019-01-06,04:00,-9999.0,-9999.0,-9999.0,-9999.0,-9999,-9999.0,-9999.0,-9999.0,-9999.0,-9999.0,-9999.0,-9999,-9999,-9999,-9999,-9999.0,-9999.0,N,AM,ITACOATIARA,A121,-3.13333333,-58.48277777,41.54
32,2019-01-06,08:00,-9999.0,-9999.0,-9999.0,-9999.0,-9999,-9999.0,-9999.0,-9999.0,-9999.0,-9999.0,-9999.0,-9999,-9999,-9999,-9999,-9999.0,-9999.0,N,AM,ITACOATIARA,A121,-3.13333333,-58.48277777,41.54
33,2019-01-06,12:00,-9999.0,-9999.0,-9999.0,-9999.0,-9999,-9999.0,-9999.0,-9999.0,-9999.0,-9999.0,-9999.0,-9999,-9999,-9999,-9999,-9999.0,-9999.0,N,AM,ITACOATIARA,A121,-3.13333333,-58.48277777,41.54
34,2019-01-06,16:00,-9999.0,-9999.0,-9999.0,-9999.0,-9999,-9999.0,-9999.0,-9999.0,-9999.0,-9999.0,-9999.0,-9999,-9999,-9999,-9999,-9999.0,-9999.0,N,AM,ITACOATIARA,A121,-3.13333333,-58.48277777,41.54
35,2019-01-06,20:00,-9999.0,-9999.0,-9999.0,-9999.0,-9999,-9999.0,-9999.0,-9999.0,-9999.0,-9999.0,-9999.0,-9999,-9999,-9999,-9999,-9999.0,-9999.0,N,AM,ITACOATIARA,A121,-3.13333333,-58.48277777,41.54
36,2019-01-07,00:00,-9999.0,-9999.0,-9999.0,-9999.0,-9999,-9999.0,-9999.0,-9999.0,-9999.0,-9999.0,-9999.0,-9999,-9999,-9999,-9999,-9999.0,-9999.0,N,AM,ITACOATIARA,A121,-3.13333333,-58.48277777,41.54
37,2019-01-07,04:00,-9999.0,-9999.0,-9999.0,-9999.0,-9999,-9999.0,-9999.0,-9999.0,-9999.0,-9999.0,-9999.0,-9999,-9999,-9999,-9999,-9999.0,-9999.0,N,AM,ITACOATIARA,A121,-3.13333333,-58.48277777,41.54
38,2019-01-07,08:00,-9999.0,-9999.0,-9999.0,-9999.0,-9999,-9999.0,-9999.0,-9999.0,-9999.0,-9999.0,-9999.0,-9999,-9999,-9999,-9999,-9999.0,-9999.0,N,AM,ITACOATIARA,A121,-3.13333333,-58.48277777,41.54
39,2019-01-07,12:00,-9999.0,-9999.0,-9999.0,-9999.0,-9999,-9999.0,-9999.0,-9999.0,-9999.0,-9999.0,-9999.0,-9999,-9999,-9999,-9999,-9999.0,-9999.0,N,AM,ITACOATIARA,A121,-3.13333333,-58.48277777,41.54
40,2019-01-07,16:00,-9999.0,-9999.0,-9999.0,-9999.0,-9999,-9999.0,-9999.0,-9999.0,-9999.0,-9999.0,-9999.0,-9999,-9999,-9999,-9999,-9999.0,-9999.0,N,AM,ITACOATIARA,A121,-3.13333333,-58.48277777,41.54
41,2019-01-07,20:00,-9999.0,-9999.0,-9999.0,-9999.0,-9999,-9999.0,-9999.0,-9999.0,-9999.0,-9999.0,-9999.0,-9999,-9999,-9999,-9999,-9999.0,-9999.0,N,AM,ITACOATIARA,A121,-3.13333333,-58.48277777,41.54
42,2019-01-08,00:00,-9999.0,-9999.0,-9999.0,-9999.0,-9999,-9999.0,-9999.0,-9999.0,-9999.0,-9999.0,-9999.0,-9999,-9999,-9999,-9999,-9999.0,-9999.0,N,AM,ITACOATIARA,A121,-3.13333333,-58.48277777,41.54
43,2019-01-08,04:00,-9999.0,-9999.0,-9999.0,-9999.0,-9999,-9999.0,-9999.0,-9999.0,-9999.0,-9999.0,-9999.0,-9999,-9999,-9999,-9999,-9999.0,-9999.0,N,AM,ITACOATIARA,A121,-3.13333333,-58.48277777,41.54
44,2019-01-08,08:00,-9999.0,-9999.0,-9999.0,-9999.0,-9999,-9999.0,-9999.0,-9999.0,-9999.0,-9999.0,-9999.0,-9999,-9999,-9999,-9999,-9999.0,-9999.0,N,AM,ITACOATIARA,A121,-3.13333333,-58.48277777,41.54
45,2019-01-08,12:00,-9999.0,-9999.0,-9999.0,-9999.0,-9999,-9999.0,-9999.0,-9999.0,-9999.0,-9999.0,-9999.0,-9999,-9999,-9999,-9999,-9999.0,-9999.0,N,AM,ITACOATIARA,A121,-3.13333333,-58.48277777,41.54
46,2019-01-08,16:00,-9999.0,-9999.0,-9999.0,-9999.0,-9999,-9999.0,-9999.0,-9999.0,-9999.0,-9999.0,-9999.0,-9999,-9999,-9999,-9999,-9999.0,-9999.0,N,AM,ITACOATIARA,A121,-3.13333333,-58.48277777,41.54
47,2019-01-08,20:00,-9999.0,-9999.0,-9999.0,-9999.0,-9999,-9999.0,-9999.0,-9999.0,-9999.0,-9999.0,-9999.0,-9999,-9999,-9999,-9999,-9999.0,-9999.0,N,AM,ITACOATIARA,A121,-3.13333333,-58.48277777,41.54
48,2019-01-09,00:00,-9999.0,-9999.0,-9999.0,-9999.0,-9999,-9999.0,-9999.0,-9999.0,-9999.0,-9999.0,-9999.0,-9999,-9999,-9999,-9999,-9999.0,-9999.0,N,AM,ITACOATIARA,A121,-3.13333333,-58.48277777,41.54
49,2019-01-09,04:00,-9999.0,-9999.0,-9999.0,-9999.0,-9999,-9999.0,-9999.0,-9999.0,-9999.0,-9999.0,-9999.0,-9999,-9999,-9999,-9999,-9999.0,-9999.0,N,AM,ITACOATIARA,A121,-3.13333333,-58.48277777,41.54
50,2019-01-09,08:00,-9999.0,-9999.0,-9999.0,-9999.0,-9999,-9999.0,-9999.0,-9999.0,-9999.0,-9999.0,-9999.0,-9999,-9999,-9999,-9999,-9999.0,-9999.0,N,AM,ITACOATIARA,A121,-3.13333333,-58.48277777,41.54
51,2019-01-09,12:00,-9999.0,-9999.0,-9999.0,-9999.0,-9999,-9999.0,-9999.0,-9999.0,-9999.0,-9999.0,-9999.0,-9999,-9999,-9999,-9999,-9999.0,-9999.0,N,AM,ITACOATIARA,A121,-3.13333333,-58.48277777,41.54
52,2019-01-09,16:00,-9999.0,-9999.0,-9999.0,-9999.0,-9999,-9999.0,-9999.0,-9999.0,-9999.0,-9999.0,-9999.0,-9999,-9999,-9999,-9999,-9999.0,-9999.0,N,AM,ITACOATIARA,A121,-3.13333333,-58.48277777,41.54
53,2019-01-09,20:00,-9999.0,-9999.0,-9999.0,-9999.0,-9999,-9999.0,-9999.0,-9999.0,-9999.0,-9999.0,-9999.0,-9999,-9999,-9999,-9999,-9999.0,-9999.0,N,AM,ITACOATIARA,A121,-3.13333333,-58.48277777,41.54
54,2019-01-10,00:00,-9999.0,-9999.0,-9999.0,-9999.0,-9999,-9999.0,-9999.0,-9999.0,-9999.0,-9999.0,-9999.0,-9999,-9999,-9999,-9999,-9999.0,-9999.0,N,AM,ITACOATIARA,A121,-3.13333333,-58.48277777,41.54
55,2019-01-10,04:00,-9999.0,-9999.0,-9999.0,-9999.0,-9999,-9999.0,-9999.0,-9999.0,-9999.0,-9999.0,-9999.0,-9999,-9999,-9999,-9999,-9999.0,-9999.0,N,AM,ITACOATIARA,A121,-3.13333333,-58.48277777,41.54
56,2019-01-10,08:00,-9999.0,-9999.0,-9999.0,-9999.0,-9999,-9999.0,-9999.0,-9999.0,-9999.0,-9999.0,-9999.0,-9999,-9999,-9999,-9999,-9999.0,-9999.0,N,AM,ITACOATIARA,A121,-3.13333333,-58.48277777,41.54
57,2019-01-10,12:00,-9999.0,-9999.0,-9999.0,-9999.0,-9999,-9999.0,-9999.0,-9999.0,-9999.0,-9999.0,-9999.0,-9999,-9999,-9999,-9999,-9999.0,-9999.0,N,AM,ITACOATIARA,A121,-3.13333333,-58.48277777,41.54
58,2019-01-10,16:00,-9999.0,-9999.0,-9999.0,-9999.0,-9999,-9999.0,-9999.0,-9999.0,-9999.0,-9999.0,-9999.0,-9999,-9999,-9999,-9999,-9999.0,-9999.0,N,AM,ITACOATIARA,A121,-3.13333333,-58.48277777,41.54
59,2019-01-10,20:00,-9999.0,-9999.0,-9999.0,-9999.0,-9999,-9999.0,-9999.0,-9999.0,-9999.0,-9999.0,-9999.0,-9999,-9999,-9999,-9999,-9999.0,-9999.0,N,AM,ITACOATIARA,A121,-3.13333333,-58.48277777,41.54
60,2019-01-11,00:00,-9999.0,-9999.0,-9999.0,-9999.0,-9999,-9999.0,-9999.0,-9999.0,-9999.0,-9999.0,-9999.0,-9999,-9999,-9999,-9999,-9999.0,-9999.0,N,AM,ITACOATIARA,A121,-3.13333333,-58.48277777,41.54
61,2019-01-11,04:00,-9999.0,-9999.0,-9999.0,-9999.0,-9999,-9999.0,-9999.0,-9999.0,-9999.0,-9999.0,-9999.0,-9999,-9999,-9999,-9999,-9999.0,-9999.0,N,AM,ITACOATIARA,A121,-3.13333333,-58.48277777,41.54
62,2019-01-11,08:00,-9999.0,-9999.0,-9999.0,-9999.0,-9999,-9999.0,-9999.0,-9999.0,-9999.0,-9999.0,-9999.0,-9999,-9999,-9999,-9999,-9999.0,-9999.0,N,AM,ITACOATIARA,A121,-3.13333333,-58.48277777,41.54
63,2019-01-11,12:00,-9999.0,-9999.0,-9999.0,-9999.0,-9999,-9999.0,-9999.0,-9999.0,-9999.0,-9999.0,-9999.0,-9999,-9999,-9999,-9999,-9999.0,-9999.0,N,AM,ITACOATIARA,A121,-3.13333333,-58.48277777,41.54
64,2019-01-11,16:00,-9999.0,-9999.0,-9999.0,-9999.0,-9999,-9999.0,-9999.0,-9999.0,-9999.0,-9999.0,-9999.0,-9999,-9999,-9999,-9999,-9999.0,-9999.0,N,AM,ITACOATIARA,A121,-3.13333333,-58.48277777,41.54
65,2019-01-11,20:00,-9999.0,-9999.0,-9999.0,-9999.0,-9999,-9999.0,-9999.0,-9999.0,-9999.0,-9999.0,-9999.0,-9999,-9999,-9999,-9999,-9999.0,-9999.0,N,AM,ITACOATIARA,A121,-3.13333333,-58.48277777,41.54
66,2019-01-12,00:00,-9999.0,-9999.0,-9999.0,-9999.0,-9999,-9999.0,-9999.0,-9999.0,-9999.0,-9999.0,-9999.0,-9999,-9999,-9999,-9999,-9999.0,-9999.0,N,AM,ITACOATIARA,A121,-3.13333333,-58.48277777,41.54
67,2019-01-12,04:00,-9999.0,-9999.0,-9999.0,-9999.0,-9999,-9999.0,-9999.0,-9999.0,-9999.0,-9999.0,-9999.0,-9999,-9999,-9999,-9999,-9999.0,-9999.0,N,AM,ITACOATIARA,A121,-3.13333333,-58.48277777,41.54
68,2019-01-12,08:00,-9999.0,-9999.0,-9999.0,-9999.0,-9999,-9999.0,-9999.0,-9999.0,-9999.0,-9999.0,-9999.0,-9999,-9999,-9999,-9999,-9999.0,-9999.0,N,AM,ITACOATIARA,A121,-3.13333333,-58.48277777,41.54
69,2019-01-12,12:00,-9999.0,-9999.0,-9999.0,-9999.0,-9999,-9999.0,-9999.0,-9999.0,-9999.0,-9999.0,-9999.0,-9999,-9999,-9999,-9999,-9999.0,-9999.0,N,AM,ITACOATIARA,A121,-3.13333333,-58.48277777,41.54
70,2019-01-12,16:00,-9999.0,-9999.0,-9999.0,-9999.0,-9999,-9999.0,-9999.0,-9999.0,-9999.0,-9999.0,-9999.0,-9999,-9999,-9999,-9999,-9999.0,-9999.0,N,AM,ITACOATIARA,A121,-3.13333333,-58.48277777,41.54
71,2019-01-12,20:00,-9999.0,-9999.0,-9999.0,-9999.0,-9999,-9999.0,-9999.0,-9999.0,-9999.0,-9999.0,-9999.0,-9999,-9999,-9999,-9999,-9999.0,-9999.0,N,AM,ITACOATIARA,A121,-3.13333333,-58.48277777,41.54
72,2019-01-13,00:00,-9999.0,-9999.0,-9999.0,-9999.0,-9999,-9999.0,-9999.0,-9999.0,-9999.0,-9999.0,-9999.0,-9999,-9999,-9999,-9999,-9999.0,-9999.0,N,AM,ITACOATIARA,A121,-3.13333333,-58.48277777,41.54
73,2019-01-13,04:00,-9999.0,-9999.0,-9999.0,-9999.0,-9999,-9999.0,-9999.0,-9999.0,-9999.0,-9999.0,-9999.0,-9999,-9999,-9999,-9999,-9999.0,-9999.0,N,AM,ITACOATIARA,A121,-3.13333333,-58.48277777,41.54
74,2019-01-13,08:00,-9999.0,-9999.0,-9999.0,-9999.0,-9999,-9999.0,-9999.0,-9999.0,-9999.0,-9999.0,-9999.0,-9999,-9999,-9999,-9999,-9999.0,-9999.0,N,AM,ITACOATIARA,A121,-3.13333333,-58.48277777,41.54
75,2019-01-13,12:00,-9999.0,-9999.0,-9999.0,-9999.0,-9999,-9999.0,-9999.0,-9999.0,-9999.0,-9999.0,-9999.0,-9999,-9999,-9999,-9999,-9999.0,-9999.0,N,AM,ITACOATIARA,A121,-3.13333333,-58.48277777,41.54
76,2019-01-13,16:00,-9999.0,-9999.0,-9999.0,-9999.0,-9999,-9999.0,-9999.0,-9999.0,-9999.0,-9999.0,-9999.0,-9999,-9999,-9999,-9999,-9999.0,-9999.0,N,AM,ITACOATIARA,A121,-3.13333333,-58.48277777,41.54
77,2019-01-13,20:00,-9999.0,-9999.0,-9999.0,-9999.0,-9999,-9999.0,-9999.0,-9999.0,-9999.0,-9999.0,-9999.0,-9999,-9999,-9999,-9999,-9999.0,-9999.0,N,AM,ITACOATIARA,A121,-3.13333333,-58.48277777,41.54
78,2019-01-14,00:00,-9999.0,-9999.0,-9999.0,-9999.0,-9999,-9999.0,-9999.0,-9999.0,-9999.0,-9999.0,-9999.0,-9999,-9999,-9999,-9999,-9999.0,-9999.0,N,AM,ITACOATIARA,A121,-3.13333333,-58.48277777,41.54
79,2019-01-14,04:00,-9999.0,-9999.0,-9999.0,-9999.0,-9999,-9999.0,-9999.0,-9999.0,-9999.0,-9999.0,-9999.0,-9999,-9999,-9999,-9999,-9999.0,-9999.0,N,AM,ITACOATIARA,A121,-3.13333333,-58.48277777,41.54
80,2019-01-14,08:00,-9999.0,-9999.0,-9999.0,-9999.0,-9999,-9999.0,-9999.0,-9999.0,-9999.0,-9999.0,-9999.0,-9999,-9999,-9999,-9999,-9999.0,-9999.0,N,AM,ITACOATIARA,A121,-3.13333333,-58.48277777,41.54
81,2019-01-14,12:00,-9999.0,-9999.0,-9999.0,-9999.0,-9999,-9999.0,-9999.0,-9999.0,-9999.0,-9999.0,-9999.0,-9999,-9999,-9999,-9999,-9999.0,-9999.0,N,AM,ITACOATIARA,A121,-3.13333333,-58.48277777,41.54
82,2019-01-14,16:00,-9999.0,-9999.0,-9999.0,-9999.0,-9999,-9999.0,-9999.0,-9999.0,-9999.0,-9999.0,-9999.0,-9999,-9999,-9999,-9999,-9999.0,-9999.0,N,AM,ITACOATIARA,A121,-3.13333333,-58.48277777,41.54
83,2019-01-14,20:00,-9999.0,-9999.0,-9999.0,-9999.0,-9999,-9999.0,-9999.0,-9999.0,-9999.0,-9999.0,-9999.0,-9999,-9999,-9999,-9999,-9999.0,-9999.0,N,AM,ITACOATIARA,A121,-3.13333333,-58.48277777,41.54
84,2019-01-15,00:00,-9999.0,-9999.0,-9999.0,-9999.0,-9999,-9999.0,-9999.0,-9999.0,-9999.0,-9999.0,-9999.0,-9999,-9999,-9999,-9999,-9999.0,-9999.0,N,AM,ITACOATIARA,A121,-3.13333333,-58.48277777,41.54
85,2019-01-15,04:00,-9999.0,-9999.0,-9999.0,-9999.0,-9999,-9999.0,-9999.0,-9999.0,-9999.0,-9999.0,-9999.0,-9999,-9999,-9999,-9999,-9999.0,-9999.0,N,AM,ITACOATIARA,A121,-3.13333333,-58.48277777,41.54
86,2019-01-15,08:00,-9999.0,-9999.0,-9999.0,-9999.0,-9999,-9999.0,-9999.0,-9999.0,-9999.0,-9999.0,-9999.0,-9999,-9999,-9999,-9999,-9999.0,-9999.0,N,AM,ITACOATIARA,A121,-3.13333333,-58.48277777,41.54
87,2019-01-15,12:00,-9999.0,-9999.0,-9999.0,-9999.0,-9999,-9999.0,-9999.0,-9999.0,-9999.0,-9999.0,-9999.0,-9999,-9999,-9999,-9999,-9999.0,-9999.0,N,AM,ITACOATIARA,A121,-3.13333333,-58.48277777,41.54
88,2019-01-15,16:00,-9999.0,-9999.0,-9999.0,-9999.0,-9999,-9999.0,-9999.0,-9999.0,-9999.0,-9999.0,-9999.0,-9999,-9999,-9999,-9999,-9999.0,-9999.0,N,AM,ITACOATIARA,A121,-3.13333333,-58.48277777,41.54
89,2019-01-15,20:00,-9999.0,-9999.0,-9999.0,-9999.0,-9999,-9999.0,-9999.0,-9999.0,-9999.0,-9999.0,-9999.0,-9999,-9999,-9999,-9999,-9999.0,-9999.0,N,AM,ITACOATIARA,A121,-3.13333333,-58.48277777,41.54
90,2019-01-16,00:00,-9999.0,-9999.0,-9999.0,-9999.0,-9999,-9999.0,-9999.0,-9999.0,-9999.0,-9999.0,-9999.0,-9999,-9999,-9999,-9999,-9999.0,-9999.0,N,AM,ITACOATIARA,A121,-3.13333333,-58.48277777,41.54
91,2019-01-16,04:00,-9999.0,-9999.0,-9999.0,-9999.0,-9999,-9999.0,-9999.0,-9999.0,-9999.0,-9999.0,-9999.0,-9999,-9999,-9999,-9999,-9999.0,-9999.0,N,AM,ITACOATIARA,A121,-3.13333333,-58.48277777,41.54
92,2019-01-16,08:00,-9999.0,-9999.0,-9999.0,-9999.0,-9999,-9999.0,-9999.0,-9999.0,-9999.0,-9999.0,-9999.0,-9999,-9999,-9999,-9999,-9999.0,-9999.0,N,AM,ITACOATIARA,A121,-3.13333333,-58.48277777,41.54
93,2019-01-16,12:00,-9999.0,-9999.0,-9999.0,-9999.0,-9999,-9999.0,-9999.0,-9999.0,-9999.0,-9999.0,-9999.0,-9999,-9999,-9999,-9999,-9999.0,-9999.0,N,AM,ITACOATIARA,A121,-3.13333333,-58.48277777,41.54
94,2019-01-16,16:00,-9999.0,-9999.0,-9999.0,-9999.0,-9999,-9999.0,-9999.0,-9999.0,-9999.0,-9999.0,-9999.0,-9999,-9999,-9999,-9999,-9999.0,-9999.0,N,AM,ITACOATIARA,A121,-3.13333333,-58.48277777,41.54
95,2019-01-16,20:00,-9999.0,-9999.0,-9999.0,-9999.0,-9999,-9999.0,-9999.0,-9999.0,-9999.0,-9999.0,-9999.0,-9999,-9999,-9999,-9999,-9999.0,-9999.0,N,AM,ITACOATIARA,A121,-3.13333333,-58.48277777,41.54
96,2019-01-17,00:00,-9999.0,-9999.0,-9999.0,-9999.0,-9999,-9999.0,-9999.0,-9999.0,-9999.0,-9999.0,-9999.0,-9999,-9999,-9999,-9999,-9999.0,-9999.0,N,AM,ITACOATIARA,A121,-3.13333333,-58.48277777,41.54
97,2019-01-17,04:00,-9999.0,-9999.0,-9999.0,-9999.0,-9999,-9999.0,-9999.0,-9999.0,-9999.0,-9999.0,-9999.0,-9999,-9999,-9999,-9999,-9999.0,-9999.0,N,AM,ITACOATIARA,A121,-3.13333333,-58.48277777,41.54
98,2019-01-17,08:00,-9999.0,-9999.0,-9999.0,-9999.0,-9999,-9999.0,-9999.0,-9999.0,-9999.0,-9999.0,-9999.0,-9999,-9999,-9999,-9999,-9999.0,-9999.0,N,AM,ITACOATIARA,A121,-3.13333333,-58.48277777,41.54
99,2019-01-17,12:00,-9999.0,-9999.0,-9999.0,-9999.0,-9999,-9999.0,-9999.0,-9999.0,-9999.0,-9999.0,-9999.0,-9999,-9999,-9999,-9999,-9999.0,-9999.0,N,AM,ITACOATIARA,A121,-3.13333333,-58.48277777,41.54
100,2019-01-17,16:00,-9999.0,-9999.0,-9999.0,-9999.0,-9999,-9999.0,-9999.0,-9999.0,-9999.0,-9999.0,-9999.0,-9999,-9999,-9999,-9999,-9999.0,-9999.0,N,AM,ITACOATIARA,A121,-3.13333333,-58.48277777,41.54
101,2019-01-17,20:00,-9999.0,-9999.0,-9999.0,-9999.0,-9999,-9999.0,-9999.0,-9999.0,-9999.0,-9999.0,-9999.0,-9999,-9999,-9999,-9999,-9999.0,-9999.0,N,AM,ITACOATIARA,A121,-3.13333333,-58.48277777,41.54
102,2019-01-18,00:00,-9999.0,-9999.0,-9999.0,-9999.0,-9999,-9999.0,-9999.0,-9999.0,-9999.0,-9999.0,-9999.0,-9999,-9999,-9999,-9999,-9999.0,-9999.0,N,AM,ITACOATIARA,A121,-3.13333333,-58.48277777,41.54
103,2019-01-18,04:00,-9999.0,-9999.0,-9999.0,-9999.0,-9999,-9999.0,-9999.0,-9999.0,-9999.0,-9999.0,-9999.0,-9999,-9999,-9999,-9999,-9999.0,-9999.0,N,AM,ITACOATIARA,A121,-3.13333333,-58.48277777,41.54
104,2019-01-18,08:00,-9999.0,-9999.0,-9999.0,-9999.0,-9999,-9999.0,-9999.0,-9999.0,-9999.0,-9999.0,-9999.0,-9999,-9999,-9999,-9999,-9999.0,-9999.0,N,AM,ITACOATIARA,A121,-3.13333333,-58.48277777,41.54
105,2019-01-18,12:00,-9999.0,-9999.0,-9999.0,-9999.0,-9999,-9999.0,-9999.0,-9999.0,-9999.0,-9999.0,-9999.0,-9999,-9999,-9999,-9999,-9999.0,-9999.0,N,AM,ITACOATIARA,A121,-3.13333333,-58.48277777,41.54
106,2019-01-18,16:00,-9999.0,-9999.0,-9999.0,-9999.0,-9999,-9999.0,-9999.0,-9999.0,-9999.0,-9999.0,-9999.0,-9999,-9999,-9999,-9999,-9999.0,-9999.0,N,AM,ITACOATIARA,A121,-3.13333333,-58.48277777,41.54
107,2019-01-18,20:00,-9999.0,-9999.0,-9999.0,-9999.0,-9999,-9999.0,-9999.0,-9999.0,-9999.0,-9999.0,-9999.0,-9999,-9999,-9999,-9999,-9999.0,-9999.0,N,AM,ITACOATIARA,A121,-3.13333333,-58.48277777,41.54
108,2019-01-19,00:00,-9999.0,-9999.0,-9999.0,-9999.0,-9999,-9999.0,-9999.0,-9999.0,-9999.0,-9999.0,-9999.0,-9999,-9999,-9999,-9999,-9999.0,-9999.0,N,AM,ITACOATIARA,A121,-3.13333333,-58.48277777,41.54
109,2019-01-19,04:00,-9999.0,-9999.0,-9999.0,-9999.0,-9999,-9999.0,-9999.0,-9999.0,-9999.0,-9999.0,-9999.0,-9999,-9999,-9999,-9999,-9999.0,-9999.0,N,AM,ITACOATIARA,A121,-3.13333333,-58.48277777,41.54
110,2019-01-19,08:00,-9999.0,-9999.0,-9999.0,-9999.0,-9999,-9999.0,-9999.0,-9999.0,-9999.0,-9999.0,-9999.0,-9999,-9999,-9999,-9999,-9999.0,-9999.0,N,AM,ITACOATIARA,A121,-3.13333333,-58.48277777,41.54
111,2019-01-19,12:00,-9999.0,-9999.0,-9999.0,-9999.0,-9999,-9999.0,-9999.0,-9999.0,-9999.0,-9999.0,-9999.0,-9999,-9999,-9999,-9999,-9999.0,-9999.0,N,AM,ITACOATIARA,A121,-3.13333333,-58.48277777,41.54
112,2019-01-19,16:00,-9999.0,-9999.0,-9999.0,-9999.0,-9999,-9999.0,-9999.0,-9999.0,-9999.0,-9999.0,-9999.0,-9999,-9999,-9999,-9999,-9999.0,-9999.0,N,AM,ITACOATIARA,A121,-3.13333333,-58.48277777,41.54
113,2019-01-19,20:00,-9999.0,-9999.0,-9999.0,-9999.0,-9999,-9999.0,-9999.0,-9999.0,-9999.0,-9999.0,-9999.0,-9999,-9999,-9999,-9999,-9999.0,-9999.0,N,AM,ITACOATIARA,A121,-3.13333333,-58.48277777,41.54
114,2019-01-20,00:00,-9999.0,-9999.0,-9999.0,-9999.0,-9999,-9999.0,-9999.0,-9999.0,-9999.0,-9999.0,-9999.0,-9999,-9999,-9999,-9999,-9999.0,-9999.0,N,AM,ITACOATIARA,A121,-3.13333333,-58.48277777,41.54
115,2019-01-20,04:00,-9999.0,-9999.0,-9999.0,-9999.0,-9999,-9999.0,-9999.0,-9999.0,-9999.0,-9999.0,-9999.0,-9999,-9999,-9999,-9999,-9999.0,-9999.0,N,AM,ITACOATIARA,A121,-3.13333333,-58.48277777,41.54
116,2019-01-20,08:00,-9999.0,-9999.0,-9999.0,-9999.0,-9999,-9999.0,-9999.0,-9999.0,-9999.0,-9999.0,-9999.0,-9999,-9999,-9999,-9999,-9999.0,-9999.0,N,AM,ITACOATIARA,A121,-3.13333333,-58.48277777,41.54
117,2019-01-20,12:00,-9999.0,-9999.0,-9999.0,-9999.0,-9999,-9999.0,-9999.0,-9999.0,-9999.0,-9999.0,-9999.0,-9999,-9999,-9999,-9999,-9999.0,-9999.0,N,AM,ITACOATIARA,A121,-3.13333333,-58.48277777,41.54
118,2019-01-20,16:00,-9999.0,-9999.0,-9999.0,-9999.0,-9999,-9999.0,-9999.0,-9999.0,-9999.0,-9999.0,-9999.0,-9999,-9999,-9999,-9999,-9999.0,-9999.0,N,AM,ITACOATIARA,A121,-3.13333333,-58.48277777,41.54
119,2019-01-20,20:00,-9999.0,-9999.0,-9999.0,-9999.0,-9999,-9999.0,-9999.0,-9999.0,-9999.0,-9999.0,-9999.0,-9999,-9999,-9999,-9999,-9999.0,-9999.0,N,AM,ITACOATIARA,A121,-3.13333333,-58.48277777,41.54
120,2019-01-21,00:00,-9999.0,-9999.0,-9999.0,-9999.0,-9999,-9999.0,-9999.0,-9999.0,-9999.0,-9999.0,-9999.0,-9999,-9999,-9999,-9999,-9999.0,-9999.0,N,AM,ITACOATIARA,A121,-3.13333333,-58.48277777,41.54
121,2019-01-21,04:00,-9999.0,-9999.0,-9999.0,-9999.0,-9999,-9999.0,-9999.0,-9999.0,-9999.0,-9999.0,-9999.0,-9999,-9999,-9999,-9999,-9999.0,-9999.0,N,AM,ITACOATIARA,A121,-3.13333333,-58.48277777,41.54
122,2019-01-21,08:00,-9999.0,-9999.0,-9999.0,-9999.0,-9999,-9999.0,-9999.0,-9999.0,-9999.0,-9999.0,-9999.0,-9999,-9999,-9999,-9999,-9999.0,-9999.0,N,AM,ITACOATIARA,A121,-3.13333333,-58.48277777,41.54
123,2019-01-21,12:00,-9999.0,-9999.0,-9999.0,-9999.0,-9999,-9999.0,-9999.0,-9999.0,-9999.0,-9999.0,-9999.0,-9999,-9999,-9999,-9999,-9999.0,-9999.0,N,AM,ITACOATIARA,A121,-3.13333333,-58.48277777,41.54
124,2019-01-21,16:00,-9999.0,-9999.0,-9999.0,-9999.0,-9999,-9999.0,-9999.0,-9999.0,-9999.0,-9999.0,-9999.0,-9999,-9999,-9999,-9999,-9999.0,-9999.0,N,AM,ITACOATIARA,A121,-3.13333333,-58.48277777,41.54
125,2019-01-21,20:00,-9999.0,-9999.0,-9999.0,-9999.0,-9999,-9999.0,-9999.0,-9999.0,-9999.0,-9999.0,-9999.0,-9999,-9999,-9999,-9999,-9999.0,-9999.0,N,AM,ITACOATIARA,A121,-3.13333333,-58.48277777,41.54
126,2019-01-22,00:00,-9999.0,-9999.0,-9999.0,-9999.0,-9999,-9999.0,-9999.0,-9999.0,-9999.0,-9999.0,-9999.0,-9999,-9999,-9999,-9999,-9999.0,-9999.0,N,AM,ITACOATIARA,A121,-3.13333333,-58.48277777,41.54
127,2019-01-22,04:00,-9999.0,-9999.0,-9999.0,-9999.0,-9999,-9999.0,-9999.0,-9999.0,-9999.0,-9999.0,-9999.0,-9999,-9999,-9999,-9999,-9999.0,-9999.0,N,AM,ITACOATIARA,A121,-3.13333333,-58.48277777,41.54
128,2019-01-22,08:00,-9999.0,-9999.0,-9999.0,-9999.0,-9999,-9999.0,-9999.0,-9999.0,-9999.0,-9999.0,-9999.0,-9999,-9999,-9999,-9999,-9999.0,-9999.0,N,AM,ITACOATIARA,A121,-3.13333333,-58.48277777,41.54
129,2019-01-22,12:00,-9999.0,-9999.0,-9999.0,-9999.0,-9999,-9999.0,-9999.0,-9999.0,-9999.0,-9999.0,-9999.0,-9999,-9999,-9999,-9999,-9999.0,-9999.0,N,AM,ITACOATIARA,A121,-3.13333333,-58.48277777,41.54
130,2019-01-22,16:00,-9999.0,-9999.0,-9999.0,-9999.0,-9999,-9999.0,-9999.0,-9999.0,-9999.0,-9999.0,-9999.0,-9999,-9999,-9999,-9999,-9999.0,-9999.0,N,AM,ITACOATIARA,A121,-3.13333333,-58.48277777,41.54
131,2019-01-22,20:00,-9999.0,-9999.0,-9999.0,-9999.0,-9999,-9999.0,-9999.0,-9999.0,-9999.0,-9999.0,-9999.0,-9999,-9999,-9999,-9999,-9999.0,-9999.0,N,AM,ITACOATIARA,A121,-3.13333333,-58.48277777,41.54
132,2019-01-23,00:00,-9999.0,-9999.0,-9999.0,-9999.0,-9999,-9999.0,-9999.0,-9999.0,-9999.0,-9999.0,-9999.0,-9999,-9999,-9999,-9999,-9999.0,-9999.0,N,AM,ITACOATIARA,A121,-3.13333333,-58.48277777,41.54
133,2019-01-23,04:00,-9999.0,-9999.0,-9999.0,-9999.0,-9999,-9999.0,-9999.0,-9999.0,-9999.0,-9999.0,-9999.0,-9999,-9999,-9999,-9999,-9999.0,-9999.0,N,AM,ITACOATIARA,A121,-3.13333333,-58.48277777,41.54
134,2019-01-23,08:00,-9999.0,-9999.0,-9999.0,-9999.0,-9999,-9999.0,-9999.0,-9999.0,-9999.0,-9999.0,-9999.0,-9999,-9999,-9999,-9999,-9999.0,-9999.0,N,AM,ITACOATIARA,A121,-3.13333333,-58.48277777,41.54
135,2019-01-23,12:00,-9999.0,-9999.0,-9999.0,-9999.0,-9999,-9999.0,-9999.0,-9999.0,-9999.0,-9999.0,-9999.0,-9999,-9999,-9999,-9999,-9999.0,-9999.0,N,AM,ITACOATIARA,A121,-3.13333333,-58.48277777,41.54
136,2019-01-23,16:00,-9999.0,-9999.0,-9999.0,-9999.0,-9999,-9999.0,-9999.0,-9999.0,-9999.0,-9999.0,-9999.0,-9999,-9999,-9999,-9999,-9999.0,-9999.0,N,AM,ITACOATIARA,A121,-3.13333333,-58.48277777,41.54
137,2019-01-23,20:00,-9999.0,-9999.0,-9999.0,-9999.0,-9999,-9999.0,-9999.0,-9999.0,-9999.0,-9999.0,-9999.0,-9999,-9999,-9999,-9999,-9999.0,-9999.0,N,AM,ITACOATIARA,A121,-3.13333333,-58.48277777,41.54
138,2019-01-24,00:00,-9999.0,-9999.0,-9999.0,-9999.0,-9999,-9999.0,-9999.0,-9999.0,-9999.0,-9999.0,-9999.0,-9999,-9999,-9999,-9999,-9999.0,-9999.0,N,AM,ITACOATIARA,A121,-3.13333333,-58.48277777,41.54
139,2019-01-24,04:00,-9999.0,-9999.0,-9999.0,-9999.0,-9999,-9999.0,-9999.0,-9999.0,-9999.0,-9999.0,-9999.0,-9999,-9999,-9999,-9999,-9999.0,-9999.0,N,AM,ITACOATIARA,A121,-3.13333333,-58.48277777,41.54
140,2019-01-24,08:00,-9999.0,-9999.0,-9999.0,-9999.0,-9999,-9999.0,-9999.0,-9999.0,-9999.0,-9999.0,-9999.0,-9999,-9999,-9999,-9999,-9999.0,-9999.0,N,AM,ITACOATIARA,A121,-3.13333333,-58.48277777,41.54
141,2019-01-24,12:00,-9999.0,-9999.0,-9999.0,-9999.0,-9999,-9999.0,-9999.0,-9999.0,-9999.0,-9999.0,-9999.0,-9999,-9999,-9999,-9999,-9999.0,-9999.0,N,AM,ITACOATIARA,A121,-3.13333333,-58.48277777,41.54
142,2019-01-24,16:00,-9999.0,-9999.0,-9999.0,-9999.0,-9999,-9999.0,-9999.0,-9999.0,-9999.0,-9999.0,-9999.0,-9999,-9999,-9999,-9999,-9999.0,-9999.0,N,AM,ITACOATIARA,A121,-3.13333333,-58.48277777,41.54
143,2019-01-24,20:00,-9999.0,-9999.0,-9999.0,-9999.0,-9999,-9999.0,-9999.0,-9999.0,-9999.0,-9999.0,-9999.0,-9999,-9999,-9999,-9999,-9999.0,-9999.0,N,AM,ITACOATIARA,A121,-3.13333333,-58.48277777,41.54
144,2019-01-25,00:00,-9999.0,-9999.0,-9999.0,-9999.0,-9999,-9999.0,-9999.0,-9999.0,-9999.0,-9999.0,-9999.0,-9999,-9999,-9999,-9999,-9999.0,-9999.0,N,AM,ITACOATIARA,A121,-3.13333333,-58.48277777,41.54
145,2019-01-25,04:00,-9999.0,-9999.0,-9999.0,-9999.0,-9999,-9999.0,-9999.0,-9999.0,-9999.0,-9999.0,-9999.0,-9999,-9999,-9999,-9999,-9999.0,-9999.0,N,AM,ITACOATIARA,A121,-3.13333333,-58.48277777,41.54
146,2019-01-25,08:00,-9999.0,-9999.0,-9999.0,-9999.0,-9999,-9999.0,-9999.0,-9999.0,-9999.0,-9999.0,-9999.0,-9999,-9999,-9999,-9999,-9999.0,-9999.0,N,AM,ITACOATIARA,A121,-3.13333333,-58.48277777,41.54
147,2019-01-25,12:00,-9999.0,-9999.0,-9999.0,-9999.0,-9999,-9999.0,-9999.0,-9999.0,-9999.0,-9999.0,-9999.0,-9999,-9999,-9999,-9999,-9999.0,-9999.0,N,AM,ITACOATIARA,A121,-3.13333333,-58.48277777,41.54
148,2019-01-25,16:00,-9999.0,-9999.0,-9999.0,-9999.0,-9999,-9999.0,-9999.0,-9999.0,-9999.0,-9999.0,-9999.0,-9999,-9999,-9999,-9999,-9999.0,-9999.0,N,AM,ITACOATIARA,A121,-3.13333333,-58.48277777,41.54
149,2019-01-25,20:00,-9999.0,-9999.0,-9999.0,-9999.0,-9999,-9999.0,-9999.0,-9999.0,-9999.0,-9999.0,-9999.0,-9999,-9999,-9999,-9999,-9999.0,-9999.0,N,AM,ITACOATIARA,A121,-3.13333333,-58.48277777,41.54
150,2019-01-26,00:00,-9999.0,-9999.0,-9999.0,-9999.0,-9999,-9999.0,-9999.0,-9999.0,-9999.0,-9999.0,-9999.0,-9999,-9999,-9999,-9999,-9999.0,-9999.0,N,AM,ITACOATIARA,A121,-3.13333333,-58.48277777,41.54
151,2019-01-26,04:00,-9999.0,-9999.0,-9999.0,-9999.0,-9999,-9999.0,-9999.0,-9999.0,-9999.0,-9999.0,-9999.0,-9999,-9999,-9999,-9999,-9999.0,-9999.0,N,AM,ITACOATIARA,A121,-3.13333333,-58.48277777,41.54
152,2019-01-26,08:00,-9999.0,-9999.0,-9999.0,-9999.0,-9999,-9999.0,-9999.0,-9999.0,-9999.0,-9999.0,-9999.0,-9999,-9999,-9999,-9999,-9999.0,-9999.0,N,AM,ITACOATIARA,A121,-3.13333333,-58.48277777,41.54
153,2019-01-26,12:00,-9999.0,-9999.0,-9999.0,-9999.0,-9999,-9999.0,-9999.0,-9999.0,-9999.0,-9999.0,-9999.0,-9999,-9999,-9999,-9999,-9999.0,-9999.0,N,AM,ITACOATIARA,A121,-3.13333333,-58.48277777,41.54
154,2019-01-26,16:00,-9999.0,-9999.0,-9999.0,-9999.0,-9999,-9999.0,-9999.0,-9999.0,-9999.0,-9999.0,-9999.0,-9999,-9999,-9999,-9999,-9999.0,-9999.0,N,AM,ITACOATIARA,A121,-3.13333333,-58.48277777,41.54
155,2019-01-26,20:00,-9999.0,-9999.0,-9999.0,-9999.0,-9999,-9999.0,-9999.0,-9999.0,-9999.0,-9999.0,-9999.0,-9999,-9999,-9999,-9999,-9999.0,-9999.0,N,AM,ITACOATIARA,A121,-3.13333333,-58.48277777,41.54
156,2019-01-27,00:00,-9999.0,-9999.0,-9999.0,-9999.0,-9999,-9999.0,-9999.0,-9999.0,-9999.0,-9999.0,-9999.0,-9999,-9999,-9999,-9999,-9999.0,-9999.0,N,AM,ITACOATIARA,A121,-3.13333333,-58.48277777,41.54
157,2019-01-27,04:00,-9999.0,-9999.0,-9999.0,-9999.0,-9999,-9999.0,-9999.0,-9999.0,-9999.0,-9999.0,-9999.0,-9999,-9999,-9999,-9999,-9999.0,-9999.0,N,AM,ITACOATIARA,A121,-3.13333333,-58.48277777,41.54
158,2019-01-27,08:00,-9999.0,-9999.0,-9999.0,-9999.0,-9999,-9999.0,-9999.0,-9999.0,-9999.0,-9999.0,-9999.0,-9999,-9999,-9999,-9999,-9999.0,-9999.0,N,AM,ITACOATIARA,A121,-3.13333333,-58.48277777,41.54
159,2019-01-27,12:00,-9999.0,-9999.0,-9999.0,-9999.0,-9999,-9999.0,-9999.0,-9999.0,-9999.0,-9999.0,-9999.0,-9999,-9999,-9999,-9999,-9999.0,-9999.0,N,AM,ITACOATIARA,A121,-3.13333333,-58.48277777,41.54
160,2019-01-27,16:00,-9999.0,-9999.0,-9999.0,-9999.0,-9999,-9999.0,-9999.0,-9999.0,-9999.0,-9999.0,-9999.0,-9999,-9999,-9999,-9999,-9999.0,-9999.0,N,AM,ITACOATIARA,A121,-3.13333333,-58.48277777,41.54
161,2019-01-27,20:00,-9999.0,-9999.0,-9999.0,-9999.0,-9999,-9999.0,-9999.0,-9999.0,-9999.0,-9999.0,-9999.0,-9999,-9999,-9999,-9999,-9999.0,-9999.0,N,AM,ITACOATIARA,A121,-3.13333333,-58.48277777,41.54
162,2019-01-28,00:00,-9999.0,-9999.0,-9999.0,-9999.0,-9999,-9999.0,-9999.0,-9999.0,-9999.0,-9999.0,-9999.0,-9999,-9999,-9999,-9999,-9999.0,-9999.0,N,AM,ITACOATIARA,A121,-3.13333333,-58.48277777,41.54
163,2019-01-28,04:00,-9999.0,-9999.0,-9999.0,-9999.0,-9999,-9999.0,-9999.0,-9999.0,-9999.0,-9999.0,-9999.0,-9999,-9999,-9999,-9999,-9999.0,-9999.0,N,AM,ITACOATIARA,A121,-3.13333333,-58.48277777,41.54
164,2019-01-28,08:00,-9999.0,-9999.0,-9999.0,-9999.0,-9999,-9999.0,-9999.0,-9999.0,-9999.0,-9999.0,-9999.0,-9999,-9999,-9999,-9999,-9999.0,-9999.0,N,AM,ITACOATIARA,A121,-3.13333333,-58.48277777,41.54
165,2019-01-28,12:00,-9999.0,-9999.0,-9999.0,-9999.0,-9999,-9999.0,-9999.0,-9999.0,-9999.0,-9999.0,-9999.0,-9999,-9999,-9999,-9999,-9999.0,-9999.0,N,AM,ITACOATIARA,A121,-3.13333333,-58.48277777,41.54
166,2019-01-28,16:00,-9999.0,-9999.0,-9999.0,-9999.0,-9999,-9999.0,-9999.0,-9999.0,-9999.0,-9999.0,-9999.0,-9999,-9999,-9999,-9999,-9999.0,-9999.0,N,AM,ITACOATIARA,A121,-3.13333333,-58.48277777,41.54
167,2019-01-28,20:00,-9999.0,-9999.0,-9999.0,-9999.0,-9999,-9999.0,-9999.0,-9999.0,-9999.0,-9999.0,-9999.0,-9999,-9999,-9999,-9999,-9999.0,-9999.0,N,AM,ITACOATIARA,A121,-3.13333333,-58.48277777,41.54
168,2019-01-29,00:00,-9999.0,-9999.0,-9999.0,-9999.0,-9999,-9999.0,-9999.0,-9999.0,-9999.0,-9999.0,-9999.0,-9999,-9999,-9999,-9999,-9999.0,-9999.0,N,AM,ITACOATIARA,A121,-3.13333333,-58.48277777,41.54
169,2019-01-29,04:00,-9999.0,-9999.0,-9999.0,-9999.0,-9999,-9999.0,-9999.0,-9999.0,-9999.0,-9999.0,-9999.0,-9999,-9999,-9999,-9999,-9999.0,-9999.0,N,AM,ITACOATIARA,A121,-3.13333333,-58.48277777,41.54
170,2019-01-29,08:00,-9999.0,-9999.0,-9999.0,-9999.0,-9999,-9999.0,-9999.0,-9999.0,-9999.0,-9999.0,-9999.0,-9999,-9999,-9999,-9999,-9999.0,-9999.0,N,AM,ITACOATIARA,A121,-3.13333333,-58.48277777,41.54
171,2019-01-29,12:00,-9999.0,-9999.0,-9999.0,-9999.0,-9999,-9999.0,-9999.0,-9999.0,-9999.0,-9999.0,-9999.0,-9999,-9999,-9999,-9999,-9999.0,-9999.0,N,AM,ITACOATIARA,A121,-3.13333333,-58.48277777,41.54
172,2019-01-29,16:00,-9999.0,-9999.0,-9999.0,-9999.0,-9999,-9999.0,-9999.0,-9999.0,-9999.0,-9999.0,-9999.0,-9999,-9999,-9999,-9999,-9999.0,-9999.0,N,AM,ITACOATIARA,A121,-3.13333333,-58.48277777,41.54
173,2019-01-29,20:00,-9999.0,-9999.0,-9999.0,-9999.0,-9999,-9999.0,-9999.0,-9999.0,-9999.0,-9999.0,-9999.0,-9999,-9999,-9999,-9999,-9999.0,-9999.0,N,AM,ITACOATIARA,A121,-3.13333333,-58.48277777,41.54
174,2019-01-30,00:00,-9999.0,-9999.0,-9999.0,-9999.0,-9999,-9999.0,-9999.0,-9999.0,-9999.0,-9999.0,-9999.0,-9999,-9999,-9999,-9999,-9999.0,-9999.0,N,AM,ITACOATIARA,A121,-3.13333333,-58.48277777,41.54
175,2019-01-30,04:00,-9999.0,-9999.0,-9999.0,-9999.0,-9999,-9999.0,-9999.0,-9999.0,-9999.0,-9999.0,-9999.0,-9999,-9999,-9999,-9999,-9999.0,-9999.0,N,AM,ITACOATIARA,A121,-3.13333333,-58.48277777,41.54
176,2019-01-30,08:00,-9999.0,-9999.0,-9999.0,-9999.0,-9999,-9999.0,-9999.0,-9999.0,-9999.0,-9999.0,-9999.0,-9999,-9999,-9999,-9999,-9999.0,-9999.0,N,AM,ITACOATIARA,A121,-3.13333333,-58.48277777,41.54
177,2019-01-30,12:00,-9999.0,-9999.0,-9999.0,-9999.0,-9999,-9999.0,-9999.0,-9999.0,-9999.0,-9999.0,-9999.0,-9999,-9999,-9999,-9999,-9999.0,-9999.0,N,AM,ITACOATIARA,A121,-3.13333333,-58.48277777,41.54
178,2019-01-30,16:00,-9999.0,-9999.0,-9999.0,-9999.0,-9999,-9999.0,-9999.0,-9999.0,-9999.0,-9999.0,-9999.0,-9999,-9999,-9999,-9999,-9999.0,-9999.0,N,AM,ITACOATIARA,A121,-3.13333333,-58.48277777,41.54
179,2019-01-30,20:00,-9999.0,-9999.0,-9999.0,-9999.0,-9999,-9999.0,-9999.0,-9999.0,-9999.0,-9999.0,-9999.0,-9999,-9999,-9999,-9999,-9999.0,-9999.0,N,AM,ITACOATIARA,A121,-3.13333333,-58.48277777,41.54
180,2019-01-31,00:00,-9999.0,-9999.0,-9999.0,-9999.0,-9999,-9999.0,-9999.0,-9999.0,-9999.0,-9999.0,-9999.0,-9999,-9999,-9999,-9999,-9999.0,-9999.0,N,AM,ITACOATIARA,A121,-3.13333333,-58.48277777,41.54
181,2019-01-31,04:00,-9999.0,-9999.0,-9999.0,-9999.0,-9999,-9999.0,-9999.0,-9999.0,-9999.0,-9999.0,-9999.0,-9999,-9999,-9999,-9999,-9999.0,-9999.0,N,AM,ITACOATIARA,A121,-3.13333333,-58.48277777,41.54
182,2019-01-31,08:00,-9999.0,-9999.0,-9999.0,-9999.0,-9999,-9999.0,-9999.0,-9999.0,-9999.0,-9999.0,-9999.0,-9999,-9999,-9999,-9999,-9999.0,-9999.0,N,AM,ITACOATIARA,A121,-3.13333333,-58.48277777,41.54
183,2019-01-31,12:00,-9999.0,-9999.0,-9999.0,-9999.0,-9999,-9999.0,-9999.0,-9999.0,-9999.0,-9999.0,-9999.0,-9999,-9999,-9999,-9999,-9999.0,-9999.0,N,AM,ITACOATIARA,A121,-3.13333333,-58.48277777,41.54
184,2019-01-31,16:00,-9999.0,-9999.0,-9999.0,-9999.0,-9999,-9999.0,-9999.0,-9999.0,-9999.0,-9999.0,-9999.0,-9999,-9999,-9999,-9999,-9999.0,-9999.0,N,AM,ITACOATIARA,A121,-3.13333333,-58.48277777,41.54
185,2019-01-31,20:00,-9999.0,-9999.0,-9999.0,-9999.0,-9999,-9999.0,-9999.0,-9999.0,-9999.0,-9999.0,-9999.0,-9999,-9999,-9999,-9999,-9999.0,-9999.0,N,AM,ITACOATIARA,A121,-3.13333333,-58.48277777,41.54
186,2019-02-01,00:00,-9999.0,-9999.0,-9999.0,-9999.0,-9999,-9999.0,-9999.0,-9999.0,-9999.0,-9999.0,-9999.0,-9999,-9999,-9999,-9999,-9999.0,-9999.0,N,AM,ITACOATIARA,A121,-3.13333333,-58.48277777,41.54
187,2019-02-01,04:00,-9999.0,-9999.0,-9999.0,-9999.0,-9999,-9999.0,-9999.0,-9999.0,-9999.0,-9999.0,-9999.0,-9999,-9999,-9999,-9999,-9999.0,-9999.0,N,AM,ITACOATIARA,A121,-3.13333333,-58.48277777,41.54
188,2019-02-01,08:00,-9999.0,-9999.0,-9999.0,-9999.0,-9999,-9999.0,-9999.0,-9999.0,-9999.0,-9999.0,-9999.0,-9999,-9999,-9999,-9999,-9999.0,-9999.0,N,AM,ITACOATIARA,A121,-3.13333333,-58.48277777,41.54
189,2019-02-01,12:00,-9999.0,-9999.0,-9999.0,-9999.0,-9999,-9999.0,-9999.0,-9999.0,-9999.0,-9999.0,-9999.0,-9999,-9999,-9999,-9999,-9999.0,-9999.0,N,AM,ITACOATIARA,A121,-3.13333333,-58.48277777,41.54
190,2019-02-01,16:00,-9999.0,-9999.0,-9999.0,-9999.0,-9999,-9999.0,-9999.0,-9999.0,-9999.0,-9999.0,-9999.0,-9999,-9999,-9999,-9999,-9999.0,-9999.0,N,AM,ITACOATIARA,A121,-3.13333333,-58.48277777,41.54
191,2019-02-01,20:00,-9999.0,-9999.0,-9999.0,-9999.0,-9999,-9999.0,-9999.0,-9999.0,-9999.0,-9999.0,-9999.0,-9999,-9999,-9999,-9999,-9999.0,-9999.0,N,AM,ITACOATIARA,A121,-3.13333333,-58.48277777,41.54
192,2019-02-02,00:00,-9999.0,-9999.0,-9999.0,-9999.0,-9999,-9999.0,-9999.0,-9999.0,-9999.0,-9999.0,-9999.0,-9999,-9999,-9999,-9999,-9999.0,-9999.0,N,AM,ITACOATIARA,A121,-3.13333333,-58.48277777,41.54
193,2019-02-02,04:00,-9999.0,-9999.0,-9999.0,-9999.0,-9999,-9999.0,-9999.0,-9999.0,-9999.0,-9999.0,-9999.0,-9999,-9999,-9999,-9999,-9999.0,-9999.0,N,AM,ITACOATIARA,A121,-3.13333333,-58.48277777,41.54
194,2019-02-02,08:00,-9999.0,-9999.0,-9999.0,-9999.0,-9999,-9999.0,-9999.0,-9999.0,-9999.0,-9999.0,-9999.0,-9999,-9999,-9999,-9999,-9999.0,-9999.0,N,AM,ITACOATIARA,A121,-3.13333333,-58.48277777,41.54
195,2019-02-02,12:00,-9999.0,-9999.0,-9999.0,-9999.0,-9999,-9999.0,-9999.0,-9999.0,-9999.0,-9999.0,-9999.0,-9999,-9999,-9999,-9999,-9999.0,-9999.0,N,AM,ITACOATIARA,A121,-3.13333333,-58.48277777,41.54
196,2019-02-02,16:00,-9999.0,-9999.0,-9999.0,-9999.0,-9999,-9999.0,-9999.0,-9999.0,-9999.0,-9999.0,-9999.0,-9999,-9999,-9999,-9999,-9999.0,-9999.0,N,AM,ITACOATIARA,A121,-3.13333333,-58.48277777,41.54
197,2019-02-02,20:00,-9999.0,-9999.0,-9999.0,-9999.0,-9999,-9999.0,-9999.0,-9999.0,-9999.0,-9999.0,-9999.0,-9999,-9999,-9999,-9999,-9999.0,-9999.0,N,AM,ITACOATIARA,A121,-3.13333333,-58.48277777,41.54
198,2019-02-03,00:00,-9999.0,-9999.0,-9999.0,-9999.0,-9999,-9999.0,-9999.0,-9999.0,-9999.0,-9999.0,-9999.0,-9999,-9999,-9999,-9999,-9999.0,-9999.0,N,AM,ITACOATIARA,A121,-3.13333333,-58.48277777,41.54
199,2019-02-03,04:00,-9999.0,-9999.0,-9999.0,-9999.0,-9999,-9999.0,-9999.0,-9999.0,-9999.0,-9999.0,-9999.0,-9999,-9999,-9999,-9999,-9999.0,-9999.0,N,AM,ITACOATIARA,A121,-3.13333333,-58.48277777,41.54
200,2019-02-03,08:00,-9999.0,-9999.0,-9999.0,-9999.0,-9999,-9999.0,-9999.0,-9999.0,-9999.0,-9999.0,-9999.0,-9999,-9999,-9999,-9999,-9999.0,-9999.0,N,AM,ITACOATIARA,A121,-3.13333333,-58.48277777,41.54
201,2019-02-03,12:00,-9999.0,-9999.0,-9999.0,-9999.0,-9999,-9999.0,-9999.0,-9999.0,-9999.0,-9999.0,-9999.0,-9999,-9999,-9999,-9999,-9999.0,-9999.0,N,AM,ITACOATIARA,A121,-3.13333333,-58.48277777,41.54
202,2019-02-03,16:00,-9999.0,-9999.0,-9999.0,-9999.0,-9999,-9999.0,-9999.0,-9999.0,-9999.0,-9999.0,-9999.0,-9999,-9999,-9999,-9999,-9999.0,-9999.0,N,AM,ITACOATIARA,A121,-3.13333333,-58.48277777,41.54
203,2019-02-03,20:00,-9999.0,-9999.0,-9999.0,-9999.0,-9999,-9999.0,-9999.0,-9999.0,-9999.0,-9999.0,-9999.0,-9999,-9999,-9999,-9999,-9999.0,-9999.0,N,AM,ITACOATIARA,A121,-3.13333333,-58.48277777,41.54
204,2019-02-04,00:00,-9999.0,-9999.0,-9999.0,-9999.0,-9999,-9999.0,-9999.0,-9999.0,-9999.0,-9999.0,-9999.0,-9999,-9999,-9999,-9999,-9999.0,-9999.0,N,AM,ITACOATIARA,A121,-3.13333333,-58.48277777,41.54
205,2019-02-04,04:00,-9999.0,-9999.0,-9999.0,-9999.0,-9999,-9999.0,-9999.0,-9999.0,-9999.0,-9999.0,-9999.0,-9999,-9999,-9999,-9999,-9999.0,-9999.0,N,AM,ITACOATIARA,A121,-3.13333333,-58.48277777,41.54
206,2019-02-04,08:00,-9999.0,-9999.0,-9999.0,-9999.0,-9999,-9999.0,-9999.0,-9999.0,-9999.0,-9999.0,-9999.0,-9999,-9999,-9999,-9999,-9999.0,-9999.0,N,AM,ITACOATIARA,A121,-3.13333333,-58.48277777,41.54
207,2019-02-04,12:00,-9999.0,-9999.0,-9999.0,-9999.0,-9999,-9999.0,-9999.0,-9999.0,-9999.0,-9999.0,-9999.0,-9999,-9999,-9999,-9999,-9999.0,-9999.0,N,AM,ITACOATIARA,A121,-3.13333333,-58.48277777,41.54
208,2019-02-04,16:00,-9999.0,-9999.0,-9999.0,-9999.0,-9999,-9999.0,-9999.0,-9999.0,-9999.0,-9999.0,-9999.0,-9999,-9999,-9999,-9999,-9999.0,-9999.0,N,AM,ITACOATIARA,A121,-3.13333333,-58.48277777,41.54
209,2019-02-04,20:00,-9999.0,-9999.0,-9999.0,-9999.0,-9999,-9999.0,-9999.0,-9999.0,-9999.0,-9999.0,-9999.0,-9999,-9999,-9999,-9999,-9999.0,-9999.0,N,AM,ITACOATIARA,A121,-3.13333333,-58.48277777,41.54
210,2019-02-05,00:00,-9999.0,-9999.0,-9999.0,-9999.0,-9999,-9999.0,-9999.0,-9999.0,-9999.0,-9999.0,-9999.0,-9999,-9999,-9999,-9999,-9999.0,-9999.0,N,AM,ITACOATIARA,A121,-3.13333333,-58.48277777,41.54
211,2019-02-05,04:00,-9999.0,-9999.0,-9999.0,-9999.0,-9999,-9999.0,-9999.0,-9999.0,-9999.0,-9999.0,-9999.0,-9999,-9999,-9999,-9999,-9999.0,-9999.0,N,AM,ITACOATIARA,A121,-3.13333333,-58.48277777,41.54
212,2019-02-05,08:00,-9999.0,-9999.0,-9999.0,-9999.0,-9999,-9999.0,-9999.0,-9999.0,-9999.0,-9999.0,-9999.0,-9999,-9999,-9999,-9999,-9999.0,-9999.0,N,AM,ITACOATIARA,A121,-3.13333333,-58.48277777,41.54
213,2019-02-05,12:00,-9999.0,-9999.0,-9999.0,-9999.0,-9999,-9999.0,-9999.0,-9999.0,-9999.0,-9999.0,-9999.0,-9999,-9999,-9999,-9999,-9999.0,-9999.0,N,AM,ITACOATIARA,A121,-3.13333333,-58.48277777,41.54
214,2019-02-05,16:00,-9999.0,-9999.0,-9999.0,-9999.0,-9999,-9999.0,-9999.0,-9999.0,-9999.0,-9999.0,-9999.0,-9999,-9999,-9999,-9999,-9999.0,-9999.0,N,AM,ITACOATIARA,A121,-3.13333333,-58.48277777,41.54
215,2019-02-05,20:00,-9999.0,-9999.0,-9999.0,-9999.0,-9999,-9999.0,-9999.0,-9999.0,-9999.0,-9999.0,-9999.0,-9999,-9999,-9999,-9999,-9999.0,-9999.0,N,AM,ITACOATIARA,A121,-3.13333333,-58.48277777,41.54
216,2019-02-06,00:00,-9999.0,-9999.0,-9999.0,-9999.0,-9999,-9999.0,-9999.0,-9999.0,-9999.0,-9999.0,-9999.0,-9999,-9999,-9999,-9999,-9999.0,-9999.0,N,AM,ITACOATIARA,A121,-3.13333333,-58.48277777,41.54
217,2019-02-06,04:00,-9999.0,-9999.0,-9999.0,-9999.0,-9999,-9999.0,-9999.0,-9999.0,-9999.0,-9999.0,-9999.0,-9999,-9999,-9999,-9999,-9999.0,-9999.0,N,AM,ITACOATIARA,A121,-3.13333333,-58.48277777,41.54
218,2019-02-06,08:00,-9999.0,-9999.0,-9999.0,-9999.0,-9999,-9999.0,-9999.0,-9999.0,-9999.0,-9999.0,-9999.0,-9999,-9999,-9999,-9999,-9999.0,-9999.0,N,AM,ITACOATIARA,A121,-3.13333333,-58.48277777,41.54
219,2019-02-06,12:00,-9999.0,-9999.0,-9999.0,-9999.0,-9999,-9999.0,-9999.0,-9999.0,-9999.0,-9999.0,-9999.0,-9999,-9999,-9999,-9999,-9999.0,-9999.0,N,AM,ITACOATIARA,A121,-3.13333333,-58.48277777,41.54
220,2019-02-06,16:00,-9999.0,-9999.0,-9999.0,-9999.0,-9999,-9999.0,-9999.0,-9999.0,-9999.0,-9999.0,-9999.0,-9999,-9999,-9999,-9999,-9999.0,-9999.0,N,AM,ITACOATIARA,A121,-3.13333333,-58.48277777,41.54
221,2019-02-06,20:00,-9999.0,-9999.0,-9999.0,-9999.0,-9999,-9999.0,-9999.0,-9999.0,-9999.0,-9999.0,-9999.0,-9999,-9999,-9999,-9999,-9999.0,-9999.0,N,AM,ITACOATIARA,A121,-3.13333333,-58.48277777,41.54
222,2019-02-07,00:00,-9999.0,-9999.0,-9999.0,-9999.0,-9999,-9999.0,-9999.0,-9999.0,-9999.0,-9999.0,-9999.0,-9999,-9999,-9999,-9999,-9999.0,-9999.0,N,AM,ITACOATIARA,A121,-3.13333333,-58.48277777,41.54
223,2019-02-07,04:00,-9999.0,-9999.0,-9999.0,-9999.0,-9999,-9999.0,-9999.0,-9999.0,-9999.0,-9999.0,-9999.0,-9999,-9999,-9999,-9999,-9999.0,-9999.0,N,AM,ITACOATIARA,A121,-3.13333333,-58.48277777,41.54
224,2019-02-07,08:00,-9999.0,-9999.0,-9999.0,-9999.0,-9999,-9999.0,-9999.0,-9999.0,-9999.0,-9999.0,-9999.0,-9999,-9999,-9999,-9999,-9999.0,-9999.0,N,AM,ITACOATIARA,A121,-3.13333333,-58.48277777,41.54
225,2019-02-07,12:00,-9999.0,-9999.0,-9999.0,-9999.0,-9999,-9999.0,-9999.0,-9999.0,-9999.0,-9999.0,-9999.0,-9999,-9999,-9999,-9999,-9999.0,-9999.0,N,AM,ITACOATIARA,A121,-3.13333333,-58.48277777,41.54
226,2019-02-07,16:00,-9999.0,-9999.0,-9999.0,-9999.0,-9999,-9999.0,-9999.0,-9999.0,-9999.0,-9999.0,-9999.0,-9999,-9999,-9999,-9999,-9999.0,-9999.0,N,AM,ITACOATIARA,A121,-3.13333333,-58.48277777,41.54
227,2019-02-07,20:00,-9999.0,-9999.0,-9999.0,-9999.0,-9999,-9999.0,-9999.0,-9999.0,-9999.0,-9999.0,-9999.0,-9999,-9999,-9999,-9999,-9999.0,-9999.0,N,AM,ITACOATIARA,A121,-3.13333333,-58.48277777,41.54
228,2019-02-08,00:00,-9999.0,-9999.0,-9999.0,-9999.0,-9999,-9999.0,-9999.0,-9999.0,-9999.0,-9999.0,-9999.0,-9999,-9999,-9999,-9999,-9999.0,-9999.0,N,AM,ITACOATIARA,A121,-3.13333333,-58.48277777,41.54
229,2019-02-08,04:00,-9999.0,-9999.0,-9999.0,-9999.0,-9999,-9999.0,-9999.0,-9999.0,-9999.0,-9999.0,-9999.0,-9999,-9999,-9999,-9999,-9999.0,-9999.0,N,AM,ITACOATIARA,A121,-3.13333333,-58.48277777,41.54
230,2019-02-08,08:00,-9999.0,-9999.0,-9999.0,-9999.0,-9999,-9999.0,-9999.0,-9999.0,-9999.0,-9999.0,-9999.0,-9999,-9999,-9999,-9999,-9999.0,-9999.0,N,AM,ITACOATIARA,A121,-3.13333333,-58.48277777,41.54
231,2019-02-08,12:00,-9999.0,-9999.0,-9999.0,-9999.0,-9999,-9999.0,-9999.0,-9999.0,-9999.0,-9999.0,-9999.0,-9999,-9999,-9999,-9999,-9999.0,-9999.0,N,AM,ITACOATIARA,A121,-3.13333333,-58.48277777,41.54
232,2019-02-08,16:00,-9999.0,-9999.0,-9999.0,-9999.0,-9999,-9999.0,-9999.0,-9999.0,-9999.0,-9999.0,-9999.0,-9999,-9999,-9999,-9999,-9999.0,-9999.0,N,AM,ITACOATIARA,A121,-3.13333333,-58.48277777,41.54
233,2019-02-08,20:00,-9999.0,-9999.0,-9999.0,-9999.0,-9999,-9999.0,-9999.0,-9999.0,-9999.0,-9999.0,-9999.0,-9999,-9999,-9999,-9999,-9999.0,-9999.0,N,AM,ITACOATIARA,A121,-3.13333333,-58.48277777,41.54
234,2019-02-09,00:00,-9999.0,-9999.0,-9999.0,-9999.0,-9999,-9999.0,-9999.0,-9999.0,-9999.0,-9999.0,-9999.0,-9999,-9999,-9999,-9999,-9999.0,-9999.0,N,AM,ITACOATIARA,A121,-3.13333333,-58.48277777,41.54
235,2019-02-09,04:00,-9999.0,-9999.0,-9999.0,-9999.0,-9999,-9999.0,-9999.0,-9999.0,-9999.0,-9999.0,-9999.0,-9999,-9999,-9999,-9999,-9999.0,-9999.0,N,AM,ITACOATIARA,A121,-3.13333333,-58.48277777,41.54
236,2019-02-09,08:00,-9999.0,-9999.0,-9999.0,-9999.0,-9999,-9999.0,-9999.0,-9999.0,-9999.0,-9999.0,-9999.0,-9999,-9999,-9999,-9999,-9999.0,-9999.0,N,AM,ITACOATIARA,A121,-3.13333333,-58.48277777,41.54
237,2019-02-09,12:00,-9999.0,-9999.0,-9999.0,-9999.0,-9999,-9999.0,-9999.0,-9999.0,-9999.0,-9999.0,-9999.0,-9999,-9999,-9999,-9999,-9999.0,-9999.0,N,AM,ITACOATIARA,A121,-3.13333333,-58.48277777,41.54
238,2019-02-09,16:00,-9999.0,-9999.0,-9999.0,-9999.0,-9999,-9999.0,-9999.0,-9999.0,-9999.0,-9999.0,-9999.0,-9999,-9999,-9999,-9999,-9999.0,-9999.0,N,AM,ITACOATIARA,A121,-3.13333333,-58.48277777,41.54
239,2019-02-09,20:00,-9999.0,-9999.0,-9999.0,-9999.0,-9999,-9999.0,-9999.0,-9999.0,-9999.0,-9999.0,-9999.0,-9999,-9999,-9999,-9999,-9999.0,-9999.0,N,AM,ITACOATIARA,A121,-3.13333333,-58.48277777,41.54
240,2019-02-10,00:00,-9999.0,-9999.0,-9999.0,-9999.0,-9999,-9999.0,-9999.0,-9999.0,-9999.0,-9999.0,-9999.0,-9999,-9999,-9999,-9999,-9999.0,-9999.0,N,AM,ITACOATIARA,A121,-3.13333333,-58.48277777,41.54
241,2019-02-10,04:00,-9999.0,-9999.0,-9999.0,-9999.0,-9999,-9999.0,-9999.0,-9999.0,-9999.0,-9999.0,-9999.0,-9999,-9999,-9999,-9999,-9999.0,-9999.0,N,AM,ITACOATIARA,A121,-3.13333333,-58.48277777,41.54
242,2019-02-10,08:00,-9999.0,-9999.0,-9999.0,-9999.0,-9999,-9999.0,-9999.0,-9999.0,-9999.0,-9999.0,-9999.0,-9999,-9999,-9999,-9999,-9999.0,-9999.0,N,AM,ITACOATIARA,A121,-3.13333333,-58.48277777,41.54
243,2019-02-10,12:00,-9999.0,-9999.0,-9999.0,-9999.0,-9999,-9999.0,-9999.0,-9999.0,-9999.0,-9999.0,-9999.0,-9999,-9999,-9999,-9999,-9999.0,-9999.0,N,AM,ITACOATIARA,A121,-3.13333333,-58.48277777,41.54
244,2019-02-10,16:00,-9999.0,-9999.0,-9999.0,-9999.0,-9999,-9999.0,-9999.0,-9999.0,-9999.0,-9999.0,-9999.0,-9999,-9999,-9999,-9999,-9999.0,-9999.0,N,AM,ITACOATIARA,A121,-3.13333333,-58.48277777,41.54
245,2019-02-10,20:00,-9999.0,-9999.0,-9999.0,-9999.0,-9999,-9999.0,-9999.0,-9999.0,-9999.0,-9999.0,-9999.0,-9999,-9999,-9999,-9999,-9999.0,-9999.0,N,AM,ITACOATIARA,A121,-3.13333333,-58.48277777,41.54
246,2019-02-11,00:00,-9999.0,-9999.0,-9999.0,-9999.0,-9999,-9999.0,-9999.0,-9999.0,-9999.0,-9999.0,-9999.0,-9999,-9999,-9999,-9999,-9999.0,-9999.0,N,AM,ITACOATIARA,A121,-3.13333333,-58.48277777,41.54
247,2019-02-11,04:00,-9999.0,-9999.0,-9999.0,-9999.0,-9999,-9999.0,-9999.0,-9999.0,-9999.0,-9999.0,-9999.0,-9999,-9999,-9999,-9999,-9999.0,-9999.0,N,AM,ITACOATIARA,A121,-3.13333333,-58.48277777,41.54
248,2019-02-11,08:00,-9999.0,-9999.0,-9999.0,-9999.0,-9999,-9999.0,-9999.0,-9999.0,-9999.0,-9999.0,-9999.0,-9999,-9999,-9999,-9999,-9999.0,-9999.0,N,AM,ITACOATIARA,A121,-3.13333333,-58.48277777,41.54
249,2019-02-11,12:00,-9999.0,-9999.0,-9999.0,-9999.0,-9999,-9999.0,-9999.0,-9999.0,-9999.0,-9999.0,-9999.0,-9999,-9999,-9999,-9999,-9999.0,-9999.0,N,AM,ITACOATIARA,A121,-3.13333333,-58.48277777,41.54
250,2019-02-11,16:00,-9999.0,-9999.0,-9999.0,-9999.0,-9999,-9999.0,-9999.0,-9999.0,-9999.0,-9999.0,-9999.0,-9999,-9999,-9999,-9999,-9999.0,-9999.0,N,AM,ITACOATIARA,A121,-3.13333333,-58.48277777,41.54
251,2019-02-11,20:00,-9999.0,-9999.0,-9999.0,-9999.0,-9999,-9999.0,-9999.0,-9999.0,-9999.0,-9999.0,-9999.0,-9999,-9999,-9999,-9999,-9999.0,-9999.0,N,AM,ITACOATIARA,A121,-3.13333333,-58.48277777,41.54
252,2019-02-12,00:00,-9999.0,-9999.0,-9999.0,-9999.0,-9999,-9999.0,-9999.0,-9999.0,-9999.0,-9999.0,-9999.0,-9999,-9999,-9999,-9999,-9999.0,-9999.0,N,AM,ITACOATIARA,A121,-3.13333333,-58.48277777,41.54
253,2019-02-12,04:00,-9999.0,-9999.0,-9999.0,-9999.0,-9999,-9999.0,-9999.0,-9999.0,-9999.0,-9999.0,-9999.0,-9999,-9999,-9999,-9999,-9999.0,-9999.0,N,AM,ITACOATIARA,A121,-3.13333333,-58.48277777,41.54
254,2019-02-12,08:00,-9999.0,-9999.0,-9999.0,-9999.0,-9999,-9999.0,-9999.0,-9999.0,-9999.0,-9999.0,-9999.0,-9999,-9999,-9999,-9999,-9999.0,-9999.0,N,AM,ITACOATIARA,A121,-3.13333333,-58.48277777,41.54
255,2019-02-12,12:00,-9999.0,-9999.0,-9999.0,-9999.0,-9999,-9999.0,-9999.0,-9999.0,-9999.0,-9999.0,-9999.0,-9999,-9999,-9999,-9999,-9999.0,-9999.0,N,AM,ITACOATIARA,A121,-3.13333333,-58.48277777,41.54
256,2019-02-12,16:00,-9999.0,-9999.0,-9999.0,-9999.0,-9999,-9999.0,-9999.0,-9999.0,-9999.0,-9999.0,-9999.0,-9999,-9999,-9999,-9999,-9999.0,-9999.0,N,AM,ITACOATIARA,A121,-3.13333333,-58.48277777,41.54
257,2019-02-12,20:00,-9999.0,-9999.0,-9999.0,-9999.0,-9999,-9999.0,-9999.0,-9999.0,-9999.0,-9999.0,-9999.0,-9999,-9999,-9999,-9999,-9999.0,-9999.0,N,AM,ITACOATIARA,A121,-3.13333333,-58.48277777,41.54
258,2019-02-13,00:00,-9999.0,-9999.0,-9999.0,-9999.0,-9999,-9999.0,-9999.0,-9999.0,-9999.0,-9999.0,-9999.0,-9999,-9999,-9999,-9999,-9999.0,-9999.0,N,AM,ITACOATIARA,A121,-3.13333333,-58.48277777,41.54
259,2019-02-13,04:00,-9999.0,-9999.0,-9999.0,-9999.0,-9999,-9999.0,-9999.0,-9999.0,-9999.0,-9999.0,-9999.0,-9999,-9999,-9999,-9999,-9999.0,-9999.0,N,AM,ITACOATIARA,A121,-3.13333333,-58.48277777,41.54
260,2019-02-13,08:00,-9999.0,-9999.0,-9999.0,-9999.0,-9999,-9999.0,-9999.0,-9999.0,-9999.0,-9999.0,-9999.0,-9999,-9999,-9999,-9999,-9999.0,-9999.0,N,AM,ITACOATIARA,A121,-3.13333333,-58.48277777,41.54
261,2019-02-13,12:00,-9999.0,-9999.0,-9999.0,-9999.0,-9999,-9999.0,-9999.0,-9999.0,-9999.0,-9999.0,-9999.0,-9999,-9999,-9999,-9999,-9999.0,-9999.0,N,AM,ITACOATIARA,A121,-3.13333333,-58.48277777,41.54
262,2019-02-13,16:00,-9999.0,-9999.0,-9999.0,-9999.0,-9999,-9999.0,-9999.0,-9999.0,-9999.0,-9999.0,-9999.0,-9999,-9999,-9999,-9999,-9999.0,-9999.0,N,AM,ITACOATIARA,A121,-3.13333333,-58.48277777,41.54
263,2019-02-13,20:00,-9999.0,-9999.0,-9999.0,-9999.0,-9999,-9999.0,-9999.0,-9999.0,-9999.0,-9999.0,-9999.0,-9999,-9999,-9999,-9999,-9999.0,-9999.0,N,AM,ITACOATIARA,A121,-3.13333333,-58.48277777,41.54
264,2019-02-14,00:00,-9999.0,-9999.0,-9999.0,-9999.0,-9999,-9999.0,-9999.0,-9999.0,-9999.0,-9999.0,-9999.0,-9999,-9999,-9999,-9999,-9999.0,-9999.0,N,AM,ITACOATIARA,A121,-3.13333333,-58.48277777,41.54
265,2019-02-14,04:00,-9999.0,-9999.0,-9999.0,-9999.0,-9999,-9999.0,-9999.0,-9999.0,-9999.0,-9999.0,-9999.0,-9999,-9999,-9999,-9999,-9999.0,-9999.0,N,AM,ITACOATIARA,A121,-3.13333333,-58.48277777,41.54
266,2019-02-14,08:00,-9999.0,-9999.0,-9999.0,-9999.0,-9999,-9999.0,-9999.0,-9999.0,-9999.0,-9999.0,-9999.0,-9999,-9999,-9999,-9999,-9999.0,-9999.0,N,AM,ITACOATIARA,A121,-3.13333333,-58.48277777,41.54
267,2019-02-14,12:00,-9999.0,-9999.0,-9999.0,-9999.0,-9999,-9999.0,-9999.0,-9999.0,-9999.0,-9999.0,-9999.0,-9999,-9999,-9999,-9999,-9999.0,-9999.0,N,AM,ITACOATIARA,A121,-3.13333333,-58.48277777,41.54
268,2019-02-14,16:00,-9999.0,-9999.0,-9999.0,-9999.0,-9999,-9999.0,-9999.0,-9999.0,-9999.0,-9999.0,-9999.0,-9999,-9999,-9999,-9999,-9999.0,-9999.0,N,AM,ITACOATIARA,A121,-3.13333333,-58.48277777,41.54
269,2019-02-14,20:00,-9999.0,-9999.0,-9999.0,-9999.0,-9999,-9999.0,-9999.0,-9999.0,-9999.0,-9999.0,-9999.0,-9999,-9999,-9999,-9999,-9999.0,-9999.0,N,AM,ITACOATIARA,A121,-3.13333333,-58.48277777,41.54
270,2019-02-15,00:00,-9999.0,-9999.0,-9999.0,-9999.0,-9999,-9999.0,-9999.0,-9999.0,-9999.0,-9999.0,-9999.0,-9999,-9999,-9999,-9999,-9999.0,-9999.0,N,AM,ITACOATIARA,A121,-3.13333333,-58.48277777,41.54
271,2019-02-15,04:00,-9999.0,-9999.0,-9999.0,-9999.0,-9999,-9999.0,-9999.0,-9999.0,-9999.0,-9999.0,-9999.0,-9999,-9999,-9999,-9999,-9999.0,-9999.0,N,AM,ITACOATIARA,A121,-3.13333333,-58.48277777,41.54
272,2019-02-15,08:00,-9999.0,-9999.0,-9999.0,-9999.0,-9999,-9999.0,-9999.0,-9999.0,-9999.0,-9999.0,-9999.0,-9999,-9999,-9999,-9999,-9999.0,-9999.0,N,AM,ITACOATIARA,A121,-3.13333333,-58.48277777,41.54
273,2019-02-15,12:00,-9999.0,-9999.0,-9999.0,-9999.0,-9999,-9999.0,-9999.0,-9999.0,-9999.0,-9999.0,-9999.0,-9999,-9999,-9999,-9999,-9999.0,-9999.0,N,AM,ITACOATIARA,A121,-3.13333333,-58.48277777,41.54
274,2019-02-15,16:00,-9999.0,-9999.0,-9999.0,-9999.0,-9999,-9999.0,-9999.0,-9999.0,-9999.0,-9999.0,-9999.0,-9999,-9999,-9999,-9999,-9999.0,-9999.0,N,AM,ITACOATIARA,A121,-3.13333333,-58.48277777,41.54
275,2019-02-15,20:00,-9999.0,-9999.0,-9999.0,-9999.0,-9999,-9999.0,-9999.0,-9999.0,-9999.0,-9999.0,-9999.0,-9999,-9999,-9999,-9999,-9999.0,-9999.0,N,AM,ITACOATIARA,A121,-3.13333333,-58.48277777,41.54
276,2019-02-16,00:00,-9999.0,-9999.0,-9999.0,-9999.0,-9999,-9999.0,-9999.0,-9999.0,-9999.0,-9999.0,-9999.0,-9999,-9999,-9999,-9999,-9999.0,-9999.0,N,AM,ITACOATIARA,A121,-3.13333333,-58.48277777,41.54
277,2019-02-16,04:00,-9999.0,-9999.0,-9999.0,-9999.0,-9999,-9999.0,-9999.0,-9999.0,-9999.0,-9999.0,-9999.0,-9999,-9999,-9999,-9999,-9999.0,-9999.0,N,AM,ITACOATIARA,A121,-3.13333333,-58.48277777,41.54
278,2019-02-16,08:00,-9999.0,-9999.0,-9999.0,-9999.0,-9999,-9999.0,-9999.0,-9999.0,-9999.0,-9999.0,-9999.0,-9999,-9999,-9999,-9999,-9999.0,-9999.0,N,AM,ITACOATIARA,A121,-3.13333333,-58.48277777,41.54
279,2019-02-16,12:00,-9999.0,-9999.0,-9999.0,-9999.0,-9999,-9999.0,-9999.0,-9999.0,-9999.0,-9999.0,-9999.0,-9999,-9999,-9999,-9999,-9999.0,-9999.0,N,AM,ITACOATIARA,A121,-3.13333333,-58.48277777,41.54
280,2019-02-16,16:00,-9999.0,-9999.0,-9999.0,-9999.0,-9999,-9999.0,-9999.0,-9999.0,-9999.0,-9999.0,-9999.0,-9999,-9999,-9999,-9999,-9999.0,-9999.0,N,AM,ITACOATIARA,A121,-3.13333333,-58.48277777,41.54
281,2019-02-16,20:00,-9999.0,-9999.0,-9999.0,-9999.0,-9999,-9999.0,-9999.0,-9999.0,-9999.0,-9999.0,-9999.0,-9999,-9999,-9999,-9999,-9999.0,-9999.0,N,AM,ITACOATIARA,A121,-3.13333333,-58.48277777,41.54
282,2019-02-17,00:00,-9999.0,-9999.0,-9999.0,-9999.0,-9999,-9999.0,-9999.0,-9999.0,-9999.0,-9999.0,-9999.0,-9999,-9999,-9999,-9999,-9999.0,-9999.0,N,AM,ITACOATIARA,A121,-3.13333333,-58.48277777,41.54
283,2019-02-17,04:00,-9999.0,-9999.0,-9999.0,-9999.0,-9999,-9999.0,-9999.0,-9999.0,-9999.0,-9999.0,-9999.0,-9999,-9999,-9999,-9999,-9999.0,-9999.0,N,AM,ITACOATIARA,A121,-3.13333333,-58.48277777,41.54
284,2019-02-17,08:00,-9999.0,-9999.0,-9999.0,-9999.0,-9999,-9999.0,-9999.0,-9999.0,-9999.0,-9999.0,-9999.0,-9999,-9999,-9999,-9999,-9999.0,-9999.0,N,AM,ITACOATIARA,A121,-3.13333333,-58.48277777,41.54
285,2019-02-17,12:00,-9999.0,-9999.0,-9999.0,-9999.0,-9999,-9999.0,-9999.0,-9999.0,-9999.0,-9999.0,-9999.0,-9999,-9999,-9999,-9999,-9999.0,-9999.0,N,AM,ITACOATIARA,A121,-3.13333333,-58.48277777,41.54
286,2019-02-17,16:00,-9999.0,-9999.0,-9999.0,-9999.0,-9999,-9999.0,-9999.0,-9999.0,-9999.0,-9999.0,-9999.0,-9999,-9999,-9999,-9999,-9999.0,-9999.0,N,AM,ITACOATIARA,A121,-3.13333333,-58.48277777,41.54
287,2019-02-17,20:00,-9999.0,-9999.0,-9999.0,-9999.0,-9999,-9999.0,-9999.0,-9999.0,-9999.0,-9999.0,-9999.0,-9999,-9999,-9999,-9999,-9999.0,-9999.0,N,AM,ITACOATIARA,A121,-3.13333333,-58.48277777,41.54
288,2019-02-18,00:00,-9999.0,-9999.0,-9999.0,-9999.0,-9999,-9999.0,-9999.0,-9999.0,-9999.0,-9999.0,-9999.0,-9999,-9999,-9999,-9999,-9999.0,-9999.0,N,AM,ITACOATIARA,A121,-3.13333333,-58.48277777,41.54
289,2019-02-18,04:00,-9999.0,-9999.0,-9999.0,-9999.0,-9999,-9999.0,-9999.0,-9999.0,-9999.0,-9999.0,-9999.0,-9999,-9999,-9999,-9999,-9999.0,-9999.0,N,AM,ITACOATIARA,A121,-3.13333333,-58.48277777,41.54
290,2019-02-18,08:00,-9999.0,-9999.0,-9999.0,-9999.0,-9999,-9999.0,-9999.0,-9999.0,-9999.0,-9999.0,-9999.0,-9999,-9999,-9999,-9999,-9999.0,-9999.0,N,AM,ITACOATIARA,A121,-3.13333333,-58.48277777,41.54
291,2019-02-18,12:00,-9999.0,-9999.0,-9999.0,-9999.0,-9999,-9999.0,-9999.0,-9999.0,-9999.0,-9999.0,-9999.0,-9999,-9999,-9999,-9999,-9999.0,-9999.0,N,AM,ITACOATIARA,A121,-3.13333333,-58.48277777,41.54
292,2019-02-18,16:00,-9999.0,-9999.0,-9999.0,-9999.0,-9999,-9999.0,-9999.0,-9999.0,-9999.0,-9999.0,-9999.0,-9999,-9999,-9999,-9999,-9999.0,-9999.0,N,AM,ITACOATIARA,A121,-3.13333333,-58.48277777,41.54
293,2019-02-18,20:00,-9999.0,-9999.0,-9999.0,-9999.0,-9999,-9999.0,-9999.0,-9999.0,-9999.0,-9999.0,-9999.0,-9999,-9999,-9999,-9999,-9999.0,-9999.0,N,AM,ITACOATIARA,A121,-3.13333333,-58.48277777,41.54
294,2019-02-19,00:00,-9999.0,-9999.0,-9999.0,-9999.0,-9999,-9999.0,-9999.0,-9999.0,-9999.0,-9999.0,-9999.0,-9999,-9999,-9999,-9999,-9999.0,-9999.0,N,AM,ITACOATIARA,A121,-3.13333333,-58.48277777,41.54
295,2019-02-19,04:00,-9999.0,-9999.0,-9999.0,-9999.0,-9999,-9999.0,-9999.0,-9999.0,-9999.0,-9999.0,-9999.0,-9999,-9999,-9999,-9999,-9999.0,-9999.0,N,AM,ITACOATIARA,A121,-3.13333333,-58.48277777,41.54
296,2019-02-19,08:00,-9999.0,-9999.0,-9999.0,-9999.0,-9999,-9999.0,-9999.0,-9999.0,-9999.0,-9999.0,-9999.0,-9999,-9999,-9999,-9999,-9999.0,-9999.0,N,AM,ITACOATIARA,A121,-3.13333333,-58.48277777,41.54
297,2019-02-19,12:00,-9999.0,-9999.0,-9999.0,-9999.0,-9999,-9999.0,-9999.0,-9999.0,-9999.0,-9999.0,-9999.0,-9999,-9999,-9999,-9999,-9999.0,-9999.0,N,AM,ITACOATIARA,A121,-3.13333333,-58.48277777,41.54
298,2019-02-19,16:00,-9999.0,-9999.0,-9999.0,-9999.0,-9999,-9999.0,-9999.0,-9999.0,-9999.0,-9999.0,-9999.0,-9999,-9999,-9999,-9999,-9999.0,-9999.0,N,AM,ITACOATIARA,A121,-3.13333333,-58.48277777,41.54
299,2019-02-19,20:00,-9999.0,1004.2,1004.6,1004.2,1200,30.3,23.5,30.7,29.4,24.2,22.6,74,64,67,270,-9999.0,1.2,N,AM,ITACOATIARA,A121,-3.13333333,-58.48277777,41.54
300,2019-02-20,00:00,-9999.0,1005.9,1005.9,1004.9,-9999,26.4,23.6,27.0,26.4,23.6,23.1,84,79,84,304,1.7,0.7,N,AM,ITACOATIARA,A121,-3.13333333,-58.48277777,41.54
301,2019-02-20,04:00,-9999.0,1007.2,1007.4,1007.2,-9999,25.4,23.6,25.4,25.1,23.7,23.4,91,90,90,318,2.2,0.4,N,AM,ITACOATIARA,A121,-3.13333333,-58.48277777,41.54
302,2019-02-20,08:00,-9999.0,1005.6,1005.9,1005.5,-9999,24.4,23.1,24.5,24.4,23.2,23.1,93,92,93,288,1.8,0.3,N,AM,ITACOATIARA,A121,-3.13333333,-58.48277777,41.54
303,2019-02-20,12:00,-9999.0,1008.5,1008.5,1007.3,141,23.8,22.7,24.5,23.6,23.2,22.4,94,92,94,304,5.9,0.8,N,AM,ITACOATIARA,A121,-3.13333333,-58.48277777,41.54
304,2019-02-20,16:00,-9999.0,1007.7,1008.5,1007.6,953,25.9,24.3,26.4,25.5,24.6,23.6,92,88,91,223,3.6,0.8,N,AM,ITACOATIARA,A121,-3.13333333,-58.48277777,41.54
305,2019-02-20,20:00,-9999.0,1003.7,1004.2,1003.6,1215,27.1,24.2,27.1,26.4,24.4,23.8,86,84,84,236,2.8,0.8,N,AM,ITACOATIARA,A121,-3.13333333,-58.48277777,41.54
306,2019-02-21,00:00,-9999.0,1005.9,1005.9,1004.9,-9999,26.3,24.5,26.6,26.2,24.6,24.3,90,88,90,245,4.0,0.6,N,AM,ITACOATIARA,A121,-3.13333333,-58.48277777,41.54
307,2019-02-21,04:00,-9999.0,1006.5,1007.1,1006.5,-9999,25.9,24.2,26.2,25.9,24.5,24.2,91,90,91,217,3.3,0.3,N,AM,ITACOATIARA,A121,-3.13333333,-58.48277777,41.54
308,2019-02-21,08:00,-9999.0,1005.6,1005.6,1005.4,-9999,25.6,23.9,25.6,25.5,24.2,23.9,92,90,90,232,2.7,1.4,N,AM,ITACOATIARA,A121,-3.13333333,-58.48277777,41.54
309,2019-02-21,12:00,-9999.0,1008.5,1008.5,1007.4,284,25.8,23.5,25.8,25.2,23.7,23.2,89,87,88,225,2.6,0.1,N,AM,ITACOATIARA,A121,-3.13333333,-58.48277777,41.54
310,2019-02-21,16:00,-9999.0,1008.5,1009.7,1008.5,1350,26.6,23.8,26.9,25.1,24.9,23.3,91,84,85,276,3.4,1.2,N,AM,ITACOATIARA,A121,-3.13333333,-58.48277777,41.54
311,2019-02-21,20:00,-9999.0,1005.0,1005.5,1005.0,1426,28.3,22.5,28.8,28.1,23.6,21.8,76,67,71,284,3.5,1.2,N,AM,ITACOATIARA,A121,-3.13333333,-58.48277777,41.54
312,2019-02-22,00:00,-9999.0,1007.5,1007.5,1006.9,-9999,25.7,23.4,25.8,25.3,23.5,23.2,89,86,87,338,0.9,0.0,N,AM,ITACOATIARA,A121,-3.13333333,-58.48277777,41.54
313,2019-02-22,04:00,-9999.0,1008.5,1008.6,1008.4,-9999,25.3,23.6,25.5,25.2,23.6,23.4,90,88,90,271,1.5,0.1,N,AM,ITACOATIARA,A121,-3.13333333,-58.48277777,41.54
314,2019-02-22,08:00,-9999.0,1006.8,1006.8,1006.4,-9999,24.3,23.1,24.9,24.2,23.4,23.0,94,92,94,325,1.4,0.1,N,AM,ITACOATIARA,A121,-3.13333333,-58.48277777,41.54
315,2019-02-22,12:00,-9999.0,1009.3,1009.3,1008.4,568,26.1,23.6,26.4,25.3,24.0,23.2,91,84,86,259,3.2,0.9,N,AM,ITACOATIARA,A121,-3.13333333,-58.48277777,41.54
316,2019-02-22,16:00,-9999.0,1008.9,1009.6,1008.9,2285,29.0,23.4,29.0,27.7,24.2,22.9,78,71,72,298,5.6,2.4,N,AM,ITACOATIARA,A121,-3.13333333,-58.48277777,41.54
317,2019-02-22,20:00,-9999.0,1004.9,1005.6,1004.9,1712,28.0,23.8,30.0,28.0,24.5,23.4,78,70,78,302,7.0,2.4,N,AM,ITACOATIARA,A121,-3.13333333,-58.48277777,41.54
318,2019-02-23,00:00,-9999.0,1006.9,1006.9,1006.0,-9999,25.2,23.4,25.7,25.2,23.4,23.1,89,86,89,299,2.6,1.1,N,AM,ITACOATIARA,A121,-3.13333333,-58.48277777,41.54
319,2019-02-23,04:00,-9999.0,1008.0,1008.6,1008.0,-9999,25.1,23.4,25.3,25.1,23.5,23.4,91,89,90,297,1.3,0.8,N,AM,ITACOATIARA,A121,-3.13333333,-58.48277777,41.54
320,2019-02-23,08:00,-9999.0,1006.4,1006.4,1006.3,-9999,24.8,23.3,25.1,24.8,23.4,23.2,92,90,92,304,1.6,0.1,N,AM,ITACOATIARA,A121,-3.13333333,-58.48277777,41.54
321,2019-02-23,12:00,-9999.0,1008.3,1008.3,1007.7,781,26.4,23.4,26.8,25.4,23.8,23.1,88,82,84,303,2.4,1.3,N,AM,ITACOATIARA,A121,-3.13333333,-58.48277777,41.54
322,2019-02-23,16:00,-9999.0,1007.8,1008.7,1007.8,1139,25.1,23.7,28.5,25.1,24.4,23.5,92,76,92,321,4.7,1.3,N,AM,ITACOATIARA,A121,-3.13333333,-58.48277777,41.54
323,2019-02-23,20:00,-9999.0,1004.6,1004.9,1004.6,632,25.3,23.5,26.3,25.2,23.9,23.1,90,83,90,284,4.6,1.5,N,AM,ITACOATIARA,A121,-3.13333333,-58.48277777,41.54
324,2019-02-24,00:00,-9999.0,1005.5,1005.5,1005.0,-9999,24.5,23.2,24.8,24.5,23.3,23.1,93,91,93,295,2.6,1.0,N,AM,ITACOATIARA,A121,-3.13333333,-58.48277777,41.54
325,2019-02-24,04:00,-9999.0,1006.6,1007.1,1006.6,-9999,24.8,23.6,24.8,24.4,23.6,23.1,93,93,93,278,2.1,0.4,N,AM,ITACOATIARA,A121,-3.13333333,-58.48277777,41.54
326,2019-02-24,08:00,-9999.0,1005.0,1005.1,1005.0,-9999,24.8,23.5,25.0,24.8,23.7,23.5,93,92,92,268,3.2,0.2,N,AM,ITACOATIARA,A121,-3.13333333,-58.48277777,41.54
327,2019-02-24,12:00,-9999.0,1007.9,1007.9,1006.9,561,26.5,24.2,26.5,25.1,24.4,23.6,91,87,87,262,3.2,1.1,N,AM,ITACOATIARA,A121,-3.13333333,-58.48277777,41.54
328,2019-02-24,16:00,-9999.0,1007.0,1007.8,1007.0,1958,30.0,23.5,30.0,28.0,24.1,22.5,79,68,68,285,5.7,2.8,N,AM,ITACOATIARA,A121,-3.13333333,-58.48277777,41.54
329,2019-02-24,20:00,-9999.0,1003.7,1004.3,1003.7,1415,27.0,23.5,27.2,25.9,24.6,23.4,90,81,81,296,7.0,2.7,N,AM,ITACOATIARA,A121,-3.13333333,-58.48277777,41.54
330,2019-02-25,00:00,-9999.0,1005.0,1005.0,1004.3,-9999,24.8,23.1,25.3,24.8,23.3,23.0,90,88,90,290,2.6,1.1,N,AM,ITACOATIARA,A121,-3.13333333,-58.48277777,41.54
331,2019-02-25,04:00,-9999.0,1006.3,1006.9,1006.3,-9999,25.1,23.5,25.3,25.0,23.5,23.4,91,90,91,301,1.7,0.8,N,AM,ITACOATIARA,A121,-3.13333333,-58.48277777,41.54
332,2019-02-25,08:00,-9999.0,1004.3,1004.6,1004.3,-9999,25.1,23.4,25.1,25.0,23.6,23.4,92,90,91,298,1.8,0.2,N,AM,ITACOATIARA,A121,-3.13333333,-58.48277777,41.54
333,2019-02-25,12:00,-9999.0,1007.6,1007.6,1006.6,567,26.9,23.4,27.0,25.8,24.1,23.3,87,81,81,235,2.2,0.3,N,AM,ITACOATIARA,A121,-3.13333333,-58.48277777,41.54
334,2019-02-25,16:00,-9999.0,1008.3,1008.5,1008.2,1559,25.1,23.1,29.4,25.1,24.1,22.3,89,68,89,280,8.7,1.9,N,AM,ITACOATIARA,A121,-3.13333333,-58.48277777,41.54
335,2019-02-25,20:00,-9999.0,1005.8,1005.9,1005.7,623,24.7,22.8,25.2,24.4,23.7,22.6,93,87,89,278,4.6,1.1,N,AM,ITACOATIARA,A121,-3.13333333,-58.48277777,41.54
336,2019-02-26,00:00,-9999.0,1007.1,1007.1,1006.6,-9999,24.9,22.8,25.1,24.8,23.0,22.8,89,87,88,277,2.7,0.2,N,AM,ITACOATIARA,A121,-3.13333333,-58.48277777,41.54
337,2019-02-26,04:00,-9999.0,1007.7,1008.5,1007.7,-9999,24.4,22.9,24.5,24.3,23.0,22.9,92,91,91,286,1.1,0.0,N,AM,ITACOATIARA,A121,-3.13333333,-58.48277777,41.54
338,2019-02-26,08:00,-9999.0,1006.2,1006.2,1006.1,-9999,24.1,22.9,24.2,24.0,23.1,22.9,94,93,93,278,1.2,0.2,N,AM,ITACOATIARA,A121,-3.13333333,-58.48277777,41.54
339,2019-02-26,12:00,-9999.0,1008.8,1008.8,1007.9,63,23.5,22.6,24.3,23.5,23.1,22.6,95,93,95,283,3.1,0.5,N,AM,ITACOATIARA,A121,-3.13333333,-58.48277777,41.54
340,2019-02-26,16:00,-9999.0,1008.3,1009.3,1008.3,1040,25.9,23.4,26.5,25.1,24.0,23.0,90,85,86,227,1.8,0.5,N,AM,ITACOATIARA,A121,-3.13333333,-58.48277777,41.54
341,2019-02-26,20:00,-9999.0,1004.5,1004.7,1004.3,2083,27.2,23.1,30.2,27.2,24.2,22.6,78,67,78,307,7.5,3.2,N,AM,ITACOATIARA,A121,-3.13333333,-58.48277777,41.54
342,2019-02-27,00:00,-9999.0,1006.8,1006.8,1005.7,-9999,25.3,23.8,25.4,25.2,23.8,23.5,91,90,91,297,3.0,1.6,N,AM,ITACOATIARA,A121,-3.13333333,-58.48277777,41.54
343,2019-02-27,04:00,-9999.0,1008.7,1009.0,1008.7,-9999,23.8,22.5,24.0,23.7,22.8,22.5,93,93,93,299,7.3,2.3,N,AM,ITACOATIARA,A121,-3.13333333,-58.48277777,41.54
344,2019-02-27,08:00,-9999.0,1006.4,1006.7,1006.4,-9999,23.0,21.9,23.0,22.8,21.9,21.6,94,93,94,269,2.7,0.0,N,AM,ITACOATIARA,A121,-3.13333333,-58.48277777,41.54
345,2019-02-27,12:00,-9999.0,1009.5,1009.5,1008.3,252,24.6,22.9,24.6,24.0,22.9,22.3,91,89,90,255,2.5,0.2,N,AM,ITACOATIARA,A121,-3.13333333,-58.48277777,41.54
346,2019-02-27,16:00,-9999.0,1008.8,1010.0,1008.8,1647,27.8,24.1,27.8,26.5,24.1,22.8,83,76,80,220,3.2,0.2,N,AM,ITACOATIARA,A121,-3.13333333,-58.48277777,41.54
347,2019-02-27,20:00,-9999.0,1005.2,1006.0,1005.2,1784,28.8,22.5,29.7,28.4,24.0,22.5,74,67,69,291,4.4,1.8,N,AM,ITACOATIARA,A121,-3.13333333,-58.48277777,41.54
348,2019-02-28,00:00,-9999.0,1007.4,1007.4,1006.2,-9999,25.7,24.0,26.0,25.6,24.5,23.9,92,90,90,312,2.4,0.7,N,AM,ITACOATIARA,A121,-3.13333333,-58.48277777,41.54
349,2019-02-28,04:00,-9999.0,1008.4,1009.1,1008.4,-9999,24.7,22.9,24.9,24.7,23.0,22.8,90,88,89,282,1.3,0.3,N,AM,ITACOATIARA,A121,-3.13333333,-58.48277777,41.54
350,2019-02-28,08:00,-9999.0,1007.4,1007.4,1007.1,-9999,25.4,24.0,25.6,25.3,24.2,23.8,92,91,92,254,1.5,0.1,N,AM,ITACOATIARA,A121,-3.13333333,-58.48277777,41.54
351,2019-02-28,12:00,-9999.0,1009.8,1009.8,1009.1,608,26.3,23.6,26.5,25.5,24.0,23.4,89,85,85,225,2.2,0.5,N,AM,ITACOATIARA,A121,-3.13333333,-58.48277777,41.54
352,2019-02-28,16:00,-9999.0,1009.5,1010.3,1009.5,1800,29.1,21.8,29.3,28.0,23.0,21.8,72,65,65,291,5.8,2.4,N,AM,ITACOATIARA,A121,-3.13333333,-58.48277777,41.54
353,2019-02-28,20:00,-9999.0,1008.1,1008.4,1008.1,66,23.7,21.7,24.0,23.7,22.9,21.7,94,89,89,245,6.1,0.3,N,AM,ITACOATIARA,A121,-3.13333333,-58.48277777,41.54
354,2019-03-01,00:00,-9999.0,1009.0,1009.1,1008.6,-9999,23.5,21.6,23.5,23.1,21.6,21.2,90,88,89,215,2.4,0.3,N,AM,ITACOATIARA,A121,-3.13333333,-58.48277777,41.54
355,2019-03-01,04:00,-9999.0,1008.9,1009.7,1008.9,-9999,22.6,21.6,22.9,22.6,21.6,21.4,94,92,94,283,1.8,0.2,N,AM,ITACOATIARA,A121,-3.13333333,-58.48277777,41.54
356,2019-03-01,08:00,-9999.0,1007.1,1007.2,1007.0,-9999,23.8,22.4,23.8,22.6,22.8,21.6,94,92,92,257,1.3,0.1,N,AM,ITACOATIARA,A121,-3.13333333,-58.48277777,41.54
357,2019-03-01,12:00,-9999.0,1010.0,1010.0,1008.7,521,24.8,22.1,24.9,23.9,22.5,21.8,89,85,85,237,1.9,0.2,N,AM,ITACOATIARA,A121,-3.13333333,-58.48277777,41.54
358,2019-03-01,16:00,-9999.0,1009.7,1010.5,1009.7,3065,28.8,23.2,29.2,27.7,24.4,22.4,79,71,72,214,3.4,1.2,N,AM,ITACOATIARA,A121,-3.13333333,-58.48277777,41.54
359,2019-03-01,20:00,-9999.0,1006.1,1006.8,1006.1,2190,31.1,22.0,31.7,30.8,22.7,21.3,62,56,58,240,6.6,1.5,N,AM,ITACOATIARA,A121,-3.13333333,-58.48277777,41.54
360,2019-03-02,00:00,-9999.0,1008.0,1008.0,1007.2,-9999,26.2,22.8,26.8,26.1,22.9,22.7,82,79,82,298,2.0,1.0,N,AM,ITACOATIARA,A121,-3.13333333,-58.48277777,41.54
361,2019-03-02,04:00,-9999.0,1008.2,1008.8,1008.2,-9999,25.0,23.0,25.5,25.0,23.1,23.0,89,87,89,308,1.2,0.5,N,AM,ITACOATIARA,A121,-3.13333333,-58.48277777,41.54
362,2019-03-02,08:00,-9999.0,1006.9,1007.0,1006.8,-9999,25.0,23.6,25.2,24.7,23.8,23.1,92,90,92,285,2.0,0.4,N,AM,ITACOATIARA,A121,-3.13333333,-58.48277777,41.54
363,2019-03-02,12:00,-9999.0,1009.9,1009.9,1009.1,461,26.8,24.0,26.9,26.0,24.3,23.8,88,85,85,243,1.6,0.2,N,AM,ITACOATIARA,A121,-3.13333333,-58.48277777,41.54
364,2019-03-02,16:00,-9999.0,1008.9,1009.7,1008.9,3348,31.2,21.5,31.6,30.4,23.1,21.3,63,55,57,259,7.4,2.2,N,AM,ITACOATIARA,A121,-3.13333333,-58.48277777,41.54
365,2019-03-02,20:00,-9999.0,1004.6,1005.0,1004.5,2222,32.0,22.8,32.4,31.5,23.2,21.8,60,55,58,286,4.9,1.8,N,AM,ITACOATIARA,A121,-3.13333333,-58.48277777,41.54
366,2019-03-03,00:00,-9999.0,1006.8,1006.8,1005.9,-9999,27.5,23.9,28.3,27.4,23.9,23.1,81,74,81,314,2.4,0.5,N,AM,ITACOATIARA,A121,-3.13333333,-58.48277777,41.54
367,2019-03-03,04:00,-9999.0,1008.4,1008.7,1008.4,-9999,26.8,23.7,27.2,26.8,23.8,23.7,83,81,83,271,2.6,0.6,N,AM,ITACOATIARA,A121,-3.13333333,-58.48277777,41.54
368,2019-03-03,08:00,-9999.0,1006.3,1006.6,1006.2,-9999,25.0,22.6,25.4,25.0,22.7,22.6,87,85,86,301,4.8,1.1,N,AM,ITACOATIARA,A121,-3.13333333,-58.48277777,41.54
369,2019-03-03,12:00,-9999.0,1008.8,1008.8,1007.9,775,27.0,23.5,27.0,25.6,23.5,23.0,87,80,81,299,4.1,1.9,N,AM,ITACOATIARA,A121,-3.13333333,-58.48277777,41.54
370,2019-03-03,16:00,-9999.0,1008.3,1009.1,1008.3,3300,30.1,23.6,30.7,29.9,24.7,23.4,72,67,68,267,7.3,3.1,N,AM,ITACOATIARA,A121,-3.13333333,-58.48277777,41.54
371,2019-03-03,20:00,-9999.0,1003.7,1004.5,1003.7,2194,30.7,24.2,31.3,30.1,24.4,22.9,70,64,68,276,7.7,2.2,N,AM,ITACOATIARA,A121,-3.13333333,-58.48277777,41.54
372,2019-03-04,00:00,-9999.0,1005.1,1005.1,1004.2,-9999,27.2,23.3,27.6,27.2,23.5,23.3,79,78,79,275,3.0,0.9,N,AM,ITACOATIARA,A121,-3.13333333,-58.48277777,41.54
373,2019-03-04,04:00,-9999.0,1006.8,1007.2,1006.8,-9999,25.9,23.3,26.0,25.8,23.3,23.0,86,84,85,290,3.7,1.2,N,AM,ITACOATIARA,A121,-3.13333333,-58.48277777,41.54
374,2019-03-04,08:00,-9999.0,1005.2,1005.2,1005.0,-9999,24.7,23.0,24.8,24.6,23.2,22.9,91,90,90,297,1.8,1.0,N,AM,ITACOATIARA,A121,-3.13333333,-58.48277777,41.54
375,2019-03-04,12:00,-9999.0,1007.6,1007.6,1007.0,881,28.2,23.5,28.2,25.2,24.8,23.5,91,76,76,283,5.0,2.5,N,AM,ITACOATIARA,A121,-3.13333333,-58.48277777,41.54
376,2019-03-04,16:00,-9999.0,1008.1,1008.7,1008.1,3541,31.0,23.3,31.5,29.8,23.8,22.4,68,60,64,282,9.1,3.1,N,AM,ITACOATIARA,A121,-3.13333333,-58.48277777,41.54
377,2019-03-04,20:00,-9999.0,1003.5,1004.3,1003.5,1785,32.1,23.5,32.3,31.0,24.3,23.1,66,59,61,289,5.9,1.8,N,AM,ITACOATIARA,A121,-3.13333333,-58.48277777,41.54
378,2019-03-05,00:00,-9999.0,1005.6,1005.6,1003.9,-9999,27.4,23.7,27.8,27.4,23.7,23.4,80,77,80,296,2.4,0.6,N,AM,ITACOATIARA,A121,-3.13333333,-58.48277777,41.54
379,2019-03-05,04:00,-9999.0,1007.8,1008.0,1007.8,-9999,26.7,24.2,26.9,26.7,24.2,23.9,86,83,86,280,2.0,0.5,N,AM,ITACOATIARA,A121,-3.13333333,-58.48277777,41.54
380,2019-03-05,08:00,-9999.0,1006.3,1006.6,1006.2,-9999,25.2,22.8,25.6,25.2,23.6,22.8,90,85,87,302,3.8,0.9,N,AM,ITACOATIARA,A121,-3.13333333,-58.48277777,41.54
381,2019-03-05,12:00,-9999.0,1008.7,1008.7,1008.2,710,26.9,23.0,27.0,25.7,23.4,22.7,84,79,80,295,3.7,1.9,N,AM,ITACOATIARA,A121,-3.13333333,-58.48277777,41.54
382,2019-03-05,16:00,-9999.0,1008.6,1009.3,1008.6,3510,31.4,23.2,31.4,30.2,23.2,21.7,64,59,62,268,8.9,2.3,N,AM,ITACOATIARA,A121,-3.13333333,-58.48277777,41.54
383,2019-03-05,20:00,-9999.0,1004.4,1004.8,1004.3,1977,30.2,23.1,33.0,30.2,23.5,22.2,66,55,66,267,5.2,1.2,N,AM,ITACOATIARA,A121,-3.13333333,-58.48277777,41.54
384,2019-03-06,00:00,-9999.0,1007.4,1007.4,1006.0,-9999,28.4,24.8,28.8,28.3,24.9,23.0,81,71,81,251,1.2,0.0,N,AM,ITACOATIARA,A121,-3.13333333,-58.48277777,41.54
385,2019-03-06,04:00,-9999.0,1009.2,1009.3,1009.2,-9999,25.3,23.2,25.4,25.2,23.4,23.0,89,87,88,227,5.3,0.6,N,AM,ITACOATIARA,A121,-3.13333333,-58.48277777,41.54
386,2019-03-06,08:00,-9999.0,1006.7,1006.7,1006.4,-9999,24.5,22.9,25.1,24.5,23.0,22.7,91,87,91,284,2.7,0.3,N,AM,ITACOATIARA,A121,-3.13333333,-58.48277777,41.54
387,2019-03-06,12:00,-9999.0,1009.9,1009.9,1008.6,749,26.1,23.2,26.3,25.2,23.5,22.8,87,83,84,247,3.1,1.0,N,AM,ITACOATIARA,A121,-3.13333333,-58.48277777,41.54
388,2019-03-06,16:00,-9999.0,1009.9,1010.8,1009.9,2973,29.6,22.9,30.0,28.3,24.3,22.9,75,67,68,275,6.1,2.3,N,AM,ITACOATIARA,A121,-3.13333333,-58.48277777,41.54
389,2019-03-06,20:00,-9999.0,1005.0,1005.9,1005.0,1973,31.0,22.9,31.6,30.3,24.1,22.5,67,61,62,254,5.5,1.7,N,AM,ITACOATIARA,A121,-3.13333333,-58.48277777,41.54
390,2019-03-07,00:00,-9999.0,1007.2,1007.2,1006.4,-9999,27.0,23.3,27.6,27.0,23.3,22.9,80,75,80,298,3.0,1.3,N,AM,ITACOATIARA,A121,-3.13333333,-58.48277777,41.54
391,2019-03-07,04:00,-9999.0,1007.7,1008.0,1007.7,-9999,25.2,23.2,25.6,25.2,23.3,23.1,88,86,88,297,2.0,1.0,N,AM,ITACOATIARA,A121,-3.13333333,-58.48277777,41.54
392,2019-03-07,08:00,-9999.0,1007.1,1007.1,1006.9,-9999,25.4,23.6,25.8,25.3,23.7,23.6,90,88,90,231,0.0,0.0,N,AM,ITACOATIARA,A121,-3.13333333,-58.48277777,41.54
393,2019-03-07,12:00,-9999.0,1009.9,1009.9,1008.7,368,26.0,23.7,26.0,24.8,23.7,22.6,88,86,87,273,3.4,0.3,N,AM,ITACOATIARA,A121,-3.13333333,-58.48277777,41.54
394,2019-03-07,16:00,-9999.0,1008.9,1009.9,1008.9,2938,29.7,23.5,30.3,29.0,24.2,22.3,71,66,69,262,6.8,2.2,N,AM,ITACOATIARA,A121,-3.13333333,-58.48277777,41.54
395,2019-03-07,20:00,-9999.0,1004.2,1004.8,1004.2,1022,28.0,23.9,31.3,28.0,24.0,22.8,79,63,79,270,6.2,1.1,N,AM,ITACOATIARA,A121,-3.13333333,-58.48277777,41.54
396,2019-03-08,00:00,-9999.0,1007.0,1007.0,1006.1,-9999,26.2,23.6,26.7,26.2,24.1,23.5,86,84,86,282,2.1,0.1,N,AM,ITACOATIARA,A121,-3.13333333,-58.48277777,41.54
397,2019-03-08,04:00,-9999.0,1008.0,1008.6,1008.0,-9999,25.4,24.0,25.7,25.4,24.0,23.9,92,90,92,303,2.2,1.0,N,AM,ITACOATIARA,A121,-3.13333333,-58.48277777,41.54
398,2019-03-08,08:00,-9999.0,1006.1,1006.2,1006.0,-9999,24.7,23.1,24.8,24.6,23.3,23.0,92,90,91,304,2.6,1.0,N,AM,ITACOATIARA,A121,-3.13333333,-58.48277777,41.54
399,2019-03-08,12:00,-9999.0,1008.5,1008.5,1007.6,506,26.4,23.6,26.4,25.7,23.8,23.5,88,85,85,228,4.4,1.3,N,AM,ITACOATIARA,A121,-3.13333333,-58.48277777,41.54
400,2019-03-08,16:00,-9999.0,1008.5,1009.3,1008.5,3492,30.4,23.4,31.1,29.5,24.5,22.7,70,64,66,265,7.9,2.0,N,AM,ITACOATIARA,A121,-3.13333333,-58.48277777,41.54
401,2019-03-08,20:00,-9999.0,1004.2,1004.8,1004.2,1707,30.1,23.1,31.7,29.2,23.6,22.6,70,60,66,291,6.9,2.2,N,AM,ITACOATIARA,A121,-3.13333333,-58.48277777,41.54
402,2019-03-09,00:00,-9999.0,1005.3,1005.3,1004.2,-9999,27.6,22.9,27.9,27.6,22.9,22.7,76,74,76,278,3.1,0.5,N,AM,ITACOATIARA,A121,-3.13333333,-58.48277777,41.54
403,2019-03-09,04:00,-9999.0,1006.9,1007.3,1006.9,-9999,25.8,23.3,26.6,25.8,23.5,22.7,86,80,86,286,1.2,0.0,N,AM,ITACOATIARA,A121,-3.13333333,-58.48277777,41.54
404,2019-03-09,08:00,-9999.0,1005.4,1005.4,1005.3,-9999,26.4,23.5,26.5,26.4,23.7,23.5,85,84,84,287,1.8,0.7,N,AM,ITACOATIARA,A121,-3.13333333,-58.48277777,41.54
405,2019-03-09,12:00,-9999.0,1008.0,1008.0,1006.8,874,28.9,24.1,28.9,26.7,24.4,23.6,85,75,75,240,5.2,1.1,N,AM,ITACOATIARA,A121,-3.13333333,-58.48277777,41.54
406,2019-03-09,16:00,-9999.0,1007.7,1008.4,1007.7,1217,30.2,24.4,30.2,29.1,24.7,23.8,76,71,71,252,3.9,0.5,N,AM,ITACOATIARA,A121,-3.13333333,-58.48277777,41.54
407,2019-03-09,20:00,-9999.0,1003.6,1003.9,1003.6,2094,29.4,21.9,30.3,29.1,24.1,21.7,71,63,64,287,8.3,3.7,N,AM,ITACOATIARA,A121,-3.13333333,-58.48277777,41.54
408,2019-03-10,00:00,-9999.0,1005.1,1005.1,1004.3,-9999,26.2,22.5,26.9,26.2,22.5,22.1,80,75,80,276,3.3,1.1,N,AM,ITACOATIARA,A121,-3.13333333,-58.48277777,41.54
409,2019-03-10,04:00,-9999.0,1007.2,1007.4,1007.2,-9999,25.2,23.1,25.5,25.2,23.2,23.1,88,87,88,310,1.2,0.1,N,AM,ITACOATIARA,A121,-3.13333333,-58.48277777,41.54
410,2019-03-10,08:00,-9999.0,1005.8,1006.0,1005.7,-9999,24.7,23.3,24.7,24.5,23.3,23.0,92,91,92,309,0.6,0.1,N,AM,ITACOATIARA,A121,-3.13333333,-58.48277777,41.54
411,2019-03-10,12:00,-9999.0,1009.5,1009.5,1008.3,180,24.0,22.9,24.1,23.5,22.9,22.4,94,93,93,303,8.1,2.3,N,AM,ITACOATIARA,A121,-3.13333333,-58.48277777,41.54
412,2019-03-10,16:00,-9999.0,1008.1,1009.1,1008.1,2350,28.8,23.3,28.9,27.4,23.8,22.4,77,71,72,306,6.8,2.0,N,AM,ITACOATIARA,A121,-3.13333333,-58.48277777,41.54
413,2019-03-10,20:00,-9999.0,1003.1,1004.0,1003.1,2188,30.5,23.1,30.9,29.9,23.7,22.4,68,61,65,313,5.9,2.0,N,AM,ITACOATIARA,A121,-3.13333333,-58.48277777,41.54
414,2019-03-11,00:00,-9999.0,1005.2,1005.2,1004.1,-9999,26.6,23.4,27.2,26.6,23.7,23.2,83,79,83,301,2.2,1.0,N,AM,ITACOATIARA,A121,-3.13333333,-58.48277777,41.54
415,2019-03-11,04:00,-9999.0,1005.9,1006.7,1005.9,-9999,25.5,23.4,25.6,25.5,23.6,23.4,89,88,88,301,1.7,0.3,N,AM,ITACOATIARA,A121,-3.13333333,-58.48277777,41.54
416,2019-03-11,08:00,-9999.0,1004.6,1004.8,1004.4,-9999,25.0,23.5,25.2,25.0,23.6,23.4,91,90,91,318,2.3,0.6,N,AM,ITACOATIARA,A121,-3.13333333,-58.48277777,41.54
417,2019-03-11,12:00,-9999.0,1008.5,1008.5,1007.5,56,23.6,22.5,23.7,23.5,22.6,22.3,94,93,93,298,6.9,0.9,N,AM,ITACOATIARA,A121,-3.13333333,-58.48277777,41.54
418,2019-03-11,16:00,-9999.0,1008.1,1008.9,1008.1,1157,26.5,23.1,26.8,25.9,23.5,22.6,84,80,82,308,3.4,1.1,N,AM,ITACOATIARA,A121,-3.13333333,-58.48277777,41.54
419,2019-03-11,20:00,-9999.0,1004.3,1004.4,1004.2,1014,27.6,22.7,27.8,27.5,23.5,22.7,78,74,75,289,4.0,1.7,N,AM,ITACOATIARA,A121,-3.13333333,-58.48277777,41.54
420,2019-03-12,00:00,-9999.0,1006.4,1006.4,1005.5,-9999,25.0,23.1,25.5,25.0,23.3,23.1,89,87,89,307,2.9,1.0,N,AM,ITACOATIARA,A121,-3.13333333,-58.48277777,41.54
421,2019-03-12,04:00,-9999.0,1007.3,1007.6,1007.3,-9999,24.4,22.8,24.4,24.1,22.8,22.6,92,91,91,245,1.2,0.0,N,AM,ITACOATIARA,A121,-3.13333333,-58.48277777,41.54
422,2019-03-12,08:00,-9999.0,1005.8,1005.9,1005.6,-9999,24.9,23.6,24.9,24.4,23.6,23.2,93,93,93,263,2.1,0.0,N,AM,ITACOATIARA,A121,-3.13333333,-58.48277777,41.54
423,2019-03-12,12:00,-9999.0,1008.8,1008.8,1007.6,328,25.8,22.8,25.9,25.4,23.6,22.8,89,83,84,235,2.1,0.4,N,AM,ITACOATIARA,A121,-3.13333333,-58.48277777,41.54
424,2019-03-12,16:00,-9999.0,1009.1,1010.1,1009.1,385,23.2,21.6,23.4,23.0,22.0,21.4,93,90,91,305,5.0,0.3,N,AM,ITACOATIARA,A121,-3.13333333,-58.48277777,41.54
425,2019-03-12,20:00,-9999.0,1005.2,1005.4,1005.1,613,25.2,22.9,25.3,24.8,23.2,22.5,89,86,87,329,2.7,0.8,N,AM,ITACOATIARA,A121,-3.13333333,-58.48277777,41.54
426,2019-03-13,00:00,-9999.0,1006.9,1006.9,1006.4,-9999,24.4,23.0,24.7,24.4,23.2,23.0,92,91,92,260,1.3,0.0,N,AM,ITACOATIARA,A121,-3.13333333,-58.48277777,41.54
427,2019-03-13,04:00,-9999.0,1007.1,1007.3,1007.1,-9999,25.3,23.4,25.3,24.9,23.4,23.0,90,89,89,220,2.2,0.4,N,AM,ITACOATIARA,A121,-3.13333333,-58.48277777,41.54
428,2019-03-13,08:00,-9999.0,1006.0,1006.0,1005.8,-9999,24.6,22.7,25.0,24.6,23.1,22.7,89,88,89,261,2.9,0.4,N,AM,ITACOATIARA,A121,-3.13333333,-58.48277777,41.54
429,2019-03-13,12:00,-9999.0,1008.9,1008.9,1007.9,496,25.7,23.2,25.7,24.7,23.3,22.6,89,85,86,241,3.0,0.6,N,AM,ITACOATIARA,A121,-3.13333333,-58.48277777,41.54
430,2019-03-13,16:00,-9999.0,1008.2,1009.3,1008.2,3474,28.7,23.9,28.7,27.0,24.6,23.2,83,76,76,217,4.0,1.5,N,AM,ITACOATIARA,A121,-3.13333333,-58.48277777,41.54
431,2019-03-13,20:00,-9999.0,1004.4,1004.9,1004.3,1445,29.2,23.0,30.7,28.1,24.0,22.8,77,63,69,268,6.0,2.4,N,AM,ITACOATIARA,A121,-3.13333333,-58.48277777,41.54
432,2019-03-14,00:00,-9999.0,1004.3,1004.3,1004.1,-9999,26.4,23.4,27.0,26.4,23.5,23.3,84,81,84,273,3.2,0.7,N,AM,ITACOATIARA,A121,-3.13333333,-58.48277777,41.54
433,2019-03-14,04:00,-9999.0,1006.1,1006.3,1006.1,-9999,25.6,23.1,25.6,25.4,23.6,23.1,89,86,86,275,3.0,0.9,N,AM,ITACOATIARA,A121,-3.13333333,-58.48277777,41.54
434,2019-03-14,08:00,-9999.0,1006.8,1006.8,1006.6,-9999,24.8,22.6,24.9,24.7,22.7,22.4,88,87,87,252,3.0,0.3,N,AM,ITACOATIARA,A121,-3.13333333,-58.48277777,41.54
435,2019-03-14,12:00,-9999.0,1009.0,1009.0,1008.6,551,26.0,22.8,26.1,24.6,23.0,22.4,88,82,82,256,2.5,0.7,N,AM,ITACOATIARA,A121,-3.13333333,-58.48277777,41.54
436,2019-03-14,16:00,-9999.0,1007.9,1008.6,1007.9,3407,30.2,22.7,31.1,30.0,24.3,22.1,68,61,64,281,7.1,3.4,N,AM,ITACOATIARA,A121,-3.13333333,-58.48277777,41.54
437,2019-03-14,20:00,-9999.0,1003.2,1004.2,1003.2,1433,30.4,23.1,31.0,30.3,23.8,22.7,67,62,65,275,3.7,1.3,N,AM,ITACOATIARA,A121,-3.13333333,-58.48277777,41.54
438,2019-03-15,00:00,-9999.0,1004.5,1004.5,1004.0,-9999,26.8,23.7,27.0,26.6,24.3,23.6,86,82,83,265,1.1,0.0,N,AM,ITACOATIARA,A121,-3.13333333,-58.48277777,41.54
439,2019-03-15,04:00,-9999.0,1005.3,1005.4,1005.2,-9999,25.5,23.5,26.2,25.5,23.6,23.4,89,85,89,301,1.0,0.3,N,AM,ITACOATIARA,A121,-3.13333333,-58.48277777,41.54
440,2019-03-15,08:00,-9999.0,1005.1,1005.2,1005.0,-9999,26.4,24.5,26.4,25.5,24.5,23.8,91,89,89,221,1.3,0.1,N,AM,ITACOATIARA,A121,-3.13333333,-58.48277777,41.54
441,2019-03-15,12:00,-9999.0,1008.2,1008.2,1007.1,348,26.4,23.7,26.7,26.4,24.2,23.7,87,84,85,227,3.6,1.1,N,AM,ITACOATIARA,A121,-3.13333333,-58.48277777,41.54
442,2019-03-15,16:00,-9999.0,1009.0,1009.8,1009.0,1343,26.3,23.2,26.7,25.7,24.0,22.7,89,80,84,230,3.6,1.3,N,AM,ITACOATIARA,A121,-3.13333333,-58.48277777,41.54
443,2019-03-15,20:00,-9999.0,1003.8,1005.1,1003.8,1260,27.3,22.9,27.9,26.2,24.0,22.5,87,74,77,291,4.7,0.9,N,AM,ITACOATIARA,A121,-3.13333333,-58.48277777,41.54
444,2019-03-16,00:00,-9999.0,1005.7,1005.7,1003.9,-9999,24.9,23.1,25.5,24.9,23.1,22.8,90,85,90,329,4.1,0.4,N,AM,ITACOATIARA,A121,-3.13333333,-58.48277777,41.54
445,2019-03-16,04:00,-9999.0,1006.9,1007.4,1006.9,-9999,24.3,22.8,24.7,24.3,23.0,22.7,92,90,91,320,2.8,0.9,N,AM,ITACOATIARA,A121,-3.13333333,-58.48277777,41.54
446,2019-03-16,08:00,-9999.0,1005.6,1005.7,1005.3,-9999,23.8,22.2,24.1,23.8,22.7,22.2,92,91,91,305,3.6,1.6,N,AM,ITACOATIARA,A121,-3.13333333,-58.48277777,41.54
447,2019-03-16,12:00,-9999.0,1009.0,1009.0,1007.4,597,24.6,22.4,25.0,24.1,22.8,22.1,91,85,88,301,4.5,1.9,N,AM,ITACOATIARA,A121,-3.13333333,-58.48277777,41.54
448,2019-03-16,16:00,-9999.0,1007.8,1008.5,1007.8,3626,29.9,22.7,30.5,29.1,23.7,22.1,69,63,65,267,6.8,2.8,N,AM,ITACOATIARA,A121,-3.13333333,-58.48277777,41.54
449,2019-03-16,20:00,-9999.0,1002.8,1003.5,1002.8,1440,29.7,23.5,31.3,29.7,23.9,22.9,70,62,70,250,4.8,0.8,N,AM,ITACOATIARA,A121,-3.13333333,-58.48277777,41.54
450,2019-03-17,00:00,-9999.0,1004.7,1004.7,1003.9,-9999,26.9,24.2,27.5,26.9,24.2,23.8,85,81,85,280,1.0,0.0,N,AM,ITACOATIARA,A121,-3.13333333,-58.48277777,41.54
451,2019-03-17,04:00,-9999.0,1006.8,1007.2,1006.8,-9999,26.1,24.3,27.0,26.1,24.5,24.1,90,85,90,256,1.8,0.0,N,AM,ITACOATIARA,A121,-3.13333333,-58.48277777,41.54
452,2019-03-17,08:00,-9999.0,1005.7,1005.8,1005.6,-9999,26.2,24.6,26.6,26.2,25.0,24.6,91,91,91,249,2.3,0.1,N,AM,ITACOATIARA,A121,-3.13333333,-58.48277777,41.54
453,2019-03-17,12:00,-9999.0,1007.9,1007.9,1007.4,694,27.5,24.0,27.8,26.3,24.7,23.9,88,80,81,234,2.5,0.9,N,AM,ITACOATIARA,A121,-3.13333333,-58.48277777,41.54
454,2019-03-17,16:00,-9999.0,1007.3,1008.1,1007.3,2676,31.5,23.0,31.5,29.2,24.7,22.5,75,60,61,272,5.5,1.4,N,AM,ITACOATIARA,A121,-3.13333333,-58.48277777,41.54
455,2019-03-17,20:00,-9999.0,1003.2,1003.9,1003.2,2034,32.4,22.5,32.7,32.0,22.7,21.2,57,52,56,270,5.3,0.7,N,AM,ITACOATIARA,A121,-3.13333333,-58.48277777,41.54
456,2019-03-18,00:00,-9999.0,1004.9,1004.9,1004.1,-9999,28.0,24.0,28.7,27.9,24.0,23.5,79,74,79,294,1.9,0.8,N,AM,ITACOATIARA,A121,-3.13333333,-58.48277777,41.54
457,2019-03-18,04:00,-9999.0,1006.2,1006.6,1006.2,-9999,26.5,24.4,26.8,26.5,24.5,24.3,89,87,88,298,1.7,0.7,N,AM,ITACOATIARA,A121,-3.13333333,-58.48277777,41.54
458,2019-03-18,08:00,-9999.0,1005.3,1005.3,1005.1,-9999,26.0,24.6,26.1,25.8,24.6,24.3,92,90,92,276,1.1,0.3,N,AM,ITACOATIARA,A121,-3.13333333,-58.48277777,41.54
459,2019-03-18,12:00,-9999.0,1008.2,1008.2,1007.3,875,28.6,24.7,28.6,26.6,24.9,24.1,88,78,79,268,3.2,1.1,N,AM,ITACOATIARA,A121,-3.13333333,-58.48277777,41.54
460,2019-03-18,16:00,-9999.0,1006.8,1007.8,1006.8,3502,32.8,22.8,32.8,31.7,23.3,21.4,59,52,56,269,5.1,1.8,N,AM,ITACOATIARA,A121,-3.13333333,-58.48277777,41.54
461,2019-03-18,20:00,-9999.0,1002.9,1003.4,1002.9,2006,32.7,20.2,33.6,32.5,21.8,19.5,51,45,48,274,4.8,2.0,N,AM,ITACOATIARA,A121,-3.13333333,-58.48277777,41.54
462,2019-03-19,00:00,-9999.0,1004.4,1004.4,1003.3,-9999,28.4,23.3,28.8,28.1,23.5,22.7,75,70,74,274,1.9,0.2,N,AM,ITACOATIARA,A121,-3.13333333,-58.48277777,41.54
463,2019-03-19,04:00,-9999.0,1005.7,1006.2,1005.6,-9999,27.3,23.9,28.2,27.2,23.9,23.5,82,76,82,294,2.2,0.9,N,AM,ITACOATIARA,A121,-3.13333333,-58.48277777,41.54
464,2019-03-19,08:00,-9999.0,1004.6,1004.8,1004.6,-9999,26.1,24.0,26.2,26.0,24.3,24.0,90,88,88,299,3.9,1.8,N,AM,ITACOATIARA,A121,-3.13333333,-58.48277777,41.54
465,2019-03-19,12:00,-9999.0,1006.9,1006.9,1006.2,766,27.9,23.8,27.9,25.5,24.3,23.0,86,78,78,288,4.8,2.4,N,AM,ITACOATIARA,A121,-3.13333333,-58.48277777,41.54
466,2019-03-19,16:00,-9999.0,1006.2,1007.1,1006.2,3310,32.4,23.2,32.5,31.0,23.2,21.9,62,54,59,248,5.5,1.7,N,AM,ITACOATIARA,A121,-3.13333333,-58.48277777,41.54
467,2019-03-19,20:00,-9999.0,1002.4,1003.0,1002.3,1784,30.1,24.3,31.5,30.1,25.1,23.2,71,63,71,297,7.1,2.3,N,AM,ITACOATIARA,A121,-3.13333333,-58.48277777,41.54
468,2019-03-20,00:00,-9999.0,1004.6,1004.6,1003.7,-9999,27.4,23.8,27.6,27.1,24.0,23.8,83,80,81,288,1.4,0.2,N,AM,ITACOATIARA,A121,-3.13333333,-58.48277777,41.54
469,2019-03-20,04:00,-9999.0,1006.1,1006.7,1006.1,-9999,25.8,23.6,26.4,25.8,23.9,23.6,88,86,88,318,2.8,0.7,N,AM,ITACOATIARA,A121,-3.13333333,-58.48277777,41.54
470,2019-03-20,08:00,-9999.0,1004.9,1005.0,1004.6,-9999,25.0,23.2,25.5,24.9,23.5,23.1,90,88,90,320,2.0,0.2,N,AM,ITACOATIARA,A121,-3.13333333,-58.48277777,41.54
471,2019-03-20,12:00,-9999.0,1007.7,1007.7,1006.5,693,26.8,23.5,27.5,25.7,24.2,23.0,90,78,82,281,2.7,0.6,N,AM,ITACOATIARA,A121,-3.13333333,-58.48277777,41.54
472,2019-03-20,16:00,-9999.0,1006.7,1008.0,1006.7,2518,29.3,25.3,31.4,27.5,25.7,23.6,85,67,79,283,8.2,1.5,N,AM,ITACOATIARA,A121,-3.13333333,-58.48277777,41.54
473,2019-03-20,20:00,-9999.0,1003.3,1003.6,1003.1,1748,30.7,24.3,31.0,28.6,25.2,23.9,76,68,69,262,6.2,2.2,N,AM,ITACOATIARA,A121,-3.13333333,-58.48277777,41.54
474,2019-03-21,00:00,-9999.0,1005.1,1005.1,1004.4,-9999,26.2,23.7,26.8,26.2,23.8,23.5,86,82,86,305,2.5,1.2,N,AM,ITACOATIARA,A121,-3.13333333,-58.48277777,41.54
475,2019-03-21,04:00,-9999.0,1007.5,1007.8,1007.5,-9999,26.6,24.4,26.7,26.5,24.5,24.3,89,88,88,238,2.5,0.6,N,AM,ITACOATIARA,A121,-3.13333333,-58.48277777,41.54
476,2019-03-21,08:00,-9999.0,1005.4,1005.7,1005.4,-9999,25.5,24.1,25.7,25.5,24.2,24.1,92,91,92,282,2.1,0.7,N,AM,ITACOATIARA,A121,-3.13333333,-58.48277777,41.54
477,2019-03-21,12:00,-9999.0,1007.5,1007.5,1006.7,724,27.9,24.8,27.9,26.2,24.8,24.2,89,82,84,259,3.0,0.9,N,AM,ITACOATIARA,A121,-3.13333333,-58.48277777,41.54
478,2019-03-21,16:00,-9999.0,1007.0,1008.2,1007.0,1941,29.8,24.5,30.9,29.3,24.8,23.1,74,65,73,319,3.7,0.8,N,AM,ITACOATIARA,A121,-3.13333333,-58.48277777,41.54
479,2019-03-21,20:00,-9999.0,1003.7,1004.0,1003.3,696,28.3,24.9,29.4,28.3,25.6,24.6,82,77,82,223,3.5,0.7,N,AM,ITACOATIARA,A121,-3.13333333,-58.48277777,41.54
480,2019-03-22,00:00,-9999.0,1006.4,1006.4,1005.7,-9999,25.6,23.9,25.8,25.5,24.1,23.8,91,90,91,306,1.2,0.8,N,AM,ITACOATIARA,A121,-3.13333333,-58.48277777,41.54
481,2019-03-22,04:00,-9999.0,1007.6,1008.3,1007.6,-9999,25.5,23.6,25.5,25.2,23.7,22.9,90,86,89,245,5.3,1.9,N,AM,ITACOATIARA,A121,-3.13333333,-58.48277777,41.54
482,2019-03-22,08:00,-9999.0,1006.3,1006.6,1006.3,-9999,25.1,23.0,25.4,25.1,23.2,22.9,88,87,88,258,4.3,0.4,N,AM,ITACOATIARA,A121,-3.13333333,-58.48277777,41.54
483,2019-03-22,12:00,-9999.0,1008.4,1008.4,1007.6,661,26.2,23.3,26.2,25.1,23.3,22.6,88,83,84,251,4.0,0.6,N,AM,ITACOATIARA,A121,-3.13333333,-58.48277777,41.54
484,2019-03-22,16:00,-9999.0,1007.7,1008.7,1007.7,2268,29.6,24.0,29.8,28.7,24.2,22.9,75,68,72,261,4.3,1.4,N,AM,ITACOATIARA,A121,-3.13333333,-58.48277777,41.54
485,2019-03-22,20:00,-9999.0,1004.1,1004.5,1004.1,729,29.7,24.5,30.2,29.1,24.8,23.9,76,71,74,319,4.0,0.8,N,AM,ITACOATIARA,A121,-3.13333333,-58.48277777,41.54
486,2019-03-23,00:00,-9999.0,1006.1,1006.1,1005.3,-9999,27.3,24.9,27.4,26.8,24.9,24.3,89,83,87,277,4.8,0.6,N,AM,ITACOATIARA,A121,-3.13333333,-58.48277777,41.54
487,2019-03-23,04:00,-9999.0,1006.9,1007.5,1006.9,-9999,26.3,23.9,26.7,26.3,24.3,23.9,88,87,87,267,2.6,0.6,N,AM,ITACOATIARA,A121,-3.13333333,-58.48277777,41.54
488,2019-03-23,08:00,-9999.0,1006.5,1006.7,1006.5,-9999,26.3,24.5,26.4,26.2,24.7,24.3,90,89,90,224,2.3,0.2,N,AM,ITACOATIARA,A121,-3.13333333,-58.48277777,41.54
489,2019-03-23,12:00,-9999.0,1008.4,1008.4,1007.9,1145,27.9,23.9,28.5,27.0,24.9,23.9,87,78,79,275,4.1,1.5,N,AM,ITACOATIARA,A121,-3.13333333,-58.48277777,41.54
490,2019-03-23,16:00,-9999.0,1008.2,1009.1,1008.2,3197,31.0,24.0,31.6,29.6,25.3,23.5,73,65,66,240,3.5,0.7,N,AM,ITACOATIARA,A121,-3.13333333,-58.48277777,41.54
491,2019-03-23,20:00,-9999.0,1004.1,1004.5,1004.1,2155,32.0,23.3,33.3,32.0,23.4,20.8,60,49,60,264,5.9,2.2,N,AM,ITACOATIARA,A121,-3.13333333,-58.48277777,41.54
492,2019-03-24,00:00,-9999.0,1006.5,1006.5,1005.7,-9999,28.0,24.0,28.4,27.9,24.0,23.8,79,76,79,278,2.4,0.6,N,AM,ITACOATIARA,A121,-3.13333333,-58.48277777,41.54
493,2019-03-24,04:00,-9999.0,1008.0,1008.3,1008.0,-9999,27.0,24.0,27.6,27.0,24.0,23.8,84,80,84,278,2.4,0.7,N,AM,ITACOATIARA,A121,-3.13333333,-58.48277777,41.54
494,2019-03-24,08:00,-9999.0,1006.4,1006.4,1006.2,-9999,25.8,23.7,26.3,25.8,24.2,23.6,89,86,88,289,1.8,0.2,N,AM,ITACOATIARA,A121,-3.13333333,-58.48277777,41.54
495,2019-03-24,12:00,-9999.0,1009.0,1009.0,1008.3,413,27.1,24.4,27.1,26.6,24.7,24.4,88,85,85,263,3.3,0.9,N,AM,ITACOATIARA,A121,-3.13333333,-58.48277777,41.54
496,2019-03-24,16:00,-9999.0,1008.6,1009.7,1008.5,2777,30.9,23.0,31.5,29.1,24.3,22.3,74,61,63,249,4.6,1.3,N,AM,ITACOATIARA,A121,-3.13333333,-58.48277777,41.54
497,2019-03-24,20:00,-9999.0,1004.2,1004.5,1004.0,1609,31.3,24.0,31.4,29.1,24.9,23.1,77,63,65,269,3.6,1.3,N,AM,ITACOATIARA,A121,-3.13333333,-58.48277777,41.54
498,2019-03-25,00:00,-9999.0,1006.6,1006.6,1005.8,-9999,27.5,23.4,28.4,27.4,24.3,23.2,79,76,79,331,7.3,2.0,N,AM,ITACOATIARA,A121,-3.13333333,-58.48277777,41.54
499,2019-03-25,04:00,-9999.0,1007.2,1007.9,1007.2,-9999,26.2,23.3,26.3,25.7,23.3,22.6,85,81,84,306,0.8,0.0,N,AM,ITACOATIARA,A121,-3.13333333,-58.48277777,41.54
500,2019-03-25,08:00,-9999.0,1005.7,1005.9,1005.7,-9999,26.1,24.1,26.5,26.0,24.3,23.5,89,86,89,281,1.9,0.4,N,AM,ITACOATIARA,A121,-3.13333333,-58.48277777,41.54
501,2019-03-25,12:00,-9999.0,1008.6,1008.6,1007.6,320,26.7,23.9,26.7,26.3,24.2,23.6,87,84,85,239,4.2,1.1,N,AM,ITACOATIARA,A121,-3.13333333,-58.48277777,41.54
502,2019-03-25,16:00,-9999.0,1008.0,1008.8,1008.0,2597,28.4,23.2,28.5,27.0,24.1,23.0,82,73,74,223,4.4,2.4,N,AM,ITACOATIARA,A121,-3.13333333,-58.48277777,41.54
503,2019-03-25,20:00,-9999.0,1004.7,1004.7,1004.6,254,25.3,23.7,28.7,25.3,24.0,22.6,91,70,91,328,4.9,1.5,N,AM,ITACOATIARA,A121,-3.13333333,-58.48277777,41.54
504,2019-03-26,00:00,-9999.0,1005.4,1005.5,1005.4,-9999,25.3,23.8,25.4,25.3,24.0,23.8,92,91,92,285,2.8,0.2,N,AM,ITACOATIARA,A121,-3.13333333,-58.48277777,41.54
505,2019-03-26,04:00,-9999.0,1006.3,1006.6,1006.3,-9999,24.8,23.3,24.8,24.7,23.5,23.3,92,91,92,311,2.3,0.7,N,AM,ITACOATIARA,A121,-3.13333333,-58.48277777,41.54
506,2019-03-26,08:00,-9999.0,1005.3,1005.5,1005.3,-9999,24.5,23.3,24.8,24.5,23.5,23.3,93,93,93,271,1.5,0.2,N,AM,ITACOATIARA,A121,-3.13333333,-58.48277777,41.54
507,2019-03-26,12:00,-9999.0,1007.9,1007.9,1007.3,472,26.5,24.6,26.5,25.3,24.7,24.1,93,88,89,264,3.5,0.8,N,AM,ITACOATIARA,A121,-3.13333333,-58.48277777,41.54
508,2019-03-26,16:00,-9999.0,1006.7,1007.6,1006.7,3473,30.5,23.1,30.9,29.4,24.1,22.7,72,63,65,281,6.9,2.9,N,AM,ITACOATIARA,A121,-3.13333333,-58.48277777,41.54
509,2019-03-26,20:00,-9999.0,1002.9,1003.2,1002.6,2228,31.1,23.3,32.1,31.0,24.1,22.9,64,59,63,260,5.0,1.3,N,AM,ITACOATIARA,A121,-3.13333333,-58.48277777,41.54
510,2019-03-27,00:00,-9999.0,1004.5,1004.5,1003.7,-9999,26.8,23.7,27.8,26.8,24.1,23.5,83,78,83,302,2.5,1.2,N,AM,ITACOATIARA,A121,-3.13333333,-58.48277777,41.54
511,2019-03-27,04:00,-9999.0,1005.8,1006.0,1005.7,-9999,26.4,23.9,26.7,26.4,24.0,23.9,86,85,86,275,3.4,0.7,N,AM,ITACOATIARA,A121,-3.13333333,-58.48277777,41.54
512,2019-03-27,08:00,-9999.0,1004.7,1004.7,1004.5,-9999,25.8,24.4,25.9,25.7,24.4,24.2,92,90,92,291,1.9,0.1,N,AM,ITACOATIARA,A121,-3.13333333,-58.48277777,41.54
513,2019-03-27,12:00,-9999.0,1007.6,1007.6,1006.7,674,28.0,24.9,28.0,25.4,25.1,24.0,92,83,83,304,3.2,1.0,N,AM,ITACOATIARA,A121,-3.13333333,-58.48277777,41.54
514,2019-03-27,16:00,-9999.0,1007.1,1008.1,1007.1,3233,31.2,23.3,31.9,30.1,24.4,23.0,69,62,63,275,6.4,2.6,N,AM,ITACOATIARA,A121,-3.13333333,-58.48277777,41.54
515,2019-03-27,20:00,-9999.0,1003.3,1003.8,1003.2,1792,31.0,24.0,32.2,30.9,24.5,23.0,66,59,66,289,6.8,3.0,N,AM,ITACOATIARA,A121,-3.13333333,-58.48277777,41.54
516,2019-03-28,00:00,-9999.0,1005.6,1005.6,1005.0,-9999,28.2,24.6,28.4,28.1,25.0,24.6,83,81,81,271,3.5,0.9,N,AM,ITACOATIARA,A121,-3.13333333,-58.48277777,41.54
517,2019-03-28,04:00,-9999.0,1006.5,1007.2,1006.5,-9999,26.6,24.2,26.9,26.6,24.2,24.1,87,85,87,282,2.9,0.4,N,AM,ITACOATIARA,A121,-3.13333333,-58.48277777,41.54
518,2019-03-28,08:00,-9999.0,1005.4,1005.4,1005.2,-9999,26.0,24.5,26.1,26.0,24.5,24.4,91,91,91,300,1.8,0.8,N,AM,ITACOATIARA,A121,-3.13333333,-58.48277777,41.54
519,2019-03-28,12:00,-9999.0,1007.8,1007.8,1007.4,1068,28.9,24.8,28.9,27.0,25.3,24.5,87,79,79,286,4.8,1.9,N,AM,ITACOATIARA,A121,-3.13333333,-58.48277777,41.54
520,2019-03-28,16:00,-9999.0,1007.2,1008.2,1007.2,1585,29.0,24.0,31.2,26.4,24.7,22.3,84,67,74,275,10.2,3.0,N,AM,ITACOATIARA,A121,-3.13333333,-58.48277777,41.54
521,2019-03-28,20:00,-9999.0,1002.7,1003.3,1002.6,1810,30.8,22.6,31.7,30.8,23.6,22.1,63,58,62,287,6.9,3.0,N,AM,ITACOATIARA,A121,-3.13333333,-58.48277777,41.54
522,2019-03-29,00:00,-9999.0,1006.0,1006.0,1004.7,-9999,28.6,22.6,28.9,28.5,24.1,22.6,76,70,70,261,4.3,0.9,N,AM,ITACOATIARA,A121,-3.13333333,-58.48277777,41.54
523,2019-03-29,04:00,-9999.0,1007.4,1008.0,1007.4,-9999,26.9,23.6,27.1,26.6,23.7,23.5,84,81,82,264,1.6,0.2,N,AM,ITACOATIARA,A121,-3.13333333,-58.48277777,41.54
524,2019-03-29,08:00,-9999.0,1005.7,1005.7,1005.3,-9999,26.5,24.1,26.6,26.4,24.2,24.0,87,86,86,218,1.5,0.2,N,AM,ITACOATIARA,A121,-3.13333333,-58.48277777,41.54
525,2019-03-29,12:00,-9999.0,1008.5,1008.5,1007.1,531,25.8,24.0,26.5,24.7,24.2,23.1,93,86,90,287,6.6,2.7,N,AM,ITACOATIARA,A121,-3.13333333,-58.48277777,41.54
526,2019-03-29,16:00,-9999.0,1006.8,1008.2,1006.8,2757,30.1,23.9,30.3,28.7,24.9,23.6,77,69,69,290,7.4,3.3,N,AM,ITACOATIARA,A121,-3.13333333,-58.48277777,41.54
527,2019-03-29,20:00,-9999.0,1003.6,1003.7,1003.3,1760,30.9,23.4,31.6,30.8,23.9,22.9,65,61,65,278,5.8,1.4,N,AM,ITACOATIARA,A121,-3.13333333,-58.48277777,41.54
528,2019-03-30,00:00,-9999.0,1007.9,1008.4,1007.1,-9999,24.7,23.7,24.7,23.9,23.7,22.9,94,93,94,242,9.8,2.7,N,AM,ITACOATIARA,A121,-3.13333333,-58.48277777,41.54
529,2019-03-30,04:00,-9999.0,1008.4,1008.6,1008.3,2,24.2,22.7,24.8,24.2,23.1,22.6,91,89,91,277,7.4,1.5,N,AM,ITACOATIARA,A121,-3.13333333,-58.48277777,41.54
530,2019-03-30,08:00,-9999.0,1007.4,1007.5,1007.3,-9999,24.2,22.3,24.3,24.0,22.8,22.1,92,89,89,258,5.0,0.9,N,AM,ITACOATIARA,A121,-3.13333333,-58.48277777,41.54
531,2019-03-30,12:00,-9999.0,1011.5,1011.5,1010.4,166,23.5,22.3,23.6,23.3,22.4,22.1,94,92,93,341,2.9,1.1,N,AM,ITACOATIARA,A121,-3.13333333,-58.48277777,41.54
532,2019-03-30,16:00,-9999.0,1009.5,1010.7,1009.5,3100,27.0,22.9,27.3,26.0,23.7,22.4,83,77,78,230,4.0,2.5,N,AM,ITACOATIARA,A121,-3.13333333,-58.48277777,41.54
533,2019-03-30,20:00,-9999.0,1005.9,1006.2,1005.9,1118,28.1,23.3,29.1,27.9,24.3,22.8,78,73,75,215,3.1,0.4,N,AM,ITACOATIARA,A121,-3.13333333,-58.48277777,41.54
534,2019-03-31,00:00,-9999.0,1007.3,1007.3,1007.1,-9999,25.6,23.3,25.9,25.6,23.3,23.1,87,85,87,272,2.4,0.3,N,AM,ITACOATIARA,A121,-3.13333333,-58.48277777,41.54
535,2019-03-31,04:00,-9999.0,1007.4,1007.8,1007.4,-9999,24.9,23.0,25.3,24.9,23.0,22.8,89,86,89,283,1.9,0.2,N,AM,ITACOATIARA,A121,-3.13333333,-58.48277777,41.54
536,2019-03-31,08:00,-9999.0,1006.1,1006.1,1006.0,-9999,24.5,23.1,24.5,24.4,23.1,23.0,92,92,92,279,1.6,0.1,N,AM,ITACOATIARA,A121,-3.13333333,-58.48277777,41.54
537,2019-03-31,12:00,-9999.0,1009.4,1009.4,1008.5,579,25.6,22.9,25.6,24.8,23.3,22.9,91,85,85,278,3.0,1.3,N,AM,ITACOATIARA,A121,-3.13333333,-58.48277777,41.54
538,2019-03-31,16:00,-9999.0,1008.5,1009.5,1008.5,3040,29.7,23.5,29.8,28.3,24.2,22.8,75,67,69,237,3.6,1.2,N,AM,ITACOATIARA,A121,-3.13333333,-58.48277777,41.54
539,2019-03-31,20:00,-9999.0,1004.8,1005.4,1004.8,1925,28.7,23.8,29.6,28.5,24.5,23.0,75,71,75,232,3.0,0.5,N,AM,ITACOATIARA,A121,-3.13333333,-58.48277777,41.54
540,2019-04-01,00:00,0.0,1006.5,1006.5,1005.5,-9999,26.5,24.2,26.7,26.3,24.3,24.1,88,87,87,275,0.6,0.0,N,AM,ITACOATIARA,A121,-3.13333333,-58.48277777,41.54
541,2019-04-01,04:00,0.0,1006.9,1007.6,1006.9,-9999,25.6,23.8,26.1,25.5,24.2,23.8,91,88,89,289,1.4,0.4,N,AM,ITACOATIARA,A121,-3.13333333,-58.48277777,41.54
542,2019-04-01,08:00,0.0,1005.4,1005.6,1005.4,-9999,25.3,24.1,25.5,25.1,24.2,23.9,93,92,93,281,0.2,0.0,N,AM,ITACOATIARA,A121,-3.13333333,-58.48277777,41.54
543,2019-04-01,12:00,0.0,1007.3,1007.3,1006.7,908,28.4,24.1,28.4,26.0,25.2,24.0,89,78,78,247,3.8,1.2,N,AM,ITACOATIARA,A121,-3.13333333,-58.48277777,41.54
544,2019-04-01,16:00,0.0,1006.9,1007.9,1006.9,3483,31.0,23.3,31.7,30.9,24.5,23.2,69,62,64,237,5.5,1.6,N,AM,ITACOATIARA,A121,-3.13333333,-58.48277777,41.54
545,2019-04-01,20:00,0.0,1003.4,1004.0,1003.4,1227,30.9,24.2,31.7,30.7,24.6,23.0,68,62,68,284,3.4,0.8,N,AM,ITACOATIARA,A121,-3.13333333,-58.48277777,41.54
546,2019-04-02,00:00,0.0,1005.0,1005.0,1004.2,-9999,27.6,24.7,28.0,27.4,24.7,24.5,85,82,84,265,1.7,0.1,N,AM,ITACOATIARA,A121,-3.13333333,-58.48277777,41.54
547,2019-04-02,04:00,0.0,1006.4,1006.6,1006.4,-9999,26.5,24.4,26.9,26.4,24.4,24.3,88,86,88,294,1.0,0.1,N,AM,ITACOATIARA,A121,-3.13333333,-58.48277777,41.54
548,2019-04-02,08:00,0.0,1005.3,1005.4,1004.9,-9999,26.5,24.7,26.5,25.9,24.7,24.3,91,90,90,257,1.7,0.0,N,AM,ITACOATIARA,A121,-3.13333333,-58.48277777,41.54
549,2019-04-02,12:00,0.0,1007.9,1007.9,1007.0,1047,28.3,24.7,28.4,26.4,24.7,24.1,88,79,81,258,4.8,1.2,N,AM,ITACOATIARA,A121,-3.13333333,-58.48277777,41.54
550,2019-04-02,16:00,0.0,1007.3,1008.5,1007.3,3356,30.8,22.1,31.5,29.7,24.3,21.8,69,58,60,274,5.6,2.6,N,AM,ITACOATIARA,A121,-3.13333333,-58.48277777,41.54
551,2019-04-02,20:00,0.0,1003.3,1003.8,1003.2,1972,31.7,21.1,32.0,31.1,22.8,21.0,60,53,54,268,4.9,1.5,N,AM,ITACOATIARA,A121,-3.13333333,-58.48277777,41.54
552,2019-04-03,00:00,0.0,1005.4,1005.4,1004.6,-9999,28.2,24.1,28.2,27.7,24.1,23.8,80,77,78,280,2.4,0.6,N,AM,ITACOATIARA,A121,-3.13333333,-58.48277777,41.54
553,2019-04-03,04:00,0.0,1005.9,1007.0,1005.9,-9999,27.2,24.8,27.6,27.2,24.8,24.4,86,83,86,268,2.4,0.2,N,AM,ITACOATIARA,A121,-3.13333333,-58.48277777,41.54
554,2019-04-03,08:00,0.0,1005.4,1005.5,1005.2,-9999,27.1,24.9,27.2,27.0,25.0,24.8,88,88,88,280,1.9,0.2,N,AM,ITACOATIARA,A121,-3.13333333,-58.48277777,41.54
555,2019-04-03,12:00,0.0,1007.8,1007.8,1006.9,630,28.2,25.3,28.3,27.2,25.6,25.1,89,84,84,245,2.4,0.6,N,AM,ITACOATIARA,A121,-3.13333333,-58.48277777,41.54
556,2019-04-03,16:00,0.0,1007.2,1008.0,1007.2,788,28.7,24.6,31.3,28.6,24.9,23.5,81,65,78,230,4.3,0.8,N,AM,ITACOATIARA,A121,-3.13333333,-58.48277777,41.54
557,2019-04-03,20:00,0.0,1003.2,1003.5,1003.0,1633,30.4,24.5,31.3,29.4,25.2,23.9,75,66,71,243,2.6,0.4,N,AM,ITACOATIARA,A121,-3.13333333,-58.48277777,41.54
558,2019-04-04,00:00,0.0,1005.6,1005.6,1004.2,-9999,27.6,23.6,29.3,27.6,25.8,23.5,84,77,79,329,4.8,1.5,N,AM,ITACOATIARA,A121,-3.13333333,-58.48277777,41.54
559,2019-04-04,04:00,0.0,1007.0,1007.3,1006.5,-9999,25.3,23.5,25.8,25.3,24.1,23.5,90,88,90,217,7.4,0.9,N,AM,ITACOATIARA,A121,-3.13333333,-58.48277777,41.54
560,2019-04-04,08:00,0.0,1005.1,1005.3,1004.9,-9999,24.8,23.6,24.9,24.7,23.8,23.5,94,93,93,249,5.2,1.2,N,AM,ITACOATIARA,A121,-3.13333333,-58.48277777,41.54
561,2019-04-04,12:00,0.0,1008.7,1008.7,1007.8,20,23.4,22.2,23.7,23.3,22.4,22.2,93,92,93,311,5.9,2.4,N,AM,ITACOATIARA,A121,-3.13333333,-58.48277777,41.54
562,2019-04-04,16:00,0.0,1007.9,1009.0,1007.9,751,24.9,23.2,24.9,24.0,23.4,22.9,93,90,90,293,6.7,2.8,N,AM,ITACOATIARA,A121,-3.13333333,-58.48277777,41.54
563,2019-04-04,20:00,0.0,1003.8,1004.5,1003.8,1265,26.3,23.0,27.4,26.1,23.8,23.0,84,79,82,302,3.7,1.5,N,AM,ITACOATIARA,A121,-3.13333333,-58.48277777,41.54
564,2019-04-05,00:00,0.0,1006.0,1006.0,1005.0,-9999,24.9,23.4,25.4,24.9,23.5,23.4,92,89,92,267,1.1,0.0,N,AM,ITACOATIARA,A121,-3.13333333,-58.48277777,41.54
565,2019-04-05,04:00,0.0,1007.6,1008.0,1007.6,-9999,24.8,23.3,25.0,24.8,23.3,23.2,91,90,91,274,1.7,0.1,N,AM,ITACOATIARA,A121,-3.13333333,-58.48277777,41.54
566,2019-04-05,08:00,0.0,1006.0,1006.0,1005.7,-9999,24.6,22.8,24.8,24.6,22.9,22.8,90,89,90,276,2.4,0.2,N,AM,ITACOATIARA,A121,-3.13333333,-58.48277777,41.54
567,2019-04-05,12:00,0.0,1008.1,1008.1,1007.4,779,26.3,23.3,26.4,25.7,23.8,22.6,88,81,83,256,3.6,0.6,N,AM,ITACOATIARA,A121,-3.13333333,-58.48277777,41.54
568,2019-04-05,16:00,0.0,1007.2,1008.2,1007.2,1614,29.2,23.8,29.3,27.9,24.7,23.5,81,73,73,274,6.2,2.1,N,AM,ITACOATIARA,A121,-3.13333333,-58.48277777,41.54
569,2019-04-05,20:00,-9999.0,-9999.0,-9999.0,-9999.0,-9999,-9999.0,-9999.0,-9999.0,-9999.0,-9999.0,-9999.0,-9999,-9999,-9999,-9999,-9999.0,-9999.0,N,AM,ITACOATIARA,A121,-3.13333333,-58.48277777,41.54
570,2019-04-06,00:00,0.0,1005.2,1005.2,1004.2,0,27.3,24.5,27.7,27.3,24.5,24.4,85,83,85,284,1.7,0.6,N,AM,ITACOATIARA,A121,-3.13333333,-58.48277777,41.54
571,2019-04-06,04:00,0.0,1006.7,1007.2,1006.7,0,26.2,24.2,26.6,26.2,24.3,24.2,89,87,89,279,2.0,0.3,N,AM,ITACOATIARA,A121,-3.13333333,-58.48277777,41.54
572,2019-04-06,08:00,0.0,1005.1,1005.1,1005.0,0,25.8,24.4,25.9,25.8,24.5,24.3,92,91,92,274,2.0,0.1,N,AM,ITACOATIARA,A121,-3.13333333,-58.48277777,41.54
573,2019-04-06,12:00,0.0,1007.9,1007.9,1007.5,989,28.6,25.1,28.6,26.7,25.2,24.5,89,80,81,255,3.8,1.3,N,AM,ITACOATIARA,A121,-3.13333333,-58.48277777,41.54
574,2019-04-06,16:00,0.0,1007.3,1008.4,1007.3,3184,31.9,23.3,31.9,30.9,24.7,22.3,68,59,60,254,6.2,2.3,N,AM,ITACOATIARA,A121,-3.13333333,-58.48277777,41.54
575,2019-04-06,20:00,0.0,1003.1,1003.3,1002.9,1700,31.7,22.7,32.6,31.6,23.5,22.1,60,55,59,260,4.9,1.8,N,AM,ITACOATIARA,A121,-3.13333333,-58.48277777,41.54
576,2019-04-07,00:00,0.0,1006.1,1006.1,1005.2,0,27.7,24.5,28.2,27.7,24.5,23.7,83,77,83,285,2.3,0.5,N,AM,ITACOATIARA,A121,-3.13333333,-58.48277777,41.54
577,2019-04-07,04:00,0.0,1007.1,1007.5,1007.1,0,27.0,24.2,27.4,26.9,24.4,24.1,86,82,85,255,2.6,0.5,N,AM,ITACOATIARA,A121,-3.13333333,-58.48277777,41.54
578,2019-04-07,08:00,15.6,1006.7,1006.7,1005.9,0,24.2,23.1,26.7,24.1,24.2,22.7,94,84,94,257,7.1,1.4,N,AM,ITACOATIARA,A121,-3.13333333,-58.48277777,41.54
579,2019-04-07,12:00,0.2,1009.5,1009.5,1008.7,282,25.0,23.4,25.0,24.6,23.4,23.0,93,90,90,247,3.4,0.4,N,AM,ITACOATIARA,A121,-3.13333333,-58.48277777,41.54
580,2019-04-07,16:00,20.0,1008.7,1009.7,1008.7,953,25.5,24.4,29.1,24.3,25.3,22.7,94,77,94,209,6.2,0.2,N,AM,ITACOATIARA,A121,-3.13333333,-58.48277777,41.54
581,2019-04-07,20:00,0.0,1004.7,1005.4,1004.7,1530,28.4,24.2,28.4,27.1,24.5,23.5,83,78,78,245,2.9,1.1,N,AM,ITACOATIARA,A121,-3.13333333,-58.48277777,41.54
582,2019-04-08,00:00,0.0,1007.4,1007.4,1006.4,0,26.8,24.5,26.8,26.4,24.6,24.4,89,87,87,223,1.6,0.1,N,AM,ITACOATIARA,A121,-3.13333333,-58.48277777,41.54
583,2019-04-08,04:00,0.0,1008.1,1008.8,1008.1,0,24.9,23.1,25.9,24.9,24.2,23.0,90,89,90,339,3.3,1.1,N,AM,ITACOATIARA,A121,-3.13333333,-58.48277777,41.54
584,2019-04-08,08:00,0.0,1006.7,1006.7,1006.6,0,24.5,23.1,24.6,24.0,23.2,22.7,93,89,92,336,2.2,0.5,N,AM,ITACOATIARA,A121,-3.13333333,-58.48277777,41.54
585,2019-04-08,12:00,3.4,1009.4,1009.4,1008.3,101,24.3,23.2,24.4,24.2,23.3,23.1,94,93,94,296,2.3,0.8,N,AM,ITACOATIARA,A121,-3.13333333,-58.48277777,41.54
586,2019-04-08,16:00,0.0,1007.5,1008.9,1007.5,2497,27.4,23.5,28.2,26.8,24.5,23.1,84,77,79,232,2.6,1.6,N,AM,ITACOATIARA,A121,-3.13333333,-58.48277777,41.54
587,2019-04-08,20:00,0.0,1004.2,1004.3,1004.1,1036,28.9,24.5,29.3,27.9,24.8,23.1,81,74,77,267,3.4,0.9,N,AM,ITACOATIARA,A121,-3.13333333,-58.48277777,41.54
588,2019-04-09,00:00,3.8,1008.6,1008.6,1007.1,0,24.3,23.1,25.2,24.3,23.7,23.1,93,90,93,317,6.3,0.9,N,AM,ITACOATIARA,A121,-3.13333333,-58.48277777,41.54
589,2019-04-09,04:00,2.0,1008.3,1008.9,1008.3,0,24.2,22.7,24.4,24.2,22.8,22.6,92,90,91,232,1.8,0.1,N,AM,ITACOATIARA,A121,-3.13333333,-58.48277777,41.54
590,2019-04-09,08:00,0.0,1005.7,1006.3,1005.6,0,23.7,22.8,24.0,23.7,22.9,22.8,94,94,94,281,1.7,0.2,N,AM,ITACOATIARA,A121,-3.13333333,-58.48277777,41.54
591,2019-04-09,12:00,0.0,1008.6,1008.6,1007.6,334,25.3,22.5,25.3,24.6,23.3,22.5,91,84,84,260,2.2,0.3,N,AM,ITACOATIARA,A121,-3.13333333,-58.48277777,41.54
592,2019-04-09,16:00,0.0,1008.2,1009.0,1008.2,2143,28.0,23.0,29.1,27.2,23.7,22.1,76,69,74,208,3.0,1.1,N,AM,ITACOATIARA,A121,-3.13333333,-58.48277777,41.54
593,2019-04-09,20:00,0.0,1006.1,1006.1,1006.0,368,24.9,23.2,26.0,24.8,23.5,22.5,91,83,90,307,6.5,1.8,N,AM,ITACOATIARA,A121,-3.13333333,-58.48277777,41.54
594,2019-04-10,00:00,0.0,1006.4,1006.4,1005.5,0,23.9,22.6,24.0,23.7,22.7,22.4,93,92,92,313,1.9,0.3,N,AM,ITACOATIARA,A121,-3.13333333,-58.48277777,41.54
595,2019-04-10,04:00,0.0,1006.7,1007.2,1006.7,0,23.4,22.2,23.4,23.3,22.3,22.2,94,93,93,292,3.0,1.0,N,AM,ITACOATIARA,A121,-3.13333333,-58.48277777,41.54
596,2019-04-10,08:00,0.0,1006.7,1006.7,1006.4,0,23.9,22.7,23.9,23.8,22.7,22.6,93,93,93,306,2.0,0.7,N,AM,ITACOATIARA,A121,-3.13333333,-58.48277777,41.54
597,2019-04-10,12:00,0.0,1008.6,1008.6,1008.0,1310,27.0,23.2,27.1,24.9,23.5,22.7,90,79,80,295,4.3,1.5,N,AM,ITACOATIARA,A121,-3.13333333,-58.48277777,41.54
598,2019-04-10,16:00,0.0,1007.6,1008.6,1007.6,2524,30.1,22.8,30.1,28.8,24.2,22.5,74,65,65,269,5.8,1.8,N,AM,ITACOATIARA,A121,-3.13333333,-58.48277777,41.54
599,2019-04-10,20:00,0.0,1003.2,1003.7,1003.2,1743,31.2,21.8,31.6,30.8,22.9,21.5,62,56,57,269,4.4,1.2,N,AM,ITACOATIARA,A121,-3.13333333,-58.48277777,41.54
600,2019-04-11,00:00,0.0,1005.1,1005.1,1004.4,0,26.4,23.4,27.4,26.4,23.9,23.3,84,79,83,304,2.8,1.6,N,AM,ITACOATIARA,A121,-3.13333333,-58.48277777,41.54
601,2019-04-11,04:00,0.0,1006.3,1006.9,1006.3,0,25.6,23.5,25.9,25.6,23.5,23.3,88,85,88,306,2.4,1.0,N,AM,ITACOATIARA,A121,-3.13333333,-58.48277777,41.54
602,2019-04-11,08:00,0.0,1004.9,1004.9,1004.6,0,25.2,23.8,25.2,25.1,23.8,23.5,92,91,92,217,0.7,0.0,N,AM,ITACOATIARA,A121,-3.13333333,-58.48277777,41.54
603,2019-04-11,12:00,0.0,1008.2,1008.2,1007.2,494,27.1,24.7,27.1,26.3,24.9,24.4,91,87,87,248,2.0,0.6,N,AM,ITACOATIARA,A121,-3.13333333,-58.48277777,41.54
604,2019-04-11,16:00,0.0,1007.6,1008.2,1007.6,1875,28.4,23.0,29.8,28.4,24.3,23.0,75,69,73,288,6.7,2.9,N,AM,ITACOATIARA,A121,-3.13333333,-58.48277777,41.54
605,2019-04-11,20:00,0.0,1003.2,1004.0,1003.2,1388,30.4,23.7,30.6,29.5,24.5,23.0,72,66,67,289,2.9,1.1,N,AM,ITACOATIARA,A121,-3.13333333,-58.48277777,41.54
606,2019-04-12,00:00,0.0,1006.3,1006.3,1005.3,0,27.2,23.6,27.6,26.5,23.7,23.1,84,77,81,278,1.5,0.1,N,AM,ITACOATIARA,A121,-3.13333333,-58.48277777,41.54
607,2019-04-12,04:00,0.0,1007.0,1007.4,1007.0,0,26.6,24.5,26.6,26.4,24.6,24.4,89,88,88,277,1.5,0.0,N,AM,ITACOATIARA,A121,-3.13333333,-58.48277777,41.54
608,2019-04-12,08:00,0.0,1005.5,1005.6,1005.5,0,25.6,24.2,25.9,25.6,24.2,24.1,92,90,92,274,1.5,0.0,N,AM,ITACOATIARA,A121,-3.13333333,-58.48277777,41.54
609,2019-04-12,12:00,0.0,1008.1,1008.1,1007.4,639,27.5,24.4,27.7,26.8,24.8,24.3,87,82,83,230,2.7,0.2,N,AM,ITACOATIARA,A121,-3.13333333,-58.48277777,41.54
610,2019-04-12,16:00,0.0,1007.3,1008.0,1007.3,1478,27.1,23.5,29.3,26.9,24.8,22.8,84,69,81,227,6.0,0.6,N,AM,ITACOATIARA,A121,-3.13333333,-58.48277777,41.54
611,2019-04-12,20:00,0.0,1004.6,1004.8,1004.5,654,27.3,24.6,27.8,27.2,24.6,23.8,85,81,85,243,6.8,1.8,N,AM,ITACOATIARA,A121,-3.13333333,-58.48277777,41.54
612,2019-04-13,00:00,0.0,1005.8,1005.8,1004.7,0,25.7,23.5,26.1,25.6,24.1,23.5,90,87,88,335,2.1,1.0,N,AM,ITACOATIARA,A121,-3.13333333,-58.48277777,41.54
613,2019-04-13,04:00,0.0,1006.4,1007.3,1006.4,0,24.7,23.6,24.7,24.6,23.6,23.5,94,93,93,315,1.4,0.0,N,AM,ITACOATIARA,A121,-3.13333333,-58.48277777,41.54
614,2019-04-13,08:00,0.0,1005.1,1005.2,1004.9,0,24.2,23.2,24.3,24.1,23.2,23.0,94,94,94,315,1.0,0.2,N,AM,ITACOATIARA,A121,-3.13333333,-58.48277777,41.54
615,2019-04-13,12:00,0.0,1007.7,1007.7,1007.0,1011,27.7,24.2,28.2,27.0,24.7,23.5,84,79,81,214,2.3,0.8,N,AM,ITACOATIARA,A121,-3.13333333,-58.48277777,41.54
616,2019-04-13,16:00,0.0,1006.8,1007.8,1006.8,1551,29.1,23.5,29.7,28.8,24.8,23.4,76,70,72,243,5.0,1.3,N,AM,ITACOATIARA,A121,-3.13333333,-58.48277777,41.54
617,2019-04-13,20:00,0.0,1002.7,1003.2,1002.7,1099,29.7,23.6,30.7,29.6,24.2,22.8,70,64,70,281,4.2,1.0,N,AM,ITACOATIARA,A121,-3.13333333,-58.48277777,41.54
618,2019-04-14,00:00,0.0,1004.9,1004.9,1004.6,0,26.8,24.5,27.2,26.6,24.8,24.4,88,86,87,301,3.3,0.1,N,AM,ITACOATIARA,A121,-3.13333333,-58.48277777,41.54
619,2019-04-14,04:00,0.0,1005.8,1006.2,1005.7,0,24.0,22.7,24.1,23.9,22.8,22.2,92,89,92,301,3.9,0.9,N,AM,ITACOATIARA,A121,-3.13333333,-58.48277777,41.54
620,2019-04-14,08:00,0.0,1005.1,1005.1,1004.4,0,24.7,23.4,24.7,24.2,23.4,23.0,93,93,93,282,0.7,0.0,N,AM,ITACOATIARA,A121,-3.13333333,-58.48277777,41.54
621,2019-04-14,12:00,0.0,1007.5,1007.5,1006.4,222,26.2,23.6,26.2,25.7,24.2,23.5,90,85,86,245,1.9,0.2,N,AM,ITACOATIARA,A121,-3.13333333,-58.48277777,41.54
622,2019-04-14,16:00,0.0,1006.6,1007.4,1006.5,2946,31.6,24.2,31.6,29.5,24.9,23.4,73,65,65,271,5.6,1.5,N,AM,ITACOATIARA,A121,-3.13333333,-58.48277777,41.54
623,2019-04-14,20:00,0.0,1001.4,1002.1,1001.4,1822,30.8,24.1,31.1,29.4,25.1,24.0,76,67,68,240,2.8,1.4,N,AM,ITACOATIARA,A121,-3.13333333,-58.48277777,41.54
624,2019-04-15,00:00,0.0,1004.9,1004.9,1003.8,0,26.7,24.7,27.4,26.7,24.7,24.3,89,83,89,303,2.2,1.2,N,AM,ITACOATIARA,A121,-3.13333333,-58.48277777,41.54
625,2019-04-15,04:00,0.0,1006.1,1006.6,1006.1,0,26.4,24.6,26.7,26.2,24.8,24.5,91,89,90,303,1.9,0.7,N,AM,ITACOATIARA,A121,-3.13333333,-58.48277777,41.54
626,2019-04-15,08:00,0.0,1004.2,1004.2,1003.8,0,25.7,24.2,25.9,25.6,24.4,24.2,92,91,91,293,1.8,0.4,N,AM,ITACOATIARA,A121,-3.13333333,-58.48277777,41.54
627,2019-04-15,12:00,0.0,1008.5,1008.5,1007.4,153,24.6,23.5,24.6,23.9,23.5,23.0,95,93,93,287,2.1,0.4,N,AM,ITACOATIARA,A121,-3.13333333,-58.48277777,41.54
628,2019-04-15,16:00,0.0,1008.2,1009.3,1008.2,1138,27.2,23.8,27.3,26.1,24.3,23.5,88,81,82,299,3.4,1.2,N,AM,ITACOATIARA,A121,-3.13333333,-58.48277777,41.54
629,2019-04-15,20:00,0.0,1003.8,1004.0,1003.6,1114,28.6,23.6,28.8,27.9,24.1,23.0,78,72,74,331,2.9,1.2,N,AM,ITACOATIARA,A121,-3.13333333,-58.48277777,41.54
630,2019-04-16,00:00,0.0,1006.0,1006.0,1004.9,0,26.9,23.7,27.2,26.8,24.0,23.7,84,82,83,328,2.3,0.4,N,AM,ITACOATIARA,A121,-3.13333333,-58.48277777,41.54
631,2019-04-16,04:00,0.0,1008.0,1008.3,1008.0,0,25.8,24.2,26.1,25.7,24.4,24.1,91,90,91,277,2.6,0.4,N,AM,ITACOATIARA,A121,-3.13333333,-58.48277777,41.54
632,2019-04-16,08:00,0.0,1006.0,1006.6,1006.0,0,25.4,24.1,25.4,25.2,24.2,23.9,93,93,93,264,3.1,1.0,N,AM,ITACOATIARA,A121,-3.13333333,-58.48277777,41.54
633,2019-04-16,12:00,0.0,1009.0,1009.1,1008.1,129,25.3,24.0,25.3,24.9,24.0,23.5,92,92,92,282,2.2,0.1,N,AM,ITACOATIARA,A121,-3.13333333,-58.48277777,41.54
634,2019-04-16,16:00,0.0,1008.5,1009.7,1008.5,528,24.8,23.2,24.8,23.8,23.2,22.7,94,91,91,323,2.8,1.2,N,AM,ITACOATIARA,A121,-3.13333333,-58.48277777,41.54
635,2019-04-16,20:00,0.0,1004.1,1004.5,1004.1,843,27.2,23.2,27.5,27.0,23.6,22.9,80,77,79,205,2.1,0.6,N,AM,ITACOATIARA,A121,-3.13333333,-58.48277777,41.54
636,2019-04-17,00:00,0.0,1005.8,1005.8,1005.1,0,24.9,22.7,25.3,24.9,22.7,22.5,88,85,88,301,4.0,1.1,N,AM,ITACOATIARA,A121,-3.13333333,-58.48277777,41.54
637,2019-04-17,04:00,0.0,1006.7,1007.1,1006.7,0,24.4,23.0,24.7,24.4,23.3,22.9,92,91,92,314,2.1,0.2,N,AM,ITACOATIARA,A121,-3.13333333,-58.48277777,41.54
638,2019-04-17,08:00,0.0,1005.0,1005.1,1005.0,0,24.0,22.9,24.1,24.0,23.0,22.9,93,93,93,301,2.2,0.7,N,AM,ITACOATIARA,A121,-3.13333333,-58.48277777,41.54
639,2019-04-17,12:00,0.0,1007.8,1007.8,1006.9,650,26.6,24.1,26.7,25.5,24.4,23.5,89,86,86,297,2.6,0.9,N,AM,ITACOATIARA,A121,-3.13333333,-58.48277777,41.54
640,2019-04-17,16:00,0.0,1006.7,1007.8,1006.7,3040,31.0,22.2,31.2,29.7,24.1,22.2,69,59,59,289,6.1,2.9,N,AM,ITACOATIARA,A121,-3.13333333,-58.48277777,41.54
641,2019-04-17,20:00,0.0,1002.0,1003.0,1002.0,1438,30.7,22.8,31.7,30.5,23.0,22.1,63,58,63,255,4.6,1.4,N,AM,ITACOATIARA,A121,-3.13333333,-58.48277777,41.54
642,2019-04-18,00:00,0.0,1004.4,1004.4,1003.2,0,27.5,25.1,27.8,27.2,25.1,24.9,87,85,87,282,0.9,0.0,N,AM,ITACOATIARA,A121,-3.13333333,-58.48277777,41.54
643,2019-04-18,04:00,0.0,1005.8,1006.3,1005.8,0,26.1,24.7,26.3,26.0,24.7,24.5,92,91,92,308,1.3,0.1,N,AM,ITACOATIARA,A121,-3.13333333,-58.48277777,41.54
644,2019-04-18,08:00,0.0,1004.1,1004.1,1003.8,0,25.5,24.0,25.6,25.2,24.2,23.8,93,91,91,288,0.7,0.0,N,AM,ITACOATIARA,A121,-3.13333333,-58.48277777,41.54
645,2019-04-18,12:00,0.0,1006.8,1006.8,1005.9,1038,28.2,23.8,28.3,26.2,24.4,23.8,88,77,77,241,3.3,1.2,N,AM,ITACOATIARA,A121,-3.13333333,-58.48277777,41.54
646,2019-04-18,16:00,0.0,1006.0,1007.0,1006.0,1269,29.4,24.8,30.1,29.1,24.9,23.9,77,72,77,257,3.3,1.0,N,AM,ITACOATIARA,A121,-3.13333333,-58.48277777,41.54
647,2019-04-18,20:00,0.0,1001.4,1001.6,1001.2,864,28.0,24.4,32.4,27.8,24.8,23.3,81,61,81,210,4.6,0.9,N,AM,ITACOATIARA,A121,-3.13333333,-58.48277777,41.54
648,2019-04-19,00:00,0.0,1004.6,1004.6,1003.3,0,26.8,24.8,27.1,26.7,24.8,24.1,89,85,89,202,0.7,0.0,N,AM,ITACOATIARA,A121,-3.13333333,-58.48277777,41.54
649,2019-04-19,04:00,0.0,1005.8,1006.1,1005.8,0,26.1,23.7,26.5,26.1,24.5,23.7,89,85,87,316,2.3,0.6,N,AM,ITACOATIARA,A121,-3.13333333,-58.48277777,41.54
650,2019-04-19,08:00,0.0,1004.5,1004.5,1004.3,0,24.8,23.6,25.3,24.7,23.7,23.5,93,91,93,306,2.6,1.3,N,AM,ITACOATIARA,A121,-3.13333333,-58.48277777,41.54
651,2019-04-19,12:00,0.0,1007.8,1007.8,1006.8,215,25.6,23.9,25.7,25.1,24.0,23.5,91,90,90,244,1.5,0.1,N,AM,ITACOATIARA,A121,-3.13333333,-58.48277777,41.54
652,2019-04-19,16:00,0.0,1006.8,1008.2,1006.8,1963,28.6,24.5,29.4,28.5,25.7,24.1,82,75,79,292,4.6,2.6,N,AM,ITACOATIARA,A121,-3.13333333,-58.48277777,41.54
653,2019-04-19,20:00,0.0,1002.6,1003.0,1002.3,769,28.0,23.5,28.6,27.8,24.0,23.3,78,75,77,207,3.0,0.4,N,AM,ITACOATIARA,A121,-3.13333333,-58.48277777,41.54
654,2019-04-20,00:00,0.0,1005.0,1005.0,1004.6,0,26.6,24.7,27.2,26.6,24.9,24.6,89,87,89,243,1.0,0.0,N,AM,ITACOATIARA,A121,-3.13333333,-58.48277777,41.54
655,2019-04-20,04:00,0.0,1006.3,1006.5,1006.3,0,26.7,25.0,26.8,26.7,25.0,24.8,91,89,90,229,1.6,0.0,N,AM,ITACOATIARA,A121,-3.13333333,-58.48277777,41.54
656,2019-04-20,08:00,0.0,1005.5,1005.5,1004.9,0,25.1,23.2,26.5,25.1,25.2,23.2,93,87,89,291,5.8,2.9,N,AM,ITACOATIARA,A121,-3.13333333,-58.48277777,41.54
657,2019-04-20,12:00,0.0,1009.3,1009.3,1008.7,531,26.0,23.7,26.0,24.9,23.9,23.3,91,87,88,305,2.7,1.3,N,AM,ITACOATIARA,A121,-3.13333333,-58.48277777,41.54
658,2019-04-20,16:00,0.0,1007.5,1008.5,1007.5,1694,29.2,23.3,29.8,28.8,24.1,22.9,74,68,71,302,4.8,2.5,N,AM,ITACOATIARA,A121,-3.13333333,-58.48277777,41.54
659,2019-04-20,20:00,0.0,1002.8,1003.7,1002.8,1596,30.6,23.8,31.2,30.3,24.3,23.1,69,64,67,307,4.6,1.4,N,AM,ITACOATIARA,A121,-3.13333333,-58.48277777,41.54
660,2019-04-21,00:00,0.0,1004.8,1004.8,1003.9,0,27.0,24.4,27.4,27.0,24.6,24.1,86,83,86,305,1.5,0.9,N,AM,ITACOATIARA,A121,-3.13333333,-58.48277777,41.54
661,2019-04-21,04:00,0.0,1006.3,1006.8,1006.3,0,25.6,23.8,25.8,25.6,24.1,23.8,91,90,90,305,1.3,0.5,N,AM,ITACOATIARA,A121,-3.13333333,-58.48277777,41.54
662,2019-04-21,08:00,0.0,1005.1,1005.1,1004.7,0,25.4,23.5,25.6,25.0,23.9,23.5,92,89,89,322,1.4,0.4,N,AM,ITACOATIARA,A121,-3.13333333,-58.48277777,41.54
663,2019-04-21,12:00,0.0,1007.7,1007.8,1007.1,270,24.9,23.7,24.9,24.0,23.7,23.0,94,93,93,306,4.7,1.5,N,AM,ITACOATIARA,A121,-3.13333333,-58.48277777,41.54
664,2019-04-21,16:00,0.0,1006.4,1007.7,1006.4,2429,29.7,23.8,30.3,28.1,24.9,23.3,80,68,71,271,3.2,1.1,N,AM,ITACOATIARA,A121,-3.13333333,-58.48277777,41.54
665,2019-04-21,20:00,0.0,1003.3,1003.3,1002.6,935,30.6,24.7,30.9,30.1,25.4,23.4,73,65,71,250,2.6,0.5,N,AM,ITACOATIARA,A121,-3.13333333,-58.48277777,41.54
666,2019-04-22,00:00,0.0,1006.2,1006.2,1005.0,0,24.9,23.5,28.0,24.8,25.0,23.2,92,83,92,311,5.3,1.9,N,AM,ITACOATIARA,A121,-3.13333333,-58.48277777,41.54
667,2019-04-22,04:00,0.0,1007.0,1007.6,1007.0,0,24.8,23.5,24.9,24.7,23.5,23.3,92,91,92,338,2.9,0.9,N,AM,ITACOATIARA,A121,-3.13333333,-58.48277777,41.54
668,2019-04-22,08:00,0.0,1005.1,1005.4,1005.0,0,24.2,22.8,24.4,24.1,23.2,22.8,94,92,92,335,3.2,1.5,N,AM,ITACOATIARA,A121,-3.13333333,-58.48277777,41.54
669,2019-04-22,12:00,0.0,1007.6,1007.6,1006.5,277,25.9,24.1,25.9,25.0,24.2,23.9,93,90,90,221,1.7,0.2,N,AM,ITACOATIARA,A121,-3.13333333,-58.48277777,41.54
670,2019-04-22,16:00,0.0,1005.8,1007.3,1005.8,674,26.7,23.9,26.8,26.3,24.1,23.5,86,83,85,291,2.7,1.2,N,AM,ITACOATIARA,A121,-3.13333333,-58.48277777,41.54
671,2019-04-22,20:00,0.0,1002.8,1002.8,1002.7,1252,27.9,23.7,28.5,27.5,24.7,23.3,81,77,78,222,2.7,1.0,N,AM,ITACOATIARA,A121,-3.13333333,-58.48277777,41.54
672,2019-04-23,00:00,0.0,1004.4,1004.5,1003.6,0,25.8,23.6,26.3,25.3,23.6,23.3,89,84,87,236,1.9,0.1,N,AM,ITACOATIARA,A121,-3.13333333,-58.48277777,41.54
673,2019-04-23,04:00,0.0,1006.1,1006.5,1006.1,0,24.4,23.1,24.8,24.4,23.5,23.1,93,92,93,302,2.7,1.4,N,AM,ITACOATIARA,A121,-3.13333333,-58.48277777,41.54
674,2019-04-23,08:00,0.0,1005.3,1005.4,1005.1,0,24.6,23.1,24.9,24.5,23.3,23.1,92,91,91,304,2.3,0.1,N,AM,ITACOATIARA,A121,-3.13333333,-58.48277777,41.54
675,2019-04-23,12:00,0.0,1008.1,1008.1,1007.1,655,26.0,23.6,26.2,25.0,23.9,23.3,91,86,87,224,2.6,0.7,N,AM,ITACOATIARA,A121,-3.13333333,-58.48277777,41.54
676,2019-04-23,16:00,0.0,1007.3,1008.8,1007.3,2367,28.0,23.5,28.9,25.9,24.7,23.1,89,74,77,237,3.1,0.9,N,AM,ITACOATIARA,A121,-3.13333333,-58.48277777,41.54
677,2019-04-23,20:00,0.0,1002.7,1003.9,1002.7,370,29.0,24.2,29.8,28.9,24.2,22.4,76,66,75,220,2.1,0.0,N,AM,ITACOATIARA,A121,-3.13333333,-58.48277777,41.54
678,2019-04-24,00:00,0.0,1004.7,1004.7,1003.4,0,26.8,24.6,27.0,26.8,24.9,24.6,89,87,87,302,1.8,0.7,N,AM,ITACOATIARA,A121,-3.13333333,-58.48277777,41.54
679,2019-04-24,04:00,0.0,1007.0,1007.4,1007.0,0,24.8,23.4,25.5,24.8,23.7,23.4,92,90,92,300,3.1,1.8,N,AM,ITACOATIARA,A121,-3.13333333,-58.48277777,41.54
680,2019-04-24,08:00,0.0,1006.2,1006.3,1006.1,0,24.2,23.0,24.4,24.2,23.1,22.9,93,92,93,298,2.8,1.1,N,AM,ITACOATIARA,A121,-3.13333333,-58.48277777,41.54
681,2019-04-24,12:00,0.0,1008.9,1008.9,1007.9,685,26.1,23.8,26.1,24.8,23.9,23.2,92,86,88,295,2.3,0.6,N,AM,ITACOATIARA,A121,-3.13333333,-58.48277777,41.54
682,2019-04-24,16:00,0.0,1007.6,1008.8,1007.6,1881,28.7,23.6,29.6,28.4,24.9,23.3,79,71,74,231,2.9,1.6,N,AM,ITACOATIARA,A121,-3.13333333,-58.48277777,41.54
683,2019-04-24,20:00,0.0,1004.4,1004.5,1004.2,1663,30.5,24.1,30.6,28.6,24.7,23.3,75,68,69,221,4.0,0.8,N,AM,ITACOATIARA,A121,-3.13333333,-58.48277777,41.54
684,2019-04-25,00:00,0.0,1005.6,1005.6,1005.1,0,25.5,23.6,25.7,25.5,24.1,23.5,92,88,89,214,1.7,0.0,N,AM,ITACOATIARA,A121,-3.13333333,-58.48277777,41.54
685,2019-04-25,04:00,0.0,1006.9,1007.3,1006.9,0,25.2,23.9,25.9,25.2,24.4,23.9,93,91,93,297,1.3,0.0,N,AM,ITACOATIARA,A121,-3.13333333,-58.48277777,41.54
686,2019-04-25,08:00,0.0,1005.5,1005.8,1005.5,0,26.0,24.3,26.2,26.0,24.6,24.3,92,90,90,251,1.9,0.1,N,AM,ITACOATIARA,A121,-3.13333333,-58.48277777,41.54
687,2019-04-25,12:00,0.0,1008.2,1008.2,1007.4,695,27.4,24.5,27.8,27.0,24.8,24.0,86,82,84,231,2.0,0.5,N,AM,ITACOATIARA,A121,-3.13333333,-58.48277777,41.54
688,2019-04-25,16:00,0.0,1006.6,1007.7,1006.6,2263,30.2,24.9,30.3,28.8,25.7,24.5,80,73,74,228,2.9,1.1,N,AM,ITACOATIARA,A121,-3.13333333,-58.48277777,41.54
689,2019-04-25,20:00,0.0,1003.0,1003.3,1002.8,754,30.4,24.2,31.4,30.4,24.8,23.2,72,63,70,268,3.8,1.0,N,AM,ITACOATIARA,A121,-3.13333333,-58.48277777,41.54
690,2019-04-26,00:00,0.0,1005.8,1005.8,1004.5,0,26.9,24.4,27.2,26.7,24.9,24.3,89,86,86,266,2.2,0.0,N,AM,ITACOATIARA,A121,-3.13333333,-58.48277777,41.54
691,2019-04-26,04:00,0.0,1007.7,1007.9,1007.7,0,25.9,24.6,26.4,25.9,24.6,24.5,92,90,92,301,1.5,0.5,N,AM,ITACOATIARA,A121,-3.13333333,-58.48277777,41.54
692,2019-04-26,08:00,0.0,1005.8,1005.8,1005.7,0,25.9,24.6,26.0,25.8,24.7,24.6,93,93,93,300,0.8,0.0,N,AM,ITACOATIARA,A121,-3.13333333,-58.48277777,41.54
693,2019-04-26,12:00,0.0,1008.2,1008.2,1007.7,991,28.9,24.6,29.1,27.2,24.9,24.1,87,77,77,242,2.0,0.4,N,AM,ITACOATIARA,A121,-3.13333333,-58.48277777,41.54
694,2019-04-26,16:00,0.0,1006.5,1007.8,1006.5,1569,30.3,24.7,30.7,29.0,25.3,23.8,76,70,72,240,4.2,0.3,N,AM,ITACOATIARA,A121,-3.13333333,-58.48277777,41.54
695,2019-04-26,20:00,0.0,1003.6,1004.0,1003.2,287,28.3,24.4,28.4,28.2,24.7,23.9,81,77,79,255,3.3,0.0,N,AM,ITACOATIARA,A121,-3.13333333,-58.48277777,41.54
696,2019-04-27,00:00,0.0,1006.1,1006.1,1005.4,0,26.9,24.7,27.1,26.8,24.8,24.6,88,87,88,299,1.5,0.2,N,AM,ITACOATIARA,A121,-3.13333333,-58.48277777,41.54
697,2019-04-27,04:00,0.0,1007.1,1007.8,1007.1,0,26.2,24.4,26.5,26.2,24.8,24.4,90,90,90,338,3.7,1.3,N,AM,ITACOATIARA,A121,-3.13333333,-58.48277777,41.54
698,2019-04-27,08:00,0.0,1005.7,1005.7,1005.6,0,25.5,24.2,25.7,25.5,24.2,24.1,92,91,92,330,2.4,0.7,N,AM,ITACOATIARA,A121,-3.13333333,-58.48277777,41.54
699,2019-04-27,12:00,0.0,1009.4,1009.4,1007.5,61,24.4,23.2,25.4,24.4,23.8,23.2,93,90,93,296,5.2,2.8,N,AM,ITACOATIARA,A121,-3.13333333,-58.48277777,41.54
700,2019-04-27,16:00,0.0,1009.1,1010.2,1009.1,321,24.8,23.4,24.8,24.4,23.4,23.1,93,92,92,328,3.5,1.3,N,AM,ITACOATIARA,A121,-3.13333333,-58.48277777,41.54
701,2019-04-27,20:00,0.0,1004.8,1005.0,1004.7,697,27.4,23.7,27.4,26.7,24.1,23.2,84,80,81,248,3.0,0.3,N,AM,ITACOATIARA,A121,-3.13333333,-58.48277777,41.54
702,2019-04-28,00:00,0.0,1006.1,1006.1,1005.3,0,25.3,23.9,25.7,25.3,24.2,23.8,92,91,92,269,0.3,0.0,N,AM,ITACOATIARA,A121,-3.13333333,-58.48277777,41.54
703,2019-04-28,04:00,0.0,1006.5,1006.9,1006.5,0,24.8,23.6,25.3,24.8,24.1,23.6,93,92,93,291,1.0,0.0,N,AM,ITACOATIARA,A121,-3.13333333,-58.48277777,41.54
704,2019-04-28,08:00,0.0,1005.9,1005.9,1005.7,0,24.4,23.4,24.5,24.3,23.5,23.3,94,94,94,292,0.0,0.0,N,AM,ITACOATIARA,A121,-3.13333333,-58.48277777,41.54
705,2019-04-28,12:00,0.0,1008.5,1008.5,1007.6,759,27.7,24.8,27.7,25.2,25.2,24.1,94,84,84,278,2.1,0.5,N,AM,ITACOATIARA,A121,-3.13333333,-58.48277777,41.54
706,2019-04-28,16:00,0.0,1007.5,1008.5,1007.5,1315,27.6,23.1,30.2,27.6,25.1,23.1,81,69,76,283,6.2,2.7,N,AM,ITACOATIARA,A121,-3.13333333,-58.48277777,41.54
707,2019-04-28,20:00,0.0,1003.3,1003.7,1003.3,1077,29.7,23.6,29.7,28.4,24.7,23.1,78,69,70,233,2.9,0.2,N,AM,ITACOATIARA,A121,-3.13333333,-58.48277777,41.54
708,2019-04-29,00:00,0.0,1005.3,1005.3,1004.6,0,26.2,24.0,27.0,26.2,24.2,23.9,88,84,88,306,2.2,0.0,N,AM,ITACOATIARA,A121,-3.13333333,-58.48277777,41.54
709,2019-04-29,04:00,0.0,1006.2,1006.6,1006.2,0,25.5,23.6,25.6,25.3,23.6,23.5,90,89,89,284,2.1,0.4,N,AM,ITACOATIARA,A121,-3.13333333,-58.48277777,41.54
710,2019-04-29,08:00,0.0,1005.0,1005.0,1004.7,0,25.4,23.7,25.4,25.0,23.7,23.3,91,90,90,286,1.3,0.0,N,AM,ITACOATIARA,A121,-3.13333333,-58.48277777,41.54
711,2019-04-29,12:00,0.0,1007.6,1007.6,1006.6,371,26.5,24.8,27.1,26.0,24.8,23.9,91,83,91,309,3.6,1.4,N,AM,ITACOATIARA,A121,-3.13333333,-58.48277777,41.54
712,2019-04-29,16:00,0.0,1006.3,1007.6,1006.3,2836,31.2,23.5,31.3,30.2,24.3,21.9,68,60,64,264,4.5,1.5,N,AM,ITACOATIARA,A121,-3.13333333,-58.48277777,41.54
713,2019-04-29,20:00,0.0,1002.5,1002.6,1002.3,1478,30.8,23.2,32.4,30.7,23.5,21.6,65,54,64,216,3.4,0.2,N,AM,ITACOATIARA,A121,-3.13333333,-58.48277777,41.54
714,2019-04-30,00:00,0.0,1005.8,1005.8,1005.1,0,26.8,24.3,26.9,26.7,24.3,24.1,86,85,86,306,2.6,1.1,N,AM,ITACOATIARA,A121,-3.13333333,-58.48277777,41.54
715,2019-04-30,04:00,0.0,1006.7,1007.0,1006.7,0,25.8,24.3,26.1,25.8,24.3,24.2,91,89,91,303,2.6,0.7,N,AM,ITACOATIARA,A121,-3.13333333,-58.48277777,41.54
716,2019-04-30,08:00,0.0,1005.5,1005.5,1005.4,0,24.9,23.5,25.1,24.9,23.8,23.5,92,92,92,295,1.9,0.7,N,AM,ITACOATIARA,A121,-3.13333333,-58.48277777,41.54
717,2019-04-30,12:00,0.0,1008.4,1008.4,1007.4,460,26.8,24.1,27.0,26.0,24.3,23.6,88,84,85,297,2.3,1.1,N,AM,ITACOATIARA,A121,-3.13333333,-58.48277777,41.54
718,2019-04-30,16:00,0.0,1006.9,1008.3,1006.9,2774,30.6,22.4,31.4,30.0,24.5,21.9,69,59,62,286,3.8,0.7,N,AM,ITACOATIARA,A121,-3.13333333,-58.48277777,41.54
719,2019-04-30,20:00,0.0,1003.0,1003.5,1002.9,792,31.3,22.8,31.7,30.6,23.3,22.1,64,57,61,254,3.7,0.4,N,AM,ITACOATIARA,A121,-3.13333333,-58.48277777,41.54
720,2019-05-01,00:00,0.0,1004.9,1005.0,1004.3,0,27.0,24.8,27.9,26.7,24.8,23.9,88,79,88,220,2.2,0.1,N,AM,ITACOATIARA,A121,-3.13333333,-58.48277777,41.54
721,2019-05-01,04:00,0.0,1007.0,1007.2,1006.9,0,27.0,24.7,27.0,26.6,25.1,24.7,90,87,87,237,2.5,1.5,N,AM,ITACOATIARA,A121,-3.13333333,-58.48277777,41.54
722,2019-05-01,08:00,0.0,1005.3,1005.7,1005.3,0,25.1,23.4,25.1,24.6,23.7,23.3,94,90,90,318,2.0,0.2,N,AM,ITACOATIARA,A121,-3.13333333,-58.48277777,41.54
723,2019-05-01,12:00,0.0,1008.7,1008.7,1007.4,447,26.5,24.4,26.7,25.4,24.8,24.1,93,87,88,207,1.3,0.0,N,AM,ITACOATIARA,A121,-3.13333333,-58.48277777,41.54
724,2019-05-01,16:00,0.0,1008.3,1009.5,1008.3,1447,27.5,24.6,27.9,26.7,25.4,24.4,88,83,84,222,3.1,1.1,N,AM,ITACOATIARA,A121,-3.13333333,-58.48277777,41.54
725,2019-05-01,20:00,0.0,1003.1,1003.7,1003.0,1421,29.4,24.3,29.6,29.0,24.6,23.9,76,72,74,240,2.6,0.5,N,AM,ITACOATIARA,A121,-3.13333333,-58.48277777,41.54
726,2019-05-02,00:00,0.0,1005.7,1005.7,1004.6,0,27.6,24.8,27.6,27.0,25.0,23.9,87,81,85,258,1.7,0.1,N,AM,ITACOATIARA,A121,-3.13333333,-58.48277777,41.54
727,2019-05-02,04:00,0.0,1006.7,1007.3,1006.7,0,26.6,25.0,27.1,26.6,25.0,24.9,91,88,91,287,2.0,0.1,N,AM,ITACOATIARA,A121,-3.13333333,-58.48277777,41.54
728,2019-05-02,08:00,0.0,1005.0,1005.2,1004.9,0,25.4,24.0,25.6,25.3,24.1,23.9,92,92,92,301,2.3,1.0,N,AM,ITACOATIARA,A121,-3.13333333,-58.48277777,41.54
729,2019-05-02,12:00,0.0,1008.6,1008.6,1007.4,598,26.3,23.8,26.4,25.6,24.2,23.5,89,85,86,300,4.2,1.1,N,AM,ITACOATIARA,A121,-3.13333333,-58.48277777,41.54
730,2019-05-02,16:00,0.0,1006.3,1008.0,1006.3,2552,30.2,23.3,30.3,28.7,24.4,22.7,76,65,66,288,4.6,2.5,N,AM,ITACOATIARA,A121,-3.13333333,-58.48277777,41.54
731,2019-05-02,20:00,0.0,1003.8,1003.8,1003.4,852,28.4,24.9,30.2,28.3,25.2,23.0,82,69,82,244,3.7,0.3,N,AM,ITACOATIARA,A121,-3.13333333,-58.48277777,41.54
732,2019-05-03,00:00,0.0,1006.3,1006.3,1004.8,0,26.5,23.9,26.6,26.4,24.1,23.8,87,85,86,239,3.2,1.0,N,AM,ITACOATIARA,A121,-3.13333333,-58.48277777,41.54
733,2019-05-03,04:00,0.0,1006.1,1006.8,1006.1,0,25.4,23.7,25.7,25.4,24.2,23.7,91,90,90,241,0.7,0.0,N,AM,ITACOATIARA,A121,-3.13333333,-58.48277777,41.54
734,2019-05-03,08:00,0.0,1003.8,1003.8,1003.6,0,24.7,23.6,24.9,24.7,23.8,23.6,94,94,94,305,1.1,0.4,N,AM,ITACOATIARA,A121,-3.13333333,-58.48277777,41.54
735,2019-05-03,12:00,0.0,1007.1,1007.1,1006.4,506,26.7,24.4,26.7,25.8,24.5,24.1,92,86,87,228,1.8,0.2,N,AM,ITACOATIARA,A121,-3.13333333,-58.48277777,41.54
736,2019-05-03,16:00,0.0,1006.3,1007.3,1006.3,1533,28.9,24.1,30.1,28.1,25.4,23.8,80,73,75,221,3.3,1.4,N,AM,ITACOATIARA,A121,-3.13333333,-58.48277777,41.54
737,2019-05-03,20:00,0.0,1002.7,1003.4,1002.7,1272,30.1,25.4,30.2,28.8,25.5,24.8,80,75,76,230,4.4,1.1,N,AM,ITACOATIARA,A121,-3.13333333,-58.48277777,41.54
738,2019-05-04,00:00,0.0,1005.7,1005.7,1004.5,0,26.0,24.0,26.8,26.0,24.1,23.9,89,85,89,270,2.4,0.1,N,AM,ITACOATIARA,A121,-3.13333333,-58.48277777,41.54
739,2019-05-04,04:00,0.0,1006.1,1006.7,1006.1,0,25.8,24.2,25.8,25.5,24.2,23.9,91,90,91,209,0.5,0.0,N,AM,ITACOATIARA,A121,-3.13333333,-58.48277777,41.54
740,2019-05-04,08:00,0.0,1004.5,1004.5,1004.2,0,25.4,24.4,25.6,25.3,24.5,24.3,94,93,94,286,1.0,0.1,N,AM,ITACOATIARA,A121,-3.13333333,-58.48277777,41.54
741,2019-05-04,12:00,0.0,1006.9,1006.9,1006.4,812,27.9,25.0,28.2,26.6,25.0,23.9,87,79,84,254,1.9,0.3,N,AM,ITACOATIARA,A121,-3.13333333,-58.48277777,41.54
742,2019-05-04,16:00,0.0,1005.2,1006.3,1005.2,2822,31.1,24.1,31.6,29.6,24.9,23.7,73,64,67,267,5.3,2.0,N,AM,ITACOATIARA,A121,-3.13333333,-58.48277777,41.54
743,2019-05-04,20:00,0.0,1002.3,1002.4,1002.1,675,27.7,24.7,31.2,27.5,25.5,24.1,84,67,84,226,4.8,0.9,N,AM,ITACOATIARA,A121,-3.13333333,-58.48277777,41.54
744,2019-05-05,00:00,0.0,1003.9,1003.9,1003.4,0,27.2,24.7,27.6,27.2,25.2,24.7,87,85,86,243,1.7,0.0,N,AM,ITACOATIARA,A121,-3.13333333,-58.48277777,41.54
745,2019-05-05,04:00,0.0,1005.8,1006.4,1005.8,0,26.0,24.6,26.3,26.0,25.0,24.5,92,92,92,264,0.0,0.0,N,AM,ITACOATIARA,A121,-3.13333333,-58.48277777,41.54
746,2019-05-05,08:00,0.0,1005.5,1005.5,1005.2,0,24.9,23.9,25.8,24.9,24.8,23.9,94,94,94,325,1.5,0.0,N,AM,ITACOATIARA,A121,-3.13333333,-58.48277777,41.54
747,2019-05-05,12:00,0.0,1007.7,1007.7,1006.8,947,27.8,25.1,27.8,26.8,25.9,25.0,94,85,85,241,1.8,0.7,N,AM,ITACOATIARA,A121,-3.13333333,-58.48277777,41.54
748,2019-05-05,16:00,0.0,1006.7,1007.3,1006.7,1798,30.6,25.0,30.9,29.6,25.3,23.8,76,66,72,222,2.7,1.0,N,AM,ITACOATIARA,A121,-3.13333333,-58.48277777,41.54
749,2019-05-05,20:00,0.0,1003.5,1003.8,1003.4,1183,30.9,24.4,32.0,29.0,25.4,22.8,82,62,68,268,2.0,0.2,N,AM,ITACOATIARA,A121,-3.13333333,-58.48277777,41.54
750,2019-05-06,00:00,0.0,1005.3,1005.3,1004.2,0,25.3,23.6,25.7,25.1,24.0,23.4,92,89,90,237,1.8,0.0,N,AM,ITACOATIARA,A121,-3.13333333,-58.48277777,41.54
751,2019-05-06,04:00,0.0,1006.7,1006.8,1006.6,0,25.4,23.9,25.5,25.2,24.0,23.9,92,92,92,303,2.0,1.3,N,AM,ITACOATIARA,A121,-3.13333333,-58.48277777,41.54
752,2019-05-06,08:00,0.0,1005.7,1005.8,1005.6,0,25.6,24.1,25.8,25.6,24.3,24.1,91,91,91,306,1.3,0.7,N,AM,ITACOATIARA,A121,-3.13333333,-58.48277777,41.54
753,2019-05-06,12:00,0.0,1008.3,1008.3,1007.5,950,28.6,25.3,28.6,26.9,25.8,24.4,87,82,82,255,2.3,0.4,N,AM,ITACOATIARA,A121,-3.13333333,-58.48277777,41.54
754,2019-05-06,16:00,0.0,1007.6,1008.4,1007.6,1355,31.6,24.7,31.6,29.9,26.5,24.6,78,67,67,237,2.7,0.3,N,AM,ITACOATIARA,A121,-3.13333333,-58.48277777,41.54
755,2019-05-06,20:00,0.0,1004.2,1004.6,1004.1,1633,30.7,23.5,31.1,29.8,24.2,22.4,71,61,65,233,2.5,0.8,N,AM,ITACOATIARA,A121,-3.13333333,-58.48277777,41.54
756,2019-05-07,00:00,0.0,1005.5,1005.5,1005.2,0,28.3,25.2,28.8,27.7,25.2,23.9,83,76,83,243,2.8,1.0,N,AM,ITACOATIARA,A121,-3.13333333,-58.48277777,41.54
757,2019-05-07,04:00,0.0,1006.8,1007.3,1006.8,0,26.5,24.5,26.8,26.5,25.0,24.5,90,89,89,321,0.9,0.0,N,AM,ITACOATIARA,A121,-3.13333333,-58.48277777,41.54
758,2019-05-07,08:00,0.0,1005.7,1005.7,1005.6,0,25.8,24.5,26.0,25.8,24.5,24.2,92,91,92,299,2.8,1.7,N,AM,ITACOATIARA,A121,-3.13333333,-58.48277777,41.54
759,2019-05-07,12:00,0.0,1007.9,1007.9,1006.8,1002,28.5,24.2,28.5,26.2,24.4,23.7,88,77,78,272,2.6,0.8,N,AM,ITACOATIARA,A121,-3.13333333,-58.48277777,41.54
760,2019-05-07,16:00,0.0,1006.5,1007.4,1006.5,2645,31.7,24.0,32.2,30.9,25.5,23.9,72,63,64,284,3.9,1.4,N,AM,ITACOATIARA,A121,-3.13333333,-58.48277777,41.54
761,2019-05-07,20:00,0.0,1003.0,1003.6,1003.0,1474,31.7,23.2,32.0,31.4,24.9,22.8,68,60,61,195,2.2,0.6,N,AM,ITACOATIARA,A121,-3.13333333,-58.48277777,41.54
762,2019-05-08,00:00,0.0,1004.8,1004.8,1004.1,0,28.0,24.9,28.2,28.0,25.6,24.8,86,82,83,306,1.2,0.5,N,AM,ITACOATIARA,A121,-3.13333333,-58.48277777,41.54
763,2019-05-08,04:00,0.0,1005.4,1005.9,1005.4,0,27.0,24.3,27.2,27.0,24.3,24.2,85,84,85,302,1.9,1.2,N,AM,ITACOATIARA,A121,-3.13333333,-58.48277777,41.54
764,2019-05-08,08:00,0.0,1004.3,1004.4,1004.2,0,26.4,24.4,26.5,26.2,24.4,24.1,89,88,89,303,2.7,1.4,N,AM,ITACOATIARA,A121,-3.13333333,-58.48277777,41.54
765,2019-05-08,12:00,0.0,1007.1,1007.1,1006.4,636,28.9,25.6,28.9,26.5,25.9,24.6,90,82,82,298,3.6,1.4,N,AM,ITACOATIARA,A121,-3.13333333,-58.48277777,41.54
766,2019-05-08,16:00,0.0,1006.7,1007.8,1006.7,434,25.8,24.1,27.3,24.0,24.1,22.0,93,80,90,280,12.5,0.2,N,AM,ITACOATIARA,A121,-3.13333333,-58.48277777,41.54
767,2019-05-08,20:00,0.0,1003.3,1003.6,1003.3,447,28.7,25.0,28.9,28.5,25.6,24.9,84,80,80,196,1.6,0.0,N,AM,ITACOATIARA,A121,-3.13333333,-58.48277777,41.54
768,2019-05-09,00:00,0.0,1004.0,1004.0,1003.5,0,26.7,25.1,26.8,26.7,25.2,25.1,91,90,91,304,0.6,0.0,N,AM,ITACOATIARA,A121,-3.13333333,-58.48277777,41.54
769,2019-05-09,04:00,0.0,1004.9,1005.3,1004.9,0,26.0,24.7,26.2,25.9,24.9,24.6,93,92,93,286,0.0,0.0,N,AM,ITACOATIARA,A121,-3.13333333,-58.48277777,41.54
770,2019-05-09,08:00,0.0,1004.5,1004.5,1004.1,0,25.3,24.2,25.4,25.3,24.2,24.1,94,93,94,232,1.6,0.0,N,AM,ITACOATIARA,A121,-3.13333333,-58.48277777,41.54
771,2019-05-09,12:00,0.0,1006.8,1006.8,1006.0,661,27.3,24.6,27.3,25.5,24.7,24.1,92,85,85,302,2.7,1.4,N,AM,ITACOATIARA,A121,-3.13333333,-58.48277777,41.54
772,2019-05-09,16:00,0.0,1005.3,1006.5,1005.3,2393,31.9,24.0,31.9,30.4,25.3,23.8,72,63,63,254,4.3,1.0,N,AM,ITACOATIARA,A121,-3.13333333,-58.48277777,41.54
773,2019-05-09,20:00,0.0,1001.2,1001.7,1001.1,1505,30.6,24.8,31.5,30.6,25.2,23.7,71,64,71,246,3.1,1.8,N,AM,ITACOATIARA,A121,-3.13333333,-58.48277777,41.54
774,2019-05-10,00:00,0.0,1003.9,1003.9,1002.7,0,28.0,24.9,28.4,27.8,25.0,24.7,84,82,83,218,0.4,0.0,N,AM,ITACOATIARA,A121,-3.13333333,-58.48277777,41.54
775,2019-05-10,04:00,0.2,1004.1,1004.9,1004.0,0,24.9,23.6,24.9,24.2,23.6,22.2,93,87,93,309,2.9,0.0,N,AM,ITACOATIARA,A121,-3.13333333,-58.48277777,41.54
776,2019-05-10,08:00,0.0,1003.2,1003.2,1003.0,0,26.6,24.1,26.6,26.3,24.4,24.0,89,86,86,254,2.6,0.2,N,AM,ITACOATIARA,A121,-3.13333333,-58.48277777,41.54
777,2019-05-10,12:00,11.8,1006.3,1006.3,1005.4,17,24.5,23.4,25.9,24.2,24.6,22.7,94,89,94,305,6.6,0.7,N,AM,ITACOATIARA,A121,-3.13333333,-58.48277777,41.54
778,2019-05-10,16:00,0.0,1005.6,1006.7,1005.6,298,24.8,23.5,24.8,23.9,23.6,23.0,94,93,93,314,1.4,0.0,N,AM,ITACOATIARA,A121,-3.13333333,-58.48277777,41.54
779,2019-05-10,20:00,0.0,1002.5,1002.8,1002.5,786,27.4,24.0,28.1,27.4,24.4,23.6,82,78,82,307,3.3,1.2,N,AM,ITACOATIARA,A121,-3.13333333,-58.48277777,41.54
780,2019-05-11,00:00,0.0,1003.8,1003.8,1002.9,0,25.9,24.1,26.5,25.9,24.2,24.0,90,87,90,298,1.5,0.0,N,AM,ITACOATIARA,A121,-3.13333333,-58.48277777,41.54
781,2019-05-11,04:00,0.0,1005.0,1005.2,1005.0,0,25.6,24.4,25.7,25.5,24.4,24.3,93,92,93,321,2.8,0.2,N,AM,ITACOATIARA,A121,-3.13333333,-58.48277777,41.54
782,2019-05-11,08:00,0.0,1003.8,1003.8,1003.7,0,25.2,23.9,25.3,25.1,24.0,23.8,93,92,93,324,3.0,0.6,N,AM,ITACOATIARA,A121,-3.13333333,-58.48277777,41.54
783,2019-05-11,12:00,0.0,1006.8,1006.8,1005.9,607,26.2,24.0,26.4,25.1,24.3,23.8,93,87,88,334,3.2,0.8,N,AM,ITACOATIARA,A121,-3.13333333,-58.48277777,41.54
784,2019-05-11,16:00,2.0,1006.3,1007.8,1006.3,92,24.7,23.2,24.8,24.4,23.6,22.9,93,90,91,230,2.0,0.0,N,AM,ITACOATIARA,A121,-3.13333333,-58.48277777,41.54
785,2019-05-11,20:00,0.0,1002.9,1003.4,1002.9,1108,27.1,23.6,27.3,26.6,23.9,23.0,85,79,81,229,2.5,0.8,N,AM,ITACOATIARA,A121,-3.13333333,-58.48277777,41.54
786,2019-05-12,00:00,0.0,1004.8,1004.8,1004.1,0,26.2,24.1,26.7,26.1,24.2,23.8,89,84,88,330,1.9,0.4,N,AM,ITACOATIARA,A121,-3.13333333,-58.48277777,41.54
787,2019-05-12,04:00,0.0,1006.0,1006.3,1006.0,0,25.9,24.1,26.1,25.8,24.1,23.8,90,87,90,313,1.6,0.2,N,AM,ITACOATIARA,A121,-3.13333333,-58.48277777,41.54
788,2019-05-12,08:00,0.0,1005.3,1005.5,1005.0,0,25.6,24.4,26.1,25.6,24.7,24.3,93,92,93,342,2.3,0.2,N,AM,ITACOATIARA,A121,-3.13333333,-58.48277777,41.54
789,2019-05-12,12:00,0.0,1007.9,1007.9,1007.4,213,25.5,24.1,25.5,25.1,24.5,24.0,94,92,92,313,3.4,1.1,N,AM,ITACOATIARA,A121,-3.13333333,-58.48277777,41.54
790,2019-05-12,16:00,9.0,1009.9,1010.0,1009.3,102,23.1,22.0,24.5,23.0,23.4,21.9,94,93,94,241,5.3,1.5,N,AM,ITACOATIARA,A121,-3.13333333,-58.48277777,41.54
791,2019-05-12,20:00,0.0,1004.9,1005.3,1004.8,502,25.3,23.2,25.3,25.0,23.2,22.3,88,84,88,317,2.7,0.9,N,AM,ITACOATIARA,A121,-3.13333333,-58.48277777,41.54
792,2019-05-13,00:00,0.0,1005.8,1005.8,1005.0,0,24.4,23.4,24.4,24.3,23.4,23.2,94,93,94,256,1.4,0.1,N,AM,ITACOATIARA,A121,-3.13333333,-58.48277777,41.54
793,2019-05-13,04:00,0.0,1007.9,1008.2,1007.9,0,24.1,22.8,24.3,24.0,23.0,22.8,93,92,92,304,1.2,0.3,N,AM,ITACOATIARA,A121,-3.13333333,-58.48277777,41.54
794,2019-05-13,08:00,0.0,1006.6,1006.6,1006.4,0,23.6,22.5,23.7,23.6,22.5,22.4,93,93,93,306,1.6,0.2,N,AM,ITACOATIARA,A121,-3.13333333,-58.48277777,41.54
795,2019-05-13,12:00,0.0,1009.3,1009.4,1008.6,896,26.4,23.4,26.8,24.8,23.9,22.7,89,82,84,242,3.0,1.0,N,AM,ITACOATIARA,A121,-3.13333333,-58.48277777,41.54
796,2019-05-13,16:00,0.0,1008.2,1008.8,1008.2,2094,28.8,23.5,29.2,28.0,23.8,22.8,78,70,73,245,3.1,1.5,N,AM,ITACOATIARA,A121,-3.13333333,-58.48277777,41.54
797,2019-05-13,20:00,0.0,1004.8,1005.1,1004.7,1151,29.2,24.7,30.3,29.2,24.8,23.9,77,70,77,218,2.5,0.7,N,AM,ITACOATIARA,A121,-3.13333333,-58.48277777,41.54
798,2019-05-14,00:00,0.0,1007.0,1007.0,1006.6,0,26.5,24.9,26.9,26.4,25.0,24.7,91,89,90,298,0.6,0.2,N,AM,ITACOATIARA,A121,-3.13333333,-58.48277777,41.54
799,2019-05-14,04:00,0.0,1007.8,1008.1,1007.8,0,26.4,24.8,26.5,26.3,24.8,24.7,91,90,91,287,0.0,0.0,N,AM,ITACOATIARA,A121,-3.13333333,-58.48277777,41.54
800,2019-05-14,08:00,0.0,1006.9,1006.9,1006.7,0,26.0,23.8,26.3,25.9,24.0,23.7,88,86,88,222,2.2,0.1,N,AM,ITACOATIARA,A121,-3.13333333,-58.48277777,41.54
801,2019-05-14,12:00,0.0,1009.2,1009.2,1008.5,717,26.6,23.7,27.5,26.5,24.7,23.7,87,82,84,223,3.8,2.2,N,AM,ITACOATIARA,A121,-3.13333333,-58.48277777,41.54
802,2019-05-14,16:00,0.0,1007.4,1009.0,1007.4,2271,29.4,23.9,29.4,28.4,24.0,23.0,76,71,72,215,4.0,1.4,N,AM,ITACOATIARA,A121,-3.13333333,-58.48277777,41.54
803,2019-05-14,20:00,0.0,1003.6,1003.7,1003.4,1399,30.3,23.6,30.9,29.8,23.9,22.7,69,63,68,205,3.1,0.6,N,AM,ITACOATIARA,A121,-3.13333333,-58.48277777,41.54
804,2019-05-15,00:00,0.0,1007.3,1007.4,1006.2,0,27.8,24.5,27.8,26.7,24.6,23.4,84,81,83,255,3.5,0.3,N,AM,ITACOATIARA,A121,-3.13333333,-58.48277777,41.54
805,2019-05-15,04:00,0.0,1007.5,1008.0,1007.5,0,26.0,23.7,26.4,26.0,23.8,23.4,87,85,87,293,0.9,0.2,N,AM,ITACOATIARA,A121,-3.13333333,-58.48277777,41.54
806,2019-05-15,08:00,0.0,1006.1,1006.1,1005.9,0,25.2,23.6,25.4,25.1,23.8,23.5,91,91,91,288,1.2,0.0,N,AM,ITACOATIARA,A121,-3.13333333,-58.48277777,41.54
807,2019-05-15,12:00,1.6,1009.1,1009.1,1008.1,43,24.3,23.3,24.5,24.0,23.6,23.1,95,94,94,338,4.2,1.4,N,AM,ITACOATIARA,A121,-3.13333333,-58.48277777,41.54
808,2019-05-15,16:00,0.0,1009.3,1009.6,1009.3,132,24.5,22.8,24.7,24.5,23.6,22.8,94,90,90,310,2.5,0.0,N,AM,ITACOATIARA,A121,-3.13333333,-58.48277777,41.54
809,2019-05-15,20:00,0.0,1005.2,1005.3,1005.0,299,24.7,23.2,24.8,24.4,23.5,23.1,93,92,92,309,3.2,0.0,N,AM,ITACOATIARA,A121,-3.13333333,-58.48277777,41.54
810,2019-05-16,00:00,0.0,1007.5,1007.5,1007.1,0,23.7,22.5,24.0,23.7,22.9,22.5,94,93,93,313,1.1,0.1,N,AM,ITACOATIARA,A121,-3.13333333,-58.48277777,41.54
811,2019-05-16,04:00,0.0,1008.4,1008.6,1008.4,0,23.1,22.1,23.5,23.1,22.2,22.1,94,92,94,298,1.9,0.7,N,AM,ITACOATIARA,A121,-3.13333333,-58.48277777,41.54
812,2019-05-16,08:00,0.0,1007.4,1007.4,1006.8,0,23.0,21.8,23.7,23.0,22.0,21.7,93,90,93,255,2.1,0.2,N,AM,ITACOATIARA,A121,-3.13333333,-58.48277777,41.54
813,2019-05-16,12:00,0.0,1009.5,1009.5,1009.0,370,25.1,22.7,25.1,23.7,22.7,22.1,91,86,87,319,2.4,0.2,N,AM,ITACOATIARA,A121,-3.13333333,-58.48277777,41.54
814,2019-05-16,16:00,0.0,1008.4,1009.4,1008.4,1465,29.1,22.2,30.2,28.9,22.6,21.0,68,58,66,320,3.6,1.1,N,AM,ITACOATIARA,A121,-3.13333333,-58.48277777,41.54
815,2019-05-16,20:00,0.0,1005.3,1005.3,1004.9,501,27.0,24.3,29.8,26.5,24.3,22.8,85,67,85,211,4.2,1.3,N,AM,ITACOATIARA,A121,-3.13333333,-58.48277777,41.54
816,2019-05-17,00:00,0.0,1007.7,1007.7,1007.2,0,26.3,23.8,26.8,26.3,24.0,23.3,86,81,86,272,3.6,1.1,N,AM,ITACOATIARA,A121,-3.13333333,-58.48277777,41.54
817,2019-05-17,04:00,0.0,1008.5,1009.1,1008.5,0,25.4,22.9,25.7,25.4,23.2,22.6,87,83,86,227,5.4,2.9,N,AM,ITACOATIARA,A121,-3.13333333,-58.48277777,41.54
818,2019-05-17,08:00,0.0,1006.4,1006.5,1006.4,0,25.2,23.1,25.3,25.1,23.2,22.8,89,86,88,233,2.2,0.5,N,AM,ITACOATIARA,A121,-3.13333333,-58.48277777,41.54
819,2019-05-17,12:00,0.0,1008.2,1008.3,1007.7,586,26.5,23.1,26.8,25.7,23.5,22.7,85,81,81,219,1.8,0.6,N,AM,ITACOATIARA,A121,-3.13333333,-58.48277777,41.54
820,2019-05-17,16:00,0.0,1007.0,1008.0,1007.0,2901,29.0,22.1,29.4,28.5,23.7,21.9,73,66,67,198,3.1,1.1,N,AM,ITACOATIARA,A121,-3.13333333,-58.48277777,41.54
821,2019-05-17,20:00,0.0,1003.7,1003.8,1003.4,553,29.0,23.6,29.8,29.0,23.9,22.8,73,68,73,263,2.2,0.8,N,AM,ITACOATIARA,A121,-3.13333333,-58.48277777,41.54
822,2019-05-18,00:00,0.0,1005.5,1005.5,1004.6,0,25.8,23.3,26.1,25.7,23.4,23.2,87,85,86,291,2.8,0.3,N,AM,ITACOATIARA,A121,-3.13333333,-58.48277777,41.54
823,2019-05-18,04:00,0.0,1006.1,1006.6,1006.1,0,25.0,23.3,25.3,25.0,23.5,23.3,90,90,90,315,3.0,0.2,N,AM,ITACOATIARA,A121,-3.13333333,-58.48277777,41.54
824,2019-05-18,08:00,0.0,1005.4,1005.5,1005.2,0,23.7,22.7,24.2,23.5,23.0,22.5,94,93,94,291,2.2,0.2,N,AM,ITACOATIARA,A121,-3.13333333,-58.48277777,41.54
825,2019-05-18,12:00,0.0,1007.9,1007.9,1007.2,316,24.8,23.6,24.8,24.1,23.6,23.0,93,93,93,312,2.1,0.4,N,AM,ITACOATIARA,A121,-3.13333333,-58.48277777,41.54
826,2019-05-18,16:00,0.0,1006.9,1007.8,1006.9,1308,27.3,23.5,27.5,26.7,24.0,23.1,82,80,80,220,3.6,0.6,N,AM,ITACOATIARA,A121,-3.13333333,-58.48277777,41.54
827,2019-05-18,20:00,0.0,1003.2,1003.6,1003.2,1082,28.2,24.1,28.4,27.8,24.1,23.6,79,76,78,216,3.3,0.5,N,AM,ITACOATIARA,A121,-3.13333333,-58.48277777,41.54
828,2019-05-19,00:00,0.0,1004.5,1004.6,1004.3,0,25.8,23.9,26.4,25.8,24.0,23.7,89,85,89,331,0.7,0.0,N,AM,ITACOATIARA,A121,-3.13333333,-58.48277777,41.54
829,2019-05-19,04:00,0.0,1006.2,1006.2,1006.1,0,25.6,23.6,25.8,25.2,24.1,23.5,92,88,88,325,3.2,0.7,N,AM,ITACOATIARA,A121,-3.13333333,-58.48277777,41.54
830,2019-05-19,08:00,0.0,1005.2,1005.2,1004.5,0,25.0,23.6,25.0,24.3,23.7,23.3,94,92,92,270,3.0,1.2,N,AM,ITACOATIARA,A121,-3.13333333,-58.48277777,41.54
831,2019-05-19,12:00,0.0,1007.5,1007.5,1006.8,459,25.8,23.3,25.9,24.1,23.5,22.7,92,85,86,309,2.3,0.5,N,AM,ITACOATIARA,A121,-3.13333333,-58.48277777,41.54
832,2019-05-19,16:00,0.0,1007.6,1008.3,1007.6,305,24.8,23.4,25.3,24.7,23.6,23.2,92,90,92,265,6.9,0.7,N,AM,ITACOATIARA,A121,-3.13333333,-58.48277777,41.54
833,2019-05-19,20:00,0.0,1003.4,1004.4,1003.4,631,26.4,23.0,26.7,26.1,23.8,23.0,86,81,81,261,2.3,0.1,N,AM,ITACOATIARA,A121,-3.13333333,-58.48277777,41.54
834,2019-05-20,00:00,0.0,1006.3,1006.3,1005.4,0,25.4,23.3,26.0,25.4,23.4,23.2,88,86,88,333,2.6,1.0,N,AM,ITACOATIARA,A121,-3.13333333,-58.48277777,41.54
835,2019-05-20,04:00,0.0,1006.6,1007.4,1006.6,0,24.7,23.4,25.1,24.7,23.6,23.4,93,91,93,320,2.8,0.4,N,AM,ITACOATIARA,A121,-3.13333333,-58.48277777,41.54
836,2019-05-20,08:00,0.0,1004.9,1005.3,1004.9,0,24.4,22.9,24.5,24.4,23.2,22.9,92,91,92,315,2.1,0.6,N,AM,ITACOATIARA,A121,-3.13333333,-58.48277777,41.54
837,2019-05-20,12:00,0.0,1008.2,1008.2,1007.4,25,23.8,22.8,23.8,23.2,22.8,22.0,94,93,94,230,5.2,0.8,N,AM,ITACOATIARA,A121,-3.13333333,-58.48277777,41.54
838,2019-05-20,16:00,0.0,1007.7,1008.9,1007.7,328,25.1,23.6,25.2,24.7,23.7,23.2,92,90,91,291,2.3,0.0,N,AM,ITACOATIARA,A121,-3.13333333,-58.48277777,41.54
839,2019-05-20,20:00,0.0,1004.8,1005.5,1004.8,449,26.0,23.0,26.3,26.0,23.2,22.7,84,82,84,293,2.3,0.7,N,AM,ITACOATIARA,A121,-3.13333333,-58.48277777,41.54
840,2019-05-21,00:00,0.0,1006.1,1006.1,1005.4,0,24.1,23.0,24.5,24.1,23.2,23.0,93,92,93,297,2.0,1.3,N,AM,ITACOATIARA,A121,-3.13333333,-58.48277777,41.54
841,2019-05-21,04:00,0.0,1007.4,1007.6,1007.3,0,23.4,22.4,23.6,23.3,22.6,22.3,94,94,94,306,2.3,0.7,N,AM,ITACOATIARA,A121,-3.13333333,-58.48277777,41.54
842,2019-05-21,08:00,0.0,1005.8,1005.9,1005.7,0,23.4,22.2,23.5,23.3,22.3,22.1,93,93,93,337,3.5,0.7,N,AM,ITACOATIARA,A121,-3.13333333,-58.48277777,41.54
843,2019-05-21,12:00,0.0,1008.8,1008.8,1007.7,503,24.4,22.9,24.4,23.3,23.0,22.0,94,91,91,330,4.2,1.6,N,AM,ITACOATIARA,A121,-3.13333333,-58.48277777,41.54
844,2019-05-21,16:00,0.0,1008.0,1009.5,1008.0,1575,27.4,23.7,28.7,27.3,24.3,23.1,81,74,80,225,2.8,1.5,N,AM,ITACOATIARA,A121,-3.13333333,-58.48277777,41.54
845,2019-05-21,20:00,0.0,1003.9,1004.4,1003.8,1131,29.0,23.6,29.6,28.8,24.1,23.3,75,71,73,232,3.6,1.0,N,AM,ITACOATIARA,A121,-3.13333333,-58.48277777,41.54
846,2019-05-22,00:00,0.0,1005.8,1005.8,1005.1,0,26.9,24.2,27.3,26.0,24.5,23.9,90,84,85,291,1.3,0.1,N,AM,ITACOATIARA,A121,-3.13333333,-58.48277777,41.54
847,2019-05-22,04:00,0.0,1007.7,1008.2,1007.6,0,25.7,24.5,25.8,25.6,24.5,24.3,93,92,93,293,0.7,0.0,N,AM,ITACOATIARA,A121,-3.13333333,-58.48277777,41.54
848,2019-05-22,08:00,0.0,1006.1,1006.1,1005.9,0,24.3,23.1,25.1,24.3,23.7,23.1,93,92,93,321,2.2,0.0,N,AM,ITACOATIARA,A121,-3.13333333,-58.48277777,41.54
849,2019-05-22,12:00,0.0,1008.3,1008.3,1007.4,449,26.4,24.9,26.4,24.2,24.9,23.2,94,91,91,227,1.7,0.0,N,AM,ITACOATIARA,A121,-3.13333333,-58.48277777,41.54
850,2019-05-22,16:00,0.0,1007.6,1008.6,1007.6,2122,28.4,24.1,28.4,27.3,24.6,23.7,82,77,78,237,3.2,1.3,N,AM,ITACOATIARA,A121,-3.13333333,-58.48277777,41.54
851,2019-05-22,20:00,0.0,1003.6,1004.0,1003.6,1176,29.6,22.1,30.1,29.0,23.8,22.0,72,63,64,187,1.9,0.3,N,AM,ITACOATIARA,A121,-3.13333333,-58.48277777,41.54
852,2019-05-23,00:00,0.0,1005.8,1005.9,1005.0,0,26.5,24.0,27.3,26.5,24.9,23.8,87,84,86,330,5.1,1.3,N,AM,ITACOATIARA,A121,-3.13333333,-58.48277777,41.54
853,2019-05-23,04:00,0.0,1008.0,1008.2,1008.0,0,23.5,22.3,23.8,23.3,22.3,22.1,93,92,93,336,3.2,0.6,N,AM,ITACOATIARA,A121,-3.13333333,-58.48277777,41.54
854,2019-05-23,08:00,0.0,1006.5,1006.6,1006.2,0,23.3,22.4,23.4,23.3,22.4,22.3,94,94,94,291,1.3,0.3,N,AM,ITACOATIARA,A121,-3.13333333,-58.48277777,41.54
855,2019-05-23,12:00,0.0,1008.5,1008.5,1007.9,473,25.2,23.7,25.2,23.9,23.8,22.9,94,92,92,308,2.5,1.0,N,AM,ITACOATIARA,A121,-3.13333333,-58.48277777,41.54
856,2019-05-23,16:00,0.0,1007.3,1008.2,1007.3,2433,27.8,23.7,29.0,27.5,24.4,23.3,81,73,78,234,3.8,1.6,N,AM,ITACOATIARA,A121,-3.13333333,-58.48277777,41.54
857,2019-05-23,20:00,0.0,1003.8,1004.3,1003.8,1174,30.3,23.0,31.2,29.0,24.4,22.4,74,61,65,285,2.4,0.4,N,AM,ITACOATIARA,A121,-3.13333333,-58.48277777,41.54
858,2019-05-24,00:00,0.0,1004.9,1004.9,1004.3,0,26.2,23.8,26.7,26.1,24.1,23.6,87,85,87,238,0.0,0.0,N,AM,ITACOATIARA,A121,-3.13333333,-58.48277777,41.54
859,2019-05-24,04:00,0.0,1006.5,1007.2,1006.5,0,24.8,22.8,26.2,24.8,24.0,22.6,91,87,89,308,7.4,0.4,N,AM,ITACOATIARA,A121,-3.13333333,-58.48277777,41.54
860,2019-05-24,08:00,0.0,1005.4,1005.8,1005.4,0,24.4,22.5,24.5,24.1,22.8,22.4,92,89,89,313,1.1,0.0,N,AM,ITACOATIARA,A121,-3.13333333,-58.48277777,41.54
861,2019-05-24,12:00,0.0,1008.2,1008.2,1007.1,305,26.1,23.5,26.3,25.2,23.7,22.9,91,82,86,346,2.1,0.9,N,AM,ITACOATIARA,A121,-3.13333333,-58.48277777,41.54
862,2019-05-24,16:00,0.0,1007.2,1009.0,1007.2,146,24.2,22.6,24.4,23.7,23.0,21.9,92,89,91,251,4.7,0.2,N,AM,ITACOATIARA,A121,-3.13333333,-58.48277777,41.54
863,2019-05-24,20:00,0.0,1004.4,1004.4,1004.2,864,26.9,23.8,27.0,26.2,24.0,23.2,85,82,83,226,2.7,0.7,N,AM,ITACOATIARA,A121,-3.13333333,-58.48277777,41.54
864,2019-05-25,00:00,0.0,1006.3,1006.3,1005.1,0,25.3,22.5,25.8,25.2,22.5,21.9,85,79,85,252,2.7,0.2,N,AM,ITACOATIARA,A121,-3.13333333,-58.48277777,41.54
865,2019-05-25,04:00,0.0,1007.3,1007.5,1007.2,0,24.1,22.9,24.5,24.1,23.0,22.8,93,91,93,288,0.9,0.3,N,AM,ITACOATIARA,A121,-3.13333333,-58.48277777,41.54
866,2019-05-25,08:00,0.0,1005.7,1005.8,1005.6,0,24.8,23.1,25.1,24.6,23.1,22.7,90,87,90,254,2.4,0.2,N,AM,ITACOATIARA,A121,-3.13333333,-58.48277777,41.54
867,2019-05-25,12:00,0.0,1007.9,1007.9,1007.4,490,26.8,24.0,26.8,25.0,24.0,23.3,93,84,84,253,1.5,0.2,N,AM,ITACOATIARA,A121,-3.13333333,-58.48277777,41.54
868,2019-05-25,16:00,0.0,1006.5,1007.7,1006.5,2237,28.7,24.2,29.3,27.3,25.1,23.3,82,74,77,232,3.2,1.0,N,AM,ITACOATIARA,A121,-3.13333333,-58.48277777,41.54
869,2019-05-25,20:00,0.0,1003.7,1003.9,1003.7,1317,31.1,23.1,31.6,30.7,24.2,22.5,68,59,62,247,3.6,0.9,N,AM,ITACOATIARA,A121,-3.13333333,-58.48277777,41.54
870,2019-05-26,00:00,0.0,1005.0,1005.0,1004.1,0,27.6,23.3,27.8,27.1,23.6,23.1,81,76,77,274,1.6,0.0,N,AM,ITACOATIARA,A121,-3.13333333,-58.48277777,41.54
871,2019-05-26,04:00,0.0,1006.2,1006.4,1006.2,0,25.4,23.6,26.0,25.3,23.7,23.5,90,87,90,299,2.4,1.1,N,AM,ITACOATIARA,A121,-3.13333333,-58.48277777,41.54
872,2019-05-26,08:00,0.0,1005.4,1005.4,1004.9,0,24.7,23.5,24.9,24.6,23.6,23.3,93,92,93,302,1.5,0.9,N,AM,ITACOATIARA,A121,-3.13333333,-58.48277777,41.54
873,2019-05-26,12:00,0.0,1007.8,1007.8,1006.8,871,27.8,23.9,28.0,25.6,24.4,23.7,89,78,79,291,2.1,1.2,N,AM,ITACOATIARA,A121,-3.13333333,-58.48277777,41.54
874,2019-05-26,16:00,0.0,1006.5,1007.4,1006.5,2888,30.8,24.2,32.2,30.5,24.8,23.1,69,60,68,212,3.5,1.1,N,AM,ITACOATIARA,A121,-3.13333333,-58.48277777,41.54
875,2019-05-26,20:00,0.0,1004.0,1004.0,1003.4,1194,31.2,23.9,31.7,30.9,24.8,22.8,69,60,65,209,1.9,0.3,N,AM,ITACOATIARA,A121,-3.13333333,-58.48277777,41.54
876,2019-05-27,00:00,0.0,1005.8,1005.8,1004.9,0,27.8,23.7,27.8,27.6,24.2,23.6,82,78,78,240,3.2,0.5,N,AM,ITACOATIARA,A121,-3.13333333,-58.48277777,41.54
877,2019-05-27,04:00,0.0,1007.0,1007.5,1007.0,0,26.6,23.9,26.9,26.5,24.1,23.8,86,84,85,218,2.4,0.1,N,AM,ITACOATIARA,A121,-3.13333333,-58.48277777,41.54
878,2019-05-27,08:00,0.0,1005.5,1005.5,1005.2,0,26.6,23.7,26.6,26.1,24.4,23.7,90,84,85,277,1.7,0.0,N,AM,ITACOATIARA,A121,-3.13333333,-58.48277777,41.54
879,2019-05-27,12:00,0.0,1007.7,1007.7,1006.8,608,27.3,24.0,27.3,26.0,24.2,23.6,89,81,82,234,2.9,1.3,N,AM,ITACOATIARA,A121,-3.13333333,-58.48277777,41.54
880,2019-05-27,16:00,0.0,1006.7,1007.7,1006.7,2607,28.9,24.1,29.4,28.5,24.5,23.5,77,72,75,233,3.3,1.4,N,AM,ITACOATIARA,A121,-3.13333333,-58.48277777,41.54
881,2019-05-27,20:00,0.0,1003.1,1003.1,1003.0,1120,30.7,24.0,31.7,30.3,24.7,23.1,69,64,68,227,2.7,0.3,N,AM,ITACOATIARA,A121,-3.13333333,-58.48277777,41.54
882,2019-05-28,00:00,0.0,1005.7,1005.7,1004.9,0,26.2,24.5,26.4,26.2,24.6,24.2,90,88,90,288,1.6,0.2,N,AM,ITACOATIARA,A121,-3.13333333,-58.48277777,41.54
883,2019-05-28,04:00,0.0,1006.6,1007.1,1006.6,0,25.7,24.3,26.0,25.7,24.4,24.3,92,91,92,303,1.8,0.8,N,AM,ITACOATIARA,A121,-3.13333333,-58.48277777,41.54
884,2019-05-28,08:00,0.0,1005.1,1005.2,1005.0,0,25.5,24.1,25.6,25.2,24.2,23.9,93,92,92,314,1.4,0.0,N,AM,ITACOATIARA,A121,-3.13333333,-58.48277777,41.54
885,2019-05-28,12:00,0.0,1008.0,1008.0,1007.0,657,27.5,25.1,27.8,26.4,25.2,24.4,89,85,87,278,1.8,0.7,N,AM,ITACOATIARA,A121,-3.13333333,-58.48277777,41.54
886,2019-05-28,16:00,0.0,1006.8,1007.8,1006.8,1725,28.6,24.9,31.0,28.0,25.0,23.2,82,64,80,219,5.6,0.5,N,AM,ITACOATIARA,A121,-3.13333333,-58.48277777,41.54
887,2019-05-28,20:00,0.0,1003.0,1003.4,1003.0,994,29.9,22.8,31.0,29.2,23.9,22.5,72,65,66,208,2.0,0.2,N,AM,ITACOATIARA,A121,-3.13333333,-58.48277777,41.54
888,2019-05-29,00:00,0.0,1005.3,1005.3,1004.6,0,26.3,23.8,26.8,26.3,23.9,23.5,86,83,86,299,0.2,0.0,N,AM,ITACOATIARA,A121,-3.13333333,-58.48277777,41.54
889,2019-05-29,04:00,0.0,1006.0,1006.1,1006.0,0,26.0,24.2,26.8,26.0,24.6,24.2,90,87,90,299,1.2,0.0,N,AM,ITACOATIARA,A121,-3.13333333,-58.48277777,41.54
890,2019-05-29,08:00,0.0,1005.1,1005.2,1005.0,0,25.4,24.2,25.7,25.4,24.3,24.0,93,92,93,303,1.3,0.8,N,AM,ITACOATIARA,A121,-3.13333333,-58.48277777,41.54
891,2019-05-29,12:00,0.0,1007.8,1007.8,1007.1,568,27.5,24.9,27.5,26.6,25.2,24.2,88,85,86,304,1.5,0.4,N,AM,ITACOATIARA,A121,-3.13333333,-58.48277777,41.54
892,2019-05-29,16:00,0.0,1006.5,1007.3,1006.5,1880,30.9,23.5,31.6,28.5,25.8,23.4,80,64,65,231,4.4,0.6,N,AM,ITACOATIARA,A121,-3.13333333,-58.48277777,41.54
893,2019-05-29,20:00,0.0,1002.9,1003.6,1002.9,982,29.6,24.5,30.2,29.2,24.5,23.4,74,68,74,281,4.7,1.4,N,AM,ITACOATIARA,A121,-3.13333333,-58.48277777,41.54
894,2019-05-30,00:00,0.0,1005.5,1005.5,1004.6,0,26.6,24.5,27.3,26.6,24.7,24.5,89,85,88,298,1.6,1.1,N,AM,ITACOATIARA,A121,-3.13333333,-58.48277777,41.54
895,2019-05-30,04:00,0.0,1006.2,1006.8,1006.2,0,26.3,24.0,26.8,26.3,24.1,23.8,87,84,87,296,1.2,0.0,N,AM,ITACOATIARA,A121,-3.13333333,-58.48277777,41.54
896,2019-05-30,08:00,0.0,1005.1,1005.2,1005.0,0,25.6,24.1,25.7,25.6,24.1,24.0,91,91,91,298,1.7,0.2,N,AM,ITACOATIARA,A121,-3.13333333,-58.48277777,41.54
897,2019-05-30,12:00,0.0,1007.6,1007.7,1007.0,229,25.3,23.4,26.2,25.3,24.6,23.3,92,89,89,302,5.3,2.3,N,AM,ITACOATIARA,A121,-3.13333333,-58.48277777,41.54
898,2019-05-30,16:00,0.2,1006.3,1007.5,1006.3,2675,29.7,23.7,30.1,28.9,24.7,23.1,74,69,70,291,7.7,3.6,N,AM,ITACOATIARA,A121,-3.13333333,-58.48277777,41.54
899,2019-05-30,20:00,0.0,1003.0,1003.4,1003.0,947,28.9,23.9,29.5,28.5,24.4,23.5,77,72,74,277,3.3,0.9,N,AM,ITACOATIARA,A121,-3.13333333,-58.48277777,41.54
900,2019-05-31,00:00,0.0,1005.7,1005.7,1004.7,0,26.3,23.9,26.5,26.1,24.0,23.8,87,86,87,301,1.2,0.1,N,AM,ITACOATIARA,A121,-3.13333333,-58.48277777,41.54
901,2019-05-31,04:00,0.0,1006.5,1007.1,1006.5,0,25.6,23.7,25.9,25.6,23.9,23.7,89,88,89,304,0.9,0.3,N,AM,ITACOATIARA,A121,-3.13333333,-58.48277777,41.54
902,2019-05-31,08:00,0.0,1004.7,1005.1,1004.7,0,25.2,23.9,25.9,25.2,24.6,23.9,93,91,92,320,1.1,0.0,N,AM,ITACOATIARA,A121,-3.13333333,-58.48277777,41.54
903,2019-05-31,12:00,0.0,1007.7,1007.7,1006.8,326,26.9,25.1,26.9,26.1,25.2,24.4,91,89,90,278,1.8,0.3,N,AM,ITACOATIARA,A121,-3.13333333,-58.48277777,41.54
904,2019-05-31,16:00,0.0,1007.0,1008.3,1007.0,1040,27.5,24.0,27.8,25.9,25.3,23.8,89,81,81,299,4.7,1.8,N,AM,ITACOATIARA,A121,-3.13333333,-58.48277777,41.54
905,2019-05-31,20:00,0.0,1004.4,1004.6,1004.3,666,28.7,24.1,29.5,28.7,24.8,24.0,78,73,77,299,3.7,1.4,N,AM,ITACOATIARA,A121,-3.13333333,-58.48277777,41.54
906,2019-06-01,00:00,0.0,1006.1,1006.1,1004.8,0,27.1,24.8,27.1,26.3,24.9,24.2,89,87,88,327,2.4,0.5,N,AM,ITACOATIARA,A121,-3.13333333,-58.48277777,41.54
907,2019-06-01,04:00,0.0,1007.1,1007.3,1007.1,0,25.9,24.5,26.0,25.9,24.7,24.5,92,92,92,302,2.2,0.7,N,AM,ITACOATIARA,A121,-3.13333333,-58.48277777,41.54
908,2019-06-01,08:00,0.0,1005.5,1005.8,1005.4,0,25.4,24.1,25.6,25.1,24.1,23.8,93,91,93,323,2.6,0.6,N,AM,ITACOATIARA,A121,-3.13333333,-58.48277777,41.54
909,2019-06-01,12:00,0.0,1008.3,1008.3,1006.9,164,23.2,21.7,25.4,23.2,24.1,21.6,93,86,91,277,8.8,1.1,N,AM,ITACOATIARA,A121,-3.13333333,-58.48277777,41.54
910,2019-06-01,16:00,0.0,1008.1,1008.2,1008.1,705,26.8,23.6,26.8,25.8,23.8,23.2,87,83,83,253,3.6,0.4,N,AM,ITACOATIARA,A121,-3.13333333,-58.48277777,41.54
911,2019-06-01,20:00,0.0,1004.2,1004.9,1004.2,754,26.5,23.2,27.2,26.5,23.6,22.9,83,79,82,238,4.7,2.3,N,AM,ITACOATIARA,A121,-3.13333333,-58.48277777,41.54
912,2019-06-02,00:00,0.0,1006.2,1006.2,1005.0,0,25.9,23.5,26.0,25.8,23.6,23.3,87,85,86,229,2.7,1.3,N,AM,ITACOATIARA,A121,-3.13333333,-58.48277777,41.54
913,2019-06-02,04:00,0.0,1007.0,1007.6,1007.0,0,24.3,23.2,24.5,24.2,23.3,23.1,94,93,94,300,1.2,0.1,N,AM,ITACOATIARA,A121,-3.13333333,-58.48277777,41.54
914,2019-06-02,08:00,0.0,1005.3,1005.6,1005.2,0,24.4,23.3,24.6,24.3,23.5,23.2,94,93,94,308,1.4,0.5,N,AM,ITACOATIARA,A121,-3.13333333,-58.48277777,41.54
915,2019-06-02,12:00,0.0,1008.3,1008.3,1007.1,819,27.6,24.2,27.7,25.7,24.8,23.8,94,82,82,242,1.8,0.4,N,AM,ITACOATIARA,A121,-3.13333333,-58.48277777,41.54
916,2019-06-02,16:00,0.0,1007.7,1008.1,1007.7,2414,30.7,24.0,31.2,30.0,25.1,23.4,71,66,68,280,5.8,2.1,N,AM,ITACOATIARA,A121,-3.13333333,-58.48277777,41.54
917,2019-06-02,20:00,0.0,1003.9,1004.3,1003.8,1335,31.3,23.6,32.1,31.0,24.6,23.2,66,62,64,292,4.1,1.4,N,AM,ITACOATIARA,A121,-3.13333333,-58.48277777,41.54
918,2019-06-03,00:00,0.0,1006.1,1006.1,1004.9,0,25.8,23.8,26.2,25.7,24.0,23.5,89,86,89,280,1.2,0.0,N,AM,ITACOATIARA,A121,-3.13333333,-58.48277777,41.54
919,2019-06-03,04:00,0.0,1008.4,1008.4,1008.3,0,26.0,24.5,26.5,25.9,24.7,24.4,92,90,92,227,0.8,0.0,N,AM,ITACOATIARA,A121,-3.13333333,-58.48277777,41.54
920,2019-06-03,08:00,0.0,1006.9,1007.0,1006.8,0,24.5,23.5,24.7,24.4,23.7,23.4,94,94,94,315,1.0,0.3,N,AM,ITACOATIARA,A121,-3.13333333,-58.48277777,41.54
921,2019-06-03,12:00,0.0,1010.1,1010.1,1009.0,720,27.4,25.1,27.4,25.7,25.5,24.4,93,88,88,249,2.5,0.8,N,AM,ITACOATIARA,A121,-3.13333333,-58.48277777,41.54
922,2019-06-03,16:00,0.0,1009.3,1010.5,1009.3,2155,30.5,24.9,30.5,29.1,25.2,23.3,77,69,72,225,3.3,0.7,N,AM,ITACOATIARA,A121,-3.13333333,-58.48277777,41.54
923,2019-06-03,20:00,0.0,1005.7,1006.0,1005.5,1067,29.0,24.2,29.4,28.7,24.6,23.8,78,73,75,233,3.5,0.4,N,AM,ITACOATIARA,A121,-3.13333333,-58.48277777,41.54
924,2019-06-04,00:00,0.0,1007.2,1007.2,1006.6,0,26.4,23.6,26.8,26.4,23.6,23.2,85,81,85,294,1.1,0.0,N,AM,ITACOATIARA,A121,-3.13333333,-58.48277777,41.54
925,2019-06-04,04:00,0.0,1009.6,1010.1,1009.6,0,26.2,24.7,26.6,26.1,24.9,24.4,91,89,91,277,0.5,0.0,N,AM,ITACOATIARA,A121,-3.13333333,-58.48277777,41.54
926,2019-06-04,08:00,0.0,1007.7,1007.8,1007.5,0,25.2,24.0,25.5,25.1,24.3,23.9,93,93,93,327,0.9,0.1,N,AM,ITACOATIARA,A121,-3.13333333,-58.48277777,41.54
927,2019-06-04,12:00,0.0,1010.5,1010.5,1009.3,471,27.3,24.0,27.4,26.4,24.5,24.0,89,82,82,232,2.5,1.1,N,AM,ITACOATIARA,A121,-3.13333333,-58.48277777,41.54
928,2019-06-04,16:00,0.0,1009.2,1010.2,1009.2,2055,29.8,24.6,30.0,28.6,25.4,23.5,81,71,74,209,2.8,1.0,N,AM,ITACOATIARA,A121,-3.13333333,-58.48277777,41.54
929,2019-06-04,20:00,0.0,1005.4,1005.6,1005.4,978,30.5,24.4,31.8,30.5,24.6,23.1,70,63,70,285,3.3,1.0,N,AM,ITACOATIARA,A121,-3.13333333,-58.48277777,41.54
930,2019-06-05,00:00,0.0,1007.6,1007.6,1006.8,0,26.7,24.1,27.4,26.7,24.2,23.8,86,81,86,320,1.1,0.0,N,AM,ITACOATIARA,A121,-3.13333333,-58.48277777,41.54
931,2019-06-05,04:00,0.0,1008.5,1008.7,1008.5,0,26.0,24.2,26.1,25.9,24.4,24.1,91,89,90,326,1.0,0.0,N,AM,ITACOATIARA,A121,-3.13333333,-58.48277777,41.54
932,2019-06-05,08:00,0.0,1006.7,1006.8,1006.6,0,25.6,24.2,25.7,25.5,24.4,24.2,93,92,92,293,0.4,0.0,N,AM,ITACOATIARA,A121,-3.13333333,-58.48277777,41.54
933,2019-06-05,12:00,0.0,1008.9,1008.9,1008.5,682,27.9,24.6,27.9,26.8,25.1,24.5,88,83,83,226,1.7,0.3,N,AM,ITACOATIARA,A121,-3.13333333,-58.48277777,41.54
934,2019-06-05,16:00,0.0,1007.8,1008.4,1007.8,2782,29.0,23.4,29.3,28.1,23.6,22.7,74,69,71,240,2.8,1.7,N,AM,ITACOATIARA,A121,-3.13333333,-58.48277777,41.54
935,2019-06-05,20:00,0.0,1005.3,1005.7,1005.1,584,27.2,24.0,28.2,27.2,24.5,23.1,84,77,83,228,4.6,1.3,N,AM,ITACOATIARA,A121,-3.13333333,-58.48277777,41.54
936,2019-06-06,00:00,0.0,1007.2,1007.2,1006.1,0,26.6,24.0,27.0,26.5,24.1,23.9,86,83,85,338,1.7,0.1,N,AM,ITACOATIARA,A121,-3.13333333,-58.48277777,41.54
937,2019-06-06,04:00,0.0,1007.7,1008.1,1007.7,0,25.9,24.0,26.5,25.9,24.5,23.7,90,87,90,326,1.1,0.0,N,AM,ITACOATIARA,A121,-3.13333333,-58.48277777,41.54
938,2019-06-06,08:00,0.0,1006.3,1006.3,1006.1,0,25.3,24.0,26.1,25.3,24.6,23.8,92,89,92,280,1.1,0.1,N,AM,ITACOATIARA,A121,-3.13333333,-58.48277777,41.54
939,2019-06-06,12:00,0.0,1008.0,1008.0,1007.2,634,27.4,23.7,27.8,25.5,24.7,23.2,89,80,80,207,1.6,0.5,N,AM,ITACOATIARA,A121,-3.13333333,-58.48277777,41.54
940,2019-06-06,16:00,0.0,1006.5,1007.4,1006.5,1572,28.9,24.7,29.3,28.5,25.4,24.3,82,77,78,224,3.2,0.8,N,AM,ITACOATIARA,A121,-3.13333333,-58.48277777,41.54
941,2019-06-06,20:00,0.0,1004.0,1004.4,1003.9,395,27.9,23.7,28.0,27.6,24.0,23.3,79,76,78,248,1.9,0.1,N,AM,ITACOATIARA,A121,-3.13333333,-58.48277777,41.54
942,2019-06-07,00:00,0.0,1006.2,1006.2,1005.2,0,26.0,23.5,26.2,25.9,23.6,23.2,86,85,86,283,1.2,0.0,N,AM,ITACOATIARA,A121,-3.13333333,-58.48277777,41.54
943,2019-06-07,04:00,0.0,1007.0,1007.3,1007.0,0,25.2,23.4,25.8,25.2,23.7,23.3,90,88,90,313,2.4,0.1,N,AM,ITACOATIARA,A121,-3.13333333,-58.48277777,41.54
944,2019-06-07,08:00,0.0,1006.3,1006.3,1006.1,0,25.0,23.7,25.2,24.6,23.8,23.3,93,90,92,326,1.8,0.7,N,AM,ITACOATIARA,A121,-3.13333333,-58.48277777,41.54
945,2019-06-07,12:00,0.0,1007.4,1007.4,1007.0,743,26.9,24.1,27.0,25.5,24.8,23.7,91,84,84,238,2.3,1.0,N,AM,ITACOATIARA,A121,-3.13333333,-58.48277777,41.54
946,2019-06-07,16:00,0.0,1006.5,1007.3,1006.5,2545,29.0,24.3,29.2,28.3,24.8,24.1,79,75,76,232,3.4,1.2,N,AM,ITACOATIARA,A121,-3.13333333,-58.48277777,41.54
947,2019-06-07,20:00,0.0,1003.8,1004.3,1003.8,452,28.1,23.3,30.3,27.8,24.7,22.3,76,71,75,302,5.2,1.7,N,AM,ITACOATIARA,A121,-3.13333333,-58.48277777,41.54
948,2019-06-08,00:00,0.0,1006.5,1006.5,1005.4,0,26.0,24.2,26.3,26.0,24.6,24.2,91,90,90,294,2.2,0.3,N,AM,ITACOATIARA,A121,-3.13333333,-58.48277777,41.54
949,2019-06-08,04:00,0.0,1007.4,1007.6,1007.3,0,25.7,24.1,25.9,25.6,24.4,24.1,91,91,91,315,1.0,0.2,N,AM,ITACOATIARA,A121,-3.13333333,-58.48277777,41.54
950,2019-06-08,08:00,0.0,1006.4,1006.4,1006.3,0,25.0,23.8,25.1,25.0,23.8,23.7,93,92,93,307,1.9,0.9,N,AM,ITACOATIARA,A121,-3.13333333,-58.48277777,41.54
951,2019-06-08,12:00,0.0,1009.0,1009.0,1008.2,504,27.7,24.4,27.7,26.0,24.9,24.3,91,82,82,307,2.2,0.0,N,AM,ITACOATIARA,A121,-3.13333333,-58.48277777,41.54
952,2019-06-08,16:00,0.0,1007.7,1008.7,1007.7,2989,30.8,24.6,31.0,29.2,25.4,24.1,77,69,70,227,3.8,1.5,N,AM,ITACOATIARA,A121,-3.13333333,-58.48277777,41.54
953,2019-06-08,20:00,0.0,1005.7,1005.9,1005.5,90,24.8,22.9,24.8,24.2,23.2,22.7,92,89,89,319,2.6,0.5,N,AM,ITACOATIARA,A121,-3.13333333,-58.48277777,41.54
954,2019-06-09,00:00,0.0,1007.4,1007.4,1007.0,0,24.6,22.9,25.3,24.6,23.0,22.3,91,84,91,305,1.2,0.1,N,AM,ITACOATIARA,A121,-3.13333333,-58.48277777,41.54
955,2019-06-09,04:00,0.0,1008.5,1008.9,1008.5,0,24.5,22.8,24.7,24.5,23.0,22.7,91,89,90,336,1.0,0.3,N,AM,ITACOATIARA,A121,-3.13333333,-58.48277777,41.54
956,2019-06-09,08:00,0.0,1007.2,1007.3,1007.1,0,24.1,22.6,24.5,24.1,22.9,22.4,91,89,91,302,1.1,0.1,N,AM,ITACOATIARA,A121,-3.13333333,-58.48277777,41.54
957,2019-06-09,12:00,0.0,1009.6,1009.6,1008.9,676,27.4,24.1,27.4,25.0,24.3,23.3,91,82,82,301,1.2,0.1,N,AM,ITACOATIARA,A121,-3.13333333,-58.48277777,41.54
958,2019-06-09,16:00,0.0,1008.5,1009.1,1008.5,2692,29.2,23.9,30.2,28.9,24.2,23.2,74,68,74,237,2.9,1.7,N,AM,ITACOATIARA,A121,-3.13333333,-58.48277777,41.54
959,2019-06-09,20:00,0.0,1005.7,1006.0,1005.7,1003,30.5,23.8,31.4,30.0,23.8,22.9,69,62,68,192,2.2,0.3,N,AM,ITACOATIARA,A121,-3.13333333,-58.48277777,41.54
960,2019-06-10,00:00,0.0,1007.2,1007.2,1006.7,0,26.9,23.7,27.7,26.9,24.9,23.7,85,82,83,306,3.8,2.1,N,AM,ITACOATIARA,A121,-3.13333333,-58.48277777,41.54
961,2019-06-10,04:00,0.0,1008.5,1008.5,1008.4,0,24.9,23.3,25.0,24.9,23.3,23.0,91,89,91,302,2.9,1.5,N,AM,ITACOATIARA,A121,-3.13333333,-58.48277777,41.54
962,2019-06-10,08:00,0.0,1007.1,1007.4,1007.1,0,24.4,23.1,24.8,24.4,23.3,23.1,92,92,92,301,2.4,0.8,N,AM,ITACOATIARA,A121,-3.13333333,-58.48277777,41.54
963,2019-06-10,12:00,0.0,1009.2,1009.2,1008.3,824,27.4,23.6,28.2,25.7,24.1,23.2,88,77,80,262,1.8,0.2,N,AM,ITACOATIARA,A121,-3.13333333,-58.48277777,41.54
964,2019-06-10,16:00,0.0,1007.9,1008.8,1007.9,2505,31.3,24.3,31.3,29.9,25.0,23.8,73,66,67,270,4.3,1.5,N,AM,ITACOATIARA,A121,-3.13333333,-58.48277777,41.54
965,2019-06-10,20:00,0.0,1004.7,1005.1,1004.5,1153,30.2,22.8,31.5,30.2,23.5,21.9,65,59,65,264,4.4,1.5,N,AM,ITACOATIARA,A121,-3.13333333,-58.48277777,41.54
966,2019-06-11,00:00,0.0,1006.7,1006.7,1006.1,0,26.6,23.2,27.3,26.6,23.6,22.7,83,76,82,288,0.7,0.1,N,AM,ITACOATIARA,A121,-3.13333333,-58.48277777,41.54
967,2019-06-11,04:00,0.0,1007.3,1007.6,1007.3,0,25.8,24.1,25.9,25.7,24.3,23.9,91,89,90,343,1.7,0.9,N,AM,ITACOATIARA,A121,-3.13333333,-58.48277777,41.54
968,2019-06-11,08:00,0.0,1006.4,1006.5,1006.3,0,25.3,23.9,25.4,25.2,24.0,23.9,92,92,92,312,0.8,0.3,N,AM,ITACOATIARA,A121,-3.13333333,-58.48277777,41.54
969,2019-06-11,12:00,0.0,1008.8,1008.8,1007.8,457,26.9,24.9,26.9,25.5,24.9,24.2,92,88,89,294,1.6,0.3,N,AM,ITACOATIARA,A121,-3.13333333,-58.48277777,41.54
970,2019-06-11,16:00,0.0,1007.5,1008.2,1007.5,962,29.4,25.0,30.1,29.0,25.6,24.2,79,72,77,261,3.6,0.5,N,AM,ITACOATIARA,A121,-3.13333333,-58.48277777,41.54
971,2019-06-11,20:00,0.0,1003.8,1004.2,1003.8,1265,31.3,23.7,32.1,30.4,25.3,23.6,70,63,64,235,2.5,0.4,N,AM,ITACOATIARA,A121,-3.13333333,-58.48277777,41.54
972,2019-06-12,00:00,0.0,1006.3,1006.4,1005.7,0,26.2,23.4,26.2,25.9,23.7,23.4,87,85,85,240,0.9,0.0,N,AM,ITACOATIARA,A121,-3.13333333,-58.48277777,41.54
973,2019-06-12,04:00,0.0,1006.7,1007.5,1006.7,0,25.9,23.7,25.9,25.4,23.7,23.4,89,88,88,274,0.8,0.0,N,AM,ITACOATIARA,A121,-3.13333333,-58.48277777,41.54
974,2019-06-12,08:00,0.0,1006.0,1006.5,1005.8,0,23.9,22.5,25.0,23.4,23.3,21.6,92,90,92,321,6.1,0.8,N,AM,ITACOATIARA,A121,-3.13333333,-58.48277777,41.54
975,2019-06-12,12:00,0.0,1008.9,1008.9,1007.5,374,25.7,23.6,25.7,24.6,23.6,22.8,91,88,88,284,2.4,0.4,N,AM,ITACOATIARA,A121,-3.13333333,-58.48277777,41.54
976,2019-06-12,16:00,0.0,1008.4,1009.3,1008.4,1949,28.7,24.6,29.2,26.8,25.3,24.0,86,76,79,270,5.0,0.9,N,AM,ITACOATIARA,A121,-3.13333333,-58.48277777,41.54
977,2019-06-12,20:00,0.0,1005.4,1005.5,1005.1,994,29.2,22.8,29.7,28.8,24.0,22.8,73,68,68,220,1.9,0.2,N,AM,ITACOATIARA,A121,-3.13333333,-58.48277777,41.54
978,2019-06-13,00:00,0.0,1007.8,1007.8,1006.7,0,25.7,23.8,26.1,25.5,23.9,23.4,90,86,89,283,0.9,0.1,N,AM,ITACOATIARA,A121,-3.13333333,-58.48277777,41.54
979,2019-06-13,04:00,0.0,1007.8,1008.5,1007.8,0,25.0,23.5,25.2,24.9,23.7,23.5,92,91,92,297,1.5,0.3,N,AM,ITACOATIARA,A121,-3.13333333,-58.48277777,41.54
980,2019-06-13,08:00,0.0,1007.1,1007.9,1006.9,0,23.1,21.9,24.8,22.7,23.5,21.1,94,87,93,233,8.2,0.2,N,AM,ITACOATIARA,A121,-3.13333333,-58.48277777,41.54
981,2019-06-13,12:00,0.0,1009.3,1009.3,1008.4,554,25.9,23.6,26.1,24.4,23.6,23.0,91,85,87,299,1.7,0.8,N,AM,ITACOATIARA,A121,-3.13333333,-58.48277777,41.54
982,2019-06-13,16:00,0.0,1008.6,1009.6,1008.6,1848,29.3,24.0,30.0,28.3,25.1,23.6,81,70,73,236,2.4,0.9,N,AM,ITACOATIARA,A121,-3.13333333,-58.48277777,41.54
983,2019-06-13,20:00,0.0,1005.7,1006.1,1005.7,1248,30.3,24.1,31.3,29.8,25.1,23.5,73,66,70,261,2.9,0.7,N,AM,ITACOATIARA,A121,-3.13333333,-58.48277777,41.54
984,2019-06-14,00:00,0.0,1007.8,1007.8,1006.9,0,25.9,22.9,26.9,25.8,23.3,22.8,84,79,84,228,0.8,0.0,N,AM,ITACOATIARA,A121,-3.13333333,-58.48277777,41.54
985,2019-06-14,04:00,0.0,1008.5,1008.9,1008.4,0,24.9,23.2,25.0,24.9,23.3,23.1,90,89,90,301,1.1,0.2,N,AM,ITACOATIARA,A121,-3.13333333,-58.48277777,41.54
986,2019-06-14,08:00,0.0,1007.4,1007.5,1007.3,0,24.3,22.9,24.5,24.2,23.3,22.9,93,92,92,307,1.5,0.7,N,AM,ITACOATIARA,A121,-3.13333333,-58.48277777,41.54
987,2019-06-14,12:00,0.0,1009.1,1009.1,1008.5,695,28.0,23.6,28.1,26.3,24.1,23.3,86,77,77,223,0.6,0.0,N,AM,ITACOATIARA,A121,-3.13333333,-58.48277777,41.54
988,2019-06-14,16:00,0.0,1008.3,1009.1,1008.3,2634,29.6,24.5,30.9,29.2,25.2,23.5,77,68,74,222,3.4,1.4,N,AM,ITACOATIARA,A121,-3.13333333,-58.48277777,41.54
989,2019-06-14,20:00,0.0,1005.2,1005.5,1005.1,1172,30.6,23.7,31.2,30.2,24.2,23.1,70,64,67,201,2.3,0.6,N,AM,ITACOATIARA,A121,-3.13333333,-58.48277777,41.54
990,2019-06-15,00:00,0.0,1006.8,1006.8,1006.1,0,27.7,24.8,27.8,27.5,24.9,24.4,85,83,84,266,0.5,0.0,N,AM,ITACOATIARA,A121,-3.13333333,-58.48277777,41.54
991,2019-06-15,04:00,0.0,1007.7,1008.0,1007.7,0,25.9,23.7,26.2,25.9,24.1,23.6,88,87,87,305,2.9,1.8,N,AM,ITACOATIARA,A121,-3.13333333,-58.48277777,41.54
992,2019-06-15,08:00,6.2,1007.1,1007.8,1006.0,0,22.5,21.0,25.2,22.4,23.6,20.8,92,83,91,275,9.1,0.5,N,AM,ITACOATIARA,A121,-3.13333333,-58.48277777,41.54
993,2019-06-15,12:00,0.0,1009.1,1009.1,1007.9,658,25.8,23.6,25.8,24.4,23.6,22.0,89,85,88,293,2.9,1.2,N,AM,ITACOATIARA,A121,-3.13333333,-58.48277777,41.54
994,2019-06-15,16:00,0.0,1007.2,1008.5,1007.2,2132,30.3,24.1,31.2,29.8,25.6,23.4,77,66,69,236,2.6,0.6,N,AM,ITACOATIARA,A121,-3.13333333,-58.48277777,41.54
995,2019-06-15,20:00,0.0,1005.4,1005.8,1005.3,213,25.1,23.1,25.1,24.6,23.6,23.0,91,89,89,239,1.1,0.0,N,AM,ITACOATIARA,A121,-3.13333333,-58.48277777,41.54
996,2019-06-16,00:00,0.0,1007.6,1007.6,1006.7,0,24.8,23.5,24.8,24.6,23.5,23.3,93,92,92,273,2.4,0.6,N,AM,ITACOATIARA,A121,-3.13333333,-58.48277777,41.54
997,2019-06-16,04:00,0.0,1007.5,1008.1,1007.5,0,24.1,23.0,24.5,24.1,23.3,23.0,94,93,94,303,1.5,0.2,N,AM,ITACOATIARA,A121,-3.13333333,-58.48277777,41.54
998,2019-06-16,08:00,0.0,1007.2,1007.3,1007.0,0,24.0,23.2,24.2,24.0,23.3,23.1,95,94,95,342,2.5,1.0,N,AM,ITACOATIARA,A121,-3.13333333,-58.48277777,41.54
999,2019-06-16,12:00,0.0,1009.5,1009.5,1008.5,736,27.1,25.1,27.1,24.1,25.4,23.3,95,89,89,277,1.3,0.3,N,AM,ITACOATIARA,A121,-3.13333333,-58.48277777,41.54
1000,2019-06-16,16:00,0.0,1008.5,1009.1,1008.5,2096,30.4,25.2,30.8,29.1,26.3,24.1,81,70,74,240,4.3,0.6,N,AM,ITACOATIARA,A121,-3.13333333,-58.48277777,41.54
1001,2019-06-16,20:00,4.4,1006.7,1006.7,1005.6,627,25.9,23.7,27.9,25.9,24.2,23.2,88,77,88,233,4.4,1.3,N,AM,ITACOATIARA,A121,-3.13333333,-58.48277777,41.54
1002,2019-06-17,00:00,0.0,1008.0,1008.0,1007.2,0,24.9,23.4,24.9,24.7,23.5,23.2,92,91,91,297,2.8,1.2,N,AM,ITACOATIARA,A121,-3.13333333,-58.48277777,41.54
1003,2019-06-17,04:00,0.0,1008.2,1008.7,1008.2,0,25.7,24.3,25.7,25.4,24.4,24.1,93,92,92,297,1.1,0.0,N,AM,ITACOATIARA,A121,-3.13333333,-58.48277777,41.54
1004,2019-06-17,08:00,0.0,1007.9,1007.9,1007.7,0,25.3,23.9,25.4,25.2,24.1,23.9,93,92,92,305,2.1,0.7,N,AM,ITACOATIARA,A121,-3.13333333,-58.48277777,41.54
1005,2019-06-17,12:00,0.0,1010.0,1010.0,1009.2,745,27.6,24.7,28.3,26.1,25.1,24.2,89,81,84,199,1.5,0.3,N,AM,ITACOATIARA,A121,-3.13333333,-58.48277777,41.54
1006,2019-06-17,16:00,0.0,1008.8,1009.6,1008.8,2169,30.3,24.4,30.9,29.4,25.2,23.9,76,69,71,221,3.3,0.9,N,AM,ITACOATIARA,A121,-3.13333333,-58.48277777,41.54
1007,2019-06-17,20:00,0.0,1006.2,1006.4,1006.1,1437,31.3,23.5,31.9,31.1,24.2,22.5,66,59,63,208,2.4,0.5,N,AM,ITACOATIARA,A121,-3.13333333,-58.48277777,41.54
1008,2019-06-18,00:00,0.0,1007.9,1007.9,1007.0,0,26.6,24.2,27.1,26.6,24.2,24.0,87,83,86,301,0.8,0.2,N,AM,ITACOATIARA,A121,-3.13333333,-58.48277777,41.54
1009,2019-06-18,04:00,0.0,1008.9,1009.1,1008.9,0,26.2,24.0,26.6,26.2,24.2,24.0,88,86,88,303,1.7,0.6,N,AM,ITACOATIARA,A121,-3.13333333,-58.48277777,41.54
1010,2019-06-18,08:00,0.0,1007.6,1007.7,1007.5,0,25.2,23.8,25.3,25.1,23.9,23.7,92,92,92,300,0.7,0.0,N,AM,ITACOATIARA,A121,-3.13333333,-58.48277777,41.54
1011,2019-06-18,12:00,0.0,1009.2,1009.2,1008.6,810,28.3,24.7,28.6,26.2,25.3,23.6,86,81,81,295,1.6,0.3,N,AM,ITACOATIARA,A121,-3.13333333,-58.48277777,41.54
1012,2019-06-18,16:00,0.0,1007.6,1008.3,1007.6,1292,31.2,25.5,31.2,29.3,26.3,24.3,77,71,72,228,2.6,0.6,N,AM,ITACOATIARA,A121,-3.13333333,-58.48277777,41.54
1013,2019-06-18,20:00,0.0,1004.6,1005.0,1004.6,1475,31.1,23.9,31.7,30.9,24.7,23.2,69,62,65,219,2.2,0.5,N,AM,ITACOATIARA,A121,-3.13333333,-58.48277777,41.54
1014,2019-06-19,00:00,0.0,1006.8,1006.8,1005.9,0,27.4,24.5,27.8,27.3,24.6,24.4,84,82,84,323,0.7,0.0,N,AM,ITACOATIARA,A121,-3.13333333,-58.48277777,41.54
1015,2019-06-19,04:00,0.0,1008.4,1008.8,1008.4,0,25.8,24.0,26.1,25.6,24.1,23.5,90,87,90,327,1.0,0.2,N,AM,ITACOATIARA,A121,-3.13333333,-58.48277777,41.54
1016,2019-06-19,08:00,0.0,1007.5,1007.6,1007.4,0,25.1,23.4,25.4,25.1,23.6,23.3,91,89,90,274,1.4,0.0,N,AM,ITACOATIARA,A121,-3.13333333,-58.48277777,41.54
1017,2019-06-19,12:00,0.0,1009.7,1009.7,1008.9,839,28.5,24.3,28.9,27.4,24.6,23.9,83,75,78,261,2.7,0.7,N,AM,ITACOATIARA,A121,-3.13333333,-58.48277777,41.54
1018,2019-06-19,16:00,0.0,1008.5,1009.3,1008.5,2388,31.4,25.5,31.6,29.9,26.0,24.5,74,69,71,231,3.0,1.1,N,AM,ITACOATIARA,A121,-3.13333333,-58.48277777,41.54
1019,2019-06-19,20:00,0.0,1006.6,1006.9,1006.4,438,26.8,24.1,26.9,25.5,24.5,23.4,88,85,85,274,2.8,0.2,N,AM,ITACOATIARA,A121,-3.13333333,-58.48277777,41.54
1020,2019-06-20,00:00,0.0,1008.3,1008.3,1007.7,0,25.8,24.1,26.2,25.8,24.4,24.1,91,90,90,303,1.2,0.0,N,AM,ITACOATIARA,A121,-3.13333333,-58.48277777,41.54
1021,2019-06-20,04:00,0.0,1009.4,1009.6,1009.4,0,25.4,23.8,25.9,25.4,24.0,23.7,91,89,91,302,1.1,0.0,N,AM,ITACOATIARA,A121,-3.13333333,-58.48277777,41.54
1022,2019-06-20,08:00,0.0,1008.3,1008.4,1008.2,0,24.8,23.5,25.1,24.8,23.8,23.5,93,91,93,277,1.1,0.0,N,AM,ITACOATIARA,A121,-3.13333333,-58.48277777,41.54
1023,2019-06-20,12:00,0.0,1010.3,1010.3,1009.6,835,28.2,24.2,28.2,26.5,24.8,23.9,89,79,79,248,3.1,0.8,N,AM,ITACOATIARA,A121,-3.13333333,-58.48277777,41.54
1024,2019-06-20,16:00,0.0,1009.9,1010.4,1009.9,2133,29.7,23.9,31.0,29.3,25.8,23.4,76,66,71,246,4.8,0.5,N,AM,ITACOATIARA,A121,-3.13333333,-58.48277777,41.54
1025,2019-06-20,20:00,0.0,1006.2,1006.7,1006.2,1477,31.9,23.5,32.3,31.5,24.3,22.6,64,58,61,270,5.2,1.5,N,AM,ITACOATIARA,A121,-3.13333333,-58.48277777,41.54
1026,2019-06-21,00:00,0.6,1009.0,1009.1,1008.4,0,25.5,23.3,27.0,25.1,23.4,22.7,90,78,87,287,7.8,0.3,N,AM,ITACOATIARA,A121,-3.13333333,-58.48277777,41.54
1027,2019-06-21,04:00,0.0,1009.3,1009.4,1009.2,0,25.1,23.5,25.2,25.0,23.6,23.2,91,89,91,299,0.7,0.1,N,AM,ITACOATIARA,A121,-3.13333333,-58.48277777,41.54
1028,2019-06-21,08:00,0.0,1008.1,1008.3,1008.0,0,26.3,23.5,26.3,25.3,24.2,23.5,92,85,85,223,1.4,0.2,N,AM,ITACOATIARA,A121,-3.13333333,-58.48277777,41.54
1029,2019-06-21,12:00,0.0,1009.9,1009.9,1009.4,803,28.0,24.0,28.2,26.6,24.4,23.3,87,76,79,224,2.1,0.4,N,AM,ITACOATIARA,A121,-3.13333333,-58.48277777,41.54
1030,2019-06-21,16:00,0.0,1009.6,1010.2,1009.6,2005,30.2,24.1,30.4,29.3,24.8,23.4,74,69,70,228,3.0,0.4,N,AM,ITACOATIARA,A121,-3.13333333,-58.48277777,41.54
1031,2019-06-21,20:00,0.0,1006.6,1006.7,1006.4,1408,31.0,23.1,32.0,30.8,24.8,22.9,68,59,63,269,3.3,0.9,N,AM,ITACOATIARA,A121,-3.13333333,-58.48277777,41.54
1032,2019-06-22,00:00,0.0,1009.6,1009.6,1008.3,0,25.7,23.7,26.0,25.7,24.1,23.6,90,88,89,308,2.8,0.6,N,AM,ITACOATIARA,A121,-3.13333333,-58.48277777,41.54
1033,2019-06-22,04:00,0.0,1010.5,1010.8,1010.5,0,25.1,23.4,25.8,25.1,23.5,23.2,90,86,90,306,1.4,0.2,N,AM,ITACOATIARA,A121,-3.13333333,-58.48277777,41.54
1034,2019-06-22,08:00,0.0,1009.2,1009.4,1009.1,0,24.0,22.8,24.2,23.9,22.8,22.5,93,90,93,222,1.2,0.0,N,AM,ITACOATIARA,A121,-3.13333333,-58.48277777,41.54
1035,2019-06-22,12:00,0.0,1010.8,1010.8,1010.2,825,28.0,24.0,28.4,26.1,24.4,23.5,89,77,79,261,1.3,0.2,N,AM,ITACOATIARA,A121,-3.13333333,-58.48277777,41.54
1036,2019-06-22,16:00,0.0,1010.4,1011.0,1010.4,1708,30.4,24.9,30.4,28.9,25.6,24.0,78,71,73,273,4.0,1.0,N,AM,ITACOATIARA,A121,-3.13333333,-58.48277777,41.54
1037,2019-06-22,20:00,0.0,1007.3,1008.0,1007.3,872,29.6,24.5,29.6,29.1,24.8,23.9,76,73,74,271,3.1,1.1,N,AM,ITACOATIARA,A121,-3.13333333,-58.48277777,41.54
1038,2019-06-23,00:00,0.0,1009.4,1009.4,1008.5,0,27.1,25.0,27.7,26.7,25.8,24.6,90,86,89,260,2.0,0.0,N,AM,ITACOATIARA,A121,-3.13333333,-58.48277777,41.54
1039,2019-06-23,04:00,0.0,1010.7,1011.0,1010.7,0,26.1,24.8,26.3,26.1,24.9,24.7,93,91,93,340,0.6,0.0,N,AM,ITACOATIARA,A121,-3.13333333,-58.48277777,41.54
1040,2019-06-23,08:00,0.0,1009.0,1009.1,1008.9,0,25.3,23.9,25.7,25.1,24.5,23.8,93,91,92,333,1.4,0.4,N,AM,ITACOATIARA,A121,-3.13333333,-58.48277777,41.54
1041,2019-06-23,12:00,0.0,1010.8,1010.8,1010.3,719,26.6,25.2,26.6,24.7,25.4,23.9,95,92,92,300,1.6,0.6,N,AM,ITACOATIARA,A121,-3.13333333,-58.48277777,41.54
1042,2019-06-23,16:00,0.0,1010.0,1010.9,1010.0,1673,30.1,24.2,30.6,28.6,25.0,23.4,78,68,71,225,2.5,1.2,N,AM,ITACOATIARA,A121,-3.13333333,-58.48277777,41.54
1043,2019-06-23,20:00,0.0,1006.5,1006.8,1006.5,1243,31.2,22.7,32.1,30.9,24.7,22.3,66,56,61,230,2.5,0.2,N,AM,ITACOATIARA,A121,-3.13333333,-58.48277777,41.54
1044,2019-06-24,00:00,0.0,1007.3,1007.3,1006.8,0,26.6,23.4,27.0,26.6,23.5,23.1,82,79,82,302,1.8,1.0,N,AM,ITACOATIARA,A121,-3.13333333,-58.48277777,41.54
1045,2019-06-24,04:00,0.0,1007.8,1007.9,1007.8,0,25.3,23.5,25.5,25.2,23.6,23.2,90,88,90,301,2.1,1.1,N,AM,ITACOATIARA,A121,-3.13333333,-58.48277777,41.54
1046,2019-06-24,08:00,0.0,1006.5,1006.5,1006.4,0,24.3,22.8,24.7,24.2,23.0,22.8,92,90,91,305,2.3,1.6,N,AM,ITACOATIARA,A121,-3.13333333,-58.48277777,41.54
1047,2019-06-24,12:00,0.0,1008.4,1008.5,1007.7,732,26.6,23.7,27.1,25.0,23.9,22.8,88,82,84,296,2.7,1.4,N,AM,ITACOATIARA,A121,-3.13333333,-58.48277777,41.54
1048,2019-06-24,16:00,0.0,1007.7,1008.4,1007.7,1815,29.8,23.6,30.9,28.9,24.7,23.1,74,63,69,237,3.1,0.5,N,AM,ITACOATIARA,A121,-3.13333333,-58.48277777,41.54
1049,2019-06-24,20:00,0.0,1005.1,1005.2,1005.1,1191,30.1,22.8,31.5,30.1,23.3,21.4,67,57,65,203,1.9,0.1,N,AM,ITACOATIARA,A121,-3.13333333,-58.48277777,41.54
1050,2019-06-25,00:00,0.0,1005.9,1005.9,1005.2,0,26.0,22.6,26.6,26.0,23.2,22.6,83,81,82,302,0.0,0.0,N,AM,ITACOATIARA,A121,-3.13333333,-58.48277777,41.54
1051,2019-06-25,04:00,0.0,1006.6,1006.7,1006.5,0,26.2,24.0,26.3,25.9,24.1,23.6,89,87,88,334,0.7,0.0,N,AM,ITACOATIARA,A121,-3.13333333,-58.48277777,41.54
1052,2019-06-25,08:00,0.0,1005.5,1005.8,1005.4,0,26.4,23.8,27.1,26.0,24.4,23.5,88,83,86,207,1.1,0.1,N,AM,ITACOATIARA,A121,-3.13333333,-58.48277777,41.54
1053,2019-06-25,12:00,0.0,1008.5,1008.6,1008.1,291,25.3,23.0,25.3,24.4,23.1,22.4,90,87,88,222,2.5,0.1,N,AM,ITACOATIARA,A121,-3.13333333,-58.48277777,41.54
1054,2019-06-25,16:00,0.0,1007.3,1008.3,1007.3,2406,29.3,23.1,29.3,27.8,23.2,21.5,72,66,69,219,2.8,1.0,N,AM,ITACOATIARA,A121,-3.13333333,-58.48277777,41.54
1055,2019-06-25,20:00,0.0,1004.5,1004.6,1004.3,983,29.9,23.0,31.1,29.9,23.2,22.2,67,60,67,274,3.6,0.8,N,AM,ITACOATIARA,A121,-3.13333333,-58.48277777,41.54
1056,2019-06-26,00:00,0.0,1006.4,1006.4,1005.7,0,26.6,23.4,26.8,26.5,23.7,23.3,83,82,83,304,1.6,0.9,N,AM,ITACOATIARA,A121,-3.13333333,-58.48277777,41.54
1057,2019-06-26,04:00,0.0,1007.2,1007.3,1007.2,0,25.3,23.8,25.5,25.3,23.9,23.8,92,90,91,310,2.2,0.9,N,AM,ITACOATIARA,A121,-3.13333333,-58.48277777,41.54
1058,2019-06-26,08:00,0.0,1006.3,1006.3,1006.2,0,24.7,23.3,24.8,24.7,23.4,23.2,92,91,92,315,1.8,0.3,N,AM,ITACOATIARA,A121,-3.13333333,-58.48277777,41.54
1059,2019-06-26,12:00,0.0,1008.8,1008.8,1007.8,342,26.0,23.9,26.0,24.9,24.1,23.5,92,88,88,303,2.0,0.9,N,AM,ITACOATIARA,A121,-3.13333333,-58.48277777,41.54
1060,2019-06-26,16:00,0.0,1007.7,1008.7,1007.7,2315,30.7,23.9,31.7,30.1,25.0,23.4,72,64,67,239,3.7,0.8,N,AM,ITACOATIARA,A121,-3.13333333,-58.48277777,41.54
1061,2019-06-26,20:00,0.0,1004.7,1004.7,1004.2,1451,29.6,23.5,29.6,27.5,24.8,23.3,82,70,70,280,5.7,1.5,N,AM,ITACOATIARA,A121,-3.13333333,-58.48277777,41.54
1062,2019-06-27,00:00,0.0,1006.5,1006.5,1005.6,0,26.0,23.3,26.4,26.0,23.5,23.2,85,83,85,305,3.0,1.9,N,AM,ITACOATIARA,A121,-3.13333333,-58.48277777,41.54
1063,2019-06-27,04:00,0.0,1007.6,1007.7,1007.6,0,25.3,23.7,25.4,25.2,23.7,23.6,91,90,91,305,2.7,1.2,N,AM,ITACOATIARA,A121,-3.13333333,-58.48277777,41.54
1064,2019-06-27,08:00,0.0,1006.1,1006.1,1005.7,0,24.2,23.0,24.4,24.2,23.2,22.9,93,93,93,305,2.7,1.5,N,AM,ITACOATIARA,A121,-3.13333333,-58.48277777,41.54
1065,2019-06-27,12:00,0.0,1008.2,1008.2,1007.3,711,26.9,24.3,27.5,25.0,24.6,23.6,91,81,85,220,1.3,0.3,N,AM,ITACOATIARA,A121,-3.13333333,-58.48277777,41.54
1066,2019-06-27,16:00,0.0,1007.1,1007.7,1007.0,2100,31.5,24.4,31.8,30.2,24.6,23.6,70,63,66,276,6.3,2.2,N,AM,ITACOATIARA,A121,-3.13333333,-58.48277777,41.54
1067,2019-06-27,20:00,0.0,1004.1,1004.3,1004.1,1476,31.8,24.0,32.6,31.5,24.3,23.0,64,58,63,274,4.5,1.9,N,AM,ITACOATIARA,A121,-3.13333333,-58.48277777,41.54
1068,2019-06-28,00:00,0.0,1005.4,1005.5,1004.9,0,27.9,24.0,28.1,27.9,24.1,24.0,80,78,79,293,3.7,1.4,N,AM,ITACOATIARA,A121,-3.13333333,-58.48277777,41.54
1069,2019-06-28,04:00,0.0,1006.2,1006.7,1006.2,0,26.3,24.1,27.1,26.3,24.2,24.0,88,83,88,304,2.8,0.9,N,AM,ITACOATIARA,A121,-3.13333333,-58.48277777,41.54
1070,2019-06-28,08:00,0.0,1005.1,1005.3,1005.1,0,25.1,23.5,25.4,25.1,23.7,23.5,91,90,91,307,2.6,1.3,N,AM,ITACOATIARA,A121,-3.13333333,-58.48277777,41.54
1071,2019-06-28,12:00,0.0,1007.5,1007.5,1006.9,819,28.2,24.7,28.2,25.8,24.8,23.8,89,81,82,293,2.8,1.2,N,AM,ITACOATIARA,A121,-3.13333333,-58.48277777,41.54
1072,2019-06-28,16:00,0.0,1007.1,1007.5,1007.1,1049,30.3,23.2,31.2,30.1,24.0,23.0,68,63,66,234,4.6,0.7,N,AM,ITACOATIARA,A121,-3.13333333,-58.48277777,41.54
1073,2019-06-28,20:00,0.0,1004.4,1004.7,1004.4,1566,31.9,22.3,32.9,31.8,23.1,21.1,59,51,57,272,4.8,1.8,N,AM,ITACOATIARA,A121,-3.13333333,-58.48277777,41.54
1074,2019-06-29,00:00,0.0,1005.9,1005.9,1005.1,0,28.1,24.2,28.5,28.0,24.3,23.5,80,74,80,286,1.7,0.6,N,AM,ITACOATIARA,A121,-3.13333333,-58.48277777,41.54
1075,2019-06-29,04:00,0.0,1006.3,1006.6,1006.3,0,27.2,24.0,27.5,27.2,24.1,23.9,83,81,83,281,2.1,0.7,N,AM,ITACOATIARA,A121,-3.13333333,-58.48277777,41.54
1076,2019-06-29,08:00,0.0,1005.2,1005.2,1004.9,0,25.6,24.1,26.0,25.6,24.4,24.1,92,90,91,299,0.9,0.0,N,AM,ITACOATIARA,A121,-3.13333333,-58.48277777,41.54
1077,2019-06-29,12:00,0.0,1007.2,1007.2,1006.6,576,28.0,24.8,28.0,26.0,24.9,24.0,89,82,83,309,1.3,0.3,N,AM,ITACOATIARA,A121,-3.13333333,-58.48277777,41.54
1078,2019-06-29,16:00,0.0,1006.2,1007.0,1006.2,1179,29.8,24.3,31.7,29.8,25.1,23.8,73,66,73,234,3.2,0.4,N,AM,ITACOATIARA,A121,-3.13333333,-58.48277777,41.54
1079,2019-06-29,20:00,0.0,1003.0,1003.3,1002.9,1444,31.3,22.9,31.7,30.8,23.6,22.1,64,57,61,225,1.8,0.6,N,AM,ITACOATIARA,A121,-3.13333333,-58.48277777,41.54
1080,2019-06-30,00:00,0.0,1005.7,1005.7,1004.7,0,26.9,23.4,27.5,26.9,23.5,23.2,81,77,81,308,0.7,0.1,N,AM,ITACOATIARA,A121,-3.13333333,-58.48277777,41.54
1081,2019-06-30,04:00,0.0,1006.3,1006.7,1006.3,0,26.3,24.3,26.7,26.3,24.5,24.3,89,88,89,300,1.7,1.1,N,AM,ITACOATIARA,A121,-3.13333333,-58.48277777,41.54
1082,2019-06-30,08:00,0.0,1004.7,1004.7,1004.5,0,25.3,23.9,25.5,25.2,23.9,23.8,92,91,92,300,0.0,0.0,N,AM,ITACOATIARA,A121,-3.13333333,-58.48277777,41.54
1083,2019-06-30,12:00,0.0,1007.3,1007.3,1006.8,753,28.1,24.6,28.2,26.4,24.8,24.0,87,81,81,303,1.8,0.4,N,AM,ITACOATIARA,A121,-3.13333333,-58.48277777,41.54
1084,2019-06-30,16:00,0.0,1006.5,1007.3,1006.5,2315,31.6,23.9,31.9,30.6,24.2,22.9,67,62,64,217,2.8,1.3,N,AM,ITACOATIARA,A121,-3.13333333,-58.48277777,41.54
1085,2019-06-30,20:00,0.0,1003.0,1003.3,1002.9,1425,31.8,22.7,33.1,31.6,23.6,22.4,61,55,59,205,3.4,0.4,N,AM,ITACOATIARA,A121,-3.13333333,-58.48277777,41.54
1086,2019-07-01,00:00,0.0,1005.3,1005.4,1004.7,0,27.4,23.9,28.0,27.4,24.6,23.7,83,79,81,298,4.5,1.2,N,AM,ITACOATIARA,A121,-3.13333333,-58.48277777,41.54
1087,2019-07-01,04:00,0.0,1006.6,1006.7,1006.6,0,25.7,23.6,25.9,25.6,23.8,23.6,89,88,88,302,1.4,0.0,N,AM,ITACOATIARA,A121,-3.13333333,-58.48277777,41.54
1088,2019-07-01,08:00,0.0,1005.8,1005.8,1005.5,0,24.9,23.1,25.1,24.9,23.3,23.1,90,89,90,312,0.6,0.0,N,AM,ITACOATIARA,A121,-3.13333333,-58.48277777,41.54
1089,2019-07-01,12:00,0.0,1008.0,1008.0,1007.3,689,28.6,24.1,28.9,26.7,24.8,23.7,85,75,77,243,0.8,0.0,N,AM,ITACOATIARA,A121,-3.13333333,-58.48277777,41.54
1090,2019-07-01,16:00,0.0,1007.3,1007.9,1007.3,2258,30.8,23.1,31.7,30.7,24.4,22.4,66,60,64,223,2.8,0.9,N,AM,ITACOATIARA,A121,-3.13333333,-58.48277777,41.54
1091,2019-07-01,20:00,0.0,1004.0,1004.5,1004.0,1447,31.8,21.1,33.0,31.6,22.1,20.3,54,50,53,198,2.6,0.5,N,AM,ITACOATIARA,A121,-3.13333333,-58.48277777,41.54
1092,2019-07-02,00:00,0.0,1005.1,1005.1,1004.5,0,26.8,22.8,27.5,26.7,23.0,22.4,80,73,79,309,0.0,0.0,N,AM,ITACOATIARA,A121,-3.13333333,-58.48277777,41.54
1093,2019-07-02,04:00,0.0,1005.9,1006.1,1005.9,0,25.8,22.5,26.0,25.7,22.6,22.4,83,81,82,323,1.5,0.2,N,AM,ITACOATIARA,A121,-3.13333333,-58.48277777,41.54
1094,2019-07-02,08:00,0.0,1004.7,1004.7,1004.3,0,25.4,22.5,25.8,25.1,22.5,22.2,84,81,84,327,1.9,0.3,N,AM,ITACOATIARA,A121,-3.13333333,-58.48277777,41.54
1095,2019-07-02,12:00,0.0,1007.0,1007.2,1006.2,306,25.8,23.9,25.9,25.3,24.1,22.6,90,83,89,315,5.7,1.5,N,AM,ITACOATIARA,A121,-3.13333333,-58.48277777,41.54
1096,2019-07-02,16:00,0.0,1006.4,1007.1,1006.4,1796,29.9,22.9,30.5,29.5,23.8,22.1,71,63,66,281,3.0,0.5,N,AM,ITACOATIARA,A121,-3.13333333,-58.48277777,41.54
1097,2019-07-02,20:00,0.0,1004.3,1004.5,1004.0,424,25.9,21.8,26.9,25.6,23.2,21.8,85,78,79,299,5.2,1.0,N,AM,ITACOATIARA,A121,-3.13333333,-58.48277777,41.54
1098,2019-07-03,00:00,0.0,1005.2,1005.2,1004.7,0,24.7,23.0,24.9,24.7,23.1,22.7,91,88,91,309,2.7,0.6,N,AM,ITACOATIARA,A121,-3.13333333,-58.48277777,41.54
1099,2019-07-03,04:00,0.0,1005.5,1005.8,1005.5,0,24.2,22.3,24.5,24.2,23.1,22.3,92,89,89,325,4.1,1.2,N,AM,ITACOATIARA,A121,-3.13333333,-58.48277777,41.54
1100,2019-07-03,08:00,0.0,1004.3,1004.3,1004.0,0,23.3,21.8,23.7,23.2,21.9,21.6,91,89,91,224,1.5,0.0,N,AM,ITACOATIARA,A121,-3.13333333,-58.48277777,41.54
1101,2019-07-03,12:00,0.0,1006.5,1006.5,1005.8,292,24.4,22.5,24.5,23.8,22.6,21.8,91,86,89,303,3.4,1.7,N,AM,ITACOATIARA,A121,-3.13333333,-58.48277777,41.54
1102,2019-07-03,16:00,0.0,1005.6,1006.4,1005.6,2526,31.6,22.8,32.1,30.5,23.8,21.4,65,56,60,306,5.3,1.2,N,AM,ITACOATIARA,A121,-3.13333333,-58.48277777,41.54
1103,2019-07-03,20:00,0.0,1003.1,1003.4,1003.1,949,31.0,22.5,31.5,29.3,24.3,22.5,71,59,61,297,3.5,1.3,N,AM,ITACOATIARA,A121,-3.13333333,-58.48277777,41.54
1104,2019-07-04,00:00,0.0,1005.0,1005.0,1004.1,0,26.5,23.4,27.2,26.5,23.4,23.0,83,78,83,283,1.2,0.2,N,AM,ITACOATIARA,A121,-3.13333333,-58.48277777,41.54
1105,2019-07-04,04:00,0.0,1006.3,1006.3,1006.2,0,25.6,23.8,26.2,25.6,24.0,23.8,90,88,90,300,1.6,0.8,N,AM,ITACOATIARA,A121,-3.13333333,-58.48277777,41.54
1106,2019-07-04,08:00,0.0,1005.1,1005.4,1005.1,0,24.8,23.1,25.1,24.8,23.3,23.1,91,89,91,299,1.7,0.8,N,AM,ITACOATIARA,A121,-3.13333333,-58.48277777,41.54
1107,2019-07-04,12:00,0.0,1006.8,1006.8,1006.0,804,26.8,23.6,27.2,25.5,24.1,23.2,89,81,83,240,2.1,0.6,N,AM,ITACOATIARA,A121,-3.13333333,-58.48277777,41.54
1108,2019-07-04,16:00,0.0,1006.8,1007.2,1006.8,2656,31.2,22.7,31.7,30.3,24.8,21.6,71,57,61,255,6.0,2.3,N,AM,ITACOATIARA,A121,-3.13333333,-58.48277777,41.54
1109,2019-07-04,20:00,0.0,1004.5,1004.8,1004.4,495,27.6,22.7,30.6,27.6,24.3,22.2,75,67,74,231,7.0,1.0,N,AM,ITACOATIARA,A121,-3.13333333,-58.48277777,41.54
1110,2019-07-05,00:00,0.0,1006.9,1006.9,1005.6,0,25.9,23.3,26.5,25.9,23.5,23.0,86,82,86,333,3.6,0.3,N,AM,ITACOATIARA,A121,-3.13333333,-58.48277777,41.54
1111,2019-07-05,04:00,0.0,1008.8,1008.8,1008.5,0,25.2,23.3,25.6,25.1,23.7,23.3,91,89,90,218,0.6,0.0,N,AM,ITACOATIARA,A121,-3.13333333,-58.48277777,41.54
1112,2019-07-05,08:00,0.0,1008.1,1008.1,1007.9,0,24.4,22.9,24.8,24.3,23.2,22.8,92,90,92,207,0.9,0.0,N,AM,ITACOATIARA,A121,-3.13333333,-58.48277777,41.54
1113,2019-07-05,12:00,0.0,1010.1,1010.1,1009.5,705,26.6,24.6,26.7,24.4,24.9,23.5,94,89,89,300,1.6,1.0,N,AM,ITACOATIARA,A121,-3.13333333,-58.48277777,41.54
1114,2019-07-05,16:00,0.0,1009.3,1009.8,1009.3,2554,31.9,22.9,31.9,30.3,24.1,22.4,68,59,59,244,4.3,1.6,N,AM,ITACOATIARA,A121,-3.13333333,-58.48277777,41.54
1115,2019-07-05,20:00,0.0,1006.4,1006.9,1006.3,1450,31.3,23.2,31.9,30.8,23.9,22.1,65,59,62,213,2.7,0.6,N,AM,ITACOATIARA,A121,-3.13333333,-58.48277777,41.54
1116,2019-07-06,00:00,0.0,1007.7,1007.7,1007.0,0,27.4,22.9,27.9,27.4,23.5,22.8,78,75,76,276,1.0,0.3,N,AM,ITACOATIARA,A121,-3.13333333,-58.48277777,41.54
1117,2019-07-06,04:00,0.0,1009.1,1009.4,1009.1,0,24.0,22.3,24.0,23.5,22.5,21.8,92,88,90,294,2.0,1.0,N,AM,ITACOATIARA,A121,-3.13333333,-58.48277777,41.54
1118,2019-07-06,08:00,0.0,1007.9,1007.9,1007.6,0,24.2,22.4,24.3,24.1,22.6,22.3,91,89,90,290,1.0,0.0,N,AM,ITACOATIARA,A121,-3.13333333,-58.48277777,41.54
1119,2019-07-06,12:00,0.0,1009.5,1009.5,1008.8,819,27.6,23.9,27.6,26.1,24.1,22.9,87,78,80,214,2.4,0.9,N,AM,ITACOATIARA,A121,-3.13333333,-58.48277777,41.54
1120,2019-07-06,16:00,0.0,1009.2,1010.0,1009.1,1759,30.0,24.3,30.9,29.3,25.6,23.7,76,69,72,214,3.2,1.1,N,AM,ITACOATIARA,A121,-3.13333333,-58.48277777,41.54
1121,2019-07-06,20:00,0.0,1005.8,1006.1,1005.7,1493,32.1,23.0,32.9,32.0,24.0,22.3,61,56,59,278,4.0,1.1,N,AM,ITACOATIARA,A121,-3.13333333,-58.48277777,41.54
1122,2019-07-07,00:00,0.0,1008.1,1008.1,1007.1,0,28.1,24.0,28.7,27.8,24.7,23.5,80,77,78,239,7.1,1.8,N,AM,ITACOATIARA,A121,-3.13333333,-58.48277777,41.54
1123,2019-07-07,04:00,0.0,1010.0,1010.5,1010.0,0,25.4,22.3,25.5,24.8,22.3,21.7,84,81,83,253,2.2,1.0,N,AM,ITACOATIARA,A121,-3.13333333,-58.48277777,41.54
1124,2019-07-07,08:00,0.0,1008.9,1008.9,1008.5,0,25.7,22.9,26.0,25.7,23.3,22.6,85,82,84,220,5.7,1.9,N,AM,ITACOATIARA,A121,-3.13333333,-58.48277777,41.54
1125,2019-07-07,12:00,0.0,1010.5,1010.5,1009.9,812,25.7,21.8,25.7,24.9,22.8,21.8,86,79,79,219,5.8,2.6,N,AM,ITACOATIARA,A121,-3.13333333,-58.48277777,41.54
1126,2019-07-07,16:00,0.0,1010.8,1011.2,1010.8,1028,26.7,22.9,27.0,26.3,22.9,22.0,80,75,80,230,5.0,2.0,N,AM,ITACOATIARA,A121,-3.13333333,-58.48277777,41.54
1127,2019-07-07,20:00,0.0,1008.0,1008.4,1008.0,955,27.1,22.5,27.6,27.0,22.9,22.1,77,73,76,233,4.1,1.4,N,AM,ITACOATIARA,A121,-3.13333333,-58.48277777,41.54
1128,2019-07-08,00:00,0.0,1009.6,1009.6,1008.7,0,26.2,23.3,26.5,26.1,23.4,23.2,85,82,84,256,4.0,0.4,N,AM,ITACOATIARA,A121,-3.13333333,-58.48277777,41.54
1129,2019-07-08,04:00,0.0,1010.6,1011.0,1010.6,0,26.0,23.2,26.2,25.9,23.2,23.0,85,82,85,274,2.7,0.3,N,AM,ITACOATIARA,A121,-3.13333333,-58.48277777,41.54
1130,2019-07-08,08:00,0.0,1008.9,1008.9,1008.8,0,25.2,22.6,25.3,25.2,22.6,22.4,86,84,86,282,2.6,0.1,N,AM,ITACOATIARA,A121,-3.13333333,-58.48277777,41.54
1131,2019-07-08,12:00,0.0,1010.9,1011.0,1010.4,721,27.4,23.2,27.4,25.9,23.7,22.7,84,77,78,231,2.7,0.9,N,AM,ITACOATIARA,A121,-3.13333333,-58.48277777,41.54
1132,2019-07-08,16:00,0.0,1009.8,1010.7,1009.8,2512,28.9,23.0,29.5,28.2,24.1,22.8,74,69,70,233,3.3,1.4,N,AM,ITACOATIARA,A121,-3.13333333,-58.48277777,41.54
1133,2019-07-08,20:00,0.0,1006.6,1006.8,1006.5,1501,29.9,23.6,30.4,29.4,23.7,22.4,70,63,69,242,3.4,0.8,N,AM,ITACOATIARA,A121,-3.13333333,-58.48277777,41.54
1134,2019-07-09,00:00,0.0,1009.5,1009.6,1008.1,0,24.7,23.4,27.3,24.7,23.5,22.8,92,77,92,297,5.8,2.0,N,AM,ITACOATIARA,A121,-3.13333333,-58.48277777,41.54
1135,2019-07-09,04:00,0.0,1010.2,1010.6,1010.2,0,24.7,23.4,25.3,24.7,23.9,23.4,93,91,93,294,1.3,0.2,N,AM,ITACOATIARA,A121,-3.13333333,-58.48277777,41.54
1136,2019-07-09,08:00,0.0,1008.9,1009.3,1008.9,0,24.7,23.6,24.7,24.6,23.6,23.4,94,93,94,311,1.5,0.7,N,AM,ITACOATIARA,A121,-3.13333333,-58.48277777,41.54
1137,2019-07-09,12:00,0.0,1011.5,1011.5,1010.6,293,26.1,23.5,26.2,25.1,24.0,23.5,92,85,85,240,2.1,1.2,N,AM,ITACOATIARA,A121,-3.13333333,-58.48277777,41.54
1138,2019-07-09,16:00,0.0,1010.4,1011.0,1010.4,2516,29.5,23.4,29.7,28.6,24.0,22.7,74,69,70,229,3.3,1.0,N,AM,ITACOATIARA,A121,-3.13333333,-58.48277777,41.54
1139,2019-07-09,20:00,0.0,1006.7,1007.1,1006.7,1477,30.5,23.2,31.0,30.2,24.3,22.4,68,62,65,208,3.1,0.6,N,AM,ITACOATIARA,A121,-3.13333333,-58.48277777,41.54
1140,2019-07-10,00:00,0.0,1009.7,1009.7,1008.9,0,26.8,23.0,26.8,26.6,23.3,22.9,82,80,80,237,3.7,1.7,N,AM,ITACOATIARA,A121,-3.13333333,-58.48277777,41.54
1141,2019-07-10,04:00,0.0,1010.4,1011.1,1010.4,0,25.0,22.2,25.5,24.8,23.2,22.1,88,83,84,262,4.4,0.9,N,AM,ITACOATIARA,A121,-3.13333333,-58.48277777,41.54
1142,2019-07-10,08:00,0.0,1009.1,1009.1,1008.8,0,24.9,22.9,25.2,24.8,23.0,22.3,89,85,89,238,2.7,0.1,N,AM,ITACOATIARA,A121,-3.13333333,-58.48277777,41.54
1143,2019-07-10,12:00,0.0,1011.2,1011.2,1010.8,840,26.0,22.4,26.4,24.8,22.9,22.0,87,79,81,203,3.2,0.7,N,AM,ITACOATIARA,A121,-3.13333333,-58.48277777,41.54
1144,2019-07-10,16:00,0.0,1010.0,1011.1,1010.0,2612,29.1,23.2,29.2,28.1,23.6,22.1,74,68,71,216,3.6,1.1,N,AM,ITACOATIARA,A121,-3.13333333,-58.48277777,41.54
1145,2019-07-10,20:00,0.0,1006.2,1006.8,1006.1,1574,29.7,22.3,30.5,29.3,23.9,22.1,71,64,64,238,2.8,0.7,N,AM,ITACOATIARA,A121,-3.13333333,-58.48277777,41.54
1146,2019-07-11,00:00,0.0,1008.6,1008.6,1007.9,0,25.0,23.0,26.8,24.2,23.0,22.0,90,79,89,264,4.0,0.1,N,AM,ITACOATIARA,A121,-3.13333333,-58.48277777,41.54
1147,2019-07-11,04:00,0.0,1008.6,1009.1,1008.5,0,24.4,22.9,24.6,24.2,23.0,22.7,92,90,91,314,1.2,0.1,N,AM,ITACOATIARA,A121,-3.13333333,-58.48277777,41.54
1148,2019-07-11,08:00,0.0,1006.5,1006.5,1006.4,0,24.1,22.5,24.2,24.0,22.7,22.4,92,90,91,334,2.0,0.3,N,AM,ITACOATIARA,A121,-3.13333333,-58.48277777,41.54
1149,2019-07-11,12:00,0.0,1008.6,1008.6,1008.0,616,26.2,23.3,26.8,24.8,23.3,21.9,88,78,84,325,1.8,0.9,N,AM,ITACOATIARA,A121,-3.13333333,-58.48277777,41.54
1150,2019-07-11,16:00,0.0,1007.7,1008.5,1007.7,2513,29.9,22.9,30.1,29.1,23.3,22.2,70,64,66,223,3.1,1.3,N,AM,ITACOATIARA,A121,-3.13333333,-58.48277777,41.54
1151,2019-07-11,20:00,0.0,1004.0,1004.4,1003.9,1273,30.9,23.5,31.1,29.8,23.7,22.5,68,62,65,212,1.9,0.4,N,AM,ITACOATIARA,A121,-3.13333333,-58.48277777,41.54
1152,2019-07-12,00:00,0.0,1006.1,1006.1,1005.6,0,27.0,22.4,27.4,26.7,23.4,22.1,82,73,76,289,2.0,0.3,N,AM,ITACOATIARA,A121,-3.13333333,-58.48277777,41.54
1153,2019-07-12,04:00,0.0,1006.7,1007.0,1006.6,0,25.3,23.4,25.5,25.2,23.4,23.1,89,87,89,308,3.3,1.9,N,AM,ITACOATIARA,A121,-3.13333333,-58.48277777,41.54
1154,2019-07-12,08:00,0.0,1006.0,1006.0,1005.7,0,24.2,22.6,24.7,24.2,23.0,22.6,92,90,91,326,2.1,0.5,N,AM,ITACOATIARA,A121,-3.13333333,-58.48277777,41.54
1155,2019-07-12,12:00,0.0,1008.2,1008.3,1007.6,634,25.7,23.0,25.7,24.5,23.0,22.2,89,84,85,342,3.3,1.1,N,AM,ITACOATIARA,A121,-3.13333333,-58.48277777,41.54
1156,2019-07-12,16:00,0.0,1007.0,1007.8,1007.0,2114,30.1,22.9,31.3,29.5,24.5,22.3,70,61,65,233,4.5,1.4,N,AM,ITACOATIARA,A121,-3.13333333,-58.48277777,41.54
1157,2019-07-12,20:00,0.0,1004.7,1004.9,1004.4,1179,28.3,23.6,29.9,28.3,24.6,23.4,77,70,75,243,2.7,0.3,N,AM,ITACOATIARA,A121,-3.13333333,-58.48277777,41.54
1158,2019-07-13,00:00,0.0,1006.5,1006.5,1005.8,0,26.4,24.2,26.5,26.0,24.3,24.0,89,87,88,225,0.7,0.0,N,AM,ITACOATIARA,A121,-3.13333333,-58.48277777,41.54
1159,2019-07-13,04:00,0.0,1007.6,1007.7,1007.5,0,25.3,24.0,25.6,25.2,24.2,23.9,92,91,92,306,0.8,0.0,N,AM,ITACOATIARA,A121,-3.13333333,-58.48277777,41.54
1160,2019-07-13,08:00,0.0,1006.0,1006.3,1006.0,0,24.8,23.4,25.0,24.7,23.7,23.4,93,92,92,289,0.0,0.0,N,AM,ITACOATIARA,A121,-3.13333333,-58.48277777,41.54
1161,2019-07-13,12:00,0.0,1008.4,1008.4,1007.8,781,28.1,24.5,28.1,25.4,24.9,23.8,91,80,81,236,1.7,0.3,N,AM,ITACOATIARA,A121,-3.13333333,-58.48277777,41.54
1162,2019-07-13,16:00,0.0,1007.7,1008.6,1007.7,2100,31.2,22.8,31.4,30.4,23.6,22.2,65,59,61,250,5.1,1.4,N,AM,ITACOATIARA,A121,-3.13333333,-58.48277777,41.54
1163,2019-07-13,20:00,0.0,1004.5,1005.0,1004.4,1583,31.9,23.0,32.4,31.5,23.0,22.0,59,55,59,248,4.5,1.0,N,AM,ITACOATIARA,A121,-3.13333333,-58.48277777,41.54
1164,2019-07-14,00:00,0.0,1005.5,1005.5,1005.1,0,27.1,23.5,27.6,27.0,23.7,23.1,82,77,81,292,2.0,0.9,N,AM,ITACOATIARA,A121,-3.13333333,-58.48277777,41.54
1165,2019-07-14,04:00,0.0,1006.7,1007.1,1006.7,0,25.5,23.4,25.9,25.5,23.4,23.2,88,85,88,301,1.7,0.9,N,AM,ITACOATIARA,A121,-3.13333333,-58.48277777,41.54
1166,2019-07-14,08:00,0.0,1006.1,1006.1,1005.7,0,25.0,23.3,25.1,24.9,23.4,23.3,91,90,91,303,2.5,1.3,N,AM,ITACOATIARA,A121,-3.13333333,-58.48277777,41.54
1167,2019-07-14,12:00,0.0,1008.3,1008.3,1007.6,825,28.1,24.3,28.1,26.2,24.7,23.8,87,80,80,290,4.1,1.8,N,AM,ITACOATIARA,A121,-3.13333333,-58.48277777,41.54
1168,2019-07-14,16:00,0.0,1007.7,1008.3,1007.6,2572,30.7,23.0,31.1,30.3,23.4,22.3,66,61,64,298,5.8,2.7,N,AM,ITACOATIARA,A121,-3.13333333,-58.48277777,41.54
1169,2019-07-14,20:00,0.0,1004.0,1004.1,1003.6,1417,25.9,23.1,32.0,25.9,23.1,21.7,85,57,85,259,9.1,1.1,N,AM,ITACOATIARA,A121,-3.13333333,-58.48277777,41.54
1170,2019-07-15,00:00,0.0,1006.0,1006.0,1005.1,0,26.3,23.1,26.6,26.0,23.5,22.7,85,81,83,250,1.3,0.0,N,AM,ITACOATIARA,A121,-3.13333333,-58.48277777,41.54
1171,2019-07-15,04:00,0.0,1006.3,1006.6,1006.3,0,24.9,23.4,25.3,24.8,23.4,22.8,91,87,91,304,1.5,0.6,N,AM,ITACOATIARA,A121,-3.13333333,-58.48277777,41.54
1172,2019-07-15,08:00,0.0,1005.7,1005.7,1005.5,0,24.7,23.3,24.9,24.7,23.6,23.3,93,92,92,303,1.9,1.1,N,AM,ITACOATIARA,A121,-3.13333333,-58.48277777,41.54
1173,2019-07-15,12:00,0.0,1008.4,1008.4,1007.5,850,27.7,24.2,27.7,25.5,24.2,23.4,88,80,81,296,2.9,1.1,N,AM,ITACOATIARA,A121,-3.13333333,-58.48277777,41.54
1174,2019-07-15,16:00,0.0,1007.5,1008.3,1007.5,1535,28.4,23.4,30.8,28.3,24.6,22.4,75,63,74,237,6.4,0.6,N,AM,ITACOATIARA,A121,-3.13333333,-58.48277777,41.54
1175,2019-07-15,20:00,0.0,1003.6,1004.0,1003.5,1546,30.9,23.0,32.0,30.9,23.9,22.9,64,60,63,263,4.9,2.1,N,AM,ITACOATIARA,A121,-3.13333333,-58.48277777,41.54
1176,2019-07-16,00:00,0.0,1006.3,1006.3,1005.5,0,27.2,23.7,27.5,27.0,23.9,23.6,83,80,81,296,2.0,1.1,N,AM,ITACOATIARA,A121,-3.13333333,-58.48277777,41.54
1177,2019-07-16,04:00,0.0,1007.4,1007.8,1007.4,0,25.9,23.8,26.1,25.8,23.9,23.7,88,87,88,305,1.8,0.7,N,AM,ITACOATIARA,A121,-3.13333333,-58.48277777,41.54
1178,2019-07-16,08:00,0.0,1006.9,1006.9,1006.6,0,24.7,23.0,25.0,24.6,23.1,23.0,91,89,90,322,1.3,0.1,N,AM,ITACOATIARA,A121,-3.13333333,-58.48277777,41.54
1179,2019-07-16,12:00,0.0,1009.2,1009.2,1008.5,785,27.4,23.1,27.6,25.5,23.4,22.5,84,76,77,271,1.8,1.0,N,AM,ITACOATIARA,A121,-3.13333333,-58.48277777,41.54
1180,2019-07-16,16:00,0.0,1008.4,1009.3,1008.4,2111,30.0,23.5,31.2,29.6,25.0,23.1,73,64,68,220,2.9,1.2,N,AM,ITACOATIARA,A121,-3.13333333,-58.48277777,41.54
1181,2019-07-16,20:00,0.0,1005.5,1005.8,1005.5,1549,31.4,22.6,31.7,30.9,24.0,22.2,65,59,60,195,1.8,0.4,N,AM,ITACOATIARA,A121,-3.13333333,-58.48277777,41.54
1182,2019-07-17,00:00,0.0,1006.2,1006.2,1005.6,0,26.9,23.0,27.8,26.9,23.8,22.9,81,77,79,273,1.6,0.2,N,AM,ITACOATIARA,A121,-3.13333333,-58.48277777,41.54
1183,2019-07-17,04:00,0.0,1008.3,1008.5,1008.3,0,25.9,23.5,26.3,25.9,23.8,23.4,87,85,86,307,2.1,1.3,N,AM,ITACOATIARA,A121,-3.13333333,-58.48277777,41.54
1184,2019-07-17,08:00,0.0,1007.6,1007.6,1007.5,0,25.2,23.3,25.4,25.2,23.6,23.3,90,89,89,300,1.8,1.2,N,AM,ITACOATIARA,A121,-3.13333333,-58.48277777,41.54
1185,2019-07-17,12:00,0.0,1009.8,1009.8,1009.0,800,29.2,23.7,29.2,25.7,24.1,22.8,84,72,72,268,1.9,0.1,N,AM,ITACOATIARA,A121,-3.13333333,-58.48277777,41.54
1186,2019-07-17,16:00,0.0,1009.7,1010.4,1009.7,404,25.1,23.2,29.6,25.0,23.8,22.6,90,66,90,318,11.0,1.5,N,AM,ITACOATIARA,A121,-3.13333333,-58.48277777,41.54
1187,2019-07-17,20:00,0.0,1006.7,1007.2,1006.7,1002,28.4,23.8,28.4,26.7,23.9,23.0,81,75,76,287,1.7,0.2,N,AM,ITACOATIARA,A121,-3.13333333,-58.48277777,41.54
1188,2019-07-18,00:00,0.0,1009.3,1009.3,1008.9,0,23.8,21.4,24.6,23.8,21.6,20.5,87,79,87,261,6.1,0.7,N,AM,ITACOATIARA,A121,-3.13333333,-58.48277777,41.54
1189,2019-07-18,04:00,0.0,1009.0,1009.6,1009.0,0,23.7,22.3,23.8,23.7,22.4,22.2,92,91,92,300,2.0,1.2,N,AM,ITACOATIARA,A121,-3.13333333,-58.48277777,41.54
1190,2019-07-18,08:00,0.0,1008.4,1008.4,1008.2,0,23.5,22.1,23.7,23.5,22.3,22.1,92,92,92,299,1.8,0.4,N,AM,ITACOATIARA,A121,-3.13333333,-58.48277777,41.54
1191,2019-07-18,12:00,0.0,1010.0,1010.0,1009.8,746,26.0,23.4,26.0,23.9,23.5,22.1,90,85,86,283,2.5,0.7,N,AM,ITACOATIARA,A121,-3.13333333,-58.48277777,41.54
1192,2019-07-18,16:00,0.0,1009.4,1010.2,1009.4,2617,30.3,23.5,31.0,29.5,24.0,22.7,71,63,67,260,4.8,2.1,N,AM,ITACOATIARA,A121,-3.13333333,-58.48277777,41.54
1193,2019-07-18,20:00,0.0,1005.7,1006.6,1005.7,1381,31.2,22.7,31.8,30.7,23.6,22.4,64,59,61,284,4.0,0.8,N,AM,ITACOATIARA,A121,-3.13333333,-58.48277777,41.54
1194,2019-07-19,00:00,0.0,1007.6,1007.6,1006.4,0,25.4,23.8,27.5,25.4,24.0,22.8,91,77,91,206,6.2,0.0,N,AM,ITACOATIARA,A121,-3.13333333,-58.48277777,41.54
1195,2019-07-19,04:00,0.0,1009.4,1009.7,1009.4,0,24.5,22.9,24.8,24.5,23.1,22.7,91,88,91,308,2.3,0.4,N,AM,ITACOATIARA,A121,-3.13333333,-58.48277777,41.54
1196,2019-07-19,08:00,0.0,1008.1,1008.1,1008.0,0,24.8,23.3,24.8,24.7,23.5,23.3,92,91,91,291,1.1,0.0,N,AM,ITACOATIARA,A121,-3.13333333,-58.48277777,41.54
1197,2019-07-19,12:00,0.0,1009.7,1009.7,1009.1,800,27.7,24.3,28.0,25.5,24.6,23.6,89,80,82,232,1.9,0.4,N,AM,ITACOATIARA,A121,-3.13333333,-58.48277777,41.54
1198,2019-07-19,16:00,0.0,1009.3,1009.8,1009.3,2343,31.1,22.7,31.7,30.6,23.7,22.4,65,60,61,266,5.0,1.9,N,AM,ITACOATIARA,A121,-3.13333333,-58.48277777,41.54
1199,2019-07-19,20:00,0.0,1005.4,1005.8,1005.2,1190,31.3,22.8,31.7,30.6,24.4,22.7,67,61,61,261,3.5,1.3,N,AM,ITACOATIARA,A121,-3.13333333,-58.48277777,41.54
1200,2019-07-20,00:00,0.0,1007.2,1007.3,1006.4,0,26.4,22.7,28.2,26.4,23.6,22.4,81,75,80,239,5.8,0.1,N,AM,ITACOATIARA,A121,-3.13333333,-58.48277777,41.54
1201,2019-07-20,04:00,0.0,1008.3,1008.7,1008.3,0,25.2,22.6,25.4,24.9,22.6,22.4,87,83,85,291,1.6,0.5,N,AM,ITACOATIARA,A121,-3.13333333,-58.48277777,41.54
1202,2019-07-20,08:00,0.0,1007.2,1007.2,1007.1,0,24.2,22.7,24.6,24.2,22.9,22.7,91,90,91,304,0.9,0.0,N,AM,ITACOATIARA,A121,-3.13333333,-58.48277777,41.54
1203,2019-07-20,12:00,0.0,1009.0,1009.0,1008.0,824,28.0,23.6,28.2,25.7,24.1,23.2,87,76,77,227,1.3,0.2,N,AM,ITACOATIARA,A121,-3.13333333,-58.48277777,41.54
1204,2019-07-20,16:00,0.0,1008.5,1009.1,1008.5,1799,30.3,23.3,31.1,29.6,24.3,22.8,71,64,66,266,5.5,1.5,N,AM,ITACOATIARA,A121,-3.13333333,-58.48277777,41.54
1205,2019-07-20,20:00,0.0,1004.8,1005.4,1004.8,1650,31.7,21.2,32.6,31.6,22.5,21.2,58,53,54,262,5.7,1.7,N,AM,ITACOATIARA,A121,-3.13333333,-58.48277777,41.54
1206,2019-07-21,00:00,0.0,1006.1,1006.1,1005.2,0,26.6,22.8,27.2,26.5,22.9,22.6,80,77,80,290,0.8,0.0,N,AM,ITACOATIARA,A121,-3.13333333,-58.48277777,41.54
1207,2019-07-21,04:00,0.0,1007.9,1007.9,1007.6,0,25.4,23.3,25.7,25.4,23.4,23.2,88,87,88,307,2.1,1.1,N,AM,ITACOATIARA,A121,-3.13333333,-58.48277777,41.54
1208,2019-07-21,08:00,0.0,1006.0,1006.3,1006.0,0,24.4,22.5,24.8,24.4,23.0,22.5,90,88,89,308,2.5,1.3,N,AM,ITACOATIARA,A121,-3.13333333,-58.48277777,41.54
1209,2019-07-21,12:00,0.0,1008.5,1008.5,1007.8,809,27.3,23.8,27.6,25.5,23.9,22.8,85,77,81,281,1.3,0.2,N,AM,ITACOATIARA,A121,-3.13333333,-58.48277777,41.54
1210,2019-07-21,16:00,0.0,1008.1,1008.6,1008.1,2408,30.4,23.7,31.4,30.0,25.2,22.1,72,60,67,221,4.0,1.4,N,AM,ITACOATIARA,A121,-3.13333333,-58.48277777,41.54
1211,2019-07-21,20:00,0.0,1004.8,1005.1,1004.8,532,30.1,22.2,31.9,30.0,23.0,21.1,64,55,63,241,2.6,0.4,N,AM,ITACOATIARA,A121,-3.13333333,-58.48277777,41.54
1212,2019-07-22,00:00,0.0,1006.9,1006.9,1006.4,0,24.7,23.0,24.7,24.3,23.0,22.6,91,90,91,293,1.8,0.5,N,AM,ITACOATIARA,A121,-3.13333333,-58.48277777,41.54
1213,2019-07-22,04:00,0.0,1008.2,1008.3,1008.0,0,24.6,23.3,24.6,24.4,23.3,23.0,92,92,92,308,3.0,1.3,N,AM,ITACOATIARA,A121,-3.13333333,-58.48277777,41.54
1214,2019-07-22,08:00,0.0,1006.9,1007.1,1006.8,0,24.6,23.3,24.6,24.5,23.3,23.2,93,92,93,304,2.2,0.5,N,AM,ITACOATIARA,A121,-3.13333333,-58.48277777,41.54
1215,2019-07-22,12:00,0.0,1008.4,1008.4,1007.8,779,27.7,24.4,27.7,25.2,24.4,23.6,90,83,83,278,2.5,1.1,N,AM,ITACOATIARA,A121,-3.13333333,-58.48277777,41.54
1216,2019-07-22,16:00,0.0,1007.8,1008.3,1007.8,2686,30.8,23.8,30.9,29.7,24.1,22.5,70,62,66,262,6.6,1.9,N,AM,ITACOATIARA,A121,-3.13333333,-58.48277777,41.54
1217,2019-07-22,20:00,0.0,1004.9,1005.3,1004.8,1455,30.9,22.8,31.6,30.4,23.4,22.3,64,60,62,283,5.6,1.8,N,AM,ITACOATIARA,A121,-3.13333333,-58.48277777,41.54
1218,2019-07-23,00:00,0.0,1006.4,1006.4,1005.5,0,26.9,23.4,27.6,26.9,23.5,23.2,81,77,81,303,2.0,0.9,N,AM,ITACOATIARA,A121,-3.13333333,-58.48277777,41.54
1219,2019-07-23,04:00,0.0,1007.4,1007.4,1007.3,0,25.8,23.4,26.3,25.8,23.5,23.3,86,84,86,288,1.7,0.5,N,AM,ITACOATIARA,A121,-3.13333333,-58.48277777,41.54
1220,2019-07-23,08:00,0.0,1006.7,1006.8,1006.7,0,24.6,22.9,24.8,24.6,23.1,22.9,91,90,90,305,2.5,1.1,N,AM,ITACOATIARA,A121,-3.13333333,-58.48277777,41.54
1221,2019-07-23,12:00,0.0,1009.1,1009.1,1008.2,812,28.4,24.2,28.5,25.8,24.5,22.6,84,76,78,227,1.8,0.5,N,AM,ITACOATIARA,A121,-3.13333333,-58.48277777,41.54
1222,2019-07-23,16:00,0.0,1008.3,1009.0,1008.3,1740,30.5,24.0,31.0,30.0,24.6,22.4,70,61,68,247,3.5,0.5,N,AM,ITACOATIARA,A121,-3.13333333,-58.48277777,41.54
1223,2019-07-23,20:00,0.0,1004.9,1005.6,1004.9,1398,31.3,22.6,32.6,31.1,23.9,21.6,62,55,60,220,2.9,0.6,N,AM,ITACOATIARA,A121,-3.13333333,-58.48277777,41.54
1224,2019-07-24,00:00,0.0,1006.2,1006.2,1005.6,0,27.1,23.2,27.6,27.1,23.4,23.0,80,76,79,288,1.2,0.2,N,AM,ITACOATIARA,A121,-3.13333333,-58.48277777,41.54
1225,2019-07-24,04:00,0.0,1007.5,1007.7,1007.5,0,25.8,23.5,26.3,25.8,23.8,23.5,88,86,87,300,1.8,0.4,N,AM,ITACOATIARA,A121,-3.13333333,-58.48277777,41.54
1226,2019-07-24,08:00,0.0,1007.2,1007.2,1006.9,0,24.5,23.0,24.9,24.5,23.2,23.0,92,90,91,318,0.9,0.0,N,AM,ITACOATIARA,A121,-3.13333333,-58.48277777,41.54
1227,2019-07-24,12:00,0.0,1009.2,1009.2,1008.4,803,28.4,24.6,28.6,25.8,24.6,23.1,86,78,80,284,1.4,0.6,N,AM,ITACOATIARA,A121,-3.13333333,-58.48277777,41.54
1228,2019-07-24,16:00,0.0,1008.5,1008.9,1008.4,2823,30.8,23.4,31.2,30.4,24.9,23.4,70,65,65,225,2.7,1.3,N,AM,ITACOATIARA,A121,-3.13333333,-58.48277777,41.54
1229,2019-07-24,20:00,0.0,1005.1,1005.7,1005.1,1610,32.2,20.9,32.9,31.9,22.9,20.8,57,50,52,208,2.3,0.6,N,AM,ITACOATIARA,A121,-3.13333333,-58.48277777,41.54
1230,2019-07-25,00:00,0.0,1006.6,1006.6,1005.8,0,26.9,22.2,27.5,26.9,22.3,22.1,75,72,75,305,0.1,0.0,N,AM,ITACOATIARA,A121,-3.13333333,-58.48277777,41.54
1231,2019-07-25,04:00,0.0,1007.4,1008.0,1007.4,0,26.0,22.7,26.6,26.0,23.0,22.7,82,80,82,305,1.7,0.6,N,AM,ITACOATIARA,A121,-3.13333333,-58.48277777,41.54
1232,2019-07-25,08:00,0.0,1006.4,1006.4,1006.1,0,24.5,22.7,24.9,24.4,22.9,22.7,91,88,90,300,1.0,0.0,N,AM,ITACOATIARA,A121,-3.13333333,-58.48277777,41.54
1233,2019-07-25,12:00,0.0,1008.6,1008.6,1008.0,669,28.0,23.7,28.3,26.7,24.5,23.7,84,77,78,214,1.1,0.2,N,AM,ITACOATIARA,A121,-3.13333333,-58.48277777,41.54
1234,2019-07-25,16:00,0.0,1008.1,1008.8,1008.1,1849,31.1,22.6,31.1,30.0,22.8,21.2,64,58,61,232,2.8,0.2,N,AM,ITACOATIARA,A121,-3.13333333,-58.48277777,41.54
1235,2019-07-25,20:00,0.0,1004.9,1005.5,1004.9,1213,31.9,20.3,32.6,31.2,22.2,20.0,57,49,50,210,1.7,0.4,N,AM,ITACOATIARA,A121,-3.13333333,-58.48277777,41.54
1236,2019-07-26,00:00,0.0,1007.1,1007.1,1006.5,0,27.0,22.0,27.5,26.7,22.6,21.8,77,73,74,312,0.5,0.0,N,AM,ITACOATIARA,A121,-3.13333333,-58.48277777,41.54
1237,2019-07-26,04:00,0.0,1008.2,1008.7,1008.2,0,26.2,21.9,27.0,26.2,22.0,21.3,77,72,77,308,1.8,0.1,N,AM,ITACOATIARA,A121,-3.13333333,-58.48277777,41.54
1238,2019-07-26,08:00,0.0,1007.1,1007.1,1007.0,0,25.1,22.2,25.4,25.1,22.2,21.9,84,81,84,309,2.5,0.8,N,AM,ITACOATIARA,A121,-3.13333333,-58.48277777,41.54
1239,2019-07-26,12:00,0.0,1009.4,1009.4,1008.9,193,25.5,22.8,25.5,24.4,22.9,22.4,90,84,85,324,3.6,0.9,N,AM,ITACOATIARA,A121,-3.13333333,-58.48277777,41.54
1240,2019-07-26,16:00,0.0,1008.5,1009.3,1008.5,2400,29.6,21.3,30.2,28.6,23.4,20.3,73,58,61,239,2.5,1.3,N,AM,ITACOATIARA,A121,-3.13333333,-58.48277777,41.54
1241,2019-07-26,20:00,0.0,1006.2,1006.2,1005.6,1598,30.6,23.0,31.9,30.6,23.7,22.2,64,58,64,204,9.1,0.9,N,AM,ITACOATIARA,A121,-3.13333333,-58.48277777,41.54
1242,2019-07-27,00:00,0.0,1007.7,1007.7,1006.9,0,26.4,22.6,26.7,26.3,22.6,22.1,80,76,80,339,0.8,0.1,N,AM,ITACOATIARA,A121,-3.13333333,-58.48277777,41.54
1243,2019-07-27,04:00,0.0,1009.1,1009.2,1009.0,0,25.6,22.1,26.0,25.1,22.3,21.3,84,78,81,327,0.9,0.1,N,AM,ITACOATIARA,A121,-3.13333333,-58.48277777,41.54
1244,2019-07-27,08:00,0.0,1007.6,1007.7,1007.5,0,25.5,22.0,25.6,25.1,22.2,21.8,83,80,81,345,1.4,0.3,N,AM,ITACOATIARA,A121,-3.13333333,-58.48277777,41.54
1245,2019-07-27,12:00,0.0,1010.0,1010.0,1009.4,772,26.9,23.3,27.6,25.4,23.3,22.1,82,76,81,339,2.5,1.1,N,AM,ITACOATIARA,A121,-3.13333333,-58.48277777,41.54
1246,2019-07-27,16:00,0.0,1008.8,1009.8,1008.8,2667,30.4,22.0,31.3,30.1,23.6,20.4,66,54,61,231,2.5,1.4,N,AM,ITACOATIARA,A121,-3.13333333,-58.48277777,41.54
1247,2019-07-27,20:00,0.0,1005.6,1006.2,1005.6,1147,31.7,22.2,32.6,30.8,24.0,22.1,66,57,57,213,1.9,0.4,N,AM,ITACOATIARA,A121,-3.13333333,-58.48277777,41.54
1248,2019-07-28,00:00,0.0,1007.6,1007.6,1007.1,0,27.9,23.3,28.2,27.8,23.6,23.1,78,74,76,292,2.1,0.7,N,AM,ITACOATIARA,A121,-3.13333333,-58.48277777,41.54
1249,2019-07-28,04:00,0.0,1008.7,1009.0,1008.7,0,26.5,23.9,26.9,26.3,24.1,23.9,87,85,86,328,0.5,0.0,N,AM,ITACOATIARA,A121,-3.13333333,-58.48277777,41.54
1250,2019-07-28,08:00,0.0,1007.6,1007.6,1007.3,0,25.7,23.7,25.7,25.3,23.8,23.5,91,88,89,338,1.9,0.7,N,AM,ITACOATIARA,A121,-3.13333333,-58.48277777,41.54
1251,2019-07-28,12:00,0.0,1009.3,1009.4,1009.2,425,25.3,22.7,25.8,24.9,23.2,22.7,89,84,86,331,4.3,2.0,N,AM,ITACOATIARA,A121,-3.13333333,-58.48277777,41.54
1252,2019-07-28,16:00,0.0,1008.9,1009.7,1008.9,2746,29.9,22.2,29.9,28.7,24.2,21.8,76,62,64,233,3.3,2.0,N,AM,ITACOATIARA,A121,-3.13333333,-58.48277777,41.54
1253,2019-07-28,20:00,0.0,1005.7,1006.0,1005.7,1586,31.5,22.1,31.6,30.7,22.9,21.4,62,56,58,245,2.4,0.7,N,AM,ITACOATIARA,A121,-3.13333333,-58.48277777,41.54
1254,2019-07-29,00:00,0.0,1007.8,1007.8,1007.1,0,27.1,22.9,28.6,27.1,23.6,22.8,78,74,78,292,1.3,0.0,N,AM,ITACOATIARA,A121,-3.13333333,-58.48277777,41.54
1255,2019-07-29,04:00,3.2,1008.4,1009.6,1008.4,2,25.4,21.9,25.4,24.0,22.8,21.9,91,81,81,329,7.6,0.4,N,AM,ITACOATIARA,A121,-3.13333333,-58.48277777,41.54
1256,2019-07-29,08:00,0.0,1007.4,1007.6,1007.2,0,24.7,22.8,25.2,24.3,22.9,22.7,91,86,89,328,3.9,0.9,N,AM,ITACOATIARA,A121,-3.13333333,-58.48277777,41.54
1257,2019-07-29,12:00,0.0,1009.6,1009.6,1008.9,791,28.0,23.1,28.0,25.4,23.7,22.7,86,75,75,274,2.5,0.8,N,AM,ITACOATIARA,A121,-3.13333333,-58.48277777,41.54
1258,2019-07-29,16:00,0.0,1008.4,1009.1,1008.4,2618,31.0,23.0,31.4,30.0,23.7,22.1,66,60,63,245,4.5,1.7,N,AM,ITACOATIARA,A121,-3.13333333,-58.48277777,41.54
1259,2019-07-29,20:00,0.0,1005.0,1005.4,1005.0,1592,31.8,21.8,32.2,31.5,22.1,21.1,56,52,55,276,4.4,1.5,N,AM,ITACOATIARA,A121,-3.13333333,-58.48277777,41.54
1260,2019-07-30,00:00,0.0,1006.8,1006.8,1006.1,0,26.5,23.4,27.2,26.4,23.4,23.0,84,79,83,321,0.6,0.0,N,AM,ITACOATIARA,A121,-3.13333333,-58.48277777,41.54
1261,2019-07-30,04:00,0.0,1008.3,1008.5,1008.3,0,26.4,22.9,26.4,25.5,23.0,22.7,86,81,81,343,1.3,0.4,N,AM,ITACOATIARA,A121,-3.13333333,-58.48277777,41.54
1262,2019-07-30,08:00,0.0,1007.6,1007.6,1007.2,0,25.4,24.1,26.5,25.2,24.4,23.8,92,89,92,333,0.9,0.1,N,AM,ITACOATIARA,A121,-3.13333333,-58.48277777,41.54
1263,2019-07-30,12:00,0.0,1009.8,1009.8,1008.9,675,28.0,25.3,28.0,26.1,25.3,23.9,88,83,85,295,1.2,0.3,N,AM,ITACOATIARA,A121,-3.13333333,-58.48277777,41.54
1264,2019-07-30,16:00,0.0,1009.3,1009.8,1009.3,1366,28.6,23.0,31.3,27.3,24.3,22.1,77,64,72,241,6.3,2.2,N,AM,ITACOATIARA,A121,-3.13333333,-58.48277777,41.54
1265,2019-07-30,20:00,0.0,1005.7,1005.9,1005.7,1558,30.5,24.1,31.0,30.2,24.1,22.9,69,64,69,254,3.1,1.2,N,AM,ITACOATIARA,A121,-3.13333333,-58.48277777,41.54
1266,2019-07-31,00:00,0.0,1007.1,1007.1,1006.5,0,27.8,23.8,28.3,27.8,23.8,23.5,79,76,79,342,2.9,1.6,N,AM,ITACOATIARA,A121,-3.13333333,-58.48277777,41.54
1267,2019-07-31,04:00,0.0,1007.7,1007.9,1007.7,0,27.0,22.9,27.1,26.1,23.4,22.8,85,77,78,334,2.8,1.0,N,AM,ITACOATIARA,A121,-3.13333333,-58.48277777,41.54
1268,2019-07-31,08:00,0.0,1006.5,1006.5,1006.4,0,25.1,22.8,25.8,25.1,23.0,22.7,87,83,87,314,1.8,0.6,N,AM,ITACOATIARA,A121,-3.13333333,-58.48277777,41.54
1269,2019-07-31,12:00,0.0,1008.6,1008.6,1008.0,750,28.3,23.0,28.5,25.6,24.1,23.0,87,73,73,301,1.6,0.2,N,AM,ITACOATIARA,A121,-3.13333333,-58.48277777,41.54
1270,2019-07-31,16:00,0.0,1007.4,1008.3,1007.4,2631,30.8,24.2,31.1,29.8,24.9,23.1,71,67,68,232,2.4,1.0,N,AM,ITACOATIARA,A121,-3.13333333,-58.48277777,41.54
1271,2019-07-31,20:00,0.0,1003.5,1004.0,1003.5,1505,32.0,22.2,32.9,32.0,23.2,21.9,58,55,56,234,1.9,1.0,N,AM,ITACOATIARA,A121,-3.13333333,-58.48277777,41.54
1272,2019-08-01,00:00,0.0,1005.3,1005.3,1004.8,0,27.7,24.2,28.3,27.6,24.4,23.9,81,77,81,323,0.0,0.0,N,AM,ITACOATIARA,A121,-3.13333333,-58.48277777,41.54
1273,2019-08-01,04:00,0.0,1006.2,1006.9,1006.2,0,26.5,23.9,26.8,26.4,24.0,23.9,86,84,85,307,2.3,1.3,N,AM,ITACOATIARA,A121,-3.13333333,-58.48277777,41.54
1274,2019-08-01,08:00,0.0,1004.6,1004.7,1004.6,0,25.2,23.3,25.5,25.2,23.7,23.3,90,88,89,307,1.8,0.5,N,AM,ITACOATIARA,A121,-3.13333333,-58.48277777,41.54
1275,2019-08-01,12:00,0.0,1006.6,1006.6,1005.8,783,27.7,23.8,27.7,26.0,23.9,23.3,86,79,79,313,4.1,1.6,N,AM,ITACOATIARA,A121,-3.13333333,-58.48277777,41.54
1276,2019-08-01,16:00,0.0,1006.5,1007.1,1006.5,2609,32.0,24.0,32.7,31.1,24.3,22.3,64,58,63,256,6.2,2.2,N,AM,ITACOATIARA,A121,-3.13333333,-58.48277777,41.54
1277,2019-08-01,20:00,0.0,1003.4,1004.0,1003.4,648,28.5,23.7,29.5,28.5,24.2,23.0,76,70,75,339,3.1,1.4,N,AM,ITACOATIARA,A121,-3.13333333,-58.48277777,41.54
1278,2019-08-02,00:00,0.0,1005.3,1005.3,1004.4,0,26.8,24.4,27.3,26.7,24.4,23.8,87,82,87,336,1.9,0.6,N,AM,ITACOATIARA,A121,-3.13333333,-58.48277777,41.54
1279,2019-08-02,04:00,0.0,1006.6,1007.0,1006.6,0,25.4,23.5,25.7,25.4,23.5,23.1,89,86,89,297,2.0,1.2,N,AM,ITACOATIARA,A121,-3.13333333,-58.48277777,41.54
1280,2019-08-02,08:00,0.0,1005.5,1005.5,1005.3,0,25.0,23.1,25.0,24.7,23.2,22.8,90,89,89,321,1.9,0.2,N,AM,ITACOATIARA,A121,-3.13333333,-58.48277777,41.54
1281,2019-08-02,12:00,0.0,1007.6,1007.6,1006.7,803,28.2,24.1,28.4,26.0,24.3,23.6,87,78,78,299,1.8,0.8,N,AM,ITACOATIARA,A121,-3.13333333,-58.48277777,41.54
1282,2019-08-02,16:00,0.0,1007.3,1008.1,1007.3,1691,31.8,24.2,32.3,30.6,25.6,24.2,72,64,64,238,3.0,0.8,N,AM,ITACOATIARA,A121,-3.13333333,-58.48277777,41.54
1283,2019-08-02,20:00,0.0,1004.2,1004.6,1004.2,1478,33.4,23.8,33.9,32.3,24.2,22.3,59,52,57,247,4.1,0.5,N,AM,ITACOATIARA,A121,-3.13333333,-58.48277777,41.54
1284,2019-08-03,00:00,0.0,1006.2,1006.2,1005.6,0,27.3,23.1,27.8,27.3,23.3,22.3,79,72,78,284,0.0,0.0,N,AM,ITACOATIARA,A121,-3.13333333,-58.48277777,41.54
1285,2019-08-03,04:00,0.0,1007.9,1008.1,1007.9,0,25.9,23.9,26.5,25.9,24.3,23.9,89,87,89,315,1.3,0.2,N,AM,ITACOATIARA,A121,-3.13333333,-58.48277777,41.54
1286,2019-08-03,08:00,0.0,1006.6,1006.6,1006.4,0,25.0,23.3,25.3,25.0,23.6,23.3,91,90,91,323,0.7,0.1,N,AM,ITACOATIARA,A121,-3.13333333,-58.48277777,41.54
1287,2019-08-03,12:00,0.0,1009.0,1009.0,1008.1,784,28.2,24.1,28.2,26.0,24.2,23.3,85,78,79,338,2.2,0.9,N,AM,ITACOATIARA,A121,-3.13333333,-58.48277777,41.54
1288,2019-08-03,16:00,0.0,1008.0,1008.8,1008.0,2584,31.7,23.4,32.0,30.3,24.9,23.1,71,60,62,239,2.3,0.9,N,AM,ITACOATIARA,A121,-3.13333333,-58.48277777,41.54
1289,2019-08-03,20:00,0.0,1005.1,1005.3,1004.9,1166,32.1,22.9,32.7,32.0,23.6,22.4,61,55,58,200,1.9,0.1,N,AM,ITACOATIARA,A121,-3.13333333,-58.48277777,41.54
1290,2019-08-04,00:00,0.0,1007.2,1007.2,1006.7,0,26.4,23.0,27.4,26.3,23.4,22.9,82,78,82,338,2.5,1.1,N,AM,ITACOATIARA,A121,-3.13333333,-58.48277777,41.54
1291,2019-08-04,04:00,0.0,1008.4,1008.5,1008.2,0,25.9,22.6,25.9,25.1,22.6,22.0,85,81,82,272,2.8,0.5,N,AM,ITACOATIARA,A121,-3.13333333,-58.48277777,41.54
1292,2019-08-04,08:00,0.0,1007.5,1007.5,1007.3,0,25.2,23.6,25.5,24.8,23.7,23.0,91,88,91,334,1.1,0.0,N,AM,ITACOATIARA,A121,-3.13333333,-58.48277777,41.54
1293,2019-08-04,12:00,0.0,1009.8,1009.8,1008.9,547,27.2,20.6,27.2,26.7,21.8,20.6,74,67,67,226,4.7,2.6,N,AM,ITACOATIARA,A121,-3.13333333,-58.48277777,41.54
1294,2019-08-04,16:00,0.0,1009.3,1010.1,1009.3,2600,29.3,20.6,29.3,28.3,21.2,20.3,63,60,60,255,3.8,1.7,N,AM,ITACOATIARA,A121,-3.13333333,-58.48277777,41.54
1295,2019-08-04,20:00,0.0,1006.8,1007.0,1006.8,1485,30.4,20.9,31.2,30.2,21.6,20.6,59,55,57,242,2.7,0.8,N,AM,ITACOATIARA,A121,-3.13333333,-58.48277777,41.54
1296,2019-08-05,00:00,0.0,1008.3,1008.4,1007.8,0,27.8,23.1,28.8,27.8,23.1,21.8,76,66,76,276,4.4,2.0,N,AM,ITACOATIARA,A121,-3.13333333,-58.48277777,41.54
1297,2019-08-05,04:00,0.0,1010.3,1010.5,1010.3,0,26.8,23.1,27.1,26.6,23.2,22.8,81,78,80,286,2.0,0.3,N,AM,ITACOATIARA,A121,-3.13333333,-58.48277777,41.54
1298,2019-08-05,08:00,0.0,1009.0,1009.1,1008.7,0,27.2,21.6,27.3,25.7,23.8,21.6,87,72,72,241,5.7,2.3,N,AM,ITACOATIARA,A121,-3.13333333,-58.48277777,41.54
1299,2019-08-05,12:00,0.0,1011.8,1011.8,1010.7,198,24.7,20.8,25.4,24.2,21.1,20.0,83,72,79,244,4.5,1.6,N,AM,ITACOATIARA,A121,-3.13333333,-58.48277777,41.54
1300,2019-08-05,16:00,0.0,1011.4,1012.1,1011.4,1541,27.0,19.3,27.7,26.0,20.5,19.3,69,61,63,243,3.0,1.2,N,AM,ITACOATIARA,A121,-3.13333333,-58.48277777,41.54
1301,2019-08-05,20:00,0.0,1008.9,1009.0,1008.7,1486,28.3,20.4,29.2,27.9,20.7,19.2,63,58,63,245,2.5,0.9,N,AM,ITACOATIARA,A121,-3.13333333,-58.48277777,41.54
1302,2019-08-06,00:00,0.0,1010.6,1010.6,1009.7,0,26.1,21.5,26.8,26.0,22.2,20.8,79,70,76,312,1.9,0.0,N,AM,ITACOATIARA,A121,-3.13333333,-58.48277777,41.54
1303,2019-08-06,04:00,0.0,1011.6,1012.0,1011.6,0,24.9,22.3,24.9,24.7,22.3,21.6,86,82,86,318,1.2,0.2,N,AM,ITACOATIARA,A121,-3.13333333,-58.48277777,41.54
1304,2019-08-06,08:00,0.0,1010.3,1010.3,1010.1,0,23.8,21.8,24.4,23.6,21.8,21.1,89,83,89,324,1.8,0.1,N,AM,ITACOATIARA,A121,-3.13333333,-58.48277777,41.54
1305,2019-08-06,12:00,0.0,1012.2,1012.2,1011.3,542,25.6,21.1,25.6,24.1,21.6,20.8,84,75,76,337,3.3,1.3,N,AM,ITACOATIARA,A121,-3.13333333,-58.48277777,41.54
1306,2019-08-06,16:00,0.0,1011.8,1012.0,1011.5,773,27.7,21.4,28.4,27.6,22.6,21.0,73,66,69,232,3.0,1.8,N,AM,ITACOATIARA,A121,-3.13333333,-58.48277777,41.54
1307,2019-08-06,20:00,0.0,1008.4,1008.5,1008.3,1029,25.5,21.9,25.7,24.6,23.1,21.7,89,79,80,271,2.8,0.9,N,AM,ITACOATIARA,A121,-3.13333333,-58.48277777,41.54
1308,2019-08-07,00:00,0.0,1010.4,1010.4,1009.8,0,23.7,21.7,23.9,23.6,22.2,21.6,90,88,88,324,1.8,0.2,N,AM,ITACOATIARA,A121,-3.13333333,-58.48277777,41.54
1309,2019-08-07,04:00,0.0,1011.2,1011.8,1011.2,0,22.6,21.2,22.8,22.5,21.4,21.2,93,92,92,330,3.3,0.6,N,AM,ITACOATIARA,A121,-3.13333333,-58.48277777,41.54
1310,2019-08-07,08:00,0.0,1010.5,1010.5,1010.1,0,22.0,21.0,22.2,22.0,21.1,21.0,94,94,94,311,2.0,0.0,N,AM,ITACOATIARA,A121,-3.13333333,-58.48277777,41.54
1311,2019-08-07,12:00,0.0,1012.6,1012.7,1012.0,416,23.2,21.9,23.4,22.1,22.1,21.1,94,92,92,318,2.9,0.7,N,AM,ITACOATIARA,A121,-3.13333333,-58.48277777,41.54
1312,2019-08-07,16:00,0.0,1011.9,1012.6,1011.9,1463,27.7,22.4,28.2,26.9,23.2,22.2,78,71,73,214,2.6,0.8,N,AM,ITACOATIARA,A121,-3.13333333,-58.48277777,41.54
1313,2019-08-07,20:00,0.0,1007.8,1008.3,1007.8,1604,30.8,22.0,30.8,29.8,22.9,21.3,66,59,60,233,2.7,0.7,N,AM,ITACOATIARA,A121,-3.13333333,-58.48277777,41.54
1314,2019-08-08,00:00,0.0,1009.7,1009.7,1009.3,0,26.1,22.0,26.9,26.1,22.9,21.8,80,77,78,299,3.3,0.2,N,AM,ITACOATIARA,A121,-3.13333333,-58.48277777,41.54
1315,2019-08-08,04:00,-9999.0,-9999.0,-9999.0,-9999.0,-9999,-9999.0,-9999.0,-9999.0,-9999.0,-9999.0,-9999.0,-9999,-9999,-9999,-9999,-9999.0,-9999.0,N,AM,ITACOATIARA,A121,-3.13333333,-58.48277777,41.54
1316,2019-08-08,08:00,0.0,1010.0,1010.0,1009.6,0,23.6,21.7,23.7,23.5,21.9,21.6,90,89,89,320,1.2,0.1,N,AM,ITACOATIARA,A121,-3.13333333,-58.48277777,41.54
1317,2019-08-08,12:00,0.0,1012.2,1012.2,1011.6,690,25.7,22.4,26.5,24.7,22.8,21.8,84,78,82,341,2.1,0.9,N,AM,ITACOATIARA,A121,-3.13333333,-58.48277777,41.54
1318,2019-08-08,16:00,0.0,1011.0,1012.1,1011.0,2716,29.5,23.5,29.6,28.9,23.7,22.6,72,67,70,226,3.0,1.6,N,AM,ITACOATIARA,A121,-3.13333333,-58.48277777,41.54
1319,2019-08-08,20:00,0.0,1008.2,1008.4,1008.1,1256,29.5,21.6,32.1,29.5,23.2,21.0,64,53,62,260,3.9,1.2,N,AM,ITACOATIARA,A121,-3.13333333,-58.48277777,41.54
1320,2019-08-09,00:00,0.0,1010.0,1010.0,1009.7,0,26.5,22.8,27.2,26.5,23.2,22.7,82,78,80,308,2.4,1.1,N,AM,ITACOATIARA,A121,-3.13333333,-58.48277777,41.54
1321,2019-08-09,04:00,0.0,1010.4,1010.7,1010.4,0,25.2,23.0,25.3,25.1,23.1,22.9,88,87,88,311,1.8,0.2,N,AM,ITACOATIARA,A121,-3.13333333,-58.48277777,41.54
1322,2019-08-09,08:00,0.0,1008.8,1008.8,1008.5,0,23.5,21.9,24.1,23.5,22.1,21.9,91,89,91,313,1.6,0.1,N,AM,ITACOATIARA,A121,-3.13333333,-58.48277777,41.54
1323,2019-08-09,12:00,0.0,1010.9,1010.9,1010.0,772,26.6,22.8,26.7,24.5,23.2,22.3,87,79,79,303,2.7,0.4,N,AM,ITACOATIARA,A121,-3.13333333,-58.48277777,41.54
1324,2019-08-09,16:00,0.0,1009.9,1010.7,1009.9,2767,30.9,21.3,31.3,29.7,24.7,21.3,71,57,57,225,4.0,1.3,N,AM,ITACOATIARA,A121,-3.13333333,-58.48277777,41.54
1325,2019-08-09,20:00,0.0,1006.5,1006.9,1006.4,1616,32.5,21.6,32.9,31.4,23.4,21.0,61,52,53,229,2.8,0.4,N,AM,ITACOATIARA,A121,-3.13333333,-58.48277777,41.54
1326,2019-08-10,00:00,0.0,1008.2,1008.2,1007.6,0,26.9,23.5,27.8,26.9,23.6,23.3,82,77,82,288,0.4,0.0,N,AM,ITACOATIARA,A121,-3.13333333,-58.48277777,41.54
1327,2019-08-10,04:00,0.0,1009.2,1009.5,1009.2,0,25.4,22.7,25.6,25.3,23.1,22.6,87,84,85,327,0.9,0.1,N,AM,ITACOATIARA,A121,-3.13333333,-58.48277777,41.54
1328,2019-08-10,08:00,0.0,1008.1,1008.1,1007.8,0,25.1,22.5,25.1,24.9,22.6,22.3,86,85,85,257,0.9,0.0,N,AM,ITACOATIARA,A121,-3.13333333,-58.48277777,41.54
1329,2019-08-10,12:00,0.0,1010.7,1010.7,1009.8,817,27.0,23.5,27.0,25.2,23.5,22.4,86,79,81,230,1.7,0.8,N,AM,ITACOATIARA,A121,-3.13333333,-58.48277777,41.54
1330,2019-08-10,16:00,0.0,1009.6,1010.4,1009.6,2695,30.8,23.6,31.0,30.0,24.2,23.1,70,64,66,228,2.8,1.4,N,AM,ITACOATIARA,A121,-3.13333333,-58.48277777,41.54
1331,2019-08-10,20:00,0.0,1005.7,1006.4,1005.7,1425,32.4,21.4,32.4,31.8,21.7,20.9,54,51,53,249,2.0,0.5,N,AM,ITACOATIARA,A121,-3.13333333,-58.48277777,41.54
1332,2019-08-11,00:00,0.0,1007.6,1007.6,1006.7,0,27.1,23.5,28.0,27.1,23.6,23.1,81,76,81,331,0.4,0.0,N,AM,ITACOATIARA,A121,-3.13333333,-58.48277777,41.54
1333,2019-08-11,04:00,0.0,1008.4,1008.6,1008.4,0,25.8,23.8,26.1,25.8,23.9,23.7,89,88,89,313,1.5,0.4,N,AM,ITACOATIARA,A121,-3.13333333,-58.48277777,41.54
1334,2019-08-11,08:00,0.0,1007.5,1007.5,1007.2,0,24.9,23.4,25.2,24.9,23.4,23.3,91,90,91,308,1.7,0.9,N,AM,ITACOATIARA,A121,-3.13333333,-58.48277777,41.54
1335,2019-08-11,12:00,-9999.0,-9999.0,-9999.0,-9999.0,-9999,-9999.0,-9999.0,-9999.0,-9999.0,-9999.0,-9999.0,-9999,-9999,-9999,-9999,-9999.0,-9999.0,N,AM,ITACOATIARA,A121,-3.13333333,-58.48277777,41.54
1336,2019-08-11,16:00,0.0,1008.9,1009.5,1008.9,2471,31.4,23.3,33.3,31.2,24.6,22.3,64,54,62,223,4.8,0.8,N,AM,ITACOATIARA,A121,-3.13333333,-58.48277777,41.54
1337,2019-08-11,20:00,0.0,1005.3,1005.9,1005.3,1550,33.5,22.7,33.7,32.8,23.5,22.1,57,52,53,272,5.3,0.6,N,AM,ITACOATIARA,A121,-3.13333333,-58.48277777,41.54
1338,2019-08-12,00:00,-9999.0,-9999.0,-9999.0,-9999.0,-9999,-9999.0,-9999.0,-9999.0,-9999.0,-9999.0,-9999.0,-9999,-9999,-9999,-9999,-9999.0,-9999.0,N,AM,ITACOATIARA,A121,-3.13333333,-58.48277777,41.54
1339,2019-08-12,04:00,-9999.0,-9999.0,-9999.0,-9999.0,-9999,-9999.0,-9999.0,-9999.0,-9999.0,-9999.0,-9999.0,-9999,-9999,-9999,-9999,-9999.0,-9999.0,N,AM,ITACOATIARA,A121,-3.13333333,-58.48277777,41.54
1340,2019-08-12,08:00,-9999.0,-9999.0,-9999.0,-9999.0,-9999,-9999.0,-9999.0,-9999.0,-9999.0,-9999.0,-9999.0,-9999,-9999,-9999,-9999,-9999.0,-9999.0,N,AM,ITACOATIARA,A121,-3.13333333,-58.48277777,41.54
1341,2019-08-12,12:00,0.0,1008.2,1008.2,1007.4,851,29.3,23.1,29.3,25.7,23.6,22.5,87,68,69,230,1.4,0.2,N,AM,ITACOATIARA,A121,-3.13333333,-58.48277777,41.54
1342,2019-08-12,16:00,0.0,1007.7,1008.4,1007.7,2476,31.1,23.0,32.9,31.1,24.3,21.5,66,52,62,226,3.5,1.0,N,AM,ITACOATIARA,A121,-3.13333333,-58.48277777,41.54
1343,2019-08-12,20:00,0.0,1004.7,1004.9,1004.7,1430,32.8,21.7,33.4,32.3,23.7,21.7,59,52,52,219,2.5,0.5,N,AM,ITACOATIARA,A121,-3.13333333,-58.48277777,41.54
1344,2019-08-13,00:00,0.0,1006.4,1006.4,1005.9,0,27.6,23.8,28.4,27.6,23.9,23.4,80,75,80,292,2.1,0.9,N,AM,ITACOATIARA,A121,-3.13333333,-58.48277777,41.54
1345,2019-08-13,04:00,0.0,1007.0,1007.3,1007.0,0,26.2,23.6,26.5,26.2,23.8,23.6,86,85,85,303,3.1,1.5,N,AM,ITACOATIARA,A121,-3.13333333,-58.48277777,41.54
1346,2019-08-13,08:00,0.0,1006.0,1006.0,1005.8,0,24.6,22.7,24.9,24.6,23.0,22.7,89,89,89,316,1.0,0.0,N,AM,ITACOATIARA,A121,-3.13333333,-58.48277777,41.54
1347,2019-08-13,12:00,0.0,1008.4,1008.4,1007.5,871,27.9,23.7,27.9,25.9,24.1,23.4,87,78,78,328,2.8,0.7,N,AM,ITACOATIARA,A121,-3.13333333,-58.48277777,41.54
1348,2019-08-13,16:00,0.0,1007.4,1008.3,1007.4,2741,31.8,23.2,32.1,31.2,24.7,22.8,67,59,60,226,3.3,1.6,N,AM,ITACOATIARA,A121,-3.13333333,-58.48277777,41.54
1349,2019-08-13,20:00,0.0,1004.3,1004.7,1004.3,1469,32.9,21.0,33.4,32.7,22.6,20.9,54,49,49,240,2.0,0.8,N,AM,ITACOATIARA,A121,-3.13333333,-58.48277777,41.54
1350,2019-08-14,00:00,0.0,1005.9,1005.9,1005.1,0,28.1,24.1,28.9,28.1,24.3,23.6,80,74,79,327,0.0,0.0,N,AM,ITACOATIARA,A121,-3.13333333,-58.48277777,41.54
1351,2019-08-14,04:00,0.0,1007.0,1007.2,1006.9,0,26.2,23.8,26.6,26.2,23.8,23.6,87,84,87,314,0.8,0.3,N,AM,ITACOATIARA,A121,-3.13333333,-58.48277777,41.54
1352,2019-08-14,08:00,0.0,1006.2,1006.2,1005.9,0,25.7,22.8,26.0,25.7,23.1,22.8,85,83,84,315,1.6,0.3,N,AM,ITACOATIARA,A121,-3.13333333,-58.48277777,41.54
1353,2019-08-14,12:00,0.0,1008.2,1008.2,1007.7,597,27.3,23.6,27.3,25.8,23.8,22.8,84,80,80,312,2.0,0.5,N,AM,ITACOATIARA,A121,-3.13333333,-58.48277777,41.54
1354,2019-08-14,16:00,0.0,1007.6,1008.4,1007.6,2538,31.8,23.6,32.0,30.2,25.0,22.9,73,60,62,238,3.0,1.6,N,AM,ITACOATIARA,A121,-3.13333333,-58.48277777,41.54
1355,2019-08-14,20:00,0.0,1004.3,1004.5,1003.9,1353,33.0,22.2,33.2,32.0,23.4,21.1,59,50,53,229,2.2,0.6,N,AM,ITACOATIARA,A121,-3.13333333,-58.48277777,41.54
1356,2019-08-15,00:00,0.0,1006.7,1006.7,1006.2,0,27.2,22.8,28.1,27.2,23.3,22.6,78,74,77,319,3.2,0.5,N,AM,ITACOATIARA,A121,-3.13333333,-58.48277777,41.54
1357,2019-08-15,04:00,3.8,1008.7,1009.7,1008.7,0,24.1,21.5,24.4,23.7,22.0,21.2,88,84,85,230,9.1,0.6,N,AM,ITACOATIARA,A121,-3.13333333,-58.48277777,41.54
1358,2019-08-15,08:00,0.0,1005.9,1006.1,1005.8,0,23.7,22.0,24.1,23.7,22.3,22.0,90,88,90,309,1.7,0.3,N,AM,ITACOATIARA,A121,-3.13333333,-58.48277777,41.54
1359,2019-08-15,12:00,0.0,1008.9,1008.9,1008.0,441,25.5,22.7,25.5,24.3,22.8,22.3,89,84,85,301,3.9,2.0,N,AM,ITACOATIARA,A121,-3.13333333,-58.48277777,41.54
1360,2019-08-15,16:00,0.0,1008.3,1009.3,1008.3,2118,29.6,23.0,29.6,28.3,23.6,22.1,72,66,68,283,5.0,2.3,N,AM,ITACOATIARA,A121,-3.13333333,-58.48277777,41.54
1361,2019-08-15,20:00,0.0,1005.4,1005.8,1005.3,1288,29.8,22.4,31.6,29.7,23.4,22.4,67,60,65,268,5.8,1.8,N,AM,ITACOATIARA,A121,-3.13333333,-58.48277777,41.54
1362,2019-08-16,00:00,0.0,1007.1,1007.1,1006.7,0,26.2,23.4,27.4,26.2,23.5,22.8,85,76,85,315,1.7,0.0,N,AM,ITACOATIARA,A121,-3.13333333,-58.48277777,41.54
1363,2019-08-16,04:00,0.0,1008.5,1008.8,1008.5,0,25.6,23.7,25.6,25.2,23.7,23.4,90,89,89,269,0.6,0.0,N,AM,ITACOATIARA,A121,-3.13333333,-58.48277777,41.54
1364,2019-08-16,08:00,0.0,1007.2,1007.4,1007.0,0,26.0,24.7,26.0,25.1,24.7,23.5,93,91,92,257,3.5,1.0,N,AM,ITACOATIARA,A121,-3.13333333,-58.48277777,41.54
1365,2019-08-16,12:00,0.0,1010.0,1010.0,1009.1,297,23.3,20.8,23.6,22.1,21.6,20.7,92,86,86,320,2.0,0.4,N,AM,ITACOATIARA,A121,-3.13333333,-58.48277777,41.54
1366,2019-08-16,16:00,0.0,1009.0,1009.7,1009.0,2807,29.9,21.6,30.4,28.4,23.3,21.6,71,61,61,247,4.5,1.8,N,AM,ITACOATIARA,A121,-3.13333333,-58.48277777,41.54
1367,2019-08-16,20:00,0.0,1005.3,1005.8,1005.3,1643,31.4,22.6,32.0,30.6,23.6,22.1,66,57,60,280,4.8,2.2,N,AM,ITACOATIARA,A121,-3.13333333,-58.48277777,41.54
1368,2019-08-17,00:00,0.0,1007.4,1007.5,1006.9,0,27.6,24.0,27.6,27.1,24.1,23.7,83,80,81,316,0.8,0.0,N,AM,ITACOATIARA,A121,-3.13333333,-58.48277777,41.54
1369,2019-08-17,04:00,0.0,1008.9,1009.2,1008.9,0,25.8,23.1,26.1,25.7,23.4,23.0,85,84,85,305,2.3,1.3,N,AM,ITACOATIARA,A121,-3.13333333,-58.48277777,41.54
1370,2019-08-17,08:00,0.0,1007.6,1007.6,1007.3,0,25.3,23.3,25.9,25.3,23.5,23.3,89,86,89,302,2.0,1.1,N,AM,ITACOATIARA,A121,-3.13333333,-58.48277777,41.54
1371,2019-08-17,12:00,0.0,1009.6,1009.6,1009.1,586,26.9,23.7,27.1,25.8,24.1,23.2,87,82,83,342,2.0,0.8,N,AM,ITACOATIARA,A121,-3.13333333,-58.48277777,41.54
1372,2019-08-17,16:00,0.0,1008.8,1009.6,1008.8,2787,31.7,22.5,32.1,30.8,23.4,21.9,63,55,58,276,5.9,1.9,N,AM,ITACOATIARA,A121,-3.13333333,-58.48277777,41.54
1373,2019-08-17,20:00,-9999.0,-9999.0,-9999.0,-9999.0,-9999,-9999.0,-9999.0,-9999.0,-9999.0,-9999.0,-9999.0,-9999,-9999,-9999,-9999,-9999.0,-9999.0,N,AM,ITACOATIARA,A121,-3.13333333,-58.48277777,41.54
1374,2019-08-18,00:00,0.0,1006.8,1006.9,1005.9,0,27.1,23.2,27.8,27.0,23.6,23.1,80,76,79,310,2.0,1.1,N,AM,ITACOATIARA,A121,-3.13333333,-58.48277777,41.54
1375,2019-08-18,04:00,0.0,1007.8,1008.1,1007.8,0,25.3,22.8,25.7,25.2,22.9,22.8,87,84,86,307,2.0,1.1,N,AM,ITACOATIARA,A121,-3.13333333,-58.48277777,41.54
1376,2019-08-18,08:00,0.0,1007.2,1007.3,1006.9,0,24.3,22.3,24.7,24.2,22.4,22.3,89,87,89,312,2.1,0.9,N,AM,ITACOATIARA,A121,-3.13333333,-58.48277777,41.54
1377,2019-08-18,12:00,0.0,1009.5,1009.5,1008.8,885,26.5,22.9,26.5,24.7,22.9,22.0,86,80,81,234,2.6,1.0,N,AM,ITACOATIARA,A121,-3.13333333,-58.48277777,41.54
1378,2019-08-18,16:00,0.0,1009.1,1010.1,1009.1,2833,30.2,23.2,30.2,29.3,23.9,22.8,71,66,66,243,3.1,1.5,N,AM,ITACOATIARA,A121,-3.13333333,-58.48277777,41.54
1379,2019-08-18,20:00,0.0,1006.2,1006.6,1006.2,1652,31.4,23.2,31.8,30.8,24.5,22.2,68,58,62,240,3.1,1.8,N,AM,ITACOATIARA,A121,-3.13333333,-58.48277777,41.54
1380,2019-08-19,00:00,0.0,1007.3,1007.3,1006.8,0,27.2,23.6,28.5,27.2,23.7,23.2,81,73,81,324,0.7,0.0,N,AM,ITACOATIARA,A121,-3.13333333,-58.48277777,41.54
1381,2019-08-19,04:00,0.0,1009.3,1009.6,1009.3,0,23.7,21.8,24.1,23.5,21.8,21.3,89,86,89,316,1.5,0.0,N,AM,ITACOATIARA,A121,-3.13333333,-58.48277777,41.54
1382,2019-08-19,08:00,0.0,1008.0,1008.1,1007.8,0,23.7,22.2,23.8,23.7,22.3,22.1,91,91,91,319,0.8,0.2,N,AM,ITACOATIARA,A121,-3.13333333,-58.48277777,41.54
1383,2019-08-19,12:00,0.0,1009.6,1009.6,1009.0,781,26.2,22.0,26.3,25.1,22.1,21.4,81,77,78,329,3.5,1.6,N,AM,ITACOATIARA,A121,-3.13333333,-58.48277777,41.54
1384,2019-08-19,16:00,0.0,1008.7,1009.5,1008.7,2662,30.7,22.9,31.7,30.3,23.9,21.9,67,57,63,226,3.5,1.4,N,AM,ITACOATIARA,A121,-3.13333333,-58.48277777,41.54
1385,2019-08-19,20:00,0.0,1005.3,1005.7,1005.3,1497,32.8,21.8,33.3,31.9,22.2,20.8,56,49,53,293,3.9,1.2,N,AM,ITACOATIARA,A121,-3.13333333,-58.48277777,41.54
1386,2019-08-20,00:00,0.0,1006.4,1006.4,1005.6,0,27.4,23.5,27.8,27.4,24.2,23.5,81,79,79,336,0.9,0.0,N,AM,ITACOATIARA,A121,-3.13333333,-58.48277777,41.54
1387,2019-08-20,04:00,0.0,1007.9,1008.1,1007.9,0,26.1,22.7,26.2,25.9,23.3,22.6,85,81,82,312,1.4,0.9,N,AM,ITACOATIARA,A121,-3.13333333,-58.48277777,41.54
1388,2019-08-20,08:00,0.0,1007.3,1007.3,1006.9,0,25.5,22.5,25.5,25.3,22.6,22.4,85,83,84,311,1.4,0.5,N,AM,ITACOATIARA,A121,-3.13333333,-58.48277777,41.54
1389,2019-08-20,12:00,0.0,1009.7,1009.7,1008.7,818,29.0,23.3,29.2,26.1,23.5,22.9,83,70,71,292,2.3,0.8,N,AM,ITACOATIARA,A121,-3.13333333,-58.48277777,41.54
1390,2019-08-20,16:00,0.0,1008.7,1009.5,1008.7,2710,33.5,21.2,33.5,32.7,22.5,20.9,54,48,49,255,4.8,1.8,N,AM,ITACOATIARA,A121,-3.13333333,-58.48277777,41.54
1391,2019-08-20,20:00,0.0,1005.5,1005.5,1005.3,1448,32.6,20.4,33.2,32.1,21.0,19.7,50,46,49,258,4.8,1.9,N,AM,ITACOATIARA,A121,-3.13333333,-58.48277777,41.54
1392,2019-08-21,00:00,0.0,1007.4,1007.5,1006.8,0,27.4,22.7,28.4,27.3,23.3,22.7,78,73,75,277,1.2,0.0,N,AM,ITACOATIARA,A121,-3.13333333,-58.48277777,41.54
1393,2019-08-21,04:00,0.0,1008.2,1008.6,1008.2,0,26.2,23.5,26.4,26.1,24.0,23.5,88,85,85,271,1.1,0.0,N,AM,ITACOATIARA,A121,-3.13333333,-58.48277777,41.54
1394,2019-08-21,08:00,0.0,1007.8,1007.9,1007.5,0,25.6,23.7,25.8,25.6,23.9,23.7,90,89,89,297,0.9,0.0,N,AM,ITACOATIARA,A121,-3.13333333,-58.48277777,41.54
1395,2019-08-21,12:00,0.0,1010.0,1010.0,1009.2,711,28.5,24.2,29.0,27.8,24.6,23.8,82,76,78,209,1.7,0.5,N,AM,ITACOATIARA,A121,-3.13333333,-58.48277777,41.54
1396,2019-08-21,16:00,0.0,1009.1,1010.2,1009.1,2576,32.6,23.2,32.6,30.1,24.6,22.3,70,56,58,275,7.6,2.4,N,AM,ITACOATIARA,A121,-3.13333333,-58.48277777,41.54
1397,2019-08-21,20:00,0.0,1005.3,1005.4,1005.0,1579,32.8,21.6,33.6,32.6,22.0,20.7,53,48,52,266,5.6,2.3,N,AM,ITACOATIARA,A121,-3.13333333,-58.48277777,41.54
1398,2019-08-22,00:00,0.0,1008.0,1008.4,1008.0,0,25.7,22.4,25.7,25.3,22.4,22.0,83,81,82,232,5.2,1.4,N,AM,ITACOATIARA,A121,-3.13333333,-58.48277777,41.54
1399,2019-08-22,04:00,0.0,1008.3,1009.2,1008.3,0,24.7,22.8,25.2,24.7,23.0,22.7,89,86,89,284,0.9,0.0,N,AM,ITACOATIARA,A121,-3.13333333,-58.48277777,41.54
1400,2019-08-22,08:00,0.0,1007.8,1007.8,1007.5,0,25.2,23.1,25.5,25.1,23.1,22.5,88,84,88,245,2.7,0.1,N,AM,ITACOATIARA,A121,-3.13333333,-58.48277777,41.54
1401,2019-08-22,12:00,0.0,1009.8,1009.8,1009.2,840,27.6,23.1,27.9,25.4,23.7,22.6,89,75,76,215,1.9,0.7,N,AM,ITACOATIARA,A121,-3.13333333,-58.48277777,41.54
1402,2019-08-22,16:00,0.0,1009.0,1009.8,1009.0,2767,32.5,22.3,33.3,31.8,23.5,21.7,60,52,55,286,5.9,2.6,N,AM,ITACOATIARA,A121,-3.13333333,-58.48277777,41.54
1403,2019-08-22,20:00,0.0,1006.0,1006.6,1006.0,1552,32.9,21.8,33.7,32.8,22.5,21.2,54,49,52,251,5.2,1.5,N,AM,ITACOATIARA,A121,-3.13333333,-58.48277777,41.54
1404,2019-08-23,00:00,0.0,1007.9,1007.9,1007.2,0,27.9,23.4,28.8,27.9,23.6,23.1,77,71,77,296,1.4,0.2,N,AM,ITACOATIARA,A121,-3.13333333,-58.48277777,41.54
1405,2019-08-23,04:00,0.0,1009.5,1009.8,1009.4,0,26.2,23.2,26.5,26.1,23.4,23.2,85,83,84,304,1.7,0.5,N,AM,ITACOATIARA,A121,-3.13333333,-58.48277777,41.54
1406,2019-08-23,08:00,0.0,1008.3,1008.5,1008.3,0,24.9,22.8,25.0,24.9,22.9,22.7,88,87,88,320,0.8,0.0,N,AM,ITACOATIARA,A121,-3.13333333,-58.48277777,41.54
1407,2019-08-23,12:00,0.0,1010.4,1010.5,1010.0,829,28.1,23.9,28.9,26.1,24.2,23.5,85,75,78,217,1.1,0.3,N,AM,ITACOATIARA,A121,-3.13333333,-58.48277777,41.54
1408,2019-08-23,16:00,0.0,1009.5,1010.5,1009.5,2848,33.0,24.2,33.2,30.2,25.3,23.3,68,57,60,227,3.3,1.0,N,AM,ITACOATIARA,A121,-3.13333333,-58.48277777,41.54
1409,2019-08-23,20:00,0.0,1005.8,1006.0,1005.6,1555,33.4,22.0,34.5,33.2,22.3,20.5,52,45,52,274,4.4,1.7,N,AM,ITACOATIARA,A121,-3.13333333,-58.48277777,41.54
1410,2019-08-24,00:00,1.0,1009.1,1009.3,1007.5,0,24.8,22.4,29.7,24.6,22.7,21.1,87,65,87,278,7.6,0.5,N,AM,ITACOATIARA,A121,-3.13333333,-58.48277777,41.54
1411,2019-08-24,04:00,0.0,1008.8,1009.3,1008.8,0,23.9,22.4,24.1,23.7,22.5,22.2,92,90,92,320,2.2,0.1,N,AM,ITACOATIARA,A121,-3.13333333,-58.48277777,41.54
1412,2019-08-24,08:00,0.0,1008.4,1008.4,1008.0,0,24.5,23.0,24.6,24.1,23.1,22.7,92,91,91,291,0.5,0.0,N,AM,ITACOATIARA,A121,-3.13333333,-58.48277777,41.54
1413,2019-08-24,12:00,0.0,1009.8,1009.9,1009.5,930,26.2,22.8,26.6,24.4,23.4,22.5,90,80,82,331,2.7,1.1,N,AM,ITACOATIARA,A121,-3.13333333,-58.48277777,41.54
1414,2019-08-24,16:00,0.0,1008.7,1009.6,1008.7,2846,31.3,21.8,32.2,29.1,24.2,20.7,72,52,57,251,4.4,1.7,N,AM,ITACOATIARA,A121,-3.13333333,-58.48277777,41.54
1415,2019-08-24,20:00,0.0,1005.6,1006.4,1005.6,1501,32.6,20.5,33.3,32.5,21.9,20.4,53,48,49,265,5.1,1.3,N,AM,ITACOATIARA,A121,-3.13333333,-58.48277777,41.54
1416,2019-08-25,00:00,0.0,1007.2,1007.2,1006.2,0,28.5,23.5,28.5,28.0,24.5,23.4,81,74,74,284,1.0,0.0,N,AM,ITACOATIARA,A121,-3.13333333,-58.48277777,41.54
1417,2019-08-25,04:00,0.0,1008.4,1008.6,1008.3,0,26.0,23.5,26.4,26.0,23.6,23.4,86,84,86,299,0.5,0.0,N,AM,ITACOATIARA,A121,-3.13333333,-58.48277777,41.54
1418,2019-08-25,08:00,0.0,1006.7,1006.9,1006.5,0,25.0,23.5,25.4,25.0,23.7,23.5,91,89,91,305,3.0,1.5,N,AM,ITACOATIARA,A121,-3.13333333,-58.48277777,41.54
1419,2019-08-25,12:00,0.0,1009.3,1009.3,1008.8,826,28.2,24.5,28.6,26.0,24.7,24.0,89,77,81,301,2.9,1.3,N,AM,ITACOATIARA,A121,-3.13333333,-58.48277777,41.54
1420,2019-08-25,16:00,0.0,1008.6,1009.5,1008.6,2856,32.0,23.1,32.3,30.8,23.7,22.4,64,59,59,255,5.7,1.7,N,AM,ITACOATIARA,A121,-3.13333333,-58.48277777,41.54
1421,2019-08-25,20:00,0.0,1004.5,1005.3,1004.5,1549,32.4,21.8,33.0,32.2,22.9,21.8,57,53,54,285,5.9,2.0,N,AM,ITACOATIARA,A121,-3.13333333,-58.48277777,41.54
1422,2019-08-26,00:00,0.0,1006.3,1006.3,1005.8,0,27.8,23.2,28.5,27.8,23.2,22.7,76,71,76,303,1.8,0.9,N,AM,ITACOATIARA,A121,-3.13333333,-58.48277777,41.54
1423,2019-08-26,04:00,0.0,1007.3,1007.8,1007.3,0,25.9,23.4,26.3,25.8,23.6,23.3,86,85,86,332,0.0,0.0,N,AM,ITACOATIARA,A121,-3.13333333,-58.48277777,41.54
1424,2019-08-26,08:00,0.0,1007.3,1007.3,1006.9,0,24.3,22.6,24.8,24.3,22.9,22.6,90,89,90,310,1.0,0.4,N,AM,ITACOATIARA,A121,-3.13333333,-58.48277777,41.54
1425,2019-08-26,12:00,0.0,1009.6,1009.6,1008.9,914,27.3,22.8,27.5,25.1,23.2,22.3,85,76,77,335,2.2,0.7,N,AM,ITACOATIARA,A121,-3.13333333,-58.48277777,41.54
1426,2019-08-26,16:00,0.0,1008.5,1009.4,1008.5,2569,31.9,22.7,33.6,31.8,22.7,20.2,58,47,58,214,6.3,1.6,N,AM,ITACOATIARA,A121,-3.13333333,-58.48277777,41.54
1427,2019-08-26,20:00,0.0,1005.5,1006.0,1005.5,1601,33.1,20.4,33.9,32.9,21.0,19.7,49,44,47,271,4.7,1.7,N,AM,ITACOATIARA,A121,-3.13333333,-58.48277777,41.54
1428,2019-08-27,00:00,0.0,1006.3,1006.4,1005.6,0,28.9,22.6,29.0,28.5,22.9,22.6,71,69,69,284,2.4,1.0,N,AM,ITACOATIARA,A121,-3.13333333,-58.48277777,41.54
1429,2019-08-27,04:00,0.0,1007.1,1007.5,1007.1,0,27.4,23.5,27.7,27.4,23.5,23.2,79,77,79,276,2.9,0.5,N,AM,ITACOATIARA,A121,-3.13333333,-58.48277777,41.54
1430,2019-08-27,08:00,0.0,1007.4,1007.4,1006.6,0,25.4,23.3,26.2,25.4,23.4,23.2,88,84,88,302,2.2,0.6,N,AM,ITACOATIARA,A121,-3.13333333,-58.48277777,41.54
1431,2019-08-27,12:00,0.0,1009.7,1009.7,1009.1,895,28.7,24.2,29.0,26.1,24.4,23.6,88,74,77,266,2.1,0.7,N,AM,ITACOATIARA,A121,-3.13333333,-58.48277777,41.54
1432,2019-08-27,16:00,0.0,1008.6,1009.6,1008.6,2883,32.6,22.4,33.3,31.6,23.4,21.6,59,52,55,266,6.5,2.1,N,AM,ITACOATIARA,A121,-3.13333333,-58.48277777,41.54
1433,2019-08-27,20:00,0.0,1005.5,1005.9,1005.5,1577,33.4,21.8,34.2,33.3,22.0,19.8,51,44,51,274,3.9,1.4,N,AM,ITACOATIARA,A121,-3.13333333,-58.48277777,41.54
1434,2019-08-28,00:00,0.0,1006.2,1006.2,1005.8,0,27.8,23.4,28.7,27.8,23.4,22.6,77,71,77,304,2.2,0.8,N,AM,ITACOATIARA,A121,-3.13333333,-58.48277777,41.54
1435,2019-08-28,04:00,0.0,1007.3,1007.5,1007.2,0,26.3,23.2,26.9,26.3,23.4,23.1,83,80,83,307,1.9,1.1,N,AM,ITACOATIARA,A121,-3.13333333,-58.48277777,41.54
1436,2019-08-28,08:00,0.0,1007.1,1007.1,1006.7,0,25.2,22.9,25.5,25.2,23.3,22.8,88,86,87,329,0.7,0.0,N,AM,ITACOATIARA,A121,-3.13333333,-58.48277777,41.54
1437,2019-08-28,12:00,0.0,1009.5,1009.5,1008.9,231,26.8,23.7,26.8,26.2,24.0,22.9,86,82,83,301,1.1,0.3,N,AM,ITACOATIARA,A121,-3.13333333,-58.48277777,41.54
1438,2019-08-28,16:00,0.0,1008.4,1009.6,1008.4,1732,32.3,24.7,33.0,30.7,25.2,22.7,72,54,64,244,4.6,1.3,N,AM,ITACOATIARA,A121,-3.13333333,-58.48277777,41.54
1439,2019-08-28,20:00,0.0,1005.0,1005.6,1004.9,1537,31.8,22.5,32.2,29.3,22.9,19.4,63,50,58,243,3.0,1.0,N,AM,ITACOATIARA,A121,-3.13333333,-58.48277777,41.54
1440,2019-08-29,00:00,0.0,1006.4,1006.5,1006.3,0,26.7,22.4,27.3,26.7,23.1,22.1,78,74,78,220,3.1,0.5,N,AM,ITACOATIARA,A121,-3.13333333,-58.48277777,41.54
1441,2019-08-29,04:00,0.0,1006.9,1007.4,1006.9,0,24.8,22.7,24.8,24.7,22.8,22.7,89,88,88,310,2.0,0.7,N,AM,ITACOATIARA,A121,-3.13333333,-58.48277777,41.54
1442,2019-08-29,08:00,0.0,1005.8,1005.9,1005.8,0,24.2,22.7,24.4,24.2,22.8,22.6,91,90,91,331,0.6,0.0,N,AM,ITACOATIARA,A121,-3.13333333,-58.48277777,41.54
1443,2019-08-29,12:00,0.0,1008.2,1008.2,1007.5,877,27.5,24.3,27.9,25.9,24.7,23.2,86,80,83,221,1.6,0.9,N,AM,ITACOATIARA,A121,-3.13333333,-58.48277777,41.54
1444,2019-08-29,16:00,0.0,1007.4,1008.5,1007.4,2740,32.8,23.5,33.6,32.0,24.1,22.6,62,55,58,286,6.8,3.4,N,AM,ITACOATIARA,A121,-3.13333333,-58.48277777,41.54
1445,2019-08-29,20:00,0.0,1003.6,1004.5,1003.6,1487,33.3,22.9,34.1,33.0,23.5,22.2,55,51,54,283,4.7,2.2,N,AM,ITACOATIARA,A121,-3.13333333,-58.48277777,41.54
1446,2019-08-30,00:00,0.0,1005.8,1005.8,1005.0,0,28.1,23.6,29.0,28.1,23.7,23.3,77,71,77,302,2.2,1.0,N,AM,ITACOATIARA,A121,-3.13333333,-58.48277777,41.54
1447,2019-08-30,04:00,0.0,1007.2,1007.3,1007.1,0,26.8,23.7,26.9,26.6,23.8,23.5,84,83,83,302,3.5,1.7,N,AM,ITACOATIARA,A121,-3.13333333,-58.48277777,41.54
1448,2019-08-30,08:00,0.0,1005.7,1005.7,1005.6,0,25.5,23.6,26.2,25.5,23.9,23.6,89,87,89,302,3.1,1.4,N,AM,ITACOATIARA,A121,-3.13333333,-58.48277777,41.54
1449,2019-08-30,12:00,0.0,1008.4,1008.4,1007.4,940,28.1,23.3,28.1,25.8,23.3,22.7,84,74,75,299,4.2,2.2,N,AM,ITACOATIARA,A121,-3.13333333,-58.48277777,41.54
1450,2019-08-30,16:00,0.0,1007.8,1008.4,1007.8,2830,33.2,22.5,34.2,32.5,23.0,21.6,54,51,54,260,6.5,1.8,N,AM,ITACOATIARA,A121,-3.13333333,-58.48277777,41.54
1451,2019-08-30,20:00,0.0,1003.8,1004.6,1003.7,1550,33.8,21.8,34.7,33.6,22.2,20.9,50,46,49,264,4.8,1.9,N,AM,ITACOATIARA,A121,-3.13333333,-58.48277777,41.54
1452,2019-08-31,00:00,0.0,1005.3,1005.3,1004.5,0,29.2,23.1,29.9,29.1,23.4,23.0,71,67,70,284,2.2,0.3,N,AM,ITACOATIARA,A121,-3.13333333,-58.48277777,41.54
1453,2019-08-31,04:00,0.0,1006.7,1007.2,1006.7,0,26.6,23.3,27.4,26.6,23.4,23.1,82,78,82,309,1.9,0.4,N,AM,ITACOATIARA,A121,-3.13333333,-58.48277777,41.54
1454,2019-08-31,08:00,0.0,1005.8,1005.8,1005.6,0,25.0,23.0,25.9,25.0,23.1,22.8,89,85,89,307,1.4,0.4,N,AM,ITACOATIARA,A121,-3.13333333,-58.48277777,41.54
1455,2019-08-31,12:00,0.0,1007.7,1007.7,1007.1,912,28.9,24.6,29.1,26.8,25.2,23.9,85,78,78,296,2.8,1.1,N,AM,ITACOATIARA,A121,-3.13333333,-58.48277777,41.54
1456,2019-08-31,16:00,0.0,1007.4,1008.1,1007.4,2876,33.3,22.9,33.5,32.4,23.9,22.4,60,54,54,297,8.6,3.8,N,AM,ITACOATIARA,A121,-3.13333333,-58.48277777,41.54
1457,2019-08-31,20:00,0.0,1003.8,1004.4,1003.8,515,31.6,23.4,32.1,31.4,23.7,23.0,63,59,62,276,3.8,1.0,N,AM,ITACOATIARA,A121,-3.13333333,-58.48277777,41.54
1458,2019-09-01,00:00,0.0,1005.8,1005.8,1004.8,0,28.3,24.0,29.4,28.3,24.1,23.2,77,70,77,298,2.2,0.0,N,AM,ITACOATIARA,A121,-3.13333333,-58.48277777,41.54
1459,2019-09-01,04:00,0.0,1006.0,1006.6,1006.0,0,26.6,23.7,27.6,26.6,24.0,23.5,84,79,84,305,2.3,0.0,N,AM,ITACOATIARA,A121,-3.13333333,-58.48277777,41.54
1460,2019-09-01,08:00,0.0,1005.1,1005.2,1004.8,0,25.1,23.1,25.4,25.1,23.2,23.1,89,88,89,310,0.6,0.0,N,AM,ITACOATIARA,A121,-3.13333333,-58.48277777,41.54
1461,2019-09-01,12:00,0.0,1007.7,1007.7,1007.0,908,28.5,24.5,28.6,26.5,24.8,23.8,85,79,79,216,1.6,0.7,N,AM,ITACOATIARA,A121,-3.13333333,-58.48277777,41.54
1462,2019-09-01,16:00,0.0,1006.7,1007.7,1006.7,2577,32.7,23.5,34.3,32.3,24.7,21.8,63,49,59,235,5.5,1.2,N,AM,ITACOATIARA,A121,-3.13333333,-58.48277777,41.54
1463,2019-09-01,20:00,0.0,1003.3,1004.2,1003.3,1418,33.5,22.7,34.7,33.3,23.2,22.2,55,50,53,287,5.4,1.6,N,AM,ITACOATIARA,A121,-3.13333333,-58.48277777,41.54
1464,2019-09-02,00:00,0.0,1004.6,1004.6,1004.1,0,28.7,24.2,29.8,28.7,24.2,23.8,77,70,77,311,1.3,0.1,N,AM,ITACOATIARA,A121,-3.13333333,-58.48277777,41.54
1465,2019-09-02,04:00,0.0,1004.9,1005.6,1004.8,0,27.7,24.6,27.7,27.2,24.6,24.5,85,83,83,290,1.5,0.7,N,AM,ITACOATIARA,A121,-3.13333333,-58.48277777,41.54
1466,2019-09-02,08:00,0.0,1003.9,1004.0,1003.9,0,26.3,24.4,26.7,26.3,24.6,24.4,89,88,89,303,1.7,0.7,N,AM,ITACOATIARA,A121,-3.13333333,-58.48277777,41.54
1467,2019-09-02,12:00,0.0,1006.9,1006.9,1006.0,714,28.4,23.2,28.5,27.1,24.4,23.2,84,74,74,303,4.8,2.1,N,AM,ITACOATIARA,A121,-3.13333333,-58.48277777,41.54
1468,2019-09-02,16:00,0.0,1005.9,1007.0,1005.8,2901,34.1,22.6,34.1,32.5,23.4,22.0,57,51,51,266,6.8,2.3,N,AM,ITACOATIARA,A121,-3.13333333,-58.48277777,41.54
1469,2019-09-02,20:00,0.0,1001.9,1002.5,1001.9,1657,34.1,20.0,34.5,33.7,21.7,19.7,50,43,44,254,6.4,1.1,N,AM,ITACOATIARA,A121,-3.13333333,-58.48277777,41.54
1470,2019-09-03,00:00,0.0,1003.6,1003.6,1002.9,0,28.5,23.0,29.9,28.5,23.4,23.0,73,67,72,245,1.6,0.0,N,AM,ITACOATIARA,A121,-3.13333333,-58.48277777,41.54
1471,2019-09-03,04:00,0.0,1004.8,1005.0,1004.8,0,27.1,23.9,28.2,27.1,23.9,23.5,83,76,83,252,1.7,0.0,N,AM,ITACOATIARA,A121,-3.13333333,-58.48277777,41.54
1472,2019-09-03,08:00,0.0,1004.0,1004.0,1003.7,0,25.8,23.6,26.3,25.6,23.9,23.5,88,86,88,211,0.9,0.0,N,AM,ITACOATIARA,A121,-3.13333333,-58.48277777,41.54
1473,2019-09-03,12:00,0.0,1007.4,1007.4,1006.3,737,29.2,23.5,29.6,27.4,24.3,23.1,83,69,71,254,2.4,0.6,N,AM,ITACOATIARA,A121,-3.13333333,-58.48277777,41.54
1474,2019-09-03,16:00,0.0,1007.1,1008.0,1007.1,2544,32.4,24.2,33.6,31.7,25.5,23.7,66,59,62,231,4.3,1.6,N,AM,ITACOATIARA,A121,-3.13333333,-58.48277777,41.54
1475,2019-09-03,20:00,0.0,1002.5,1003.1,1002.5,1264,33.9,23.2,34.5,32.8,23.4,22.2,56,50,54,278,4.8,1.5,N,AM,ITACOATIARA,A121,-3.13333333,-58.48277777,41.54
1476,2019-09-04,00:00,0.0,1005.0,1005.0,1004.0,0,25.8,23.2,25.9,25.4,23.3,22.6,86,84,86,333,0.0,0.0,N,AM,ITACOATIARA,A121,-3.13333333,-58.48277777,41.54
1477,2019-09-04,04:00,0.0,1006.0,1006.3,1006.0,0,26.1,22.4,26.1,25.9,24.4,22.3,91,80,80,325,2.4,0.7,N,AM,ITACOATIARA,A121,-3.13333333,-58.48277777,41.54
1478,2019-09-04,08:00,0.0,1006.0,1006.1,1005.8,0,25.0,22.9,25.1,24.9,23.0,22.8,88,88,88,287,3.5,0.2,N,AM,ITACOATIARA,A121,-3.13333333,-58.48277777,41.54
1479,2019-09-04,12:00,0.0,1009.2,1009.2,1008.3,695,26.4,23.0,26.4,25.5,23.7,22.8,87,82,82,337,3.2,1.1,N,AM,ITACOATIARA,A121,-3.13333333,-58.48277777,41.54
1480,2019-09-04,16:00,0.0,1008.5,1009.5,1008.5,1620,30.7,23.6,30.8,29.4,24.2,23.3,72,65,66,231,2.6,1.4,N,AM,ITACOATIARA,A121,-3.13333333,-58.48277777,41.54
1481,2019-09-04,20:00,0.0,1004.2,1005.0,1004.0,1714,34.0,21.6,34.2,33.0,22.8,21.0,53,48,49,263,4.8,1.6,N,AM,ITACOATIARA,A121,-3.13333333,-58.48277777,41.54
1482,2019-09-05,00:00,0.0,1006.9,1007.0,1005.9,0,27.8,23.2,28.0,27.7,23.3,22.6,76,73,76,214,2.6,0.5,N,AM,ITACOATIARA,A121,-3.13333333,-58.48277777,41.54
1483,2019-09-05,04:00,0.0,1007.0,1007.8,1007.0,0,26.8,24.1,27.0,26.0,24.1,23.1,85,83,85,230,2.9,1.0,N,AM,ITACOATIARA,A121,-3.13333333,-58.48277777,41.54
1484,2019-09-05,08:00,0.0,1006.8,1006.8,1006.5,0,25.7,22.8,25.9,25.7,23.2,22.7,85,83,84,244,2.5,0.2,N,AM,ITACOATIARA,A121,-3.13333333,-58.48277777,41.54
1485,2019-09-05,12:00,0.0,1009.2,1009.2,1008.7,851,28.2,23.6,28.2,25.6,24.3,23.0,90,75,76,207,2.6,0.8,N,AM,ITACOATIARA,A121,-3.13333333,-58.48277777,41.54
1486,2019-09-05,16:00,0.0,1008.2,1009.0,1008.1,2759,32.8,23.4,33.3,31.6,24.3,23.2,64,57,58,281,8.1,2.7,N,AM,ITACOATIARA,A121,-3.13333333,-58.48277777,41.54
1487,2019-09-05,20:00,0.0,1004.7,1004.9,1004.5,1624,32.8,22.9,33.6,32.7,23.3,22.2,57,52,56,285,7.0,2.6,N,AM,ITACOATIARA,A121,-3.13333333,-58.48277777,41.54
1488,2019-09-06,00:00,0.0,1006.8,1006.8,1005.9,0,28.9,22.9,29.4,28.8,23.0,22.5,70,66,70,281,2.9,0.6,N,AM,ITACOATIARA,A121,-3.13333333,-58.48277777,41.54
1489,2019-09-06,04:00,0.0,1007.5,1007.9,1007.5,0,27.4,24.2,28.2,27.4,24.2,23.9,82,77,82,284,2.9,0.8,N,AM,ITACOATIARA,A121,-3.13333333,-58.48277777,41.54
1490,2019-09-06,08:00,0.0,1007.2,1007.2,1006.8,0,25.6,23.7,25.9,25.6,24.0,23.7,90,89,89,316,0.4,0.0,N,AM,ITACOATIARA,A121,-3.13333333,-58.48277777,41.54
1491,2019-09-06,12:00,0.0,1009.1,1009.1,1008.7,991,30.0,24.2,30.1,28.3,25.1,23.9,82,70,71,271,3.6,1.4,N,AM,ITACOATIARA,A121,-3.13333333,-58.48277777,41.54
1492,2019-09-06,16:00,0.0,1008.2,1009.0,1008.1,2953,34.1,20.7,34.2,32.7,22.9,20.7,56,46,46,255,6.6,2.2,N,AM,ITACOATIARA,A121,-3.13333333,-58.48277777,41.54
1493,2019-09-06,20:00,0.0,1005.0,1005.2,1004.9,1579,34.4,20.2,34.6,33.8,20.9,19.7,46,43,44,262,4.4,1.4,N,AM,ITACOATIARA,A121,-3.13333333,-58.48277777,41.54
1494,2019-09-07,00:00,0.0,1006.2,1006.2,1005.9,0,28.8,23.0,29.5,28.8,23.0,22.3,71,66,71,284,2.0,0.2,N,AM,ITACOATIARA,A121,-3.13333333,-58.48277777,41.54
1495,2019-09-07,04:00,0.0,1007.8,1008.2,1007.8,0,26.5,23.5,28.0,26.5,23.5,23.0,83,74,83,293,1.8,0.4,N,AM,ITACOATIARA,A121,-3.13333333,-58.48277777,41.54
1496,2019-09-07,08:00,0.0,1007.6,1007.6,1007.1,0,25.5,22.3,25.9,25.3,22.5,22.3,84,81,83,326,1.6,0.3,N,AM,ITACOATIARA,A121,-3.13333333,-58.48277777,41.54
1497,2019-09-07,12:00,0.0,1010.5,1010.5,1010.0,765,27.1,23.2,27.1,25.7,23.6,22.6,87,79,79,314,3.5,0.9,N,AM,ITACOATIARA,A121,-3.13333333,-58.48277777,41.54
1498,2019-09-07,16:00,0.0,1008.6,1009.8,1008.6,3069,30.0,23.8,30.5,29.1,24.7,23.7,75,69,70,235,6.2,3.2,N,AM,ITACOATIARA,A121,-3.13333333,-58.48277777,41.54
1499,2019-09-07,20:00,0.0,1007.3,1007.8,1007.1,265,24.9,22.7,25.0,24.0,22.8,22.0,90,86,88,259,3.4,0.9,N,AM,ITACOATIARA,A121,-3.13333333,-58.48277777,41.54
1500,2019-09-08,00:00,0.0,1008.0,1008.1,1007.5,0,24.8,23.2,24.8,24.4,23.2,23.1,93,91,91,229,2.2,0.3,N,AM,ITACOATIARA,A121,-3.13333333,-58.48277777,41.54
1501,2019-09-08,04:00,0.0,1008.5,1009.0,1008.5,0,23.6,22.4,23.6,23.4,22.5,22.3,94,93,93,335,1.4,0.4,N,AM,ITACOATIARA,A121,-3.13333333,-58.48277777,41.54
1502,2019-09-08,08:00,0.0,1008.3,1008.3,1008.0,0,23.1,21.8,23.3,23.1,22.0,21.8,93,92,92,323,1.4,0.1,N,AM,ITACOATIARA,A121,-3.13333333,-58.48277777,41.54
1503,2019-09-08,12:00,0.0,1011.5,1011.5,1010.6,600,25.1,23.2,25.3,23.7,23.5,22.3,92,89,89,301,2.0,0.7,N,AM,ITACOATIARA,A121,-3.13333333,-58.48277777,41.54
1504,2019-09-08,16:00,0.0,1011.1,1012.3,1011.1,2076,29.1,23.3,29.5,28.3,24.4,22.5,76,68,71,218,4.4,1.7,N,AM,ITACOATIARA,A121,-3.13333333,-58.48277777,41.54
1505,2019-09-08,20:00,0.0,1007.1,1007.2,1006.9,1576,31.3,22.2,31.5,30.5,23.5,21.6,64,58,58,220,3.3,0.4,N,AM,ITACOATIARA,A121,-3.13333333,-58.48277777,41.54
1506,2019-09-09,00:00,0.0,1008.2,1008.2,1007.3,0,26.5,23.8,26.8,26.5,23.9,23.1,86,81,85,334,0.7,0.1,N,AM,ITACOATIARA,A121,-3.13333333,-58.48277777,41.54
1507,2019-09-09,04:00,0.0,1008.8,1009.6,1008.8,0,25.4,23.0,25.5,25.1,23.2,23.0,88,86,86,320,1.0,0.1,N,AM,ITACOATIARA,A121,-3.13333333,-58.48277777,41.54
1508,2019-09-09,08:00,0.0,1008.1,1008.1,1007.9,0,24.5,23.0,24.8,24.5,23.1,23.0,92,90,92,309,2.4,1.1,N,AM,ITACOATIARA,A121,-3.13333333,-58.48277777,41.54
1509,2019-09-09,12:00,0.0,1010.0,1010.0,1009.6,986,27.8,24.0,27.8,25.6,24.3,23.3,88,79,80,302,3.2,1.5,N,AM,ITACOATIARA,A121,-3.13333333,-58.48277777,41.54
1510,2019-09-09,16:00,0.0,1008.9,1010.1,1008.9,2736,32.7,22.7,33.1,32.0,24.1,22.5,61,54,56,288,5.9,2.1,N,AM,ITACOATIARA,A121,-3.13333333,-58.48277777,41.54
1511,2019-09-09,20:00,0.0,1004.4,1005.4,1004.4,965,32.0,23.7,33.6,31.8,24.7,23.5,64,57,62,225,2.8,0.4,N,AM,ITACOATIARA,A121,-3.13333333,-58.48277777,41.54
1512,2019-09-10,00:00,0.0,1006.1,1006.1,1005.7,0,28.3,24.2,29.3,28.3,24.6,24.2,80,74,79,302,2.7,0.8,N,AM,ITACOATIARA,A121,-3.13333333,-58.48277777,41.54
1513,2019-09-10,04:00,0.0,1007.4,1007.9,1007.4,0,26.3,23.1,27.0,26.3,23.2,22.9,82,80,82,316,2.4,0.2,N,AM,ITACOATIARA,A121,-3.13333333,-58.48277777,41.54
1514,2019-09-10,08:00,0.0,1006.2,1006.2,1006.1,0,24.9,22.6,25.4,24.9,22.7,22.6,87,85,87,313,2.0,0.9,N,AM,ITACOATIARA,A121,-3.13333333,-58.48277777,41.54
1515,2019-09-10,12:00,0.0,1008.5,1008.5,1008.0,951,28.7,23.3,28.7,26.4,23.4,22.8,83,72,73,302,3.6,1.6,N,AM,ITACOATIARA,A121,-3.13333333,-58.48277777,41.54
1516,2019-09-10,16:00,0.0,1007.2,1008.3,1007.2,2681,33.4,23.2,33.4,31.9,24.0,22.7,62,55,55,258,6.5,1.9,N,AM,ITACOATIARA,A121,-3.13333333,-58.48277777,41.54
1517,2019-09-10,20:00,0.0,1003.6,1004.4,1003.6,1548,33.4,22.3,34.3,33.4,23.0,21.9,53,50,52,288,5.7,2.4,N,AM,ITACOATIARA,A121,-3.13333333,-58.48277777,41.54
1518,2019-09-11,00:00,0.0,1005.0,1005.0,1004.0,0,28.9,23.1,29.3,28.8,23.2,22.8,71,69,71,303,2.5,1.1,N,AM,ITACOATIARA,A121,-3.13333333,-58.48277777,41.54
1519,2019-09-11,04:00,0.0,1005.9,1006.4,1005.9,0,26.8,23.4,27.1,26.8,23.6,23.4,82,81,81,309,1.8,1.1,N,AM,ITACOATIARA,A121,-3.13333333,-58.48277777,41.54
1520,2019-09-11,08:00,0.0,1005.0,1005.0,1004.8,0,25.9,23.4,26.1,25.9,23.4,23.2,86,84,86,307,2.5,1.3,N,AM,ITACOATIARA,A121,-3.13333333,-58.48277777,41.54
1521,2019-09-11,12:00,0.0,1007.7,1007.7,1007.2,975,29.2,24.3,29.2,26.8,24.3,23.4,82,75,75,292,4.6,1.7,N,AM,ITACOATIARA,A121,-3.13333333,-58.48277777,41.54
1522,2019-09-11,16:00,0.0,1006.1,1007.5,1006.1,2999,33.7,22.7,34.3,33.0,23.4,22.2,56,52,53,262,6.1,2.3,N,AM,ITACOATIARA,A121,-3.13333333,-58.48277777,41.54
1523,2019-09-11,20:00,0.0,1002.3,1003.0,1002.3,1484,33.8,21.4,34.6,33.7,22.4,21.4,51,47,49,280,4.5,2.1,N,AM,ITACOATIARA,A121,-3.13333333,-58.48277777,41.54
1524,2019-09-12,00:00,0.0,1004.1,1004.1,1003.4,0,28.9,23.4,29.6,28.8,23.8,23.2,74,71,72,303,2.5,1.3,N,AM,ITACOATIARA,A121,-3.13333333,-58.48277777,41.54
1525,2019-09-12,04:00,0.0,1004.4,1004.8,1004.4,0,27.7,23.9,28.1,27.0,24.0,23.8,83,78,80,287,2.4,0.8,N,AM,ITACOATIARA,A121,-3.13333333,-58.48277777,41.54
1526,2019-09-12,08:00,0.0,1004.3,1004.3,1004.1,0,26.4,24.1,26.6,26.0,24.2,24.0,89,86,87,283,1.4,0.2,N,AM,ITACOATIARA,A121,-3.13333333,-58.48277777,41.54
1527,2019-09-12,12:00,0.0,1006.9,1006.9,1006.5,1009,30.0,24.9,30.0,28.3,25.2,24.1,80,74,74,271,2.5,1.0,N,AM,ITACOATIARA,A121,-3.13333333,-58.48277777,41.54
1528,2019-09-12,16:00,0.0,1005.9,1007.1,1005.9,2404,33.6,22.6,34.3,32.6,23.7,21.5,58,49,53,243,6.5,2.0,N,AM,ITACOATIARA,A121,-3.13333333,-58.48277777,41.54
1529,2019-09-12,20:00,0.0,1002.5,1002.7,1002.5,1580,33.9,22.3,34.9,33.8,23.1,21.9,52,48,51,267,5.2,1.1,N,AM,ITACOATIARA,A121,-3.13333333,-58.48277777,41.54
1530,2019-09-13,00:00,0.0,1003.8,1003.8,1003.3,0,28.9,23.8,30.1,28.9,23.8,23.3,74,67,74,300,2.9,1.5,N,AM,ITACOATIARA,A121,-3.13333333,-58.48277777,41.54
1531,2019-09-13,04:00,0.0,1004.9,1005.3,1004.9,0,27.1,23.9,27.5,27.1,24.0,23.9,83,81,82,302,2.9,1.4,N,AM,ITACOATIARA,A121,-3.13333333,-58.48277777,41.54
1532,2019-09-13,08:00,0.0,1004.8,1004.8,1004.5,0,26.0,23.6,26.2,26.0,23.7,23.6,87,86,87,306,2.3,1.1,N,AM,ITACOATIARA,A121,-3.13333333,-58.48277777,41.54
1533,2019-09-13,12:00,0.0,1007.6,1007.6,1006.7,1002,29.8,25.0,29.8,27.3,25.0,23.7,81,75,76,300,2.8,1.2,N,AM,ITACOATIARA,A121,-3.13333333,-58.48277777,41.54
1534,2019-09-13,16:00,0.0,1006.9,1007.6,1006.9,2910,33.5,22.5,33.9,32.6,23.6,22.2,57,51,53,282,8.3,3.6,N,AM,ITACOATIARA,A121,-3.13333333,-58.48277777,41.54
1535,2019-09-13,20:00,0.0,1003.4,1003.8,1003.4,1530,33.9,21.5,34.5,33.8,22.0,20.9,49,46,49,284,5.5,2.3,N,AM,ITACOATIARA,A121,-3.13333333,-58.48277777,41.54
1536,2019-09-14,00:00,0.0,1004.9,1004.9,1004.2,0,28.8,23.0,29.6,28.8,23.0,22.4,71,66,71,286,2.0,0.6,N,AM,ITACOATIARA,A121,-3.13333333,-58.48277777,41.54
1537,2019-09-14,04:00,0.0,1005.9,1006.2,1005.9,0,27.9,23.3,28.4,27.9,23.4,23.0,76,73,76,288,2.5,1.1,N,AM,ITACOATIARA,A121,-3.13333333,-58.48277777,41.54
1538,2019-09-14,08:00,0.0,1004.7,1004.8,1004.6,0,25.8,23.7,26.0,25.6,23.8,23.5,89,86,89,314,1.3,0.5,N,AM,ITACOATIARA,A121,-3.13333333,-58.48277777,41.54
1539,2019-09-14,12:00,0.0,1007.4,1007.4,1006.7,994,29.6,24.9,29.6,27.1,24.9,24.0,83,76,76,289,3.0,1.3,N,AM,ITACOATIARA,A121,-3.13333333,-58.48277777,41.54
1540,2019-09-14,16:00,0.0,1006.4,1007.3,1006.3,2941,34.0,22.6,34.5,33.3,23.7,21.8,55,49,52,255,8.8,2.6,N,AM,ITACOATIARA,A121,-3.13333333,-58.48277777,41.54
1541,2019-09-14,20:00,0.0,1003.1,1003.6,1003.1,1555,34.4,20.0,35.2,34.4,21.5,19.3,46,40,43,252,7.0,1.8,N,AM,ITACOATIARA,A121,-3.13333333,-58.48277777,41.54
1542,2019-09-15,00:00,0.0,1005.0,1005.0,1004.1,0,30.0,23.1,31.1,30.0,23.1,22.4,67,60,67,265,2.4,0.1,N,AM,ITACOATIARA,A121,-3.13333333,-58.48277777,41.54
1543,2019-09-15,04:00,0.0,1005.9,1006.3,1005.9,0,27.4,24.1,29.0,27.3,24.3,23.9,82,75,82,200,2.0,0.0,N,AM,ITACOATIARA,A121,-3.13333333,-58.48277777,41.54
1544,2019-09-15,08:00,0.0,1004.7,1004.7,1004.5,0,26.5,24.3,26.6,26.4,24.3,24.1,88,87,88,298,0.8,0.0,N,AM,ITACOATIARA,A121,-3.13333333,-58.48277777,41.54
1545,2019-09-15,12:00,0.0,1007.7,1007.7,1007.2,703,28.5,24.4,28.8,26.6,24.7,24.2,87,78,78,231,2.0,0.4,N,AM,ITACOATIARA,A121,-3.13333333,-58.48277777,41.54
1546,2019-09-15,16:00,0.0,1006.0,1007.1,1006.0,2864,34.1,22.7,34.5,31.3,24.9,22.2,65,51,52,263,4.6,1.3,N,AM,ITACOATIARA,A121,-3.13333333,-58.48277777,41.54
1547,2019-09-15,20:00,0.0,1002.2,1002.6,1002.2,1567,35.1,20.4,35.8,34.3,22.5,19.5,50,39,43,265,4.6,1.5,N,AM,ITACOATIARA,A121,-3.13333333,-58.48277777,41.54
1548,2019-09-16,00:00,0.0,1003.4,1003.4,1002.4,0,28.6,22.9,29.3,28.6,23.2,22.9,72,69,71,317,0.5,0.0,N,AM,ITACOATIARA,A121,-3.13333333,-58.48277777,41.54
1549,2019-09-16,04:00,0.0,1004.9,1005.6,1004.8,0,27.6,25.1,28.1,27.6,25.2,24.9,87,83,87,324,0.4,0.0,N,AM,ITACOATIARA,A121,-3.13333333,-58.48277777,41.54
1550,2019-09-16,08:00,0.0,1003.7,1003.8,1003.6,0,26.5,22.8,26.8,26.4,22.9,22.8,81,79,80,323,4.0,0.5,N,AM,ITACOATIARA,A121,-3.13333333,-58.48277777,41.54
1551,2019-09-16,12:00,0.0,1006.9,1006.9,1006.2,403,27.7,23.9,28.2,26.9,24.4,23.6,83,78,80,305,3.7,1.5,N,AM,ITACOATIARA,A121,-3.13333333,-58.48277777,41.54
1552,2019-09-16,16:00,0.0,1006.7,1007.9,1006.7,1143,26.5,24.1,27.4,25.2,25.2,23.9,93,85,87,331,4.9,1.8,N,AM,ITACOATIARA,A121,-3.13333333,-58.48277777,41.54
1553,2019-09-16,20:00,0.0,1003.0,1003.6,1003.0,598,27.0,23.6,27.3,26.6,24.3,23.5,86,81,82,278,3.2,0.7,N,AM,ITACOATIARA,A121,-3.13333333,-58.48277777,41.54
1554,2019-09-17,00:00,0.0,1004.6,1004.7,1004.1,0,25.2,23.7,25.5,25.2,24.1,23.7,92,91,91,339,2.5,1.0,N,AM,ITACOATIARA,A121,-3.13333333,-58.48277777,41.54
1555,2019-09-17,04:00,0.0,1005.5,1006.0,1005.5,0,24.7,23.8,24.8,24.6,23.8,23.6,94,93,94,330,1.3,0.1,N,AM,ITACOATIARA,A121,-3.13333333,-58.48277777,41.54
1556,2019-09-17,08:00,0.0,1004.6,1004.6,1004.3,0,23.9,23.1,24.0,23.9,23.2,23.1,95,95,95,338,1.7,0.5,N,AM,ITACOATIARA,A121,-3.13333333,-58.48277777,41.54
1557,2019-09-17,12:00,0.0,1007.9,1007.9,1006.9,635,25.4,23.4,25.5,23.7,23.6,22.9,95,88,88,212,1.9,0.4,N,AM,ITACOATIARA,A121,-3.13333333,-58.48277777,41.54
1558,2019-09-17,16:00,0.0,1006.8,1007.8,1006.8,2189,30.0,24.0,30.3,28.8,24.6,23.2,73,70,70,251,4.3,1.4,N,AM,ITACOATIARA,A121,-3.13333333,-58.48277777,41.54
1559,2019-09-17,20:00,0.0,1002.5,1002.6,1002.4,1013,31.2,24.7,31.4,30.2,25.3,24.3,73,69,69,249,3.0,1.2,N,AM,ITACOATIARA,A121,-3.13333333,-58.48277777,41.54
1560,2019-09-18,00:00,0.0,1003.8,1003.9,1002.8,0,27.4,24.8,28.1,27.4,25.0,24.8,86,83,86,345,0.0,0.0,N,AM,ITACOATIARA,A121,-3.13333333,-58.48277777,41.54
1561,2019-09-18,04:00,0.0,1003.7,1004.3,1003.7,0,26.1,24.2,26.4,26.0,24.5,24.1,89,88,89,339,1.3,0.6,N,AM,ITACOATIARA,A121,-3.13333333,-58.48277777,41.54
1562,2019-09-18,08:00,0.0,1003.1,1003.2,1003.0,0,24.8,23.3,24.9,24.8,23.4,23.3,92,91,91,319,1.8,0.1,N,AM,ITACOATIARA,A121,-3.13333333,-58.48277777,41.54
1563,2019-09-18,12:00,0.0,1005.5,1005.5,1004.7,694,27.3,24.2,27.3,26.0,24.4,23.1,86,83,83,296,2.7,0.3,N,AM,ITACOATIARA,A121,-3.13333333,-58.48277777,41.54
1564,2019-09-18,16:00,0.0,1004.8,1005.6,1004.8,2219,30.9,24.7,31.0,29.5,25.4,24.3,76,69,70,235,3.2,1.6,N,AM,ITACOATIARA,A121,-3.13333333,-58.48277777,41.54
1565,2019-09-18,20:00,0.0,1001.1,1001.6,1000.8,287,30.0,24.5,30.3,29.8,24.5,23.1,72,67,72,204,3.2,0.1,N,AM,ITACOATIARA,A121,-3.13333333,-58.48277777,41.54
1566,2019-09-19,00:00,0.0,1003.4,1003.4,1002.8,0,25.4,21.9,25.7,25.2,22.1,21.7,82,79,81,328,2.6,0.1,N,AM,ITACOATIARA,A121,-3.13333333,-58.48277777,41.54
1567,2019-09-19,04:00,0.0,1003.3,1004.3,1003.3,0,24.9,22.2,25.4,24.9,22.6,22.1,86,84,85,309,1.8,0.3,N,AM,ITACOATIARA,A121,-3.13333333,-58.48277777,41.54
1568,2019-09-19,08:00,0.0,1002.6,1002.6,1002.3,0,24.4,22.7,24.6,24.3,22.7,22.5,90,88,90,309,2.8,0.7,N,AM,ITACOATIARA,A121,-3.13333333,-58.48277777,41.54
1569,2019-09-19,12:00,0.0,1004.3,1004.3,1003.7,1044,28.7,24.1,28.7,26.6,24.2,23.2,83,76,76,294,3.2,1.1,N,AM,ITACOATIARA,A121,-3.13333333,-58.48277777,41.54
1570,2019-09-19,16:00,0.0,1004.1,1005.0,1004.1,2950,33.0,23.7,33.7,32.2,24.3,23.0,61,55,58,267,5.2,2.4,N,AM,ITACOATIARA,A121,-3.13333333,-58.48277777,41.54
1571,2019-09-19,20:00,0.0,1001.4,1001.8,1001.3,1468,33.9,22.2,34.8,33.8,23.2,21.8,53,49,51,281,5.9,2.4,N,AM,ITACOATIARA,A121,-3.13333333,-58.48277777,41.54
1572,2019-09-20,00:00,0.0,1002.8,1002.8,1002.0,0,29.7,23.4,30.4,29.7,23.8,23.3,69,67,69,285,2.7,1.2,N,AM,ITACOATIARA,A121,-3.13333333,-58.48277777,41.54
1573,2019-09-20,04:00,0.0,1004.1,1004.7,1004.1,0,26.9,24.1,27.8,26.9,24.2,24.0,85,80,84,307,2.2,1.1,N,AM,ITACOATIARA,A121,-3.13333333,-58.48277777,41.54
1574,2019-09-20,08:00,0.0,1003.3,1003.3,1002.7,0,27.1,23.9,27.6,27.0,24.1,23.8,84,80,83,291,4.8,1.3,N,AM,ITACOATIARA,A121,-3.13333333,-58.48277777,41.54
1575,2019-09-20,12:00,0.0,1006.1,1006.2,1005.7,1109,30.4,24.2,30.5,27.7,25.1,23.9,83,68,70,277,4.1,1.4,N,AM,ITACOATIARA,A121,-3.13333333,-58.48277777,41.54
1576,2019-09-20,16:00,0.0,1005.6,1006.6,1005.6,3003,33.6,22.8,34.3,33.0,23.5,22.1,56,51,54,255,6.5,2.1,N,AM,ITACOATIARA,A121,-3.13333333,-58.48277777,41.54
1577,2019-09-20,20:00,0.0,1002.7,1002.9,1002.6,1608,34.6,21.3,35.3,34.6,21.3,20.4,46,42,46,274,5.6,1.8,N,AM,ITACOATIARA,A121,-3.13333333,-58.48277777,41.54
1578,2019-09-21,00:00,0.0,1003.7,1003.7,1003.2,0,29.6,20.5,30.5,29.6,20.6,20.0,59,53,58,274,2.6,0.8,N,AM,ITACOATIARA,A121,-3.13333333,-58.48277777,41.54
1579,2019-09-21,04:00,0.0,1004.6,1004.9,1004.6,0,26.7,22.5,29.0,26.7,22.5,21.6,78,65,78,295,3.0,0.6,N,AM,ITACOATIARA,A121,-3.13333333,-58.48277777,41.54
1580,2019-09-21,08:00,0.0,1004.4,1004.4,1004.2,0,25.1,22.6,25.4,25.1,22.7,22.6,86,84,86,312,2.0,0.9,N,AM,ITACOATIARA,A121,-3.13333333,-58.48277777,41.54
1581,2019-09-21,12:00,0.0,1006.4,1006.4,1006.2,1079,29.7,23.8,29.7,26.6,24.2,22.9,81,71,71,303,4.5,2.4,N,AM,ITACOATIARA,A121,-3.13333333,-58.48277777,41.54
1582,2019-09-21,16:00,0.0,1005.8,1006.5,1005.8,2956,34.4,20.7,34.7,33.6,22.9,20.5,52,45,45,260,8.4,2.4,N,AM,ITACOATIARA,A121,-3.13333333,-58.48277777,41.54
1583,2019-09-21,20:00,0.0,1002.2,1002.3,1002.2,1471,34.9,19.9,36.6,34.9,20.0,15.9,42,30,42,256,3.9,1.6,N,AM,ITACOATIARA,A121,-3.13333333,-58.48277777,41.54
1584,2019-09-22,00:00,0.0,1003.8,1003.8,1003.3,0,29.3,23.6,30.2,29.3,23.8,23.0,72,65,72,280,0.3,0.0,N,AM,ITACOATIARA,A121,-3.13333333,-58.48277777,41.54
1585,2019-09-22,04:00,0.0,1004.6,1005.1,1004.6,0,28.7,23.8,29.2,28.3,24.2,23.6,78,72,75,278,2.2,0.5,N,AM,ITACOATIARA,A121,-3.13333333,-58.48277777,41.54
1586,2019-09-22,08:00,0.0,1005.6,1005.7,1004.3,0,25.4,22.5,28.4,25.4,25.4,22.4,85,77,84,262,7.8,1.8,N,AM,ITACOATIARA,A121,-3.13333333,-58.48277777,41.54
1587,2019-09-22,12:00,0.0,1008.5,1008.6,1007.5,440,25.8,21.1,26.3,25.7,23.1,21.1,83,75,76,263,6.5,2.4,N,AM,ITACOATIARA,A121,-3.13333333,-58.48277777,41.54
1588,2019-09-22,16:00,0.0,1007.6,1009.0,1007.6,2641,27.1,22.4,27.4,26.2,23.0,21.7,79,73,76,233,6.0,2.1,N,AM,ITACOATIARA,A121,-3.13333333,-58.48277777,41.54
1589,2019-09-22,20:00,0.0,1003.7,1004.1,1003.7,1491,31.3,22.6,31.3,29.6,23.6,22.3,68,60,60,239,3.3,1.4,N,AM,ITACOATIARA,A121,-3.13333333,-58.48277777,41.54
1590,2019-09-23,00:00,0.0,1006.3,1006.3,1005.8,0,28.6,22.8,29.1,28.6,24.0,22.5,76,69,71,235,7.1,4.2,N,AM,ITACOATIARA,A121,-3.13333333,-58.48277777,41.54
1591,2019-09-23,04:00,0.0,1007.9,1008.5,1007.9,0,26.2,23.7,27.0,26.2,23.7,23.4,86,81,86,268,3.6,0.7,N,AM,ITACOATIARA,A121,-3.13333333,-58.48277777,41.54
1592,2019-09-23,08:00,0.0,1008.0,1008.0,1006.7,0,24.9,23.7,25.6,24.9,23.8,23.4,93,88,93,250,3.8,0.7,N,AM,ITACOATIARA,A121,-3.13333333,-58.48277777,41.54
1593,2019-09-23,12:00,0.0,1010.6,1010.6,1009.9,1119,26.5,23.5,26.9,24.6,23.8,22.2,88,82,84,319,2.6,1.1,N,AM,ITACOATIARA,A121,-3.13333333,-58.48277777,41.54
1594,2019-09-23,16:00,0.0,1008.7,1009.7,1008.7,3175,30.2,23.5,30.2,28.9,24.2,22.9,74,67,68,216,3.2,1.8,N,AM,ITACOATIARA,A121,-3.13333333,-58.48277777,41.54
1595,2019-09-23,20:00,0.0,1005.6,1005.9,1005.6,1383,31.2,22.9,31.5,30.6,23.1,22.0,63,59,62,236,2.8,1.5,N,AM,ITACOATIARA,A121,-3.13333333,-58.48277777,41.54
1596,2019-09-24,00:00,0.0,1006.2,1006.2,1005.5,0,27.3,24.1,27.9,27.3,24.2,24.1,83,80,83,288,0.1,0.0,N,AM,ITACOATIARA,A121,-3.13333333,-58.48277777,41.54
1597,2019-09-24,04:00,0.0,1007.8,1008.1,1007.8,0,26.5,23.4,26.5,26.1,23.6,23.1,86,82,83,314,1.5,0.4,N,AM,ITACOATIARA,A121,-3.13333333,-58.48277777,41.54
1598,2019-09-24,08:00,0.0,1006.3,1006.3,1006.0,0,25.5,23.5,25.8,25.5,23.6,23.4,89,88,89,314,1.0,0.0,N,AM,ITACOATIARA,A121,-3.13333333,-58.48277777,41.54
1599,2019-09-24,12:00,0.0,1009.2,1009.3,1008.3,556,27.7,23.6,27.9,26.4,24.0,23.2,84,78,78,296,2.8,0.9,N,AM,ITACOATIARA,A121,-3.13333333,-58.48277777,41.54
1600,2019-09-24,16:00,0.0,1008.0,1008.9,1008.0,1816,30.7,22.7,31.1,30.2,23.3,22.4,65,61,62,231,4.1,2.6,N,AM,ITACOATIARA,A121,-3.13333333,-58.48277777,41.54
1601,2019-09-24,20:00,0.0,1005.8,1005.9,1005.5,918,32.3,23.9,32.4,30.9,24.3,22.6,64,60,61,228,2.5,0.5,N,AM,ITACOATIARA,A121,-3.13333333,-58.48277777,41.54
1602,2019-09-25,00:00,0.0,1007.1,1007.1,1005.7,0,27.8,24.1,29.3,27.8,24.1,23.3,80,70,80,317,2.5,0.0,N,AM,ITACOATIARA,A121,-3.13333333,-58.48277777,41.54
1603,2019-09-25,04:00,0.0,1007.9,1008.7,1007.9,0,25.8,22.0,26.2,25.6,22.1,20.3,80,70,80,218,3.5,0.0,N,AM,ITACOATIARA,A121,-3.13333333,-58.48277777,41.54
1604,2019-09-25,08:00,0.0,1007.6,1007.6,1007.1,0,25.7,23.2,26.6,25.0,24.1,23.0,89,85,86,288,2.2,0.4,N,AM,ITACOATIARA,A121,-3.13333333,-58.48277777,41.54
1605,2019-09-25,12:00,0.0,1009.8,1009.8,1009.3,824,28.3,22.1,28.4,27.0,23.2,21.9,79,69,69,211,3.1,0.5,N,AM,ITACOATIARA,A121,-3.13333333,-58.48277777,41.54
1606,2019-09-25,16:00,0.0,1007.7,1009.4,1007.7,3127,31.8,24.1,31.8,30.0,24.2,23.1,69,62,64,245,3.5,1.5,N,AM,ITACOATIARA,A121,-3.13333333,-58.48277777,41.54
1607,2019-09-25,20:00,0.0,1004.2,1004.5,1003.6,525,28.4,23.8,28.8,28.3,23.9,23.3,77,73,76,337,2.5,0.4,N,AM,ITACOATIARA,A121,-3.13333333,-58.48277777,41.54
1608,2019-09-26,00:00,0.0,1007.6,1007.6,1006.5,0,28.6,23.4,28.7,28.0,23.4,22.8,76,71,74,275,2.9,0.9,N,AM,ITACOATIARA,A121,-3.13333333,-58.48277777,41.54
1609,2019-09-26,04:00,0.0,1008.0,1008.5,1008.0,0,25.4,22.5,25.8,25.2,23.0,22.1,86,83,84,340,3.7,0.9,N,AM,ITACOATIARA,A121,-3.13333333,-58.48277777,41.54
1610,2019-09-26,08:00,0.0,1007.3,1007.3,1007.1,0,24.8,22.4,25.6,24.8,23.4,22.4,88,85,87,319,2.2,0.5,N,AM,ITACOATIARA,A121,-3.13333333,-58.48277777,41.54
1611,2019-09-26,12:00,0.0,1009.1,1009.2,1008.8,921,27.0,23.1,27.8,25.1,23.8,22.5,89,75,79,281,2.3,0.6,N,AM,ITACOATIARA,A121,-3.13333333,-58.48277777,41.54
1612,2019-09-26,16:00,0.0,1007.6,1008.7,1007.6,3117,31.0,23.8,31.5,30.3,24.4,23.0,68,63,65,221,3.6,1.9,N,AM,ITACOATIARA,A121,-3.13333333,-58.48277777,41.54
1613,2019-09-26,20:00,0.0,1003.5,1004.0,1003.5,1580,34.0,23.1,34.8,33.0,23.8,22.3,56,50,53,243,4.1,0.6,N,AM,ITACOATIARA,A121,-3.13333333,-58.48277777,41.54
1614,2019-09-27,00:00,0.0,1005.8,1005.8,1005.3,0,29.0,24.4,29.3,29.0,24.6,24.1,76,74,76,244,0.6,0.0,N,AM,ITACOATIARA,A121,-3.13333333,-58.48277777,41.54
1615,2019-09-27,04:00,0.0,1006.5,1006.8,1006.4,0,28.1,24.0,28.8,28.0,24.8,23.9,81,78,78,218,2.4,0.3,N,AM,ITACOATIARA,A121,-3.13333333,-58.48277777,41.54
1616,2019-09-27,08:00,0.0,1005.9,1005.9,1005.3,0,26.0,23.8,26.6,25.8,23.8,23.4,88,83,88,306,0.7,0.0,N,AM,ITACOATIARA,A121,-3.13333333,-58.48277777,41.54
1617,2019-09-27,12:00,0.0,1007.7,1007.7,1007.2,1091,30.1,23.9,30.1,27.7,25.3,23.6,85,69,69,243,3.6,1.1,N,AM,ITACOATIARA,A121,-3.13333333,-58.48277777,41.54
1618,2019-09-27,16:00,0.0,1005.8,1007.4,1005.8,2411,32.7,24.4,34.2,32.0,25.1,23.8,64,56,62,224,3.6,1.7,N,AM,ITACOATIARA,A121,-3.13333333,-58.48277777,41.54
1619,2019-09-27,20:00,0.0,1003.4,1003.4,1002.5,965,32.3,23.2,32.6,30.9,23.8,22.5,63,58,59,265,3.5,0.2,N,AM,ITACOATIARA,A121,-3.13333333,-58.48277777,41.54
1620,2019-09-28,00:00,0.0,1006.7,1006.7,1005.9,0,26.6,22.9,27.1,26.6,22.9,22.7,80,77,80,319,3.6,0.6,N,AM,ITACOATIARA,A121,-3.13333333,-58.48277777,41.54
1621,2019-09-28,04:00,0.0,1007.8,1008.6,1007.8,0,25.1,22.8,25.4,25.0,22.9,22.7,88,85,87,306,4.1,0.9,N,AM,ITACOATIARA,A121,-3.13333333,-58.48277777,41.54
1622,2019-09-28,08:00,0.0,1006.2,1006.6,1006.2,0,23.7,22.0,24.0,23.7,22.1,22.0,90,89,90,326,2.1,0.4,N,AM,ITACOATIARA,A121,-3.13333333,-58.48277777,41.54
1623,2019-09-28,12:00,0.0,1008.3,1008.4,1007.4,888,26.2,22.2,26.2,23.9,22.5,22.0,91,79,79,297,4.6,2.8,N,AM,ITACOATIARA,A121,-3.13333333,-58.48277777,41.54
1624,2019-09-28,16:00,0.0,1008.4,1009.2,1008.4,2437,30.8,23.0,31.9,29.7,24.2,21.5,66,57,63,256,8.9,2.3,N,AM,ITACOATIARA,A121,-3.13333333,-58.48277777,41.54
1625,2019-09-28,20:00,0.0,1004.8,1005.0,1004.6,1053,29.7,21.9,31.2,29.7,23.0,21.2,64,58,63,267,5.9,2.3,N,AM,ITACOATIARA,A121,-3.13333333,-58.48277777,41.54
1626,2019-09-29,00:00,0.0,1006.3,1006.3,1005.5,0,26.0,22.6,26.5,26.0,22.6,22.4,81,78,81,279,1.8,0.3,N,AM,ITACOATIARA,A121,-3.13333333,-58.48277777,41.54
1627,2019-09-29,04:00,0.0,1007.4,1007.7,1007.3,0,25.0,22.6,25.6,24.9,22.9,22.6,87,85,86,301,1.3,0.0,N,AM,ITACOATIARA,A121,-3.13333333,-58.48277777,41.54
1628,2019-09-29,08:00,0.0,1006.3,1006.3,1005.9,0,24.3,22.8,25.2,24.2,23.7,22.6,92,89,91,316,1.3,0.0,N,AM,ITACOATIARA,A121,-3.13333333,-58.48277777,41.54
1629,2019-09-29,12:00,0.0,1008.0,1008.0,1007.5,1079,27.4,24.0,27.4,25.8,24.2,23.7,89,82,82,241,2.0,0.9,N,AM,ITACOATIARA,A121,-3.13333333,-58.48277777,41.54
1630,2019-09-29,16:00,0.0,1006.8,1007.9,1006.8,2362,32.8,23.8,32.8,30.8,24.4,22.9,65,59,60,219,4.2,1.4,N,AM,ITACOATIARA,A121,-3.13333333,-58.48277777,41.54
1631,2019-09-29,20:00,0.0,1002.4,1003.4,1002.4,1499,34.0,22.8,34.9,33.0,24.5,22.5,57,52,52,260,4.5,1.2,N,AM,ITACOATIARA,A121,-3.13333333,-58.48277777,41.54
1632,2019-09-30,00:00,0.0,1003.8,1003.8,1003.0,0,28.3,23.4,29.2,28.3,23.4,22.6,75,68,75,292,2.6,0.9,N,AM,ITACOATIARA,A121,-3.13333333,-58.48277777,41.54
1633,2019-09-30,04:00,0.0,1005.3,1005.4,1005.2,0,26.5,23.7,27.2,26.4,23.9,23.7,86,82,85,303,1.8,0.6,N,AM,ITACOATIARA,A121,-3.13333333,-58.48277777,41.54
1634,2019-09-30,08:00,0.0,1003.6,1003.7,1003.5,0,25.3,23.4,25.5,25.3,23.5,23.4,89,89,89,294,1.2,0.2,N,AM,ITACOATIARA,A121,-3.13333333,-58.48277777,41.54
1635,2019-09-30,12:00,0.0,1005.8,1005.8,1005.1,1050,29.6,24.8,29.6,26.8,24.9,24.2,87,74,76,251,3.1,1.4,N,AM,ITACOATIARA,A121,-3.13333333,-58.48277777,41.54
1636,2019-09-30,16:00,0.0,1004.9,1005.7,1004.9,3042,34.4,21.7,34.4,32.9,22.5,20.3,53,45,48,246,6.5,2.8,N,AM,ITACOATIARA,A121,-3.13333333,-58.48277777,41.54
1637,2019-09-30,20:00,0.0,1000.8,1001.8,1000.8,1497,33.7,21.2,34.9,33.7,21.3,20.4,48,44,48,247,7.0,1.9,N,AM,ITACOATIARA,A121,-3.13333333,-58.48277777,41.54
1638,2019-10-01,00:00,-9999.0,1001.8,1001.8,1001.0,0,29.3,23.1,30.0,29.3,23.1,22.5,69,64,69,279,2.4,0.6,N,AM,ITACOATIARA,A121,-3.13333333,-58.48277777,41.54
1639,2019-10-01,04:00,-9999.0,1003.3,1004.0,1003.3,0,27.7,22.5,28.4,27.7,22.6,22.2,74,69,74,291,3.6,0.9,N,AM,ITACOATIARA,A121,-3.13333333,-58.48277777,41.54
1640,2019-10-01,08:00,-9999.0,1002.4,1002.5,1002.3,0,25.5,22.6,26.1,25.5,23.5,22.6,87,84,84,324,1.7,0.4,N,AM,ITACOATIARA,A121,-3.13333333,-58.48277777,41.54
1641,2019-10-01,12:00,-9999.0,1005.1,1005.1,1004.6,1079,30.0,23.2,30.0,26.7,23.8,22.8,80,66,67,248,2.3,0.6,N,AM,ITACOATIARA,A121,-3.13333333,-58.48277777,41.54
1642,2019-10-01,16:00,-9999.0,1004.4,1005.4,1004.4,2646,34.5,21.9,34.9,32.7,22.6,21.3,53,48,48,250,5.8,1.9,N,AM,ITACOATIARA,A121,-3.13333333,-58.48277777,41.54
1643,2019-10-01,20:00,-9999.0,1000.8,1001.5,1000.8,1360,33.8,21.2,35.1,33.7,21.4,20.2,48,43,48,250,4.8,1.6,N,AM,ITACOATIARA,A121,-3.13333333,-58.48277777,41.54
1644,2019-10-02,00:00,-9999.0,1002.7,1002.7,1001.7,0,29.3,22.8,30.1,29.3,22.8,22.4,68,63,68,226,1.8,0.1,N,AM,ITACOATIARA,A121,-3.13333333,-58.48277777,41.54
1645,2019-10-02,04:00,-9999.0,1003.6,1004.5,1003.6,0,26.9,23.3,28.1,26.9,23.6,23.1,81,74,81,302,2.3,1.2,N,AM,ITACOATIARA,A121,-3.13333333,-58.48277777,41.54
1646,2019-10-02,08:00,-9999.0,1003.0,1003.0,1002.4,0,25.9,23.8,26.1,25.8,23.8,23.4,88,86,88,310,1.3,0.2,N,AM,ITACOATIARA,A121,-3.13333333,-58.48277777,41.54
1647,2019-10-02,12:00,-9999.0,1005.3,1005.3,1004.7,833,30.3,22.5,30.7,27.5,23.9,22.5,78,63,63,215,2.8,0.8,N,AM,ITACOATIARA,A121,-3.13333333,-58.48277777,41.54
1648,2019-10-02,16:00,-9999.0,1004.3,1005.5,1004.3,3071,35.0,20.1,35.5,33.9,21.1,19.3,45,40,42,236,6.2,2.0,N,AM,ITACOATIARA,A121,-3.13333333,-58.48277777,41.54
1649,2019-10-02,20:00,-9999.0,1000.8,1001.4,1000.8,1487,34.4,21.1,35.2,33.5,22.8,20.6,53,45,46,249,4.3,1.6,N,AM,ITACOATIARA,A121,-3.13333333,-58.48277777,41.54
1650,2019-10-03,00:00,-9999.0,1003.7,1003.7,1002.7,0,29.8,22.8,30.8,29.7,22.8,22.0,66,60,66,295,2.1,0.8,N,AM,ITACOATIARA,A121,-3.13333333,-58.48277777,41.54
1651,2019-10-03,04:00,-9999.0,1005.0,1005.5,1005.0,0,27.6,22.9,28.1,27.4,22.9,21.7,76,68,75,216,1.3,0.0,N,AM,ITACOATIARA,A121,-3.13333333,-58.48277777,41.54
1652,2019-10-03,08:00,-9999.0,1006.1,1006.3,1004.8,0,25.3,22.5,27.5,25.3,23.6,22.1,85,74,85,244,6.9,1.1,N,AM,ITACOATIARA,A121,-3.13333333,-58.48277777,41.54
1653,2019-10-03,12:00,-9999.0,1008.2,1008.2,1007.8,276,25.0,23.0,25.4,24.8,23.0,22.1,89,82,89,339,3.2,1.5,N,AM,ITACOATIARA,A121,-3.13333333,-58.48277777,41.54
1654,2019-10-03,16:00,-9999.0,1007.5,1008.4,1007.5,1713,29.0,23.4,30.2,28.3,24.0,22.3,75,65,72,214,3.4,1.2,N,AM,ITACOATIARA,A121,-3.13333333,-58.48277777,41.54
1655,2019-10-03,20:00,-9999.0,1003.7,1004.3,1003.7,1070,30.6,23.5,32.0,30.2,24.2,23.0,68,62,66,211,3.2,1.3,N,AM,ITACOATIARA,A121,-3.13333333,-58.48277777,41.54
1656,2019-10-04,00:00,-9999.0,1004.8,1004.8,1003.7,0,28.0,23.8,28.0,27.6,24.1,23.8,81,78,78,273,1.1,0.0,N,AM,ITACOATIARA,A121,-3.13333333,-58.48277777,41.54
1657,2019-10-04,04:00,-9999.0,1006.2,1006.5,1006.2,0,26.0,23.4,26.7,26.0,23.5,23.1,86,82,85,282,0.9,0.1,N,AM,ITACOATIARA,A121,-3.13333333,-58.48277777,41.54
1658,2019-10-04,08:00,-9999.0,1005.1,1005.4,1005.1,0,25.2,23.4,25.4,25.1,23.5,23.3,90,89,90,328,0.9,0.1,N,AM,ITACOATIARA,A121,-3.13333333,-58.48277777,41.54
1659,2019-10-04,12:00,-9999.0,1008.4,1008.5,1007.6,50,24.0,22.9,24.0,22.0,22.9,20.9,94,93,94,278,7.7,0.7,N,AM,ITACOATIARA,A121,-3.13333333,-58.48277777,41.54
1660,2019-10-04,16:00,-9999.0,1006.8,1008.0,1006.8,2357,27.5,23.3,27.6,26.5,23.9,23.1,83,78,78,236,3.3,1.6,N,AM,ITACOATIARA,A121,-3.13333333,-58.48277777,41.54
1661,2019-10-04,20:00,-9999.0,1003.0,1003.1,1002.8,949,29.7,24.7,29.7,29.1,24.8,24.2,76,74,74,236,3.1,0.8,N,AM,ITACOATIARA,A121,-3.13333333,-58.48277777,41.54
1662,2019-10-05,00:00,-9999.0,1004.8,1004.8,1004.2,0,26.8,23.4,27.1,26.6,24.2,23.4,85,81,82,234,4.4,1.0,N,AM,ITACOATIARA,A121,-3.13333333,-58.48277777,41.54
1663,2019-10-05,04:00,-9999.0,1005.5,1006.6,1005.5,0,23.9,21.5,24.8,23.8,21.7,20.3,88,76,87,341,1.5,0.0,N,AM,ITACOATIARA,A121,-3.13333333,-58.48277777,41.54
1664,2019-10-05,08:00,-9999.0,1006.3,1006.5,1005.4,0,22.8,21.5,23.3,22.7,21.8,21.4,93,90,93,302,4.0,1.8,N,AM,ITACOATIARA,A121,-3.13333333,-58.48277777,41.54
1665,2019-10-05,12:00,-9999.0,1008.0,1008.0,1007.3,1166,26.5,22.5,26.8,23.9,23.1,21.8,89,77,79,341,3.6,1.0,N,AM,ITACOATIARA,A121,-3.13333333,-58.48277777,41.54
1666,2019-10-05,16:00,-9999.0,1006.7,1008.1,1006.7,2886,30.0,23.8,30.0,28.4,24.1,23.0,74,68,69,234,4.2,2.0,N,AM,ITACOATIARA,A121,-3.13333333,-58.48277777,41.54
1667,2019-10-05,20:00,-9999.0,1002.8,1003.0,1002.8,1160,30.3,22.9,30.7,29.4,23.4,22.2,69,64,65,309,3.9,0.6,N,AM,ITACOATIARA,A121,-3.13333333,-58.48277777,41.54
1668,2019-10-06,00:00,-9999.0,1004.3,1004.3,1003.7,0,27.9,23.1,28.3,27.8,23.2,22.7,75,73,75,291,2.3,0.6,N,AM,ITACOATIARA,A121,-3.13333333,-58.48277777,41.54
1669,2019-10-06,04:00,-9999.0,1004.4,1004.9,1004.4,0,26.6,24.0,27.5,26.6,24.4,23.9,86,82,86,255,1.4,0.0,N,AM,ITACOATIARA,A121,-3.13333333,-58.48277777,41.54
1670,2019-10-06,08:00,-9999.0,1004.2,1004.2,1003.9,0,26.0,24.0,26.5,26.0,24.1,23.9,89,85,89,250,4.5,0.2,N,AM,ITACOATIARA,A121,-3.13333333,-58.48277777,41.54
1671,2019-10-06,12:00,-9999.0,1007.3,1007.3,1006.5,758,27.7,23.6,27.7,26.4,23.8,22.9,85,77,79,227,2.7,0.4,N,AM,ITACOATIARA,A121,-3.13333333,-58.48277777,41.54
1672,2019-10-06,16:00,-9999.0,1006.1,1007.1,1006.1,2713,31.4,23.0,31.7,30.1,24.2,22.8,68,60,61,247,4.0,1.4,N,AM,ITACOATIARA,A121,-3.13333333,-58.48277777,41.54
1673,2019-10-06,20:00,-9999.0,1001.8,1002.4,1001.8,1563,32.1,22.5,33.5,32.0,23.5,21.8,57,52,57,221,3.1,1.3,N,AM,ITACOATIARA,A121,-3.13333333,-58.48277777,41.54
1674,2019-10-07,00:00,-9999.0,1003.6,1003.6,1002.7,0,27.8,24.2,28.8,27.7,24.3,23.6,82,73,81,328,0.1,0.0,N,AM,ITACOATIARA,A121,-3.13333333,-58.48277777,41.54
1675,2019-10-07,04:00,-9999.0,1005.2,1005.9,1005.2,0,27.1,23.9,28.0,27.1,23.9,23.6,83,78,83,292,2.5,0.3,N,AM,ITACOATIARA,A121,-3.13333333,-58.48277777,41.54
1676,2019-10-07,08:00,-9999.0,1004.0,1004.0,1003.8,0,25.5,23.7,26.0,25.4,23.8,23.7,90,87,90,328,0.4,0.0,N,AM,ITACOATIARA,A121,-3.13333333,-58.48277777,41.54
1677,2019-10-07,12:00,-9999.0,1006.3,1006.3,1005.5,897,29.2,24.4,29.2,26.5,25.0,24.1,87,75,75,231,2.5,0.9,N,AM,ITACOATIARA,A121,-3.13333333,-58.48277777,41.54
1678,2019-10-07,16:00,-9999.0,1004.2,1005.7,1004.2,2993,32.5,23.7,33.3,31.5,24.4,22.4,65,54,60,204,3.5,1.2,N,AM,ITACOATIARA,A121,-3.13333333,-58.48277777,41.54
1679,2019-10-07,20:00,-9999.0,1002.2,1003.3,1001.8,167,24.7,22.0,24.9,24.2,23.0,21.9,92,84,85,301,4.2,1.9,N,AM,ITACOATIARA,A121,-3.13333333,-58.48277777,41.54
1680,2019-10-08,00:00,-9999.0,1004.5,1004.5,1003.4,0,24.5,22.4,25.0,24.4,22.4,21.7,88,84,88,316,2.1,0.8,N,AM,ITACOATIARA,A121,-3.13333333,-58.48277777,41.54
1681,2019-10-08,04:00,-9999.0,1004.9,1005.7,1004.9,0,24.7,22.6,24.8,24.4,22.6,22.1,89,85,88,332,1.7,0.3,N,AM,ITACOATIARA,A121,-3.13333333,-58.48277777,41.54
1682,2019-10-08,08:00,-9999.0,1003.8,1004.0,1003.7,0,24.4,23.0,24.5,24.3,23.0,22.6,92,90,92,327,3.7,1.4,N,AM,ITACOATIARA,A121,-3.13333333,-58.48277777,41.54
1683,2019-10-08,12:00,-9999.0,1006.9,1006.9,1005.8,505,25.8,23.4,25.8,25.2,23.4,23.0,88,87,87,332,3.2,1.5,N,AM,ITACOATIARA,A121,-3.13333333,-58.48277777,41.54
1684,2019-10-08,16:00,-9999.0,1004.5,1006.0,1004.5,2620,29.8,24.5,30.6,29.6,24.6,23.3,73,67,73,249,4.6,1.1,N,AM,ITACOATIARA,A121,-3.13333333,-58.48277777,41.54
1685,2019-10-08,20:00,-9999.0,1002.8,1003.6,1002.8,238,24.2,22.6,24.4,23.8,22.6,22.0,91,89,91,294,2.8,0.0,N,AM,ITACOATIARA,A121,-3.13333333,-58.48277777,41.54
1686,2019-10-09,00:00,-9999.0,1004.9,1004.9,1004.6,0,24.9,21.9,25.3,24.8,22.9,21.9,88,82,83,230,5.4,2.7,N,AM,ITACOATIARA,A121,-3.13333333,-58.48277777,41.54
1687,2019-10-09,04:00,-9999.0,1005.8,1006.4,1005.8,0,25.0,22.8,25.1,24.9,22.9,22.3,88,85,88,240,3.4,1.1,N,AM,ITACOATIARA,A121,-3.13333333,-58.48277777,41.54
1688,2019-10-09,08:00,-9999.0,1005.1,1005.1,1004.8,0,24.8,22.6,25.1,24.8,22.7,22.3,88,85,87,240,5.6,0.8,N,AM,ITACOATIARA,A121,-3.13333333,-58.48277777,41.54
1689,2019-10-09,12:00,-9999.0,1007.3,1007.3,1006.6,465,25.8,23.1,25.8,25.2,23.1,22.2,87,83,85,236,3.2,1.1,N,AM,ITACOATIARA,A121,-3.13333333,-58.48277777,41.54
1690,2019-10-09,16:00,-9999.0,1005.6,1006.7,1005.6,2608,30.6,24.1,31.3,29.2,24.7,22.7,72,65,68,236,4.6,1.1,N,AM,ITACOATIARA,A121,-3.13333333,-58.48277777,41.54
1691,2019-10-09,20:00,-9999.0,1001.9,1002.1,1001.8,1372,30.8,22.7,31.2,30.5,23.4,22.2,65,59,62,290,4.3,2.2,N,AM,ITACOATIARA,A121,-3.13333333,-58.48277777,41.54
1692,2019-10-10,00:00,-9999.0,1003.9,1004.0,1003.5,0,26.8,23.3,27.4,26.8,23.6,23.1,81,77,81,298,2.1,1.3,N,AM,ITACOATIARA,A121,-3.13333333,-58.48277777,41.54
1693,2019-10-10,04:00,-9999.0,1004.2,1005.0,1004.2,0,25.6,23.4,26.1,25.4,23.6,23.3,88,86,88,323,2.7,0.2,N,AM,ITACOATIARA,A121,-3.13333333,-58.48277777,41.54
1694,2019-10-10,08:00,-9999.0,1003.3,1003.5,1003.3,0,25.0,22.7,25.3,24.8,23.1,22.7,89,87,87,335,2.4,0.4,N,AM,ITACOATIARA,A121,-3.13333333,-58.48277777,41.54
1695,2019-10-10,12:00,-9999.0,1006.4,1006.4,1005.6,607,27.3,23.7,27.4,26.2,23.9,22.6,83,78,81,249,2.1,0.6,N,AM,ITACOATIARA,A121,-3.13333333,-58.48277777,41.54
1696,2019-10-10,16:00,-9999.0,1005.3,1006.5,1005.3,1011,27.9,23.0,28.2,27.2,24.8,23.0,85,75,75,233,2.8,1.0,N,AM,ITACOATIARA,A121,-3.13333333,-58.48277777,41.54
1697,2019-10-10,20:00,-9999.0,1001.9,1002.4,1001.9,803,30.8,23.4,31.1,30.5,23.6,22.6,66,62,65,278,2.3,0.5,N,AM,ITACOATIARA,A121,-3.13333333,-58.48277777,41.54
1698,2019-10-11,00:00,-9999.0,1003.1,1003.1,1002.6,0,26.6,23.9,27.1,26.6,24.1,23.7,85,83,85,268,0.2,0.0,N,AM,ITACOATIARA,A121,-3.13333333,-58.48277777,41.54
1699,2019-10-11,04:00,-9999.0,1004.4,1005.1,1004.4,0,25.6,24.0,26.0,25.6,24.5,23.8,91,89,91,326,3.5,0.5,N,AM,ITACOATIARA,A121,-3.13333333,-58.48277777,41.54
1700,2019-10-11,08:00,-9999.0,1004.6,1004.6,1003.8,0,24.9,23.0,25.3,24.8,23.6,23.0,92,89,90,303,3.5,0.4,N,AM,ITACOATIARA,A121,-3.13333333,-58.48277777,41.54
1701,2019-10-11,12:00,-9999.0,1007.1,1007.2,1006.7,782,26.9,24.0,26.9,25.6,24.0,22.8,85,83,84,317,2.3,0.7,N,AM,ITACOATIARA,A121,-3.13333333,-58.48277777,41.54
1702,2019-10-11,16:00,-9999.0,1005.9,1006.9,1005.9,3110,32.4,22.5,32.8,30.5,24.6,22.0,70,54,56,267,7.2,2.8,N,AM,ITACOATIARA,A121,-3.13333333,-58.48277777,41.54
1703,2019-10-11,20:00,-9999.0,1002.1,1002.8,1002.0,1367,33.2,21.0,33.5,32.4,21.8,19.9,54,47,49,248,4.9,1.4,N,AM,ITACOATIARA,A121,-3.13333333,-58.48277777,41.54
1704,2019-10-12,00:00,-9999.0,1003.7,1003.7,1002.7,0,29.0,22.7,29.3,28.2,23.6,22.7,76,68,69,282,2.2,0.4,N,AM,ITACOATIARA,A121,-3.13333333,-58.48277777,41.54
1705,2019-10-12,04:00,-9999.0,1004.5,1005.0,1004.4,0,26.5,24.2,26.7,26.4,24.3,24.1,87,87,87,299,1.0,0.2,N,AM,ITACOATIARA,A121,-3.13333333,-58.48277777,41.54
1706,2019-10-12,08:00,-9999.0,1004.6,1004.6,1004.4,0,25.4,23.7,26.0,25.4,23.9,23.6,90,87,90,292,0.2,0.0,N,AM,ITACOATIARA,A121,-3.13333333,-58.48277777,41.54
1707,2019-10-12,12:00,-9999.0,1006.7,1006.7,1006.1,1043,29.3,24.0,29.3,27.2,25.0,23.5,85,73,73,257,2.6,0.9,N,AM,ITACOATIARA,A121,-3.13333333,-58.48277777,41.54
1708,2019-10-12,16:00,-9999.0,1005.6,1006.5,1005.6,2556,32.7,22.6,32.9,31.4,24.9,22.3,66,54,55,264,7.1,2.4,N,AM,ITACOATIARA,A121,-3.13333333,-58.48277777,41.54
1709,2019-10-12,20:00,-9999.0,1001.6,1002.2,1001.6,1576,33.4,21.1,33.9,33.1,21.2,19.9,49,45,49,260,7.6,1.8,N,AM,ITACOATIARA,A121,-3.13333333,-58.48277777,41.54
1710,2019-10-13,00:00,-9999.0,1002.7,1002.7,1002.1,0,28.8,22.4,29.0,28.4,22.8,22.1,71,67,68,275,2.3,0.9,N,AM,ITACOATIARA,A121,-3.13333333,-58.48277777,41.54
1711,2019-10-13,04:00,-9999.0,1004.3,1005.0,1004.3,0,25.9,22.9,26.2,25.9,23.0,22.7,84,81,84,295,0.0,0.0,N,AM,ITACOATIARA,A121,-3.13333333,-58.48277777,41.54
1712,2019-10-13,08:00,-9999.0,1003.9,1003.9,1003.6,0,25.5,23.0,26.4,25.5,23.2,22.8,86,81,86,304,1.5,0.9,N,AM,ITACOATIARA,A121,-3.13333333,-58.48277777,41.54
1713,2019-10-13,12:00,-9999.0,1007.0,1007.0,1006.3,1061,28.4,24.1,28.7,26.9,24.4,23.4,84,76,77,205,1.8,0.2,N,AM,ITACOATIARA,A121,-3.13333333,-58.48277777,41.54
1714,2019-10-13,16:00,-9999.0,1005.0,1006.1,1005.0,3130,33.4,21.9,34.5,32.9,23.7,21.7,56,50,51,248,5.7,1.6,N,AM,ITACOATIARA,A121,-3.13333333,-58.48277777,41.54
1715,2019-10-13,20:00,-9999.0,1001.3,1001.8,1001.3,1512,34.1,20.4,34.9,34.1,21.6,20.1,47,42,45,240,4.7,1.1,N,AM,ITACOATIARA,A121,-3.13333333,-58.48277777,41.54
1716,2019-10-14,00:00,-9999.0,1003.6,1003.6,1002.5,0,28.7,22.6,29.2,28.6,23.4,22.6,72,68,70,303,0.2,0.0,N,AM,ITACOATIARA,A121,-3.13333333,-58.48277777,41.54
1717,2019-10-14,04:00,-9999.0,1004.6,1005.2,1004.6,0,26.5,23.1,27.9,26.5,23.9,23.1,83,78,82,321,3.6,0.8,N,AM,ITACOATIARA,A121,-3.13333333,-58.48277777,41.54
1718,2019-10-14,08:00,-9999.0,1004.2,1004.3,1004.1,0,24.1,21.5,24.8,24.1,21.8,21.5,85,83,85,308,4.7,2.4,N,AM,ITACOATIARA,A121,-3.13333333,-58.48277777,41.54
1719,2019-10-14,12:00,-9999.0,1006.7,1006.8,1006.5,809,26.4,21.9,26.5,24.6,22.1,21.2,82,75,77,323,3.8,1.6,N,AM,ITACOATIARA,A121,-3.13333333,-58.48277777,41.54
1720,2019-10-14,16:00,-9999.0,1005.9,1006.9,1005.9,2137,30.3,23.4,30.5,29.2,23.7,22.8,70,66,67,236,3.8,2.0,N,AM,ITACOATIARA,A121,-3.13333333,-58.48277777,41.54
1721,2019-10-14,20:00,-9999.0,1002.9,1003.3,1002.8,1044,30.1,24.1,31.6,30.1,24.1,23.2,71,62,70,237,5.3,2.7,N,AM,ITACOATIARA,A121,-3.13333333,-58.48277777,41.54
1722,2019-10-15,00:00,-9999.0,1004.8,1004.8,1003.6,0,27.4,24.6,27.8,27.4,24.6,24.3,85,82,85,231,6.1,3.2,N,AM,ITACOATIARA,A121,-3.13333333,-58.48277777,41.54
1723,2019-10-15,04:00,-9999.0,1006.3,1006.8,1006.3,0,26.7,23.8,27.0,26.5,24.2,23.7,85,83,84,256,4.0,1.1,N,AM,ITACOATIARA,A121,-3.13333333,-58.48277777,41.54
1724,2019-10-15,08:00,-9999.0,1005.8,1006.1,1005.3,0,23.4,21.3,23.5,22.8,21.3,20.5,90,86,88,276,5.7,0.2,N,AM,ITACOATIARA,A121,-3.13333333,-58.48277777,41.54
1725,2019-10-15,12:00,-9999.0,1008.8,1008.8,1007.5,341,24.3,22.0,24.3,23.8,22.3,21.1,89,84,87,260,4.7,0.8,N,AM,ITACOATIARA,A121,-3.13333333,-58.48277777,41.54
1726,2019-10-15,16:00,-9999.0,1009.1,1010.5,1009.1,508,24.2,21.5,24.2,23.1,21.6,21.0,90,84,85,260,5.4,0.4,N,AM,ITACOATIARA,A121,-3.13333333,-58.48277777,41.54
1727,2019-10-15,20:00,-9999.0,1004.7,1005.5,1004.7,634,25.3,22.7,25.4,24.9,23.2,22.4,88,85,86,308,4.3,1.7,N,AM,ITACOATIARA,A121,-3.13333333,-58.48277777,41.54
1728,2019-10-16,00:00,-9999.0,1006.1,1006.2,1005.8,0,24.2,22.4,24.5,24.2,22.5,22.2,90,88,90,304,1.2,0.7,N,AM,ITACOATIARA,A121,-3.13333333,-58.48277777,41.54
1729,2019-10-16,04:00,-9999.0,1006.9,1007.6,1006.9,0,23.5,21.9,24.2,23.5,22.2,21.9,91,88,91,343,3.1,1.0,N,AM,ITACOATIARA,A121,-3.13333333,-58.48277777,41.54
1730,2019-10-16,08:00,-9999.0,1006.0,1006.2,1005.8,0,23.5,21.6,23.8,23.4,21.9,21.5,90,88,89,344,2.3,1.0,N,AM,ITACOATIARA,A121,-3.13333333,-58.48277777,41.54
1731,2019-10-16,12:00,-9999.0,1009.4,1009.5,1008.3,1143,25.8,22.6,26.1,24.2,23.3,22.3,89,82,83,220,2.2,0.6,N,AM,ITACOATIARA,A121,-3.13333333,-58.48277777,41.54
1732,2019-10-16,16:00,-9999.0,1007.7,1008.8,1007.7,2622,28.4,23.0,30.4,28.4,24.4,22.5,74,67,72,218,4.2,1.5,N,AM,ITACOATIARA,A121,-3.13333333,-58.48277777,41.54
1733,2019-10-16,20:00,-9999.0,1004.2,1004.7,1004.2,1283,30.7,23.7,31.4,29.9,24.3,22.4,70,61,66,236,3.8,0.5,N,AM,ITACOATIARA,A121,-3.13333333,-58.48277777,41.54
1734,2019-10-17,00:00,-9999.0,1006.4,1006.4,1005.0,0,26.4,23.6,27.2,26.4,23.9,23.4,85,81,85,335,2.3,0.0,N,AM,ITACOATIARA,A121,-3.13333333,-58.48277777,41.54
1735,2019-10-17,04:00,-9999.0,1006.7,1007.2,1006.7,0,25.1,23.0,25.6,25.1,23.4,22.9,90,87,88,310,4.0,0.5,N,AM,ITACOATIARA,A121,-3.13333333,-58.48277777,41.54
1736,2019-10-17,08:00,-9999.0,1005.9,1006.1,1005.8,0,24.3,22.4,25.1,24.2,22.9,22.3,90,85,89,334,2.6,0.6,N,AM,ITACOATIARA,A121,-3.13333333,-58.48277777,41.54
1737,2019-10-17,12:00,-9999.0,1008.8,1008.8,1007.9,555,26.1,23.4,26.3,25.4,23.8,22.8,88,85,85,293,2.9,0.3,N,AM,ITACOATIARA,A121,-3.13333333,-58.48277777,41.54
1738,2019-10-17,16:00,-9999.0,1007.7,1009.3,1007.6,2733,29.9,23.5,30.5,29.2,24.6,23.2,73,68,69,235,3.9,1.9,N,AM,ITACOATIARA,A121,-3.13333333,-58.48277777,41.54
1739,2019-10-17,20:00,-9999.0,1003.5,1004.7,1003.5,432,28.7,24.9,29.5,28.6,25.1,23.5,80,70,80,321,3.8,1.1,N,AM,ITACOATIARA,A121,-3.13333333,-58.48277777,41.54
1740,2019-10-18,00:00,-9999.0,1005.4,1005.4,1004.8,0,26.8,22.8,26.8,26.0,23.3,22.8,84,78,78,328,2.4,0.6,N,AM,ITACOATIARA,A121,-3.13333333,-58.48277777,41.54
1741,2019-10-18,04:00,-9999.0,1006.7,1007.0,1006.7,0,25.3,22.9,25.5,25.1,23.1,22.8,87,86,86,302,2.3,1.4,N,AM,ITACOATIARA,A121,-3.13333333,-58.48277777,41.54
1742,2019-10-18,08:00,-9999.0,1006.1,1006.1,1005.6,0,24.8,23.0,25.5,24.6,23.3,22.8,90,88,90,270,2.9,1.2,N,AM,ITACOATIARA,A121,-3.13333333,-58.48277777,41.54
1743,2019-10-18,12:00,-9999.0,1008.4,1008.4,1007.8,945,26.2,22.6,26.7,24.8,22.9,22.0,87,78,81,236,2.0,0.1,N,AM,ITACOATIARA,A121,-3.13333333,-58.48277777,41.54
1744,2019-10-18,16:00,-9999.0,1007.3,1008.2,1007.3,2299,29.7,23.6,30.8,29.3,24.2,22.6,71,65,70,229,4.1,0.8,N,AM,ITACOATIARA,A121,-3.13333333,-58.48277777,41.54
1745,2019-10-18,20:00,-9999.0,1002.6,1003.6,1002.4,768,30.4,22.5,32.6,30.4,22.5,21.2,63,54,63,268,5.1,1.4,N,AM,ITACOATIARA,A121,-3.13333333,-58.48277777,41.54
1746,2019-10-19,00:00,-9999.0,1004.9,1004.9,1004.2,0,27.9,24.8,28.1,27.8,24.8,24.1,83,80,83,268,2.2,0.2,N,AM,ITACOATIARA,A121,-3.13333333,-58.48277777,41.54
1747,2019-10-19,04:00,-9999.0,1006.1,1007.0,1006.1,0,26.1,24.0,26.6,26.1,24.4,24.0,88,86,88,287,2.1,0.2,N,AM,ITACOATIARA,A121,-3.13333333,-58.48277777,41.54
1748,2019-10-19,08:00,-9999.0,1004.5,1004.5,1004.3,0,24.3,23.1,25.1,24.2,23.8,23.1,93,92,93,344,2.6,1.3,N,AM,ITACOATIARA,A121,-3.13333333,-58.48277777,41.54
1749,2019-10-19,12:00,-9999.0,1007.9,1007.9,1007.0,798,26.6,23.8,27.2,25.5,24.3,23.5,90,82,85,223,2.2,0.5,N,AM,ITACOATIARA,A121,-3.13333333,-58.48277777,41.54
1750,2019-10-19,16:00,-9999.0,1006.9,1007.9,1006.9,2049,29.2,23.8,31.1,29.1,24.6,23.1,75,64,73,221,4.8,1.8,N,AM,ITACOATIARA,A121,-3.13333333,-58.48277777,41.54
1751,2019-10-19,20:00,-9999.0,1003.2,1003.3,1003.0,447,28.6,24.0,28.8,28.4,24.4,23.4,78,73,76,299,2.9,1.2,N,AM,ITACOATIARA,A121,-3.13333333,-58.48277777,41.54
1752,2019-10-20,00:00,-9999.0,1005.1,1005.1,1003.9,0,26.2,24.0,26.6,26.2,24.1,23.8,88,85,88,290,1.5,0.0,N,AM,ITACOATIARA,A121,-3.13333333,-58.48277777,41.54
1753,2019-10-20,04:00,-9999.0,1006.2,1006.6,1006.2,0,26.1,24.1,26.5,25.9,24.3,24.0,89,87,89,341,3.1,1.0,N,AM,ITACOATIARA,A121,-3.13333333,-58.48277777,41.54
1754,2019-10-20,08:00,-9999.0,1004.9,1004.9,1004.4,0,25.1,23.5,25.4,25.1,23.6,23.4,91,90,91,303,3.2,0.2,N,AM,ITACOATIARA,A121,-3.13333333,-58.48277777,41.54
1755,2019-10-20,12:00,-9999.0,1007.6,1007.6,1007.0,1041,26.7,23.7,26.7,25.1,23.7,22.9,90,82,83,239,3.6,1.5,N,AM,ITACOATIARA,A121,-3.13333333,-58.48277777,41.54
1756,2019-10-20,16:00,-9999.0,1005.7,1006.7,1005.6,2489,30.9,23.6,31.2,28.2,25.0,23.1,79,64,65,320,4.9,1.1,N,AM,ITACOATIARA,A121,-3.13333333,-58.48277777,41.54
1757,2019-10-20,20:00,-9999.0,1003.2,1003.4,1002.8,754,28.8,23.9,30.4,28.8,23.9,22.1,75,62,75,327,4.5,1.4,N,AM,ITACOATIARA,A121,-3.13333333,-58.48277777,41.54
1758,2019-10-21,00:00,-9999.0,1005.2,1005.2,1003.9,0,25.1,22.7,25.3,24.9,22.8,22.5,88,85,87,319,3.0,0.3,N,AM,ITACOATIARA,A121,-3.13333333,-58.48277777,41.54
1759,2019-10-21,04:00,-9999.0,1005.8,1006.3,1005.7,0,23.6,21.9,24.3,23.6,22.6,21.9,90,89,90,272,2.9,1.2,N,AM,ITACOATIARA,A121,-3.13333333,-58.48277777,41.54
1760,2019-10-21,08:00,-9999.0,1005.3,1005.4,1005.2,0,23.7,22.0,23.9,23.6,22.1,21.8,91,88,91,291,2.1,0.1,N,AM,ITACOATIARA,A121,-3.13333333,-58.48277777,41.54
1761,2019-10-21,12:00,-9999.0,1008.4,1008.8,1008.4,33,22.3,21.3,22.3,21.8,21.3,20.8,94,94,94,319,2.8,1.1,N,AM,ITACOATIARA,A121,-3.13333333,-58.48277777,41.54
1762,2019-10-21,16:00,-9999.0,1007.5,1009.3,1007.5,898,25.1,21.8,25.1,23.7,22.5,21.4,91,82,82,248,4.3,1.2,N,AM,ITACOATIARA,A121,-3.13333333,-58.48277777,41.54
1763,2019-10-21,20:00,-9999.0,1003.4,1003.7,1003.4,729,27.4,23.3,28.4,27.3,23.9,22.4,80,71,78,221,2.5,0.3,N,AM,ITACOATIARA,A121,-3.13333333,-58.48277777,41.54
1764,2019-10-22,00:00,-9999.0,1004.8,1004.8,1004.6,0,25.5,22.3,26.4,25.5,22.8,22.3,83,79,82,293,3.9,1.1,N,AM,ITACOATIARA,A121,-3.13333333,-58.48277777,41.54
1765,2019-10-22,04:00,-9999.0,1005.7,1006.2,1005.7,0,24.7,22.9,25.0,24.5,23.3,22.9,91,89,89,211,1.4,0.1,N,AM,ITACOATIARA,A121,-3.13333333,-58.48277777,41.54
1766,2019-10-22,08:00,-9999.0,1005.1,1005.2,1004.9,0,24.6,21.7,24.7,24.5,22.9,21.7,90,83,84,226,3.0,0.3,N,AM,ITACOATIARA,A121,-3.13333333,-58.48277777,41.54
1767,2019-10-22,12:00,-9999.0,1007.6,1007.6,1007.2,710,25.9,22.2,26.1,24.7,23.0,21.2,86,78,80,261,3.0,0.9,N,AM,ITACOATIARA,A121,-3.13333333,-58.48277777,41.54
1768,2019-10-22,16:00,-9999.0,1005.6,1007.3,1005.6,3046,30.5,23.5,30.6,29.1,24.1,23.0,73,66,66,235,3.6,1.8,N,AM,ITACOATIARA,A121,-3.13333333,-58.48277777,41.54
1769,2019-10-22,20:00,-9999.0,1002.6,1002.6,1002.0,325,27.4,22.5,27.6,27.4,22.7,22.1,75,73,74,217,2.1,0.0,N,AM,ITACOATIARA,A121,-3.13333333,-58.48277777,41.54
1770,2019-10-23,00:00,-9999.0,1005.0,1005.0,1003.8,0,25.6,23.0,25.9,25.6,23.1,22.8,86,84,86,230,2.4,0.0,N,AM,ITACOATIARA,A121,-3.13333333,-58.48277777,41.54
1771,2019-10-23,04:00,-9999.0,1005.6,1006.0,1005.6,0,25.0,23.4,25.2,25.0,23.7,23.4,92,91,91,335,2.2,0.8,N,AM,ITACOATIARA,A121,-3.13333333,-58.48277777,41.54
1772,2019-10-23,08:00,-9999.0,1003.9,1003.9,1003.3,0,24.4,22.8,24.9,24.4,23.1,22.8,91,89,91,333,1.6,0.1,N,AM,ITACOATIARA,A121,-3.13333333,-58.48277777,41.54
1773,2019-10-23,12:00,-9999.0,1006.5,1006.5,1005.8,578,26.6,22.7,26.6,25.5,23.4,22.6,85,79,79,275,2.4,0.6,N,AM,ITACOATIARA,A121,-3.13333333,-58.48277777,41.54
1774,2019-10-23,16:00,-9999.0,1005.5,1006.8,1005.5,2761,30.7,23.0,30.7,29.3,24.3,22.3,72,63,64,221,3.7,1.8,N,AM,ITACOATIARA,A121,-3.13333333,-58.48277777,41.54
1775,2019-10-23,20:00,-9999.0,1001.8,1002.0,1001.4,809,27.6,22.1,32.0,27.6,24.1,21.3,72,60,72,265,5.4,1.9,N,AM,ITACOATIARA,A121,-3.13333333,-58.48277777,41.54
1776,2019-10-24,00:00,-9999.0,1004.8,1004.8,1003.7,0,25.6,23.2,25.7,25.6,23.2,22.9,86,85,86,301,4.4,0.0,N,AM,ITACOATIARA,A121,-3.13333333,-58.48277777,41.54
1777,2019-10-24,04:00,-9999.0,1005.1,1005.6,1005.1,0,25.1,23.2,25.8,25.1,23.8,23.1,89,88,89,251,1.8,0.0,N,AM,ITACOATIARA,A121,-3.13333333,-58.48277777,41.54
1778,2019-10-24,08:00,-9999.0,1004.2,1004.2,1003.8,0,25.0,23.4,25.1,24.9,23.5,23.2,91,90,91,257,2.8,0.1,N,AM,ITACOATIARA,A121,-3.13333333,-58.48277777,41.54
1779,2019-10-24,12:00,-9999.0,1007.2,1007.2,1006.4,1101,27.7,24.0,27.8,26.1,24.3,23.3,86,78,81,223,2.3,0.8,N,AM,ITACOATIARA,A121,-3.13333333,-58.48277777,41.54
1780,2019-10-24,16:00,-9999.0,1005.6,1006.5,1005.6,2776,31.9,22.8,32.0,31.1,23.5,21.4,62,55,59,290,6.3,2.3,N,AM,ITACOATIARA,A121,-3.13333333,-58.48277777,41.54
1781,2019-10-24,20:00,-9999.0,1001.7,1001.7,1001.6,1489,32.6,21.3,33.1,32.1,23.6,21.3,59,52,52,283,7.6,1.4,N,AM,ITACOATIARA,A121,-3.13333333,-58.48277777,41.54
1782,2019-10-25,00:00,-9999.0,1003.9,1003.9,1003.0,0,27.6,24.0,28.3,27.4,24.0,23.7,82,77,81,282,2.0,0.3,N,AM,ITACOATIARA,A121,-3.13333333,-58.48277777,41.54
1783,2019-10-25,04:00,-9999.0,1004.9,1005.5,1004.9,0,27.3,24.5,27.6,26.9,25.0,24.1,87,85,85,237,2.5,1.6,N,AM,ITACOATIARA,A121,-3.13333333,-58.48277777,41.54
1784,2019-10-25,08:00,-9999.0,1004.5,1004.5,1003.8,0,25.7,23.7,26.5,25.7,24.4,23.7,89,88,89,323,2.2,0.6,N,AM,ITACOATIARA,A121,-3.13333333,-58.48277777,41.54
1785,2019-10-25,12:00,-9999.0,1007.4,1007.4,1007.0,1186,28.7,24.7,28.8,26.5,24.8,24.0,87,79,79,317,2.8,0.8,N,AM,ITACOATIARA,A121,-3.13333333,-58.48277777,41.54
1786,2019-10-25,16:00,-9999.0,1006.6,1007.7,1006.6,2199,31.1,23.7,31.2,30.3,24.2,22.9,67,62,65,229,3.3,1.2,N,AM,ITACOATIARA,A121,-3.13333333,-58.48277777,41.54
1787,2019-10-25,20:00,-9999.0,1003.5,1003.7,1002.9,1011,30.9,24.3,32.6,30.8,24.6,22.0,70,55,68,258,3.7,1.4,N,AM,ITACOATIARA,A121,-3.13333333,-58.48277777,41.54
1788,2019-10-26,00:00,-9999.0,1005.0,1005.1,1004.3,0,27.2,23.8,27.2,27.0,24.1,23.2,83,79,82,248,5.3,1.6,N,AM,ITACOATIARA,A121,-3.13333333,-58.48277777,41.54
1789,2019-10-26,04:00,-9999.0,1006.0,1006.6,1006.0,0,25.0,23.1,25.4,25.0,23.3,22.9,90,86,89,236,5.6,3.2,N,AM,ITACOATIARA,A121,-3.13333333,-58.48277777,41.54
1790,2019-10-26,08:00,-9999.0,1005.8,1005.9,1005.2,0,24.5,22.1,24.7,24.5,22.4,21.9,88,85,87,228,4.8,2.4,N,AM,ITACOATIARA,A121,-3.13333333,-58.48277777,41.54
1791,2019-10-26,12:00,-9999.0,1008.0,1008.0,1007.4,1228,26.6,22.4,26.6,25.7,22.4,21.5,81,77,78,231,4.0,1.9,N,AM,ITACOATIARA,A121,-3.13333333,-58.48277777,41.54
1792,2019-10-26,16:00,-9999.0,1006.6,1007.7,1006.6,2897,30.3,23.0,30.3,28.9,23.5,21.1,72,58,65,233,3.3,1.9,N,AM,ITACOATIARA,A121,-3.13333333,-58.48277777,41.54
1793,2019-10-26,20:00,-9999.0,1002.9,1003.4,1002.9,1436,32.3,23.5,32.8,31.5,24.7,23.3,65,59,60,213,2.9,0.8,N,AM,ITACOATIARA,A121,-3.13333333,-58.48277777,41.54
1794,2019-10-27,00:00,-9999.0,1005.0,1005.0,1003.6,0,25.8,22.7,26.8,25.8,23.2,22.3,83,80,83,230,5.4,0.8,N,AM,ITACOATIARA,A121,-3.13333333,-58.48277777,41.54
1795,2019-10-27,04:00,-9999.0,1005.5,1006.4,1005.5,0,24.5,21.7,24.8,24.5,21.9,21.7,85,83,84,272,2.3,0.5,N,AM,ITACOATIARA,A121,-3.13333333,-58.48277777,41.54
1796,2019-10-27,08:00,-9999.0,1004.5,1004.5,1004.1,0,24.4,22.5,24.8,24.3,22.6,22.3,89,87,89,237,1.4,0.0,N,AM,ITACOATIARA,A121,-3.13333333,-58.48277777,41.54
1797,2019-10-27,12:00,-9999.0,1007.6,1007.6,1006.8,1069,27.8,22.8,27.8,25.3,23.1,22.3,85,74,74,274,3.0,1.1,N,AM,ITACOATIARA,A121,-3.13333333,-58.48277777,41.54
1798,2019-10-27,16:00,-9999.0,1005.5,1006.5,1005.5,2776,32.7,22.5,33.4,32.1,23.5,21.8,59,53,55,246,5.9,1.8,N,AM,ITACOATIARA,A121,-3.13333333,-58.48277777,41.54
1799,2019-10-27,20:00,-9999.0,1001.8,1002.1,1001.8,1418,33.1,22.6,33.6,32.9,22.8,21.2,55,49,54,248,6.3,1.6,N,AM,ITACOATIARA,A121,-3.13333333,-58.48277777,41.54
1800,2019-10-28,00:00,-9999.0,1003.4,1003.4,1002.6,0,28.5,23.6,29.7,28.4,23.6,22.7,75,66,75,291,2.2,0.8,N,AM,ITACOATIARA,A121,-3.13333333,-58.48277777,41.54
1801,2019-10-28,04:00,-9999.0,1005.0,1005.4,1005.0,0,27.2,24.3,27.6,27.2,25.1,24.3,86,84,84,279,1.5,0.0,N,AM,ITACOATIARA,A121,-3.13333333,-58.48277777,41.54
1802,2019-10-28,08:00,-9999.0,1003.7,1003.7,1003.2,0,25.3,23.5,26.0,25.2,23.6,22.9,90,84,90,311,0.7,0.1,N,AM,ITACOATIARA,A121,-3.13333333,-58.48277777,41.54
1803,2019-10-28,12:00,-9999.0,1007.1,1007.1,1006.2,902,27.8,23.4,28.1,26.8,24.2,23.2,82,76,77,298,3.5,1.7,N,AM,ITACOATIARA,A121,-3.13333333,-58.48277777,41.54
1804,2019-10-28,16:00,-9999.0,1005.2,1006.7,1005.2,2188,33.1,22.5,33.6,31.1,25.1,22.5,67,53,54,254,4.9,1.6,N,AM,ITACOATIARA,A121,-3.13333333,-58.48277777,41.54
1805,2019-10-28,20:00,-9999.0,1001.5,1002.2,1001.5,1275,33.0,23.2,33.7,32.8,23.3,22.3,57,52,56,261,5.8,1.5,N,AM,ITACOATIARA,A121,-3.13333333,-58.48277777,41.54
1806,2019-10-29,00:00,-9999.0,1003.5,1003.5,1002.7,0,28.0,23.8,29.1,27.9,24.9,23.4,80,76,78,197,1.8,0.3,N,AM,ITACOATIARA,A121,-3.13333333,-58.48277777,41.54
1807,2019-10-29,04:00,-9999.0,1004.5,1005.2,1004.5,0,26.4,23.3,27.1,26.3,24.2,23.3,85,83,83,321,1.9,0.2,N,AM,ITACOATIARA,A121,-3.13333333,-58.48277777,41.54
1808,2019-10-29,08:00,-9999.0,1003.4,1003.4,1002.9,0,25.7,23.2,25.7,25.3,23.6,23.2,89,86,86,275,2.5,0.1,N,AM,ITACOATIARA,A121,-3.13333333,-58.48277777,41.54
1809,2019-10-29,12:00,-9999.0,1006.0,1006.0,1005.1,959,28.0,23.6,28.2,26.6,24.2,23.1,83,75,77,329,2.5,0.8,N,AM,ITACOATIARA,A121,-3.13333333,-58.48277777,41.54
1810,2019-10-29,16:00,-9999.0,1004.2,1005.6,1004.2,2706,31.8,24.0,32.7,31.0,24.6,23.0,69,60,64,237,5.3,1.6,N,AM,ITACOATIARA,A121,-3.13333333,-58.48277777,41.54
1811,2019-10-29,20:00,-9999.0,1001.0,1001.4,1000.9,456,30.8,23.6,31.6,30.5,23.7,22.5,66,59,66,219,3.0,0.1,N,AM,ITACOATIARA,A121,-3.13333333,-58.48277777,41.54
1812,2019-10-30,00:00,-9999.0,1002.7,1002.7,1001.7,0,28.1,24.0,28.6,27.9,24.4,23.7,79,75,79,328,2.9,0.2,N,AM,ITACOATIARA,A121,-3.13333333,-58.48277777,41.54
1813,2019-10-30,04:00,-9999.0,1003.7,1003.8,1003.6,0,27.0,23.2,27.7,26.4,24.1,22.2,87,72,79,310,1.2,0.0,N,AM,ITACOATIARA,A121,-3.13333333,-58.48277777,41.54
1814,2019-10-30,08:00,-9999.0,1002.6,1002.6,1002.4,0,26.4,24.1,26.9,26.4,24.3,24.0,87,85,87,241,3.3,0.5,N,AM,ITACOATIARA,A121,-3.13333333,-58.48277777,41.54
1815,2019-10-30,12:00,-9999.0,1006.6,1006.6,1005.3,865,27.9,23.9,28.0,26.5,24.1,23.4,84,78,79,210,3.1,0.8,N,AM,ITACOATIARA,A121,-3.13333333,-58.48277777,41.54
1816,2019-10-30,16:00,-9999.0,1006.6,1007.9,1006.6,205,23.0,21.8,23.2,21.9,22.1,20.9,94,93,93,297,4.8,0.9,N,AM,ITACOATIARA,A121,-3.13333333,-58.48277777,41.54
1817,2019-10-30,20:00,-9999.0,1002.2,1002.8,1002.1,728,26.0,23.0,26.0,25.4,23.0,22.3,86,82,83,303,2.9,0.3,N,AM,ITACOATIARA,A121,-3.13333333,-58.48277777,41.54
1818,2019-10-31,00:00,-9999.0,1003.9,1003.9,1003.2,0,24.4,22.8,24.6,24.4,23.0,22.8,91,90,91,303,1.7,1.0,N,AM,ITACOATIARA,A121,-3.13333333,-58.48277777,41.54
1819,2019-10-31,04:00,-9999.0,1005.3,1005.9,1005.3,0,25.6,23.9,26.0,25.2,24.5,23.9,93,90,90,270,2.0,0.0,N,AM,ITACOATIARA,A121,-3.13333333,-58.48277777,41.54
1820,2019-10-31,08:00,-9999.0,1004.7,1004.8,1004.2,0,24.4,23.2,25.0,24.4,23.4,23.2,93,91,93,294,0.6,0.1,N,AM,ITACOATIARA,A121,-3.13333333,-58.48277777,41.54
1821,2019-10-31,12:00,-9999.0,1007.1,1007.1,1006.5,1101,28.1,23.9,28.6,27.2,24.7,23.5,83,76,78,208,2.9,0.5,N,AM,ITACOATIARA,A121,-3.13333333,-58.48277777,41.54
1822,2019-10-31,16:00,-9999.0,1006.2,1007.3,1006.2,2693,31.9,24.1,32.5,30.7,25.2,23.5,69,61,63,223,3.5,1.4,N,AM,ITACOATIARA,A121,-3.13333333,-58.48277777,41.54
1823,2019-10-31,20:00,-9999.0,1002.5,1003.2,1001.9,963,25.0,22.8,33.6,24.5,23.4,21.5,90,52,88,213,10.8,1.6,N,AM,ITACOATIARA,A121,-3.13333333,-58.48277777,41.54
1824,2019-11-01,00:00,0.0,1003.7,1003.7,1003.4,0,25.3,23.4,25.6,25.0,23.4,22.7,89,86,89,237,1.5,0.1,N,AM,ITACOATIARA,A121,-3.13333333,-58.48277777,41.54
1825,2019-11-01,04:00,0.0,1005.2,1005.8,1005.2,0,25.4,23.3,25.6,25.4,23.6,23.3,89,88,89,224,2.7,0.2,N,AM,ITACOATIARA,A121,-3.13333333,-58.48277777,41.54
1826,2019-11-01,08:00,0.0,1004.7,1004.7,1004.3,0,24.3,22.8,24.7,24.3,23.1,22.8,91,90,91,320,1.2,0.0,N,AM,ITACOATIARA,A121,-3.13333333,-58.48277777,41.54
1827,2019-11-01,12:00,0.0,1007.6,1007.6,1007.0,323,25.9,23.2,26.0,25.6,23.7,23.1,88,85,86,236,2.4,0.5,N,AM,ITACOATIARA,A121,-3.13333333,-58.48277777,41.54
1828,2019-11-01,16:00,0.0,1005.6,1006.9,1005.6,1767,30.2,24.2,30.3,29.1,24.8,23.8,75,70,71,244,3.2,0.6,N,AM,ITACOATIARA,A121,-3.13333333,-58.48277777,41.54
1829,2019-11-01,20:00,0.0,1003.9,1003.9,1003.1,72,24.9,21.9,25.2,24.8,22.1,21.2,84,80,84,252,2.2,0.0,N,AM,ITACOATIARA,A121,-3.13333333,-58.48277777,41.54
1830,2019-11-02,00:00,0.0,1004.7,1004.7,1003.8,0,24.9,23.4,25.3,24.9,23.7,23.4,92,91,92,292,0.0,0.0,N,AM,ITACOATIARA,A121,-3.13333333,-58.48277777,41.54
1831,2019-11-02,04:00,0.0,1004.9,1005.4,1004.8,0,24.4,21.9,24.5,24.3,22.6,21.9,90,86,86,333,2.1,0.5,N,AM,ITACOATIARA,A121,-3.13333333,-58.48277777,41.54
1832,2019-11-02,08:00,0.0,1004.1,1004.2,1004.1,0,24.0,22.5,24.2,23.6,22.5,22.0,91,90,91,320,3.1,0.3,N,AM,ITACOATIARA,A121,-3.13333333,-58.48277777,41.54
1833,2019-11-02,12:00,0.0,1007.0,1007.0,1006.3,605,26.2,24.2,26.2,25.3,24.2,23.3,89,88,89,237,2.4,0.8,N,AM,ITACOATIARA,A121,-3.13333333,-58.48277777,41.54
1834,2019-11-02,16:00,0.0,1005.8,1006.8,1005.8,2797,29.4,24.8,29.9,28.6,25.4,24.1,80,75,77,211,2.7,1.4,N,AM,ITACOATIARA,A121,-3.13333333,-58.48277777,41.54
1835,2019-11-02,20:00,0.0,1001.7,1002.6,1001.7,1261,31.2,23.6,31.6,30.9,24.1,23.1,67,62,64,209,2.0,0.8,N,AM,ITACOATIARA,A121,-3.13333333,-58.48277777,41.54
1836,2019-11-03,00:00,0.0,1003.4,1003.4,1002.5,0,27.3,24.4,28.1,27.3,24.6,23.8,85,78,84,329,0.3,0.0,N,AM,ITACOATIARA,A121,-3.13333333,-58.48277777,41.54
1837,2019-11-03,04:00,0.0,1003.5,1004.0,1003.5,0,25.8,23.6,26.0,25.5,23.7,22.8,89,84,88,326,1.4,0.2,N,AM,ITACOATIARA,A121,-3.13333333,-58.48277777,41.54
1838,2019-11-03,08:00,0.0,1003.4,1003.4,1002.8,0,24.8,22.7,25.2,24.6,22.8,22.5,89,86,88,341,1.6,0.0,N,AM,ITACOATIARA,A121,-3.13333333,-58.48277777,41.54
1839,2019-11-03,12:00,0.0,1006.1,1006.1,1005.5,1004,27.9,23.0,28.0,26.2,23.2,22.3,81,75,75,336,3.3,1.0,N,AM,ITACOATIARA,A121,-3.13333333,-58.48277777,41.54
1840,2019-11-03,16:00,0.0,1004.2,1005.4,1004.2,2613,31.1,23.4,31.5,29.8,25.0,23.2,71,63,64,213,2.7,1.3,N,AM,ITACOATIARA,A121,-3.13333333,-58.48277777,41.54
1841,2019-11-03,20:00,0.0,1000.6,1001.1,1000.6,1149,32.3,22.2,33.2,32.3,23.8,21.5,60,51,55,287,2.9,0.8,N,AM,ITACOATIARA,A121,-3.13333333,-58.48277777,41.54
1842,2019-11-04,00:00,0.0,1002.4,1002.4,1001.7,0,27.6,23.8,28.6,27.6,24.3,23.6,81,76,80,315,4.0,0.2,N,AM,ITACOATIARA,A121,-3.13333333,-58.48277777,41.54
1843,2019-11-04,04:00,0.0,1002.5,1003.0,1002.4,0,26.1,23.5,26.6,26.1,24.7,23.5,89,85,86,320,2.3,0.2,N,AM,ITACOATIARA,A121,-3.13333333,-58.48277777,41.54
1844,2019-11-04,08:00,0.0,1002.8,1002.9,1002.6,0,25.5,23.1,25.5,25.0,23.3,22.9,89,86,87,260,0.8,0.0,N,AM,ITACOATIARA,A121,-3.13333333,-58.48277777,41.54
1845,2019-11-04,12:00,0.0,1005.9,1005.9,1004.8,724,28.0,25.1,28.6,26.9,25.1,23.6,85,80,84,267,3.6,0.7,N,AM,ITACOATIARA,A121,-3.13333333,-58.48277777,41.54
1846,2019-11-04,16:00,0.0,1004.3,1005.9,1004.3,1781,29.0,22.8,29.2,27.8,23.5,22.1,74,68,69,258,7.8,2.3,N,AM,ITACOATIARA,A121,-3.13333333,-58.48277777,41.54
1847,2019-11-04,20:00,0.0,1001.3,1001.4,1001.1,1345,29.9,22.1,31.3,29.9,24.4,22.0,68,62,63,253,6.4,1.6,N,AM,ITACOATIARA,A121,-3.13333333,-58.48277777,41.54
1848,2019-11-05,00:00,0.0,1003.1,1003.1,1002.0,0,27.0,22.6,27.1,26.6,22.7,22.6,79,77,77,270,2.2,0.2,N,AM,ITACOATIARA,A121,-3.13333333,-58.48277777,41.54
1849,2019-11-05,04:00,0.0,1003.6,1004.0,1003.6,0,25.0,23.0,25.5,25.0,23.2,22.9,89,87,89,296,1.2,0.0,N,AM,ITACOATIARA,A121,-3.13333333,-58.48277777,41.54
1850,2019-11-05,08:00,0.0,1003.5,1003.5,1003.1,0,25.0,23.3,25.2,24.7,23.5,23.0,91,90,90,282,1.9,0.3,N,AM,ITACOATIARA,A121,-3.13333333,-58.48277777,41.54
1851,2019-11-05,12:00,0.0,1006.6,1006.6,1005.9,944,28.0,24.8,28.0,26.4,25.0,24.0,87,83,83,295,3.0,1.1,N,AM,ITACOATIARA,A121,-3.13333333,-58.48277777,41.54
1852,2019-11-05,16:00,0.0,1005.1,1006.2,1005.1,2483,31.8,23.9,31.8,31.0,25.5,23.7,71,63,63,293,5.8,2.8,N,AM,ITACOATIARA,A121,-3.13333333,-58.48277777,41.54
1853,2019-11-05,20:00,0.0,1001.7,1002.5,1001.7,1111,32.3,24.0,32.7,31.5,24.3,23.6,64,59,62,267,4.8,1.8,N,AM,ITACOATIARA,A121,-3.13333333,-58.48277777,41.54
1854,2019-11-06,00:00,0.0,1002.1,1002.1,1001.1,0,28.6,23.7,29.1,28.6,24.1,23.7,75,74,75,276,2.9,0.6,N,AM,ITACOATIARA,A121,-3.13333333,-58.48277777,41.54
1855,2019-11-06,04:00,0.0,1004.1,1004.2,1004.0,0,27.5,24.1,27.5,26.8,24.3,23.9,85,82,82,283,1.8,0.7,N,AM,ITACOATIARA,A121,-3.13333333,-58.48277777,41.54
1856,2019-11-06,08:00,0.0,1003.8,1003.8,1003.4,0,26.2,23.9,26.7,26.1,24.2,23.9,88,86,87,295,1.5,0.6,N,AM,ITACOATIARA,A121,-3.13333333,-58.48277777,41.54
1857,2019-11-06,12:00,0.0,1006.6,1006.6,1006.1,1098,28.3,23.3,28.4,26.8,23.7,22.7,82,74,75,206,2.2,0.7,N,AM,ITACOATIARA,A121,-3.13333333,-58.48277777,41.54
1858,2019-11-06,16:00,0.0,1004.9,1005.8,1004.9,2473,32.8,21.6,33.2,31.6,24.1,21.5,63,52,52,285,7.6,3.0,N,AM,ITACOATIARA,A121,-3.13333333,-58.48277777,41.54
1859,2019-11-06,20:00,0.0,1001.1,1001.5,1001.1,856,32.7,22.3,33.4,32.3,23.3,22.1,58,52,54,285,4.3,1.6,N,AM,ITACOATIARA,A121,-3.13333333,-58.48277777,41.54
1860,2019-11-07,00:00,0.0,1002.3,1002.3,1001.8,0,29.4,23.2,29.5,29.0,23.4,23.2,72,69,70,281,2.5,0.8,N,AM,ITACOATIARA,A121,-3.13333333,-58.48277777,41.54
1861,2019-11-07,04:00,0.0,1003.5,1003.8,1003.5,0,26.4,24.0,26.7,26.4,24.0,23.7,87,84,86,304,2.3,1.0,N,AM,ITACOATIARA,A121,-3.13333333,-58.48277777,41.54
1862,2019-11-07,08:00,0.0,1002.9,1002.9,1002.6,0,25.8,23.0,26.1,25.7,23.1,22.9,85,83,84,314,1.6,0.0,N,AM,ITACOATIARA,A121,-3.13333333,-58.48277777,41.54
1863,2019-11-07,12:00,0.0,1005.6,1005.6,1004.9,773,29.6,23.7,29.8,27.3,23.9,22.7,80,69,70,268,1.1,0.1,N,AM,ITACOATIARA,A121,-3.13333333,-58.48277777,41.54
1864,2019-11-07,16:00,0.0,1003.7,1004.8,1003.7,2405,32.7,23.3,32.8,31.9,23.5,21.5,60,53,58,245,3.4,1.7,N,AM,ITACOATIARA,A121,-3.13333333,-58.48277777,41.54
1865,2019-11-07,20:00,0.0,1000.5,1001.0,1000.5,1261,32.5,23.6,34.2,32.5,24.1,21.9,61,49,60,223,2.8,0.2,N,AM,ITACOATIARA,A121,-3.13333333,-58.48277777,41.54
1866,2019-11-08,00:00,0.0,1002.0,1002.0,1001.5,0,29.5,21.9,30.0,29.1,22.2,21.6,67,61,64,285,2.4,0.9,N,AM,ITACOATIARA,A121,-3.13333333,-58.48277777,41.54
1867,2019-11-08,04:00,0.0,1003.0,1003.3,1003.0,0,27.5,24.3,28.3,27.4,24.3,23.8,83,77,83,335,2.1,0.0,N,AM,ITACOATIARA,A121,-3.13333333,-58.48277777,41.54
1868,2019-11-08,08:00,0.0,1002.5,1002.6,1002.1,0,26.6,24.3,27.0,26.6,24.3,23.9,87,84,87,276,3.0,0.9,N,AM,ITACOATIARA,A121,-3.13333333,-58.48277777,41.54
1869,2019-11-08,12:00,0.0,1005.0,1005.0,1004.4,523,28.3,25.2,28.3,27.0,25.2,24.3,86,83,83,258,3.3,0.9,N,AM,ITACOATIARA,A121,-3.13333333,-58.48277777,41.54
1870,2019-11-08,16:00,0.0,1004.9,1005.9,1004.9,117,23.8,22.0,23.9,23.0,22.3,21.3,92,90,90,223,4.6,1.7,N,AM,ITACOATIARA,A121,-3.13333333,-58.48277777,41.54
1871,2019-11-08,20:00,0.0,1000.3,1001.1,1000.3,536,25.9,22.7,26.1,25.4,23.4,22.2,88,81,82,269,1.9,0.2,N,AM,ITACOATIARA,A121,-3.13333333,-58.48277777,41.54
1872,2019-11-09,00:00,0.0,1002.8,1002.8,1002.1,0,24.3,22.7,25.4,24.3,23.7,22.6,91,89,91,328,2.8,0.3,N,AM,ITACOATIARA,A121,-3.13333333,-58.48277777,41.54
1873,2019-11-09,04:00,0.0,1003.6,1004.4,1003.6,0,23.8,22.5,24.1,23.8,22.8,22.5,93,92,93,320,3.1,0.3,N,AM,ITACOATIARA,A121,-3.13333333,-58.48277777,41.54
1874,2019-11-09,08:00,0.0,1002.8,1002.9,1002.3,0,23.9,22.6,23.9,23.6,22.6,22.3,93,92,92,300,3.6,0.3,N,AM,ITACOATIARA,A121,-3.13333333,-58.48277777,41.54
1875,2019-11-09,12:00,0.0,1006.2,1006.2,1005.5,634,25.5,23.4,25.5,23.9,23.6,22.8,94,88,88,311,3.0,0.4,N,AM,ITACOATIARA,A121,-3.13333333,-58.48277777,41.54
1876,2019-11-09,16:00,0.0,1004.6,1005.6,1004.6,1787,29.9,23.6,30.0,28.4,25.1,23.4,77,69,69,307,3.1,1.2,N,AM,ITACOATIARA,A121,-3.13333333,-58.48277777,41.54
1877,2019-11-09,20:00,0.0,1002.5,1002.7,1002.5,197,25.4,23.2,25.5,25.3,23.3,22.9,88,86,87,243,5.5,0.3,N,AM,ITACOATIARA,A121,-3.13333333,-58.48277777,41.54
1878,2019-11-10,00:00,0.0,1001.7,1001.8,1001.6,0,24.0,22.6,24.4,23.9,22.6,22.5,92,89,92,283,1.4,0.5,N,AM,ITACOATIARA,A121,-3.13333333,-58.48277777,41.54
1879,2019-11-10,04:00,0.0,1003.7,1003.8,1003.5,0,24.1,22.5,24.3,24.1,22.6,22.5,91,90,91,299,2.5,0.1,N,AM,ITACOATIARA,A121,-3.13333333,-58.48277777,41.54
1880,2019-11-10,08:00,0.0,1003.9,1003.9,1003.4,0,24.6,22.7,24.6,24.4,22.7,22.5,89,89,89,276,2.1,0.0,N,AM,ITACOATIARA,A121,-3.13333333,-58.48277777,41.54
1881,2019-11-10,12:00,0.0,1006.8,1006.8,1006.2,470,26.0,23.4,26.1,25.3,23.6,22.9,87,85,86,215,1.9,0.3,N,AM,ITACOATIARA,A121,-3.13333333,-58.48277777,41.54
1882,2019-11-10,16:00,0.0,1005.6,1006.3,1005.6,1904,29.6,24.5,29.6,28.3,24.9,23.7,78,72,74,217,3.3,1.7,N,AM,ITACOATIARA,A121,-3.13333333,-58.48277777,41.54
1883,2019-11-10,20:00,0.0,1001.5,1002.2,1001.5,1136,30.8,23.4,31.5,30.3,24.3,23.1,68,63,65,239,4.0,0.9,N,AM,ITACOATIARA,A121,-3.13333333,-58.48277777,41.54
1884,2019-11-11,00:00,0.0,1003.1,1003.1,1002.1,0,27.0,24.1,27.9,27.0,24.4,24.1,85,80,84,310,1.5,0.4,N,AM,ITACOATIARA,A121,-3.13333333,-58.48277777,41.54
1885,2019-11-11,04:00,0.0,1004.3,1004.9,1004.3,0,25.9,24.2,26.1,25.9,24.2,24.0,90,89,90,313,1.4,0.3,N,AM,ITACOATIARA,A121,-3.13333333,-58.48277777,41.54
1886,2019-11-11,08:00,0.0,1003.0,1003.1,1002.7,0,25.3,23.3,25.5,25.3,23.6,23.3,89,88,88,318,1.4,0.0,N,AM,ITACOATIARA,A121,-3.13333333,-58.48277777,41.54
1887,2019-11-11,12:00,0.0,1005.4,1005.4,1004.8,1002,27.8,24.7,28.7,27.6,24.9,23.4,84,75,83,226,3.2,1.7,N,AM,ITACOATIARA,A121,-3.13333333,-58.48277777,41.54
1888,2019-11-11,16:00,0.0,1003.4,1004.7,1003.4,2467,30.9,24.2,32.6,30.4,25.9,24.0,75,64,67,226,3.9,1.2,N,AM,ITACOATIARA,A121,-3.13333333,-58.48277777,41.54
1889,2019-11-11,20:00,0.0,1000.5,1000.9,1000.5,307,27.8,24.1,28.6,27.7,24.6,23.9,81,76,80,330,4.1,1.9,N,AM,ITACOATIARA,A121,-3.13333333,-58.48277777,41.54
1890,2019-11-12,00:00,0.0,1002.5,1002.7,1002.2,0,26.8,23.0,27.3,26.7,25.0,22.9,88,79,80,244,5.9,1.5,N,AM,ITACOATIARA,A121,-3.13333333,-58.48277777,41.54
1891,2019-11-12,04:00,0.0,1004.1,1004.7,1004.1,0,25.6,24.0,25.9,25.6,24.2,23.9,91,88,91,319,3.7,0.8,N,AM,ITACOATIARA,A121,-3.13333333,-58.48277777,41.54
1892,2019-11-12,08:00,0.0,1002.2,1002.4,1002.2,0,25.0,23.5,25.2,24.9,23.6,23.4,92,91,92,276,2.9,0.3,N,AM,ITACOATIARA,A121,-3.13333333,-58.48277777,41.54
1893,2019-11-12,12:00,0.0,1005.5,1005.5,1004.6,205,26.4,24.4,26.4,25.9,24.4,23.8,89,87,88,246,2.7,0.8,N,AM,ITACOATIARA,A121,-3.13333333,-58.48277777,41.54
1894,2019-11-12,16:00,0.0,1004.6,1005.8,1004.6,1275,27.0,22.0,27.3,26.3,23.0,21.7,81,74,74,234,1.6,0.2,N,AM,ITACOATIARA,A121,-3.13333333,-58.48277777,41.54
1895,2019-11-12,20:00,0.0,1001.0,1001.8,1001.0,397,27.5,24.2,27.8,27.3,24.3,23.7,82,79,82,211,1.3,0.1,N,AM,ITACOATIARA,A121,-3.13333333,-58.48277777,41.54
1896,2019-11-13,00:00,0.0,1003.1,1003.1,1001.7,0,26.3,24.1,26.6,26.3,24.4,24.1,89,87,88,294,2.0,0.5,N,AM,ITACOATIARA,A121,-3.13333333,-58.48277777,41.54
1897,2019-11-13,04:00,0.0,1004.4,1004.6,1004.4,0,25.7,23.8,25.7,25.3,23.8,23.6,90,89,89,275,2.1,0.5,N,AM,ITACOATIARA,A121,-3.13333333,-58.48277777,41.54
1898,2019-11-13,08:00,0.0,1002.9,1002.9,1002.8,0,25.5,23.5,25.8,25.3,23.8,23.3,89,88,88,276,2.1,0.0,N,AM,ITACOATIARA,A121,-3.13333333,-58.48277777,41.54
1899,2019-11-13,12:00,0.0,1006.1,1006.1,1004.8,759,26.8,23.6,27.1,26.5,24.6,23.6,88,82,82,225,4.1,1.4,N,AM,ITACOATIARA,A121,-3.13333333,-58.48277777,41.54
1900,2019-11-13,16:00,2.2,1005.1,1006.7,1005.1,235,23.4,22.4,23.4,22.8,22.4,21.9,94,94,94,289,3.1,1.0,N,AM,ITACOATIARA,A121,-3.13333333,-58.48277777,41.54
1901,2019-11-13,20:00,0.0,1001.9,1002.5,1001.9,765,26.7,23.2,27.2,26.6,23.7,22.9,82,79,81,299,3.0,1.1,N,AM,ITACOATIARA,A121,-3.13333333,-58.48277777,41.54
1902,2019-11-14,00:00,0.0,1003.6,1003.6,1002.5,0,24.9,23.4,25.0,24.6,23.6,23.1,92,91,92,321,1.6,0.3,N,AM,ITACOATIARA,A121,-3.13333333,-58.48277777,41.54
1903,2019-11-14,04:00,0.0,1004.7,1005.3,1004.7,0,24.3,23.0,24.6,24.3,23.2,23.0,92,92,92,301,2.6,1.7,N,AM,ITACOATIARA,A121,-3.13333333,-58.48277777,41.54
1904,2019-11-14,08:00,0.0,1003.5,1003.5,1003.1,0,24.2,22.9,24.5,24.1,23.2,22.8,93,92,93,318,1.6,0.2,N,AM,ITACOATIARA,A121,-3.13333333,-58.48277777,41.54
1905,2019-11-14,12:00,0.0,1006.1,1006.1,1005.4,1074,26.9,23.7,27.3,25.3,24.2,23.1,89,81,83,201,2.2,0.7,N,AM,ITACOATIARA,A121,-3.13333333,-58.48277777,41.54
1906,2019-11-14,16:00,0.0,1005.9,1006.6,1005.9,1053,29.5,24.7,29.7,28.7,25.2,24.4,79,75,76,240,2.8,0.6,N,AM,ITACOATIARA,A121,-3.13333333,-58.48277777,41.54
1907,2019-11-14,20:00,0.0,1002.7,1003.4,1002.7,302,26.3,24.4,26.5,25.6,24.5,23.5,90,86,89,246,3.8,0.6,N,AM,ITACOATIARA,A121,-3.13333333,-58.48277777,41.54
1908,2019-11-15,00:00,0.0,1004.8,1004.8,1004.1,0,26.0,24.3,26.0,25.6,24.4,24.2,92,90,90,325,2.3,0.8,N,AM,ITACOATIARA,A121,-3.13333333,-58.48277777,41.54
1909,2019-11-15,04:00,0.0,1005.0,1005.5,1005.0,0,24.8,23.3,25.0,24.7,23.4,23.1,92,90,92,307,0.6,0.0,N,AM,ITACOATIARA,A121,-3.13333333,-58.48277777,41.54
1910,2019-11-15,08:00,0.0,1003.9,1003.9,1003.5,0,24.9,23.4,25.3,24.9,23.6,23.2,91,90,91,265,2.7,0.5,N,AM,ITACOATIARA,A121,-3.13333333,-58.48277777,41.54
1911,2019-11-15,12:00,0.0,1006.2,1006.2,1005.5,690,27.1,24.8,27.1,25.6,24.9,24.0,91,86,87,221,3.0,1.1,N,AM,ITACOATIARA,A121,-3.13333333,-58.48277777,41.54
1912,2019-11-15,16:00,0.0,1004.3,1005.3,1004.3,2627,31.2,23.4,31.8,29.7,24.3,22.8,70,61,63,228,3.5,1.0,N,AM,ITACOATIARA,A121,-3.13333333,-58.48277777,41.54
1913,2019-11-15,20:00,0.0,1000.3,1001.0,1000.2,1568,31.7,23.9,32.9,31.1,25.2,23.2,66,58,63,249,3.2,0.7,N,AM,ITACOATIARA,A121,-3.13333333,-58.48277777,41.54
1914,2019-11-16,00:00,0.0,1002.7,1002.7,1001.7,0,28.0,24.2,28.6,27.8,24.2,23.7,81,76,80,300,2.1,0.8,N,AM,ITACOATIARA,A121,-3.13333333,-58.48277777,41.54
1915,2019-11-16,04:00,0.0,1003.2,1003.9,1003.2,0,26.2,24.2,26.5,26.2,24.2,23.9,89,86,89,295,1.3,0.0,N,AM,ITACOATIARA,A121,-3.13333333,-58.48277777,41.54
1916,2019-11-16,08:00,0.0,1001.6,1001.6,1001.4,0,26.1,24.5,26.3,25.9,24.5,24.2,91,89,91,239,2.2,0.0,N,AM,ITACOATIARA,A121,-3.13333333,-58.48277777,41.54
1917,2019-11-16,12:00,0.0,1004.0,1004.0,1003.4,446,27.0,23.9,27.0,26.4,24.2,23.8,87,83,83,247,2.0,0.5,N,AM,ITACOATIARA,A121,-3.13333333,-58.48277777,41.54
1918,2019-11-16,16:00,0.0,1002.4,1004.1,1002.4,2644,31.5,23.5,31.6,29.8,24.5,23.1,72,62,63,250,4.1,1.5,N,AM,ITACOATIARA,A121,-3.13333333,-58.48277777,41.54
1919,2019-11-16,20:00,0.0,1000.7,1000.7,999.9,776,27.6,23.2,30.2,27.6,24.1,23.0,78,68,77,314,5.1,1.9,N,AM,ITACOATIARA,A121,-3.13333333,-58.48277777,41.54
1920,2019-11-17,00:00,0.0,1002.8,1002.8,1001.8,0,24.9,23.1,25.0,24.8,23.3,23.0,90,89,90,313,2.4,0.1,N,AM,ITACOATIARA,A121,-3.13333333,-58.48277777,41.54
1921,2019-11-17,04:00,0.0,1003.9,1004.2,1003.9,0,24.7,23.2,24.7,24.5,23.2,23.1,92,91,91,193,0.9,0.0,N,AM,ITACOATIARA,A121,-3.13333333,-58.48277777,41.54
1922,2019-11-17,08:00,0.0,1002.5,1002.5,1002.3,0,24.3,23.0,24.5,24.2,23.2,22.9,93,92,93,327,1.8,0.3,N,AM,ITACOATIARA,A121,-3.13333333,-58.48277777,41.54
1923,2019-11-17,12:00,0.0,1005.6,1005.6,1004.7,538,25.5,23.5,25.6,24.4,23.9,23.1,94,88,89,337,2.2,0.6,N,AM,ITACOATIARA,A121,-3.13333333,-58.48277777,41.54
1924,2019-11-17,16:00,0.0,1004.5,1005.4,1004.5,1715,29.1,23.6,29.6,28.4,24.1,23.0,74,69,72,224,2.6,1.4,N,AM,ITACOATIARA,A121,-3.13333333,-58.48277777,41.54
1925,2019-11-17,20:00,0.0,1000.4,1000.6,1000.3,1214,29.2,23.9,30.4,29.2,24.5,23.1,74,67,73,289,4.3,2.1,N,AM,ITACOATIARA,A121,-3.13333333,-58.48277777,41.54
1926,2019-11-18,00:00,0.0,1003.3,1003.3,1001.9,0,26.4,24.0,26.6,26.2,24.0,23.1,87,81,87,275,2.8,0.2,N,AM,ITACOATIARA,A121,-3.13333333,-58.48277777,41.54
1927,2019-11-18,04:00,0.0,1004.1,1004.8,1004.1,0,25.5,24.0,26.0,25.5,24.2,24.0,92,89,92,304,2.6,1.0,N,AM,ITACOATIARA,A121,-3.13333333,-58.48277777,41.54
1928,2019-11-18,08:00,0.0,1003.8,1003.8,1003.2,0,25.0,23.8,25.0,24.8,23.8,23.6,93,93,93,299,2.0,0.3,N,AM,ITACOATIARA,A121,-3.13333333,-58.48277777,41.54
1929,2019-11-18,12:00,0.0,1006.3,1006.8,1006.3,32,23.4,22.1,23.4,23.2,22.1,21.8,93,92,92,288,4.3,2.0,N,AM,ITACOATIARA,A121,-3.13333333,-58.48277777,41.54
1930,2019-11-18,16:00,0.0,1005.5,1006.1,1005.5,1367,28.1,24.2,28.1,26.9,24.3,23.5,83,78,79,255,2.8,0.9,N,AM,ITACOATIARA,A121,-3.13333333,-58.48277777,41.54
1931,2019-11-18,20:00,0.0,1001.7,1002.5,1001.7,1404,30.4,24.2,30.4,29.0,24.9,23.7,75,69,70,294,4.2,1.0,N,AM,ITACOATIARA,A121,-3.13333333,-58.48277777,41.54
1932,2019-11-19,00:00,0.0,1003.6,1003.6,1002.2,0,26.0,23.6,26.5,26.0,23.8,23.6,88,85,87,268,3.1,0.6,N,AM,ITACOATIARA,A121,-3.13333333,-58.48277777,41.54
1933,2019-11-19,04:00,0.0,1005.4,1005.9,1005.4,0,25.4,23.1,25.5,25.4,23.4,23.1,88,87,87,291,2.2,0.0,N,AM,ITACOATIARA,A121,-3.13333333,-58.48277777,41.54
1934,2019-11-19,08:00,0.0,1004.2,1004.2,1003.9,0,23.8,20.6,24.5,23.7,21.5,20.5,85,81,82,289,4.0,1.4,N,AM,ITACOATIARA,A121,-3.13333333,-58.48277777,41.54
1935,2019-11-19,12:00,0.0,1006.7,1006.7,1006.1,1490,27.9,22.9,28.4,26.8,24.3,22.9,84,74,74,220,3.4,0.9,N,AM,ITACOATIARA,A121,-3.13333333,-58.48277777,41.54
1936,2019-11-19,16:00,0.0,1005.9,1006.3,1005.9,833,28.8,23.4,29.3,28.6,24.2,23.4,76,71,73,283,4.2,1.6,N,AM,ITACOATIARA,A121,-3.13333333,-58.48277777,41.54
1937,2019-11-19,20:00,0.0,1001.9,1002.4,1001.9,1340,30.6,23.0,30.7,29.7,23.6,22.4,69,62,64,297,4.7,1.9,N,AM,ITACOATIARA,A121,-3.13333333,-58.48277777,41.54
1938,2019-11-20,00:00,0.0,1005.1,1005.1,1003.9,0,27.3,23.9,27.5,27.1,24.1,23.5,83,80,82,261,2.0,0.0,N,AM,ITACOATIARA,A121,-3.13333333,-58.48277777,41.54
1939,2019-11-20,04:00,0.0,1006.4,1006.7,1006.4,0,24.9,22.5,25.3,24.9,23.2,22.4,88,85,87,234,4.8,0.9,N,AM,ITACOATIARA,A121,-3.13333333,-58.48277777,41.54
1940,2019-11-20,08:00,0.0,1004.7,1004.8,1004.6,0,23.7,21.8,25.0,23.7,21.8,21.3,89,81,89,328,2.7,0.7,N,AM,ITACOATIARA,A121,-3.13333333,-58.48277777,41.54
1941,2019-11-20,12:00,0.0,1007.8,1007.9,1007.4,759,26.1,22.8,26.1,24.5,22.9,22.3,88,82,82,316,2.7,1.3,N,AM,ITACOATIARA,A121,-3.13333333,-58.48277777,41.54
1942,2019-11-20,16:00,0.0,1006.2,1007.2,1006.2,2407,30.5,23.1,30.9,29.0,24.1,22.7,72,64,65,300,5.4,1.3,N,AM,ITACOATIARA,A121,-3.13333333,-58.48277777,41.54
1943,2019-11-20,20:00,0.0,1002.7,1003.4,1002.7,1179,29.4,24.6,31.0,29.4,24.6,22.8,75,65,75,220,3.7,1.0,N,AM,ITACOATIARA,A121,-3.13333333,-58.48277777,41.54
1944,2019-11-21,00:00,0.0,1005.3,1005.3,1004.4,0,24.9,22.4,25.3,24.8,22.4,22.1,86,84,86,230,2.7,0.6,N,AM,ITACOATIARA,A121,-3.13333333,-58.48277777,41.54
1945,2019-11-21,04:00,0.0,1005.7,1006.5,1005.7,0,24.7,22.8,24.9,24.6,22.8,22.6,89,88,89,236,2.9,0.0,N,AM,ITACOATIARA,A121,-3.13333333,-58.48277777,41.54
1946,2019-11-21,08:00,0.0,1004.4,1004.4,1004.2,0,23.9,22.3,24.4,23.8,22.6,22.1,91,89,91,250,3.0,0.2,N,AM,ITACOATIARA,A121,-3.13333333,-58.48277777,41.54
1947,2019-11-21,12:00,0.0,1007.0,1007.0,1006.7,756,26.2,23.1,26.2,24.9,23.4,22.5,89,83,83,250,2.4,0.6,N,AM,ITACOATIARA,A121,-3.13333333,-58.48277777,41.54
1948,2019-11-21,16:00,0.0,1005.4,1006.3,1005.4,2736,29.8,23.5,31.3,29.3,24.4,22.9,73,64,69,232,3.7,0.7,N,AM,ITACOATIARA,A121,-3.13333333,-58.48277777,41.54
1949,2019-11-21,20:00,0.0,1000.1,1000.7,1000.1,1550,31.9,23.2,32.2,31.1,23.5,20.6,62,53,60,212,3.3,0.5,N,AM,ITACOATIARA,A121,-3.13333333,-58.48277777,41.54
1950,2019-11-22,00:00,0.0,1004.1,1004.1,1002.8,0,27.2,23.2,28.6,27.2,24.0,23.1,79,74,79,286,10.0,3.9,N,AM,ITACOATIARA,A121,-3.13333333,-58.48277777,41.54
1951,2019-11-22,04:00,0.0,1004.6,1005.2,1004.6,0,24.1,22.7,24.5,24.1,23.2,22.7,92,92,92,304,3.2,1.4,N,AM,ITACOATIARA,A121,-3.13333333,-58.48277777,41.54
1952,2019-11-22,08:00,0.0,1004.6,1004.6,1004.1,0,23.9,22.2,24.1,23.9,22.4,22.1,91,89,90,343,2.6,0.8,N,AM,ITACOATIARA,A121,-3.13333333,-58.48277777,41.54
1953,2019-11-22,12:00,0.0,1007.5,1007.5,1006.5,415,25.1,22.8,25.1,24.2,22.8,22.4,91,87,87,290,4.0,1.3,N,AM,ITACOATIARA,A121,-3.13333333,-58.48277777,41.54
1954,2019-11-22,16:00,0.0,1006.6,1007.7,1006.6,1902,28.2,22.8,28.8,27.6,23.5,22.3,75,69,72,289,4.1,1.4,N,AM,ITACOATIARA,A121,-3.13333333,-58.48277777,41.54
1955,2019-11-22,20:00,0.0,1003.5,1003.6,1003.5,1634,29.9,22.9,30.3,29.4,23.6,22.1,69,63,66,239,3.5,0.8,N,AM,ITACOATIARA,A121,-3.13333333,-58.48277777,41.54
1956,2019-11-23,00:00,0.0,1005.0,1005.0,1004.5,0,26.3,23.0,26.6,26.3,23.2,22.9,83,81,82,270,1.6,0.0,N,AM,ITACOATIARA,A121,-3.13333333,-58.48277777,41.54
1957,2019-11-23,04:00,0.0,1004.4,1005.5,1004.4,0,24.8,23.1,25.2,24.7,23.1,22.9,90,88,90,296,1.6,0.0,N,AM,ITACOATIARA,A121,-3.13333333,-58.48277777,41.54
1958,2019-11-23,08:00,0.0,1003.7,1003.8,1003.6,0,24.3,22.7,24.4,24.2,22.8,22.6,92,90,91,287,1.1,0.1,N,AM,ITACOATIARA,A121,-3.13333333,-58.48277777,41.54
1959,2019-11-23,12:00,0.0,1007.2,1007.2,1006.4,619,26.8,23.4,26.8,26.1,23.7,23.1,85,81,82,264,2.4,0.5,N,AM,ITACOATIARA,A121,-3.13333333,-58.48277777,41.54
1960,2019-11-23,16:00,0.0,1006.2,1007.2,1006.2,2680,30.6,23.8,30.6,28.5,24.6,22.7,75,67,67,276,5.1,2.1,N,AM,ITACOATIARA,A121,-3.13333333,-58.48277777,41.54
1961,2019-11-23,20:00,0.0,1001.8,1002.7,1001.8,1595,31.6,23.3,32.2,31.3,24.0,22.5,63,58,61,246,4.0,1.0,N,AM,ITACOATIARA,A121,-3.13333333,-58.48277777,41.54
1962,2019-11-24,00:00,0.0,1004.1,1004.1,1003.3,0,27.6,24.2,28.5,27.6,24.3,23.7,81,75,81,255,1.6,0.0,N,AM,ITACOATIARA,A121,-3.13333333,-58.48277777,41.54
1963,2019-11-24,04:00,0.0,1004.9,1005.4,1004.9,0,26.1,23.7,26.4,26.1,23.9,23.7,87,86,87,298,1.8,0.8,N,AM,ITACOATIARA,A121,-3.13333333,-58.48277777,41.54
1964,2019-11-24,08:00,0.0,1004.2,1004.2,1004.0,0,25.0,23.5,25.1,25.0,23.6,23.5,91,91,91,325,1.1,0.0,N,AM,ITACOATIARA,A121,-3.13333333,-58.48277777,41.54
1965,2019-11-24,12:00,0.0,1006.9,1006.9,1006.3,1060,28.9,24.2,28.9,27.0,25.2,24.1,86,76,76,260,3.4,1.5,N,AM,ITACOATIARA,A121,-3.13333333,-58.48277777,41.54
1966,2019-11-24,16:00,0.0,1005.3,1006.3,1005.3,2382,32.4,21.9,32.5,30.3,24.0,21.9,66,54,54,243,5.3,1.0,N,AM,ITACOATIARA,A121,-3.13333333,-58.48277777,41.54
1967,2019-11-24,20:00,0.0,1001.5,1001.6,1001.3,1637,32.8,22.8,33.4,32.3,23.3,21.9,58,54,56,276,5.6,1.8,N,AM,ITACOATIARA,A121,-3.13333333,-58.48277777,41.54
1968,2019-11-25,00:00,0.0,1003.9,1003.9,1002.5,0,27.8,23.8,28.5,27.8,23.9,23.1,79,72,79,284,1.5,0.1,N,AM,ITACOATIARA,A121,-3.13333333,-58.48277777,41.54
1969,2019-11-25,04:00,0.0,1004.8,1005.2,1004.8,0,26.9,24.6,27.2,26.7,24.8,23.6,87,83,87,266,4.1,0.9,N,AM,ITACOATIARA,A121,-3.13333333,-58.48277777,41.54
1970,2019-11-25,08:00,0.0,1002.9,1002.9,1002.6,0,26.0,23.6,26.2,25.8,24.2,23.6,89,87,87,310,2.0,0.3,N,AM,ITACOATIARA,A121,-3.13333333,-58.48277777,41.54
1971,2019-11-25,12:00,0.0,1005.5,1005.5,1004.9,1101,29.2,25.0,29.2,27.3,25.2,24.1,85,78,78,302,2.0,0.7,N,AM,ITACOATIARA,A121,-3.13333333,-58.48277777,41.54
1972,2019-11-25,16:00,0.0,1003.8,1004.8,1003.8,2896,32.9,23.0,33.7,32.2,24.2,22.5,60,53,56,255,6.5,1.8,N,AM,ITACOATIARA,A121,-3.13333333,-58.48277777,41.54
1973,2019-11-25,20:00,0.0,1000.0,1000.7,1000.0,1562,33.6,22.1,34.2,33.4,22.8,21.4,53,49,51,257,4.8,1.6,N,AM,ITACOATIARA,A121,-3.13333333,-58.48277777,41.54
1974,2019-11-26,00:00,0.0,1001.6,1001.6,1000.7,0,28.5,23.6,29.5,28.3,23.7,23.0,76,68,75,290,1.6,0.1,N,AM,ITACOATIARA,A121,-3.13333333,-58.48277777,41.54
1975,2019-11-26,04:00,0.0,1002.4,1002.8,1002.4,0,27.0,23.8,27.3,27.0,24.1,23.8,83,82,83,302,2.5,1.4,N,AM,ITACOATIARA,A121,-3.13333333,-58.48277777,41.54
1976,2019-11-26,08:00,0.0,1001.8,1001.8,1001.2,0,26.0,23.4,26.4,26.0,23.6,23.4,86,84,86,306,2.6,1.2,N,AM,ITACOATIARA,A121,-3.13333333,-58.48277777,41.54
1977,2019-11-26,12:00,0.0,1004.7,1004.8,1004.5,935,28.8,24.0,29.1,27.1,24.5,23.5,81,74,75,296,2.8,1.5,N,AM,ITACOATIARA,A121,-3.13333333,-58.48277777,41.54
1978,2019-11-26,16:00,0.0,1002.6,1003.4,1002.6,2972,33.6,22.6,34.0,32.9,24.5,22.4,59,51,53,249,7.3,2.5,N,AM,ITACOATIARA,A121,-3.13333333,-58.48277777,41.54
1979,2019-11-26,20:00,0.0,999.4,999.9,999.4,1533,33.5,22.8,34.2,33.5,23.1,21.7,54,49,54,258,5.7,1.6,N,AM,ITACOATIARA,A121,-3.13333333,-58.48277777,41.54
1980,2019-11-27,00:00,0.0,1002.1,1002.1,1000.7,0,29.6,24.2,30.1,29.4,24.2,23.9,73,70,73,280,2.4,0.7,N,AM,ITACOATIARA,A121,-3.13333333,-58.48277777,41.54
1981,2019-11-27,04:00,0.0,1003.1,1003.8,1003.1,0,27.0,24.4,27.6,27.0,24.4,24.0,86,81,86,297,1.8,0.7,N,AM,ITACOATIARA,A121,-3.13333333,-58.48277777,41.54
1982,2019-11-27,08:00,0.0,1002.1,1002.3,1002.0,0,26.1,24.0,26.3,26.0,24.0,23.9,89,87,89,303,2.5,1.2,N,AM,ITACOATIARA,A121,-3.13333333,-58.48277777,41.54
1983,2019-11-27,12:00,0.0,1004.9,1004.9,1004.0,914,29.6,25.2,29.6,27.6,25.7,25.0,87,77,77,228,2.3,0.5,N,AM,ITACOATIARA,A121,-3.13333333,-58.48277777,41.54
1984,2019-11-27,16:00,0.0,1004.5,1005.4,1004.5,1857,31.9,23.0,32.1,31.4,23.8,22.4,63,58,59,281,6.5,2.2,N,AM,ITACOATIARA,A121,-3.13333333,-58.48277777,41.54
1985,2019-11-27,20:00,0.0,1001.6,1001.8,1001.4,1085,31.5,22.2,33.1,31.5,22.7,21.6,58,51,58,279,6.2,2.4,N,AM,ITACOATIARA,A121,-3.13333333,-58.48277777,41.54
1986,2019-11-28,00:00,0.0,1003.2,1003.2,1002.2,0,27.8,22.1,28.4,27.8,22.2,21.9,72,68,71,274,3.5,1.1,N,AM,ITACOATIARA,A121,-3.13333333,-58.48277777,41.54
1987,2019-11-28,04:00,0.0,1004.7,1005.0,1004.7,0,25.8,23.3,26.6,25.8,23.4,23.2,86,82,86,304,2.0,0.7,N,AM,ITACOATIARA,A121,-3.13333333,-58.48277777,41.54
1988,2019-11-28,08:00,0.0,1003.4,1003.5,1003.3,0,24.7,22.9,25.0,24.6,23.0,22.8,90,88,90,294,0.6,0.0,N,AM,ITACOATIARA,A121,-3.13333333,-58.48277777,41.54
1989,2019-11-28,12:00,0.0,1005.9,1005.9,1005.2,1062,29.5,23.4,29.5,27.1,24.4,23.1,82,70,70,261,4.0,1.4,N,AM,ITACOATIARA,A121,-3.13333333,-58.48277777,41.54
1990,2019-11-28,16:00,0.0,1004.9,1005.7,1004.9,2955,33.0,21.8,33.3,31.2,23.7,21.1,62,51,52,292,5.5,2.6,N,AM,ITACOATIARA,A121,-3.13333333,-58.48277777,41.54
1991,2019-11-28,20:00,0.0,1001.3,1001.9,1001.3,1510,33.4,20.2,34.5,33.3,21.3,19.8,49,43,46,284,4.7,1.5,N,AM,ITACOATIARA,A121,-3.13333333,-58.48277777,41.54
1992,2019-11-29,00:00,0.0,1003.0,1003.0,1002.3,0,29.0,22.8,29.9,29.0,22.8,22.0,69,63,69,287,2.3,0.2,N,AM,ITACOATIARA,A121,-3.13333333,-58.48277777,41.54
1993,2019-11-29,04:00,0.0,1003.3,1003.9,1003.3,0,26.4,23.1,26.9,26.4,23.6,23.1,83,81,82,283,0.4,0.0,N,AM,ITACOATIARA,A121,-3.13333333,-58.48277777,41.54
1994,2019-11-29,08:00,0.0,1003.3,1003.3,1002.8,0,26.3,23.9,26.3,25.5,23.9,23.0,86,85,86,247,2.6,1.0,N,AM,ITACOATIARA,A121,-3.13333333,-58.48277777,41.54
1995,2019-11-29,12:00,0.0,1005.9,1005.9,1005.1,950,27.5,23.9,27.9,26.5,24.4,23.7,85,80,80,231,2.4,1.2,N,AM,ITACOATIARA,A121,-3.13333333,-58.48277777,41.54
1996,2019-11-29,16:00,0.0,1004.1,1005.0,1004.1,2334,32.0,24.7,32.2,30.8,24.9,23.0,67,60,65,227,3.2,0.3,N,AM,ITACOATIARA,A121,-3.13333333,-58.48277777,41.54
1997,2019-11-29,20:00,0.0,1000.7,1001.3,1000.6,1275,32.9,24.3,33.7,32.2,25.4,23.0,66,54,61,236,2.8,0.3,N,AM,ITACOATIARA,A121,-3.13333333,-58.48277777,41.54
1998,2019-11-30,00:00,0.0,1003.1,1003.1,1001.8,0,28.7,23.9,29.5,28.7,24.3,23.9,76,73,76,278,1.1,0.0,N,AM,ITACOATIARA,A121,-3.13333333,-58.48277777,41.54
1999,2019-11-30,04:00,0.0,1003.6,1003.8,1003.6,0,27.1,24.0,27.6,27.1,24.0,23.5,83,79,83,297,0.9,0.3,N,AM,ITACOATIARA,A121,-3.13333333,-58.48277777,41.54
2000,2019-11-30,08:00,0.0,1003.1,1003.1,1003.0,0,26.6,24.6,27.0,26.5,24.9,24.4,89,88,89,300,2.1,0.0,N,AM,ITACOATIARA,A121,-3.13333333,-58.48277777,41.54
2001,2019-11-30,12:00,0.0,1006.5,1006.5,1005.1,247,27.1,23.8,27.5,26.7,25.5,23.8,91,82,82,242,5.8,1.6,N,AM,ITACOATIARA,A121,-3.13333333,-58.48277777,41.54
2002,2019-11-30,16:00,0.0,1004.5,1005.4,1004.5,1587,30.0,24.7,30.4,29.1,25.8,24.5,79,73,73,216,2.4,0.9,N,AM,ITACOATIARA,A121,-3.13333333,-58.48277777,41.54
2003,2019-11-30,20:00,0.0,1000.5,1000.9,1000.5,1430,32.7,24.6,33.0,32.0,25.6,23.8,67,59,63,264,4.0,1.0,N,AM,ITACOATIARA,A121,-3.13333333,-58.48277777,41.54
2004,2019-12-01,00:00,-9999.0,1002.8,1002.9,1002.0,0,29.2,24.8,29.9,29.2,24.8,24.4,77,73,77,278,3.3,0.0,N,AM,ITACOATIARA,A121,-3.13333333,-58.48277777,41.54
2005,2019-12-01,04:00,-9999.0,1004.0,1004.2,1004.0,0,27.1,24.7,27.1,26.7,24.8,24.0,87,85,87,199,1.6,0.2,N,AM,ITACOATIARA,A121,-3.13333333,-58.48277777,41.54
2006,2019-12-01,08:00,-9999.0,1004.0,1004.0,1003.6,0,26.2,24.6,26.5,26.1,24.7,24.5,91,90,91,228,2.2,0.7,N,AM,ITACOATIARA,A121,-3.13333333,-58.48277777,41.54
2007,2019-12-01,12:00,-9999.0,1006.8,1006.8,1006.3,785,28.0,24.7,28.3,27.2,25.3,24.1,86,81,82,220,2.2,0.5,N,AM,ITACOATIARA,A121,-3.13333333,-58.48277777,41.54
2008,2019-12-01,16:00,-9999.0,1005.4,1005.9,1005.3,2878,32.8,23.8,33.2,31.9,24.9,23.2,66,58,59,282,7.3,2.8,N,AM,ITACOATIARA,A121,-3.13333333,-58.48277777,41.54
2009,2019-12-01,20:00,-9999.0,1002.5,1002.9,1002.5,1522,33.2,22.8,34.0,32.9,23.4,22.5,56,52,55,286,6.2,2.8,N,AM,ITACOATIARA,A121,-3.13333333,-58.48277777,41.54
2010,2019-12-02,00:00,-9999.0,1003.6,1003.6,1002.8,0,28.8,23.2,29.4,28.8,23.2,22.8,72,68,72,297,3.7,1.4,N,AM,ITACOATIARA,A121,-3.13333333,-58.48277777,41.54
2011,2019-12-02,04:00,-9999.0,1005.1,1005.3,1005.1,0,26.4,23.6,27.4,26.4,23.8,23.5,85,79,85,302,1.9,0.8,N,AM,ITACOATIARA,A121,-3.13333333,-58.48277777,41.54
2012,2019-12-02,08:00,-9999.0,1004.3,1004.4,1004.3,0,25.0,22.4,25.4,25.0,22.7,22.4,86,85,86,304,2.1,1.2,N,AM,ITACOATIARA,A121,-3.13333333,-58.48277777,41.54
2013,2019-12-02,12:00,-9999.0,1007.0,1007.1,1006.1,1124,29.1,23.9,29.6,26.6,24.9,23.5,83,72,74,270,4.0,1.9,N,AM,ITACOATIARA,A121,-3.13333333,-58.48277777,41.54
2014,2019-12-02,16:00,-9999.0,1006.2,1006.7,1006.2,2963,33.5,22.3,33.8,32.4,22.8,21.3,55,50,52,255,7.6,2.5,N,AM,ITACOATIARA,A121,-3.13333333,-58.48277777,41.54
2015,2019-12-02,20:00,-9999.0,1003.1,1003.7,1003.1,1557,33.7,21.3,34.1,33.3,21.6,20.5,49,46,48,277,5.4,2.0,N,AM,ITACOATIARA,A121,-3.13333333,-58.48277777,41.54
2016,2019-12-03,00:00,-9999.0,1003.4,1003.4,1002.8,0,28.5,22.6,29.2,28.5,22.6,22.0,71,66,71,293,2.7,1.0,N,AM,ITACOATIARA,A121,-3.13333333,-58.48277777,41.54
2017,2019-12-03,04:00,-9999.0,1004.7,1005.1,1004.7,0,26.3,22.3,26.6,26.3,22.4,22.2,79,77,79,309,2.1,0.6,N,AM,ITACOATIARA,A121,-3.13333333,-58.48277777,41.54
2018,2019-12-03,08:00,-9999.0,1003.8,1003.8,1003.6,0,25.0,21.6,25.2,25.0,21.6,21.5,82,80,81,293,1.7,0.0,N,AM,ITACOATIARA,A121,-3.13333333,-58.48277777,41.54
2019,2019-12-03,12:00,-9999.0,1006.9,1006.9,1006.4,738,28.4,23.1,28.7,27.8,23.4,22.2,75,69,73,224,1.3,0.4,N,AM,ITACOATIARA,A121,-3.13333333,-58.48277777,41.54
2020,2019-12-03,16:00,-9999.0,1005.9,1006.5,1005.9,3068,32.5,22.7,32.7,31.8,23.5,21.6,61,53,56,236,2.6,1.8,N,AM,ITACOATIARA,A121,-3.13333333,-58.48277777,41.54
2021,2019-12-03,20:00,-9999.0,1001.4,1002.2,1001.4,1558,33.0,23.6,33.7,32.4,24.0,22.6,60,54,58,226,4.1,0.6,N,AM,ITACOATIARA,A121,-3.13333333,-58.48277777,41.54
2022,2019-12-04,00:00,-9999.0,1003.7,1003.7,1002.2,0,27.5,22.3,28.5,27.5,22.5,22.1,73,70,73,305,3.9,2.0,N,AM,ITACOATIARA,A121,-3.13333333,-58.48277777,41.54
2023,2019-12-04,04:00,-9999.0,1004.7,1004.9,1004.6,0,25.5,22.9,26.0,25.4,23.0,22.8,86,84,85,309,3.6,1.4,N,AM,ITACOATIARA,A121,-3.13333333,-58.48277777,41.54
2024,2019-12-04,08:00,-9999.0,1003.9,1003.9,1003.6,0,24.5,22.6,24.6,24.5,22.7,22.5,89,89,89,306,3.1,1.5,N,AM,ITACOATIARA,A121,-3.13333333,-58.48277777,41.54
2025,2019-12-04,12:00,-9999.0,1007.1,1007.1,1006.4,980,28.1,23.5,28.3,25.8,23.9,22.8,83,75,76,296,3.4,1.5,N,AM,ITACOATIARA,A121,-3.13333333,-58.48277777,41.54
2026,2019-12-04,16:00,-9999.0,1005.2,1006.3,1005.2,2851,32.8,22.9,32.8,30.8,24.1,22.2,65,54,56,269,5.6,1.3,N,AM,ITACOATIARA,A121,-3.13333333,-58.48277777,41.54
2027,2019-12-04,20:00,-9999.0,1002.1,1002.4,1002.0,1510,32.6,21.9,33.6,32.5,21.9,20.3,54,47,54,244,4.3,0.8,N,AM,ITACOATIARA,A121,-3.13333333,-58.48277777,41.54
2028,2019-12-05,00:00,-9999.0,1004.0,1004.0,1003.2,0,28.2,23.4,29.0,28.2,23.6,23.2,75,72,75,306,3.1,1.7,N,AM,ITACOATIARA,A121,-3.13333333,-58.48277777,41.54
2029,2019-12-05,04:00,-9999.0,1005.1,1005.2,1005.0,0,25.9,23.6,26.5,25.9,23.6,23.4,87,83,87,302,3.0,1.6,N,AM,ITACOATIARA,A121,-3.13333333,-58.48277777,41.54
2030,2019-12-05,08:00,-9999.0,1003.7,1003.8,1003.5,0,25.1,23.1,25.3,25.0,23.2,23.1,89,88,89,314,2.8,0.4,N,AM,ITACOATIARA,A121,-3.13333333,-58.48277777,41.54
2031,2019-12-05,12:00,-9999.0,1007.7,1008.0,1006.5,132,26.4,23.7,26.4,25.4,23.9,22.9,88,85,85,262,2.5,0.5,N,AM,ITACOATIARA,A121,-3.13333333,-58.48277777,41.54
2032,2019-12-05,16:00,-9999.0,1006.3,1007.4,1006.3,1995,30.3,24.2,30.6,26.9,24.9,23.6,86,69,70,267,4.0,1.4,N,AM,ITACOATIARA,A121,-3.13333333,-58.48277777,41.54
2033,2019-12-05,20:00,-9999.0,1002.6,1003.2,1002.6,709,30.3,23.9,31.4,30.3,23.9,22.7,69,60,68,247,4.0,0.3,N,AM,ITACOATIARA,A121,-3.13333333,-58.48277777,41.54
2034,2019-12-06,00:00,-9999.0,1004.7,1004.7,1003.7,0,26.6,24.0,27.1,26.6,24.1,24.0,86,83,86,291,1.3,0.0,N,AM,ITACOATIARA,A121,-3.13333333,-58.48277777,41.54
2035,2019-12-06,04:00,-9999.0,1005.5,1005.8,1005.5,0,25.8,23.9,25.9,25.8,24.1,23.9,90,89,89,254,1.2,0.0,N,AM,ITACOATIARA,A121,-3.13333333,-58.48277777,41.54
2036,2019-12-06,08:00,-9999.0,1004.6,1004.6,1004.5,0,24.9,23.4,25.3,24.9,23.7,23.4,92,91,92,293,1.6,0.9,N,AM,ITACOATIARA,A121,-3.13333333,-58.48277777,41.54
2037,2019-12-06,12:00,-9999.0,1007.5,1007.5,1006.6,851,27.3,24.8,27.7,26.8,24.8,24.1,88,82,87,274,3.4,1.2,N,AM,ITACOATIARA,A121,-3.13333333,-58.48277777,41.54
2038,2019-12-06,16:00,-9999.0,1006.8,1007.7,1006.8,542,25.3,23.8,25.3,24.7,23.9,23.3,92,91,91,299,6.4,1.9,N,AM,ITACOATIARA,A121,-3.13333333,-58.48277777,41.54
2039,2019-12-06,20:00,-9999.0,1002.0,1002.7,1002.0,1283,30.9,23.3,31.0,30.2,24.1,22.9,69,63,64,280,6.3,2.1,N,AM,ITACOATIARA,A121,-3.13333333,-58.48277777,41.54
2040,2019-12-07,00:00,-9999.0,1004.4,1004.4,1003.3,0,26.4,23.8,27.0,26.4,24.0,23.8,86,83,86,308,2.5,0.9,N,AM,ITACOATIARA,A121,-3.13333333,-58.48277777,41.54
2041,2019-12-07,04:00,-9999.0,1005.5,1005.7,1005.5,0,25.3,22.9,25.8,25.3,23.3,22.9,88,86,87,305,3.0,0.4,N,AM,ITACOATIARA,A121,-3.13333333,-58.48277777,41.54
2042,2019-12-07,08:00,-9999.0,1004.0,1004.2,1003.9,0,24.5,23.3,24.7,24.5,23.5,23.3,94,93,93,300,3.0,0.3,N,AM,ITACOATIARA,A121,-3.13333333,-58.48277777,41.54
2043,2019-12-07,12:00,-9999.0,1007.3,1007.3,1006.4,766,26.0,24.1,26.0,25.0,24.4,23.8,94,89,90,269,3.1,1.5,N,AM,ITACOATIARA,A121,-3.13333333,-58.48277777,41.54
2044,2019-12-07,16:00,-9999.0,1006.2,1007.5,1006.2,1025,27.4,24.5,27.8,25.6,25.1,24.2,92,82,84,312,4.3,1.4,N,AM,ITACOATIARA,A121,-3.13333333,-58.48277777,41.54
2045,2019-12-07,20:00,-9999.0,1002.9,1003.0,1002.7,1115,29.0,23.8,30.1,28.7,24.3,23.5,76,69,74,217,2.7,0.8,N,AM,ITACOATIARA,A121,-3.13333333,-58.48277777,41.54
2046,2019-12-08,00:00,-9999.0,1005.2,1005.2,1004.6,0,27.0,24.2,27.3,27.0,24.7,24.1,86,83,84,229,3.9,1.2,N,AM,ITACOATIARA,A121,-3.13333333,-58.48277777,41.54
2047,2019-12-08,04:00,-9999.0,1005.1,1005.4,1005.1,0,25.4,23.1,25.9,25.4,23.6,22.8,88,84,87,251,3.1,0.1,N,AM,ITACOATIARA,A121,-3.13333333,-58.48277777,41.54
2048,2019-12-08,08:00,-9999.0,1004.1,1004.1,1003.5,0,24.4,22.9,25.3,24.4,23.1,22.8,91,88,91,239,4.5,0.8,N,AM,ITACOATIARA,A121,-3.13333333,-58.48277777,41.54
2049,2019-12-08,12:00,-9999.0,1007.8,1007.8,1006.6,560,25.7,22.8,26.0,24.6,23.1,22.7,91,83,84,257,2.2,0.2,N,AM,ITACOATIARA,A121,-3.13333333,-58.48277777,41.54
2050,2019-12-08,16:00,-9999.0,1006.9,1007.5,1006.9,461,24.1,23.0,25.1,23.7,23.3,22.4,94,90,94,309,6.7,2.2,N,AM,ITACOATIARA,A121,-3.13333333,-58.48277777,41.54
2051,2019-12-08,20:00,-9999.0,1002.5,1003.6,1002.5,323,24.7,23.2,25.0,24.5,23.6,22.9,92,91,91,334,2.6,0.4,N,AM,ITACOATIARA,A121,-3.13333333,-58.48277777,41.54
2052,2019-12-09,00:00,-9999.0,1004.2,1004.2,1003.7,0,24.2,23.1,24.5,24.1,23.3,23.0,94,93,94,305,2.4,0.8,N,AM,ITACOATIARA,A121,-3.13333333,-58.48277777,41.54
2053,2019-12-09,04:00,-9999.0,1005.4,1005.7,1005.4,0,23.3,22.1,23.7,23.3,22.4,22.1,93,93,93,277,1.0,0.0,N,AM,ITACOATIARA,A121,-3.13333333,-58.48277777,41.54
2054,2019-12-09,08:00,-9999.0,1003.7,1003.8,1003.6,0,23.2,22.2,23.5,23.1,22.5,22.1,95,94,94,312,1.4,0.0,N,AM,ITACOATIARA,A121,-3.13333333,-58.48277777,41.54
2055,2019-12-09,12:00,-9999.0,1007.2,1007.2,1006.4,604,25.2,22.9,25.2,23.8,23.2,22.3,91,87,87,287,1.9,0.6,N,AM,ITACOATIARA,A121,-3.13333333,-58.48277777,41.54
2056,2019-12-09,16:00,-9999.0,1005.8,1007.0,1005.8,1161,28.9,23.9,28.9,27.6,24.2,23.5,80,75,75,220,2.1,0.9,N,AM,ITACOATIARA,A121,-3.13333333,-58.48277777,41.54
2057,2019-12-09,20:00,-9999.0,1002.5,1002.9,1002.3,1001,29.1,23.8,29.4,28.9,24.3,23.1,75,70,73,265,4.0,1.4,N,AM,ITACOATIARA,A121,-3.13333333,-58.48277777,41.54
2058,2019-12-10,00:00,-9999.0,1004.2,1004.2,1003.1,0,25.6,23.4,26.2,25.5,23.7,23.3,88,84,88,292,2.3,0.9,N,AM,ITACOATIARA,A121,-3.13333333,-58.48277777,41.54
2059,2019-12-10,04:00,-9999.0,1004.5,1004.6,1004.4,0,25.1,23.4,25.5,25.1,23.7,23.2,90,88,90,270,2.1,0.3,N,AM,ITACOATIARA,A121,-3.13333333,-58.48277777,41.54
2060,2019-12-10,08:00,-9999.0,1003.4,1003.5,1003.3,0,24.6,23.2,24.7,23.9,23.3,22.5,93,91,92,231,1.6,0.1,N,AM,ITACOATIARA,A121,-3.13333333,-58.48277777,41.54
2061,2019-12-10,12:00,-9999.0,1006.6,1006.6,1005.9,805,27.3,23.3,27.5,25.8,24.2,23.3,88,79,79,277,2.7,1.0,N,AM,ITACOATIARA,A121,-3.13333333,-58.48277777,41.54
2062,2019-12-10,16:00,-9999.0,1005.2,1006.2,1005.2,1302,29.5,23.8,30.1,28.2,25.3,23.8,80,72,72,216,4.4,1.3,N,AM,ITACOATIARA,A121,-3.13333333,-58.48277777,41.54
2063,2019-12-10,20:00,-9999.0,1001.3,1002.0,1001.3,1370,30.4,23.0,31.3,30.1,23.7,22.5,67,61,65,267,6.6,1.3,N,AM,ITACOATIARA,A121,-3.13333333,-58.48277777,41.54
2064,2019-12-11,00:00,-9999.0,1004.2,1004.2,1003.5,0,27.4,24.0,27.7,27.3,24.0,23.6,82,78,82,317,0.0,0.0,N,AM,ITACOATIARA,A121,-3.13333333,-58.48277777,41.54
2065,2019-12-11,04:00,-9999.0,1004.5,1004.9,1004.5,0,26.1,24.0,26.6,26.1,24.0,23.9,88,85,88,294,1.3,0.0,N,AM,ITACOATIARA,A121,-3.13333333,-58.48277777,41.54
2066,2019-12-11,08:00,-9999.0,1003.6,1003.6,1003.3,0,25.4,23.7,26.1,25.4,23.9,23.2,90,84,90,237,2.6,1.5,N,AM,ITACOATIARA,A121,-3.13333333,-58.48277777,41.54
2067,2019-12-11,12:00,-9999.0,1006.5,1006.5,1005.8,149,24.2,23.2,24.2,22.9,23.2,22.0,95,94,94,301,4.4,0.5,N,AM,ITACOATIARA,A121,-3.13333333,-58.48277777,41.54
2068,2019-12-11,16:00,-9999.0,1004.7,1005.5,1004.7,2906,30.4,22.4,31.0,28.6,24.7,22.2,76,62,63,286,4.5,1.2,N,AM,ITACOATIARA,A121,-3.13333333,-58.48277777,41.54
2069,2019-12-11,20:00,-9999.0,1000.2,1000.9,1000.2,1659,31.6,22.9,32.2,31.4,23.4,22.2,62,57,60,248,3.3,0.7,N,AM,ITACOATIARA,A121,-3.13333333,-58.48277777,41.54
2070,2019-12-12,00:00,-9999.0,1002.4,1002.4,1001.4,0,26.8,23.7,27.6,26.8,23.7,23.3,83,78,83,298,1.5,0.9,N,AM,ITACOATIARA,A121,-3.13333333,-58.48277777,41.54
2071,2019-12-12,04:00,-9999.0,1003.3,1004.0,1003.3,0,26.3,23.9,26.8,26.3,24.2,23.8,86,85,86,311,2.0,0.2,N,AM,ITACOATIARA,A121,-3.13333333,-58.48277777,41.54
2072,2019-12-12,08:00,-9999.0,1001.4,1001.4,1001.1,0,25.5,23.3,25.7,25.5,23.5,23.2,88,87,88,316,0.0,0.0,N,AM,ITACOATIARA,A121,-3.13333333,-58.48277777,41.54
2073,2019-12-12,12:00,-9999.0,1005.0,1005.0,1003.8,370,26.7,23.7,27.3,26.5,24.0,23.2,84,80,84,324,2.1,0.5,N,AM,ITACOATIARA,A121,-3.13333333,-58.48277777,41.54
2074,2019-12-12,16:00,-9999.0,1004.5,1005.3,1004.5,213,24.1,23.1,24.1,23.8,23.2,22.9,95,94,94,257,4.5,1.5,N,AM,ITACOATIARA,A121,-3.13333333,-58.48277777,41.54
2075,2019-12-12,20:00,-9999.0,1002.7,1002.7,1002.4,381,25.3,23.9,25.4,25.1,23.9,23.6,92,91,91,272,2.3,0.9,N,AM,ITACOATIARA,A121,-3.13333333,-58.48277777,41.54
2076,2019-12-13,00:00,-9999.0,1003.1,1003.2,1002.8,0,24.2,23.1,24.8,24.2,23.4,23.1,94,92,94,295,2.3,0.6,N,AM,ITACOATIARA,A121,-3.13333333,-58.48277777,41.54
2077,2019-12-13,04:00,-9999.0,1004.1,1004.1,1003.9,0,24.3,23.2,24.7,24.3,23.6,23.2,93,93,93,233,0.7,0.0,N,AM,ITACOATIARA,A121,-3.13333333,-58.48277777,41.54
2078,2019-12-13,08:00,-9999.0,1003.5,1003.6,1003.3,0,23.9,23.0,24.1,23.9,23.1,23.0,95,94,95,332,3.1,1.0,N,AM,ITACOATIARA,A121,-3.13333333,-58.48277777,41.54
2079,2019-12-13,12:00,-9999.0,1005.8,1005.8,1005.3,514,25.5,23.9,25.6,24.4,24.2,23.6,95,91,91,227,2.9,0.9,N,AM,ITACOATIARA,A121,-3.13333333,-58.48277777,41.54
2080,2019-12-13,16:00,-9999.0,1005.3,1005.8,1005.2,1744,27.7,23.3,28.1,25.4,24.3,22.8,90,74,77,260,4.6,0.8,N,AM,ITACOATIARA,A121,-3.13333333,-58.48277777,41.54
2081,2019-12-13,20:00,-9999.0,1000.5,1001.1,1000.5,897,27.9,23.3,28.8,27.8,23.8,22.7,77,72,76,268,3.2,0.7,N,AM,ITACOATIARA,A121,-3.13333333,-58.48277777,41.54
2082,2019-12-14,00:00,-9999.0,1002.8,1002.8,1001.6,0,25.8,23.8,26.1,25.7,23.9,23.6,89,87,89,214,0.0,0.0,N,AM,ITACOATIARA,A121,-3.13333333,-58.48277777,41.54
2083,2019-12-14,04:00,-9999.0,1004.2,1004.8,1004.2,0,25.3,24.0,25.8,25.3,24.4,23.9,93,92,93,311,0.7,0.0,N,AM,ITACOATIARA,A121,-3.13333333,-58.48277777,41.54
2084,2019-12-14,08:00,-9999.0,1003.7,1003.7,1003.4,0,24.7,23.5,25.6,24.4,24.2,23.2,93,91,93,337,2.6,0.1,N,AM,ITACOATIARA,A121,-3.13333333,-58.48277777,41.54
2085,2019-12-14,12:00,-9999.0,1007.4,1007.4,1006.1,278,25.4,23.4,26.2,25.4,24.6,23.4,93,89,89,251,3.8,1.0,N,AM,ITACOATIARA,A121,-3.13333333,-58.48277777,41.54
2086,2019-12-14,16:00,-9999.0,1006.5,1007.3,1006.5,1454,27.7,23.7,27.7,26.5,23.9,22.8,84,77,79,271,3.9,1.6,N,AM,ITACOATIARA,A121,-3.13333333,-58.48277777,41.54
2087,2019-12-14,20:00,-9999.0,1002.8,1002.9,1002.7,1198,28.2,24.0,29.2,28.2,24.8,23.4,79,72,78,209,3.1,0.6,N,AM,ITACOATIARA,A121,-3.13333333,-58.48277777,41.54
2088,2019-12-15,00:00,-9999.0,1004.8,1004.8,1003.8,0,26.4,24.1,26.8,26.4,24.3,24.1,88,86,87,235,4.0,1.2,N,AM,ITACOATIARA,A121,-3.13333333,-58.48277777,41.54
2089,2019-12-15,04:00,-9999.0,1005.6,1005.7,1005.3,0,25.4,23.9,25.7,25.4,24.0,23.8,92,90,92,216,2.6,0.3,N,AM,ITACOATIARA,A121,-3.13333333,-58.48277777,41.54
2090,2019-12-15,08:00,-9999.0,1005.0,1005.0,1004.5,0,24.9,23.9,25.0,24.7,24.0,23.7,94,94,94,242,2.9,0.0,N,AM,ITACOATIARA,A121,-3.13333333,-58.48277777,41.54
2091,2019-12-15,12:00,-9999.0,1008.3,1008.3,1007.0,105,23.7,21.9,25.3,23.7,24.1,21.9,94,89,90,307,10.5,3.9,N,AM,ITACOATIARA,A121,-3.13333333,-58.48277777,41.54
2092,2019-12-15,16:00,-9999.0,1007.2,1007.8,1007.2,588,24.5,22.8,24.5,23.3,22.8,22.1,93,90,90,319,2.9,0.5,N,AM,ITACOATIARA,A121,-3.13333333,-58.48277777,41.54
2093,2019-12-15,20:00,-9999.0,1003.4,1004.1,1003.4,430,25.7,23.1,25.9,25.6,23.4,22.7,86,84,85,278,2.1,0.4,N,AM,ITACOATIARA,A121,-3.13333333,-58.48277777,41.54
2094,2019-12-16,00:00,-9999.0,1005.1,1005.1,1004.2,0,24.6,23.2,24.8,24.6,23.3,23.2,92,91,92,316,1.8,0.1,N,AM,ITACOATIARA,A121,-3.13333333,-58.48277777,41.54
2095,2019-12-16,04:00,-9999.0,1005.9,1006.2,1005.9,0,23.9,22.6,24.2,23.9,22.9,22.6,93,92,93,327,2.2,0.3,N,AM,ITACOATIARA,A121,-3.13333333,-58.48277777,41.54
2096,2019-12-16,08:00,-9999.0,1004.5,1004.5,1004.2,0,23.4,22.3,23.5,23.3,22.4,22.2,94,94,94,333,1.8,0.5,N,AM,ITACOATIARA,A121,-3.13333333,-58.48277777,41.54
2097,2019-12-16,12:00,-9999.0,1007.2,1007.2,1006.7,744,25.6,22.9,25.7,24.4,23.4,22.6,91,84,85,334,4.8,1.0,N,AM,ITACOATIARA,A121,-3.13333333,-58.48277777,41.54
2098,2019-12-16,16:00,-9999.0,1005.0,1006.7,1005.0,2193,28.5,24.3,29.5,27.6,24.6,23.4,81,71,78,234,3.9,1.3,N,AM,ITACOATIARA,A121,-3.13333333,-58.48277777,41.54
2099,2019-12-16,20:00,-9999.0,1001.8,1001.8,1001.2,509,26.8,24.5,28.1,26.8,25.1,23.4,87,76,87,293,5.1,1.5,N,AM,ITACOATIARA,A121,-3.13333333,-58.48277777,41.54
2100,2019-12-17,00:00,-9999.0,1004.0,1004.0,1003.1,0,25.1,23.7,25.3,25.0,23.8,23.5,92,91,92,313,0.8,0.0,N,AM,ITACOATIARA,A121,-3.13333333,-58.48277777,41.54
2101,2019-12-17,04:00,-9999.0,1004.4,1004.7,1004.2,0,24.5,23.4,25.4,24.5,23.7,23.3,93,90,93,338,1.7,0.0,N,AM,ITACOATIARA,A121,-3.13333333,-58.48277777,41.54
2102,2019-12-17,08:00,-9999.0,1003.8,1003.8,1003.6,0,24.6,23.1,24.9,24.5,23.2,23.0,92,90,92,335,1.3,0.0,N,AM,ITACOATIARA,A121,-3.13333333,-58.48277777,41.54
2103,2019-12-17,12:00,-9999.0,1006.5,1006.5,1005.6,196,25.1,23.5,25.2,24.8,23.9,23.5,94,91,91,313,3.2,0.8,N,AM,ITACOATIARA,A121,-3.13333333,-58.48277777,41.54
2104,2019-12-17,16:00,-9999.0,1005.9,1006.7,1005.9,694,27.1,24.6,27.1,26.0,24.8,23.9,89,86,86,256,2.9,0.8,N,AM,ITACOATIARA,A121,-3.13333333,-58.48277777,41.54
2105,2019-12-17,20:00,-9999.0,1001.2,1001.8,1001.1,1626,29.6,23.7,30.0,28.9,24.2,23.1,74,68,71,255,4.0,1.3,N,AM,ITACOATIARA,A121,-3.13333333,-58.48277777,41.54
2106,2019-12-18,00:00,-9999.0,1002.2,1002.2,1001.4,0,25.7,23.1,26.0,25.7,24.1,23.1,89,85,86,268,2.3,0.1,N,AM,ITACOATIARA,A121,-3.13333333,-58.48277777,41.54
2107,2019-12-18,04:00,-9999.0,1004.7,1004.8,1004.6,0,24.5,23.3,24.5,24.4,23.3,23.2,93,93,93,300,0.7,0.0,N,AM,ITACOATIARA,A121,-3.13333333,-58.48277777,41.54
2108,2019-12-18,08:00,-9999.0,1002.7,1002.9,1002.7,0,24.1,23.1,24.6,24.1,23.5,23.1,94,93,94,326,0.5,0.0,N,AM,ITACOATIARA,A121,-3.13333333,-58.48277777,41.54
2109,2019-12-18,12:00,-9999.0,1005.9,1005.9,1005.0,703,27.7,24.3,28.0,26.8,24.9,24.0,89,80,82,261,1.8,0.4,N,AM,ITACOATIARA,A121,-3.13333333,-58.48277777,41.54
2110,2019-12-18,16:00,-9999.0,1004.3,1005.0,1004.3,2080,30.5,24.3,31.2,29.6,24.6,23.2,71,65,70,277,5.8,2.2,N,AM,ITACOATIARA,A121,-3.13333333,-58.48277777,41.54
2111,2019-12-18,20:00,-9999.0,1000.4,1001.2,1000.3,1589,32.3,23.5,32.4,31.2,24.0,23.1,64,60,60,253,6.3,1.4,N,AM,ITACOATIARA,A121,-3.13333333,-58.48277777,41.54
2112,2019-12-19,00:00,-9999.0,1002.7,1002.7,1001.6,0,27.6,24.3,28.5,27.5,24.3,23.9,83,77,82,278,1.8,0.4,N,AM,ITACOATIARA,A121,-3.13333333,-58.48277777,41.54
2113,2019-12-19,04:00,-9999.0,1003.8,1004.1,1003.8,0,25.7,23.9,26.0,25.7,24.0,23.9,90,89,90,310,1.9,1.0,N,AM,ITACOATIARA,A121,-3.13333333,-58.48277777,41.54
2114,2019-12-19,08:00,-9999.0,1002.8,1002.9,1002.6,0,25.3,23.7,25.5,25.3,23.9,23.7,92,91,91,306,3.1,1.3,N,AM,ITACOATIARA,A121,-3.13333333,-58.48277777,41.54
2115,2019-12-19,12:00,-9999.0,1006.2,1006.2,1005.3,763,27.0,24.5,27.0,25.4,24.6,23.8,91,86,86,297,2.7,0.9,N,AM,ITACOATIARA,A121,-3.13333333,-58.48277777,41.54
2116,2019-12-19,16:00,-9999.0,1005.1,1005.8,1005.1,2575,30.9,23.4,31.6,29.9,24.2,22.6,68,62,65,287,8.4,3.6,N,AM,ITACOATIARA,A121,-3.13333333,-58.48277777,41.54
2117,2019-12-19,20:00,-9999.0,1001.1,1002.0,1001.1,1598,31.5,22.9,32.4,31.3,24.3,22.7,63,60,60,285,6.7,2.2,N,AM,ITACOATIARA,A121,-3.13333333,-58.48277777,41.54
2118,2019-12-20,00:00,-9999.0,1003.6,1003.6,1002.3,0,27.7,23.5,28.4,27.5,23.6,23.0,79,73,78,271,1.9,0.1,N,AM,ITACOATIARA,A121,-3.13333333,-58.48277777,41.54
2119,2019-12-20,04:00,-9999.0,1004.8,1005.2,1004.8,0,26.2,24.6,26.4,26.2,24.7,24.4,91,90,91,293,0.4,0.0,N,AM,ITACOATIARA,A121,-3.13333333,-58.48277777,41.54
2120,2019-12-20,08:00,-9999.0,1003.6,1003.6,1003.2,0,25.1,23.9,25.5,25.1,24.2,23.8,93,92,93,316,0.0,0.0,N,AM,ITACOATIARA,A121,-3.13333333,-58.48277777,41.54
2121,2019-12-20,12:00,-9999.0,1006.5,1006.5,1005.7,747,27.3,24.9,27.3,26.4,25.1,24.5,91,87,87,231,2.2,1.2,N,AM,ITACOATIARA,A121,-3.13333333,-58.48277777,41.54
2122,2019-12-20,16:00,-9999.0,1004.6,1006.0,1004.6,321,27.0,24.8,27.2,26.8,25.0,24.6,89,87,88,227,2.0,0.4,N,AM,ITACOATIARA,A121,-3.13333333,-58.48277777,41.54
2123,2019-12-20,20:00,-9999.0,1001.4,1002.2,1001.4,670,29.4,24.7,29.6,28.7,25.6,24.6,82,75,76,274,2.0,0.7,N,AM,ITACOATIARA,A121,-3.13333333,-58.48277777,41.54
2124,2019-12-21,00:00,-9999.0,1002.9,1002.9,1001.8,0,27.5,25.5,27.5,26.7,25.5,24.6,90,88,89,290,1.2,0.2,N,AM,ITACOATIARA,A121,-3.13333333,-58.48277777,41.54
2125,2019-12-21,04:00,-9999.0,1003.9,1004.0,1003.8,0,26.2,25.0,26.4,26.1,25.1,24.9,93,92,93,291,0.2,0.0,N,AM,ITACOATIARA,A121,-3.13333333,-58.48277777,41.54
2126,2019-12-21,08:00,-9999.0,1003.2,1003.4,1003.1,0,25.9,24.7,25.9,25.6,24.8,24.5,94,93,93,316,1.3,0.4,N,AM,ITACOATIARA,A121,-3.13333333,-58.48277777,41.54
2127,2019-12-21,12:00,-9999.0,1006.8,1006.9,1005.9,484,24.6,22.7,25.9,23.6,25.0,22.2,94,89,89,311,9.5,1.9,N,AM,ITACOATIARA,A121,-3.13333333,-58.48277777,41.54
2128,2019-12-21,16:00,-9999.0,1005.4,1006.3,1005.3,1370,29.4,24.8,29.4,28.3,24.9,23.7,80,72,76,226,3.3,0.8,N,AM,ITACOATIARA,A121,-3.13333333,-58.48277777,41.54
2129,2019-12-21,20:00,-9999.0,1001.2,1001.9,1001.1,1002,29.9,23.9,30.4,29.6,24.5,23.5,72,68,70,288,3.7,0.9,N,AM,ITACOATIARA,A121,-3.13333333,-58.48277777,41.54
2130,2019-12-22,00:00,-9999.0,1002.4,1002.4,1001.5,0,26.6,24.3,27.1,26.5,24.8,24.1,88,85,87,292,0.0,0.0,N,AM,ITACOATIARA,A121,-3.13333333,-58.48277777,41.54
2131,2019-12-22,04:00,-9999.0,1004.3,1004.7,1004.3,0,26.7,25.2,27.1,26.7,25.5,25.2,92,90,92,263,2.5,0.7,N,AM,ITACOATIARA,A121,-3.13333333,-58.48277777,41.54
2132,2019-12-22,08:00,-9999.0,1003.4,1003.5,1003.3,0,26.0,24.5,26.3,26.0,24.9,24.5,92,92,92,235,4.1,2.4,N,AM,ITACOATIARA,A121,-3.13333333,-58.48277777,41.54
2133,2019-12-22,12:00,-9999.0,1007.1,1007.2,1005.3,20,23.9,22.9,25.3,23.9,24.0,22.8,94,91,94,310,8.0,2.4,N,AM,ITACOATIARA,A121,-3.13333333,-58.48277777,41.54
2134,2019-12-22,16:00,-9999.0,1007.0,1007.5,1007.0,350,25.0,23.6,25.0,24.6,23.7,23.4,94,92,92,326,2.5,0.0,N,AM,ITACOATIARA,A121,-3.13333333,-58.48277777,41.54
2135,2019-12-22,20:00,-9999.0,1002.2,1003.0,1002.2,696,27.1,23.7,27.3,26.8,24.2,23.3,85,81,81,235,2.0,0.1,N,AM,ITACOATIARA,A121,-3.13333333,-58.48277777,41.54
2136,2019-12-23,00:00,-9999.0,1004.2,1004.2,1003.3,0,25.3,24.0,25.6,25.3,24.2,23.9,93,91,93,309,0.5,0.0,N,AM,ITACOATIARA,A121,-3.13333333,-58.48277777,41.54
2137,2019-12-23,04:00,-9999.0,1005.1,1005.4,1005.1,0,24.9,23.8,24.9,24.5,23.9,23.4,94,93,94,343,1.2,0.5,N,AM,ITACOATIARA,A121,-3.13333333,-58.48277777,41.54
2138,2019-12-23,08:00,-9999.0,1004.0,1004.0,1003.5,0,24.9,23.7,25.0,24.5,23.7,23.3,93,92,93,272,2.8,1.0,N,AM,ITACOATIARA,A121,-3.13333333,-58.48277777,41.54
2139,2019-12-23,12:00,-9999.0,1007.6,1007.6,1007.2,32,23.2,22.3,23.3,23.1,22.3,22.1,94,94,94,253,5.1,0.0,N,AM,ITACOATIARA,A121,-3.13333333,-58.48277777,41.54
2140,2019-12-23,16:00,-9999.0,1007.3,1008.1,1007.3,238,24.5,23.0,24.7,24.2,23.3,22.8,92,91,91,224,3.5,0.1,N,AM,ITACOATIARA,A121,-3.13333333,-58.48277777,41.54
2141,2019-12-23,20:00,-9999.0,1003.9,1004.2,1003.9,519,26.3,23.4,26.4,26.0,23.5,22.9,85,83,84,219,0.0,0.0,N,AM,ITACOATIARA,A121,-3.13333333,-58.48277777,41.54
2142,2019-12-24,00:00,-9999.0,1004.5,1004.5,1003.7,0,24.7,23.3,25.2,24.7,23.5,23.2,92,90,92,262,0.9,0.0,N,AM,ITACOATIARA,A121,-3.13333333,-58.48277777,41.54
2143,2019-12-24,04:00,-9999.0,1005.5,1006.0,1005.5,0,24.4,23.2,24.6,24.4,23.4,23.1,93,92,93,338,0.0,0.0,N,AM,ITACOATIARA,A121,-3.13333333,-58.48277777,41.54
2144,2019-12-24,08:00,-9999.0,1004.4,1004.4,1004.1,0,23.6,22.6,23.6,23.5,22.6,22.5,94,94,94,314,1.5,0.0,N,AM,ITACOATIARA,A121,-3.13333333,-58.48277777,41.54
2145,2019-12-24,12:00,-9999.0,1006.3,1006.3,1005.7,421,25.5,23.8,25.6,24.2,23.9,23.0,93,90,90,334,0.0,0.0,N,AM,ITACOATIARA,A121,-3.13333333,-58.48277777,41.54
2146,2019-12-24,16:00,-9999.0,1004.5,1005.8,1004.5,1799,29.1,24.0,29.3,28.5,24.6,23.6,77,74,74,233,3.4,1.9,N,AM,ITACOATIARA,A121,-3.13333333,-58.48277777,41.54
2147,2019-12-24,20:00,-9999.0,1001.7,1002.7,1001.7,449,25.6,23.5,25.7,25.5,23.8,23.4,89,88,88,287,4.8,1.6,N,AM,ITACOATIARA,A121,-3.13333333,-58.48277777,41.54
2148,2019-12-25,00:00,-9999.0,1003.0,1003.0,1002.4,0,24.6,23.4,25.1,24.6,23.6,23.4,93,92,93,336,2.6,0.9,N,AM,ITACOATIARA,A121,-3.13333333,-58.48277777,41.54
2149,2019-12-25,04:00,-9999.0,1004.8,1005.1,1004.8,0,24.9,23.5,25.0,24.9,23.6,23.2,92,91,92,232,3.0,1.6,N,AM,ITACOATIARA,A121,-3.13333333,-58.48277777,41.54
2150,2019-12-25,08:00,-9999.0,1003.9,1003.9,1003.7,0,24.3,23.0,25.0,24.3,23.3,23.0,93,90,93,333,3.6,1.1,N,AM,ITACOATIARA,A121,-3.13333333,-58.48277777,41.54
2151,2019-12-25,12:00,-9999.0,1006.2,1006.2,1005.2,535,25.8,23.7,25.9,25.3,23.7,23.3,91,86,88,239,4.2,2.3,N,AM,ITACOATIARA,A121,-3.13333333,-58.48277777,41.54
2152,2019-12-25,16:00,-9999.0,1005.8,1006.9,1005.8,371,25.7,23.7,25.7,25.1,24.0,23.4,93,88,89,249,2.4,0.2,N,AM,ITACOATIARA,A121,-3.13333333,-58.48277777,41.54
2153,2019-12-25,20:00,-9999.0,1003.8,1004.2,1003.8,280,25.8,23.7,25.9,25.6,24.1,23.6,90,88,89,334,1.6,0.3,N,AM,ITACOATIARA,A121,-3.13333333,-58.48277777,41.54
2154,2019-12-26,00:00,-9999.0,1004.4,1004.4,1003.9,0,25.0,23.6,25.3,25.0,23.8,23.5,92,91,92,326,1.8,0.1,N,AM,ITACOATIARA,A121,-3.13333333,-58.48277777,41.54
2155,2019-12-26,04:00,-9999.0,1004.6,1005.2,1004.6,0,25.0,23.5,25.2,25.0,23.8,23.4,92,91,91,280,2.0,0.8,N,AM,ITACOATIARA,A121,-3.13333333,-58.48277777,41.54
2156,2019-12-26,08:00,-9999.0,1003.6,1003.6,1003.4,0,24.6,23.6,24.7,23.9,23.7,22.9,94,94,94,228,1.3,0.1,N,AM,ITACOATIARA,A121,-3.13333333,-58.48277777,41.54
2157,2019-12-26,12:00,-9999.0,1006.9,1006.9,1006.2,696,26.2,23.9,26.4,24.9,24.7,23.7,94,87,87,218,2.2,0.5,N,AM,ITACOATIARA,A121,-3.13333333,-58.48277777,41.54
2158,2019-12-26,16:00,-9999.0,1005.7,1006.9,1005.7,1530,29.6,24.6,29.7,28.5,25.0,24.1,79,73,74,226,4.0,1.9,N,AM,ITACOATIARA,A121,-3.13333333,-58.48277777,41.54
2159,2019-12-26,20:00,-9999.0,1003.5,1003.5,1003.3,1122,27.2,24.1,29.9,27.2,25.4,23.9,87,74,83,288,6.8,3.0,N,AM,ITACOATIARA,A121,-3.13333333,-58.48277777,41.54
2160,2019-12-27,00:00,-9999.0,1003.7,1003.7,1003.1,0,25.6,23.5,25.8,25.4,23.5,23.4,89,87,88,271,2.8,0.3,N,AM,ITACOATIARA,A121,-3.13333333,-58.48277777,41.54
2161,2019-12-27,04:00,-9999.0,1005.0,1005.6,1004.9,0,25.6,24.3,25.6,25.1,24.3,23.6,93,91,93,221,0.9,0.0,N,AM,ITACOATIARA,A121,-3.13333333,-58.48277777,41.54
2162,2019-12-27,08:00,-9999.0,1004.4,1004.7,1004.3,0,25.3,24.1,25.4,25.2,24.1,24.0,93,92,93,232,2.7,0.0,N,AM,ITACOATIARA,A121,-3.13333333,-58.48277777,41.54
2163,2019-12-27,12:00,-9999.0,1006.3,1006.3,1005.5,646,26.6,24.4,26.7,25.8,24.8,24.2,92,88,88,255,2.9,0.7,N,AM,ITACOATIARA,A121,-3.13333333,-58.48277777,41.54
2164,2019-12-27,16:00,-9999.0,1006.2,1007.0,1006.2,2151,28.2,23.1,29.3,26.4,23.8,22.6,79,70,74,285,7.7,2.8,N,AM,ITACOATIARA,A121,-3.13333333,-58.48277777,41.54
2165,2019-12-27,20:00,-9999.0,1002.1,1002.7,1002.1,1683,29.6,23.6,30.0,29.2,24.7,23.6,76,70,70,296,7.5,3.1,N,AM,ITACOATIARA,A121,-3.13333333,-58.48277777,41.54
2166,2019-12-28,00:00,-9999.0,1003.6,1003.6,1002.7,0,26.3,23.9,26.9,26.3,24.1,23.9,87,84,87,310,1.0,0.0,N,AM,ITACOATIARA,A121,-3.13333333,-58.48277777,41.54
2167,2019-12-28,04:00,-9999.0,1004.6,1005.3,1004.6,0,25.8,24.0,25.9,25.7,24.1,23.9,90,89,90,329,2.1,0.2,N,AM,ITACOATIARA,A121,-3.13333333,-58.48277777,41.54
2168,2019-12-28,08:00,-9999.0,1003.5,1003.6,1003.2,0,24.7,23.4,24.8,24.6,23.4,23.3,93,92,92,325,2.3,0.2,N,AM,ITACOATIARA,A121,-3.13333333,-58.48277777,41.54
2169,2019-12-28,12:00,-9999.0,1005.7,1005.7,1005.1,854,28.0,24.2,28.1,26.2,24.9,24.2,89,80,80,305,2.3,1.0,N,AM,ITACOATIARA,A121,-3.13333333,-58.48277777,41.54
2170,2019-12-28,16:00,-9999.0,1005.1,1006.0,1005.1,2963,28.5,23.3,28.6,27.0,24.3,22.9,84,72,74,267,9.4,3.1,N,AM,ITACOATIARA,A121,-3.13333333,-58.48277777,41.54
2171,2019-12-28,20:00,-9999.0,1002.5,1002.5,1002.3,468,28.7,23.8,28.7,28.3,23.8,22.5,75,69,75,247,7.4,0.3,N,AM,ITACOATIARA,A121,-3.13333333,-58.48277777,41.54
2172,2019-12-29,00:00,-9999.0,1003.4,1003.4,1002.9,0,26.1,23.1,26.5,26.1,23.1,23.0,84,81,84,271,2.4,0.1,N,AM,ITACOATIARA,A121,-3.13333333,-58.48277777,41.54
2173,2019-12-29,04:00,-9999.0,1004.1,1004.1,1003.9,0,24.8,23.2,25.0,24.7,23.3,23.2,91,90,91,307,1.0,0.3,N,AM,ITACOATIARA,A121,-3.13333333,-58.48277777,41.54
2174,2019-12-29,08:00,-9999.0,1003.0,1003.3,1003.0,0,25.5,24.0,25.7,25.1,24.2,23.5,91,90,91,253,1.0,0.0,N,AM,ITACOATIARA,A121,-3.13333333,-58.48277777,41.54
2175,2019-12-29,12:00,-9999.0,1005.7,1005.7,1004.8,269,25.6,23.7,25.7,25.5,24.1,23.6,92,89,89,222,3.8,1.7,N,AM,ITACOATIARA,A121,-3.13333333,-58.48277777,41.54
2176,2019-12-29,16:00,-9999.0,1005.1,1005.9,1005.1,932,25.7,23.7,25.8,25.1,24.1,23.3,91,88,89,255,6.1,0.8,N,AM,ITACOATIARA,A121,-3.13333333,-58.48277777,41.54
2177,2019-12-29,20:00,-9999.0,1001.2,1001.9,1001.2,947,27.1,23.6,27.7,26.5,24.1,23.3,85,78,81,210,2.7,0.1,N,AM,ITACOATIARA,A121,-3.13333333,-58.48277777,41.54
2178,2019-12-30,00:00,-9999.0,1004.3,1004.3,1003.7,0,23.1,22.0,23.5,22.9,22.2,21.8,94,92,94,304,6.3,0.0,N,AM,ITACOATIARA,A121,-3.13333333,-58.48277777,41.54
2179,2019-12-30,04:00,-9999.0,1005.4,1005.7,1005.4,0,23.3,22.3,23.5,23.3,22.4,22.3,94,94,94,310,1.6,0.2,N,AM,ITACOATIARA,A121,-3.13333333,-58.48277777,41.54
2180,2019-12-30,08:00,-9999.0,1003.8,1004.1,1003.8,0,23.4,22.0,23.4,23.3,22.3,22.0,93,92,92,338,1.7,0.1,N,AM,ITACOATIARA,A121,-3.13333333,-58.48277777,41.54
2181,2019-12-30,12:00,-9999.0,1005.7,1005.7,1005.3,661,25.9,23.1,25.9,24.3,23.3,22.5,91,83,84,219,1.5,0.3,N,AM,ITACOATIARA,A121,-3.13333333,-58.48277777,41.54
2182,2019-12-30,16:00,-9999.0,1005.5,1006.4,1005.5,1421,29.6,23.9,29.6,27.5,24.5,23.4,82,71,72,264,2.8,1.2,N,AM,ITACOATIARA,A121,-3.13333333,-58.48277777,41.54
2183,2019-12-30,20:00,-9999.0,1002.6,1002.6,1002.3,355,24.5,22.6,26.0,24.5,23.2,22.2,89,83,89,313,7.7,1.4,N,AM,ITACOATIARA,A121,-3.13333333,-58.48277777,41.54
2184,2019-12-31,00:00,-9999.0,1004.8,1004.8,1004.6,0,23.7,22.4,23.7,23.3,22.4,22.2,93,93,93,269,1.9,0.8,N,AM,ITACOATIARA,A121,-3.13333333,-58.48277777,41.54
2185,2019-12-31,04:00,-9999.0,1005.8,1005.9,1005.6,0,23.8,22.7,23.8,23.7,22.7,22.5,93,93,93,279,1.8,0.0,N,AM,ITACOATIARA,A121,-3.13333333,-58.48277777,41.54
2186,2019-12-31,08:00,-9999.0,1004.3,1004.3,1004.2,0,23.9,22.8,24.1,23.9,23.0,22.8,94,93,94,289,0.5,0.0,N,AM,ITACOATIARA,A121,-3.13333333,-58.48277777,41.54
2187,2019-12-31,12:00,-9999.0,1007.2,1007.2,1006.4,747,25.9,23.2,25.9,24.1,23.6,22.8,93,85,85,306,2.2,0.6,N,AM,ITACOATIARA,A121,-3.13333333,-58.48277777,41.54
2188,2019-12-31,16:00,-9999.0,1006.2,1007.1,1006.2,2825,29.4,22.8,30.0,28.7,23.9,22.2,73,65,68,293,5.8,2.7,N,AM,ITACOATIARA,A121,-3.13333333,-58.48277777,41.54
2189,2019-12-31,20:00,-9999.0,1002.4,1003.1,1002.4,553,27.6,23.2,28.1,27.5,23.7,22.7,77,74,77,309,4.3,1.2,N,AM,ITACOATIARA,A121,-3.13333333,-58.48277777,41.54
2190,2020-01-01,00:00,0.0,1004.5,1004.5,1003.7,0,25.8,23.6,26.1,25.8,23.9,23.6,89,87,88,284,1.3,0.3,N,AM,ITACOATIARA,A121,-3.13333333,-58.48277777,41.54
2191,2020-01-01,04:00,0.0,1005.7,1006.0,1005.7,0,25.1,23.4,25.1,24.9,23.5,23.3,91,90,90,309,1.7,0.2,N,AM,ITACOATIARA,A121,-3.13333333,-58.48277777,41.54
2192,2020-01-01,08:00,0.0,1003.4,1003.8,1003.4,0,24.1,22.9,24.3,24.1,23.0,22.9,93,92,93,304,2.5,1.5,N,AM,ITACOATIARA,A121,-3.13333333,-58.48277777,41.54
2193,2020-01-01,12:00,0.0,1006.2,1006.2,1005.5,550,26.5,24.1,26.5,25.4,24.2,23.6,92,87,87,296,3.5,1.1,N,AM,ITACOATIARA,A121,-3.13333333,-58.48277777,41.54
2194,2020-01-01,16:00,0.0,1005.2,1005.8,1005.2,1786,30.0,23.2,31.0,28.6,24.2,22.2,75,62,67,290,6.2,2.1,N,AM,ITACOATIARA,A121,-3.13333333,-58.48277777,41.54
2195,2020-01-01,20:00,0.0,1002.9,1003.3,1002.9,939,29.1,22.8,30.6,29.0,24.1,22.1,70,65,69,305,4.4,1.2,N,AM,ITACOATIARA,A121,-3.13333333,-58.48277777,41.54
