,Data,Hora,"PRECIPITAÇÃO TOTAL, HORÁRIO (mm)","PRESSAO ATMOSFERICA AO NIVEL DA ESTACAO, HORARIA (mB)",PRESSÃO ATMOSFERICA MAX.NA HORA ANT. (AUT) (mB),PRESSÃO ATMOSFERICA MIN. NA HORA ANT. (AUT) (mB),RADIACAO GLOBAL (Kj/m²),"TEMPERATURA DO AR - BULBO SECO, HORARIA (°C)",TEMPERATURA DO PONTO DE ORVALHO (°C),TEMPERATURA MÁXIMA NA HORA ANT. (AUT) (°C),TEMPERATURA MÍNIMA NA HORA ANT. (AUT) (°C),TEMPERATURA ORVALHO MAX. NA HORA ANT. (AUT) (°C),TEMPERATURA ORVALHO MIN. NA HORA ANT. (AUT) (°C),UMIDADE REL. MAX. NA HORA ANT. (AUT) (%),UMIDADE REL. MIN. NA HORA ANT. (AUT) (%),"UMIDADE RELATIVA DO AR, HORARIA (%)","VENTO, DIREÇÃO HORARIA (gr) (° (gr))","VENTO, RAJADA MAXIMA (m/s)","VENTO, VELOCIDADE HORARIA (m/s)",region,state,station,station_code,latitude,longitude,height
0,2019-01-01,00:00,0.0,1010.9,1011.0,1010.5,-9999,26.9,22.7,27.2,26.7,22.7,22.4,78,76,78,24,5.3,2.3,N,PA,SOURE,A227,-0.72777777,-48.51583333,12.54
1,2019-01-01,04:00,0.0,1010.1,1010.7,1010.1,-9999,26.7,22.9,26.8,26.6,22.9,22.5,80,77,79,23,5.1,2.0,N,PA,SOURE,A227,-0.72777777,-48.51583333,12.54
2,2019-01-01,08:00,0.0,1009.8,1009.8,1009.1,-9999,25.0,23.2,25.0,24.9,23.2,23.0,90,89,90,325,1.5,0.4,N,PA,SOURE,A227,-0.72777777,-48.51583333,12.54
3,2019-01-01,12:00,0.0,1012.2,1012.2,1011.7,797,27.3,23.1,28.5,27.2,24.1,22.7,80,74,78,26,5.5,2.3,N,PA,SOURE,A227,-0.72777777,-48.51583333,12.54
4,2019-01-01,16:00,0.0,1010.4,1011.6,1010.4,2519,29.6,23.3,30.1,29.1,24.3,22.6,72,67,69,48,8.1,4.0,N,PA,SOURE,A227,-0.72777777,-48.51583333,12.54
5,2019-01-01,20:00,0.0,1009.0,1009.0,1008.5,1126,28.7,23.5,29.5,28.3,23.6,22.7,74,69,74,27,8.4,2.9,N,PA,SOURE,A227,-0.72777777,-48.51583333,12.54
6,2019-01-02,00:00,0.0,1011.0,1011.1,1011.0,-9999,27.0,22.8,27.4,26.8,23.0,22.8,80,76,78,29,7.9,2.5,N,PA,SOURE,A227,-0.72777777,-48.51583333,12.54
7,2019-01-02,04:00,0.0,1010.3,1011.1,1010.3,-9999,26.8,22.8,27.0,26.4,22.9,22.7,81,78,79,44,5.8,2.0,N,PA,SOURE,A227,-0.72777777,-48.51583333,12.54
8,2019-01-02,08:00,0.0,1009.9,1009.9,1009.6,-9999,26.9,23.0,26.9,26.6,23.1,22.6,80,78,79,31,5.9,2.5,N,PA,SOURE,A227,-0.72777777,-48.51583333,12.54
9,2019-01-02,12:00,0.0,1012.5,1012.5,1011.9,1414,29.2,24.0,29.3,26.8,24.8,23.4,83,73,73,55,7.4,3.6,N,PA,SOURE,A227,-0.72777777,-48.51583333,12.54
10,2019-01-02,16:00,0.0,1011.4,1012.0,1011.4,2172,29.0,24.1,29.9,28.8,24.9,23.7,77,73,75,40,10.6,3.5,N,PA,SOURE,A227,-0.72777777,-48.51583333,12.54
11,2019-01-02,20:00,0.0,1009.4,1009.5,1009.2,869,27.7,22.8,29.5,27.6,24.9,22.8,79,74,75,42,9.3,3.6,N,PA,SOURE,A227,-0.72777777,-48.51583333,12.54
12,2019-01-03,00:00,0.0,1011.1,1011.1,1010.7,-9999,27.1,23.4,27.6,26.9,23.5,23.1,81,77,80,54,7.6,3.4,N,PA,SOURE,A227,-0.72777777,-48.51583333,12.54
13,2019-01-03,04:00,0.0,1010.2,1011.1,1010.2,-9999,27.2,23.3,27.4,27.1,23.5,23.2,81,78,80,47,7.4,2.2,N,PA,SOURE,A227,-0.72777777,-48.51583333,12.54
14,2019-01-03,08:00,0.0,1009.2,1009.2,1009.0,-9999,27.1,23.0,27.2,27.0,23.3,22.9,80,78,78,55,6.9,3.1,N,PA,SOURE,A227,-0.72777777,-48.51583333,12.54
15,2019-01-03,12:00,0.0,1011.6,1011.7,1011.4,1128,29.3,23.9,29.5,28.0,24.3,23.3,77,73,73,50,8.2,3.1,N,PA,SOURE,A227,-0.72777777,-48.51583333,12.54
16,2019-01-03,16:00,0.0,1010.5,1011.3,1010.5,3270,30.2,24.2,30.8,29.7,24.9,23.5,71,68,70,49,10.3,4.9,N,PA,SOURE,A227,-0.72777777,-48.51583333,12.54
17,2019-01-03,20:00,0.0,1009.4,1009.5,1008.7,1197,28.2,23.0,29.2,28.2,23.4,22.9,74,70,74,47,12.2,4.8,N,PA,SOURE,A227,-0.72777777,-48.51583333,12.54
18,2019-01-04,00:00,0.0,1010.5,1010.6,1010.2,-9999,27.0,22.6,27.1,25.5,22.7,22.3,82,77,77,59,8.7,3.0,N,PA,SOURE,A227,-0.72777777,-48.51583333,12.54
19,2019-01-04,04:00,0.0,1009.9,1010.4,1009.9,-9999,27.4,22.3,27.5,27.3,23.0,22.3,77,74,74,51,9.9,2.9,N,PA,SOURE,A227,-0.72777777,-48.51583333,12.54
20,2019-01-04,08:00,0.0,1010.0,1010.0,1009.3,-9999,25.8,23.1,27.2,25.8,23.5,22.9,85,79,85,45,10.0,3.3,N,PA,SOURE,A227,-0.72777777,-48.51583333,12.54
21,2019-01-04,12:00,0.0,1012.3,1012.3,1011.2,879,28.3,23.9,29.0,28.1,24.2,22.9,78,72,77,34,8.6,3.1,N,PA,SOURE,A227,-0.72777777,-48.51583333,12.54
22,2019-01-04,16:00,0.0,1011.1,1012.0,1011.1,3076,30.6,24.6,31.5,29.8,25.3,23.7,73,68,71,57,9.6,4.3,N,PA,SOURE,A227,-0.72777777,-48.51583333,12.54
23,2019-01-04,20:00,0.0,1008.6,1008.6,1008.0,1383,29.2,23.8,30.0,29.2,24.6,23.7,74,71,73,35,9.8,3.9,N,PA,SOURE,A227,-0.72777777,-48.51583333,12.54
24,2019-01-05,00:00,0.0,1010.3,1010.3,1009.9,-9999,27.6,24.0,27.7,27.5,24.1,23.8,82,80,81,30,8.2,3.4,N,PA,SOURE,A227,-0.72777777,-48.51583333,12.54
25,2019-01-05,04:00,0.0,1010.0,1010.6,1009.9,-9999,26.8,24.0,27.0,26.8,24.0,23.6,84,82,84,25,5.6,1.5,N,PA,SOURE,A227,-0.72777777,-48.51583333,12.54
26,2019-01-05,08:00,0.0,1009.3,1009.3,1008.7,-9999,26.9,23.2,26.9,26.6,23.3,23.2,82,80,80,34,6.3,2.4,N,PA,SOURE,A227,-0.72777777,-48.51583333,12.54
27,2019-01-05,12:00,0.0,1011.6,1011.7,1011.0,1547,29.3,23.9,29.7,28.8,24.4,23.2,75,71,72,53,7.5,3.8,N,PA,SOURE,A227,-0.72777777,-48.51583333,12.54
28,2019-01-05,16:00,0.0,1010.3,1011.7,1010.3,3082,30.5,23.7,31.4,30.1,24.6,23.3,71,64,67,61,8.6,4.3,N,PA,SOURE,A227,-0.72777777,-48.51583333,12.54
29,2019-01-05,20:00,0.0,1008.5,1008.6,1008.2,1282,29.2,23.9,30.6,29.0,24.4,23.6,74,68,73,42,8.6,3.1,N,PA,SOURE,A227,-0.72777777,-48.51583333,12.54
30,2019-01-06,00:00,0.0,1011.2,1011.3,1010.5,-9999,28.0,23.7,28.0,27.8,23.9,23.6,79,77,77,51,7.9,3.5,N,PA,SOURE,A227,-0.72777777,-48.51583333,12.54
31,2019-01-06,04:00,0.0,1010.2,1010.9,1010.2,-9999,27.7,23.7,27.8,27.5,23.9,23.6,80,79,79,49,6.2,2.7,N,PA,SOURE,A227,-0.72777777,-48.51583333,12.54
32,2019-01-06,08:00,0.0,1009.5,1009.5,1009.0,-9999,26.7,23.8,27.1,26.7,24.0,23.5,84,81,84,55,4.2,0.7,N,PA,SOURE,A227,-0.72777777,-48.51583333,12.54
33,2019-01-06,12:00,0.0,1012.3,1012.3,1011.5,154,24.8,23.2,25.4,23.7,23.5,21.7,91,88,91,85,9.5,1.0,N,PA,SOURE,A227,-0.72777777,-48.51583333,12.54
34,2019-01-06,16:00,0.0,1010.3,1011.3,1010.3,949,26.3,24.2,27.9,25.8,25.9,23.5,89,86,89,59,7.3,1.5,N,PA,SOURE,A227,-0.72777777,-48.51583333,12.54
35,2019-01-06,20:00,0.0,1008.0,1008.2,1008.0,580,27.4,23.6,27.6,26.6,24.1,23.4,85,79,80,37,7.4,3.7,N,PA,SOURE,A227,-0.72777777,-48.51583333,12.54
36,2019-01-07,00:00,0.0,1010.5,1010.5,1010.0,-9999,27.1,23.2,27.3,26.9,23.6,22.9,81,78,79,58,8.4,2.3,N,PA,SOURE,A227,-0.72777777,-48.51583333,12.54
37,2019-01-07,04:00,0.0,1009.9,1010.6,1009.9,-9999,27.3,23.2,27.5,27.3,23.6,23.1,80,78,78,56,8.0,2.9,N,PA,SOURE,A227,-0.72777777,-48.51583333,12.54
38,2019-01-07,08:00,0.0,1009.3,1009.4,1008.8,-9999,24.8,22.9,27.2,24.1,23.3,21.7,89,79,89,54,10.4,1.7,N,PA,SOURE,A227,-0.72777777,-48.51583333,12.54
39,2019-01-07,12:00,0.2,1012.2,1012.2,1011.0,147,24.1,22.3,25.0,22.4,22.9,20.2,90,84,90,94,15.0,4.1,N,PA,SOURE,A227,-0.72777777,-48.51583333,12.54
40,2019-01-07,16:00,0.0,1010.4,1011.4,1010.4,894,26.0,23.9,26.1,24.1,24.0,22.2,90,88,88,46,1.6,0.1,N,PA,SOURE,A227,-0.72777777,-48.51583333,12.54
41,2019-01-07,20:00,29.4,1008.9,1008.9,1008.7,450,26.9,23.2,27.2,26.8,23.5,22.9,81,79,80,84,2.0,0.2,N,PA,SOURE,A227,-0.72777777,-48.51583333,12.54
42,2019-01-08,00:00,0.0,1010.8,1010.9,1010.2,-9999,26.9,23.1,27.1,26.9,23.1,22.6,80,77,80,45,6.9,1.8,N,PA,SOURE,A227,-0.72777777,-48.51583333,12.54
43,2019-01-08,04:00,1.4,1010.3,1010.6,1010.1,-9999,24.3,22.4,25.9,23.8,23.5,21.6,90,85,89,66,7.3,1.4,N,PA,SOURE,A227,-0.72777777,-48.51583333,12.54
44,2019-01-08,08:00,0.0,1009.1,1009.2,1008.9,-9999,24.5,23.1,24.5,24.3,23.1,22.8,92,91,92,236,0.9,0.0,N,PA,SOURE,A227,-0.72777777,-48.51583333,12.54
45,2019-01-08,12:00,0.0,1011.4,1011.4,1010.7,1593,27.9,24.3,29.2,27.6,26.6,23.9,89,77,81,126,3.8,1.5,N,PA,SOURE,A227,-0.72777777,-48.51583333,12.54
46,2019-01-08,16:00,0.2,1010.7,1011.4,1010.7,1784,26.5,22.7,29.4,25.5,24.5,21.4,83,71,80,77,11.4,5.5,N,PA,SOURE,A227,-0.72777777,-48.51583333,12.54
47,2019-01-08,20:00,0.0,1008.8,1008.8,1008.5,693,26.9,22.7,27.4,26.8,23.1,22.6,78,76,78,62,7.1,3.0,N,PA,SOURE,A227,-0.72777777,-48.51583333,12.54
48,2019-01-09,00:00,0.0,1011.1,1011.2,1010.4,-9999,27.1,22.6,27.1,26.6,23.3,22.6,82,76,76,88,4.9,2.4,N,PA,SOURE,A227,-0.72777777,-48.51583333,12.54
49,2019-01-09,04:00,0.0,1010.1,1011.0,1010.1,-9999,26.2,23.4,26.6,26.2,23.5,23.4,84,83,84,114,2.6,0.2,N,PA,SOURE,A227,-0.72777777,-48.51583333,12.54
50,2019-01-09,08:00,0.0,1008.8,1008.8,1008.7,-9999,24.8,22.6,25.0,24.7,22.6,22.1,88,84,88,3,2.2,0.0,N,PA,SOURE,A227,-0.72777777,-48.51583333,12.54
51,2019-01-09,12:00,0.0,1010.3,1010.4,1010.1,1226,26.7,22.4,27.3,25.8,23.7,21.7,83,77,77,57,6.6,2.3,N,PA,SOURE,A227,-0.72777777,-48.51583333,12.54
52,2019-01-09,16:00,0.0,1009.2,1010.3,1009.2,2202,28.6,23.5,29.0,27.9,23.6,22.5,75,70,74,62,9.9,3.3,N,PA,SOURE,A227,-0.72777777,-48.51583333,12.54
53,2019-01-09,20:00,0.0,1007.1,1007.4,1007.0,1490,27.9,22.5,28.7,27.9,22.7,21.8,73,68,73,43,10.7,3.5,N,PA,SOURE,A227,-0.72777777,-48.51583333,12.54
54,2019-01-10,00:00,0.0,1009.9,1009.9,1009.2,-9999,26.6,22.1,26.8,26.6,22.3,22.1,77,76,76,48,7.6,2.6,N,PA,SOURE,A227,-0.72777777,-48.51583333,12.54
55,2019-01-10,04:00,0.0,1009.4,1009.7,1009.3,-9999,26.0,22.2,26.2,26.0,22.5,22.2,81,79,80,26,5.0,1.6,N,PA,SOURE,A227,-0.72777777,-48.51583333,12.54
56,2019-01-10,08:00,0.0,1008.8,1008.9,1008.7,-9999,23.4,22.0,23.5,23.2,22.1,21.7,92,91,92,344,4.7,1.2,N,PA,SOURE,A227,-0.72777777,-48.51583333,12.54
57,2019-01-10,12:00,0.0,1011.8,1011.8,1011.0,690,24.6,23.3,25.1,23.5,23.9,22.3,93,92,92,13,5.3,1.8,N,PA,SOURE,A227,-0.72777777,-48.51583333,12.54
58,2019-01-10,16:00,0.0,1010.3,1011.3,1010.3,1636,26.7,22.9,27.1,25.7,24.3,22.9,90,79,80,69,5.1,2.7,N,PA,SOURE,A227,-0.72777777,-48.51583333,12.54
59,2019-01-10,20:00,0.0,1008.5,1008.8,1008.4,558,25.2,21.9,25.7,25.2,22.5,21.8,83,81,82,79,11.4,4.8,N,PA,SOURE,A227,-0.72777777,-48.51583333,12.54
60,2019-01-11,00:00,0.0,1010.2,1010.2,1009.9,-9999,25.2,22.1,25.2,23.6,22.1,20.6,85,82,83,67,6.7,2.1,N,PA,SOURE,A227,-0.72777777,-48.51583333,12.54
61,2019-01-11,04:00,0.0,1010.9,1011.3,1010.9,-9999,24.2,22.0,24.9,24.2,22.2,22.0,88,85,88,6,1.7,0.0,N,PA,SOURE,A227,-0.72777777,-48.51583333,12.54
62,2019-01-11,08:00,0.0,1010.1,1010.1,1009.8,-9999,23.9,21.6,24.5,23.9,21.7,21.3,87,82,87,261,1.4,0.0,N,PA,SOURE,A227,-0.72777777,-48.51583333,12.54
63,2019-01-11,12:00,0.0,1013.2,1013.2,1012.1,1578,26.6,23.5,26.7,24.6,24.0,23.1,90,83,83,273,3.9,1.4,N,PA,SOURE,A227,-0.72777777,-48.51583333,12.54
64,2019-01-11,16:00,0.0,1012.4,1012.9,1012.3,1087,25.3,21.0,28.6,25.3,23.4,20.1,77,68,77,49,9.7,3.7,N,PA,SOURE,A227,-0.72777777,-48.51583333,12.54
65,2019-01-11,20:00,0.0,1011.2,1011.2,1010.6,542,25.2,22.7,25.2,24.0,22.9,22.3,90,86,86,348,4.3,0.8,N,PA,SOURE,A227,-0.72777777,-48.51583333,12.54
66,2019-01-12,00:00,0.6,1013.5,1013.5,1012.8,-9999,22.8,21.4,23.8,22.8,22.1,21.4,92,90,92,17,4.9,1.6,N,PA,SOURE,A227,-0.72777777,-48.51583333,12.54
67,2019-01-12,04:00,0.0,1011.5,1012.2,1011.5,-9999,23.0,21.8,23.0,22.8,21.8,21.6,93,93,93,292,2.1,0.5,N,PA,SOURE,A227,-0.72777777,-48.51583333,12.54
68,2019-01-12,08:00,0.0,1009.9,1009.9,1009.7,-9999,23.1,22.0,23.1,23.0,22.0,21.9,94,93,94,215,1.1,0.0,N,PA,SOURE,A227,-0.72777777,-48.51583333,12.54
69,2019-01-12,12:00,0.0,1013.0,1013.0,1012.5,687,24.5,23.4,24.8,23.7,23.7,22.6,94,93,93,135,1.5,0.3,N,PA,SOURE,A227,-0.72777777,-48.51583333,12.54
70,2019-01-12,16:00,0.0,1011.3,1012.2,1011.3,2735,28.4,23.5,29.4,28.1,24.7,23.0,77,71,74,75,5.5,2.1,N,PA,SOURE,A227,-0.72777777,-48.51583333,12.54
71,2019-01-12,20:00,0.0,1009.8,1010.0,1009.6,492,26.8,22.4,27.1,26.7,22.7,22.1,77,76,77,20,4.9,1.4,N,PA,SOURE,A227,-0.72777777,-48.51583333,12.54
72,2019-01-13,00:00,0.0,1010.7,1010.7,1010.3,-9999,25.1,22.4,25.1,25.0,22.4,22.2,85,84,85,354,3.0,0.2,N,PA,SOURE,A227,-0.72777777,-48.51583333,12.54
73,2019-01-13,04:00,0.0,1010.3,1010.9,1010.3,-9999,24.5,22.6,25.0,24.5,22.8,22.6,89,87,89,261,2.0,0.1,N,PA,SOURE,A227,-0.72777777,-48.51583333,12.54
74,2019-01-13,08:00,0.6,1010.1,1010.2,1009.8,-9999,23.0,21.7,23.3,23.0,21.9,21.6,92,92,92,32,4.2,0.3,N,PA,SOURE,A227,-0.72777777,-48.51583333,12.54
75,2019-01-13,12:00,0.0,1012.3,1012.4,1012.2,742,24.9,23.4,25.1,23.3,23.8,22.1,93,91,92,354,3.2,0.6,N,PA,SOURE,A227,-0.72777777,-48.51583333,12.54
76,2019-01-13,16:00,0.0,1011.7,1012.5,1011.7,2382,28.2,23.0,29.4,28.2,24.1,23.0,75,71,73,52,6.8,2.6,N,PA,SOURE,A227,-0.72777777,-48.51583333,12.54
77,2019-01-13,20:00,0.0,1008.5,1008.5,1008.2,1543,27.8,22.3,28.6,27.2,23.1,21.8,75,69,72,24,6.1,1.9,N,PA,SOURE,A227,-0.72777777,-48.51583333,12.54
78,2019-01-14,00:00,0.0,1010.9,1010.9,1010.3,-9999,25.3,22.8,25.5,25.2,22.8,22.6,86,85,86,349,1.4,0.0,N,PA,SOURE,A227,-0.72777777,-48.51583333,12.54
79,2019-01-14,04:00,0.0,1011.2,1011.7,1011.2,-9999,24.7,22.8,25.0,24.7,23.2,22.7,90,89,89,328,4.7,0.9,N,PA,SOURE,A227,-0.72777777,-48.51583333,12.54
80,2019-01-14,08:00,1.2,1010.6,1010.7,1009.9,-9999,23.8,22.3,23.9,23.3,22.4,21.7,91,91,91,322,2.7,0.2,N,PA,SOURE,A227,-0.72777777,-48.51583333,12.54
81,2019-01-14,12:00,0.0,1013.1,1013.2,1012.5,135,24.0,22.7,24.0,23.6,22.8,22.3,93,93,93,4,6.1,0.7,N,PA,SOURE,A227,-0.72777777,-48.51583333,12.54
82,2019-01-14,16:00,0.0,1011.8,1012.6,1011.8,1555,28.7,24.1,28.8,27.0,24.6,23.5,85,76,76,35,5.4,1.8,N,PA,SOURE,A227,-0.72777777,-48.51583333,12.54
83,2019-01-14,20:00,0.0,1009.3,1009.4,1008.7,1236,28.4,23.2,30.0,28.2,24.2,23.0,74,70,73,41,6.6,2.6,N,PA,SOURE,A227,-0.72777777,-48.51583333,12.54
84,2019-01-15,00:00,0.0,1011.8,1011.8,1010.9,-9999,25.3,22.8,25.4,25.3,22.9,22.7,86,85,86,348,3.2,0.4,N,PA,SOURE,A227,-0.72777777,-48.51583333,12.54
85,2019-01-15,04:00,0.2,1011.6,1012.3,1011.4,-9999,24.4,22.9,24.4,23.8,22.9,22.3,92,91,91,307,4.0,0.7,N,PA,SOURE,A227,-0.72777777,-48.51583333,12.54
86,2019-01-15,08:00,0.0,1010.9,1010.9,1010.7,-9999,23.6,22.1,24.2,23.6,22.6,22.1,91,90,91,319,2.6,0.2,N,PA,SOURE,A227,-0.72777777,-48.51583333,12.54
87,2019-01-15,12:00,3.6,1013.7,1014.0,1013.1,301,24.6,23.3,26.5,23.5,24.9,22.0,92,89,92,241,5.7,0.1,N,PA,SOURE,A227,-0.72777777,-48.51583333,12.54
88,2019-01-15,16:00,0.6,1013.3,1014.3,1013.3,318,23.8,21.9,24.4,23.2,22.7,21.3,90,88,89,38,7.3,1.9,N,PA,SOURE,A227,-0.72777777,-48.51583333,12.54
89,2019-01-15,20:00,0.0,1009.5,1010.1,1009.5,433,24.7,22.9,24.9,24.1,23.3,22.4,91,90,90,292,2.3,0.0,N,PA,SOURE,A227,-0.72777777,-48.51583333,12.54
90,2019-01-16,00:00,0.0,1012.0,1012.0,1011.5,-9999,24.3,22.6,24.4,24.0,22.7,22.5,91,90,90,92,2.6,0.4,N,PA,SOURE,A227,-0.72777777,-48.51583333,12.54
91,2019-01-16,04:00,0.0,1012.0,1012.5,1012.0,-9999,23.6,22.3,23.6,23.4,22.3,22.0,93,92,93,146,0.0,0.0,N,PA,SOURE,A227,-0.72777777,-48.51583333,12.54
92,2019-01-16,08:00,0.0,1011.3,1011.3,1010.7,-9999,24.8,23.4,24.8,24.5,23.4,23.2,92,92,92,44,3.6,0.6,N,PA,SOURE,A227,-0.72777777,-48.51583333,12.54
93,2019-01-16,12:00,0.0,1013.9,1014.0,1013.0,1682,27.8,23.8,27.8,26.1,24.5,23.5,87,78,79,116,5.1,3.7,N,PA,SOURE,A227,-0.72777777,-48.51583333,12.54
94,2019-01-16,16:00,0.0,1012.3,1012.4,1012.1,3480,29.4,23.4,30.3,29.3,24.1,22.3,72,66,70,76,5.1,2.6,N,PA,SOURE,A227,-0.72777777,-48.51583333,12.54
95,2019-01-16,20:00,0.0,1010.7,1010.9,1010.7,547,27.2,23.0,27.8,27.2,23.6,23.0,79,77,78,31,6.9,2.9,N,PA,SOURE,A227,-0.72777777,-48.51583333,12.54
96,2019-01-17,00:00,0.0,1012.2,1012.2,1011.4,-9999,26.6,23.0,26.7,26.4,23.3,22.9,83,80,81,81,5.5,2.6,N,PA,SOURE,A227,-0.72777777,-48.51583333,12.54
97,2019-01-17,04:00,0.0,1011.3,1012.0,1011.3,-9999,26.0,23.2,26.3,26.0,23.4,23.1,85,83,85,70,5.6,1.5,N,PA,SOURE,A227,-0.72777777,-48.51583333,12.54
98,2019-01-17,08:00,0.0,1010.3,1010.3,1010.1,-9999,26.2,22.5,26.3,26.2,22.9,22.4,81,80,80,51,5.9,2.3,N,PA,SOURE,A227,-0.72777777,-48.51583333,12.54
99,2019-01-17,12:00,0.0,1012.9,1012.9,1012.2,1268,28.5,23.1,29.3,27.5,24.2,22.9,77,72,72,35,6.2,2.5,N,PA,SOURE,A227,-0.72777777,-48.51583333,12.54
100,2019-01-17,16:00,0.0,1011.7,1012.6,1011.7,3119,29.8,23.1,30.9,29.4,24.3,22.6,70,65,67,30,8.3,3.7,N,PA,SOURE,A227,-0.72777777,-48.51583333,12.54
101,2019-01-17,20:00,0.0,1008.9,1009.4,1008.8,1470,28.6,23.3,29.9,28.3,24.0,23.0,74,69,73,37,8.4,3.4,N,PA,SOURE,A227,-0.72777777,-48.51583333,12.54
102,2019-01-18,00:00,0.0,1011.5,1011.5,1010.7,-9999,26.7,23.3,27.0,26.7,23.3,23.0,81,80,81,27,6.3,2.2,N,PA,SOURE,A227,-0.72777777,-48.51583333,12.54
103,2019-01-18,04:00,0.0,1011.4,1012.0,1011.4,-9999,27.0,23.0,27.1,26.8,23.2,22.7,80,78,79,54,5.6,1.9,N,PA,SOURE,A227,-0.72777777,-48.51583333,12.54
104,2019-01-18,08:00,0.0,1009.8,1009.8,1009.5,-9999,25.8,22.8,26.4,25.8,23.0,22.6,83,80,83,3,4.3,0.1,N,PA,SOURE,A227,-0.72777777,-48.51583333,12.54
105,2019-01-18,12:00,0.2,1012.2,1012.2,1011.3,895,28.2,24.6,28.2,26.4,24.8,22.7,84,78,81,27,6.6,2.7,N,PA,SOURE,A227,-0.72777777,-48.51583333,12.54
106,2019-01-18,16:00,0.0,1011.1,1011.7,1011.1,2804,29.9,23.7,30.4,28.8,24.2,23.2,73,67,69,37,8.1,4.1,N,PA,SOURE,A227,-0.72777777,-48.51583333,12.54
107,2019-01-18,20:00,0.0,1008.0,1008.1,1007.7,1279,28.3,23.2,29.4,28.2,24.6,22.9,78,70,74,24,8.9,3.6,N,PA,SOURE,A227,-0.72777777,-48.51583333,12.54
108,2019-01-19,00:00,0.0,1010.7,1010.7,1009.6,-9999,27.4,23.3,27.4,27.3,23.5,23.2,80,78,78,35,7.5,3.2,N,PA,SOURE,A227,-0.72777777,-48.51583333,12.54
109,2019-01-19,04:00,0.0,1009.9,1010.6,1009.9,-9999,27.0,23.2,27.2,27.0,23.2,23.0,80,78,80,26,9.3,2.3,N,PA,SOURE,A227,-0.72777777,-48.51583333,12.54
110,2019-01-19,08:00,1.2,1009.2,1009.4,1008.9,-9999,25.5,23.2,26.8,25.5,23.4,23.0,87,80,87,53,4.4,1.3,N,PA,SOURE,A227,-0.72777777,-48.51583333,12.54
111,2019-01-19,12:00,0.8,1012.3,1012.5,1011.4,342,25.0,22.4,27.6,24.9,24.4,22.2,86,80,86,16,5.9,2.1,N,PA,SOURE,A227,-0.72777777,-48.51583333,12.54
112,2019-01-19,16:00,0.0,1011.4,1012.1,1011.4,765,27.5,25.3,27.6,25.5,25.6,24.0,91,88,88,28,4.6,2.1,N,PA,SOURE,A227,-0.72777777,-48.51583333,12.54
113,2019-01-19,20:00,0.2,1009.7,1009.7,1009.3,43,25.0,23.4,25.1,24.9,23.4,23.2,91,90,91,235,1.8,0.0,N,PA,SOURE,A227,-0.72777777,-48.51583333,12.54
114,2019-01-20,00:00,0.0,1010.5,1010.5,1009.8,-9999,25.7,24.1,25.9,24.8,24.4,23.5,92,91,91,28,4.7,2.0,N,PA,SOURE,A227,-0.72777777,-48.51583333,12.54
115,2019-01-20,04:00,0.0,1010.8,1011.3,1010.8,2,27.0,23.6,27.1,26.9,23.6,23.3,81,80,81,58,5.7,2.2,N,PA,SOURE,A227,-0.72777777,-48.51583333,12.54
116,2019-01-20,08:00,2.0,1009.8,1010.2,1009.8,-9999,24.1,22.8,24.1,23.3,22.8,21.7,93,91,93,99,9.5,1.2,N,PA,SOURE,A227,-0.72777777,-48.51583333,12.54
117,2019-01-20,12:00,0.0,1012.6,1012.7,1012.0,572,26.4,24.8,26.4,25.4,24.9,24.1,93,90,91,108,4.9,2.3,N,PA,SOURE,A227,-0.72777777,-48.51583333,12.54
118,2019-01-20,16:00,0.0,1011.9,1012.3,1011.9,1798,27.9,24.0,27.9,26.5,24.0,22.9,82,77,79,77,6.5,2.5,N,PA,SOURE,A227,-0.72777777,-48.51583333,12.54
119,2019-01-20,20:00,0.0,1009.2,1009.3,1009.1,957,26.9,22.8,27.1,26.0,23.9,22.8,87,79,79,52,9.2,2.0,N,PA,SOURE,A227,-0.72777777,-48.51583333,12.54
120,2019-01-21,00:00,0.0,1010.8,1010.8,1010.2,-9999,26.7,24.0,26.9,26.6,24.0,23.5,85,82,85,51,5.8,2.0,N,PA,SOURE,A227,-0.72777777,-48.51583333,12.54
121,2019-01-21,04:00,0.0,1011.0,1011.8,1011.0,-9999,26.7,23.3,27.0,26.5,23.4,23.2,82,80,81,40,7.2,2.3,N,PA,SOURE,A227,-0.72777777,-48.51583333,12.54
122,2019-01-21,08:00,3.8,1010.2,1010.5,1010.0,-9999,23.8,22.5,23.8,22.5,22.5,21.0,93,91,93,84,12.3,2.2,N,PA,SOURE,A227,-0.72777777,-48.51583333,12.54
123,2019-01-21,12:00,0.4,1012.5,1012.5,1011.9,183,24.7,23.4,24.7,24.1,23.4,22.8,93,93,93,100,2.5,1.3,N,PA,SOURE,A227,-0.72777777,-48.51583333,12.54
124,2019-01-21,16:00,0.0,1011.5,1012.7,1011.5,2742,28.4,23.6,29.4,28.0,24.8,23.6,80,74,75,41,6.4,3.0,N,PA,SOURE,A227,-0.72777777,-48.51583333,12.54
125,2019-01-21,20:00,0.0,1009.8,1009.9,1009.7,601,27.0,23.9,28.0,27.0,24.2,23.8,83,80,83,26,7.1,3.1,N,PA,SOURE,A227,-0.72777777,-48.51583333,12.54
126,2019-01-22,00:00,0.2,1012.0,1012.0,1011.2,-9999,26.3,23.9,26.3,26.0,23.9,23.6,87,86,86,17,5.8,1.3,N,PA,SOURE,A227,-0.72777777,-48.51583333,12.54
127,2019-01-22,04:00,1.4,1011.8,1012.7,1011.8,-9999,24.6,23.2,24.6,24.1,23.2,22.6,92,91,92,352,4.8,0.4,N,PA,SOURE,A227,-0.72777777,-48.51583333,12.54
128,2019-01-22,08:00,2.0,1010.5,1010.7,1010.4,-9999,23.3,22.1,23.7,23.0,22.4,21.7,93,92,93,51,7.7,1.3,N,PA,SOURE,A227,-0.72777777,-48.51583333,12.54
129,2019-01-22,12:00,0.2,1013.3,1013.3,1012.6,172,24.9,23.5,24.9,24.4,23.5,23.1,93,92,92,38,5.3,1.7,N,PA,SOURE,A227,-0.72777777,-48.51583333,12.54
130,2019-01-22,16:00,0.0,1012.1,1013.0,1012.1,1684,27.2,23.6,27.5,26.7,24.1,23.3,83,80,81,27,8.9,3.2,N,PA,SOURE,A227,-0.72777777,-48.51583333,12.54
131,2019-01-22,20:00,0.0,1009.1,1009.1,1009.0,711,26.7,22.7,27.5,26.7,23.0,22.3,79,74,79,33,5.2,1.2,N,PA,SOURE,A227,-0.72777777,-48.51583333,12.54
132,2019-01-23,00:00,0.0,1012.6,1012.6,1011.4,-9999,26.6,22.6,26.6,26.2,22.8,22.5,80,79,79,54,5.8,2.6,N,PA,SOURE,A227,-0.72777777,-48.51583333,12.54
133,2019-01-23,04:00,0.0,1011.9,1012.8,1011.9,-9999,26.0,22.0,26.4,26.0,22.1,21.8,79,77,79,353,4.5,0.9,N,PA,SOURE,A227,-0.72777777,-48.51583333,12.54
134,2019-01-23,08:00,0.0,1010.6,1010.6,1010.3,-9999,24.7,22.7,24.8,24.7,22.8,22.6,88,88,88,344,1.9,0.5,N,PA,SOURE,A227,-0.72777777,-48.51583333,12.54
135,2019-01-23,12:00,0.2,1012.8,1012.8,1012.4,1031,28.3,25.4,28.3,26.1,25.5,23.8,89,83,84,360,3.2,1.5,N,PA,SOURE,A227,-0.72777777,-48.51583333,12.54
136,2019-01-23,16:00,0.0,1011.9,1012.6,1011.9,2998,29.7,23.8,29.8,28.7,24.2,23.1,74,69,71,32,9.1,3.4,N,PA,SOURE,A227,-0.72777777,-48.51583333,12.54
137,2019-01-23,20:00,0.0,1009.8,1010.0,1009.7,1460,28.8,23.5,29.6,28.5,24.1,23.0,74,70,73,10,7.7,2.5,N,PA,SOURE,A227,-0.72777777,-48.51583333,12.54
138,2019-01-24,00:00,0.0,1011.9,1011.9,1011.3,-9999,26.8,23.3,26.8,26.5,23.4,23.3,83,81,81,24,4.4,1.8,N,PA,SOURE,A227,-0.72777777,-48.51583333,12.54
139,2019-01-24,04:00,0.0,1011.3,1011.7,1011.3,-9999,26.3,23.2,26.6,26.3,23.4,23.2,83,82,83,15,5.8,1.5,N,PA,SOURE,A227,-0.72777777,-48.51583333,12.54
140,2019-01-24,08:00,0.0,1010.0,1010.0,1009.8,-9999,25.0,23.2,25.2,25.0,23.3,23.2,90,89,90,350,2.4,0.6,N,PA,SOURE,A227,-0.72777777,-48.51583333,12.54
141,2019-01-24,12:00,0.0,1012.5,1012.5,1011.7,1011,27.7,23.8,28.5,26.9,24.9,23.3,87,77,79,6,5.2,1.5,N,PA,SOURE,A227,-0.72777777,-48.51583333,12.54
142,2019-01-24,16:00,0.0,1011.4,1012.0,1011.4,3478,30.2,23.5,31.2,29.8,24.2,23.0,70,65,67,41,7.2,3.9,N,PA,SOURE,A227,-0.72777777,-48.51583333,12.54
143,2019-01-24,20:00,0.0,1009.6,1009.7,1009.3,1218,27.9,22.7,29.8,27.8,23.7,22.5,74,68,73,35,7.5,3.6,N,PA,SOURE,A227,-0.72777777,-48.51583333,12.54
144,2019-01-25,00:00,0.0,1011.6,1011.6,1010.7,-9999,25.8,22.9,26.0,25.8,22.9,22.8,84,83,84,355,5.3,1.7,N,PA,SOURE,A227,-0.72777777,-48.51583333,12.54
145,2019-01-25,04:00,0.0,1011.7,1012.0,1011.7,-9999,25.3,22.6,25.5,25.3,22.6,22.6,85,84,85,357,3.0,0.7,N,PA,SOURE,A227,-0.72777777,-48.51583333,12.54
146,2019-01-25,08:00,0.0,1010.1,1010.3,1010.0,-9999,25.0,22.7,25.0,24.9,22.8,22.6,88,87,88,333,2.5,1.1,N,PA,SOURE,A227,-0.72777777,-48.51583333,12.54
147,2019-01-25,12:00,0.0,1012.7,1012.7,1012.3,760,27.3,23.4,27.4,26.1,23.9,23.4,86,79,79,352,4.5,1.5,N,PA,SOURE,A227,-0.72777777,-48.51583333,12.54
148,2019-01-25,16:00,0.0,1011.2,1012.1,1011.2,3305,30.9,21.9,31.7,29.8,23.7,21.3,66,57,59,40,6.6,3.2,N,PA,SOURE,A227,-0.72777777,-48.51583333,12.54
149,2019-01-25,20:00,0.0,1009.4,1009.4,1009.1,277,26.7,22.4,28.2,26.7,23.1,22.3,78,72,77,6,7.9,1.8,N,PA,SOURE,A227,-0.72777777,-48.51583333,12.54
150,2019-01-26,00:00,0.0,1011.6,1011.6,1010.2,-9999,25.7,23.5,25.9,25.6,23.5,23.3,88,86,88,259,2.9,0.5,N,PA,SOURE,A227,-0.72777777,-48.51583333,12.54
151,2019-01-26,04:00,0.4,1011.4,1011.8,1011.4,-9999,25.0,23.1,25.3,25.0,23.3,23.1,89,89,89,54,3.2,0.5,N,PA,SOURE,A227,-0.72777777,-48.51583333,12.54
152,2019-01-26,08:00,0.4,1010.4,1010.4,1010.1,-9999,24.9,23.6,25.1,24.8,23.6,23.4,92,91,92,280,2.9,0.5,N,PA,SOURE,A227,-0.72777777,-48.51583333,12.54
153,2019-01-26,12:00,3.8,1013.9,1013.9,1012.7,149,23.3,22.1,23.6,23.1,22.5,22.1,94,93,93,99,8.1,3.2,N,PA,SOURE,A227,-0.72777777,-48.51583333,12.54
154,2019-01-26,16:00,0.2,1012.4,1013.1,1012.3,2776,26.9,22.1,27.7,25.5,23.3,21.2,83,72,75,81,8.8,3.1,N,PA,SOURE,A227,-0.72777777,-48.51583333,12.54
155,2019-01-26,20:00,0.0,1009.7,1009.9,1009.6,608,26.6,22.5,27.7,26.5,22.7,22.0,79,73,78,26,4.8,1.3,N,PA,SOURE,A227,-0.72777777,-48.51583333,12.54
156,2019-01-27,00:00,0.0,1010.8,1010.8,1010.2,-9999,25.8,22.6,25.9,25.6,22.8,22.5,83,83,83,34,2.7,1.0,N,PA,SOURE,A227,-0.72777777,-48.51583333,12.54
157,2019-01-27,04:00,0.0,1010.5,1011.0,1010.5,-9999,26.5,22.3,26.5,26.2,22.4,22.2,79,77,78,76,3.9,1.1,N,PA,SOURE,A227,-0.72777777,-48.51583333,12.54
158,2019-01-27,08:00,0.0,1009.8,1009.8,1009.4,-9999,25.4,23.0,25.9,25.3,23.3,22.9,87,85,87,102,1.9,0.1,N,PA,SOURE,A227,-0.72777777,-48.51583333,12.54
159,2019-01-27,12:00,0.0,1012.2,1012.2,1011.8,737,27.1,23.1,27.2,26.4,23.6,23.0,84,79,79,130,3.6,2.1,N,PA,SOURE,A227,-0.72777777,-48.51583333,12.54
160,2019-01-27,16:00,0.0,1011.0,1011.6,1010.9,3695,29.9,22.3,30.5,29.3,23.8,22.3,68,63,64,65,5.7,2.6,N,PA,SOURE,A227,-0.72777777,-48.51583333,12.54
161,2019-01-27,20:00,0.0,1009.2,1009.3,1009.1,1327,28.4,23.3,29.0,27.9,24.0,23.1,77,73,74,23,8.6,3.2,N,PA,SOURE,A227,-0.72777777,-48.51583333,12.54
162,2019-01-28,00:00,0.0,1010.8,1010.9,1010.3,-9999,27.3,22.8,27.5,27.3,23.2,22.8,78,76,76,38,7.6,2.6,N,PA,SOURE,A227,-0.72777777,-48.51583333,12.54
163,2019-01-28,04:00,0.0,1010.4,1011.2,1010.4,-9999,27.2,23.0,27.3,27.1,23.1,22.8,79,77,78,55,6.0,1.9,N,PA,SOURE,A227,-0.72777777,-48.51583333,12.54
164,2019-01-28,08:00,0.0,1008.7,1008.7,1008.4,-9999,27.2,22.6,27.3,27.1,22.8,22.4,77,75,76,60,7.9,2.8,N,PA,SOURE,A227,-0.72777777,-48.51583333,12.54
165,2019-01-28,12:00,0.0,1010.7,1010.7,1010.4,738,28.2,23.6,28.4,27.7,23.6,23.3,77,75,76,63,6.5,2.7,N,PA,SOURE,A227,-0.72777777,-48.51583333,12.54
166,2019-01-28,16:00,0.0,1010.1,1010.6,1009.9,2697,29.2,23.6,30.1,27.7,25.3,23.6,81,71,72,37,8.4,3.8,N,PA,SOURE,A227,-0.72777777,-48.51583333,12.54
167,2019-01-28,20:00,0.0,1008.5,1008.5,1008.0,1524,29.1,23.9,30.3,28.8,24.5,23.5,74,71,74,37,8.1,3.5,N,PA,SOURE,A227,-0.72777777,-48.51583333,12.54
168,2019-01-29,00:00,0.0,1010.6,1010.7,1010.1,-9999,27.6,24.1,27.6,27.3,24.1,23.5,82,80,81,50,6.1,2.1,N,PA,SOURE,A227,-0.72777777,-48.51583333,12.54
169,2019-01-29,04:00,0.0,1010.2,1010.9,1010.2,-9999,27.0,23.5,27.6,26.8,24.0,23.1,81,79,81,41,7.3,1.8,N,PA,SOURE,A227,-0.72777777,-48.51583333,12.54
170,2019-01-29,08:00,0.0,1009.2,1009.5,1009.2,1,27.1,23.4,27.1,26.6,23.8,23.2,83,80,80,62,5.4,2.8,N,PA,SOURE,A227,-0.72777777,-48.51583333,12.54
171,2019-01-29,12:00,0.0,1010.7,1011.1,1010.7,1570,29.1,24.3,29.4,27.6,24.6,23.7,80,74,76,71,6.4,3.2,N,PA,SOURE,A227,-0.72777777,-48.51583333,12.54
172,2019-01-29,16:00,0.0,1009.9,1010.6,1009.9,3297,30.0,23.8,31.0,29.9,24.8,23.7,71,67,69,35,8.2,4.3,N,PA,SOURE,A227,-0.72777777,-48.51583333,12.54
173,2019-01-29,20:00,0.0,1007.8,1007.8,1007.5,1436,29.2,23.7,29.8,29.0,24.2,23.4,73,70,72,33,9.2,4.2,N,PA,SOURE,A227,-0.72777777,-48.51583333,12.54
174,2019-01-30,00:00,0.0,1010.3,1010.3,1009.3,-9999,28.0,23.4,28.0,27.9,23.5,23.3,77,76,76,50,8.4,2.7,N,PA,SOURE,A227,-0.72777777,-48.51583333,12.54
175,2019-01-30,04:00,0.0,1010.2,1010.6,1010.2,-9999,27.9,23.6,27.9,27.8,23.6,23.2,78,76,77,63,7.9,2.7,N,PA,SOURE,A227,-0.72777777,-48.51583333,12.54
176,2019-01-30,08:00,0.0,1009.1,1009.1,1008.6,-9999,27.3,23.4,27.5,27.3,23.4,23.3,79,79,79,84,6.3,2.1,N,PA,SOURE,A227,-0.72777777,-48.51583333,12.54
177,2019-01-30,12:00,0.0,1011.0,1011.0,1010.6,703,28.6,24.5,28.6,28.0,24.5,24.0,81,78,79,61,5.1,2.2,N,PA,SOURE,A227,-0.72777777,-48.51583333,12.54
178,2019-01-30,16:00,0.0,1010.3,1011.0,1010.3,3125,30.3,23.7,31.6,29.9,25.0,23.5,71,66,68,37,8.4,3.4,N,PA,SOURE,A227,-0.72777777,-48.51583333,12.54
179,2019-01-30,20:00,0.0,1008.0,1008.4,1007.9,1432,30.0,24.3,30.3,29.1,24.7,23.6,74,71,72,16,8.9,2.6,N,PA,SOURE,A227,-0.72777777,-48.51583333,12.54
180,2019-01-31,00:00,0.0,1010.4,1010.5,1009.8,-9999,27.9,23.4,28.1,27.9,23.6,23.3,77,75,77,30,6.8,2.9,N,PA,SOURE,A227,-0.72777777,-48.51583333,12.54
181,2019-01-31,04:00,0.0,1010.0,1010.2,1009.9,-9999,27.6,23.5,27.7,27.5,23.7,23.5,80,78,78,51,6.9,1.8,N,PA,SOURE,A227,-0.72777777,-48.51583333,12.54
182,2019-01-31,08:00,0.0,1008.4,1008.6,1008.4,-9999,27.1,23.4,27.2,27.1,23.4,23.1,80,79,80,24,6.7,2.1,N,PA,SOURE,A227,-0.72777777,-48.51583333,12.54
183,2019-01-31,12:00,0.0,1011.3,1011.3,1010.8,778,28.4,23.6,28.7,28.0,24.0,23.4,78,74,75,36,7.0,2.8,N,PA,SOURE,A227,-0.72777777,-48.51583333,12.54
184,2019-01-31,16:00,0.0,1010.8,1011.3,1010.8,2931,30.6,24.8,31.3,29.9,25.0,23.5,72,65,71,54,8.4,3.4,N,PA,SOURE,A227,-0.72777777,-48.51583333,12.54
185,2019-01-31,20:00,0.0,1007.5,1008.3,1007.5,1485,29.4,23.8,30.1,29.1,24.2,23.5,73,69,72,18,9.6,3.9,N,PA,SOURE,A227,-0.72777777,-48.51583333,12.54
186,2019-02-01,00:00,0.4,1010.1,1010.1,1009.4,-9999,26.4,23.5,27.4,26.2,23.5,23.0,85,78,84,22,6.3,2.7,N,PA,SOURE,A227,-0.72777777,-48.51583333,12.54
187,2019-02-01,04:00,0.2,1010.3,1010.9,1010.3,-9999,27.1,22.9,27.3,27.1,23.1,22.7,78,77,78,24,5.9,2.4,N,PA,SOURE,A227,-0.72777777,-48.51583333,12.54
188,2019-02-01,08:00,0.8,1009.5,1009.5,1009.0,-9999,25.4,23.1,27.0,25.1,23.1,22.4,87,77,87,46,6.5,1.7,N,PA,SOURE,A227,-0.72777777,-48.51583333,12.54
189,2019-02-01,12:00,0.0,1011.7,1011.7,1011.1,1065,28.3,23.6,28.6,26.3,24.8,23.6,87,75,76,19,7.0,2.9,N,PA,SOURE,A227,-0.72777777,-48.51583333,12.54
190,2019-02-01,16:00,0.0,1010.6,1011.6,1010.6,3490,29.0,22.4,29.4,27.6,23.2,21.3,71,64,68,39,8.9,3.5,N,PA,SOURE,A227,-0.72777777,-48.51583333,12.54
191,2019-02-01,20:00,0.0,1009.1,1009.1,1008.9,1033,28.0,23.1,28.5,27.5,23.5,22.4,76,72,75,23,6.2,3.0,N,PA,SOURE,A227,-0.72777777,-48.51583333,12.54
192,2019-02-02,00:00,0.0,1010.7,1010.7,1010.4,-9999,25.6,22.4,26.0,25.5,23.0,22.4,83,82,83,36,3.6,0.6,N,PA,SOURE,A227,-0.72777777,-48.51583333,12.54
193,2019-02-02,04:00,0.0,1010.8,1011.4,1010.8,-9999,26.5,22.0,26.5,26.0,22.6,21.9,81,76,77,71,4.4,0.9,N,PA,SOURE,A227,-0.72777777,-48.51583333,12.54
194,2019-02-02,08:00,0.0,1009.7,1009.9,1009.7,-9999,25.8,23.0,26.3,25.8,23.0,22.6,84,80,84,291,1.7,0.0,N,PA,SOURE,A227,-0.72777777,-48.51583333,12.54
195,2019-02-02,12:00,0.6,1012.7,1012.8,1012.0,199,24.5,23.0,24.5,23.6,23.0,22.0,91,90,91,356,1.7,0.4,N,PA,SOURE,A227,-0.72777777,-48.51583333,12.54
196,2019-02-02,16:00,0.0,1011.5,1012.2,1011.5,2641,27.7,22.3,28.5,26.9,23.2,22.0,76,70,72,73,6.1,2.6,N,PA,SOURE,A227,-0.72777777,-48.51583333,12.54
197,2019-02-02,20:00,0.0,1009.0,1009.0,1008.9,807,26.7,23.0,27.0,26.4,23.6,22.8,82,80,80,352,4.2,2.1,N,PA,SOURE,A227,-0.72777777,-48.51583333,12.54
198,2019-02-03,00:00,0.0,1010.5,1010.5,1010.0,-9999,24.9,22.6,25.1,24.9,22.6,22.5,87,86,87,331,1.4,0.5,N,PA,SOURE,A227,-0.72777777,-48.51583333,12.54
199,2019-02-03,04:00,0.0,1010.5,1011.2,1010.5,-9999,24.8,23.2,24.9,24.7,23.3,23.1,91,90,91,325,3.5,0.6,N,PA,SOURE,A227,-0.72777777,-48.51583333,12.54
200,2019-02-03,08:00,5.6,1010.0,1010.1,1009.7,-9999,23.1,21.8,23.1,22.8,21.9,21.6,93,93,93,103,8.3,4.0,N,PA,SOURE,A227,-0.72777777,-48.51583333,12.54
201,2019-02-03,12:00,1.2,1013.0,1013.0,1012.3,100,23.3,21.3,23.4,23.0,21.6,21.3,91,88,88,95,7.9,2.8,N,PA,SOURE,A227,-0.72777777,-48.51583333,12.54
202,2019-02-03,16:00,0.0,1011.1,1011.8,1011.1,2902,27.5,22.3,28.4,26.5,23.8,21.8,80,71,74,33,6.8,3.2,N,PA,SOURE,A227,-0.72777777,-48.51583333,12.54
203,2019-02-03,20:00,0.0,1009.4,1009.5,1009.3,961,27.4,22.3,28.4,27.4,23.4,22.3,76,73,74,19,4.4,2.0,N,PA,SOURE,A227,-0.72777777,-48.51583333,12.54
204,2019-02-04,00:00,0.0,1010.6,1010.6,1009.9,-9999,25.5,21.7,25.6,25.3,21.9,21.7,81,80,80,20,2.8,0.9,N,PA,SOURE,A227,-0.72777777,-48.51583333,12.54
205,2019-02-04,04:00,1.6,1010.3,1011.0,1010.3,-9999,24.4,22.7,24.9,24.4,22.8,22.3,90,86,90,121,4.7,0.1,N,PA,SOURE,A227,-0.72777777,-48.51583333,12.54
206,2019-02-04,08:00,0.0,1008.6,1008.8,1008.5,-9999,23.7,22.4,23.9,23.6,22.6,22.4,93,92,93,73,2.0,0.2,N,PA,SOURE,A227,-0.72777777,-48.51583333,12.54
207,2019-02-04,12:00,0.8,1011.1,1011.1,1010.6,881,26.5,25.0,26.5,25.1,25.0,23.5,93,91,91,59,5.9,1.1,N,PA,SOURE,A227,-0.72777777,-48.51583333,12.54
208,2019-02-04,16:00,0.0,1010.2,1010.8,1010.2,3474,29.6,23.1,30.4,29.4,24.1,22.6,71,66,68,39,7.6,3.8,N,PA,SOURE,A227,-0.72777777,-48.51583333,12.54
209,2019-02-04,20:00,0.0,1007.8,1007.9,1007.7,1490,28.8,24.0,29.7,28.6,24.0,22.5,75,66,75,36,8.3,3.1,N,PA,SOURE,A227,-0.72777777,-48.51583333,12.54
210,2019-02-05,00:00,0.0,1009.9,1009.9,1009.2,-9999,24.7,22.8,24.9,24.7,22.8,22.7,89,88,89,360,3.7,0.4,N,PA,SOURE,A227,-0.72777777,-48.51583333,12.54
211,2019-02-05,04:00,0.0,1009.4,1010.5,1009.4,-9999,24.5,22.9,24.6,24.5,23.0,22.9,91,90,91,317,2.2,0.5,N,PA,SOURE,A227,-0.72777777,-48.51583333,12.54
212,2019-02-05,08:00,1.2,1008.5,1008.5,1008.2,-9999,24.5,23.1,24.6,24.3,23.1,22.9,92,91,92,242,7.0,0.1,N,PA,SOURE,A227,-0.72777777,-48.51583333,12.54
213,2019-02-05,12:00,0.0,1011.1,1011.1,1010.2,994,26.7,25.0,27.3,25.9,25.7,24.4,92,89,90,325,3.8,0.9,N,PA,SOURE,A227,-0.72777777,-48.51583333,12.54
214,2019-02-05,16:00,0.4,1010.3,1011.7,1010.3,525,25.0,23.1,27.3,24.9,24.9,22.4,89,83,89,92,8.9,2.8,N,PA,SOURE,A227,-0.72777777,-48.51583333,12.54
215,2019-02-05,20:00,0.2,1008.0,1008.5,1007.8,514,25.5,23.9,25.5,25.0,23.9,23.3,91,91,91,309,2.6,1.1,N,PA,SOURE,A227,-0.72777777,-48.51583333,12.54
216,2019-02-06,00:00,2.0,1009.9,1009.9,1008.8,-9999,24.7,23.3,25.0,24.6,23.6,23.2,92,92,92,4,5.8,1.2,N,PA,SOURE,A227,-0.72777777,-48.51583333,12.54
217,2019-02-06,04:00,0.0,1009.8,1010.5,1009.8,0,25.7,23.9,25.7,25.4,23.9,23.7,91,90,90,41,2.7,0.7,N,PA,SOURE,A227,-0.72777777,-48.51583333,12.54
218,2019-02-06,08:00,0.0,1008.7,1008.7,1008.5,-9999,24.3,23.0,24.4,24.3,23.1,23.0,93,92,93,306,3.0,0.9,N,PA,SOURE,A227,-0.72777777,-48.51583333,12.54
219,2019-02-06,12:00,0.0,1011.2,1011.2,1010.4,477,25.0,23.7,25.2,24.4,24.0,23.1,93,92,93,8,5.7,0.8,N,PA,SOURE,A227,-0.72777777,-48.51583333,12.54
220,2019-02-06,16:00,0.0,1009.7,1011.1,1009.7,1874,28.2,23.4,29.2,27.5,25.9,23.2,87,74,75,16,6.1,2.0,N,PA,SOURE,A227,-0.72777777,-48.51583333,12.54
221,2019-02-06,20:00,3.4,1007.3,1007.8,1007.0,348,24.8,23.1,26.9,24.8,24.1,22.3,90,83,90,19,9.2,3.1,N,PA,SOURE,A227,-0.72777777,-48.51583333,12.54
222,2019-02-07,00:00,0.2,1009.1,1009.1,1008.1,-9999,25.0,23.6,25.0,24.7,23.6,23.4,92,92,92,325,6.3,0.8,N,PA,SOURE,A227,-0.72777777,-48.51583333,12.54
223,2019-02-07,04:00,1.2,1009.3,1010.2,1009.3,0,24.0,22.7,24.5,23.9,23.1,22.5,93,92,93,1,7.0,0.6,N,PA,SOURE,A227,-0.72777777,-48.51583333,12.54
224,2019-02-07,08:00,0.2,1007.2,1007.5,1007.0,-9999,24.0,22.9,24.1,23.9,22.9,22.7,93,93,93,143,1.1,0.0,N,PA,SOURE,A227,-0.72777777,-48.51583333,12.54
225,2019-02-07,12:00,0.4,1009.8,1009.8,1009.1,110,24.7,23.5,25.0,24.1,23.8,23.0,94,93,93,80,7.1,2.7,N,PA,SOURE,A227,-0.72777777,-48.51583333,12.54
226,2019-02-07,16:00,0.4,1009.2,1010.0,1009.2,1165,26.5,23.7,28.0,26.3,25.4,23.5,87,80,85,62,7.3,3.0,N,PA,SOURE,A227,-0.72777777,-48.51583333,12.54
227,2019-02-07,20:00,0.0,1007.0,1007.0,1006.4,689,27.4,23.4,27.8,26.8,23.9,23.4,83,78,79,63,6.5,2.3,N,PA,SOURE,A227,-0.72777777,-48.51583333,12.54
228,2019-02-08,00:00,0.0,1008.2,1008.2,1007.3,-9999,25.3,22.8,25.6,25.3,23.4,22.8,88,86,86,3,7.7,1.1,N,PA,SOURE,A227,-0.72777777,-48.51583333,12.54
229,2019-02-08,04:00,1.0,1008.6,1009.4,1008.6,-9999,24.6,23.3,24.7,24.2,23.4,22.8,92,92,92,14,4.8,1.4,N,PA,SOURE,A227,-0.72777777,-48.51583333,12.54
230,2019-02-08,08:00,0.0,1007.3,1007.3,1006.8,1,24.7,22.4,24.8,23.9,22.9,22.4,92,87,87,90,10.2,3.4,N,PA,SOURE,A227,-0.72777777,-48.51583333,12.54
231,2019-02-08,12:00,0.8,1010.1,1010.1,1009.0,165,24.8,23.2,24.9,24.4,23.2,22.7,90,90,90,48,7.1,1.6,N,PA,SOURE,A227,-0.72777777,-48.51583333,12.54
232,2019-02-08,16:00,2.2,1009.7,1010.2,1009.7,450,24.8,23.2,25.9,24.0,23.3,22.3,91,85,91,57,6.7,0.5,N,PA,SOURE,A227,-0.72777777,-48.51583333,12.54
233,2019-02-08,20:00,0.2,1006.7,1007.0,1006.6,849,25.8,23.4,26.7,25.6,23.9,22.9,87,83,87,34,5.0,1.4,N,PA,SOURE,A227,-0.72777777,-48.51583333,12.54
234,2019-02-09,00:00,0.4,1008.7,1008.8,1008.2,-9999,25.0,23.2,25.1,24.7,23.4,23.0,91,90,90,64,9.4,2.7,N,PA,SOURE,A227,-0.72777777,-48.51583333,12.54
235,2019-02-09,04:00,0.0,1007.9,1008.2,1007.9,-9999,24.1,22.2,24.6,24.1,22.2,21.8,89,85,89,197,1.6,0.0,N,PA,SOURE,A227,-0.72777777,-48.51583333,12.54
236,2019-02-09,08:00,0.2,1007.7,1007.7,1007.4,-9999,24.8,23.4,24.8,24.2,23.4,22.8,93,92,92,87,7.6,3.2,N,PA,SOURE,A227,-0.72777777,-48.51583333,12.54
237,2019-02-09,12:00,0.0,1010.2,1010.2,1008.9,1357,27.3,22.9,27.6,26.0,23.6,22.6,84,76,77,87,4.6,2.7,N,PA,SOURE,A227,-0.72777777,-48.51583333,12.54
238,2019-02-09,16:00,0.0,1009.0,1009.7,1008.9,3312,29.2,23.5,30.6,28.5,25.1,23.2,76,69,72,49,7.3,3.0,N,PA,SOURE,A227,-0.72777777,-48.51583333,12.54
239,2019-02-09,20:00,0.2,1006.6,1006.7,1006.5,234,25.1,23.4,25.1,24.5,23.4,22.7,91,90,90,6,2.7,0.7,N,PA,SOURE,A227,-0.72777777,-48.51583333,12.54
240,2019-02-10,00:00,0.0,1009.1,1009.1,1008.5,-9999,25.7,23.7,25.7,24.8,23.7,23.3,91,89,89,44,2.7,1.1,N,PA,SOURE,A227,-0.72777777,-48.51583333,12.54
241,2019-02-10,04:00,0.0,1008.9,1009.7,1008.9,-9999,26.0,23.4,26.1,25.8,23.4,23.2,86,85,86,87,1.7,0.2,N,PA,SOURE,A227,-0.72777777,-48.51583333,12.54
242,2019-02-10,08:00,0.0,1007.9,1008.0,1007.6,-9999,25.2,23.5,25.4,25.2,23.7,23.5,90,90,90,300,2.3,0.6,N,PA,SOURE,A227,-0.72777777,-48.51583333,12.54
243,2019-02-10,12:00,0.0,1010.3,1010.3,1009.4,1244,29.1,24.8,29.1,26.8,25.6,23.8,90,77,77,37,4.7,1.9,N,PA,SOURE,A227,-0.72777777,-48.51583333,12.54
244,2019-02-10,16:00,0.0,1009.2,1010.1,1009.2,3425,30.2,24.1,30.6,29.4,24.6,23.3,73,67,70,36,8.7,3.5,N,PA,SOURE,A227,-0.72777777,-48.51583333,12.54
245,2019-02-10,20:00,0.0,1006.9,1006.9,1006.6,1535,28.8,23.5,29.7,28.6,24.5,23.2,74,71,73,37,8.3,3.2,N,PA,SOURE,A227,-0.72777777,-48.51583333,12.54
246,2019-02-11,00:00,0.0,1009.9,1009.9,1009.1,-9999,26.0,22.5,27.2,26.0,23.6,22.5,82,80,81,47,7.8,3.1,N,PA,SOURE,A227,-0.72777777,-48.51583333,12.54
247,2019-02-11,04:00,0.0,1009.0,1010.1,1009.0,-9999,26.6,23.5,26.7,26.5,23.7,23.4,84,83,83,37,4.2,1.7,N,PA,SOURE,A227,-0.72777777,-48.51583333,12.54
248,2019-02-11,08:00,0.0,1008.2,1008.2,1007.9,-9999,26.3,23.1,26.6,26.2,23.4,23.1,83,82,83,32,5.5,1.5,N,PA,SOURE,A227,-0.72777777,-48.51583333,12.54
249,2019-02-11,12:00,0.0,1010.8,1010.9,1010.2,1468,29.2,23.7,29.4,28.1,24.1,23.1,77,71,72,43,6.1,2.5,N,PA,SOURE,A227,-0.72777777,-48.51583333,12.54
250,2019-02-11,16:00,0.0,1009.4,1010.5,1009.4,3490,30.3,23.5,30.6,29.3,24.8,23.2,72,66,67,30,7.8,3.5,N,PA,SOURE,A227,-0.72777777,-48.51583333,12.54
251,2019-02-11,20:00,0.0,1007.1,1007.2,1007.0,1227,27.4,24.0,29.3,27.2,25.0,22.8,82,72,82,52,8.0,2.2,N,PA,SOURE,A227,-0.72777777,-48.51583333,12.54
252,2019-02-12,00:00,2.0,1009.9,1009.9,1009.2,-9999,25.1,23.2,26.2,25.0,23.8,23.1,90,86,90,51,8.5,2.8,N,PA,SOURE,A227,-0.72777777,-48.51583333,12.54
253,2019-02-12,04:00,0.0,1009.3,1009.9,1009.3,-9999,25.4,23.1,25.7,25.4,23.1,22.6,87,83,87,28,4.4,1.0,N,PA,SOURE,A227,-0.72777777,-48.51583333,12.54
254,2019-02-12,08:00,1.6,1008.7,1008.8,1008.4,-9999,25.1,23.4,25.2,25.0,23.4,23.0,90,88,90,347,2.7,0.9,N,PA,SOURE,A227,-0.72777777,-48.51583333,12.54
255,2019-02-12,12:00,0.0,1011.8,1011.9,1010.8,1281,29.2,24.3,29.3,27.0,25.0,24.0,87,75,75,37,7.3,2.6,N,PA,SOURE,A227,-0.72777777,-48.51583333,12.54
256,2019-02-12,16:00,4.0,1010.0,1011.5,1010.0,1028,27.0,25.3,27.0,25.2,25.3,22.9,91,86,90,20,7.0,1.2,N,PA,SOURE,A227,-0.72777777,-48.51583333,12.54
257,2019-02-12,20:00,0.0,1008.5,1008.5,1008.2,732,27.7,23.6,28.8,27.7,24.3,23.5,79,76,79,20,9.1,2.5,N,PA,SOURE,A227,-0.72777777,-48.51583333,12.54
258,2019-02-13,00:00,0.0,1010.4,1010.5,1009.9,-9999,27.0,23.7,27.1,26.9,23.8,23.3,82,80,82,11,6.7,2.6,N,PA,SOURE,A227,-0.72777777,-48.51583333,12.54
259,2019-02-13,04:00,0.0,1010.2,1011.3,1010.1,-9999,26.8,23.5,27.0,26.8,23.6,23.3,82,81,82,21,5.9,2.3,N,PA,SOURE,A227,-0.72777777,-48.51583333,12.54
260,2019-02-13,08:00,2.0,1009.4,1009.4,1009.2,-9999,25.3,23.7,25.7,25.2,23.7,23.3,91,89,91,317,3.3,0.3,N,PA,SOURE,A227,-0.72777777,-48.51583333,12.54
261,2019-02-13,12:00,2.6,1012.2,1012.3,1011.5,170,24.7,23.2,25.3,24.4,23.7,22.9,92,91,92,31,6.6,1.0,N,PA,SOURE,A227,-0.72777777,-48.51583333,12.54
262,2019-02-13,16:00,0.8,1010.9,1011.8,1010.9,596,26.0,24.1,26.1,25.1,24.2,22.9,90,84,89,11,9.6,0.6,N,PA,SOURE,A227,-0.72777777,-48.51583333,12.54
263,2019-02-13,20:00,3.0,1008.9,1009.2,1008.7,527,25.5,23.4,28.3,25.3,24.4,22.8,88,78,88,338,7.9,0.1,N,PA,SOURE,A227,-0.72777777,-48.51583333,12.54
264,2019-02-14,00:00,0.8,1010.4,1010.6,1010.3,-9999,25.7,24.2,25.7,25.0,24.2,23.5,92,91,91,37,4.2,1.1,N,PA,SOURE,A227,-0.72777777,-48.51583333,12.54
265,2019-02-14,04:00,0.0,1010.4,1010.6,1010.3,-9999,26.6,23.2,26.7,26.5,23.2,22.9,82,80,82,29,4.5,1.7,N,PA,SOURE,A227,-0.72777777,-48.51583333,12.54
266,2019-02-14,08:00,0.0,1009.8,1009.9,1009.7,-9999,25.5,23.9,25.5,24.9,23.9,23.0,91,89,91,15,3.8,1.0,N,PA,SOURE,A227,-0.72777777,-48.51583333,12.54
267,2019-02-14,12:00,0.0,1011.9,1012.1,1011.4,86,27.0,23.9,27.1,26.8,24.0,23.7,84,83,83,31,5.4,2.4,N,PA,SOURE,A227,-0.72777777,-48.51583333,12.54
268,2019-02-14,16:00,0.2,1010.9,1011.8,1010.9,1458,26.5,23.8,28.0,25.2,25.5,22.9,89,83,85,35,10.6,4.1,N,PA,SOURE,A227,-0.72777777,-48.51583333,12.54
269,2019-02-14,20:00,0.6,1009.3,1009.3,1008.7,578,26.4,23.4,28.9,26.4,24.2,22.9,84,74,83,37,10.5,4.2,N,PA,SOURE,A227,-0.72777777,-48.51583333,12.54
270,2019-02-15,00:00,0.0,1011.8,1011.8,1010.9,-9999,26.9,23.2,27.6,26.9,23.2,22.6,80,75,80,47,8.9,2.9,N,PA,SOURE,A227,-0.72777777,-48.51583333,12.54
271,2019-02-15,04:00,0.0,1011.8,1012.4,1011.8,-9999,25.7,23.4,25.9,25.6,23.4,23.1,87,85,87,303,1.4,0.3,N,PA,SOURE,A227,-0.72777777,-48.51583333,12.54
272,2019-02-15,08:00,0.0,1010.3,1010.3,1010.1,-9999,26.7,22.5,26.8,26.5,23.0,22.5,81,78,78,30,4.9,2.4,N,PA,SOURE,A227,-0.72777777,-48.51583333,12.54
273,2019-02-15,12:00,0.0,1012.2,1012.2,1011.8,771,27.9,23.1,27.9,26.9,23.5,22.8,79,75,75,28,6.8,3.3,N,PA,SOURE,A227,-0.72777777,-48.51583333,12.54
274,2019-02-15,16:00,0.0,1011.4,1012.3,1011.4,2908,30.0,23.5,30.1,29.0,23.7,23.0,71,67,68,42,8.7,3.4,N,PA,SOURE,A227,-0.72777777,-48.51583333,12.54
275,2019-02-15,20:00,0.0,1009.4,1009.4,1009.2,753,27.9,22.8,28.7,27.9,23.2,22.7,74,71,74,19,8.0,3.3,N,PA,SOURE,A227,-0.72777777,-48.51583333,12.54
276,2019-02-16,00:00,0.0,1010.9,1011.0,1010.4,-9999,25.9,22.2,26.6,25.9,22.3,22.1,80,77,80,349,4.5,0.9,N,PA,SOURE,A227,-0.72777777,-48.51583333,12.54
277,2019-02-16,04:00,0.0,1011.1,1011.4,1011.1,-9999,26.1,22.1,26.5,26.0,22.2,21.7,79,76,79,341,5.6,1.0,N,PA,SOURE,A227,-0.72777777,-48.51583333,12.54
278,2019-02-16,08:00,0.0,1010.0,1010.2,1009.9,-9999,25.9,22.3,26.5,25.9,22.5,22.1,81,78,81,353,5.3,0.6,N,PA,SOURE,A227,-0.72777777,-48.51583333,12.54
279,2019-02-16,12:00,0.0,1012.0,1012.1,1011.2,1316,28.8,22.8,28.9,27.6,23.1,22.4,75,70,70,23,8.4,3.2,N,PA,SOURE,A227,-0.72777777,-48.51583333,12.54
280,2019-02-16,16:00,0.0,1010.8,1011.6,1010.8,2647,29.7,23.5,30.6,28.7,24.0,22.5,73,65,69,6,8.8,3.1,N,PA,SOURE,A227,-0.72777777,-48.51583333,12.54
281,2019-02-16,20:00,0.0,1008.3,1008.7,1008.3,1341,28.8,22.5,29.6,28.6,23.3,21.9,70,64,69,13,9.0,2.7,N,PA,SOURE,A227,-0.72777777,-48.51583333,12.54
282,2019-02-17,00:00,0.0,1010.6,1010.7,1009.8,-9999,26.5,22.7,26.5,26.3,22.7,22.6,80,80,80,353,4.9,1.8,N,PA,SOURE,A227,-0.72777777,-48.51583333,12.54
283,2019-02-17,04:00,0.0,1010.2,1011.1,1010.2,-9999,26.1,22.8,26.3,26.1,23.0,22.8,82,82,82,350,4.1,1.4,N,PA,SOURE,A227,-0.72777777,-48.51583333,12.54
284,2019-02-17,08:00,0.0,1008.8,1008.8,1008.6,-9999,25.6,22.9,25.8,25.6,23.1,22.9,86,85,85,347,3.3,0.6,N,PA,SOURE,A227,-0.72777777,-48.51583333,12.54
285,2019-02-17,12:00,0.0,1011.6,1011.6,1011.0,566,27.0,23.9,27.0,25.7,24.1,23.1,86,82,83,348,3.6,1.2,N,PA,SOURE,A227,-0.72777777,-48.51583333,12.54
286,2019-02-17,16:00,0.0,1011.4,1012.0,1011.4,1018,26.6,23.4,30.2,26.6,23.9,22.6,82,66,82,5,10.0,3.2,N,PA,SOURE,A227,-0.72777777,-48.51583333,12.54
287,2019-02-17,20:00,0.0,1009.1,1009.2,1008.9,173,26.0,23.9,26.2,25.8,24.0,23.1,89,84,88,334,6.1,0.5,N,PA,SOURE,A227,-0.72777777,-48.51583333,12.54
288,2019-02-18,00:00,0.0,1011.2,1011.2,1010.5,-9999,26.6,24.1,26.7,26.4,24.3,24.1,88,86,86,11,4.6,0.8,N,PA,SOURE,A227,-0.72777777,-48.51583333,12.54
289,2019-02-18,04:00,0.0,1010.4,1011.4,1010.4,-9999,25.8,24.2,25.8,25.6,24.2,24.0,91,91,91,20,3.8,1.8,N,PA,SOURE,A227,-0.72777777,-48.51583333,12.54
290,2019-02-18,08:00,0.0,1009.0,1009.2,1008.8,-9999,25.6,23.4,25.9,25.6,23.6,23.4,88,87,88,347,2.6,0.8,N,PA,SOURE,A227,-0.72777777,-48.51583333,12.54
291,2019-02-18,12:00,5.8,1013.0,1013.1,1012.2,12,24.0,22.7,24.2,23.9,22.9,22.5,93,92,92,98,8.8,2.5,N,PA,SOURE,A227,-0.72777777,-48.51583333,12.54
292,2019-02-18,16:00,0.0,1012.5,1013.3,1012.5,932,25.9,23.5,25.9,24.9,23.8,23.1,91,87,87,147,4.7,3.0,N,PA,SOURE,A227,-0.72777777,-48.51583333,12.54
293,2019-02-18,20:00,0.0,1009.2,1009.9,1009.0,669,26.9,22.5,27.6,26.9,23.0,22.2,77,74,77,111,2.1,0.3,N,PA,SOURE,A227,-0.72777777,-48.51583333,12.54
294,2019-02-19,00:00,3.4,1012.7,1012.8,1012.2,-9999,24.7,23.0,25.4,24.7,23.3,22.9,90,88,90,309,2.1,0.9,N,PA,SOURE,A227,-0.72777777,-48.51583333,12.54
295,2019-02-19,04:00,0.8,1011.9,1012.9,1011.9,-9999,24.4,23.1,24.6,24.4,23.2,23.1,93,92,93,291,3.2,0.7,N,PA,SOURE,A227,-0.72777777,-48.51583333,12.54
296,2019-02-19,08:00,0.2,1009.9,1010.1,1009.6,-9999,24.2,23.0,24.3,24.1,23.2,23.0,93,93,93,356,1.4,0.1,N,PA,SOURE,A227,-0.72777777,-48.51583333,12.54
297,2019-02-19,12:00,0.0,1012.2,1012.3,1011.7,540,26.0,23.7,26.0,24.8,24.0,23.5,92,87,87,96,5.1,2.9,N,PA,SOURE,A227,-0.72777777,-48.51583333,12.54
298,2019-02-19,16:00,0.0,1012.2,1012.8,1012.2,2266,27.7,22.6,28.0,27.1,23.1,22.2,77,73,74,81,6.2,2.8,N,PA,SOURE,A227,-0.72777777,-48.51583333,12.54
299,2019-02-19,20:00,0.0,1009.0,1009.1,1008.3,1219,27.7,23.2,29.4,27.3,24.0,22.8,78,71,77,28,7.6,2.4,N,PA,SOURE,A227,-0.72777777,-48.51583333,12.54
300,2019-02-20,00:00,0.0,1010.7,1010.7,1009.6,-9999,26.4,23.3,26.5,26.1,23.6,23.3,85,83,83,60,7.1,3.2,N,PA,SOURE,A227,-0.72777777,-48.51583333,12.54
301,2019-02-20,04:00,0.0,1010.3,1011.1,1010.3,-9999,26.0,22.6,26.2,25.9,22.7,22.5,82,81,82,34,6.2,1.7,N,PA,SOURE,A227,-0.72777777,-48.51583333,12.54
302,2019-02-20,08:00,0.0,1008.8,1008.8,1008.4,-9999,25.9,22.9,25.9,25.6,22.9,22.6,85,83,83,51,3.3,0.7,N,PA,SOURE,A227,-0.72777777,-48.51583333,12.54
303,2019-02-20,12:00,0.0,1011.7,1011.7,1010.8,521,27.6,23.3,27.7,27.1,23.7,22.9,80,77,77,34,5.3,1.8,N,PA,SOURE,A227,-0.72777777,-48.51583333,12.54
304,2019-02-20,16:00,0.0,1010.4,1011.3,1010.3,662,26.6,24.3,26.6,24.8,24.4,22.8,89,87,87,27,2.5,1.1,N,PA,SOURE,A227,-0.72777777,-48.51583333,12.54
305,2019-02-20,20:00,0.0,1007.3,1007.4,1007.0,1520,27.8,23.5,29.6,27.7,24.5,23.2,79,72,78,38,8.0,3.1,N,PA,SOURE,A227,-0.72777777,-48.51583333,12.54
306,2019-02-21,00:00,0.0,1009.8,1009.8,1008.5,-9999,26.5,23.5,26.5,26.2,23.6,23.3,84,84,84,31,4.8,2.5,N,PA,SOURE,A227,-0.72777777,-48.51583333,12.54
307,2019-02-21,04:00,0.0,1009.8,1010.1,1009.7,-9999,26.2,23.2,26.4,26.1,23.4,23.2,84,83,84,3,7.4,2.1,N,PA,SOURE,A227,-0.72777777,-48.51583333,12.54
308,2019-02-21,08:00,0.0,1008.6,1008.7,1008.5,-9999,25.6,23.0,26.0,25.6,23.6,23.0,87,85,85,25,4.3,0.5,N,PA,SOURE,A227,-0.72777777,-48.51583333,12.54
309,2019-02-21,12:00,0.0,1011.6,1011.6,1010.7,867,28.2,24.0,28.6,27.3,24.6,23.6,82,77,78,29,6.2,2.7,N,PA,SOURE,A227,-0.72777777,-48.51583333,12.54
310,2019-02-21,16:00,0.0,1010.7,1011.5,1010.7,2145,28.7,24.2,29.8,28.3,25.0,23.6,78,73,77,32,8.4,3.9,N,PA,SOURE,A227,-0.72777777,-48.51583333,12.54
311,2019-02-21,20:00,2.8,1009.0,1009.2,1008.9,209,25.1,22.9,27.9,24.8,23.7,22.0,88,78,88,30,8.3,1.5,N,PA,SOURE,A227,-0.72777777,-48.51583333,12.54
312,2019-02-22,00:00,0.4,1011.7,1011.7,1010.9,-9999,25.6,23.9,25.6,25.4,24.0,23.7,91,90,90,69,3.9,0.5,N,PA,SOURE,A227,-0.72777777,-48.51583333,12.54
313,2019-02-22,04:00,0.6,1012.0,1012.6,1011.9,-9999,23.1,22.0,23.6,23.1,22.5,22.0,94,94,94,37,4.3,0.5,N,PA,SOURE,A227,-0.72777777,-48.51583333,12.54
314,2019-02-22,08:00,2.8,1011.2,1011.2,1010.7,-9999,23.7,22.5,23.7,23.4,22.5,22.2,93,93,93,74,4.2,1.1,N,PA,SOURE,A227,-0.72777777,-48.51583333,12.54
315,2019-02-22,12:00,0.0,1012.2,1012.5,1012.1,233,24.6,22.8,24.6,23.9,22.8,22.2,91,90,90,26,5.8,1.9,N,PA,SOURE,A227,-0.72777777,-48.51583333,12.54
316,2019-02-22,16:00,0.0,1011.3,1012.3,1011.3,2080,27.8,22.2,29.0,27.6,24.0,22.2,78,72,72,121,3.1,2.0,N,PA,SOURE,A227,-0.72777777,-48.51583333,12.54
317,2019-02-22,20:00,0.0,1010.2,1010.4,1010.1,476,26.4,22.9,28.0,26.1,23.2,22.5,82,74,81,73,6.1,2.7,N,PA,SOURE,A227,-0.72777777,-48.51583333,12.54
318,2019-02-23,00:00,0.0,1011.8,1011.8,1011.1,-9999,25.8,21.7,25.9,25.5,22.1,21.5,82,77,79,40,3.3,0.7,N,PA,SOURE,A227,-0.72777777,-48.51583333,12.54
319,2019-02-23,04:00,0.0,1011.2,1011.9,1011.2,-9999,25.9,23.3,25.9,25.7,23.3,23.0,86,85,86,45,5.2,2.3,N,PA,SOURE,A227,-0.72777777,-48.51583333,12.54
320,2019-02-23,08:00,0.0,1009.9,1009.9,1009.7,-9999,25.7,22.7,25.7,25.5,22.7,22.3,84,82,83,81,4.6,1.8,N,PA,SOURE,A227,-0.72777777,-48.51583333,12.54
321,2019-02-23,12:00,0.0,1011.7,1011.7,1011.0,1075,27.1,23.3,27.2,25.1,24.1,22.8,90,80,80,88,5.4,2.3,N,PA,SOURE,A227,-0.72777777,-48.51583333,12.54
322,2019-02-23,16:00,0.0,1010.4,1011.3,1010.4,3448,28.9,23.3,29.4,28.7,23.9,22.7,73,69,72,29,7.6,4.1,N,PA,SOURE,A227,-0.72777777,-48.51583333,12.54
323,2019-02-23,20:00,0.0,1007.5,1007.8,1007.5,1012,27.2,23.1,28.0,27.2,24.1,23.1,81,77,78,23,8.3,4.0,N,PA,SOURE,A227,-0.72777777,-48.51583333,12.54
324,2019-02-24,00:00,0.0,1010.4,1010.4,1009.8,-9999,26.0,22.4,26.3,26.0,22.4,22.0,81,78,81,7,5.0,1.1,N,PA,SOURE,A227,-0.72777777,-48.51583333,12.54
325,2019-02-24,04:00,1.0,1010.6,1011.3,1010.6,-9999,24.3,22.9,24.5,24.0,23.1,22.5,92,91,92,348,4.4,0.3,N,PA,SOURE,A227,-0.72777777,-48.51583333,12.54
326,2019-02-24,08:00,0.0,1009.2,1009.3,1009.0,-9999,24.9,23.6,24.9,24.7,23.6,23.4,93,92,93,276,1.8,0.7,N,PA,SOURE,A227,-0.72777777,-48.51583333,12.54
327,2019-02-24,12:00,2.8,1012.4,1012.4,1011.6,128,23.5,22.4,23.6,23.1,22.5,22.0,94,93,93,51,7.0,2.5,N,PA,SOURE,A227,-0.72777777,-48.51583333,12.54
328,2019-02-24,16:00,0.0,1010.7,1011.8,1010.7,3513,27.7,21.8,29.1,27.2,24.1,21.8,76,70,71,44,7.9,3.5,N,PA,SOURE,A227,-0.72777777,-48.51583333,12.54
329,2019-02-24,20:00,0.0,1008.6,1008.7,1008.6,650,25.6,22.8,27.0,25.2,23.1,22.2,85,78,85,9,10.8,2.8,N,PA,SOURE,A227,-0.72777777,-48.51583333,12.54
330,2019-02-25,00:00,0.6,1010.3,1010.3,1009.8,-9999,24.5,23.1,24.5,24.0,23.1,22.6,92,92,92,20,6.7,1.2,N,PA,SOURE,A227,-0.72777777,-48.51583333,12.54
331,2019-02-25,04:00,2.4,1010.4,1010.7,1010.4,-9999,23.7,22.3,24.0,23.6,22.7,22.3,93,92,92,28,9.5,3.8,N,PA,SOURE,A227,-0.72777777,-48.51583333,12.54
332,2019-02-25,08:00,0.0,1008.9,1008.9,1008.6,-9999,23.8,22.6,23.9,23.8,22.6,22.5,93,92,93,315,2.3,0.2,N,PA,SOURE,A227,-0.72777777,-48.51583333,12.54
333,2019-02-25,12:00,0.2,1011.2,1011.2,1010.5,416,25.3,24.1,25.3,24.6,24.1,23.4,93,93,93,300,1.5,0.6,N,PA,SOURE,A227,-0.72777777,-48.51583333,12.54
334,2019-02-25,16:00,0.0,1010.4,1011.0,1010.3,1553,27.9,24.0,28.4,26.4,24.9,23.0,85,78,80,33,3.8,1.3,N,PA,SOURE,A227,-0.72777777,-48.51583333,12.54
335,2019-02-25,20:00,0.0,1008.0,1008.5,1008.0,564,27.1,23.4,27.3,27.0,23.4,22.8,80,78,80,4,3.9,1.0,N,PA,SOURE,A227,-0.72777777,-48.51583333,12.54
336,2019-02-26,00:00,0.0,1010.1,1010.1,1009.4,-9999,25.6,22.8,25.7,25.6,23.1,22.8,86,85,85,350,4.5,1.6,N,PA,SOURE,A227,-0.72777777,-48.51583333,12.54
337,2019-02-26,04:00,6.2,1009.9,1010.7,1009.9,-9999,24.0,22.5,24.0,23.6,22.5,22.0,92,89,92,17,8.2,1.7,N,PA,SOURE,A227,-0.72777777,-48.51583333,12.54
338,2019-02-26,08:00,2.6,1009.6,1009.9,1009.5,-9999,23.6,22.3,24.3,22.5,23.1,21.1,93,92,92,30,8.0,2.0,N,PA,SOURE,A227,-0.72777777,-48.51583333,12.54
339,2019-02-26,12:00,0.2,1011.7,1011.7,1011.0,108,24.8,23.6,24.8,24.5,23.6,23.3,93,93,93,27,4.0,1.7,N,PA,SOURE,A227,-0.72777777,-48.51583333,12.54
340,2019-02-26,16:00,0.0,1011.3,1011.9,1011.3,529,25.3,23.6,25.3,24.2,23.6,22.5,91,90,90,101,1.9,0.1,N,PA,SOURE,A227,-0.72777777,-48.51583333,12.54
341,2019-02-26,20:00,0.0,1009.7,1009.8,1009.3,314,24.7,22.8,25.1,24.1,23.3,22.5,91,89,89,20,8.7,2.6,N,PA,SOURE,A227,-0.72777777,-48.51583333,12.54
342,2019-02-27,00:00,0.2,1012.0,1012.0,1011.3,-9999,23.6,21.9,24.1,23.5,22.3,21.7,90,89,90,77,8.1,2.7,N,PA,SOURE,A227,-0.72777777,-48.51583333,12.54
343,2019-02-27,04:00,0.0,1011.4,1012.0,1011.4,-9999,24.4,22.4,24.6,24.4,22.4,22.2,89,87,89,124,1.6,0.0,N,PA,SOURE,A227,-0.72777777,-48.51583333,12.54
344,2019-02-27,08:00,0.0,1010.3,1010.3,1010.1,-9999,24.1,22.7,24.2,24.0,22.7,22.5,92,91,92,280,2.4,0.3,N,PA,SOURE,A227,-0.72777777,-48.51583333,12.54
345,2019-02-27,12:00,0.8,1012.7,1012.8,1012.1,118,23.8,22.6,23.8,23.2,22.6,22.0,93,93,93,52,1.8,0.9,N,PA,SOURE,A227,-0.72777777,-48.51583333,12.54
346,2019-02-27,16:00,0.0,1011.6,1012.7,1011.6,670,25.9,23.0,26.3,25.7,24.5,22.9,91,84,84,29,6.3,2.7,N,PA,SOURE,A227,-0.72777777,-48.51583333,12.54
347,2019-02-27,20:00,0.0,1009.4,1009.5,1009.4,630,26.9,21.9,27.3,26.8,22.4,21.5,75,73,74,9,8.7,2.0,N,PA,SOURE,A227,-0.72777777,-48.51583333,12.54
348,2019-02-28,00:00,0.0,1011.6,1011.6,1010.9,-9999,25.0,21.6,25.1,24.9,21.7,21.5,82,81,82,358,3.2,0.9,N,PA,SOURE,A227,-0.72777777,-48.51583333,12.54
349,2019-02-28,04:00,0.0,1011.3,1012.2,1011.3,-9999,24.9,21.5,25.1,24.9,21.8,21.5,83,81,81,358,3.4,1.2,N,PA,SOURE,A227,-0.72777777,-48.51583333,12.54
350,2019-02-28,08:00,1.4,1011.1,1011.1,1010.3,-9999,23.4,21.8,23.7,23.3,22.2,21.5,92,90,91,58,8.3,3.5,N,PA,SOURE,A227,-0.72777777,-48.51583333,12.54
351,2019-02-28,12:00,1.6,1013.8,1013.9,1013.4,312,23.5,22.1,23.5,23.0,22.2,21.6,93,92,92,169,3.7,0.6,N,PA,SOURE,A227,-0.72777777,-48.51583333,12.54
352,2019-02-28,16:00,0.0,1012.9,1013.8,1012.9,1998,27.7,22.8,29.3,27.4,24.1,22.1,76,70,74,352,5.7,2.9,N,PA,SOURE,A227,-0.72777777,-48.51583333,12.54
353,2019-02-28,20:00,0.0,1010.2,1010.3,1010.2,535,25.5,22.3,28.2,25.5,23.0,21.9,84,73,83,18,8.5,2.9,N,PA,SOURE,A227,-0.72777777,-48.51583333,12.54
354,2019-03-01,00:00,0.0,1013.0,1013.0,1012.1,-9999,23.6,21.9,23.7,23.4,22.0,21.7,91,90,90,309,1.3,0.0,N,PA,SOURE,A227,-0.72777777,-48.51583333,12.54
355,2019-03-01,04:00,0.0,1012.4,1013.2,1012.4,-9999,23.7,22.3,23.7,23.6,22.3,22.1,92,91,92,306,0.6,0.1,N,PA,SOURE,A227,-0.72777777,-48.51583333,12.54
356,2019-03-01,08:00,0.0,1011.4,1011.4,1011.1,-9999,23.9,22.6,23.9,23.8,22.6,22.5,92,92,92,287,2.1,0.4,N,PA,SOURE,A227,-0.72777777,-48.51583333,12.54
357,2019-03-01,12:00,0.0,1014.6,1014.6,1013.7,237,23.7,22.5,24.0,23.7,22.7,22.5,93,93,93,26,4.4,2.0,N,PA,SOURE,A227,-0.72777777,-48.51583333,12.54
358,2019-03-01,16:00,0.0,1013.9,1014.9,1013.9,1202,24.8,21.9,24.8,24.0,22.3,21.5,89,82,84,113,7.8,4.0,N,PA,SOURE,A227,-0.72777777,-48.51583333,12.54
359,2019-03-01,20:00,0.0,1011.3,1011.6,1011.3,1278,27.0,23.1,27.0,25.7,23.1,21.9,81,78,79,40,5.9,2.4,N,PA,SOURE,A227,-0.72777777,-48.51583333,12.54
360,2019-03-02,00:00,0.0,1012.7,1012.7,1011.8,-9999,24.0,22.1,24.5,24.0,22.4,22.1,89,88,89,326,3.5,1.1,N,PA,SOURE,A227,-0.72777777,-48.51583333,12.54
361,2019-03-02,04:00,0.0,1012.4,1013.6,1012.4,-9999,23.6,22.1,23.7,23.4,22.2,21.9,92,91,91,37,2.3,0.2,N,PA,SOURE,A227,-0.72777777,-48.51583333,12.54
362,2019-03-02,08:00,0.0,1011.2,1011.3,1011.1,-9999,23.1,21.6,23.5,23.1,21.9,21.6,91,90,91,9,1.3,0.0,N,PA,SOURE,A227,-0.72777777,-48.51583333,12.54
363,2019-03-02,12:00,0.0,1014.1,1014.1,1013.3,1631,27.0,23.2,27.4,24.5,24.6,23.2,93,80,80,11,5.4,1.9,N,PA,SOURE,A227,-0.72777777,-48.51583333,12.54
364,2019-03-02,16:00,0.0,1012.7,1013.6,1012.7,3371,28.6,23.0,29.1,27.3,24.5,22.7,80,70,72,43,7.5,3.2,N,PA,SOURE,A227,-0.72777777,-48.51583333,12.54
365,2019-03-02,20:00,0.0,1009.8,1010.0,1009.7,1475,27.5,22.6,28.5,27.5,23.7,22.5,76,71,74,28,7.9,3.0,N,PA,SOURE,A227,-0.72777777,-48.51583333,12.54
366,2019-03-03,00:00,0.0,1012.3,1012.3,1011.7,-9999,25.2,22.5,25.5,25.2,22.6,22.5,85,83,85,358,4.8,1.8,N,PA,SOURE,A227,-0.72777777,-48.51583333,12.54
367,2019-03-03,04:00,0.0,1012.1,1013.3,1012.1,-9999,24.2,22.5,24.5,24.1,22.7,22.4,90,90,90,356,6.0,1.4,N,PA,SOURE,A227,-0.72777777,-48.51583333,12.54
368,2019-03-03,08:00,14.6,1010.4,1010.5,1010.2,-9999,23.3,22.1,24.2,23.2,22.9,22.0,93,92,93,18,8.4,1.1,N,PA,SOURE,A227,-0.72777777,-48.51583333,12.54
369,2019-03-03,12:00,0.0,1013.4,1013.4,1012.5,808,26.4,23.9,26.4,24.4,24.8,23.5,94,86,86,33,4.9,2.3,N,PA,SOURE,A227,-0.72777777,-48.51583333,12.54
370,2019-03-03,16:00,0.0,1012.0,1012.9,1012.0,2536,28.2,22.9,29.5,28.1,23.9,22.5,73,68,73,39,9.0,3.8,N,PA,SOURE,A227,-0.72777777,-48.51583333,12.54
371,2019-03-03,20:00,0.0,1009.6,1009.7,1009.4,581,26.9,22.1,27.0,26.4,23.3,22.1,82,75,75,24,8.2,3.5,N,PA,SOURE,A227,-0.72777777,-48.51583333,12.54
372,2019-03-04,00:00,0.0,1011.5,1011.5,1010.8,-9999,25.8,22.4,25.8,25.4,22.7,22.4,84,82,82,50,7.2,2.7,N,PA,SOURE,A227,-0.72777777,-48.51583333,12.54
373,2019-03-04,04:00,0.0,1011.1,1012.2,1011.1,-9999,24.4,22.0,25.0,24.4,22.1,21.6,86,82,86,111,2.3,0.0,N,PA,SOURE,A227,-0.72777777,-48.51583333,12.54
374,2019-03-04,08:00,0.0,1010.1,1010.1,1010.0,-9999,23.6,22.1,23.8,23.5,22.2,22.0,91,90,91,328,1.6,0.0,N,PA,SOURE,A227,-0.72777777,-48.51583333,12.54
375,2019-03-04,12:00,0.0,1013.2,1013.3,1012.6,1018,26.1,22.9,26.3,24.0,23.8,22.4,91,82,82,352,7.0,2.3,N,PA,SOURE,A227,-0.72777777,-48.51583333,12.54
376,2019-03-04,16:00,0.0,1012.0,1012.9,1012.0,2665,29.0,22.6,29.2,27.9,23.5,22.1,74,68,69,35,10.1,4.4,N,PA,SOURE,A227,-0.72777777,-48.51583333,12.54
377,2019-03-04,20:00,0.0,1009.6,1009.6,1009.4,299,27.1,21.5,27.5,27.1,22.0,21.5,74,70,72,17,8.1,3.1,N,PA,SOURE,A227,-0.72777777,-48.51583333,12.54
378,2019-03-05,00:00,0.0,1011.9,1011.9,1010.9,-9999,25.5,22.0,25.7,25.4,22.0,21.7,81,79,81,350,4.0,0.6,N,PA,SOURE,A227,-0.72777777,-48.51583333,12.54
379,2019-03-05,04:00,0.0,1011.6,1012.6,1011.6,-9999,24.8,22.6,25.1,24.8,22.7,22.5,88,86,88,337,3.5,0.8,N,PA,SOURE,A227,-0.72777777,-48.51583333,12.54
380,2019-03-05,08:00,0.6,1011.1,1011.1,1010.9,-9999,23.0,21.7,23.0,22.8,21.8,21.5,93,92,93,319,1.8,0.5,N,PA,SOURE,A227,-0.72777777,-48.51583333,12.54
381,2019-03-05,12:00,7.2,1013.8,1013.9,1012.8,194,23.9,22.8,24.0,23.2,22.8,22.1,94,93,94,83,5.9,2.0,N,PA,SOURE,A227,-0.72777777,-48.51583333,12.54
382,2019-03-05,16:00,0.4,1012.5,1013.8,1012.5,647,24.6,23.1,24.7,24.2,23.4,22.8,93,92,92,52,4.7,1.7,N,PA,SOURE,A227,-0.72777777,-48.51583333,12.54
383,2019-03-05,20:00,0.0,1009.7,1009.8,1009.6,563,26.3,23.2,26.5,26.2,23.4,22.9,83,82,83,23,4.6,1.5,N,PA,SOURE,A227,-0.72777777,-48.51583333,12.54
384,2019-03-06,00:00,0.0,1011.8,1011.8,1011.2,-9999,26.0,23.0,26.1,25.9,23.1,22.8,84,83,84,57,5.0,2.1,N,PA,SOURE,A227,-0.72777777,-48.51583333,12.54
385,2019-03-06,04:00,0.8,1012.5,1013.2,1012.5,-9999,24.2,22.7,24.4,24.1,22.8,22.5,91,90,91,38,6.0,1.0,N,PA,SOURE,A227,-0.72777777,-48.51583333,12.54
386,2019-03-06,08:00,0.2,1010.6,1010.8,1010.5,-9999,23.7,22.5,24.0,23.7,22.7,22.5,93,93,93,23,4.2,0.0,N,PA,SOURE,A227,-0.72777777,-48.51583333,12.54
387,2019-03-06,12:00,0.0,1014.0,1014.0,1013.2,1860,27.8,24.1,28.1,26.5,25.3,23.6,91,78,80,116,4.8,2.5,N,PA,SOURE,A227,-0.72777777,-48.51583333,12.54
388,2019-03-06,16:00,0.0,1013.0,1013.9,1013.0,1811,27.0,23.1,27.4,26.6,23.6,22.4,80,77,79,44,5.1,2.2,N,PA,SOURE,A227,-0.72777777,-48.51583333,12.54
389,2019-03-06,20:00,0.0,1010.4,1010.5,1010.0,897,26.8,22.8,27.7,26.6,23.0,22.4,79,75,79,10,8.0,2.7,N,PA,SOURE,A227,-0.72777777,-48.51583333,12.54
390,2019-03-07,00:00,0.0,1012.8,1012.8,1011.9,-9999,24.9,22.5,25.0,24.9,22.5,22.3,87,85,87,343,2.0,0.3,N,PA,SOURE,A227,-0.72777777,-48.51583333,12.54
391,2019-03-07,04:00,0.2,1012.6,1013.0,1012.6,-9999,24.1,22.5,24.7,24.1,23.0,22.5,91,90,91,64,2.2,0.0,N,PA,SOURE,A227,-0.72777777,-48.51583333,12.54
392,2019-03-07,08:00,4.6,1012.2,1012.4,1012.1,-9999,22.4,20.9,23.1,22.3,21.8,20.9,93,91,91,59,7.0,2.1,N,PA,SOURE,A227,-0.72777777,-48.51583333,12.54
393,2019-03-07,12:00,0.8,1015.2,1015.2,1013.9,204,23.0,21.6,23.1,22.3,21.6,20.8,92,91,92,83,6.6,3.8,N,PA,SOURE,A227,-0.72777777,-48.51583333,12.54
394,2019-03-07,16:00,0.0,1013.9,1014.8,1013.9,1321,26.7,22.3,27.2,25.9,22.9,21.9,81,76,77,77,2.7,0.4,N,PA,SOURE,A227,-0.72777777,-48.51583333,12.54
395,2019-03-07,20:00,0.0,1010.4,1011.2,1010.4,785,26.6,22.4,27.0,26.6,22.7,22.1,78,76,78,36,3.2,1.0,N,PA,SOURE,A227,-0.72777777,-48.51583333,12.54
396,2019-03-08,00:00,0.0,1012.0,1012.0,1011.3,-9999,24.6,22.8,24.8,24.6,23.0,22.6,90,88,90,59,0.0,0.0,N,PA,SOURE,A227,-0.72777777,-48.51583333,12.54
397,2019-03-08,04:00,0.0,1011.9,1012.5,1011.9,-9999,26.3,22.9,26.5,26.3,23.0,22.8,82,81,82,26,6.7,2.1,N,PA,SOURE,A227,-0.72777777,-48.51583333,12.54
398,2019-03-08,08:00,4.6,1010.8,1010.9,1010.5,0,23.1,21.9,24.1,22.8,22.9,21.6,93,92,93,125,8.9,0.1,N,PA,SOURE,A227,-0.72777777,-48.51583333,12.54
399,2019-03-08,12:00,0.0,1013.1,1013.1,1012.6,205,24.3,23.2,24.4,23.9,23.2,22.7,93,93,93,11,5.1,0.9,N,PA,SOURE,A227,-0.72777777,-48.51583333,12.54
400,2019-03-08,16:00,0.0,1011.4,1012.3,1011.4,2103,28.3,23.7,28.4,27.4,24.2,23.0,81,75,76,56,6.2,2.2,N,PA,SOURE,A227,-0.72777777,-48.51583333,12.54
401,2019-03-08,20:00,0.0,1009.1,1009.3,1009.0,1452,27.2,22.8,29.0,27.2,23.8,21.6,77,70,77,29,8.5,3.8,N,PA,SOURE,A227,-0.72777777,-48.51583333,12.54
402,2019-03-09,00:00,0.0,1010.9,1010.9,1010.4,-9999,26.0,23.0,26.1,25.8,23.0,22.8,84,82,84,39,6.1,1.2,N,PA,SOURE,A227,-0.72777777,-48.51583333,12.54
403,2019-03-09,04:00,0.0,1010.5,1011.6,1010.5,-9999,25.7,22.9,26.3,25.7,23.1,22.9,85,83,85,16,4.3,1.1,N,PA,SOURE,A227,-0.72777777,-48.51583333,12.54
404,2019-03-09,08:00,0.4,1009.3,1009.3,1009.0,-9999,24.9,23.1,25.1,24.6,23.4,23.0,91,90,90,52,2.7,0.4,N,PA,SOURE,A227,-0.72777777,-48.51583333,12.54
405,2019-03-09,12:00,1.6,1011.7,1011.7,1010.7,1056,26.8,24.0,26.8,24.3,24.6,22.6,92,85,85,68,8.1,2.1,N,PA,SOURE,A227,-0.72777777,-48.51583333,12.54
406,2019-03-09,16:00,0.0,1010.5,1011.3,1010.5,2953,29.4,24.6,29.7,27.9,24.6,22.6,76,68,75,47,6.4,2.3,N,PA,SOURE,A227,-0.72777777,-48.51583333,12.54
407,2019-03-09,20:00,0.2,1008.0,1008.4,1008.0,516,26.0,23.7,28.0,25.9,23.9,23.2,87,76,87,51,6.1,1.5,N,PA,SOURE,A227,-0.72777777,-48.51583333,12.54
408,2019-03-10,00:00,0.0,1010.7,1010.7,1009.8,-9999,26.0,23.5,26.1,25.6,23.5,23.3,87,86,86,25,6.4,2.2,N,PA,SOURE,A227,-0.72777777,-48.51583333,12.54
409,2019-03-10,04:00,0.2,1010.9,1011.3,1010.8,-9999,24.4,21.5,26.3,24.4,23.5,21.5,86,82,84,98,8.7,3.6,N,PA,SOURE,A227,-0.72777777,-48.51583333,12.54
410,2019-03-10,08:00,1.0,1009.1,1009.4,1009.1,-9999,23.8,22.5,23.9,23.6,22.5,22.1,92,92,92,108,2.3,0.0,N,PA,SOURE,A227,-0.72777777,-48.51583333,12.54
411,2019-03-10,12:00,0.0,1011.5,1011.5,1010.7,943,27.2,24.3,27.5,25.3,25.4,24.1,93,84,84,67,4.9,2.3,N,PA,SOURE,A227,-0.72777777,-48.51583333,12.54
412,2019-03-10,16:00,0.0,1010.2,1011.3,1010.1,3443,29.4,23.9,29.9,28.5,24.7,23.4,80,71,72,48,8.6,3.3,N,PA,SOURE,A227,-0.72777777,-48.51583333,12.54
413,2019-03-10,20:00,0.0,1007.6,1007.6,1007.5,1733,27.8,23.0,29.0,27.8,23.9,22.9,76,72,75,24,10.8,4.1,N,PA,SOURE,A227,-0.72777777,-48.51583333,12.54
414,2019-03-11,00:00,0.0,1010.1,1010.1,1009.0,-9999,26.5,22.9,26.5,26.3,23.0,22.7,81,80,81,42,6.4,2.0,N,PA,SOURE,A227,-0.72777777,-48.51583333,12.54
415,2019-03-11,04:00,0.0,1009.3,1010.2,1009.3,-9999,25.8,23.4,26.3,25.8,23.4,23.3,87,84,87,39,4.1,0.0,N,PA,SOURE,A227,-0.72777777,-48.51583333,12.54
416,2019-03-11,08:00,4.4,1008.5,1008.6,1008.2,-9999,23.0,21.8,23.0,22.5,21.8,21.1,93,92,93,24,5.1,0.1,N,PA,SOURE,A227,-0.72777777,-48.51583333,12.54
417,2019-03-11,12:00,0.0,1010.9,1010.9,1010.4,321,25.5,24.1,25.5,23.8,24.1,22.5,93,92,92,79,3.1,1.1,N,PA,SOURE,A227,-0.72777777,-48.51583333,12.54
418,2019-03-11,16:00,0.0,1009.9,1011.1,1009.9,1803,29.0,24.5,29.0,26.8,25.0,23.6,84,76,77,27,8.7,3.5,N,PA,SOURE,A227,-0.72777777,-48.51583333,12.54
419,2019-03-11,20:00,0.0,1007.7,1008.0,1007.6,559,27.4,23.5,27.7,27.4,23.7,23.2,79,77,79,14,7.4,2.3,N,PA,SOURE,A227,-0.72777777,-48.51583333,12.54
420,2019-03-12,00:00,0.0,1009.7,1009.7,1008.6,-9999,26.0,23.0,26.3,26.0,23.4,23.0,85,83,84,350,6.4,1.0,N,PA,SOURE,A227,-0.72777777,-48.51583333,12.54
421,2019-03-12,04:00,0.0,1009.7,1010.2,1009.7,-9999,26.3,23.0,26.4,26.1,23.0,22.8,82,81,82,15,5.2,2.1,N,PA,SOURE,A227,-0.72777777,-48.51583333,12.54
422,2019-03-12,08:00,0.0,1008.7,1008.9,1008.7,-9999,24.9,22.7,25.9,24.9,22.7,22.4,88,82,88,338,4.7,0.9,N,PA,SOURE,A227,-0.72777777,-48.51583333,12.54
423,2019-03-12,12:00,0.0,1011.1,1011.2,1010.5,1242,28.5,23.6,28.7,26.5,24.4,23.2,84,75,75,354,4.8,2.3,N,PA,SOURE,A227,-0.72777777,-48.51583333,12.54
424,2019-03-12,16:00,0.0,1010.3,1010.7,1010.2,1443,28.1,22.9,29.7,28.1,23.5,22.4,74,66,74,42,7.6,3.0,N,PA,SOURE,A227,-0.72777777,-48.51583333,12.54
425,2019-03-12,20:00,1.2,1008.7,1008.7,1008.3,165,24.4,22.6,26.5,24.3,22.8,22.0,90,79,90,358,6.3,2.1,N,PA,SOURE,A227,-0.72777777,-48.51583333,12.54
426,2019-03-13,00:00,0.2,1011.0,1011.0,1010.2,-9999,24.4,23.0,24.5,24.2,23.1,22.8,92,92,92,71,1.6,0.4,N,PA,SOURE,A227,-0.72777777,-48.51583333,12.54
427,2019-03-13,04:00,15.6,1011.4,1012.9,1011.4,-9999,23.7,22.7,24.1,23.6,22.9,22.5,94,93,94,42,7.6,2.0,N,PA,SOURE,A227,-0.72777777,-48.51583333,12.54
428,2019-03-13,08:00,0.0,1010.8,1010.8,1010.1,-9999,23.7,22.6,23.7,23.6,22.7,22.6,94,94,94,324,1.2,0.2,N,PA,SOURE,A227,-0.72777777,-48.51583333,12.54
429,2019-03-13,12:00,0.0,1012.1,1012.2,1011.3,450,24.9,23.7,25.0,24.3,23.9,23.3,94,93,93,304,3.1,1.0,N,PA,SOURE,A227,-0.72777777,-48.51583333,12.54
430,2019-03-13,16:00,4.4,1010.8,1012.0,1010.8,1871,27.5,24.7,27.7,24.4,25.5,22.2,91,85,85,333,4.6,1.6,N,PA,SOURE,A227,-0.72777777,-48.51583333,12.54
431,2019-03-13,20:00,0.0,1009.2,1009.2,1008.5,1674,26.7,23.3,29.1,26.7,24.2,23.0,81,73,81,25,9.9,5.1,N,PA,SOURE,A227,-0.72777777,-48.51583333,12.54
432,2019-03-14,00:00,0.0,1010.7,1010.7,1010.0,-9999,25.6,22.3,25.8,25.6,22.4,22.2,82,81,82,28,5.5,1.5,N,PA,SOURE,A227,-0.72777777,-48.51583333,12.54
433,2019-03-14,04:00,0.0,1010.5,1011.8,1010.5,-9999,25.8,22.5,25.9,25.5,22.6,22.3,83,82,82,54,3.5,1.1,N,PA,SOURE,A227,-0.72777777,-48.51583333,12.54
434,2019-03-14,08:00,0.2,1010.3,1010.4,1009.9,-9999,24.5,23.1,24.7,24.4,23.2,22.8,92,91,92,43,1.3,0.0,N,PA,SOURE,A227,-0.72777777,-48.51583333,12.54
435,2019-03-14,12:00,0.0,1012.2,1012.4,1011.5,212,24.7,23.4,24.7,23.9,23.4,22.7,93,92,92,91,4.2,1.1,N,PA,SOURE,A227,-0.72777777,-48.51583333,12.54
436,2019-03-14,16:00,0.0,1010.6,1011.1,1010.5,2129,27.4,21.6,28.2,27.3,22.3,21.3,73,68,71,108,5.3,1.8,N,PA,SOURE,A227,-0.72777777,-48.51583333,12.54
437,2019-03-14,20:00,0.0,1007.9,1008.2,1007.8,1475,28.3,22.6,29.4,28.2,23.3,21.6,72,66,71,15,5.6,2.4,N,PA,SOURE,A227,-0.72777777,-48.51583333,12.54
438,2019-03-15,00:00,0.0,1009.8,1009.9,1009.0,-9999,26.0,23.6,26.0,25.5,23.6,23.0,87,84,86,17,4.7,1.7,N,PA,SOURE,A227,-0.72777777,-48.51583333,12.54
439,2019-03-15,04:00,0.0,1009.5,1010.4,1009.5,-9999,26.4,23.5,26.4,26.1,23.5,23.2,84,84,84,33,3.7,1.4,N,PA,SOURE,A227,-0.72777777,-48.51583333,12.54
440,2019-03-15,08:00,0.0,1008.7,1008.7,1008.6,-9999,26.4,23.6,26.4,26.2,23.8,23.6,86,85,85,67,4.1,1.4,N,PA,SOURE,A227,-0.72777777,-48.51583333,12.54
441,2019-03-15,12:00,0.0,1011.5,1011.6,1010.8,1424,28.1,24.1,28.8,27.3,25.0,23.9,85,78,79,82,5.1,2.8,N,PA,SOURE,A227,-0.72777777,-48.51583333,12.54
442,2019-03-15,16:00,0.0,1010.1,1011.1,1010.1,2699,29.9,23.9,30.2,28.8,24.6,23.3,75,70,70,57,6.9,3.0,N,PA,SOURE,A227,-0.72777777,-48.51583333,12.54
443,2019-03-15,20:00,0.0,1007.4,1007.4,1007.0,1434,28.1,23.6,29.2,28.1,24.6,23.6,77,74,76,32,7.2,3.4,N,PA,SOURE,A227,-0.72777777,-48.51583333,12.54
444,2019-03-16,00:00,0.0,1010.2,1010.2,1009.3,-9999,26.9,23.5,27.1,26.8,23.8,23.5,83,81,81,9,6.5,2.5,N,PA,SOURE,A227,-0.72777777,-48.51583333,12.54
445,2019-03-16,04:00,0.0,1009.6,1010.1,1009.6,-9999,26.5,23.2,26.6,26.4,23.3,23.1,82,81,82,14,6.4,2.2,N,PA,SOURE,A227,-0.72777777,-48.51583333,12.54
446,2019-03-16,08:00,0.0,1009.2,1009.3,1009.1,-9999,25.4,23.1,25.7,25.3,23.2,22.9,88,85,88,343,2.6,0.7,N,PA,SOURE,A227,-0.72777777,-48.51583333,12.54
447,2019-03-16,12:00,0.0,1012.1,1012.1,1011.5,1154,28.2,23.0,28.6,27.9,24.3,22.9,80,73,73,3,5.6,2.7,N,PA,SOURE,A227,-0.72777777,-48.51583333,12.54
448,2019-03-16,16:00,0.0,1010.9,1011.5,1010.9,3214,30.0,22.4,31.0,29.8,23.6,22.2,68,62,64,36,7.2,3.5,N,PA,SOURE,A227,-0.72777777,-48.51583333,12.54
449,2019-03-16,20:00,0.0,1007.6,1007.9,1007.6,1229,28.8,23.0,30.6,28.7,24.2,22.6,71,65,71,341,8.6,3.5,N,PA,SOURE,A227,-0.72777777,-48.51583333,12.54
450,2019-03-17,00:00,0.0,1010.4,1010.4,1009.1,-9999,25.7,22.4,26.1,25.7,22.8,22.4,82,82,82,347,3.4,1.0,N,PA,SOURE,A227,-0.72777777,-48.51583333,12.54
451,2019-03-17,04:00,0.0,1010.6,1011.6,1010.6,-9999,24.5,22.7,24.7,24.5,22.8,22.6,90,89,90,348,1.6,0.3,N,PA,SOURE,A227,-0.72777777,-48.51583333,12.54
452,2019-03-17,08:00,0.0,1009.6,1009.7,1009.6,-9999,24.8,22.5,24.8,24.5,22.6,22.4,89,87,87,324,2.7,1.3,N,PA,SOURE,A227,-0.72777777,-48.51583333,12.54
453,2019-03-17,12:00,0.0,1011.7,1011.7,1010.9,1269,28.0,23.0,28.3,26.0,23.8,23.0,86,74,74,350,5.7,2.5,N,PA,SOURE,A227,-0.72777777,-48.51583333,12.54
454,2019-03-17,16:00,0.0,1010.6,1011.5,1010.6,3449,30.4,21.2,31.0,30.1,22.9,21.1,64,57,58,39,6.9,2.8,N,PA,SOURE,A227,-0.72777777,-48.51583333,12.54
455,2019-03-17,20:00,0.0,1008.3,1008.3,1007.8,786,28.5,23.0,29.2,28.5,23.2,22.4,72,68,72,35,5.4,2.5,N,PA,SOURE,A227,-0.72777777,-48.51583333,12.54
456,2019-03-18,00:00,0.0,1011.1,1011.1,1010.3,-9999,26.2,22.7,26.5,26.2,22.9,22.7,81,80,81,1,3.6,0.3,N,PA,SOURE,A227,-0.72777777,-48.51583333,12.54
457,2019-03-18,04:00,0.0,1010.4,1011.5,1010.4,-9999,25.2,23.1,25.5,25.2,23.3,23.1,88,87,88,340,3.3,0.6,N,PA,SOURE,A227,-0.72777777,-48.51583333,12.54
458,2019-03-18,08:00,5.8,1009.3,1009.3,1009.0,-9999,23.8,22.5,23.8,23.6,22.5,22.2,93,92,93,299,2.9,0.9,N,PA,SOURE,A227,-0.72777777,-48.51583333,12.54
459,2019-03-18,12:00,0.4,1012.5,1012.5,1011.7,125,24.0,22.8,24.2,23.9,23.0,22.7,93,93,93,25,2.6,0.6,N,PA,SOURE,A227,-0.72777777,-48.51583333,12.54
460,2019-03-18,16:00,0.0,1011.3,1012.6,1011.3,1321,27.7,23.3,27.8,26.0,24.0,23.1,86,77,77,29,5.0,2.3,N,PA,SOURE,A227,-0.72777777,-48.51583333,12.54
461,2019-03-18,20:00,0.0,1008.7,1008.9,1008.7,384,25.9,22.4,27.2,25.9,22.7,22.2,81,76,81,3,6.8,1.9,N,PA,SOURE,A227,-0.72777777,-48.51583333,12.54
462,2019-03-19,00:00,0.0,1011.4,1011.4,1010.2,-9999,24.9,22.9,25.0,24.9,22.9,22.8,89,88,89,318,3.1,0.3,N,PA,SOURE,A227,-0.72777777,-48.51583333,12.54
463,2019-03-19,04:00,0.0,1010.6,1011.5,1010.6,-9999,24.4,23.0,24.5,24.4,23.1,23.0,92,92,92,307,1.4,0.0,N,PA,SOURE,A227,-0.72777777,-48.51583333,12.54
464,2019-03-19,08:00,0.0,1008.4,1008.5,1008.3,-9999,23.9,22.8,24.0,23.9,22.8,22.7,93,93,93,328,2.3,1.1,N,PA,SOURE,A227,-0.72777777,-48.51583333,12.54
465,2019-03-19,12:00,0.0,1010.8,1010.8,1009.9,1503,28.0,24.3,28.2,26.0,26.1,24.1,93,80,80,346,4.4,1.9,N,PA,SOURE,A227,-0.72777777,-48.51583333,12.54
466,2019-03-19,16:00,0.0,1009.1,1010.4,1009.1,3264,30.6,23.7,31.1,29.9,24.6,23.1,71,65,67,39,7.1,2.8,N,PA,SOURE,A227,-0.72777777,-48.51583333,12.54
467,2019-03-19,20:00,0.0,1006.9,1006.9,1006.5,1588,28.8,23.6,29.5,28.4,24.3,23.1,76,70,74,17,9.7,3.7,N,PA,SOURE,A227,-0.72777777,-48.51583333,12.54
468,2019-03-20,00:00,16.2,1010.3,1010.3,1008.8,1,24.5,23.3,26.1,24.3,23.3,22.8,93,83,93,65,11.4,3.2,N,PA,SOURE,A227,-0.72777777,-48.51583333,12.54
469,2019-03-20,04:00,6.6,1009.6,1010.4,1009.6,-9999,24.5,23.4,24.5,24.2,23.4,23.0,94,93,94,43,8.3,2.2,N,PA,SOURE,A227,-0.72777777,-48.51583333,12.54
470,2019-03-20,08:00,1.4,1007.7,1008.0,1007.7,-9999,24.3,23.1,24.5,23.9,23.2,22.7,93,93,93,94,6.6,2.9,N,PA,SOURE,A227,-0.72777777,-48.51583333,12.54
471,2019-03-20,12:00,7.4,1010.5,1010.5,1009.7,282,24.9,23.7,25.3,24.8,23.9,23.5,93,92,93,159,3.5,1.4,N,PA,SOURE,A227,-0.72777777,-48.51583333,12.54
472,2019-03-20,16:00,0.0,1010.0,1010.9,1010.0,257,24.6,23.4,24.6,24.3,23.4,23.1,93,93,93,254,3.7,1.0,N,PA,SOURE,A227,-0.72777777,-48.51583333,12.54
473,2019-03-20,20:00,0.2,1007.2,1007.3,1007.0,219,25.0,23.9,25.1,24.3,24.0,23.2,94,94,94,329,0.9,0.0,N,PA,SOURE,A227,-0.72777777,-48.51583333,12.54
474,2019-03-21,00:00,0.0,1010.2,1010.2,1009.2,1,24.7,23.4,25.2,24.7,24.0,23.4,93,93,93,348,7.3,1.5,N,PA,SOURE,A227,-0.72777777,-48.51583333,12.54
475,2019-03-21,04:00,0.0,1010.3,1011.1,1010.3,-9999,24.1,22.9,24.1,24.0,22.9,22.7,93,93,93,285,1.9,0.3,N,PA,SOURE,A227,-0.72777777,-48.51583333,12.54
476,2019-03-21,08:00,0.4,1009.5,1009.6,1009.1,-9999,24.1,23.0,24.3,24.1,23.2,22.9,93,93,93,2,2.0,0.6,N,PA,SOURE,A227,-0.72777777,-48.51583333,12.54
477,2019-03-21,12:00,3.2,1012.5,1012.5,1011.4,61,23.9,22.9,24.0,23.9,22.9,22.8,94,94,94,316,1.6,0.4,N,PA,SOURE,A227,-0.72777777,-48.51583333,12.54
478,2019-03-21,16:00,0.2,1010.5,1011.5,1010.5,488,24.6,23.5,24.7,24.4,23.6,23.3,94,93,93,338,4.2,1.3,N,PA,SOURE,A227,-0.72777777,-48.51583333,12.54
479,2019-03-21,20:00,0.0,1007.9,1008.1,1007.8,585,25.7,23.2,26.0,25.5,23.8,23.1,88,86,86,348,4.7,1.7,N,PA,SOURE,A227,-0.72777777,-48.51583333,12.54
480,2019-03-22,00:00,0.0,1010.2,1010.2,1009.5,-9999,24.2,22.7,24.6,24.2,23.0,22.7,91,91,91,326,1.0,0.0,N,PA,SOURE,A227,-0.72777777,-48.51583333,12.54
481,2019-03-22,04:00,0.2,1010.3,1011.1,1010.3,1,25.0,23.4,25.0,24.8,23.7,23.4,92,91,91,32,5.5,2.1,N,PA,SOURE,A227,-0.72777777,-48.51583333,12.54
482,2019-03-22,08:00,0.0,1009.0,1009.1,1008.8,-9999,23.9,22.6,24.2,23.8,22.9,22.5,93,92,92,334,4.6,1.0,N,PA,SOURE,A227,-0.72777777,-48.51583333,12.54
483,2019-03-22,12:00,0.0,1012.7,1012.7,1011.6,300,24.5,23.1,24.5,24.3,23.1,22.8,92,92,92,47,7.7,2.4,N,PA,SOURE,A227,-0.72777777,-48.51583333,12.54
484,2019-03-22,16:00,0.0,1011.8,1012.6,1011.8,1097,26.2,23.0,26.3,25.1,23.4,22.5,88,82,82,54,7.2,2.6,N,PA,SOURE,A227,-0.72777777,-48.51583333,12.54
485,2019-03-22,20:00,0.0,1009.5,1009.5,1009.1,709,26.8,22.8,27.1,26.8,23.4,22.7,80,78,79,10,8.1,2.3,N,PA,SOURE,A227,-0.72777777,-48.51583333,12.54
486,2019-03-23,00:00,0.0,1011.8,1011.8,1011.2,-9999,25.5,23.3,25.5,25.5,23.4,23.3,88,87,88,347,2.6,0.8,N,PA,SOURE,A227,-0.72777777,-48.51583333,12.54
487,2019-03-23,04:00,0.4,1011.8,1012.6,1011.8,-9999,24.7,23.3,25.0,24.7,23.4,23.2,92,90,92,278,3.9,0.6,N,PA,SOURE,A227,-0.72777777,-48.51583333,12.54
488,2019-03-23,08:00,0.0,1010.9,1011.3,1010.8,-9999,24.0,22.7,24.0,23.7,22.8,22.4,93,92,93,296,2.1,0.6,N,PA,SOURE,A227,-0.72777777,-48.51583333,12.54
489,2019-03-23,12:00,0.0,1013.7,1013.7,1013.0,174,23.8,22.7,23.8,23.3,22.8,22.3,94,94,94,147,1.5,0.0,N,PA,SOURE,A227,-0.72777777,-48.51583333,12.54
490,2019-03-23,16:00,0.0,1011.9,1012.8,1011.9,910,27.5,24.4,27.5,25.6,25.1,24.2,93,83,83,26,5.9,1.5,N,PA,SOURE,A227,-0.72777777,-48.51583333,12.54
491,2019-03-23,20:00,0.0,1009.6,1010.0,1009.5,1251,27.2,23.1,29.5,27.2,24.1,22.7,78,70,78,32,7.1,3.1,N,PA,SOURE,A227,-0.72777777,-48.51583333,12.54
492,2019-03-24,00:00,0.0,1011.7,1011.7,1011.0,-9999,25.8,22.8,26.0,25.8,22.8,22.7,84,82,84,9,6.1,2.1,N,PA,SOURE,A227,-0.72777777,-48.51583333,12.54
493,2019-03-24,04:00,0.0,1011.4,1011.8,1011.4,-9999,24.9,23.1,25.0,24.7,23.2,22.9,90,90,90,327,2.7,1.0,N,PA,SOURE,A227,-0.72777777,-48.51583333,12.54
494,2019-03-24,08:00,0.0,1010.5,1010.5,1010.3,-9999,25.7,22.7,26.0,25.6,22.9,22.6,84,82,84,344,3.8,0.9,N,PA,SOURE,A227,-0.72777777,-48.51583333,12.54
495,2019-03-24,12:00,0.0,1013.2,1013.2,1012.6,295,25.2,23.2,25.2,24.8,23.2,22.6,90,87,89,351,6.0,1.6,N,PA,SOURE,A227,-0.72777777,-48.51583333,12.54
496,2019-03-24,16:00,0.0,1011.9,1012.9,1011.9,2511,29.0,23.2,29.8,28.5,24.4,22.4,77,66,71,42,5.7,3.1,N,PA,SOURE,A227,-0.72777777,-48.51583333,12.54
497,2019-03-24,20:00,0.0,1010.2,1010.2,1010.0,314,25.1,23.0,25.1,24.7,23.1,22.6,89,88,88,25,5.1,1.9,N,PA,SOURE,A227,-0.72777777,-48.51583333,12.54
498,2019-03-25,00:00,0.0,1012.1,1012.1,1011.4,-9999,23.7,22.3,23.7,23.5,22.3,21.9,92,91,92,333,3.7,0.4,N,PA,SOURE,A227,-0.72777777,-48.51583333,12.54
499,2019-03-25,04:00,0.0,1011.2,1011.9,1011.2,-9999,23.6,21.8,24.2,23.5,22.5,21.8,90,90,90,347,4.4,1.0,N,PA,SOURE,A227,-0.72777777,-48.51583333,12.54
500,2019-03-25,08:00,0.0,1009.5,1009.5,1009.3,-9999,23.9,22.4,23.9,23.6,22.5,22.1,92,91,91,300,2.5,0.3,N,PA,SOURE,A227,-0.72777777,-48.51583333,12.54
501,2019-03-25,12:00,0.0,1011.1,1011.1,1010.6,1371,27.6,24.0,28.3,26.7,24.7,23.6,86,78,81,341,5.3,2.2,N,PA,SOURE,A227,-0.72777777,-48.51583333,12.54
502,2019-03-25,16:00,0.0,1010.0,1011.0,1010.0,1996,29.1,23.7,29.1,28.1,23.8,22.8,76,71,73,25,8.4,3.5,N,PA,SOURE,A227,-0.72777777,-48.51583333,12.54
503,2019-03-25,20:00,0.4,1008.6,1008.6,1008.4,94,24.7,22.6,25.2,24.7,22.6,22.4,88,84,88,7,6.6,1.3,N,PA,SOURE,A227,-0.72777777,-48.51583333,12.54
504,2019-03-26,00:00,0.4,1010.7,1010.8,1010.5,-9999,23.8,22.4,24.0,23.7,22.5,22.4,92,91,92,334,3.1,1.6,N,PA,SOURE,A227,-0.72777777,-48.51583333,12.54
505,2019-03-26,04:00,0.0,1010.3,1011.0,1010.3,-9999,24.0,22.8,24.2,23.9,23.0,22.6,93,93,93,253,1.3,0.2,N,PA,SOURE,A227,-0.72777777,-48.51583333,12.54
506,2019-03-26,08:00,0.0,1009.0,1009.0,1008.8,-9999,23.8,22.5,24.0,23.6,22.8,22.4,93,92,93,322,2.8,0.0,N,PA,SOURE,A227,-0.72777777,-48.51583333,12.54
507,2019-03-26,12:00,2.0,1011.5,1011.5,1010.8,438,25.1,23.8,25.9,24.9,24.6,23.6,93,92,92,206,2.9,0.0,N,PA,SOURE,A227,-0.72777777,-48.51583333,12.54
508,2019-03-26,16:00,1.0,1010.4,1011.4,1010.4,1121,26.0,24.0,26.1,24.3,24.6,22.7,93,89,89,354,6.9,2.6,N,PA,SOURE,A227,-0.72777777,-48.51583333,12.54
509,2019-03-26,20:00,9.8,1009.1,1009.1,1008.6,59,23.6,22.2,25.4,23.6,23.1,22.2,92,87,92,342,5.6,2.6,N,PA,SOURE,A227,-0.72777777,-48.51583333,12.54
510,2019-03-27,00:00,0.0,1010.8,1010.8,1010.1,-9999,23.4,22.3,23.4,23.3,22.3,22.1,93,93,93,302,0.8,0.0,N,PA,SOURE,A227,-0.72777777,-48.51583333,12.54
511,2019-03-27,04:00,1.8,1011.1,1011.6,1011.1,-9999,23.1,21.9,23.9,23.1,22.8,21.9,94,93,93,41,5.6,1.7,N,PA,SOURE,A227,-0.72777777,-48.51583333,12.54
512,2019-03-27,08:00,0.6,1010.2,1010.3,1010.1,-9999,23.6,22.4,23.6,23.3,22.4,22.1,93,93,93,127,5.0,0.3,N,PA,SOURE,A227,-0.72777777,-48.51583333,12.54
513,2019-03-27,12:00,0.0,1011.9,1011.9,1011.3,1064,26.6,23.5,26.6,25.3,24.4,23.3,93,83,83,98,4.5,2.6,N,PA,SOURE,A227,-0.72777777,-48.51583333,12.54
514,2019-03-27,16:00,0.0,1011.0,1011.9,1011.0,3095,29.1,24.7,29.1,27.9,24.7,23.4,79,74,77,56,7.6,3.4,N,PA,SOURE,A227,-0.72777777,-48.51583333,12.54
515,2019-03-27,20:00,0.0,1009.0,1009.2,1008.9,412,26.5,22.9,27.6,26.5,23.8,22.8,81,79,81,29,6.5,2.7,N,PA,SOURE,A227,-0.72777777,-48.51583333,12.54
516,2019-03-28,00:00,0.0,1011.0,1011.1,1010.5,-9999,26.6,23.0,26.7,26.4,23.4,23.0,84,81,81,51,5.6,2.3,N,PA,SOURE,A227,-0.72777777,-48.51583333,12.54
517,2019-03-28,04:00,0.0,1010.4,1011.3,1010.4,-9999,26.5,23.2,26.6,26.4,23.3,23.2,83,82,82,40,5.9,2.2,N,PA,SOURE,A227,-0.72777777,-48.51583333,12.54
518,2019-03-28,08:00,0.0,1009.5,1009.5,1009.0,-9999,26.1,23.4,26.2,26.0,23.4,23.2,85,83,85,34,4.5,1.5,N,PA,SOURE,A227,-0.72777777,-48.51583333,12.54
519,2019-03-28,12:00,0.0,1012.4,1012.4,1011.7,1475,28.3,23.6,29.4,27.8,24.7,23.4,79,74,76,27,7.1,3.4,N,PA,SOURE,A227,-0.72777777,-48.51583333,12.54
520,2019-03-28,16:00,0.0,1011.4,1012.3,1011.4,1458,27.7,24.0,29.3,27.6,24.7,23.5,81,75,80,39,7.6,2.5,N,PA,SOURE,A227,-0.72777777,-48.51583333,12.54
521,2019-03-28,20:00,0.0,1009.4,1009.4,1008.9,1276,27.5,23.6,28.6,27.4,24.2,22.9,80,73,80,43,10.2,3.6,N,PA,SOURE,A227,-0.72777777,-48.51583333,12.54
522,2019-03-29,00:00,0.2,1011.8,1011.8,1011.0,-9999,25.2,22.9,25.6,25.2,23.3,22.9,88,86,88,40,8.6,3.8,N,PA,SOURE,A227,-0.72777777,-48.51583333,12.54
523,2019-03-29,04:00,0.4,1011.5,1012.0,1011.5,-9999,24.3,22.8,25.6,24.3,23.9,22.7,91,89,91,311,8.1,0.1,N,PA,SOURE,A227,-0.72777777,-48.51583333,12.54
524,2019-03-29,08:00,2.2,1010.5,1010.6,1010.4,-9999,24.0,22.9,24.0,23.8,22.9,22.7,94,93,93,297,4.1,0.8,N,PA,SOURE,A227,-0.72777777,-48.51583333,12.54
525,2019-03-29,12:00,0.8,1012.3,1012.3,1012.0,487,25.8,23.4,26.8,25.8,24.3,23.3,89,85,87,53,6.7,2.4,N,PA,SOURE,A227,-0.72777777,-48.51583333,12.54
526,2019-03-29,16:00,0.0,1010.4,1011.4,1010.4,2434,28.5,23.2,29.8,28.5,24.6,23.2,76,71,73,40,9.2,3.9,N,PA,SOURE,A227,-0.72777777,-48.51583333,12.54
527,2019-03-29,20:00,0.0,1008.4,1008.4,1007.9,820,26.5,23.2,27.6,26.4,24.2,22.9,85,81,82,18,7.5,2.2,N,PA,SOURE,A227,-0.72777777,-48.51583333,12.54
528,2019-03-30,00:00,0.2,1011.4,1011.5,1010.4,-9999,24.9,23.5,24.9,24.7,23.5,23.2,92,91,92,2,4.8,1.8,N,PA,SOURE,A227,-0.72777777,-48.51583333,12.54
529,2019-03-30,04:00,5.8,1011.1,1012.0,1011.1,0,23.8,22.7,24.3,23.7,23.2,22.7,94,93,94,113,8.0,0.8,N,PA,SOURE,A227,-0.72777777,-48.51583333,12.54
530,2019-03-30,08:00,1.8,1010.2,1010.7,1010.2,-9999,23.3,22.2,23.4,23.2,22.3,22.2,94,94,94,243,2.9,0.0,N,PA,SOURE,A227,-0.72777777,-48.51583333,12.54
531,2019-03-30,12:00,0.8,1012.7,1012.7,1012.1,720,25.4,24.3,25.4,24.0,24.3,23.0,94,94,94,346,3.0,1.3,N,PA,SOURE,A227,-0.72777777,-48.51583333,12.54
532,2019-03-30,16:00,0.2,1011.4,1012.7,1011.4,1150,26.4,23.9,27.7,26.0,24.1,23.3,87,78,86,356,5.1,2.1,N,PA,SOURE,A227,-0.72777777,-48.51583333,12.54
533,2019-03-30,20:00,0.4,1009.6,1009.6,1008.8,626,25.1,23.1,26.5,25.1,24.0,22.9,89,84,89,359,6.8,2.4,N,PA,SOURE,A227,-0.72777777,-48.51583333,12.54
534,2019-03-31,00:00,0.2,1011.7,1011.7,1011.0,-9999,25.3,23.5,25.4,24.8,23.7,23.2,91,90,90,44,4.3,1.7,N,PA,SOURE,A227,-0.72777777,-48.51583333,12.54
535,2019-03-31,04:00,0.0,1011.0,1011.5,1011.0,-9999,24.5,23.2,24.7,24.5,23.4,23.2,93,92,93,360,3.4,0.7,N,PA,SOURE,A227,-0.72777777,-48.51583333,12.54
536,2019-03-31,08:00,0.2,1009.8,1009.8,1009.5,-9999,24.0,22.8,24.1,24.0,22.9,22.8,93,93,93,336,2.8,0.7,N,PA,SOURE,A227,-0.72777777,-48.51583333,12.54
537,2019-03-31,12:00,1.2,1012.9,1012.9,1012.2,158,24.5,23.3,24.6,24.5,23.4,23.2,93,93,93,336,2.9,1.4,N,PA,SOURE,A227,-0.72777777,-48.51583333,12.54
538,2019-03-31,16:00,1.6,1010.6,1012.3,1010.6,587,25.1,23.8,25.2,24.3,24.1,23.1,93,93,93,326,3.5,1.0,N,PA,SOURE,A227,-0.72777777,-48.51583333,12.54
539,2019-03-31,20:00,0.0,1009.0,1009.0,1008.8,421,25.8,24.0,26.2,25.3,24.4,23.4,90,89,89,277,3.7,0.9,N,PA,SOURE,A227,-0.72777777,-48.51583333,12.54
540,2019-04-01,00:00,0.6,1012.1,1012.1,1011.0,-9999,24.3,22.7,25.4,24.3,23.6,22.7,91,89,91,330,5.6,0.7,N,PA,SOURE,A227,-0.72777777,-48.51583333,12.54
541,2019-04-01,04:00,0.0,1011.7,1012.4,1011.7,-9999,24.1,22.9,24.2,24.1,23.0,22.9,93,93,93,23,1.6,0.1,N,PA,SOURE,A227,-0.72777777,-48.51583333,12.54
542,2019-04-01,08:00,0.4,1009.7,1009.7,1009.3,-9999,23.9,22.8,23.9,23.7,22.8,22.6,93,93,93,337,2.4,0.9,N,PA,SOURE,A227,-0.72777777,-48.51583333,12.54
543,2019-04-01,12:00,0.0,1011.9,1012.0,1011.3,550,26.3,24.8,26.4,25.0,25.0,23.8,93,92,92,357,2.3,1.0,N,PA,SOURE,A227,-0.72777777,-48.51583333,12.54
544,2019-04-01,16:00,0.0,1010.8,1011.9,1010.8,2472,28.2,24.6,29.0,27.8,24.6,23.2,81,75,81,81,5.6,2.9,N,PA,SOURE,A227,-0.72777777,-48.51583333,12.54
545,2019-04-01,20:00,0.0,1009.5,1009.5,1009.2,814,26.8,23.2,27.8,26.8,24.3,23.2,82,79,81,38,5.3,2.5,N,PA,SOURE,A227,-0.72777777,-48.51583333,12.54
546,2019-04-02,00:00,0.0,1011.2,1011.2,1010.8,-9999,25.6,23.0,25.8,25.6,23.0,22.4,85,82,85,16,3.2,1.2,N,PA,SOURE,A227,-0.72777777,-48.51583333,12.54
547,2019-04-02,04:00,0.0,1009.6,1010.5,1009.6,-9999,24.7,22.7,25.4,24.7,22.8,22.6,89,85,89,350,3.1,0.9,N,PA,SOURE,A227,-0.72777777,-48.51583333,12.54
548,2019-04-02,08:00,0.2,1009.7,1009.8,1009.2,-9999,24.1,22.7,24.1,23.6,22.7,22.1,92,91,92,295,0.9,0.2,N,PA,SOURE,A227,-0.72777777,-48.51583333,12.54
549,2019-04-02,12:00,0.4,1012.0,1012.0,1011.2,380,25.4,24.2,25.4,24.8,24.2,23.5,93,92,93,211,2.5,0.7,N,PA,SOURE,A227,-0.72777777,-48.51583333,12.54
550,2019-04-02,16:00,0.0,1010.4,1011.1,1010.4,3375,28.0,24.2,29.3,27.7,25.3,23.5,83,74,80,79,9.2,4.0,N,PA,SOURE,A227,-0.72777777,-48.51583333,12.54
551,2019-04-02,20:00,0.0,1008.8,1008.8,1008.6,367,25.9,24.0,26.0,24.8,24.2,23.2,91,89,89,99,2.7,1.3,N,PA,SOURE,A227,-0.72777777,-48.51583333,12.54
552,2019-04-03,00:00,0.0,1010.6,1010.6,1009.9,-9999,25.8,23.5,25.9,25.0,23.5,22.6,88,86,87,38,3.5,0.9,N,PA,SOURE,A227,-0.72777777,-48.51583333,12.54
553,2019-04-03,04:00,0.2,1010.3,1011.2,1010.3,-9999,25.7,23.5,26.1,25.6,23.6,23.4,88,85,88,16,3.5,0.9,N,PA,SOURE,A227,-0.72777777,-48.51583333,12.54
554,2019-04-03,08:00,0.0,1009.1,1009.2,1008.9,-9999,25.1,23.4,25.1,24.8,23.4,23.0,90,89,90,333,2.3,0.7,N,PA,SOURE,A227,-0.72777777,-48.51583333,12.54
555,2019-04-03,12:00,0.0,1012.0,1012.0,1010.9,991,28.5,24.4,28.6,26.2,24.9,24.2,89,78,78,14,6.2,1.6,N,PA,SOURE,A227,-0.72777777,-48.51583333,12.54
556,2019-04-03,16:00,0.0,1010.5,1011.4,1010.5,3249,29.3,24.2,29.7,28.5,24.9,23.8,78,73,74,37,9.8,4.0,N,PA,SOURE,A227,-0.72777777,-48.51583333,12.54
557,2019-04-03,20:00,0.0,1008.4,1008.4,1008.1,651,27.1,23.1,27.5,27.1,23.7,23.0,80,78,79,18,9.9,2.7,N,PA,SOURE,A227,-0.72777777,-48.51583333,12.54
558,2019-04-04,00:00,0.0,1010.4,1010.4,1009.8,-9999,26.0,22.9,26.4,26.0,23.0,22.8,83,81,83,338,6.1,1.3,N,PA,SOURE,A227,-0.72777777,-48.51583333,12.54
559,2019-04-04,04:00,0.0,1009.7,1010.5,1009.7,-9999,26.0,23.2,26.3,25.9,23.4,23.2,85,83,85,24,6.2,1.9,N,PA,SOURE,A227,-0.72777777,-48.51583333,12.54
560,2019-04-04,08:00,0.2,1008.0,1008.1,1007.9,-9999,24.8,22.8,25.6,24.8,23.0,22.7,89,85,89,3,6.0,1.7,N,PA,SOURE,A227,-0.72777777,-48.51583333,12.54
561,2019-04-04,12:00,0.2,1011.2,1011.2,1010.1,462,24.9,23.2,25.0,24.6,23.3,22.9,91,90,90,6,5.8,1.8,N,PA,SOURE,A227,-0.72777777,-48.51583333,12.54
562,2019-04-04,16:00,2.6,1010.5,1011.5,1010.5,799,23.7,22.5,24.1,23.1,22.9,22.0,93,93,93,338,8.2,2.6,N,PA,SOURE,A227,-0.72777777,-48.51583333,12.54
563,2019-04-04,20:00,0.0,1009.3,1009.3,1009.1,389,25.6,23.2,25.7,25.1,23.2,22.6,87,85,87,294,3.2,1.0,N,PA,SOURE,A227,-0.72777777,-48.51583333,12.54
564,2019-04-05,00:00,0.0,1011.0,1011.0,1010.4,-9999,24.7,23.2,24.7,24.3,23.2,22.9,92,91,91,20,3.6,1.5,N,PA,SOURE,A227,-0.72777777,-48.51583333,12.54
565,2019-04-05,04:00,0.0,1011.8,1012.1,1011.8,-9999,24.9,23.1,25.0,24.8,23.1,22.5,90,86,90,264,1.6,0.0,N,PA,SOURE,A227,-0.72777777,-48.51583333,12.54
566,2019-04-05,08:00,1.4,1010.3,1010.4,1010.2,-9999,22.8,21.3,24.4,22.8,23.1,21.3,93,91,91,104,5.2,0.8,N,PA,SOURE,A227,-0.72777777,-48.51583333,12.54
567,2019-04-05,12:00,0.0,1012.6,1012.6,1012.0,565,25.3,23.9,25.4,24.4,24.1,23.1,93,92,92,240,2.0,0.9,N,PA,SOURE,A227,-0.72777777,-48.51583333,12.54
568,2019-04-05,16:00,0.0,1011.8,1012.7,1011.8,2217,28.0,24.4,28.0,25.1,25.2,23.6,93,80,81,355,4.6,1.7,N,PA,SOURE,A227,-0.72777777,-48.51583333,12.54
569,2019-04-05,20:00,0.0,1009.3,1009.4,1009.1,440,25.4,23.0,26.0,25.4,23.4,23.0,88,85,87,336,4.5,1.8,N,PA,SOURE,A227,-0.72777777,-48.51583333,12.54
570,2019-04-06,00:00,0.0,1012.3,1012.3,1011.3,-9999,24.5,22.6,24.5,24.4,22.6,22.4,89,88,89,348,2.4,0.0,N,PA,SOURE,A227,-0.72777777,-48.51583333,12.54
571,2019-04-06,04:00,0.0,1012.0,1012.6,1012.0,-9999,24.1,22.6,24.3,24.1,22.6,22.5,91,90,91,2,3.7,0.8,N,PA,SOURE,A227,-0.72777777,-48.51583333,12.54
572,2019-04-06,08:00,0.2,1010.6,1010.7,1010.5,-9999,23.3,22.0,23.3,23.2,22.0,21.9,93,92,93,332,3.5,1.0,N,PA,SOURE,A227,-0.72777777,-48.51583333,12.54
573,2019-04-06,12:00,0.0,1013.6,1013.6,1012.9,1478,27.7,24.7,27.7,24.4,25.5,23.1,93,84,84,348,4.5,1.7,N,PA,SOURE,A227,-0.72777777,-48.51583333,12.54
574,2019-04-06,16:00,0.0,1012.6,1013.6,1012.6,821,26.3,22.4,26.9,26.2,23.5,22.4,83,79,79,31,9.4,3.6,N,PA,SOURE,A227,-0.72777777,-48.51583333,12.54
575,2019-04-06,20:00,0.0,1009.8,1009.8,1009.5,731,27.0,22.3,27.1,26.5,22.7,22.2,79,75,75,18,6.6,2.3,N,PA,SOURE,A227,-0.72777777,-48.51583333,12.54
576,2019-04-07,00:00,0.0,1012.1,1012.1,1011.4,-9999,24.9,22.7,25.1,24.7,22.7,22.4,88,85,87,5,2.0,0.4,N,PA,SOURE,A227,-0.72777777,-48.51583333,12.54
577,2019-04-07,04:00,0.0,1012.1,1012.7,1012.1,-9999,25.5,22.8,25.7,25.2,23.2,22.7,88,85,85,32,2.6,0.5,N,PA,SOURE,A227,-0.72777777,-48.51583333,12.54
578,2019-04-07,08:00,0.4,1010.7,1010.7,1010.6,-9999,23.3,22.0,23.6,23.1,22.1,21.8,93,92,93,233,4.4,0.5,N,PA,SOURE,A227,-0.72777777,-48.51583333,12.54
579,2019-04-07,12:00,0.8,1013.4,1013.4,1013.0,100,24.2,23.1,24.2,23.8,23.1,22.7,93,93,93,86,3.1,0.4,N,PA,SOURE,A227,-0.72777777,-48.51583333,12.54
580,2019-04-07,16:00,0.4,1012.4,1013.2,1012.4,703,24.5,23.0,25.4,24.3,24.0,22.7,93,90,92,121,7.0,3.2,N,PA,SOURE,A227,-0.72777777,-48.51583333,12.54
581,2019-04-07,20:00,0.0,1009.7,1010.1,1009.7,566,26.0,23.1,26.3,25.9,24.0,23.0,88,84,84,52,3.5,0.9,N,PA,SOURE,A227,-0.72777777,-48.51583333,12.54
582,2019-04-08,00:00,0.0,1012.1,1012.1,1011.2,-9999,24.3,22.9,24.5,24.3,23.0,22.9,92,91,92,340,1.9,1.0,N,PA,SOURE,A227,-0.72777777,-48.51583333,12.54
583,2019-04-08,04:00,0.0,1011.3,1011.7,1011.3,-9999,24.8,23.4,24.8,24.1,23.4,22.9,93,92,92,29,3.8,1.9,N,PA,SOURE,A227,-0.72777777,-48.51583333,12.54
584,2019-04-08,08:00,0.0,1009.8,1009.8,1009.6,-9999,25.3,22.7,25.3,24.9,23.0,22.7,88,86,86,23,3.5,1.1,N,PA,SOURE,A227,-0.72777777,-48.51583333,12.54
585,2019-04-08,12:00,0.0,1012.2,1012.2,1011.7,622,27.5,24.3,27.5,26.0,24.8,24.1,90,82,83,33,4.5,1.8,N,PA,SOURE,A227,-0.72777777,-48.51583333,12.54
586,2019-04-08,16:00,0.0,1010.2,1011.0,1010.2,2986,29.6,23.7,30.1,29.0,24.3,23.1,74,69,71,22,7.8,3.0,N,PA,SOURE,A227,-0.72777777,-48.51583333,12.54
587,2019-04-08,20:00,0.0,1008.2,1008.2,1007.7,691,27.4,23.4,28.6,27.4,23.7,23.0,79,73,79,35,7.8,2.7,N,PA,SOURE,A227,-0.72777777,-48.51583333,12.54
588,2019-04-09,00:00,0.0,1011.1,1011.1,1010.2,-9999,26.7,23.0,26.9,26.7,23.3,22.9,81,80,80,36,6.8,2.1,N,PA,SOURE,A227,-0.72777777,-48.51583333,12.54
589,2019-04-09,04:00,0.0,1010.8,1011.5,1010.8,-9999,26.5,23.2,26.6,26.3,23.4,23.1,83,82,82,44,4.9,2.2,N,PA,SOURE,A227,-0.72777777,-48.51583333,12.54
590,2019-04-09,08:00,0.0,1009.6,1009.6,1009.4,-9999,24.6,22.3,25.6,24.6,23.2,22.3,88,85,87,19,6.4,1.3,N,PA,SOURE,A227,-0.72777777,-48.51583333,12.54
591,2019-04-09,12:00,0.0,1011.8,1011.8,1011.1,1587,28.2,23.8,29.1,27.4,24.3,23.6,83,75,77,77,5.5,2.7,N,PA,SOURE,A227,-0.72777777,-48.51583333,12.54
592,2019-04-09,16:00,0.6,1010.2,1011.5,1010.2,738,25.7,23.8,25.7,24.4,23.9,22.8,91,89,89,66,6.0,2.6,N,PA,SOURE,A227,-0.72777777,-48.51583333,12.54
593,2019-04-09,20:00,0.0,1008.3,1008.3,1007.9,363,25.4,23.4,26.1,25.4,24.0,23.4,89,87,89,2,4.4,1.7,N,PA,SOURE,A227,-0.72777777,-48.51583333,12.54
594,2019-04-10,00:00,0.0,1010.8,1010.8,1010.1,-9999,24.7,23.2,24.7,24.4,23.2,22.7,92,90,92,344,3.9,1.0,N,PA,SOURE,A227,-0.72777777,-48.51583333,12.54
595,2019-04-10,04:00,0.2,1010.2,1011.0,1010.2,-9999,24.3,22.5,25.6,24.3,23.3,22.5,89,87,89,3,7.8,1.8,N,PA,SOURE,A227,-0.72777777,-48.51583333,12.54
596,2019-04-10,08:00,3.8,1010.0,1010.0,1009.7,-9999,23.9,22.7,24.3,23.9,22.9,22.7,93,92,93,338,5.1,2.0,N,PA,SOURE,A227,-0.72777777,-48.51583333,12.54
597,2019-04-10,12:00,5.6,1013.4,1013.5,1012.5,36,22.8,21.8,23.4,22.7,22.4,21.6,94,93,94,2,8.2,2.0,N,PA,SOURE,A227,-0.72777777,-48.51583333,12.54
598,2019-04-10,16:00,0.0,1011.4,1012.0,1011.4,1405,26.8,23.7,26.8,24.7,23.7,23.0,92,83,83,311,4.7,1.5,N,PA,SOURE,A227,-0.72777777,-48.51583333,12.54
599,2019-04-10,20:00,0.0,1009.4,1009.6,1009.0,413,26.1,22.3,26.8,26.1,22.6,22.1,80,77,80,299,4.1,1.4,N,PA,SOURE,A227,-0.72777777,-48.51583333,12.54
600,2019-04-11,00:00,1.8,1011.6,1011.6,1010.5,-9999,23.7,22.1,24.4,23.7,22.7,22.1,91,90,91,36,6.2,2.6,N,PA,SOURE,A227,-0.72777777,-48.51583333,12.54
601,2019-04-11,04:00,0.0,1009.9,1010.7,1009.9,-9999,23.3,22.1,23.4,23.2,22.2,21.9,93,93,93,9,2.7,0.0,N,PA,SOURE,A227,-0.72777777,-48.51583333,12.54
602,2019-04-11,08:00,0.0,1009.8,1009.8,1009.3,-9999,23.6,22.4,23.7,23.6,22.5,22.4,93,93,93,321,3.0,0.5,N,PA,SOURE,A227,-0.72777777,-48.51583333,12.54
603,2019-04-11,12:00,0.0,1012.4,1012.4,1011.4,1191,27.4,24.3,27.4,25.2,24.6,23.8,92,83,83,357,3.1,1.5,N,PA,SOURE,A227,-0.72777777,-48.51583333,12.54
604,2019-04-11,16:00,0.0,1010.6,1011.5,1010.5,2606,29.5,22.2,29.6,28.2,24.1,22.1,76,65,65,24,6.3,2.5,N,PA,SOURE,A227,-0.72777777,-48.51583333,12.54
605,2019-04-11,20:00,0.0,1009.3,1009.3,1009.0,708,27.4,23.3,28.4,27.4,23.7,23.0,79,74,78,48,7.5,2.6,N,PA,SOURE,A227,-0.72777777,-48.51583333,12.54
606,2019-04-12,00:00,0.0,1011.9,1011.9,1011.1,-9999,26.5,23.2,26.7,26.5,23.3,23.2,82,81,82,47,7.9,2.9,N,PA,SOURE,A227,-0.72777777,-48.51583333,12.54
607,2019-04-12,04:00,0.4,1010.7,1011.6,1010.7,-9999,25.6,23.3,26.0,25.0,23.3,22.3,88,81,87,73,7.8,2.3,N,PA,SOURE,A227,-0.72777777,-48.51583333,12.54
608,2019-04-12,08:00,0.0,1010.1,1010.2,1010.1,-9999,25.5,23.2,25.6,25.1,23.4,22.9,88,87,87,30,5.5,1.5,N,PA,SOURE,A227,-0.72777777,-48.51583333,12.54
609,2019-04-12,12:00,0.0,1012.1,1012.1,1011.5,1543,27.7,23.9,28.4,27.0,24.7,23.8,83,79,80,93,4.7,2.3,N,PA,SOURE,A227,-0.72777777,-48.51583333,12.54
610,2019-04-12,16:00,0.0,1010.3,1011.2,1010.3,3113,30.2,23.7,30.3,29.6,24.3,23.2,72,67,69,55,6.2,2.9,N,PA,SOURE,A227,-0.72777777,-48.51583333,12.54
611,2019-04-12,20:00,0.0,1008.0,1008.0,1007.7,1335,28.5,23.6,29.8,28.2,24.2,23.3,75,71,75,26,8.6,3.9,N,PA,SOURE,A227,-0.72777777,-48.51583333,12.54
612,2019-04-13,00:00,0.0,1010.5,1010.5,1009.7,-9999,27.3,23.5,27.4,27.2,23.5,23.2,80,78,80,33,5.9,1.7,N,PA,SOURE,A227,-0.72777777,-48.51583333,12.54
613,2019-04-13,04:00,0.0,1010.3,1011.0,1010.3,-9999,25.8,22.8,27.2,25.8,23.4,22.8,84,79,84,50,5.8,2.1,N,PA,SOURE,A227,-0.72777777,-48.51583333,12.54
614,2019-04-13,08:00,0.2,1009.3,1009.3,1008.9,-9999,24.4,23.1,24.4,24.1,23.2,22.9,93,93,93,262,2.8,0.1,N,PA,SOURE,A227,-0.72777777,-48.51583333,12.54
615,2019-04-13,12:00,0.0,1011.4,1011.4,1010.9,1594,28.9,24.6,29.0,27.9,25.1,24.1,83,77,78,78,5.2,3.3,N,PA,SOURE,A227,-0.72777777,-48.51583333,12.54
616,2019-04-13,16:00,0.0,1009.6,1010.8,1009.6,3412,29.6,24.2,29.8,28.8,24.9,23.6,76,72,73,32,9.1,4.0,N,PA,SOURE,A227,-0.72777777,-48.51583333,12.54
617,2019-04-13,20:00,0.0,1007.4,1007.4,1007.0,1388,28.6,23.7,29.4,28.6,24.3,23.5,76,73,75,23,8.2,3.3,N,PA,SOURE,A227,-0.72777777,-48.51583333,12.54
618,2019-04-14,00:00,0.4,1009.9,1010.0,1009.3,-9999,26.0,23.9,27.1,25.9,24.0,23.5,88,82,88,20,6.5,1.9,N,PA,SOURE,A227,-0.72777777,-48.51583333,12.54
619,2019-04-14,04:00,2.8,1009.4,1010.5,1009.4,-9999,24.4,22.9,25.5,24.4,23.7,22.9,91,89,91,321,5.0,0.4,N,PA,SOURE,A227,-0.72777777,-48.51583333,12.54
620,2019-04-14,08:00,11.4,1009.4,1009.5,1008.7,1,23.8,22.7,24.4,23.6,23.2,22.4,94,93,94,167,5.4,2.2,N,PA,SOURE,A227,-0.72777777,-48.51583333,12.54
621,2019-04-14,12:00,0.6,1010.7,1011.3,1010.7,330,25.1,23.9,25.1,24.6,23.9,23.4,93,92,93,299,6.1,0.9,N,PA,SOURE,A227,-0.72777777,-48.51583333,12.54
622,2019-04-14,16:00,2.0,1010.7,1012.1,1010.7,1418,25.7,23.5,25.8,23.3,23.9,21.7,92,87,88,186,6.0,0.5,N,PA,SOURE,A227,-0.72777777,-48.51583333,12.54
623,2019-04-14,20:00,0.8,1008.9,1008.9,1008.6,742,25.4,23.5,26.4,25.3,23.5,23.0,89,84,89,63,9.1,2.6,N,PA,SOURE,A227,-0.72777777,-48.51583333,12.54
624,2019-04-15,00:00,0.0,1011.5,1011.5,1010.7,-9999,25.1,22.8,25.2,24.9,23.1,22.8,88,87,87,64,4.4,1.1,N,PA,SOURE,A227,-0.72777777,-48.51583333,12.54
625,2019-04-15,04:00,0.0,1010.8,1011.5,1010.8,-9999,25.6,23.7,25.6,25.2,23.7,23.1,90,88,89,117,2.3,0.8,N,PA,SOURE,A227,-0.72777777,-48.51583333,12.54
626,2019-04-15,08:00,0.0,1009.3,1009.3,1009.1,-9999,25.6,23.3,25.9,25.5,23.6,23.2,88,87,87,83,5.3,2.6,N,PA,SOURE,A227,-0.72777777,-48.51583333,12.54
627,2019-04-15,12:00,0.0,1011.7,1011.7,1011.2,1437,28.3,24.0,28.3,26.5,24.1,23.0,82,77,77,73,7.9,3.3,N,PA,SOURE,A227,-0.72777777,-48.51583333,12.54
628,2019-04-15,16:00,0.0,1010.0,1010.8,1010.0,3125,29.5,23.1,30.4,29.1,24.0,22.6,73,65,68,88,6.1,3.5,N,PA,SOURE,A227,-0.72777777,-48.51583333,12.54
629,2019-04-15,20:00,0.0,1007.8,1007.8,1007.3,549,27.4,23.3,29.3,27.4,23.4,22.7,79,69,79,27,8.8,2.5,N,PA,SOURE,A227,-0.72777777,-48.51583333,12.54
630,2019-04-16,00:00,0.0,1010.3,1010.3,1009.8,-9999,26.9,23.6,26.9,26.6,23.6,23.2,82,81,82,43,4.6,2.1,N,PA,SOURE,A227,-0.72777777,-48.51583333,12.54
631,2019-04-16,04:00,0.0,1010.9,1011.1,1010.8,-9999,25.9,22.5,25.9,25.5,23.0,22.5,85,82,82,42,4.8,1.8,N,PA,SOURE,A227,-0.72777777,-48.51583333,12.54
632,2019-04-16,08:00,0.0,1009.8,1009.8,1009.4,-9999,24.5,22.9,24.7,24.5,23.0,22.8,91,90,91,330,0.9,0.0,N,PA,SOURE,A227,-0.72777777,-48.51583333,12.54
633,2019-04-16,12:00,0.2,1013.0,1013.0,1012.0,277,25.0,23.3,25.5,24.4,23.7,22.7,91,90,90,27,7.9,1.2,N,PA,SOURE,A227,-0.72777777,-48.51583333,12.54
634,2019-04-16,16:00,0.0,1010.9,1012.2,1010.9,3283,29.2,23.7,30.6,29.0,24.6,22.9,75,67,72,66,5.0,2.6,N,PA,SOURE,A227,-0.72777777,-48.51583333,12.54
635,2019-04-16,20:00,0.0,1008.2,1008.4,1008.0,477,27.6,23.7,29.0,27.6,23.8,23.2,79,72,79,33,6.6,2.3,N,PA,SOURE,A227,-0.72777777,-48.51583333,12.54
636,2019-04-17,00:00,0.0,1010.5,1010.5,1010.0,-9999,26.4,23.1,26.6,26.3,23.3,23.0,82,81,82,7,4.9,1.4,N,PA,SOURE,A227,-0.72777777,-48.51583333,12.54
637,2019-04-17,04:00,0.0,1010.3,1010.8,1010.3,-9999,25.7,23.6,26.5,25.7,23.6,23.1,88,82,88,337,5.3,1.2,N,PA,SOURE,A227,-0.72777777,-48.51583333,12.54
638,2019-04-17,08:00,0.0,1009.0,1009.1,1008.7,-9999,24.2,23.0,24.3,24.2,23.1,22.9,93,93,93,41,2.1,0.2,N,PA,SOURE,A227,-0.72777777,-48.51583333,12.54
639,2019-04-17,12:00,1.2,1012.2,1012.2,1011.2,215,24.7,23.3,24.8,24.4,23.5,23.2,93,92,92,80,4.8,2.0,N,PA,SOURE,A227,-0.72777777,-48.51583333,12.54
640,2019-04-17,16:00,0.0,1010.7,1011.9,1010.7,2463,29.3,24.1,29.3,27.4,24.2,23.0,80,73,74,97,3.6,0.2,N,PA,SOURE,A227,-0.72777777,-48.51583333,12.54
641,2019-04-17,20:00,0.0,1007.6,1007.8,1007.5,1669,28.6,23.5,29.3,28.5,24.2,23.3,75,71,74,46,6.2,2.8,N,PA,SOURE,A227,-0.72777777,-48.51583333,12.54
642,2019-04-18,00:00,0.0,1010.4,1010.4,1009.4,-9999,26.4,23.6,26.4,26.3,23.6,23.3,84,83,84,28,2.8,0.4,N,PA,SOURE,A227,-0.72777777,-48.51583333,12.54
643,2019-04-18,04:00,0.0,1009.3,1010.4,1009.3,-9999,26.4,23.6,26.5,26.2,23.7,23.4,85,84,85,29,3.7,1.2,N,PA,SOURE,A227,-0.72777777,-48.51583333,12.54
644,2019-04-18,08:00,0.2,1008.3,1008.4,1008.2,-9999,26.3,23.7,26.3,26.1,23.7,22.8,86,81,86,101,4.6,2.1,N,PA,SOURE,A227,-0.72777777,-48.51583333,12.54
645,2019-04-18,12:00,0.0,1011.0,1011.0,1010.4,1406,28.8,24.5,29.3,28.0,24.8,23.6,79,74,78,75,7.2,3.5,N,PA,SOURE,A227,-0.72777777,-48.51583333,12.54
646,2019-04-18,16:00,0.0,1009.1,1010.3,1009.1,2878,30.5,24.4,30.7,29.4,24.7,22.8,72,65,70,30,6.4,2.9,N,PA,SOURE,A227,-0.72777777,-48.51583333,12.54
647,2019-04-18,20:00,1.0,1006.6,1006.8,1006.4,556,27.5,23.8,29.5,26.1,24.3,22.0,83,73,80,36,6.8,2.1,N,PA,SOURE,A227,-0.72777777,-48.51583333,12.54
648,2019-04-19,00:00,0.0,1009.9,1009.9,1009.2,-9999,27.1,23.8,27.1,26.9,23.8,23.5,83,81,82,43,5.7,2.0,N,PA,SOURE,A227,-0.72777777,-48.51583333,12.54
649,2019-04-19,04:00,0.0,1009.9,1010.5,1009.9,-9999,27.0,23.5,27.1,26.6,23.9,23.2,84,80,81,45,6.6,2.2,N,PA,SOURE,A227,-0.72777777,-48.51583333,12.54
650,2019-04-19,08:00,0.0,1008.6,1008.6,1008.5,-9999,25.3,23.6,25.4,25.2,24.0,23.6,92,90,90,357,3.3,0.5,N,PA,SOURE,A227,-0.72777777,-48.51583333,12.54
651,2019-04-19,12:00,0.0,1012.5,1012.5,1011.2,654,25.8,23.2,28.8,25.8,24.4,23.0,86,76,86,37,8.4,3.9,N,PA,SOURE,A227,-0.72777777,-48.51583333,12.54
652,2019-04-19,16:00,0.0,1011.0,1011.9,1011.0,2588,28.5,24.2,28.8,27.9,25.1,23.8,81,76,77,56,7.9,3.3,N,PA,SOURE,A227,-0.72777777,-48.51583333,12.54
653,2019-04-19,20:00,0.0,1008.2,1008.6,1008.1,726,26.7,23.1,27.7,26.7,23.5,22.9,81,77,81,357,8.3,2.8,N,PA,SOURE,A227,-0.72777777,-48.51583333,12.54
654,2019-04-20,00:00,0.0,1010.8,1010.9,1010.0,-9999,26.8,22.7,26.8,26.3,23.1,22.4,82,78,78,46,8.8,2.6,N,PA,SOURE,A227,-0.72777777,-48.51583333,12.54
655,2019-04-20,04:00,0.0,1010.2,1011.3,1010.2,-9999,26.9,23.5,27.0,26.8,24.1,23.5,85,81,81,28,6.5,2.6,N,PA,SOURE,A227,-0.72777777,-48.51583333,12.54
656,2019-04-20,08:00,0.2,1009.0,1009.1,1008.9,-9999,25.6,23.4,26.4,25.6,23.6,23.3,88,84,88,336,3.9,0.2,N,PA,SOURE,A227,-0.72777777,-48.51583333,12.54
657,2019-04-20,12:00,0.0,1011.8,1011.8,1011.1,1345,29.7,24.5,29.8,27.3,25.0,23.7,86,74,74,36,7.0,2.7,N,PA,SOURE,A227,-0.72777777,-48.51583333,12.54
658,2019-04-20,16:00,0.2,1011.4,1012.5,1011.4,263,25.1,23.2,25.2,24.7,23.4,22.8,91,88,89,92,6.8,1.0,N,PA,SOURE,A227,-0.72777777,-48.51583333,12.54
659,2019-04-20,20:00,0.0,1008.0,1008.3,1008.0,700,27.5,24.3,27.8,27.3,24.5,23.7,83,80,83,35,5.2,2.0,N,PA,SOURE,A227,-0.72777777,-48.51583333,12.54
660,2019-04-21,00:00,0.0,1010.6,1010.7,1009.7,-9999,25.7,22.7,26.1,25.7,23.0,22.6,83,82,83,100,4.6,1.9,N,PA,SOURE,A227,-0.72777777,-48.51583333,12.54
661,2019-04-21,04:00,0.2,1010.2,1010.7,1010.2,-9999,24.8,23.2,25.0,24.8,23.3,23.1,91,90,91,28,4.3,0.1,N,PA,SOURE,A227,-0.72777777,-48.51583333,12.54
662,2019-04-21,08:00,-9999.0,-9999.0,-9999.0,-9999.0,-9999,-9999.0,-9999.0,-9999.0,-9999.0,-9999.0,-9999.0,-9999,-9999,-9999,-9999,-9999.0,-9999.0,N,PA,SOURE,A227,-0.72777777,-48.51583333,12.54
663,2019-04-21,12:00,0.0,1011.1,1011.1,1010.2,1078,26.0,23.9,27.0,24.8,25.1,23.2,92,87,88,9,4.4,1.5,N,PA,SOURE,A227,-0.72777777,-48.51583333,12.54
664,2019-04-21,16:00,1.8,1010.2,1011.2,1010.2,913,25.6,23.6,25.9,24.8,24.2,22.6,90,84,89,6,7.2,1.4,N,PA,SOURE,A227,-0.72777777,-48.51583333,12.54
665,2019-04-21,20:00,0.2,1008.1,1008.5,1008.0,392,25.0,23.6,25.3,24.6,24.0,23.3,93,92,92,6,4.0,1.0,N,PA,SOURE,A227,-0.72777777,-48.51583333,12.54
666,2019-04-22,00:00,0.2,1010.2,1010.2,1009.6,-9999,24.9,23.6,25.0,24.7,23.8,23.3,93,92,93,283,1.6,0.8,N,PA,SOURE,A227,-0.72777777,-48.51583333,12.54
667,2019-04-22,04:00,0.2,1009.8,1010.3,1009.8,-9999,24.7,23.5,24.7,24.4,23.5,23.2,93,93,93,295,2.5,0.0,N,PA,SOURE,A227,-0.72777777,-48.51583333,12.54
668,2019-04-22,08:00,0.6,1008.6,1008.7,1008.2,-9999,24.8,23.7,24.9,24.8,23.8,23.7,93,93,93,35,2.8,0.5,N,PA,SOURE,A227,-0.72777777,-48.51583333,12.54
669,2019-04-22,12:00,0.6,1010.9,1010.9,1009.6,614,25.5,24.2,26.0,25.1,24.8,23.9,93,92,92,35,6.3,2.7,N,PA,SOURE,A227,-0.72777777,-48.51583333,12.54
670,2019-04-22,16:00,3.8,1009.6,1010.7,1009.6,669,25.9,24.2,26.7,25.0,24.2,23.0,91,82,90,15,6.7,1.9,N,PA,SOURE,A227,-0.72777777,-48.51583333,12.54
671,2019-04-22,20:00,0.0,1007.8,1007.8,1007.2,785,26.9,23.4,27.5,26.9,23.8,23.2,81,79,81,16,5.9,3.0,N,PA,SOURE,A227,-0.72777777,-48.51583333,12.54
672,2019-04-23,00:00,0.0,1010.0,1010.0,1009.2,-9999,26.0,23.8,26.2,26.0,24.0,23.8,88,88,88,336,2.7,0.7,N,PA,SOURE,A227,-0.72777777,-48.51583333,12.54
673,2019-04-23,04:00,0.0,1009.9,1010.4,1009.9,1,26.4,24.1,26.4,25.4,24.2,23.6,90,87,87,96,4.5,2.1,N,PA,SOURE,A227,-0.72777777,-48.51583333,12.54
674,2019-04-23,08:00,0.2,1009.1,1009.1,1008.8,-9999,24.9,23.6,25.0,24.8,23.6,23.4,92,91,92,146,1.4,0.1,N,PA,SOURE,A227,-0.72777777,-48.51583333,12.54
675,2019-04-23,12:00,0.0,1011.5,1011.5,1011.0,1641,27.9,23.8,28.6,26.9,24.7,23.3,82,77,78,113,5.1,2.7,N,PA,SOURE,A227,-0.72777777,-48.51583333,12.54
676,2019-04-23,16:00,0.0,1010.7,1011.9,1010.7,761,26.4,23.5,26.5,25.1,24.0,23.5,91,84,84,68,4.5,2.3,N,PA,SOURE,A227,-0.72777777,-48.51583333,12.54
677,2019-04-23,20:00,0.0,1007.8,1007.9,1007.7,1116,27.4,23.7,28.0,27.3,24.1,23.2,81,78,80,54,7.3,1.9,N,PA,SOURE,A227,-0.72777777,-48.51583333,12.54
678,2019-04-24,00:00,0.0,1010.4,1010.4,1009.9,-9999,26.7,23.4,26.7,26.5,23.4,23.1,82,81,82,77,4.7,1.9,N,PA,SOURE,A227,-0.72777777,-48.51583333,12.54
679,2019-04-24,04:00,0.0,1010.5,1010.9,1010.5,-9999,26.5,23.4,26.6,26.5,23.7,23.4,85,83,83,85,6.0,2.5,N,PA,SOURE,A227,-0.72777777,-48.51583333,12.54
680,2019-04-24,08:00,0.0,1009.0,1009.3,1009.0,-9999,25.2,22.5,25.6,25.2,22.5,22.2,85,82,85,104,3.4,0.4,N,PA,SOURE,A227,-0.72777777,-48.51583333,12.54
681,2019-04-24,12:00,0.0,1011.6,1011.6,1010.9,1659,28.2,23.4,28.4,27.2,24.0,23.1,80,75,75,71,5.7,2.7,N,PA,SOURE,A227,-0.72777777,-48.51583333,12.54
682,2019-04-24,16:00,0.0,1010.3,1011.6,1010.3,3082,29.6,23.7,30.3,29.3,24.6,23.2,73,69,71,23,7.4,3.6,N,PA,SOURE,A227,-0.72777777,-48.51583333,12.54
683,2019-04-24,20:00,0.0,1009.5,1009.6,1009.2,141,25.1,23.0,25.9,25.1,23.9,22.9,91,86,88,120,7.5,3.7,N,PA,SOURE,A227,-0.72777777,-48.51583333,12.54
684,2019-04-25,00:00,0.0,1011.0,1011.0,1010.5,-9999,25.2,23.7,25.6,25.2,23.9,23.7,91,90,91,62,1.1,0.1,N,PA,SOURE,A227,-0.72777777,-48.51583333,12.54
685,2019-04-25,04:00,0.0,1010.5,1011.4,1010.5,-9999,25.0,23.8,25.0,24.9,23.8,23.6,93,93,93,280,1.0,0.0,N,PA,SOURE,A227,-0.72777777,-48.51583333,12.54
686,2019-04-25,08:00,0.0,1009.8,1009.8,1009.2,-9999,24.8,23.6,24.8,24.6,23.7,23.4,93,93,93,32,1.5,0.0,N,PA,SOURE,A227,-0.72777777,-48.51583333,12.54
687,2019-04-25,12:00,0.0,1012.0,1012.0,1011.4,1695,29.2,24.5,29.3,28.2,25.1,24.0,79,75,76,71,4.6,2.1,N,PA,SOURE,A227,-0.72777777,-48.51583333,12.54
688,2019-04-25,16:00,0.0,1010.4,1011.4,1010.4,2658,29.0,23.6,30.8,29.0,25.3,23.4,73,68,73,63,5.9,2.9,N,PA,SOURE,A227,-0.72777777,-48.51583333,12.54
689,2019-04-25,20:00,0.0,1009.5,1009.7,1009.1,93,26.7,23.9,26.7,26.3,24.1,23.9,87,85,85,76,5.1,1.2,N,PA,SOURE,A227,-0.72777777,-48.51583333,12.54
690,2019-04-26,00:00,0.0,1011.3,1011.3,1010.5,-9999,26.6,23.7,26.6,26.1,24.0,23.7,87,84,84,47,5.4,2.0,N,PA,SOURE,A227,-0.72777777,-48.51583333,12.54
691,2019-04-26,04:00,0.8,1011.5,1011.8,1011.5,-9999,25.5,23.7,26.3,25.2,23.8,22.9,90,85,90,119,5.8,0.4,N,PA,SOURE,A227,-0.72777777,-48.51583333,12.54
692,2019-04-26,08:00,0.0,1010.8,1010.8,1010.3,-9999,25.7,24.2,25.7,25.2,24.2,23.6,91,90,91,126,2.6,1.3,N,PA,SOURE,A227,-0.72777777,-48.51583333,12.54
693,2019-04-26,12:00,0.0,1012.8,1012.8,1011.5,636,27.4,24.0,27.4,26.1,24.5,23.2,89,82,82,50,6.0,1.8,N,PA,SOURE,A227,-0.72777777,-48.51583333,12.54
694,2019-04-26,16:00,0.0,1010.9,1012.2,1010.9,1070,27.2,24.0,27.2,25.3,24.5,23.5,90,82,82,84,7.6,2.9,N,PA,SOURE,A227,-0.72777777,-48.51583333,12.54
695,2019-04-26,20:00,0.0,1008.3,1008.3,1008.1,960,27.1,23.3,28.7,27.1,23.7,23.0,80,73,80,39,6.1,2.7,N,PA,SOURE,A227,-0.72777777,-48.51583333,12.54
696,2019-04-27,00:00,0.0,1010.5,1010.5,1009.9,-9999,25.1,23.4,25.4,25.1,23.4,23.3,90,88,90,336,3.3,0.7,N,PA,SOURE,A227,-0.72777777,-48.51583333,12.54
697,2019-04-27,04:00,0.2,1011.2,1011.6,1011.2,-9999,25.2,23.6,25.4,25.1,23.6,23.3,91,88,91,133,2.0,0.0,N,PA,SOURE,A227,-0.72777777,-48.51583333,12.54
698,2019-04-27,08:00,0.0,1010.4,1010.4,1009.7,-9999,24.7,23.4,24.8,24.6,23.5,23.3,93,93,93,337,2.5,1.2,N,PA,SOURE,A227,-0.72777777,-48.51583333,12.54
699,2019-04-27,12:00,0.0,1012.2,1012.2,1011.5,1304,28.4,24.8,28.6,26.7,25.3,24.2,89,80,81,358,4.4,1.6,N,PA,SOURE,A227,-0.72777777,-48.51583333,12.54
700,2019-04-27,16:00,0.0,1010.4,1011.5,1010.4,2925,30.8,23.7,31.0,29.8,24.1,22.6,70,63,66,48,6.6,2.7,N,PA,SOURE,A227,-0.72777777,-48.51583333,12.54
701,2019-04-27,20:00,0.0,1008.3,1008.3,1007.9,461,27.5,23.5,28.0,27.5,24.1,23.2,79,76,79,24,5.7,2.5,N,PA,SOURE,A227,-0.72777777,-48.51583333,12.54
702,2019-04-28,00:00,0.2,1010.8,1010.9,1010.4,-9999,25.9,23.7,26.3,25.8,23.7,23.5,88,84,88,342,4.6,0.0,N,PA,SOURE,A227,-0.72777777,-48.51583333,12.54
703,2019-04-28,04:00,3.4,1010.6,1011.3,1010.6,0,24.4,23.0,25.3,24.0,24.0,22.5,93,90,92,351,11.1,0.9,N,PA,SOURE,A227,-0.72777777,-48.51583333,12.54
704,2019-04-28,08:00,0.6,1009.4,1009.4,1008.7,-9999,24.4,23.2,24.4,23.6,23.2,22.4,93,93,93,316,5.5,0.1,N,PA,SOURE,A227,-0.72777777,-48.51583333,12.54
705,2019-04-28,12:00,0.0,1012.9,1012.9,1011.8,606,27.2,24.0,27.2,25.3,24.0,23.5,90,82,83,87,2.0,0.7,N,PA,SOURE,A227,-0.72777777,-48.51583333,12.54
706,2019-04-28,16:00,0.0,1011.2,1012.4,1011.2,1034,26.0,23.3,26.2,25.7,24.0,23.2,88,85,85,330,4.3,1.7,N,PA,SOURE,A227,-0.72777777,-48.51583333,12.54
707,2019-04-28,20:00,0.0,1008.9,1008.9,1008.8,482,26.6,22.9,27.9,26.4,24.0,22.8,83,77,80,8,4.2,1.3,N,PA,SOURE,A227,-0.72777777,-48.51583333,12.54
708,2019-04-29,00:00,0.0,1011.3,1011.3,1011.0,-9999,24.5,22.8,25.0,24.5,23.1,22.7,90,89,90,326,3.1,0.5,N,PA,SOURE,A227,-0.72777777,-48.51583333,12.54
709,2019-04-29,04:00,0.0,1010.2,1011.4,1010.2,-9999,24.2,23.0,24.3,24.2,23.0,22.9,93,93,93,288,2.3,0.6,N,PA,SOURE,A227,-0.72777777,-48.51583333,12.54
710,2019-04-29,08:00,1.2,1009.5,1009.5,1008.9,-9999,24.1,23.0,24.2,24.0,23.1,22.9,93,93,93,166,3.7,0.7,N,PA,SOURE,A227,-0.72777777,-48.51583333,12.54
711,2019-04-29,12:00,0.0,1011.9,1011.9,1011.6,939,25.5,24.1,25.8,24.1,24.6,23.0,94,92,92,331,3.0,1.6,N,PA,SOURE,A227,-0.72777777,-48.51583333,12.54
712,2019-04-29,16:00,0.0,1009.8,1011.4,1009.8,2702,28.5,23.3,29.7,28.2,24.6,23.0,77,71,74,358,4.7,1.6,N,PA,SOURE,A227,-0.72777777,-48.51583333,12.54
713,2019-04-29,20:00,0.0,1008.5,1008.7,1008.5,1386,27.8,22.7,28.9,27.7,23.4,22.3,75,71,74,30,6.6,2.6,N,PA,SOURE,A227,-0.72777777,-48.51583333,12.54
714,2019-04-30,00:00,0.0,1011.2,1011.2,1010.3,-9999,25.2,23.1,25.3,25.1,23.1,22.8,88,87,88,8,4.0,0.6,N,PA,SOURE,A227,-0.72777777,-48.51583333,12.54
715,2019-04-30,04:00,1.2,1011.3,1011.8,1011.3,-9999,24.5,23.3,24.6,24.3,23.3,22.9,93,92,93,356,6.2,1.2,N,PA,SOURE,A227,-0.72777777,-48.51583333,12.54
716,2019-04-30,08:00,0.0,1010.4,1010.4,1010.2,-9999,23.8,22.6,23.9,23.7,22.7,22.6,93,93,93,257,1.2,0.3,N,PA,SOURE,A227,-0.72777777,-48.51583333,12.54
717,2019-04-30,12:00,6.2,1012.9,1013.0,1012.5,213,24.4,23.3,24.5,24.0,23.4,22.9,94,93,94,253,3.0,0.8,N,PA,SOURE,A227,-0.72777777,-48.51583333,12.54
718,2019-04-30,16:00,8.2,1011.5,1012.7,1011.5,610,25.4,24.3,25.4,23.9,24.3,22.8,94,93,94,268,5.4,1.5,N,PA,SOURE,A227,-0.72777777,-48.51583333,12.54
719,2019-04-30,20:00,0.0,1008.3,1008.6,1008.3,1364,27.6,23.4,28.4,27.6,24.0,23.0,78,75,78,27,6.6,2.6,N,PA,SOURE,A227,-0.72777777,-48.51583333,12.54
720,2019-05-01,00:00,0.0,1010.9,1011.0,1009.9,-9999,25.7,23.4,25.7,25.6,23.4,23.1,87,86,87,11,2.3,0.5,N,PA,SOURE,A227,-0.72777777,-48.51583333,12.54
721,2019-05-01,04:00,0.0,1010.9,1011.1,1010.9,-9999,24.9,23.0,25.1,24.9,23.0,22.9,89,88,89,299,1.1,0.1,N,PA,SOURE,A227,-0.72777777,-48.51583333,12.54
722,2019-05-01,08:00,0.0,1009.7,1009.7,1009.4,-9999,24.7,23.3,24.8,24.7,23.4,23.3,92,92,92,321,1.9,0.0,N,PA,SOURE,A227,-0.72777777,-48.51583333,12.54
723,2019-05-01,12:00,0.0,1012.9,1012.9,1012.1,1395,27.5,23.4,28.4,26.8,25.3,23.4,84,78,79,100,5.1,2.9,N,PA,SOURE,A227,-0.72777777,-48.51583333,12.54
724,2019-05-01,16:00,0.0,1010.7,1012.0,1010.7,2629,28.6,23.9,29.7,28.6,24.8,23.7,77,73,76,57,5.9,2.9,N,PA,SOURE,A227,-0.72777777,-48.51583333,12.54
725,2019-05-01,20:00,0.8,1007.8,1007.9,1007.7,272,26.0,23.8,26.6,26.0,23.9,23.5,88,84,87,32,5.1,2.1,N,PA,SOURE,A227,-0.72777777,-48.51583333,12.54
726,2019-05-02,00:00,0.0,1010.4,1010.4,1009.9,-9999,26.7,23.4,26.7,26.4,23.6,23.2,84,82,82,33,5.3,1.9,N,PA,SOURE,A227,-0.72777777,-48.51583333,12.54
727,2019-05-02,04:00,0.0,1010.0,1010.9,1010.0,2,25.8,23.8,25.8,25.3,23.9,23.7,91,89,89,24,5.1,1.4,N,PA,SOURE,A227,-0.72777777,-48.51583333,12.54
728,2019-05-02,08:00,0.4,1009.0,1009.0,1008.8,-9999,25.0,23.7,25.2,24.6,24.0,23.3,93,92,92,67,4.8,1.8,N,PA,SOURE,A227,-0.72777777,-48.51583333,12.54
729,2019-05-02,12:00,0.0,1011.9,1011.9,1011.2,805,27.0,23.8,27.4,26.6,24.1,23.4,86,81,83,52,4.2,1.6,N,PA,SOURE,A227,-0.72777777,-48.51583333,12.54
730,2019-05-02,16:00,0.0,1010.4,1011.7,1010.4,2717,28.2,23.9,28.6,26.8,25.1,23.7,86,77,78,29,5.3,1.9,N,PA,SOURE,A227,-0.72777777,-48.51583333,12.54
731,2019-05-02,20:00,0.0,1007.9,1007.9,1007.8,1191,27.6,23.6,29.1,27.5,24.1,23.2,79,73,79,31,6.2,2.5,N,PA,SOURE,A227,-0.72777777,-48.51583333,12.54
732,2019-05-03,00:00,0.0,1010.5,1010.5,1010.0,-9999,26.6,23.7,26.7,26.3,23.8,23.5,85,84,84,47,4.7,1.5,N,PA,SOURE,A227,-0.72777777,-48.51583333,12.54
733,2019-05-03,04:00,0.0,1009.7,1010.8,1009.6,-9999,26.8,23.8,26.9,26.7,23.8,23.2,84,81,84,89,4.8,1.7,N,PA,SOURE,A227,-0.72777777,-48.51583333,12.54
734,2019-05-03,08:00,-9999.0,-9999.0,-9999.0,-9999.0,-9999,-9999.0,-9999.0,-9999.0,-9999.0,-9999.0,-9999.0,-9999,-9999,-9999,-9999,-9999.0,-9999.0,N,PA,SOURE,A227,-0.72777777,-48.51583333,12.54
735,2019-05-03,12:00,0.0,1011.2,1011.3,1010.7,997,27.7,23.7,28.7,27.1,24.7,23.5,83,78,79,72,6.0,3.2,N,PA,SOURE,A227,-0.72777777,-48.51583333,12.54
736,2019-05-03,16:00,0.0,1009.7,1010.7,1009.6,2781,29.9,23.7,30.6,29.1,25.0,23.5,76,69,69,34,7.3,3.3,N,PA,SOURE,A227,-0.72777777,-48.51583333,12.54
737,2019-05-03,20:00,0.0,1007.6,1007.8,1007.4,514,27.6,23.7,27.7,27.4,23.8,23.3,80,78,79,44,6.8,2.8,N,PA,SOURE,A227,-0.72777777,-48.51583333,12.54
738,2019-05-04,00:00,0.0,1010.3,1010.4,1009.4,-9999,27.3,23.6,27.4,27.2,23.7,23.5,81,79,81,49,7.4,1.8,N,PA,SOURE,A227,-0.72777777,-48.51583333,12.54
739,2019-05-04,04:00,0.0,1010.1,1010.6,1010.0,-9999,27.2,23.0,27.5,27.0,23.3,23.0,79,77,78,69,7.3,2.8,N,PA,SOURE,A227,-0.72777777,-48.51583333,12.54
740,2019-05-04,08:00,0.0,1008.9,1008.9,1008.6,-9999,26.5,23.1,26.5,26.0,23.2,22.3,84,79,82,76,8.8,2.5,N,PA,SOURE,A227,-0.72777777,-48.51583333,12.54
741,2019-05-04,12:00,0.0,1011.6,1011.6,1010.8,1407,29.1,23.9,29.5,27.8,24.7,23.4,80,72,73,68,7.7,3.6,N,PA,SOURE,A227,-0.72777777,-48.51583333,12.54
742,2019-05-04,16:00,0.0,1009.2,1010.5,1009.2,2942,29.7,24.3,30.6,29.4,25.1,23.7,74,70,73,32,8.6,3.6,N,PA,SOURE,A227,-0.72777777,-48.51583333,12.54
743,2019-05-04,20:00,0.4,1007.1,1007.5,1007.0,271,25.3,23.4,26.0,24.9,23.9,23.1,90,87,90,45,8.7,1.6,N,PA,SOURE,A227,-0.72777777,-48.51583333,12.54
744,2019-05-05,00:00,0.0,1009.5,1009.5,1008.4,1,27.1,23.8,27.1,26.8,24.1,23.7,85,83,83,52,6.3,2.9,N,PA,SOURE,A227,-0.72777777,-48.51583333,12.54
745,2019-05-05,04:00,0.0,1009.4,1010.0,1009.4,-9999,27.4,23.7,27.5,27.3,23.7,23.3,80,78,80,54,7.4,2.4,N,PA,SOURE,A227,-0.72777777,-48.51583333,12.54
746,2019-05-05,08:00,0.0,1009.0,1009.0,1008.5,-9999,27.2,23.8,27.3,27.1,23.9,23.6,83,80,82,67,5.7,2.4,N,PA,SOURE,A227,-0.72777777,-48.51583333,12.54
747,2019-05-05,12:00,0.0,1010.8,1010.8,1010.4,1058,28.8,24.7,28.9,27.9,24.9,24.1,81,77,79,78,5.5,2.6,N,PA,SOURE,A227,-0.72777777,-48.51583333,12.54
748,2019-05-05,16:00,0.0,1009.4,1010.1,1009.4,1658,29.2,24.1,30.7,29.1,24.6,23.8,75,68,74,33,6.9,3.1,N,PA,SOURE,A227,-0.72777777,-48.51583333,12.54
749,2019-05-05,20:00,0.0,1008.0,1008.1,1007.9,870,26.9,23.4,26.9,24.9,24.0,23.2,91,81,81,27,3.4,0.9,N,PA,SOURE,A227,-0.72777777,-48.51583333,12.54
750,2019-05-06,00:00,2.0,1010.6,1010.6,1010.0,1,24.7,22.8,26.1,24.4,23.8,22.0,89,84,89,93,11.5,2.7,N,PA,SOURE,A227,-0.72777777,-48.51583333,12.54
751,2019-05-06,04:00,0.0,1009.8,1010.3,1009.8,-9999,25.8,22.5,25.9,25.6,22.8,22.3,84,81,82,60,5.7,2.3,N,PA,SOURE,A227,-0.72777777,-48.51583333,12.54
752,2019-05-06,08:00,0.0,1009.4,1009.4,1009.0,-9999,26.4,23.6,26.4,26.1,23.6,23.2,85,83,84,46,4.7,1.6,N,PA,SOURE,A227,-0.72777777,-48.51583333,12.54
753,2019-05-06,12:00,0.0,1012.2,1012.2,1011.8,1371,28.9,24.5,29.4,28.5,25.2,24.2,79,76,77,79,4.3,2.0,N,PA,SOURE,A227,-0.72777777,-48.51583333,12.54
754,2019-05-06,16:00,0.0,1010.4,1011.6,1010.4,2276,30.4,24.3,31.2,29.8,25.5,23.9,74,68,70,51,5.9,2.5,N,PA,SOURE,A227,-0.72777777,-48.51583333,12.54
755,2019-05-06,20:00,0.0,1009.8,1009.8,1009.5,223,26.7,24.0,26.8,26.3,24.4,23.8,88,84,85,76,4.0,2.1,N,PA,SOURE,A227,-0.72777777,-48.51583333,12.54
756,2019-05-07,00:00,0.0,1012.0,1012.0,1011.4,-9999,26.0,23.7,26.2,26.0,23.7,23.5,87,85,87,19,3.5,1.7,N,PA,SOURE,A227,-0.72777777,-48.51583333,12.54
757,2019-05-07,04:00,0.0,1010.3,1011.3,1010.3,-9999,26.5,23.3,26.6,25.4,24.2,23.2,91,82,83,50,4.9,1.3,N,PA,SOURE,A227,-0.72777777,-48.51583333,12.54
758,2019-05-07,08:00,0.0,1009.5,1009.7,1009.5,-9999,25.5,23.8,25.6,25.5,23.8,23.5,91,89,91,329,1.4,0.2,N,PA,SOURE,A227,-0.72777777,-48.51583333,12.54
759,2019-05-07,12:00,0.0,1011.3,1011.3,1010.5,1022,29.1,24.4,29.2,27.7,25.6,24.0,84,76,76,33,5.1,2.2,N,PA,SOURE,A227,-0.72777777,-48.51583333,12.54
760,2019-05-07,16:00,0.0,1010.0,1010.8,1009.9,2791,29.6,24.4,30.6,29.3,24.6,23.6,74,68,74,39,7.9,3.5,N,PA,SOURE,A227,-0.72777777,-48.51583333,12.54
761,2019-05-07,20:00,8.4,1009.7,1009.7,1009.2,42,24.6,23.1,25.4,24.4,23.7,22.8,92,88,92,84,8.1,2.1,N,PA,SOURE,A227,-0.72777777,-48.51583333,12.54
762,2019-05-08,00:00,4.4,1012.0,1012.2,1011.7,-9999,24.2,23.1,24.3,24.0,23.2,22.8,93,93,93,115,9.2,4.7,N,PA,SOURE,A227,-0.72777777,-48.51583333,12.54
763,2019-05-08,04:00,0.0,1011.5,1012.6,1011.5,1,24.8,22.5,24.8,24.6,23.0,22.4,90,87,87,109,6.2,3.0,N,PA,SOURE,A227,-0.72777777,-48.51583333,12.54
764,2019-05-08,08:00,0.0,1009.2,1009.5,1009.0,-9999,23.9,22.3,24.2,23.9,22.3,22.0,90,88,90,335,0.2,0.0,N,PA,SOURE,A227,-0.72777777,-48.51583333,12.54
765,2019-05-08,12:00,0.0,1011.6,1011.6,1011.2,1099,27.2,23.6,28.4,26.0,24.9,23.6,89,80,81,109,5.2,3.2,N,PA,SOURE,A227,-0.72777777,-48.51583333,12.54
766,2019-05-08,16:00,0.0,1009.9,1011.1,1009.9,2961,29.6,23.4,30.0,28.5,24.2,22.6,73,66,69,49,5.4,2.7,N,PA,SOURE,A227,-0.72777777,-48.51583333,12.54
767,2019-05-08,20:00,0.0,1007.9,1008.1,1007.9,842,28.3,23.8,29.1,28.2,23.8,22.8,76,69,76,28,6.6,2.5,N,PA,SOURE,A227,-0.72777777,-48.51583333,12.54
768,2019-05-09,00:00,0.0,1009.5,1009.5,1008.9,-9999,26.6,23.2,27.8,26.6,23.8,23.1,82,78,82,97,9.1,4.4,N,PA,SOURE,A227,-0.72777777,-48.51583333,12.54
769,2019-05-09,04:00,0.0,1009.5,1010.0,1009.5,-9999,26.2,23.7,26.3,25.9,23.7,23.0,86,84,86,73,3.0,0.9,N,PA,SOURE,A227,-0.72777777,-48.51583333,12.54
770,2019-05-09,08:00,0.0,1008.6,1008.6,1008.2,-9999,26.1,24.0,26.4,26.0,24.2,24.0,89,88,89,109,2.1,0.0,N,PA,SOURE,A227,-0.72777777,-48.51583333,12.54
771,2019-05-09,12:00,0.0,1010.4,1010.4,1009.8,1629,29.1,24.5,29.5,28.5,25.1,24.2,79,75,76,69,5.6,3.3,N,PA,SOURE,A227,-0.72777777,-48.51583333,12.54
772,2019-05-09,16:00,0.8,1009.5,1009.9,1009.4,887,26.7,24.3,29.2,25.7,24.4,22.9,87,74,87,63,6.1,2.3,N,PA,SOURE,A227,-0.72777777,-48.51583333,12.54
773,2019-05-09,20:00,0.0,1007.0,1007.0,1006.2,436,27.9,23.9,28.2,27.8,24.4,23.8,81,77,79,38,7.7,3.0,N,PA,SOURE,A227,-0.72777777,-48.51583333,12.54
774,2019-05-10,00:00,0.0,1009.0,1009.0,1007.9,-9999,26.6,23.9,27.0,26.6,24.0,23.6,86,82,85,94,5.8,1.8,N,PA,SOURE,A227,-0.72777777,-48.51583333,12.54
775,2019-05-10,04:00,0.0,1008.2,1009.0,1008.2,3,26.4,24.0,26.4,25.6,24.1,23.9,90,87,87,93,6.1,2.7,N,PA,SOURE,A227,-0.72777777,-48.51583333,12.54
776,2019-05-10,08:00,0.6,1007.2,1007.7,1007.2,-9999,25.0,22.4,25.1,24.5,23.1,22.3,91,85,85,84,10.0,3.9,N,PA,SOURE,A227,-0.72777777,-48.51583333,12.54
777,2019-05-10,12:00,0.0,1009.4,1009.4,1009.1,876,27.4,23.8,27.4,26.2,23.9,23.3,84,80,81,93,5.8,2.2,N,PA,SOURE,A227,-0.72777777,-48.51583333,12.54
778,2019-05-10,16:00,0.0,1007.4,1008.7,1007.4,2153,29.5,24.1,29.8,28.1,24.6,23.7,79,71,73,98,4.4,1.7,N,PA,SOURE,A227,-0.72777777,-48.51583333,12.54
779,2019-05-10,20:00,2.6,1006.9,1007.3,1006.6,103,24.1,22.5,26.5,24.0,24.8,22.4,92,87,91,92,14.6,3.5,N,PA,SOURE,A227,-0.72777777,-48.51583333,12.54
780,2019-05-11,00:00,-9999.0,-9999.0,-9999.0,-9999.0,-9999,-9999.0,-9999.0,-9999.0,-9999.0,-9999.0,-9999.0,-9999,-9999,-9999,-9999,-9999.0,-9999.0,N,PA,SOURE,A227,-0.72777777,-48.51583333,12.54
781,2019-05-11,04:00,-9999.0,-9999.0,-9999.0,-9999.0,-9999,-9999.0,-9999.0,-9999.0,-9999.0,-9999.0,-9999.0,-9999,-9999,-9999,-9999,-9999.0,-9999.0,N,PA,SOURE,A227,-0.72777777,-48.51583333,12.54
782,2019-05-11,08:00,-9999.0,-9999.0,-9999.0,-9999.0,-9999,-9999.0,-9999.0,-9999.0,-9999.0,-9999.0,-9999.0,-9999,-9999,-9999,-9999,-9999.0,-9999.0,N,PA,SOURE,A227,-0.72777777,-48.51583333,12.54
783,2019-05-11,12:00,-9999.0,-9999.0,-9999.0,-9999.0,-9999,-9999.0,-9999.0,-9999.0,-9999.0,-9999.0,-9999.0,-9999,-9999,-9999,-9999,-9999.0,-9999.0,N,PA,SOURE,A227,-0.72777777,-48.51583333,12.54
784,2019-05-11,16:00,-9999.0,-9999.0,-9999.0,-9999.0,-9999,-9999.0,-9999.0,-9999.0,-9999.0,-9999.0,-9999.0,-9999,-9999,-9999,-9999,-9999.0,-9999.0,N,PA,SOURE,A227,-0.72777777,-48.51583333,12.54
785,2019-05-11,20:00,-9999.0,-9999.0,-9999.0,-9999.0,-9999,-9999.0,-9999.0,-9999.0,-9999.0,-9999.0,-9999.0,-9999,-9999,-9999,-9999,-9999.0,-9999.0,N,PA,SOURE,A227,-0.72777777,-48.51583333,12.54
786,2019-05-12,00:00,-9999.0,-9999.0,-9999.0,-9999.0,-9999,-9999.0,-9999.0,-9999.0,-9999.0,-9999.0,-9999.0,-9999,-9999,-9999,-9999,-9999.0,-9999.0,N,PA,SOURE,A227,-0.72777777,-48.51583333,12.54
787,2019-05-12,04:00,-9999.0,-9999.0,-9999.0,-9999.0,-9999,-9999.0,-9999.0,-9999.0,-9999.0,-9999.0,-9999.0,-9999,-9999,-9999,-9999,-9999.0,-9999.0,N,PA,SOURE,A227,-0.72777777,-48.51583333,12.54
788,2019-05-12,08:00,-9999.0,-9999.0,-9999.0,-9999.0,-9999,-9999.0,-9999.0,-9999.0,-9999.0,-9999.0,-9999.0,-9999,-9999,-9999,-9999,-9999.0,-9999.0,N,PA,SOURE,A227,-0.72777777,-48.51583333,12.54
789,2019-05-12,12:00,-9999.0,-9999.0,-9999.0,-9999.0,-9999,-9999.0,-9999.0,-9999.0,-9999.0,-9999.0,-9999.0,-9999,-9999,-9999,-9999,-9999.0,-9999.0,N,PA,SOURE,A227,-0.72777777,-48.51583333,12.54
790,2019-05-12,16:00,4.4,1011.5,1012.5,1010.5,446,23.0,22.0,29.3,22.5,25.1,20.5,94,76,94,124,12.7,2.9,N,PA,SOURE,A227,-0.72777777,-48.51583333,12.54
791,2019-05-12,20:00,-9999.0,-9999.0,-9999.0,-9999.0,-9999,-9999.0,-9999.0,-9999.0,-9999.0,-9999.0,-9999.0,-9999,-9999,-9999,-9999,-9999.0,-9999.0,N,PA,SOURE,A227,-0.72777777,-48.51583333,12.54
792,2019-05-13,00:00,-9999.0,-9999.0,-9999.0,-9999.0,-9999,-9999.0,-9999.0,-9999.0,-9999.0,-9999.0,-9999.0,-9999,-9999,-9999,-9999,-9999.0,-9999.0,N,PA,SOURE,A227,-0.72777777,-48.51583333,12.54
793,2019-05-13,04:00,-9999.0,-9999.0,-9999.0,-9999.0,-9999,-9999.0,-9999.0,-9999.0,-9999.0,-9999.0,-9999.0,-9999,-9999,-9999,-9999,-9999.0,-9999.0,N,PA,SOURE,A227,-0.72777777,-48.51583333,12.54
794,2019-05-13,08:00,-9999.0,-9999.0,-9999.0,-9999.0,-9999,-9999.0,-9999.0,-9999.0,-9999.0,-9999.0,-9999.0,-9999,-9999,-9999,-9999,-9999.0,-9999.0,N,PA,SOURE,A227,-0.72777777,-48.51583333,12.54
795,2019-05-13,12:00,0.0,1012.3,1012.4,1012.2,1620,29.4,24.4,29.8,28.7,25.0,23.8,78,74,74,31,5.4,2.7,N,PA,SOURE,A227,-0.72777777,-48.51583333,12.54
796,2019-05-13,16:00,0.0,1011.0,1011.8,1010.9,2607,29.5,24.4,30.5,28.6,25.7,24.0,81,71,74,34,7.6,3.5,N,PA,SOURE,A227,-0.72777777,-48.51583333,12.54
797,2019-05-13,20:00,0.0,1009.0,1009.0,1008.7,1433,29.3,24.1,29.6,28.8,24.5,23.6,76,72,74,20,9.7,2.6,N,PA,SOURE,A227,-0.72777777,-48.51583333,12.54
798,2019-05-14,00:00,0.0,1011.7,1011.8,1011.2,-9999,27.1,23.7,27.2,27.0,23.8,23.5,82,80,82,42,5.0,1.3,N,PA,SOURE,A227,-0.72777777,-48.51583333,12.54
799,2019-05-14,04:00,0.0,1011.4,1011.8,1011.4,-9999,25.9,23.3,26.5,25.8,23.3,23.0,86,82,86,360,4.8,0.1,N,PA,SOURE,A227,-0.72777777,-48.51583333,12.54
800,2019-05-14,08:00,0.2,1010.6,1010.6,1010.4,-9999,25.0,23.3,25.0,24.7,23.3,22.9,90,89,90,299,1.7,0.1,N,PA,SOURE,A227,-0.72777777,-48.51583333,12.54
801,2019-05-14,12:00,0.0,1012.3,1012.3,1012.0,1510,29.6,24.4,29.6,28.3,25.4,23.7,85,74,74,48,6.2,2.5,N,PA,SOURE,A227,-0.72777777,-48.51583333,12.54
802,2019-05-14,16:00,0.0,1010.6,1011.6,1010.6,2832,30.5,24.4,31.0,29.9,24.9,23.6,73,67,70,35,7.7,3.1,N,PA,SOURE,A227,-0.72777777,-48.51583333,12.54
803,2019-05-14,20:00,0.0,1008.0,1008.0,1007.4,1109,28.4,23.6,29.6,28.4,24.1,23.5,76,72,75,33,8.7,3.7,N,PA,SOURE,A227,-0.72777777,-48.51583333,12.54
804,2019-05-15,00:00,0.0,1010.8,1010.9,1010.2,-9999,27.1,23.3,27.4,27.1,23.4,23.1,80,78,80,47,6.4,1.6,N,PA,SOURE,A227,-0.72777777,-48.51583333,12.54
805,2019-05-15,04:00,0.0,1010.5,1011.2,1010.5,-9999,26.9,23.1,27.1,26.8,23.7,23.1,82,80,80,63,4.9,2.0,N,PA,SOURE,A227,-0.72777777,-48.51583333,12.54
806,2019-05-15,08:00,0.0,1009.5,1009.6,1009.4,-9999,26.1,23.3,26.6,25.6,23.7,23.2,88,83,84,64,3.7,0.1,N,PA,SOURE,A227,-0.72777777,-48.51583333,12.54
807,2019-05-15,12:00,0.0,1011.7,1011.7,1011.1,1461,29.0,24.4,29.0,26.9,25.5,24.0,90,76,76,34,5.2,2.5,N,PA,SOURE,A227,-0.72777777,-48.51583333,12.54
808,2019-05-15,16:00,0.0,1009.9,1010.8,1009.8,2688,29.8,24.2,30.8,29.4,25.2,23.5,73,68,72,29,6.9,3.1,N,PA,SOURE,A227,-0.72777777,-48.51583333,12.54
809,2019-05-15,20:00,0.0,1008.1,1008.2,1008.1,310,27.7,23.3,28.3,27.7,23.4,23.2,77,74,77,28,5.6,2.3,N,PA,SOURE,A227,-0.72777777,-48.51583333,12.54
810,2019-05-16,00:00,0.0,1011.1,1011.1,1010.3,-9999,26.5,23.3,27.4,26.1,23.3,22.8,83,78,83,33,6.0,1.1,N,PA,SOURE,A227,-0.72777777,-48.51583333,12.54
811,2019-05-16,04:00,0.0,1010.4,1011.2,1010.4,-9999,26.7,23.0,26.9,26.7,23.4,23.0,82,80,80,22,3.9,1.4,N,PA,SOURE,A227,-0.72777777,-48.51583333,12.54
812,2019-05-16,08:00,0.2,1009.6,1009.6,1009.3,-9999,24.8,23.2,25.4,24.8,23.5,23.1,91,89,91,326,1.9,0.1,N,PA,SOURE,A227,-0.72777777,-48.51583333,12.54
813,2019-05-16,12:00,0.0,1012.3,1012.3,1011.3,1275,29.3,23.8,29.4,27.7,24.7,23.6,80,72,73,38,5.5,2.7,N,PA,SOURE,A227,-0.72777777,-48.51583333,12.54
814,2019-05-16,16:00,0.0,1010.6,1011.4,1010.6,1357,29.3,23.7,30.4,28.8,24.2,23.1,75,69,72,18,5.4,2.9,N,PA,SOURE,A227,-0.72777777,-48.51583333,12.54
815,2019-05-16,20:00,0.0,1008.7,1008.8,1008.5,234,27.6,23.7,28.2,27.6,23.8,23.4,80,76,79,45,4.6,1.7,N,PA,SOURE,A227,-0.72777777,-48.51583333,12.54
816,2019-05-17,00:00,0.0,1011.5,1011.5,1010.8,-9999,26.0,23.8,26.3,25.9,23.8,23.4,88,84,88,340,0.0,0.0,N,PA,SOURE,A227,-0.72777777,-48.51583333,12.54
817,2019-05-17,04:00,0.0,1010.9,1011.7,1010.9,-9999,24.8,23.3,24.9,24.6,23.4,23.0,91,90,91,233,1.1,0.3,N,PA,SOURE,A227,-0.72777777,-48.51583333,12.54
818,2019-05-17,08:00,0.0,1010.0,1010.0,1009.6,-9999,23.4,22.2,23.4,23.2,22.3,22.0,93,93,93,92,1.5,0.0,N,PA,SOURE,A227,-0.72777777,-48.51583333,12.54
819,2019-05-17,12:00,0.0,1012.2,1012.3,1011.6,1169,27.2,24.0,28.1,25.1,25.9,23.7,92,82,83,203,2.8,1.1,N,PA,SOURE,A227,-0.72777777,-48.51583333,12.54
820,2019-05-17,16:00,0.0,1009.8,1011.2,1009.8,2832,28.7,23.8,29.6,28.4,24.9,23.2,78,71,75,123,4.3,2.1,N,PA,SOURE,A227,-0.72777777,-48.51583333,12.54
821,2019-05-17,20:00,0.0,1009.0,1009.2,1008.9,38,25.2,23.1,25.3,25.0,23.3,22.9,89,87,89,77,1.7,0.0,N,PA,SOURE,A227,-0.72777777,-48.51583333,12.54
822,2019-05-18,00:00,0.0,1011.0,1011.0,1010.4,-9999,24.8,23.5,24.8,24.6,23.5,23.3,93,92,93,217,1.5,0.6,N,PA,SOURE,A227,-0.72777777,-48.51583333,12.54
823,2019-05-18,04:00,0.0,1010.0,1011.0,1010.0,-9999,24.2,23.0,24.4,24.2,23.2,23.0,93,93,93,270,2.1,0.2,N,PA,SOURE,A227,-0.72777777,-48.51583333,12.54
824,2019-05-18,08:00,0.0,1009.2,1009.2,1008.8,-9999,23.9,22.8,24.0,23.8,22.9,22.7,94,93,94,298,1.8,0.1,N,PA,SOURE,A227,-0.72777777,-48.51583333,12.54
825,2019-05-18,12:00,0.0,1011.4,1011.4,1011.2,1237,27.8,24.6,28.4,25.7,26.6,24.2,93,83,83,130,3.2,1.7,N,PA,SOURE,A227,-0.72777777,-48.51583333,12.54
826,2019-05-18,16:00,0.0,1009.8,1011.0,1009.8,783,28.0,23.4,29.5,27.8,23.8,22.9,78,70,76,63,5.0,0.9,N,PA,SOURE,A227,-0.72777777,-48.51583333,12.54
827,2019-05-18,20:00,0.0,1007.8,1007.8,1007.6,398,26.6,23.9,26.6,25.7,24.0,23.0,86,85,85,69,2.6,0.9,N,PA,SOURE,A227,-0.72777777,-48.51583333,12.54
828,2019-05-19,00:00,0.0,1010.2,1010.3,1009.2,-9999,26.6,23.1,26.8,26.5,23.6,22.9,83,80,81,45,5.9,1.1,N,PA,SOURE,A227,-0.72777777,-48.51583333,12.54
829,2019-05-19,04:00,0.0,1009.4,1010.0,1009.4,-9999,26.8,23.7,27.0,26.7,23.7,23.5,83,82,83,51,5.2,1.7,N,PA,SOURE,A227,-0.72777777,-48.51583333,12.54
830,2019-05-19,08:00,0.0,1008.7,1008.8,1008.3,-9999,26.7,23.9,26.8,26.6,24.1,23.9,86,85,85,83,5.4,2.7,N,PA,SOURE,A227,-0.72777777,-48.51583333,12.54
831,2019-05-19,12:00,0.0,1011.2,1011.2,1010.7,1282,28.5,24.6,28.8,27.5,25.1,24.0,82,78,80,102,5.8,3.1,N,PA,SOURE,A227,-0.72777777,-48.51583333,12.54
832,2019-05-19,16:00,0.0,1009.9,1011.0,1009.9,2665,28.2,23.7,29.7,28.0,24.8,23.1,77,72,77,53,6.9,3.6,N,PA,SOURE,A227,-0.72777777,-48.51583333,12.54
833,2019-05-19,20:00,0.0,1007.4,1007.5,1007.2,684,27.8,24.0,28.0,26.5,25.0,24.0,89,80,80,43,7.1,3.1,N,PA,SOURE,A227,-0.72777777,-48.51583333,12.54
834,2019-05-20,00:00,0.4,1010.1,1010.1,1009.6,-9999,26.1,24.0,26.6,25.9,24.0,23.5,88,84,88,73,6.7,1.6,N,PA,SOURE,A227,-0.72777777,-48.51583333,12.54
835,2019-05-20,04:00,0.2,1009.8,1010.4,1009.8,-9999,25.8,24.1,25.9,24.9,24.2,23.3,91,90,91,76,3.5,1.3,N,PA,SOURE,A227,-0.72777777,-48.51583333,12.54
836,2019-05-20,08:00,0.0,1008.3,1008.3,1008.2,-9999,25.7,23.9,26.0,25.7,24.2,23.8,90,90,90,97,3.1,1.0,N,PA,SOURE,A227,-0.72777777,-48.51583333,12.54
837,2019-05-20,12:00,0.0,1011.0,1011.0,1010.2,913,27.4,24.3,27.9,27.3,24.7,24.2,84,81,83,115,5.1,2.6,N,PA,SOURE,A227,-0.72777777,-48.51583333,12.54
838,2019-05-20,16:00,0.0,1009.2,1010.3,1009.2,2161,29.3,23.6,29.6,28.5,24.8,23.4,78,72,72,61,5.9,2.6,N,PA,SOURE,A227,-0.72777777,-48.51583333,12.54
839,2019-05-20,20:00,0.0,1008.0,1008.3,1007.8,190,27.7,23.2,29.5,27.7,24.6,23.2,78,74,77,96,6.6,2.5,N,PA,SOURE,A227,-0.72777777,-48.51583333,12.54
840,2019-05-21,00:00,0.0,1010.1,1010.1,1009.3,-9999,26.2,23.1,26.3,25.9,23.6,23.1,86,83,83,60,5.5,2.1,N,PA,SOURE,A227,-0.72777777,-48.51583333,12.54
841,2019-05-21,04:00,0.0,1010.5,1011.0,1010.5,-9999,25.9,23.1,26.1,25.8,23.4,23.0,86,84,84,81,3.1,1.2,N,PA,SOURE,A227,-0.72777777,-48.51583333,12.54
842,2019-05-21,08:00,0.0,1009.0,1009.0,1008.5,-9999,26.0,23.2,26.2,25.8,23.4,22.9,85,84,85,87,3.1,0.8,N,PA,SOURE,A227,-0.72777777,-48.51583333,12.54
843,2019-05-21,12:00,0.0,1011.0,1011.0,1010.4,1755,29.2,24.8,29.4,28.2,25.2,24.1,80,76,77,91,4.4,1.9,N,PA,SOURE,A227,-0.72777777,-48.51583333,12.54
844,2019-05-21,16:00,0.0,1009.8,1010.6,1009.8,2430,29.6,23.6,30.6,29.2,24.5,23.3,73,67,70,45,5.0,2.2,N,PA,SOURE,A227,-0.72777777,-48.51583333,12.54
845,2019-05-21,20:00,0.0,1007.5,1007.9,1007.5,191,27.1,23.2,27.4,27.0,24.1,23.1,84,78,79,80,7.3,2.4,N,PA,SOURE,A227,-0.72777777,-48.51583333,12.54
846,2019-05-22,00:00,0.2,1010.3,1010.4,1009.4,-9999,25.9,23.9,26.7,25.9,24.2,23.8,89,86,89,314,2.4,0.4,N,PA,SOURE,A227,-0.72777777,-48.51583333,12.54
847,2019-05-22,04:00,0.0,1010.6,1011.3,1010.6,-9999,25.0,23.7,25.2,24.9,23.8,23.6,92,92,92,169,0.7,0.0,N,PA,SOURE,A227,-0.72777777,-48.51583333,12.54
848,2019-05-22,08:00,0.0,1008.8,1008.9,1008.7,-9999,24.7,23.5,24.8,24.5,23.6,23.4,93,93,93,199,0.0,0.0,N,PA,SOURE,A227,-0.72777777,-48.51583333,12.54
849,2019-05-22,12:00,0.0,1011.2,1011.2,1010.4,1423,29.5,25.2,30.5,27.3,27.9,24.9,92,77,78,89,4.3,2.3,N,PA,SOURE,A227,-0.72777777,-48.51583333,12.54
850,2019-05-22,16:00,0.8,1010.1,1011.0,1010.1,1910,28.5,24.5,30.3,28.5,25.6,23.9,80,70,79,46,8.0,3.0,N,PA,SOURE,A227,-0.72777777,-48.51583333,12.54
851,2019-05-22,20:00,0.2,1008.8,1009.1,1008.6,143,25.0,22.6,28.1,24.9,24.4,22.3,87,77,86,68,10.8,2.7,N,PA,SOURE,A227,-0.72777777,-48.51583333,12.54
852,2019-05-23,00:00,0.0,1010.9,1010.9,1010.4,-9999,25.3,22.7,25.4,25.3,22.7,22.6,86,85,86,146,3.3,0.8,N,PA,SOURE,A227,-0.72777777,-48.51583333,12.54
853,2019-05-23,04:00,0.0,1010.5,1011.4,1010.5,-9999,24.4,22.4,24.9,24.4,22.6,22.1,89,84,89,97,0.8,0.0,N,PA,SOURE,A227,-0.72777777,-48.51583333,12.54
854,2019-05-23,08:00,0.0,1009.0,1009.0,1008.8,-9999,25.5,22.5,25.5,25.1,22.5,22.2,85,83,83,119,2.9,0.8,N,PA,SOURE,A227,-0.72777777,-48.51583333,12.54
855,2019-05-23,12:00,0.0,1011.6,1011.6,1011.1,1593,28.2,24.0,28.3,26.8,24.4,23.3,82,77,78,97,5.1,2.6,N,PA,SOURE,A227,-0.72777777,-48.51583333,12.54
856,2019-05-23,16:00,0.0,1010.1,1011.2,1010.1,2663,29.6,23.5,30.1,29.0,24.9,23.5,76,69,70,63,6.4,3.1,N,PA,SOURE,A227,-0.72777777,-48.51583333,12.54
857,2019-05-23,20:00,0.0,1007.8,1008.2,1007.7,1045,28.7,24.1,29.0,28.0,24.3,23.1,79,73,76,39,5.5,2.1,N,PA,SOURE,A227,-0.72777777,-48.51583333,12.54
858,2019-05-24,00:00,0.0,1010.1,1010.1,1009.6,-9999,26.6,23.5,26.6,26.1,23.5,22.3,83,79,83,30,3.6,1.7,N,PA,SOURE,A227,-0.72777777,-48.51583333,12.54
859,2019-05-24,04:00,0.0,1009.9,1010.4,1009.9,-9999,27.2,23.0,27.3,27.2,23.2,22.8,79,77,78,49,6.8,2.4,N,PA,SOURE,A227,-0.72777777,-48.51583333,12.54
860,2019-05-24,08:00,0.0,1009.5,1009.5,1009.1,-9999,27.0,23.0,27.1,26.8,23.2,22.8,79,78,79,60,6.2,2.2,N,PA,SOURE,A227,-0.72777777,-48.51583333,12.54
861,2019-05-24,12:00,0.0,1012.1,1012.1,1011.5,1467,30.2,24.2,30.2,28.7,24.6,23.0,74,70,70,74,6.5,2.2,N,PA,SOURE,A227,-0.72777777,-48.51583333,12.54
862,2019-05-24,16:00,0.0,1011.2,1012.0,1011.2,2879,30.3,23.1,31.0,29.9,23.8,22.8,67,63,66,64,8.2,3.9,N,PA,SOURE,A227,-0.72777777,-48.51583333,12.54
863,2019-05-24,20:00,0.0,1008.8,1009.2,1008.8,908,28.8,23.1,29.8,28.7,23.4,22.6,72,67,72,30,7.5,3.2,N,PA,SOURE,A227,-0.72777777,-48.51583333,12.54
864,2019-05-25,00:00,0.0,1010.3,1010.3,1009.7,-9999,27.4,23.1,27.6,27.3,23.3,23.0,78,77,77,45,5.5,1.8,N,PA,SOURE,A227,-0.72777777,-48.51583333,12.54
865,2019-05-25,04:00,0.0,1010.3,1010.5,1010.3,-9999,27.0,23.1,27.4,26.9,23.1,22.7,80,76,79,41,4.8,1.3,N,PA,SOURE,A227,-0.72777777,-48.51583333,12.54
866,2019-05-25,08:00,0.0,1009.7,1009.7,1009.5,-9999,27.1,22.8,27.2,27.0,23.2,22.7,79,77,77,55,5.8,2.5,N,PA,SOURE,A227,-0.72777777,-48.51583333,12.54
867,2019-05-25,12:00,0.0,1012.0,1012.0,1011.6,1291,29.4,23.9,29.8,27.9,24.3,23.0,78,69,72,64,6.2,2.6,N,PA,SOURE,A227,-0.72777777,-48.51583333,12.54
868,2019-05-25,16:00,0.0,1010.2,1011.1,1010.2,2750,30.5,23.0,31.2,30.0,24.2,23.0,68,63,64,38,6.3,3.0,N,PA,SOURE,A227,-0.72777777,-48.51583333,12.54
869,2019-05-25,20:00,0.0,1008.8,1008.8,1008.3,1088,29.2,23.5,29.7,28.7,23.8,23.1,72,69,72,34,8.1,3.1,N,PA,SOURE,A227,-0.72777777,-48.51583333,12.54
870,2019-05-26,00:00,0.0,1010.8,1010.8,1010.2,-9999,27.2,23.3,27.3,26.8,23.5,23.2,82,79,79,47,5.8,2.1,N,PA,SOURE,A227,-0.72777777,-48.51583333,12.54
871,2019-05-26,04:00,0.0,1009.9,1010.4,1009.9,-9999,26.8,23.6,27.1,26.2,24.1,23.6,86,83,83,74,5.5,1.9,N,PA,SOURE,A227,-0.72777777,-48.51583333,12.54
872,2019-05-26,08:00,0.0,1009.5,1009.5,1009.2,-9999,25.8,23.3,26.0,25.7,23.3,23.0,86,84,86,89,3.6,1.5,N,PA,SOURE,A227,-0.72777777,-48.51583333,12.54
873,2019-05-26,12:00,0.0,1011.6,1011.6,1010.9,1371,29.1,24.7,29.4,28.2,24.9,23.8,80,75,77,67,5.0,2.7,N,PA,SOURE,A227,-0.72777777,-48.51583333,12.54
874,2019-05-26,16:00,0.0,1009.7,1010.7,1009.7,2600,30.5,24.3,31.0,29.8,25.0,23.4,73,66,69,38,7.3,3.3,N,PA,SOURE,A227,-0.72777777,-48.51583333,12.54
875,2019-05-26,20:00,0.0,1008.5,1008.8,1008.5,169,26.3,24.2,26.3,25.3,24.3,23.6,90,88,88,48,3.0,1.1,N,PA,SOURE,A227,-0.72777777,-48.51583333,12.54
876,2019-05-27,00:00,0.0,1010.7,1010.7,1010.2,-9999,26.0,23.8,26.2,25.4,24.3,23.6,91,88,88,103,5.1,1.6,N,PA,SOURE,A227,-0.72777777,-48.51583333,12.54
877,2019-05-27,04:00,0.0,1010.4,1011.1,1010.4,-9999,25.5,23.8,26.4,25.5,24.4,23.8,90,89,90,259,2.6,0.0,N,PA,SOURE,A227,-0.72777777,-48.51583333,12.54
878,2019-05-27,08:00,0.0,1009.2,1009.3,1009.1,-9999,25.8,23.8,26.6,25.8,24.5,23.8,89,88,89,82,3.8,0.1,N,PA,SOURE,A227,-0.72777777,-48.51583333,12.54
879,2019-05-27,12:00,0.0,1011.5,1011.5,1011.0,1440,29.1,24.6,29.2,27.9,25.6,24.4,83,77,77,72,5.1,2.3,N,PA,SOURE,A227,-0.72777777,-48.51583333,12.54
880,2019-05-27,16:00,0.0,1009.9,1010.8,1009.9,2864,30.2,24.4,30.7,29.7,25.2,23.7,75,68,71,44,8.4,4.1,N,PA,SOURE,A227,-0.72777777,-48.51583333,12.54
881,2019-05-27,20:00,0.0,1008.4,1008.6,1007.7,360,28.1,22.8,28.8,28.1,23.5,22.7,74,71,73,59,8.8,3.8,N,PA,SOURE,A227,-0.72777777,-48.51583333,12.54
882,2019-05-28,00:00,0.0,1010.7,1010.7,1010.5,-9999,26.0,22.3,26.2,25.8,22.6,22.2,82,80,80,112,8.1,3.4,N,PA,SOURE,A227,-0.72777777,-48.51583333,12.54
883,2019-05-28,04:00,0.0,1010.4,1010.8,1010.4,-9999,26.1,23.4,26.1,25.3,23.4,22.7,86,85,85,96,3.2,1.2,N,PA,SOURE,A227,-0.72777777,-48.51583333,12.54
884,2019-05-28,08:00,0.0,1009.1,1009.1,1008.9,-9999,25.7,23.4,26.0,25.6,23.7,23.3,87,87,87,66,2.8,0.7,N,PA,SOURE,A227,-0.72777777,-48.51583333,12.54
885,2019-05-28,12:00,0.0,1011.2,1011.2,1010.7,1476,28.8,24.6,29.6,27.7,25.2,24.1,81,76,78,93,4.1,2.7,N,PA,SOURE,A227,-0.72777777,-48.51583333,12.54
886,2019-05-28,16:00,0.0,1009.7,1010.5,1009.6,2821,31.0,24.3,31.0,29.8,25.2,23.6,74,67,68,52,7.8,3.2,N,PA,SOURE,A227,-0.72777777,-48.51583333,12.54
887,2019-05-28,20:00,0.0,1008.5,1008.6,1008.0,1619,27.5,23.5,29.5,27.5,23.7,21.8,79,65,79,89,8.3,3.6,N,PA,SOURE,A227,-0.72777777,-48.51583333,12.54
888,2019-05-29,00:00,0.0,1011.1,1011.1,1010.4,-9999,26.8,23.3,26.8,26.5,23.8,23.3,84,81,81,78,5.6,2.1,N,PA,SOURE,A227,-0.72777777,-48.51583333,12.54
889,2019-05-29,04:00,0.0,1010.8,1011.6,1010.8,-9999,26.2,23.3,26.2,26.1,23.4,23.3,85,84,84,123,3.5,1.5,N,PA,SOURE,A227,-0.72777777,-48.51583333,12.54
890,2019-05-29,08:00,0.0,1009.8,1009.9,1009.6,-9999,25.8,23.1,26.0,25.8,23.2,23.1,85,84,85,129,3.8,1.2,N,PA,SOURE,A227,-0.72777777,-48.51583333,12.54
891,2019-05-29,12:00,0.0,1011.9,1012.0,1011.3,1572,28.8,24.5,28.9,28.0,24.7,23.8,80,77,77,89,4.8,2.2,N,PA,SOURE,A227,-0.72777777,-48.51583333,12.54
892,2019-05-29,16:00,0.0,1010.1,1011.1,1010.1,2732,29.9,23.9,30.5,29.5,24.4,23.1,73,67,70,71,6.6,3.1,N,PA,SOURE,A227,-0.72777777,-48.51583333,12.54
893,2019-05-29,20:00,0.0,1009.1,1009.2,1008.6,588,28.3,23.3,28.5,28.1,24.1,22.4,78,70,74,68,6.7,2.1,N,PA,SOURE,A227,-0.72777777,-48.51583333,12.54
894,2019-05-30,00:00,0.0,1011.2,1011.2,1010.2,-9999,27.0,23.0,27.1,26.6,23.3,22.6,82,77,79,83,7.2,3.5,N,PA,SOURE,A227,-0.72777777,-48.51583333,12.54
895,2019-05-30,04:00,0.0,1010.3,1010.9,1010.3,-9999,26.4,23.6,26.5,26.3,23.6,23.1,85,82,85,78,5.3,2.3,N,PA,SOURE,A227,-0.72777777,-48.51583333,12.54
896,2019-05-30,08:00,0.0,1009.5,1009.5,1009.1,-9999,26.5,22.9,26.8,26.5,23.9,22.9,85,80,81,91,7.9,2.8,N,PA,SOURE,A227,-0.72777777,-48.51583333,12.54
897,2019-05-30,12:00,0.0,1011.6,1011.6,1011.2,1288,29.4,24.1,29.4,28.3,24.2,23.0,76,71,73,70,7.5,3.0,N,PA,SOURE,A227,-0.72777777,-48.51583333,12.54
898,2019-05-30,16:00,0.0,1010.0,1011.0,1010.0,2964,30.7,23.5,31.3,30.4,24.5,23.2,68,64,66,47,8.2,3.4,N,PA,SOURE,A227,-0.72777777,-48.51583333,12.54
899,2019-05-30,20:00,0.2,1008.7,1008.7,1007.9,847,26.4,23.7,26.5,25.3,23.9,22.0,86,82,85,88,8.5,2.5,N,PA,SOURE,A227,-0.72777777,-48.51583333,12.54
900,2019-05-31,00:00,0.0,1010.3,1010.3,1009.4,-9999,26.8,24.0,27.1,26.8,24.0,23.6,85,82,84,107,5.3,1.9,N,PA,SOURE,A227,-0.72777777,-48.51583333,12.54
901,2019-05-31,04:00,0.0,1010.2,1010.9,1010.2,-9999,26.6,23.8,26.8,26.5,23.9,23.7,85,84,85,89,5.0,2.1,N,PA,SOURE,A227,-0.72777777,-48.51583333,12.54
902,2019-05-31,08:00,0.0,1009.0,1009.0,1008.6,-9999,26.0,23.0,26.3,26.0,23.1,22.8,84,82,84,96,4.8,2.4,N,PA,SOURE,A227,-0.72777777,-48.51583333,12.54
903,2019-05-31,12:00,0.0,1011.4,1011.4,1010.9,877,27.7,23.2,28.6,27.1,24.6,23.2,82,76,77,108,7.4,3.2,N,PA,SOURE,A227,-0.72777777,-48.51583333,12.54
904,2019-05-31,16:00,0.8,1010.4,1010.9,1010.4,1401,26.9,24.7,30.3,25.9,24.9,22.9,89,67,88,79,8.2,2.6,N,PA,SOURE,A227,-0.72777777,-48.51583333,12.54
905,2019-05-31,20:00,0.0,1008.4,1008.4,1007.9,1006,28.2,23.1,29.3,28.2,23.9,22.8,74,70,74,50,9.8,3.4,N,PA,SOURE,A227,-0.72777777,-48.51583333,12.54
906,2019-06-01,00:00,-9999.0,1010.8,1010.8,1010.2,-9999,27.7,22.7,27.9,27.7,22.7,22.5,74,73,74,62,8.9,2.5,N,PA,SOURE,A227,-0.72777777,-48.51583333,12.54
907,2019-06-01,04:00,-9999.0,1010.7,1011.5,1010.7,-9999,24.6,23.1,24.6,24.1,23.1,22.5,92,91,92,309,3.8,0.0,N,PA,SOURE,A227,-0.72777777,-48.51583333,12.54
908,2019-06-01,08:00,-9999.0,1009.2,1009.3,1009.1,-9999,24.1,22.9,24.2,24.1,23.0,22.9,93,93,93,357,1.5,0.1,N,PA,SOURE,A227,-0.72777777,-48.51583333,12.54
909,2019-06-01,12:00,-9999.0,1011.2,1011.2,1010.7,1559,28.5,24.5,29.1,28.1,25.8,24.3,85,78,79,65,5.4,2.4,N,PA,SOURE,A227,-0.72777777,-48.51583333,12.54
910,2019-06-01,16:00,-9999.0,1009.6,1010.6,1009.6,2745,30.5,24.1,30.8,29.8,24.9,23.4,72,67,69,39,7.8,3.7,N,PA,SOURE,A227,-0.72777777,-48.51583333,12.54
911,2019-06-01,20:00,-9999.0,1008.1,1008.3,1007.8,703,27.4,23.3,29.2,27.4,23.6,22.0,79,67,78,55,7.9,3.9,N,PA,SOURE,A227,-0.72777777,-48.51583333,12.54
912,2019-06-02,00:00,-9999.0,1011.3,1011.3,1010.4,-9999,26.5,23.1,26.7,26.4,23.1,22.9,82,80,82,103,5.3,2.6,N,PA,SOURE,A227,-0.72777777,-48.51583333,12.54
913,2019-06-02,04:00,-9999.0,1010.7,1011.6,1010.7,-9999,26.1,23.3,26.3,25.8,23.3,22.9,85,82,85,82,4.2,1.6,N,PA,SOURE,A227,-0.72777777,-48.51583333,12.54
914,2019-06-02,08:00,-9999.0,1009.2,1009.2,1009.1,-9999,25.5,22.6,25.8,25.5,22.6,22.5,84,82,84,97,3.2,0.7,N,PA,SOURE,A227,-0.72777777,-48.51583333,12.54
915,2019-06-02,12:00,-9999.0,1011.6,1011.6,1010.5,962,28.1,24.2,28.8,27.7,24.7,23.5,81,76,80,61,3.7,1.8,N,PA,SOURE,A227,-0.72777777,-48.51583333,12.54
916,2019-06-02,16:00,-9999.0,1010.5,1011.4,1010.5,2602,30.0,23.2,31.2,29.7,25.0,23.1,72,66,67,27,6.4,3.1,N,PA,SOURE,A227,-0.72777777,-48.51583333,12.54
917,2019-06-02,20:00,-9999.0,1009.1,1009.1,1008.8,961,29.1,23.0,29.9,29.0,23.6,22.8,70,67,70,38,7.1,2.9,N,PA,SOURE,A227,-0.72777777,-48.51583333,12.54
918,2019-06-03,00:00,-9999.0,1011.0,1011.0,1010.3,-9999,27.8,22.6,28.1,27.8,22.8,22.5,74,72,74,59,6.3,2.9,N,PA,SOURE,A227,-0.72777777,-48.51583333,12.54
919,2019-06-03,04:00,-9999.0,1011.4,1011.9,1011.4,-9999,27.4,22.2,27.7,27.2,23.0,22.2,77,72,73,68,6.6,2.7,N,PA,SOURE,A227,-0.72777777,-48.51583333,12.54
920,2019-06-03,08:00,-9999.0,1011.2,1011.2,1010.6,-9999,27.0,23.1,27.3,27.0,23.1,22.6,79,76,79,76,5.2,1.6,N,PA,SOURE,A227,-0.72777777,-48.51583333,12.54
921,2019-06-03,12:00,-9999.0,1014.0,1014.0,1013.1,1512,29.5,22.8,30.3,29.1,23.6,22.5,71,65,67,60,6.3,3.1,N,PA,SOURE,A227,-0.72777777,-48.51583333,12.54
922,2019-06-03,16:00,-9999.0,1013.2,1014.2,1013.2,2730,31.1,23.8,31.5,30.3,23.8,22.5,66,61,65,45,7.1,2.9,N,PA,SOURE,A227,-0.72777777,-48.51583333,12.54
923,2019-06-03,20:00,-9999.0,1010.8,1011.0,1010.4,810,28.8,23.3,30.1,28.7,23.5,22.6,73,67,72,30,7.4,2.6,N,PA,SOURE,A227,-0.72777777,-48.51583333,12.54
924,2019-06-04,00:00,-9999.0,1013.3,1013.3,1012.3,-9999,27.5,22.9,27.8,27.5,23.0,22.7,76,74,76,42,5.1,1.9,N,PA,SOURE,A227,-0.72777777,-48.51583333,12.54
925,2019-06-04,04:00,-9999.0,1013.1,1013.7,1013.1,-9999,27.0,22.5,27.2,26.9,22.7,22.4,77,76,77,46,4.0,1.4,N,PA,SOURE,A227,-0.72777777,-48.51583333,12.54
926,2019-06-04,08:00,-9999.0,1012.4,1012.5,1012.4,-9999,25.6,23.1,25.9,25.6,23.1,22.8,86,83,86,323,1.1,0.0,N,PA,SOURE,A227,-0.72777777,-48.51583333,12.54
927,2019-06-04,12:00,-9999.0,1014.3,1014.3,1013.8,1179,29.3,23.4,29.8,28.4,24.1,23.3,76,70,71,69,5.3,2.2,N,PA,SOURE,A227,-0.72777777,-48.51583333,12.54
928,2019-06-04,16:00,-9999.0,1012.9,1013.8,1012.9,2511,30.7,23.6,31.0,30.0,24.4,23.0,69,65,66,26,7.1,3.2,N,PA,SOURE,A227,-0.72777777,-48.51583333,12.54
929,2019-06-04,20:00,-9999.0,1010.7,1010.9,1010.5,1442,29.5,23.4,30.9,29.4,24.1,23.1,70,65,70,32,7.1,3.2,N,PA,SOURE,A227,-0.72777777,-48.51583333,12.54
930,2019-06-05,00:00,-9999.0,1012.0,1012.1,1011.8,-9999,26.4,22.3,26.6,26.4,23.1,22.3,81,78,78,33,5.5,1.3,N,PA,SOURE,A227,-0.72777777,-48.51583333,12.54
931,2019-06-05,04:00,-9999.0,1012.1,1012.9,1012.1,-9999,27.4,23.5,27.5,27.1,23.7,23.0,81,78,79,58,7.4,2.1,N,PA,SOURE,A227,-0.72777777,-48.51583333,12.54
932,2019-06-05,08:00,-9999.0,1011.0,1011.0,1010.8,-9999,26.7,23.3,27.4,26.7,23.4,23.0,81,78,81,49,4.6,1.7,N,PA,SOURE,A227,-0.72777777,-48.51583333,12.54
933,2019-06-05,12:00,-9999.0,1012.9,1012.9,1012.2,1124,29.6,23.8,30.1,28.2,25.0,23.6,79,71,71,53,5.7,3.3,N,PA,SOURE,A227,-0.72777777,-48.51583333,12.54
934,2019-06-05,16:00,-9999.0,1011.7,1012.6,1011.7,3043,29.9,23.1,31.0,29.6,24.5,22.8,70,65,67,60,6.3,3.1,N,PA,SOURE,A227,-0.72777777,-48.51583333,12.54
935,2019-06-05,20:00,-9999.0,1010.0,1010.4,1009.6,1051,25.0,22.5,30.6,24.0,24.7,20.2,87,65,86,179,9.2,0.5,N,PA,SOURE,A227,-0.72777777,-48.51583333,12.54
936,2019-06-06,00:00,-9999.0,1011.9,1011.9,1011.2,-9999,27.0,23.5,27.1,26.9,23.5,23.2,81,80,81,60,4.8,2.4,N,PA,SOURE,A227,-0.72777777,-48.51583333,12.54
937,2019-06-06,04:00,-9999.0,1011.9,1012.3,1011.9,-9999,26.7,22.7,27.6,26.7,23.5,22.5,79,76,79,76,7.5,1.2,N,PA,SOURE,A227,-0.72777777,-48.51583333,12.54
938,2019-06-06,08:00,-9999.0,1010.8,1010.8,1010.4,-9999,26.8,24.0,26.9,26.3,24.1,23.8,86,84,84,98,4.2,2.0,N,PA,SOURE,A227,-0.72777777,-48.51583333,12.54
939,2019-06-06,12:00,-9999.0,1011.7,1011.8,1011.6,1423,28.8,24.0,29.0,27.2,24.6,23.7,82,75,75,69,5.9,2.7,N,PA,SOURE,A227,-0.72777777,-48.51583333,12.54
940,2019-06-06,16:00,-9999.0,1010.0,1010.9,1010.0,2654,30.3,23.6,30.9,29.7,24.6,23.1,71,66,68,36,5.8,2.6,N,PA,SOURE,A227,-0.72777777,-48.51583333,12.54
941,2019-06-06,20:00,-9999.0,1008.7,1008.8,1008.1,888,28.8,23.9,30.2,28.8,24.5,23.6,75,70,75,30,7.5,3.1,N,PA,SOURE,A227,-0.72777777,-48.51583333,12.54
942,2019-06-07,00:00,-9999.0,1010.9,1010.9,1009.9,-9999,26.5,22.6,27.5,26.3,24.0,22.6,85,78,79,72,9.4,4.1,N,PA,SOURE,A227,-0.72777777,-48.51583333,12.54
943,2019-06-07,04:00,-9999.0,1010.8,1011.4,1010.8,0,26.3,24.3,26.4,24.5,24.4,22.4,91,85,89,101,11.5,2.2,N,PA,SOURE,A227,-0.72777777,-48.51583333,12.54
944,2019-06-07,08:00,-9999.0,1010.4,1010.4,1010.1,-9999,25.9,23.6,26.1,25.9,23.8,23.6,87,87,87,117,4.7,2.6,N,PA,SOURE,A227,-0.72777777,-48.51583333,12.54
945,2019-06-07,12:00,-9999.0,1011.4,1011.4,1011.1,1461,28.5,24.4,28.7,27.0,25.0,23.9,84,78,79,102,5.5,2.9,N,PA,SOURE,A227,-0.72777777,-48.51583333,12.54
946,2019-06-07,16:00,-9999.0,1009.7,1010.8,1009.7,2620,30.0,23.8,30.8,29.5,25.2,23.5,74,67,69,67,6.8,3.2,N,PA,SOURE,A227,-0.72777777,-48.51583333,12.54
947,2019-06-07,20:00,-9999.0,1008.7,1008.8,1008.6,993,27.3,23.0,28.8,27.3,24.3,22.5,80,70,77,90,7.7,2.3,N,PA,SOURE,A227,-0.72777777,-48.51583333,12.54
948,2019-06-08,00:00,-9999.0,1011.2,1011.3,1010.7,-9999,24.8,22.8,25.2,24.0,23.4,22.0,90,88,89,132,6.1,2.2,N,PA,SOURE,A227,-0.72777777,-48.51583333,12.54
949,2019-06-08,04:00,-9999.0,1011.3,1012.1,1011.3,0,25.0,22.8,25.6,25.0,22.9,22.7,88,84,88,89,2.8,0.1,N,PA,SOURE,A227,-0.72777777,-48.51583333,12.54
950,2019-06-08,08:00,-9999.0,1010.6,1010.6,1010.4,-9999,24.4,22.8,24.6,24.3,22.8,22.4,91,89,91,338,1.6,0.0,N,PA,SOURE,A227,-0.72777777,-48.51583333,12.54
951,2019-06-08,12:00,-9999.0,1012.3,1012.3,1011.9,1361,28.7,24.4,28.7,27.5,24.9,23.4,81,76,78,137,5.2,2.4,N,PA,SOURE,A227,-0.72777777,-48.51583333,12.54
952,2019-06-08,16:00,-9999.0,1011.8,1012.2,1011.8,1567,29.6,24.5,29.6,28.8,24.6,23.8,76,72,74,63,4.3,2.1,N,PA,SOURE,A227,-0.72777777,-48.51583333,12.54
953,2019-06-08,20:00,-9999.0,1011.3,1011.3,1011.1,224,27.0,23.6,27.5,27.0,23.9,23.4,82,79,81,41,7.2,2.3,N,PA,SOURE,A227,-0.72777777,-48.51583333,12.54
954,2019-06-09,00:00,-9999.0,1012.0,1012.0,1011.4,-9999,27.0,22.5,27.2,27.0,23.8,22.5,82,76,77,90,6.5,2.9,N,PA,SOURE,A227,-0.72777777,-48.51583333,12.54
955,2019-06-09,04:00,-9999.0,1012.1,1012.7,1012.1,-9999,26.5,23.1,26.6,26.4,23.1,23.0,82,81,82,93,7.0,2.7,N,PA,SOURE,A227,-0.72777777,-48.51583333,12.54
956,2019-06-09,08:00,-9999.0,1011.3,1011.4,1011.2,-9999,26.3,23.0,26.4,26.0,23.2,22.9,84,82,82,90,5.7,3.1,N,PA,SOURE,A227,-0.72777777,-48.51583333,12.54
957,2019-06-09,12:00,-9999.0,1013.0,1013.0,1012.6,1415,28.6,23.9,28.7,27.5,24.2,23.6,81,75,76,93,6.8,3.4,N,PA,SOURE,A227,-0.72777777,-48.51583333,12.54
958,2019-06-09,16:00,-9999.0,1011.7,1012.5,1011.7,2809,30.2,23.4,30.8,29.7,24.5,22.7,72,64,67,24,6.4,2.5,N,PA,SOURE,A227,-0.72777777,-48.51583333,12.54
959,2019-06-09,20:00,-9999.0,1010.5,1010.5,1010.1,1213,29.2,23.1,30.3,29.2,23.9,22.9,71,67,70,53,7.0,2.3,N,PA,SOURE,A227,-0.72777777,-48.51583333,12.54
960,2019-06-10,00:00,-9999.0,1012.5,1012.5,1011.8,-9999,27.2,24.1,27.2,26.5,24.1,23.5,84,83,83,63,3.9,1.8,N,PA,SOURE,A227,-0.72777777,-48.51583333,12.54
961,2019-06-10,04:00,-9999.0,1012.8,1012.9,1012.7,-9999,27.4,23.8,27.8,27.3,23.8,23.5,81,78,81,93,7.0,2.5,N,PA,SOURE,A227,-0.72777777,-48.51583333,12.54
962,2019-06-10,08:00,-9999.0,1011.2,1011.2,1011.0,-9999,26.3,23.6,26.4,26.2,23.7,23.5,86,85,86,84,4.6,1.7,N,PA,SOURE,A227,-0.72777777,-48.51583333,12.54
963,2019-06-10,12:00,-9999.0,1012.8,1012.8,1012.5,1494,29.5,24.6,29.8,28.4,24.9,24.1,78,74,75,74,5.2,2.7,N,PA,SOURE,A227,-0.72777777,-48.51583333,12.54
964,2019-06-10,16:00,-9999.0,1011.4,1012.1,1011.3,2605,31.0,24.6,31.0,29.9,25.1,23.2,71,65,69,49,6.3,2.7,N,PA,SOURE,A227,-0.72777777,-48.51583333,12.54
965,2019-06-10,20:00,-9999.0,1009.2,1009.2,1008.9,690,27.8,22.7,28.8,27.6,23.2,21.3,75,68,74,33,7.0,2.2,N,PA,SOURE,A227,-0.72777777,-48.51583333,12.54
966,2019-06-11,00:00,-9999.0,1011.8,1011.8,1011.1,-9999,25.4,23.8,25.8,24.8,23.9,23.1,91,89,91,258,5.6,0.0,N,PA,SOURE,A227,-0.72777777,-48.51583333,12.54
967,2019-06-11,04:00,-9999.0,1012.0,1012.7,1012.0,-9999,23.8,22.5,24.7,23.8,23.4,22.5,93,92,92,223,4.1,1.6,N,PA,SOURE,A227,-0.72777777,-48.51583333,12.54
968,2019-06-11,08:00,-9999.0,1011.1,1011.1,1010.9,0,23.8,22.7,23.8,23.4,22.8,22.3,94,94,94,303,2.1,0.2,N,PA,SOURE,A227,-0.72777777,-48.51583333,12.54
969,2019-06-11,12:00,-9999.0,1012.5,1012.5,1012.1,1371,28.9,25.2,28.9,25.2,25.9,24.0,94,80,80,66,4.6,2.6,N,PA,SOURE,A227,-0.72777777,-48.51583333,12.54
970,2019-06-11,16:00,-9999.0,1010.8,1011.7,1010.8,2638,30.2,24.5,30.4,29.4,25.0,23.6,74,69,72,34,7.2,2.4,N,PA,SOURE,A227,-0.72777777,-48.51583333,12.54
971,2019-06-11,20:00,-9999.0,1009.0,1009.2,1009.0,804,28.9,23.7,29.5,28.7,24.0,23.2,75,71,74,35,7.9,3.2,N,PA,SOURE,A227,-0.72777777,-48.51583333,12.54
972,2019-06-12,00:00,-9999.0,1011.9,1011.9,1010.9,-9999,25.4,22.9,26.6,25.4,23.6,22.7,86,80,86,122,9.8,4.0,N,PA,SOURE,A227,-0.72777777,-48.51583333,12.54
973,2019-06-12,04:00,-9999.0,1011.1,1012.0,1011.1,-9999,25.7,23.0,25.8,25.6,23.1,22.9,85,85,85,74,6.1,2.0,N,PA,SOURE,A227,-0.72777777,-48.51583333,12.54
974,2019-06-12,08:00,-9999.0,1010.0,1010.1,1009.8,-9999,26.2,23.2,26.2,26.1,23.2,22.9,84,83,84,75,6.1,2.2,N,PA,SOURE,A227,-0.72777777,-48.51583333,12.54
975,2019-06-12,12:00,-9999.0,1012.6,1012.6,1012.0,586,27.2,23.3,27.4,26.8,23.4,22.9,80,78,79,95,5.7,2.9,N,PA,SOURE,A227,-0.72777777,-48.51583333,12.54
976,2019-06-12,16:00,-9999.0,1011.3,1012.2,1011.3,2346,28.9,23.7,29.5,27.8,24.7,23.2,78,72,73,73,5.6,3.2,N,PA,SOURE,A227,-0.72777777,-48.51583333,12.54
977,2019-06-12,20:00,-9999.0,1010.5,1010.5,1009.6,213,25.1,23.0,25.8,25.1,24.1,23.0,91,88,88,54,7.3,2.7,N,PA,SOURE,A227,-0.72777777,-48.51583333,12.54
978,2019-06-13,00:00,-9999.0,1012.6,1012.6,1012.0,2,25.9,23.2,25.9,25.3,23.3,23.1,88,85,85,60,5.8,1.7,N,PA,SOURE,A227,-0.72777777,-48.51583333,12.54
979,2019-06-13,04:00,-9999.0,1012.3,1012.8,1012.3,-9999,26.2,23.5,26.4,26.1,23.6,23.4,85,84,85,79,3.5,1.4,N,PA,SOURE,A227,-0.72777777,-48.51583333,12.54
980,2019-06-13,08:00,-9999.0,1011.0,1011.1,1010.9,-9999,25.4,22.7,25.7,25.3,22.8,22.3,85,82,85,74,4.0,0.8,N,PA,SOURE,A227,-0.72777777,-48.51583333,12.54
981,2019-06-13,12:00,-9999.0,1013.0,1013.1,1012.5,937,27.5,23.8,28.6,27.0,24.6,23.4,82,77,80,70,6.6,3.1,N,PA,SOURE,A227,-0.72777777,-48.51583333,12.54
982,2019-06-13,16:00,-9999.0,1011.5,1012.4,1011.5,2789,30.3,24.4,30.8,29.5,24.9,23.5,73,68,71,56,5.4,2.1,N,PA,SOURE,A227,-0.72777777,-48.51583333,12.54
983,2019-06-13,20:00,-9999.0,1010.2,1010.3,1010.1,107,25.3,23.1,25.3,23.7,23.1,21.9,91,88,88,63,4.7,1.0,N,PA,SOURE,A227,-0.72777777,-48.51583333,12.54
984,2019-06-14,00:00,-9999.0,1012.7,1012.7,1011.8,-9999,27.2,23.6,27.2,26.2,24.5,23.5,89,81,81,70,5.3,2.1,N,PA,SOURE,A227,-0.72777777,-48.51583333,12.54
985,2019-06-14,04:00,-9999.0,1012.7,1013.0,1012.7,-9999,26.2,23.8,26.8,26.2,24.0,23.7,87,85,86,116,4.6,2.0,N,PA,SOURE,A227,-0.72777777,-48.51583333,12.54
986,2019-06-14,08:00,-9999.0,1011.1,1011.1,1011.0,-9999,26.0,23.4,26.1,25.7,23.6,23.3,88,85,85,99,4.3,2.0,N,PA,SOURE,A227,-0.72777777,-48.51583333,12.54
987,2019-06-14,12:00,-9999.0,1012.7,1012.7,1012.2,1270,28.4,24.7,28.8,27.1,25.1,23.9,84,78,80,88,5.2,2.8,N,PA,SOURE,A227,-0.72777777,-48.51583333,12.54
988,2019-06-14,16:00,-9999.0,1011.2,1012.4,1011.2,2563,30.6,24.9,30.9,29.4,25.6,23.9,75,69,72,81,5.6,1.8,N,PA,SOURE,A227,-0.72777777,-48.51583333,12.54
989,2019-06-14,20:00,-9999.0,1010.5,1010.6,1009.6,305,24.8,23.2,27.8,23.5,24.7,21.6,92,79,91,113,16.8,3.7,N,PA,SOURE,A227,-0.72777777,-48.51583333,12.54
990,2019-06-15,00:00,-9999.0,1012.4,1012.4,1011.8,1,26.6,23.7,26.6,26.0,23.7,22.9,85,83,84,69,6.9,2.7,N,PA,SOURE,A227,-0.72777777,-48.51583333,12.54
991,2019-06-15,04:00,-9999.0,1011.4,1012.6,1011.4,-9999,27.1,23.8,27.3,27.0,24.1,23.8,83,82,82,86,7.9,3.1,N,PA,SOURE,A227,-0.72777777,-48.51583333,12.54
992,2019-06-15,08:00,-9999.0,1010.8,1010.8,1010.6,-9999,26.4,23.6,26.5,26.3,23.7,23.5,85,84,85,101,6.7,3.2,N,PA,SOURE,A227,-0.72777777,-48.51583333,12.54
993,2019-06-15,12:00,-9999.0,1012.8,1012.8,1012.4,1122,27.9,23.8,28.0,26.6,24.5,23.5,86,78,78,102,7.5,4.2,N,PA,SOURE,A227,-0.72777777,-48.51583333,12.54
994,2019-06-15,16:00,-9999.0,1011.6,1012.4,1011.6,2058,29.6,23.9,30.2,28.7,24.7,23.6,75,70,72,53,7.4,3.4,N,PA,SOURE,A227,-0.72777777,-48.51583333,12.54
995,2019-06-15,20:00,-9999.0,1010.5,1010.5,1009.7,647,27.6,23.0,27.9,27.2,24.1,22.8,82,74,76,80,10.6,4.7,N,PA,SOURE,A227,-0.72777777,-48.51583333,12.54
996,2019-06-16,00:00,-9999.0,1013.0,1013.0,1012.0,-9999,26.2,23.0,26.3,26.1,23.2,23.0,84,82,82,107,8.2,3.3,N,PA,SOURE,A227,-0.72777777,-48.51583333,12.54
997,2019-06-16,04:00,-9999.0,1012.6,1012.8,1012.6,-9999,26.0,22.5,26.2,26.0,22.5,22.3,81,79,81,101,6.5,3.2,N,PA,SOURE,A227,-0.72777777,-48.51583333,12.54
998,2019-06-16,08:00,-9999.0,1011.0,1011.1,1010.7,-9999,25.8,22.9,25.8,25.6,23.0,22.8,85,84,84,104,7.5,4.1,N,PA,SOURE,A227,-0.72777777,-48.51583333,12.54
999,2019-06-16,12:00,-9999.0,1013.6,1013.6,1012.8,1525,27.5,23.9,27.6,26.8,24.1,23.2,82,79,81,117,6.2,3.4,N,PA,SOURE,A227,-0.72777777,-48.51583333,12.54
1000,2019-06-16,16:00,-9999.0,1012.2,1013.1,1012.2,2970,30.4,22.8,30.7,29.7,24.0,22.5,70,63,64,113,6.6,3.4,N,PA,SOURE,A227,-0.72777777,-48.51583333,12.54
1001,2019-06-16,20:00,-9999.0,1010.4,1010.5,1010.2,1277,29.4,23.3,30.5,29.4,24.1,23.1,70,67,70,33,6.2,3.2,N,PA,SOURE,A227,-0.72777777,-48.51583333,12.54
1002,2019-06-17,00:00,-9999.0,1012.8,1012.8,1011.9,-9999,27.7,23.3,27.9,27.7,23.4,23.2,77,76,77,78,7.2,3.0,N,PA,SOURE,A227,-0.72777777,-48.51583333,12.54
1003,2019-06-17,04:00,-9999.0,1012.5,1013.2,1012.5,-9999,26.9,23.1,27.1,26.9,23.3,23.1,80,79,80,79,6.4,2.9,N,PA,SOURE,A227,-0.72777777,-48.51583333,12.54
1004,2019-06-17,08:00,-9999.0,1011.4,1011.4,1011.2,-9999,26.6,23.3,26.7,26.5,23.4,23.1,83,81,82,93,7.0,3.4,N,PA,SOURE,A227,-0.72777777,-48.51583333,12.54
1005,2019-06-17,12:00,-9999.0,1013.7,1013.7,1013.0,1501,28.8,24.5,28.8,27.8,24.6,23.8,80,76,78,100,5.7,3.1,N,PA,SOURE,A227,-0.72777777,-48.51583333,12.54
1006,2019-06-17,16:00,-9999.0,1012.1,1012.9,1012.1,2462,30.2,24.5,30.6,29.7,25.2,23.7,75,68,72,47,5.7,2.6,N,PA,SOURE,A227,-0.72777777,-48.51583333,12.54
1007,2019-06-17,20:00,-9999.0,1010.5,1010.5,1010.3,1189,28.7,23.2,30.1,28.7,24.2,23.1,73,69,72,29,7.4,3.3,N,PA,SOURE,A227,-0.72777777,-48.51583333,12.54
1008,2019-06-18,00:00,-9999.0,1012.9,1012.9,1012.3,-9999,27.9,23.1,28.0,27.8,23.3,22.9,76,74,75,51,8.0,3.1,N,PA,SOURE,A227,-0.72777777,-48.51583333,12.54
1009,2019-06-18,04:00,-9999.0,1013.6,1013.8,1013.6,-9999,26.4,23.5,26.7,26.4,23.6,23.3,84,82,84,112,4.9,2.7,N,PA,SOURE,A227,-0.72777777,-48.51583333,12.54
1010,2019-06-18,08:00,-9999.0,1012.2,1012.2,1012.0,-9999,26.1,23.3,26.1,25.8,23.3,23.0,85,84,84,83,2.7,0.7,N,PA,SOURE,A227,-0.72777777,-48.51583333,12.54
1011,2019-06-18,12:00,-9999.0,1013.5,1013.5,1013.3,1358,28.7,24.4,28.8,27.3,24.4,23.5,81,76,78,94,6.1,3.1,N,PA,SOURE,A227,-0.72777777,-48.51583333,12.54
1012,2019-06-18,16:00,-9999.0,1012.1,1013.0,1012.1,2854,30.2,23.5,30.9,29.8,24.3,23.2,70,66,67,49,7.3,3.8,N,PA,SOURE,A227,-0.72777777,-48.51583333,12.54
1013,2019-06-18,20:00,-9999.0,1009.8,1009.9,1009.6,1009,28.6,23.4,29.8,28.6,23.7,23.2,74,69,73,20,7.8,3.3,N,PA,SOURE,A227,-0.72777777,-48.51583333,12.54
1014,2019-06-19,00:00,-9999.0,1012.5,1012.5,1011.8,7,27.2,23.4,27.3,26.7,23.8,23.3,84,79,79,49,7.8,2.6,N,PA,SOURE,A227,-0.72777777,-48.51583333,12.54
1015,2019-06-19,04:00,-9999.0,1012.8,1013.2,1012.8,-9999,27.3,22.9,27.5,27.3,23.3,22.7,78,76,77,75,9.2,3.6,N,PA,SOURE,A227,-0.72777777,-48.51583333,12.54
1016,2019-06-19,08:00,-9999.0,1012.1,1012.1,1011.9,-9999,26.3,22.4,26.5,26.2,22.4,22.2,79,78,79,81,5.4,2.4,N,PA,SOURE,A227,-0.72777777,-48.51583333,12.54
1017,2019-06-19,12:00,-9999.0,1014.1,1014.1,1013.5,1526,29.1,23.3,29.4,28.1,23.9,22.5,74,70,71,69,6.0,2.5,N,PA,SOURE,A227,-0.72777777,-48.51583333,12.54
1018,2019-06-19,16:00,-9999.0,1013.4,1014.1,1013.4,2933,30.2,22.9,30.8,29.6,24.3,22.6,70,64,65,91,5.8,3.0,N,PA,SOURE,A227,-0.72777777,-48.51583333,12.54
1019,2019-06-19,20:00,-9999.0,1011.2,1011.4,1011.1,1250,29.1,23.1,30.3,29.1,23.5,22.6,70,65,70,33,5.9,2.2,N,PA,SOURE,A227,-0.72777777,-48.51583333,12.54
1020,2019-06-20,00:00,-9999.0,1013.0,1013.0,1012.5,-9999,27.6,22.9,27.6,27.4,23.0,22.6,76,75,75,57,6.7,3.2,N,PA,SOURE,A227,-0.72777777,-48.51583333,12.54
1021,2019-06-20,04:00,-9999.0,1013.1,1013.3,1013.1,-9999,26.5,23.2,26.6,25.8,23.2,22.1,82,80,82,92,4.9,1.5,N,PA,SOURE,A227,-0.72777777,-48.51583333,12.54
1022,2019-06-20,08:00,-9999.0,1012.4,1012.4,1011.9,-9999,26.5,23.0,26.6,26.5,23.3,23.0,83,81,81,95,4.0,1.9,N,PA,SOURE,A227,-0.72777777,-48.51583333,12.54
1023,2019-06-20,12:00,-9999.0,1014.3,1014.3,1013.5,1562,28.8,23.2,29.1,27.7,24.1,23.2,78,72,72,93,5.4,3.4,N,PA,SOURE,A227,-0.72777777,-48.51583333,12.54
1024,2019-06-20,16:00,-9999.0,1012.8,1013.7,1012.8,2694,30.6,23.0,31.3,29.9,23.9,22.1,68,61,64,101,5.8,1.5,N,PA,SOURE,A227,-0.72777777,-48.51583333,12.54
1025,2019-06-20,20:00,-9999.0,1011.2,1011.3,1011.0,1009,28.9,23.5,30.8,28.9,24.6,23.4,73,67,73,27,6.1,2.6,N,PA,SOURE,A227,-0.72777777,-48.51583333,12.54
1026,2019-06-21,00:00,-9999.0,1012.8,1012.9,1012.2,-9999,27.7,23.8,28.0,27.7,23.9,23.6,80,77,79,37,6.6,2.2,N,PA,SOURE,A227,-0.72777777,-48.51583333,12.54
1027,2019-06-21,04:00,-9999.0,1013.4,1013.6,1013.3,-9999,26.5,22.7,26.8,26.0,22.9,22.5,81,78,79,60,4.3,1.1,N,PA,SOURE,A227,-0.72777777,-48.51583333,12.54
1028,2019-06-21,08:00,-9999.0,1012.2,1012.3,1012.1,-9999,26.2,23.7,26.4,25.7,23.8,23.1,86,85,86,97,3.1,1.1,N,PA,SOURE,A227,-0.72777777,-48.51583333,12.54
1029,2019-06-21,12:00,-9999.0,1014.0,1014.1,1013.6,1522,29.3,24.2,29.3,28.3,24.9,23.5,80,73,74,80,7.2,3.3,N,PA,SOURE,A227,-0.72777777,-48.51583333,12.54
1030,2019-06-21,16:00,-9999.0,1013.4,1014.1,1013.4,2331,30.9,23.6,31.3,29.6,24.7,23.2,71,65,65,58,8.3,3.3,N,PA,SOURE,A227,-0.72777777,-48.51583333,12.54
1031,2019-06-21,20:00,-9999.0,1012.0,1012.0,1011.5,703,29.1,23.6,30.2,28.8,23.9,22.9,73,67,73,48,8.1,3.6,N,PA,SOURE,A227,-0.72777777,-48.51583333,12.54
1032,2019-06-22,00:00,-9999.0,1014.0,1014.1,1013.3,-9999,26.6,22.8,28.2,26.5,23.2,22.2,79,73,79,102,11.1,3.1,N,PA,SOURE,A227,-0.72777777,-48.51583333,12.54
1033,2019-06-22,04:00,-9999.0,1014.7,1015.3,1014.7,-9999,26.8,22.7,27.3,26.8,22.8,22.5,78,75,78,89,5.8,2.6,N,PA,SOURE,A227,-0.72777777,-48.51583333,12.54
1034,2019-06-22,08:00,-9999.0,1013.7,1013.8,1013.6,-9999,26.4,22.5,26.6,26.3,22.6,22.4,80,78,79,86,5.7,2.5,N,PA,SOURE,A227,-0.72777777,-48.51583333,12.54
1035,2019-06-22,12:00,-9999.0,1015.4,1015.4,1015.2,1524,28.8,23.9,29.4,27.4,24.6,23.7,81,74,75,84,5.7,3.3,N,PA,SOURE,A227,-0.72777777,-48.51583333,12.54
1036,2019-06-22,16:00,-9999.0,1014.0,1014.8,1014.0,2116,28.4,23.7,30.1,26.6,25.1,22.1,81,69,76,37,5.8,2.6,N,PA,SOURE,A227,-0.72777777,-48.51583333,12.54
1037,2019-06-22,20:00,-9999.0,1012.9,1013.1,1012.9,1084,28.3,23.2,28.6,26.3,24.1,22.7,82,74,74,58,5.4,2.1,N,PA,SOURE,A227,-0.72777777,-48.51583333,12.54
1038,2019-06-23,00:00,-9999.0,1015.1,1015.1,1014.3,5,25.9,22.6,25.9,24.9,23.2,22.6,89,82,82,96,6.5,3.6,N,PA,SOURE,A227,-0.72777777,-48.51583333,12.54
1039,2019-06-23,04:00,-9999.0,1015.3,1015.9,1015.3,2,24.7,22.3,24.8,24.4,22.4,22.1,88,86,87,100,4.3,1.3,N,PA,SOURE,A227,-0.72777777,-48.51583333,12.54
1040,2019-06-23,08:00,-9999.0,1013.6,1013.8,1013.5,-9999,25.1,22.8,25.1,24.8,22.8,22.4,87,86,87,132,2.5,0.6,N,PA,SOURE,A227,-0.72777777,-48.51583333,12.54
1041,2019-06-23,12:00,-9999.0,1015.0,1015.0,1014.3,962,27.6,23.2,27.8,26.9,23.3,22.5,77,74,77,81,5.8,2.1,N,PA,SOURE,A227,-0.72777777,-48.51583333,12.54
1042,2019-06-23,16:00,-9999.0,1013.6,1014.2,1013.6,1400,28.4,23.3,29.3,28.3,24.1,22.8,76,69,74,68,6.0,2.5,N,PA,SOURE,A227,-0.72777777,-48.51583333,12.54
1043,2019-06-23,20:00,-9999.0,1011.5,1011.7,1011.5,960,28.6,21.5,30.2,28.2,24.5,21.2,75,63,65,71,5.4,2.3,N,PA,SOURE,A227,-0.72777777,-48.51583333,12.54
1044,2019-06-24,00:00,-9999.0,1013.1,1013.1,1012.4,-9999,26.9,22.7,27.6,26.9,22.7,21.8,78,71,78,103,7.7,3.5,N,PA,SOURE,A227,-0.72777777,-48.51583333,12.54
1045,2019-06-24,04:00,-9999.0,1012.8,1013.5,1012.8,-9999,24.7,22.4,24.7,24.1,22.4,21.9,88,86,87,114,7.6,3.8,N,PA,SOURE,A227,-0.72777777,-48.51583333,12.54
1046,2019-06-24,08:00,-9999.0,1011.2,1011.2,1010.9,-9999,25.0,21.6,25.1,24.4,22.4,21.6,88,81,81,120,3.2,1.8,N,PA,SOURE,A227,-0.72777777,-48.51583333,12.54
1047,2019-06-24,12:00,-9999.0,1012.8,1012.8,1012.4,1426,27.8,22.1,28.1,26.6,22.8,21.6,76,70,71,101,4.3,2.7,N,PA,SOURE,A227,-0.72777777,-48.51583333,12.54
1048,2019-06-24,16:00,-9999.0,1010.8,1011.6,1010.8,2798,30.1,23.0,30.7,29.4,23.9,22.5,69,65,66,75,5.3,2.2,N,PA,SOURE,A227,-0.72777777,-48.51583333,12.54
1049,2019-06-24,20:00,-9999.0,1008.9,1009.1,1008.8,1182,27.8,21.2,30.1,27.8,24.0,21.2,73,67,67,68,7.1,3.9,N,PA,SOURE,A227,-0.72777777,-48.51583333,12.54
1050,2019-06-25,00:00,-9999.0,1010.7,1010.7,1010.0,-9999,27.7,22.6,27.9,27.7,23.1,22.6,76,74,74,80,6.7,3.5,N,PA,SOURE,A227,-0.72777777,-48.51583333,12.54
1051,2019-06-25,04:00,-9999.0,1010.8,1011.4,1010.8,-9999,26.6,22.9,26.9,26.6,23.0,22.8,80,79,80,80,5.2,2.3,N,PA,SOURE,A227,-0.72777777,-48.51583333,12.54
1052,2019-06-25,08:00,-9999.0,1009.9,1009.9,1009.6,-9999,26.1,22.9,26.2,26.0,23.1,22.8,84,82,83,80,6.2,2.6,N,PA,SOURE,A227,-0.72777777,-48.51583333,12.54
1053,2019-06-25,12:00,-9999.0,1011.6,1011.6,1011.2,1459,28.4,23.7,28.9,28.0,24.3,23.5,78,75,75,110,6.0,3.5,N,PA,SOURE,A227,-0.72777777,-48.51583333,12.54
1054,2019-06-25,16:00,-9999.0,1010.4,1011.3,1010.4,2847,30.4,23.2,31.1,29.7,24.5,22.9,70,64,65,47,5.4,2.3,N,PA,SOURE,A227,-0.72777777,-48.51583333,12.54
1055,2019-06-25,20:00,-9999.0,1008.8,1008.8,1008.3,883,28.5,21.8,29.6,28.5,23.6,21.3,72,63,67,66,4.7,2.0,N,PA,SOURE,A227,-0.72777777,-48.51583333,12.54
1056,2019-06-26,00:00,-9999.0,1011.2,1011.2,1010.6,-9999,27.7,22.5,27.9,27.7,22.9,22.5,75,73,74,80,7.3,3.7,N,PA,SOURE,A227,-0.72777777,-48.51583333,12.54
1057,2019-06-26,04:00,-9999.0,1011.6,1012.0,1011.6,-9999,25.9,22.7,26.1,25.8,23.0,22.6,83,82,83,116,4.0,1.9,N,PA,SOURE,A227,-0.72777777,-48.51583333,12.54
1058,2019-06-26,08:00,-9999.0,1010.8,1010.8,1010.4,-9999,25.6,22.8,25.6,25.4,22.8,22.6,85,84,85,112,2.8,1.5,N,PA,SOURE,A227,-0.72777777,-48.51583333,12.54
1059,2019-06-26,12:00,-9999.0,1012.4,1012.4,1012.0,1446,28.0,23.7,28.1,26.8,24.1,23.1,82,78,78,128,5.8,2.7,N,PA,SOURE,A227,-0.72777777,-48.51583333,12.54
1060,2019-06-26,16:00,-9999.0,1011.1,1011.9,1011.1,2879,30.2,21.7,31.4,29.9,23.2,21.6,65,59,61,110,3.8,1.3,N,PA,SOURE,A227,-0.72777777,-48.51583333,12.54
1061,2019-06-26,20:00,-9999.0,1009.4,1009.6,1009.4,1055,29.3,24.2,30.2,28.7,24.3,23.2,74,69,74,23,5.6,2.0,N,PA,SOURE,A227,-0.72777777,-48.51583333,12.54
1062,2019-06-27,00:00,-9999.0,1011.8,1011.8,1011.1,-9999,27.7,23.7,28.0,27.7,23.7,22.1,79,71,79,72,7.8,3.2,N,PA,SOURE,A227,-0.72777777,-48.51583333,12.54
1063,2019-06-27,04:00,-9999.0,1011.4,1011.9,1011.4,-9999,27.3,23.6,27.6,27.2,23.7,23.6,81,79,81,88,6.0,2.8,N,PA,SOURE,A227,-0.72777777,-48.51583333,12.54
1064,2019-06-27,08:00,-9999.0,1011.0,1011.0,1010.6,-9999,26.1,23.1,26.4,26.1,23.3,23.1,84,83,84,91,4.4,1.0,N,PA,SOURE,A227,-0.72777777,-48.51583333,12.54
1065,2019-06-27,12:00,-9999.0,1012.6,1012.6,1012.3,1340,28.5,23.8,29.1,27.9,24.5,23.8,80,75,76,69,6.5,2.9,N,PA,SOURE,A227,-0.72777777,-48.51583333,12.54
1066,2019-06-27,16:00,-9999.0,1011.9,1012.5,1011.9,2799,30.7,24.2,31.3,29.7,25.2,23.7,72,67,69,63,8.5,3.4,N,PA,SOURE,A227,-0.72777777,-48.51583333,12.54
1067,2019-06-27,20:00,-9999.0,1010.1,1010.2,1010.0,913,29.2,23.6,30.0,29.0,24.1,23.3,73,70,72,46,7.4,3.1,N,PA,SOURE,A227,-0.72777777,-48.51583333,12.54
1068,2019-06-28,00:00,-9999.0,1011.2,1011.2,1010.9,-9999,28.0,23.6,28.1,28.0,23.9,23.6,78,77,77,70,7.8,3.1,N,PA,SOURE,A227,-0.72777777,-48.51583333,12.54
1069,2019-06-28,04:00,-9999.0,1011.0,1011.5,1011.0,-9999,27.4,23.3,27.5,27.3,23.4,23.2,79,78,78,76,7.1,3.4,N,PA,SOURE,A227,-0.72777777,-48.51583333,12.54
1070,2019-06-28,08:00,-9999.0,1009.8,1009.9,1009.7,-9999,26.8,23.1,27.0,26.7,23.2,23.0,80,79,80,89,8.1,2.9,N,PA,SOURE,A227,-0.72777777,-48.51583333,12.54
1071,2019-06-28,12:00,-9999.0,1011.6,1011.6,1011.3,1459,29.7,24.3,29.8,28.3,24.7,23.5,77,73,73,97,7.4,3.3,N,PA,SOURE,A227,-0.72777777,-48.51583333,12.54
1072,2019-06-28,16:00,-9999.0,1010.6,1011.5,1010.6,2865,30.8,24.3,31.3,30.2,24.8,23.5,70,65,68,94,6.5,2.8,N,PA,SOURE,A227,-0.72777777,-48.51583333,12.54
1073,2019-06-28,20:00,-9999.0,1008.7,1008.7,1008.5,1158,29.2,24.1,29.2,25.7,24.6,23.0,86,73,74,49,6.3,2.7,N,PA,SOURE,A227,-0.72777777,-48.51583333,12.54
1074,2019-06-29,00:00,-9999.0,1010.7,1010.8,1010.2,-9999,25.8,22.4,28.2,25.3,24.0,21.1,82,71,82,89,13.1,2.4,N,PA,SOURE,A227,-0.72777777,-48.51583333,12.54
1075,2019-06-29,04:00,-9999.0,1010.8,1011.3,1010.8,-9999,27.2,23.6,27.4,27.2,23.6,23.4,80,79,80,78,8.3,3.5,N,PA,SOURE,A227,-0.72777777,-48.51583333,12.54
1076,2019-06-29,08:00,-9999.0,1009.3,1009.3,1009.0,-9999,26.9,23.5,27.1,26.8,23.5,23.0,82,79,82,83,7.8,2.7,N,PA,SOURE,A227,-0.72777777,-48.51583333,12.54
1077,2019-06-29,12:00,-9999.0,1011.1,1011.1,1010.7,1456,28.6,23.9,28.9,28.1,24.5,23.4,77,75,76,103,7.4,4.3,N,PA,SOURE,A227,-0.72777777,-48.51583333,12.54
1078,2019-06-29,16:00,-9999.0,1009.7,1010.6,1009.7,2791,31.4,24.2,31.6,30.2,24.8,23.3,70,65,65,98,4.6,1.6,N,PA,SOURE,A227,-0.72777777,-48.51583333,12.54
1079,2019-06-29,20:00,-9999.0,1008.0,1008.3,1007.9,208,26.9,24.4,27.8,25.9,24.4,22.0,86,72,86,36,5.3,1.4,N,PA,SOURE,A227,-0.72777777,-48.51583333,12.54
1080,2019-06-30,00:00,-9999.0,1010.6,1010.6,1009.6,-9999,27.3,24.0,27.8,27.3,24.1,23.6,82,79,82,80,8.6,2.8,N,PA,SOURE,A227,-0.72777777,-48.51583333,12.54
1081,2019-06-30,04:00,-9999.0,1010.7,1011.3,1010.7,-9999,27.1,23.5,27.4,27.0,23.7,23.5,81,80,81,82,7.1,3.2,N,PA,SOURE,A227,-0.72777777,-48.51583333,12.54
1082,2019-06-30,08:00,-9999.0,1009.5,1009.5,1009.2,-9999,26.5,23.1,26.7,26.5,23.1,22.8,81,80,81,88,6.9,3.4,N,PA,SOURE,A227,-0.72777777,-48.51583333,12.54
1083,2019-06-30,12:00,-9999.0,1011.4,1011.4,1010.9,1472,28.4,23.9,28.6,27.8,24.4,23.5,79,76,77,89,8.4,4.3,N,PA,SOURE,A227,-0.72777777,-48.51583333,12.54
1084,2019-06-30,16:00,-9999.0,1010.3,1011.3,1010.3,2722,30.4,23.5,30.8,29.8,24.5,22.9,70,65,67,57,6.1,2.2,N,PA,SOURE,A227,-0.72777777,-48.51583333,12.54
1085,2019-06-30,20:00,-9999.0,1008.4,1008.7,1008.4,794,27.7,23.5,27.8,25.9,24.7,23.0,88,78,78,79,5.8,1.5,N,PA,SOURE,A227,-0.72777777,-48.51583333,12.54
1086,2019-07-01,00:00,0.0,1010.8,1010.8,1010.2,-9999,26.3,22.7,26.4,26.1,23.3,22.7,84,80,80,84,4.3,1.8,N,PA,SOURE,A227,-0.72777777,-48.51583333,12.54
1087,2019-07-01,04:00,0.0,1010.7,1011.2,1010.7,-9999,26.6,23.3,26.8,26.6,23.6,23.3,83,82,82,87,5.2,2.4,N,PA,SOURE,A227,-0.72777777,-48.51583333,12.54
1088,2019-07-01,08:00,0.0,1009.1,1009.1,1008.6,-9999,26.2,21.8,26.3,26.0,21.9,21.7,78,76,77,79,3.9,2.0,N,PA,SOURE,A227,-0.72777777,-48.51583333,12.54
1089,2019-07-01,12:00,0.0,1011.9,1011.9,1011.4,1353,29.4,23.4,29.4,27.8,23.8,22.8,76,70,70,69,5.0,2.2,N,PA,SOURE,A227,-0.72777777,-48.51583333,12.54
1090,2019-07-01,16:00,0.0,1010.3,1011.2,1010.3,2964,30.3,22.9,30.8,29.8,23.6,22.4,68,62,65,84,5.2,2.0,N,PA,SOURE,A227,-0.72777777,-48.51583333,12.54
1091,2019-07-01,20:00,0.0,1008.0,1008.1,1008.0,1368,29.9,23.6,30.5,29.8,24.2,23.2,70,66,69,45,4.5,1.7,N,PA,SOURE,A227,-0.72777777,-48.51583333,12.54
1092,2019-07-02,00:00,0.0,1010.5,1010.5,1009.8,-9999,27.1,22.8,28.0,27.1,23.6,22.8,78,76,77,63,7.3,2.8,N,PA,SOURE,A227,-0.72777777,-48.51583333,12.54
1093,2019-07-02,04:00,0.0,1009.8,1010.4,1009.8,-9999,26.8,22.2,27.2,26.7,22.2,20.9,76,69,76,69,4.9,1.3,N,PA,SOURE,A227,-0.72777777,-48.51583333,12.54
1094,2019-07-02,08:00,0.0,1008.3,1008.3,1008.0,-9999,26.8,24.0,26.8,26.7,24.0,23.6,85,83,85,80,3.1,1.5,N,PA,SOURE,A227,-0.72777777,-48.51583333,12.54
1095,2019-07-02,12:00,0.0,1010.3,1010.3,1009.7,998,29.0,24.3,29.0,28.2,24.4,23.9,79,76,76,78,6.9,3.7,N,PA,SOURE,A227,-0.72777777,-48.51583333,12.54
1096,2019-07-02,16:00,0.0,1009.3,1009.9,1009.3,1989,29.4,23.8,31.2,29.3,25.5,23.6,73,68,72,76,6.7,3.6,N,PA,SOURE,A227,-0.72777777,-48.51583333,12.54
1097,2019-07-02,20:00,0.0,1007.4,1007.4,1007.1,510,28.6,23.1,28.7,28.5,23.9,22.8,76,71,72,49,7.3,2.6,N,PA,SOURE,A227,-0.72777777,-48.51583333,12.54
1098,2019-07-03,00:00,0.0,1010.3,1010.3,1009.6,0,25.8,22.6,25.8,25.0,22.6,22.2,85,82,82,111,8.5,2.2,N,PA,SOURE,A227,-0.72777777,-48.51583333,12.54
1099,2019-07-03,04:00,0.0,1009.8,1010.4,1009.8,-9999,26.2,22.8,26.3,26.0,23.0,22.8,83,82,82,84,3.6,1.2,N,PA,SOURE,A227,-0.72777777,-48.51583333,12.54
1100,2019-07-03,08:00,0.0,1009.1,1009.1,1008.8,-9999,25.7,22.9,26.2,25.7,23.0,22.6,84,81,84,76,4.3,0.7,N,PA,SOURE,A227,-0.72777777,-48.51583333,12.54
1101,2019-07-03,12:00,0.0,1010.8,1010.8,1010.2,1484,29.0,24.2,29.1,28.0,24.7,23.8,79,75,75,75,5.7,2.9,N,PA,SOURE,A227,-0.72777777,-48.51583333,12.54
1102,2019-07-03,16:00,0.0,1010.3,1011.0,1010.3,2860,30.6,23.3,31.2,30.1,24.4,22.8,69,64,65,51,9.3,5.0,N,PA,SOURE,A227,-0.72777777,-48.51583333,12.54
1103,2019-07-03,20:00,0.0,1008.3,1008.4,1008.2,1312,29.3,23.2,30.4,29.2,23.6,22.9,71,66,70,44,9.4,4.1,N,PA,SOURE,A227,-0.72777777,-48.51583333,12.54
1104,2019-07-04,00:00,0.0,1011.0,1011.0,1010.4,-9999,27.7,22.1,27.8,27.5,22.4,22.0,73,71,72,62,7.3,3.5,N,PA,SOURE,A227,-0.72777777,-48.51583333,12.54
1105,2019-07-04,04:00,0.0,1009.8,1010.3,1009.8,-9999,27.2,22.2,27.4,27.1,22.5,21.8,75,72,74,64,8.2,2.6,N,PA,SOURE,A227,-0.72777777,-48.51583333,12.54
1106,2019-07-04,08:00,0.0,1009.2,1009.2,1008.8,-9999,26.4,22.3,26.7,26.4,22.5,22.3,78,78,78,85,5.1,2.5,N,PA,SOURE,A227,-0.72777777,-48.51583333,12.54
1107,2019-07-04,12:00,0.0,1011.6,1011.7,1011.0,1458,29.1,23.5,29.3,28.1,24.2,23.2,77,72,72,84,6.4,3.1,N,PA,SOURE,A227,-0.72777777,-48.51583333,12.54
1108,2019-07-04,16:00,0.0,1011.1,1011.8,1011.1,2893,30.3,22.5,31.2,30.1,24.2,22.1,68,62,63,45,7.8,3.5,N,PA,SOURE,A227,-0.72777777,-48.51583333,12.54
1109,2019-07-04,20:00,0.0,1009.1,1009.3,1009.1,1337,28.9,22.7,29.9,28.9,23.4,22.5,69,67,69,29,8.5,3.6,N,PA,SOURE,A227,-0.72777777,-48.51583333,12.54
1110,2019-07-05,00:00,0.0,1011.4,1011.4,1010.6,-9999,27.6,22.8,27.8,27.6,22.8,22.6,75,74,75,66,6.7,2.5,N,PA,SOURE,A227,-0.72777777,-48.51583333,12.54
1111,2019-07-05,04:00,0.0,1012.4,1012.4,1012.1,-9999,27.2,23.2,27.5,27.1,23.2,22.9,79,76,79,77,7.4,2.4,N,PA,SOURE,A227,-0.72777777,-48.51583333,12.54
1112,2019-07-05,08:00,0.0,1011.8,1011.9,1011.8,-9999,26.7,23.1,27.0,26.6,23.1,22.7,81,78,81,86,5.1,1.9,N,PA,SOURE,A227,-0.72777777,-48.51583333,12.54
1113,2019-07-05,12:00,0.0,1013.8,1013.8,1013.5,1470,29.7,24.2,29.7,28.2,24.4,23.4,76,72,73,81,6.1,2.6,N,PA,SOURE,A227,-0.72777777,-48.51583333,12.54
1114,2019-07-05,16:00,0.0,1013.1,1013.7,1013.1,2733,30.8,23.8,31.3,29.8,24.7,22.6,70,64,66,67,6.8,2.9,N,PA,SOURE,A227,-0.72777777,-48.51583333,12.54
1115,2019-07-05,20:00,0.0,1011.6,1011.8,1011.6,979,29.2,23.6,29.9,28.4,24.6,23.3,76,70,72,30,6.1,2.3,N,PA,SOURE,A227,-0.72777777,-48.51583333,12.54
1116,2019-07-06,00:00,0.0,1012.8,1012.8,1012.0,-9999,27.8,23.2,27.9,27.7,23.4,22.9,77,75,76,58,7.4,3.1,N,PA,SOURE,A227,-0.72777777,-48.51583333,12.54
1117,2019-07-06,04:00,0.0,1012.9,1013.6,1012.9,-9999,27.5,23.3,27.6,27.5,23.3,23.1,78,77,78,68,7.2,3.3,N,PA,SOURE,A227,-0.72777777,-48.51583333,12.54
1118,2019-07-06,08:00,0.0,1012.3,1012.3,1012.1,-9999,26.7,23.2,26.8,26.6,23.4,23.1,82,81,82,83,6.2,2.7,N,PA,SOURE,A227,-0.72777777,-48.51583333,12.54
1119,2019-07-06,12:00,0.0,1013.4,1013.4,1013.1,1412,29.1,23.7,29.8,28.1,24.5,23.4,77,71,73,72,7.5,3.7,N,PA,SOURE,A227,-0.72777777,-48.51583333,12.54
1120,2019-07-06,16:00,0.0,1012.9,1013.5,1012.9,2863,31.0,23.9,31.2,30.0,24.1,22.5,67,63,66,46,7.9,3.0,N,PA,SOURE,A227,-0.72777777,-48.51583333,12.54
1121,2019-07-06,20:00,0.0,1011.3,1011.3,1011.0,810,28.7,22.8,29.5,28.5,23.5,22.6,72,69,70,33,8.4,3.2,N,PA,SOURE,A227,-0.72777777,-48.51583333,12.54
1122,2019-07-07,00:00,0.0,1013.0,1013.0,1012.1,-9999,27.9,22.7,27.9,27.8,22.9,22.7,75,73,74,50,8.1,3.6,N,PA,SOURE,A227,-0.72777777,-48.51583333,12.54
1123,2019-07-07,04:00,0.0,1013.5,1013.6,1013.4,-9999,27.4,22.7,27.7,27.4,23.2,22.7,77,75,75,45,7.5,2.8,N,PA,SOURE,A227,-0.72777777,-48.51583333,12.54
1124,2019-07-07,08:00,0.0,1012.3,1012.4,1012.2,-9999,27.0,22.1,27.2,26.9,22.5,22.1,76,75,75,45,6.4,2.5,N,PA,SOURE,A227,-0.72777777,-48.51583333,12.54
1125,2019-07-07,12:00,0.0,1013.2,1013.2,1012.8,1193,29.5,23.4,29.7,28.2,24.3,22.6,74,69,70,33,6.6,3.4,N,PA,SOURE,A227,-0.72777777,-48.51583333,12.54
1126,2019-07-07,16:00,0.0,1012.9,1013.5,1012.9,2759,30.4,23.0,31.8,30.0,24.3,22.6,68,62,65,41,9.4,4.0,N,PA,SOURE,A227,-0.72777777,-48.51583333,12.54
1127,2019-07-07,20:00,0.0,1011.7,1011.7,1011.1,1008,28.9,22.5,30.3,28.6,23.0,21.8,69,63,69,33,9.2,3.1,N,PA,SOURE,A227,-0.72777777,-48.51583333,12.54
1128,2019-07-08,00:00,0.0,1013.9,1013.9,1012.8,-9999,27.3,22.1,27.5,27.2,22.2,21.9,74,72,74,32,5.6,1.8,N,PA,SOURE,A227,-0.72777777,-48.51583333,12.54
1129,2019-07-08,04:00,0.0,1014.4,1015.0,1014.4,-9999,27.1,22.2,27.4,27.1,22.4,22.1,75,73,75,45,5.8,1.7,N,PA,SOURE,A227,-0.72777777,-48.51583333,12.54
1130,2019-07-08,08:00,0.0,1012.8,1013.0,1012.8,-9999,26.7,22.1,26.9,26.7,22.7,22.1,78,76,76,66,3.8,1.9,N,PA,SOURE,A227,-0.72777777,-48.51583333,12.54
1131,2019-07-08,12:00,0.0,1013.7,1013.7,1013.5,1458,29.0,23.8,29.1,28.1,24.2,23.2,77,73,74,91,5.7,2.7,N,PA,SOURE,A227,-0.72777777,-48.51583333,12.54
1132,2019-07-08,16:00,0.0,1013.1,1013.7,1013.1,2911,30.5,23.1,31.1,30.0,23.4,21.9,66,60,65,42,7.6,3.3,N,PA,SOURE,A227,-0.72777777,-48.51583333,12.54
1133,2019-07-08,20:00,0.0,1011.6,1011.7,1011.3,810,28.5,22.0,29.9,28.3,22.3,21.2,68,62,68,35,7.4,3.1,N,PA,SOURE,A227,-0.72777777,-48.51583333,12.54
1134,2019-07-09,00:00,0.0,1013.6,1013.6,1013.0,-9999,27.6,22.5,27.8,27.6,22.5,21.9,74,71,74,53,5.9,2.4,N,PA,SOURE,A227,-0.72777777,-48.51583333,12.54
1135,2019-07-09,04:00,0.0,1013.8,1014.4,1013.8,-9999,26.9,22.9,27.2,26.9,23.0,22.8,79,77,79,81,6.0,2.6,N,PA,SOURE,A227,-0.72777777,-48.51583333,12.54
1136,2019-07-09,08:00,0.0,1013.1,1013.2,1012.8,-9999,26.3,22.8,26.5,26.3,22.9,22.8,81,80,81,94,4.1,2.0,N,PA,SOURE,A227,-0.72777777,-48.51583333,12.54
1137,2019-07-09,12:00,0.0,1014.9,1014.9,1014.7,1273,29.6,23.5,29.6,27.4,24.2,23.1,78,70,70,72,5.9,2.7,N,PA,SOURE,A227,-0.72777777,-48.51583333,12.54
1138,2019-07-09,16:00,1.4,1013.1,1013.7,1013.1,2169,26.7,23.9,31.2,24.7,24.1,19.6,85,62,84,125,7.6,1.0,N,PA,SOURE,A227,-0.72777777,-48.51583333,12.54
1139,2019-07-09,20:00,0.0,1012.2,1012.3,1012.0,394,25.6,22.5,26.7,25.6,23.2,22.4,84,80,83,102,9.4,2.6,N,PA,SOURE,A227,-0.72777777,-48.51583333,12.54
1140,2019-07-10,00:00,0.0,1014.0,1014.0,1013.5,-9999,24.7,22.6,25.0,24.6,22.7,22.2,88,87,88,357,1.9,0.9,N,PA,SOURE,A227,-0.72777777,-48.51583333,12.54
1141,2019-07-10,04:00,0.0,1013.7,1014.0,1013.7,-9999,26.2,23.1,26.6,26.1,23.1,22.7,83,79,83,97,7.9,3.5,N,PA,SOURE,A227,-0.72777777,-48.51583333,12.54
1142,2019-07-10,08:00,0.0,1012.5,1012.7,1012.4,-9999,25.9,22.5,26.0,25.7,22.9,22.5,83,82,82,102,4.6,2.2,N,PA,SOURE,A227,-0.72777777,-48.51583333,12.54
1143,2019-07-10,12:00,0.0,1014.2,1014.2,1013.9,520,27.2,23.7,27.2,26.4,23.8,23.1,83,81,81,93,4.9,2.5,N,PA,SOURE,A227,-0.72777777,-48.51583333,12.54
1144,2019-07-10,16:00,0.0,1012.2,1013.2,1012.2,2900,30.3,22.7,30.4,29.5,24.0,22.3,69,64,64,62,5.5,2.4,N,PA,SOURE,A227,-0.72777777,-48.51583333,12.54
1145,2019-07-10,20:00,0.0,1010.1,1010.6,1010.1,448,26.8,23.9,26.8,25.2,24.0,22.9,87,84,84,38,2.0,0.6,N,PA,SOURE,A227,-0.72777777,-48.51583333,12.54
1146,2019-07-11,00:00,0.0,1012.5,1012.5,1011.9,1,26.6,23.3,27.0,26.4,23.4,23.0,82,79,82,104,9.0,4.8,N,PA,SOURE,A227,-0.72777777,-48.51583333,12.54
1147,2019-07-11,04:00,0.0,1012.1,1012.8,1012.1,-9999,25.9,22.1,26.0,25.7,22.2,21.7,81,78,80,104,6.9,2.8,N,PA,SOURE,A227,-0.72777777,-48.51583333,12.54
1148,2019-07-11,08:00,0.0,1011.0,1011.0,1010.8,-9999,25.6,22.5,25.7,25.6,22.5,22.3,83,82,83,89,6.2,2.5,N,PA,SOURE,A227,-0.72777777,-48.51583333,12.54
1149,2019-07-11,12:00,0.0,1012.4,1012.4,1012.1,709,27.7,23.4,27.9,26.3,23.9,22.7,82,77,77,88,5.4,2.0,N,PA,SOURE,A227,-0.72777777,-48.51583333,12.54
1150,2019-07-11,16:00,0.0,1010.9,1011.9,1010.9,2963,29.8,23.4,30.3,29.3,24.0,22.6,72,67,69,75,5.6,2.7,N,PA,SOURE,A227,-0.72777777,-48.51583333,12.54
1151,2019-07-11,20:00,0.0,1009.1,1009.2,1009.1,876,28.3,22.8,29.7,28.3,23.8,22.3,72,66,72,50,8.4,2.9,N,PA,SOURE,A227,-0.72777777,-48.51583333,12.54
1152,2019-07-12,00:00,0.0,1011.6,1011.6,1010.6,-9999,27.4,22.3,27.7,27.4,22.8,22.3,75,73,74,81,9.3,3.4,N,PA,SOURE,A227,-0.72777777,-48.51583333,12.54
1153,2019-07-12,04:00,0.0,1011.6,1012.0,1011.6,-9999,26.7,22.6,27.1,26.7,22.8,22.4,79,76,78,84,7.1,3.1,N,PA,SOURE,A227,-0.72777777,-48.51583333,12.54
1154,2019-07-12,08:00,0.0,1010.2,1010.2,1010.0,-9999,26.4,22.5,26.6,26.4,22.8,22.4,80,78,79,77,6.9,2.7,N,PA,SOURE,A227,-0.72777777,-48.51583333,12.54
1155,2019-07-12,12:00,0.0,1012.1,1012.1,1011.8,1455,28.7,23.2,29.2,27.7,24.0,23.2,77,72,72,80,6.8,3.0,N,PA,SOURE,A227,-0.72777777,-48.51583333,12.54
1156,2019-07-12,16:00,0.0,1010.9,1011.7,1010.9,2838,30.4,23.7,31.0,29.7,24.1,22.2,68,62,68,64,7.3,2.9,N,PA,SOURE,A227,-0.72777777,-48.51583333,12.54
1157,2019-07-12,20:00,0.0,1009.7,1009.7,1009.2,887,28.5,22.6,29.6,28.5,23.2,22.5,71,68,71,35,7.9,3.7,N,PA,SOURE,A227,-0.72777777,-48.51583333,12.54
1158,2019-07-13,00:00,1.0,1012.5,1012.6,1011.6,-9999,24.3,21.3,27.2,24.3,22.9,21.3,83,75,83,78,11.5,5.2,N,PA,SOURE,A227,-0.72777777,-48.51583333,12.54
1159,2019-07-13,04:00,0.0,1012.2,1012.5,1012.2,-9999,25.4,23.3,25.4,24.5,23.3,23.0,91,88,88,80,3.9,1.6,N,PA,SOURE,A227,-0.72777777,-48.51583333,12.54
1160,2019-07-13,08:00,0.0,1011.3,1011.3,1011.1,-9999,25.2,22.7,25.4,25.1,22.7,22.4,86,83,86,112,3.3,1.1,N,PA,SOURE,A227,-0.72777777,-48.51583333,12.54
1161,2019-07-13,12:00,0.0,1013.1,1013.1,1012.3,682,26.8,23.6,27.4,26.7,24.1,23.4,83,81,83,111,4.1,2.4,N,PA,SOURE,A227,-0.72777777,-48.51583333,12.54
1162,2019-07-13,16:00,0.0,1011.2,1012.0,1011.2,2827,29.5,23.6,30.3,29.2,24.9,23.5,74,68,71,32,7.2,3.2,N,PA,SOURE,A227,-0.72777777,-48.51583333,12.54
1163,2019-07-13,20:00,0.0,1009.5,1009.5,1008.8,312,27.1,23.5,27.1,25.1,24.1,23.0,89,81,81,50,8.0,3.1,N,PA,SOURE,A227,-0.72777777,-48.51583333,12.54
1164,2019-07-14,00:00,0.0,1011.5,1011.5,1010.8,1,26.5,23.1,27.3,26.5,23.1,22.5,81,75,81,94,8.3,3.3,N,PA,SOURE,A227,-0.72777777,-48.51583333,12.54
1165,2019-07-14,04:00,0.0,1011.3,1012.1,1011.3,-9999,25.6,22.8,25.7,25.6,22.8,22.6,84,83,84,104,5.1,2.8,N,PA,SOURE,A227,-0.72777777,-48.51583333,12.54
1166,2019-07-14,08:00,0.0,1010.2,1010.2,1009.9,-9999,25.8,23.0,26.0,25.5,23.2,22.9,87,84,84,94,6.5,3.1,N,PA,SOURE,A227,-0.72777777,-48.51583333,12.54
1167,2019-07-14,12:00,0.0,1012.4,1012.4,1011.8,1460,28.1,23.8,28.5,27.5,24.4,23.2,81,76,77,82,6.5,3.2,N,PA,SOURE,A227,-0.72777777,-48.51583333,12.54
1168,2019-07-14,16:00,0.0,1011.0,1011.8,1010.9,2318,28.0,21.3,30.9,27.9,24.5,21.3,72,65,67,40,8.2,3.1,N,PA,SOURE,A227,-0.72777777,-48.51583333,12.54
1169,2019-07-14,20:00,0.0,1009.0,1009.0,1008.8,684,28.1,22.3,29.0,26.1,22.5,21.1,77,63,71,51,9.3,2.9,N,PA,SOURE,A227,-0.72777777,-48.51583333,12.54
1170,2019-07-15,00:00,0.0,1011.0,1011.0,1010.4,-9999,27.2,22.1,27.4,27.2,22.1,21.8,74,71,74,70,8.8,4.3,N,PA,SOURE,A227,-0.72777777,-48.51583333,12.54
1171,2019-07-15,04:00,0.0,1011.0,1011.5,1011.0,-9999,26.8,22.2,27.0,26.8,22.5,22.1,77,75,76,84,7.3,3.5,N,PA,SOURE,A227,-0.72777777,-48.51583333,12.54
1172,2019-07-15,08:00,0.0,1009.8,1009.8,1009.7,-9999,26.1,22.0,26.3,26.0,22.0,21.8,78,77,78,86,5.6,2.6,N,PA,SOURE,A227,-0.72777777,-48.51583333,12.54
1173,2019-07-15,12:00,0.0,1011.6,1011.7,1011.3,1474,28.7,23.2,28.8,28.0,23.2,22.5,74,70,72,64,6.2,3.2,N,PA,SOURE,A227,-0.72777777,-48.51583333,12.54
1174,2019-07-15,16:00,0.0,1010.9,1011.5,1010.9,2947,30.0,23.1,30.5,29.6,23.6,22.3,69,64,67,50,6.1,2.6,N,PA,SOURE,A227,-0.72777777,-48.51583333,12.54
1175,2019-07-15,20:00,0.0,1009.5,1009.6,1009.4,1050,28.4,22.6,29.7,28.4,23.6,22.5,71,68,71,16,6.7,2.0,N,PA,SOURE,A227,-0.72777777,-48.51583333,12.54
1176,2019-07-16,00:00,0.0,1011.3,1011.3,1010.8,-9999,27.2,21.9,27.6,27.2,22.3,21.8,74,72,73,56,5.2,1.9,N,PA,SOURE,A227,-0.72777777,-48.51583333,12.54
1177,2019-07-16,04:00,0.0,1011.5,1011.8,1011.5,-9999,26.8,22.8,27.3,26.8,22.9,22.4,79,75,79,89,6.6,2.2,N,PA,SOURE,A227,-0.72777777,-48.51583333,12.54
1178,2019-07-16,08:00,0.0,1010.6,1010.6,1010.3,-9999,26.6,23.0,26.7,26.4,23.2,22.9,82,81,81,78,4.1,1.8,N,PA,SOURE,A227,-0.72777777,-48.51583333,12.54
1179,2019-07-16,12:00,0.0,1013.0,1013.0,1012.3,1452,29.4,24.2,29.6,28.2,24.8,23.9,79,73,74,77,4.9,2.6,N,PA,SOURE,A227,-0.72777777,-48.51583333,12.54
1180,2019-07-16,16:00,0.0,1011.9,1012.8,1011.9,2919,30.3,23.2,30.9,29.7,24.3,22.9,70,64,66,33,8.0,3.3,N,PA,SOURE,A227,-0.72777777,-48.51583333,12.54
1181,2019-07-16,20:00,0.0,1009.9,1009.9,1009.5,907,28.1,21.6,28.7,27.7,23.0,21.2,72,67,68,28,8.1,1.7,N,PA,SOURE,A227,-0.72777777,-48.51583333,12.54
1182,2019-07-17,00:00,0.0,1012.7,1012.7,1012.0,-9999,27.2,23.1,27.4,27.1,23.3,22.9,79,76,79,54,5.9,1.7,N,PA,SOURE,A227,-0.72777777,-48.51583333,12.54
1183,2019-07-17,04:00,0.4,1012.9,1013.8,1012.9,-9999,23.7,21.8,24.2,23.7,21.9,21.7,89,87,89,79,7.1,1.7,N,PA,SOURE,A227,-0.72777777,-48.51583333,12.54
1184,2019-07-17,08:00,0.0,1011.5,1011.9,1011.5,-9999,24.5,22.8,24.9,24.5,23.1,22.8,90,90,90,331,2.9,0.8,N,PA,SOURE,A227,-0.72777777,-48.51583333,12.54
1185,2019-07-17,12:00,0.2,1014.0,1014.0,1013.3,883,28.3,25.3,28.3,24.7,25.3,23.0,91,84,84,45,5.8,1.9,N,PA,SOURE,A227,-0.72777777,-48.51583333,12.54
1186,2019-07-17,16:00,0.0,1013.2,1014.0,1013.2,2263,29.1,23.2,30.1,29.1,24.4,22.9,73,69,71,33,7.9,3.9,N,PA,SOURE,A227,-0.72777777,-48.51583333,12.54
1187,2019-07-17,20:00,0.0,1010.9,1011.0,1010.5,1195,29.0,22.9,29.7,28.7,24.0,22.7,74,69,70,39,9.5,3.8,N,PA,SOURE,A227,-0.72777777,-48.51583333,12.54
1188,2019-07-18,00:00,0.0,1014.2,1014.2,1012.9,-9999,24.3,22.6,24.3,23.4,22.6,21.7,91,90,90,128,2.6,1.6,N,PA,SOURE,A227,-0.72777777,-48.51583333,12.54
1189,2019-07-18,04:00,0.0,1014.0,1014.5,1014.0,-9999,24.8,22.4,25.1,24.8,22.5,22.2,87,85,87,42,4.4,0.1,N,PA,SOURE,A227,-0.72777777,-48.51583333,12.54
1190,2019-07-18,08:00,0.0,1012.5,1012.6,1012.4,-9999,23.8,22.5,23.8,23.7,22.5,22.3,92,92,92,278,3.1,1.1,N,PA,SOURE,A227,-0.72777777,-48.51583333,12.54
1191,2019-07-18,12:00,0.0,1014.1,1014.3,1014.0,1440,27.3,24.1,27.8,24.8,25.0,23.2,92,82,83,317,3.3,1.6,N,PA,SOURE,A227,-0.72777777,-48.51583333,12.54
1192,2019-07-18,16:00,0.0,1013.3,1013.7,1013.3,2852,29.7,23.4,30.6,29.5,24.1,22.9,70,65,69,62,7.1,3.1,N,PA,SOURE,A227,-0.72777777,-48.51583333,12.54
1193,2019-07-18,20:00,0.2,1011.5,1011.6,1011.1,1452,25.2,21.7,30.3,25.2,23.6,20.6,81,66,81,74,10.2,4.3,N,PA,SOURE,A227,-0.72777777,-48.51583333,12.54
1194,2019-07-19,00:00,0.4,1013.6,1013.8,1012.7,-9999,25.5,23.0,26.2,25.0,23.8,22.5,89,84,86,53,4.9,1.8,N,PA,SOURE,A227,-0.72777777,-48.51583333,12.54
1195,2019-07-19,04:00,0.0,1013.8,1014.8,1013.8,-9999,25.0,22.1,25.1,24.9,22.4,22.0,85,83,84,80,4.3,1.8,N,PA,SOURE,A227,-0.72777777,-48.51583333,12.54
1196,2019-07-19,08:00,0.0,1012.3,1012.3,1012.2,-9999,25.1,22.6,25.4,25.1,22.7,22.4,86,83,86,107,3.5,1.4,N,PA,SOURE,A227,-0.72777777,-48.51583333,12.54
1197,2019-07-19,12:00,0.0,1013.8,1013.8,1013.6,1249,28.3,23.7,28.3,26.4,23.9,22.8,82,76,76,76,6.4,2.8,N,PA,SOURE,A227,-0.72777777,-48.51583333,12.54
1198,2019-07-19,16:00,0.0,1012.9,1013.8,1012.9,2973,30.0,23.2,30.4,29.0,24.5,23.0,74,67,67,60,6.2,2.4,N,PA,SOURE,A227,-0.72777777,-48.51583333,12.54
1199,2019-07-19,20:00,0.0,1011.0,1011.0,1010.6,743,28.2,24.2,28.7,27.2,24.6,23.3,82,75,79,60,7.2,1.4,N,PA,SOURE,A227,-0.72777777,-48.51583333,12.54
1200,2019-07-20,00:00,0.0,1012.3,1012.3,1012.0,1,27.0,23.4,27.0,26.4,23.4,22.9,83,79,81,63,5.3,2.4,N,PA,SOURE,A227,-0.72777777,-48.51583333,12.54
1201,2019-07-20,04:00,0.2,1012.5,1012.9,1012.5,-9999,26.4,23.0,26.6,26.3,23.1,22.9,82,80,82,94,6.1,2.9,N,PA,SOURE,A227,-0.72777777,-48.51583333,12.54
1202,2019-07-20,08:00,0.0,1011.7,1011.7,1011.4,-9999,25.6,22.9,25.8,25.5,23.1,22.9,86,85,85,100,6.0,2.5,N,PA,SOURE,A227,-0.72777777,-48.51583333,12.54
1203,2019-07-20,12:00,0.0,1013.2,1013.2,1012.7,1503,28.1,22.7,28.4,27.6,23.3,22.1,76,71,72,120,6.0,3.9,N,PA,SOURE,A227,-0.72777777,-48.51583333,12.54
1204,2019-07-20,16:00,0.0,1012.2,1013.0,1012.2,2991,29.7,20.9,30.6,29.3,23.0,20.6,66,57,59,129,6.9,4.1,N,PA,SOURE,A227,-0.72777777,-48.51583333,12.54
1205,2019-07-20,20:00,0.0,1010.2,1010.5,1010.1,512,29.0,21.9,29.7,29.0,22.3,21.2,66,61,66,114,3.9,2.3,N,PA,SOURE,A227,-0.72777777,-48.51583333,12.54
1206,2019-07-21,00:00,0.0,1012.4,1012.5,1012.0,3,24.9,22.2,24.9,24.6,22.7,22.2,89,85,85,91,6.0,2.7,N,PA,SOURE,A227,-0.72777777,-48.51583333,12.54
1207,2019-07-21,04:00,0.0,1013.0,1013.3,1013.0,-9999,25.3,21.1,25.7,25.2,21.6,21.1,79,76,78,83,11.6,5.4,N,PA,SOURE,A227,-0.72777777,-48.51583333,12.54
1208,2019-07-21,08:00,0.0,1011.2,1011.7,1011.2,-9999,24.5,21.1,24.9,24.5,21.1,20.8,81,78,81,99,5.5,2.9,N,PA,SOURE,A227,-0.72777777,-48.51583333,12.54
1209,2019-07-21,12:00,0.0,1012.9,1012.9,1012.2,1277,27.4,22.7,27.6,26.2,22.9,21.8,78,74,76,101,6.9,3.6,N,PA,SOURE,A227,-0.72777777,-48.51583333,12.54
1210,2019-07-21,16:00,0.0,1012.1,1013.1,1012.1,2835,29.9,22.9,30.4,29.0,23.8,22.0,70,63,66,68,7.2,3.6,N,PA,SOURE,A227,-0.72777777,-48.51583333,12.54
1211,2019-07-21,20:00,0.0,1010.1,1010.1,1009.9,1284,28.8,22.0,29.8,28.8,22.4,21.4,67,63,67,55,8.6,3.4,N,PA,SOURE,A227,-0.72777777,-48.51583333,12.54
1212,2019-07-22,00:00,0.0,1012.6,1012.6,1011.6,-9999,26.2,22.9,26.5,26.1,23.2,22.9,83,81,82,129,4.9,2.5,N,PA,SOURE,A227,-0.72777777,-48.51583333,12.54
1213,2019-07-22,04:00,0.0,1012.8,1013.1,1012.8,-9999,25.8,22.0,25.9,25.7,22.0,21.7,80,78,79,102,7.0,3.5,N,PA,SOURE,A227,-0.72777777,-48.51583333,12.54
1214,2019-07-22,08:00,0.0,1011.4,1011.4,1011.1,-9999,25.7,20.2,26.0,25.5,20.2,19.6,72,68,72,105,8.1,2.7,N,PA,SOURE,A227,-0.72777777,-48.51583333,12.54
1215,2019-07-22,12:00,0.0,1012.9,1012.9,1012.6,1498,28.2,22.0,28.3,27.3,22.3,21.2,71,67,69,92,8.3,4.0,N,PA,SOURE,A227,-0.72777777,-48.51583333,12.54
1216,2019-07-22,16:00,0.0,1011.3,1012.0,1011.3,2964,29.9,22.1,30.5,29.4,23.0,21.4,66,61,63,55,4.8,2.4,N,PA,SOURE,A227,-0.72777777,-48.51583333,12.54
1217,2019-07-22,20:00,0.0,1009.8,1009.8,1009.6,1338,29.2,22.6,29.9,28.9,23.2,22.2,69,65,68,32,5.1,2.2,N,PA,SOURE,A227,-0.72777777,-48.51583333,12.54
1218,2019-07-23,00:00,0.0,1011.7,1011.7,1010.9,-9999,27.4,23.1,27.4,27.2,23.2,22.8,78,77,77,48,5.5,2.5,N,PA,SOURE,A227,-0.72777777,-48.51583333,12.54
1219,2019-07-23,04:00,0.0,1011.9,1012.4,1011.9,-9999,25.6,21.3,26.5,25.6,21.7,21.2,77,74,77,332,6.2,0.7,N,PA,SOURE,A227,-0.72777777,-48.51583333,12.54
1220,2019-07-23,08:00,0.0,1011.0,1011.0,1010.9,-9999,26.3,23.2,26.7,26.3,23.3,23.0,83,81,83,91,5.0,2.0,N,PA,SOURE,A227,-0.72777777,-48.51583333,12.54
1221,2019-07-23,12:00,0.0,1012.8,1012.8,1012.2,1515,28.5,23.4,28.8,28.2,23.5,22.8,75,71,74,78,7.8,4.2,N,PA,SOURE,A227,-0.72777777,-48.51583333,12.54
1222,2019-07-23,16:00,0.0,1011.5,1012.3,1011.5,2930,30.7,23.5,31.3,30.2,23.9,22.6,68,62,65,37,5.2,2.5,N,PA,SOURE,A227,-0.72777777,-48.51583333,12.54
1223,2019-07-23,20:00,0.0,1009.7,1009.9,1009.7,560,28.9,23.2,29.3,28.2,23.5,22.9,74,69,71,29,7.1,2.7,N,PA,SOURE,A227,-0.72777777,-48.51583333,12.54
1224,2019-07-24,00:00,0.0,1011.7,1011.7,1011.1,-9999,27.6,23.3,27.8,27.6,23.4,23.1,78,76,77,57,6.4,2.5,N,PA,SOURE,A227,-0.72777777,-48.51583333,12.54
1225,2019-07-24,04:00,0.0,1011.9,1012.3,1011.9,-9999,26.5,23.0,26.7,26.4,23.0,22.7,81,79,81,88,6.3,2.6,N,PA,SOURE,A227,-0.72777777,-48.51583333,12.54
1226,2019-07-24,08:00,0.0,1010.9,1010.9,1010.7,-9999,26.3,22.8,26.5,26.2,22.8,22.7,81,80,81,83,5.9,2.6,N,PA,SOURE,A227,-0.72777777,-48.51583333,12.54
1227,2019-07-24,12:00,0.0,1012.9,1012.9,1012.5,1449,28.4,23.5,28.8,27.8,24.1,23.3,78,74,75,83,6.4,3.5,N,PA,SOURE,A227,-0.72777777,-48.51583333,12.54
1228,2019-07-24,16:00,0.0,1011.4,1012.3,1011.3,2971,31.0,23.3,31.3,29.8,23.7,22.5,66,62,64,45,4.1,1.9,N,PA,SOURE,A227,-0.72777777,-48.51583333,12.54
1229,2019-07-24,20:00,0.4,1010.2,1010.4,1010.0,682,24.9,22.6,27.3,24.9,24.5,22.3,88,82,87,79,10.3,0.9,N,PA,SOURE,A227,-0.72777777,-48.51583333,12.54
1230,2019-07-25,00:00,0.0,1011.5,1011.5,1011.1,-9999,26.4,23.2,26.5,26.1,23.2,22.3,83,78,82,49,5.3,1.8,N,PA,SOURE,A227,-0.72777777,-48.51583333,12.54
1231,2019-07-25,04:00,0.0,1011.3,1011.7,1011.3,-9999,26.3,23.3,26.6,26.2,23.3,23.2,84,82,84,65,3.5,1.3,N,PA,SOURE,A227,-0.72777777,-48.51583333,12.54
1232,2019-07-25,08:00,0.0,1010.2,1010.3,1010.1,-9999,25.4,23.2,25.7,25.4,23.3,23.1,88,86,88,252,1.3,0.0,N,PA,SOURE,A227,-0.72777777,-48.51583333,12.54
1233,2019-07-25,12:00,0.0,1011.7,1011.7,1011.4,972,28.2,24.9,28.5,25.9,25.5,23.9,89,82,82,224,1.9,0.5,N,PA,SOURE,A227,-0.72777777,-48.51583333,12.54
1234,2019-07-25,16:00,0.0,1010.5,1011.3,1010.5,2106,31.3,21.8,31.7,30.2,23.5,21.2,65,57,57,158,3.4,0.8,N,PA,SOURE,A227,-0.72777777,-48.51583333,12.54
1235,2019-07-25,20:00,0.0,1008.7,1008.7,1008.4,1383,30.5,22.3,31.7,30.5,23.0,21.8,63,58,62,62,4.5,2.4,N,PA,SOURE,A227,-0.72777777,-48.51583333,12.54
1236,2019-07-26,00:00,1.0,1012.3,1012.3,1011.1,-9999,23.9,22.4,24.1,23.2,22.6,21.4,91,90,91,168,7.0,1.7,N,PA,SOURE,A227,-0.72777777,-48.51583333,12.54
1237,2019-07-26,04:00,0.0,1011.9,1012.3,1011.9,-9999,23.1,21.9,23.3,22.9,22.1,21.7,93,92,93,316,1.9,0.7,N,PA,SOURE,A227,-0.72777777,-48.51583333,12.54
1238,2019-07-26,08:00,0.0,1011.5,1011.5,1010.8,-9999,23.5,22.0,23.5,23.1,22.0,21.6,92,91,91,296,2.7,1.3,N,PA,SOURE,A227,-0.72777777,-48.51583333,12.54
1239,2019-07-26,12:00,0.0,1013.9,1014.0,1013.7,1185,26.3,23.0,26.4,24.6,23.4,22.5,89,81,82,317,4.3,2.2,N,PA,SOURE,A227,-0.72777777,-48.51583333,12.54
1240,2019-07-26,16:00,0.0,1011.8,1012.8,1011.8,2262,29.3,22.8,29.9,28.8,24.1,22.6,75,68,68,104,4.4,1.9,N,PA,SOURE,A227,-0.72777777,-48.51583333,12.54
1241,2019-07-26,20:00,0.0,1010.8,1010.8,1010.5,610,27.5,23.2,29.9,27.2,23.8,22.8,78,68,77,55,3.8,1.2,N,PA,SOURE,A227,-0.72777777,-48.51583333,12.54
1242,2019-07-27,00:00,0.0,1013.0,1013.0,1012.5,-9999,27.4,23.1,27.5,27.0,23.4,22.7,79,75,77,84,6.9,3.2,N,PA,SOURE,A227,-0.72777777,-48.51583333,12.54
1243,2019-07-27,04:00,0.0,1012.8,1013.4,1012.8,-9999,26.7,23.3,27.0,26.7,23.3,22.9,82,79,82,83,6.7,2.5,N,PA,SOURE,A227,-0.72777777,-48.51583333,12.54
1244,2019-07-27,08:00,0.0,1012.1,1012.1,1011.7,-9999,26.5,22.9,26.7,26.4,23.2,22.9,82,80,81,65,6.6,2.9,N,PA,SOURE,A227,-0.72777777,-48.51583333,12.54
1245,2019-07-27,12:00,0.0,1013.5,1013.5,1013.3,1382,28.5,23.7,29.1,27.8,24.4,23.3,78,74,75,73,8.2,3.5,N,PA,SOURE,A227,-0.72777777,-48.51583333,12.54
1246,2019-07-27,16:00,0.0,1012.6,1013.3,1012.6,2977,30.6,23.3,31.2,30.1,24.1,23.0,68,63,65,60,6.3,3.0,N,PA,SOURE,A227,-0.72777777,-48.51583333,12.54
1247,2019-07-27,20:00,0.0,1010.7,1010.9,1010.4,877,28.0,23.3,29.0,27.8,24.2,23.2,80,73,76,53,9.0,3.5,N,PA,SOURE,A227,-0.72777777,-48.51583333,12.54
1248,2019-07-28,00:00,0.0,1013.0,1013.0,1012.6,-9999,27.4,22.8,27.7,27.3,23.1,22.7,77,75,76,77,8.9,4.4,N,PA,SOURE,A227,-0.72777777,-48.51583333,12.54
1249,2019-07-28,04:00,0.0,1013.1,1013.6,1013.1,-9999,26.7,22.7,26.9,26.6,22.9,22.5,79,77,79,83,7.8,3.5,N,PA,SOURE,A227,-0.72777777,-48.51583333,12.54
1250,2019-07-28,08:00,0.0,1011.6,1011.6,1011.2,-9999,26.1,22.5,26.2,25.9,22.6,22.4,82,80,81,94,6.0,3.2,N,PA,SOURE,A227,-0.72777777,-48.51583333,12.54
1251,2019-07-28,12:00,0.0,1013.7,1013.7,1013.4,1498,28.3,23.3,28.5,27.5,23.8,23.1,78,74,75,94,6.1,3.7,N,PA,SOURE,A227,-0.72777777,-48.51583333,12.54
1252,2019-07-28,16:00,0.0,1012.4,1013.3,1012.4,2795,30.7,23.4,31.0,29.3,24.9,22.8,71,65,65,57,6.1,2.5,N,PA,SOURE,A227,-0.72777777,-48.51583333,12.54
1253,2019-07-28,20:00,0.0,1010.0,1010.1,1009.6,1371,29.0,23.0,30.0,28.9,23.7,22.8,70,67,70,37,7.5,3.5,N,PA,SOURE,A227,-0.72777777,-48.51583333,12.54
1254,2019-07-29,00:00,0.0,1012.1,1012.1,1011.4,-9999,27.4,22.6,27.6,27.4,22.7,22.4,76,74,75,61,7.8,3.1,N,PA,SOURE,A227,-0.72777777,-48.51583333,12.54
1255,2019-07-29,04:00,0.0,1012.3,1012.8,1012.3,-9999,27.0,22.6,27.1,26.9,22.8,22.5,78,76,77,82,5.3,2.4,N,PA,SOURE,A227,-0.72777777,-48.51583333,12.54
1256,2019-07-29,08:00,0.0,1011.5,1011.5,1011.1,-9999,25.7,22.9,26.3,25.7,23.0,22.8,84,82,84,138,3.5,0.0,N,PA,SOURE,A227,-0.72777777,-48.51583333,12.54
1257,2019-07-29,12:00,0.0,1013.2,1013.2,1012.6,1493,29.4,23.8,29.6,27.0,25.8,23.6,87,72,72,71,3.5,1.7,N,PA,SOURE,A227,-0.72777777,-48.51583333,12.54
1258,2019-07-29,16:00,0.0,1011.3,1012.3,1011.3,3057,30.7,22.7,30.9,29.6,23.4,21.4,67,60,63,95,5.1,1.4,N,PA,SOURE,A227,-0.72777777,-48.51583333,12.54
1259,2019-07-29,20:00,0.0,1009.0,1009.2,1008.9,1347,29.1,23.3,30.3,28.9,23.9,22.7,71,67,71,34,7.1,3.7,N,PA,SOURE,A227,-0.72777777,-48.51583333,12.54
1260,2019-07-30,00:00,0.0,1012.7,1012.7,1011.3,-9999,27.4,22.8,27.4,26.8,23.5,22.8,81,76,76,95,4.9,2.8,N,PA,SOURE,A227,-0.72777777,-48.51583333,12.54
1261,2019-07-30,04:00,0.0,1012.3,1013.0,1012.2,-9999,24.2,22.9,24.3,23.6,23.0,22.3,93,92,93,77,1.7,0.2,N,PA,SOURE,A227,-0.72777777,-48.51583333,12.54
1262,2019-07-30,08:00,0.0,1011.3,1011.3,1011.1,-9999,24.0,22.8,24.2,24.0,23.0,22.8,93,93,93,346,1.9,1.1,N,PA,SOURE,A227,-0.72777777,-48.51583333,12.54
1263,2019-07-30,12:00,0.0,1013.1,1013.1,1012.8,1304,27.9,24.4,28.9,26.9,26.0,24.1,91,81,81,16,3.3,1.4,N,PA,SOURE,A227,-0.72777777,-48.51583333,12.54
1264,2019-07-30,16:00,0.0,1011.9,1012.9,1011.9,2894,31.5,23.9,31.5,30.2,25.2,22.8,72,62,64,64,4.9,2.1,N,PA,SOURE,A227,-0.72777777,-48.51583333,12.54
1265,2019-07-30,20:00,0.0,1009.8,1009.9,1009.3,1151,29.6,24.2,30.1,29.1,24.6,23.6,75,68,73,61,6.4,3.5,N,PA,SOURE,A227,-0.72777777,-48.51583333,12.54
1266,2019-07-31,00:00,0.0,1012.1,1012.2,1011.8,-9999,24.8,21.9,25.2,24.6,21.9,21.5,84,81,84,35,3.6,0.5,N,PA,SOURE,A227,-0.72777777,-48.51583333,12.54
1267,2019-07-31,04:00,0.0,1011.8,1012.3,1011.8,-9999,26.8,23.4,26.8,25.7,24.0,23.4,88,82,82,62,4.1,1.5,N,PA,SOURE,A227,-0.72777777,-48.51583333,12.54
1268,2019-07-31,08:00,0.0,1011.2,1011.2,1010.9,-9999,25.0,23.3,25.1,24.7,23.4,22.9,90,89,90,325,1.7,0.4,N,PA,SOURE,A227,-0.72777777,-48.51583333,12.54
1269,2019-07-31,12:00,0.0,1013.1,1013.1,1012.7,1218,28.7,23.6,29.3,28.0,24.4,23.3,78,72,74,62,7.0,3.7,N,PA,SOURE,A227,-0.72777777,-48.51583333,12.54
1270,2019-07-31,16:00,0.0,1011.4,1012.4,1011.4,2612,30.8,23.9,30.9,29.7,24.5,23.2,70,66,67,47,6.7,2.5,N,PA,SOURE,A227,-0.72777777,-48.51583333,12.54
1271,2019-07-31,20:00,0.0,1009.4,1009.6,1009.4,1146,29.0,23.2,29.8,28.6,23.8,22.8,72,67,71,52,7.8,2.9,N,PA,SOURE,A227,-0.72777777,-48.51583333,12.54
1272,2019-08-01,00:00,0.0,1011.4,1011.4,1010.6,-9999,27.5,22.7,27.7,27.5,22.9,22.6,76,74,75,60,8.8,2.9,N,PA,SOURE,A227,-0.72777777,-48.51583333,12.54
1273,2019-08-01,04:00,0.0,1011.0,1011.9,1011.0,-9999,27.3,22.4,27.5,27.3,22.7,22.3,76,74,75,81,8.3,3.9,N,PA,SOURE,A227,-0.72777777,-48.51583333,12.54
1274,2019-08-01,08:00,0.0,1009.5,1009.7,1009.5,-9999,26.3,22.5,26.5,26.3,22.7,22.5,80,79,80,82,6.1,2.9,N,PA,SOURE,A227,-0.72777777,-48.51583333,12.54
1275,2019-08-01,12:00,0.0,1011.1,1011.1,1010.5,1440,29.1,23.5,29.1,27.8,23.9,22.9,76,71,72,72,7.1,3.9,N,PA,SOURE,A227,-0.72777777,-48.51583333,12.54
1276,2019-08-01,16:00,0.0,1010.6,1011.3,1010.6,3037,29.9,23.1,30.8,29.8,24.3,22.9,69,65,67,47,8.8,4.1,N,PA,SOURE,A227,-0.72777777,-48.51583333,12.54
1277,2019-08-01,20:00,0.0,1009.2,1009.2,1008.9,1104,28.9,23.1,30.0,28.7,24.0,22.8,72,69,71,44,8.6,3.4,N,PA,SOURE,A227,-0.72777777,-48.51583333,12.54
1278,2019-08-02,00:00,0.0,1011.3,1011.4,1010.6,-9999,27.6,22.6,27.6,25.5,22.7,21.2,79,74,74,61,7.8,3.9,N,PA,SOURE,A227,-0.72777777,-48.51583333,12.54
1279,2019-08-02,04:00,0.0,1011.1,1011.7,1011.1,-9999,27.0,22.8,27.4,27.0,22.9,22.5,78,75,78,88,7.0,3.1,N,PA,SOURE,A227,-0.72777777,-48.51583333,12.54
1280,2019-08-02,08:00,0.0,1010.4,1010.4,1010.2,-9999,25.3,22.7,25.5,25.3,22.8,22.6,85,85,85,86,3.9,1.2,N,PA,SOURE,A227,-0.72777777,-48.51583333,12.54
1281,2019-08-02,12:00,0.0,1012.0,1012.0,1011.3,1526,28.6,23.4,29.1,28.2,24.0,23.0,76,73,73,77,4.9,2.7,N,PA,SOURE,A227,-0.72777777,-48.51583333,12.54
1282,2019-08-02,16:00,0.0,1010.8,1011.6,1010.8,3119,30.4,23.4,30.9,29.8,24.5,23.1,70,65,66,56,6.9,2.6,N,PA,SOURE,A227,-0.72777777,-48.51583333,12.54
1283,2019-08-02,20:00,0.0,1009.6,1009.6,1009.1,1266,29.2,23.4,30.3,29.2,24.3,23.3,73,69,71,46,8.3,3.8,N,PA,SOURE,A227,-0.72777777,-48.51583333,12.54
1284,2019-08-03,00:00,0.0,1012.0,1012.0,1011.0,-9999,26.5,23.3,26.5,25.5,23.3,22.8,85,83,83,82,5.7,2.6,N,PA,SOURE,A227,-0.72777777,-48.51583333,12.54
1285,2019-08-03,04:00,0.0,1012.5,1013.1,1012.5,-9999,25.6,22.6,26.0,25.6,23.0,22.5,84,81,84,108,4.9,1.8,N,PA,SOURE,A227,-0.72777777,-48.51583333,12.54
1286,2019-08-03,08:00,0.0,1011.3,1011.4,1011.3,-9999,26.0,23.5,26.0,25.7,23.5,23.3,87,86,86,85,4.6,2.3,N,PA,SOURE,A227,-0.72777777,-48.51583333,12.54
1287,2019-08-03,12:00,0.0,1012.4,1012.5,1012.2,1329,28.3,24.2,29.2,27.9,25.1,23.8,80,76,79,72,7.5,3.8,N,PA,SOURE,A227,-0.72777777,-48.51583333,12.54
1288,2019-08-03,16:00,0.0,1011.7,1012.1,1011.6,3069,30.4,24.1,30.7,30.0,24.7,23.9,72,69,69,73,8.7,4.3,N,PA,SOURE,A227,-0.72777777,-48.51583333,12.54
1289,2019-08-03,20:00,0.0,1010.2,1010.3,1010.1,1021,28.8,23.7,30.1,28.7,24.1,23.5,74,69,74,42,8.1,3.3,N,PA,SOURE,A227,-0.72777777,-48.51583333,12.54
1290,2019-08-04,00:00,0.0,1011.9,1012.0,1011.2,-9999,27.8,23.3,27.9,27.8,23.4,23.1,77,75,76,52,9.0,3.6,N,PA,SOURE,A227,-0.72777777,-48.51583333,12.54
1291,2019-08-04,04:00,0.0,1012.3,1013.2,1012.3,-9999,27.7,23.2,27.9,27.6,23.3,23.0,77,76,77,61,8.2,3.6,N,PA,SOURE,A227,-0.72777777,-48.51583333,12.54
1292,2019-08-04,08:00,0.0,1011.2,1011.5,1011.2,-9999,27.4,23.3,27.5,27.4,23.3,23.1,78,77,78,57,7.8,2.8,N,PA,SOURE,A227,-0.72777777,-48.51583333,12.54
1293,2019-08-04,12:00,0.0,1013.4,1013.4,1012.6,1173,28.8,23.7,30.4,28.0,24.9,23.5,77,70,74,42,8.4,3.5,N,PA,SOURE,A227,-0.72777777,-48.51583333,12.54
1294,2019-08-04,16:00,0.0,1012.4,1013.1,1012.4,3053,30.7,24.1,31.0,30.2,24.7,23.4,70,65,68,64,9.2,4.4,N,PA,SOURE,A227,-0.72777777,-48.51583333,12.54
1295,2019-08-04,20:00,0.2,1012.1,1012.2,1010.9,332,25.1,21.7,29.0,25.1,23.7,20.4,82,69,82,143,13.0,4.9,N,PA,SOURE,A227,-0.72777777,-48.51583333,12.54
1296,2019-08-05,00:00,0.0,1014.2,1014.2,1013.6,-9999,24.7,22.9,24.7,24.4,22.9,22.5,90,89,90,37,4.0,1.1,N,PA,SOURE,A227,-0.72777777,-48.51583333,12.54
1297,2019-08-05,04:00,0.0,1013.8,1014.4,1013.8,-9999,27.1,23.0,27.2,27.0,23.2,22.6,79,76,79,57,7.4,2.5,N,PA,SOURE,A227,-0.72777777,-48.51583333,12.54
1298,2019-08-05,08:00,0.0,1012.2,1012.4,1012.1,-9999,26.9,22.6,27.0,26.8,22.7,22.4,78,77,78,52,6.0,2.8,N,PA,SOURE,A227,-0.72777777,-48.51583333,12.54
1299,2019-08-05,12:00,0.0,1014.0,1014.0,1013.5,1323,29.3,23.9,30.1,27.9,24.4,22.9,79,69,73,60,7.7,3.5,N,PA,SOURE,A227,-0.72777777,-48.51583333,12.54
1300,2019-08-05,16:00,0.0,1013.3,1014.1,1013.3,3040,30.4,23.5,31.0,30.0,24.5,23.0,70,64,67,40,8.8,3.4,N,PA,SOURE,A227,-0.72777777,-48.51583333,12.54
1301,2019-08-05,20:00,0.0,1012.1,1012.4,1011.7,879,26.9,22.1,30.0,26.6,23.7,21.6,77,67,75,122,9.4,3.5,N,PA,SOURE,A227,-0.72777777,-48.51583333,12.54
1302,2019-08-06,00:00,0.0,1014.7,1014.7,1014.0,-9999,26.4,23.6,26.4,25.3,23.8,23.3,89,85,85,107,4.7,2.3,N,PA,SOURE,A227,-0.72777777,-48.51583333,12.54
1303,2019-08-06,04:00,0.0,1015.0,1015.5,1015.0,-9999,26.4,22.9,26.5,26.2,23.2,22.9,83,81,81,84,5.4,2.7,N,PA,SOURE,A227,-0.72777777,-48.51583333,12.54
1304,2019-08-06,08:00,0.0,1013.5,1013.6,1013.3,-9999,26.2,22.7,26.5,26.1,23.2,22.6,84,80,81,64,5.4,1.7,N,PA,SOURE,A227,-0.72777777,-48.51583333,12.54
1305,2019-08-06,12:00,0.0,1015.0,1015.0,1014.5,1447,28.9,23.6,29.3,28.1,24.2,23.3,78,72,73,84,7.6,3.6,N,PA,SOURE,A227,-0.72777777,-48.51583333,12.54
1306,2019-08-06,16:00,0.0,1014.0,1014.6,1014.0,2318,28.9,23.1,31.0,28.9,24.7,22.8,71,65,71,52,8.9,3.7,N,PA,SOURE,A227,-0.72777777,-48.51583333,12.54
1307,2019-08-06,20:00,0.0,1012.6,1012.6,1012.1,305,25.0,23.2,25.0,23.3,23.2,21.8,92,90,90,40,3.6,1.8,N,PA,SOURE,A227,-0.72777777,-48.51583333,12.54
1308,2019-08-07,00:00,0.0,1014.7,1014.7,1014.1,-9999,25.0,21.9,25.3,24.9,22.1,21.8,83,82,83,87,4.8,1.2,N,PA,SOURE,A227,-0.72777777,-48.51583333,12.54
1309,2019-08-07,04:00,0.0,1014.9,1015.3,1014.9,-9999,26.2,22.6,26.2,25.1,22.8,22.6,87,80,80,89,6.8,3.2,N,PA,SOURE,A227,-0.72777777,-48.51583333,12.54
1310,2019-08-07,08:00,0.0,1014.2,1014.2,1014.0,-9999,25.2,22.5,25.4,25.1,22.7,22.5,86,84,85,96,2.8,1.4,N,PA,SOURE,A227,-0.72777777,-48.51583333,12.54
1311,2019-08-07,12:00,0.0,1016.0,1016.0,1015.5,1532,28.5,23.1,28.6,27.6,23.4,22.7,76,72,73,98,7.6,4.1,N,PA,SOURE,A227,-0.72777777,-48.51583333,12.54
1312,2019-08-07,16:00,0.0,1014.3,1015.2,1014.3,3186,30.8,22.9,30.8,29.8,23.7,22.3,68,63,63,33,5.4,1.7,N,PA,SOURE,A227,-0.72777777,-48.51583333,12.54
1313,2019-08-07,20:00,0.0,1012.6,1012.7,1012.3,520,28.0,23.1,28.7,27.3,23.4,22.8,78,72,75,52,7.3,2.1,N,PA,SOURE,A227,-0.72777777,-48.51583333,12.54
1314,2019-08-08,00:00,0.0,1014.7,1014.7,1013.7,-9999,27.2,22.7,27.5,27.2,23.2,22.7,78,76,76,86,7.7,3.2,N,PA,SOURE,A227,-0.72777777,-48.51583333,12.54
1315,2019-08-08,04:00,0.0,1014.8,1015.2,1014.8,-9999,26.5,21.8,26.7,26.4,22.2,21.7,77,75,75,98,5.4,2.3,N,PA,SOURE,A227,-0.72777777,-48.51583333,12.54
1316,2019-08-08,08:00,0.0,1013.3,1013.4,1013.2,-9999,26.2,21.1,26.3,25.8,21.2,20.8,76,72,74,87,4.6,2.2,N,PA,SOURE,A227,-0.72777777,-48.51583333,12.54
1317,2019-08-08,12:00,0.0,1015.1,1015.1,1014.7,1102,28.7,23.2,28.8,27.4,23.2,22.4,76,70,72,67,5.8,3.0,N,PA,SOURE,A227,-0.72777777,-48.51583333,12.54
1318,2019-08-08,16:00,0.0,1013.8,1014.7,1013.8,2745,30.2,23.5,31.0,29.8,24.5,23.1,70,66,67,81,6.7,3.2,N,PA,SOURE,A227,-0.72777777,-48.51583333,12.54
1319,2019-08-08,20:00,0.0,1012.1,1012.4,1012.1,1128,28.0,21.6,30.1,28.0,24.1,21.6,72,68,68,50,7.1,2.3,N,PA,SOURE,A227,-0.72777777,-48.51583333,12.54
1320,2019-08-09,00:00,4.4,1015.1,1015.5,1014.4,3,23.7,22.5,25.8,23.1,22.7,21.9,94,83,93,287,11.7,0.5,N,PA,SOURE,A227,-0.72777777,-48.51583333,12.54
1321,2019-08-09,04:00,1.0,1015.2,1015.4,1015.1,-9999,23.6,22.5,24.4,23.4,23.3,22.2,94,93,94,39,5.0,0.8,N,PA,SOURE,A227,-0.72777777,-48.51583333,12.54
1322,2019-08-09,08:00,0.0,1012.9,1013.0,1012.8,-9999,23.3,22.2,23.4,23.1,22.3,22.0,94,93,93,344,2.6,1.0,N,PA,SOURE,A227,-0.72777777,-48.51583333,12.54
1323,2019-08-09,12:00,0.0,1013.9,1013.9,1013.6,1361,28.6,23.6,28.6,26.9,24.8,23.1,87,74,75,331,2.5,1.0,N,PA,SOURE,A227,-0.72777777,-48.51583333,12.54
1324,2019-08-09,16:00,0.0,1012.3,1013.2,1012.3,3272,31.5,21.5,31.7,30.6,22.9,19.3,61,50,55,110,3.6,1.4,N,PA,SOURE,A227,-0.72777777,-48.51583333,12.54
1325,2019-08-09,20:00,0.0,1011.2,1011.2,1010.8,1452,29.9,22.6,31.5,29.8,22.6,21.2,65,56,65,44,6.2,2.9,N,PA,SOURE,A227,-0.72777777,-48.51583333,12.54
1326,2019-08-10,00:00,0.0,1013.8,1013.8,1013.1,-9999,27.7,23.0,27.7,27.2,23.3,22.7,79,76,76,54,5.1,2.8,N,PA,SOURE,A227,-0.72777777,-48.51583333,12.54
1327,2019-08-10,04:00,0.0,1013.8,1014.4,1013.8,-9999,26.9,23.5,27.2,26.9,23.5,23.2,82,79,82,85,6.4,3.0,N,PA,SOURE,A227,-0.72777777,-48.51583333,12.54
1328,2019-08-10,08:00,0.0,1012.4,1012.4,1012.2,-9999,26.3,23.3,26.6,26.3,23.4,23.3,84,83,84,69,5.0,1.7,N,PA,SOURE,A227,-0.72777777,-48.51583333,12.54
1329,2019-08-10,12:00,0.0,1014.0,1014.0,1013.5,1570,29.7,24.3,29.7,28.9,24.3,23.5,75,71,73,67,5.4,2.5,N,PA,SOURE,A227,-0.72777777,-48.51583333,12.54
1330,2019-08-10,16:00,0.0,1013.1,1013.8,1013.1,2976,30.5,24.0,31.1,30.0,24.9,23.3,71,64,68,58,5.9,3.0,N,PA,SOURE,A227,-0.72777777,-48.51583333,12.54
1331,2019-08-10,20:00,0.0,1011.8,1011.8,1011.6,1227,29.1,23.8,30.1,28.9,24.8,23.7,75,71,73,40,7.9,3.7,N,PA,SOURE,A227,-0.72777777,-48.51583333,12.54
1332,2019-08-11,00:00,0.0,1013.7,1013.7,1013.2,-9999,27.7,23.5,27.8,27.7,23.7,23.5,79,78,78,76,7.6,3.2,N,PA,SOURE,A227,-0.72777777,-48.51583333,12.54
1333,2019-08-11,04:00,0.0,1013.4,1014.0,1013.4,-9999,27.1,23.5,27.4,27.1,23.6,23.4,81,79,81,82,7.6,3.6,N,PA,SOURE,A227,-0.72777777,-48.51583333,12.54
1334,2019-08-11,08:00,0.0,1012.6,1012.6,1012.2,-9999,26.6,22.7,26.8,26.6,22.9,22.7,80,79,79,70,7.2,3.4,N,PA,SOURE,A227,-0.72777777,-48.51583333,12.54
1335,2019-08-11,12:00,0.0,1014.6,1014.6,1014.0,1501,29.2,23.2,29.4,28.1,23.7,22.8,75,70,70,72,7.1,3.5,N,PA,SOURE,A227,-0.72777777,-48.51583333,12.54
1336,2019-08-11,16:00,0.0,1013.3,1014.2,1013.3,2959,30.6,23.9,30.6,29.5,23.9,22.4,69,65,67,55,8.0,3.6,N,PA,SOURE,A227,-0.72777777,-48.51583333,12.54
1337,2019-08-11,20:00,0.0,1011.2,1011.3,1011.0,1398,28.9,22.9,29.6,28.9,23.4,22.9,70,68,70,43,8.0,4.1,N,PA,SOURE,A227,-0.72777777,-48.51583333,12.54
1338,2019-08-12,00:00,0.0,1012.8,1012.8,1012.3,-9999,27.4,22.2,27.7,27.4,22.5,22.1,74,72,73,63,9.7,3.5,N,PA,SOURE,A227,-0.72777777,-48.51583333,12.54
1339,2019-08-12,04:00,0.0,1012.4,1013.0,1012.4,-9999,27.2,22.3,27.5,27.1,22.6,22.2,75,74,74,78,7.9,3.8,N,PA,SOURE,A227,-0.72777777,-48.51583333,12.54
1340,2019-08-12,08:00,0.0,1010.9,1011.0,1010.8,-9999,26.5,22.3,26.7,26.4,22.5,22.1,79,76,78,73,5.7,2.4,N,PA,SOURE,A227,-0.72777777,-48.51583333,12.54
1341,2019-08-12,12:00,0.0,1012.7,1012.7,1012.1,1010,28.9,23.9,28.9,27.5,24.1,23.4,80,75,75,70,4.7,2.3,N,PA,SOURE,A227,-0.72777777,-48.51583333,12.54
1342,2019-08-12,16:00,0.0,1010.9,1012.0,1010.9,3100,30.7,23.9,31.1,30.1,24.2,22.8,69,64,67,52,7.7,3.4,N,PA,SOURE,A227,-0.72777777,-48.51583333,12.54
1343,2019-08-12,20:00,0.4,1009.8,1009.9,1009.3,991,25.4,19.5,29.8,25.4,24.2,19.5,73,65,70,75,9.3,3.7,N,PA,SOURE,A227,-0.72777777,-48.51583333,12.54
1344,2019-08-13,00:00,0.0,1011.9,1012.0,1011.0,3,27.2,22.8,27.4,27.0,23.5,22.8,81,77,77,73,9.5,3.3,N,PA,SOURE,A227,-0.72777777,-48.51583333,12.54
1345,2019-08-13,04:00,0.0,1011.6,1012.3,1011.6,-9999,26.2,23.3,26.6,26.1,23.4,23.3,85,82,84,108,3.5,1.9,N,PA,SOURE,A227,-0.72777777,-48.51583333,12.54
1346,2019-08-13,08:00,0.0,1010.1,1010.1,1009.9,-9999,25.8,23.2,25.9,25.7,23.2,23.1,86,85,86,78,4.5,1.8,N,PA,SOURE,A227,-0.72777777,-48.51583333,12.54
1347,2019-08-13,12:00,0.0,1012.2,1012.2,1011.5,1309,29.3,24.1,29.3,28.1,24.4,23.4,77,73,74,51,7.2,3.1,N,PA,SOURE,A227,-0.72777777,-48.51583333,12.54
1348,2019-08-13,16:00,0.0,1010.9,1011.8,1010.9,3077,30.3,24.2,30.8,29.7,24.7,23.6,72,68,70,51,8.9,3.7,N,PA,SOURE,A227,-0.72777777,-48.51583333,12.54
1349,2019-08-13,20:00,0.0,1009.4,1009.4,1009.1,913,28.3,22.7,30.1,28.3,24.2,22.5,73,69,71,68,9.0,3.8,N,PA,SOURE,A227,-0.72777777,-48.51583333,12.54
1350,2019-08-14,00:00,0.0,1011.8,1011.8,1011.0,-9999,27.6,23.1,27.9,27.6,23.3,23.0,77,76,77,66,9.0,3.8,N,PA,SOURE,A227,-0.72777777,-48.51583333,12.54
1351,2019-08-14,04:00,0.0,1012.2,1012.7,1012.2,-9999,27.5,23.1,27.6,27.4,23.3,23.0,78,77,77,56,7.6,2.6,N,PA,SOURE,A227,-0.72777777,-48.51583333,12.54
1352,2019-08-14,08:00,0.0,1011.0,1011.2,1011.0,-9999,27.0,22.7,27.2,27.0,22.7,22.4,77,76,77,52,7.8,3.2,N,PA,SOURE,A227,-0.72777777,-48.51583333,12.54
1353,2019-08-14,12:00,0.0,1013.2,1013.2,1012.5,1302,29.2,23.1,29.5,28.1,23.5,22.6,73,69,70,63,8.2,3.8,N,PA,SOURE,A227,-0.72777777,-48.51583333,12.54
1354,2019-08-14,16:00,0.0,1012.2,1013.0,1012.2,3001,30.5,23.8,30.9,29.8,24.4,23.1,70,66,68,48,9.5,3.9,N,PA,SOURE,A227,-0.72777777,-48.51583333,12.54
1355,2019-08-14,20:00,0.0,1010.1,1010.3,1009.8,1320,29.1,23.6,29.9,28.8,23.9,23.0,72,68,72,52,9.8,4.0,N,PA,SOURE,A227,-0.72777777,-48.51583333,12.54
1356,2019-08-15,00:00,0.0,1013.4,1013.4,1012.3,-9999,27.8,22.5,28.0,27.7,22.8,22.2,74,71,73,76,9.7,3.9,N,PA,SOURE,A227,-0.72777777,-48.51583333,12.54
1357,2019-08-15,04:00,0.0,1012.7,1013.4,1012.7,-9999,27.2,23.2,27.5,27.0,23.5,22.9,80,76,79,86,8.1,3.1,N,PA,SOURE,A227,-0.72777777,-48.51583333,12.54
1358,2019-08-15,08:00,0.0,1012.0,1012.0,1011.6,-9999,26.7,23.0,26.8,26.6,23.1,23.0,81,80,80,81,8.0,3.3,N,PA,SOURE,A227,-0.72777777,-48.51583333,12.54
1359,2019-08-15,12:00,0.0,1013.8,1013.8,1013.3,1276,28.8,22.6,29.4,27.9,23.5,22.5,74,68,69,61,9.1,4.4,N,PA,SOURE,A227,-0.72777777,-48.51583333,12.54
1360,2019-08-15,16:00,0.0,1012.5,1013.5,1012.5,3126,30.2,23.0,30.9,29.7,23.8,22.6,68,64,66,49,10.5,4.6,N,PA,SOURE,A227,-0.72777777,-48.51583333,12.54
1361,2019-08-15,20:00,0.0,1010.2,1010.4,1010.1,1279,28.8,22.9,29.7,28.8,23.5,22.7,71,67,70,52,10.8,4.2,N,PA,SOURE,A227,-0.72777777,-48.51583333,12.54
1362,2019-08-16,00:00,0.0,1012.7,1012.7,1011.6,-9999,27.7,22.5,27.7,27.6,22.6,22.2,74,72,73,84,10.3,4.3,N,PA,SOURE,A227,-0.72777777,-48.51583333,12.54
1363,2019-08-16,04:00,0.0,1012.6,1013.1,1012.6,-9999,27.0,22.4,27.2,26.9,22.6,22.2,77,75,76,81,8.1,3.4,N,PA,SOURE,A227,-0.72777777,-48.51583333,12.54
1364,2019-08-16,08:00,0.0,1011.4,1011.5,1011.4,-9999,26.6,22.8,26.7,26.6,22.9,22.6,80,78,79,77,7.1,3.4,N,PA,SOURE,A227,-0.72777777,-48.51583333,12.54
1365,2019-08-16,12:00,0.0,1013.3,1013.3,1012.9,1458,28.7,23.4,29.1,27.8,24.2,23.3,78,73,73,73,9.4,4.2,N,PA,SOURE,A227,-0.72777777,-48.51583333,12.54
1366,2019-08-16,16:00,0.0,1011.9,1012.7,1011.9,2454,30.8,23.9,30.9,29.2,23.9,22.6,68,64,67,60,8.9,3.9,N,PA,SOURE,A227,-0.72777777,-48.51583333,12.54
1367,2019-08-16,20:00,0.0,1010.4,1010.4,1010.1,229,28.0,23.5,28.0,26.1,23.6,21.8,79,76,77,47,6.5,2.9,N,PA,SOURE,A227,-0.72777777,-48.51583333,12.54
1368,2019-08-17,00:00,0.0,1012.7,1012.7,1011.7,5,27.0,23.1,27.0,26.7,23.6,22.4,83,77,79,73,9.7,4.3,N,PA,SOURE,A227,-0.72777777,-48.51583333,12.54
1369,2019-08-17,04:00,0.0,1012.9,1013.4,1012.9,-9999,27.2,22.1,27.3,27.0,22.5,22.1,76,74,74,81,8.9,4.0,N,PA,SOURE,A227,-0.72777777,-48.51583333,12.54
1370,2019-08-17,08:00,0.0,1011.9,1011.9,1011.5,-9999,27.0,21.1,27.1,26.5,21.8,21.1,75,70,70,77,7.0,3.6,N,PA,SOURE,A227,-0.72777777,-48.51583333,12.54
1371,2019-08-17,12:00,0.0,1013.5,1013.6,1013.2,1505,28.9,22.8,29.1,28.2,23.3,22.3,72,69,70,72,6.1,3.2,N,PA,SOURE,A227,-0.72777777,-48.51583333,12.54
1372,2019-08-17,16:00,0.0,1012.2,1013.1,1012.2,3118,30.3,23.0,30.8,29.6,24.2,22.5,69,64,65,49,7.1,2.8,N,PA,SOURE,A227,-0.72777777,-48.51583333,12.54
1373,2019-08-17,20:00,0.0,1010.7,1010.7,1010.3,1255,28.9,22.7,29.8,28.6,23.7,22.4,71,66,69,39,7.1,3.8,N,PA,SOURE,A227,-0.72777777,-48.51583333,12.54
1374,2019-08-18,00:00,0.0,1012.2,1012.2,1011.7,-9999,26.5,23.1,26.5,24.5,23.3,22.1,87,82,82,41,5.2,1.8,N,PA,SOURE,A227,-0.72777777,-48.51583333,12.54
1375,2019-08-18,04:00,0.0,1011.9,1012.5,1011.9,-9999,26.6,22.9,26.7,26.5,22.9,22.6,80,79,80,58,5.6,2.8,N,PA,SOURE,A227,-0.72777777,-48.51583333,12.54
1376,2019-08-18,08:00,0.0,1011.1,1011.1,1011.0,-9999,26.7,22.6,26.7,26.3,22.7,22.5,80,78,78,56,5.0,2.3,N,PA,SOURE,A227,-0.72777777,-48.51583333,12.54
1377,2019-08-18,12:00,0.0,1013.2,1013.2,1012.4,1310,28.6,23.5,28.9,27.9,23.5,22.4,74,70,74,75,7.5,3.5,N,PA,SOURE,A227,-0.72777777,-48.51583333,12.54
1378,2019-08-18,16:00,0.0,1012.4,1013.2,1012.4,3211,30.4,23.6,30.6,29.7,24.1,22.6,70,64,67,59,6.3,2.5,N,PA,SOURE,A227,-0.72777777,-48.51583333,12.54
1379,2019-08-18,20:00,0.4,1010.4,1011.2,1010.4,853,25.7,22.2,30.4,25.7,23.1,21.5,81,63,81,7,9.2,1.2,N,PA,SOURE,A227,-0.72777777,-48.51583333,12.54
1380,2019-08-19,00:00,0.0,1012.4,1012.5,1011.5,-9999,26.3,22.9,26.3,26.1,22.9,22.2,82,79,82,34,2.6,0.8,N,PA,SOURE,A227,-0.72777777,-48.51583333,12.54
1381,2019-08-19,04:00,0.0,1012.4,1012.8,1012.4,-9999,26.8,23.2,26.8,26.5,23.5,23.0,84,80,81,44,4.6,1.9,N,PA,SOURE,A227,-0.72777777,-48.51583333,12.54
1382,2019-08-19,08:00,0.0,1011.7,1011.7,1011.4,-9999,24.9,22.6,25.3,24.9,22.7,22.6,88,86,88,322,1.4,0.5,N,PA,SOURE,A227,-0.72777777,-48.51583333,12.54
1383,2019-08-19,12:00,0.0,1013.3,1013.3,1012.5,1359,29.4,23.6,29.4,27.7,25.2,23.4,84,71,71,34,4.8,2.5,N,PA,SOURE,A227,-0.72777777,-48.51583333,12.54
1384,2019-08-19,16:00,0.0,1012.6,1013.4,1012.5,2682,30.3,23.3,30.4,29.1,24.2,22.7,72,66,66,31,7.2,3.1,N,PA,SOURE,A227,-0.72777777,-48.51583333,12.54
1385,2019-08-19,20:00,0.0,1011.1,1011.1,1010.5,741,28.3,22.8,29.6,28.3,23.4,22.7,73,68,72,50,7.6,3.2,N,PA,SOURE,A227,-0.72777777,-48.51583333,12.54
1386,2019-08-20,00:00,2.4,1013.3,1013.8,1012.5,1,22.2,20.4,27.9,21.8,23.0,19.5,90,71,90,304,8.4,1.5,N,PA,SOURE,A227,-0.72777777,-48.51583333,12.54
1387,2019-08-20,04:00,0.0,1012.8,1013.5,1012.8,3,26.1,22.7,26.3,25.9,23.5,22.7,87,81,81,37,6.5,2.6,N,PA,SOURE,A227,-0.72777777,-48.51583333,12.54
1388,2019-08-20,08:00,0.0,1012.1,1012.1,1011.9,-9999,25.9,22.1,26.2,25.9,22.5,22.1,81,79,79,30,4.7,1.9,N,PA,SOURE,A227,-0.72777777,-48.51583333,12.54
1389,2019-08-20,12:00,0.0,1014.0,1014.0,1013.4,1531,28.8,23.0,29.1,28.0,23.3,22.4,74,69,71,43,7.3,2.9,N,PA,SOURE,A227,-0.72777777,-48.51583333,12.54
1390,2019-08-20,16:00,0.0,1013.1,1014.0,1013.1,2619,30.1,23.5,30.6,28.9,24.3,22.6,72,65,68,35,9.0,3.4,N,PA,SOURE,A227,-0.72777777,-48.51583333,12.54
1391,2019-08-20,20:00,0.0,1011.8,1011.8,1011.5,1205,29.1,23.2,29.5,28.5,23.5,22.1,72,66,71,40,8.5,2.7,N,PA,SOURE,A227,-0.72777777,-48.51583333,12.54
1392,2019-08-21,00:00,0.0,1013.4,1013.4,1012.9,-9999,27.4,22.7,27.4,27.3,22.7,22.2,76,74,76,53,7.3,2.8,N,PA,SOURE,A227,-0.72777777,-48.51583333,12.54
1393,2019-08-21,04:00,0.0,1013.4,1014.0,1013.4,-9999,26.9,22.3,27.2,26.8,22.5,22.1,76,75,76,57,7.6,3.1,N,PA,SOURE,A227,-0.72777777,-48.51583333,12.54
1394,2019-08-21,08:00,0.0,1012.8,1012.8,1012.6,-9999,26.7,22.3,26.8,26.6,22.3,21.9,77,75,77,47,7.8,3.0,N,PA,SOURE,A227,-0.72777777,-48.51583333,12.54
1395,2019-08-21,12:00,0.0,1014.8,1014.8,1014.0,1372,28.6,22.3,29.2,27.7,23.2,22.0,74,68,69,47,8.1,3.9,N,PA,SOURE,A227,-0.72777777,-48.51583333,12.54
1396,2019-08-21,16:00,0.0,1013.6,1014.6,1013.6,3111,29.8,22.4,30.8,29.4,23.8,22.1,67,63,64,49,10.0,5.0,N,PA,SOURE,A227,-0.72777777,-48.51583333,12.54
1397,2019-08-21,20:00,0.0,1011.9,1012.0,1011.7,1007,28.3,22.7,29.7,28.3,23.0,22.3,72,65,72,31,8.9,3.8,N,PA,SOURE,A227,-0.72777777,-48.51583333,12.54
1398,2019-08-22,00:00,0.0,1013.4,1013.4,1013.0,-9999,27.3,21.9,27.5,27.3,22.3,21.7,74,71,72,64,8.5,3.4,N,PA,SOURE,A227,-0.72777777,-48.51583333,12.54
1399,2019-08-22,04:00,0.0,1013.0,1013.7,1013.0,-9999,26.9,22.0,27.0,26.9,22.4,21.9,76,74,74,45,7.0,3.2,N,PA,SOURE,A227,-0.72777777,-48.51583333,12.54
1400,2019-08-22,08:00,0.0,1012.4,1012.4,1012.1,-9999,26.4,21.9,26.7,26.4,22.2,21.7,77,74,76,43,6.4,2.2,N,PA,SOURE,A227,-0.72777777,-48.51583333,12.54
1401,2019-08-22,12:00,0.0,1014.3,1014.3,1013.7,1584,29.2,22.9,29.6,28.4,23.4,22.2,71,67,69,33,7.0,3.4,N,PA,SOURE,A227,-0.72777777,-48.51583333,12.54
1402,2019-08-22,16:00,0.0,1013.0,1013.8,1013.0,2819,29.4,22.4,30.5,29.3,23.9,22.3,70,64,66,27,8.4,4.3,N,PA,SOURE,A227,-0.72777777,-48.51583333,12.54
1403,2019-08-22,20:00,0.0,1011.9,1012.0,1011.7,1190,28.4,21.9,29.5,28.4,22.8,21.9,71,65,68,33,7.8,4.3,N,PA,SOURE,A227,-0.72777777,-48.51583333,12.54
1404,2019-08-23,00:00,0.0,1014.0,1014.0,1013.2,-9999,27.2,21.9,27.3,26.9,22.5,21.8,76,73,73,54,7.0,2.7,N,PA,SOURE,A227,-0.72777777,-48.51583333,12.54
1405,2019-08-23,04:00,0.0,1013.6,1014.0,1013.6,-9999,26.6,21.4,26.8,26.6,22.2,21.3,76,72,73,55,6.1,2.3,N,PA,SOURE,A227,-0.72777777,-48.51583333,12.54
1406,2019-08-23,08:00,0.0,1012.8,1012.9,1012.4,-9999,25.8,21.5,26.0,25.6,21.5,20.8,77,74,77,54,5.3,1.4,N,PA,SOURE,A227,-0.72777777,-48.51583333,12.54
1407,2019-08-23,12:00,0.0,1014.7,1014.7,1014.0,1458,29.3,22.4,29.7,26.9,23.6,22.2,77,66,67,34,4.8,2.3,N,PA,SOURE,A227,-0.72777777,-48.51583333,12.54
1408,2019-08-23,16:00,0.0,1013.5,1014.0,1013.5,3036,29.5,21.9,30.9,29.5,23.1,21.5,66,59,64,60,7.2,4.2,N,PA,SOURE,A227,-0.72777777,-48.51583333,12.54
1409,2019-08-23,20:00,0.0,1012.6,1012.6,1012.0,467,27.9,21.9,28.4,27.9,22.3,21.5,70,68,70,43,8.5,3.3,N,PA,SOURE,A227,-0.72777777,-48.51583333,12.54
1410,2019-08-24,00:00,0.0,1014.3,1014.3,1013.6,-9999,26.7,22.3,26.7,25.9,22.6,22.2,80,77,77,55,5.0,1.8,N,PA,SOURE,A227,-0.72777777,-48.51583333,12.54
1411,2019-08-24,04:00,0.8,1013.7,1014.6,1013.7,-9999,25.1,23.0,26.7,24.8,23.0,22.0,88,78,88,28,5.9,2.2,N,PA,SOURE,A227,-0.72777777,-48.51583333,12.54
1412,2019-08-24,08:00,0.0,1012.3,1012.4,1012.0,-9999,25.5,22.5,25.5,24.7,22.8,22.4,87,84,84,24,4.1,1.8,N,PA,SOURE,A227,-0.72777777,-48.51583333,12.54
1413,2019-08-24,12:00,0.2,1014.4,1014.4,1013.9,1569,29.4,23.9,29.4,28.4,23.9,22.5,73,70,72,44,6.9,2.8,N,PA,SOURE,A227,-0.72777777,-48.51583333,12.54
1414,2019-08-24,16:00,0.0,1012.7,1013.8,1012.7,3054,30.5,23.9,30.5,29.6,23.9,22.3,68,64,68,48,8.3,2.9,N,PA,SOURE,A227,-0.72777777,-48.51583333,12.54
1415,2019-08-24,20:00,0.0,1011.3,1011.3,1011.2,565,28.1,22.6,29.4,27.9,23.2,22.4,73,68,72,32,8.9,3.6,N,PA,SOURE,A227,-0.72777777,-48.51583333,12.54
1416,2019-08-25,00:00,0.0,1013.5,1013.5,1012.7,-9999,27.3,22.2,27.5,27.3,22.4,22.1,74,73,74,60,8.7,3.2,N,PA,SOURE,A227,-0.72777777,-48.51583333,12.54
1417,2019-08-25,04:00,0.0,1013.3,1014.0,1013.3,-9999,27.0,22.3,27.2,26.9,22.6,22.2,76,74,76,62,8.9,3.0,N,PA,SOURE,A227,-0.72777777,-48.51583333,12.54
1418,2019-08-25,08:00,0.0,1012.4,1012.4,1012.0,-9999,26.8,21.6,26.8,26.6,22.2,21.6,76,73,73,57,8.3,3.7,N,PA,SOURE,A227,-0.72777777,-48.51583333,12.54
1419,2019-08-25,12:00,0.0,1014.1,1014.1,1013.6,1397,29.2,22.5,29.4,28.1,23.1,22.0,70,67,67,57,9.9,4.1,N,PA,SOURE,A227,-0.72777777,-48.51583333,12.54
1420,2019-08-25,16:00,0.0,1012.6,1013.6,1012.6,3172,30.1,23.2,30.8,29.9,23.7,22.2,67,63,66,46,10.0,4.8,N,PA,SOURE,A227,-0.72777777,-48.51583333,12.54
1421,2019-08-25,20:00,0.0,1010.8,1010.9,1010.6,1290,28.8,22.7,29.7,28.7,23.0,22.4,69,66,69,52,9.3,4.3,N,PA,SOURE,A227,-0.72777777,-48.51583333,12.54
1422,2019-08-26,00:00,0.0,1012.5,1012.5,1011.8,-9999,27.3,22.0,27.5,27.3,22.3,22.0,74,73,73,78,11.4,4.2,N,PA,SOURE,A227,-0.72777777,-48.51583333,12.54
1423,2019-08-26,04:00,0.0,1012.4,1012.9,1012.4,-9999,26.5,22.1,26.8,26.5,22.2,22.0,77,76,77,81,8.2,3.3,N,PA,SOURE,A227,-0.72777777,-48.51583333,12.54
1424,2019-08-26,08:00,0.0,1011.3,1011.3,1011.1,-9999,26.6,22.4,26.8,26.2,22.8,22.4,81,77,78,77,8.2,3.3,N,PA,SOURE,A227,-0.72777777,-48.51583333,12.54
1425,2019-08-26,12:00,0.0,1013.6,1013.6,1012.7,1229,29.4,22.3,29.6,27.9,23.2,22.0,73,65,66,66,8.8,3.8,N,PA,SOURE,A227,-0.72777777,-48.51583333,12.54
1426,2019-08-26,16:00,0.0,1012.4,1013.3,1012.4,3170,30.3,22.5,31.0,29.8,23.5,22.3,67,62,63,40,9.3,4.5,N,PA,SOURE,A227,-0.72777777,-48.51583333,12.54
1427,2019-08-26,20:00,0.0,1010.7,1010.8,1010.5,936,28.8,22.8,29.7,28.5,23.1,22.4,71,67,70,45,11.1,3.8,N,PA,SOURE,A227,-0.72777777,-48.51583333,12.54
1428,2019-08-27,00:00,0.0,1013.0,1013.0,1011.9,-9999,27.3,22.0,27.5,27.3,22.2,21.8,73,71,73,76,7.9,3.4,N,PA,SOURE,A227,-0.72777777,-48.51583333,12.54
1429,2019-08-27,04:00,0.0,1012.5,1013.2,1012.5,-9999,26.7,21.8,26.9,26.6,21.8,21.5,75,73,75,73,8.4,3.1,N,PA,SOURE,A227,-0.72777777,-48.51583333,12.54
1430,2019-08-27,08:00,0.0,1011.7,1011.7,1011.4,-9999,26.6,22.0,26.7,26.5,22.1,21.8,76,75,76,61,7.5,3.2,N,PA,SOURE,A227,-0.72777777,-48.51583333,12.54
1431,2019-08-27,12:00,0.0,1013.8,1013.8,1013.0,1313,29.0,23.0,29.4,27.7,23.3,22.4,74,68,70,60,8.0,3.5,N,PA,SOURE,A227,-0.72777777,-48.51583333,12.54
1432,2019-08-27,16:00,0.0,1012.5,1013.7,1012.5,3143,30.1,22.7,31.0,30.0,23.5,22.2,66,62,65,39,9.4,4.4,N,PA,SOURE,A227,-0.72777777,-48.51583333,12.54
1433,2019-08-27,20:00,0.2,1011.1,1011.1,1010.7,794,27.8,23.5,27.8,26.3,24.2,22.4,86,76,78,43,8.2,3.3,N,PA,SOURE,A227,-0.72777777,-48.51583333,12.54
1434,2019-08-28,00:00,0.0,1013.4,1013.5,1012.7,-9999,26.0,23.7,26.0,24.1,23.7,22.7,92,87,87,70,7.8,3.8,N,PA,SOURE,A227,-0.72777777,-48.51583333,12.54
1435,2019-08-28,04:00,0.0,1012.4,1013.3,1012.4,-9999,26.8,22.5,27.0,26.8,22.7,22.4,78,76,77,53,8.6,3.3,N,PA,SOURE,A227,-0.72777777,-48.51583333,12.54
1436,2019-08-28,08:00,0.0,1011.2,1011.3,1011.0,-9999,26.3,22.5,26.4,26.3,22.6,22.4,80,79,80,50,6.7,2.7,N,PA,SOURE,A227,-0.72777777,-48.51583333,12.54
1437,2019-08-28,12:00,0.0,1013.4,1013.5,1012.9,1200,28.2,22.9,28.5,27.5,23.7,22.8,76,73,73,67,8.6,4.4,N,PA,SOURE,A227,-0.72777777,-48.51583333,12.54
1438,2019-08-28,16:00,0.0,1012.5,1013.1,1012.5,2673,29.4,22.6,30.4,29.3,23.8,22.5,70,65,67,39,9.5,4.2,N,PA,SOURE,A227,-0.72777777,-48.51583333,12.54
1439,2019-08-28,20:00,0.0,1010.2,1010.2,1010.0,870,28.1,22.7,29.3,28.1,23.6,22.7,73,70,73,41,8.8,3.9,N,PA,SOURE,A227,-0.72777777,-48.51583333,12.54
1440,2019-08-29,00:00,0.0,1012.1,1012.1,1011.4,-9999,27.4,22.6,27.4,27.3,22.8,22.3,76,74,75,55,8.6,3.1,N,PA,SOURE,A227,-0.72777777,-48.51583333,12.54
1441,2019-08-29,04:00,0.0,1012.1,1012.8,1012.1,-9999,27.1,22.3,27.2,27.0,22.8,22.3,77,75,75,58,7.2,2.8,N,PA,SOURE,A227,-0.72777777,-48.51583333,12.54
1442,2019-08-29,08:00,0.0,1011.0,1011.1,1010.8,-9999,26.3,22.2,26.7,26.3,22.2,22.0,78,76,78,43,5.8,1.7,N,PA,SOURE,A227,-0.72777777,-48.51583333,12.54
1443,2019-08-29,12:00,0.0,1012.7,1012.7,1012.2,1305,28.8,23.0,29.0,27.4,23.4,22.4,75,70,71,38,7.4,3.8,N,PA,SOURE,A227,-0.72777777,-48.51583333,12.54
1444,2019-08-29,16:00,0.0,1011.2,1012.4,1011.2,3012,30.0,22.5,30.7,29.4,24.0,22.5,70,64,64,27,7.6,3.4,N,PA,SOURE,A227,-0.72777777,-48.51583333,12.54
1445,2019-08-29,20:00,0.0,1009.7,1009.9,1009.6,1353,28.9,22.8,29.9,28.7,23.1,22.1,70,66,70,38,8.6,3.6,N,PA,SOURE,A227,-0.72777777,-48.51583333,12.54
1446,2019-08-30,00:00,0.0,1012.0,1012.1,1011.8,-9999,27.5,22.7,27.6,27.4,22.9,22.6,76,75,75,74,8.8,4.4,N,PA,SOURE,A227,-0.72777777,-48.51583333,12.54
1447,2019-08-30,04:00,0.0,1012.3,1012.9,1012.3,-9999,27.2,22.1,27.3,27.2,22.4,22.0,75,73,74,70,8.8,4.0,N,PA,SOURE,A227,-0.72777777,-48.51583333,12.54
1448,2019-08-30,08:00,0.0,1011.2,1011.2,1011.0,-9999,26.7,22.0,26.8,26.6,22.4,21.9,78,75,75,51,6.7,2.6,N,PA,SOURE,A227,-0.72777777,-48.51583333,12.54
1449,2019-08-30,12:00,0.0,1013.0,1013.0,1012.5,1414,29.0,22.8,29.5,28.0,23.0,22.2,73,67,69,57,7.8,3.5,N,PA,SOURE,A227,-0.72777777,-48.51583333,12.54
1450,2019-08-30,16:00,0.0,1011.9,1012.9,1011.9,3071,30.2,23.0,30.5,29.5,23.9,22.4,69,64,65,49,9.0,4.1,N,PA,SOURE,A227,-0.72777777,-48.51583333,12.54
1451,2019-08-30,20:00,0.0,1009.6,1010.0,1009.6,1198,28.7,22.7,29.7,28.7,23.1,22.1,70,66,70,43,9.3,3.3,N,PA,SOURE,A227,-0.72777777,-48.51583333,12.54
1452,2019-08-31,00:00,0.0,1011.9,1011.9,1011.3,-9999,27.3,22.8,27.4,27.3,22.9,22.5,77,75,76,65,9.8,4.4,N,PA,SOURE,A227,-0.72777777,-48.51583333,12.54
1453,2019-08-31,04:00,0.0,1011.8,1012.5,1011.8,-9999,26.8,22.3,27.0,26.8,22.7,22.2,78,75,77,71,7.9,3.8,N,PA,SOURE,A227,-0.72777777,-48.51583333,12.54
1454,2019-08-31,08:00,0.0,1010.9,1010.9,1010.5,-9999,26.4,21.8,26.4,26.1,22.1,21.8,78,76,76,58,6.0,2.7,N,PA,SOURE,A227,-0.72777777,-48.51583333,12.54
1455,2019-08-31,12:00,0.0,1013.0,1013.0,1012.3,1111,28.3,22.5,28.6,27.7,23.2,22.2,74,70,71,40,8.6,3.8,N,PA,SOURE,A227,-0.72777777,-48.51583333,12.54
1456,2019-08-31,16:00,0.0,1011.7,1012.8,1011.7,3205,30.0,22.9,30.6,29.6,23.5,22.3,67,63,66,44,9.4,4.6,N,PA,SOURE,A227,-0.72777777,-48.51583333,12.54
1457,2019-08-31,20:00,0.0,1009.8,1009.9,1009.4,1115,28.3,22.3,29.5,28.3,23.2,22.1,70,67,70,37,10.5,4.0,N,PA,SOURE,A227,-0.72777777,-48.51583333,12.54
1458,2019-09-01,00:00,0.0,1011.3,1011.4,1010.9,-9999,27.4,22.3,27.4,27.3,22.6,22.3,75,74,74,59,8.9,3.6,N,PA,SOURE,A227,-0.72777777,-48.51583333,12.54
1459,2019-09-01,04:00,0.0,1011.0,1011.7,1011.0,-9999,26.9,22.0,27.1,26.9,22.2,22.0,75,74,75,69,8.0,3.4,N,PA,SOURE,A227,-0.72777777,-48.51583333,12.54
1460,2019-09-01,08:00,0.0,1010.1,1010.1,1009.8,-9999,26.5,21.9,26.6,26.5,22.5,21.9,79,76,76,62,6.6,3.2,N,PA,SOURE,A227,-0.72777777,-48.51583333,12.54
1461,2019-09-01,12:00,0.0,1012.4,1012.4,1011.6,1547,29.5,22.7,29.5,27.7,23.5,22.2,72,67,67,52,7.7,3.2,N,PA,SOURE,A227,-0.72777777,-48.51583333,12.54
1462,2019-09-01,16:00,0.0,1011.1,1012.0,1011.1,3166,30.6,23.2,30.7,29.5,23.4,22.3,67,63,65,58,9.3,4.1,N,PA,SOURE,A227,-0.72777777,-48.51583333,12.54
1463,2019-09-01,20:00,0.0,1008.9,1009.2,1008.9,1268,28.8,22.2,29.6,28.6,22.9,22.0,69,65,68,47,9.6,3.9,N,PA,SOURE,A227,-0.72777777,-48.51583333,12.54
1464,2019-09-02,00:00,0.0,1010.5,1010.5,1009.8,-9999,27.4,22.8,27.4,27.2,22.8,22.4,76,75,76,50,8.5,3.0,N,PA,SOURE,A227,-0.72777777,-48.51583333,12.54
1465,2019-09-02,04:00,0.0,1010.4,1010.7,1010.4,-9999,26.8,22.5,27.0,26.8,22.8,22.4,78,76,77,56,7.3,2.7,N,PA,SOURE,A227,-0.72777777,-48.51583333,12.54
1466,2019-09-02,08:00,0.0,1009.9,1009.9,1009.8,-9999,26.2,22.1,26.5,26.2,22.3,22.0,78,77,78,27,5.4,1.1,N,PA,SOURE,A227,-0.72777777,-48.51583333,12.54
1467,2019-09-02,12:00,0.0,1011.8,1011.8,1011.3,1443,29.1,22.5,29.8,27.9,23.6,22.2,74,66,68,33,6.1,3.1,N,PA,SOURE,A227,-0.72777777,-48.51583333,12.54
1468,2019-09-02,16:00,0.0,1010.5,1011.3,1010.5,3288,30.2,22.7,30.8,29.6,23.5,22.1,67,63,64,53,8.9,3.7,N,PA,SOURE,A227,-0.72777777,-48.51583333,12.54
1469,2019-09-02,20:00,0.0,1008.4,1008.6,1008.4,1180,28.3,22.8,29.4,28.2,23.5,22.6,73,68,72,35,7.8,3.6,N,PA,SOURE,A227,-0.72777777,-48.51583333,12.54
1470,2019-09-03,00:00,0.0,1009.8,1009.8,1009.1,-9999,27.4,22.7,27.5,27.3,22.9,22.6,77,75,75,58,7.8,3.6,N,PA,SOURE,A227,-0.72777777,-48.51583333,12.54
1471,2019-09-03,04:00,0.0,1009.6,1010.4,1009.6,-9999,27.0,22.6,27.1,26.9,23.1,22.5,79,77,77,69,7.5,3.6,N,PA,SOURE,A227,-0.72777777,-48.51583333,12.54
1472,2019-09-03,08:00,0.0,1009.0,1009.0,1008.8,-9999,27.0,22.5,27.0,26.8,22.8,22.3,78,76,77,57,6.7,2.3,N,PA,SOURE,A227,-0.72777777,-48.51583333,12.54
1473,2019-09-03,12:00,0.0,1011.7,1011.7,1010.8,1561,29.9,23.5,30.0,28.4,23.9,22.9,74,68,69,55,7.5,2.8,N,PA,SOURE,A227,-0.72777777,-48.51583333,12.54
1474,2019-09-03,16:00,0.0,1010.6,1011.6,1010.6,3212,30.5,23.8,31.0,30.1,24.3,23.1,69,64,68,41,9.3,4.2,N,PA,SOURE,A227,-0.72777777,-48.51583333,12.54
1475,2019-09-03,20:00,0.0,1008.9,1009.0,1008.7,1164,29.0,23.6,30.2,28.9,23.8,23.2,73,68,73,40,8.8,4.0,N,PA,SOURE,A227,-0.72777777,-48.51583333,12.54
1476,2019-09-04,00:00,0.0,1010.6,1010.6,1009.9,-9999,27.6,22.6,27.7,27.5,23.0,22.6,76,74,74,69,11.3,4.6,N,PA,SOURE,A227,-0.72777777,-48.51583333,12.54
1477,2019-09-04,04:00,0.0,1010.7,1011.1,1010.6,-9999,27.0,22.3,27.1,26.9,22.5,22.2,76,75,76,69,8.1,3.2,N,PA,SOURE,A227,-0.72777777,-48.51583333,12.54
1478,2019-09-04,08:00,0.0,1010.8,1010.8,1010.5,-9999,27.0,22.1,27.0,26.8,22.2,21.8,76,74,75,79,8.4,4.3,N,PA,SOURE,A227,-0.72777777,-48.51583333,12.54
1479,2019-09-04,12:00,0.0,1013.3,1013.3,1012.6,1206,29.0,22.2,29.3,27.9,22.9,22.0,72,66,67,65,11.2,4.9,N,PA,SOURE,A227,-0.72777777,-48.51583333,12.54
1480,2019-09-04,16:00,0.0,1012.5,1013.2,1012.5,3210,30.6,23.0,31.2,30.1,23.3,22.1,64,61,64,57,11.6,5.2,N,PA,SOURE,A227,-0.72777777,-48.51583333,12.54
1481,2019-09-04,20:00,0.0,1010.8,1010.9,1010.8,1195,28.9,22.1,29.6,28.8,22.4,21.8,67,64,67,52,10.8,3.9,N,PA,SOURE,A227,-0.72777777,-48.51583333,12.54
1482,2019-09-05,00:00,0.0,1012.5,1012.5,1011.9,-9999,27.5,20.9,27.6,27.5,21.7,20.9,71,67,67,77,12.0,5.8,N,PA,SOURE,A227,-0.72777777,-48.51583333,12.54
1483,2019-09-05,04:00,0.0,1012.5,1013.0,1012.5,-9999,27.0,21.7,27.1,26.9,22.2,21.7,75,73,73,68,9.4,4.2,N,PA,SOURE,A227,-0.72777777,-48.51583333,12.54
1484,2019-09-05,08:00,0.0,1011.6,1011.6,1011.5,-9999,26.7,21.4,26.8,26.6,21.6,21.1,74,71,73,49,9.7,4.3,N,PA,SOURE,A227,-0.72777777,-48.51583333,12.54
1485,2019-09-05,12:00,0.0,1014.2,1014.2,1013.5,1362,29.1,22.0,29.2,27.6,22.2,21.4,72,65,65,42,10.4,4.2,N,PA,SOURE,A227,-0.72777777,-48.51583333,12.54
1486,2019-09-05,16:00,0.0,1012.7,1013.8,1012.6,3178,30.5,22.7,30.6,29.7,22.8,21.8,65,61,63,45,10.2,4.3,N,PA,SOURE,A227,-0.72777777,-48.51583333,12.54
1487,2019-09-05,20:00,0.0,1011.6,1011.8,1011.6,1293,28.9,22.3,29.7,28.7,22.8,21.9,68,64,68,50,8.5,3.3,N,PA,SOURE,A227,-0.72777777,-48.51583333,12.54
1488,2019-09-06,00:00,0.0,1013.2,1013.3,1012.8,-9999,27.3,21.3,27.5,27.3,21.7,21.1,71,68,70,71,8.1,3.5,N,PA,SOURE,A227,-0.72777777,-48.51583333,12.54
1489,2019-09-06,04:00,0.0,1011.9,1012.3,1011.9,-9999,26.2,22.1,26.4,26.1,22.2,21.9,79,76,78,74,6.6,2.7,N,PA,SOURE,A227,-0.72777777,-48.51583333,12.54
1490,2019-09-06,08:00,0.0,1011.2,1011.3,1011.1,-9999,26.0,21.9,26.0,25.8,21.9,21.6,78,77,78,46,5.6,2.5,N,PA,SOURE,A227,-0.72777777,-48.51583333,12.54
1491,2019-09-06,12:00,0.0,1013.4,1013.4,1012.6,1625,29.4,22.6,29.4,28.0,23.3,22.1,73,67,67,47,7.2,3.9,N,PA,SOURE,A227,-0.72777777,-48.51583333,12.54
1492,2019-09-06,16:00,0.0,1011.7,1012.8,1011.7,3026,30.2,22.8,30.9,29.7,23.5,22.1,67,62,65,57,10.1,4.7,N,PA,SOURE,A227,-0.72777777,-48.51583333,12.54
1493,2019-09-06,20:00,0.0,1010.7,1010.7,1010.2,1030,28.3,22.8,30.1,28.3,22.9,22.2,72,64,72,40,8.4,3.2,N,PA,SOURE,A227,-0.72777777,-48.51583333,12.54
1494,2019-09-07,00:00,0.0,1012.9,1012.9,1011.8,-9999,27.4,22.2,27.5,27.2,22.6,22.1,75,73,73,57,7.6,3.0,N,PA,SOURE,A227,-0.72777777,-48.51583333,12.54
1495,2019-09-07,04:00,0.0,1012.5,1013.2,1012.5,-9999,27.2,22.6,27.2,27.0,22.7,22.2,76,75,76,65,6.3,2.8,N,PA,SOURE,A227,-0.72777777,-48.51583333,12.54
1496,2019-09-07,08:00,0.0,1011.8,1011.8,1011.5,-9999,26.3,22.4,26.6,26.3,22.4,22.2,79,77,79,32,5.6,1.6,N,PA,SOURE,A227,-0.72777777,-48.51583333,12.54
1497,2019-09-07,12:00,0.0,1013.7,1013.7,1013.3,1452,29.1,22.7,29.9,28.0,23.3,22.1,73,65,68,42,5.7,2.4,N,PA,SOURE,A227,-0.72777777,-48.51583333,12.54
1498,2019-09-07,16:00,0.0,1012.9,1014.0,1012.9,2934,30.5,22.3,31.3,30.1,24.1,22.1,68,60,62,53,7.9,4.1,N,PA,SOURE,A227,-0.72777777,-48.51583333,12.54
1499,2019-09-07,20:00,0.0,1011.3,1011.4,1010.7,1300,29.1,22.3,29.9,29.0,23.3,22.3,69,66,67,49,9.0,3.9,N,PA,SOURE,A227,-0.72777777,-48.51583333,12.54
1500,2019-09-08,00:00,0.4,1013.5,1013.5,1012.8,-9999,24.7,22.7,27.7,23.9,23.1,21.5,89,75,89,22,11.8,1.5,N,PA,SOURE,A227,-0.72777777,-48.51583333,12.54
1501,2019-09-08,04:00,0.0,1013.1,1013.9,1013.1,-9999,26.2,23.5,26.8,26.2,23.5,23.1,85,81,85,13,5.6,1.8,N,PA,SOURE,A227,-0.72777777,-48.51583333,12.54
1502,2019-09-08,08:00,0.0,1012.3,1012.3,1011.9,-9999,26.0,23.5,26.0,25.3,23.5,23.0,88,86,86,22,3.7,1.5,N,PA,SOURE,A227,-0.72777777,-48.51583333,12.54
1503,2019-09-08,12:00,0.0,1014.8,1014.8,1014.3,1487,29.1,23.7,29.6,27.7,24.1,23.2,77,71,73,41,6.5,3.0,N,PA,SOURE,A227,-0.72777777,-48.51583333,12.54
1504,2019-09-08,16:00,0.0,1013.8,1014.6,1013.8,3080,30.1,23.4,30.9,29.8,24.3,23.0,69,66,67,31,8.7,3.7,N,PA,SOURE,A227,-0.72777777,-48.51583333,12.54
1505,2019-09-08,20:00,4.4,1013.4,1013.8,1012.5,210,23.3,21.9,29.3,22.9,23.2,21.1,93,69,92,120,14.3,2.5,N,PA,SOURE,A227,-0.72777777,-48.51583333,12.54
1506,2019-09-09,00:00,0.0,1013.9,1014.0,1013.6,1,26.3,23.7,26.3,25.4,23.8,23.3,89,86,86,59,4.3,2.1,N,PA,SOURE,A227,-0.72777777,-48.51583333,12.54
1507,2019-09-09,04:00,0.0,1013.4,1013.7,1013.3,-9999,26.7,22.9,26.8,26.6,23.0,22.7,80,79,80,47,5.5,2.0,N,PA,SOURE,A227,-0.72777777,-48.51583333,12.54
1508,2019-09-09,08:00,0.0,1012.2,1012.4,1012.1,-9999,26.4,22.6,26.5,26.3,22.7,22.5,80,79,80,46,6.0,2.8,N,PA,SOURE,A227,-0.72777777,-48.51583333,12.54
1509,2019-09-09,12:00,0.0,1014.2,1014.2,1013.5,1156,28.1,23.2,28.9,27.4,23.9,22.8,77,72,75,61,9.1,3.8,N,PA,SOURE,A227,-0.72777777,-48.51583333,12.54
1510,2019-09-09,16:00,0.0,1012.5,1013.6,1012.5,3271,30.6,24.0,30.9,29.7,24.2,22.8,70,66,68,51,8.9,3.5,N,PA,SOURE,A227,-0.72777777,-48.51583333,12.54
1511,2019-09-09,20:00,0.0,1010.7,1010.7,1010.4,927,28.8,23.3,29.6,28.4,23.4,22.7,72,69,72,47,9.7,3.6,N,PA,SOURE,A227,-0.72777777,-48.51583333,12.54
1512,2019-09-10,00:00,0.0,1012.6,1012.6,1011.9,-9999,27.3,22.9,27.4,27.2,23.0,22.4,78,75,77,61,10.1,3.8,N,PA,SOURE,A227,-0.72777777,-48.51583333,12.54
1513,2019-09-10,04:00,0.0,1012.0,1012.8,1012.0,-9999,27.0,22.3,27.1,26.9,22.7,22.2,77,75,75,60,9.9,4.0,N,PA,SOURE,A227,-0.72777777,-48.51583333,12.54
1514,2019-09-10,08:00,0.0,1011.2,1011.2,1011.1,-9999,26.9,22.3,26.9,26.8,22.5,22.2,77,76,76,60,9.2,4.2,N,PA,SOURE,A227,-0.72777777,-48.51583333,12.54
1515,2019-09-10,12:00,0.0,1013.2,1013.2,1012.5,1462,29.3,23.4,29.3,27.9,23.5,22.6,75,69,71,65,9.4,4.5,N,PA,SOURE,A227,-0.72777777,-48.51583333,12.54
1516,2019-09-10,16:00,0.0,1011.5,1012.2,1011.5,3278,30.6,22.8,30.9,30.0,23.7,22.4,67,62,63,65,8.3,3.8,N,PA,SOURE,A227,-0.72777777,-48.51583333,12.54
1517,2019-09-10,20:00,0.0,1009.9,1010.0,1009.9,1233,28.8,22.5,30.0,28.7,23.0,22.3,69,65,69,48,9.9,4.4,N,PA,SOURE,A227,-0.72777777,-48.51583333,12.54
1518,2019-09-11,00:00,0.0,1011.2,1011.2,1010.5,-9999,27.2,22.5,27.3,27.1,22.6,22.3,76,75,76,65,9.8,4.5,N,PA,SOURE,A227,-0.72777777,-48.51583333,12.54
1519,2019-09-11,04:00,0.0,1010.2,1010.9,1010.2,-9999,26.8,22.9,27.0,26.7,22.9,22.7,79,78,79,59,9.3,3.7,N,PA,SOURE,A227,-0.72777777,-48.51583333,12.54
1520,2019-09-11,08:00,0.0,1009.2,1009.2,1008.8,-9999,26.4,22.3,26.5,26.3,22.6,22.2,79,78,78,56,8.9,3.3,N,PA,SOURE,A227,-0.72777777,-48.51583333,12.54
1521,2019-09-11,12:00,0.0,1011.8,1011.8,1011.2,1364,28.7,22.6,29.1,27.8,23.3,22.2,74,69,69,57,9.3,4.1,N,PA,SOURE,A227,-0.72777777,-48.51583333,12.54
1522,2019-09-11,16:00,0.0,1010.2,1011.4,1010.2,3229,30.4,22.7,30.5,29.5,23.7,22.5,68,63,63,48,10.0,4.2,N,PA,SOURE,A227,-0.72777777,-48.51583333,12.54
1523,2019-09-11,20:00,0.0,1008.8,1009.0,1008.8,1251,28.8,22.6,29.5,28.8,23.0,22.4,70,67,69,51,10.8,4.1,N,PA,SOURE,A227,-0.72777777,-48.51583333,12.54
1524,2019-09-12,00:00,0.0,1011.0,1011.0,1010.2,-9999,27.3,22.2,27.3,27.2,22.5,22.2,75,74,74,56,9.4,4.1,N,PA,SOURE,A227,-0.72777777,-48.51583333,12.54
1525,2019-09-12,04:00,0.0,1010.2,1011.1,1010.2,-9999,26.8,22.0,27.1,26.8,22.1,21.8,75,74,75,42,8.9,3.5,N,PA,SOURE,A227,-0.72777777,-48.51583333,12.54
1526,2019-09-12,08:00,0.0,1008.6,1008.9,1008.6,-9999,26.0,21.6,26.2,25.9,22.0,21.6,79,76,77,48,7.4,2.8,N,PA,SOURE,A227,-0.72777777,-48.51583333,12.54
1527,2019-09-12,12:00,0.0,1011.0,1011.0,1010.4,1690,29.2,22.5,29.3,28.1,22.6,21.7,70,66,67,68,10.1,4.4,N,PA,SOURE,A227,-0.72777777,-48.51583333,12.54
1528,2019-09-12,16:00,0.0,1010.7,1011.4,1010.7,3176,30.3,22.8,30.8,29.5,23.6,22.4,68,63,64,52,11.1,4.8,N,PA,SOURE,A227,-0.72777777,-48.51583333,12.54
1529,2019-09-12,20:00,0.0,1009.3,1009.4,1009.2,1236,28.7,21.6,29.5,28.7,22.4,21.6,67,64,66,50,11.4,5.1,N,PA,SOURE,A227,-0.72777777,-48.51583333,12.54
1530,2019-09-13,00:00,0.0,1011.5,1011.5,1010.8,-9999,27.3,22.5,27.4,27.2,22.5,22.3,75,74,75,59,9.8,3.7,N,PA,SOURE,A227,-0.72777777,-48.51583333,12.54
1531,2019-09-13,04:00,0.0,1010.5,1011.5,1010.5,-9999,26.7,22.7,26.9,26.7,22.8,22.6,79,78,79,47,7.7,2.9,N,PA,SOURE,A227,-0.72777777,-48.51583333,12.54
1532,2019-09-13,08:00,0.0,1009.6,1009.6,1009.2,-9999,26.8,22.3,26.9,26.8,22.7,22.1,78,75,76,48,8.3,3.4,N,PA,SOURE,A227,-0.72777777,-48.51583333,12.54
1533,2019-09-13,12:00,0.0,1012.4,1012.4,1011.6,1151,29.4,23.1,29.5,27.7,23.7,22.4,74,69,69,46,10.5,3.9,N,PA,SOURE,A227,-0.72777777,-48.51583333,12.54
1534,2019-09-13,16:00,0.0,1011.1,1012.2,1011.1,3157,30.1,23.2,31.0,29.9,23.7,22.6,67,63,67,41,10.2,4.3,N,PA,SOURE,A227,-0.72777777,-48.51583333,12.54
1535,2019-09-13,20:00,0.0,1009.8,1009.8,1009.6,1197,28.8,23.2,29.9,28.7,23.4,22.7,72,67,72,45,9.9,4.2,N,PA,SOURE,A227,-0.72777777,-48.51583333,12.54
1536,2019-09-14,00:00,0.0,1011.6,1011.6,1010.9,-9999,27.4,22.8,27.4,27.2,22.9,22.5,77,75,76,56,9.1,2.6,N,PA,SOURE,A227,-0.72777777,-48.51583333,12.54
1537,2019-09-14,04:00,0.0,1010.4,1011.2,1010.4,-9999,26.8,22.5,27.1,26.8,22.7,22.4,78,76,77,49,7.1,2.7,N,PA,SOURE,A227,-0.72777777,-48.51583333,12.54
1538,2019-09-14,08:00,0.0,1009.8,1009.8,1009.4,-9999,26.7,22.6,26.8,26.7,22.8,22.5,79,78,78,55,5.9,2.0,N,PA,SOURE,A227,-0.72777777,-48.51583333,12.54
1539,2019-09-14,12:00,0.0,1012.3,1012.3,1011.5,1614,29.3,23.4,29.6,28.4,23.6,22.7,73,68,71,42,7.5,3.2,N,PA,SOURE,A227,-0.72777777,-48.51583333,12.54
1540,2019-09-14,16:00,0.0,1010.9,1011.9,1010.9,3258,30.9,24.1,30.9,29.8,24.1,22.3,68,63,67,39,8.5,4.0,N,PA,SOURE,A227,-0.72777777,-48.51583333,12.54
1541,2019-09-14,20:00,0.0,1008.9,1008.9,1008.8,1220,28.8,22.3,29.8,28.6,22.9,21.9,69,64,68,33,8.5,3.3,N,PA,SOURE,A227,-0.72777777,-48.51583333,12.54
1542,2019-09-15,00:00,0.0,1011.0,1011.1,1010.4,-9999,27.4,22.4,27.4,27.2,22.4,22.1,75,74,74,55,7.5,3.1,N,PA,SOURE,A227,-0.72777777,-48.51583333,12.54
1543,2019-09-15,04:00,0.0,1010.6,1011.3,1010.6,-9999,26.6,21.9,26.7,26.5,22.2,21.8,77,75,76,36,5.5,2.1,N,PA,SOURE,A227,-0.72777777,-48.51583333,12.54
1544,2019-09-15,08:00,0.0,1009.8,1009.8,1009.4,-9999,25.9,22.3,26.2,25.8,22.3,21.9,81,78,80,36,4.0,1.5,N,PA,SOURE,A227,-0.72777777,-48.51583333,12.54
1545,2019-09-15,12:00,0.0,1011.6,1011.6,1011.0,1681,29.1,22.4,30.0,28.2,23.6,22.2,74,67,67,22,7.2,3.4,N,PA,SOURE,A227,-0.72777777,-48.51583333,12.54
1546,2019-09-15,16:00,0.0,1010.3,1011.4,1010.3,2689,29.9,22.1,30.7,29.2,23.1,21.7,66,62,63,50,7.0,3.4,N,PA,SOURE,A227,-0.72777777,-48.51583333,12.54
1547,2019-09-15,20:00,0.0,1008.8,1009.0,1008.6,1197,28.7,22.1,29.7,28.7,22.9,22.1,69,65,67,23,7.7,3.1,N,PA,SOURE,A227,-0.72777777,-48.51583333,12.54
1548,2019-09-16,00:00,0.0,1009.9,1009.9,1009.7,-9999,27.2,22.3,27.4,27.2,22.6,22.3,76,75,75,61,7.6,3.3,N,PA,SOURE,A227,-0.72777777,-48.51583333,12.54
1549,2019-09-16,04:00,0.0,1010.0,1010.5,1009.9,-9999,26.9,22.1,27.0,26.7,22.5,22.0,77,74,75,61,8.3,3.5,N,PA,SOURE,A227,-0.72777777,-48.51583333,12.54
1550,2019-09-16,08:00,0.0,1009.3,1009.3,1009.1,-9999,26.0,22.1,26.3,26.0,22.1,21.7,79,76,79,45,4.1,1.4,N,PA,SOURE,A227,-0.72777777,-48.51583333,12.54
1551,2019-09-16,12:00,0.0,1011.5,1011.5,1010.7,1634,29.5,23.2,29.7,28.5,23.2,22.4,71,67,69,57,8.1,3.3,N,PA,SOURE,A227,-0.72777777,-48.51583333,12.54
1552,2019-09-16,16:00,0.0,1009.9,1011.1,1009.9,3009,30.3,22.1,30.9,30.1,22.9,21.8,64,60,62,43,10.3,4.3,N,PA,SOURE,A227,-0.72777777,-48.51583333,12.54
1553,2019-09-16,20:00,0.0,1008.1,1008.4,1008.1,1206,29.0,22.8,29.8,28.9,23.5,22.2,71,65,69,32,8.9,3.4,N,PA,SOURE,A227,-0.72777777,-48.51583333,12.54
1554,2019-09-17,00:00,0.0,1010.0,1010.2,1010.0,-9999,27.1,23.4,27.8,26.9,23.5,22.9,81,75,80,75,9.0,4.2,N,PA,SOURE,A227,-0.72777777,-48.51583333,12.54
1555,2019-09-17,04:00,0.0,1009.7,1010.6,1009.7,-9999,27.1,22.6,27.2,27.0,22.6,22.2,77,74,76,57,7.7,3.4,N,PA,SOURE,A227,-0.72777777,-48.51583333,12.54
1556,2019-09-17,08:00,0.0,1008.8,1008.8,1008.7,-9999,26.6,22.1,26.8,26.6,22.2,22.0,77,75,76,45,7.0,2.5,N,PA,SOURE,A227,-0.72777777,-48.51583333,12.54
1557,2019-09-17,12:00,0.0,1011.2,1011.2,1010.4,1094,28.8,22.5,29.4,27.6,23.4,22.3,74,68,69,50,9.2,4.0,N,PA,SOURE,A227,-0.72777777,-48.51583333,12.54
1558,2019-09-17,16:00,0.0,1010.3,1011.1,1010.3,3041,30.0,22.7,31.6,30.0,23.8,22.5,66,62,65,52,9.9,4.7,N,PA,SOURE,A227,-0.72777777,-48.51583333,12.54
1559,2019-09-17,20:00,0.0,1009.1,1009.1,1008.5,772,27.1,22.0,30.6,27.0,23.9,21.5,74,66,74,119,8.6,2.9,N,PA,SOURE,A227,-0.72777777,-48.51583333,12.54
1560,2019-09-18,00:00,0.0,1009.4,1009.4,1009.0,-9999,26.7,22.8,26.7,25.8,23.8,22.8,88,79,79,60,8.3,4.0,N,PA,SOURE,A227,-0.72777777,-48.51583333,12.54
1561,2019-09-18,04:00,0.0,1009.1,1009.5,1009.0,-9999,26.8,22.6,26.9,26.7,22.8,22.5,79,77,78,62,9.1,3.6,N,PA,SOURE,A227,-0.72777777,-48.51583333,12.54
1562,2019-09-18,08:00,0.0,1007.7,1007.8,1007.7,-9999,26.6,22.1,26.7,26.4,22.5,22.1,79,76,77,52,8.5,3.4,N,PA,SOURE,A227,-0.72777777,-48.51583333,12.54
1563,2019-09-18,12:00,0.0,1010.0,1010.0,1009.4,1352,28.9,23.4,29.4,27.6,23.4,21.9,74,67,72,56,7.8,3.1,N,PA,SOURE,A227,-0.72777777,-48.51583333,12.54
1564,2019-09-18,16:00,0.0,1008.7,1009.4,1008.7,3103,30.0,22.9,30.8,29.8,23.6,22.6,67,64,66,46,10.0,4.5,N,PA,SOURE,A227,-0.72777777,-48.51583333,12.54
1565,2019-09-18,20:00,0.0,1007.7,1007.7,1007.5,705,28.3,22.6,29.9,28.2,23.4,22.3,71,67,71,39,9.5,4.2,N,PA,SOURE,A227,-0.72777777,-48.51583333,12.54
1566,2019-09-19,00:00,0.0,1009.1,1009.1,1008.8,-9999,27.3,22.2,27.5,27.3,22.5,22.1,75,73,74,63,10.5,4.6,N,PA,SOURE,A227,-0.72777777,-48.51583333,12.54
1567,2019-09-19,04:00,0.0,1008.6,1009.3,1008.6,-9999,26.8,21.8,26.9,26.7,22.1,21.8,76,74,74,69,8.7,4.3,N,PA,SOURE,A227,-0.72777777,-48.51583333,12.54
1568,2019-09-19,08:00,0.0,1008.2,1008.2,1007.8,-9999,26.5,22.4,26.5,26.2,22.4,21.9,79,76,78,74,6.9,2.9,N,PA,SOURE,A227,-0.72777777,-48.51583333,12.54
1569,2019-09-19,12:00,0.0,1009.9,1009.9,1009.3,1674,28.9,22.6,29.1,28.1,23.1,22.4,72,69,69,72,7.8,4.0,N,PA,SOURE,A227,-0.72777777,-48.51583333,12.54
1570,2019-09-19,16:00,0.0,1009.2,1010.0,1009.2,3021,30.7,22.3,30.8,30.0,22.7,21.5,63,60,61,54,10.6,5.3,N,PA,SOURE,A227,-0.72777777,-48.51583333,12.54
1571,2019-09-19,20:00,0.0,1008.3,1008.4,1008.1,1350,28.9,21.8,30.0,28.8,22.2,21.4,66,61,66,34,9.5,4.6,N,PA,SOURE,A227,-0.72777777,-48.51583333,12.54
1572,2019-09-20,00:00,0.0,1009.8,1009.8,1009.4,-9999,27.1,21.9,27.4,27.1,22.0,21.7,74,71,73,53,7.8,3.0,N,PA,SOURE,A227,-0.72777777,-48.51583333,12.54
1573,2019-09-20,04:00,0.0,1008.9,1009.6,1008.9,-9999,26.7,21.8,26.9,26.6,21.8,21.2,75,72,75,61,8.7,3.3,N,PA,SOURE,A227,-0.72777777,-48.51583333,12.54
1574,2019-09-20,08:00,0.0,1008.6,1008.6,1008.4,-9999,26.2,21.3,26.5,26.2,21.4,21.0,75,73,75,44,7.3,2.1,N,PA,SOURE,A227,-0.72777777,-48.51583333,12.54
1575,2019-09-20,12:00,0.0,1011.7,1011.7,1010.7,1560,29.2,22.6,29.8,28.3,22.6,21.4,68,64,68,45,7.1,3.4,N,PA,SOURE,A227,-0.72777777,-48.51583333,12.54
1576,2019-09-20,16:00,0.0,1010.7,1011.3,1010.7,3055,30.4,23.1,31.1,29.9,23.4,21.9,65,61,65,54,10.6,4.5,N,PA,SOURE,A227,-0.72777777,-48.51583333,12.54
1577,2019-09-20,20:00,0.0,1009.8,1009.8,1009.4,1002,28.8,22.2,29.8,28.8,22.7,21.8,68,63,67,41,9.6,4.2,N,PA,SOURE,A227,-0.72777777,-48.51583333,12.54
1578,2019-09-21,00:00,0.0,1011.6,1011.6,1010.6,-9999,27.4,22.2,27.4,27.3,22.3,21.9,74,72,73,60,9.8,3.3,N,PA,SOURE,A227,-0.72777777,-48.51583333,12.54
1579,2019-09-21,04:00,0.0,1010.6,1011.5,1010.6,-9999,26.5,22.3,27.0,26.5,22.4,22.2,78,76,78,45,7.6,2.4,N,PA,SOURE,A227,-0.72777777,-48.51583333,12.54
1580,2019-09-21,08:00,0.0,1009.3,1009.5,1009.3,-9999,26.4,21.7,26.6,26.3,22.5,21.7,79,76,76,45,8.1,3.0,N,PA,SOURE,A227,-0.72777777,-48.51583333,12.54
1581,2019-09-21,12:00,0.0,1011.3,1011.4,1010.8,1419,29.3,22.9,29.3,28.3,22.9,21.8,70,67,69,40,8.6,3.5,N,PA,SOURE,A227,-0.72777777,-48.51583333,12.54
1582,2019-09-21,16:00,0.0,1010.1,1011.0,1010.1,3063,30.2,22.7,31.5,30.1,23.2,21.8,64,60,64,52,9.8,5.0,N,PA,SOURE,A227,-0.72777777,-48.51583333,12.54
1583,2019-09-21,20:00,0.0,1008.7,1008.7,1008.4,1197,29.0,22.4,30.2,29.0,23.2,22.4,69,65,68,36,9.0,3.5,N,PA,SOURE,A227,-0.72777777,-48.51583333,12.54
1584,2019-09-22,00:00,0.0,1010.2,1010.2,1009.6,-9999,27.4,22.4,27.4,27.3,22.5,22.2,75,74,74,45,8.5,4.2,N,PA,SOURE,A227,-0.72777777,-48.51583333,12.54
1585,2019-09-22,04:00,0.0,1009.5,1010.4,1009.5,-9999,26.8,21.6,27.1,26.8,22.3,21.3,76,72,73,55,9.4,3.7,N,PA,SOURE,A227,-0.72777777,-48.51583333,12.54
1586,2019-09-22,08:00,0.0,1009.1,1009.1,1008.9,-9999,26.4,21.5,26.5,26.3,21.6,21.2,75,73,75,48,8.1,3.6,N,PA,SOURE,A227,-0.72777777,-48.51583333,12.54
1587,2019-09-22,12:00,0.0,1012.3,1012.4,1011.5,1231,28.6,21.9,29.2,27.9,22.6,21.3,70,65,67,54,8.9,4.2,N,PA,SOURE,A227,-0.72777777,-48.51583333,12.54
1588,2019-09-22,16:00,0.0,1010.8,1011.6,1010.8,3139,30.8,22.4,31.4,30.0,23.4,22.0,65,60,61,54,9.3,3.7,N,PA,SOURE,A227,-0.72777777,-48.51583333,12.54
1589,2019-09-22,20:00,0.0,1009.2,1009.2,1009.0,1171,28.6,22.6,29.8,28.6,23.0,22.3,70,65,70,36,8.2,3.9,N,PA,SOURE,A227,-0.72777777,-48.51583333,12.54
1590,2019-09-23,00:00,0.0,1010.4,1010.4,1009.8,-9999,27.3,22.6,27.5,27.3,22.8,22.6,76,75,76,48,8.2,2.4,N,PA,SOURE,A227,-0.72777777,-48.51583333,12.54
1591,2019-09-23,04:00,0.0,1010.9,1011.1,1010.9,-9999,27.1,22.4,27.2,27.0,22.4,22.2,76,75,76,37,8.0,2.8,N,PA,SOURE,A227,-0.72777777,-48.51583333,12.54
1592,2019-09-23,08:00,0.0,1010.9,1010.9,1010.4,-9999,26.4,21.9,26.7,26.3,22.0,21.8,76,75,76,15,6.1,2.1,N,PA,SOURE,A227,-0.72777777,-48.51583333,12.54
1593,2019-09-23,12:00,0.0,1013.2,1013.2,1012.7,1717,29.1,21.5,29.6,28.3,22.4,21.4,68,63,63,43,8.7,3.6,N,PA,SOURE,A227,-0.72777777,-48.51583333,12.54
1594,2019-09-23,16:00,0.0,1012.0,1013.0,1012.0,3092,31.0,22.3,31.7,30.0,23.1,21.6,63,57,60,23,8.3,3.5,N,PA,SOURE,A227,-0.72777777,-48.51583333,12.54
1595,2019-09-23,20:00,0.0,1010.6,1010.7,1010.5,1207,28.8,22.2,29.8,28.5,22.5,21.7,68,63,68,30,8.6,3.5,N,PA,SOURE,A227,-0.72777777,-48.51583333,12.54
1596,2019-09-24,00:00,0.0,1012.7,1012.7,1012.1,-9999,27.3,22.4,27.4,27.2,22.4,22.2,75,73,74,33,8.2,3.3,N,PA,SOURE,A227,-0.72777777,-48.51583333,12.54
1597,2019-09-24,04:00,0.0,1012.2,1012.8,1012.2,-9999,26.5,22.8,26.7,26.1,22.9,22.6,81,80,80,48,5.6,2.1,N,PA,SOURE,A227,-0.72777777,-48.51583333,12.54
1598,2019-09-24,08:00,0.0,1011.1,1011.2,1010.9,-9999,25.4,21.6,25.7,25.4,21.8,21.4,80,77,80,48,3.4,1.3,N,PA,SOURE,A227,-0.72777777,-48.51583333,12.54
1599,2019-09-24,12:00,0.0,1012.8,1012.8,1012.2,1668,29.5,22.7,29.7,28.7,22.7,20.6,67,60,67,79,7.7,3.3,N,PA,SOURE,A227,-0.72777777,-48.51583333,12.54
1600,2019-09-24,16:00,0.0,1012.4,1013.1,1012.3,3128,30.7,21.7,32.2,30.7,22.2,20.5,59,53,59,42,8.8,4.8,N,PA,SOURE,A227,-0.72777777,-48.51583333,12.54
1601,2019-09-24,20:00,0.2,1011.1,1011.1,1010.6,1059,28.8,21.6,29.9,28.5,22.6,21.3,66,64,65,40,9.8,4.0,N,PA,SOURE,A227,-0.72777777,-48.51583333,12.54
1602,2019-09-25,00:00,0.0,1013.4,1013.5,1013.1,-9999,27.8,21.1,27.8,27.6,21.2,20.9,68,66,67,65,7.2,3.7,N,PA,SOURE,A227,-0.72777777,-48.51583333,12.54
1603,2019-09-25,04:00,0.0,1012.3,1013.2,1012.3,-9999,27.0,22.0,27.3,27.0,22.0,21.7,74,72,74,51,6.8,2.1,N,PA,SOURE,A227,-0.72777777,-48.51583333,12.54
1604,2019-09-25,08:00,0.0,1011.1,1011.3,1011.1,-9999,26.6,22.2,26.8,26.6,22.4,22.2,77,76,77,37,5.6,2.4,N,PA,SOURE,A227,-0.72777777,-48.51583333,12.54
1605,2019-09-25,12:00,0.0,1013.7,1013.7,1012.9,1557,28.7,22.4,29.8,28.7,23.7,22.4,72,67,69,33,7.7,2.9,N,PA,SOURE,A227,-0.72777777,-48.51583333,12.54
1606,2019-09-25,16:00,0.0,1011.5,1012.3,1011.5,3190,31.1,22.3,31.8,30.7,23.1,21.8,63,57,59,35,6.8,3.5,N,PA,SOURE,A227,-0.72777777,-48.51583333,12.54
1607,2019-09-25,20:00,0.0,1009.8,1009.8,1009.3,1085,28.7,23.0,30.6,28.5,23.5,22.5,72,65,71,42,8.4,3.7,N,PA,SOURE,A227,-0.72777777,-48.51583333,12.54
1608,2019-09-26,00:00,0.0,1012.2,1012.3,1011.6,-9999,27.6,22.5,27.7,27.5,22.8,22.4,75,73,74,41,8.1,3.2,N,PA,SOURE,A227,-0.72777777,-48.51583333,12.54
1609,2019-09-26,04:00,0.0,1011.2,1011.6,1011.2,-9999,26.9,22.6,27.0,26.8,22.7,22.5,78,77,77,50,6.0,2.2,N,PA,SOURE,A227,-0.72777777,-48.51583333,12.54
1610,2019-09-26,08:00,0.0,1011.0,1011.0,1010.8,-9999,26.1,22.9,26.1,25.0,22.9,20.9,83,78,82,32,3.6,1.2,N,PA,SOURE,A227,-0.72777777,-48.51583333,12.54
1611,2019-09-26,12:00,0.0,1013.0,1013.0,1012.6,1087,29.0,22.8,29.1,27.8,23.4,22.7,75,69,70,14,4.4,2.2,N,PA,SOURE,A227,-0.72777777,-48.51583333,12.54
1612,2019-09-26,16:00,0.0,1011.4,1012.7,1011.4,2658,30.7,22.1,31.6,29.9,23.5,21.9,66,60,60,50,8.3,3.7,N,PA,SOURE,A227,-0.72777777,-48.51583333,12.54
1613,2019-09-26,20:00,0.0,1009.2,1009.3,1009.0,1203,29.1,22.6,29.9,29.1,23.2,22.4,69,65,68,36,7.8,2.9,N,PA,SOURE,A227,-0.72777777,-48.51583333,12.54
1614,2019-09-27,00:00,0.0,1012.1,1012.1,1011.3,-9999,27.5,22.8,27.6,27.4,22.9,22.7,76,75,76,52,7.3,3.0,N,PA,SOURE,A227,-0.72777777,-48.51583333,12.54
1615,2019-09-27,04:00,0.0,1011.3,1012.2,1011.3,-9999,27.2,23.0,27.3,27.1,23.0,22.5,78,75,78,64,6.5,3.0,N,PA,SOURE,A227,-0.72777777,-48.51583333,12.54
1616,2019-09-27,08:00,0.0,1010.8,1010.9,1010.8,-9999,26.8,22.5,26.8,26.7,22.6,22.3,78,76,77,52,8.5,3.0,N,PA,SOURE,A227,-0.72777777,-48.51583333,12.54
1617,2019-09-27,12:00,0.0,1013.3,1013.3,1012.5,1229,28.8,22.7,29.4,28.4,23.5,22.3,72,67,70,45,8.2,3.3,N,PA,SOURE,A227,-0.72777777,-48.51583333,12.54
1618,2019-09-27,16:00,0.0,1011.3,1012.7,1011.3,3214,30.6,22.8,31.5,30.3,23.4,22.3,64,60,63,47,10.2,4.8,N,PA,SOURE,A227,-0.72777777,-48.51583333,12.54
1619,2019-09-27,20:00,0.0,1009.4,1009.4,1009.3,1096,29.0,22.3,29.9,28.9,23.3,22.1,68,65,67,46,11.2,4.5,N,PA,SOURE,A227,-0.72777777,-48.51583333,12.54
1620,2019-09-28,00:00,0.0,1010.7,1010.7,1010.4,-9999,27.5,22.5,27.7,27.5,22.7,22.2,75,73,74,63,11.0,4.1,N,PA,SOURE,A227,-0.72777777,-48.51583333,12.54
1621,2019-09-28,04:00,0.0,1010.6,1011.4,1010.6,-9999,27.4,22.5,27.6,27.4,22.6,22.3,75,74,75,70,9.6,4.8,N,PA,SOURE,A227,-0.72777777,-48.51583333,12.54
1622,2019-09-28,08:00,0.0,1010.3,1010.3,1010.2,-9999,26.9,22.0,27.0,26.8,22.5,22.0,77,75,75,52,7.3,3.3,N,PA,SOURE,A227,-0.72777777,-48.51583333,12.54
1623,2019-09-28,12:00,0.0,1012.2,1012.3,1011.8,1731,29.4,22.2,30.2,28.8,23.0,21.8,69,63,65,54,9.7,4.6,N,PA,SOURE,A227,-0.72777777,-48.51583333,12.54
1624,2019-09-28,16:00,0.0,1011.4,1012.1,1011.4,3295,31.3,22.5,31.9,30.5,23.4,22.2,62,59,60,40,10.8,4.7,N,PA,SOURE,A227,-0.72777777,-48.51583333,12.54
1625,2019-09-28,20:00,0.0,1010.1,1010.1,1009.8,1163,29.3,22.3,30.2,29.2,22.8,22.3,67,64,66,41,9.9,4.2,N,PA,SOURE,A227,-0.72777777,-48.51583333,12.54
1626,2019-09-29,00:00,0.0,1011.5,1011.5,1010.7,-9999,27.5,22.5,27.6,27.4,22.7,22.3,75,73,74,52,9.1,4.4,N,PA,SOURE,A227,-0.72777777,-48.51583333,12.54
1627,2019-09-29,04:00,0.0,1011.1,1011.8,1011.1,-9999,27.2,22.2,27.3,27.2,22.9,22.2,77,74,74,53,8.0,3.3,N,PA,SOURE,A227,-0.72777777,-48.51583333,12.54
1628,2019-09-29,08:00,0.0,1009.5,1009.5,1009.4,-9999,26.9,22.2,27.0,26.8,22.5,22.1,77,75,76,44,7.4,2.7,N,PA,SOURE,A227,-0.72777777,-48.51583333,12.54
1629,2019-09-29,12:00,0.0,1011.5,1011.5,1010.8,1588,29.8,23.2,30.1,28.5,23.5,22.3,71,66,68,49,7.8,3.9,N,PA,SOURE,A227,-0.72777777,-48.51583333,12.54
1630,2019-09-29,16:00,0.0,1010.8,1011.3,1010.8,3435,30.6,22.8,32.0,30.4,24.2,22.8,66,62,63,66,8.3,4.1,N,PA,SOURE,A227,-0.72777777,-48.51583333,12.54
1631,2019-09-29,20:00,0.0,1009.5,1009.7,1009.5,1181,29.3,23.1,30.5,29.1,23.3,22.5,69,64,69,39,8.6,3.9,N,PA,SOURE,A227,-0.72777777,-48.51583333,12.54
1632,2019-09-30,00:00,0.0,1010.9,1010.9,1010.2,-9999,27.3,22.6,27.5,27.3,22.7,22.0,76,73,76,44,8.7,2.9,N,PA,SOURE,A227,-0.72777777,-48.51583333,12.54
1633,2019-09-30,04:00,0.0,1009.6,1010.5,1009.6,-9999,26.8,22.4,27.1,26.7,22.7,22.3,77,76,77,40,8.0,2.9,N,PA,SOURE,A227,-0.72777777,-48.51583333,12.54
1634,2019-09-30,08:00,0.0,1008.4,1008.5,1008.2,-9999,26.2,22.1,26.6,26.2,22.5,22.1,79,77,78,33,6.1,1.9,N,PA,SOURE,A227,-0.72777777,-48.51583333,12.54
1635,2019-09-30,12:00,0.0,1010.7,1010.7,1009.9,1613,29.5,22.7,29.6,28.4,23.1,22.4,71,66,67,53,7.6,3.5,N,PA,SOURE,A227,-0.72777777,-48.51583333,12.54
1636,2019-09-30,16:00,0.0,1009.4,1010.4,1009.4,3320,30.7,22.6,31.3,30.3,23.4,22.5,65,61,62,47,9.6,4.6,N,PA,SOURE,A227,-0.72777777,-48.51583333,12.54
1637,2019-09-30,20:00,0.0,1008.0,1008.1,1007.8,1108,28.9,22.4,30.1,28.8,22.8,22.1,68,63,68,45,9.0,4.5,N,PA,SOURE,A227,-0.72777777,-48.51583333,12.54
1638,2019-10-01,00:00,0.0,1008.8,1008.8,1008.3,-9999,27.2,21.9,27.5,27.2,22.0,21.6,73,71,73,46,8.8,3.5,N,PA,SOURE,A227,-0.72777777,-48.51583333,12.54
1639,2019-10-01,04:00,0.0,1008.0,1008.8,1008.0,-9999,26.7,21.5,27.0,26.7,22.0,21.5,75,73,73,49,7.1,2.8,N,PA,SOURE,A227,-0.72777777,-48.51583333,12.54
1640,2019-10-01,08:00,0.0,1007.3,1007.3,1007.1,-9999,26.7,21.9,26.8,26.6,22.0,21.6,76,74,75,53,6.3,2.4,N,PA,SOURE,A227,-0.72777777,-48.51583333,12.54
1641,2019-10-01,12:00,0.0,1009.7,1009.7,1008.8,1615,29.6,22.8,29.8,28.2,23.3,22.2,72,65,67,60,7.7,3.2,N,PA,SOURE,A227,-0.72777777,-48.51583333,12.54
1642,2019-10-01,16:00,0.0,1008.5,1009.4,1008.5,3294,30.8,22.2,31.7,30.2,23.1,21.7,62,59,60,46,8.7,4.1,N,PA,SOURE,A227,-0.72777777,-48.51583333,12.54
1643,2019-10-01,20:00,0.0,1007.1,1007.2,1007.0,856,28.6,22.5,29.8,28.5,23.3,22.3,70,66,70,33,10.5,3.7,N,PA,SOURE,A227,-0.72777777,-48.51583333,12.54
1644,2019-10-02,00:00,0.0,1008.9,1008.9,1008.0,-9999,27.5,22.2,27.7,27.4,22.2,21.9,73,71,73,56,10.1,3.3,N,PA,SOURE,A227,-0.72777777,-48.51583333,12.54
1645,2019-10-02,04:00,0.0,1008.9,1009.3,1008.9,-9999,27.1,22.3,27.3,27.1,22.3,21.9,75,73,75,58,8.2,3.5,N,PA,SOURE,A227,-0.72777777,-48.51583333,12.54
1646,2019-10-02,08:00,0.0,1007.9,1007.9,1007.8,-9999,26.8,21.6,26.9,26.7,22.2,21.6,76,73,73,42,8.5,3.1,N,PA,SOURE,A227,-0.72777777,-48.51583333,12.54
1647,2019-10-02,12:00,0.0,1010.2,1010.2,1009.5,1184,29.5,22.9,29.8,28.2,23.4,22.2,72,67,68,60,10.2,4.1,N,PA,SOURE,A227,-0.72777777,-48.51583333,12.54
1648,2019-10-02,16:00,0.0,1009.6,1010.4,1009.6,3286,31.2,23.2,31.6,30.4,23.4,22.0,63,59,62,52,10.3,5.1,N,PA,SOURE,A227,-0.72777777,-48.51583333,12.54
1649,2019-10-02,20:00,0.0,1007.7,1007.8,1007.5,1073,29.1,22.1,30.2,29.1,22.5,21.8,66,62,66,53,10.7,3.8,N,PA,SOURE,A227,-0.72777777,-48.51583333,12.54
1650,2019-10-03,00:00,0.0,1010.2,1010.2,1009.4,-9999,27.6,21.5,27.8,27.6,22.1,21.4,71,69,69,65,8.9,4.6,N,PA,SOURE,A227,-0.72777777,-48.51583333,12.54
1651,2019-10-03,04:00,0.0,1010.1,1010.7,1010.1,-9999,27.0,22.0,27.3,26.9,22.2,21.9,75,72,74,78,9.1,3.5,N,PA,SOURE,A227,-0.72777777,-48.51583333,12.54
1652,2019-10-03,08:00,0.0,1009.5,1009.5,1009.3,-9999,26.6,22.4,26.6,26.4,22.4,22.2,78,77,78,61,5.4,2.5,N,PA,SOURE,A227,-0.72777777,-48.51583333,12.54
1653,2019-10-03,12:00,0.0,1012.0,1012.1,1011.3,1776,30.1,21.9,30.3,28.8,22.7,21.5,66,61,61,52,9.5,3.8,N,PA,SOURE,A227,-0.72777777,-48.51583333,12.54
1654,2019-10-03,16:00,0.0,1010.6,1011.3,1010.6,3259,30.6,21.7,32.2,30.3,23.1,21.3,62,57,59,46,10.4,5.0,N,PA,SOURE,A227,-0.72777777,-48.51583333,12.54
1655,2019-10-03,20:00,0.0,1009.3,1009.3,1008.9,1067,29.0,21.7,30.0,28.9,22.3,21.4,66,62,65,38,11.3,3.7,N,PA,SOURE,A227,-0.72777777,-48.51583333,12.54
1656,2019-10-04,00:00,0.0,1011.6,1011.6,1010.9,-9999,27.4,22.0,27.5,27.3,22.0,21.6,72,71,72,44,8.6,3.0,N,PA,SOURE,A227,-0.72777777,-48.51583333,12.54
1657,2019-10-04,04:00,0.0,1010.3,1011.1,1010.3,-9999,27.0,22.3,27.2,27.0,22.4,22.1,75,74,75,40,8.6,3.9,N,PA,SOURE,A227,-0.72777777,-48.51583333,12.54
1658,2019-10-04,08:00,0.0,1009.7,1009.7,1009.5,-9999,26.6,22.0,26.8,26.5,22.0,21.7,76,74,76,44,7.1,2.3,N,PA,SOURE,A227,-0.72777777,-48.51583333,12.54
1659,2019-10-04,12:00,0.0,1011.9,1011.9,1011.2,1798,29.9,21.8,30.2,28.6,22.6,21.5,67,61,62,48,7.6,3.7,N,PA,SOURE,A227,-0.72777777,-48.51583333,12.54
1660,2019-10-04,16:00,0.0,1010.8,1011.7,1010.8,3255,30.8,21.2,31.8,30.3,22.3,20.7,59,55,57,41,9.2,3.6,N,PA,SOURE,A227,-0.72777777,-48.51583333,12.54
1661,2019-10-04,20:00,0.0,1009.0,1009.2,1008.9,1073,28.5,21.1,29.8,28.5,22.0,20.8,66,60,64,35,9.4,4.5,N,PA,SOURE,A227,-0.72777777,-48.51583333,12.54
1662,2019-10-05,00:00,0.0,1010.0,1010.0,1009.4,-9999,27.0,21.3,27.1,27.0,21.4,21.1,72,70,71,38,6.9,2.6,N,PA,SOURE,A227,-0.72777777,-48.51583333,12.54
1663,2019-10-05,04:00,0.0,1009.7,1010.4,1009.7,-9999,26.6,21.7,26.9,26.6,21.8,21.5,74,73,74,32,5.6,2.4,N,PA,SOURE,A227,-0.72777777,-48.51583333,12.54
1664,2019-10-05,08:00,0.0,1009.6,1009.6,1009.3,-9999,24.6,21.6,25.3,24.6,21.7,21.6,84,80,84,342,2.4,0.6,N,PA,SOURE,A227,-0.72777777,-48.51583333,12.54
1665,2019-10-05,12:00,0.0,1011.2,1011.2,1010.8,1785,30.3,22.9,30.3,28.4,23.0,22.0,70,64,64,30,6.6,3.3,N,PA,SOURE,A227,-0.72777777,-48.51583333,12.54
1666,2019-10-05,16:00,0.0,1009.4,1010.6,1009.4,3231,30.7,22.1,31.4,30.1,23.3,21.9,65,59,60,56,8.2,4.0,N,PA,SOURE,A227,-0.72777777,-48.51583333,12.54
1667,2019-10-05,20:00,0.0,1007.1,1007.3,1007.0,1160,29.4,22.6,30.4,29.1,22.6,21.8,67,61,67,28,7.4,3.3,N,PA,SOURE,A227,-0.72777777,-48.51583333,12.54
1668,2019-10-06,00:00,0.0,1009.0,1009.0,1008.2,-9999,27.4,22.3,27.5,27.2,22.7,22.3,76,74,74,36,5.6,2.1,N,PA,SOURE,A227,-0.72777777,-48.51583333,12.54
1669,2019-10-06,04:00,0.0,1008.9,1009.3,1008.9,-9999,27.1,22.8,27.4,27.0,22.9,22.6,78,75,77,43,5.1,1.9,N,PA,SOURE,A227,-0.72777777,-48.51583333,12.54
1670,2019-10-06,08:00,0.0,1008.2,1008.2,1007.8,-9999,25.7,22.6,26.3,25.7,22.6,22.4,83,79,83,360,2.8,0.4,N,PA,SOURE,A227,-0.72777777,-48.51583333,12.54
1671,2019-10-06,12:00,0.0,1011.2,1011.2,1010.5,1829,29.9,22.8,30.2,28.8,23.2,22.1,70,64,66,61,6.7,3.3,N,PA,SOURE,A227,-0.72777777,-48.51583333,12.54
1672,2019-10-06,16:00,0.0,1010.2,1011.0,1010.2,3252,31.5,22.9,31.7,30.4,23.6,22.1,64,59,60,55,8.5,3.9,N,PA,SOURE,A227,-0.72777777,-48.51583333,12.54
1673,2019-10-06,20:00,0.0,1008.5,1008.7,1008.4,699,28.5,22.3,30.5,28.5,23.0,22.2,70,63,69,57,8.7,3.9,N,PA,SOURE,A227,-0.72777777,-48.51583333,12.54
1674,2019-10-07,00:00,0.0,1009.9,1009.9,1009.3,-9999,27.7,22.6,27.8,27.7,22.6,22.2,74,72,74,61,9.9,3.7,N,PA,SOURE,A227,-0.72777777,-48.51583333,12.54
1675,2019-10-07,04:00,0.0,1009.8,1010.7,1009.8,-9999,27.1,22.2,27.3,27.1,22.3,21.9,75,72,75,47,6.4,2.7,N,PA,SOURE,A227,-0.72777777,-48.51583333,12.54
1676,2019-10-07,08:00,0.0,1009.1,1009.1,1008.9,-9999,26.8,22.1,26.9,26.8,22.1,21.8,76,74,76,44,7.4,2.4,N,PA,SOURE,A227,-0.72777777,-48.51583333,12.54
1677,2019-10-07,12:00,0.0,1011.5,1011.6,1010.9,1805,29.6,22.3,30.1,29.0,22.7,21.7,67,63,65,58,8.2,3.9,N,PA,SOURE,A227,-0.72777777,-48.51583333,12.54
1678,2019-10-07,16:00,0.0,1010.0,1011.1,1010.0,3269,31.0,23.0,32.2,30.6,23.8,22.3,64,58,63,59,9.9,4.2,N,PA,SOURE,A227,-0.72777777,-48.51583333,12.54
1679,2019-10-07,20:00,0.0,1007.6,1007.9,1007.6,1037,29.2,22.4,30.2,29.0,22.6,22.0,67,63,67,46,10.6,4.3,N,PA,SOURE,A227,-0.72777777,-48.51583333,12.54
1680,2019-10-08,00:00,0.0,1008.8,1008.8,1008.1,-9999,27.6,21.5,27.8,27.5,21.7,21.3,70,68,69,61,10.8,4.1,N,PA,SOURE,A227,-0.72777777,-48.51583333,12.54
1681,2019-10-08,04:00,0.0,1008.6,1009.1,1008.6,-9999,27.3,22.1,27.4,27.3,22.3,21.9,74,72,73,54,8.5,2.8,N,PA,SOURE,A227,-0.72777777,-48.51583333,12.54
1682,2019-10-08,08:00,0.0,1008.2,1008.2,1007.8,-9999,27.1,22.4,27.1,26.9,22.6,22.4,77,76,76,46,6.5,2.9,N,PA,SOURE,A227,-0.72777777,-48.51583333,12.54
1683,2019-10-08,12:00,0.0,1010.7,1010.7,1009.9,1780,30.1,23.3,30.1,28.8,23.3,22.2,70,65,67,58,9.9,4.4,N,PA,SOURE,A227,-0.72777777,-48.51583333,12.54
1684,2019-10-08,16:00,0.0,1009.0,1010.1,1009.0,3285,31.2,23.0,32.0,30.3,24.0,22.5,66,60,62,48,10.3,4.6,N,PA,SOURE,A227,-0.72777777,-48.51583333,12.54
1685,2019-10-08,20:00,0.0,1007.2,1007.6,1007.2,903,29.1,21.8,30.0,29.0,22.7,21.5,66,63,65,56,12.1,4.1,N,PA,SOURE,A227,-0.72777777,-48.51583333,12.54
1686,2019-10-09,00:00,0.0,1008.7,1008.8,1008.4,-9999,27.7,21.3,27.8,27.6,22.3,21.3,72,68,68,61,10.0,4.6,N,PA,SOURE,A227,-0.72777777,-48.51583333,12.54
1687,2019-10-09,04:00,0.0,1008.5,1009.3,1008.5,-9999,27.1,21.9,27.4,27.1,22.1,21.6,74,71,73,57,8.3,3.0,N,PA,SOURE,A227,-0.72777777,-48.51583333,12.54
1688,2019-10-09,08:00,0.0,1008.9,1008.9,1008.4,-9999,27.0,21.2,27.2,26.9,22.1,20.9,75,69,71,52,9.8,2.8,N,PA,SOURE,A227,-0.72777777,-48.51583333,12.54
1689,2019-10-09,12:00,0.0,1011.7,1011.7,1011.2,1346,29.8,21.7,29.8,27.2,22.4,21.1,72,62,62,62,10.8,5.1,N,PA,SOURE,A227,-0.72777777,-48.51583333,12.54
1690,2019-10-09,16:00,0.0,1009.6,1010.8,1009.6,2082,30.3,21.5,31.4,29.4,22.5,21.2,62,58,59,56,10.9,4.3,N,PA,SOURE,A227,-0.72777777,-48.51583333,12.54
1691,2019-10-09,20:00,0.0,1007.6,1007.9,1007.6,639,28.3,21.6,29.7,28.3,22.4,21.4,67,63,67,53,9.1,3.7,N,PA,SOURE,A227,-0.72777777,-48.51583333,12.54
1692,2019-10-10,00:00,0.0,1009.6,1009.6,1009.1,-9999,27.5,21.8,27.6,27.4,21.8,21.4,71,69,71,66,9.1,4.5,N,PA,SOURE,A227,-0.72777777,-48.51583333,12.54
1693,2019-10-10,04:00,0.0,1008.1,1008.9,1008.1,-9999,26.9,21.3,27.1,26.8,21.8,21.3,74,70,71,63,9.9,4.3,N,PA,SOURE,A227,-0.72777777,-48.51583333,12.54
1694,2019-10-10,08:00,0.0,1008.0,1008.0,1007.7,-9999,26.9,21.1,26.9,26.7,21.3,21.0,72,70,71,57,9.0,4.2,N,PA,SOURE,A227,-0.72777777,-48.51583333,12.54
1695,2019-10-10,12:00,0.0,1010.1,1010.1,1009.4,1637,29.1,21.6,29.7,28.2,22.2,21.4,68,63,64,62,10.9,5.1,N,PA,SOURE,A227,-0.72777777,-48.51583333,12.54
1696,2019-10-10,16:00,0.0,1008.3,1009.3,1008.3,3166,30.8,21.7,31.9,30.3,22.5,20.9,60,54,58,45,12.1,5.4,N,PA,SOURE,A227,-0.72777777,-48.51583333,12.54
1697,2019-10-10,20:00,0.0,1007.8,1007.8,1007.4,776,29.1,21.7,29.8,29.0,21.9,21.0,65,59,65,43,11.8,4.6,N,PA,SOURE,A227,-0.72777777,-48.51583333,12.54
1698,2019-10-11,00:00,0.0,1009.3,1009.4,1008.9,-9999,27.5,21.9,27.6,27.5,22.3,21.9,73,72,72,61,10.4,5.3,N,PA,SOURE,A227,-0.72777777,-48.51583333,12.54
1699,2019-10-11,04:00,0.0,1008.3,1008.5,1008.2,-9999,27.0,21.9,27.1,26.9,22.3,21.9,75,73,74,53,8.6,4.6,N,PA,SOURE,A227,-0.72777777,-48.51583333,12.54
1700,2019-10-11,08:00,0.0,1008.5,1008.5,1008.0,-9999,26.7,21.6,26.8,26.7,22.1,21.6,76,74,74,50,8.2,3.0,N,PA,SOURE,A227,-0.72777777,-48.51583333,12.54
1701,2019-10-11,12:00,0.0,1011.3,1011.4,1010.8,1456,29.6,22.3,29.8,28.0,23.0,21.7,70,64,65,57,8.8,4.4,N,PA,SOURE,A227,-0.72777777,-48.51583333,12.54
1702,2019-10-11,16:00,0.0,1010.5,1011.3,1010.4,3228,31.5,22.4,32.0,30.2,23.1,21.5,63,58,59,63,10.0,4.7,N,PA,SOURE,A227,-0.72777777,-48.51583333,12.54
1703,2019-10-11,20:00,0.0,1008.6,1008.8,1008.6,862,29.2,21.5,30.4,29.2,22.0,21.0,64,59,63,39,10.5,4.5,N,PA,SOURE,A227,-0.72777777,-48.51583333,12.54
1704,2019-10-12,00:00,0.0,1010.3,1010.3,1009.9,-9999,27.3,21.5,27.5,27.3,21.7,21.3,72,69,71,58,9.0,3.8,N,PA,SOURE,A227,-0.72777777,-48.51583333,12.54
1705,2019-10-12,04:00,0.0,1009.4,1010.3,1009.4,-9999,26.9,22.0,27.1,26.9,22.0,21.7,75,73,75,51,8.0,2.9,N,PA,SOURE,A227,-0.72777777,-48.51583333,12.54
1706,2019-10-12,08:00,0.0,1008.9,1009.0,1008.7,-9999,26.7,21.8,26.8,26.5,21.8,21.2,75,72,75,48,7.9,2.7,N,PA,SOURE,A227,-0.72777777,-48.51583333,12.54
1707,2019-10-12,12:00,0.0,1011.3,1011.3,1010.6,1548,29.6,22.5,29.8,28.5,22.6,21.5,68,63,66,46,7.8,3.1,N,PA,SOURE,A227,-0.72777777,-48.51583333,12.54
1708,2019-10-12,16:00,0.0,1009.7,1011.1,1009.7,3223,31.3,22.4,31.6,30.3,23.0,21.8,63,59,59,37,9.3,3.9,N,PA,SOURE,A227,-0.72777777,-48.51583333,12.54
1709,2019-10-12,20:00,0.0,1007.7,1007.9,1007.6,851,28.8,22.1,29.8,28.7,22.5,21.8,67,64,67,38,10.2,4.1,N,PA,SOURE,A227,-0.72777777,-48.51583333,12.54
1710,2019-10-13,00:00,0.0,1009.3,1009.3,1008.6,-9999,27.5,21.5,27.6,27.4,22.0,21.3,72,69,70,46,10.3,4.3,N,PA,SOURE,A227,-0.72777777,-48.51583333,12.54
1711,2019-10-13,04:00,0.0,1008.5,1009.3,1008.5,-9999,27.1,21.5,27.1,26.9,21.6,21.2,73,71,72,60,9.3,4.3,N,PA,SOURE,A227,-0.72777777,-48.51583333,12.54
1712,2019-10-13,08:00,0.0,1007.8,1007.8,1007.5,-9999,27.0,21.2,27.1,26.8,21.6,21.1,73,70,70,54,9.8,4.2,N,PA,SOURE,A227,-0.72777777,-48.51583333,12.54
1713,2019-10-13,12:00,0.0,1010.5,1010.5,1009.8,1505,29.5,22.0,30.1,28.4,23.0,21.8,69,63,64,63,10.0,4.5,N,PA,SOURE,A227,-0.72777777,-48.51583333,12.54
1714,2019-10-13,16:00,0.0,1009.4,1010.5,1009.4,2605,30.8,22.4,31.5,30.0,23.2,21.8,64,59,61,46,10.9,5.1,N,PA,SOURE,A227,-0.72777777,-48.51583333,12.54
1715,2019-10-13,20:00,0.0,1007.7,1007.7,1007.3,783,28.8,22.4,30.0,28.7,22.8,22.2,69,64,68,49,10.3,4.6,N,PA,SOURE,A227,-0.72777777,-48.51583333,12.54
1716,2019-10-14,00:00,0.0,1009.9,1009.9,1008.8,-9999,27.5,22.2,27.6,27.5,22.5,22.1,74,72,73,53,9.5,4.2,N,PA,SOURE,A227,-0.72777777,-48.51583333,12.54
1717,2019-10-14,04:00,0.0,1008.7,1009.3,1008.7,-9999,27.1,21.8,27.3,27.1,22.2,21.8,74,73,73,41,8.5,3.8,N,PA,SOURE,A227,-0.72777777,-48.51583333,12.54
1718,2019-10-14,08:00,0.0,1008.1,1008.2,1008.1,-9999,26.7,21.6,26.9,26.5,22.2,21.6,76,73,74,38,7.4,2.7,N,PA,SOURE,A227,-0.72777777,-48.51583333,12.54
1719,2019-10-14,12:00,0.0,1010.2,1010.3,1009.7,983,28.7,22.4,29.0,27.9,23.1,22.0,71,68,69,62,7.4,3.0,N,PA,SOURE,A227,-0.72777777,-48.51583333,12.54
1720,2019-10-14,16:00,0.0,1009.1,1009.9,1009.1,2197,30.6,22.9,31.6,29.4,23.4,22.1,66,60,63,37,9.3,3.7,N,PA,SOURE,A227,-0.72777777,-48.51583333,12.54
1721,2019-10-14,20:00,0.0,1007.9,1007.9,1007.7,535,28.3,22.5,29.1,28.3,23.0,22.4,72,69,71,46,13.6,5.3,N,PA,SOURE,A227,-0.72777777,-48.51583333,12.54
1722,2019-10-15,00:00,0.0,1010.5,1010.6,1009.8,-9999,27.6,21.9,27.7,27.5,22.4,21.9,74,71,71,57,13.2,4.8,N,PA,SOURE,A227,-0.72777777,-48.51583333,12.54
1723,2019-10-15,04:00,0.0,1010.6,1011.2,1010.6,-9999,27.0,22.0,27.3,27.0,22.4,21.5,75,71,74,35,7.2,3.4,N,PA,SOURE,A227,-0.72777777,-48.51583333,12.54
1724,2019-10-15,08:00,0.0,1009.4,1009.4,1009.1,-9999,26.7,21.9,26.7,26.5,22.1,21.7,76,74,75,39,6.4,3.0,N,PA,SOURE,A227,-0.72777777,-48.51583333,12.54
1725,2019-10-15,12:00,0.0,1011.6,1011.6,1011.0,1740,29.6,22.1,30.1,28.2,23.1,21.9,70,64,64,56,8.9,3.7,N,PA,SOURE,A227,-0.72777777,-48.51583333,12.54
1726,2019-10-15,16:00,0.0,1010.8,1011.6,1010.8,3343,30.4,22.3,32.2,30.2,23.6,22.2,64,59,62,62,10.1,4.7,N,PA,SOURE,A227,-0.72777777,-48.51583333,12.54
1727,2019-10-15,20:00,0.0,1009.5,1009.6,1009.2,789,28.6,22.3,29.8,28.6,23.1,22.3,70,66,69,35,10.3,4.2,N,PA,SOURE,A227,-0.72777777,-48.51583333,12.54
1728,2019-10-16,00:00,0.0,1010.6,1010.6,1009.7,-9999,27.3,22.7,27.3,27.1,22.7,22.4,77,75,76,48,7.2,3.1,N,PA,SOURE,A227,-0.72777777,-48.51583333,12.54
1729,2019-10-16,04:00,0.0,1010.1,1010.9,1010.1,-9999,26.8,22.7,27.0,26.7,22.8,22.6,79,77,78,38,6.0,2.5,N,PA,SOURE,A227,-0.72777777,-48.51583333,12.54
1730,2019-10-16,08:00,0.0,1009.5,1009.5,1009.1,-9999,26.0,22.6,26.2,26.0,22.8,22.5,82,80,81,27,3.1,1.3,N,PA,SOURE,A227,-0.72777777,-48.51583333,12.54
1731,2019-10-16,12:00,0.0,1011.7,1011.7,1010.9,1735,29.7,23.3,30.4,27.9,23.8,22.3,73,65,69,51,8.6,3.4,N,PA,SOURE,A227,-0.72777777,-48.51583333,12.54
1732,2019-10-16,16:00,0.0,1010.6,1011.3,1010.6,3291,30.6,23.1,31.9,30.2,24.0,22.8,66,61,64,68,8.3,4.4,N,PA,SOURE,A227,-0.72777777,-48.51583333,12.54
1733,2019-10-16,20:00,0.0,1009.1,1009.1,1008.5,680,28.9,23.2,29.8,28.7,23.5,22.8,73,68,72,37,8.1,3.2,N,PA,SOURE,A227,-0.72777777,-48.51583333,12.54
1734,2019-10-17,00:00,0.0,1010.8,1010.8,1010.1,-9999,27.5,22.9,27.6,27.3,23.3,22.9,78,76,76,60,7.7,3.5,N,PA,SOURE,A227,-0.72777777,-48.51583333,12.54
1735,2019-10-17,04:00,0.0,1010.3,1010.8,1010.3,-9999,27.0,22.6,27.1,27.0,23.0,22.5,78,76,77,55,7.4,2.8,N,PA,SOURE,A227,-0.72777777,-48.51583333,12.54
1736,2019-10-17,08:00,0.0,1009.8,1009.8,1009.5,-9999,26.7,22.1,26.9,26.6,22.5,22.0,78,75,76,58,5.0,2.0,N,PA,SOURE,A227,-0.72777777,-48.51583333,12.54
1737,2019-10-17,12:00,0.0,1012.4,1012.4,1011.8,1815,30.0,22.8,30.9,28.3,24.2,22.6,74,64,65,62,6.6,3.1,N,PA,SOURE,A227,-0.72777777,-48.51583333,12.54
1738,2019-10-17,16:00,0.0,1010.9,1011.9,1010.9,3215,30.7,22.9,32.1,30.4,23.3,21.8,64,58,63,39,9.2,4.5,N,PA,SOURE,A227,-0.72777777,-48.51583333,12.54
1739,2019-10-17,20:00,0.0,1008.9,1009.2,1008.8,634,28.9,22.6,29.6,28.6,22.6,21.9,69,65,69,43,10.0,3.9,N,PA,SOURE,A227,-0.72777777,-48.51583333,12.54
1740,2019-10-18,00:00,0.0,1010.7,1010.7,1009.8,-9999,27.5,21.7,27.6,27.5,21.9,21.5,71,70,71,53,8.6,3.1,N,PA,SOURE,A227,-0.72777777,-48.51583333,12.54
1741,2019-10-18,04:00,0.0,1010.1,1010.9,1010.1,-9999,26.9,22.1,27.1,26.9,22.2,21.7,75,73,75,53,6.8,2.3,N,PA,SOURE,A227,-0.72777777,-48.51583333,12.54
1742,2019-10-18,08:00,0.0,1010.0,1010.0,1009.6,-9999,26.9,21.6,27.1,26.8,22.0,21.6,74,73,73,36,7.9,2.9,N,PA,SOURE,A227,-0.72777777,-48.51583333,12.54
1743,2019-10-18,12:00,0.0,1012.1,1012.1,1011.4,1433,29.9,21.9,29.9,28.4,22.4,21.4,67,61,62,50,8.8,3.6,N,PA,SOURE,A227,-0.72777777,-48.51583333,12.54
1744,2019-10-18,16:00,0.0,1011.3,1012.1,1011.3,2868,31.3,22.7,31.8,29.9,23.0,21.8,64,58,60,46,9.7,4.4,N,PA,SOURE,A227,-0.72777777,-48.51583333,12.54
1745,2019-10-18,20:00,0.0,1009.1,1009.5,1009.1,652,28.6,22.3,29.6,28.4,22.7,21.8,69,65,69,46,10.0,4.8,N,PA,SOURE,A227,-0.72777777,-48.51583333,12.54
1746,2019-10-19,00:00,0.0,1011.0,1011.0,1010.2,-9999,27.4,22.1,27.6,27.4,22.3,22.0,73,72,73,69,8.6,3.7,N,PA,SOURE,A227,-0.72777777,-48.51583333,12.54
1747,2019-10-19,04:00,0.0,1009.8,1010.6,1009.8,-9999,26.9,22.3,27.1,26.9,22.7,22.3,77,75,76,51,6.9,2.9,N,PA,SOURE,A227,-0.72777777,-48.51583333,12.54
1748,2019-10-19,08:00,0.0,1008.8,1008.8,1008.4,-9999,26.7,21.8,26.8,26.7,22.3,21.7,77,74,75,43,7.6,2.4,N,PA,SOURE,A227,-0.72777777,-48.51583333,12.54
1749,2019-10-19,12:00,0.0,1011.0,1011.1,1010.4,1754,30.2,23.0,30.2,28.6,23.0,22.1,69,64,66,35,9.4,3.7,N,PA,SOURE,A227,-0.72777777,-48.51583333,12.54
1750,2019-10-19,16:00,0.0,1010.3,1011.2,1010.3,3042,31.0,22.7,32.0,29.8,23.9,22.2,66,60,61,38,10.1,4.5,N,PA,SOURE,A227,-0.72777777,-48.51583333,12.54
1751,2019-10-19,20:00,0.0,1009.0,1009.0,1008.7,812,29.0,22.7,30.5,28.7,23.3,22.3,69,64,69,33,8.3,3.1,N,PA,SOURE,A227,-0.72777777,-48.51583333,12.54
1752,2019-10-20,00:00,0.0,1010.4,1010.4,1010.1,-9999,27.5,22.8,27.6,27.4,22.8,22.3,76,73,76,39,6.9,2.1,N,PA,SOURE,A227,-0.72777777,-48.51583333,12.54
1753,2019-10-20,04:00,0.0,1009.5,1010.2,1009.5,-9999,27.1,22.7,27.3,27.1,22.9,22.7,78,76,77,45,7.4,2.8,N,PA,SOURE,A227,-0.72777777,-48.51583333,12.54
1754,2019-10-20,08:00,0.0,1008.6,1008.6,1008.3,-9999,26.7,22.3,26.8,26.6,22.5,22.2,78,77,77,31,6.1,2.4,N,PA,SOURE,A227,-0.72777777,-48.51583333,12.54
1755,2019-10-20,12:00,0.0,1011.0,1011.1,1010.6,1951,29.8,22.1,30.5,28.8,23.5,22.1,70,63,63,19,8.4,3.7,N,PA,SOURE,A227,-0.72777777,-48.51583333,12.54
1756,2019-10-20,16:00,0.0,1009.9,1010.6,1009.9,3279,30.8,22.7,31.9,30.6,23.4,22.0,64,58,62,57,10.9,4.7,N,PA,SOURE,A227,-0.72777777,-48.51583333,12.54
1757,2019-10-20,20:00,0.0,1008.1,1008.1,1007.8,941,29.1,22.4,30.2,29.0,23.3,22.0,67,64,67,24,9.0,3.4,N,PA,SOURE,A227,-0.72777777,-48.51583333,12.54
1758,2019-10-21,00:00,0.0,1009.5,1009.5,1008.8,-9999,27.1,22.5,27.3,27.1,22.5,22.2,76,74,76,19,5.6,1.7,N,PA,SOURE,A227,-0.72777777,-48.51583333,12.54
1759,2019-10-21,04:00,0.0,1008.6,1009.6,1008.6,-9999,26.5,22.8,26.7,26.4,22.9,22.6,80,79,80,2,3.2,0.5,N,PA,SOURE,A227,-0.72777777,-48.51583333,12.54
1760,2019-10-21,08:00,0.0,1008.4,1008.4,1008.2,-9999,24.8,22.4,25.3,24.8,22.6,22.4,86,85,86,329,1.8,0.5,N,PA,SOURE,A227,-0.72777777,-48.51583333,12.54
1761,2019-10-21,12:00,0.0,1011.3,1011.3,1010.5,1516,29.5,22.3,30.1,29.0,23.2,21.9,68,64,65,59,5.1,2.8,N,PA,SOURE,A227,-0.72777777,-48.51583333,12.54
1762,2019-10-21,16:00,0.0,1009.3,1010.3,1009.3,3279,31.1,22.7,32.1,30.1,23.9,22.2,66,59,61,46,8.3,3.4,N,PA,SOURE,A227,-0.72777777,-48.51583333,12.54
1763,2019-10-21,20:00,0.0,1006.8,1007.2,1006.7,1025,29.3,22.4,30.7,29.3,22.9,21.7,67,61,66,34,8.8,4.5,N,PA,SOURE,A227,-0.72777777,-48.51583333,12.54
1764,2019-10-22,00:00,0.0,1009.3,1009.3,1008.1,-9999,27.5,22.4,27.7,27.5,22.4,22.2,74,72,74,19,4.0,1.7,N,PA,SOURE,A227,-0.72777777,-48.51583333,12.54
1765,2019-10-22,04:00,0.0,1009.4,1009.8,1009.3,-9999,26.2,22.7,27.2,26.2,22.9,22.6,81,78,81,3,3.1,0.1,N,PA,SOURE,A227,-0.72777777,-48.51583333,12.54
1766,2019-10-22,08:00,0.2,1008.8,1008.8,1008.6,-9999,24.9,23.1,25.4,24.9,23.3,23.0,90,88,90,331,5.2,1.3,N,PA,SOURE,A227,-0.72777777,-48.51583333,12.54
1767,2019-10-22,12:00,0.0,1011.1,1011.1,1010.4,1815,29.6,22.8,29.9,28.7,24.1,22.8,76,67,67,57,5.2,2.8,N,PA,SOURE,A227,-0.72777777,-48.51583333,12.54
1768,2019-10-22,16:00,0.0,1008.9,1010.2,1008.9,3337,30.9,23.3,31.8,30.1,24.5,22.6,67,60,64,60,8.8,4.6,N,PA,SOURE,A227,-0.72777777,-48.51583333,12.54
1769,2019-10-22,20:00,0.0,1007.5,1007.5,1007.2,776,28.8,22.8,30.4,28.8,23.6,22.5,70,65,70,39,7.8,3.1,N,PA,SOURE,A227,-0.72777777,-48.51583333,12.54
1770,2019-10-23,00:00,0.0,1009.9,1010.0,1009.2,-9999,28.0,22.7,28.1,27.9,22.8,22.2,74,71,73,56,6.8,3.0,N,PA,SOURE,A227,-0.72777777,-48.51583333,12.54
1771,2019-10-23,04:00,0.0,1009.2,1010.0,1009.2,-9999,24.7,23.6,24.7,24.2,23.6,23.1,94,93,93,120,2.4,1.3,N,PA,SOURE,A227,-0.72777777,-48.51583333,12.54
1772,2019-10-23,08:00,0.0,1008.4,1008.4,1008.3,-9999,24.4,22.9,24.6,24.4,23.0,22.8,91,91,91,102,1.3,0.1,N,PA,SOURE,A227,-0.72777777,-48.51583333,12.54
1773,2019-10-23,12:00,0.0,1010.5,1010.5,1009.6,1357,27.7,23.5,28.3,27.0,24.6,23.5,86,78,78,78,4.6,2.1,N,PA,SOURE,A227,-0.72777777,-48.51583333,12.54
1774,2019-10-23,16:00,0.0,1009.7,1010.6,1009.7,2777,30.4,23.2,31.0,29.7,24.2,23.0,70,64,66,45,7.6,2.9,N,PA,SOURE,A227,-0.72777777,-48.51583333,12.54
1775,2019-10-23,20:00,0.0,1007.7,1007.8,1007.6,545,28.3,22.8,28.9,28.2,23.3,22.6,73,70,72,34,5.9,2.6,N,PA,SOURE,A227,-0.72777777,-48.51583333,12.54
1776,2019-10-24,00:00,0.0,1009.9,1009.9,1009.1,-9999,26.4,23.0,26.7,26.3,23.0,22.8,82,79,82,342,2.4,0.9,N,PA,SOURE,A227,-0.72777777,-48.51583333,12.54
1777,2019-10-24,04:00,0.0,1008.7,1009.5,1008.7,-9999,25.0,22.7,25.2,25.0,22.7,22.5,87,86,87,357,2.2,0.0,N,PA,SOURE,A227,-0.72777777,-48.51583333,12.54
1778,2019-10-24,08:00,0.0,1007.4,1007.4,1007.2,-9999,25.5,23.2,25.5,24.4,23.2,22.4,89,87,87,32,3.3,1.5,N,PA,SOURE,A227,-0.72777777,-48.51583333,12.54
1779,2019-10-24,12:00,0.0,1010.1,1010.1,1009.5,1810,29.6,23.0,30.5,28.8,24.1,22.5,71,66,68,28,6.4,2.9,N,PA,SOURE,A227,-0.72777777,-48.51583333,12.54
1780,2019-10-24,16:00,0.0,1008.9,1009.8,1008.9,3292,31.9,23.1,32.2,30.9,23.7,21.8,62,56,60,48,7.6,3.2,N,PA,SOURE,A227,-0.72777777,-48.51583333,12.54
1781,2019-10-24,20:00,0.0,1006.9,1007.2,1006.9,1001,29.4,23.1,30.5,29.2,23.3,22.6,69,64,69,36,8.2,3.6,N,PA,SOURE,A227,-0.72777777,-48.51583333,12.54
1782,2019-10-25,00:00,0.0,1008.8,1008.8,1008.2,-9999,27.6,23.1,27.7,27.5,23.1,22.8,77,75,76,35,7.7,3.0,N,PA,SOURE,A227,-0.72777777,-48.51583333,12.54
1783,2019-10-25,04:00,0.0,1008.3,1009.1,1008.3,-9999,27.1,22.5,27.5,27.1,22.9,22.5,77,75,76,30,6.1,2.1,N,PA,SOURE,A227,-0.72777777,-48.51583333,12.54
1784,2019-10-25,08:00,0.0,1008.0,1008.1,1007.7,-9999,26.5,21.9,26.8,26.5,22.1,21.9,76,76,76,22,4.4,1.8,N,PA,SOURE,A227,-0.72777777,-48.51583333,12.54
1785,2019-10-25,12:00,0.0,1011.4,1011.4,1010.6,1907,30.2,22.6,30.4,29.0,23.3,22.3,69,63,64,34,7.0,3.4,N,PA,SOURE,A227,-0.72777777,-48.51583333,12.54
1786,2019-10-25,16:00,0.0,1009.9,1010.8,1009.9,3217,31.7,22.3,32.4,30.6,23.8,22.0,62,57,58,33,8.5,3.2,N,PA,SOURE,A227,-0.72777777,-48.51583333,12.54
1787,2019-10-25,20:00,0.0,1008.0,1008.0,1007.8,840,29.3,22.2,31.1,29.2,22.7,21.7,66,59,66,35,10.3,4.0,N,PA,SOURE,A227,-0.72777777,-48.51583333,12.54
1788,2019-10-26,00:00,0.0,1009.9,1009.9,1009.1,-9999,27.7,22.3,27.9,27.7,22.5,22.0,73,71,73,41,7.6,2.4,N,PA,SOURE,A227,-0.72777777,-48.51583333,12.54
1789,2019-10-26,04:00,0.0,1009.1,1009.8,1009.1,-9999,27.2,22.2,27.5,27.2,22.2,21.6,74,71,74,33,6.1,2.2,N,PA,SOURE,A227,-0.72777777,-48.51583333,12.54
1790,2019-10-26,08:00,0.0,1009.8,1009.8,1009.2,-9999,27.0,22.5,27.2,26.9,22.6,22.2,77,75,77,46,5.5,1.7,N,PA,SOURE,A227,-0.72777777,-48.51583333,12.54
1791,2019-10-26,12:00,0.0,1012.1,1012.1,1011.6,1771,30.5,23.0,30.7,28.9,24.0,22.6,70,64,64,63,7.7,4.2,N,PA,SOURE,A227,-0.72777777,-48.51583333,12.54
1792,2019-10-26,16:00,0.0,1010.4,1011.4,1010.4,3268,31.5,22.4,31.6,30.4,22.9,21.9,63,59,59,55,9.5,3.9,N,PA,SOURE,A227,-0.72777777,-48.51583333,12.54
1793,2019-10-26,20:00,0.0,1008.6,1008.7,1008.4,563,29.0,22.1,30.4,28.8,22.6,21.8,67,62,67,47,9.2,3.2,N,PA,SOURE,A227,-0.72777777,-48.51583333,12.54
1794,2019-10-27,00:00,0.0,1011.4,1011.4,1010.0,-9999,27.9,22.4,28.1,27.9,22.4,22.0,72,70,72,44,8.4,3.1,N,PA,SOURE,A227,-0.72777777,-48.51583333,12.54
1795,2019-10-27,04:00,0.0,1010.3,1011.1,1010.3,-9999,27.6,22.2,27.7,27.5,22.4,22.0,73,71,72,45,7.6,3.1,N,PA,SOURE,A227,-0.72777777,-48.51583333,12.54
1796,2019-10-27,08:00,0.0,1009.2,1009.3,1009.2,-9999,27.2,22.2,27.3,27.1,22.4,22.0,75,73,75,54,7.6,2.8,N,PA,SOURE,A227,-0.72777777,-48.51583333,12.54
1797,2019-10-27,12:00,0.0,1011.5,1011.6,1011.1,1710,30.1,23.1,30.1,29.0,23.2,22.3,69,65,66,58,8.7,4.2,N,PA,SOURE,A227,-0.72777777,-48.51583333,12.54
1798,2019-10-27,16:00,0.0,1009.5,1010.6,1009.5,3196,31.0,23.4,32.0,30.4,24.0,22.7,65,61,64,55,11.3,4.6,N,PA,SOURE,A227,-0.72777777,-48.51583333,12.54
1799,2019-10-27,20:00,0.0,1007.7,1008.0,1007.7,889,29.1,23.0,30.1,28.9,23.1,22.1,70,64,70,45,10.4,4.1,N,PA,SOURE,A227,-0.72777777,-48.51583333,12.54
1800,2019-10-28,00:00,0.0,1009.5,1009.5,1009.0,-9999,27.9,22.2,28.0,27.8,22.4,22.0,72,70,71,58,10.1,4.7,N,PA,SOURE,A227,-0.72777777,-48.51583333,12.54
1801,2019-10-28,04:00,0.0,1008.6,1009.7,1008.6,-9999,27.2,21.8,27.6,27.2,22.2,21.4,73,69,73,53,9.3,3.0,N,PA,SOURE,A227,-0.72777777,-48.51583333,12.54
1802,2019-10-28,08:00,0.0,1007.8,1007.8,1007.5,-9999,27.0,21.8,27.2,27.0,21.8,21.6,73,71,73,44,8.8,3.0,N,PA,SOURE,A227,-0.72777777,-48.51583333,12.54
1803,2019-10-28,12:00,0.0,1010.7,1010.8,1010.1,1846,30.5,23.0,30.6,28.9,23.4,21.8,68,62,64,66,8.6,4.0,N,PA,SOURE,A227,-0.72777777,-48.51583333,12.54
1804,2019-10-28,16:00,0.0,1008.8,1009.9,1008.8,3221,31.2,22.5,31.8,30.7,23.5,22.0,63,59,60,18,9.7,4.0,N,PA,SOURE,A227,-0.72777777,-48.51583333,12.54
1805,2019-10-28,20:00,0.0,1007.4,1007.5,1007.3,964,29.3,22.8,30.4,29.3,23.1,22.4,68,63,68,32,9.2,3.6,N,PA,SOURE,A227,-0.72777777,-48.51583333,12.54
1806,2019-10-29,00:00,0.0,1009.1,1009.1,1008.3,-9999,27.8,22.5,27.9,27.7,22.6,22.4,74,73,73,49,8.6,4.1,N,PA,SOURE,A227,-0.72777777,-48.51583333,12.54
1807,2019-10-29,04:00,0.0,1008.3,1009.0,1008.3,-9999,27.1,22.0,27.4,27.0,22.4,21.7,75,72,74,43,6.6,2.7,N,PA,SOURE,A227,-0.72777777,-48.51583333,12.54
1808,2019-10-29,08:00,0.0,1007.2,1007.2,1006.9,-9999,26.4,21.6,26.7,26.2,21.6,21.3,75,73,75,28,4.4,1.7,N,PA,SOURE,A227,-0.72777777,-48.51583333,12.54
1809,2019-10-29,12:00,0.0,1010.2,1010.2,1009.5,1098,29.9,22.4,29.9,28.0,22.5,20.7,66,63,64,48,8.9,3.1,N,PA,SOURE,A227,-0.72777777,-48.51583333,12.54
1810,2019-10-29,16:00,0.0,1008.5,1009.5,1008.5,3155,31.2,22.2,31.6,30.1,22.6,21.2,61,57,59,42,9.2,4.1,N,PA,SOURE,A227,-0.72777777,-48.51583333,12.54
1811,2019-10-29,20:00,0.0,1006.6,1006.8,1006.5,699,28.8,22.0,30.1,28.7,22.6,21.6,67,63,67,39,8.4,3.4,N,PA,SOURE,A227,-0.72777777,-48.51583333,12.54
1812,2019-10-30,00:00,0.0,1008.6,1008.6,1008.0,-9999,27.7,22.5,27.9,27.7,22.6,22.1,73,71,73,60,9.5,3.6,N,PA,SOURE,A227,-0.72777777,-48.51583333,12.54
1813,2019-10-30,04:00,0.0,1007.5,1008.5,1007.5,-9999,27.1,21.8,27.4,27.1,22.2,21.7,74,72,73,54,7.0,2.9,N,PA,SOURE,A227,-0.72777777,-48.51583333,12.54
1814,2019-10-30,08:00,0.0,1006.8,1006.8,1006.7,-9999,26.7,21.7,26.9,26.5,21.7,21.4,74,73,74,59,6.3,2.4,N,PA,SOURE,A227,-0.72777777,-48.51583333,12.54
1815,2019-10-30,12:00,0.0,1009.5,1009.5,1008.8,981,29.2,22.3,29.2,28.1,22.4,21.8,70,66,66,55,7.9,2.8,N,PA,SOURE,A227,-0.72777777,-48.51583333,12.54
1816,2019-10-30,16:00,0.0,1008.8,1009.4,1008.7,2873,30.3,22.0,31.7,30.3,23.4,22.0,63,59,61,53,9.2,4.6,N,PA,SOURE,A227,-0.72777777,-48.51583333,12.54
1817,2019-10-30,20:00,0.0,1007.6,1007.6,1007.5,470,28.4,22.5,28.9,28.4,22.9,22.2,71,68,71,43,9.6,3.6,N,PA,SOURE,A227,-0.72777777,-48.51583333,12.54
1818,2019-10-31,00:00,0.0,1009.9,1010.0,1009.3,-9999,27.7,22.2,27.8,27.6,22.3,21.8,73,71,72,53,8.7,3.1,N,PA,SOURE,A227,-0.72777777,-48.51583333,12.54
1819,2019-10-31,04:00,0.0,1009.5,1010.2,1009.4,-9999,27.4,22.2,27.7,27.4,22.3,21.8,73,70,73,49,9.0,3.5,N,PA,SOURE,A227,-0.72777777,-48.51583333,12.54
1820,2019-10-31,08:00,0.0,1008.8,1008.9,1008.7,-9999,27.1,22.0,27.3,27.1,22.1,21.6,74,71,74,44,8.0,2.7,N,PA,SOURE,A227,-0.72777777,-48.51583333,12.54
1821,2019-10-31,12:00,0.0,1011.2,1011.2,1010.4,1798,29.8,22.3,30.4,29.0,22.8,22.0,67,63,64,52,8.8,3.8,N,PA,SOURE,A227,-0.72777777,-48.51583333,12.54
1822,2019-10-31,16:00,0.0,1010.2,1011.0,1010.1,3169,31.2,22.3,31.8,30.4,23.5,22.1,64,59,59,40,9.9,3.6,N,PA,SOURE,A227,-0.72777777,-48.51583333,12.54
1823,2019-10-31,20:00,0.0,1008.4,1008.4,1008.1,956,29.0,22.2,29.9,28.9,22.9,22.1,68,65,67,38,9.2,3.8,N,PA,SOURE,A227,-0.72777777,-48.51583333,12.54
1824,2019-11-01,00:00,0.0,1009.6,1009.6,1009.1,-9999,27.5,22.1,27.7,27.4,22.5,22.1,74,72,72,46,7.9,3.2,N,PA,SOURE,A227,-0.72777777,-48.51583333,12.54
1825,2019-11-01,04:00,0.0,1009.7,1010.3,1009.7,-9999,27.1,21.8,27.4,27.1,22.1,21.7,74,72,72,48,7.8,2.4,N,PA,SOURE,A227,-0.72777777,-48.51583333,12.54
1826,2019-11-01,08:00,0.0,1009.5,1009.5,1009.4,-9999,26.8,21.4,27.0,26.8,21.8,21.4,74,72,72,42,6.5,2.9,N,PA,SOURE,A227,-0.72777777,-48.51583333,12.54
1827,2019-11-01,12:00,0.0,1011.8,1011.8,1011.2,1795,29.7,22.3,30.4,29.1,23.2,21.7,67,62,65,36,7.8,4.0,N,PA,SOURE,A227,-0.72777777,-48.51583333,12.54
1828,2019-11-01,16:00,0.0,1010.2,1011.4,1010.2,3122,30.6,22.5,31.6,30.3,23.4,22.0,64,59,62,33,9.7,4.6,N,PA,SOURE,A227,-0.72777777,-48.51583333,12.54
1829,2019-11-01,20:00,0.0,1008.1,1008.5,1008.1,903,28.9,22.3,30.0,28.9,23.1,22.3,69,66,67,35,8.3,3.9,N,PA,SOURE,A227,-0.72777777,-48.51583333,12.54
1830,2019-11-02,00:00,0.0,1009.2,1009.2,1008.8,-9999,27.5,22.6,27.5,27.4,22.8,22.6,75,75,75,44,7.7,3.0,N,PA,SOURE,A227,-0.72777777,-48.51583333,12.54
1831,2019-11-02,04:00,0.0,1008.2,1008.7,1008.2,-9999,27.0,22.7,27.2,27.0,22.7,22.5,77,76,77,41,6.7,2.5,N,PA,SOURE,A227,-0.72777777,-48.51583333,12.54
1832,2019-11-02,08:00,0.0,1007.8,1007.8,1007.5,-9999,25.7,22.3,26.5,25.7,22.7,22.3,82,79,82,314,3.4,0.4,N,PA,SOURE,A227,-0.72777777,-48.51583333,12.54
1833,2019-11-02,12:00,0.0,1010.1,1010.2,1009.8,1821,30.0,22.8,30.6,28.6,23.7,22.1,72,62,65,21,6.1,2.8,N,PA,SOURE,A227,-0.72777777,-48.51583333,12.54
1834,2019-11-02,16:00,0.0,1008.5,1009.4,1008.5,3175,30.5,22.6,31.6,30.1,24.0,22.3,66,61,63,41,8.8,4.5,N,PA,SOURE,A227,-0.72777777,-48.51583333,12.54
1835,2019-11-02,20:00,0.0,1006.5,1006.7,1006.5,331,28.2,22.6,29.9,28.2,22.9,22.4,72,66,72,40,8.3,3.3,N,PA,SOURE,A227,-0.72777777,-48.51583333,12.54
1836,2019-11-03,00:00,0.0,1009.0,1009.0,1008.4,-9999,27.6,22.4,27.8,27.5,22.8,22.4,75,74,74,42,7.8,2.4,N,PA,SOURE,A227,-0.72777777,-48.51583333,12.54
1837,2019-11-03,04:00,0.0,1007.7,1008.4,1007.7,-9999,27.0,22.3,27.2,26.9,22.3,22.1,76,75,76,47,6.1,2.3,N,PA,SOURE,A227,-0.72777777,-48.51583333,12.54
1838,2019-11-03,08:00,0.0,1007.8,1007.8,1007.2,-9999,26.5,22.4,26.7,26.5,22.4,22.0,78,76,78,23,4.7,1.8,N,PA,SOURE,A227,-0.72777777,-48.51583333,12.54
1839,2019-11-03,12:00,0.0,1010.0,1010.0,1009.4,1792,29.7,22.4,30.4,29.1,23.1,21.8,67,63,65,37,6.9,3.1,N,PA,SOURE,A227,-0.72777777,-48.51583333,12.54
1840,2019-11-03,16:00,0.0,1008.2,1009.1,1008.1,2756,31.1,22.5,31.8,30.3,23.7,21.8,64,59,60,35,8.1,3.1,N,PA,SOURE,A227,-0.72777777,-48.51583333,12.54
1841,2019-11-03,20:00,0.0,1007.3,1007.3,1006.3,666,28.4,23.1,29.9,28.4,23.5,22.9,73,67,73,40,8.9,3.2,N,PA,SOURE,A227,-0.72777777,-48.51583333,12.54
1842,2019-11-04,00:00,0.0,1009.7,1009.7,1008.6,1,25.1,23.1,25.1,23.4,23.2,21.3,89,88,89,56,8.1,2.5,N,PA,SOURE,A227,-0.72777777,-48.51583333,12.54
1843,2019-11-04,04:00,0.0,1008.4,1009.2,1008.4,5,26.9,22.5,27.0,26.3,23.4,22.4,84,77,77,56,7.6,2.6,N,PA,SOURE,A227,-0.72777777,-48.51583333,12.54
1844,2019-11-04,08:00,0.0,1007.8,1007.8,1007.5,-9999,26.8,22.6,27.0,26.7,22.6,22.3,78,76,78,55,6.6,2.2,N,PA,SOURE,A227,-0.72777777,-48.51583333,12.54
1845,2019-11-04,12:00,0.0,1010.0,1010.0,1009.4,1592,29.6,23.5,29.8,28.7,24.1,22.9,73,70,70,43,9.2,3.4,N,PA,SOURE,A227,-0.72777777,-48.51583333,12.54
1846,2019-11-04,16:00,0.0,1008.6,1009.5,1008.6,3273,30.7,23.5,31.2,30.2,23.9,22.6,66,62,65,62,10.4,4.5,N,PA,SOURE,A227,-0.72777777,-48.51583333,12.54
1847,2019-11-04,20:00,0.0,1007.2,1007.3,1007.0,632,28.4,22.5,29.7,28.4,23.1,22.2,70,67,70,42,10.0,2.9,N,PA,SOURE,A227,-0.72777777,-48.51583333,12.54
1848,2019-11-05,00:00,0.0,1009.6,1009.6,1008.8,-9999,27.7,22.5,27.8,27.7,22.7,22.2,74,72,73,68,9.6,3.8,N,PA,SOURE,A227,-0.72777777,-48.51583333,12.54
1849,2019-11-05,04:00,0.0,1007.6,1008.3,1007.6,-9999,27.1,21.9,27.3,27.1,22.5,21.9,76,72,73,55,9.5,3.9,N,PA,SOURE,A227,-0.72777777,-48.51583333,12.54
1850,2019-11-05,08:00,0.0,1008.1,1008.1,1007.5,-9999,27.0,21.8,27.1,26.9,22.0,21.7,75,73,73,66,8.8,3.6,N,PA,SOURE,A227,-0.72777777,-48.51583333,12.54
1851,2019-11-05,12:00,0.0,1011.1,1011.1,1010.2,1855,29.9,22.2,30.7,28.9,23.3,22.1,69,63,63,58,8.3,3.5,N,PA,SOURE,A227,-0.72777777,-48.51583333,12.54
1852,2019-11-05,16:00,0.0,1009.8,1010.6,1009.7,3279,31.2,22.9,31.4,30.4,23.5,22.5,65,61,61,32,10.0,3.9,N,PA,SOURE,A227,-0.72777777,-48.51583333,12.54
1853,2019-11-05,20:00,0.0,1008.1,1008.3,1008.1,1060,29.1,22.8,30.0,29.1,23.2,22.2,69,64,69,38,10.0,3.5,N,PA,SOURE,A227,-0.72777777,-48.51583333,12.54
1854,2019-11-06,00:00,0.0,1009.2,1009.2,1008.7,-9999,27.6,22.8,27.6,27.4,23.1,22.8,77,75,75,44,6.8,3.1,N,PA,SOURE,A227,-0.72777777,-48.51583333,12.54
1855,2019-11-06,04:00,0.0,1007.8,1008.3,1007.8,-9999,27.2,22.9,27.4,27.1,23.1,22.7,78,76,77,53,8.7,3.2,N,PA,SOURE,A227,-0.72777777,-48.51583333,12.54
1856,2019-11-06,08:00,0.0,1007.9,1007.9,1007.1,-9999,26.8,22.3,26.9,26.6,22.8,22.3,79,77,77,39,5.4,2.2,N,PA,SOURE,A227,-0.72777777,-48.51583333,12.54
1857,2019-11-06,12:00,0.0,1010.7,1010.7,1010.3,1951,29.8,22.5,31.3,28.8,23.9,22.0,70,62,65,56,8.4,4.3,N,PA,SOURE,A227,-0.72777777,-48.51583333,12.54
1858,2019-11-06,16:00,0.0,1009.6,1010.6,1009.6,3120,31.7,22.3,32.1,30.5,23.6,21.9,63,58,58,53,8.5,3.6,N,PA,SOURE,A227,-0.72777777,-48.51583333,12.54
1859,2019-11-06,20:00,0.0,1007.2,1007.6,1007.2,810,28.8,22.3,29.7,28.8,22.7,22.0,69,65,68,40,10.5,4.0,N,PA,SOURE,A227,-0.72777777,-48.51583333,12.54
1860,2019-11-07,00:00,0.0,1009.1,1009.1,1008.3,-9999,27.7,22.2,27.8,27.6,22.3,22.0,72,71,72,53,7.8,2.8,N,PA,SOURE,A227,-0.72777777,-48.51583333,12.54
1861,2019-11-07,04:00,0.0,1007.5,1008.0,1007.5,-9999,27.3,22.5,27.4,27.1,22.6,22.4,76,75,75,41,6.6,2.2,N,PA,SOURE,A227,-0.72777777,-48.51583333,12.54
1862,2019-11-07,08:00,0.0,1006.5,1006.5,1006.1,-9999,26.6,22.1,27.0,26.5,22.4,22.1,77,76,76,31,5.4,1.3,N,PA,SOURE,A227,-0.72777777,-48.51583333,12.54
1863,2019-11-07,12:00,0.2,1009.0,1009.1,1008.8,1898,29.9,22.4,30.5,29.2,22.9,21.9,68,62,64,48,6.6,3.5,N,PA,SOURE,A227,-0.72777777,-48.51583333,12.54
1864,2019-11-07,16:00,0.0,1007.5,1008.5,1007.5,3227,31.2,22.7,31.8,30.4,23.6,21.9,63,59,61,47,7.6,3.5,N,PA,SOURE,A227,-0.72777777,-48.51583333,12.54
1865,2019-11-07,20:00,1.4,1006.1,1006.3,1005.9,641,28.6,22.8,30.7,28.6,23.1,22.2,71,63,71,41,8.4,3.4,N,PA,SOURE,A227,-0.72777777,-48.51583333,12.54
1866,2019-11-08,00:00,0.0,1007.9,1007.9,1007.2,-9999,27.7,22.8,27.7,27.5,22.9,22.8,76,75,75,46,5.9,2.7,N,PA,SOURE,A227,-0.72777777,-48.51583333,12.54
1867,2019-11-08,04:00,0.0,1006.8,1007.3,1006.8,-9999,27.1,22.4,27.3,27.1,22.7,22.4,76,75,75,19,5.5,2.0,N,PA,SOURE,A227,-0.72777777,-48.51583333,12.54
1868,2019-11-08,08:00,0.0,1006.3,1006.3,1005.6,-9999,26.9,22.8,27.0,26.8,22.9,22.7,79,78,78,22,4.5,1.7,N,PA,SOURE,A227,-0.72777777,-48.51583333,12.54
1869,2019-11-08,12:00,0.0,1009.3,1009.4,1008.6,1756,29.8,23.1,30.4,28.9,23.9,22.8,72,65,67,36,7.8,3.6,N,PA,SOURE,A227,-0.72777777,-48.51583333,12.54
1870,2019-11-08,16:00,0.0,1007.6,1008.4,1007.6,2678,30.8,23.1,31.9,29.8,24.4,22.5,67,61,64,27,10.0,3.7,N,PA,SOURE,A227,-0.72777777,-48.51583333,12.54
1871,2019-11-08,20:00,0.0,1005.5,1005.7,1005.4,911,29.0,23.2,30.3,29.0,23.8,22.9,71,67,71,27,8.7,2.9,N,PA,SOURE,A227,-0.72777777,-48.51583333,12.54
1872,2019-11-09,00:00,0.0,1007.7,1007.7,1006.9,-9999,27.7,22.7,27.7,27.6,23.1,22.7,76,74,74,31,6.1,2.6,N,PA,SOURE,A227,-0.72777777,-48.51583333,12.54
1873,2019-11-09,04:00,0.0,1007.3,1007.6,1007.2,-9999,27.3,22.8,27.5,27.3,22.9,22.6,77,75,76,13,6.6,1.5,N,PA,SOURE,A227,-0.72777777,-48.51583333,12.54
1874,2019-11-09,08:00,0.0,1007.0,1007.0,1006.1,-9999,26.5,23.2,26.5,25.8,23.2,22.9,84,82,82,13,3.3,1.4,N,PA,SOURE,A227,-0.72777777,-48.51583333,12.54
1875,2019-11-09,12:00,0.0,1010.2,1010.2,1009.6,1504,29.9,23.5,30.1,28.5,23.6,22.9,74,67,69,47,7.2,3.8,N,PA,SOURE,A227,-0.72777777,-48.51583333,12.54
1876,2019-11-09,16:00,0.0,1008.3,1009.3,1008.3,2817,31.4,23.1,31.9,30.3,24.0,22.4,65,60,62,54,8.6,4.3,N,PA,SOURE,A227,-0.72777777,-48.51583333,12.54
1877,2019-11-09,20:00,0.0,1006.7,1006.8,1006.6,571,28.6,22.6,30.1,28.5,23.2,22.4,70,66,70,37,8.0,3.8,N,PA,SOURE,A227,-0.72777777,-48.51583333,12.54
1878,2019-11-10,00:00,0.0,1008.6,1008.6,1007.8,-9999,27.8,22.8,27.9,27.7,23.0,22.7,75,74,75,57,7.7,3.1,N,PA,SOURE,A227,-0.72777777,-48.51583333,12.54
1879,2019-11-10,04:00,0.0,1007.2,1008.2,1007.2,-9999,27.5,22.4,27.6,27.4,22.6,22.3,74,73,74,54,7.7,2.7,N,PA,SOURE,A227,-0.72777777,-48.51583333,12.54
1880,2019-11-10,08:00,0.0,1006.9,1006.9,1006.2,-9999,27.4,22.5,27.4,27.3,22.6,22.1,75,73,75,55,9.4,3.6,N,PA,SOURE,A227,-0.72777777,-48.51583333,12.54
1881,2019-11-10,12:00,0.0,1010.4,1010.4,1009.4,1668,30.6,23.5,30.6,29.0,23.5,22.4,69,65,66,49,9.0,3.4,N,PA,SOURE,A227,-0.72777777,-48.51583333,12.54
1882,2019-11-10,16:00,0.0,1008.8,1009.6,1008.8,3229,31.3,23.1,32.5,30.8,24.1,22.5,64,60,62,55,10.5,5.1,N,PA,SOURE,A227,-0.72777777,-48.51583333,12.54
1883,2019-11-10,20:00,0.0,1007.6,1007.6,1007.3,1036,29.4,22.8,30.4,29.3,23.4,22.6,69,64,68,31,10.3,4.6,N,PA,SOURE,A227,-0.72777777,-48.51583333,12.54
1884,2019-11-11,00:00,0.0,1008.6,1008.6,1008.3,-9999,28.0,22.6,28.1,27.9,22.7,22.5,73,72,72,47,8.9,3.0,N,PA,SOURE,A227,-0.72777777,-48.51583333,12.54
1885,2019-11-11,04:00,0.0,1007.4,1008.0,1007.4,-9999,27.5,22.8,27.7,27.5,22.9,22.6,76,74,75,45,6.7,2.9,N,PA,SOURE,A227,-0.72777777,-48.51583333,12.54
1886,2019-11-11,08:00,0.0,1007.2,1007.2,1006.7,-9999,27.2,22.4,27.3,27.1,22.7,22.1,76,73,75,37,6.2,2.2,N,PA,SOURE,A227,-0.72777777,-48.51583333,12.54
1887,2019-11-11,12:00,0.0,1009.4,1009.4,1009.1,1928,31.1,23.6,31.1,28.7,23.6,21.9,70,64,65,58,7.3,3.1,N,PA,SOURE,A227,-0.72777777,-48.51583333,12.54
1888,2019-11-11,16:00,0.0,1007.8,1008.7,1007.8,3158,31.5,22.4,31.9,30.4,23.4,22.1,63,58,59,39,9.0,3.9,N,PA,SOURE,A227,-0.72777777,-48.51583333,12.54
1889,2019-11-11,20:00,0.0,1005.8,1006.0,1005.7,841,29.0,22.3,30.0,28.8,23.0,22.1,68,65,67,36,9.6,3.3,N,PA,SOURE,A227,-0.72777777,-48.51583333,12.54
1890,2019-11-12,00:00,0.0,1007.7,1007.7,1007.2,-9999,28.0,22.5,28.0,27.8,22.6,22.2,73,71,72,40,8.8,3.3,N,PA,SOURE,A227,-0.72777777,-48.51583333,12.54
1891,2019-11-12,04:00,0.0,1007.2,1007.8,1007.2,-9999,27.6,22.1,27.7,27.6,22.5,21.9,73,71,72,41,7.9,3.7,N,PA,SOURE,A227,-0.72777777,-48.51583333,12.54
1892,2019-11-12,08:00,0.0,1006.6,1006.6,1006.2,-9999,26.8,21.9,26.9,26.7,22.2,21.9,76,75,75,16,4.5,1.7,N,PA,SOURE,A227,-0.72777777,-48.51583333,12.54
1893,2019-11-12,12:00,0.0,1009.2,1009.2,1008.5,1442,29.8,22.9,30.0,28.7,23.2,21.8,69,64,66,30,7.5,3.5,N,PA,SOURE,A227,-0.72777777,-48.51583333,12.54
1894,2019-11-12,16:00,0.0,1008.1,1009.1,1008.1,3042,31.9,22.8,32.0,30.5,23.2,21.9,63,59,59,45,9.1,3.0,N,PA,SOURE,A227,-0.72777777,-48.51583333,12.54
1895,2019-11-12,20:00,0.0,1005.8,1005.8,1005.6,1001,29.0,22.1,30.0,29.0,22.8,22.0,66,63,66,33,8.3,3.3,N,PA,SOURE,A227,-0.72777777,-48.51583333,12.54
1896,2019-11-13,00:00,0.0,1008.2,1008.2,1007.6,-9999,27.8,22.3,27.9,27.7,22.4,22.1,73,71,72,43,6.5,2.5,N,PA,SOURE,A227,-0.72777777,-48.51583333,12.54
1897,2019-11-13,04:00,0.0,1007.6,1008.0,1007.6,-9999,27.3,22.1,27.5,27.2,22.3,22.1,74,73,73,48,6.7,2.5,N,PA,SOURE,A227,-0.72777777,-48.51583333,12.54
1898,2019-11-13,08:00,0.0,1006.7,1006.7,1006.5,-9999,27.0,22.1,27.1,27.0,22.3,21.9,75,74,74,40,6.2,1.8,N,PA,SOURE,A227,-0.72777777,-48.51583333,12.54
1899,2019-11-13,12:00,0.0,1009.6,1009.6,1008.7,1700,30.4,22.5,30.6,28.7,22.9,21.8,69,63,63,54,9.3,3.4,N,PA,SOURE,A227,-0.72777777,-48.51583333,12.54
1900,2019-11-13,16:00,0.0,1008.6,1009.4,1008.6,3035,31.8,22.7,31.8,30.5,22.9,21.9,61,57,59,49,9.2,3.9,N,PA,SOURE,A227,-0.72777777,-48.51583333,12.54
1901,2019-11-13,20:00,0.0,1006.6,1006.7,1006.5,1048,29.2,22.6,30.1,29.2,23.3,22.4,68,64,68,43,9.5,3.8,N,PA,SOURE,A227,-0.72777777,-48.51583333,12.54
1902,2019-11-14,00:00,0.0,1008.6,1008.7,1008.0,-9999,28.0,22.0,28.0,27.9,22.2,21.7,71,69,70,53,8.6,4.1,N,PA,SOURE,A227,-0.72777777,-48.51583333,12.54
1903,2019-11-14,04:00,0.0,1008.3,1009.1,1008.3,-9999,27.7,21.8,27.7,27.6,22.3,21.7,73,70,71,46,8.0,3.5,N,PA,SOURE,A227,-0.72777777,-48.51583333,12.54
1904,2019-11-14,08:00,0.0,1007.2,1007.2,1006.7,-9999,27.2,21.8,27.5,27.2,21.8,21.5,72,70,72,43,7.5,2.5,N,PA,SOURE,A227,-0.72777777,-48.51583333,12.54
1905,2019-11-14,12:00,0.0,1010.3,1010.3,1009.6,1696,30.0,22.3,30.4,28.9,22.9,21.8,68,62,63,33,7.2,3.4,N,PA,SOURE,A227,-0.72777777,-48.51583333,12.54
1906,2019-11-14,16:00,0.0,1009.3,1009.9,1009.3,3088,30.9,22.4,31.9,30.5,23.2,21.8,63,57,60,23,9.1,3.7,N,PA,SOURE,A227,-0.72777777,-48.51583333,12.54
1907,2019-11-14,20:00,0.0,1007.5,1007.6,1007.4,1036,29.6,22.4,29.9,29.3,22.4,21.6,65,62,65,40,9.0,3.6,N,PA,SOURE,A227,-0.72777777,-48.51583333,12.54
1908,2019-11-15,00:00,0.0,1009.7,1009.7,1008.8,-9999,27.9,22.2,27.9,27.8,22.3,21.9,71,70,71,50,7.1,3.1,N,PA,SOURE,A227,-0.72777777,-48.51583333,12.54
1909,2019-11-15,04:00,0.0,1008.5,1009.2,1008.5,-9999,27.4,22.0,27.6,27.4,22.0,21.3,72,69,72,50,7.2,2.9,N,PA,SOURE,A227,-0.72777777,-48.51583333,12.54
1910,2019-11-15,08:00,0.0,1007.9,1007.9,1007.6,-9999,27.4,22.0,27.4,27.1,22.1,21.8,74,73,73,36,6.3,2.2,N,PA,SOURE,A227,-0.72777777,-48.51583333,12.54
1911,2019-11-15,12:00,0.0,1010.3,1010.3,1009.8,1671,30.1,21.9,30.2,29.1,22.5,21.5,66,62,62,60,8.0,4.1,N,PA,SOURE,A227,-0.72777777,-48.51583333,12.54
1912,2019-11-15,16:00,0.0,1008.2,1009.2,1008.2,3139,31.2,22.1,31.6,30.2,22.5,21.4,61,57,59,48,9.1,3.8,N,PA,SOURE,A227,-0.72777777,-48.51583333,12.54
1913,2019-11-15,20:00,0.0,1005.9,1006.1,1005.9,1036,29.0,22.0,30.3,29.0,22.5,21.9,66,62,66,49,8.9,4.2,N,PA,SOURE,A227,-0.72777777,-48.51583333,12.54
1914,2019-11-16,00:00,0.0,1007.3,1007.3,1006.7,-9999,27.8,22.3,28.0,27.8,22.8,22.3,74,72,72,56,8.5,3.7,N,PA,SOURE,A227,-0.72777777,-48.51583333,12.54
1915,2019-11-16,04:00,0.0,1006.2,1006.7,1006.2,-9999,27.5,22.1,27.6,27.4,22.4,22.1,74,72,72,54,7.1,3.1,N,PA,SOURE,A227,-0.72777777,-48.51583333,12.54
1916,2019-11-16,08:00,0.0,1006.3,1006.3,1005.7,-9999,27.3,21.5,27.4,27.2,22.0,21.5,73,70,71,40,5.7,2.2,N,PA,SOURE,A227,-0.72777777,-48.51583333,12.54
1917,2019-11-16,12:00,0.0,1008.0,1008.0,1007.7,1587,30.1,22.5,30.4,28.6,22.8,21.8,69,63,64,43,8.0,3.5,N,PA,SOURE,A227,-0.72777777,-48.51583333,12.54
1918,2019-11-16,16:00,0.0,1006.9,1007.6,1006.9,3068,31.2,22.6,31.9,30.4,23.6,21.5,63,58,60,25,9.6,3.6,N,PA,SOURE,A227,-0.72777777,-48.51583333,12.54
1919,2019-11-16,20:00,0.0,1005.1,1005.1,1004.7,908,29.3,22.9,30.2,28.9,23.2,22.4,69,65,69,33,9.9,3.1,N,PA,SOURE,A227,-0.72777777,-48.51583333,12.54
1920,2019-11-17,00:00,0.0,1006.7,1006.7,1006.5,-9999,27.6,22.7,27.8,27.5,23.3,22.7,77,75,75,59,6.8,3.2,N,PA,SOURE,A227,-0.72777777,-48.51583333,12.54
1921,2019-11-17,04:00,0.0,1006.0,1006.6,1006.0,-9999,27.5,22.1,27.7,27.5,22.2,21.7,73,70,72,40,7.9,2.8,N,PA,SOURE,A227,-0.72777777,-48.51583333,12.54
1922,2019-11-17,08:00,0.0,1005.5,1005.5,1005.2,-9999,27.4,22.3,27.5,27.3,22.4,22.1,74,73,74,40,7.4,2.5,N,PA,SOURE,A227,-0.72777777,-48.51583333,12.54
1923,2019-11-17,12:00,0.0,1008.0,1008.0,1007.5,1549,29.3,22.9,30.6,29.1,23.5,22.4,69,64,69,35,7.7,3.2,N,PA,SOURE,A227,-0.72777777,-48.51583333,12.54
1924,2019-11-17,16:00,0.0,1007.3,1008.2,1007.3,3077,31.3,23.5,32.1,30.4,23.8,22.6,65,60,63,55,8.5,3.5,N,PA,SOURE,A227,-0.72777777,-48.51583333,12.54
1925,2019-11-17,20:00,0.0,1006.0,1006.0,1005.7,269,28.4,22.2,28.9,28.4,22.8,22.2,70,68,69,36,7.8,3.3,N,PA,SOURE,A227,-0.72777777,-48.51583333,12.54
1926,2019-11-18,00:00,0.0,1008.3,1008.3,1007.6,-9999,28.0,22.6,28.1,27.9,22.8,22.3,73,71,72,54,6.1,3.3,N,PA,SOURE,A227,-0.72777777,-48.51583333,12.54
1927,2019-11-18,04:00,0.0,1007.5,1008.2,1007.5,-9999,27.6,23.1,27.7,27.5,23.1,22.8,77,75,76,61,6.7,2.8,N,PA,SOURE,A227,-0.72777777,-48.51583333,12.54
1928,2019-11-18,08:00,0.0,1007.8,1007.8,1007.2,-9999,27.3,23.1,27.5,27.2,23.3,22.6,78,76,78,67,5.2,1.8,N,PA,SOURE,A227,-0.72777777,-48.51583333,12.54
1929,2019-11-18,12:00,0.0,1010.2,1010.2,1009.7,1191,29.2,23.9,29.2,28.0,23.9,23.2,77,72,73,76,5.0,2.5,N,PA,SOURE,A227,-0.72777777,-48.51583333,12.54
1930,2019-11-18,16:00,0.0,1008.9,1009.9,1008.9,2361,30.8,23.4,31.8,29.9,24.5,23.2,70,63,65,47,9.9,4.4,N,PA,SOURE,A227,-0.72777777,-48.51583333,12.54
1931,2019-11-18,20:00,0.0,1007.7,1007.7,1007.1,1149,29.2,23.4,30.2,29.2,23.7,23.0,71,67,71,31,8.4,3.7,N,PA,SOURE,A227,-0.72777777,-48.51583333,12.54
1932,2019-11-19,00:00,0.0,1009.8,1009.8,1008.6,-9999,27.7,23.2,27.8,27.7,23.2,22.8,76,75,76,27,5.6,2.0,N,PA,SOURE,A227,-0.72777777,-48.51583333,12.54
1933,2019-11-19,04:00,0.0,1008.7,1009.4,1008.7,-9999,27.3,22.8,27.6,27.3,23.1,22.8,77,76,76,34,6.6,2.9,N,PA,SOURE,A227,-0.72777777,-48.51583333,12.54
1934,2019-11-19,08:00,0.0,1007.9,1007.9,1007.3,-9999,27.1,23.0,27.1,26.9,23.0,22.4,79,77,79,31,6.5,2.0,N,PA,SOURE,A227,-0.72777777,-48.51583333,12.54
1935,2019-11-19,12:00,0.0,1010.5,1010.6,1010.1,1817,30.7,23.2,30.7,29.1,23.4,22.6,70,63,64,60,7.9,3.5,N,PA,SOURE,A227,-0.72777777,-48.51583333,12.54
1936,2019-11-19,16:00,0.0,1009.2,1010.2,1009.2,3136,31.3,23.7,31.9,30.7,24.1,22.8,65,61,64,25,9.4,4.4,N,PA,SOURE,A227,-0.72777777,-48.51583333,12.54
1937,2019-11-19,20:00,0.0,1007.6,1007.7,1007.4,371,28.8,23.1,29.9,28.8,23.5,23.1,72,68,71,44,8.0,3.1,N,PA,SOURE,A227,-0.72777777,-48.51583333,12.54
1938,2019-11-20,00:00,8.6,1010.3,1010.5,1009.1,1,24.2,22.3,28.0,24.1,23.7,22.0,89,76,89,56,14.1,4.9,N,PA,SOURE,A227,-0.72777777,-48.51583333,12.54
1939,2019-11-20,04:00,0.2,1008.7,1009.1,1008.6,-9999,25.3,22.8,25.3,24.8,22.8,22.2,87,84,86,49,3.6,1.3,N,PA,SOURE,A227,-0.72777777,-48.51583333,12.54
1940,2019-11-20,08:00,0.0,1008.5,1008.5,1008.1,-9999,24.5,22.6,25.5,24.5,23.1,22.6,89,87,89,243,3.0,1.0,N,PA,SOURE,A227,-0.72777777,-48.51583333,12.54
1941,2019-11-20,12:00,0.0,1009.8,1009.8,1009.6,1949,29.4,24.1,29.8,28.1,25.4,23.5,83,71,73,63,3.7,2.0,N,PA,SOURE,A227,-0.72777777,-48.51583333,12.54
1942,2019-11-20,16:00,0.0,1008.5,1009.3,1008.4,3211,31.0,22.5,31.7,30.3,24.2,22.1,67,59,61,42,6.0,3.1,N,PA,SOURE,A227,-0.72777777,-48.51583333,12.54
1943,2019-11-20,20:00,0.0,1006.6,1006.6,1006.2,411,28.6,23.1,29.7,28.6,23.3,22.7,72,66,72,39,7.8,3.3,N,PA,SOURE,A227,-0.72777777,-48.51583333,12.54
1944,2019-11-21,00:00,0.0,1008.2,1008.2,1007.5,-9999,27.7,22.7,27.9,27.7,22.8,22.2,75,71,74,54,6.7,2.4,N,PA,SOURE,A227,-0.72777777,-48.51583333,12.54
1945,2019-11-21,04:00,0.0,1008.1,1008.6,1008.1,-9999,27.2,22.2,27.5,27.2,22.9,22.1,76,74,74,24,6.1,2.2,N,PA,SOURE,A227,-0.72777777,-48.51583333,12.54
1946,2019-11-21,08:00,0.0,1008.1,1008.1,1007.8,-9999,26.9,22.2,27.0,26.8,22.3,22.0,76,75,76,26,4.8,1.7,N,PA,SOURE,A227,-0.72777777,-48.51583333,12.54
1947,2019-11-21,12:00,0.0,1010.7,1010.8,1010.1,495,27.2,23.0,28.4,27.2,23.0,22.4,78,70,78,92,4.6,2.3,N,PA,SOURE,A227,-0.72777777,-48.51583333,12.54
1948,2019-11-21,16:00,1.4,1009.9,1010.5,1009.7,68,23.0,21.2,23.3,23.0,21.4,21.0,89,88,89,279,4.1,0.7,N,PA,SOURE,A227,-0.72777777,-48.51583333,12.54
1949,2019-11-21,20:00,0.8,1007.4,1007.8,1007.4,83,22.7,21.4,22.7,22.4,21.5,21.1,93,92,93,357,1.8,0.0,N,PA,SOURE,A227,-0.72777777,-48.51583333,12.54
1950,2019-11-22,00:00,0.0,1009.3,1009.3,1008.4,-9999,22.9,21.7,22.9,22.6,21.8,21.4,93,93,93,58,1.4,0.1,N,PA,SOURE,A227,-0.72777777,-48.51583333,12.54
1951,2019-11-22,04:00,0.0,1009.0,1009.4,1009.0,4,26.2,22.9,26.2,25.1,23.7,22.9,91,82,82,58,6.2,2.2,N,PA,SOURE,A227,-0.72777777,-48.51583333,12.54
1952,2019-11-22,08:00,0.0,1007.2,1007.5,1007.1,-9999,25.0,22.3,25.5,24.8,22.6,22.1,85,84,85,51,4.2,1.2,N,PA,SOURE,A227,-0.72777777,-48.51583333,12.54
1953,2019-11-22,12:00,0.0,1010.0,1010.0,1009.2,1833,29.4,23.7,30.1,28.2,24.3,22.7,73,69,71,64,5.5,2.8,N,PA,SOURE,A227,-0.72777777,-48.51583333,12.54
1954,2019-11-22,16:00,0.0,1008.7,1009.6,1008.7,3160,30.6,22.9,31.5,30.0,24.3,22.5,67,62,63,31,9.9,4.3,N,PA,SOURE,A227,-0.72777777,-48.51583333,12.54
1955,2019-11-22,20:00,0.0,1007.3,1007.3,1006.9,624,28.3,21.6,29.3,28.3,22.4,21.4,67,65,67,47,8.3,3.2,N,PA,SOURE,A227,-0.72777777,-48.51583333,12.54
1956,2019-11-23,00:00,0.0,1010.2,1010.2,1009.3,-9999,27.6,21.3,27.7,27.6,21.8,21.2,70,68,69,59,9.5,3.3,N,PA,SOURE,A227,-0.72777777,-48.51583333,12.54
1957,2019-11-23,04:00,0.0,1009.2,1009.8,1009.2,-9999,27.0,22.2,27.3,27.0,22.2,21.9,75,73,75,91,5.5,2.1,N,PA,SOURE,A227,-0.72777777,-48.51583333,12.54
1958,2019-11-23,08:00,0.0,1008.4,1008.5,1008.2,-9999,26.5,21.8,26.8,26.4,21.8,21.5,75,73,75,38,4.3,1.5,N,PA,SOURE,A227,-0.72777777,-48.51583333,12.54
1959,2019-11-23,12:00,0.0,1011.8,1011.8,1010.9,1383,29.6,22.3,30.2,27.8,23.0,22.0,72,64,65,52,6.5,3.0,N,PA,SOURE,A227,-0.72777777,-48.51583333,12.54
1960,2019-11-23,16:00,0.0,1010.2,1011.0,1010.2,3164,30.7,22.0,31.5,30.6,23.1,21.6,62,58,60,23,7.8,3.8,N,PA,SOURE,A227,-0.72777777,-48.51583333,12.54
1961,2019-11-23,20:00,0.0,1007.7,1007.9,1007.7,501,28.4,22.6,29.4,28.4,22.8,22.3,71,66,71,29,7.2,2.6,N,PA,SOURE,A227,-0.72777777,-48.51583333,12.54
1962,2019-11-24,00:00,0.0,1009.6,1009.6,1009.0,-9999,27.6,23.1,27.6,27.5,23.3,23.0,77,76,77,39,6.5,3.0,N,PA,SOURE,A227,-0.72777777,-48.51583333,12.54
1963,2019-11-24,04:00,0.0,1009.1,1009.5,1009.1,-9999,27.2,22.8,27.3,27.1,23.1,22.7,78,77,77,43,6.6,2.2,N,PA,SOURE,A227,-0.72777777,-48.51583333,12.54
1964,2019-11-24,08:00,0.0,1007.9,1007.9,1007.7,-9999,27.0,23.2,27.3,27.0,23.2,22.8,79,77,79,60,5.9,2.4,N,PA,SOURE,A227,-0.72777777,-48.51583333,12.54
1965,2019-11-24,12:00,0.0,1010.7,1010.7,1009.9,1810,29.7,22.9,29.8,29.0,23.4,22.6,70,66,67,71,8.0,3.5,N,PA,SOURE,A227,-0.72777777,-48.51583333,12.54
1966,2019-11-24,16:00,0.0,1008.8,1009.4,1008.8,3192,30.8,23.8,31.5,30.2,24.0,22.8,66,62,66,45,8.5,4.3,N,PA,SOURE,A227,-0.72777777,-48.51583333,12.54
1967,2019-11-24,20:00,0.0,1007.0,1007.1,1006.7,1068,29.0,22.8,30.4,29.0,23.9,22.7,69,67,69,44,8.8,3.6,N,PA,SOURE,A227,-0.72777777,-48.51583333,12.54
1968,2019-11-25,00:00,0.0,1009.1,1009.1,1008.3,-9999,27.7,23.2,27.9,27.7,23.3,23.1,77,75,77,41,6.7,2.6,N,PA,SOURE,A227,-0.72777777,-48.51583333,12.54
1969,2019-11-25,04:00,0.0,1008.1,1008.7,1008.1,-9999,27.5,22.9,27.6,27.4,23.1,22.8,77,76,76,45,5.9,2.3,N,PA,SOURE,A227,-0.72777777,-48.51583333,12.54
1970,2019-11-25,08:00,0.0,1007.8,1007.8,1007.5,-9999,27.1,23.0,27.3,27.0,23.1,22.8,78,77,78,41,4.7,1.8,N,PA,SOURE,A227,-0.72777777,-48.51583333,12.54
1971,2019-11-25,12:00,0.0,1010.5,1010.5,1010.1,1622,30.2,23.6,30.3,28.4,23.9,22.3,71,67,68,62,8.0,3.6,N,PA,SOURE,A227,-0.72777777,-48.51583333,12.54
1972,2019-11-25,16:00,0.0,1008.5,1009.3,1008.5,3066,31.0,23.3,31.6,30.2,24.2,22.7,67,62,64,32,8.3,3.5,N,PA,SOURE,A227,-0.72777777,-48.51583333,12.54
1973,2019-11-25,20:00,0.0,1006.3,1006.4,1006.1,1136,29.3,23.0,30.7,29.3,23.8,22.9,70,65,69,49,8.6,4.2,N,PA,SOURE,A227,-0.72777777,-48.51583333,12.54
1974,2019-11-26,00:00,0.0,1008.9,1008.9,1008.2,-9999,28.1,22.6,28.2,28.1,22.8,22.5,73,71,72,48,9.8,3.9,N,PA,SOURE,A227,-0.72777777,-48.51583333,12.54
1975,2019-11-26,04:00,0.0,1008.1,1008.9,1008.1,-9999,27.8,23.0,27.9,27.7,23.0,22.6,75,74,75,50,9.2,2.7,N,PA,SOURE,A227,-0.72777777,-48.51583333,12.54
1976,2019-11-26,08:00,0.0,1006.8,1006.8,1006.5,-9999,27.3,23.0,27.4,27.3,23.1,22.7,78,76,77,36,7.3,3.0,N,PA,SOURE,A227,-0.72777777,-48.51583333,12.54
1977,2019-11-26,12:00,0.0,1009.7,1009.7,1008.9,1455,28.5,23.1,30.2,28.4,24.0,22.9,73,68,73,34,9.7,4.2,N,PA,SOURE,A227,-0.72777777,-48.51583333,12.54
1978,2019-11-26,16:00,0.0,1009.2,1009.7,1009.1,3240,30.9,23.1,31.8,30.7,23.8,22.7,65,60,63,32,9.6,4.8,N,PA,SOURE,A227,-0.72777777,-48.51583333,12.54
1979,2019-11-26,20:00,0.0,1006.8,1007.2,1006.7,1093,28.7,23.4,30.3,28.7,24.1,22.9,73,68,73,36,11.2,4.5,N,PA,SOURE,A227,-0.72777777,-48.51583333,12.54
1980,2019-11-27,00:00,0.0,1007.9,1007.9,1007.4,-9999,27.9,23.0,28.0,27.8,23.3,22.9,76,74,74,62,9.5,3.9,N,PA,SOURE,A227,-0.72777777,-48.51583333,12.54
1981,2019-11-27,04:00,0.0,1007.6,1008.2,1007.6,-9999,27.7,22.5,27.8,27.6,23.4,22.3,77,73,73,61,8.5,3.4,N,PA,SOURE,A227,-0.72777777,-48.51583333,12.54
1982,2019-11-27,08:00,0.0,1007.2,1007.2,1006.7,-9999,27.7,22.8,27.7,27.5,22.8,22.3,75,73,75,70,9.0,3.3,N,PA,SOURE,A227,-0.72777777,-48.51583333,12.54
1983,2019-11-27,12:00,0.0,1009.7,1009.8,1009.0,1719,30.0,23.7,30.0,28.6,24.1,23.1,74,69,69,74,7.6,3.7,N,PA,SOURE,A227,-0.72777777,-48.51583333,12.54
1984,2019-11-27,16:00,0.0,1008.4,1009.1,1008.4,3156,31.1,22.7,31.9,30.8,23.6,22.5,64,60,61,42,10.7,4.3,N,PA,SOURE,A227,-0.72777777,-48.51583333,12.54
1985,2019-11-27,20:00,0.0,1006.5,1006.7,1006.4,1037,29.2,22.4,30.3,29.2,23.0,22.1,67,63,67,43,10.9,5.0,N,PA,SOURE,A227,-0.72777777,-48.51583333,12.54
1986,2019-11-28,00:00,0.0,1008.4,1008.4,1007.7,-9999,28.1,22.4,28.2,28.1,22.9,22.4,73,71,71,62,10.8,4.5,N,PA,SOURE,A227,-0.72777777,-48.51583333,12.54
1987,2019-11-28,04:00,0.0,1007.9,1008.4,1007.9,-9999,27.7,22.0,27.8,27.6,22.7,22.0,74,71,71,54,9.8,3.6,N,PA,SOURE,A227,-0.72777777,-48.51583333,12.54
1988,2019-11-28,08:00,0.0,1007.3,1007.3,1007.2,-9999,27.5,22.1,27.6,27.5,22.4,21.8,74,71,72,64,7.2,3.2,N,PA,SOURE,A227,-0.72777777,-48.51583333,12.54
1989,2019-11-28,12:00,0.0,1009.6,1009.6,1008.9,1652,29.7,22.2,30.4,28.7,22.9,21.7,67,63,64,61,9.6,4.4,N,PA,SOURE,A227,-0.72777777,-48.51583333,12.54
1990,2019-11-28,16:00,0.0,1008.7,1009.4,1008.7,3127,31.5,22.5,31.8,30.6,23.3,21.6,62,57,59,48,9.7,4.2,N,PA,SOURE,A227,-0.72777777,-48.51583333,12.54
1991,2019-11-28,20:00,0.0,1006.9,1007.0,1006.7,900,29.1,22.7,30.2,29.1,23.0,22.2,68,64,68,33,8.8,3.2,N,PA,SOURE,A227,-0.72777777,-48.51583333,12.54
1992,2019-11-29,00:00,0.0,1008.3,1008.4,1007.9,-9999,27.9,22.8,28.0,27.9,22.9,22.3,74,71,74,49,8.0,3.4,N,PA,SOURE,A227,-0.72777777,-48.51583333,12.54
1993,2019-11-29,04:00,0.0,1007.5,1007.8,1007.5,-9999,27.5,22.4,27.7,27.5,22.7,22.4,75,74,74,63,8.4,3.9,N,PA,SOURE,A227,-0.72777777,-48.51583333,12.54
1994,2019-11-29,08:00,0.0,1007.3,1007.3,1006.9,-9999,27.4,22.3,27.5,27.3,22.7,22.1,76,73,74,57,7.3,3.1,N,PA,SOURE,A227,-0.72777777,-48.51583333,12.54
1995,2019-11-29,12:00,0.0,1009.8,1009.8,1009.2,1628,29.7,22.7,29.7,28.9,23.7,22.6,72,66,66,63,9.2,4.6,N,PA,SOURE,A227,-0.72777777,-48.51583333,12.54
1996,2019-11-29,16:00,0.0,1008.2,1009.1,1008.2,3149,31.1,22.9,31.6,30.5,23.1,22.2,63,59,62,52,9.8,4.1,N,PA,SOURE,A227,-0.72777777,-48.51583333,12.54
1997,2019-11-29,20:00,0.0,1006.5,1006.7,1006.5,942,29.3,22.5,30.1,29.3,22.7,22.1,67,64,67,45,8.8,3.6,N,PA,SOURE,A227,-0.72777777,-48.51583333,12.54
1998,2019-11-30,00:00,0.0,1008.4,1008.5,1007.9,-9999,28.0,22.6,28.1,27.9,22.8,22.6,74,73,73,58,8.5,3.4,N,PA,SOURE,A227,-0.72777777,-48.51583333,12.54
1999,2019-11-30,04:00,0.0,1008.1,1008.5,1008.1,-9999,27.8,22.4,27.9,27.7,22.7,22.4,74,73,73,52,7.9,2.6,N,PA,SOURE,A227,-0.72777777,-48.51583333,12.54
2000,2019-11-30,08:00,0.0,1008.3,1008.3,1007.7,-9999,27.6,22.2,27.7,27.6,22.6,22.1,74,72,72,51,6.9,2.9,N,PA,SOURE,A227,-0.72777777,-48.51583333,12.54
2001,2019-11-30,12:00,0.0,1010.7,1010.7,1010.2,1527,30.2,22.4,30.5,28.6,23.0,22.1,69,62,63,56,8.1,3.0,N,PA,SOURE,A227,-0.72777777,-48.51583333,12.54
2002,2019-11-30,16:00,0.0,1009.2,1010.1,1009.2,3145,30.8,23.0,31.6,30.3,23.3,21.8,64,58,63,42,10.6,4.5,N,PA,SOURE,A227,-0.72777777,-48.51583333,12.54
2003,2019-11-30,20:00,0.0,1007.8,1007.8,1007.6,1182,29.2,22.4,30.3,29.2,23.0,22.0,67,63,67,32,9.7,4.1,N,PA,SOURE,A227,-0.72777777,-48.51583333,12.54
2004,2019-12-01,00:00,-9999.0,1009.4,1009.4,1009.2,-9999,27.9,22.6,27.9,27.8,22.8,22.5,74,73,73,37,8.1,3.5,N,PA,SOURE,A227,-0.72777777,-48.51583333,12.54
2005,2019-12-01,04:00,-9999.0,1009.1,1009.3,1009.1,-9999,27.7,22.5,27.8,27.6,22.6,22.2,74,72,73,40,9.8,4.0,N,PA,SOURE,A227,-0.72777777,-48.51583333,12.54
2006,2019-12-01,08:00,-9999.0,1009.4,1009.4,1009.1,-9999,27.5,22.1,27.6,27.4,22.6,22.1,75,72,72,37,9.1,3.6,N,PA,SOURE,A227,-0.72777777,-48.51583333,12.54
2007,2019-12-01,12:00,-9999.0,1012.1,1012.1,1011.3,1616,30.0,22.7,30.6,28.6,23.5,22.3,71,65,65,43,10.2,4.2,N,PA,SOURE,A227,-0.72777777,-48.51583333,12.54
2008,2019-12-01,16:00,-9999.0,1011.5,1012.0,1011.4,3112,31.6,22.4,32.4,30.6,24.1,22.4,65,58,58,46,11.0,3.6,N,PA,SOURE,A227,-0.72777777,-48.51583333,12.54
2009,2019-12-01,20:00,-9999.0,1009.6,1009.9,1009.6,1422,29.7,22.4,30.9,29.7,23.4,22.4,66,63,65,47,10.3,3.8,N,PA,SOURE,A227,-0.72777777,-48.51583333,12.54
2010,2019-12-02,00:00,-9999.0,1011.1,1011.1,1010.3,-9999,27.9,22.2,27.9,27.8,22.5,22.1,73,71,71,53,10.2,3.9,N,PA,SOURE,A227,-0.72777777,-48.51583333,12.54
2011,2019-12-02,04:00,-9999.0,1009.5,1010.2,1009.4,-9999,27.3,22.6,27.4,27.2,22.7,22.6,76,75,76,49,8.5,3.1,N,PA,SOURE,A227,-0.72777777,-48.51583333,12.54
2012,2019-12-02,08:00,-9999.0,1008.5,1008.6,1008.2,-9999,27.2,22.0,27.3,27.2,22.1,21.9,74,72,73,47,9.9,3.6,N,PA,SOURE,A227,-0.72777777,-48.51583333,12.54
2013,2019-12-02,12:00,-9999.0,1010.7,1010.7,1010.4,1840,30.3,23.2,30.5,29.2,23.6,22.5,69,66,66,49,8.6,3.6,N,PA,SOURE,A227,-0.72777777,-48.51583333,12.54
2014,2019-12-02,16:00,-9999.0,1009.8,1010.4,1009.8,2936,31.7,23.7,32.0,30.5,24.4,22.9,67,62,63,52,8.9,3.9,N,PA,SOURE,A227,-0.72777777,-48.51583333,12.54
2015,2019-12-02,20:00,-9999.0,1008.1,1008.4,1008.1,1225,29.3,23.3,30.2,29.2,23.5,22.8,70,65,70,36,9.4,3.6,N,PA,SOURE,A227,-0.72777777,-48.51583333,12.54
2016,2019-12-03,00:00,-9999.0,1009.3,1009.3,1008.8,-9999,27.7,23.0,27.9,27.7,23.3,22.8,76,74,76,33,7.9,3.2,N,PA,SOURE,A227,-0.72777777,-48.51583333,12.54
2017,2019-12-03,04:00,-9999.0,1008.0,1008.8,1008.0,-9999,27.4,22.9,27.5,27.3,23.3,22.9,78,76,77,33,7.9,3.2,N,PA,SOURE,A227,-0.72777777,-48.51583333,12.54
2018,2019-12-03,08:00,-9999.0,1007.5,1007.5,1007.0,-9999,27.0,22.5,27.1,26.9,22.7,22.3,77,75,77,35,7.9,2.3,N,PA,SOURE,A227,-0.72777777,-48.51583333,12.54
2019,2019-12-03,12:00,-9999.0,1010.4,1010.4,1009.7,1966,29.9,23.1,30.3,29.4,23.6,22.7,70,66,67,39,9.9,3.9,N,PA,SOURE,A227,-0.72777777,-48.51583333,12.54
2020,2019-12-03,16:00,-9999.0,1009.4,1010.2,1009.4,3076,31.0,23.1,31.3,30.3,23.8,22.9,66,62,63,41,10.1,4.3,N,PA,SOURE,A227,-0.72777777,-48.51583333,12.54
2021,2019-12-03,20:00,-9999.0,1006.9,1007.1,1006.9,593,28.6,23.3,30.0,28.5,23.4,22.9,73,66,73,32,7.8,3.2,N,PA,SOURE,A227,-0.72777777,-48.51583333,12.54
2022,2019-12-04,00:00,-9999.0,1008.8,1008.8,1008.2,-9999,27.5,23.3,27.8,27.2,23.4,22.5,79,75,78,24,6.1,2.7,N,PA,SOURE,A227,-0.72777777,-48.51583333,12.54
2023,2019-12-04,04:00,-9999.0,1008.7,1009.2,1008.7,-9999,27.4,23.0,27.5,27.4,23.1,22.7,77,75,77,21,7.9,3.7,N,PA,SOURE,A227,-0.72777777,-48.51583333,12.54
2024,2019-12-04,08:00,-9999.0,1008.3,1008.3,1007.9,-9999,27.2,23.2,27.2,27.0,23.2,22.9,79,78,79,30,6.6,1.9,N,PA,SOURE,A227,-0.72777777,-48.51583333,12.54
2025,2019-12-04,12:00,-9999.0,1010.8,1010.8,1010.2,1602,29.9,23.1,30.2,28.3,23.9,22.6,73,65,67,50,6.8,3.4,N,PA,SOURE,A227,-0.72777777,-48.51583333,12.54
2026,2019-12-04,16:00,-9999.0,1009.4,1010.0,1009.4,2203,30.8,23.2,32.2,30.0,23.8,22.6,66,60,64,40,7.5,3.4,N,PA,SOURE,A227,-0.72777777,-48.51583333,12.54
2027,2019-12-04,20:00,-9999.0,1008.0,1008.0,1007.5,351,27.7,22.8,29.1,27.7,23.4,22.7,75,70,75,67,10.3,5.1,N,PA,SOURE,A227,-0.72777777,-48.51583333,12.54
2028,2019-12-05,00:00,-9999.0,1010.7,1010.7,1009.8,-9999,28.1,22.9,28.2,28.1,23.0,22.7,74,72,73,44,7.6,2.9,N,PA,SOURE,A227,-0.72777777,-48.51583333,12.54
2029,2019-12-05,04:00,-9999.0,1009.5,1010.3,1009.3,-9999,27.6,22.3,27.7,27.5,22.5,22.3,74,73,73,51,7.6,3.6,N,PA,SOURE,A227,-0.72777777,-48.51583333,12.54
2030,2019-12-05,08:00,-9999.0,1008.9,1008.9,1008.7,-9999,27.4,22.1,27.5,27.2,22.3,21.9,73,72,73,44,8.6,2.6,N,PA,SOURE,A227,-0.72777777,-48.51583333,12.54
2031,2019-12-05,12:00,-9999.0,1011.2,1011.3,1010.6,1696,29.7,21.8,31.0,29.0,23.3,21.8,68,61,63,49,9.4,4.2,N,PA,SOURE,A227,-0.72777777,-48.51583333,12.54
2032,2019-12-05,16:00,-9999.0,1010.3,1011.0,1010.3,2179,30.8,22.1,31.4,29.5,23.0,21.6,66,59,60,41,10.2,4.2,N,PA,SOURE,A227,-0.72777777,-48.51583333,12.54
2033,2019-12-05,20:00,-9999.0,1008.5,1008.8,1008.5,1187,29.4,22.2,30.5,29.3,22.5,21.8,66,61,65,55,10.0,3.7,N,PA,SOURE,A227,-0.72777777,-48.51583333,12.54
2034,2019-12-06,00:00,-9999.0,1010.5,1010.5,1010.1,-9999,27.9,21.6,28.0,27.8,22.1,21.6,71,69,69,46,7.4,3.2,N,PA,SOURE,A227,-0.72777777,-48.51583333,12.54
2035,2019-12-06,04:00,-9999.0,1009.5,1010.2,1009.5,-9999,27.6,22.0,27.8,27.5,22.1,21.6,72,69,72,50,8.9,3.6,N,PA,SOURE,A227,-0.72777777,-48.51583333,12.54
2036,2019-12-06,08:00,-9999.0,1009.2,1009.2,1008.8,-9999,27.4,21.9,27.4,27.3,22.2,21.9,73,72,72,51,7.3,3.0,N,PA,SOURE,A227,-0.72777777,-48.51583333,12.54
2037,2019-12-06,12:00,-9999.0,1011.9,1011.9,1011.3,1113,29.4,22.9,29.4,28.5,23.0,22.2,70,67,68,47,8.6,3.7,N,PA,SOURE,A227,-0.72777777,-48.51583333,12.54
2038,2019-12-06,16:00,-9999.0,1010.3,1011.0,1010.3,3093,31.5,23.4,31.6,30.5,23.7,22.6,65,62,62,47,10.0,4.2,N,PA,SOURE,A227,-0.72777777,-48.51583333,12.54
2039,2019-12-06,20:00,-9999.0,1008.1,1008.1,1007.9,1096,28.9,22.9,30.0,28.9,23.1,22.5,70,65,70,44,9.7,4.5,N,PA,SOURE,A227,-0.72777777,-48.51583333,12.54
2040,2019-12-07,00:00,-9999.0,1009.9,1009.9,1009.4,-9999,27.8,22.7,27.9,27.7,22.9,22.6,75,73,74,52,8.4,3.5,N,PA,SOURE,A227,-0.72777777,-48.51583333,12.54
2041,2019-12-07,04:00,-9999.0,1008.3,1009.0,1008.2,-9999,27.4,22.2,27.5,27.3,22.6,22.0,75,73,74,51,8.9,3.8,N,PA,SOURE,A227,-0.72777777,-48.51583333,12.54
2042,2019-12-07,08:00,-9999.0,1007.9,1007.9,1007.6,-9999,27.0,22.1,27.1,26.9,22.3,21.8,75,73,75,44,7.5,2.6,N,PA,SOURE,A227,-0.72777777,-48.51583333,12.54
2043,2019-12-07,12:00,-9999.0,1010.6,1010.6,1009.8,1789,29.9,22.1,30.3,29.0,22.7,21.8,67,62,63,55,8.3,3.5,N,PA,SOURE,A227,-0.72777777,-48.51583333,12.54
2044,2019-12-07,16:00,-9999.0,1009.4,1010.4,1009.4,3174,31.3,22.7,31.8,30.8,23.0,21.8,61,58,60,37,9.7,3.6,N,PA,SOURE,A227,-0.72777777,-48.51583333,12.54
2045,2019-12-07,20:00,-9999.0,1007.7,1007.7,1007.6,1146,29.3,22.4,30.1,29.3,23.1,22.3,67,65,66,21,7.6,3.1,N,PA,SOURE,A227,-0.72777777,-48.51583333,12.54
2046,2019-12-08,00:00,-9999.0,1009.2,1009.2,1008.8,-9999,27.4,22.6,27.6,27.4,22.7,22.4,75,74,75,32,6.3,2.5,N,PA,SOURE,A227,-0.72777777,-48.51583333,12.54
2047,2019-12-08,04:00,-9999.0,1008.5,1009.1,1008.5,-9999,27.4,22.3,27.4,27.2,22.8,22.3,76,74,74,39,6.1,3.0,N,PA,SOURE,A227,-0.72777777,-48.51583333,12.54
2048,2019-12-08,08:00,-9999.0,1007.8,1007.8,1007.5,-9999,27.0,22.2,27.2,27.0,22.5,22.0,75,73,75,48,7.7,2.7,N,PA,SOURE,A227,-0.72777777,-48.51583333,12.54
2049,2019-12-08,12:00,-9999.0,1010.4,1010.4,1009.8,1628,29.9,22.2,30.1,28.6,22.7,22.0,68,64,64,52,8.0,3.9,N,PA,SOURE,A227,-0.72777777,-48.51583333,12.54
2050,2019-12-08,16:00,-9999.0,1009.1,1009.7,1009.1,3115,31.0,22.2,31.8,30.5,23.1,21.8,64,58,59,35,9.2,4.0,N,PA,SOURE,A227,-0.72777777,-48.51583333,12.54
2051,2019-12-08,20:00,-9999.0,1007.3,1007.4,1007.2,1189,29.3,22.2,30.7,29.1,22.7,21.7,66,60,66,37,8.8,3.6,N,PA,SOURE,A227,-0.72777777,-48.51583333,12.54
2052,2019-12-09,00:00,-9999.0,1009.8,1009.8,1009.1,-9999,27.9,22.4,28.1,27.9,22.5,22.1,72,70,72,46,8.5,3.1,N,PA,SOURE,A227,-0.72777777,-48.51583333,12.54
2053,2019-12-09,04:00,-9999.0,1009.0,1009.9,1009.0,-9999,27.7,21.8,27.9,27.7,22.1,21.8,71,70,71,36,8.5,4.1,N,PA,SOURE,A227,-0.72777777,-48.51583333,12.54
2054,2019-12-09,08:00,-9999.0,1008.2,1008.3,1007.9,-9999,27.5,22.8,27.5,27.3,22.8,22.1,76,73,76,45,7.3,2.4,N,PA,SOURE,A227,-0.72777777,-48.51583333,12.54
2055,2019-12-09,12:00,-9999.0,1010.5,1010.6,1009.9,1640,30.2,23.4,30.3,29.0,23.5,22.6,70,66,67,40,9.5,3.4,N,PA,SOURE,A227,-0.72777777,-48.51583333,12.54
2056,2019-12-09,16:00,-9999.0,1009.8,1010.6,1009.7,2900,30.3,23.1,31.8,30.3,24.1,22.5,66,60,65,40,11.3,5.2,N,PA,SOURE,A227,-0.72777777,-48.51583333,12.54
2057,2019-12-09,20:00,-9999.0,1007.5,1007.5,1007.2,973,28.9,23.1,30.4,28.8,23.2,22.4,71,64,71,32,11.7,4.7,N,PA,SOURE,A227,-0.72777777,-48.51583333,12.54
2058,2019-12-10,00:00,-9999.0,1009.6,1009.6,1008.7,-9999,28.0,22.4,28.1,27.9,22.6,21.9,73,70,72,48,9.1,3.8,N,PA,SOURE,A227,-0.72777777,-48.51583333,12.54
2059,2019-12-10,04:00,-9999.0,1008.8,1009.4,1008.8,-9999,27.7,22.8,27.8,27.6,22.9,22.5,75,73,75,49,8.3,3.3,N,PA,SOURE,A227,-0.72777777,-48.51583333,12.54
2060,2019-12-10,08:00,-9999.0,1008.1,1008.1,1007.6,0,27.1,22.4,27.1,26.1,23.0,22.4,83,75,76,59,9.5,4.2,N,PA,SOURE,A227,-0.72777777,-48.51583333,12.54
2061,2019-12-10,12:00,-9999.0,1010.8,1010.8,1010.1,347,27.7,23.2,27.7,26.8,23.6,22.9,82,76,77,57,9.0,3.1,N,PA,SOURE,A227,-0.72777777,-48.51583333,12.54
2062,2019-12-10,16:00,-9999.0,1009.1,1009.9,1009.1,1144,29.0,24.2,29.0,27.7,24.6,23.6,80,74,76,44,9.8,3.1,N,PA,SOURE,A227,-0.72777777,-48.51583333,12.54
2063,2019-12-10,20:00,-9999.0,1007.3,1007.3,1006.8,339,28.3,22.4,28.6,28.3,23.3,22.1,74,69,71,47,10.0,3.7,N,PA,SOURE,A227,-0.72777777,-48.51583333,12.54
2064,2019-12-11,00:00,-9999.0,1009.4,1009.4,1008.7,-9999,27.8,22.8,27.9,27.8,23.0,22.5,75,73,74,47,7.2,2.9,N,PA,SOURE,A227,-0.72777777,-48.51583333,12.54
2065,2019-12-11,04:00,-9999.0,1008.7,1009.2,1008.7,-9999,27.6,23.0,27.7,27.6,23.2,22.9,77,76,76,48,7.6,2.3,N,PA,SOURE,A227,-0.72777777,-48.51583333,12.54
2066,2019-12-11,08:00,-9999.0,1007.3,1007.3,1006.9,-9999,26.8,23.1,26.8,25.8,23.1,22.7,85,80,80,47,6.2,2.2,N,PA,SOURE,A227,-0.72777777,-48.51583333,12.54
2067,2019-12-11,12:00,-9999.0,1010.2,1010.2,1009.3,1517,29.0,23.5,29.8,28.6,23.9,23.0,73,69,72,54,8.1,3.1,N,PA,SOURE,A227,-0.72777777,-48.51583333,12.54
2068,2019-12-11,16:00,-9999.0,1008.4,1009.6,1008.4,3187,31.0,23.1,31.6,30.4,24.0,22.7,66,62,63,41,10.0,4.8,N,PA,SOURE,A227,-0.72777777,-48.51583333,12.54
2069,2019-12-11,20:00,-9999.0,1007.4,1007.6,1006.7,258,24.1,22.3,29.9,23.8,23.1,20.4,90,66,90,130,11.6,3.7,N,PA,SOURE,A227,-0.72777777,-48.51583333,12.54
2070,2019-12-12,00:00,-9999.0,1008.3,1008.3,1007.8,1,26.8,22.7,26.8,26.2,23.0,22.6,83,78,79,53,8.5,3.8,N,PA,SOURE,A227,-0.72777777,-48.51583333,12.54
2071,2019-12-12,04:00,-9999.0,1007.2,1007.6,1007.1,-9999,27.0,22.9,27.3,26.9,22.9,22.1,78,74,78,26,8.1,2.4,N,PA,SOURE,A227,-0.72777777,-48.51583333,12.54
2072,2019-12-12,08:00,-9999.0,1006.4,1006.5,1006.2,-9999,26.9,22.7,27.1,26.8,22.9,22.3,78,75,78,43,6.8,2.3,N,PA,SOURE,A227,-0.72777777,-48.51583333,12.54
2073,2019-12-12,12:00,-9999.0,1008.9,1008.9,1008.2,1677,28.9,22.7,30.1,28.2,23.6,22.5,73,67,69,44,8.7,3.7,N,PA,SOURE,A227,-0.72777777,-48.51583333,12.54
2074,2019-12-12,16:00,-9999.0,1007.8,1008.6,1007.8,3133,30.7,23.2,31.3,30.3,23.8,22.5,66,62,64,32,9.6,4.9,N,PA,SOURE,A227,-0.72777777,-48.51583333,12.54
2075,2019-12-12,20:00,-9999.0,1005.3,1005.6,1005.2,707,28.7,23.0,30.1,28.5,23.2,22.2,71,64,71,33,8.2,3.3,N,PA,SOURE,A227,-0.72777777,-48.51583333,12.54
2076,2019-12-13,00:00,-9999.0,1008.4,1008.4,1007.2,-9999,27.7,23.0,27.8,27.6,23.1,22.8,76,74,76,43,7.5,3.6,N,PA,SOURE,A227,-0.72777777,-48.51583333,12.54
2077,2019-12-13,04:00,-9999.0,1007.7,1008.2,1007.7,-9999,27.5,22.9,27.5,27.3,22.9,22.7,77,76,76,51,7.9,2.4,N,PA,SOURE,A227,-0.72777777,-48.51583333,12.54
2078,2019-12-13,08:00,-9999.0,1006.9,1006.9,1006.5,-9999,26.8,22.7,26.9,26.7,22.9,22.6,79,78,78,48,5.7,1.7,N,PA,SOURE,A227,-0.72777777,-48.51583333,12.54
2079,2019-12-13,12:00,-9999.0,1009.6,1009.6,1009.0,1681,29.3,23.4,30.1,28.3,24.3,23.2,76,68,71,49,7.3,3.7,N,PA,SOURE,A227,-0.72777777,-48.51583333,12.54
2080,2019-12-13,16:00,-9999.0,1007.9,1008.8,1007.9,2812,30.7,23.6,31.8,30.1,24.4,23.1,68,63,66,28,9.5,4.9,N,PA,SOURE,A227,-0.72777777,-48.51583333,12.54
2081,2019-12-13,20:00,-9999.0,1005.3,1005.6,1005.2,1166,29.3,23.4,30.5,29.0,23.6,22.7,71,66,70,26,10.0,3.7,N,PA,SOURE,A227,-0.72777777,-48.51583333,12.54
2082,2019-12-14,00:00,-9999.0,1007.7,1007.7,1007.0,-9999,27.9,23.1,28.0,27.8,23.2,23.0,76,75,75,44,8.9,2.9,N,PA,SOURE,A227,-0.72777777,-48.51583333,12.54
2083,2019-12-14,04:00,-9999.0,1007.8,1008.0,1007.8,-9999,27.4,23.2,27.5,27.4,23.5,23.2,79,78,78,31,6.3,2.5,N,PA,SOURE,A227,-0.72777777,-48.51583333,12.54
2084,2019-12-14,08:00,-9999.0,1007.4,1007.4,1007.3,-9999,27.2,23.3,27.2,26.8,23.3,22.9,80,79,79,55,4.5,1.9,N,PA,SOURE,A227,-0.72777777,-48.51583333,12.54
2085,2019-12-14,12:00,-9999.0,1010.2,1010.2,1009.8,1636,30.3,24.0,30.3,28.6,24.1,23.1,75,67,69,27,6.6,2.9,N,PA,SOURE,A227,-0.72777777,-48.51583333,12.54
2086,2019-12-14,16:00,-9999.0,1009.3,1010.1,1009.3,2987,30.5,23.7,31.7,30.2,24.5,23.0,67,62,67,27,7.5,4.0,N,PA,SOURE,A227,-0.72777777,-48.51583333,12.54
2087,2019-12-14,20:00,-9999.0,1007.2,1007.5,1006.4,1467,29.5,23.1,30.9,29.5,23.9,23.1,69,65,69,46,9.5,4.1,N,PA,SOURE,A227,-0.72777777,-48.51583333,12.54
2088,2019-12-15,00:00,-9999.0,1008.8,1008.9,1008.3,-9999,28.1,23.5,28.1,27.5,23.8,23.4,80,76,76,46,6.3,2.7,N,PA,SOURE,A227,-0.72777777,-48.51583333,12.54
2089,2019-12-15,04:00,-9999.0,1009.0,1009.1,1008.8,-9999,27.7,23.7,27.7,27.6,23.8,23.5,79,78,78,45,7.1,2.5,N,PA,SOURE,A227,-0.72777777,-48.51583333,12.54
2090,2019-12-15,08:00,-9999.0,1007.7,1007.8,1007.6,-9999,27.6,23.1,27.7,27.5,23.4,23.1,78,76,77,42,6.3,2.8,N,PA,SOURE,A227,-0.72777777,-48.51583333,12.54
2091,2019-12-15,12:00,-9999.0,1009.9,1009.9,1009.2,1177,29.6,23.3,30.3,28.8,24.3,23.1,73,68,69,43,6.7,2.4,N,PA,SOURE,A227,-0.72777777,-48.51583333,12.54
2092,2019-12-15,16:00,-9999.0,1008.5,1009.2,1008.5,2995,32.3,24.3,32.3,29.8,24.6,23.1,70,62,62,39,9.1,4.4,N,PA,SOURE,A227,-0.72777777,-48.51583333,12.54
2093,2019-12-15,20:00,-9999.0,1006.8,1007.0,1006.4,589,28.6,23.3,29.8,28.6,24.1,23.2,73,70,73,29,10.2,3.7,N,PA,SOURE,A227,-0.72777777,-48.51583333,12.54
2094,2019-12-16,00:00,-9999.0,1010.4,1010.4,1009.3,-9999,27.3,23.5,27.3,25.2,24.0,22.4,88,80,80,46,7.8,2.8,N,PA,SOURE,A227,-0.72777777,-48.51583333,12.54
2095,2019-12-16,04:00,-9999.0,1009.7,1010.0,1009.7,-9999,27.5,22.7,27.6,27.4,22.9,22.6,76,74,75,41,7.2,2.4,N,PA,SOURE,A227,-0.72777777,-48.51583333,12.54
2096,2019-12-16,08:00,-9999.0,1007.9,1007.9,1007.7,-9999,27.1,22.8,27.4,27.1,22.9,22.7,77,76,77,31,6.0,1.8,N,PA,SOURE,A227,-0.72777777,-48.51583333,12.54
2097,2019-12-16,12:00,-9999.0,1010.3,1010.3,1009.6,788,28.7,23.3,29.0,28.2,23.8,23.2,75,72,72,39,8.5,2.9,N,PA,SOURE,A227,-0.72777777,-48.51583333,12.54
2098,2019-12-16,16:00,-9999.0,1008.8,1009.9,1008.8,1699,30.3,24.0,30.3,29.3,24.1,23.4,71,68,69,41,8.2,4.0,N,PA,SOURE,A227,-0.72777777,-48.51583333,12.54
2099,2019-12-16,20:00,-9999.0,1006.6,1006.6,1006.4,655,28.6,23.4,29.7,28.5,24.2,23.3,74,71,74,44,9.5,4.1,N,PA,SOURE,A227,-0.72777777,-48.51583333,12.54
2100,2019-12-17,00:00,-9999.0,1007.9,1008.3,1007.8,-9999,27.1,23.4,27.4,26.6,23.9,23.0,84,78,81,55,9.2,4.1,N,PA,SOURE,A227,-0.72777777,-48.51583333,12.54
2101,2019-12-17,04:00,-9999.0,1007.5,1008.1,1007.4,-9999,25.9,23.5,27.2,25.2,23.8,22.0,87,78,87,49,12.8,2.1,N,PA,SOURE,A227,-0.72777777,-48.51583333,12.54
2102,2019-12-17,08:00,-9999.0,1007.3,1007.3,1006.8,-9999,27.1,22.8,27.1,26.8,23.4,22.7,82,77,77,61,7.5,2.5,N,PA,SOURE,A227,-0.72777777,-48.51583333,12.54
2103,2019-12-17,12:00,-9999.0,1009.5,1009.5,1009.2,1289,29.3,23.5,29.6,28.2,23.8,22.8,74,70,71,67,8.3,4.2,N,PA,SOURE,A227,-0.72777777,-48.51583333,12.54
2104,2019-12-17,16:00,-9999.0,1008.4,1009.6,1008.4,3142,30.7,22.6,31.7,30.5,24.1,22.6,67,61,62,32,10.5,4.5,N,PA,SOURE,A227,-0.72777777,-48.51583333,12.54
2105,2019-12-17,20:00,-9999.0,1006.3,1006.3,1006.1,1259,28.8,22.7,30.2,28.8,23.6,22.6,71,65,70,51,10.1,3.7,N,PA,SOURE,A227,-0.72777777,-48.51583333,12.54
2106,2019-12-18,00:00,-9999.0,1008.4,1008.4,1008.1,-9999,27.9,23.1,28.0,27.9,23.4,22.9,76,74,75,51,7.0,2.7,N,PA,SOURE,A227,-0.72777777,-48.51583333,12.54
2107,2019-12-18,04:00,-9999.0,1008.5,1008.9,1008.5,-9999,27.8,22.5,27.9,27.8,22.9,22.4,74,72,73,55,7.9,2.7,N,PA,SOURE,A227,-0.72777777,-48.51583333,12.54
2108,2019-12-18,08:00,-9999.0,1007.2,1007.2,1007.1,-9999,27.4,23.1,27.5,27.4,23.1,22.8,78,76,77,49,8.7,3.2,N,PA,SOURE,A227,-0.72777777,-48.51583333,12.54
2109,2019-12-18,12:00,-9999.0,1009.6,1009.6,1009.1,897,29.0,23.4,29.1,28.4,23.5,22.9,73,71,72,51,11.2,4.1,N,PA,SOURE,A227,-0.72777777,-48.51583333,12.54
2110,2019-12-18,16:00,-9999.0,1008.9,1009.7,1008.9,2841,31.7,23.6,31.7,29.9,23.9,22.5,67,62,62,55,9.8,4.7,N,PA,SOURE,A227,-0.72777777,-48.51583333,12.54
2111,2019-12-18,20:00,-9999.0,1007.2,1007.2,1006.9,1272,29.3,22.5,30.5,29.2,23.2,22.3,67,63,67,59,11.2,4.6,N,PA,SOURE,A227,-0.72777777,-48.51583333,12.54
2112,2019-12-19,00:00,-9999.0,1009.4,1009.4,1009.0,-9999,28.0,22.8,28.1,28.0,23.0,22.3,74,71,73,52,9.5,3.6,N,PA,SOURE,A227,-0.72777777,-48.51583333,12.54
2113,2019-12-19,04:00,-9999.0,1008.5,1009.3,1008.5,-9999,27.6,22.7,27.9,27.6,23.0,22.7,76,74,75,46,8.5,3.2,N,PA,SOURE,A227,-0.72777777,-48.51583333,12.54
2114,2019-12-19,08:00,-9999.0,1007.1,1007.1,1006.9,-9999,27.5,22.9,27.6,27.4,23.0,22.3,77,73,76,49,9.2,3.2,N,PA,SOURE,A227,-0.72777777,-48.51583333,12.54
2115,2019-12-19,12:00,-9999.0,1009.5,1009.5,1008.9,1449,29.8,23.4,30.1,28.2,24.2,23.1,74,68,68,48,8.4,3.7,N,PA,SOURE,A227,-0.72777777,-48.51583333,12.54
2116,2019-12-19,16:00,-9999.0,1008.9,1009.7,1008.9,3191,30.9,23.4,31.9,30.4,24.5,23.3,67,63,64,53,10.6,4.4,N,PA,SOURE,A227,-0.72777777,-48.51583333,12.54
2117,2019-12-19,20:00,-9999.0,1007.0,1007.1,1006.6,1392,29.4,23.2,30.4,29.4,23.8,22.8,69,65,69,48,10.8,5.1,N,PA,SOURE,A227,-0.72777777,-48.51583333,12.54
2118,2019-12-20,00:00,-9999.0,1009.4,1009.5,1008.8,-9999,28.3,23.4,28.4,28.2,23.7,23.0,76,74,75,60,9.2,3.6,N,PA,SOURE,A227,-0.72777777,-48.51583333,12.54
2119,2019-12-20,04:00,-9999.0,1008.3,1009.1,1008.2,-9999,27.8,22.9,28.0,27.7,23.3,22.7,76,74,75,60,8.6,3.5,N,PA,SOURE,A227,-0.72777777,-48.51583333,12.54
2120,2019-12-20,08:00,-9999.0,1007.5,1007.5,1007.0,-9999,27.6,22.7,27.7,27.5,23.2,22.7,77,75,75,75,8.9,3.6,N,PA,SOURE,A227,-0.72777777,-48.51583333,12.54
2121,2019-12-20,12:00,-9999.0,1009.8,1009.8,1009.2,1469,30.3,23.5,30.3,29.1,23.8,23.0,71,67,67,55,8.2,3.7,N,PA,SOURE,A227,-0.72777777,-48.51583333,12.54
2122,2019-12-20,16:00,-9999.0,1008.4,1009.5,1008.4,3194,31.8,23.7,32.3,30.8,24.5,22.7,66,60,62,38,9.9,4.4,N,PA,SOURE,A227,-0.72777777,-48.51583333,12.54
2123,2019-12-20,20:00,-9999.0,1006.9,1007.0,1006.6,1534,29.4,22.9,30.8,29.4,23.5,22.9,68,64,68,61,9.3,4.9,N,PA,SOURE,A227,-0.72777777,-48.51583333,12.54
2124,2019-12-21,00:00,-9999.0,1009.0,1009.0,1008.4,-9999,28.1,23.5,28.3,28.0,23.7,23.3,77,75,76,50,6.9,3.1,N,PA,SOURE,A227,-0.72777777,-48.51583333,12.54
2125,2019-12-21,04:00,-9999.0,1007.9,1008.4,1007.9,-9999,27.8,23.4,28.0,27.8,23.6,23.4,78,76,77,57,8.1,2.2,N,PA,SOURE,A227,-0.72777777,-48.51583333,12.54
2126,2019-12-21,08:00,-9999.0,1006.5,1006.5,1005.7,-9999,27.2,23.6,27.3,27.1,23.6,23.1,80,78,80,49,6.4,2.8,N,PA,SOURE,A227,-0.72777777,-48.51583333,12.54
2127,2019-12-21,12:00,-9999.0,1009.8,1009.8,1009.1,664,28.2,24.5,28.4,27.4,24.7,23.6,84,76,80,59,7.1,3.1,N,PA,SOURE,A227,-0.72777777,-48.51583333,12.54
2128,2019-12-21,16:00,-9999.0,1008.3,1009.2,1008.3,3178,32.0,24.2,32.0,30.7,24.5,23.4,67,62,64,35,10.4,4.1,N,PA,SOURE,A227,-0.72777777,-48.51583333,12.54
2129,2019-12-21,20:00,-9999.0,1005.9,1006.5,1005.8,340,28.7,23.1,29.4,28.6,23.7,23.1,74,71,72,31,8.8,3.6,N,PA,SOURE,A227,-0.72777777,-48.51583333,12.54
2130,2019-12-22,00:00,-9999.0,1008.5,1008.7,1008.4,-9999,27.1,24.1,28.1,26.6,24.1,23.0,83,77,83,67,9.3,2.5,N,PA,SOURE,A227,-0.72777777,-48.51583333,12.54
2131,2019-12-22,04:00,-9999.0,1008.3,1008.8,1008.1,-9999,26.6,23.8,27.1,26.6,23.8,23.6,85,82,85,25,4.6,1.4,N,PA,SOURE,A227,-0.72777777,-48.51583333,12.54
2132,2019-12-22,08:00,-9999.0,1006.8,1006.8,1006.4,4,27.2,23.7,27.2,26.0,24.4,23.7,89,81,81,50,7.4,2.6,N,PA,SOURE,A227,-0.72777777,-48.51583333,12.54
2133,2019-12-22,12:00,-9999.0,1010.0,1010.0,1009.4,1334,29.7,24.4,29.8,28.6,24.8,23.9,78,72,73,44,7.2,3.4,N,PA,SOURE,A227,-0.72777777,-48.51583333,12.54
2134,2019-12-22,16:00,-9999.0,1008.6,1009.4,1008.6,2537,30.4,23.9,31.6,30.2,24.6,23.6,69,65,68,47,9.7,4.1,N,PA,SOURE,A227,-0.72777777,-48.51583333,12.54
2135,2019-12-22,20:00,-9999.0,1007.0,1007.0,1006.4,755,29.1,23.9,29.4,28.8,24.1,23.4,75,71,73,50,9.8,4.0,N,PA,SOURE,A227,-0.72777777,-48.51583333,12.54
2136,2019-12-23,00:00,-9999.0,1009.5,1009.6,1009.0,-9999,28.4,23.7,28.4,28.3,23.9,23.6,77,75,76,66,9.6,3.7,N,PA,SOURE,A227,-0.72777777,-48.51583333,12.54
2137,2019-12-23,04:00,-9999.0,1007.9,1008.7,1007.9,-9999,27.9,23.9,28.0,27.9,23.9,23.5,79,77,79,50,9.3,2.8,N,PA,SOURE,A227,-0.72777777,-48.51583333,12.54
2138,2019-12-23,08:00,-9999.0,1006.7,1006.7,1006.4,-9999,27.5,23.4,27.5,27.3,23.6,23.2,80,78,78,51,7.6,2.9,N,PA,SOURE,A227,-0.72777777,-48.51583333,12.54
2139,2019-12-23,12:00,-9999.0,1009.3,1009.3,1008.7,1241,29.3,23.5,29.9,28.4,24.1,23.1,76,69,71,60,10.0,4.0,N,PA,SOURE,A227,-0.72777777,-48.51583333,12.54
2140,2019-12-23,16:00,-9999.0,1008.9,1009.5,1008.9,3086,32.1,24.5,32.1,30.7,24.5,23.3,66,63,64,55,10.8,4.4,N,PA,SOURE,A227,-0.72777777,-48.51583333,12.54
2141,2019-12-23,20:00,-9999.0,1007.1,1007.4,1007.1,1256,29.6,23.5,30.7,29.6,24.0,23.4,70,66,70,32,10.5,4.4,N,PA,SOURE,A227,-0.72777777,-48.51583333,12.54
2142,2019-12-24,00:00,-9999.0,1009.8,1009.8,1008.9,-9999,28.2,23.2,28.3,28.1,23.3,22.9,75,73,75,57,9.1,3.6,N,PA,SOURE,A227,-0.72777777,-48.51583333,12.54
2143,2019-12-24,04:00,-9999.0,1008.5,1009.2,1008.5,-9999,28.0,23.0,28.1,27.8,23.5,22.9,77,74,74,53,9.0,3.8,N,PA,SOURE,A227,-0.72777777,-48.51583333,12.54
2144,2019-12-24,08:00,-9999.0,1007.0,1007.1,1006.9,-9999,27.5,23.1,27.6,27.4,23.2,22.8,78,75,77,48,7.5,3.0,N,PA,SOURE,A227,-0.72777777,-48.51583333,12.54
2145,2019-12-24,12:00,-9999.0,1009.9,1009.9,1009.1,1429,30.1,23.7,30.3,28.9,24.0,23.0,72,68,68,43,7.7,3.2,N,PA,SOURE,A227,-0.72777777,-48.51583333,12.54
2146,2019-12-24,16:00,-9999.0,1008.4,1009.2,1008.4,2934,31.1,23.3,31.9,30.7,24.3,23.0,66,62,63,56,10.2,4.1,N,PA,SOURE,A227,-0.72777777,-48.51583333,12.54
2147,2019-12-24,20:00,-9999.0,1006.8,1006.8,1006.5,1248,29.6,23.1,30.6,29.6,23.6,22.9,69,65,68,41,10.8,4.2,N,PA,SOURE,A227,-0.72777777,-48.51583333,12.54
2148,2019-12-25,00:00,-9999.0,1008.4,1008.4,1007.9,-9999,28.3,22.6,28.3,28.2,22.8,22.5,73,71,71,49,10.0,4.0,N,PA,SOURE,A227,-0.72777777,-48.51583333,12.54
2149,2019-12-25,04:00,-9999.0,1007.7,1008.0,1007.7,-9999,27.9,23.1,28.1,27.9,23.2,22.6,75,72,75,50,10.6,3.2,N,PA,SOURE,A227,-0.72777777,-48.51583333,12.54
2150,2019-12-25,08:00,-9999.0,1006.5,1006.8,1006.5,-9999,27.6,22.9,27.8,27.5,23.3,22.9,77,75,76,42,8.1,3.2,N,PA,SOURE,A227,-0.72777777,-48.51583333,12.54
2151,2019-12-25,12:00,-9999.0,1008.7,1008.7,1008.3,1153,29.9,23.5,30.1,28.5,23.9,22.9,74,69,69,52,8.8,3.7,N,PA,SOURE,A227,-0.72777777,-48.51583333,12.54
2152,2019-12-25,16:00,-9999.0,1007.9,1008.4,1007.8,2835,31.3,23.6,32.1,30.4,24.3,23.2,67,62,64,50,10.6,4.7,N,PA,SOURE,A227,-0.72777777,-48.51583333,12.54
2153,2019-12-25,20:00,-9999.0,1006.1,1006.1,1005.7,1230,29.7,23.5,30.4,29.4,24.7,23.3,74,68,69,42,10.2,4.8,N,PA,SOURE,A227,-0.72777777,-48.51583333,12.54
2154,2019-12-26,00:00,-9999.0,1008.7,1008.7,1007.8,-9999,28.4,23.6,28.4,28.2,23.7,23.3,76,74,76,70,7.8,3.6,N,PA,SOURE,A227,-0.72777777,-48.51583333,12.54
2155,2019-12-26,04:00,-9999.0,1008.1,1008.5,1008.1,-9999,27.7,23.6,27.8,27.7,23.7,23.5,79,78,78,59,5.9,2.0,N,PA,SOURE,A227,-0.72777777,-48.51583333,12.54
2156,2019-12-26,08:00,-9999.0,1006.8,1007.0,1006.8,-9999,27.6,23.3,27.7,27.6,23.8,23.3,79,78,78,53,6.9,2.8,N,PA,SOURE,A227,-0.72777777,-48.51583333,12.54
2157,2019-12-26,12:00,-9999.0,1010.2,1010.2,1009.5,1338,29.6,23.2,30.3,29.3,23.7,22.8,70,67,68,63,9.1,2.7,N,PA,SOURE,A227,-0.72777777,-48.51583333,12.54
2158,2019-12-26,16:00,-9999.0,1009.0,1009.6,1009.0,3056,31.7,23.8,32.5,31.0,24.6,22.8,65,60,63,36,10.3,4.2,N,PA,SOURE,A227,-0.72777777,-48.51583333,12.54
2159,2019-12-26,20:00,-9999.0,1007.0,1007.0,1006.7,743,29.3,22.8,30.4,29.2,23.3,22.7,68,64,68,41,9.5,4.5,N,PA,SOURE,A227,-0.72777777,-48.51583333,12.54
2160,2019-12-27,00:00,-9999.0,1009.6,1009.6,1008.6,-9999,28.4,23.3,28.5,28.3,23.3,23.1,74,73,74,50,10.5,3.3,N,PA,SOURE,A227,-0.72777777,-48.51583333,12.54
2161,2019-12-27,04:00,-9999.0,1008.9,1009.0,1008.7,-9999,27.9,22.9,28.0,27.7,23.7,22.9,78,74,74,56,7.7,3.1,N,PA,SOURE,A227,-0.72777777,-48.51583333,12.54
2162,2019-12-27,08:00,-9999.0,1008.0,1008.1,1007.8,-9999,27.3,23.0,27.4,27.3,23.2,22.8,78,76,77,32,5.2,2.0,N,PA,SOURE,A227,-0.72777777,-48.51583333,12.54
2163,2019-12-27,12:00,-9999.0,1010.3,1010.3,1009.8,1025,29.4,23.7,29.5,28.7,23.7,23.0,73,70,71,31,7.9,3.2,N,PA,SOURE,A227,-0.72777777,-48.51583333,12.54
2164,2019-12-27,16:00,-9999.0,1009.4,1010.2,1009.4,2770,31.8,23.7,31.9,30.5,24.0,22.7,65,61,62,36,10.4,4.9,N,PA,SOURE,A227,-0.72777777,-48.51583333,12.54
2165,2019-12-27,20:00,-9999.0,1007.4,1007.4,1007.0,1208,29.4,22.9,30.7,29.4,23.6,22.6,68,64,68,47,9.8,4.4,N,PA,SOURE,A227,-0.72777777,-48.51583333,12.54
2166,2019-12-28,00:00,-9999.0,1009.1,1009.1,1008.3,-9999,26.9,23.3,28.2,26.9,23.6,22.4,80,72,80,37,9.6,4.3,N,PA,SOURE,A227,-0.72777777,-48.51583333,12.54
2167,2019-12-28,04:00,-9999.0,1008.7,1009.6,1008.7,-9999,28.0,23.7,28.1,28.0,23.7,23.1,77,74,77,52,8.4,3.2,N,PA,SOURE,A227,-0.72777777,-48.51583333,12.54
2168,2019-12-28,08:00,-9999.0,1008.0,1008.0,1007.5,-9999,27.1,23.0,27.5,27.1,23.1,22.7,79,76,78,34,7.5,2.3,N,PA,SOURE,A227,-0.72777777,-48.51583333,12.54
2169,2019-12-28,12:00,-9999.0,1009.1,1009.1,1008.5,1319,29.2,23.4,30.3,28.7,24.4,23.1,75,68,71,41,8.4,3.7,N,PA,SOURE,A227,-0.72777777,-48.51583333,12.54
2170,2019-12-28,16:00,-9999.0,1008.4,1009.1,1008.4,2420,30.5,23.4,31.5,30.2,24.4,23.1,69,64,66,47,9.9,4.8,N,PA,SOURE,A227,-0.72777777,-48.51583333,12.54
2171,2019-12-28,20:00,-9999.0,1006.5,1006.5,1006.0,419,28.8,23.2,29.6,28.8,23.8,23.2,74,70,72,37,10.3,3.5,N,PA,SOURE,A227,-0.72777777,-48.51583333,12.54
2172,2019-12-29,00:00,-9999.0,1008.6,1008.6,1007.4,-9999,26.8,22.5,28.0,26.8,23.0,22.4,77,73,77,47,9.2,2.3,N,PA,SOURE,A227,-0.72777777,-48.51583333,12.54
2173,2019-12-29,04:00,-9999.0,1007.9,1008.4,1007.9,-9999,27.5,23.6,27.5,27.2,23.7,23.1,80,78,79,47,8.4,3.2,N,PA,SOURE,A227,-0.72777777,-48.51583333,12.54
2174,2019-12-29,08:00,-9999.0,1007.1,1007.1,1006.8,-9999,27.0,23.7,27.0,25.6,24.0,23.6,89,82,82,33,6.0,1.9,N,PA,SOURE,A227,-0.72777777,-48.51583333,12.54
2175,2019-12-29,12:00,-9999.0,1009.3,1009.3,1008.7,1127,29.3,24.0,29.4,28.1,24.3,23.3,77,73,73,40,7.3,2.3,N,PA,SOURE,A227,-0.72777777,-48.51583333,12.54
2176,2019-12-29,16:00,-9999.0,1007.7,1008.4,1007.7,1149,29.1,23.4,29.3,28.9,23.9,23.3,73,71,71,34,7.9,4.0,N,PA,SOURE,A227,-0.72777777,-48.51583333,12.54
2177,2019-12-29,20:00,-9999.0,1005.3,1005.7,1005.3,454,27.9,23.5,27.9,26.6,24.0,23.5,83,77,77,41,5.7,2.4,N,PA,SOURE,A227,-0.72777777,-48.51583333,12.54
2178,2019-12-30,00:00,-9999.0,1006.9,1006.9,1006.6,-9999,27.7,23.2,27.8,27.6,23.3,23.1,77,76,77,50,6.9,3.4,N,PA,SOURE,A227,-0.72777777,-48.51583333,12.54
2179,2019-12-30,04:00,-9999.0,1007.1,1007.8,1007.1,-9999,27.6,23.5,27.7,27.2,23.5,22.8,79,76,78,53,7.0,3.2,N,PA,SOURE,A227,-0.72777777,-48.51583333,12.54
2180,2019-12-30,08:00,-9999.0,1006.4,1006.5,1006.2,-9999,26.0,23.5,27.4,26.0,23.8,22.8,86,79,86,79,7.7,3.1,N,PA,SOURE,A227,-0.72777777,-48.51583333,12.54
2181,2019-12-30,12:00,-9999.0,1009.3,1009.3,1008.5,398,27.9,23.6,28.0,27.7,24.0,23.5,79,77,78,34,6.1,2.9,N,PA,SOURE,A227,-0.72777777,-48.51583333,12.54
2182,2019-12-30,16:00,-9999.0,1008.2,1008.9,1008.2,433,27.6,24.4,27.6,26.1,24.7,24.1,89,83,83,32,5.9,2.8,N,PA,SOURE,A227,-0.72777777,-48.51583333,12.54
2183,2019-12-30,20:00,-9999.0,1005.9,1006.1,1005.8,574,27.8,24.2,27.9,27.2,24.8,24.0,86,81,81,13,5.0,2.1,N,PA,SOURE,A227,-0.72777777,-48.51583333,12.54
2184,2019-12-31,00:00,-9999.0,1007.8,1008.0,1007.5,-9999,25.9,23.5,26.7,25.9,23.8,23.2,87,82,87,2,7.9,2.2,N,PA,SOURE,A227,-0.72777777,-48.51583333,12.54
2185,2019-12-31,04:00,-9999.0,1008.2,1008.5,1008.2,-9999,26.9,23.0,27.0,26.8,23.1,22.7,80,79,80,25,6.9,2.2,N,PA,SOURE,A227,-0.72777777,-48.51583333,12.54
2186,2019-12-31,08:00,-9999.0,1007.7,1007.7,1007.4,-9999,24.9,21.4,25.9,24.9,22.4,21.3,82,78,80,24,7.3,3.1,N,PA,SOURE,A227,-0.72777777,-48.51583333,12.54
2187,2019-12-31,12:00,-9999.0,1010.8,1010.8,1009.8,277,23.7,21.1,23.7,23.1,21.5,21.0,88,85,85,90,7.6,3.3,N,PA,SOURE,A227,-0.72777777,-48.51583333,12.54
2188,2019-12-31,16:00,-9999.0,1010.6,1011.0,1010.6,525,24.9,22.7,25.0,24.3,22.8,22.1,88,87,88,23,4.5,0.7,N,PA,SOURE,A227,-0.72777777,-48.51583333,12.54
2189,2019-12-31,20:00,-9999.0,1009.2,1009.4,1009.2,241,24.8,22.4,25.2,24.7,22.8,22.2,87,86,87,119,2.9,1.1,N,PA,SOURE,A227,-0.72777777,-48.51583333,12.54
2190,2020-01-01,00:00,0.0,1010.3,1010.3,1009.9,-9999,24.3,22.5,24.4,24.2,22.6,22.3,90,89,90,191,1.6,0.0,N,PA,SOURE,A227,-0.72777777,-48.51583333,12.54
2191,2020-01-01,04:00,0.0,1010.0,1010.4,1010.0,-9999,23.6,22.2,23.6,23.4,22.2,21.9,92,92,92,344,1.2,0.0,N,PA,SOURE,A227,-0.72777777,-48.51583333,12.54
2192,2020-01-01,08:00,0.0,1009.3,1009.3,1008.8,-9999,23.4,22.1,23.6,23.4,22.3,22.1,93,92,93,252,2.7,1.3,N,PA,SOURE,A227,-0.72777777,-48.51583333,12.54
2193,2020-01-01,12:00,0.0,1011.3,1011.3,1010.7,826,26.0,24.1,26.1,24.5,24.4,23.0,93,89,90,281,2.7,0.7,N,PA,SOURE,A227,-0.72777777,-48.51583333,12.54
2194,2020-01-01,16:00,0.0,1009.5,1010.4,1009.5,2109,26.9,23.0,29.8,24.9,24.3,21.1,86,69,79,27,8.9,1.9,N,PA,SOURE,A227,-0.72777777,-48.51583333,12.54
2195,2020-01-01,20:00,0.0,1007.1,1007.2,1007.0,548,25.8,22.7,28.4,25.7,23.1,22.3,83,72,83,13,7.3,2.8,N,PA,SOURE,A227,-0.72777777,-48.51583333,12.54
