,Data,Hora,"PRECIPITAÇÃO TOTAL, HORÁRIO (mm)","PRESSAO ATMOSFERICA AO NIVEL DA ESTACAO, HORARIA (mB)",PRESSÃO ATMOSFERICA MAX.NA HORA ANT. (AUT) (mB),PRESSÃO ATMOSFERICA MIN. NA HORA ANT. (AUT) (mB),RADIACAO GLOBAL (Kj/m²),"TEMPERATURA DO AR - BULBO SECO, HORARIA (°C)",TEMPERATURA DO PONTO DE ORVALHO (°C),TEMPERATURA MÁXIMA NA HORA ANT. (AUT) (°C),TEMPERATURA MÍNIMA NA HORA ANT. (AUT) (°C),TEMPERATURA ORVALHO MAX. NA HORA ANT. (AUT) (°C),TEMPERATURA ORVALHO MIN. NA HORA ANT. (AUT) (°C),UMIDADE REL. MAX. NA HORA ANT. (AUT) (%),UMIDADE REL. MIN. NA HORA ANT. (AUT) (%),"UMIDADE RELATIVA DO AR, HORARIA (%)","VENTO, DIREÇÃO HORARIA (gr) (° (gr))","VENTO, RAJADA MAXIMA (m/s)","VENTO, VELOCIDADE HORARIA (m/s)",region,state,station,station_code,latitude,longitude,height
0,2019-01-01,00:00,8.0,1008.6,1008.6,1007.1,-9999,23.2,22.3,24.0,23.2,23.2,22.3,95,94,94,70,6.5,2.4,N,PA,TOME ACU,A213,-2.59249999,-48.36055555,42.95
1,2019-01-01,04:00,4.4,1006.7,1007.8,1006.7,-9999,21.6,20.8,21.7,21.6,20.9,20.6,95,94,95,301,2.9,0.0,N,PA,TOME ACU,A213,-2.59249999,-48.36055555,42.95
2,2019-01-01,08:00,0.0,1006.5,1006.5,1006.1,-9999,21.8,21.1,21.8,21.6,21.1,20.9,96,96,96,318,0.8,0.0,N,PA,TOME ACU,A213,-2.59249999,-48.36055555,42.95
3,2019-01-01,12:00,0.0,1008.9,1008.9,1008.5,1111,24.8,22.8,25.1,22.9,23.5,22.2,96,88,88,80,2.0,0.7,N,PA,TOME ACU,A213,-2.59249999,-48.36055555,42.95
4,2019-01-01,16:00,0.0,1006.8,1008.0,1006.8,1950,28.3,23.2,29.0,27.7,24.1,22.5,80,68,74,353,4.9,1.0,N,PA,TOME ACU,A213,-2.59249999,-48.36055555,42.95
5,2019-01-01,20:00,0.0,1004.7,1004.7,1004.1,1518,30.7,22.9,31.0,30.6,23.3,22.3,65,60,63,106,4.3,2.0,N,PA,TOME ACU,A213,-2.59249999,-48.36055555,42.95
6,2019-01-02,00:00,0.0,1007.4,1007.6,1007.0,-9999,24.0,23.1,24.2,24.0,23.3,23.1,95,94,95,203,2.5,0.5,N,PA,TOME ACU,A213,-2.59249999,-48.36055555,42.95
7,2019-01-02,04:00,0.0,1007.0,1007.8,1007.0,-9999,24.0,23.2,24.0,23.8,23.2,23.0,95,95,95,34,1.9,0.0,N,PA,TOME ACU,A213,-2.59249999,-48.36055555,42.95
8,2019-01-02,08:00,0.0,1006.4,1006.5,1006.2,-9999,23.3,22.6,23.5,23.3,22.8,22.6,96,96,96,2,1.2,0.2,N,PA,TOME ACU,A213,-2.59249999,-48.36055555,42.95
9,2019-01-02,12:00,0.0,1009.0,1009.0,1008.4,1394,26.8,23.9,26.8,25.4,23.9,23.1,89,82,84,38,4.8,1.8,N,PA,TOME ACU,A213,-2.59249999,-48.36055555,42.95
10,2019-01-02,16:00,0.2,1007.0,1008.1,1007.0,2332,29.8,23.4,30.6,28.3,24.6,22.6,79,64,69,50,6.7,3.3,N,PA,TOME ACU,A213,-2.59249999,-48.36055555,42.95
11,2019-01-02,20:00,0.0,1004.9,1005.1,1004.4,1029,28.3,22.7,32.4,28.3,23.8,22.5,72,58,72,46,10.2,3.6,N,PA,TOME ACU,A213,-2.59249999,-48.36055555,42.95
12,2019-01-03,00:00,0.0,1007.4,1007.4,1006.4,-9999,25.5,23.4,25.5,25.4,23.4,23.1,89,87,88,21,2.6,1.0,N,PA,TOME ACU,A213,-2.59249999,-48.36055555,42.95
13,2019-01-03,04:00,0.0,1006.3,1007.4,1006.3,-9999,24.4,23.2,24.7,24.4,23.3,23.2,93,92,93,41,2.5,0.9,N,PA,TOME ACU,A213,-2.59249999,-48.36055555,42.95
14,2019-01-03,08:00,0.0,1005.8,1005.8,1005.5,-9999,23.0,22.2,23.5,23.0,22.6,22.1,95,95,95,247,1.0,0.0,N,PA,TOME ACU,A213,-2.59249999,-48.36055555,42.95
15,2019-01-03,12:00,0.0,1008.0,1008.0,1007.6,1390,26.8,23.5,26.9,25.5,23.9,23.2,88,81,82,33,7.7,2.9,N,PA,TOME ACU,A213,-2.59249999,-48.36055555,42.95
16,2019-01-03,16:00,0.0,1006.4,1007.1,1006.4,3009,31.6,22.7,31.8,30.2,23.9,22.2,68,57,59,72,8.4,4.2,N,PA,TOME ACU,A213,-2.59249999,-48.36055555,42.95
17,2019-01-03,20:00,0.0,1004.0,1004.0,1003.7,1277,32.6,22.4,33.2,32.6,23.1,21.8,57,51,55,73,6.1,2.0,N,PA,TOME ACU,A213,-2.59249999,-48.36055555,42.95
18,2019-01-04,00:00,3.4,1006.7,1007.1,1006.1,-9999,25.5,24.3,25.6,25.3,24.4,23.8,93,90,93,49,8.9,0.6,N,PA,TOME ACU,A213,-2.59249999,-48.36055555,42.95
19,2019-01-04,04:00,0.0,1006.5,1007.3,1006.5,-9999,24.4,23.2,24.8,24.4,23.4,23.2,93,91,93,20,3.2,0.4,N,PA,TOME ACU,A213,-2.59249999,-48.36055555,42.95
20,2019-01-04,08:00,0.0,1006.1,1006.2,1005.9,-9999,23.2,22.4,23.3,23.1,22.5,22.3,95,95,95,21,1.6,0.2,N,PA,TOME ACU,A213,-2.59249999,-48.36055555,42.95
21,2019-01-04,12:00,0.0,1008.8,1008.9,1008.1,1535,27.5,23.3,27.5,24.8,23.6,22.8,90,78,78,64,3.8,1.6,N,PA,TOME ACU,A213,-2.59249999,-48.36055555,42.95
22,2019-01-04,16:00,0.0,1007.1,1008.2,1007.1,2603,31.5,23.3,31.6,30.5,24.2,22.7,68,60,62,86,5.9,2.8,N,PA,TOME ACU,A213,-2.59249999,-48.36055555,42.95
23,2019-01-04,20:00,0.0,1003.9,1003.9,1003.6,1313,32.3,23.2,32.8,32.3,23.8,22.3,61,55,59,46,5.1,1.6,N,PA,TOME ACU,A213,-2.59249999,-48.36055555,42.95
24,2019-01-05,00:00,0.0,1006.3,1006.3,1006.0,-9999,24.9,22.4,25.7,24.8,22.5,21.2,86,76,86,167,3.5,0.2,N,PA,TOME ACU,A213,-2.59249999,-48.36055555,42.95
25,2019-01-05,04:00,0.0,1006.3,1006.9,1006.3,-9999,24.3,22.8,24.4,24.2,23.0,22.6,93,90,91,27,2.6,0.9,N,PA,TOME ACU,A213,-2.59249999,-48.36055555,42.95
26,2019-01-05,08:00,0.0,1005.8,1005.8,1005.3,-9999,23.8,22.9,24.3,23.8,23.3,22.8,95,94,95,121,1.0,0.2,N,PA,TOME ACU,A213,-2.59249999,-48.36055555,42.95
27,2019-01-05,12:00,0.0,1009.0,1009.0,1008.4,611,26.2,23.8,26.3,25.5,24.3,23.8,92,86,87,44,4.2,1.9,N,PA,TOME ACU,A213,-2.59249999,-48.36055555,42.95
28,2019-01-05,16:00,0.0,1006.7,1008.0,1006.7,2700,30.8,23.6,30.8,29.5,24.1,22.6,71,62,65,57,6.6,2.3,N,PA,TOME ACU,A213,-2.59249999,-48.36055555,42.95
29,2019-01-05,20:00,0.0,1003.9,1003.9,1003.7,1410,31.7,23.8,32.4,30.7,23.8,22.4,66,55,63,62,6.7,1.6,N,PA,TOME ACU,A213,-2.59249999,-48.36055555,42.95
30,2019-01-06,00:00,0.0,1007.5,1007.5,1006.2,-9999,25.4,22.9,26.1,25.4,23.3,22.9,87,84,86,41,2.9,0.8,N,PA,TOME ACU,A213,-2.59249999,-48.36055555,42.95
31,2019-01-06,04:00,0.0,1007.0,1008.1,1007.0,-9999,23.6,22.3,24.0,23.4,22.3,21.8,93,88,93,38,7.1,0.9,N,PA,TOME ACU,A213,-2.59249999,-48.36055555,42.95
32,2019-01-06,08:00,0.0,1006.0,1006.2,1005.9,-9999,23.0,22.2,23.1,23.0,22.3,22.1,95,95,95,81,0.0,0.0,N,PA,TOME ACU,A213,-2.59249999,-48.36055555,42.95
33,2019-01-06,12:00,0.0,1008.6,1008.7,1008.4,1456,27.2,24.3,27.2,24.6,24.3,22.9,91,83,84,71,3.4,1.8,N,PA,TOME ACU,A213,-2.59249999,-48.36055555,42.95
34,2019-01-06,16:00,0.0,1006.1,1007.3,1006.1,2374,31.0,23.0,31.5,29.6,24.3,22.2,71,58,62,64,6.5,3.7,N,PA,TOME ACU,A213,-2.59249999,-48.36055555,42.95
35,2019-01-06,20:00,3.2,1004.9,1004.9,1003.3,548,24.2,22.9,29.8,24.2,25.7,22.6,93,74,93,48,13.5,2.7,N,PA,TOME ACU,A213,-2.59249999,-48.36055555,42.95
36,2019-01-07,00:00,0.4,1007.0,1007.2,1007.0,-9999,23.8,22.9,24.0,23.8,22.9,22.8,95,94,94,9,2.4,0.2,N,PA,TOME ACU,A213,-2.59249999,-48.36055555,42.95
37,2019-01-07,04:00,6.8,1007.1,1007.7,1007.1,-9999,22.8,21.3,23.9,22.8,23.1,21.3,95,89,91,95,12.6,4.2,N,PA,TOME ACU,A213,-2.59249999,-48.36055555,42.95
38,2019-01-07,08:00,2.4,1006.0,1006.1,1005.9,-9999,22.4,21.6,22.5,22.4,21.6,21.6,95,95,95,132,2.7,1.1,N,PA,TOME ACU,A213,-2.59249999,-48.36055555,42.95
39,2019-01-07,12:00,0.0,1007.9,1008.0,1007.9,901,23.6,21.7,23.9,22.9,22.2,21.3,95,87,89,141,2.5,1.2,N,PA,TOME ACU,A213,-2.59249999,-48.36055555,42.95
40,2019-01-07,16:00,0.0,1006.9,1007.3,1006.9,2289,29.1,22.1,29.4,28.8,22.8,21.3,70,63,66,60,6.0,3.2,N,PA,TOME ACU,A213,-2.59249999,-48.36055555,42.95
41,2019-01-07,20:00,0.0,1004.7,1004.7,1004.5,1228,29.6,22.9,30.2,29.6,23.4,22.5,68,64,67,50,4.7,1.5,N,PA,TOME ACU,A213,-2.59249999,-48.36055555,42.95
42,2019-01-08,00:00,0.2,1008.0,1008.0,1006.9,-9999,24.2,22.6,25.6,24.2,23.7,22.6,92,87,90,113,6.3,0.8,N,PA,TOME ACU,A213,-2.59249999,-48.36055555,42.95
43,2019-01-08,04:00,0.4,1006.1,1007.0,1006.0,-9999,23.5,22.3,23.7,23.5,22.7,22.3,94,93,93,2,3.2,0.2,N,PA,TOME ACU,A213,-2.59249999,-48.36055555,42.95
44,2019-01-08,08:00,0.0,1005.9,1005.9,1005.5,-9999,23.0,22.1,23.1,23.0,22.2,22.0,95,94,94,70,1.4,0.3,N,PA,TOME ACU,A213,-2.59249999,-48.36055555,42.95
45,2019-01-08,12:00,0.0,1008.3,1008.3,1008.1,1722,25.5,22.4,25.8,23.9,23.0,22.1,93,82,83,156,4.4,1.9,N,PA,TOME ACU,A213,-2.59249999,-48.36055555,42.95
46,2019-01-08,16:00,2.0,1006.9,1007.9,1006.9,1245,27.9,24.2,28.4,26.7,24.7,23.1,85,77,80,262,3.1,0.4,N,PA,TOME ACU,A213,-2.59249999,-48.36055555,42.95
47,2019-01-08,20:00,0.0,1004.8,1005.2,1004.7,599,25.5,22.7,25.5,25.2,23.0,21.9,87,81,84,125,5.8,0.8,N,PA,TOME ACU,A213,-2.59249999,-48.36055555,42.95
48,2019-01-09,00:00,0.0,1008.2,1008.2,1007.3,-9999,24.1,23.0,24.3,24.1,23.3,23.0,94,94,94,276,1.8,0.6,N,PA,TOME ACU,A213,-2.59249999,-48.36055555,42.95
49,2019-01-09,04:00,0.6,1006.8,1008.1,1006.8,-9999,23.6,22.8,23.8,23.6,22.9,22.8,95,95,95,218,1.2,0.1,N,PA,TOME ACU,A213,-2.59249999,-48.36055555,42.95
50,2019-01-09,08:00,0.0,1004.8,1005.3,1004.7,-9999,22.9,22.1,23.3,22.9,22.5,22.1,95,95,95,240,1.9,0.0,N,PA,TOME ACU,A213,-2.59249999,-48.36055555,42.95
51,2019-01-09,12:00,0.0,1007.2,1007.2,1006.5,830,24.1,21.5,24.3,23.5,22.5,21.4,94,85,85,100,2.7,0.8,N,PA,TOME ACU,A213,-2.59249999,-48.36055555,42.95
52,2019-01-09,16:00,0.0,1005.2,1006.4,1005.2,2035,28.4,22.7,28.4,27.1,23.1,21.9,77,69,71,63,6.0,2.3,N,PA,TOME ACU,A213,-2.59249999,-48.36055555,42.95
53,2019-01-09,20:00,0.0,1002.9,1003.0,1002.6,809,27.9,22.6,31.0,27.9,23.2,22.0,74,59,73,34,6.2,2.0,N,PA,TOME ACU,A213,-2.59249999,-48.36055555,42.95
54,2019-01-10,00:00,0.0,1005.7,1005.7,1004.6,-9999,25.8,24.5,26.0,25.7,24.5,24.2,93,90,93,284,2.1,0.0,N,PA,TOME ACU,A213,-2.59249999,-48.36055555,42.95
55,2019-01-10,04:00,0.0,1005.8,1006.6,1005.8,-9999,24.5,23.5,24.7,24.5,23.6,23.4,94,93,94,100,1.6,0.0,N,PA,TOME ACU,A213,-2.59249999,-48.36055555,42.95
56,2019-01-10,08:00,0.0,1005.0,1005.1,1004.8,-9999,23.7,22.9,23.8,23.7,23.0,22.9,95,95,95,276,0.9,0.0,N,PA,TOME ACU,A213,-2.59249999,-48.36055555,42.95
57,2019-01-10,12:00,0.0,1008.0,1008.0,1007.0,660,25.1,23.0,25.2,24.6,23.3,22.9,92,87,88,36,3.1,0.9,N,PA,TOME ACU,A213,-2.59249999,-48.36055555,42.95
58,2019-01-10,16:00,0.0,1005.5,1006.8,1005.5,1945,28.2,22.9,28.2,27.1,23.6,22.3,81,72,73,140,3.6,1.4,N,PA,TOME ACU,A213,-2.59249999,-48.36055555,42.95
59,2019-01-10,20:00,0.0,1005.2,1005.2,1004.8,152,23.2,22.2,23.2,23.0,22.3,22.0,94,94,94,126,4.3,0.7,N,PA,TOME ACU,A213,-2.59249999,-48.36055555,42.95
60,2019-01-11,00:00,0.6,1007.6,1008.1,1007.6,-9999,21.2,20.4,21.5,21.2,20.5,20.4,95,94,95,150,2.1,0.7,N,PA,TOME ACU,A213,-2.59249999,-48.36055555,42.95
61,2019-01-11,04:00,0.0,1007.1,1007.2,1007.1,-9999,21.6,20.9,21.6,21.5,20.9,20.8,96,96,96,342,0.0,0.0,N,PA,TOME ACU,A213,-2.59249999,-48.36055555,42.95
62,2019-01-11,08:00,0.0,1007.2,1007.2,1006.8,-9999,21.4,20.8,21.4,21.3,20.8,20.7,96,96,96,188,2.2,0.0,N,PA,TOME ACU,A213,-2.59249999,-48.36055555,42.95
63,2019-01-11,12:00,0.0,1009.7,1009.7,1008.8,1307,23.9,21.5,23.9,22.5,22.3,21.2,95,86,86,226,2.7,1.3,N,PA,TOME ACU,A213,-2.59249999,-48.36055555,42.95
64,2019-01-11,16:00,0.0,1008.5,1009.3,1008.5,1916,28.2,22.3,28.2,26.8,22.7,21.6,78,69,70,238,5.1,2.1,N,PA,TOME ACU,A213,-2.59249999,-48.36055555,42.95
65,2019-01-11,20:00,0.0,1005.4,1005.6,1005.3,865,29.3,22.6,30.1,29.3,23.0,22.0,69,62,67,235,3.1,1.3,N,PA,TOME ACU,A213,-2.59249999,-48.36055555,42.95
66,2019-01-12,00:00,3.0,1009.8,1009.8,1008.7,-9999,22.2,21.3,22.9,22.2,22.0,21.2,95,93,94,41,5.8,1.9,N,PA,TOME ACU,A213,-2.59249999,-48.36055555,42.95
67,2019-01-12,04:00,0.4,1008.5,1009.8,1008.5,-9999,21.1,20.2,21.4,21.1,20.7,20.2,95,95,95,279,4.1,2.6,N,PA,TOME ACU,A213,-2.59249999,-48.36055555,42.95
68,2019-01-12,08:00,0.0,1006.3,1006.3,1005.9,-9999,21.0,20.2,21.0,20.9,20.3,20.1,96,95,96,77,1.6,1.0,N,PA,TOME ACU,A213,-2.59249999,-48.36055555,42.95
69,2019-01-12,12:00,0.0,1009.4,1009.4,1008.9,590,22.4,20.8,22.5,21.6,21.2,20.6,95,91,91,97,2.1,0.8,N,PA,TOME ACU,A213,-2.59249999,-48.36055555,42.95
70,2019-01-12,16:00,0.0,1007.8,1008.8,1007.8,1748,27.4,21.9,27.4,26.8,22.4,21.5,76,72,72,78,3.8,1.7,N,PA,TOME ACU,A213,-2.59249999,-48.36055555,42.95
71,2019-01-12,20:00,0.0,1005.3,1005.6,1005.3,1381,29.1,22.2,29.4,29.0,22.9,21.5,69,63,66,46,3.1,0.9,N,PA,TOME ACU,A213,-2.59249999,-48.36055555,42.95
72,2019-01-13,00:00,0.0,1007.0,1007.0,1006.3,-9999,24.7,23.5,25.1,24.6,23.8,23.5,94,93,94,73,0.3,0.0,N,PA,TOME ACU,A213,-2.59249999,-48.36055555,42.95
73,2019-01-13,04:00,0.0,1006.8,1007.6,1006.8,-9999,24.1,23.0,24.4,24.1,23.2,22.9,94,93,94,353,3.3,0.4,N,PA,TOME ACU,A213,-2.59249999,-48.36055555,42.95
74,2019-01-13,08:00,0.2,1006.2,1006.2,1006.0,-9999,23.8,23.0,23.9,23.7,23.0,22.9,95,95,95,348,1.1,0.1,N,PA,TOME ACU,A213,-2.59249999,-48.36055555,42.95
75,2019-01-13,12:00,0.0,1008.6,1008.6,1008.2,1133,25.7,23.1,25.9,24.9,23.5,22.7,91,84,86,13,3.2,0.9,N,PA,TOME ACU,A213,-2.59249999,-48.36055555,42.95
76,2019-01-13,16:00,0.0,1007.3,1008.2,1007.3,2062,29.1,22.3,29.1,28.5,23.1,22.1,73,67,67,36,5.9,2.1,N,PA,TOME ACU,A213,-2.59249999,-48.36055555,42.95
77,2019-01-13,20:00,0.0,1003.8,1003.8,1003.5,780,29.4,22.6,29.9,28.9,24.3,22.1,76,64,67,1,3.4,1.0,N,PA,TOME ACU,A213,-2.59249999,-48.36055555,42.95
78,2019-01-14,00:00,0.2,1006.9,1007.2,1006.2,-9999,25.2,24.2,25.4,25.1,24.3,24.1,94,93,94,153,2.3,0.4,N,PA,TOME ACU,A213,-2.59249999,-48.36055555,42.95
79,2019-01-14,04:00,6.4,1009.1,1009.4,1008.8,-9999,22.9,21.9,23.4,22.9,22.6,21.8,95,94,94,77,5.5,2.1,N,PA,TOME ACU,A213,-2.59249999,-48.36055555,42.95
80,2019-01-14,08:00,0.8,1006.4,1006.7,1006.4,-9999,22.0,21.2,22.0,21.8,21.2,20.9,95,95,95,32,2.4,0.7,N,PA,TOME ACU,A213,-2.59249999,-48.36055555,42.95
81,2019-01-14,12:00,0.0,1009.2,1009.2,1008.9,928,24.6,22.5,24.7,23.2,22.8,22.1,93,87,88,23,2.1,0.9,N,PA,TOME ACU,A213,-2.59249999,-48.36055555,42.95
82,2019-01-14,16:00,0.0,1007.4,1008.7,1007.4,2677,29.5,22.4,29.6,28.5,23.6,22.1,73,65,66,354,5.0,1.8,N,PA,TOME ACU,A213,-2.59249999,-48.36055555,42.95
83,2019-01-14,20:00,0.0,1005.3,1005.3,1005.0,347,26.3,23.8,26.5,26.1,24.0,23.5,87,85,87,148,4.1,1.9,N,PA,TOME ACU,A213,-2.59249999,-48.36055555,42.95
84,2019-01-15,00:00,2.8,1008.5,1008.5,1008.0,-9999,23.2,22.3,23.2,23.1,22.4,22.2,95,95,95,303,1.9,1.1,N,PA,TOME ACU,A213,-2.59249999,-48.36055555,42.95
85,2019-01-15,04:00,0.0,1008.6,1009.0,1008.6,-9999,22.9,22.2,22.9,22.8,22.2,22.1,96,96,96,30,1.5,0.0,N,PA,TOME ACU,A213,-2.59249999,-48.36055555,42.95
86,2019-01-15,08:00,0.0,1008.3,1008.3,1008.0,-9999,22.8,22.1,22.8,22.7,22.1,22.0,96,96,96,179,2.4,0.6,N,PA,TOME ACU,A213,-2.59249999,-48.36055555,42.95
87,2019-01-15,12:00,6.6,1011.5,1011.5,1010.7,88,21.9,21.1,22.0,21.8,21.2,20.8,95,94,95,97,5.4,1.0,N,PA,TOME ACU,A213,-2.59249999,-48.36055555,42.95
88,2019-01-15,16:00,0.0,1008.8,1009.4,1008.8,3565,27.1,21.4,27.4,25.0,22.0,20.2,79,66,71,37,4.7,2.4,N,PA,TOME ACU,A213,-2.59249999,-48.36055555,42.95
89,2019-01-15,20:00,0.0,1005.8,1006.2,1005.8,1402,29.0,22.7,29.2,28.0,23.1,21.6,71,65,69,338,2.3,0.3,N,PA,TOME ACU,A213,-2.59249999,-48.36055555,42.95
90,2019-01-16,00:00,0.0,1008.3,1008.3,1007.7,-9999,24.2,23.1,24.8,24.2,23.5,23.1,94,93,94,270,0.8,0.0,N,PA,TOME ACU,A213,-2.59249999,-48.36055555,42.95
91,2019-01-16,04:00,0.0,1008.4,1008.9,1008.4,-9999,23.3,22.5,23.3,23.1,22.5,22.2,95,95,95,41,0.5,0.0,N,PA,TOME ACU,A213,-2.59249999,-48.36055555,42.95
92,2019-01-16,08:00,4.0,1008.4,1008.4,1007.9,-9999,23.5,22.6,23.5,23.4,22.7,22.6,95,95,95,102,4.0,1.0,N,PA,TOME ACU,A213,-2.59249999,-48.36055555,42.95
93,2019-01-16,12:00,0.0,1010.4,1010.4,1010.2,926,24.8,22.8,24.8,23.7,22.9,22.5,94,88,89,63,3.9,2.3,N,PA,TOME ACU,A213,-2.59249999,-48.36055555,42.95
94,2019-01-16,16:00,0.0,1007.9,1008.7,1007.9,3296,30.0,22.9,30.0,28.9,23.4,22.0,70,63,66,41,4.6,2.1,N,PA,TOME ACU,A213,-2.59249999,-48.36055555,42.95
95,2019-01-16,20:00,0.0,1005.7,1006.1,1005.6,1338,31.5,23.0,31.9,30.7,23.9,22.7,67,59,60,214,2.5,0.4,N,PA,TOME ACU,A213,-2.59249999,-48.36055555,42.95
96,2019-01-17,00:00,0.0,1008.7,1008.7,1007.9,-9999,25.1,23.7,25.3,25.1,23.7,23.5,92,91,92,163,1.2,0.3,N,PA,TOME ACU,A213,-2.59249999,-48.36055555,42.95
97,2019-01-17,04:00,0.0,1007.8,1008.4,1007.8,-9999,24.3,23.4,24.6,24.2,23.6,23.3,95,94,95,11,0.7,0.0,N,PA,TOME ACU,A213,-2.59249999,-48.36055555,42.95
98,2019-01-17,08:00,0.0,1006.9,1006.9,1006.7,-9999,23.9,23.0,23.9,23.8,23.1,22.9,95,95,95,195,0.0,0.0,N,PA,TOME ACU,A213,-2.59249999,-48.36055555,42.95
99,2019-01-17,12:00,0.0,1009.3,1009.3,1008.6,735,25.6,23.4,25.6,24.8,23.7,23.2,93,87,88,24,4.0,1.5,N,PA,TOME ACU,A213,-2.59249999,-48.36055555,42.95
100,2019-01-17,16:00,0.0,1008.0,1008.9,1008.0,2974,30.5,23.3,30.5,29.2,23.8,22.2,72,65,66,69,5.3,0.8,N,PA,TOME ACU,A213,-2.59249999,-48.36055555,42.95
101,2019-01-17,20:00,0.0,1004.8,1004.9,1004.6,487,28.0,25.2,30.3,28.0,25.2,23.2,85,67,85,235,4.5,0.7,N,PA,TOME ACU,A213,-2.59249999,-48.36055555,42.95
102,2019-01-18,00:00,0.0,1008.4,1008.4,1007.2,-9999,24.9,22.7,25.5,24.9,23.2,22.7,88,86,88,71,3.5,0.5,N,PA,TOME ACU,A213,-2.59249999,-48.36055555,42.95
103,2019-01-18,04:00,0.0,1007.8,1008.3,1007.8,-9999,23.8,22.8,24.1,23.8,22.9,22.8,94,93,94,266,1.1,0.0,N,PA,TOME ACU,A213,-2.59249999,-48.36055555,42.95
104,2019-01-18,08:00,0.0,1006.5,1006.6,1006.1,-9999,22.9,22.2,23.2,22.9,22.4,22.1,95,95,95,97,0.9,0.0,N,PA,TOME ACU,A213,-2.59249999,-48.36055555,42.95
105,2019-01-18,12:00,0.0,1008.7,1008.7,1007.9,741,25.9,23.6,26.0,24.8,24.0,23.4,94,86,87,41,3.4,1.5,N,PA,TOME ACU,A213,-2.59249999,-48.36055555,42.95
106,2019-01-18,16:00,0.0,1007.3,1007.8,1007.3,2014,30.2,23.5,30.5,29.5,23.9,22.4,70,64,68,12,3.8,1.0,N,PA,TOME ACU,A213,-2.59249999,-48.36055555,42.95
107,2019-01-18,20:00,0.4,1003.8,1003.8,1003.3,275,28.7,25.8,29.3,28.6,25.8,23.9,84,72,84,5,2.5,0.9,N,PA,TOME ACU,A213,-2.59249999,-48.36055555,42.95
108,2019-01-19,00:00,4.4,1006.8,1006.9,1006.6,-9999,25.3,24.2,25.6,25.3,24.5,24.2,94,93,94,85,2.5,0.7,N,PA,TOME ACU,A213,-2.59249999,-48.36055555,42.95
109,2019-01-19,04:00,0.0,1006.9,1007.6,1006.8,-9999,23.6,22.6,23.7,23.5,22.7,22.6,94,94,94,25,1.8,0.2,N,PA,TOME ACU,A213,-2.59249999,-48.36055555,42.95
110,2019-01-19,08:00,1.8,1006.2,1006.2,1005.5,-9999,22.1,21.3,22.3,22.1,21.4,21.3,95,95,95,274,1.1,0.0,N,PA,TOME ACU,A213,-2.59249999,-48.36055555,42.95
111,2019-01-19,12:00,0.0,1009.2,1009.3,1008.3,781,24.2,22.5,24.2,23.0,22.9,22.0,95,90,90,104,2.1,0.4,N,PA,TOME ACU,A213,-2.59249999,-48.36055555,42.95
112,2019-01-19,16:00,0.0,1006.9,1008.1,1006.9,2800,30.2,23.0,30.5,29.2,24.5,22.4,72,63,65,67,5.4,2.5,N,PA,TOME ACU,A213,-2.59249999,-48.36055555,42.95
113,2019-01-19,20:00,12.4,1006.2,1006.2,1005.6,45,24.5,23.4,24.9,24.3,23.6,23.2,94,91,94,330,10.4,0.3,N,PA,TOME ACU,A213,-2.59249999,-48.36055555,42.95
114,2019-01-20,00:00,0.0,1007.8,1007.8,1006.3,-9999,23.8,22.9,23.8,23.6,22.9,22.7,95,94,95,295,3.1,0.1,N,PA,TOME ACU,A213,-2.59249999,-48.36055555,42.95
115,2019-01-20,04:00,0.0,1008.2,1008.6,1008.2,-9999,23.5,22.8,23.8,23.5,23.0,22.7,96,95,96,241,0.0,0.0,N,PA,TOME ACU,A213,-2.59249999,-48.36055555,42.95
116,2019-01-20,08:00,0.0,1006.7,1006.7,1006.3,-9999,23.5,22.8,23.6,23.5,22.8,22.7,96,96,96,152,0.0,0.0,N,PA,TOME ACU,A213,-2.59249999,-48.36055555,42.95
117,2019-01-20,12:00,0.0,1008.7,1008.7,1007.8,1006,25.6,23.6,25.6,24.2,23.7,23.1,94,87,89,60,0.0,0.0,N,PA,TOME ACU,A213,-2.59249999,-48.36055555,42.95
118,2019-01-20,16:00,0.0,1007.3,1008.3,1007.3,3354,30.5,22.0,30.6,29.2,23.4,22.0,71,60,61,87,6.6,3.2,N,PA,TOME ACU,A213,-2.59249999,-48.36055555,42.95
119,2019-01-20,20:00,5.2,1005.2,1005.2,1004.1,712,25.3,23.7,32.4,25.2,24.9,21.9,91,54,91,59,11.8,2.3,N,PA,TOME ACU,A213,-2.59249999,-48.36055555,42.95
120,2019-01-21,00:00,0.0,1007.8,1007.8,1007.0,-9999,24.5,23.5,24.6,24.4,23.6,23.4,95,94,94,277,1.7,0.5,N,PA,TOME ACU,A213,-2.59249999,-48.36055555,42.95
121,2019-01-21,04:00,0.0,1008.1,1008.4,1007.9,-9999,23.9,23.1,24.1,23.8,23.2,23.0,95,95,95,156,1.7,0.1,N,PA,TOME ACU,A213,-2.59249999,-48.36055555,42.95
122,2019-01-21,08:00,0.0,1006.4,1006.5,1006.2,-9999,23.6,22.9,23.8,23.6,23.0,22.9,96,95,96,325,1.0,0.0,N,PA,TOME ACU,A213,-2.59249999,-48.36055555,42.95
123,2019-01-21,12:00,0.0,1009.3,1009.3,1008.4,703,25.6,23.4,25.7,24.9,23.9,23.3,94,87,87,55,3.2,1.3,N,PA,TOME ACU,A213,-2.59249999,-48.36055555,42.95
124,2019-01-21,16:00,0.0,1007.3,1008.4,1007.3,2873,29.9,23.6,30.3,28.9,24.5,22.5,76,64,69,53,5.1,2.0,N,PA,TOME ACU,A213,-2.59249999,-48.36055555,42.95
125,2019-01-21,20:00,7.0,1004.4,1005.0,1003.7,1052,26.8,25.5,32.4,26.5,25.9,22.4,93,56,93,31,11.6,1.3,N,PA,TOME ACU,A213,-2.59249999,-48.36055555,42.95
126,2019-01-22,00:00,2.8,1008.3,1008.6,1008.3,-9999,24.1,23.1,24.2,24.0,23.1,22.8,94,92,94,292,2.4,0.7,N,PA,TOME ACU,A213,-2.59249999,-48.36055555,42.95
127,2019-01-22,04:00,0.0,1007.8,1008.5,1007.8,-9999,23.7,22.9,23.8,23.7,23.0,22.9,95,95,95,109,0.6,0.0,N,PA,TOME ACU,A213,-2.59249999,-48.36055555,42.95
128,2019-01-22,08:00,0.0,1007.2,1007.2,1006.7,-9999,23.3,22.6,23.4,23.2,22.7,22.5,96,96,96,187,0.9,0.0,N,PA,TOME ACU,A213,-2.59249999,-48.36055555,42.95
129,2019-01-22,12:00,0.0,1009.5,1009.5,1008.4,780,25.5,23.8,25.5,24.7,24.1,23.6,95,90,90,62,2.6,1.1,N,PA,TOME ACU,A213,-2.59249999,-48.36055555,42.95
130,2019-01-22,16:00,0.0,1007.2,1008.2,1007.2,1974,29.1,23.6,29.7,28.9,24.6,23.1,77,68,72,1,5.6,1.9,N,PA,TOME ACU,A213,-2.59249999,-48.36055555,42.95
131,2019-01-22,20:00,0.0,1005.0,1005.2,1004.9,507,27.4,25.3,27.9,27.4,25.4,24.7,88,83,88,329,3.7,1.1,N,PA,TOME ACU,A213,-2.59249999,-48.36055555,42.95
132,2019-01-23,00:00,0.0,1008.2,1008.2,1007.3,-9999,24.7,23.7,24.9,24.7,23.8,23.7,94,93,94,80,1.6,0.0,N,PA,TOME ACU,A213,-2.59249999,-48.36055555,42.95
133,2019-01-23,04:00,0.0,1008.3,1009.0,1008.3,-9999,24.3,23.4,24.4,24.3,23.5,23.4,95,95,95,351,0.0,0.0,N,PA,TOME ACU,A213,-2.59249999,-48.36055555,42.95
134,2019-01-23,08:00,0.0,1007.1,1007.1,1007.0,-9999,23.8,23.1,23.9,23.8,23.1,23.0,96,96,96,246,1.5,0.2,N,PA,TOME ACU,A213,-2.59249999,-48.36055555,42.95
135,2019-01-23,12:00,0.0,1009.0,1009.0,1008.7,976,26.2,23.7,26.3,25.1,24.4,23.6,94,86,86,18,5.2,2.1,N,PA,TOME ACU,A213,-2.59249999,-48.36055555,42.95
136,2019-01-23,16:00,0.0,1007.8,1008.7,1007.8,2136,30.1,23.2,30.1,29.2,23.7,22.1,72,65,67,47,5.3,2.0,N,PA,TOME ACU,A213,-2.59249999,-48.36055555,42.95
137,2019-01-23,20:00,0.0,1005.0,1005.4,1005.0,1096,31.4,22.8,31.4,30.3,23.2,21.9,65,60,60,298,2.2,0.7,N,PA,TOME ACU,A213,-2.59249999,-48.36055555,42.95
138,2019-01-24,00:00,0.0,1009.1,1009.3,1007.4,-9999,24.2,21.5,25.3,24.2,21.7,20.7,85,76,85,95,5.8,2.4,N,PA,TOME ACU,A213,-2.59249999,-48.36055555,42.95
139,2019-01-24,04:00,0.0,1007.6,1008.0,1007.6,-9999,23.1,22.1,23.5,23.1,22.2,22.1,94,93,94,243,0.0,0.0,N,PA,TOME ACU,A213,-2.59249999,-48.36055555,42.95
140,2019-01-24,08:00,0.0,1006.2,1006.3,1006.1,-9999,22.6,21.8,22.8,22.6,22.0,21.8,95,95,95,31,0.9,0.0,N,PA,TOME ACU,A213,-2.59249999,-48.36055555,42.95
141,2019-01-24,12:00,0.0,1008.5,1008.6,1008.3,1214,26.8,23.7,26.8,24.2,23.7,22.5,92,83,83,31,4.5,1.6,N,PA,TOME ACU,A213,-2.59249999,-48.36055555,42.95
142,2019-01-24,16:00,0.0,1007.5,1008.5,1007.5,2210,30.6,22.5,30.9,29.5,23.3,21.4,69,57,62,20,6.6,2.2,N,PA,TOME ACU,A213,-2.59249999,-48.36055555,42.95
143,2019-01-24,20:00,0.0,1004.8,1005.2,1004.8,990,27.5,22.1,29.3,27.2,24.6,21.0,77,67,72,10,7.1,0.9,N,PA,TOME ACU,A213,-2.59249999,-48.36055555,42.95
144,2019-01-25,00:00,10.0,1008.0,1008.1,1006.7,1,23.9,23.1,25.8,23.9,24.2,23.1,95,91,95,119,6.8,2.3,N,PA,TOME ACU,A213,-2.59249999,-48.36055555,42.95
145,2019-01-25,04:00,6.8,1008.3,1008.8,1008.2,-9999,22.5,21.8,22.5,22.4,21.8,21.6,96,95,96,17,3.3,0.9,N,PA,TOME ACU,A213,-2.59249999,-48.36055555,42.95
146,2019-01-25,08:00,3.6,1006.4,1006.6,1006.3,-9999,22.5,21.8,22.6,22.5,21.9,21.8,96,96,96,248,1.4,0.0,N,PA,TOME ACU,A213,-2.59249999,-48.36055555,42.95
147,2019-01-25,12:00,0.0,1009.4,1009.4,1008.9,1205,24.7,23.2,24.7,23.1,23.2,22.4,96,91,91,315,2.9,1.2,N,PA,TOME ACU,A213,-2.59249999,-48.36055555,42.95
148,2019-01-25,16:00,0.0,1007.4,1008.7,1007.4,2729,29.4,22.7,29.7,28.5,23.5,21.9,75,63,67,7,3.5,0.9,N,PA,TOME ACU,A213,-2.59249999,-48.36055555,42.95
149,2019-01-25,20:00,1.4,1005.0,1005.4,1004.9,449,26.2,24.5,27.9,25.8,24.6,23.9,91,79,91,339,6.5,0.7,N,PA,TOME ACU,A213,-2.59249999,-48.36055555,42.95
150,2019-01-26,00:00,0.0,1007.8,1007.8,1006.9,-9999,24.2,23.1,24.3,24.2,23.2,22.9,94,92,94,139,3.4,0.2,N,PA,TOME ACU,A213,-2.59249999,-48.36055555,42.95
151,2019-01-26,04:00,0.0,1008.2,1008.7,1008.1,-9999,23.8,22.9,24.1,23.8,23.2,22.9,95,95,95,87,1.7,0.2,N,PA,TOME ACU,A213,-2.59249999,-48.36055555,42.95
152,2019-01-26,08:00,0.0,1007.4,1007.5,1007.3,-9999,23.4,22.6,23.5,23.3,22.7,22.6,95,95,95,216,1.3,0.0,N,PA,TOME ACU,A213,-2.59249999,-48.36055555,42.95
153,2019-01-26,12:00,0.0,1009.8,1009.9,1009.7,1024,24.6,22.0,24.9,23.8,23.2,21.9,95,84,85,59,3.0,1.5,N,PA,TOME ACU,A213,-2.59249999,-48.36055555,42.95
154,2019-01-26,16:00,0.0,1008.0,1009.2,1008.0,2261,29.2,22.5,29.4,27.9,23.5,22.3,75,66,67,46,5.2,1.7,N,PA,TOME ACU,A213,-2.59249999,-48.36055555,42.95
155,2019-01-26,20:00,0.2,1006.0,1006.2,1005.8,165,24.5,23.3,24.7,24.5,23.5,23.1,94,92,93,294,2.7,1.0,N,PA,TOME ACU,A213,-2.59249999,-48.36055555,42.95
156,2019-01-27,00:00,0.0,1007.4,1007.4,1006.7,-9999,24.0,23.2,24.0,23.9,23.2,23.0,95,95,95,89,1.7,0.3,N,PA,TOME ACU,A213,-2.59249999,-48.36055555,42.95
157,2019-01-27,04:00,0.0,1007.3,1007.5,1007.2,-9999,23.6,22.8,23.8,23.6,22.9,22.7,95,95,95,178,1.3,0.0,N,PA,TOME ACU,A213,-2.59249999,-48.36055555,42.95
158,2019-01-27,08:00,0.0,1006.9,1006.9,1006.2,-9999,23.4,22.7,23.5,23.4,22.7,22.7,96,96,96,285,0.0,0.0,N,PA,TOME ACU,A213,-2.59249999,-48.36055555,42.95
159,2019-01-27,12:00,0.0,1008.5,1008.6,1007.9,1062,25.5,22.4,25.5,24.4,23.2,22.1,91,82,83,75,3.3,1.5,N,PA,TOME ACU,A213,-2.59249999,-48.36055555,42.95
160,2019-01-27,16:00,0.0,1006.9,1007.6,1006.9,3196,30.5,22.3,30.6,29.8,23.8,21.6,69,60,62,41,5.8,2.7,N,PA,TOME ACU,A213,-2.59249999,-48.36055555,42.95
161,2019-01-27,20:00,0.0,1004.3,1004.4,1004.2,757,29.3,24.0,31.9,29.3,24.1,22.4,74,58,73,128,7.4,1.1,N,PA,TOME ACU,A213,-2.59249999,-48.36055555,42.95
162,2019-01-28,00:00,0.0,1007.7,1007.7,1006.6,-9999,24.6,23.3,24.9,24.6,23.3,23.1,92,90,92,47,2.2,0.6,N,PA,TOME ACU,A213,-2.59249999,-48.36055555,42.95
163,2019-01-28,04:00,0.0,1007.2,1008.0,1007.2,-9999,24.1,23.2,24.4,24.1,23.4,23.2,95,94,94,356,1.7,0.1,N,PA,TOME ACU,A213,-2.59249999,-48.36055555,42.95
164,2019-01-28,08:00,0.0,1005.7,1005.8,1005.6,-9999,23.7,22.7,23.9,23.6,23.0,22.6,95,94,94,94,1.3,0.4,N,PA,TOME ACU,A213,-2.59249999,-48.36055555,42.95
165,2019-01-28,12:00,0.0,1007.5,1007.5,1007.2,683,25.3,23.3,25.4,24.3,23.5,22.8,92,88,89,103,2.6,1.2,N,PA,TOME ACU,A213,-2.59249999,-48.36055555,42.95
166,2019-01-28,16:00,0.0,1006.1,1006.7,1006.1,2681,30.0,23.3,30.1,28.0,24.1,22.7,79,65,68,66,6.7,3.4,N,PA,TOME ACU,A213,-2.59249999,-48.36055555,42.95
167,2019-01-28,20:00,0.0,1003.5,1003.6,1003.4,1197,31.3,23.2,32.2,31.3,23.8,22.4,64,57,62,74,4.0,1.3,N,PA,TOME ACU,A213,-2.59249999,-48.36055555,42.95
168,2019-01-29,00:00,0.2,1007.5,1007.5,1006.2,-9999,24.4,23.3,24.5,24.4,23.4,23.0,94,92,94,318,1.9,0.0,N,PA,TOME ACU,A213,-2.59249999,-48.36055555,42.95
169,2019-01-29,04:00,0.0,1007.1,1007.8,1007.1,-9999,23.6,22.7,23.7,23.6,22.9,22.6,95,94,95,117,1.2,0.0,N,PA,TOME ACU,A213,-2.59249999,-48.36055555,42.95
170,2019-01-29,08:00,0.0,1006.3,1006.3,1006.0,-9999,23.1,22.4,23.4,23.1,22.6,22.4,96,95,96,162,1.0,0.0,N,PA,TOME ACU,A213,-2.59249999,-48.36055555,42.95
171,2019-01-29,12:00,0.2,1007.3,1007.3,1007.0,1217,26.3,23.2,26.4,24.2,23.7,22.9,93,83,83,66,2.2,0.9,N,PA,TOME ACU,A213,-2.59249999,-48.36055555,42.95
172,2019-01-29,16:00,0.0,1006.0,1006.9,1006.0,2932,30.8,24.0,31.4,29.7,24.5,22.9,73,61,67,51,5.8,2.3,N,PA,TOME ACU,A213,-2.59249999,-48.36055555,42.95
173,2019-01-29,20:00,0.0,1003.0,1003.4,1003.0,1061,30.2,23.1,32.5,29.1,24.1,22.5,74,55,66,334,5.4,0.7,N,PA,TOME ACU,A213,-2.59249999,-48.36055555,42.95
174,2019-01-30,00:00,5.2,1006.5,1006.6,1005.6,-9999,24.2,23.1,24.5,24.2,23.4,23.0,94,92,93,332,3.1,1.4,N,PA,TOME ACU,A213,-2.59249999,-48.36055555,42.95
175,2019-01-30,04:00,0.0,1006.9,1007.4,1006.8,-9999,24.1,23.3,24.3,24.1,23.5,23.3,95,95,95,230,1.1,0.1,N,PA,TOME ACU,A213,-2.59249999,-48.36055555,42.95
176,2019-01-30,08:00,0.0,1005.7,1005.7,1005.6,-9999,23.2,22.6,23.4,23.2,22.7,22.5,96,96,96,192,0.6,0.0,N,PA,TOME ACU,A213,-2.59249999,-48.36055555,42.95
177,2019-01-30,12:00,0.0,1007.7,1007.7,1007.2,812,25.6,24.2,25.6,24.4,24.2,23.6,95,92,92,51,3.0,1.3,N,PA,TOME ACU,A213,-2.59249999,-48.36055555,42.95
178,2019-01-30,16:00,0.0,1005.9,1006.9,1005.9,2352,30.9,23.4,31.2,29.8,24.2,22.7,71,61,64,78,5.8,2.8,N,PA,TOME ACU,A213,-2.59249999,-48.36055555,42.95
179,2019-01-30,20:00,0.0,1003.0,1003.3,1002.8,1466,32.8,23.4,33.0,32.6,23.9,22.4,60,54,58,47,4.9,1.6,N,PA,TOME ACU,A213,-2.59249999,-48.36055555,42.95
180,2019-01-31,00:00,0.6,1006.6,1006.6,1005.3,-9999,24.9,22.7,26.9,24.9,23.2,22.0,89,75,88,37,6.3,2.3,N,PA,TOME ACU,A213,-2.59249999,-48.36055555,42.95
181,2019-01-31,04:00,0.0,1007.5,1008.1,1007.5,-9999,23.8,22.5,23.8,23.7,22.6,22.4,93,92,93,173,3.9,0.1,N,PA,TOME ACU,A213,-2.59249999,-48.36055555,42.95
182,2019-01-31,08:00,0.0,1005.0,1005.0,1004.7,-9999,23.4,22.6,23.5,23.3,22.7,22.5,95,95,95,146,1.9,0.0,N,PA,TOME ACU,A213,-2.59249999,-48.36055555,42.95
183,2019-01-31,12:00,0.0,1008.0,1008.0,1007.5,1204,26.5,23.8,26.6,25.1,24.2,23.1,91,85,86,53,3.1,1.6,N,PA,TOME ACU,A213,-2.59249999,-48.36055555,42.95
184,2019-01-31,16:00,0.0,1006.8,1007.7,1006.8,2060,30.3,23.7,30.6,29.1,24.0,23.1,73,66,68,62,6.0,2.5,N,PA,TOME ACU,A213,-2.59249999,-48.36055555,42.95
185,2019-01-31,20:00,0.0,1003.0,1003.3,1002.9,1374,31.9,24.5,32.1,31.6,24.7,23.2,65,60,65,19,4.3,1.2,N,PA,TOME ACU,A213,-2.59249999,-48.36055555,42.95
186,2019-02-01,00:00,0.4,1006.3,1006.3,1005.3,-9999,25.0,23.6,26.0,25.0,24.4,23.2,92,89,92,294,2.7,0.9,N,PA,TOME ACU,A213,-2.59249999,-48.36055555,42.95
187,2019-02-01,04:00,0.8,1007.6,1008.6,1007.4,-9999,22.4,21.4,23.2,22.2,22.0,20.3,94,88,94,75,10.6,1.5,N,PA,TOME ACU,A213,-2.59249999,-48.36055555,42.95
188,2019-02-01,08:00,0.2,1005.6,1006.0,1005.5,-9999,22.4,21.6,22.5,22.3,21.7,21.5,95,95,95,83,2.5,0.2,N,PA,TOME ACU,A213,-2.59249999,-48.36055555,42.95
189,2019-02-01,12:00,0.0,1008.4,1008.4,1007.8,618,23.6,22.5,23.6,22.8,22.5,22.0,95,93,93,89,1.7,0.4,N,PA,TOME ACU,A213,-2.59249999,-48.36055555,42.95
190,2019-02-01,16:00,0.2,1006.8,1007.8,1006.8,2708,29.8,22.2,29.9,28.3,23.4,22.2,76,64,64,72,6.0,2.8,N,PA,TOME ACU,A213,-2.59249999,-48.36055555,42.95
191,2019-02-01,20:00,0.0,1004.2,1004.5,1004.2,1051,30.7,22.6,31.6,29.8,24.8,22.3,74,56,62,28,4.1,1.0,N,PA,TOME ACU,A213,-2.59249999,-48.36055555,42.95
192,2019-02-02,00:00,0.2,1006.5,1006.6,1006.2,-9999,22.9,21.4,23.6,22.9,21.9,21.3,92,90,91,34,4.1,0.9,N,PA,TOME ACU,A213,-2.59249999,-48.36055555,42.95
193,2019-02-02,04:00,0.0,1008.1,1008.4,1007.9,-9999,22.7,21.7,22.8,22.7,21.8,21.7,94,94,94,347,1.3,0.2,N,PA,TOME ACU,A213,-2.59249999,-48.36055555,42.95
194,2019-02-02,08:00,0.0,1005.6,1006.7,1005.5,-9999,21.7,20.8,21.9,21.7,20.9,20.6,95,93,95,239,1.8,0.5,N,PA,TOME ACU,A213,-2.59249999,-48.36055555,42.95
195,2019-02-02,12:00,0.2,1008.7,1008.7,1007.8,675,23.2,21.1,23.3,22.4,21.6,20.9,94,87,88,316,2.5,0.3,N,PA,TOME ACU,A213,-2.59249999,-48.36055555,42.95
196,2019-02-02,16:00,0.0,1007.7,1008.8,1007.7,3503,28.5,20.7,28.5,26.8,21.9,20.1,73,62,63,43,5.2,2.3,N,PA,TOME ACU,A213,-2.59249999,-48.36055555,42.95
197,2019-02-02,20:00,0.0,1004.5,1004.7,1004.4,1106,29.2,22.5,29.2,28.6,22.8,21.7,71,66,67,75,3.0,1.1,N,PA,TOME ACU,A213,-2.59249999,-48.36055555,42.95
198,2019-02-03,00:00,0.0,1006.9,1006.9,1006.3,-9999,25.4,24.1,25.9,25.4,24.4,24.1,93,92,93,50,0.9,0.0,N,PA,TOME ACU,A213,-2.59249999,-48.36055555,42.95
199,2019-02-03,04:00,0.0,1008.1,1009.2,1008.1,-9999,22.2,21.0,22.9,22.2,21.6,21.0,94,93,93,99,11.0,3.6,N,PA,TOME ACU,A213,-2.59249999,-48.36055555,42.95
200,2019-02-03,08:00,0.0,1006.4,1006.5,1006.3,-9999,22.0,21.2,22.1,22.0,21.2,21.1,95,95,95,4,2.6,0.4,N,PA,TOME ACU,A213,-2.59249999,-48.36055555,42.95
201,2019-02-03,12:00,0.0,1009.1,1009.3,1008.2,471,23.1,21.5,23.1,22.5,21.7,21.3,94,91,91,81,1.6,0.3,N,PA,TOME ACU,A213,-2.59249999,-48.36055555,42.95
202,2019-02-03,16:00,0.2,1007.8,1008.3,1007.8,1791,26.5,22.0,26.5,25.3,22.2,21.3,83,75,77,167,3.6,1.3,N,PA,TOME ACU,A213,-2.59249999,-48.36055555,42.95
203,2019-02-03,20:00,0.0,1005.5,1005.5,1005.2,702,28.2,23.8,28.4,27.9,24.2,21.7,78,69,77,180,2.0,0.6,N,PA,TOME ACU,A213,-2.59249999,-48.36055555,42.95
204,2019-02-04,00:00,0.0,1006.8,1006.8,1005.8,-9999,25.3,24.2,25.5,25.1,24.3,24.0,94,93,94,342,0.0,0.0,N,PA,TOME ACU,A213,-2.59249999,-48.36055555,42.95
205,2019-02-04,04:00,0.0,1006.5,1007.3,1006.5,-9999,24.6,23.7,24.9,24.6,23.8,23.7,95,94,95,79,0.0,0.0,N,PA,TOME ACU,A213,-2.59249999,-48.36055555,42.95
206,2019-02-04,08:00,0.0,1005.6,1005.6,1005.4,-9999,23.7,22.8,23.8,23.7,22.9,22.8,95,94,95,228,0.9,0.0,N,PA,TOME ACU,A213,-2.59249999,-48.36055555,42.95
207,2019-02-04,12:00,0.0,1007.7,1007.7,1006.7,1427,26.9,22.5,26.9,25.0,23.2,21.9,87,77,77,55,3.8,1.6,N,PA,TOME ACU,A213,-2.59249999,-48.36055555,42.95
208,2019-02-04,16:00,0.0,1006.1,1007.1,1006.1,3134,30.4,22.6,30.8,29.3,23.9,21.7,73,59,63,10,5.5,1.8,N,PA,TOME ACU,A213,-2.59249999,-48.36055555,42.95
209,2019-02-04,20:00,0.0,1004.2,1004.2,1002.7,1307,28.7,24.4,31.4,28.7,24.9,23.4,78,64,78,31,11.3,3.6,N,PA,TOME ACU,A213,-2.59249999,-48.36055555,42.95
210,2019-02-05,00:00,0.0,1005.6,1005.6,1004.9,-9999,24.5,23.4,24.7,24.5,23.7,23.3,94,93,93,70,3.3,0.0,N,PA,TOME ACU,A213,-2.59249999,-48.36055555,42.95
211,2019-02-05,04:00,0.0,1006.3,1006.9,1006.3,-9999,24.2,23.3,24.5,24.2,23.6,23.3,95,95,95,67,0.8,0.0,N,PA,TOME ACU,A213,-2.59249999,-48.36055555,42.95
212,2019-02-05,08:00,0.0,1005.5,1005.5,1005.2,-9999,23.7,23.0,23.7,23.5,23.0,22.7,96,95,96,203,0.6,0.0,N,PA,TOME ACU,A213,-2.59249999,-48.36055555,42.95
213,2019-02-05,12:00,0.0,1007.6,1007.6,1006.8,1076,25.8,23.5,26.2,24.7,24.7,23.3,95,86,87,13,2.5,1.3,N,PA,TOME ACU,A213,-2.59249999,-48.36055555,42.95
214,2019-02-05,16:00,0.0,1006.2,1007.5,1006.2,3335,30.8,23.5,30.8,29.4,24.7,23.2,75,65,65,45,4.0,1.3,N,PA,TOME ACU,A213,-2.59249999,-48.36055555,42.95
215,2019-02-05,20:00,0.0,1002.9,1003.0,1002.7,1080,30.4,24.4,30.6,28.4,26.5,23.3,87,66,70,203,5.2,0.2,N,PA,TOME ACU,A213,-2.59249999,-48.36055555,42.95
216,2019-02-06,00:00,0.0,1006.7,1006.7,1005.4,-9999,24.0,23.0,24.1,23.8,23.1,22.7,94,93,94,280,1.8,0.5,N,PA,TOME ACU,A213,-2.59249999,-48.36055555,42.95
217,2019-02-06,04:00,0.0,1007.0,1007.1,1006.9,-9999,24.0,23.2,24.0,23.9,23.2,23.1,95,95,95,159,1.5,0.3,N,PA,TOME ACU,A213,-2.59249999,-48.36055555,42.95
218,2019-02-06,08:00,0.0,1005.8,1005.9,1005.7,-9999,22.9,22.0,23.3,22.9,22.4,22.0,95,94,95,61,3.1,1.6,N,PA,TOME ACU,A213,-2.59249999,-48.36055555,42.95
219,2019-02-06,12:00,0.0,1007.5,1007.5,1006.9,749,24.1,22.4,24.2,23.3,22.8,22.2,94,90,90,80,2.4,1.4,N,PA,TOME ACU,A213,-2.59249999,-48.36055555,42.95
220,2019-02-06,16:00,0.4,1006.0,1007.1,1006.0,1766,29.3,24.2,30.0,28.9,24.5,22.9,75,67,74,38,3.0,1.1,N,PA,TOME ACU,A213,-2.59249999,-48.36055555,42.95
221,2019-02-06,20:00,0.0,1004.1,1004.3,1002.7,504,25.7,24.4,29.1,25.7,25.1,23.6,92,73,92,37,11.8,4.9,N,PA,TOME ACU,A213,-2.59249999,-48.36055555,42.95
222,2019-02-07,00:00,0.0,1005.8,1005.8,1004.9,-9999,24.6,23.7,24.6,24.5,23.8,23.7,95,95,95,20,2.8,0.7,N,PA,TOME ACU,A213,-2.59249999,-48.36055555,42.95
223,2019-02-07,04:00,0.8,1006.0,1006.7,1006.0,-9999,24.0,23.2,24.0,23.8,23.2,23.0,95,95,95,263,0.0,0.0,N,PA,TOME ACU,A213,-2.59249999,-48.36055555,42.95
224,2019-02-07,08:00,0.0,1004.2,1004.2,1003.8,-9999,23.9,23.2,24.0,23.8,23.2,23.1,96,96,96,254,1.2,0.0,N,PA,TOME ACU,A213,-2.59249999,-48.36055555,42.95
225,2019-02-07,12:00,0.0,1007.2,1007.2,1005.7,748,25.4,23.9,25.4,24.8,24.3,23.7,95,91,91,40,1.6,0.1,N,PA,TOME ACU,A213,-2.59249999,-48.36055555,42.95
226,2019-02-07,16:00,0.0,1005.1,1006.1,1005.1,674,26.4,24.5,26.6,25.5,25.2,23.9,93,89,89,2,5.1,0.3,N,PA,TOME ACU,A213,-2.59249999,-48.36055555,42.95
227,2019-02-07,20:00,1.0,1002.8,1003.0,1002.5,1082,26.7,23.5,27.1,26.1,24.8,23.4,90,82,83,40,3.4,1.4,N,PA,TOME ACU,A213,-2.59249999,-48.36055555,42.95
228,2019-02-08,00:00,0.0,1005.2,1005.2,1004.2,-9999,23.9,22.8,24.1,23.8,22.9,22.7,94,93,94,61,1.8,0.3,N,PA,TOME ACU,A213,-2.59249999,-48.36055555,42.95
229,2019-02-08,04:00,0.0,1005.3,1005.7,1005.3,-9999,24.1,23.1,24.1,23.9,23.1,23.0,95,94,95,142,0.0,0.0,N,PA,TOME ACU,A213,-2.59249999,-48.36055555,42.95
230,2019-02-08,08:00,0.0,1003.6,1003.6,1003.2,-9999,23.3,22.5,23.4,23.2,22.6,22.4,96,95,96,266,0.0,0.0,N,PA,TOME ACU,A213,-2.59249999,-48.36055555,42.95
231,2019-02-08,12:00,0.0,1006.3,1006.3,1005.7,1406,26.3,23.2,26.3,24.9,23.6,22.7,92,83,83,81,3.7,1.6,N,PA,TOME ACU,A213,-2.59249999,-48.36055555,42.95
232,2019-02-08,16:00,0.0,1004.3,1005.5,1004.3,2864,30.6,23.3,30.8,29.0,24.5,22.4,77,62,65,79,5.4,2.4,N,PA,TOME ACU,A213,-2.59249999,-48.36055555,42.95
233,2019-02-08,20:00,0.0,1002.7,1002.7,1002.2,340,26.1,24.8,26.2,25.7,25.0,24.3,93,92,93,345,2.0,0.0,N,PA,TOME ACU,A213,-2.59249999,-48.36055555,42.95
234,2019-02-09,00:00,0.0,1005.4,1005.5,1004.4,-9999,24.2,23.0,25.7,24.2,24.6,22.9,94,90,93,73,10.9,0.8,N,PA,TOME ACU,A213,-2.59249999,-48.36055555,42.95
235,2019-02-09,04:00,0.0,1004.5,1005.3,1004.5,-9999,23.9,23.1,24.0,23.9,23.1,23.0,95,95,95,135,0.0,0.0,N,PA,TOME ACU,A213,-2.59249999,-48.36055555,42.95
236,2019-02-09,08:00,0.0,1004.3,1004.3,1004.0,-9999,22.9,22.2,23.3,22.9,22.4,22.2,95,95,95,328,0.0,0.0,N,PA,TOME ACU,A213,-2.59249999,-48.36055555,42.95
237,2019-02-09,12:00,0.0,1006.6,1006.6,1005.9,1145,24.9,23.0,24.9,23.8,23.3,22.5,95,88,89,90,2.3,0.9,N,PA,TOME ACU,A213,-2.59249999,-48.36055555,42.95
238,2019-02-09,16:00,0.0,1004.9,1006.2,1004.9,2380,28.9,23.3,29.8,28.4,24.2,22.7,77,68,72,22,5.0,0.8,N,PA,TOME ACU,A213,-2.59249999,-48.36055555,42.95
239,2019-02-09,20:00,0.0,1003.1,1003.1,1002.5,339,26.2,24.3,28.0,26.0,25.3,24.0,90,83,89,51,5.1,1.4,N,PA,TOME ACU,A213,-2.59249999,-48.36055555,42.95
240,2019-02-10,00:00,0.0,1005.0,1005.1,1004.7,-9999,24.4,23.1,24.9,24.4,23.7,23.1,94,92,92,342,1.4,0.0,N,PA,TOME ACU,A213,-2.59249999,-48.36055555,42.95
241,2019-02-10,04:00,0.0,1005.6,1006.1,1005.6,-9999,23.5,22.7,23.6,23.4,22.7,22.5,95,95,95,267,0.0,0.0,N,PA,TOME ACU,A213,-2.59249999,-48.36055555,42.95
242,2019-02-10,08:00,0.0,1004.5,1004.5,1004.3,-9999,23.4,22.6,23.5,23.4,22.7,22.6,95,95,95,199,0.0,0.0,N,PA,TOME ACU,A213,-2.59249999,-48.36055555,42.95
243,2019-02-10,12:00,0.0,1006.9,1006.9,1006.0,840,25.7,23.5,25.8,25.0,24.0,23.4,94,87,87,24,1.7,0.3,N,PA,TOME ACU,A213,-2.59249999,-48.36055555,42.95
244,2019-02-10,16:00,0.0,1005.7,1006.4,1005.7,3000,30.0,23.1,30.4,29.0,24.1,22.6,73,63,67,28,5.4,1.7,N,PA,TOME ACU,A213,-2.59249999,-48.36055555,42.95
245,2019-02-10,20:00,0.0,1002.0,1002.3,1002.0,973,31.9,22.1,32.5,31.3,25.2,22.0,70,55,56,62,3.2,0.6,N,PA,TOME ACU,A213,-2.59249999,-48.36055555,42.95
246,2019-02-11,00:00,0.0,1005.7,1005.7,1004.9,-9999,25.9,23.0,26.9,25.9,23.3,22.8,84,80,84,45,7.7,1.0,N,PA,TOME ACU,A213,-2.59249999,-48.36055555,42.95
247,2019-02-11,04:00,0.0,1005.7,1006.2,1005.7,-9999,24.1,22.9,24.4,24.1,23.0,22.8,93,91,93,30,1.2,0.0,N,PA,TOME ACU,A213,-2.59249999,-48.36055555,42.95
248,2019-02-11,08:00,0.0,1004.8,1004.8,1004.5,-9999,22.9,22.0,23.1,22.9,22.2,22.0,95,94,95,151,0.0,0.0,N,PA,TOME ACU,A213,-2.59249999,-48.36055555,42.95
249,2019-02-11,12:00,0.0,1007.6,1007.6,1007.0,846,25.6,23.9,25.6,24.1,24.1,23.3,95,91,91,67,2.9,0.8,N,PA,TOME ACU,A213,-2.59249999,-48.36055555,42.95
250,2019-02-11,16:00,0.0,1005.6,1006.8,1005.6,3275,30.1,23.9,30.1,28.4,24.6,22.5,79,66,69,64,6.8,2.2,N,PA,TOME ACU,A213,-2.59249999,-48.36055555,42.95
251,2019-02-11,20:00,0.0,1002.2,1002.3,1002.1,1528,32.0,23.0,32.0,31.2,25.3,22.8,70,58,59,51,4.4,1.0,N,PA,TOME ACU,A213,-2.59249999,-48.36055555,42.95
252,2019-02-12,00:00,0.0,1006.2,1006.2,1005.4,-9999,24.7,23.5,24.8,24.6,23.7,23.4,93,92,93,324,2.5,0.0,N,PA,TOME ACU,A213,-2.59249999,-48.36055555,42.95
253,2019-02-12,04:00,0.0,1006.1,1006.7,1006.1,-9999,23.7,22.8,24.0,23.7,23.1,22.8,95,94,95,290,0.0,0.0,N,PA,TOME ACU,A213,-2.59249999,-48.36055555,42.95
254,2019-02-12,08:00,0.0,1005.3,1005.3,1005.1,-9999,22.9,22.1,23.3,22.9,22.5,22.1,95,95,95,310,0.0,0.0,N,PA,TOME ACU,A213,-2.59249999,-48.36055555,42.95
255,2019-02-12,12:00,0.0,1008.5,1008.5,1007.6,711,25.0,23.4,25.0,24.3,23.7,23.2,95,91,91,91,1.8,0.3,N,PA,TOME ACU,A213,-2.59249999,-48.36055555,42.95
256,2019-02-12,16:00,0.0,1005.9,1006.8,1005.9,3020,29.8,24.2,30.5,29.2,24.7,23.5,75,67,72,31,6.4,2.4,N,PA,TOME ACU,A213,-2.59249999,-48.36055555,42.95
257,2019-02-12,20:00,0.0,1003.6,1003.6,1002.8,940,29.9,25.5,30.3,29.8,26.1,23.9,79,70,77,336,6.5,1.1,N,PA,TOME ACU,A213,-2.59249999,-48.36055555,42.95
258,2019-02-13,00:00,0.0,1006.9,1006.9,1006.0,-9999,24.4,23.4,24.5,24.4,23.4,23.3,94,93,94,217,1.6,0.0,N,PA,TOME ACU,A213,-2.59249999,-48.36055555,42.95
259,2019-02-13,04:00,0.0,1007.4,1007.8,1007.4,-9999,23.2,21.9,25.2,23.2,24.2,21.9,94,91,93,112,5.8,1.6,N,PA,TOME ACU,A213,-2.59249999,-48.36055555,42.95
260,2019-02-13,08:00,0.0,1006.6,1006.6,1005.6,-9999,23.5,22.7,23.5,23.4,22.7,22.6,95,95,95,268,1.3,0.0,N,PA,TOME ACU,A213,-2.59249999,-48.36055555,42.95
261,2019-02-13,12:00,0.0,1008.7,1008.8,1008.4,1021,25.7,23.7,25.8,24.1,24.1,23.1,95,89,89,47,1.9,0.1,N,PA,TOME ACU,A213,-2.59249999,-48.36055555,42.95
262,2019-02-13,16:00,0.0,1007.0,1008.1,1006.9,924,28.0,24.3,28.0,27.7,24.4,23.6,82,78,81,57,3.5,1.5,N,PA,TOME ACU,A213,-2.59249999,-48.36055555,42.95
263,2019-02-13,20:00,0.0,1004.8,1005.1,1004.6,774,29.4,24.4,29.8,29.3,24.7,24.0,76,71,75,65,3.7,1.1,N,PA,TOME ACU,A213,-2.59249999,-48.36055555,42.95
264,2019-02-14,00:00,0.0,1007.3,1007.3,1005.9,-9999,23.5,22.4,23.6,23.4,22.4,22.2,94,93,94,290,1.2,0.0,N,PA,TOME ACU,A213,-2.59249999,-48.36055555,42.95
265,2019-02-14,04:00,0.0,1007.3,1007.6,1007.3,-9999,23.2,22.3,23.2,23.1,22.3,22.2,95,94,95,47,0.5,0.0,N,PA,TOME ACU,A213,-2.59249999,-48.36055555,42.95
266,2019-02-14,08:00,0.0,1006.5,1006.7,1006.4,-9999,22.9,22.1,23.0,22.9,22.2,22.1,95,95,95,191,0.0,0.0,N,PA,TOME ACU,A213,-2.59249999,-48.36055555,42.95
267,2019-02-14,12:00,0.0,1008.7,1008.8,1008.2,1152,25.7,23.5,25.7,23.9,23.7,23.1,95,88,88,63,3.8,0.7,N,PA,TOME ACU,A213,-2.59249999,-48.36055555,42.95
268,2019-02-14,16:00,0.0,1006.9,1007.8,1006.9,2691,27.7,23.6,29.4,27.7,25.9,23.5,88,74,78,81,8.1,2.2,N,PA,TOME ACU,A213,-2.59249999,-48.36055555,42.95
269,2019-02-14,20:00,0.0,1006.3,1006.7,1005.6,253,23.7,22.5,26.9,23.7,24.5,22.2,93,85,93,69,13.9,2.9,N,PA,TOME ACU,A213,-2.59249999,-48.36055555,42.95
270,2019-02-15,00:00,0.0,1008.6,1008.6,1008.1,-9999,22.9,21.8,22.9,22.8,21.8,21.6,94,93,94,29,3.0,0.0,N,PA,TOME ACU,A213,-2.59249999,-48.36055555,42.95
271,2019-02-15,04:00,0.0,1008.9,1009.6,1008.9,-9999,22.8,22.0,22.9,22.7,22.0,21.9,95,95,95,295,0.5,0.0,N,PA,TOME ACU,A213,-2.59249999,-48.36055555,42.95
272,2019-02-15,08:00,0.0,1006.6,1006.6,1006.4,-9999,22.7,21.9,22.7,22.6,22.0,21.9,96,95,96,13,0.4,0.0,N,PA,TOME ACU,A213,-2.59249999,-48.36055555,42.95
273,2019-02-15,12:00,0.0,1008.8,1008.8,1008.2,843,24.5,22.3,24.5,23.4,22.9,22.0,94,88,88,303,1.3,0.0,N,PA,TOME ACU,A213,-2.59249999,-48.36055555,42.95
274,2019-02-15,16:00,0.0,1007.6,1008.7,1007.6,1703,28.7,24.0,28.8,27.7,24.3,23.3,79,74,76,16,4.4,1.0,N,PA,TOME ACU,A213,-2.59249999,-48.36055555,42.95
275,2019-02-15,20:00,0.0,1004.8,1005.0,1004.7,459,27.5,25.6,29.8,27.0,25.9,24.0,90,70,90,237,7.4,0.0,N,PA,TOME ACU,A213,-2.59249999,-48.36055555,42.95
276,2019-02-16,00:00,0.0,1008.1,1008.1,1006.1,1,23.2,22.3,26.0,23.2,25.0,22.3,95,91,95,51,9.8,3.9,N,PA,TOME ACU,A213,-2.59249999,-48.36055555,42.95
277,2019-02-16,04:00,0.0,1007.5,1008.2,1007.5,-9999,22.8,22.0,22.9,22.7,22.0,21.9,95,95,95,129,0.0,0.0,N,PA,TOME ACU,A213,-2.59249999,-48.36055555,42.95
278,2019-02-16,08:00,0.0,1006.7,1006.7,1006.3,-9999,22.1,21.3,22.4,22.1,21.6,21.3,96,95,96,207,0.0,0.0,N,PA,TOME ACU,A213,-2.59249999,-48.36055555,42.95
279,2019-02-16,12:00,0.0,1008.6,1008.7,1007.9,1222,25.8,23.3,25.9,23.8,23.6,22.8,94,86,86,52,2.8,0.8,N,PA,TOME ACU,A213,-2.59249999,-48.36055555,42.95
280,2019-02-16,16:00,0.0,1006.8,1007.9,1006.8,2267,30.0,23.0,30.2,28.5,24.4,23.0,76,66,66,4,5.0,2.0,N,PA,TOME ACU,A213,-2.59249999,-48.36055555,42.95
281,2019-02-16,20:00,0.0,1003.2,1003.4,1003.2,955,31.3,23.3,31.9,30.7,24.3,22.8,67,59,63,322,3.9,0.1,N,PA,TOME ACU,A213,-2.59249999,-48.36055555,42.95
282,2019-02-17,00:00,0.0,1006.6,1006.6,1005.5,-9999,25.6,24.4,26.0,25.6,24.7,24.4,93,92,93,338,5.4,0.7,N,PA,TOME ACU,A213,-2.59249999,-48.36055555,42.95
283,2019-02-17,04:00,0.0,1007.9,1008.1,1007.6,-9999,23.5,22.4,25.4,23.5,24.4,22.4,94,92,93,78,9.1,4.3,N,PA,TOME ACU,A213,-2.59249999,-48.36055555,42.95
284,2019-02-17,08:00,0.0,1006.2,1006.2,1005.7,-9999,22.8,21.9,22.8,22.7,21.9,21.8,95,94,95,213,3.3,0.0,N,PA,TOME ACU,A213,-2.59249999,-48.36055555,42.95
285,2019-02-17,12:00,0.0,1008.5,1008.5,1007.6,409,23.7,22.5,23.8,23.3,22.6,22.2,94,93,93,62,1.7,0.3,N,PA,TOME ACU,A213,-2.59249999,-48.36055555,42.95
286,2019-02-17,16:00,0.0,1008.2,1009.2,1008.2,1615,27.4,23.6,27.6,26.3,24.0,23.2,86,78,80,167,2.2,0.2,N,PA,TOME ACU,A213,-2.59249999,-48.36055555,42.95
287,2019-02-17,20:00,0.0,1005.5,1005.6,1005.0,607,28.6,24.9,28.8,28.5,25.0,24.0,81,76,81,65,1.9,0.6,N,PA,TOME ACU,A213,-2.59249999,-48.36055555,42.95
288,2019-02-18,00:00,0.0,1007.3,1007.3,1007.1,-9999,23.6,22.5,23.7,23.6,22.7,22.5,94,94,94,66,1.5,0.0,N,PA,TOME ACU,A213,-2.59249999,-48.36055555,42.95
289,2019-02-18,04:00,0.0,1007.6,1008.1,1007.6,-9999,23.7,22.8,23.8,23.7,22.9,22.8,95,94,95,158,1.5,0.0,N,PA,TOME ACU,A213,-2.59249999,-48.36055555,42.95
290,2019-02-18,08:00,0.0,1005.9,1005.9,1005.7,-9999,24.2,23.4,24.2,24.1,23.4,23.3,95,95,95,83,1.2,0.0,N,PA,TOME ACU,A213,-2.59249999,-48.36055555,42.95
291,2019-02-18,12:00,0.0,1009.5,1009.5,1008.4,520,25.1,23.9,25.1,24.5,24.0,23.5,95,93,93,173,1.8,0.5,N,PA,TOME ACU,A213,-2.59249999,-48.36055555,42.95
292,2019-02-18,16:00,0.0,1008.6,1009.1,1008.6,1055,27.0,23.9,27.1,26.2,24.6,23.4,87,82,83,253,2.1,0.5,N,PA,TOME ACU,A213,-2.59249999,-48.36055555,42.95
293,2019-02-18,20:00,0.0,1005.8,1005.8,1005.6,524,25.0,23.4,25.2,24.8,23.9,23.3,93,91,91,267,4.6,0.3,N,PA,TOME ACU,A213,-2.59249999,-48.36055555,42.95
294,2019-02-19,00:00,0.0,1009.8,1009.8,1009.4,-9999,23.5,22.6,23.5,23.4,22.6,22.5,95,94,95,76,3.5,0.0,N,PA,TOME ACU,A213,-2.59249999,-48.36055555,42.95
295,2019-02-19,04:00,0.0,1008.1,1009.3,1008.1,-9999,23.1,22.4,23.2,23.1,22.4,22.3,96,95,96,263,0.0,0.0,N,PA,TOME ACU,A213,-2.59249999,-48.36055555,42.95
296,2019-02-19,08:00,0.0,1006.2,1006.6,1006.0,-9999,22.8,22.1,22.9,22.8,22.2,22.1,96,96,96,106,1.6,0.0,N,PA,TOME ACU,A213,-2.59249999,-48.36055555,42.95
297,2019-02-19,12:00,0.0,1008.7,1008.7,1007.9,747,24.0,22.4,24.2,23.4,22.7,22.1,94,90,91,263,1.5,0.4,N,PA,TOME ACU,A213,-2.59249999,-48.36055555,42.95
298,2019-02-19,16:00,0.0,1007.5,1008.3,1007.5,2098,28.2,23.4,28.4,27.2,24.0,22.9,82,75,75,61,3.0,0.3,N,PA,TOME ACU,A213,-2.59249999,-48.36055555,42.95
299,2019-02-19,20:00,0.0,1004.3,1004.4,1004.0,226,26.7,24.6,27.4,26.7,24.9,24.4,88,85,88,304,2.4,0.5,N,PA,TOME ACU,A213,-2.59249999,-48.36055555,42.95
300,2019-02-20,00:00,0.0,1006.4,1007.0,1006.2,-9999,24.1,22.6,24.8,24.1,23.6,22.4,93,90,91,77,5.4,1.7,N,PA,TOME ACU,A213,-2.59249999,-48.36055555,42.95
301,2019-02-20,04:00,0.0,1006.7,1007.4,1006.7,-9999,23.6,22.6,23.7,23.6,22.6,22.5,94,94,94,280,1.3,0.0,N,PA,TOME ACU,A213,-2.59249999,-48.36055555,42.95
302,2019-02-20,08:00,0.0,1006.1,1006.1,1005.5,-9999,23.8,22.9,23.9,23.8,22.9,22.7,94,94,94,111,0.5,0.0,N,PA,TOME ACU,A213,-2.59249999,-48.36055555,42.95
303,2019-02-20,12:00,0.0,1008.5,1008.5,1007.5,748,25.5,23.3,25.6,24.9,23.5,22.9,90,87,87,84,2.4,0.9,N,PA,TOME ACU,A213,-2.59249999,-48.36055555,42.95
304,2019-02-20,16:00,0.0,1006.7,1007.6,1006.7,2177,29.8,23.1,30.0,29.0,23.5,22.4,72,64,68,51,4.9,2.2,N,PA,TOME ACU,A213,-2.59249999,-48.36055555,42.95
305,2019-02-20,20:00,0.0,1002.6,1002.9,1002.6,1417,30.8,23.8,32.0,30.8,23.8,22.3,67,57,67,115,2.9,1.2,N,PA,TOME ACU,A213,-2.59249999,-48.36055555,42.95
306,2019-02-21,00:00,0.0,1006.0,1006.0,1004.8,-9999,26.2,24.2,26.8,26.2,25.2,24.0,92,87,89,40,5.8,2.2,N,PA,TOME ACU,A213,-2.59249999,-48.36055555,42.95
307,2019-02-21,04:00,0.0,1005.9,1006.4,1005.8,-9999,24.5,23.3,24.8,24.5,23.4,23.3,93,92,93,43,1.6,0.0,N,PA,TOME ACU,A213,-2.59249999,-48.36055555,42.95
308,2019-02-21,08:00,0.0,1005.5,1005.5,1005.3,-9999,24.2,23.3,24.4,24.2,23.4,23.3,95,94,94,189,0.0,0.0,N,PA,TOME ACU,A213,-2.59249999,-48.36055555,42.95
309,2019-02-21,12:00,0.0,1008.1,1008.1,1007.2,554,25.9,24.1,25.9,24.9,24.2,23.8,93,89,89,335,2.0,0.2,N,PA,TOME ACU,A213,-2.59249999,-48.36055555,42.95
310,2019-02-21,16:00,0.0,1006.8,1007.8,1006.8,2734,29.6,23.2,30.0,28.6,24.8,23.1,77,68,69,21,4.7,1.4,N,PA,TOME ACU,A213,-2.59249999,-48.36055555,42.95
311,2019-02-21,20:00,0.0,1004.0,1004.0,1003.4,649,29.2,24.7,29.5,28.5,25.4,22.6,80,67,77,1,3.6,0.2,N,PA,TOME ACU,A213,-2.59249999,-48.36055555,42.95
312,2019-02-22,00:00,0.0,1008.5,1008.5,1007.8,-9999,24.3,23.1,24.3,24.3,23.1,23.0,93,92,93,360,3.4,0.7,N,PA,TOME ACU,A213,-2.59249999,-48.36055555,42.95
313,2019-02-22,04:00,0.0,1008.4,1009.0,1008.4,-9999,24.0,23.0,24.2,24.0,23.2,23.0,95,94,95,341,1.2,0.0,N,PA,TOME ACU,A213,-2.59249999,-48.36055555,42.95
314,2019-02-22,08:00,0.0,1007.0,1007.0,1006.8,-9999,23.6,22.8,23.8,23.6,22.9,22.8,95,95,95,296,1.3,0.0,N,PA,TOME ACU,A213,-2.59249999,-48.36055555,42.95
315,2019-02-22,12:00,0.0,1008.8,1008.9,1008.5,587,24.7,23.4,24.8,24.0,23.8,23.1,95,92,92,29,2.7,0.2,N,PA,TOME ACU,A213,-2.59249999,-48.36055555,42.95
316,2019-02-22,16:00,0.0,1007.5,1008.3,1007.5,3978,29.9,22.4,30.1,28.5,23.6,22.1,74,63,64,126,3.7,1.3,N,PA,TOME ACU,A213,-2.59249999,-48.36055555,42.95
317,2019-02-22,20:00,0.0,1005.4,1005.5,1004.8,268,25.4,21.9,31.2,25.4,25.6,21.9,86,61,81,74,7.7,2.8,N,PA,TOME ACU,A213,-2.59249999,-48.36055555,42.95
318,2019-02-23,00:00,0.0,1008.4,1008.5,1007.5,-9999,24.3,23.4,25.1,24.2,24.0,23.4,95,93,95,9,6.9,0.8,N,PA,TOME ACU,A213,-2.59249999,-48.36055555,42.95
319,2019-02-23,04:00,0.0,1008.0,1008.7,1008.0,-9999,24.1,23.2,24.1,24.0,23.2,23.2,95,95,95,314,1.5,0.0,N,PA,TOME ACU,A213,-2.59249999,-48.36055555,42.95
320,2019-02-23,08:00,0.0,1006.5,1006.6,1006.4,-9999,24.1,23.3,24.1,24.0,23.3,23.1,95,95,95,73,3.4,0.8,N,PA,TOME ACU,A213,-2.59249999,-48.36055555,42.95
321,2019-02-23,12:00,0.0,1008.0,1008.0,1007.3,1570,26.3,21.7,26.3,25.0,23.7,21.3,91,76,76,58,3.3,2.0,N,PA,TOME ACU,A213,-2.59249999,-48.36055555,42.95
322,2019-02-23,16:00,0.0,1006.9,1007.7,1006.9,2610,29.9,21.6,30.2,29.0,23.7,21.6,72,61,61,105,3.8,1.3,N,PA,TOME ACU,A213,-2.59249999,-48.36055555,42.95
323,2019-02-23,20:00,0.0,1002.9,1003.0,1002.7,1685,31.1,21.9,31.6,30.6,23.4,21.3,64,56,58,66,7.1,1.8,N,PA,TOME ACU,A213,-2.59249999,-48.36055555,42.95
324,2019-02-24,00:00,0.0,1006.8,1006.8,1005.6,-9999,25.3,23.9,27.0,25.3,24.4,23.9,92,85,92,306,5.3,1.1,N,PA,TOME ACU,A213,-2.59249999,-48.36055555,42.95
325,2019-02-24,04:00,0.0,1007.4,1007.8,1007.4,-9999,24.5,23.5,24.7,24.5,23.7,23.5,94,94,94,280,2.3,0.2,N,PA,TOME ACU,A213,-2.59249999,-48.36055555,42.95
326,2019-02-24,08:00,0.0,1006.2,1006.2,1005.9,-9999,23.5,22.7,23.6,23.4,22.7,22.6,95,95,95,199,0.0,0.0,N,PA,TOME ACU,A213,-2.59249999,-48.36055555,42.95
327,2019-02-24,12:00,0.0,1008.3,1008.3,1007.3,1042,25.3,22.8,25.3,24.5,23.6,22.5,94,86,86,57,3.3,0.6,N,PA,TOME ACU,A213,-2.59249999,-48.36055555,42.95
328,2019-02-24,16:00,0.0,1006.2,1007.2,1006.2,2726,29.0,23.5,29.3,27.3,25.2,23.2,84,70,72,65,6.6,2.6,N,PA,TOME ACU,A213,-2.59249999,-48.36055555,42.95
329,2019-02-24,20:00,0.0,1003.8,1003.8,1002.5,800,25.7,24.4,31.8,25.7,24.7,22.5,93,59,92,56,11.6,2.8,N,PA,TOME ACU,A213,-2.59249999,-48.36055555,42.95
330,2019-02-25,00:00,0.0,1006.7,1006.7,1005.8,-9999,24.6,23.7,24.6,24.5,23.7,23.5,95,94,95,107,1.6,0.0,N,PA,TOME ACU,A213,-2.59249999,-48.36055555,42.95
331,2019-02-25,04:00,0.0,1006.6,1007.4,1006.6,-9999,24.4,23.4,24.5,24.3,23.5,23.4,95,94,95,318,1.4,0.0,N,PA,TOME ACU,A213,-2.59249999,-48.36055555,42.95
332,2019-02-25,08:00,0.0,1005.9,1005.9,1005.3,-9999,23.9,23.1,24.2,23.9,23.4,23.1,95,95,95,104,1.7,0.0,N,PA,TOME ACU,A213,-2.59249999,-48.36055555,42.95
333,2019-02-25,12:00,0.0,1008.1,1008.1,1007.5,640,24.7,23.4,24.8,24.2,23.7,23.3,95,92,92,81,1.5,0.2,N,PA,TOME ACU,A213,-2.59249999,-48.36055555,42.95
334,2019-02-25,16:00,0.0,1006.5,1007.4,1006.5,1843,28.7,23.2,28.8,27.7,23.7,22.6,78,70,72,3,3.4,0.7,N,PA,TOME ACU,A213,-2.59249999,-48.36055555,42.95
335,2019-02-25,20:00,6.2,1003.5,1004.1,1003.5,1326,30.7,23.4,30.8,30.3,24.2,22.6,69,62,65,100,2.7,0.3,N,PA,TOME ACU,A213,-2.59249999,-48.36055555,42.95
336,2019-02-26,00:00,0.0,1006.2,1006.2,1005.6,-9999,23.3,22.2,23.3,23.1,22.2,21.9,94,93,94,27,2.5,0.0,N,PA,TOME ACU,A213,-2.59249999,-48.36055555,42.95
337,2019-02-26,04:00,0.0,1007.0,1007.5,1007.0,-9999,23.2,22.3,23.2,23.1,22.3,22.2,95,95,95,176,0.5,0.0,N,PA,TOME ACU,A213,-2.59249999,-48.36055555,42.95
338,2019-02-26,08:00,0.0,1006.2,1006.2,1005.9,-9999,23.5,22.7,23.6,23.5,22.7,22.6,95,95,95,326,1.0,0.0,N,PA,TOME ACU,A213,-2.59249999,-48.36055555,42.95
339,2019-02-26,12:00,0.0,1009.0,1009.0,1008.0,599,24.7,23.5,24.7,24.2,23.6,23.3,95,92,93,217,2.7,0.0,N,PA,TOME ACU,A213,-2.59249999,-48.36055555,42.95
340,2019-02-26,16:00,0.0,1007.1,1008.3,1007.1,2032,27.7,22.9,28.2,27.3,24.0,22.9,80,74,75,55,3.5,0.8,N,PA,TOME ACU,A213,-2.59249999,-48.36055555,42.95
341,2019-02-26,20:00,0.0,1006.0,1006.3,1004.6,446,23.3,22.2,27.5,23.3,24.3,22.2,94,76,94,48,12.2,2.3,N,PA,TOME ACU,A213,-2.59249999,-48.36055555,42.95
342,2019-02-27,00:00,0.0,1008.5,1008.6,1008.1,-9999,23.6,22.6,23.8,23.6,22.8,22.6,95,94,95,225,0.4,0.0,N,PA,TOME ACU,A213,-2.59249999,-48.36055555,42.95
343,2019-02-27,04:00,0.0,1008.3,1009.0,1008.3,-9999,23.4,22.6,23.6,23.4,22.7,22.6,95,95,95,338,0.0,0.0,N,PA,TOME ACU,A213,-2.59249999,-48.36055555,42.95
344,2019-02-27,08:00,0.0,1007.1,1007.1,1006.6,-9999,23.0,22.3,23.2,23.0,22.5,22.3,96,96,96,222,0.0,0.0,N,PA,TOME ACU,A213,-2.59249999,-48.36055555,42.95
345,2019-02-27,12:00,0.0,1009.3,1009.3,1008.5,560,24.0,23.1,24.0,23.4,23.1,22.7,96,95,95,273,1.0,0.0,N,PA,TOME ACU,A213,-2.59249999,-48.36055555,42.95
346,2019-02-27,16:00,0.0,1007.6,1008.6,1007.6,2222,28.0,24.0,28.5,27.9,24.2,22.2,80,69,79,68,4.4,1.1,N,PA,TOME ACU,A213,-2.59249999,-48.36055555,42.95
347,2019-02-27,20:00,0.0,1005.2,1005.4,1005.0,46,23.7,22.6,25.8,23.7,24.1,22.5,94,89,94,315,4.9,1.1,N,PA,TOME ACU,A213,-2.59249999,-48.36055555,42.95
348,2019-02-28,00:00,0.0,1008.6,1008.6,1007.7,-9999,23.8,22.8,23.9,23.7,22.9,22.7,94,94,94,73,1.9,0.0,N,PA,TOME ACU,A213,-2.59249999,-48.36055555,42.95
349,2019-02-28,04:00,0.0,1007.9,1008.6,1007.9,-9999,23.5,22.7,23.7,23.5,22.8,22.7,95,95,95,212,0.0,0.0,N,PA,TOME ACU,A213,-2.59249999,-48.36055555,42.95
350,2019-02-28,08:00,0.0,1007.5,1007.5,1007.0,-9999,23.6,22.9,23.7,23.6,22.9,22.8,95,95,95,249,0.0,0.0,N,PA,TOME ACU,A213,-2.59249999,-48.36055555,42.95
351,2019-02-28,12:00,0.0,1010.3,1010.3,1009.8,514,24.8,23.5,24.9,24.2,23.7,23.2,95,92,92,318,1.1,0.0,N,PA,TOME ACU,A213,-2.59249999,-48.36055555,42.95
352,2019-02-28,16:00,0.0,1008.7,1009.4,1008.7,1000,26.5,24.4,28.1,26.5,24.6,22.3,89,73,88,186,2.9,0.7,N,PA,TOME ACU,A213,-2.59249999,-48.36055555,42.95
353,2019-02-28,20:00,0.0,1005.7,1005.7,1005.2,888,27.4,23.9,27.8,27.2,24.2,23.1,83,77,81,333,3.3,0.2,N,PA,TOME ACU,A213,-2.59249999,-48.36055555,42.95
354,2019-03-01,00:00,0.0,1009.3,1009.3,1008.4,-9999,25.3,24.0,25.5,25.2,24.1,23.8,93,91,93,68,1.3,0.0,N,PA,TOME ACU,A213,-2.59249999,-48.36055555,42.95
355,2019-03-01,04:00,0.0,1009.0,1009.8,1009.0,-9999,23.9,23.0,24.0,23.9,23.1,22.9,95,94,94,101,2.0,0.0,N,PA,TOME ACU,A213,-2.59249999,-48.36055555,42.95
356,2019-03-01,08:00,0.0,1008.1,1008.1,1008.0,-9999,23.5,22.7,23.7,23.5,22.8,22.6,95,95,95,191,0.4,0.0,N,PA,TOME ACU,A213,-2.59249999,-48.36055555,42.95
357,2019-03-01,12:00,0.0,1011.0,1011.0,1010.3,680,24.6,23.2,24.6,23.8,23.3,22.8,95,91,92,90,1.1,0.1,N,PA,TOME ACU,A213,-2.59249999,-48.36055555,42.95
358,2019-03-01,16:00,0.0,1009.7,1010.8,1009.7,1535,25.4,22.5,25.6,24.1,23.3,22.4,92,84,84,36,3.6,1.4,N,PA,TOME ACU,A213,-2.59249999,-48.36055555,42.95
359,2019-03-01,20:00,0.0,1007.1,1007.5,1007.1,610,25.8,22.9,26.0,25.8,22.9,21.8,84,78,84,320,2.5,0.6,N,PA,TOME ACU,A213,-2.59249999,-48.36055555,42.95
360,2019-03-02,00:00,0.0,1009.3,1009.3,1008.4,-9999,23.7,22.7,24.0,23.7,23.0,22.7,94,94,94,158,0.0,0.0,N,PA,TOME ACU,A213,-2.59249999,-48.36055555,42.95
361,2019-03-02,04:00,0.0,1009.1,1009.9,1009.1,-9999,22.7,21.8,23.1,22.7,22.3,21.8,95,95,95,243,0.0,0.0,N,PA,TOME ACU,A213,-2.59249999,-48.36055555,42.95
362,2019-03-02,08:00,0.0,1008.0,1008.1,1007.9,-9999,21.7,20.9,22.1,21.7,21.4,20.9,96,96,96,199,0.0,0.0,N,PA,TOME ACU,A213,-2.59249999,-48.36055555,42.95
363,2019-03-02,12:00,0.0,1010.7,1010.7,1010.0,1384,25.3,21.8,25.3,23.8,22.6,21.3,92,80,81,20,3.9,1.2,N,PA,TOME ACU,A213,-2.59249999,-48.36055555,42.95
364,2019-03-02,16:00,0.0,1008.8,1010.0,1008.8,3382,29.8,22.5,29.8,27.9,22.9,20.9,72,62,65,69,3.7,1.4,N,PA,TOME ACU,A213,-2.59249999,-48.36055555,42.95
365,2019-03-02,20:00,0.0,1004.8,1005.2,1004.8,1158,30.2,22.0,30.7,29.8,22.8,21.4,64,58,62,95,3.3,0.1,N,PA,TOME ACU,A213,-2.59249999,-48.36055555,42.95
366,2019-03-03,00:00,0.0,1008.1,1008.1,1007.3,-9999,25.5,23.9,26.7,25.5,24.1,23.6,91,84,91,48,5.7,2.1,N,PA,TOME ACU,A213,-2.59249999,-48.36055555,42.95
367,2019-03-03,04:00,0.0,1008.9,1009.3,1008.8,-9999,24.3,23.2,24.7,24.3,23.6,23.2,94,93,93,42,2.2,0.3,N,PA,TOME ACU,A213,-2.59249999,-48.36055555,42.95
368,2019-03-03,08:00,0.0,1006.9,1006.9,1006.4,-9999,24.1,23.2,24.1,24.0,23.2,23.1,95,94,94,22,2.0,0.0,N,PA,TOME ACU,A213,-2.59249999,-48.36055555,42.95
369,2019-03-03,12:00,0.0,1009.9,1009.9,1008.8,718,25.1,22.9,25.1,24.5,23.6,22.7,93,88,88,42,3.9,1.2,N,PA,TOME ACU,A213,-2.59249999,-48.36055555,42.95
370,2019-03-03,16:00,0.0,1007.6,1008.8,1007.6,2589,29.5,22.7,30.4,28.2,24.4,22.2,73,64,67,17,4.3,1.3,N,PA,TOME ACU,A213,-2.59249999,-48.36055555,42.95
371,2019-03-03,20:00,0.0,1005.1,1005.1,1004.7,686,27.2,23.9,28.8,27.2,24.0,23.0,82,72,82,39,6.5,2.9,N,PA,TOME ACU,A213,-2.59249999,-48.36055555,42.95
372,2019-03-04,00:00,0.0,1007.7,1007.7,1007.0,-9999,24.6,23.4,24.8,24.6,23.5,23.3,93,92,93,358,1.6,0.0,N,PA,TOME ACU,A213,-2.59249999,-48.36055555,42.95
373,2019-03-04,04:00,0.0,1008.0,1008.7,1008.0,-9999,24.2,23.1,24.2,24.1,23.1,22.9,94,93,94,38,0.0,0.0,N,PA,TOME ACU,A213,-2.59249999,-48.36055555,42.95
374,2019-03-04,08:00,0.0,1006.8,1006.9,1006.5,-9999,23.6,22.7,23.7,23.6,22.9,22.7,95,95,95,44,0.9,0.0,N,PA,TOME ACU,A213,-2.59249999,-48.36055555,42.95
375,2019-03-04,12:00,0.0,1009.5,1009.5,1008.8,973,25.8,23.2,25.8,24.4,23.2,22.5,90,85,86,12,3.1,0.9,N,PA,TOME ACU,A213,-2.59249999,-48.36055555,42.95
376,2019-03-04,16:00,0.0,1007.7,1008.9,1007.7,2135,29.3,22.5,29.6,28.6,23.5,21.7,73,63,67,349,3.5,0.3,N,PA,TOME ACU,A213,-2.59249999,-48.36055555,42.95
377,2019-03-04,20:00,0.0,1005.1,1005.6,1005.1,714,26.8,23.8,28.4,26.8,23.9,22.5,84,72,83,352,4.9,0.5,N,PA,TOME ACU,A213,-2.59249999,-48.36055555,42.95
378,2019-03-05,00:00,0.0,1008.6,1008.6,1007.4,-9999,24.5,23.3,24.5,24.4,23.4,23.2,94,93,94,58,1.7,0.2,N,PA,TOME ACU,A213,-2.59249999,-48.36055555,42.95
379,2019-03-05,04:00,0.0,1008.7,1009.4,1008.7,-9999,24.2,23.2,24.3,24.1,23.3,23.1,94,94,94,84,0.7,0.0,N,PA,TOME ACU,A213,-2.59249999,-48.36055555,42.95
380,2019-03-05,08:00,0.0,1007.7,1007.7,1007.4,-9999,23.8,22.9,23.8,23.7,22.9,22.8,95,94,95,53,1.6,0.2,N,PA,TOME ACU,A213,-2.59249999,-48.36055555,42.95
381,2019-03-05,12:00,0.0,1010.2,1010.2,1009.3,598,24.6,22.9,24.7,23.9,23.2,22.4,93,90,91,18,2.2,0.6,N,PA,TOME ACU,A213,-2.59249999,-48.36055555,42.95
382,2019-03-05,16:00,0.0,1008.3,1009.4,1008.3,2522,28.8,22.3,28.8,27.6,23.3,22.2,77,68,68,35,5.5,1.4,N,PA,TOME ACU,A213,-2.59249999,-48.36055555,42.95
383,2019-03-05,20:00,0.0,1004.6,1004.7,1004.4,1378,28.7,24.1,31.0,28.7,24.1,21.7,77,59,77,331,4.8,1.8,N,PA,TOME ACU,A213,-2.59249999,-48.36055555,42.95
384,2019-03-06,00:00,0.0,1009.3,1009.3,1007.8,-9999,24.3,23.3,24.5,24.2,23.4,23.1,94,93,94,15,5.3,0.0,N,PA,TOME ACU,A213,-2.59249999,-48.36055555,42.95
385,2019-03-06,04:00,0.0,1009.4,1009.8,1009.4,-9999,24.1,23.2,24.2,24.0,23.3,23.1,95,95,95,210,0.0,0.0,N,PA,TOME ACU,A213,-2.59249999,-48.36055555,42.95
386,2019-03-06,08:00,0.0,1007.4,1007.4,1007.1,-9999,23.5,22.7,23.7,23.5,22.9,22.7,95,95,95,255,0.5,0.0,N,PA,TOME ACU,A213,-2.59249999,-48.36055555,42.95
387,2019-03-06,12:00,0.4,1010.9,1010.9,1010.0,664,24.7,23.4,24.7,24.0,23.6,23.2,95,92,93,89,0.8,0.0,N,PA,TOME ACU,A213,-2.59249999,-48.36055555,42.95
388,2019-03-06,16:00,0.0,1008.5,1009.7,1008.5,1952,27.4,23.4,28.3,26.8,23.6,22.1,82,71,79,173,3.7,0.8,N,PA,TOME ACU,A213,-2.59249999,-48.36055555,42.95
389,2019-03-06,20:00,0.0,1006.2,1006.2,1005.8,389,26.7,24.7,27.0,26.6,24.7,23.8,89,83,89,342,2.1,0.0,N,PA,TOME ACU,A213,-2.59249999,-48.36055555,42.95
390,2019-03-07,00:00,0.0,1009.8,1009.8,1008.7,-9999,24.4,23.4,25.1,24.3,23.9,23.3,94,93,94,23,4.9,0.3,N,PA,TOME ACU,A213,-2.59249999,-48.36055555,42.95
391,2019-03-07,04:00,0.0,1009.2,1009.9,1009.2,-9999,23.8,22.9,24.0,23.8,23.1,22.9,95,95,95,221,0.0,0.0,N,PA,TOME ACU,A213,-2.59249999,-48.36055555,42.95
392,2019-03-07,08:00,0.0,1008.3,1008.3,1008.0,-9999,23.2,22.4,23.7,23.1,22.9,22.4,95,95,95,42,3.1,0.0,N,PA,TOME ACU,A213,-2.59249999,-48.36055555,42.95
393,2019-03-07,12:00,0.0,1011.4,1011.4,1010.7,280,24.1,23.1,24.1,23.5,23.1,22.7,95,95,95,219,0.0,0.0,N,PA,TOME ACU,A213,-2.59249999,-48.36055555,42.95
394,2019-03-07,16:00,3.8,1010.2,1011.2,1010.1,1758,26.8,23.2,26.9,25.5,23.8,22.5,85,79,81,265,2.8,0.5,N,PA,TOME ACU,A213,-2.59249999,-48.36055555,42.95
395,2019-03-07,20:00,0.0,1006.5,1007.2,1006.5,324,25.4,23.9,25.5,25.3,24.0,23.7,92,91,91,354,1.9,0.0,N,PA,TOME ACU,A213,-2.59249999,-48.36055555,42.95
396,2019-03-08,00:00,0.0,1008.5,1008.5,1007.9,-9999,24.0,23.1,24.2,23.9,23.2,22.9,94,94,94,2,0.0,0.0,N,PA,TOME ACU,A213,-2.59249999,-48.36055555,42.95
397,2019-03-08,04:00,0.0,1008.6,1009.6,1008.6,-9999,23.5,22.7,23.7,23.5,22.9,22.7,95,95,95,212,0.6,0.0,N,PA,TOME ACU,A213,-2.59249999,-48.36055555,42.95
398,2019-03-08,08:00,0.0,1007.3,1007.5,1007.3,-9999,23.2,22.4,23.3,23.2,22.5,22.4,95,95,95,140,0.9,0.0,N,PA,TOME ACU,A213,-2.59249999,-48.36055555,42.95
399,2019-03-08,12:00,0.0,1009.2,1009.2,1008.6,812,24.8,23.2,24.8,23.7,23.4,22.9,95,90,91,87,1.1,0.1,N,PA,TOME ACU,A213,-2.59249999,-48.36055555,42.95
400,2019-03-08,16:00,0.0,1007.5,1008.2,1007.5,2481,29.4,23.2,29.6,28.3,23.7,22.2,74,66,69,52,3.4,0.8,N,PA,TOME ACU,A213,-2.59249999,-48.36055555,42.95
401,2019-03-08,20:00,0.0,1004.2,1004.6,1004.2,1001,29.4,25.2,29.4,27.4,26.5,24.8,91,78,78,206,1.2,0.0,N,PA,TOME ACU,A213,-2.59249999,-48.36055555,42.95
402,2019-03-09,00:00,0.0,1006.9,1006.9,1006.4,-9999,25.0,23.4,25.2,24.9,23.4,23.2,91,89,91,40,4.1,1.0,N,PA,TOME ACU,A213,-2.59249999,-48.36055555,42.95
403,2019-03-09,04:00,0.0,1006.9,1007.7,1006.7,-9999,24.4,23.5,24.8,24.4,23.8,23.5,95,94,95,33,1.0,0.0,N,PA,TOME ACU,A213,-2.59249999,-48.36055555,42.95
404,2019-03-09,08:00,0.0,1005.8,1006.1,1005.8,-9999,23.9,23.1,24.0,23.9,23.3,23.1,95,95,95,37,0.0,0.0,N,PA,TOME ACU,A213,-2.59249999,-48.36055555,42.95
405,2019-03-09,12:00,0.0,1008.5,1008.5,1007.6,839,25.5,23.5,25.6,25.0,24.1,23.4,95,89,89,55,3.1,1.0,N,PA,TOME ACU,A213,-2.59249999,-48.36055555,42.95
406,2019-03-09,16:00,0.0,1006.4,1007.7,1006.4,3017,30.3,22.9,30.6,28.8,24.1,22.6,75,63,65,30,4.6,1.7,N,PA,TOME ACU,A213,-2.59249999,-48.36055555,42.95
407,2019-03-09,20:00,0.0,1002.6,1003.0,1002.5,1007,31.6,24.3,32.5,31.5,24.6,21.8,67,54,65,50,2.9,0.0,N,PA,TOME ACU,A213,-2.59249999,-48.36055555,42.95
408,2019-03-10,00:00,0.0,1007.5,1007.5,1006.1,-9999,23.8,22.7,24.1,23.8,23.0,22.7,94,94,94,328,2.5,0.7,N,PA,TOME ACU,A213,-2.59249999,-48.36055555,42.95
409,2019-03-10,04:00,0.0,1007.2,1008.0,1007.2,-9999,23.5,22.6,23.7,23.5,22.8,22.5,95,94,95,75,1.2,0.1,N,PA,TOME ACU,A213,-2.59249999,-48.36055555,42.95
410,2019-03-10,08:00,0.0,1005.6,1006.0,1005.5,-9999,23.6,22.8,23.7,23.6,22.9,22.7,95,95,95,1,2.0,0.0,N,PA,TOME ACU,A213,-2.59249999,-48.36055555,42.95
411,2019-03-10,12:00,0.0,1008.0,1008.1,1007.5,518,24.7,23.3,24.7,23.9,23.3,22.8,94,91,92,11,1.4,0.0,N,PA,TOME ACU,A213,-2.59249999,-48.36055555,42.95
412,2019-03-10,16:00,0.0,1006.3,1007.4,1006.3,2624,29.7,23.8,29.7,28.1,24.7,23.2,81,70,71,122,5.3,1.0,N,PA,TOME ACU,A213,-2.59249999,-48.36055555,42.95
413,2019-03-10,20:00,0.0,1002.8,1003.1,1002.8,1104,28.0,23.6,29.3,28.0,23.9,22.5,78,69,77,347,3.1,0.0,N,PA,TOME ACU,A213,-2.59249999,-48.36055555,42.95
414,2019-03-11,00:00,0.0,1007.1,1007.1,1006.3,-9999,23.8,22.9,23.9,23.7,23.0,22.7,95,94,94,73,3.8,0.9,N,PA,TOME ACU,A213,-2.59249999,-48.36055555,42.95
415,2019-03-11,04:00,0.0,1005.7,1007.4,1005.7,-9999,23.1,22.3,23.3,23.1,22.4,22.3,95,95,95,13,1.5,0.1,N,PA,TOME ACU,A213,-2.59249999,-48.36055555,42.95
416,2019-03-11,08:00,0.0,1004.6,1004.6,1004.4,-9999,22.8,22.0,23.0,22.8,22.2,22.0,95,95,95,207,0.0,0.0,N,PA,TOME ACU,A213,-2.59249999,-48.36055555,42.95
417,2019-03-11,12:00,0.0,1008.1,1008.1,1007.3,364,24.1,23.0,24.1,23.4,23.0,22.5,95,94,94,132,0.8,0.0,N,PA,TOME ACU,A213,-2.59249999,-48.36055555,42.95
418,2019-03-11,16:00,0.0,1006.1,1007.4,1006.1,2451,28.9,23.3,29.2,27.5,24.1,22.8,82,69,72,66,4.1,0.9,N,PA,TOME ACU,A213,-2.59249999,-48.36055555,42.95
419,2019-03-11,20:00,0.0,1003.4,1003.4,1002.8,968,26.7,22.4,27.4,26.2,23.4,22.2,85,75,77,36,7.1,2.1,N,PA,TOME ACU,A213,-2.59249999,-48.36055555,42.95
420,2019-03-12,00:00,0.0,1006.1,1006.1,1005.2,-9999,25.1,23.5,25.2,25.1,23.6,23.2,91,89,91,43,1.1,0.0,N,PA,TOME ACU,A213,-2.59249999,-48.36055555,42.95
421,2019-03-12,04:00,0.0,1006.0,1006.6,1006.0,-9999,24.4,23.3,24.6,24.4,23.4,23.2,93,92,93,65,0.0,0.0,N,PA,TOME ACU,A213,-2.59249999,-48.36055555,42.95
422,2019-03-12,08:00,0.0,1005.5,1005.6,1005.4,-9999,22.2,21.4,22.2,22.1,21.4,21.1,95,94,95,255,0.0,0.0,N,PA,TOME ACU,A213,-2.59249999,-48.36055555,42.95
423,2019-03-12,12:00,0.0,1007.9,1007.9,1007.3,1314,25.7,23.5,25.8,22.9,24.0,22.0,95,88,88,284,2.7,0.5,N,PA,TOME ACU,A213,-2.59249999,-48.36055555,42.95
424,2019-03-12,16:00,0.0,1005.7,1006.8,1005.7,2218,29.6,24.4,30.2,28.8,25.0,22.6,79,65,73,290,3.8,0.4,N,PA,TOME ACU,A213,-2.59249999,-48.36055555,42.95
425,2019-03-12,20:00,0.0,1004.4,1004.4,1003.4,67,25.8,24.7,26.2,25.8,25.2,24.7,94,93,93,345,4.0,0.5,N,PA,TOME ACU,A213,-2.59249999,-48.36055555,42.95
426,2019-03-13,00:00,0.0,1007.8,1007.9,1006.4,-9999,24.8,23.8,25.0,24.8,24.1,23.8,95,94,94,104,2.6,0.8,N,PA,TOME ACU,A213,-2.59249999,-48.36055555,42.95
427,2019-03-13,04:00,0.0,1008.2,1009.0,1008.2,-9999,22.9,22.0,23.0,22.9,22.2,21.9,95,95,95,227,0.0,0.0,N,PA,TOME ACU,A213,-2.59249999,-48.36055555,42.95
428,2019-03-13,08:00,0.0,1006.7,1006.9,1006.6,-9999,22.8,22.1,22.9,22.8,22.2,22.1,96,96,96,272,0.0,0.0,N,PA,TOME ACU,A213,-2.59249999,-48.36055555,42.95
429,2019-03-13,12:00,0.0,1008.5,1008.5,1008.1,907,24.3,22.5,24.3,23.5,22.5,22.1,93,89,90,298,2.0,0.1,N,PA,TOME ACU,A213,-2.59249999,-48.36055555,42.95
430,2019-03-13,16:00,0.0,1006.9,1008.1,1006.9,2337,29.4,22.7,29.5,28.1,23.7,22.4,75,67,67,30,3.5,1.4,N,PA,TOME ACU,A213,-2.59249999,-48.36055555,42.95
431,2019-03-13,20:00,0.0,1004.6,1004.6,1003.5,1508,31.5,23.0,31.5,30.6,24.0,22.4,66,59,61,57,3.9,1.6,N,PA,TOME ACU,A213,-2.59249999,-48.36055555,42.95
432,2019-03-14,00:00,0.0,1007.8,1007.8,1006.6,-9999,24.1,23.2,24.3,24.1,23.5,23.2,95,95,95,199,0.3,0.0,N,PA,TOME ACU,A213,-2.59249999,-48.36055555,42.95
433,2019-03-14,04:00,0.0,1008.0,1008.5,1008.0,-9999,24.2,23.3,24.4,24.2,23.5,23.3,95,95,95,81,1.9,0.3,N,PA,TOME ACU,A213,-2.59249999,-48.36055555,42.95
434,2019-03-14,08:00,0.0,1006.5,1006.6,1005.8,-9999,23.8,23.0,23.9,23.8,23.1,23.0,95,95,95,343,1.4,0.1,N,PA,TOME ACU,A213,-2.59249999,-48.36055555,42.95
435,2019-03-14,12:00,0.0,1009.0,1009.1,1008.4,317,24.3,23.3,24.4,24.0,23.5,23.2,95,94,94,58,2.9,0.4,N,PA,TOME ACU,A213,-2.59249999,-48.36055555,42.95
436,2019-03-14,16:00,0.0,1006.5,1007.4,1006.5,2745,29.3,22.6,29.6,28.2,23.3,21.7,73,64,67,93,4.0,1.4,N,PA,TOME ACU,A213,-2.59249999,-48.36055555,42.95
437,2019-03-14,20:00,0.0,1004.1,1004.3,1004.0,916,29.6,23.8,30.9,29.1,24.0,22.3,74,60,71,79,4.1,0.1,N,PA,TOME ACU,A213,-2.59249999,-48.36055555,42.95
438,2019-03-15,00:00,0.0,1005.6,1005.6,1004.7,-9999,25.7,24.4,26.1,25.6,24.6,24.3,93,92,93,231,0.0,0.0,N,PA,TOME ACU,A213,-2.59249999,-48.36055555,42.95
439,2019-03-15,04:00,0.0,1006.0,1007.2,1005.9,-9999,25.3,24.2,25.6,25.3,24.3,24.1,93,92,93,73,1.8,0.2,N,PA,TOME ACU,A213,-2.59249999,-48.36055555,42.95
440,2019-03-15,08:00,0.0,1005.4,1005.5,1005.2,-9999,22.9,22.0,22.9,22.8,22.0,21.9,95,94,95,112,1.5,0.0,N,PA,TOME ACU,A213,-2.59249999,-48.36055555,42.95
441,2019-03-15,12:00,0.0,1008.0,1008.0,1007.6,1241,26.1,23.6,26.3,24.3,23.9,22.8,92,85,86,80,3.2,1.6,N,PA,TOME ACU,A213,-2.59249999,-48.36055555,42.95
442,2019-03-15,16:00,0.0,1005.3,1007.2,1005.3,3043,31.0,23.7,31.0,29.1,24.6,23.3,75,65,65,41,6.0,0.6,N,PA,TOME ACU,A213,-2.59249999,-48.36055555,42.95
443,2019-03-15,20:00,0.0,1003.2,1003.3,1002.8,489,26.4,24.8,26.6,26.1,25.1,24.6,92,90,91,156,2.0,0.0,N,PA,TOME ACU,A213,-2.59249999,-48.36055555,42.95
444,2019-03-16,00:00,0.0,1006.5,1006.5,1005.4,-9999,25.1,24.2,25.4,24.9,24.4,23.9,95,94,95,28,0.0,0.0,N,PA,TOME ACU,A213,-2.59249999,-48.36055555,42.95
445,2019-03-16,04:00,0.0,1005.9,1006.8,1005.9,-9999,24.8,24.0,24.8,24.6,24.0,23.8,95,95,95,274,0.0,0.0,N,PA,TOME ACU,A213,-2.59249999,-48.36055555,42.95
446,2019-03-16,08:00,0.0,1005.8,1005.8,1005.6,-9999,24.6,23.7,24.7,24.6,23.9,23.7,95,95,95,1,0.0,0.0,N,PA,TOME ACU,A213,-2.59249999,-48.36055555,42.95
447,2019-03-16,12:00,0.0,1008.3,1008.4,1007.9,670,26.0,24.1,26.0,25.0,24.4,23.9,94,90,90,26,3.0,1.0,N,PA,TOME ACU,A213,-2.59249999,-48.36055555,42.95
448,2019-03-16,16:00,0.0,1006.5,1007.6,1006.5,2161,28.6,24.5,30.0,28.4,25.5,23.0,83,67,79,312,5.0,0.9,N,PA,TOME ACU,A213,-2.59249999,-48.36055555,42.95
449,2019-03-16,20:00,0.0,1003.0,1003.1,1002.8,792,29.9,24.4,30.5,29.7,24.7,23.7,73,68,73,352,3.5,0.2,N,PA,TOME ACU,A213,-2.59249999,-48.36055555,42.95
450,2019-03-17,00:00,0.0,1006.3,1006.3,1005.2,-9999,26.3,23.5,26.9,26.3,25.0,23.5,91,84,84,318,3.0,0.6,N,PA,TOME ACU,A213,-2.59249999,-48.36055555,42.95
451,2019-03-17,04:00,0.0,1007.8,1008.5,1007.8,-9999,24.3,23.3,24.3,24.2,23.3,23.2,95,94,94,124,2.2,0.0,N,PA,TOME ACU,A213,-2.59249999,-48.36055555,42.95
452,2019-03-17,08:00,0.0,1005.3,1005.8,1005.3,-9999,23.4,22.5,23.6,23.4,22.7,22.5,95,95,95,313,0.4,0.0,N,PA,TOME ACU,A213,-2.59249999,-48.36055555,42.95
453,2019-03-17,12:00,0.0,1008.3,1008.3,1007.4,844,26.0,24.0,26.0,24.2,24.1,23.2,94,88,88,16,1.9,0.6,N,PA,TOME ACU,A213,-2.59249999,-48.36055555,42.95
454,2019-03-17,16:00,0.0,1006.7,1007.8,1006.7,2174,30.2,23.4,30.4,29.5,24.3,22.4,71,64,67,43,3.2,0.5,N,PA,TOME ACU,A213,-2.59249999,-48.36055555,42.95
455,2019-03-17,20:00,0.0,1003.8,1003.8,1003.5,1029,29.5,25.2,30.5,29.3,25.4,24.2,78,70,78,249,3.1,0.8,N,PA,TOME ACU,A213,-2.59249999,-48.36055555,42.95
456,2019-03-18,00:00,0.0,1007.6,1007.6,1006.7,-9999,24.8,23.7,24.8,24.6,23.7,23.3,94,93,94,121,1.6,0.2,N,PA,TOME ACU,A213,-2.59249999,-48.36055555,42.95
457,2019-03-18,04:00,0.0,1006.8,1007.6,1006.8,-9999,24.8,23.8,25.0,24.8,24.1,23.8,94,94,94,355,2.3,0.3,N,PA,TOME ACU,A213,-2.59249999,-48.36055555,42.95
458,2019-03-18,08:00,0.0,1005.7,1005.8,1005.6,-9999,23.9,23.0,24.4,23.9,23.4,23.0,95,94,95,212,0.0,0.0,N,PA,TOME ACU,A213,-2.59249999,-48.36055555,42.95
459,2019-03-18,12:00,0.0,1008.8,1008.8,1008.1,1025,26.3,23.6,26.3,24.7,24.3,23.4,94,85,85,303,1.9,0.0,N,PA,TOME ACU,A213,-2.59249999,-48.36055555,42.95
460,2019-03-18,16:00,0.0,1006.6,1008.2,1006.6,2359,30.2,23.4,30.5,29.7,24.1,21.9,71,63,67,69,3.5,1.1,N,PA,TOME ACU,A213,-2.59249999,-48.36055555,42.95
461,2019-03-18,20:00,0.0,1004.1,1004.1,1003.3,337,26.3,24.4,28.3,26.0,25.1,23.6,89,80,89,20,5.7,1.5,N,PA,TOME ACU,A213,-2.59249999,-48.36055555,42.95
462,2019-03-19,00:00,0.0,1007.8,1007.8,1006.8,-9999,24.4,23.3,24.7,24.4,23.6,23.3,94,93,94,44,2.6,0.4,N,PA,TOME ACU,A213,-2.59249999,-48.36055555,42.95
463,2019-03-19,04:00,0.0,1007.0,1007.7,1006.9,-9999,24.2,23.3,24.2,24.1,23.3,23.2,95,95,95,90,1.6,0.2,N,PA,TOME ACU,A213,-2.59249999,-48.36055555,42.95
464,2019-03-19,08:00,0.0,1004.9,1004.9,1004.7,-9999,24.3,23.5,24.4,24.3,23.5,23.4,95,95,95,273,1.1,0.0,N,PA,TOME ACU,A213,-2.59249999,-48.36055555,42.95
465,2019-03-19,12:00,0.0,1007.2,1007.2,1006.4,1172,26.0,23.3,26.1,24.9,24.2,22.9,94,85,85,343,3.9,0.5,N,PA,TOME ACU,A213,-2.59249999,-48.36055555,42.95
466,2019-03-19,16:00,0.0,1005.5,1007.0,1005.5,3357,30.1,22.8,30.3,28.3,24.3,22.7,80,64,65,101,3.7,1.5,N,PA,TOME ACU,A213,-2.59249999,-48.36055555,42.95
467,2019-03-19,20:00,0.0,1003.8,1003.8,1003.3,146,25.5,24.0,26.8,25.4,24.4,23.7,92,84,91,290,9.7,0.0,N,PA,TOME ACU,A213,-2.59249999,-48.36055555,42.95
468,2019-03-20,00:00,0.0,1006.1,1006.1,1005.2,-9999,25.0,24.1,25.3,24.9,24.3,24.0,95,94,94,54,1.1,0.0,N,PA,TOME ACU,A213,-2.59249999,-48.36055555,42.95
469,2019-03-20,04:00,0.0,1005.8,1007.1,1005.8,-9999,24.6,23.8,24.9,24.6,24.1,23.8,95,95,95,205,1.2,0.0,N,PA,TOME ACU,A213,-2.59249999,-48.36055555,42.95
470,2019-03-20,08:00,0.0,1004.6,1004.7,1004.4,-9999,24.6,23.8,24.6,24.5,23.8,23.7,95,95,95,6,2.6,0.3,N,PA,TOME ACU,A213,-2.59249999,-48.36055555,42.95
471,2019-03-20,12:00,0.0,1007.5,1007.5,1006.5,1285,25.9,23.2,26.1,25.0,23.7,22.9,90,84,85,1,3.1,1.0,N,PA,TOME ACU,A213,-2.59249999,-48.36055555,42.95
472,2019-03-20,16:00,0.0,1005.3,1006.8,1005.3,2772,30.5,23.0,30.6,29.4,24.4,22.8,72,64,64,322,4.7,0.4,N,PA,TOME ACU,A213,-2.59249999,-48.36055555,42.95
473,2019-03-20,20:00,0.0,1003.6,1003.6,1003.1,307,25.5,23.9,27.4,25.4,24.0,23.0,91,78,91,355,9.1,0.7,N,PA,TOME ACU,A213,-2.59249999,-48.36055555,42.95
474,2019-03-21,00:00,0.0,1007.3,1007.3,1006.2,-9999,25.2,24.2,25.3,25.2,24.3,24.2,94,94,94,245,0.0,0.0,N,PA,TOME ACU,A213,-2.59249999,-48.36055555,42.95
475,2019-03-21,04:00,0.0,1007.3,1008.0,1007.3,-9999,24.7,23.9,24.8,24.7,24.0,23.9,95,95,95,207,1.5,0.0,N,PA,TOME ACU,A213,-2.59249999,-48.36055555,42.95
476,2019-03-21,08:00,0.0,1006.3,1006.4,1006.2,-9999,24.5,23.7,24.6,24.4,23.8,23.6,96,95,95,198,1.0,0.0,N,PA,TOME ACU,A213,-2.59249999,-48.36055555,42.95
477,2019-03-21,12:00,0.0,1007.9,1007.9,1007.5,396,25.1,23.8,25.2,24.7,24.0,23.6,94,92,92,140,0.0,0.0,N,PA,TOME ACU,A213,-2.59249999,-48.36055555,42.95
478,2019-03-21,16:00,0.0,1006.3,1007.6,1006.3,2846,29.0,23.3,29.1,27.8,24.5,22.8,79,70,72,291,3.3,0.8,N,PA,TOME ACU,A213,-2.59249999,-48.36055555,42.95
479,2019-03-21,20:00,0.0,1003.4,1003.4,1003.2,698,28.8,24.3,29.3,28.8,24.4,23.2,77,70,77,266,2.3,0.6,N,PA,TOME ACU,A213,-2.59249999,-48.36055555,42.95
480,2019-03-22,00:00,0.0,1006.4,1006.4,1005.4,-9999,25.8,24.0,26.5,25.8,24.5,24.0,90,88,90,341,3.2,0.4,N,PA,TOME ACU,A213,-2.59249999,-48.36055555,42.95
481,2019-03-22,04:00,0.0,1006.7,1007.6,1006.7,-9999,24.7,23.4,24.9,24.7,23.6,23.4,93,92,93,54,2.0,0.0,N,PA,TOME ACU,A213,-2.59249999,-48.36055555,42.95
482,2019-03-22,08:00,0.0,1006.3,1006.3,1005.5,-9999,24.1,23.2,24.4,24.1,23.4,23.2,95,94,95,184,0.0,0.0,N,PA,TOME ACU,A213,-2.59249999,-48.36055555,42.95
483,2019-03-22,12:00,0.0,1008.9,1008.9,1008.3,1297,26.6,22.9,26.7,25.1,23.5,22.6,90,79,81,80,3.2,1.9,N,PA,TOME ACU,A213,-2.59249999,-48.36055555,42.95
484,2019-03-22,16:00,0.0,1006.6,1008.3,1006.6,3023,30.6,22.9,30.8,29.0,23.8,22.2,73,62,63,190,3.4,0.3,N,PA,TOME ACU,A213,-2.59249999,-48.36055555,42.95
485,2019-03-22,20:00,0.0,1005.0,1005.0,1003.9,398,27.5,23.9,30.9,27.5,25.9,23.2,81,63,81,282,4.5,1.9,N,PA,TOME ACU,A213,-2.59249999,-48.36055555,42.95
486,2019-03-23,00:00,0.0,1009.2,1009.2,1008.2,-9999,23.5,22.6,24.1,23.4,23.1,22.5,95,94,95,1,5.4,0.3,N,PA,TOME ACU,A213,-2.59249999,-48.36055555,42.95
487,2019-03-23,04:00,0.0,1008.9,1009.5,1008.9,-9999,23.5,22.7,23.6,23.5,22.8,22.6,95,95,95,148,0.0,0.0,N,PA,TOME ACU,A213,-2.59249999,-48.36055555,42.95
488,2019-03-23,08:00,0.0,1007.5,1007.7,1007.4,-9999,23.4,22.7,23.5,23.3,22.7,22.6,96,95,96,23,0.0,0.0,N,PA,TOME ACU,A213,-2.59249999,-48.36055555,42.95
489,2019-03-23,12:00,0.0,1009.1,1009.1,1008.7,713,24.6,22.7,24.6,23.6,23.0,22.5,94,90,90,33,4.3,1.9,N,PA,TOME ACU,A213,-2.59249999,-48.36055555,42.95
490,2019-03-23,16:00,0.0,1008.3,1009.0,1008.3,1242,27.6,23.7,27.8,27.3,23.8,22.9,80,76,79,29,4.6,1.4,N,PA,TOME ACU,A213,-2.59249999,-48.36055555,42.95
491,2019-03-23,20:00,0.0,1005.2,1005.7,1005.2,819,28.5,24.1,28.5,27.6,24.8,23.9,82,77,77,39,2.6,0.8,N,PA,TOME ACU,A213,-2.59249999,-48.36055555,42.95
492,2019-03-24,00:00,0.0,1008.4,1008.4,1007.5,-9999,25.2,23.5,26.1,25.2,24.5,23.3,91,88,91,66,4.4,1.7,N,PA,TOME ACU,A213,-2.59249999,-48.36055555,42.95
493,2019-03-24,04:00,0.0,1008.0,1008.6,1008.0,-9999,25.0,24.0,25.0,24.9,24.0,23.8,94,94,94,82,0.0,0.0,N,PA,TOME ACU,A213,-2.59249999,-48.36055555,42.95
494,2019-03-24,08:00,0.0,1007.4,1007.4,1007.1,-9999,24.4,23.5,24.4,24.3,23.5,23.4,95,95,95,250,0.0,0.0,N,PA,TOME ACU,A213,-2.59249999,-48.36055555,42.95
495,2019-03-24,12:00,0.0,1010.1,1010.1,1009.5,367,24.6,23.3,24.6,24.3,23.6,23.3,95,92,92,55,3.4,1.6,N,PA,TOME ACU,A213,-2.59249999,-48.36055555,42.95
496,2019-03-24,16:00,0.0,1008.4,1009.5,1008.4,1245,27.6,23.5,27.8,27.2,23.9,22.7,82,76,78,77,3.2,1.0,N,PA,TOME ACU,A213,-2.59249999,-48.36055555,42.95
497,2019-03-24,20:00,0.0,1005.6,1005.6,1005.2,602,27.8,24.1,28.1,27.7,24.4,23.6,81,77,81,65,2.7,1.0,N,PA,TOME ACU,A213,-2.59249999,-48.36055555,42.95
498,2019-03-25,00:00,0.0,1007.9,1007.9,1007.3,-9999,25.1,23.8,25.2,24.9,23.8,23.5,93,91,92,25,1.0,0.0,N,PA,TOME ACU,A213,-2.59249999,-48.36055555,42.95
499,2019-03-25,04:00,0.0,1007.4,1008.6,1007.4,-9999,23.9,22.9,24.1,23.8,23.1,22.9,94,94,94,28,0.0,0.0,N,PA,TOME ACU,A213,-2.59249999,-48.36055555,42.95
500,2019-03-25,08:00,0.0,1005.9,1006.1,1005.8,-9999,23.3,22.4,23.7,23.3,22.7,22.4,95,94,95,59,1.7,0.0,N,PA,TOME ACU,A213,-2.59249999,-48.36055555,42.95
501,2019-03-25,12:00,0.0,1008.2,1008.2,1007.5,1071,25.7,23.2,25.8,24.6,23.6,22.4,92,86,86,46,2.6,0.9,N,PA,TOME ACU,A213,-2.59249999,-48.36055555,42.95
502,2019-03-25,16:00,0.0,1006.1,1007.3,1006.1,1711,28.7,24.6,29.6,28.0,24.6,22.2,80,65,79,350,4.7,0.4,N,PA,TOME ACU,A213,-2.59249999,-48.36055555,42.95
503,2019-03-25,20:00,0.0,1004.4,1004.4,1003.7,1218,27.1,23.8,28.2,27.1,24.0,22.9,82,73,82,15,5.6,2.2,N,PA,TOME ACU,A213,-2.59249999,-48.36055555,42.95
504,2019-03-26,00:00,0.0,1007.5,1007.5,1006.6,-9999,24.8,23.3,24.9,24.8,23.4,23.3,92,91,92,318,3.4,0.1,N,PA,TOME ACU,A213,-2.59249999,-48.36055555,42.95
505,2019-03-26,04:00,0.0,1007.0,1007.7,1007.0,-9999,24.5,23.4,24.5,24.4,23.4,23.4,94,94,94,354,0.7,0.0,N,PA,TOME ACU,A213,-2.59249999,-48.36055555,42.95
506,2019-03-26,08:00,0.0,1006.0,1006.0,1005.8,-9999,23.9,22.9,24.1,23.9,23.1,22.9,94,94,94,340,1.5,0.0,N,PA,TOME ACU,A213,-2.59249999,-48.36055555,42.95
507,2019-03-26,12:00,0.0,1008.6,1008.6,1008.0,902,25.3,22.8,25.3,24.5,23.3,22.6,92,86,86,98,2.1,0.1,N,PA,TOME ACU,A213,-2.59249999,-48.36055555,42.95
508,2019-03-26,16:00,0.0,1006.4,1007.6,1006.4,1632,29.2,23.7,29.2,27.7,24.0,22.7,77,70,72,220,3.1,0.4,N,PA,TOME ACU,A213,-2.59249999,-48.36055555,42.95
509,2019-03-26,20:00,0.0,1004.3,1004.3,1003.9,264,26.6,24.8,26.9,26.4,25.0,24.4,91,89,90,38,1.1,0.0,N,PA,TOME ACU,A213,-2.59249999,-48.36055555,42.95
510,2019-03-27,00:00,0.0,1007.7,1007.7,1006.9,-9999,24.4,23.4,24.4,24.3,23.4,23.3,94,94,94,283,0.8,0.0,N,PA,TOME ACU,A213,-2.59249999,-48.36055555,42.95
511,2019-03-27,04:00,0.0,1008.0,1008.6,1008.0,-9999,24.3,23.4,24.3,24.3,23.5,23.4,95,95,95,290,0.0,0.0,N,PA,TOME ACU,A213,-2.59249999,-48.36055555,42.95
512,2019-03-27,08:00,0.0,1006.6,1006.8,1006.5,-9999,23.7,22.9,23.8,23.7,23.0,22.9,95,95,95,76,1.7,0.1,N,PA,TOME ACU,A213,-2.59249999,-48.36055555,42.95
513,2019-03-27,12:00,0.0,1008.1,1008.1,1007.6,708,25.0,23.1,25.0,24.3,23.6,23.0,94,89,89,56,3.6,1.7,N,PA,TOME ACU,A213,-2.59249999,-48.36055555,42.95
514,2019-03-27,16:00,0.0,1007.3,1008.1,1007.3,1754,27.6,25.3,28.4,27.3,25.3,22.8,87,73,87,348,4.8,0.4,N,PA,TOME ACU,A213,-2.59249999,-48.36055555,42.95
515,2019-03-27,20:00,0.0,1004.8,1004.9,1004.3,302,28.4,25.2,29.2,28.4,26.1,23.5,85,72,83,124,1.3,0.0,N,PA,TOME ACU,A213,-2.59249999,-48.36055555,42.95
516,2019-03-28,00:00,0.0,1007.2,1007.2,1006.6,-9999,25.4,24.0,26.4,25.4,24.9,24.0,92,91,92,352,2.0,0.4,N,PA,TOME ACU,A213,-2.59249999,-48.36055555,42.95
517,2019-03-28,04:00,0.0,1007.2,1007.9,1007.2,-9999,25.2,24.2,25.3,25.2,24.2,24.1,94,94,94,39,1.6,0.2,N,PA,TOME ACU,A213,-2.59249999,-48.36055555,42.95
518,2019-03-28,08:00,0.0,1006.1,1006.1,1005.9,-9999,24.7,23.7,24.9,24.7,24.0,23.7,95,94,94,174,0.0,0.0,N,PA,TOME ACU,A213,-2.59249999,-48.36055555,42.95
519,2019-03-28,12:00,0.0,1009.1,1009.1,1008.6,760,26.2,23.9,26.3,25.6,24.3,23.6,91,86,87,58,3.5,0.5,N,PA,TOME ACU,A213,-2.59249999,-48.36055555,42.95
520,2019-03-28,16:00,0.0,1006.8,1008.3,1006.8,3355,30.4,23.8,30.8,29.5,24.1,22.9,72,65,68,74,4.5,1.5,N,PA,TOME ACU,A213,-2.59249999,-48.36055555,42.95
521,2019-03-28,20:00,0.0,1005.0,1005.0,1004.1,485,28.1,24.8,29.1,28.1,25.4,23.9,83,74,83,71,5.4,1.0,N,PA,TOME ACU,A213,-2.59249999,-48.36055555,42.95
522,2019-03-29,00:00,0.0,1008.2,1008.2,1007.7,-9999,25.2,23.9,25.2,25.1,23.9,23.8,93,92,93,83,2.3,0.0,N,PA,TOME ACU,A213,-2.59249999,-48.36055555,42.95
523,2019-03-29,04:00,0.0,1008.0,1008.9,1008.0,-9999,24.7,23.7,24.8,24.7,23.8,23.7,94,94,94,40,0.4,0.0,N,PA,TOME ACU,A213,-2.59249999,-48.36055555,42.95
524,2019-03-29,08:00,0.0,1007.4,1007.4,1007.0,-9999,24.2,23.4,24.2,24.1,23.4,23.3,95,95,95,69,2.9,1.0,N,PA,TOME ACU,A213,-2.59249999,-48.36055555,42.95
525,2019-03-29,12:00,0.0,1008.9,1008.9,1008.7,1122,26.2,23.1,26.2,24.8,23.6,22.9,93,83,83,69,4.5,1.8,N,PA,TOME ACU,A213,-2.59249999,-48.36055555,42.95
526,2019-03-29,16:00,0.0,1005.9,1007.6,1005.9,2947,30.6,23.0,30.6,29.9,24.1,22.8,72,63,64,56,4.9,2.5,N,PA,TOME ACU,A213,-2.59249999,-48.36055555,42.95
527,2019-03-29,20:00,0.0,1004.9,1004.9,1004.0,168,25.6,24.2,28.8,25.4,24.3,23.5,92,74,92,72,8.0,1.4,N,PA,TOME ACU,A213,-2.59249999,-48.36055555,42.95
528,2019-03-30,00:00,0.0,1008.0,1008.0,1007.5,-9999,25.1,24.1,25.1,25.0,24.1,24.0,94,94,94,34,0.3,0.0,N,PA,TOME ACU,A213,-2.59249999,-48.36055555,42.95
529,2019-03-30,04:00,0.0,1007.3,1008.0,1007.3,-9999,24.7,23.8,24.9,24.7,24.0,23.8,95,95,95,349,0.0,0.0,N,PA,TOME ACU,A213,-2.59249999,-48.36055555,42.95
530,2019-03-30,08:00,0.0,1006.5,1006.5,1006.2,-9999,24.2,23.4,24.4,24.1,23.5,23.3,95,95,95,208,0.0,0.0,N,PA,TOME ACU,A213,-2.59249999,-48.36055555,42.95
531,2019-03-30,12:00,0.0,1009.4,1009.4,1008.5,991,26.2,23.3,26.5,25.4,24.4,23.3,93,84,84,19,3.1,1.0,N,PA,TOME ACU,A213,-2.59249999,-48.36055555,42.95
532,2019-03-30,16:00,0.0,1007.4,1008.7,1007.4,949,25.6,24.2,27.3,25.3,25.2,23.8,92,85,92,310,4.8,0.0,N,PA,TOME ACU,A213,-2.59249999,-48.36055555,42.95
533,2019-03-30,20:00,0.0,1005.0,1005.1,1004.3,964,28.0,24.6,28.4,27.6,25.5,24.3,85,81,82,44,2.5,1.1,N,PA,TOME ACU,A213,-2.59249999,-48.36055555,42.95
534,2019-03-31,00:00,0.0,1007.5,1007.5,1006.8,-9999,25.0,24.1,25.3,25.0,24.4,24.1,95,95,95,267,1.2,0.0,N,PA,TOME ACU,A213,-2.59249999,-48.36055555,42.95
535,2019-03-31,04:00,0.0,1007.7,1008.2,1007.7,-9999,24.6,23.7,24.6,24.5,23.8,23.7,95,95,95,22,0.7,0.0,N,PA,TOME ACU,A213,-2.59249999,-48.36055555,42.95
536,2019-03-31,08:00,0.0,1006.4,1006.4,1006.2,-9999,24.3,23.5,24.4,24.3,23.7,23.5,96,95,95,247,0.0,0.0,N,PA,TOME ACU,A213,-2.59249999,-48.36055555,42.95
537,2019-03-31,12:00,0.0,1009.1,1009.1,1008.1,416,25.2,23.9,25.3,24.9,24.1,23.7,94,92,92,145,2.1,0.0,N,PA,TOME ACU,A213,-2.59249999,-48.36055555,42.95
538,2019-03-31,16:00,0.0,1006.8,1008.3,1006.8,1957,26.8,23.3,26.8,25.5,23.9,22.4,89,80,81,151,2.7,0.3,N,PA,TOME ACU,A213,-2.59249999,-48.36055555,42.95
539,2019-03-31,20:00,0.0,1004.9,1004.9,1004.6,477,26.6,24.5,27.0,26.4,24.8,24.3,90,85,88,321,4.3,0.5,N,PA,TOME ACU,A213,-2.59249999,-48.36055555,42.95
540,2019-04-01,00:00,0.0,1009.0,1009.0,1007.4,-9999,24.6,23.6,25.2,24.6,24.0,23.6,94,93,94,64,3.0,0.3,N,PA,TOME ACU,A213,-2.59249999,-48.36055555,42.95
541,2019-04-01,04:00,0.0,1007.3,1008.8,1007.3,-9999,24.3,23.4,24.5,24.3,23.6,23.4,95,95,95,298,0.4,0.0,N,PA,TOME ACU,A213,-2.59249999,-48.36055555,42.95
542,2019-04-01,08:00,0.0,1006.4,1006.7,1006.2,-9999,24.2,23.4,24.3,24.2,23.5,23.4,95,95,95,240,0.6,0.0,N,PA,TOME ACU,A213,-2.59249999,-48.36055555,42.95
543,2019-04-01,12:00,0.0,1008.7,1008.7,1008.0,717,24.9,23.5,25.0,24.3,23.9,23.5,96,92,92,82,2.2,0.6,N,PA,TOME ACU,A213,-2.59249999,-48.36055555,42.95
544,2019-04-01,16:00,0.0,1006.9,1008.3,1006.9,1702,27.4,24.9,27.5,26.1,25.3,24.2,91,84,86,202,4.9,0.1,N,PA,TOME ACU,A213,-2.59249999,-48.36055555,42.95
545,2019-04-01,20:00,0.0,1005.6,1005.7,1005.1,77,25.5,24.0,27.0,25.5,24.7,23.7,91,87,91,32,4.2,0.0,N,PA,TOME ACU,A213,-2.59249999,-48.36055555,42.95
546,2019-04-02,00:00,0.0,1007.0,1007.0,1006.1,-9999,25.0,24.0,25.0,24.9,24.1,23.9,94,94,94,321,0.4,0.0,N,PA,TOME ACU,A213,-2.59249999,-48.36055555,42.95
547,2019-04-02,04:00,0.0,1006.7,1007.2,1006.7,-9999,24.7,23.8,24.8,24.7,23.9,23.8,95,95,95,28,0.0,0.0,N,PA,TOME ACU,A213,-2.59249999,-48.36055555,42.95
548,2019-04-02,08:00,0.0,1006.7,1006.7,1006.1,-9999,24.2,23.4,24.4,24.2,23.5,23.4,95,95,95,71,2.2,0.0,N,PA,TOME ACU,A213,-2.59249999,-48.36055555,42.95
549,2019-04-02,12:00,0.0,1008.8,1008.8,1008.1,1169,25.3,22.9,25.6,24.5,23.4,22.6,93,85,87,37,3.9,0.4,N,PA,TOME ACU,A213,-2.59249999,-48.36055555,42.95
550,2019-04-02,16:00,0.0,1006.5,1007.8,1006.5,3534,30.3,22.9,30.3,28.6,23.4,21.7,71,61,65,211,3.2,0.7,N,PA,TOME ACU,A213,-2.59249999,-48.36055555,42.95
551,2019-04-02,20:00,0.0,1003.8,1003.9,1003.7,1097,31.0,23.4,31.4,30.3,24.3,22.8,70,61,64,66,2.2,0.6,N,PA,TOME ACU,A213,-2.59249999,-48.36055555,42.95
552,2019-04-03,00:00,0.0,1006.7,1006.7,1005.5,-9999,26.2,24.3,26.7,26.2,24.4,24.2,89,87,89,1,2.8,0.1,N,PA,TOME ACU,A213,-2.59249999,-48.36055555,42.95
553,2019-04-03,04:00,0.0,1006.6,1007.0,1006.6,-9999,25.2,24.1,25.3,25.2,24.2,24.1,94,93,94,38,1.4,0.0,N,PA,TOME ACU,A213,-2.59249999,-48.36055555,42.95
554,2019-04-03,08:00,0.0,1006.1,1006.2,1005.9,-9999,24.5,23.6,24.7,24.5,23.8,23.6,95,95,95,176,0.0,0.0,N,PA,TOME ACU,A213,-2.59249999,-48.36055555,42.95
555,2019-04-03,12:00,0.0,1008.2,1008.2,1007.6,990,26.5,23.6,26.5,25.6,24.4,23.4,92,83,84,325,3.1,1.0,N,PA,TOME ACU,A213,-2.59249999,-48.36055555,42.95
556,2019-04-03,16:00,1.0,1006.3,1007.6,1006.3,3414,30.9,22.8,31.2,29.6,24.7,22.4,72,61,62,191,3.2,0.3,N,PA,TOME ACU,A213,-2.59249999,-48.36055555,42.95
557,2019-04-03,20:00,0.0,1002.9,1003.0,1002.6,655,31.2,26.0,33.1,31.2,26.3,22.3,76,54,74,286,1.9,0.0,N,PA,TOME ACU,A213,-2.59249999,-48.36055555,42.95
558,2019-04-04,00:00,0.0,1006.4,1006.4,1005.7,-9999,26.1,24.0,26.4,26.1,24.3,23.9,89,88,88,23,6.0,1.6,N,PA,TOME ACU,A213,-2.59249999,-48.36055555,42.95
559,2019-04-04,04:00,0.0,1006.0,1006.8,1006.0,-9999,25.4,24.3,25.5,25.4,24.3,24.1,94,93,94,61,2.2,0.2,N,PA,TOME ACU,A213,-2.59249999,-48.36055555,42.95
560,2019-04-04,08:00,0.0,1004.6,1004.6,1004.4,-9999,24.5,23.5,24.6,24.5,23.6,23.4,94,93,94,30,2.8,0.0,N,PA,TOME ACU,A213,-2.59249999,-48.36055555,42.95
561,2019-04-04,12:00,0.0,1007.7,1007.7,1006.7,541,25.9,24.0,26.0,25.1,24.2,23.5,92,88,89,322,2.8,0.0,N,PA,TOME ACU,A213,-2.59249999,-48.36055555,42.95
562,2019-04-04,16:00,0.0,1005.7,1006.4,1005.7,2032,27.1,24.4,29.2,27.1,26.0,23.5,90,73,85,346,8.2,2.5,N,PA,TOME ACU,A213,-2.59249999,-48.36055555,42.95
563,2019-04-04,20:00,0.0,1005.1,1005.1,1004.6,20,23.9,22.9,24.3,23.9,23.3,22.9,94,94,94,351,7.7,2.3,N,PA,TOME ACU,A213,-2.59249999,-48.36055555,42.95
564,2019-04-05,00:00,0.0,1008.3,1008.3,1007.3,-9999,22.7,21.8,22.7,22.7,21.9,21.7,95,95,95,304,1.2,0.0,N,PA,TOME ACU,A213,-2.59249999,-48.36055555,42.95
565,2019-04-05,04:00,0.0,1009.0,1009.5,1009.0,-9999,22.8,22.0,22.9,22.8,22.1,22.0,95,95,95,242,0.0,0.0,N,PA,TOME ACU,A213,-2.59249999,-48.36055555,42.95
566,2019-04-05,08:00,0.0,1006.5,1007.3,1006.5,-9999,22.8,22.1,22.9,22.8,22.1,22.1,96,96,96,168,0.0,0.0,N,PA,TOME ACU,A213,-2.59249999,-48.36055555,42.95
567,2019-04-05,12:00,0.0,1009.6,1009.6,1008.5,561,24.1,22.8,24.1,23.2,22.8,21.8,94,91,92,241,0.0,0.0,N,PA,TOME ACU,A213,-2.59249999,-48.36055555,42.95
568,2019-04-05,16:00,0.0,1008.4,1009.3,1008.4,1401,26.9,23.6,27.1,26.6,24.0,23.0,84,79,82,93,2.6,0.9,N,PA,TOME ACU,A213,-2.59249999,-48.36055555,42.95
569,2019-04-05,20:00,0.2,1005.2,1005.4,1005.1,1222,28.1,23.5,28.7,28.1,24.4,23.3,79,74,76,76,3.6,2.2,N,PA,TOME ACU,A213,-2.59249999,-48.36055555,42.95
570,2019-04-06,00:00,0.0,1008.0,1008.0,1007.1,-9999,25.7,24.5,25.9,25.7,24.6,24.5,93,92,93,37,0.0,0.0,N,PA,TOME ACU,A213,-2.59249999,-48.36055555,42.95
571,2019-04-06,04:00,0.0,1008.3,1008.7,1008.3,-9999,25.0,23.7,25.2,25.0,23.9,23.6,93,92,92,341,1.8,0.1,N,PA,TOME ACU,A213,-2.59249999,-48.36055555,42.95
572,2019-04-06,08:00,0.2,1007.1,1007.1,1006.9,-9999,24.5,23.5,24.7,24.5,23.5,23.4,94,93,94,55,0.5,0.0,N,PA,TOME ACU,A213,-2.59249999,-48.36055555,42.95
573,2019-04-06,12:00,0.0,1010.3,1010.3,1009.2,655,25.8,23.7,25.8,24.8,23.7,23.1,91,87,88,15,3.6,0.7,N,PA,TOME ACU,A213,-2.59249999,-48.36055555,42.95
574,2019-04-06,16:00,0.4,1007.6,1009.4,1007.6,2302,30.4,23.0,30.4,29.2,23.5,21.8,70,64,65,29,4.5,0.8,N,PA,TOME ACU,A213,-2.59249999,-48.36055555,42.95
575,2019-04-06,20:00,0.4,1005.7,1005.8,1005.3,280,25.7,24.0,29.0,25.7,24.4,23.9,91,75,90,1,9.5,1.2,N,PA,TOME ACU,A213,-2.59249999,-48.36055555,42.95
576,2019-04-07,00:00,0.0,1008.4,1008.4,1007.5,-9999,25.0,24.0,25.0,24.9,24.0,23.8,94,94,94,29,0.6,0.0,N,PA,TOME ACU,A213,-2.59249999,-48.36055555,42.95
577,2019-04-07,04:00,0.0,1008.8,1009.6,1008.8,-9999,24.3,23.4,24.5,24.3,23.6,23.4,95,95,95,329,0.0,0.0,N,PA,TOME ACU,A213,-2.59249999,-48.36055555,42.95
578,2019-04-07,08:00,0.0,1007.4,1007.4,1007.1,-9999,24.0,23.2,24.1,24.0,23.4,23.2,96,95,95,100,0.5,0.0,N,PA,TOME ACU,A213,-2.59249999,-48.36055555,42.95
579,2019-04-07,12:00,0.0,1010.2,1010.2,1009.2,694,25.3,23.4,25.3,24.5,23.7,22.9,93,88,90,46,2.5,0.6,N,PA,TOME ACU,A213,-2.59249999,-48.36055555,42.95
580,2019-04-07,16:00,0.0,1007.6,1008.9,1007.6,2991,29.8,22.9,30.0,28.5,24.6,22.5,78,64,67,114,4.9,1.1,N,PA,TOME ACU,A213,-2.59249999,-48.36055555,42.95
581,2019-04-07,20:00,0.0,1005.0,1005.1,1004.8,783,31.0,24.0,31.4,29.4,26.0,23.1,82,62,66,223,1.0,0.0,N,PA,TOME ACU,A213,-2.59249999,-48.36055555,42.95
582,2019-04-08,00:00,0.0,1008.1,1008.1,1007.0,-9999,25.7,24.4,26.7,25.7,24.9,24.4,93,89,93,325,7.5,0.2,N,PA,TOME ACU,A213,-2.59249999,-48.36055555,42.95
583,2019-04-08,04:00,0.0,1007.3,1008.1,1007.3,-9999,24.6,23.7,25.1,24.6,24.1,23.7,94,94,94,360,3.4,0.7,N,PA,TOME ACU,A213,-2.59249999,-48.36055555,42.95
584,2019-04-08,08:00,0.0,1006.8,1006.9,1006.4,-9999,24.3,23.5,24.5,24.3,23.6,23.5,95,94,95,118,2.4,0.0,N,PA,TOME ACU,A213,-2.59249999,-48.36055555,42.95
585,2019-04-08,12:00,0.0,1008.5,1008.6,1008.3,52,24.4,23.6,24.5,24.4,23.6,23.5,95,95,95,77,2.3,0.3,N,PA,TOME ACU,A213,-2.59249999,-48.36055555,42.95
586,2019-04-08,16:00,0.0,1006.6,1007.7,1006.6,1908,27.6,23.6,27.8,26.2,24.2,22.5,84,78,79,220,2.7,0.2,N,PA,TOME ACU,A213,-2.59249999,-48.36055555,42.95
587,2019-04-08,20:00,0.0,1003.9,1004.2,1003.8,479,27.0,24.8,28.3,26.9,25.3,24.3,88,81,88,3,4.8,0.5,N,PA,TOME ACU,A213,-2.59249999,-48.36055555,42.95
588,2019-04-09,00:00,0.0,1007.7,1007.7,1006.2,-9999,25.8,24.6,26.0,25.7,24.9,24.6,94,93,93,173,0.8,0.0,N,PA,TOME ACU,A213,-2.59249999,-48.36055555,42.95
589,2019-04-09,04:00,0.0,1007.6,1008.6,1007.6,-9999,24.4,23.5,24.5,24.3,23.6,23.4,95,95,95,288,3.1,0.0,N,PA,TOME ACU,A213,-2.59249999,-48.36055555,42.95
590,2019-04-09,08:00,0.0,1006.2,1006.3,1005.8,-9999,24.1,23.4,24.2,24.1,23.4,23.3,96,96,96,128,0.0,0.0,N,PA,TOME ACU,A213,-2.59249999,-48.36055555,42.95
591,2019-04-09,12:00,0.0,1008.1,1008.1,1007.6,964,26.0,23.8,26.1,25.1,24.3,23.5,95,87,88,32,2.8,1.1,N,PA,TOME ACU,A213,-2.59249999,-48.36055555,42.95
592,2019-04-09,16:00,0.0,1004.8,1006.6,1004.8,2080,28.9,24.5,29.1,28.2,25.5,23.8,84,76,77,325,3.9,0.5,N,PA,TOME ACU,A213,-2.59249999,-48.36055555,42.95
593,2019-04-09,20:00,0.0,1004.1,1004.4,1003.8,67,24.8,23.6,24.8,24.6,23.7,23.1,93,91,93,111,2.1,0.0,N,PA,TOME ACU,A213,-2.59249999,-48.36055555,42.95
594,2019-04-10,00:00,0.0,1007.5,1007.5,1006.9,-9999,24.8,23.9,24.8,24.7,23.9,23.8,95,95,95,299,1.0,0.0,N,PA,TOME ACU,A213,-2.59249999,-48.36055555,42.95
595,2019-04-10,04:00,0.0,1006.7,1007.5,1006.7,-9999,24.5,23.7,24.7,24.5,23.9,23.7,95,95,95,177,0.0,0.0,N,PA,TOME ACU,A213,-2.59249999,-48.36055555,42.95
596,2019-04-10,08:00,0.0,1006.3,1006.3,1006.1,-9999,24.6,23.8,24.6,24.5,23.8,23.8,96,95,95,313,1.4,0.0,N,PA,TOME ACU,A213,-2.59249999,-48.36055555,42.95
597,2019-04-10,12:00,0.0,1009.2,1009.2,1008.7,788,26.0,24.1,26.0,25.2,24.1,23.6,93,88,89,13,1.9,0.1,N,PA,TOME ACU,A213,-2.59249999,-48.36055555,42.95
598,2019-04-10,16:00,0.0,1006.6,1007.7,1006.6,3095,29.5,23.9,30.0,28.6,24.9,23.7,78,70,72,305,3.6,0.8,N,PA,TOME ACU,A213,-2.59249999,-48.36055555,42.95
599,2019-04-10,20:00,0.0,1005.4,1005.6,1005.3,149,25.2,24.2,25.4,25.0,24.2,23.9,94,93,94,279,5.8,0.6,N,PA,TOME ACU,A213,-2.59249999,-48.36055555,42.95
600,2019-04-11,00:00,0.0,1007.5,1007.6,1007.0,-9999,24.8,23.9,25.1,24.8,24.1,23.8,95,94,95,161,0.0,0.0,N,PA,TOME ACU,A213,-2.59249999,-48.36055555,42.95
601,2019-04-11,04:00,0.0,1006.3,1007.5,1006.3,-9999,24.5,23.7,24.7,24.4,23.9,23.6,95,95,95,17,1.2,0.0,N,PA,TOME ACU,A213,-2.59249999,-48.36055555,42.95
602,2019-04-11,08:00,0.0,1006.4,1006.4,1005.7,-9999,24.2,23.4,24.3,24.2,23.5,23.4,96,95,95,237,0.0,0.0,N,PA,TOME ACU,A213,-2.59249999,-48.36055555,42.95
603,2019-04-11,12:00,0.0,1008.6,1008.6,1008.2,1014,25.9,23.1,25.9,24.8,24.1,22.9,94,85,85,283,2.8,0.3,N,PA,TOME ACU,A213,-2.59249999,-48.36055555,42.95
604,2019-04-11,16:00,0.0,1006.4,1007.8,1006.4,2506,29.1,24.2,30.3,28.7,24.5,22.4,77,64,75,334,3.3,0.8,N,PA,TOME ACU,A213,-2.59249999,-48.36055555,42.95
605,2019-04-11,20:00,0.0,1005.1,1005.3,1004.4,178,25.9,24.5,30.1,25.6,25.2,23.3,92,69,92,315,5.7,1.1,N,PA,TOME ACU,A213,-2.59249999,-48.36055555,42.95
606,2019-04-12,00:00,0.0,1008.8,1008.9,1007.8,-9999,24.4,23.4,24.6,24.3,23.7,23.3,95,94,94,57,4.0,0.4,N,PA,TOME ACU,A213,-2.59249999,-48.36055555,42.95
607,2019-04-12,04:00,0.0,1007.9,1008.2,1007.9,-9999,24.0,23.2,24.0,23.9,23.2,23.1,96,95,95,224,0.0,0.0,N,PA,TOME ACU,A213,-2.59249999,-48.36055555,42.95
608,2019-04-12,08:00,0.0,1006.9,1007.1,1006.9,-9999,23.8,23.0,23.8,23.6,23.0,22.9,96,96,96,89,0.5,0.0,N,PA,TOME ACU,A213,-2.59249999,-48.36055555,42.95
609,2019-04-12,12:00,0.0,1008.3,1008.3,1008.0,1270,26.7,23.7,26.7,25.3,24.0,23.1,90,82,84,74,3.1,1.3,N,PA,TOME ACU,A213,-2.59249999,-48.36055555,42.95
610,2019-04-12,16:00,0.0,1006.4,1007.6,1006.4,1659,29.8,23.8,30.0,29.2,25.0,22.1,76,65,70,199,3.2,0.0,N,PA,TOME ACU,A213,-2.59249999,-48.36055555,42.95
611,2019-04-12,20:00,0.0,1003.5,1003.6,1003.3,545,28.5,25.0,31.9,28.5,25.2,22.8,82,59,82,144,3.7,0.8,N,PA,TOME ACU,A213,-2.59249999,-48.36055555,42.95
612,2019-04-13,00:00,0.0,1006.9,1006.9,1005.6,-9999,26.1,24.0,26.3,26.1,25.0,24.0,93,88,88,32,3.6,2.0,N,PA,TOME ACU,A213,-2.59249999,-48.36055555,42.95
613,2019-04-13,04:00,0.0,1006.9,1007.5,1006.9,-9999,24.8,23.7,25.0,24.7,23.8,23.7,94,93,94,336,0.6,0.0,N,PA,TOME ACU,A213,-2.59249999,-48.36055555,42.95
614,2019-04-13,08:00,0.0,1005.7,1005.7,1005.5,-9999,24.3,23.5,24.3,24.2,23.5,23.4,95,95,95,104,0.6,0.0,N,PA,TOME ACU,A213,-2.59249999,-48.36055555,42.95
615,2019-04-13,12:00,0.0,1007.7,1007.8,1007.6,1026,26.5,24.1,26.5,25.1,24.4,23.4,94,85,87,25,3.8,1.2,N,PA,TOME ACU,A213,-2.59249999,-48.36055555,42.95
616,2019-04-13,16:00,0.0,1005.8,1006.8,1005.8,1791,26.7,24.2,30.4,26.7,25.9,23.2,88,65,86,123,5.5,0.8,N,PA,TOME ACU,A213,-2.59249999,-48.36055555,42.95
617,2019-04-13,20:00,0.0,1004.4,1004.4,1002.9,686,25.2,23.8,29.2,25.2,25.5,23.8,92,77,92,77,11.0,4.3,N,PA,TOME ACU,A213,-2.59249999,-48.36055555,42.95
618,2019-04-14,00:00,0.0,1007.1,1007.2,1006.4,-9999,24.7,23.7,24.7,24.6,23.8,23.7,95,95,95,191,2.4,0.1,N,PA,TOME ACU,A213,-2.59249999,-48.36055555,42.95
619,2019-04-14,04:00,0.0,1006.6,1007.2,1006.6,-9999,24.3,23.4,24.4,24.3,23.6,23.4,95,95,95,263,0.0,0.0,N,PA,TOME ACU,A213,-2.59249999,-48.36055555,42.95
620,2019-04-14,08:00,0.0,1005.9,1005.9,1005.6,-9999,24.1,23.3,24.2,24.1,23.4,23.3,95,95,95,245,0.0,0.0,N,PA,TOME ACU,A213,-2.59249999,-48.36055555,42.95
621,2019-04-14,12:00,0.0,1008.2,1008.2,1007.1,518,25.0,23.8,25.0,24.5,24.0,23.6,95,93,94,221,1.6,0.0,N,PA,TOME ACU,A213,-2.59249999,-48.36055555,42.95
622,2019-04-14,16:00,0.0,1006.8,1008.7,1006.8,1140,25.3,24.0,25.3,23.7,24.0,22.9,95,91,92,31,2.9,0.0,N,PA,TOME ACU,A213,-2.59249999,-48.36055555,42.95
623,2019-04-14,20:00,0.0,1004.5,1004.5,1004.2,959,28.0,23.7,28.6,27.8,23.8,22.4,79,70,78,72,4.4,0.6,N,PA,TOME ACU,A213,-2.59249999,-48.36055555,42.95
624,2019-04-15,00:00,0.0,1007.8,1007.8,1007.2,-9999,25.3,23.9,25.6,25.3,24.2,23.9,92,91,92,23,2.3,0.2,N,PA,TOME ACU,A213,-2.59249999,-48.36055555,42.95
625,2019-04-15,04:00,0.6,1007.5,1008.5,1007.5,-9999,24.0,23.2,24.4,24.0,23.5,23.2,95,95,95,182,0.0,0.0,N,PA,TOME ACU,A213,-2.59249999,-48.36055555,42.95
626,2019-04-15,08:00,0.0,1005.8,1005.8,1005.7,-9999,23.7,23.0,23.7,23.6,23.0,22.8,96,96,96,81,2.2,0.0,N,PA,TOME ACU,A213,-2.59249999,-48.36055555,42.95
627,2019-04-15,12:00,0.4,1008.3,1008.3,1007.8,1007,25.2,23.1,25.4,24.3,23.7,22.9,95,87,88,71,4.1,1.6,N,PA,TOME ACU,A213,-2.59249999,-48.36055555,42.95
628,2019-04-15,16:00,0.0,1006.4,1007.4,1006.4,2628,30.2,22.6,30.4,29.2,24.1,22.2,72,64,64,134,4.6,0.8,N,PA,TOME ACU,A213,-2.59249999,-48.36055555,42.95
629,2019-04-15,20:00,0.0,1003.2,1003.2,1003.0,1162,29.9,24.4,30.1,29.1,24.7,23.9,77,70,72,152,6.9,1.2,N,PA,TOME ACU,A213,-2.59249999,-48.36055555,42.95
630,2019-04-16,00:00,0.0,1006.7,1006.7,1005.6,-9999,24.3,23.3,24.4,24.1,23.4,23.2,95,94,95,295,1.9,0.1,N,PA,TOME ACU,A213,-2.59249999,-48.36055555,42.95
631,2019-04-16,04:00,0.0,1007.4,1008.1,1007.4,0,24.5,23.6,24.8,24.5,23.9,23.5,95,94,95,191,4.2,0.0,N,PA,TOME ACU,A213,-2.59249999,-48.36055555,42.95
632,2019-04-16,08:00,0.0,1006.8,1006.8,1006.5,-9999,24.0,23.2,24.1,24.0,23.2,23.2,95,95,95,188,1.7,0.0,N,PA,TOME ACU,A213,-2.59249999,-48.36055555,42.95
633,2019-04-16,12:00,0.2,1008.7,1008.7,1008.3,1122,25.8,23.6,25.8,24.7,24.2,23.3,94,87,88,189,1.1,0.1,N,PA,TOME ACU,A213,-2.59249999,-48.36055555,42.95
634,2019-04-16,16:00,0.0,1006.6,1008.1,1006.6,2698,30.7,23.9,30.7,29.4,24.3,22.6,72,65,67,65,5.6,2.2,N,PA,TOME ACU,A213,-2.59249999,-48.36055555,42.95
635,2019-04-16,20:00,0.0,1005.3,1005.4,1003.7,224,25.4,24.0,28.1,25.4,24.8,24.0,92,80,92,208,6.2,0.5,N,PA,TOME ACU,A213,-2.59249999,-48.36055555,42.95
636,2019-04-17,00:00,0.0,1007.2,1007.2,1006.0,-9999,24.4,23.5,24.5,24.4,23.6,23.5,95,95,95,82,1.7,0.4,N,PA,TOME ACU,A213,-2.59249999,-48.36055555,42.95
637,2019-04-17,04:00,0.0,1007.1,1007.4,1007.1,-9999,23.9,23.1,24.0,23.8,23.3,23.1,96,95,96,220,0.9,0.0,N,PA,TOME ACU,A213,-2.59249999,-48.36055555,42.95
638,2019-04-17,08:00,0.0,1005.8,1005.8,1005.1,-9999,23.7,23.0,23.7,23.5,23.0,22.7,96,96,96,73,0.0,0.0,N,PA,TOME ACU,A213,-2.59249999,-48.36055555,42.95
639,2019-04-17,12:00,0.2,1008.6,1008.6,1007.9,1101,25.4,23.4,25.7,24.8,24.2,23.2,95,88,89,75,3.0,1.6,N,PA,TOME ACU,A213,-2.59249999,-48.36055555,42.95
640,2019-04-17,16:00,0.0,1006.4,1007.7,1006.4,3054,30.0,23.0,30.3,28.9,24.5,22.5,72,64,66,142,3.5,0.6,N,PA,TOME ACU,A213,-2.59249999,-48.36055555,42.95
641,2019-04-17,20:00,0.0,1003.3,1003.4,1003.1,1237,29.7,23.5,29.7,28.9,24.5,23.2,75,69,70,26,3.5,0.4,N,PA,TOME ACU,A213,-2.59249999,-48.36055555,42.95
642,2019-04-18,00:00,0.4,1006.9,1006.9,1006.1,-9999,24.2,21.5,24.3,24.1,21.6,20.7,85,80,85,57,5.0,0.4,N,PA,TOME ACU,A213,-2.59249999,-48.36055555,42.95
643,2019-04-18,04:00,0.0,1006.1,1006.7,1006.1,-9999,23.7,22.6,23.7,23.6,22.6,22.4,94,93,94,72,0.0,0.0,N,PA,TOME ACU,A213,-2.59249999,-48.36055555,42.95
644,2019-04-18,08:00,0.0,1005.2,1005.2,1004.9,-9999,22.9,22.0,23.4,22.9,22.4,22.0,95,94,95,177,0.0,0.0,N,PA,TOME ACU,A213,-2.59249999,-48.36055555,42.95
645,2019-04-18,12:00,0.2,1007.7,1007.7,1007.0,1204,26.7,23.7,26.8,25.5,24.0,23.2,88,83,84,66,4.5,2.5,N,PA,TOME ACU,A213,-2.59249999,-48.36055555,42.95
646,2019-04-18,16:00,0.0,1005.5,1006.8,1005.5,2302,30.3,23.0,30.4,29.6,24.2,22.7,72,64,65,70,4.9,1.4,N,PA,TOME ACU,A213,-2.59249999,-48.36055555,42.95
647,2019-04-18,20:00,0.0,1002.0,1002.0,1001.7,1315,31.8,22.8,32.2,31.7,23.6,22.5,62,57,59,23,3.6,0.9,N,PA,TOME ACU,A213,-2.59249999,-48.36055555,42.95
648,2019-04-19,00:00,0.0,1006.4,1006.4,1005.1,-9999,25.8,24.2,26.7,25.8,24.2,23.8,91,84,91,68,5.6,0.6,N,PA,TOME ACU,A213,-2.59249999,-48.36055555,42.95
649,2019-04-19,04:00,0.0,1006.5,1007.3,1006.5,-9999,24.5,23.5,24.6,24.5,23.7,23.5,95,94,94,288,1.3,0.0,N,PA,TOME ACU,A213,-2.59249999,-48.36055555,42.95
650,2019-04-19,08:00,0.6,1005.0,1005.0,1004.9,-9999,24.0,23.2,24.2,24.0,23.3,23.2,95,95,95,29,0.3,0.0,N,PA,TOME ACU,A213,-2.59249999,-48.36055555,42.95
651,2019-04-19,12:00,-9999.0,1008.9,1008.9,1007.6,1056,26.5,24.3,26.5,25.0,24.6,24.0,94,86,88,72,3.7,2.0,N,PA,TOME ACU,A213,-2.59249999,-48.36055555,42.95
652,2019-04-19,16:00,-9999.0,1006.1,1007.8,1006.1,2066,28.1,25.1,30.1,28.1,26.0,23.2,85,67,84,60,6.8,1.8,N,PA,TOME ACU,A213,-2.59249999,-48.36055555,42.95
653,2019-04-19,20:00,-9999.0,1004.2,1004.3,1003.4,500,27.0,25.1,30.8,27.0,25.5,23.7,89,66,89,278,5.5,1.1,N,PA,TOME ACU,A213,-2.59249999,-48.36055555,42.95
654,2019-04-20,00:00,-9999.0,1007.1,1007.1,1005.8,-9999,25.7,24.5,25.7,25.6,24.6,24.5,94,93,94,330,0.0,0.0,N,PA,TOME ACU,A213,-2.59249999,-48.36055555,42.95
655,2019-04-20,04:00,-9999.0,1007.2,1008.2,1007.2,-9999,24.7,23.6,25.2,24.6,24.1,23.5,94,93,94,59,2.3,0.2,N,PA,TOME ACU,A213,-2.59249999,-48.36055555,42.95
656,2019-04-20,08:00,-9999.0,1006.2,1006.2,1006.0,-9999,24.2,23.4,24.3,24.2,23.4,23.4,95,95,95,199,0.0,0.0,N,PA,TOME ACU,A213,-2.59249999,-48.36055555,42.95
657,2019-04-20,12:00,-9999.0,1008.4,1008.5,1007.9,1370,26.9,23.9,27.0,25.2,24.4,23.5,92,83,84,78,3.7,2.0,N,PA,TOME ACU,A213,-2.59249999,-48.36055555,42.95
658,2019-04-20,16:00,-9999.0,1006.6,1008.3,1006.6,2275,30.3,24.5,30.9,29.9,24.7,23.5,73,66,71,121,4.3,0.6,N,PA,TOME ACU,A213,-2.59249999,-48.36055555,42.95
659,2019-04-20,20:00,-9999.0,1004.3,1005.0,1004.3,187,25.8,24.5,26.0,25.8,24.8,24.5,93,92,92,101,2.8,0.1,N,PA,TOME ACU,A213,-2.59249999,-48.36055555,42.95
660,2019-04-21,00:00,-9999.0,1006.4,1006.6,1006.3,-9999,24.6,23.5,24.7,24.6,23.6,23.4,94,93,93,353,2.1,0.1,N,PA,TOME ACU,A213,-2.59249999,-48.36055555,42.95
661,2019-04-21,04:00,-9999.0,1007.3,1007.6,1007.2,-9999,24.1,23.2,24.5,24.1,23.5,23.1,95,93,95,52,6.3,1.5,N,PA,TOME ACU,A213,-2.59249999,-48.36055555,42.95
662,2019-04-21,08:00,-9999.0,1005.5,1005.5,1005.2,-9999,23.5,22.7,23.7,23.4,22.8,22.7,96,95,96,134,0.9,0.0,N,PA,TOME ACU,A213,-2.59249999,-48.36055555,42.95
663,2019-04-21,12:00,-9999.0,1007.6,1007.6,1006.6,683,25.4,23.8,25.4,24.6,23.8,23.3,93,90,91,73,2.8,0.4,N,PA,TOME ACU,A213,-2.59249999,-48.36055555,42.95
664,2019-04-21,16:00,0.0,1006.0,1007.2,1006.0,2136,28.8,24.9,29.2,28.2,24.9,23.0,80,71,80,194,2.6,0.2,N,PA,TOME ACU,A213,-2.59249999,-48.36055555,42.95
665,2019-04-21,20:00,0.0,1004.1,1004.1,1003.5,381,26.9,25.3,26.9,25.8,25.3,23.6,91,87,91,34,1.0,0.0,N,PA,TOME ACU,A213,-2.59249999,-48.36055555,42.95
666,2019-04-22,00:00,0.0,1007.4,1007.4,1006.8,-9999,24.4,23.6,24.5,24.4,23.6,23.5,95,95,95,113,1.4,0.0,N,PA,TOME ACU,A213,-2.59249999,-48.36055555,42.95
667,2019-04-22,04:00,0.0,1005.6,1006.2,1005.6,-9999,23.9,23.2,24.0,23.9,23.3,23.2,96,96,96,58,0.0,0.0,N,PA,TOME ACU,A213,-2.59249999,-48.36055555,42.95
668,2019-04-22,08:00,0.0,1004.9,1004.9,1004.6,-9999,23.6,22.9,23.6,23.5,22.9,22.9,96,96,96,321,0.0,0.0,N,PA,TOME ACU,A213,-2.59249999,-48.36055555,42.95
669,2019-04-22,12:00,0.0,1007.4,1007.4,1006.7,828,25.7,24.2,25.7,24.5,24.6,23.7,96,91,91,77,1.1,0.1,N,PA,TOME ACU,A213,-2.59249999,-48.36055555,42.95
670,2019-04-22,16:00,0.0,1004.9,1006.4,1004.9,2943,30.0,23.8,30.0,28.8,24.4,22.9,75,66,70,300,3.3,0.3,N,PA,TOME ACU,A213,-2.59249999,-48.36055555,42.95
671,2019-04-22,20:00,0.0,1003.3,1003.3,1002.5,119,25.7,24.4,26.4,25.7,24.9,24.3,92,90,92,209,3.6,0.0,N,PA,TOME ACU,A213,-2.59249999,-48.36055555,42.95
672,2019-04-23,00:00,0.0,1007.4,1007.4,1006.4,0,24.2,23.5,24.2,24.1,23.5,23.3,96,96,96,260,1.1,0.0,N,PA,TOME ACU,A213,-2.59249999,-48.36055555,42.95
673,2019-04-23,04:00,0.0,1007.3,1007.6,1007.2,-9999,24.1,23.3,24.2,24.1,23.5,23.3,96,96,96,211,0.0,0.0,N,PA,TOME ACU,A213,-2.59249999,-48.36055555,42.95
674,2019-04-23,08:00,0.0,1005.3,1005.4,1005.3,-9999,23.9,23.2,24.0,23.9,23.3,23.2,96,96,96,239,2.2,0.0,N,PA,TOME ACU,A213,-2.59249999,-48.36055555,42.95
675,2019-04-23,12:00,0.0,1007.9,1007.9,1007.0,1058,25.8,23.9,25.9,24.6,24.7,23.9,96,89,89,50,3.4,1.1,N,PA,TOME ACU,A213,-2.59249999,-48.36055555,42.95
676,2019-04-23,16:00,0.0,1006.4,1007.7,1006.4,1707,28.5,24.0,29.3,27.5,25.3,23.3,85,71,77,50,5.1,1.7,N,PA,TOME ACU,A213,-2.59249999,-48.36055555,42.95
677,2019-04-23,20:00,0.0,1004.2,1004.2,1003.6,309,26.6,23.9,27.4,26.6,24.7,23.8,87,81,85,279,1.6,0.0,N,PA,TOME ACU,A213,-2.59249999,-48.36055555,42.95
678,2019-04-24,00:00,0.0,1007.1,1007.1,1006.2,-9999,24.9,23.9,25.0,24.8,23.9,23.8,94,93,94,10,0.0,0.0,N,PA,TOME ACU,A213,-2.59249999,-48.36055555,42.95
679,2019-04-24,04:00,0.0,1007.2,1007.7,1007.2,-9999,24.4,23.4,24.6,24.3,23.5,23.2,94,93,94,51,3.9,0.2,N,PA,TOME ACU,A213,-2.59249999,-48.36055555,42.95
680,2019-04-24,08:00,0.0,1005.8,1005.8,1005.7,-9999,23.9,23.1,24.1,23.9,23.2,23.1,95,95,95,135,1.4,0.0,N,PA,TOME ACU,A213,-2.59249999,-48.36055555,42.95
681,2019-04-24,12:00,0.0,1008.2,1008.2,1007.6,1210,26.7,24.3,26.7,25.5,24.4,23.3,90,82,87,72,4.9,2.0,N,PA,TOME ACU,A213,-2.59249999,-48.36055555,42.95
682,2019-04-24,16:00,0.0,1006.7,1008.0,1006.7,1324,27.7,25.6,29.4,26.7,25.8,24.0,90,72,88,189,5.0,0.1,N,PA,TOME ACU,A213,-2.59249999,-48.36055555,42.95
683,2019-04-24,20:00,0.0,1004.2,1004.3,1003.8,1288,31.9,24.3,32.0,31.5,24.5,23.1,66,61,64,79,3.4,0.4,N,PA,TOME ACU,A213,-2.59249999,-48.36055555,42.95
684,2019-04-25,00:00,0.0,1007.7,1007.8,1006.7,-9999,25.4,24.3,25.6,25.4,24.3,24.0,93,92,93,266,1.3,0.0,N,PA,TOME ACU,A213,-2.59249999,-48.36055555,42.95
685,2019-04-25,04:00,0.0,1007.3,1007.7,1007.2,-9999,24.4,23.6,24.5,24.3,23.6,23.4,95,94,95,181,0.0,0.0,N,PA,TOME ACU,A213,-2.59249999,-48.36055555,42.95
686,2019-04-25,08:00,0.0,1006.5,1006.5,1006.1,-9999,23.8,23.0,24.1,23.8,23.3,23.0,95,95,95,242,0.0,0.0,N,PA,TOME ACU,A213,-2.59249999,-48.36055555,42.95
687,2019-04-25,12:00,0.0,1008.8,1008.8,1008.4,1179,26.4,24.0,26.7,25.4,24.6,23.6,94,85,87,71,2.6,0.6,N,PA,TOME ACU,A213,-2.59249999,-48.36055555,42.95
688,2019-04-25,16:00,0.0,1006.4,1007.7,1006.4,2538,30.6,24.4,30.8,29.5,25.0,23.4,76,65,70,32,4.1,1.3,N,PA,TOME ACU,A213,-2.59249999,-48.36055555,42.95
689,2019-04-25,20:00,0.0,1005.1,1005.4,1004.9,515,26.2,24.0,26.3,25.9,24.5,23.8,91,87,88,106,2.6,1.0,N,PA,TOME ACU,A213,-2.59249999,-48.36055555,42.95
690,2019-04-26,00:00,0.0,1008.5,1008.5,1007.6,-9999,24.7,23.3,25.0,24.7,23.4,23.2,92,91,92,41,1.7,0.1,N,PA,TOME ACU,A213,-2.59249999,-48.36055555,42.95
691,2019-04-26,04:00,0.0,1008.7,1008.9,1008.4,-9999,24.6,23.6,24.7,24.4,23.7,23.4,94,94,94,172,0.7,0.0,N,PA,TOME ACU,A213,-2.59249999,-48.36055555,42.95
692,2019-04-26,08:00,0.0,1007.2,1007.3,1006.9,-9999,24.4,23.5,24.4,24.3,23.6,23.5,95,95,95,45,1.4,0.2,N,PA,TOME ACU,A213,-2.59249999,-48.36055555,42.95
693,2019-04-26,12:00,0.0,1009.2,1009.2,1008.2,923,26.5,24.3,26.5,25.3,24.4,23.6,92,86,88,50,4.2,1.1,N,PA,TOME ACU,A213,-2.59249999,-48.36055555,42.95
694,2019-04-26,16:00,0.0,1006.9,1008.0,1006.9,2450,30.2,24.2,30.4,29.5,24.9,23.5,76,68,70,60,5.2,2.5,N,PA,TOME ACU,A213,-2.59249999,-48.36055555,42.95
695,2019-04-26,20:00,0.0,1004.1,1004.2,1003.9,519,29.6,25.4,30.6,29.6,25.9,23.8,79,67,78,343,3.9,0.6,N,PA,TOME ACU,A213,-2.59249999,-48.36055555,42.95
696,2019-04-27,00:00,0.0,1006.4,1006.4,1005.9,-9999,26.5,25.4,26.8,26.5,25.6,25.3,93,93,93,286,0.0,0.0,N,PA,TOME ACU,A213,-2.59249999,-48.36055555,42.95
697,2019-04-27,04:00,0.0,1007.3,1007.6,1007.3,-9999,25.3,24.1,25.8,25.3,24.7,24.1,94,93,93,19,4.8,1.3,N,PA,TOME ACU,A213,-2.59249999,-48.36055555,42.95
698,2019-04-27,08:00,0.0,1006.7,1006.7,1006.6,-9999,24.5,23.5,24.6,24.4,23.6,23.5,94,94,94,82,0.9,0.0,N,PA,TOME ACU,A213,-2.59249999,-48.36055555,42.95
699,2019-04-27,12:00,0.0,1008.6,1008.6,1008.1,910,26.1,24.0,26.3,24.9,24.4,23.9,94,88,88,356,2.8,0.9,N,PA,TOME ACU,A213,-2.59249999,-48.36055555,42.95
700,2019-04-27,16:00,0.0,1006.9,1007.8,1006.9,1331,26.8,25.0,30.6,25.6,25.8,23.1,90,66,90,222,9.5,0.1,N,PA,TOME ACU,A213,-2.59249999,-48.36055555,42.95
701,2019-04-27,20:00,0.0,1004.3,1004.3,1003.7,262,27.1,25.2,27.4,27.0,25.4,24.2,90,84,89,84,4.4,0.0,N,PA,TOME ACU,A213,-2.59249999,-48.36055555,42.95
702,2019-04-28,00:00,0.0,1007.5,1007.6,1006.7,-9999,25.5,24.0,25.7,25.5,24.3,23.9,92,91,92,33,4.1,1.3,N,PA,TOME ACU,A213,-2.59249999,-48.36055555,42.95
703,2019-04-28,04:00,0.0,1007.0,1007.7,1007.0,-9999,24.9,23.9,24.9,24.8,23.9,23.9,95,94,95,13,1.8,0.0,N,PA,TOME ACU,A213,-2.59249999,-48.36055555,42.95
704,2019-04-28,08:00,0.0,1005.6,1005.8,1005.6,-9999,24.5,23.7,24.7,24.5,23.8,23.7,95,95,95,248,0.9,0.1,N,PA,TOME ACU,A213,-2.59249999,-48.36055555,42.95
705,2019-04-28,12:00,0.0,1008.9,1008.9,1008.1,801,25.6,23.2,25.8,24.9,24.2,23.2,94,87,87,83,2.1,0.5,N,PA,TOME ACU,A213,-2.59249999,-48.36055555,42.95
706,2019-04-28,16:00,0.0,1006.6,1008.0,1006.6,2655,29.8,23.5,30.6,29.6,24.5,23.1,74,66,69,116,3.9,1.6,N,PA,TOME ACU,A213,-2.59249999,-48.36055555,42.95
707,2019-04-28,20:00,0.0,1005.2,1005.2,1004.0,133,25.3,24.2,25.8,25.3,24.5,24.1,94,92,94,51,5.6,2.0,N,PA,TOME ACU,A213,-2.59249999,-48.36055555,42.95
708,2019-04-29,00:00,0.0,1008.1,1008.1,1007.6,-9999,24.7,23.8,25.0,24.7,24.1,23.7,95,94,94,165,2.5,0.0,N,PA,TOME ACU,A213,-2.59249999,-48.36055555,42.95
709,2019-04-29,04:00,0.0,1007.5,1008.3,1007.5,-9999,24.7,23.8,24.7,24.6,23.9,23.8,95,95,95,166,1.0,0.0,N,PA,TOME ACU,A213,-2.59249999,-48.36055555,42.95
710,2019-04-29,08:00,0.0,1005.9,1005.9,1005.5,-9999,23.9,23.2,24.1,23.9,23.4,23.2,96,96,96,120,0.0,0.0,N,PA,TOME ACU,A213,-2.59249999,-48.36055555,42.95
711,2019-04-29,12:00,0.0,1008.2,1008.2,1007.6,779,25.2,23.5,25.4,24.6,24.0,23.5,95,90,90,280,2.6,0.3,N,PA,TOME ACU,A213,-2.59249999,-48.36055555,42.95
712,2019-04-29,16:00,0.0,1006.1,1007.3,1006.1,1081,27.5,23.9,28.4,27.3,24.7,23.1,84,74,81,36,4.7,1.6,N,PA,TOME ACU,A213,-2.59249999,-48.36055555,42.95
713,2019-04-29,20:00,0.0,1004.1,1004.3,1003.9,473,26.9,24.7,27.2,26.7,24.8,24.2,88,85,88,308,2.4,0.0,N,PA,TOME ACU,A213,-2.59249999,-48.36055555,42.95
714,2019-04-30,00:00,28.6,1007.6,1007.6,1006.5,-9999,25.4,24.4,25.6,25.4,24.5,24.3,94,93,94,340,0.0,0.0,N,PA,TOME ACU,A213,-2.59249999,-48.36055555,42.95
715,2019-04-30,04:00,0.0,1007.6,1008.3,1007.6,-9999,24.0,22.9,24.2,24.0,22.9,22.8,94,92,94,321,4.1,0.0,N,PA,TOME ACU,A213,-2.59249999,-48.36055555,42.95
716,2019-04-30,08:00,0.0,1007.1,1007.2,1007.0,-9999,24.0,23.1,24.0,23.9,23.2,23.1,95,95,95,133,0.0,0.0,N,PA,TOME ACU,A213,-2.59249999,-48.36055555,42.95
717,2019-04-30,12:00,0.0,1009.2,1009.2,1008.8,1570,26.8,23.3,27.1,24.8,24.1,23.3,91,81,81,3,3.7,1.3,N,PA,TOME ACU,A213,-2.59249999,-48.36055555,42.95
718,2019-04-30,16:00,0.0,1006.6,1008.0,1006.6,2650,30.1,24.0,30.5,29.0,24.8,23.2,74,66,70,40,3.0,1.5,N,PA,TOME ACU,A213,-2.59249999,-48.36055555,42.95
719,2019-04-30,20:00,0.0,1004.6,1004.6,1003.5,46,26.1,24.9,30.3,26.0,25.5,24.7,93,73,93,50,7.7,1.1,N,PA,TOME ACU,A213,-2.59249999,-48.36055555,42.95
720,2019-05-01,00:00,0.0,1007.3,1007.3,1006.4,-9999,25.3,24.4,25.4,25.3,24.4,24.3,95,94,95,80,0.7,0.0,N,PA,TOME ACU,A213,-2.59249999,-48.36055555,42.95
721,2019-05-01,04:00,0.6,1007.8,1008.2,1007.8,-9999,24.9,24.0,25.0,24.9,24.1,24.0,95,95,95,15,0.0,0.0,N,PA,TOME ACU,A213,-2.59249999,-48.36055555,42.95
722,2019-05-01,08:00,0.0,1006.4,1006.4,1005.7,-9999,24.3,23.5,24.4,24.3,23.7,23.5,96,95,96,2,0.0,0.0,N,PA,TOME ACU,A213,-2.59249999,-48.36055555,42.95
723,2019-05-01,12:00,1.6,1009.4,1009.5,1008.8,1246,25.8,23.3,26.0,24.7,23.6,22.3,93,81,86,66,2.8,0.2,N,PA,TOME ACU,A213,-2.59249999,-48.36055555,42.95
724,2019-05-01,16:00,46.2,1006.8,1008.5,1006.8,2681,30.2,23.3,30.2,28.9,24.5,22.6,75,65,67,68,3.0,0.4,N,PA,TOME ACU,A213,-2.59249999,-48.36055555,42.95
725,2019-05-01,20:00,0.0,1003.1,1003.1,1002.8,1100,31.4,23.6,31.9,31.3,24.2,23.0,66,60,63,39,3.2,0.9,N,PA,TOME ACU,A213,-2.59249999,-48.36055555,42.95
726,2019-05-02,00:00,17.8,1006.7,1006.7,1006.1,-9999,25.9,24.8,26.1,25.9,25.0,24.7,94,93,93,324,2.5,0.1,N,PA,TOME ACU,A213,-2.59249999,-48.36055555,42.95
727,2019-05-02,04:00,2.8,1007.2,1007.7,1007.2,-9999,24.7,23.9,24.7,24.6,24.0,23.8,96,95,95,124,0.8,0.0,N,PA,TOME ACU,A213,-2.59249999,-48.36055555,42.95
728,2019-05-02,08:00,29.8,1005.2,1005.4,1005.2,-9999,24.5,23.7,24.7,24.5,23.9,23.7,95,95,95,165,0.6,0.0,N,PA,TOME ACU,A213,-2.59249999,-48.36055555,42.95
729,2019-05-02,12:00,-9999.0,1008.2,1008.2,1007.6,1267,26.4,23.8,26.8,25.2,24.3,23.3,93,82,86,85,2.9,1.4,N,PA,TOME ACU,A213,-2.59249999,-48.36055555,42.95
730,2019-05-02,16:00,30.0,1006.0,1007.7,1006.0,2147,30.3,23.7,30.3,28.8,24.9,22.8,77,65,68,52,4.0,1.6,N,PA,TOME ACU,A213,-2.59249999,-48.36055555,42.95
731,2019-05-02,20:00,0.0,1003.4,1003.4,1002.6,1284,31.4,24.5,31.7,31.2,25.3,23.5,70,63,67,38,4.4,2.0,N,PA,TOME ACU,A213,-2.59249999,-48.36055555,42.95
732,2019-05-03,00:00,0.0,1007.4,1007.4,1006.5,-9999,24.3,23.5,24.3,24.2,23.6,23.4,96,95,95,130,1.0,0.0,N,PA,TOME ACU,A213,-2.59249999,-48.36055555,42.95
733,2019-05-03,04:00,0.0,1006.7,1007.3,1006.6,-9999,23.8,23.1,24.1,23.8,23.4,23.1,96,96,96,238,0.0,0.0,N,PA,TOME ACU,A213,-2.59249999,-48.36055555,42.95
734,2019-05-03,08:00,0.0,1005.3,1005.3,1005.1,-9999,23.5,22.8,23.6,23.3,22.9,22.6,96,96,96,360,0.0,0.0,N,PA,TOME ACU,A213,-2.59249999,-48.36055555,42.95
735,2019-05-03,12:00,0.2,1007.5,1007.5,1007.0,1125,26.1,23.6,26.1,25.0,24.7,23.3,95,85,86,59,5.8,2.9,N,PA,TOME ACU,A213,-2.59249999,-48.36055555,42.95
736,2019-05-03,16:00,4.0,1005.8,-9999.0,-9999.0,978,30.7,24.0,-9999.0,-9999.0,-9999.0,-9999.0,-9999,-9999,68,71,-9999.0,2.2,N,PA,TOME ACU,A213,-2.59249999,-48.36055555,42.95
737,2019-05-03,20:00,0.0,1003.1,1003.1,1003.0,1026,31.8,23.1,32.1,31.6,24.1,22.6,63,58,60,77,4.3,0.9,N,PA,TOME ACU,A213,-2.59249999,-48.36055555,42.95
738,2019-05-04,00:00,0.0,1006.0,1006.0,1005.1,-9999,25.4,24.2,26.1,25.4,24.8,24.2,93,92,93,220,0.0,0.0,N,PA,TOME ACU,A213,-2.59249999,-48.36055555,42.95
739,2019-05-04,04:00,0.0,1006.6,1007.0,1006.6,-9999,24.1,23.1,24.5,24.1,23.4,23.1,94,94,94,197,0.0,0.0,N,PA,TOME ACU,A213,-2.59249999,-48.36055555,42.95
740,2019-05-04,08:00,0.0,1005.5,1005.5,1005.3,-9999,23.0,22.2,23.2,23.0,22.3,22.2,95,95,95,158,0.0,0.0,N,PA,TOME ACU,A213,-2.59249999,-48.36055555,42.95
741,2019-05-04,12:00,0.0,1007.8,1007.8,1007.3,737,26.2,24.6,26.2,24.9,24.7,24.1,96,91,91,62,3.9,1.4,N,PA,TOME ACU,A213,-2.59249999,-48.36055555,42.95
742,2019-05-04,16:00,0.0,1005.3,1006.5,1005.3,2862,31.3,23.9,31.4,30.0,24.5,22.7,72,61,65,86,5.2,1.7,N,PA,TOME ACU,A213,-2.59249999,-48.36055555,42.95
743,2019-05-04,20:00,0.0,1002.6,1002.6,1002.3,1118,32.3,22.9,32.6,32.2,23.6,22.1,60,55,58,73,3.6,1.3,N,PA,TOME ACU,A213,-2.59249999,-48.36055555,42.95
744,2019-05-05,00:00,0.0,1005.4,1005.4,1004.0,-9999,26.3,24.0,27.0,26.3,25.2,23.9,92,87,87,36,3.8,0.8,N,PA,TOME ACU,A213,-2.59249999,-48.36055555,42.95
745,2019-05-05,04:00,0.0,1005.8,1006.5,1005.8,-9999,24.3,23.2,24.5,24.2,23.3,23.0,94,93,94,270,0.0,0.0,N,PA,TOME ACU,A213,-2.59249999,-48.36055555,42.95
746,2019-05-05,08:00,0.0,1005.4,1005.4,1005.2,-9999,24.0,23.1,24.0,23.8,23.1,22.8,95,94,95,126,0.0,0.0,N,PA,TOME ACU,A213,-2.59249999,-48.36055555,42.95
747,2019-05-05,12:00,0.0,1007.4,1007.4,1006.8,562,26.1,24.0,26.2,25.1,24.3,23.7,93,88,88,137,1.7,0.3,N,PA,TOME ACU,A213,-2.59249999,-48.36055555,42.95
748,2019-05-05,16:00,0.0,1004.9,1006.1,1004.9,2425,31.5,23.4,31.9,30.7,24.0,22.3,66,58,62,92,4.9,1.3,N,PA,TOME ACU,A213,-2.59249999,-48.36055555,42.95
749,2019-05-05,20:00,0.0,1003.2,1003.2,1003.0,683,32.4,24.1,32.5,31.5,26.1,23.2,73,60,62,136,2.0,0.0,N,PA,TOME ACU,A213,-2.59249999,-48.36055555,42.95
750,2019-05-06,00:00,0.0,1006.5,1006.5,1005.6,-9999,26.5,24.4,27.4,26.5,25.4,24.4,91,88,88,1,3.4,0.7,N,PA,TOME ACU,A213,-2.59249999,-48.36055555,42.95
751,2019-05-06,04:00,0.0,1006.1,1006.6,1006.1,-9999,24.8,23.7,25.0,24.8,23.8,23.6,94,93,94,325,1.2,0.0,N,PA,TOME ACU,A213,-2.59249999,-48.36055555,42.95
752,2019-05-06,08:00,0.0,1006.3,1006.3,1005.8,-9999,24.1,23.2,24.4,24.1,23.3,23.2,95,94,95,155,0.0,0.0,N,PA,TOME ACU,A213,-2.59249999,-48.36055555,42.95
753,2019-05-06,12:00,0.0,1008.8,1008.8,1008.4,1041,26.8,24.2,26.8,24.9,24.4,23.5,92,83,85,69,2.7,1.3,N,PA,TOME ACU,A213,-2.59249999,-48.36055555,42.95
754,2019-05-06,16:00,0.0,1006.4,1007.6,1006.4,2908,31.9,22.9,32.0,30.9,23.9,22.3,66,57,59,59,4.3,1.8,N,PA,TOME ACU,A213,-2.59249999,-48.36055555,42.95
755,2019-05-06,20:00,0.0,1004.4,1004.5,1004.3,895,32.4,23.2,32.9,32.3,25.3,22.0,66,53,59,166,2.6,0.6,N,PA,TOME ACU,A213,-2.59249999,-48.36055555,42.95
756,2019-05-07,00:00,0.0,1007.8,1007.8,1007.1,-9999,24.3,23.2,24.5,24.3,23.3,23.0,93,92,93,233,2.0,0.0,N,PA,TOME ACU,A213,-2.59249999,-48.36055555,42.95
757,2019-05-07,04:00,0.0,1007.2,1007.6,1007.2,-9999,24.4,23.5,24.4,24.3,23.5,23.3,95,94,94,341,1.2,0.0,N,PA,TOME ACU,A213,-2.59249999,-48.36055555,42.95
758,2019-05-07,08:00,0.2,1006.3,1006.3,1006.0,-9999,24.3,23.5,24.4,24.3,23.5,23.4,95,95,95,131,0.0,0.0,N,PA,TOME ACU,A213,-2.59249999,-48.36055555,42.95
759,2019-05-07,12:00,0.0,1008.2,1008.2,1007.8,339,25.4,24.0,25.4,24.9,24.2,23.8,94,92,92,141,2.5,0.6,N,PA,TOME ACU,A213,-2.59249999,-48.36055555,42.95
760,2019-05-07,16:00,0.0,1005.8,1007.3,1005.8,2910,29.4,23.5,29.4,28.1,24.5,22.9,79,69,71,179,2.5,0.5,N,PA,TOME ACU,A213,-2.59249999,-48.36055555,42.95
761,2019-05-07,20:00,0.0,1004.7,1004.7,1004.0,453,29.5,27.4,30.2,29.5,27.5,24.9,89,76,89,325,0.9,0.0,N,PA,TOME ACU,A213,-2.59249999,-48.36055555,42.95
762,2019-05-08,00:00,1.4,1007.9,1008.0,1007.5,-9999,25.1,23.7,25.7,25.1,24.2,23.6,93,90,92,25,3.4,1.1,N,PA,TOME ACU,A213,-2.59249999,-48.36055555,42.95
763,2019-05-08,04:00,0.0,1008.2,1009.0,1008.2,-9999,24.3,23.3,24.4,24.3,23.5,23.3,94,94,94,30,1.4,0.1,N,PA,TOME ACU,A213,-2.59249999,-48.36055555,42.95
764,2019-05-08,08:00,0.0,1005.8,1005.8,1005.2,-9999,24.0,23.2,24.0,23.8,23.3,23.0,96,95,95,97,0.9,0.0,N,PA,TOME ACU,A213,-2.59249999,-48.36055555,42.95
765,2019-05-08,12:00,0.0,1007.7,1007.7,1007.2,923,25.7,22.8,25.7,24.6,23.7,22.8,93,84,84,65,3.2,1.9,N,PA,TOME ACU,A213,-2.59249999,-48.36055555,42.95
766,2019-05-08,16:00,0.0,1005.8,1007.1,1005.8,3288,30.7,23.5,30.7,29.5,23.9,22.3,72,61,65,48,5.2,1.8,N,PA,TOME ACU,A213,-2.59249999,-48.36055555,42.95
767,2019-05-08,20:00,0.0,1003.6,1003.7,1003.5,1060,31.8,22.6,32.3,31.8,23.7,22.4,62,57,58,79,3.5,0.2,N,PA,TOME ACU,A213,-2.59249999,-48.36055555,42.95
768,2019-05-09,00:00,0.0,1005.5,1005.5,1004.6,-9999,26.5,25.1,26.9,26.5,25.3,25.0,92,90,92,206,1.0,0.0,N,PA,TOME ACU,A213,-2.59249999,-48.36055555,42.95
769,2019-05-09,04:00,0.0,1005.6,1006.4,1005.6,-9999,25.3,23.9,25.7,25.3,24.2,23.9,92,91,92,68,1.9,0.0,N,PA,TOME ACU,A213,-2.59249999,-48.36055555,42.95
770,2019-05-09,08:00,0.0,1004.8,1004.8,1004.5,-9999,24.6,23.7,24.9,24.6,23.9,23.6,94,94,94,69,1.3,0.0,N,PA,TOME ACU,A213,-2.59249999,-48.36055555,42.95
771,2019-05-09,12:00,0.0,1007.2,1007.2,1006.6,1032,26.8,23.8,26.9,25.5,24.5,23.6,93,83,84,64,5.6,2.6,N,PA,TOME ACU,A213,-2.59249999,-48.36055555,42.95
772,2019-05-09,16:00,0.0,1004.6,1005.8,1004.6,2506,30.5,24.6,31.1,30.1,24.9,23.0,72,63,71,99,4.5,1.8,N,PA,TOME ACU,A213,-2.59249999,-48.36055555,42.95
773,2019-05-09,20:00,0.0,1002.1,1002.3,1002.0,315,26.3,24.7,26.3,25.9,24.8,24.3,92,90,91,82,1.5,0.0,N,PA,TOME ACU,A213,-2.59249999,-48.36055555,42.95
774,2019-05-10,00:00,0.0,1005.3,1005.3,1004.6,-9999,24.9,23.9,26.2,24.9,25.0,23.8,94,92,94,38,3.7,0.3,N,PA,TOME ACU,A213,-2.59249999,-48.36055555,42.95
775,2019-05-10,04:00,0.0,1004.8,1005.0,1004.7,-9999,24.5,23.6,24.6,24.5,23.6,23.5,95,94,95,282,2.0,0.0,N,PA,TOME ACU,A213,-2.59249999,-48.36055555,42.95
776,2019-05-10,08:00,0.0,1004.0,1004.0,1003.6,-9999,23.9,23.2,24.2,23.9,23.4,23.1,96,95,95,228,0.0,0.0,N,PA,TOME ACU,A213,-2.59249999,-48.36055555,42.95
777,2019-05-10,12:00,0.0,1005.8,1005.9,1005.6,1587,26.7,23.4,27.2,25.8,24.1,23.1,89,80,82,87,4.4,2.2,N,PA,TOME ACU,A213,-2.59249999,-48.36055555,42.95
778,2019-05-10,16:00,0.0,1003.5,1004.7,1003.5,2465,30.3,24.2,30.4,29.5,24.9,23.5,75,67,70,55,5.4,1.5,N,PA,TOME ACU,A213,-2.59249999,-48.36055555,42.95
779,2019-05-10,20:00,0.0,1001.4,1001.4,1001.0,437,29.9,25.2,31.2,29.8,26.8,24.2,80,66,76,352,1.8,0.0,N,PA,TOME ACU,A213,-2.59249999,-48.36055555,42.95
780,2019-05-11,00:00,0.0,1004.8,1004.8,1004.2,-9999,24.9,23.3,25.3,24.9,23.4,23.2,91,89,91,28,2.9,0.0,N,PA,TOME ACU,A213,-2.59249999,-48.36055555,42.95
781,2019-05-11,04:00,0.0,1004.5,1005.2,1004.5,-9999,24.5,23.5,24.6,24.5,23.6,23.5,94,94,94,245,0.0,0.0,N,PA,TOME ACU,A213,-2.59249999,-48.36055555,42.95
782,2019-05-11,08:00,0.0,1003.4,1003.4,1002.9,-9999,23.9,23.1,24.0,23.8,23.1,23.0,95,95,95,297,0.0,0.0,N,PA,TOME ACU,A213,-2.59249999,-48.36055555,42.95
783,2019-05-11,12:00,0.0,1005.9,1006.0,1005.4,1524,26.4,23.5,26.6,24.7,24.1,23.4,94,83,84,101,3.4,0.7,N,PA,TOME ACU,A213,-2.59249999,-48.36055555,42.95
784,2019-05-11,16:00,0.0,1003.8,1005.0,1003.8,2102,30.4,24.3,31.0,29.8,25.0,23.6,74,65,70,96,4.8,1.4,N,PA,TOME ACU,A213,-2.59249999,-48.36055555,42.95
785,2019-05-11,20:00,0.0,1002.0,1002.0,1001.2,1118,32.4,23.2,32.6,32.2,23.8,22.5,61,56,59,99,5.7,0.9,N,PA,TOME ACU,A213,-2.59249999,-48.36055555,42.95
786,2019-05-12,00:00,0.0,1006.7,1006.7,1004.8,-9999,26.1,23.7,27.3,26.1,24.8,23.7,87,84,87,49,9.2,3.5,N,PA,TOME ACU,A213,-2.59249999,-48.36055555,42.95
787,2019-05-12,04:00,0.0,1005.7,1006.0,1005.7,-9999,23.7,22.8,23.8,23.7,22.8,22.7,95,94,95,277,0.0,0.0,N,PA,TOME ACU,A213,-2.59249999,-48.36055555,42.95
788,2019-05-12,08:00,0.2,1005.3,1005.3,1004.7,-9999,23.5,22.7,23.6,23.4,22.8,22.7,95,95,95,257,0.0,0.0,N,PA,TOME ACU,A213,-2.59249999,-48.36055555,42.95
789,2019-05-12,12:00,0.0,1007.6,1007.7,1007.5,792,26.1,24.0,26.1,25.0,24.2,23.4,92,88,88,74,2.4,1.0,N,PA,TOME ACU,A213,-2.59249999,-48.36055555,42.95
790,2019-05-12,16:00,0.0,1005.8,1006.4,1005.8,2695,30.8,24.4,30.8,29.2,25.0,23.7,76,68,69,82,3.9,1.0,N,PA,TOME ACU,A213,-2.59249999,-48.36055555,42.95
791,2019-05-12,20:00,0.0,1004.8,1004.8,1004.0,655,29.7,23.8,30.5,29.7,24.4,23.3,72,67,71,54,4.6,1.4,N,PA,TOME ACU,A213,-2.59249999,-48.36055555,42.95
792,2019-05-13,00:00,0.0,1008.3,1008.3,1007.7,-9999,25.1,23.7,25.2,25.0,23.8,23.6,92,91,92,53,1.7,0.0,N,PA,TOME ACU,A213,-2.59249999,-48.36055555,42.95
793,2019-05-13,04:00,0.0,1006.6,1007.1,1006.6,-9999,24.6,23.7,24.7,24.6,23.8,23.7,95,94,95,148,0.0,0.0,N,PA,TOME ACU,A213,-2.59249999,-48.36055555,42.95
794,2019-05-13,08:00,0.0,1006.7,1006.7,1006.2,-9999,24.1,23.3,24.3,24.1,23.4,23.3,95,95,95,41,1.3,0.0,N,PA,TOME ACU,A213,-2.59249999,-48.36055555,42.95
795,2019-05-13,12:00,0.0,1008.5,1008.5,1008.2,1165,26.1,23.4,26.1,24.9,23.6,22.6,92,84,86,34,4.3,0.9,N,PA,TOME ACU,A213,-2.59249999,-48.36055555,42.95
796,2019-05-13,16:00,0.0,1006.9,1007.8,1006.9,2805,30.8,23.6,30.8,29.4,24.7,23.0,74,63,66,29,4.5,2.3,N,PA,TOME ACU,A213,-2.59249999,-48.36055555,42.95
797,2019-05-13,20:00,0.0,1004.5,1004.5,1003.7,879,31.5,25.1,32.5,31.5,25.1,23.0,69,58,69,43,2.7,0.5,N,PA,TOME ACU,A213,-2.59249999,-48.36055555,42.95
798,2019-05-14,00:00,0.4,1009.0,1009.1,1007.7,-9999,24.5,23.5,24.5,24.4,23.5,23.3,94,94,94,256,1.0,0.0,N,PA,TOME ACU,A213,-2.59249999,-48.36055555,42.95
799,2019-05-14,04:00,0.0,1008.1,1008.4,1008.1,-9999,24.2,23.4,24.2,24.2,23.4,23.4,95,95,95,225,0.8,0.0,N,PA,TOME ACU,A213,-2.59249999,-48.36055555,42.95
800,2019-05-14,08:00,0.0,1007.0,1007.0,1006.5,-9999,23.7,23.0,24.0,23.7,23.2,23.0,96,96,96,280,0.0,0.0,N,PA,TOME ACU,A213,-2.59249999,-48.36055555,42.95
801,2019-05-14,12:00,0.0,1008.7,1008.8,1008.5,1130,26.5,24.4,26.6,25.3,24.6,23.9,93,88,88,74,3.2,0.9,N,PA,TOME ACU,A213,-2.59249999,-48.36055555,42.95
802,2019-05-14,16:00,0.0,1006.4,1007.3,1006.4,2708,30.7,24.3,30.7,29.6,24.7,23.2,74,66,69,54,4.9,1.5,N,PA,TOME ACU,A213,-2.59249999,-48.36055555,42.95
803,2019-05-14,20:00,0.0,1003.7,1003.7,1003.3,944,27.4,22.9,30.4,27.4,24.1,22.3,77,66,76,152,7.5,1.7,N,PA,TOME ACU,A213,-2.59249999,-48.36055555,42.95
804,2019-05-15,00:00,0.0,1006.9,1007.1,1006.3,-9999,25.5,24.1,25.5,25.4,24.2,23.9,93,91,92,319,2.7,0.0,N,PA,TOME ACU,A213,-2.59249999,-48.36055555,42.95
805,2019-05-15,04:00,0.0,1007.1,1007.6,1007.0,-9999,24.6,23.6,24.8,24.6,23.8,23.6,95,94,94,25,0.5,0.0,N,PA,TOME ACU,A213,-2.59249999,-48.36055555,42.95
806,2019-05-15,08:00,0.0,1005.9,1005.9,1005.5,-9999,23.8,23.0,24.1,23.8,23.3,23.0,95,95,95,199,0.0,0.0,N,PA,TOME ACU,A213,-2.59249999,-48.36055555,42.95
807,2019-05-15,12:00,0.0,1007.9,1007.9,1007.3,946,26.8,23.9,26.9,25.9,24.6,23.8,90,84,84,43,3.3,1.2,N,PA,TOME ACU,A213,-2.59249999,-48.36055555,42.95
808,2019-05-15,16:00,0.0,1005.7,1007.2,1005.7,2893,30.7,24.1,31.1,29.6,24.8,22.7,71,63,68,56,3.9,0.6,N,PA,TOME ACU,A213,-2.59249999,-48.36055555,42.95
809,2019-05-15,20:00,0.0,1003.5,1003.5,1003.0,958,29.7,23.7,30.3,29.4,24.5,23.1,73,67,70,94,2.9,0.9,N,PA,TOME ACU,A213,-2.59249999,-48.36055555,42.95
810,2019-05-16,00:00,0.0,1007.9,1007.9,1006.6,-9999,24.8,23.7,24.9,24.7,23.8,23.6,94,93,94,65,0.0,0.0,N,PA,TOME ACU,A213,-2.59249999,-48.36055555,42.95
811,2019-05-16,04:00,0.0,1007.3,1007.9,1007.3,-9999,24.0,23.2,24.2,24.0,23.4,23.1,95,95,95,110,0.0,0.0,N,PA,TOME ACU,A213,-2.59249999,-48.36055555,42.95
812,2019-05-16,08:00,0.0,1006.1,1006.1,1005.6,-9999,23.1,22.4,23.4,23.1,22.6,22.3,96,95,96,186,0.0,0.0,N,PA,TOME ACU,A213,-2.59249999,-48.36055555,42.95
813,2019-05-16,12:00,0.2,1008.9,1008.9,1008.0,851,26.0,24.3,26.0,25.0,24.5,24.0,95,90,90,96,2.2,1.0,N,PA,TOME ACU,A213,-2.59249999,-48.36055555,42.95
814,2019-05-16,16:00,0.0,1006.4,1007.8,1006.4,2504,29.7,22.6,30.0,29.0,23.9,22.6,73,64,66,53,3.9,1.9,N,PA,TOME ACU,A213,-2.59249999,-48.36055555,42.95
815,2019-05-16,20:00,0.0,1004.9,1004.9,1004.0,513,29.2,24.4,30.4,29.2,24.7,23.7,75,69,75,352,2.4,0.2,N,PA,TOME ACU,A213,-2.59249999,-48.36055555,42.95
816,2019-05-17,00:00,0.0,1008.6,1008.6,1007.1,-9999,25.5,23.9,26.0,25.5,24.7,23.8,92,90,91,172,3.1,0.7,N,PA,TOME ACU,A213,-2.59249999,-48.36055555,42.95
817,2019-05-17,04:00,0.0,1007.8,1008.4,1007.8,-9999,24.5,23.4,24.7,24.5,23.5,23.3,94,93,94,198,0.0,0.0,N,PA,TOME ACU,A213,-2.59249999,-48.36055555,42.95
818,2019-05-17,08:00,0.0,1006.6,1006.6,1006.2,-9999,24.2,23.4,24.3,24.2,23.4,23.3,95,95,95,156,1.7,0.2,N,PA,TOME ACU,A213,-2.59249999,-48.36055555,42.95
819,2019-05-17,12:00,0.0,1009.0,1009.0,1008.3,755,25.8,23.3,25.9,24.9,23.8,23.1,92,86,87,138,3.5,1.3,N,PA,TOME ACU,A213,-2.59249999,-48.36055555,42.95
820,2019-05-17,16:00,0.2,1006.1,1007.4,1006.1,3251,29.1,23.1,29.1,27.1,24.1,22.7,81,69,70,214,3.8,1.3,N,PA,TOME ACU,A213,-2.59249999,-48.36055555,42.95
821,2019-05-17,20:00,0.0,1004.6,1004.6,1003.6,405,28.0,24.5,29.4,28.0,25.4,22.4,84,67,82,44,4.4,1.5,N,PA,TOME ACU,A213,-2.59249999,-48.36055555,42.95
822,2019-05-18,00:00,1.0,1007.3,1007.3,1006.6,-9999,24.0,23.0,24.1,23.9,23.1,22.8,94,94,94,301,0.0,0.0,N,PA,TOME ACU,A213,-2.59249999,-48.36055555,42.95
823,2019-05-18,04:00,0.0,1006.7,1007.2,1006.7,-9999,23.6,22.8,23.7,23.6,22.9,22.7,95,95,95,223,0.5,0.0,N,PA,TOME ACU,A213,-2.59249999,-48.36055555,42.95
824,2019-05-18,08:00,0.0,1005.9,1005.9,1005.1,-9999,23.3,22.6,23.3,23.2,22.6,22.5,96,96,96,74,1.3,0.0,N,PA,TOME ACU,A213,-2.59249999,-48.36055555,42.95
825,2019-05-18,12:00,0.0,1007.8,1007.9,1007.8,1214,26.1,23.2,26.1,24.8,23.4,22.7,91,82,84,71,2.9,1.2,N,PA,TOME ACU,A213,-2.59249999,-48.36055555,42.95
826,2019-05-18,16:00,0.0,1005.8,1006.7,1005.8,1445,29.7,24.3,30.2,29.5,24.7,22.9,74,65,73,39,3.0,0.8,N,PA,TOME ACU,A213,-2.59249999,-48.36055555,42.95
827,2019-05-18,20:00,3.0,1003.0,1003.4,1002.8,741,27.9,25.7,32.1,27.9,25.8,23.1,88,60,88,243,5.0,0.2,N,PA,TOME ACU,A213,-2.59249999,-48.36055555,42.95
828,2019-05-19,00:00,0.0,1006.4,1006.4,1005.1,-9999,25.9,24.3,26.2,25.9,25.1,24.3,94,91,91,50,4.2,1.5,N,PA,TOME ACU,A213,-2.59249999,-48.36055555,42.95
829,2019-05-19,04:00,0.0,1005.6,1006.3,1005.6,-9999,25.2,24.3,25.4,25.2,24.5,24.3,95,94,95,78,1.5,0.0,N,PA,TOME ACU,A213,-2.59249999,-48.36055555,42.95
830,2019-05-19,08:00,0.0,1005.3,1005.3,1004.8,-9999,24.4,23.6,24.7,24.4,23.9,23.6,95,95,95,101,0.0,0.0,N,PA,TOME ACU,A213,-2.59249999,-48.36055555,42.95
831,2019-05-19,12:00,0.0,1007.7,1007.7,1006.8,909,26.0,23.8,26.1,25.3,24.4,23.8,93,88,88,76,4.7,2.0,N,PA,TOME ACU,A213,-2.59249999,-48.36055555,42.95
832,2019-05-19,16:00,0.0,1005.5,1007.1,1005.5,1463,28.8,23.8,29.0,28.0,24.8,23.4,83,72,74,60,4.5,1.6,N,PA,TOME ACU,A213,-2.59249999,-48.36055555,42.95
833,2019-05-19,20:00,9.6,1004.2,1004.3,1003.1,156,24.8,23.5,31.3,24.3,24.7,22.7,93,68,92,245,10.6,0.0,N,PA,TOME ACU,A213,-2.59249999,-48.36055555,42.95
834,2019-05-20,00:00,0.2,1006.5,1006.5,1006.1,-9999,23.8,23.0,23.8,23.5,23.0,22.7,95,95,95,134,2.3,0.0,N,PA,TOME ACU,A213,-2.59249999,-48.36055555,42.95
835,2019-05-20,04:00,0.0,1006.4,1007.2,1006.4,-9999,23.7,23.0,23.9,23.7,23.1,22.9,95,95,95,249,0.0,0.0,N,PA,TOME ACU,A213,-2.59249999,-48.36055555,42.95
836,2019-05-20,08:00,0.2,1004.7,1005.1,1004.7,-9999,23.7,23.0,23.8,23.6,23.1,22.9,96,96,96,5,0.0,0.0,N,PA,TOME ACU,A213,-2.59249999,-48.36055555,42.95
837,2019-05-20,12:00,0.0,1007.5,1007.6,1006.9,951,26.0,24.4,26.0,24.5,24.6,23.7,95,91,91,86,1.9,0.2,N,PA,TOME ACU,A213,-2.59249999,-48.36055555,42.95
838,2019-05-20,16:00,0.0,1004.7,1006.0,1004.7,2339,30.4,22.9,30.9,29.3,24.4,22.5,74,62,64,96,4.6,1.9,N,PA,TOME ACU,A213,-2.59249999,-48.36055555,42.95
839,2019-05-20,20:00,2.0,1003.6,1003.8,1002.7,274,27.3,25.5,28.7,27.3,25.7,24.2,89,76,89,76,4.0,1.8,N,PA,TOME ACU,A213,-2.59249999,-48.36055555,42.95
840,2019-05-21,00:00,2.4,1007.0,1007.1,1005.9,-9999,24.0,22.7,25.3,24.0,24.2,22.7,94,92,93,85,5.7,0.5,N,PA,TOME ACU,A213,-2.59249999,-48.36055555,42.95
841,2019-05-21,04:00,0.2,1006.5,1007.1,1006.5,-9999,23.8,23.0,23.9,23.8,23.1,23.0,95,95,95,12,0.9,0.0,N,PA,TOME ACU,A213,-2.59249999,-48.36055555,42.95
842,2019-05-21,08:00,0.0,1005.1,1005.1,1004.9,-9999,23.7,23.0,23.8,23.7,23.1,23.0,96,96,96,325,0.0,0.0,N,PA,TOME ACU,A213,-2.59249999,-48.36055555,42.95
843,2019-05-21,12:00,0.0,1007.3,1007.4,1006.9,880,25.5,24.1,25.6,24.9,24.3,23.8,95,91,91,152,2.5,0.0,N,PA,TOME ACU,A213,-2.59249999,-48.36055555,42.95
844,2019-05-21,16:00,0.0,1005.5,1006.8,1005.5,2469,30.3,24.4,30.3,28.7,25.2,23.7,81,69,71,131,3.0,1.4,N,PA,TOME ACU,A213,-2.59249999,-48.36055555,42.95
845,2019-05-21,20:00,0.0,1003.0,1003.0,1002.5,914,30.5,24.1,31.0,30.5,24.8,24.0,70,66,69,60,2.4,0.9,N,PA,TOME ACU,A213,-2.59249999,-48.36055555,42.95
846,2019-05-22,00:00,0.0,1006.0,1006.0,1005.0,-9999,24.6,23.4,24.8,24.6,23.4,23.3,93,92,93,22,0.9,0.0,N,PA,TOME ACU,A213,-2.59249999,-48.36055555,42.95
847,2019-05-22,04:00,0.0,1006.8,1007.0,1006.8,-9999,24.0,23.1,24.1,24.0,23.1,23.0,95,94,95,333,0.0,0.0,N,PA,TOME ACU,A213,-2.59249999,-48.36055555,42.95
848,2019-05-22,08:00,0.0,1005.2,1005.2,1004.7,-9999,24.3,23.5,24.7,24.2,23.7,23.4,95,94,95,109,0.0,0.0,N,PA,TOME ACU,A213,-2.59249999,-48.36055555,42.95
849,2019-05-22,12:00,0.0,1007.3,1007.3,1006.8,1238,26.5,23.8,26.7,24.7,24.8,23.4,94,83,85,88,1.6,0.3,N,PA,TOME ACU,A213,-2.59249999,-48.36055555,42.95
850,2019-05-22,16:00,0.0,1005.4,1006.8,1005.4,2397,30.8,24.0,30.8,29.7,25.1,23.7,75,67,67,57,3.9,1.5,N,PA,TOME ACU,A213,-2.59249999,-48.36055555,42.95
851,2019-05-22,20:00,10.2,1005.5,1005.6,1004.8,8,24.5,23.5,24.7,24.5,23.7,23.5,95,94,94,68,8.9,0.6,N,PA,TOME ACU,A213,-2.59249999,-48.36055555,42.95
852,2019-05-23,00:00,0.0,1007.0,1007.1,1006.1,-9999,24.0,23.1,24.0,23.9,23.2,23.1,95,95,95,77,0.7,0.0,N,PA,TOME ACU,A213,-2.59249999,-48.36055555,42.95
853,2019-05-23,04:00,0.0,1006.8,1007.3,1006.8,-9999,23.6,22.8,23.8,23.6,23.0,22.8,95,95,95,215,0.0,0.0,N,PA,TOME ACU,A213,-2.59249999,-48.36055555,42.95
854,2019-05-23,08:00,0.0,1005.6,1005.6,1005.3,-9999,23.3,22.6,23.3,23.3,22.6,22.6,96,96,96,185,0.0,0.0,N,PA,TOME ACU,A213,-2.59249999,-48.36055555,42.95
855,2019-05-23,12:00,0.0,1007.9,1008.0,1007.7,630,25.0,23.8,25.0,24.1,23.9,23.3,95,93,93,85,2.3,0.7,N,PA,TOME ACU,A213,-2.59249999,-48.36055555,42.95
856,2019-05-23,16:00,0.0,1006.2,1007.3,1006.2,2697,30.4,22.7,30.4,28.9,23.7,22.2,72,64,64,64,5.4,2.1,N,PA,TOME ACU,A213,-2.59249999,-48.36055555,42.95
857,2019-05-23,20:00,0.0,1003.5,1003.8,1003.4,1074,30.3,23.8,30.9,30.2,24.3,22.7,70,62,68,59,3.8,1.5,N,PA,TOME ACU,A213,-2.59249999,-48.36055555,42.95
858,2019-05-24,00:00,0.0,1005.7,1005.7,1005.2,-9999,25.6,24.5,26.1,25.6,24.9,24.4,94,93,94,14,0.0,0.0,N,PA,TOME ACU,A213,-2.59249999,-48.36055555,42.95
859,2019-05-24,04:00,0.0,1006.1,1006.5,1006.1,-9999,24.8,23.6,25.2,24.8,24.2,23.6,95,92,93,5,1.6,0.0,N,PA,TOME ACU,A213,-2.59249999,-48.36055555,42.95
860,2019-05-24,08:00,0.0,1005.7,1005.7,1005.3,-9999,23.2,22.4,23.5,23.2,22.7,22.4,95,95,95,191,0.0,0.0,N,PA,TOME ACU,A213,-2.59249999,-48.36055555,42.95
861,2019-05-24,12:00,0.0,1008.6,1008.6,1007.9,917,26.1,23.5,26.2,25.0,24.2,23.5,94,85,86,57,3.7,1.5,N,PA,TOME ACU,A213,-2.59249999,-48.36055555,42.95
862,2019-05-24,16:00,0.0,1006.9,1007.8,1006.9,2473,30.5,23.2,30.8,29.7,24.1,22.1,69,60,65,76,4.6,2.1,N,PA,TOME ACU,A213,-2.59249999,-48.36055555,42.95
863,2019-05-24,20:00,0.0,1004.1,1004.3,1004.0,1044,31.6,23.3,32.0,31.3,23.9,22.4,64,57,61,77,2.8,1.0,N,PA,TOME ACU,A213,-2.59249999,-48.36055555,42.95
864,2019-05-25,00:00,0.0,1006.0,1006.0,1005.2,-9999,25.5,24.2,26.0,25.5,24.6,24.2,93,91,93,140,0.0,0.0,N,PA,TOME ACU,A213,-2.59249999,-48.36055555,42.95
865,2019-05-25,04:00,0.0,1006.5,1007.0,1006.5,-9999,24.7,23.7,24.8,24.4,23.8,23.4,94,94,94,159,0.0,0.0,N,PA,TOME ACU,A213,-2.59249999,-48.36055555,42.95
866,2019-05-25,08:00,0.0,1006.2,1006.2,1005.7,-9999,24.0,23.1,24.4,23.9,23.5,23.1,95,94,95,248,0.0,0.0,N,PA,TOME ACU,A213,-2.59249999,-48.36055555,42.95
867,2019-05-25,12:00,0.0,1008.2,1008.2,1007.8,1231,27.2,23.9,27.2,25.8,24.3,23.3,89,82,82,35,4.0,1.5,N,PA,TOME ACU,A213,-2.59249999,-48.36055555,42.95
868,2019-05-25,16:00,0.0,1005.8,1007.0,1005.8,1898,30.8,23.8,30.8,29.4,24.9,23.4,76,65,66,98,3.8,1.5,N,PA,TOME ACU,A213,-2.59249999,-48.36055555,42.95
869,2019-05-25,20:00,0.0,1003.5,1003.6,1003.5,1050,30.2,24.5,30.2,27.8,25.0,23.9,84,71,72,277,1.2,0.0,N,PA,TOME ACU,A213,-2.59249999,-48.36055555,42.95
870,2019-05-26,00:00,0.0,1006.6,1006.6,1005.4,-9999,26.0,24.4,26.2,26.0,25.2,24.3,94,90,91,35,4.6,1.7,N,PA,TOME ACU,A213,-2.59249999,-48.36055555,42.95
871,2019-05-26,04:00,0.0,1006.5,1007.1,1006.5,-9999,24.3,23.4,24.7,24.3,23.6,23.4,95,94,95,328,0.0,0.0,N,PA,TOME ACU,A213,-2.59249999,-48.36055555,42.95
872,2019-05-26,08:00,0.0,1005.8,1005.8,1005.2,-9999,23.4,22.6,23.8,23.4,22.9,22.5,95,95,95,247,0.0,0.0,N,PA,TOME ACU,A213,-2.59249999,-48.36055555,42.95
873,2019-05-26,12:00,0.0,1007.6,1007.6,1007.2,815,25.6,23.5,25.8,24.9,23.9,23.2,92,87,88,41,3.5,1.4,N,PA,TOME ACU,A213,-2.59249999,-48.36055555,42.95
874,2019-05-26,16:00,0.0,1005.6,1006.9,1005.6,2513,30.8,23.3,30.9,29.0,24.1,22.9,74,64,64,26,4.2,1.6,N,PA,TOME ACU,A213,-2.59249999,-48.36055555,42.95
875,2019-05-26,20:00,4.0,1004.5,1004.5,1003.1,869,26.5,24.3,32.7,26.5,25.5,23.1,88,58,88,143,7.9,2.9,N,PA,TOME ACU,A213,-2.59249999,-48.36055555,42.95
876,2019-05-27,00:00,0.0,1007.1,1007.1,1006.4,-9999,25.0,24.1,25.1,25.0,24.1,24.0,95,94,94,93,0.0,0.0,N,PA,TOME ACU,A213,-2.59249999,-48.36055555,42.95
877,2019-05-27,04:00,0.0,1006.9,1007.5,1006.9,-9999,24.5,23.7,24.6,24.5,23.8,23.6,95,95,95,265,0.0,0.0,N,PA,TOME ACU,A213,-2.59249999,-48.36055555,42.95
878,2019-05-27,08:00,0.0,1005.9,1005.9,1005.4,-9999,23.4,22.7,23.6,23.4,22.9,22.6,96,96,96,228,0.0,0.0,N,PA,TOME ACU,A213,-2.59249999,-48.36055555,42.95
879,2019-05-27,12:00,0.0,1007.3,1007.3,1006.8,1117,26.7,24.4,26.8,25.3,24.7,23.9,93,86,87,63,3.7,1.7,N,PA,TOME ACU,A213,-2.59249999,-48.36055555,42.95
880,2019-05-27,16:00,0.0,1005.4,1006.7,1005.4,2580,31.2,23.0,31.4,29.5,24.3,22.8,72,61,62,32,3.7,1.2,N,PA,TOME ACU,A213,-2.59249999,-48.36055555,42.95
881,2019-05-27,20:00,1.2,1004.3,1004.4,1003.9,247,25.5,23.7,27.5,24.8,23.8,22.6,91,79,90,62,8.4,1.3,N,PA,TOME ACU,A213,-2.59249999,-48.36055555,42.95
882,2019-05-28,00:00,0.0,1006.7,1006.7,1006.4,-9999,24.1,23.0,24.1,24.0,23.0,22.7,93,92,93,113,2.6,0.0,N,PA,TOME ACU,A213,-2.59249999,-48.36055555,42.95
883,2019-05-28,04:00,0.0,1006.1,1006.5,1006.1,-9999,23.7,22.8,23.7,23.6,22.9,22.8,95,95,95,360,0.0,0.0,N,PA,TOME ACU,A213,-2.59249999,-48.36055555,42.95
884,2019-05-28,08:00,0.0,1005.4,1005.4,1004.9,-9999,23.6,22.8,23.6,23.5,22.8,22.7,95,95,95,253,0.0,0.0,N,PA,TOME ACU,A213,-2.59249999,-48.36055555,42.95
885,2019-05-28,12:00,0.0,1007.4,1007.4,1006.9,1089,26.0,23.2,26.3,24.5,23.9,22.9,93,83,84,43,3.7,1.8,N,PA,TOME ACU,A213,-2.59249999,-48.36055555,42.95
886,2019-05-28,16:00,0.0,1005.2,1006.3,1005.2,2064,30.8,24.6,30.8,29.5,24.6,23.2,72,66,69,52,5.2,1.0,N,PA,TOME ACU,A213,-2.59249999,-48.36055555,42.95
887,2019-05-28,20:00,0.0,1003.7,1003.7,1003.2,343,28.0,24.2,30.7,27.9,24.8,23.6,80,69,80,65,4.9,0.4,N,PA,TOME ACU,A213,-2.59249999,-48.36055555,42.95
888,2019-05-29,00:00,5.2,1007.7,1007.7,1007.4,-9999,23.8,22.8,23.9,23.7,22.8,22.7,94,94,94,34,5.0,0.0,N,PA,TOME ACU,A213,-2.59249999,-48.36055555,42.95
889,2019-05-29,04:00,0.0,1007.0,1007.7,1007.0,-9999,23.8,22.9,23.8,23.7,22.9,22.8,95,95,95,27,0.0,0.0,N,PA,TOME ACU,A213,-2.59249999,-48.36055555,42.95
890,2019-05-29,08:00,0.0,1005.8,1005.8,1005.6,-9999,23.6,22.9,23.8,23.6,23.0,22.9,96,95,96,139,0.0,0.0,N,PA,TOME ACU,A213,-2.59249999,-48.36055555,42.95
891,2019-05-29,12:00,0.0,1007.6,1007.7,1007.2,1089,26.8,24.0,26.8,24.9,24.2,23.1,91,83,84,62,3.4,1.6,N,PA,TOME ACU,A213,-2.59249999,-48.36055555,42.95
892,2019-05-29,16:00,0.0,1005.7,1007.0,1005.7,2561,30.5,23.1,30.9,29.7,24.4,23.0,74,63,65,131,6.2,2.0,N,PA,TOME ACU,A213,-2.59249999,-48.36055555,42.95
893,2019-05-29,20:00,0.0,1003.6,1003.6,1003.2,1066,31.2,23.8,32.0,31.2,24.1,22.5,65,58,65,61,4.8,2.0,N,PA,TOME ACU,A213,-2.59249999,-48.36055555,42.95
894,2019-05-30,00:00,0.0,1007.0,1007.0,1006.3,-9999,25.2,23.1,25.9,25.2,23.1,23.0,88,84,88,47,4.3,1.4,N,PA,TOME ACU,A213,-2.59249999,-48.36055555,42.95
895,2019-05-30,04:00,0.0,1006.2,1006.6,1006.2,-9999,24.4,23.1,24.5,24.4,23.2,23.0,93,92,92,51,1.7,0.0,N,PA,TOME ACU,A213,-2.59249999,-48.36055555,42.95
896,2019-05-30,08:00,0.0,1005.5,1005.5,1004.9,-9999,23.8,22.7,23.9,23.7,22.9,22.7,94,94,94,40,2.2,0.0,N,PA,TOME ACU,A213,-2.59249999,-48.36055555,42.95
897,2019-05-30,12:00,0.0,1007.5,1007.6,1007.4,1033,27.1,24.0,27.1,25.2,24.5,23.3,90,83,83,53,5.2,1.9,N,PA,TOME ACU,A213,-2.59249999,-48.36055555,42.95
898,2019-05-30,16:00,0.0,1005.7,1006.7,1005.7,2387,30.9,23.0,31.0,30.0,24.4,23.0,71,63,63,80,5.8,1.2,N,PA,TOME ACU,A213,-2.59249999,-48.36055555,42.95
899,2019-05-30,20:00,0.0,1004.9,1004.9,1003.3,272,26.3,24.1,26.9,26.3,24.9,24.0,89,85,88,55,5.5,1.8,N,PA,TOME ACU,A213,-2.59249999,-48.36055555,42.95
900,2019-05-31,00:00,0.0,1006.4,1006.4,1005.0,-9999,24.2,23.3,24.3,24.2,23.4,23.2,95,94,94,319,1.3,0.0,N,PA,TOME ACU,A213,-2.59249999,-48.36055555,42.95
901,2019-05-31,04:00,0.0,1006.5,1006.7,1006.5,-9999,23.3,22.5,23.7,23.3,22.9,22.5,95,95,95,240,0.0,0.0,N,PA,TOME ACU,A213,-2.59249999,-48.36055555,42.95
902,2019-05-31,08:00,0.0,1005.0,1005.0,1004.4,-9999,22.7,22.0,22.9,22.7,22.2,22.0,96,96,96,281,0.0,0.0,N,PA,TOME ACU,A213,-2.59249999,-48.36055555,42.95
903,2019-05-31,12:00,0.0,1007.6,1007.6,1007.0,1013,25.9,23.5,26.0,24.3,24.2,23.4,95,86,87,77,3.9,2.2,N,PA,TOME ACU,A213,-2.59249999,-48.36055555,42.95
904,2019-05-31,16:00,0.0,1005.7,1006.8,1005.7,1927,29.8,23.5,30.2,28.6,24.7,23.3,76,68,69,72,5.6,2.0,N,PA,TOME ACU,A213,-2.59249999,-48.36055555,42.95
905,2019-05-31,20:00,0.0,1003.7,1003.7,1003.1,349,28.7,25.6,29.7,28.7,26.0,24.5,84,75,83,176,2.3,0.0,N,PA,TOME ACU,A213,-2.59249999,-48.36055555,42.95
906,2019-06-01,00:00,0.0,1006.7,1006.7,1005.9,-9999,24.6,23.5,24.6,24.4,23.5,23.3,94,93,94,344,2.1,0.0,N,PA,TOME ACU,A213,-2.59249999,-48.36055555,42.95
907,2019-06-01,04:00,0.0,1006.6,1007.3,1006.6,-9999,24.0,23.2,24.3,24.0,23.4,23.2,95,95,95,19,0.0,0.0,N,PA,TOME ACU,A213,-2.59249999,-48.36055555,42.95
908,2019-06-01,08:00,0.0,1005.4,1005.4,1005.2,-9999,23.7,22.9,23.8,23.7,23.0,22.9,96,95,95,162,0.0,0.0,N,PA,TOME ACU,A213,-2.59249999,-48.36055555,42.95
909,2019-06-01,12:00,0.0,1007.3,1007.3,1006.8,1331,26.7,24.1,26.7,25.3,24.4,23.6,92,84,86,50,4.2,1.9,N,PA,TOME ACU,A213,-2.59249999,-48.36055555,42.95
910,2019-06-01,16:00,0.0,1005.3,1006.5,1005.3,2570,30.5,23.9,30.8,30.0,24.6,23.1,73,64,68,80,4.7,2.0,N,PA,TOME ACU,A213,-2.59249999,-48.36055555,42.95
911,2019-06-01,20:00,0.0,1002.9,1002.9,1002.8,855,30.3,24.4,31.5,30.1,25.2,22.4,75,59,71,73,4.4,1.3,N,PA,TOME ACU,A213,-2.59249999,-48.36055555,42.95
912,2019-06-02,00:00,0.2,1007.3,1007.3,1006.7,-9999,24.8,23.4,25.2,24.8,23.6,23.1,92,88,92,40,2.2,0.4,N,PA,TOME ACU,A213,-2.59249999,-48.36055555,42.95
913,2019-06-02,04:00,0.0,1006.4,1007.2,1006.4,-9999,24.2,23.1,24.4,24.2,23.3,23.1,94,93,94,36,1.7,0.1,N,PA,TOME ACU,A213,-2.59249999,-48.36055555,42.95
914,2019-06-02,08:00,0.0,1005.1,1005.3,1005.1,-9999,23.7,22.8,23.8,23.6,22.9,22.8,95,95,95,310,0.0,0.0,N,PA,TOME ACU,A213,-2.59249999,-48.36055555,42.95
915,2019-06-02,12:00,0.0,1007.4,1007.4,1006.7,1264,26.3,23.0,26.4,25.3,23.8,22.8,90,81,82,75,3.9,1.5,N,PA,TOME ACU,A213,-2.59249999,-48.36055555,42.95
916,2019-06-02,16:00,0.0,1006.1,1007.0,1006.1,1917,30.1,23.2,30.2,29.0,24.3,22.6,74,66,67,87,3.5,1.4,N,PA,TOME ACU,A213,-2.59249999,-48.36055555,42.95
917,2019-06-02,20:00,0.2,1003.9,1004.1,1003.6,628,28.9,25.3,32.0,28.9,25.6,22.6,82,57,81,13,4.3,0.0,N,PA,TOME ACU,A213,-2.59249999,-48.36055555,42.95
918,2019-06-03,00:00,0.6,1007.0,1007.0,1005.8,-9999,24.7,22.7,25.6,24.6,23.2,22.0,89,85,89,43,6.3,0.0,N,PA,TOME ACU,A213,-2.59249999,-48.36055555,42.95
919,2019-06-03,04:00,0.0,1007.2,1007.8,1007.2,-9999,24.1,23.2,24.5,24.1,23.5,23.1,95,94,95,152,0.0,0.0,N,PA,TOME ACU,A213,-2.59249999,-48.36055555,42.95
920,2019-06-03,08:00,0.0,1007.3,1007.3,1006.5,-9999,22.8,22.0,23.2,22.8,22.4,22.0,95,95,95,260,0.0,0.0,N,PA,TOME ACU,A213,-2.59249999,-48.36055555,42.95
921,2019-06-03,12:00,0.0,1010.0,1010.0,1009.3,1151,26.3,23.5,26.5,25.0,24.0,23.3,92,84,85,47,2.5,0.7,N,PA,TOME ACU,A213,-2.59249999,-48.36055555,42.95
922,2019-06-03,16:00,0.0,1008.6,1009.7,1008.6,2190,30.5,23.0,30.8,29.4,24.5,22.6,73,62,64,47,3.8,0.7,N,PA,TOME ACU,A213,-2.59249999,-48.36055555,42.95
923,2019-06-03,20:00,8.6,1007.0,1007.2,1005.8,426,24.3,22.6,30.7,24.3,24.5,22.2,93,63,90,229,10.6,1.3,N,PA,TOME ACU,A213,-2.59249999,-48.36055555,42.95
924,2019-06-04,00:00,0.0,1008.4,1008.4,1008.0,-9999,23.7,22.8,23.9,23.7,23.0,22.7,95,94,95,351,0.5,0.0,N,PA,TOME ACU,A213,-2.59249999,-48.36055555,42.95
925,2019-06-04,04:00,0.0,1009.2,1009.6,1009.2,-9999,23.4,22.6,23.6,23.3,22.8,22.5,96,95,95,333,0.6,0.0,N,PA,TOME ACU,A213,-2.59249999,-48.36055555,42.95
926,2019-06-04,08:00,0.0,1008.5,1008.5,1008.1,-9999,22.5,21.8,22.7,22.5,22.0,21.8,96,96,96,160,0.0,0.0,N,PA,TOME ACU,A213,-2.59249999,-48.36055555,42.95
927,2019-06-04,12:00,0.0,1010.3,1010.3,1009.6,1315,26.6,23.6,26.7,24.8,24.1,23.1,92,83,83,50,3.2,1.1,N,PA,TOME ACU,A213,-2.59249999,-48.36055555,42.95
928,2019-06-04,16:00,0.0,1008.2,1009.2,1008.2,2466,31.0,23.9,31.1,30.3,24.9,22.9,71,63,66,88,3.6,0.5,N,PA,TOME ACU,A213,-2.59249999,-48.36055555,42.95
929,2019-06-04,20:00,0.0,1005.8,1006.0,1005.8,1053,31.7,22.4,32.4,31.4,23.0,21.3,60,52,58,80,3.5,0.7,N,PA,TOME ACU,A213,-2.59249999,-48.36055555,42.95
930,2019-06-05,00:00,0.0,1007.4,1007.4,1006.9,-9999,25.5,24.2,25.9,25.5,24.5,24.2,93,91,93,166,0.0,0.0,N,PA,TOME ACU,A213,-2.59249999,-48.36055555,42.95
931,2019-06-05,04:00,0.0,1007.9,1008.6,1007.9,-9999,24.6,23.4,25.0,24.5,23.5,23.4,93,91,93,262,0.0,0.0,N,PA,TOME ACU,A213,-2.59249999,-48.36055555,42.95
932,2019-06-05,08:00,0.0,1007.3,1007.3,1007.0,-9999,24.3,23.3,24.3,24.2,23.4,23.2,95,94,95,63,0.0,0.0,N,PA,TOME ACU,A213,-2.59249999,-48.36055555,42.95
933,2019-06-05,12:00,0.0,1008.5,1008.7,1008.4,1178,27.2,23.4,27.4,25.5,24.2,22.8,88,79,80,49,3.4,1.1,N,PA,TOME ACU,A213,-2.59249999,-48.36055555,42.95
934,2019-06-05,16:00,0.0,1006.8,1007.8,1006.8,2675,32.1,23.4,32.1,30.7,24.8,22.3,68,59,60,43,3.9,1.1,N,PA,TOME ACU,A213,-2.59249999,-48.36055555,42.95
935,2019-06-05,20:00,0.0,1004.6,1004.6,1004.3,898,31.8,23.1,32.6,31.7,23.5,21.4,62,52,60,58,3.9,1.1,N,PA,TOME ACU,A213,-2.59249999,-48.36055555,42.95
936,2019-06-06,00:00,0.2,1007.2,1007.2,1006.6,-9999,26.5,24.9,26.8,26.5,25.2,24.7,92,90,91,121,0.0,0.0,N,PA,TOME ACU,A213,-2.59249999,-48.36055555,42.95
937,2019-06-06,04:00,0.0,1007.6,1008.0,1007.6,-9999,24.7,23.2,24.8,24.6,23.3,23.0,92,90,91,24,1.5,0.0,N,PA,TOME ACU,A213,-2.59249999,-48.36055555,42.95
938,2019-06-06,08:00,0.2,1007.1,1007.1,1006.8,-9999,24.3,23.4,24.5,24.3,23.5,23.3,94,94,94,148,0.0,0.0,N,PA,TOME ACU,A213,-2.59249999,-48.36055555,42.95
939,2019-06-06,12:00,0.0,1007.7,1008.2,1007.7,871,25.8,23.1,26.1,25.2,24.4,22.8,94,84,85,45,4.4,1.2,N,PA,TOME ACU,A213,-2.59249999,-48.36055555,42.95
940,2019-06-06,16:00,0.0,1005.4,1006.3,1005.4,2987,30.8,23.2,31.1,30.1,23.5,21.7,68,59,64,49,4.6,1.6,N,PA,TOME ACU,A213,-2.59249999,-48.36055555,42.95
941,2019-06-06,20:00,0.0,1003.8,1003.8,1003.6,884,28.6,21.8,28.6,27.4,22.1,21.0,71,66,67,179,10.9,0.0,N,PA,TOME ACU,A213,-2.59249999,-48.36055555,42.95
942,2019-06-07,00:00,0.0,1006.4,1006.4,1005.4,-9999,25.8,24.6,25.8,25.7,24.6,24.3,93,92,93,102,0.0,0.0,N,PA,TOME ACU,A213,-2.59249999,-48.36055555,42.95
943,2019-06-07,04:00,0.0,1007.5,1007.8,1007.3,-9999,24.9,23.9,25.0,24.7,23.9,23.2,94,91,94,65,3.6,0.0,N,PA,TOME ACU,A213,-2.59249999,-48.36055555,42.95
944,2019-06-07,08:00,0.0,1006.4,1006.4,1006.1,-9999,23.9,23.1,24.2,23.9,23.3,23.0,95,95,95,192,0.0,0.0,N,PA,TOME ACU,A213,-2.59249999,-48.36055555,42.95
945,2019-06-07,12:00,0.4,1007.2,1007.3,1007.1,1269,26.7,23.7,26.7,25.1,24.1,23.5,92,83,84,54,3.3,1.3,N,PA,TOME ACU,A213,-2.59249999,-48.36055555,42.95
946,2019-06-07,16:00,0.2,1005.3,1006.5,1005.3,2343,31.0,23.4,31.0,29.4,24.2,22.3,73,61,64,93,5.0,2.3,N,PA,TOME ACU,A213,-2.59249999,-48.36055555,42.95
947,2019-06-07,20:00,0.0,1003.9,1004.6,1003.6,153,25.2,23.6,31.2,25.1,25.1,22.3,91,66,91,6,10.5,0.1,N,PA,TOME ACU,A213,-2.59249999,-48.36055555,42.95
948,2019-06-08,00:00,0.0,1006.7,1006.7,1006.0,-9999,24.0,23.0,24.1,23.9,23.1,22.9,95,94,94,353,1.2,0.0,N,PA,TOME ACU,A213,-2.59249999,-48.36055555,42.95
949,2019-06-08,04:00,0.0,1007.6,1007.6,1007.4,-9999,23.6,22.8,23.9,23.6,23.0,22.8,95,95,95,253,0.0,0.0,N,PA,TOME ACU,A213,-2.59249999,-48.36055555,42.95
950,2019-06-08,08:00,0.0,1006.4,1006.4,1006.3,-9999,22.8,22.1,23.2,22.8,22.5,22.1,96,96,96,250,0.0,0.0,N,PA,TOME ACU,A213,-2.59249999,-48.36055555,42.95
951,2019-06-08,12:00,0.0,1008.4,1008.4,1007.9,993,25.7,24.2,25.8,23.8,24.4,23.1,96,91,91,93,1.1,0.0,N,PA,TOME ACU,A213,-2.59249999,-48.36055555,42.95
952,2019-06-08,16:00,0.0,1007.0,1007.6,1007.0,2977,30.5,22.1,30.6,29.8,22.6,21.4,64,59,61,104,5.6,2.7,N,PA,TOME ACU,A213,-2.59249999,-48.36055555,42.95
953,2019-06-08,20:00,3.4,1006.1,1006.1,1005.6,791,31.3,23.9,31.9,31.0,23.9,22.2,65,57,65,74,2.6,0.4,N,PA,TOME ACU,A213,-2.59249999,-48.36055555,42.95
954,2019-06-09,00:00,0.0,1007.8,1007.8,1007.3,-9999,26.0,24.8,26.3,26.0,24.9,24.6,93,92,93,68,1.2,0.0,N,PA,TOME ACU,A213,-2.59249999,-48.36055555,42.95
955,2019-06-09,04:00,0.0,1008.0,1008.6,1008.0,-9999,24.3,23.1,24.5,24.3,23.1,22.9,93,92,93,61,2.2,0.0,N,PA,TOME ACU,A213,-2.59249999,-48.36055555,42.95
956,2019-06-09,08:00,0.0,1007.2,1007.2,1007.1,-9999,23.0,22.2,23.3,23.0,22.3,22.1,95,95,95,203,0.0,0.0,N,PA,TOME ACU,A213,-2.59249999,-48.36055555,42.95
957,2019-06-09,12:00,0.0,1008.8,1008.8,1008.3,1284,27.3,23.3,27.3,25.7,23.8,23.0,87,78,79,85,3.7,1.8,N,PA,TOME ACU,A213,-2.59249999,-48.36055555,42.95
958,2019-06-09,16:00,0.0,1007.1,1007.8,1007.1,2371,30.7,23.2,31.7,30.7,23.8,21.9,66,57,64,67,4.0,1.1,N,PA,TOME ACU,A213,-2.59249999,-48.36055555,42.95
959,2019-06-09,20:00,0.0,1005.2,1005.3,1005.1,1017,31.4,23.2,31.4,30.3,23.6,21.5,66,57,62,99,2.1,0.0,N,PA,TOME ACU,A213,-2.59249999,-48.36055555,42.95
960,2019-06-10,00:00,0.0,1008.0,1008.0,1006.9,-9999,26.2,24.8,26.8,26.2,25.1,24.8,92,90,92,48,0.0,0.0,N,PA,TOME ACU,A213,-2.59249999,-48.36055555,42.95
961,2019-06-10,04:00,0.4,1008.6,1008.7,1008.6,-9999,24.8,23.6,25.2,24.8,23.7,23.6,93,91,93,28,0.7,0.0,N,PA,TOME ACU,A213,-2.59249999,-48.36055555,42.95
962,2019-06-10,08:00,0.0,1007.2,1007.2,1007.1,-9999,23.5,22.7,23.6,23.4,22.7,22.5,95,95,95,160,0.0,0.0,N,PA,TOME ACU,A213,-2.59249999,-48.36055555,42.95
963,2019-06-10,12:00,0.0,1008.4,1008.5,1008.3,1279,27.5,24.3,27.5,25.5,24.5,23.3,90,81,82,35,4.6,1.6,N,PA,TOME ACU,A213,-2.59249999,-48.36055555,42.95
964,2019-06-10,16:00,0.0,1006.8,1007.6,1006.8,2339,31.7,22.9,31.7,30.4,23.7,22.6,67,59,60,72,4.5,1.9,N,PA,TOME ACU,A213,-2.59249999,-48.36055555,42.95
965,2019-06-10,20:00,0.0,1004.5,1004.5,1004.3,1091,30.8,21.8,31.3,30.7,24.0,21.3,66,57,59,98,4.1,0.4,N,PA,TOME ACU,A213,-2.59249999,-48.36055555,42.95
966,2019-06-11,00:00,0.0,1007.8,1007.8,1006.7,-9999,26.4,24.4,27.1,26.4,25.3,24.3,90,88,89,70,4.4,1.8,N,PA,TOME ACU,A213,-2.59249999,-48.36055555,42.95
967,2019-06-11,04:00,0.0,1007.4,1008.1,1007.4,-9999,24.6,23.2,24.7,24.6,23.3,23.0,92,90,92,19,2.9,0.0,N,PA,TOME ACU,A213,-2.59249999,-48.36055555,42.95
968,2019-06-11,08:00,0.0,1006.5,1006.5,1006.1,-9999,24.4,23.4,24.5,24.4,23.5,23.4,94,94,94,77,1.4,0.0,N,PA,TOME ACU,A213,-2.59249999,-48.36055555,42.95
969,2019-06-11,12:00,0.0,1008.0,1008.1,1007.9,1319,27.0,23.2,27.0,25.5,23.5,22.9,87,79,80,87,2.9,1.3,N,PA,TOME ACU,A213,-2.59249999,-48.36055555,42.95
970,2019-06-11,16:00,0.0,1006.4,1007.3,1006.4,1751,30.7,23.0,31.0,29.6,24.4,22.7,71,63,64,108,5.5,2.1,N,PA,TOME ACU,A213,-2.59249999,-48.36055555,42.95
971,2019-06-11,20:00,0.0,1004.3,1004.3,1004.1,991,31.1,23.3,31.8,31.1,23.6,22.7,64,59,63,156,4.3,0.8,N,PA,TOME ACU,A213,-2.59249999,-48.36055555,42.95
972,2019-06-12,00:00,0.0,1007.2,1007.2,1006.6,-9999,25.9,24.2,26.8,25.9,24.2,23.9,91,84,91,50,4.7,0.2,N,PA,TOME ACU,A213,-2.59249999,-48.36055555,42.95
973,2019-06-12,04:00,0.0,1007.3,1007.7,1007.3,-9999,24.5,23.5,24.6,24.5,23.5,23.4,94,93,94,55,1.7,0.1,N,PA,TOME ACU,A213,-2.59249999,-48.36055555,42.95
974,2019-06-12,08:00,0.0,1006.2,1006.2,1006.0,-9999,23.6,22.8,24.0,23.6,23.1,22.8,95,95,95,153,0.0,0.0,N,PA,TOME ACU,A213,-2.59249999,-48.36055555,42.95
975,2019-06-12,12:00,0.0,1008.2,1008.2,1008.0,717,25.9,24.1,25.9,24.9,24.2,23.8,94,89,90,66,3.4,1.5,N,PA,TOME ACU,A213,-2.59249999,-48.36055555,42.95
976,2019-06-12,16:00,0.0,1006.5,1007.5,1006.5,2475,31.1,22.9,31.3,29.7,24.0,21.8,71,58,62,91,5.6,2.3,N,PA,TOME ACU,A213,-2.59249999,-48.36055555,42.95
977,2019-06-12,20:00,0.2,1004.7,1004.7,1004.6,914,31.1,23.3,32.1,31.1,23.9,22.7,64,58,63,102,3.7,0.6,N,PA,TOME ACU,A213,-2.59249999,-48.36055555,42.95
978,2019-06-13,00:00,0.0,1008.0,1008.0,1007.2,-9999,26.2,24.7,26.6,26.2,25.0,24.6,92,90,91,37,2.2,0.0,N,PA,TOME ACU,A213,-2.59249999,-48.36055555,42.95
979,2019-06-13,04:00,0.0,1008.0,1008.6,1008.0,-9999,25.2,23.8,25.5,25.2,24.2,23.8,93,92,92,60,0.6,0.0,N,PA,TOME ACU,A213,-2.59249999,-48.36055555,42.95
980,2019-06-13,08:00,0.0,1006.9,1007.0,1006.8,-9999,24.5,23.6,24.9,24.5,23.9,23.6,95,94,95,194,0.0,0.0,N,PA,TOME ACU,A213,-2.59249999,-48.36055555,42.95
981,2019-06-13,12:00,0.0,1008.6,1008.7,1008.3,387,25.7,24.0,25.8,25.3,24.1,23.7,93,90,90,47,2.8,0.8,N,PA,TOME ACU,A213,-2.59249999,-48.36055555,42.95
982,2019-06-13,16:00,0.0,1007.1,1007.9,1007.1,2881,31.5,23.4,31.7,30.4,24.4,22.6,68,59,62,48,4.5,2.0,N,PA,TOME ACU,A213,-2.59249999,-48.36055555,42.95
983,2019-06-13,20:00,0.0,1005.4,1005.7,1005.0,593,26.3,24.1,26.5,24.8,24.6,21.5,91,82,88,81,10.2,0.0,N,PA,TOME ACU,A213,-2.59249999,-48.36055555,42.95
984,2019-06-14,00:00,0.0,1008.4,1008.4,1007.3,-9999,25.4,24.4,25.5,25.2,24.5,24.2,94,94,94,63,0.4,0.0,N,PA,TOME ACU,A213,-2.59249999,-48.36055555,42.95
985,2019-06-14,04:00,0.0,1008.3,1008.8,1008.3,-9999,24.3,23.0,24.7,24.2,23.5,22.8,93,92,92,49,1.6,0.0,N,PA,TOME ACU,A213,-2.59249999,-48.36055555,42.95
986,2019-06-14,08:00,0.0,1007.0,1007.0,1006.7,-9999,22.9,22.1,23.3,22.9,22.5,22.1,95,95,95,334,0.0,0.0,N,PA,TOME ACU,A213,-2.59249999,-48.36055555,42.95
987,2019-06-14,12:00,0.0,1008.8,1008.8,1008.4,1254,26.6,23.6,26.8,25.0,24.1,22.8,89,82,83,58,3.6,1.6,N,PA,TOME ACU,A213,-2.59249999,-48.36055555,42.95
988,2019-06-14,16:00,0.0,1007.0,1007.9,1006.9,2102,30.4,23.5,31.0,29.7,24.8,23.3,74,64,67,91,4.0,2.0,N,PA,TOME ACU,A213,-2.59249999,-48.36055555,42.95
989,2019-06-14,20:00,0.4,1004.8,1004.8,1004.4,658,31.0,24.0,31.9,30.0,24.3,23.6,70,62,67,89,4.4,1.1,N,PA,TOME ACU,A213,-2.59249999,-48.36055555,42.95
990,2019-06-15,00:00,0.0,1008.1,1008.1,1007.1,-9999,26.2,24.3,27.2,26.2,24.5,23.8,90,82,89,50,1.5,0.0,N,PA,TOME ACU,A213,-2.59249999,-48.36055555,42.95
991,2019-06-15,04:00,0.2,1007.4,1008.4,1007.4,-9999,24.9,23.7,25.3,24.9,23.9,23.7,93,92,93,27,1.6,0.0,N,PA,TOME ACU,A213,-2.59249999,-48.36055555,42.95
992,2019-06-15,08:00,0.0,1006.6,1006.6,1006.3,-9999,24.0,23.2,24.2,24.0,23.3,23.1,95,95,95,291,0.0,0.0,N,PA,TOME ACU,A213,-2.59249999,-48.36055555,42.95
993,2019-06-15,12:00,0.0,1008.4,1008.6,1008.3,588,25.8,23.7,26.0,24.9,24.2,23.7,95,88,88,105,2.2,0.6,N,PA,TOME ACU,A213,-2.59249999,-48.36055555,42.95
994,2019-06-15,16:00,0.0,1006.9,1007.8,1006.9,1680,29.7,24.2,30.5,29.3,24.7,22.9,76,64,73,77,6.0,1.5,N,PA,TOME ACU,A213,-2.59249999,-48.36055555,42.95
995,2019-06-15,20:00,0.0,1005.3,1005.4,1005.1,314,26.8,24.2,27.9,26.6,24.4,23.7,87,80,86,96,8.9,0.0,N,PA,TOME ACU,A213,-2.59249999,-48.36055555,42.95
996,2019-06-16,00:00,0.0,1008.4,1008.4,1007.7,-9999,25.2,23.4,25.7,25.2,23.6,23.4,90,88,90,56,3.3,1.0,N,PA,TOME ACU,A213,-2.59249999,-48.36055555,42.95
997,2019-06-16,04:00,0.0,1008.3,1009.0,1008.3,-9999,24.4,23.3,24.6,24.3,23.5,23.2,94,93,93,28,2.0,0.0,N,PA,TOME ACU,A213,-2.59249999,-48.36055555,42.95
998,2019-06-16,08:00,0.0,1007.0,1007.1,1007.0,-9999,23.9,23.0,24.2,23.9,23.2,23.0,95,94,95,58,0.0,0.0,N,PA,TOME ACU,A213,-2.59249999,-48.36055555,42.95
999,2019-06-16,12:00,1.0,1009.4,1009.4,1008.6,1405,27.3,23.4,27.3,25.6,23.8,22.9,87,79,79,61,6.1,2.5,N,PA,TOME ACU,A213,-2.59249999,-48.36055555,42.95
1000,2019-06-16,16:00,2.2,1007.7,1008.5,1007.7,2300,31.0,23.3,31.0,29.7,24.1,22.3,71,62,64,64,5.1,1.9,N,PA,TOME ACU,A213,-2.59249999,-48.36055555,42.95
1001,2019-06-16,20:00,0.0,1005.8,1005.9,1005.8,978,31.7,23.3,31.8,30.9,23.5,22.1,65,57,61,101,2.2,0.4,N,PA,TOME ACU,A213,-2.59249999,-48.36055555,42.95
1002,2019-06-17,00:00,0.2,1008.5,1008.5,1007.6,-9999,24.0,23.0,24.7,24.0,23.7,23.0,94,94,94,261,0.0,0.0,N,PA,TOME ACU,A213,-2.59249999,-48.36055555,42.95
1003,2019-06-17,04:00,0.0,1008.1,1008.9,1008.1,-9999,23.7,22.9,23.8,23.5,22.9,22.6,95,95,95,221,0.0,0.0,N,PA,TOME ACU,A213,-2.59249999,-48.36055555,42.95
1004,2019-06-17,08:00,0.0,1007.3,1007.3,1007.0,-9999,24.1,23.3,24.2,24.0,23.4,23.2,95,95,95,27,0.6,0.0,N,PA,TOME ACU,A213,-2.59249999,-48.36055555,42.95
1005,2019-06-17,12:00,0.6,1009.3,1009.3,1008.9,1236,26.7,23.8,26.7,24.9,23.8,22.6,92,82,84,60,2.7,1.2,N,PA,TOME ACU,A213,-2.59249999,-48.36055555,42.95
1006,2019-06-17,16:00,0.0,1007.4,1008.2,1007.4,2944,31.7,22.3,31.8,30.5,23.9,21.9,68,56,58,76,5.8,2.5,N,PA,TOME ACU,A213,-2.59249999,-48.36055555,42.95
1007,2019-06-17,20:00,0.0,1005.8,1005.8,1005.7,967,31.9,23.1,32.2,31.6,23.5,22.0,61,55,60,74,4.5,1.1,N,PA,TOME ACU,A213,-2.59249999,-48.36055555,42.95
1008,2019-06-18,00:00,0.0,1008.1,1008.1,1007.2,-9999,25.7,24.5,26.2,25.6,24.8,24.3,93,92,93,9,0.0,0.0,N,PA,TOME ACU,A213,-2.59249999,-48.36055555,42.95
1009,2019-06-18,04:00,0.0,1009.2,1009.5,1009.2,-9999,24.8,23.2,25.2,24.8,23.4,23.1,91,90,91,30,4.0,0.1,N,PA,TOME ACU,A213,-2.59249999,-48.36055555,42.95
1010,2019-06-18,08:00,0.0,1008.2,1008.2,1007.9,-9999,24.3,23.2,24.4,24.3,23.3,23.1,94,93,94,37,0.9,0.0,N,PA,TOME ACU,A213,-2.59249999,-48.36055555,42.95
1011,2019-06-18,12:00,0.0,1009.4,1009.4,1009.1,603,25.9,23.7,26.0,25.0,24.1,23.5,92,88,88,80,2.9,1.0,N,PA,TOME ACU,A213,-2.59249999,-48.36055555,42.95
1012,2019-06-18,16:00,0.0,1007.5,1008.5,1007.5,2230,30.6,23.4,31.1,30.1,24.4,23.0,71,63,66,120,4.4,1.7,N,PA,TOME ACU,A213,-2.59249999,-48.36055555,42.95
1013,2019-06-18,20:00,0.0,1005.0,1005.1,1004.9,645,31.7,25.6,31.7,30.3,26.2,23.4,77,62,70,84,1.7,0.2,N,PA,TOME ACU,A213,-2.59249999,-48.36055555,42.95
1014,2019-06-19,00:00,0.0,1008.0,1008.1,1006.9,-9999,26.0,24.1,26.6,26.0,24.3,23.8,90,85,89,40,1.0,0.0,N,PA,TOME ACU,A213,-2.59249999,-48.36055555,42.95
1015,2019-06-19,04:00,0.0,1008.9,1009.1,1008.9,-9999,24.3,22.3,24.7,24.2,23.1,22.2,91,88,89,39,3.3,0.8,N,PA,TOME ACU,A213,-2.59249999,-48.36055555,42.95
1016,2019-06-19,08:00,0.0,1008.7,1008.7,1008.3,-9999,23.3,22.3,23.7,23.2,22.6,22.2,95,94,95,210,0.0,0.0,N,PA,TOME ACU,A213,-2.59249999,-48.36055555,42.95
1017,2019-06-19,12:00,0.0,1010.5,1010.5,1009.9,859,26.0,23.6,26.0,24.9,23.7,23.1,91,85,87,112,3.5,1.2,N,PA,TOME ACU,A213,-2.59249999,-48.36055555,42.95
1018,2019-06-19,16:00,0.0,1009.0,1009.8,1009.0,2475,30.1,23.3,30.4,29.1,23.9,22.8,72,64,67,85,5.0,1.6,N,PA,TOME ACU,A213,-2.59249999,-48.36055555,42.95
1019,2019-06-19,20:00,0.0,1006.4,1006.8,1006.4,937,31.5,23.8,31.5,30.4,24.4,23.2,70,62,64,17,1.8,0.0,N,PA,TOME ACU,A213,-2.59249999,-48.36055555,42.95
1020,2019-06-20,00:00,0.0,1008.6,1008.6,1007.9,-9999,25.8,24.5,26.2,25.7,24.7,24.5,93,91,93,142,0.9,0.0,N,PA,TOME ACU,A213,-2.59249999,-48.36055555,42.95
1021,2019-06-20,04:00,0.0,1008.7,1009.0,1008.7,-9999,25.0,24.0,25.2,25.0,24.2,24.0,95,94,94,126,0.0,0.0,N,PA,TOME ACU,A213,-2.59249999,-48.36055555,42.95
1022,2019-06-20,08:00,0.0,1008.3,1008.3,1007.9,-9999,23.2,22.4,23.5,23.2,22.7,22.4,95,95,95,338,0.0,0.0,N,PA,TOME ACU,A213,-2.59249999,-48.36055555,42.95
1023,2019-06-20,12:00,0.0,1009.9,1009.9,1009.5,1258,26.7,23.7,26.8,25.4,23.9,23.1,88,83,84,62,2.9,1.4,N,PA,TOME ACU,A213,-2.59249999,-48.36055555,42.95
1024,2019-06-20,16:00,0.0,1008.4,1009.3,1008.4,2686,31.3,21.9,31.3,30.2,23.4,21.9,66,57,57,71,4.2,2.3,N,PA,TOME ACU,A213,-2.59249999,-48.36055555,42.95
1025,2019-06-20,20:00,0.0,1006.5,1006.6,1006.4,1045,31.6,24.5,31.6,30.3,25.0,23.2,70,63,66,40,1.9,0.0,N,PA,TOME ACU,A213,-2.59249999,-48.36055555,42.95
1026,2019-06-21,00:00,0.0,1008.3,1008.3,1007.6,-9999,25.8,24.6,26.2,25.8,24.9,24.6,93,93,93,24,0.0,0.0,N,PA,TOME ACU,A213,-2.59249999,-48.36055555,42.95
1027,2019-06-21,04:00,0.0,1009.1,1009.2,1008.9,-9999,24.4,23.4,24.7,24.3,23.7,23.4,95,94,94,7,1.6,0.1,N,PA,TOME ACU,A213,-2.59249999,-48.36055555,42.95
1028,2019-06-21,08:00,0.0,1008.1,1008.1,1008.0,-9999,22.9,22.1,23.2,22.9,22.3,22.0,95,95,95,68,0.9,0.0,N,PA,TOME ACU,A213,-2.59249999,-48.36055555,42.95
1029,2019-06-21,12:00,0.2,1010.0,1010.1,1009.7,1254,26.3,23.3,26.3,24.5,23.5,22.6,91,83,84,60,5.7,2.5,N,PA,TOME ACU,A213,-2.59249999,-48.36055555,42.95
1030,2019-06-21,16:00,0.0,1009.2,1009.6,1009.1,2368,30.8,22.6,30.8,29.9,23.3,21.8,66,60,62,97,7.9,2.3,N,PA,TOME ACU,A213,-2.59249999,-48.36055555,42.95
1031,2019-06-21,20:00,0.0,1007.4,1007.4,1007.2,1062,31.1,21.7,31.7,31.1,22.3,20.9,59,54,58,114,4.6,1.7,N,PA,TOME ACU,A213,-2.59249999,-48.36055555,42.95
1032,2019-06-22,00:00,0.0,1009.4,1009.4,1008.8,-9999,25.8,23.8,26.8,25.8,24.4,23.8,89,84,89,68,0.0,0.0,N,PA,TOME ACU,A213,-2.59249999,-48.36055555,42.95
1033,2019-06-22,04:00,0.0,1010.7,1011.0,1010.7,-9999,24.6,23.2,24.7,24.6,23.4,23.2,93,92,92,359,1.3,0.0,N,PA,TOME ACU,A213,-2.59249999,-48.36055555,42.95
1034,2019-06-22,08:00,0.0,1009.8,1009.8,1009.7,-9999,22.7,21.9,23.0,22.7,22.1,21.9,95,95,95,185,0.0,0.0,N,PA,TOME ACU,A213,-2.59249999,-48.36055555,42.95
1035,2019-06-22,12:00,0.0,1011.1,1011.2,1011.0,1243,26.7,23.4,26.7,24.9,23.5,22.7,89,81,82,76,4.1,2.1,N,PA,TOME ACU,A213,-2.59249999,-48.36055555,42.95
1036,2019-06-22,16:00,0.0,1009.6,1010.2,1009.5,1813,30.5,22.6,31.6,30.0,23.5,22.1,67,59,63,73,4.9,2.0,N,PA,TOME ACU,A213,-2.59249999,-48.36055555,42.95
1037,2019-06-22,20:00,0.0,1008.0,1008.1,1007.9,1056,31.1,20.6,31.8,31.1,21.8,20.4,56,52,54,124,5.4,1.0,N,PA,TOME ACU,A213,-2.59249999,-48.36055555,42.95
1038,2019-06-23,00:00,0.0,1010.6,1010.6,1009.8,-9999,25.3,23.1,26.6,25.3,23.2,23.0,88,81,88,59,8.0,0.5,N,PA,TOME ACU,A213,-2.59249999,-48.36055555,42.95
1039,2019-06-23,04:00,0.0,1010.6,1010.9,1010.6,-9999,23.8,22.8,23.9,23.8,22.8,22.6,94,93,94,68,0.0,0.0,N,PA,TOME ACU,A213,-2.59249999,-48.36055555,42.95
1040,2019-06-23,08:00,0.0,1009.4,1009.4,1009.3,-9999,23.5,22.5,23.6,23.5,22.6,22.5,94,94,94,129,0.0,0.0,N,PA,TOME ACU,A213,-2.59249999,-48.36055555,42.95
1041,2019-06-23,12:00,0.0,1010.4,1010.6,1010.3,639,24.8,22.8,24.9,23.8,23.1,22.7,94,88,89,68,1.2,0.1,N,PA,TOME ACU,A213,-2.59249999,-48.36055555,42.95
1042,2019-06-23,16:00,0.0,1008.9,1009.7,1008.9,2118,30.7,22.0,30.7,29.4,22.0,20.7,64,55,60,102,4.8,1.5,N,PA,TOME ACU,A213,-2.59249999,-48.36055555,42.95
1043,2019-06-23,20:00,0.0,1006.8,1007.0,1006.8,523,29.5,23.0,30.1,29.5,23.3,21.4,69,60,68,75,2.8,0.0,N,PA,TOME ACU,A213,-2.59249999,-48.36055555,42.95
1044,2019-06-24,00:00,0.0,1008.1,1008.1,1007.8,-9999,26.3,24.4,26.8,26.3,25.1,24.4,91,89,89,20,0.0,0.0,N,PA,TOME ACU,A213,-2.59249999,-48.36055555,42.95
1045,2019-06-24,04:00,0.0,1008.3,1008.8,1008.3,-9999,24.5,22.1,25.1,24.5,23.3,22.1,90,86,86,51,3.9,1.7,N,PA,TOME ACU,A213,-2.59249999,-48.36055555,42.95
1046,2019-06-24,08:00,0.0,1006.8,1006.9,1006.7,-9999,23.8,22.6,23.9,23.8,22.6,22.4,93,92,93,154,0.0,0.0,N,PA,TOME ACU,A213,-2.59249999,-48.36055555,42.95
1047,2019-06-24,12:00,0.0,1008.3,1008.4,1008.2,1232,26.7,22.1,26.7,24.9,22.6,22.0,86,76,76,38,3.9,1.8,N,PA,TOME ACU,A213,-2.59249999,-48.36055555,42.95
1048,2019-06-24,16:00,0.0,1006.2,1007.0,1006.2,2717,31.2,22.1,31.6,30.3,22.4,20.9,62,54,58,70,4.9,2.0,N,PA,TOME ACU,A213,-2.59249999,-48.36055555,42.95
1049,2019-06-24,20:00,0.0,1003.8,1004.1,1003.8,1062,31.9,21.9,32.2,31.5,22.3,21.1,57,52,56,107,3.7,0.0,N,PA,TOME ACU,A213,-2.59249999,-48.36055555,42.95
1050,2019-06-25,00:00,0.0,1006.2,1006.2,1005.3,-9999,25.8,24.3,25.9,25.5,24.3,23.9,92,89,92,33,0.0,0.0,N,PA,TOME ACU,A213,-2.59249999,-48.36055555,42.95
1051,2019-06-25,04:00,0.0,1006.9,1007.1,1006.9,-9999,24.6,22.8,24.9,24.6,23.2,22.8,91,89,90,343,0.0,0.0,N,PA,TOME ACU,A213,-2.59249999,-48.36055555,42.95
1052,2019-06-25,08:00,0.0,1005.7,1005.7,1005.3,-9999,23.1,22.1,23.5,23.0,22.4,22.0,94,93,94,305,0.0,0.0,N,PA,TOME ACU,A213,-2.59249999,-48.36055555,42.95
1053,2019-06-25,12:00,0.0,1007.6,1007.7,1007.5,1225,26.9,23.0,26.9,25.2,23.5,22.5,86,79,80,71,5.6,2.3,N,PA,TOME ACU,A213,-2.59249999,-48.36055555,42.95
1054,2019-06-25,16:00,0.0,1005.8,1006.7,1005.8,2604,31.6,23.8,31.6,30.4,23.8,22.0,66,58,63,75,4.7,1.5,N,PA,TOME ACU,A213,-2.59249999,-48.36055555,42.95
1055,2019-06-25,20:00,0.0,1003.7,1003.7,1003.3,1054,31.8,22.6,32.1,31.2,23.0,21.9,61,56,58,103,2.1,0.0,N,PA,TOME ACU,A213,-2.59249999,-48.36055555,42.95
1056,2019-06-26,00:00,0.0,1007.1,1007.1,1006.0,-9999,25.5,23.6,26.4,25.5,24.9,23.6,92,89,89,33,5.1,2.2,N,PA,TOME ACU,A213,-2.59249999,-48.36055555,42.95
1057,2019-06-26,04:00,0.0,1007.4,1007.7,1007.4,-9999,24.0,22.9,24.2,24.0,23.2,22.9,94,94,94,323,0.0,0.0,N,PA,TOME ACU,A213,-2.59249999,-48.36055555,42.95
1058,2019-06-26,08:00,0.0,1006.7,1006.8,1006.5,-9999,23.9,22.9,23.9,23.8,22.9,22.8,95,94,95,34,1.1,0.0,N,PA,TOME ACU,A213,-2.59249999,-48.36055555,42.95
1059,2019-06-26,12:00,0.0,1008.0,1008.0,1007.6,1130,26.1,23.5,26.1,24.4,23.6,23.0,94,83,85,58,3.3,1.5,N,PA,TOME ACU,A213,-2.59249999,-48.36055555,42.95
1060,2019-06-26,16:00,0.0,1006.5,1007.2,1006.5,2669,31.1,22.3,31.4,30.1,23.8,21.9,70,57,59,69,5.1,1.9,N,PA,TOME ACU,A213,-2.59249999,-48.36055555,42.95
1061,2019-06-26,20:00,0.0,1004.8,1004.8,1004.7,909,30.8,23.4,32.2,30.8,23.6,22.2,65,56,65,87,3.9,0.9,N,PA,TOME ACU,A213,-2.59249999,-48.36055555,42.95
1062,2019-06-27,00:00,0.0,1007.2,1007.2,1006.3,-9999,25.6,24.1,26.2,25.6,24.5,24.1,92,90,92,172,0.0,0.0,N,PA,TOME ACU,A213,-2.59249999,-48.36055555,42.95
1063,2019-06-27,04:00,0.0,1007.3,1007.8,1007.3,-9999,24.1,22.9,24.4,24.1,23.4,22.9,94,93,93,7,2.4,0.0,N,PA,TOME ACU,A213,-2.59249999,-48.36055555,42.95
1064,2019-06-27,08:00,0.0,1006.7,1006.7,1006.5,-9999,22.8,22.0,22.9,22.6,22.1,21.8,95,95,95,35,0.0,0.0,N,PA,TOME ACU,A213,-2.59249999,-48.36055555,42.95
1065,2019-06-27,12:00,0.0,1008.2,1008.2,1008.0,1208,26.3,23.0,26.3,25.0,23.7,23.0,91,82,82,40,5.2,2.3,N,PA,TOME ACU,A213,-2.59249999,-48.36055555,42.95
1066,2019-06-27,16:00,0.0,1007.5,1007.9,1007.5,2519,30.8,22.5,31.2,30.3,23.2,21.5,66,58,61,95,6.5,2.0,N,PA,TOME ACU,A213,-2.59249999,-48.36055555,42.95
1067,2019-06-27,20:00,0.0,1005.4,1005.5,1005.3,992,31.1,22.8,31.7,31.1,23.7,22.5,64,59,62,73,5.0,1.7,N,PA,TOME ACU,A213,-2.59249999,-48.36055555,42.95
1068,2019-06-28,00:00,0.0,1006.8,1006.8,1006.3,-9999,25.4,24.1,25.5,25.2,24.1,23.8,93,91,93,68,0.0,0.0,N,PA,TOME ACU,A213,-2.59249999,-48.36055555,42.95
1069,2019-06-28,04:00,0.0,1007.0,1007.2,1007.0,-9999,23.9,22.9,24.1,23.9,23.1,22.9,94,94,94,34,0.0,0.0,N,PA,TOME ACU,A213,-2.59249999,-48.36055555,42.95
1070,2019-06-28,08:00,0.0,1006.0,1006.0,1005.8,-9999,22.6,21.8,22.7,22.5,21.9,21.7,95,95,95,105,0.0,0.0,N,PA,TOME ACU,A213,-2.59249999,-48.36055555,42.95
1071,2019-06-28,12:00,0.0,1007.8,1007.8,1007.4,1248,26.9,23.1,27.0,25.2,23.7,22.7,88,79,80,68,4.7,2.0,N,PA,TOME ACU,A213,-2.59249999,-48.36055555,42.95
1072,2019-06-28,16:00,0.0,1006.0,1006.9,1006.0,2992,31.5,23.0,31.7,30.6,23.5,22.2,66,58,61,61,7.0,3.1,N,PA,TOME ACU,A213,-2.59249999,-48.36055555,42.95
1073,2019-06-28,20:00,0.0,1004.2,1004.2,1004.0,1015,31.9,22.5,32.3,31.4,23.5,22.1,63,55,58,96,4.7,0.6,N,PA,TOME ACU,A213,-2.59249999,-48.36055555,42.95
1074,2019-06-29,00:00,0.0,1006.4,1006.4,1005.7,-9999,26.8,25.2,26.8,26.4,25.3,24.7,91,90,91,140,0.0,0.0,N,PA,TOME ACU,A213,-2.59249999,-48.36055555,42.95
1075,2019-06-29,04:00,0.0,1006.6,1007.0,1006.6,-9999,24.4,23.3,24.7,24.4,23.5,23.3,94,93,94,349,0.0,0.0,N,PA,TOME ACU,A213,-2.59249999,-48.36055555,42.95
1076,2019-06-29,08:00,0.0,1005.2,1005.3,1005.1,-9999,23.0,22.2,23.3,23.0,22.5,22.1,95,95,95,163,0.0,0.0,N,PA,TOME ACU,A213,-2.59249999,-48.36055555,42.95
1077,2019-06-29,12:00,0.0,1006.9,1006.9,1006.5,1251,27.1,23.3,27.1,25.4,23.7,23.1,90,80,80,75,4.9,2.5,N,PA,TOME ACU,A213,-2.59249999,-48.36055555,42.95
1078,2019-06-29,16:00,0.0,1005.6,1006.3,1005.6,2702,31.6,22.7,31.9,30.6,23.1,22.0,64,56,59,108,7.4,2.7,N,PA,TOME ACU,A213,-2.59249999,-48.36055555,42.95
1079,2019-06-29,20:00,0.0,1003.2,1003.3,1003.2,1086,32.2,21.5,32.7,32.1,21.9,20.9,54,50,53,102,4.6,0.7,N,PA,TOME ACU,A213,-2.59249999,-48.36055555,42.95
1080,2019-06-30,00:00,0.0,1005.9,1005.9,1005.3,-9999,25.7,24.1,26.2,25.7,24.4,24.1,91,89,91,25,0.0,0.0,N,PA,TOME ACU,A213,-2.59249999,-48.36055555,42.95
1081,2019-06-30,04:00,0.0,1006.4,1007.0,1006.4,-9999,23.0,22.0,23.6,23.0,22.5,21.9,94,93,94,338,0.0,0.0,N,PA,TOME ACU,A213,-2.59249999,-48.36055555,42.95
1082,2019-06-30,08:00,0.0,1005.3,1005.5,1005.1,-9999,21.7,20.9,21.9,21.7,21.1,20.9,95,95,95,164,0.0,0.0,N,PA,TOME ACU,A213,-2.59249999,-48.36055555,42.95
1083,2019-06-30,12:00,0.0,1007.3,1007.3,1006.9,1227,26.3,23.4,26.3,24.3,23.4,22.7,92,82,84,71,5.9,2.1,N,PA,TOME ACU,A213,-2.59249999,-48.36055555,42.95
1084,2019-06-30,16:00,0.0,1006.0,1006.8,1006.0,1846,30.1,22.3,30.7,29.7,22.8,21.5,66,59,63,127,6.8,2.4,N,PA,TOME ACU,A213,-2.59249999,-48.36055555,42.95
1085,2019-06-30,20:00,0.0,1003.6,1003.7,1003.5,1044,31.8,22.5,32.1,31.7,22.9,21.1,59,53,58,124,3.1,0.5,N,PA,TOME ACU,A213,-2.59249999,-48.36055555,42.95
1086,2019-07-01,00:00,0.0,1006.2,1006.2,1005.6,-9999,25.7,24.2,26.2,25.7,24.3,24.1,92,89,92,8,0.0,0.0,N,PA,TOME ACU,A213,-2.59249999,-48.36055555,42.95
1087,2019-07-01,04:00,0.0,1006.4,1006.9,1006.4,-9999,23.9,23.0,24.2,23.9,23.2,22.9,94,94,94,48,0.0,0.0,N,PA,TOME ACU,A213,-2.59249999,-48.36055555,42.95
1088,2019-07-01,08:00,0.0,1004.9,1004.9,1004.8,-9999,22.5,21.6,22.9,22.5,22.0,21.6,95,95,95,181,0.0,0.0,N,PA,TOME ACU,A213,-2.59249999,-48.36055555,42.95
1089,2019-07-01,12:00,0.0,1007.3,1007.3,1007.0,1261,26.8,22.8,27.0,25.0,23.4,22.4,88,78,79,58,0.9,0.0,N,PA,TOME ACU,A213,-2.59249999,-48.36055555,42.95
1090,2019-07-01,16:00,0.0,1005.3,1006.3,1005.3,2957,32.3,21.3,32.3,31.1,21.7,20.2,57,49,52,96,7.6,2.4,N,PA,TOME ACU,A213,-2.59249999,-48.36055555,42.95
1091,2019-07-01,20:00,0.0,1003.6,1003.6,1003.4,1123,32.3,21.8,32.9,32.2,21.8,20.1,54,49,54,99,5.0,0.8,N,PA,TOME ACU,A213,-2.59249999,-48.36055555,42.95
1092,2019-07-02,00:00,0.0,1005.8,1005.8,1005.2,-9999,24.5,22.9,25.5,24.5,23.5,22.9,91,88,91,240,0.0,0.0,N,PA,TOME ACU,A213,-2.59249999,-48.36055555,42.95
1093,2019-07-02,04:00,0.0,1005.2,1005.7,1005.2,-9999,23.1,22.1,23.3,23.1,22.2,22.1,94,94,94,297,0.0,0.0,N,PA,TOME ACU,A213,-2.59249999,-48.36055555,42.95
1094,2019-07-02,08:00,0.0,1004.2,1004.4,1004.2,-9999,23.1,22.1,23.2,23.1,22.3,22.1,95,94,94,76,0.0,0.0,N,PA,TOME ACU,A213,-2.59249999,-48.36055555,42.95
1095,2019-07-02,12:00,0.0,1005.8,1005.8,1005.4,1208,27.2,23.3,27.2,25.0,23.8,22.9,89,79,79,59,4.8,1.9,N,PA,TOME ACU,A213,-2.59249999,-48.36055555,42.95
1096,2019-07-02,16:00,0.0,1004.4,1005.1,1004.4,2648,32.0,22.2,32.0,30.9,23.3,21.7,64,54,56,70,6.4,2.0,N,PA,TOME ACU,A213,-2.59249999,-48.36055555,42.95
1097,2019-07-02,20:00,0.0,1002.4,1002.8,1002.4,450,28.5,23.0,28.8,27.9,23.3,21.0,76,63,72,16,6.1,0.0,N,PA,TOME ACU,A213,-2.59249999,-48.36055555,42.95
1098,2019-07-03,00:00,0.0,1005.7,1005.7,1004.8,-9999,24.1,23.0,24.1,23.9,23.0,22.3,94,91,94,291,2.8,0.0,N,PA,TOME ACU,A213,-2.59249999,-48.36055555,42.95
1099,2019-07-03,04:00,0.0,1005.7,1006.3,1005.7,-9999,23.6,22.8,23.8,23.6,23.0,22.8,95,95,95,359,0.0,0.0,N,PA,TOME ACU,A213,-2.59249999,-48.36055555,42.95
1100,2019-07-03,08:00,0.0,1004.8,1004.8,1004.6,-9999,22.4,21.7,22.7,22.4,21.9,21.7,96,96,96,261,0.0,0.0,N,PA,TOME ACU,A213,-2.59249999,-48.36055555,42.95
1101,2019-07-03,12:00,0.0,1006.4,1006.4,1006.2,1232,26.1,23.4,26.1,24.3,23.7,22.9,93,83,85,72,5.5,2.0,N,PA,TOME ACU,A213,-2.59249999,-48.36055555,42.95
1102,2019-07-03,16:00,0.0,1005.7,1006.3,1005.7,1942,30.4,22.6,30.8,29.8,23.3,22.3,66,61,63,70,4.7,2.3,N,PA,TOME ACU,A213,-2.59249999,-48.36055555,42.95
1103,2019-07-03,20:00,0.0,1003.3,1003.6,1003.3,1054,31.7,21.8,32.1,31.7,22.4,21.4,58,54,56,54,4.6,0.9,N,PA,TOME ACU,A213,-2.59249999,-48.36055555,42.95
1104,2019-07-04,00:00,0.0,1006.1,1006.1,1005.2,-9999,25.5,23.9,25.9,25.5,24.3,23.9,92,91,91,46,0.4,0.0,N,PA,TOME ACU,A213,-2.59249999,-48.36055555,42.95
1105,2019-07-04,04:00,0.0,1006.0,1006.4,1006.0,-9999,24.1,22.7,24.4,24.1,23.0,22.7,92,92,92,83,0.0,0.0,N,PA,TOME ACU,A213,-2.59249999,-48.36055555,42.95
1106,2019-07-04,08:00,0.0,1005.1,1005.1,1004.9,-9999,23.0,22.1,23.3,23.0,22.4,22.1,95,95,95,166,0.0,0.0,N,PA,TOME ACU,A213,-2.59249999,-48.36055555,42.95
1107,2019-07-04,12:00,0.0,1007.6,1007.6,1006.7,888,25.7,23.5,25.7,24.5,23.8,23.1,96,87,88,70,3.8,0.0,N,PA,TOME ACU,A213,-2.59249999,-48.36055555,42.95
1108,2019-07-04,16:00,0.0,1006.6,1007.2,1006.6,2553,30.4,22.7,30.7,29.1,23.6,22.2,70,61,63,78,5.2,2.4,N,PA,TOME ACU,A213,-2.59249999,-48.36055555,42.95
1109,2019-07-04,20:00,0.0,1004.2,1004.4,1004.1,820,31.0,23.0,31.3,29.2,23.3,22.2,70,60,62,53,2.0,0.0,N,PA,TOME ACU,A213,-2.59249999,-48.36055555,42.95
1110,2019-07-05,00:00,0.0,1006.9,1006.9,1006.1,-9999,25.9,24.4,26.7,25.9,25.0,24.1,92,88,92,303,0.0,0.0,N,PA,TOME ACU,A213,-2.59249999,-48.36055555,42.95
1111,2019-07-05,04:00,0.0,1007.9,1008.0,1007.6,-9999,24.0,23.0,24.4,24.0,23.3,23.0,94,94,94,309,0.0,0.0,N,PA,TOME ACU,A213,-2.59249999,-48.36055555,42.95
1112,2019-07-05,08:00,0.0,1008.1,1008.1,1008.0,-9999,23.4,22.6,23.8,23.4,22.9,22.6,95,95,95,9,0.0,0.0,N,PA,TOME ACU,A213,-2.59249999,-48.36055555,42.95
1113,2019-07-05,12:00,0.0,1010.2,1010.4,1009.8,759,26.0,23.2,26.1,25.2,23.6,23.1,90,84,85,64,4.6,1.2,N,PA,TOME ACU,A213,-2.59249999,-48.36055555,42.95
1114,2019-07-05,16:00,0.0,1008.6,1009.6,1008.6,3134,30.7,22.3,30.7,29.1,23.4,21.9,68,61,61,58,6.0,1.7,N,PA,TOME ACU,A213,-2.59249999,-48.36055555,42.95
1115,2019-07-05,20:00,0.0,1006.7,1007.0,1006.7,1088,31.9,22.1,32.4,31.9,23.0,21.8,60,54,56,73,3.2,1.1,N,PA,TOME ACU,A213,-2.59249999,-48.36055555,42.95
1116,2019-07-06,00:00,0.0,1007.9,1007.9,1007.3,-9999,25.3,23.9,26.0,25.3,24.3,23.9,92,90,92,291,0.0,0.0,N,PA,TOME ACU,A213,-2.59249999,-48.36055555,42.95
1117,2019-07-06,04:00,0.0,1008.8,1008.9,1008.6,-9999,23.9,22.9,24.0,23.8,23.0,22.8,95,94,95,347,0.9,0.0,N,PA,TOME ACU,A213,-2.59249999,-48.36055555,42.95
1118,2019-07-06,08:00,0.0,1008.0,1008.1,1007.9,-9999,22.9,22.1,23.3,22.9,22.4,22.1,95,95,95,337,0.0,0.0,N,PA,TOME ACU,A213,-2.59249999,-48.36055555,42.95
1119,2019-07-06,12:00,0.0,1009.5,1009.6,1009.1,680,25.3,22.7,25.3,24.4,23.6,22.7,94,86,86,60,6.6,3.3,N,PA,TOME ACU,A213,-2.59249999,-48.36055555,42.95
1120,2019-07-06,16:00,0.0,1008.6,1009.2,1008.6,2435,30.1,22.1,30.1,28.9,23.6,22.0,73,62,62,64,3.6,1.1,N,PA,TOME ACU,A213,-2.59249999,-48.36055555,42.95
1121,2019-07-06,20:00,0.0,1006.1,1006.2,1006.0,1082,31.7,22.7,31.9,31.4,23.2,22.2,61,57,59,70,3.2,0.6,N,PA,TOME ACU,A213,-2.59249999,-48.36055555,42.95
1122,2019-07-07,00:00,0.0,1008.0,1008.0,1007.5,-9999,25.5,24.1,26.2,25.5,24.6,24.1,92,91,92,249,0.0,0.0,N,PA,TOME ACU,A213,-2.59249999,-48.36055555,42.95
1123,2019-07-07,04:00,0.0,1009.2,1009.5,1009.1,-9999,25.2,23.6,25.4,25.2,24.1,23.6,93,90,91,31,4.0,1.0,N,PA,TOME ACU,A213,-2.59249999,-48.36055555,42.95
1124,2019-07-07,08:00,0.0,1008.0,1008.0,1007.8,-9999,24.1,23.2,24.3,24.0,23.4,23.1,95,94,95,5,0.0,0.0,N,PA,TOME ACU,A213,-2.59249999,-48.36055555,42.95
1125,2019-07-07,12:00,0.0,1009.1,1009.1,1009.0,1153,26.8,22.9,26.8,25.3,23.7,22.9,90,79,79,37,4.8,1.7,N,PA,TOME ACU,A213,-2.59249999,-48.36055555,42.95
1126,2019-07-07,16:00,0.0,1008.2,1008.7,1008.2,2114,31.5,21.8,31.6,30.2,23.0,21.5,65,56,56,55,5.3,2.0,N,PA,TOME ACU,A213,-2.59249999,-48.36055555,42.95
1127,2019-07-07,20:00,0.0,1006.1,1006.1,1005.9,858,32.0,23.6,32.3,31.6,23.6,21.9,61,54,61,343,3.3,0.0,N,PA,TOME ACU,A213,-2.59249999,-48.36055555,42.95
1128,2019-07-08,00:00,0.0,1009.6,1009.6,1008.2,-9999,25.8,24.4,26.1,25.7,24.5,24.2,92,91,92,323,0.0,0.0,N,PA,TOME ACU,A213,-2.59249999,-48.36055555,42.95
1129,2019-07-08,04:00,0.0,1010.5,1011.2,1010.5,-9999,25.1,24.1,25.1,25.0,24.1,23.8,94,93,94,256,1.2,0.0,N,PA,TOME ACU,A213,-2.59249999,-48.36055555,42.95
1130,2019-07-08,08:00,0.0,1009.3,1009.5,1009.3,-9999,24.4,23.6,24.4,24.3,23.6,23.5,95,95,95,215,0.0,0.0,N,PA,TOME ACU,A213,-2.59249999,-48.36055555,42.95
1131,2019-07-08,12:00,0.0,1009.9,1010.0,1009.8,1156,26.2,23.2,26.2,25.0,23.9,22.7,91,83,84,71,2.7,0.0,N,PA,TOME ACU,A213,-2.59249999,-48.36055555,42.95
1132,2019-07-08,16:00,0.0,1008.5,1009.4,1008.5,2188,30.1,22.3,31.0,29.5,22.9,21.4,67,58,63,118,4.0,0.7,N,PA,TOME ACU,A213,-2.59249999,-48.36055555,42.95
1133,2019-07-08,20:00,0.0,1006.5,1006.5,1006.2,1086,31.9,21.1,32.2,31.7,21.6,20.5,55,51,53,82,2.7,0.9,N,PA,TOME ACU,A213,-2.59249999,-48.36055555,42.95
1134,2019-07-09,00:00,0.0,1009.1,1009.1,1008.1,-9999,25.2,23.7,25.8,25.2,24.1,23.7,92,90,92,271,0.0,0.0,N,PA,TOME ACU,A213,-2.59249999,-48.36055555,42.95
1135,2019-07-09,04:00,0.0,1009.8,1010.1,1009.8,-9999,23.9,22.5,24.5,23.9,22.7,22.4,92,88,92,243,0.0,0.0,N,PA,TOME ACU,A213,-2.59249999,-48.36055555,42.95
1136,2019-07-09,08:00,0.0,1009.5,1009.5,1008.9,-9999,23.5,22.5,23.5,22.9,22.6,22.0,95,94,94,93,0.0,0.0,N,PA,TOME ACU,A213,-2.59249999,-48.36055555,42.95
1137,2019-07-09,12:00,0.0,1011.0,1011.0,1010.8,1218,26.5,22.9,26.6,25.1,23.3,22.6,88,79,80,74,5.1,2.6,N,PA,TOME ACU,A213,-2.59249999,-48.36055555,42.95
1138,2019-07-09,16:00,0.0,1008.9,1009.9,1008.9,2966,29.3,21.9,29.4,27.7,23.5,21.9,76,64,64,81,7.2,2.6,N,PA,TOME ACU,A213,-2.59249999,-48.36055555,42.95
1139,2019-07-09,20:00,0.0,1007.0,1007.1,1006.9,944,30.8,20.9,31.7,30.4,21.8,20.4,58,53,55,88,5.0,1.2,N,PA,TOME ACU,A213,-2.59249999,-48.36055555,42.95
1140,2019-07-10,00:00,0.0,1009.6,1009.6,1009.1,-9999,24.7,23.2,25.2,24.6,23.3,23.0,92,89,91,14,0.0,0.0,N,PA,TOME ACU,A213,-2.59249999,-48.36055555,42.95
1141,2019-07-10,04:00,0.0,1009.2,1009.9,1009.2,-9999,23.2,22.2,23.7,23.2,22.6,22.2,94,94,94,253,0.0,0.0,N,PA,TOME ACU,A213,-2.59249999,-48.36055555,42.95
1142,2019-07-10,08:00,0.0,1008.5,1008.5,1008.3,-9999,21.7,20.8,22.1,21.7,21.2,20.8,95,95,95,209,0.0,0.0,N,PA,TOME ACU,A213,-2.59249999,-48.36055555,42.95
1143,2019-07-10,12:00,0.0,1010.0,1010.0,1009.8,1246,26.5,22.3,26.5,24.6,23.0,22.3,89,78,78,50,4.7,2.5,N,PA,TOME ACU,A213,-2.59249999,-48.36055555,42.95
1144,2019-07-10,16:00,0.0,1007.9,1008.6,1007.9,2416,31.3,20.8,31.4,30.3,22.3,20.8,62,53,54,118,4.7,2.0,N,PA,TOME ACU,A213,-2.59249999,-48.36055555,42.95
1145,2019-07-10,20:00,0.0,1005.5,1005.7,1005.5,853,31.1,21.3,31.8,30.5,21.9,20.9,60,53,56,133,4.1,1.2,N,PA,TOME ACU,A213,-2.59249999,-48.36055555,42.95
1146,2019-07-11,00:00,0.0,1008.0,1008.0,1007.2,-9999,25.0,23.4,25.5,25.0,23.6,23.3,91,89,91,152,0.0,0.0,N,PA,TOME ACU,A213,-2.59249999,-48.36055555,42.95
1147,2019-07-11,04:00,0.0,1007.7,1008.0,1007.7,-9999,23.8,22.4,23.9,23.8,22.5,22.3,92,91,91,42,2.0,0.0,N,PA,TOME ACU,A213,-2.59249999,-48.36055555,42.95
1148,2019-07-11,08:00,0.0,1006.6,1006.6,1006.5,-9999,23.7,22.6,23.8,23.6,22.7,22.5,94,93,94,89,0.0,0.0,N,PA,TOME ACU,A213,-2.59249999,-48.36055555,42.95
1149,2019-07-11,12:00,0.0,1008.2,1008.3,1008.0,736,25.3,22.3,25.3,24.4,22.8,22.2,91,83,83,65,2.9,0.0,N,PA,TOME ACU,A213,-2.59249999,-48.36055555,42.95
1150,2019-07-11,16:00,0.0,1006.4,1007.4,1006.4,2675,31.3,21.9,31.3,29.3,22.6,21.0,65,57,57,88,7.1,2.4,N,PA,TOME ACU,A213,-2.59249999,-48.36055555,42.95
1151,2019-07-11,20:00,0.0,1004.5,1004.5,1004.2,277,28.4,23.6,31.5,28.4,24.6,21.9,76,57,75,356,4.5,0.6,N,PA,TOME ACU,A213,-2.59249999,-48.36055555,42.95
1152,2019-07-12,00:00,0.0,1006.8,1006.8,1006.0,-9999,25.0,23.7,25.6,25.0,24.0,23.7,93,91,93,207,0.0,0.0,N,PA,TOME ACU,A213,-2.59249999,-48.36055555,42.95
1153,2019-07-12,04:00,0.0,1007.2,1007.6,1007.2,-9999,24.2,22.8,24.7,24.2,23.1,22.8,92,91,92,38,1.3,0.0,N,PA,TOME ACU,A213,-2.59249999,-48.36055555,42.95
1154,2019-07-12,08:00,0.0,1006.0,1006.0,1005.9,-9999,23.1,22.2,23.4,23.1,22.4,22.2,94,94,94,41,0.0,0.0,N,PA,TOME ACU,A213,-2.59249999,-48.36055555,42.95
1155,2019-07-12,12:00,0.2,1007.9,1007.9,1007.6,1236,26.8,23.0,26.8,25.0,23.3,22.7,89,80,80,73,5.1,2.3,N,PA,TOME ACU,A213,-2.59249999,-48.36055555,42.95
1156,2019-07-12,16:00,0.0,1006.0,1006.9,1006.0,2618,31.6,22.3,31.9,30.4,22.4,21.4,61,54,58,95,6.2,1.6,N,PA,TOME ACU,A213,-2.59249999,-48.36055555,42.95
1157,2019-07-12,20:00,0.0,1004.9,1005.0,1004.7,248,26.5,22.4,29.8,26.5,23.4,22.4,80,66,78,260,7.1,0.2,N,PA,TOME ACU,A213,-2.59249999,-48.36055555,42.95
1158,2019-07-13,00:00,0.0,1008.4,1008.4,1006.9,-9999,24.8,22.7,25.2,24.8,23.7,22.7,92,88,88,27,7.5,1.5,N,PA,TOME ACU,A213,-2.59249999,-48.36055555,42.95
1159,2019-07-13,04:00,0.0,1008.2,1008.6,1008.2,-9999,23.1,22.2,23.1,22.9,22.3,22.0,95,95,95,25,0.8,0.0,N,PA,TOME ACU,A213,-2.59249999,-48.36055555,42.95
1160,2019-07-13,08:00,0.0,1007.3,1007.3,1006.6,-9999,22.9,22.2,23.1,22.9,22.4,22.2,96,95,95,226,0.0,0.0,N,PA,TOME ACU,A213,-2.59249999,-48.36055555,42.95
1161,2019-07-13,12:00,0.0,1008.4,1008.4,1008.1,987,25.2,22.9,25.2,24.1,23.5,22.9,94,87,87,41,2.3,0.7,N,PA,TOME ACU,A213,-2.59249999,-48.36055555,42.95
1162,2019-07-13,16:00,0.2,1006.3,1007.7,1006.3,3066,30.5,22.9,30.5,29.4,23.4,22.3,70,62,64,88,4.1,1.8,N,PA,TOME ACU,A213,-2.59249999,-48.36055555,42.95
1163,2019-07-13,20:00,0.0,1005.5,1005.6,1005.3,145,24.6,23.2,24.8,24.6,23.5,23.0,92,91,92,200,4.2,0.0,N,PA,TOME ACU,A213,-2.59249999,-48.36055555,42.95
1164,2019-07-14,00:00,0.0,1007.5,1007.5,1007.0,-9999,23.7,22.8,24.1,23.7,23.2,22.7,95,94,94,56,0.0,0.0,N,PA,TOME ACU,A213,-2.59249999,-48.36055555,42.95
1165,2019-07-14,04:00,0.0,1007.5,1007.9,1007.4,-9999,23.7,22.8,23.7,23.6,22.9,22.8,95,95,95,68,0.0,0.0,N,PA,TOME ACU,A213,-2.59249999,-48.36055555,42.95
1166,2019-07-14,08:00,0.0,1006.2,1006.2,1005.8,-9999,23.0,22.2,23.2,23.0,22.3,22.2,95,95,95,55,2.1,0.2,N,PA,TOME ACU,A213,-2.59249999,-48.36055555,42.95
1167,2019-07-14,12:00,0.0,1007.8,1007.9,1007.5,1126,26.1,23.2,26.1,24.6,23.7,22.7,90,84,84,66,4.5,2.6,N,PA,TOME ACU,A213,-2.59249999,-48.36055555,42.95
1168,2019-07-14,16:00,0.0,1006.3,1007.4,1006.3,2760,30.6,22.7,30.7,29.0,23.6,22.0,71,61,63,66,5.3,2.6,N,PA,TOME ACU,A213,-2.59249999,-48.36055555,42.95
1169,2019-07-14,20:00,0.0,1004.1,1004.2,1004.0,1156,31.5,21.6,31.9,31.4,21.9,20.7,56,52,56,73,4.8,2.0,N,PA,TOME ACU,A213,-2.59249999,-48.36055555,42.95
1170,2019-07-15,00:00,0.0,1006.2,1006.2,1005.6,-9999,25.0,23.6,25.4,25.0,23.8,23.5,92,90,92,59,0.0,0.0,N,PA,TOME ACU,A213,-2.59249999,-48.36055555,42.95
1171,2019-07-15,04:00,0.0,1006.9,1007.3,1006.9,-9999,24.2,22.9,24.5,24.2,23.1,22.9,93,92,93,46,0.0,0.0,N,PA,TOME ACU,A213,-2.59249999,-48.36055555,42.95
1172,2019-07-15,08:00,0.0,1005.6,1005.6,1005.4,-9999,22.8,21.8,23.2,22.8,22.1,21.8,94,93,94,53,0.0,0.0,N,PA,TOME ACU,A213,-2.59249999,-48.36055555,42.95
1173,2019-07-15,12:00,0.0,1007.5,1007.5,1007.1,1229,25.9,23.0,25.9,24.4,23.0,22.2,88,82,84,66,4.0,1.2,N,PA,TOME ACU,A213,-2.59249999,-48.36055555,42.95
1174,2019-07-15,16:00,0.0,1006.1,1007.0,1006.1,2581,30.6,22.1,30.8,29.7,23.4,21.5,69,58,61,35,4.4,1.5,N,PA,TOME ACU,A213,-2.59249999,-48.36055555,42.95
1175,2019-07-15,20:00,0.0,1004.4,1004.4,1004.2,912,31.3,22.4,32.2,31.3,22.7,21.4,60,53,59,64,3.4,1.1,N,PA,TOME ACU,A213,-2.59249999,-48.36055555,42.95
1176,2019-07-16,00:00,0.0,1006.5,1006.5,1006.0,-9999,24.3,22.8,25.0,24.2,23.1,22.6,91,89,91,113,0.0,0.0,N,PA,TOME ACU,A213,-2.59249999,-48.36055555,42.95
1177,2019-07-16,04:00,0.2,1007.1,1007.6,1007.1,-9999,23.4,22.2,23.9,23.4,22.4,22.2,93,90,93,251,0.0,0.0,N,PA,TOME ACU,A213,-2.59249999,-48.36055555,42.95
1178,2019-07-16,08:00,0.0,1006.5,1006.5,1006.2,-9999,23.2,22.3,23.3,23.2,22.4,22.3,95,94,95,43,0.0,0.0,N,PA,TOME ACU,A213,-2.59249999,-48.36055555,42.95
1179,2019-07-16,12:00,0.0,1008.6,1008.6,1008.3,1214,26.6,23.0,26.6,24.5,23.2,22.0,88,80,80,39,4.7,1.7,N,PA,TOME ACU,A213,-2.59249999,-48.36055555,42.95
1180,2019-07-16,16:00,0.2,1007.3,1008.2,1007.3,1799,30.6,23.2,31.0,30.4,23.8,22.4,67,61,65,41,3.8,0.4,N,PA,TOME ACU,A213,-2.59249999,-48.36055555,42.95
1181,2019-07-16,20:00,0.0,1005.4,1005.4,1004.8,480,25.7,23.9,25.8,24.8,23.9,22.9,90,88,90,285,1.6,0.2,N,PA,TOME ACU,A213,-2.59249999,-48.36055555,42.95
1182,2019-07-17,00:00,0.0,1008.1,1008.1,1007.1,-9999,23.8,22.4,24.7,23.8,23.3,22.2,93,90,92,346,2.5,0.0,N,PA,TOME ACU,A213,-2.59249999,-48.36055555,42.95
1183,2019-07-17,04:00,0.0,1008.2,1008.9,1008.2,-9999,23.6,22.7,23.8,23.6,22.9,22.7,95,94,95,44,0.0,0.0,N,PA,TOME ACU,A213,-2.59249999,-48.36055555,42.95
1184,2019-07-17,08:00,0.0,1007.7,1007.7,1007.4,-9999,22.9,22.1,23.1,22.9,22.3,22.1,95,95,95,77,0.0,0.0,N,PA,TOME ACU,A213,-2.59249999,-48.36055555,42.95
1185,2019-07-17,12:00,0.0,1009.9,1009.9,1009.4,888,25.2,22.7,25.2,24.0,23.1,22.4,91,86,86,40,2.2,0.7,N,PA,TOME ACU,A213,-2.59249999,-48.36055555,42.95
1186,2019-07-17,16:00,0.2,1008.6,1009.5,1008.6,2591,30.5,23.7,30.9,29.5,23.8,22.4,70,62,67,36,1.3,0.0,N,PA,TOME ACU,A213,-2.59249999,-48.36055555,42.95
1187,2019-07-17,20:00,0.2,1006.3,1006.3,1005.5,330,28.4,24.0,31.8,28.4,25.3,22.2,78,57,77,170,3.7,0.2,N,PA,TOME ACU,A213,-2.59249999,-48.36055555,42.95
1188,2019-07-18,00:00,0.0,1009.2,1009.2,1008.5,-9999,24.3,22.8,25.0,24.3,23.2,22.8,92,88,91,351,3.1,0.0,N,PA,TOME ACU,A213,-2.59249999,-48.36055555,42.95
1189,2019-07-18,04:00,0.2,1009.7,1010.8,1009.7,-9999,23.6,22.5,23.7,23.6,22.7,22.5,94,94,94,347,3.0,0.0,N,PA,TOME ACU,A213,-2.59249999,-48.36055555,42.95
1190,2019-07-18,08:00,0.4,1008.3,1008.5,1008.3,-9999,22.9,22.1,23.0,22.9,22.2,22.1,95,95,95,110,0.0,0.0,N,PA,TOME ACU,A213,-2.59249999,-48.36055555,42.95
1191,2019-07-18,12:00,0.0,1009.6,1009.6,1009.1,1125,24.9,22.6,24.9,23.7,23.0,22.0,95,85,87,122,1.9,0.6,N,PA,TOME ACU,A213,-2.59249999,-48.36055555,42.95
1192,2019-07-18,16:00,0.0,1008.6,1009.3,1008.6,2129,30.5,23.0,30.5,29.4,23.4,22.2,69,62,65,36,4.4,1.0,N,PA,TOME ACU,A213,-2.59249999,-48.36055555,42.95
1193,2019-07-18,20:00,0.0,1006.1,1006.1,1005.8,342,30.1,25.7,31.7,30.1,25.7,21.5,77,55,77,11,2.1,0.0,N,PA,TOME ACU,A213,-2.59249999,-48.36055555,42.95
1194,2019-07-19,00:00,0.0,1009.7,1009.8,1008.4,-9999,24.3,22.8,25.5,24.3,22.8,21.6,91,80,91,72,5.7,0.0,N,PA,TOME ACU,A213,-2.59249999,-48.36055555,42.95
1195,2019-07-19,04:00,0.4,1009.6,1010.3,1009.6,-9999,23.4,22.1,23.6,23.4,22.4,22.1,93,93,93,63,1.8,0.3,N,PA,TOME ACU,A213,-2.59249999,-48.36055555,42.95
1196,2019-07-19,08:00,0.0,1008.2,1008.2,1008.1,-9999,22.8,21.9,23.0,22.8,22.1,21.9,95,94,95,39,0.0,0.0,N,PA,TOME ACU,A213,-2.59249999,-48.36055555,42.95
1197,2019-07-19,12:00,0.2,1010.1,1010.1,1009.7,1084,25.1,22.2,25.2,23.7,22.7,22.0,93,83,84,64,3.4,1.7,N,PA,TOME ACU,A213,-2.59249999,-48.36055555,42.95
1198,2019-07-19,16:00,0.0,1008.6,1009.5,1008.6,3043,30.7,20.7,31.1,29.9,21.2,19.3,60,51,55,100,7.6,2.6,N,PA,TOME ACU,A213,-2.59249999,-48.36055555,42.95
1199,2019-07-19,20:00,0.0,1006.3,1006.5,1006.3,1090,31.2,19.9,31.7,31.2,20.6,19.6,53,49,51,107,4.7,1.4,N,PA,TOME ACU,A213,-2.59249999,-48.36055555,42.95
1200,2019-07-20,00:00,0.0,1008.4,1008.4,1007.6,-9999,23.8,22.2,24.6,23.8,22.4,22.2,91,87,91,199,0.0,0.0,N,PA,TOME ACU,A213,-2.59249999,-48.36055555,42.95
1201,2019-07-20,04:00,0.0,1008.3,1008.8,1008.3,-9999,21.3,20.3,21.9,21.3,20.8,20.3,94,93,94,195,0.0,0.0,N,PA,TOME ACU,A213,-2.59249999,-48.36055555,42.95
1202,2019-07-20,08:00,0.0,1007.5,1007.5,1007.1,-9999,20.1,19.3,20.2,20.0,19.4,19.2,96,95,95,141,0.0,0.0,N,PA,TOME ACU,A213,-2.59249999,-48.36055555,42.95
1203,2019-07-20,12:00,0.0,1009.0,1009.1,1008.5,1285,25.9,20.7,25.9,23.1,21.0,20.0,87,72,73,79,3.9,1.9,N,PA,TOME ACU,A213,-2.59249999,-48.36055555,42.95
1204,2019-07-20,16:00,0.0,1007.6,1008.5,1007.6,3167,31.2,20.3,31.2,30.3,20.8,19.5,56,51,52,84,7.5,2.8,N,PA,TOME ACU,A213,-2.59249999,-48.36055555,42.95
1205,2019-07-20,20:00,0.0,1005.6,1005.7,1005.6,885,30.9,20.9,32.0,30.9,20.9,19.2,56,47,55,70,5.2,1.2,N,PA,TOME ACU,A213,-2.59249999,-48.36055555,42.95
1206,2019-07-21,00:00,0.0,1007.7,1007.7,1006.9,-9999,26.7,23.3,27.1,26.6,24.3,22.7,85,79,82,65,1.9,0.1,N,PA,TOME ACU,A213,-2.59249999,-48.36055555,42.95
1207,2019-07-21,04:00,0.0,1008.3,1008.5,1008.2,-9999,24.5,22.5,24.9,24.5,22.6,22.5,89,87,89,40,3.2,0.9,N,PA,TOME ACU,A213,-2.59249999,-48.36055555,42.95
1208,2019-07-21,08:00,0.0,1007.0,1007.2,1006.9,-9999,23.5,22.0,23.7,23.5,22.0,21.9,91,90,91,50,4.9,0.8,N,PA,TOME ACU,A213,-2.59249999,-48.36055555,42.95
1209,2019-07-21,12:00,0.0,1008.6,1008.6,1007.8,991,25.9,21.8,25.9,23.7,22.2,21.4,91,77,78,82,0.0,0.0,N,PA,TOME ACU,A213,-2.59249999,-48.36055555,42.95
1210,2019-07-21,16:00,0.0,1007.6,1008.5,1007.6,1376,28.4,23.9,30.1,26.7,24.4,20.9,85,58,77,94,5.7,0.6,N,PA,TOME ACU,A213,-2.59249999,-48.36055555,42.95
1211,2019-07-21,20:00,0.0,1006.3,1006.7,1006.3,480,26.0,22.6,26.4,25.9,23.8,22.1,86,80,81,116,0.0,0.0,N,PA,TOME ACU,A213,-2.59249999,-48.36055555,42.95
1212,2019-07-22,00:00,0.0,1007.9,1007.9,1007.2,-9999,23.7,22.6,24.3,23.6,23.1,22.6,94,93,94,338,0.0,0.0,N,PA,TOME ACU,A213,-2.59249999,-48.36055555,42.95
1213,2019-07-22,04:00,0.4,1008.5,1009.0,1008.5,-9999,22.5,21.6,22.9,22.5,22.1,21.6,95,95,95,146,0.0,0.0,N,PA,TOME ACU,A213,-2.59249999,-48.36055555,42.95
1214,2019-07-22,08:00,0.0,1007.1,1007.1,1006.8,-9999,21.3,20.6,21.4,21.1,20.7,20.3,96,95,96,317,0.0,0.0,N,PA,TOME ACU,A213,-2.59249999,-48.36055555,42.95
1215,2019-07-22,12:00,0.0,1008.7,1008.7,1008.4,1102,24.9,22.4,25.0,23.3,22.9,22.1,94,84,86,72,3.9,2.1,N,PA,TOME ACU,A213,-2.59249999,-48.36055555,42.95
1216,2019-07-22,16:00,0.2,1006.9,1007.5,1006.9,2520,30.2,22.3,30.7,29.6,23.1,21.2,66,59,63,106,6.1,2.1,N,PA,TOME ACU,A213,-2.59249999,-48.36055555,42.95
1217,2019-07-22,20:00,0.0,1005.0,1005.1,1004.9,1151,31.2,21.2,31.9,31.2,22.0,20.9,57,53,55,142,4.5,1.4,N,PA,TOME ACU,A213,-2.59249999,-48.36055555,42.95
1218,2019-07-23,00:00,0.2,1007.4,1007.4,1006.4,-9999,24.6,23.0,25.7,24.6,23.5,23.0,91,88,91,267,0.0,0.0,N,PA,TOME ACU,A213,-2.59249999,-48.36055555,42.95
1219,2019-07-23,04:00,0.0,1007.4,1007.9,1007.4,-9999,22.5,21.5,23.1,22.5,22.1,21.5,94,94,94,240,0.0,0.0,N,PA,TOME ACU,A213,-2.59249999,-48.36055555,42.95
1220,2019-07-23,08:00,0.0,1006.8,1007.0,1006.8,-9999,21.0,20.3,21.3,21.0,20.6,20.3,95,95,95,226,0.0,0.0,N,PA,TOME ACU,A213,-2.59249999,-48.36055555,42.95
1221,2019-07-23,12:00,0.0,1008.6,1008.7,1008.5,1287,25.7,22.2,25.7,23.7,22.9,22.2,92,81,81,69,3.6,0.9,N,PA,TOME ACU,A213,-2.59249999,-48.36055555,42.95
1222,2019-07-23,16:00,0.0,1007.2,1007.8,1007.1,3245,31.6,19.0,32.0,30.8,20.3,18.4,52,46,47,111,7.1,3.7,N,PA,TOME ACU,A213,-2.59249999,-48.36055555,42.95
1223,2019-07-23,20:00,0.4,1005.4,1005.4,1005.2,1167,31.8,19.4,32.2,31.8,19.7,18.5,49,44,48,73,5.5,2.0,N,PA,TOME ACU,A213,-2.59249999,-48.36055555,42.95
1224,2019-07-24,00:00,0.0,1007.4,1007.4,1006.7,-9999,23.9,22.2,24.6,23.9,22.4,22.2,90,87,90,107,0.0,0.0,N,PA,TOME ACU,A213,-2.59249999,-48.36055555,42.95
1225,2019-07-24,04:00,0.0,1007.4,1007.9,1007.4,-9999,23.3,22.2,23.4,23.0,22.3,22.0,94,93,93,135,0.0,0.0,N,PA,TOME ACU,A213,-2.59249999,-48.36055555,42.95
1226,2019-07-24,08:00,0.0,1007.1,1007.1,1006.5,-9999,21.9,21.0,22.1,21.9,21.2,21.0,95,94,95,204,0.0,0.0,N,PA,TOME ACU,A213,-2.59249999,-48.36055555,42.95
1227,2019-07-24,12:00,0.2,1008.5,1008.5,1008.4,1260,26.8,23.0,26.9,24.6,23.0,22.3,88,78,79,80,3.8,2.1,N,PA,TOME ACU,A213,-2.59249999,-48.36055555,42.95
1228,2019-07-24,16:00,0.0,1006.9,1007.5,1006.9,2647,31.9,21.1,31.9,30.9,22.2,20.7,61,53,53,109,6.0,1.9,N,PA,TOME ACU,A213,-2.59249999,-48.36055555,42.95
1229,2019-07-24,20:00,0.2,1004.9,1004.9,1004.7,1079,31.6,22.1,32.5,31.6,22.2,21.1,57,51,57,133,4.4,1.0,N,PA,TOME ACU,A213,-2.59249999,-48.36055555,42.95
1230,2019-07-25,00:00,0.0,1006.9,1006.9,1006.2,-9999,26.3,24.4,26.6,26.3,24.6,24.3,90,88,90,333,0.0,0.0,N,PA,TOME ACU,A213,-2.59249999,-48.36055555,42.95
1231,2019-07-25,04:00,0.0,1007.0,1007.3,1007.0,-9999,24.0,22.8,24.6,24.0,23.2,22.8,93,92,93,21,1.4,0.0,N,PA,TOME ACU,A213,-2.59249999,-48.36055555,42.95
1232,2019-07-25,08:00,0.0,1006.2,1006.2,1005.9,-9999,23.0,22.1,23.4,22.9,22.4,22.0,95,94,95,183,0.0,0.0,N,PA,TOME ACU,A213,-2.59249999,-48.36055555,42.95
1233,2019-07-25,12:00,0.0,1007.8,1007.8,1007.5,954,26.0,23.1,26.0,24.4,23.5,22.9,93,84,84,33,2.6,0.6,N,PA,TOME ACU,A213,-2.59249999,-48.36055555,42.95
1234,2019-07-25,16:00,0.0,1005.8,1006.6,1005.8,3028,32.4,21.8,32.6,31.2,21.8,20.7,57,51,54,218,3.5,0.8,N,PA,TOME ACU,A213,-2.59249999,-48.36055555,42.95
1235,2019-07-25,20:00,0.0,1005.0,1005.0,1004.2,443,27.2,21.5,31.8,27.2,23.7,20.8,71,54,71,187,6.6,2.6,N,PA,TOME ACU,A213,-2.59249999,-48.36055555,42.95
1236,2019-07-26,00:00,0.0,1007.3,1007.3,1006.2,-9999,24.6,22.3,25.3,24.5,22.4,21.9,88,82,87,200,1.1,0.0,N,PA,TOME ACU,A213,-2.59249999,-48.36055555,42.95
1237,2019-07-26,04:00,0.0,1007.3,1007.7,1007.3,-9999,22.8,21.8,23.4,22.8,22.2,21.7,94,93,94,295,0.0,0.0,N,PA,TOME ACU,A213,-2.59249999,-48.36055555,42.95
1238,2019-07-26,08:00,0.0,1007.1,1007.1,1006.7,-9999,21.8,21.0,22.1,21.8,21.3,21.0,95,95,95,101,0.0,0.0,N,PA,TOME ACU,A213,-2.59249999,-48.36055555,42.95
1239,2019-07-26,12:00,0.0,1010.4,1010.4,1009.5,910,25.8,22.9,25.8,24.3,23.0,22.3,90,83,84,64,4.0,1.4,N,PA,TOME ACU,A213,-2.59249999,-48.36055555,42.95
1240,2019-07-26,16:00,0.0,1008.1,1009.0,1008.1,2725,29.7,21.5,30.5,29.3,22.0,20.9,64,57,61,98,6.5,1.9,N,PA,TOME ACU,A213,-2.59249999,-48.36055555,42.95
1241,2019-07-26,20:00,0.0,1006.2,1006.2,1005.9,1130,31.5,20.7,31.8,31.4,21.0,19.9,54,50,53,88,4.3,1.4,N,PA,TOME ACU,A213,-2.59249999,-48.36055555,42.95
1242,2019-07-27,00:00,0.0,1008.6,1008.6,1007.7,-9999,24.0,22.2,24.8,24.0,22.7,22.2,90,88,90,326,0.0,0.0,N,PA,TOME ACU,A213,-2.59249999,-48.36055555,42.95
1243,2019-07-27,04:00,0.0,1008.5,1009.0,1008.5,-9999,22.8,21.6,22.8,22.6,21.8,21.5,94,92,93,19,2.1,0.0,N,PA,TOME ACU,A213,-2.59249999,-48.36055555,42.95
1244,2019-07-27,08:00,0.0,1007.9,1007.9,1007.6,-9999,21.2,20.4,21.5,21.2,20.7,20.4,95,95,95,272,0.0,0.0,N,PA,TOME ACU,A213,-2.59249999,-48.36055555,42.95
1245,2019-07-27,12:00,0.0,1009.9,1009.9,1009.7,901,25.3,22.9,25.3,23.8,23.4,22.7,95,87,87,62,5.7,2.5,N,PA,TOME ACU,A213,-2.59249999,-48.36055555,42.95
1246,2019-07-27,16:00,0.0,1008.0,1008.8,1008.0,2799,30.7,22.2,32.4,30.7,22.2,20.4,61,50,61,132,6.6,2.1,N,PA,TOME ACU,A213,-2.59249999,-48.36055555,42.95
1247,2019-07-27,20:00,0.0,1005.5,1005.9,1005.5,1073,31.9,21.6,32.9,31.7,21.9,20.4,55,50,55,134,3.3,0.3,N,PA,TOME ACU,A213,-2.59249999,-48.36055555,42.95
1248,2019-07-28,00:00,0.0,1009.0,1009.0,1007.3,-9999,25.8,23.8,26.5,25.8,24.2,23.1,89,83,89,124,5.5,0.0,N,PA,TOME ACU,A213,-2.59249999,-48.36055555,42.95
1249,2019-07-28,04:00,0.4,1008.9,1009.7,1008.9,-9999,24.6,23.6,24.7,24.5,23.7,23.5,94,94,94,17,1.1,0.0,N,PA,TOME ACU,A213,-2.59249999,-48.36055555,42.95
1250,2019-07-28,08:00,0.0,1007.6,1007.6,1007.4,-9999,23.4,22.6,23.5,23.4,22.6,22.6,95,95,95,341,0.5,0.0,N,PA,TOME ACU,A213,-2.59249999,-48.36055555,42.95
1251,2019-07-28,12:00,0.0,1009.6,1009.6,1009.2,1221,25.9,23.1,25.9,24.8,23.8,22.8,93,84,85,32,2.5,1.0,N,PA,TOME ACU,A213,-2.59249999,-48.36055555,42.95
1252,2019-07-28,16:00,0.0,1007.8,1008.7,1007.8,2492,30.6,22.4,30.7,29.7,23.8,22.0,70,61,62,122,4.0,0.6,N,PA,TOME ACU,A213,-2.59249999,-48.36055555,42.95
1253,2019-07-28,20:00,0.0,1004.9,1005.0,1004.7,1112,32.2,22.2,32.9,31.6,22.9,20.7,60,50,56,155,2.2,0.4,N,PA,TOME ACU,A213,-2.59249999,-48.36055555,42.95
1254,2019-07-29,00:00,0.0,1007.1,1007.1,1006.3,-9999,25.8,24.3,26.1,25.8,24.4,24.2,92,91,92,261,0.0,0.0,N,PA,TOME ACU,A213,-2.59249999,-48.36055555,42.95
1255,2019-07-29,04:00,0.0,1008.5,1009.1,1008.5,-9999,23.0,22.3,23.3,22.9,22.5,22.2,96,96,96,34,0.0,0.0,N,PA,TOME ACU,A213,-2.59249999,-48.36055555,42.95
1256,2019-07-29,08:00,0.0,1007.7,1007.7,1007.2,-9999,22.9,22.2,23.2,22.9,22.4,22.2,96,95,96,331,0.0,0.0,N,PA,TOME ACU,A213,-2.59249999,-48.36055555,42.95
1257,2019-07-29,12:00,0.0,1009.1,1009.1,1008.6,1277,25.9,22.9,26.0,24.7,23.3,22.7,92,83,84,15,2.0,0.1,N,PA,TOME ACU,A213,-2.59249999,-48.36055555,42.95
1258,2019-07-29,16:00,0.0,1006.5,1007.5,1006.5,2866,31.0,22.4,31.3,30.5,23.6,22.3,66,59,61,138,3.0,0.6,N,PA,TOME ACU,A213,-2.59249999,-48.36055555,42.95
1259,2019-07-29,20:00,0.0,1004.4,1004.4,1004.0,1230,32.7,21.4,33.0,32.6,22.8,20.8,56,49,51,119,2.4,0.9,N,PA,TOME ACU,A213,-2.59249999,-48.36055555,42.95
1260,2019-07-30,00:00,0.0,1007.1,1007.1,1006.4,-9999,25.6,24.2,25.9,25.6,24.3,24.0,92,90,92,240,0.0,0.0,N,PA,TOME ACU,A213,-2.59249999,-48.36055555,42.95
1261,2019-07-30,04:00,0.0,1007.9,1008.6,1007.9,-9999,24.7,23.0,25.1,24.7,23.1,23.0,91,88,91,35,3.2,0.0,N,PA,TOME ACU,A213,-2.59249999,-48.36055555,42.95
1262,2019-07-30,08:00,0.0,1007.0,1007.0,1006.6,-9999,22.9,22.1,23.1,22.7,22.3,21.9,95,95,95,350,0.0,0.0,N,PA,TOME ACU,A213,-2.59249999,-48.36055555,42.95
1263,2019-07-30,12:00,0.0,1009.3,1009.3,1009.0,1257,26.6,23.0,26.7,25.0,23.4,22.5,89,79,81,72,2.8,0.0,N,PA,TOME ACU,A213,-2.59249999,-48.36055555,42.95
1264,2019-07-30,16:00,0.0,1007.2,1008.0,1007.2,3037,31.8,21.5,32.1,30.8,23.7,21.3,62,53,55,124,3.7,1.6,N,PA,TOME ACU,A213,-2.59249999,-48.36055555,42.95
1265,2019-07-30,20:00,0.0,1005.1,1005.1,1004.6,810,31.4,22.7,32.9,31.0,23.4,22.3,63,54,60,82,4.3,2.0,N,PA,TOME ACU,A213,-2.59249999,-48.36055555,42.95
1266,2019-07-31,00:00,0.0,1007.5,1007.5,1006.9,-9999,25.3,23.7,25.9,25.3,24.1,23.7,91,89,91,280,0.0,0.0,N,PA,TOME ACU,A213,-2.59249999,-48.36055555,42.95
1267,2019-07-31,04:00,0.0,1007.5,1007.9,1007.5,-9999,23.9,22.8,24.2,23.9,23.0,22.8,94,93,94,331,1.2,0.0,N,PA,TOME ACU,A213,-2.59249999,-48.36055555,42.95
1268,2019-07-31,08:00,0.0,1006.9,1006.9,1006.7,-9999,23.3,22.4,23.3,22.7,22.5,21.8,95,95,95,54,0.0,0.0,N,PA,TOME ACU,A213,-2.59249999,-48.36055555,42.95
1269,2019-07-31,12:00,0.0,1009.3,1009.3,1009.0,400,25.2,23.8,25.2,24.5,23.9,23.4,94,91,92,57,4.8,1.2,N,PA,TOME ACU,A213,-2.59249999,-48.36055555,42.95
1270,2019-07-31,16:00,0.0,1006.6,1007.6,1006.6,3138,31.0,22.1,31.0,30.0,23.1,21.9,66,59,59,80,4.0,1.6,N,PA,TOME ACU,A213,-2.59249999,-48.36055555,42.95
1271,2019-07-31,20:00,0.0,1004.8,1004.9,1004.7,1178,31.3,22.2,31.7,30.7,22.4,20.7,59,52,59,140,5.3,0.8,N,PA,TOME ACU,A213,-2.59249999,-48.36055555,42.95
1272,2019-08-01,00:00,0.0,1006.6,1006.6,1005.7,-9999,24.7,23.3,25.3,24.7,23.5,23.3,92,90,92,39,0.0,0.0,N,PA,TOME ACU,A213,-2.59249999,-48.36055555,42.95
1273,2019-08-01,04:00,0.0,1006.9,1007.5,1006.9,-9999,24.4,22.7,24.7,24.4,22.7,22.6,90,88,90,36,3.2,0.6,N,PA,TOME ACU,A213,-2.59249999,-48.36055555,42.95
1274,2019-08-01,08:00,0.0,1005.5,1005.6,1005.4,-9999,23.0,22.2,23.4,23.0,22.4,22.1,95,94,95,6,0.0,0.0,N,PA,TOME ACU,A213,-2.59249999,-48.36055555,42.95
1275,2019-08-01,12:00,0.0,1007.1,1007.1,1006.6,837,25.1,22.9,25.1,23.8,23.3,22.5,96,86,88,57,4.9,2.4,N,PA,TOME ACU,A213,-2.59249999,-48.36055555,42.95
1276,2019-08-01,16:00,0.0,1005.8,1006.7,1005.8,2827,30.6,23.3,30.7,29.2,23.4,22.5,71,62,65,82,4.1,1.7,N,PA,TOME ACU,A213,-2.59249999,-48.36055555,42.95
1277,2019-08-01,20:00,0.0,1004.0,1004.1,1003.9,1156,31.8,21.7,32.0,31.7,22.4,21.2,58,53,55,64,3.6,0.9,N,PA,TOME ACU,A213,-2.59249999,-48.36055555,42.95
1278,2019-08-02,00:00,0.0,1006.2,1006.2,1005.6,-9999,25.5,24.0,26.1,25.5,24.4,24.0,92,90,92,157,0.0,0.0,N,PA,TOME ACU,A213,-2.59249999,-48.36055555,42.95
1279,2019-08-02,04:00,0.0,1007.5,1007.9,1007.3,-9999,24.2,22.8,24.8,24.2,23.4,22.7,92,91,92,31,4.2,0.0,N,PA,TOME ACU,A213,-2.59249999,-48.36055555,42.95
1280,2019-08-02,08:00,0.0,1005.8,1006.0,1005.7,-9999,23.3,22.4,23.6,23.3,22.7,22.4,95,94,95,342,0.0,0.0,N,PA,TOME ACU,A213,-2.59249999,-48.36055555,42.95
1281,2019-08-02,12:00,0.0,1007.6,1007.6,1007.2,1172,26.2,23.2,26.4,24.7,23.6,22.9,91,82,83,55,4.7,1.8,N,PA,TOME ACU,A213,-2.59249999,-48.36055555,42.95
1282,2019-08-02,16:00,0.0,1006.5,1007.5,1006.5,2159,30.2,23.2,30.5,29.3,24.5,22.6,74,63,66,74,4.5,1.4,N,PA,TOME ACU,A213,-2.59249999,-48.36055555,42.95
1283,2019-08-02,20:00,0.0,1004.2,1004.5,1004.2,1138,32.0,22.9,32.3,32.0,23.3,22.2,59,56,59,98,3.6,0.7,N,PA,TOME ACU,A213,-2.59249999,-48.36055555,42.95
1284,2019-08-03,00:00,0.0,1007.0,1007.0,1005.6,-9999,26.6,24.9,26.7,26.6,25.1,24.9,91,90,90,191,0.0,0.0,N,PA,TOME ACU,A213,-2.59249999,-48.36055555,42.95
1285,2019-08-03,04:00,0.0,1008.1,1008.4,1008.1,-9999,25.1,23.3,25.4,25.1,23.5,23.2,90,88,90,33,1.9,0.0,N,PA,TOME ACU,A213,-2.59249999,-48.36055555,42.95
1286,2019-08-03,08:00,0.0,1006.9,1007.2,1006.9,-9999,22.9,21.9,23.4,22.9,22.3,21.9,94,94,94,299,0.5,0.0,N,PA,TOME ACU,A213,-2.59249999,-48.36055555,42.95
1287,2019-08-03,12:00,0.0,1008.5,1008.5,1008.3,1032,26.2,23.6,26.2,24.7,23.7,22.9,90,83,85,67,6.7,3.1,N,PA,TOME ACU,A213,-2.59249999,-48.36055555,42.95
1288,2019-08-03,16:00,0.0,1007.5,1008.3,1007.5,2818,31.1,23.5,31.2,30.2,23.8,22.7,68,60,64,77,5.3,2.2,N,PA,TOME ACU,A213,-2.59249999,-48.36055555,42.95
1289,2019-08-03,20:00,0.0,1005.3,1005.4,1005.2,1106,32.3,21.6,32.8,32.3,22.2,21.1,55,51,53,121,4.2,0.7,N,PA,TOME ACU,A213,-2.59249999,-48.36055555,42.95
1290,2019-08-04,00:00,0.0,1007.1,1007.1,1006.2,-9999,25.6,24.1,26.1,25.6,24.2,24.0,91,89,91,174,0.0,0.0,N,PA,TOME ACU,A213,-2.59249999,-48.36055555,42.95
1291,2019-08-04,04:00,0.0,1008.0,1008.5,1008.0,-9999,25.5,23.7,25.7,25.5,23.7,23.6,90,89,90,35,3.8,0.6,N,PA,TOME ACU,A213,-2.59249999,-48.36055555,42.95
1292,2019-08-04,08:00,0.0,1007.0,1007.0,1006.9,-9999,24.7,23.6,24.9,24.7,23.7,23.6,93,93,93,50,0.0,0.0,N,PA,TOME ACU,A213,-2.59249999,-48.36055555,42.95
1293,2019-08-04,12:00,0.0,1009.1,1009.1,1008.5,1124,27.6,23.7,27.6,26.1,24.2,23.6,87,80,80,51,4.8,2.2,N,PA,TOME ACU,A213,-2.59249999,-48.36055555,42.95
1294,2019-08-04,16:00,0.0,1007.9,1008.7,1007.9,2623,31.6,23.8,31.9,31.0,23.9,22.9,65,60,63,73,5.6,1.6,N,PA,TOME ACU,A213,-2.59249999,-48.36055555,42.95
1295,2019-08-04,20:00,0.0,1005.7,1005.7,1005.0,1085,32.2,23.0,32.4,31.9,23.0,20.6,58,51,58,59,2.9,0.8,N,PA,TOME ACU,A213,-2.59249999,-48.36055555,42.95
1296,2019-08-05,00:00,0.0,1009.4,1009.4,1008.5,-9999,25.5,22.5,26.5,25.5,22.9,22.4,84,80,83,28,3.3,0.4,N,PA,TOME ACU,A213,-2.59249999,-48.36055555,42.95
1297,2019-08-05,04:00,0.0,1009.4,1010.2,1009.4,-9999,23.4,21.9,23.9,23.4,22.1,21.9,91,89,91,282,1.3,0.0,N,PA,TOME ACU,A213,-2.59249999,-48.36055555,42.95
1298,2019-08-05,08:00,0.0,1008.5,1008.6,1008.5,-9999,22.2,21.3,22.6,22.2,21.7,21.3,94,94,94,191,0.0,0.0,N,PA,TOME ACU,A213,-2.59249999,-48.36055555,42.95
1299,2019-08-05,12:00,0.0,1010.2,1010.2,1009.8,832,25.6,23.2,25.7,24.1,23.4,22.4,92,85,86,64,4.1,1.9,N,PA,TOME ACU,A213,-2.59249999,-48.36055555,42.95
1300,2019-08-05,16:00,0.0,1008.9,1010.0,1008.9,2614,30.6,22.6,30.6,29.4,23.6,22.1,70,61,62,58,4.5,1.3,N,PA,TOME ACU,A213,-2.59249999,-48.36055555,42.95
1301,2019-08-05,20:00,1.4,1007.8,1008.2,1006.7,507,24.1,22.4,28.3,24.1,24.5,22.0,90,69,90,161,11.8,2.6,N,PA,TOME ACU,A213,-2.59249999,-48.36055555,42.95
1302,2019-08-06,00:00,0.0,1010.5,1010.6,1009.5,-9999,23.9,22.7,24.0,23.9,22.8,22.6,93,93,93,32,0.0,0.0,N,PA,TOME ACU,A213,-2.59249999,-48.36055555,42.95
1303,2019-08-06,04:00,0.0,1010.6,1011.2,1010.6,-9999,23.4,22.5,23.5,23.4,22.6,22.5,95,94,95,303,0.0,0.0,N,PA,TOME ACU,A213,-2.59249999,-48.36055555,42.95
1304,2019-08-06,08:00,0.0,1009.7,1009.7,1009.1,-9999,22.1,21.4,22.2,22.0,21.4,21.3,96,96,96,97,0.0,0.0,N,PA,TOME ACU,A213,-2.59249999,-48.36055555,42.95
1305,2019-08-06,12:00,0.0,1011.2,1011.3,1011.0,1292,25.4,22.8,25.5,23.7,23.1,22.5,95,85,86,83,3.5,0.2,N,PA,TOME ACU,A213,-2.59249999,-48.36055555,42.95
1306,2019-08-06,16:00,0.0,1009.7,1010.6,1009.7,3117,30.8,22.4,31.1,29.3,23.3,21.9,68,59,61,127,5.7,1.9,N,PA,TOME ACU,A213,-2.59249999,-48.36055555,42.95
1307,2019-08-06,20:00,0.0,1007.5,1007.5,1007.3,1188,30.3,22.3,30.4,29.2,23.1,21.9,69,61,62,121,4.0,1.4,N,PA,TOME ACU,A213,-2.59249999,-48.36055555,42.95
1308,2019-08-07,00:00,0.0,1009.5,1009.5,1008.9,-9999,25.0,23.7,25.4,25.0,24.0,23.7,92,91,92,127,0.0,0.0,N,PA,TOME ACU,A213,-2.59249999,-48.36055555,42.95
1309,2019-08-07,04:00,0.0,1010.3,1010.8,1010.3,-9999,23.9,22.9,24.1,23.9,23.0,22.8,94,93,94,336,0.9,0.0,N,PA,TOME ACU,A213,-2.59249999,-48.36055555,42.95
1310,2019-08-07,08:00,0.0,1010.0,1010.0,1009.8,-9999,23.4,22.5,23.4,23.3,22.5,22.4,95,95,95,31,0.0,0.0,N,PA,TOME ACU,A213,-2.59249999,-48.36055555,42.95
1311,2019-08-07,12:00,0.0,1011.9,1012.0,1011.8,871,26.0,23.1,26.0,24.3,23.4,22.7,92,84,84,66,3.8,0.0,N,PA,TOME ACU,A213,-2.59249999,-48.36055555,42.95
1312,2019-08-07,16:00,0.0,1010.1,1010.8,1010.1,1364,30.2,22.1,30.4,30.0,22.2,20.9,63,58,62,119,3.6,1.2,N,PA,TOME ACU,A213,-2.59249999,-48.36055555,42.95
1313,2019-08-07,20:00,0.0,1008.6,1008.7,1008.5,345,27.3,25.0,27.3,26.7,25.5,24.5,91,86,87,111,3.1,0.0,N,PA,TOME ACU,A213,-2.59249999,-48.36055555,42.95
1314,2019-08-08,00:00,0.0,1010.2,1010.2,1009.6,-9999,23.4,22.4,23.4,23.1,22.4,22.0,94,94,94,29,0.0,0.0,N,PA,TOME ACU,A213,-2.59249999,-48.36055555,42.95
1315,2019-08-08,04:00,0.0,1010.2,1010.6,1010.2,-9999,22.8,21.8,23.3,22.8,22.3,21.8,95,94,95,14,0.0,0.0,N,PA,TOME ACU,A213,-2.59249999,-48.36055555,42.95
1316,2019-08-08,08:00,0.0,1009.1,1009.1,1009.0,-9999,22.5,21.7,22.5,22.4,21.7,21.5,95,95,95,148,0.0,0.0,N,PA,TOME ACU,A213,-2.59249999,-48.36055555,42.95
1317,2019-08-08,12:00,0.0,1011.4,1011.4,1010.8,1009,25.7,22.8,25.7,23.9,23.0,22.2,92,84,84,113,1.2,0.1,N,PA,TOME ACU,A213,-2.59249999,-48.36055555,42.95
1318,2019-08-08,16:00,0.0,1009.9,1010.7,1009.8,2473,30.3,20.2,30.3,29.2,22.2,20.2,66,55,55,134,4.5,1.5,N,PA,TOME ACU,A213,-2.59249999,-48.36055555,42.95
1319,2019-08-08,20:00,0.0,1007.8,1007.9,1007.8,920,31.3,20.6,31.9,30.8,21.6,20.1,57,51,53,144,2.8,0.0,N,PA,TOME ACU,A213,-2.59249999,-48.36055555,42.95
1320,2019-08-09,00:00,0.0,1009.7,1009.7,1009.2,-9999,24.5,22.9,25.3,24.5,23.6,22.8,91,89,91,290,0.0,0.0,N,PA,TOME ACU,A213,-2.59249999,-48.36055555,42.95
1321,2019-08-09,04:00,0.0,1009.8,1010.4,1009.8,-9999,24.7,22.7,24.8,24.6,23.5,22.6,92,88,89,38,2.2,0.0,N,PA,TOME ACU,A213,-2.59249999,-48.36055555,42.95
1322,2019-08-09,08:00,0.0,1008.5,1008.6,1008.4,-9999,23.1,22.2,23.7,23.1,22.7,22.1,95,94,95,320,0.0,0.0,N,PA,TOME ACU,A213,-2.59249999,-48.36055555,42.95
1323,2019-08-09,12:00,0.0,1009.7,1009.8,1009.6,1113,27.0,22.3,27.1,25.2,23.5,21.6,90,72,75,14,1.3,0.1,N,PA,TOME ACU,A213,-2.59249999,-48.36055555,42.95
1324,2019-08-09,16:00,0.0,1008.1,1008.7,1008.1,2249,31.9,21.1,32.1,29.9,22.2,20.4,62,50,53,126,7.8,2.7,N,PA,TOME ACU,A213,-2.59249999,-48.36055555,42.95
1325,2019-08-09,20:00,0.0,1006.4,1006.4,1006.3,1154,32.8,19.5,33.0,32.5,20.5,19.0,48,44,46,117,4.7,1.1,N,PA,TOME ACU,A213,-2.59249999,-48.36055555,42.95
1326,2019-08-10,00:00,0.0,1009.2,1009.2,1008.3,-9999,24.9,23.1,25.6,24.9,23.3,23.1,90,87,90,46,0.0,0.0,N,PA,TOME ACU,A213,-2.59249999,-48.36055555,42.95
1327,2019-08-10,04:00,0.0,1009.5,1009.9,1009.5,-9999,23.0,21.8,23.5,23.0,22.2,21.8,94,93,93,18,1.1,0.0,N,PA,TOME ACU,A213,-2.59249999,-48.36055555,42.95
1328,2019-08-10,08:00,0.0,1008.4,1008.4,1008.1,-9999,21.7,20.9,22.3,21.7,21.3,20.9,95,94,95,248,0.0,0.0,N,PA,TOME ACU,A213,-2.59249999,-48.36055555,42.95
1329,2019-08-10,12:00,0.0,1010.0,1010.1,1009.7,1301,26.1,22.8,26.1,24.1,23.2,22.5,91,82,82,62,3.1,1.5,N,PA,TOME ACU,A213,-2.59249999,-48.36055555,42.95
1330,2019-08-10,16:00,0.0,1009.0,1009.7,1009.0,3128,31.5,21.3,32.0,30.5,22.1,21.0,60,53,55,101,7.9,2.9,N,PA,TOME ACU,A213,-2.59249999,-48.36055555,42.95
1331,2019-08-10,20:00,0.0,1007.3,1007.3,1007.2,1180,32.2,20.4,32.7,32.2,20.6,19.7,50,47,50,79,5.6,1.5,N,PA,TOME ACU,A213,-2.59249999,-48.36055555,42.95
1332,2019-08-11,00:00,0.0,1009.0,1009.0,1008.4,-9999,24.1,22.1,25.1,24.1,22.5,21.9,89,85,89,6,0.0,0.0,N,PA,TOME ACU,A213,-2.59249999,-48.36055555,42.95
1333,2019-08-11,04:00,0.0,1009.1,1009.6,1009.1,-9999,22.0,20.9,22.5,22.0,21.3,20.9,94,93,94,44,0.0,0.0,N,PA,TOME ACU,A213,-2.59249999,-48.36055555,42.95
1334,2019-08-11,08:00,0.0,1008.3,1008.3,1008.1,-9999,20.5,19.7,20.8,20.5,19.9,19.7,95,95,95,154,1.2,0.0,N,PA,TOME ACU,A213,-2.59249999,-48.36055555,42.95
1335,2019-08-11,12:00,0.0,1010.7,1010.7,1010.0,647,24.6,22.9,24.6,23.1,23.1,22.4,96,90,91,56,3.9,0.3,N,PA,TOME ACU,A213,-2.59249999,-48.36055555,42.95
1336,2019-08-11,16:00,0.0,1009.2,1009.7,1009.2,2884,30.1,21.6,30.6,29.5,23.0,21.6,66,59,60,103,6.9,3.0,N,PA,TOME ACU,A213,-2.59249999,-48.36055555,42.95
1337,2019-08-11,20:00,0.0,1006.4,1006.6,1006.4,1134,32.2,20.8,32.4,31.8,21.1,19.9,52,48,51,104,4.6,0.8,N,PA,TOME ACU,A213,-2.59249999,-48.36055555,42.95
1338,2019-08-12,00:00,0.0,1008.1,1008.1,1007.6,-9999,24.7,22.9,25.3,24.7,23.2,22.9,90,88,90,105,0.0,0.0,N,PA,TOME ACU,A213,-2.59249999,-48.36055555,42.95
1339,2019-08-12,04:00,0.0,1008.3,1008.8,1008.3,-9999,23.1,22.0,23.6,23.1,22.5,22.0,94,93,93,151,1.0,0.0,N,PA,TOME ACU,A213,-2.59249999,-48.36055555,42.95
1340,2019-08-12,08:00,0.0,1006.6,1006.7,1006.6,-9999,22.4,21.6,22.7,22.4,21.9,21.6,95,95,95,311,0.0,0.0,N,PA,TOME ACU,A213,-2.59249999,-48.36055555,42.95
1341,2019-08-12,12:00,0.0,1008.3,1008.3,1007.9,1222,26.5,22.0,26.5,25.0,23.3,22.0,88,76,76,58,4.8,1.4,N,PA,TOME ACU,A213,-2.59249999,-48.36055555,42.95
1342,2019-08-12,16:00,0.0,1006.5,1007.3,1006.5,3266,32.3,21.7,32.6,31.2,22.5,21.4,59,52,54,91,4.2,1.6,N,PA,TOME ACU,A213,-2.59249999,-48.36055555,42.95
1343,2019-08-12,20:00,0.0,1004.5,1004.5,1004.4,892,31.8,21.7,32.3,31.5,22.5,20.8,59,50,55,111,4.5,0.3,N,PA,TOME ACU,A213,-2.59249999,-48.36055555,42.95
1344,2019-08-13,00:00,0.0,1007.2,1007.2,1006.4,-9999,25.2,23.6,25.5,25.2,23.7,23.4,91,89,91,81,0.0,0.0,N,PA,TOME ACU,A213,-2.59249999,-48.36055555,42.95
1345,2019-08-13,04:00,0.0,1007.3,1007.8,1007.3,-9999,23.6,22.1,23.9,23.5,22.3,22.1,92,91,91,10,1.0,0.0,N,PA,TOME ACU,A213,-2.59249999,-48.36055555,42.95
1346,2019-08-13,08:00,0.0,1005.9,1005.9,1005.6,-9999,22.1,21.2,22.7,22.1,21.6,21.2,95,94,95,187,0.0,0.0,N,PA,TOME ACU,A213,-2.59249999,-48.36055555,42.95
1347,2019-08-13,12:00,0.0,1008.2,1008.2,1007.5,1300,26.6,22.9,26.6,24.6,23.2,22.4,89,79,80,62,5.4,2.5,N,PA,TOME ACU,A213,-2.59249999,-48.36055555,42.95
1348,2019-08-13,16:00,0.0,1007.1,1007.8,1007.0,2595,30.4,22.1,30.7,29.1,23.4,22.1,72,61,61,82,6.2,2.8,N,PA,TOME ACU,A213,-2.59249999,-48.36055555,42.95
1349,2019-08-13,20:00,0.0,1004.5,1004.6,1004.5,1158,32.4,21.0,32.7,32.3,21.6,20.6,54,49,51,93,5.7,1.2,N,PA,TOME ACU,A213,-2.59249999,-48.36055555,42.95
1350,2019-08-14,00:00,0.0,1006.9,1006.9,1005.9,-9999,25.1,23.5,26.0,25.1,23.9,23.5,91,88,91,295,0.0,0.0,N,PA,TOME ACU,A213,-2.59249999,-48.36055555,42.95
1351,2019-08-14,04:00,0.0,1007.7,1008.0,1007.7,-9999,24.3,22.9,24.4,24.2,22.9,22.8,92,90,92,334,0.0,0.0,N,PA,TOME ACU,A213,-2.59249999,-48.36055555,42.95
1352,2019-08-14,08:00,0.0,1006.9,1006.9,1006.7,-9999,23.7,22.6,23.9,23.7,22.8,22.6,94,93,94,51,1.9,0.0,N,PA,TOME ACU,A213,-2.59249999,-48.36055555,42.95
1353,2019-08-14,12:00,0.0,1008.9,1009.0,1008.5,777,26.0,23.2,26.0,24.8,23.8,23.0,92,84,84,61,6.0,3.0,N,PA,TOME ACU,A213,-2.59249999,-48.36055555,42.95
1354,2019-08-14,16:00,0.0,1007.7,1008.6,1007.7,2483,31.3,22.2,31.4,29.2,23.2,22.0,70,57,59,93,4.7,2.1,N,PA,TOME ACU,A213,-2.59249999,-48.36055555,42.95
1355,2019-08-14,20:00,0.0,1004.9,1004.9,1004.7,961,32.1,22.1,33.2,32.1,22.4,21.0,56,49,56,83,5.1,0.3,N,PA,TOME ACU,A213,-2.59249999,-48.36055555,42.95
1356,2019-08-15,00:00,0.0,1008.2,1008.2,1007.1,-9999,26.1,22.8,26.6,26.1,23.4,22.6,85,80,82,30,5.6,1.5,N,PA,TOME ACU,A213,-2.59249999,-48.36055555,42.95
1357,2019-08-15,04:00,0.0,1008.9,1009.5,1008.9,-9999,23.7,22.5,24.3,23.7,22.9,22.5,93,92,93,298,0.0,0.0,N,PA,TOME ACU,A213,-2.59249999,-48.36055555,42.95
1358,2019-08-15,08:00,0.0,1007.8,1007.8,1007.5,-9999,22.2,21.4,22.8,22.2,21.8,21.4,95,94,95,359,0.0,0.0,N,PA,TOME ACU,A213,-2.59249999,-48.36055555,42.95
1359,2019-08-15,12:00,0.0,1009.9,1009.9,1009.4,772,25.1,23.0,25.1,23.8,23.3,22.9,95,88,88,64,4.7,2.5,N,PA,TOME ACU,A213,-2.59249999,-48.36055555,42.95
1360,2019-08-15,16:00,0.0,1008.0,1009.2,1008.0,2870,31.4,22.6,31.5,30.0,23.6,22.2,69,58,60,75,5.4,2.7,N,PA,TOME ACU,A213,-2.59249999,-48.36055555,42.95
1361,2019-08-15,20:00,0.0,1005.0,1005.3,1004.9,819,32.1,22.5,32.1,30.9,23.7,22.5,65,57,57,90,2.3,0.3,N,PA,TOME ACU,A213,-2.59249999,-48.36055555,42.95
1362,2019-08-16,00:00,0.0,1008.0,1008.0,1007.1,-9999,26.0,21.9,27.0,26.0,22.0,21.7,79,74,79,51,3.6,0.6,N,PA,TOME ACU,A213,-2.59249999,-48.36055555,42.95
1363,2019-08-16,04:00,0.0,1008.2,1008.6,1008.2,-9999,23.7,21.9,24.1,23.7,22.2,21.9,90,89,90,358,2.3,0.0,N,PA,TOME ACU,A213,-2.59249999,-48.36055555,42.95
1364,2019-08-16,08:00,0.0,1007.5,1007.6,1007.3,-9999,22.7,21.7,22.8,22.7,21.8,21.7,94,94,94,71,0.0,0.0,N,PA,TOME ACU,A213,-2.59249999,-48.36055555,42.95
1365,2019-08-16,12:00,0.0,1009.8,1009.8,1009.2,1286,27.0,22.7,27.0,24.8,23.0,22.6,89,77,77,79,6.6,1.4,N,PA,TOME ACU,A213,-2.59249999,-48.36055555,42.95
1366,2019-08-16,16:00,0.0,1007.8,1008.7,1007.8,2983,31.7,19.8,32.3,30.5,21.3,19.4,58,47,49,110,10.3,4.1,N,PA,TOME ACU,A213,-2.59249999,-48.36055555,42.95
1367,2019-08-16,20:00,0.0,1005.4,1005.4,1005.3,1104,32.8,19.7,33.4,32.7,19.9,18.9,46,42,46,93,6.3,1.6,N,PA,TOME ACU,A213,-2.59249999,-48.36055555,42.95
1368,2019-08-17,00:00,0.0,1007.9,1007.9,1007.2,-9999,24.9,22.9,25.6,24.8,23.1,22.7,89,84,89,360,0.0,0.0,N,PA,TOME ACU,A213,-2.59249999,-48.36055555,42.95
1369,2019-08-17,04:00,0.0,1008.6,1008.9,1008.6,-9999,22.2,20.7,22.6,22.2,21.2,20.7,93,91,91,4,1.7,0.0,N,PA,TOME ACU,A213,-2.59249999,-48.36055555,42.95
1370,2019-08-17,08:00,0.0,1007.6,1007.6,1007.4,-9999,21.6,20.8,22.0,21.6,21.1,20.8,95,95,95,273,0.0,0.0,N,PA,TOME ACU,A213,-2.59249999,-48.36055555,42.95
1371,2019-08-17,12:00,0.0,1009.5,1009.5,1009.4,1107,25.3,22.5,25.3,23.3,23.2,22.4,96,85,85,58,3.9,2.4,N,PA,TOME ACU,A213,-2.59249999,-48.36055555,42.95
1372,2019-08-17,16:00,0.0,1007.5,1008.3,1007.5,2024,31.8,20.9,32.1,30.9,21.4,20.0,55,49,53,70,5.2,1.0,N,PA,TOME ACU,A213,-2.59249999,-48.36055555,42.95
1373,2019-08-17,20:00,0.0,1005.2,1005.3,1005.2,1172,33.2,19.3,33.7,33.2,19.8,18.0,45,40,44,121,4.7,0.6,N,PA,TOME ACU,A213,-2.59249999,-48.36055555,42.95
1374,2019-08-18,00:00,0.0,1007.3,1007.3,1006.7,-9999,25.2,23.1,25.6,25.2,23.1,22.8,88,85,88,96,0.0,0.0,N,PA,TOME ACU,A213,-2.59249999,-48.36055555,42.95
1375,2019-08-18,04:00,0.0,1007.9,1008.4,1007.9,-9999,23.0,21.8,23.7,23.0,22.4,21.8,93,92,93,271,0.0,0.0,N,PA,TOME ACU,A213,-2.59249999,-48.36055555,42.95
1376,2019-08-18,08:00,0.0,1007.1,1007.2,1007.1,-9999,21.5,20.7,21.7,21.5,20.8,20.7,95,95,95,333,0.0,0.0,N,PA,TOME ACU,A213,-2.59249999,-48.36055555,42.95
1377,2019-08-18,12:00,0.0,1009.5,1009.5,1008.5,663,25.1,23.0,25.1,24.3,23.3,22.9,92,88,88,65,6.3,2.0,N,PA,TOME ACU,A213,-2.59249999,-48.36055555,42.95
1378,2019-08-18,16:00,0.0,1008.0,1009.1,1008.0,2874,31.4,21.1,31.6,29.5,22.6,20.6,66,53,54,61,5.0,1.6,N,PA,TOME ACU,A213,-2.59249999,-48.36055555,42.95
1379,2019-08-18,20:00,0.0,1006.1,1006.1,1005.7,1185,32.2,20.9,33.2,32.2,21.0,19.5,51,45,51,166,4.4,1.1,N,PA,TOME ACU,A213,-2.59249999,-48.36055555,42.95
1380,2019-08-19,00:00,0.0,1007.9,1007.9,1007.1,-9999,24.2,21.8,25.2,24.2,22.2,21.6,87,82,86,351,2.5,0.0,N,PA,TOME ACU,A213,-2.59249999,-48.36055555,42.95
1381,2019-08-19,04:00,0.0,1007.8,1008.4,1007.8,-9999,22.6,20.9,22.7,22.6,21.5,20.9,93,90,90,11,2.1,0.0,N,PA,TOME ACU,A213,-2.59249999,-48.36055555,42.95
1382,2019-08-19,08:00,0.0,1007.7,1007.7,1007.2,-9999,21.0,20.1,21.4,21.0,20.4,20.1,94,94,94,213,0.0,0.0,N,PA,TOME ACU,A213,-2.59249999,-48.36055555,42.95
1383,2019-08-19,12:00,0.0,1009.5,1009.5,1008.9,1314,26.6,22.2,26.6,23.8,22.5,21.7,89,76,77,51,3.7,2.1,N,PA,TOME ACU,A213,-2.59249999,-48.36055555,42.95
1384,2019-08-19,16:00,0.0,1007.5,1008.4,1007.5,3444,32.9,20.0,33.0,31.7,22.4,19.6,57,45,47,113,4.8,1.9,N,PA,TOME ACU,A213,-2.59249999,-48.36055555,42.95
1385,2019-08-19,20:00,0.0,1005.5,1005.5,1005.0,809,31.8,21.5,33.7,31.8,21.5,19.9,55,44,55,77,5.8,1.2,N,PA,TOME ACU,A213,-2.59249999,-48.36055555,42.95
1386,2019-08-20,00:00,0.0,1008.1,1008.1,1007.1,-9999,24.8,22.8,25.7,24.8,23.5,22.8,89,87,89,306,0.7,0.0,N,PA,TOME ACU,A213,-2.59249999,-48.36055555,42.95
1387,2019-08-20,04:00,0.0,1008.3,1009.0,1008.3,-9999,23.5,20.4,23.8,23.5,20.7,20.3,83,82,83,31,2.4,0.2,N,PA,TOME ACU,A213,-2.59249999,-48.36055555,42.95
1388,2019-08-20,08:00,0.0,1008.0,1008.0,1007.8,-9999,22.4,21.1,22.8,22.4,21.3,21.1,93,91,93,23,0.0,0.0,N,PA,TOME ACU,A213,-2.59249999,-48.36055555,42.95
1389,2019-08-20,12:00,0.0,1010.0,1010.0,1009.6,1280,27.1,22.9,27.1,24.7,23.0,22.2,87,77,77,50,5.2,2.3,N,PA,TOME ACU,A213,-2.59249999,-48.36055555,42.95
1390,2019-08-20,16:00,0.0,1008.5,1009.4,1008.4,2487,32.0,22.0,32.1,30.3,22.8,20.9,63,51,56,73,5.4,2.4,N,PA,TOME ACU,A213,-2.59249999,-48.36055555,42.95
1391,2019-08-20,20:00,0.0,1006.5,1006.6,1006.3,1072,33.0,21.1,33.6,32.8,21.5,20.6,51,48,50,73,4.2,1.5,N,PA,TOME ACU,A213,-2.59249999,-48.36055555,42.95
1392,2019-08-21,00:00,0.0,1008.8,1008.8,1008.0,-9999,25.3,23.4,25.9,25.2,23.5,23.1,89,86,89,351,0.0,0.0,N,PA,TOME ACU,A213,-2.59249999,-48.36055555,42.95
1393,2019-08-21,04:00,0.0,1009.2,1009.6,1009.2,-9999,24.6,22.6,24.9,24.6,22.6,22.6,89,87,89,31,2.9,0.6,N,PA,TOME ACU,A213,-2.59249999,-48.36055555,42.95
1394,2019-08-21,08:00,0.0,1008.7,1008.7,1008.3,-9999,23.2,22.2,23.5,23.2,22.4,22.2,94,93,94,47,0.0,0.0,N,PA,TOME ACU,A213,-2.59249999,-48.36055555,42.95
1395,2019-08-21,12:00,0.0,1010.8,1010.8,1010.3,1052,26.5,22.6,26.5,24.5,23.0,22.4,91,79,79,52,6.7,2.6,N,PA,TOME ACU,A213,-2.59249999,-48.36055555,42.95
1396,2019-08-21,16:00,0.0,1009.1,1010.1,1009.1,2195,31.1,22.3,31.5,30.2,22.8,21.6,64,58,59,39,4.9,1.5,N,PA,TOME ACU,A213,-2.59249999,-48.36055555,42.95
1397,2019-08-21,20:00,0.0,1006.5,1006.6,1006.5,1085,32.8,21.1,33.2,32.6,21.6,20.7,52,48,50,113,3.3,0.3,N,PA,TOME ACU,A213,-2.59249999,-48.36055555,42.95
1398,2019-08-22,00:00,11.6,1009.5,1009.7,1008.9,-9999,24.7,23.6,27.2,24.6,23.6,22.6,93,76,93,9,7.7,0.0,N,PA,TOME ACU,A213,-2.59249999,-48.36055555,42.95
1399,2019-08-22,04:00,0.0,1008.9,1009.5,1008.9,-9999,23.3,22.4,23.6,23.3,22.7,22.4,95,94,95,62,0.0,0.0,N,PA,TOME ACU,A213,-2.59249999,-48.36055555,42.95
1400,2019-08-22,08:00,0.0,1008.2,1008.2,1008.1,-9999,22.3,21.5,22.7,22.3,21.9,21.5,96,95,95,14,0.0,0.0,N,PA,TOME ACU,A213,-2.59249999,-48.36055555,42.95
1401,2019-08-22,12:00,0.0,1010.2,1010.2,1009.6,1277,26.4,22.6,26.5,24.3,23.4,22.6,91,80,80,41,3.9,1.6,N,PA,TOME ACU,A213,-2.59249999,-48.36055555,42.95
1402,2019-08-22,16:00,0.0,1008.3,1009.0,1008.3,2685,31.3,21.9,31.8,30.7,22.7,20.7,60,52,57,7,4.2,0.5,N,PA,TOME ACU,A213,-2.59249999,-48.36055555,42.95
1403,2019-08-22,20:00,1.4,1006.9,1006.9,1006.4,721,28.0,25.1,31.3,27.5,25.2,20.8,86,55,84,29,4.9,0.6,N,PA,TOME ACU,A213,-2.59249999,-48.36055555,42.95
1404,2019-08-23,00:00,0.0,1009.9,1009.9,1008.7,-9999,24.6,23.0,24.7,24.4,23.4,22.8,92,91,91,120,3.0,0.0,N,PA,TOME ACU,A213,-2.59249999,-48.36055555,42.95
1405,2019-08-23,04:00,0.0,1009.7,1010.1,1009.7,-9999,23.1,22.1,23.4,23.1,22.2,22.1,94,93,94,46,0.7,0.0,N,PA,TOME ACU,A213,-2.59249999,-48.36055555,42.95
1406,2019-08-23,08:00,0.0,1008.5,1008.7,1008.5,-9999,21.8,21.0,22.1,21.7,21.3,21.0,95,95,95,260,0.0,0.0,N,PA,TOME ACU,A213,-2.59249999,-48.36055555,42.95
1407,2019-08-23,12:00,0.0,1010.4,1010.4,1009.8,1332,26.4,22.9,26.4,24.8,23.3,22.5,89,80,81,44,3.9,1.9,N,PA,TOME ACU,A213,-2.59249999,-48.36055555,42.95
1408,2019-08-23,16:00,0.0,1009.1,1009.9,1009.1,2193,31.3,23.6,31.3,29.9,23.9,22.1,66,59,64,77,5.0,2.0,N,PA,TOME ACU,A213,-2.59249999,-48.36055555,42.95
1409,2019-08-23,20:00,0.0,1007.0,1007.2,1006.8,488,29.8,24.1,31.3,29.8,24.9,22.8,73,61,72,19,2.9,0.0,N,PA,TOME ACU,A213,-2.59249999,-48.36055555,42.95
1410,2019-08-24,00:00,0.0,1009.8,1009.8,1008.9,-9999,24.4,21.6,25.8,24.4,23.8,21.5,89,82,84,26,4.1,0.7,N,PA,TOME ACU,A213,-2.59249999,-48.36055555,42.95
1411,2019-08-24,04:00,0.0,1009.5,1010.2,1009.5,-9999,22.6,21.5,23.2,22.6,21.7,21.5,93,91,93,337,0.8,0.0,N,PA,TOME ACU,A213,-2.59249999,-48.36055555,42.95
1412,2019-08-24,08:00,0.0,1008.6,1008.7,1008.6,-9999,21.7,20.9,21.7,21.4,21.0,20.5,95,95,95,52,0.0,0.0,N,PA,TOME ACU,A213,-2.59249999,-48.36055555,42.95
1413,2019-08-24,12:00,0.0,1010.4,1010.5,1010.1,1323,26.2,23.1,26.2,23.5,23.1,21.8,91,82,83,46,3.6,1.4,N,PA,TOME ACU,A213,-2.59249999,-48.36055555,42.95
1414,2019-08-24,16:00,0.0,1008.4,1009.4,1008.4,3038,31.5,21.0,31.6,30.8,23.4,21.0,64,54,54,111,5.8,2.1,N,PA,TOME ACU,A213,-2.59249999,-48.36055555,42.95
1415,2019-08-24,20:00,0.0,1006.4,1006.5,1006.2,1095,32.2,21.1,33.0,32.2,21.5,20.7,53,48,52,113,4.6,1.2,N,PA,TOME ACU,A213,-2.59249999,-48.36055555,42.95
1416,2019-08-25,00:00,0.0,1008.9,1008.9,1007.9,-9999,24.8,23.2,25.6,24.7,23.6,23.1,91,89,91,274,0.0,0.0,N,PA,TOME ACU,A213,-2.59249999,-48.36055555,42.95
1417,2019-08-25,04:00,0.0,1009.3,1009.8,1009.3,-9999,23.6,22.4,24.4,23.6,22.6,22.4,93,89,93,8,0.9,0.0,N,PA,TOME ACU,A213,-2.59249999,-48.36055555,42.95
1418,2019-08-25,08:00,0.0,1008.4,1008.4,1007.9,-9999,23.1,22.2,23.3,23.1,22.3,22.1,95,94,94,47,0.5,0.0,N,PA,TOME ACU,A213,-2.59249999,-48.36055555,42.95
1419,2019-08-25,12:00,0.0,1010.3,1010.3,1009.6,1111,26.1,22.4,26.2,24.3,23.1,22.2,91,79,80,57,6.4,3.1,N,PA,TOME ACU,A213,-2.59249999,-48.36055555,42.95
1420,2019-08-25,16:00,0.0,1008.1,1009.2,1008.1,2671,32.1,22.1,32.1,30.3,22.6,21.1,63,53,56,76,4.6,2.6,N,PA,TOME ACU,A213,-2.59249999,-48.36055555,42.95
1421,2019-08-25,20:00,0.0,1006.0,1006.0,1005.7,1102,31.8,22.4,31.9,29.7,22.7,21.5,62,55,58,164,2.1,0.3,N,PA,TOME ACU,A213,-2.59249999,-48.36055555,42.95
1422,2019-08-26,00:00,0.0,1008.7,1008.7,1007.7,-9999,23.8,22.7,24.0,23.8,22.8,22.4,93,91,93,219,2.2,0.1,N,PA,TOME ACU,A213,-2.59249999,-48.36055555,42.95
1423,2019-08-26,04:00,0.0,1007.7,1008.4,1007.7,-9999,23.1,22.2,23.4,23.1,22.5,22.2,95,94,95,36,0.0,0.0,N,PA,TOME ACU,A213,-2.59249999,-48.36055555,42.95
1424,2019-08-26,08:00,0.0,1007.5,1007.5,1007.0,-9999,21.6,20.9,21.9,21.5,21.1,20.8,96,95,96,330,0.0,0.0,N,PA,TOME ACU,A213,-2.59249999,-48.36055555,42.95
1425,2019-08-26,12:00,0.0,1010.2,1010.2,1009.5,502,24.4,23.2,24.5,23.2,23.4,22.4,95,92,93,84,3.5,1.2,N,PA,TOME ACU,A213,-2.59249999,-48.36055555,42.95
1426,2019-08-26,16:00,0.2,1008.5,1009.8,1008.5,2297,29.1,22.9,29.1,27.2,23.4,22.4,79,69,69,91,4.3,1.9,N,PA,TOME ACU,A213,-2.59249999,-48.36055555,42.95
1427,2019-08-26,20:00,0.0,1005.7,1005.9,1005.7,889,31.6,22.6,31.7,31.1,22.6,21.5,61,56,59,185,2.8,0.0,N,PA,TOME ACU,A213,-2.59249999,-48.36055555,42.95
1428,2019-08-27,00:00,0.2,1008.3,1008.5,1007.6,-9999,25.3,23.4,26.6,25.3,23.7,23.1,89,83,89,307,5.2,0.3,N,PA,TOME ACU,A213,-2.59249999,-48.36055555,42.95
1429,2019-08-27,04:00,0.0,1008.2,1008.6,1008.2,-9999,23.1,22.1,23.8,23.1,22.7,22.1,94,94,94,276,0.0,0.0,N,PA,TOME ACU,A213,-2.59249999,-48.36055555,42.95
1430,2019-08-27,08:00,0.0,1007.9,1007.9,1007.4,-9999,22.0,21.1,22.5,22.0,21.5,21.1,95,94,95,228,0.0,0.0,N,PA,TOME ACU,A213,-2.59249999,-48.36055555,42.95
1431,2019-08-27,12:00,0.0,1010.0,1010.0,1009.5,1262,26.0,22.8,26.2,24.3,23.3,22.5,90,82,82,63,7.0,2.5,N,PA,TOME ACU,A213,-2.59249999,-48.36055555,42.95
1432,2019-08-27,16:00,0.2,1008.4,1009.5,1008.4,2487,30.1,22.1,31.1,29.9,22.9,21.3,65,57,62,119,5.2,1.4,N,PA,TOME ACU,A213,-2.59249999,-48.36055555,42.95
1433,2019-08-27,20:00,0.0,1006.1,1006.4,1006.1,1013,32.0,21.4,32.4,31.5,22.1,21.0,56,52,54,154,2.8,0.2,N,PA,TOME ACU,A213,-2.59249999,-48.36055555,42.95
1434,2019-08-28,00:00,0.0,1008.4,1008.4,1007.7,-9999,25.2,23.7,25.7,25.2,23.8,23.6,91,89,91,57,0.0,0.0,N,PA,TOME ACU,A213,-2.59249999,-48.36055555,42.95
1435,2019-08-28,04:00,0.0,1008.0,1009.0,1008.0,-9999,24.1,22.5,24.5,24.1,22.9,22.5,91,91,91,23,1.8,0.0,N,PA,TOME ACU,A213,-2.59249999,-48.36055555,42.95
1436,2019-08-28,08:00,0.0,1007.4,1007.4,1007.1,-9999,22.3,21.4,22.9,22.3,21.9,21.4,95,94,95,148,0.0,0.0,N,PA,TOME ACU,A213,-2.59249999,-48.36055555,42.95
1437,2019-08-28,12:00,0.0,1010.0,1010.0,1009.4,423,24.6,22.7,24.7,23.9,23.0,22.7,94,89,89,63,5.1,2.4,N,PA,TOME ACU,A213,-2.59249999,-48.36055555,42.95
1438,2019-08-28,16:00,0.0,1008.4,1009.5,1008.4,2813,30.1,21.6,30.4,29.1,22.5,21.2,66,59,60,75,5.3,1.7,N,PA,TOME ACU,A213,-2.59249999,-48.36055555,42.95
1439,2019-08-28,20:00,0.0,1005.2,1005.6,1005.2,1009,32.3,21.2,32.8,32.2,21.5,20.8,53,50,52,56,3.0,0.8,N,PA,TOME ACU,A213,-2.59249999,-48.36055555,42.95
1440,2019-08-29,00:00,0.0,1007.5,1007.5,1006.6,-9999,25.2,23.6,25.9,25.2,24.0,23.4,91,89,91,232,0.0,0.0,N,PA,TOME ACU,A213,-2.59249999,-48.36055555,42.95
1441,2019-08-29,04:00,0.0,1007.7,1008.6,1007.7,-9999,24.8,23.5,25.1,24.7,23.7,23.5,93,91,93,6,1.8,0.0,N,PA,TOME ACU,A213,-2.59249999,-48.36055555,42.95
1442,2019-08-29,08:00,0.0,1006.5,1006.6,1006.4,-9999,23.8,22.8,24.0,23.7,23.0,22.7,94,94,94,22,1.6,0.1,N,PA,TOME ACU,A213,-2.59249999,-48.36055555,42.95
1443,2019-08-29,12:00,0.0,1009.0,1009.0,1008.3,806,25.8,22.8,25.8,25.1,23.4,22.7,90,83,83,73,5.8,2.5,N,PA,TOME ACU,A213,-2.59249999,-48.36055555,42.95
1444,2019-08-29,16:00,0.0,1007.3,1008.3,1007.3,2260,30.1,23.1,30.1,29.0,23.5,22.3,71,65,66,102,4.4,1.7,N,PA,TOME ACU,A213,-2.59249999,-48.36055555,42.95
1445,2019-08-29,20:00,0.0,1004.9,1004.9,1004.8,854,31.4,22.8,32.2,31.4,22.8,21.2,61,53,61,154,2.9,0.0,N,PA,TOME ACU,A213,-2.59249999,-48.36055555,42.95
1446,2019-08-30,00:00,0.0,1007.5,1007.5,1006.6,-9999,25.3,23.9,25.8,25.3,24.1,23.9,92,90,92,128,0.0,0.0,N,PA,TOME ACU,A213,-2.59249999,-48.36055555,42.95
1447,2019-08-30,04:00,0.0,1008.1,1008.5,1008.1,-9999,24.0,22.6,24.4,24.0,22.9,22.6,92,91,92,319,1.1,0.0,N,PA,TOME ACU,A213,-2.59249999,-48.36055555,42.95
1448,2019-08-30,08:00,0.0,1007.0,1007.0,1006.7,-9999,22.6,21.8,22.9,22.6,22.0,21.7,95,94,95,285,0.0,0.0,N,PA,TOME ACU,A213,-2.59249999,-48.36055555,42.95
1449,2019-08-30,12:00,0.0,1009.2,1009.2,1008.9,882,26.2,22.9,26.2,25.0,23.2,22.7,89,82,82,57,4.7,2.4,N,PA,TOME ACU,A213,-2.59249999,-48.36055555,42.95
1450,2019-08-30,16:00,0.0,1007.7,1008.8,1007.7,2831,30.9,21.9,31.2,29.7,22.9,21.3,67,58,59,118,6.0,2.0,N,PA,TOME ACU,A213,-2.59249999,-48.36055555,42.95
1451,2019-08-30,20:00,0.0,1005.1,1005.5,1005.1,988,30.8,21.4,32.4,30.7,22.2,21.0,59,53,57,119,6.6,1.3,N,PA,TOME ACU,A213,-2.59249999,-48.36055555,42.95
1452,2019-08-31,00:00,0.0,1007.3,1007.3,1006.4,-9999,24.9,23.3,25.5,24.9,23.5,23.3,91,88,91,351,0.0,0.0,N,PA,TOME ACU,A213,-2.59249999,-48.36055555,42.95
1453,2019-08-31,04:00,0.0,1007.7,1008.3,1007.7,-9999,24.2,22.7,24.4,24.1,22.8,22.6,92,90,92,41,2.5,0.4,N,PA,TOME ACU,A213,-2.59249999,-48.36055555,42.95
1454,2019-08-31,08:00,0.0,1006.7,1006.7,1006.5,-9999,22.6,21.6,23.2,22.6,21.9,21.5,94,93,94,339,2.0,0.0,N,PA,TOME ACU,A213,-2.59249999,-48.36055555,42.95
1455,2019-08-31,12:00,0.0,1009.0,1009.0,1008.4,1264,26.7,22.3,26.8,24.6,22.8,22.1,87,76,77,62,8.4,2.7,N,PA,TOME ACU,A213,-2.59249999,-48.36055555,42.95
1456,2019-08-31,16:00,0.0,1007.2,1008.3,1007.2,2946,32.5,21.6,32.5,31.0,22.3,21.3,60,53,53,107,5.2,2.4,N,PA,TOME ACU,A213,-2.59249999,-48.36055555,42.95
1457,2019-08-31,20:00,0.0,1004.6,1004.6,1004.4,1046,32.8,22.0,33.9,32.8,22.0,19.8,53,44,53,75,4.5,1.8,N,PA,TOME ACU,A213,-2.59249999,-48.36055555,42.95
1458,2019-09-01,00:00,0.0,1006.6,1006.6,1006.0,-9999,26.4,23.8,26.6,26.4,24.4,23.8,88,86,86,44,2.3,0.0,N,PA,TOME ACU,A213,-2.59249999,-48.36055555,42.95
1459,2019-09-01,04:00,0.0,1006.8,1007.4,1006.8,-9999,24.9,22.8,25.4,24.9,23.1,22.8,88,87,88,15,2.9,0.0,N,PA,TOME ACU,A213,-2.59249999,-48.36055555,42.95
1460,2019-09-01,08:00,0.0,1005.8,1005.9,1005.7,-9999,23.0,22.0,23.3,23.0,22.3,22.0,94,93,94,59,0.0,0.0,N,PA,TOME ACU,A213,-2.59249999,-48.36055555,42.95
1461,2019-09-01,12:00,0.0,1008.1,1008.1,1007.7,1289,27.1,22.3,27.1,25.0,23.1,22.2,87,75,75,42,5.6,3.0,N,PA,TOME ACU,A213,-2.59249999,-48.36055555,42.95
1462,2019-09-01,16:00,0.0,1005.9,1007.1,1005.9,2863,32.9,21.6,33.0,31.3,22.5,21.4,60,52,52,70,4.7,1.8,N,PA,TOME ACU,A213,-2.59249999,-48.36055555,42.95
1463,2019-09-01,20:00,0.0,1003.5,1003.7,1003.4,969,32.8,22.9,34.3,32.8,22.9,20.4,56,45,56,26,4.7,1.8,N,PA,TOME ACU,A213,-2.59249999,-48.36055555,42.95
1464,2019-09-02,00:00,0.0,1005.5,1005.5,1004.8,-9999,25.4,23.1,25.5,25.3,23.1,22.7,87,84,87,86,0.0,0.0,N,PA,TOME ACU,A213,-2.59249999,-48.36055555,42.95
1465,2019-09-02,04:00,0.0,1006.1,1006.6,1006.1,-9999,24.1,22.4,24.4,24.1,22.6,22.4,91,90,91,22,2.1,0.0,N,PA,TOME ACU,A213,-2.59249999,-48.36055555,42.95
1466,2019-09-02,08:00,0.0,1005.6,1005.7,1005.5,-9999,23.0,22.0,23.1,22.8,22.1,21.8,94,94,94,26,0.6,0.0,N,PA,TOME ACU,A213,-2.59249999,-48.36055555,42.95
1467,2019-09-02,12:00,0.0,1008.0,1008.0,1007.5,604,25.4,23.0,25.4,24.3,23.3,22.9,93,87,87,32,4.3,1.9,N,PA,TOME ACU,A213,-2.59249999,-48.36055555,42.95
1468,2019-09-02,16:00,0.0,1005.8,1006.8,1005.8,2498,30.5,22.4,31.3,30.5,23.0,22.0,64,58,62,85,4.1,1.4,N,PA,TOME ACU,A213,-2.59249999,-48.36055555,42.95
1469,2019-09-02,20:00,0.0,1003.1,1003.5,1003.0,1108,33.2,21.8,33.7,33.1,22.5,21.5,53,50,51,29,3.5,0.0,N,PA,TOME ACU,A213,-2.59249999,-48.36055555,42.95
1470,2019-09-03,00:00,0.0,1005.1,1005.1,1004.5,-9999,25.3,23.8,26.1,25.3,24.3,23.8,91,89,91,260,0.0,0.0,N,PA,TOME ACU,A213,-2.59249999,-48.36055555,42.95
1471,2019-09-03,04:00,0.0,1005.4,1006.2,1005.4,-9999,24.1,22.6,24.5,24.1,22.7,22.5,91,89,91,354,1.5,0.0,N,PA,TOME ACU,A213,-2.59249999,-48.36055555,42.95
1472,2019-09-03,08:00,0.0,1005.1,1005.1,1004.7,-9999,23.0,22.0,23.4,23.0,22.2,22.0,94,93,94,340,0.0,0.0,N,PA,TOME ACU,A213,-2.59249999,-48.36055555,42.95
1473,2019-09-03,12:00,0.0,1007.8,1007.8,1007.1,794,26.4,23.1,26.4,25.1,23.6,23.0,90,83,83,53,5.6,2.3,N,PA,TOME ACU,A213,-2.59249999,-48.36055555,42.95
1474,2019-09-03,16:00,0.0,1006.3,1007.3,1006.3,2219,31.6,22.9,31.8,30.3,23.4,22.3,65,59,60,78,4.6,1.8,N,PA,TOME ACU,A213,-2.59249999,-48.36055555,42.95
1475,2019-09-03,20:00,0.0,1004.1,1004.1,1003.9,1095,32.9,21.7,33.7,32.9,21.9,20.9,52,47,52,107,4.7,1.9,N,PA,TOME ACU,A213,-2.59249999,-48.36055555,42.95
1476,2019-09-04,00:00,0.0,1006.1,1006.2,1005.1,-9999,27.5,22.5,27.5,26.4,24.6,22.5,89,74,74,58,5.1,2.5,N,PA,TOME ACU,A213,-2.59249999,-48.36055555,42.95
1477,2019-09-04,04:00,0.0,1006.5,1007.0,1006.5,-9999,25.1,22.4,25.9,25.1,22.6,22.4,85,82,85,49,3.7,1.5,N,PA,TOME ACU,A213,-2.59249999,-48.36055555,42.95
1478,2019-09-04,08:00,0.0,1006.7,1006.7,1006.4,-9999,23.3,21.8,23.7,23.3,22.0,21.8,92,90,91,100,0.0,0.0,N,PA,TOME ACU,A213,-2.59249999,-48.36055555,42.95
1479,2019-09-04,12:00,0.0,1009.4,1009.5,1008.4,1289,27.5,22.2,27.6,25.5,22.5,21.9,82,72,73,58,10.2,3.4,N,PA,TOME ACU,A213,-2.59249999,-48.36055555,42.95
1480,2019-09-04,16:00,0.0,1007.8,1008.5,1007.8,1558,32.0,22.0,32.8,31.6,22.4,21.6,59,52,56,101,6.0,1.5,N,PA,TOME ACU,A213,-2.59249999,-48.36055555,42.95
1481,2019-09-04,20:00,0.0,1005.7,1005.8,1005.6,692,32.5,22.0,33.3,32.5,22.3,21.5,55,50,54,51,5.1,1.8,N,PA,TOME ACU,A213,-2.59249999,-48.36055555,42.95
1482,2019-09-05,00:00,0.0,1007.9,1007.9,1007.3,-9999,26.8,23.0,27.5,26.8,23.8,23.0,81,78,80,52,3.1,1.0,N,PA,TOME ACU,A213,-2.59249999,-48.36055555,42.95
1483,2019-09-05,04:00,0.0,1008.0,1008.6,1008.0,-9999,24.6,22.6,25.2,24.6,22.7,22.6,88,86,88,37,2.8,0.0,N,PA,TOME ACU,A213,-2.59249999,-48.36055555,42.95
1484,2019-09-05,08:00,0.0,1007.9,1007.9,1007.4,-9999,22.8,21.8,23.0,22.8,21.9,21.8,94,94,94,43,0.0,0.0,N,PA,TOME ACU,A213,-2.59249999,-48.36055555,42.95
1485,2019-09-05,12:00,0.0,1010.1,1010.1,1009.3,1242,26.9,22.2,26.9,24.7,22.6,21.8,88,75,76,50,8.0,3.4,N,PA,TOME ACU,A213,-2.59249999,-48.36055555,42.95
1486,2019-09-05,16:00,0.0,1008.5,1009.4,1008.5,1836,31.7,20.5,32.7,31.7,20.6,19.5,52,46,52,30,6.9,2.1,N,PA,TOME ACU,A213,-2.59249999,-48.36055555,42.95
1487,2019-09-05,20:00,0.0,1006.7,1006.7,1006.5,1027,31.9,21.5,33.0,31.9,21.5,20.1,54,47,54,33,5.5,2.0,N,PA,TOME ACU,A213,-2.59249999,-48.36055555,42.95
1488,2019-09-06,00:00,0.0,1008.4,1008.4,1008.1,-9999,25.4,23.3,25.9,25.4,23.6,23.3,88,86,88,50,0.0,0.0,N,PA,TOME ACU,A213,-2.59249999,-48.36055555,42.95
1489,2019-09-06,04:00,0.0,1007.4,1008.3,1007.4,-9999,23.5,21.1,24.0,23.5,21.3,21.1,86,84,86,40,2.8,0.3,N,PA,TOME ACU,A213,-2.59249999,-48.36055555,42.95
1490,2019-09-06,08:00,0.0,1007.5,1007.6,1007.2,-9999,21.2,20.2,21.8,21.2,20.6,20.1,94,93,94,356,0.0,0.0,N,PA,TOME ACU,A213,-2.59249999,-48.36055555,42.95
1491,2019-09-06,12:00,0.0,1009.4,1009.4,1008.9,1358,27.1,21.8,27.1,24.2,22.3,21.7,87,73,73,41,4.1,1.9,N,PA,TOME ACU,A213,-2.59249999,-48.36055555,42.95
1492,2019-09-06,16:00,0.0,1007.2,1008.2,1007.2,2734,33.6,20.7,33.8,31.9,21.3,20.1,53,45,47,78,6.5,1.6,N,PA,TOME ACU,A213,-2.59249999,-48.36055555,42.95
1493,2019-09-06,20:00,0.0,1005.3,1005.3,1004.6,1000,33.2,21.9,34.3,33.2,21.9,19.4,52,42,52,28,4.4,0.4,N,PA,TOME ACU,A213,-2.59249999,-48.36055555,42.95
1494,2019-09-07,00:00,0.2,1008.6,1008.6,1008.2,-9999,24.1,22.7,24.2,24.0,22.8,22.6,92,92,92,20,4.2,0.2,N,PA,TOME ACU,A213,-2.59249999,-48.36055555,42.95
1495,2019-09-07,04:00,0.0,1008.4,1008.5,1008.3,-9999,23.3,22.3,23.3,23.1,22.3,22.1,94,94,94,55,0.0,0.0,N,PA,TOME ACU,A213,-2.59249999,-48.36055555,42.95
1496,2019-09-07,08:00,0.0,1007.9,1007.9,1007.5,-9999,21.6,20.8,21.9,21.6,21.1,20.8,95,95,95,193,0.0,0.0,N,PA,TOME ACU,A213,-2.59249999,-48.36055555,42.95
1497,2019-09-07,12:00,0.0,1011.4,1011.4,1009.9,1124,25.9,23.4,26.4,24.7,23.5,22.6,89,82,86,96,4.3,2.0,N,PA,TOME ACU,A213,-2.59249999,-48.36055555,42.95
1498,2019-09-07,16:00,0.0,1008.5,1009.9,1008.5,2728,31.9,20.3,31.9,30.0,22.4,20.3,63,50,50,101,5.4,1.4,N,PA,TOME ACU,A213,-2.59249999,-48.36055555,42.95
1499,2019-09-07,20:00,0.0,1005.9,1006.2,1005.9,935,31.1,22.5,32.9,31.1,22.7,21.3,61,51,60,188,3.1,0.8,N,PA,TOME ACU,A213,-2.59249999,-48.36055555,42.95
1500,2019-09-08,00:00,0.0,1009.1,1009.2,1008.6,-9999,24.9,22.8,25.1,24.8,22.8,22.5,88,86,88,17,2.1,0.0,N,PA,TOME ACU,A213,-2.59249999,-48.36055555,42.95
1501,2019-09-08,04:00,0.0,1008.7,1009.5,1008.6,-9999,23.7,22.3,24.0,23.7,22.5,22.3,92,91,92,331,1.8,0.0,N,PA,TOME ACU,A213,-2.59249999,-48.36055555,42.95
1502,2019-09-08,08:00,0.0,1008.6,1008.6,1007.8,-9999,22.5,21.5,22.8,22.5,21.8,21.5,94,94,94,78,0.0,0.0,N,PA,TOME ACU,A213,-2.59249999,-48.36055555,42.95
1503,2019-09-08,12:00,0.0,1011.5,1011.5,1011.0,819,25.8,23.0,25.8,24.5,23.2,22.6,91,85,85,51,3.2,1.6,N,PA,TOME ACU,A213,-2.59249999,-48.36055555,42.95
1504,2019-09-08,16:00,0.0,1009.7,1011.0,1009.7,2469,31.2,21.8,31.6,29.1,23.0,21.4,69,55,57,80,5.1,2.2,N,PA,TOME ACU,A213,-2.59249999,-48.36055555,42.95
1505,2019-09-08,20:00,0.0,1007.2,1007.2,1007.0,1043,32.7,20.5,32.8,32.2,21.4,20.2,53,48,49,97,3.2,0.8,N,PA,TOME ACU,A213,-2.59249999,-48.36055555,42.95
1506,2019-09-09,00:00,0.8,1009.8,1009.8,1008.8,-9999,25.8,23.9,26.9,25.8,24.6,23.9,91,86,89,32,5.0,1.6,N,PA,TOME ACU,A213,-2.59249999,-48.36055555,42.95
1507,2019-09-09,04:00,0.0,1009.1,1009.5,1009.1,-9999,23.4,22.4,23.9,23.4,22.9,22.4,94,94,94,349,0.0,0.0,N,PA,TOME ACU,A213,-2.59249999,-48.36055555,42.95
1508,2019-09-09,08:00,0.0,1008.2,1008.3,1008.0,-9999,22.0,21.2,22.5,22.0,21.6,21.2,95,95,95,161,0.0,0.0,N,PA,TOME ACU,A213,-2.59249999,-48.36055555,42.95
1509,2019-09-09,12:00,0.0,1010.8,1010.8,1010.0,1089,25.8,23.1,25.9,24.7,23.5,22.9,91,84,85,63,7.4,3.8,N,PA,TOME ACU,A213,-2.59249999,-48.36055555,42.95
1510,2019-09-09,16:00,0.0,1008.5,1009.8,1008.5,3009,31.0,22.1,31.0,29.0,23.0,21.8,69,59,59,45,4.5,1.0,N,PA,TOME ACU,A213,-2.59249999,-48.36055555,42.95
1511,2019-09-09,20:00,0.0,1005.7,1005.9,1005.6,1052,33.1,21.2,34.4,33.0,21.4,19.9,50,44,50,63,4.4,0.1,N,PA,TOME ACU,A213,-2.59249999,-48.36055555,42.95
1512,2019-09-10,00:00,0.0,1008.0,1008.0,1007.2,-9999,26.1,24.0,26.4,26.0,24.3,23.9,89,87,88,55,0.0,0.0,N,PA,TOME ACU,A213,-2.59249999,-48.36055555,42.95
1513,2019-09-10,04:00,0.0,1007.9,1008.3,1007.9,-9999,24.5,23.1,24.7,24.5,23.1,22.9,92,90,92,6,2.5,0.1,N,PA,TOME ACU,A213,-2.59249999,-48.36055555,42.95
1514,2019-09-10,08:00,0.0,1007.5,1007.5,1007.0,-9999,23.7,22.6,23.9,23.7,22.7,22.6,94,93,94,48,2.9,0.0,N,PA,TOME ACU,A213,-2.59249999,-48.36055555,42.95
1515,2019-09-10,12:00,0.0,1009.8,1009.8,1009.3,1109,26.9,22.4,27.1,25.0,23.2,22.2,89,76,77,51,6.5,2.5,N,PA,TOME ACU,A213,-2.59249999,-48.36055555,42.95
1516,2019-09-10,16:00,0.0,1007.1,1008.1,1007.1,2850,32.8,20.6,33.1,31.2,21.7,19.6,57,45,49,91,6.9,1.5,N,PA,TOME ACU,A213,-2.59249999,-48.36055555,42.95
1517,2019-09-10,20:00,0.0,1004.9,1005.2,1004.8,1049,34.0,18.8,34.9,34.0,19.1,18.1,41,38,41,88,4.9,2.2,N,PA,TOME ACU,A213,-2.59249999,-48.36055555,42.95
1518,2019-09-11,00:00,0.0,1006.6,1006.6,1005.9,-9999,25.6,22.8,26.3,25.6,23.0,22.6,85,80,85,136,0.5,0.0,N,PA,TOME ACU,A213,-2.59249999,-48.36055555,42.95
1519,2019-09-11,04:00,0.0,1005.7,1006.2,1005.7,-9999,24.7,22.7,24.9,24.7,22.7,22.2,88,86,88,37,3.6,0.3,N,PA,TOME ACU,A213,-2.59249999,-48.36055555,42.95
1520,2019-09-11,08:00,0.0,1005.3,1005.3,1005.0,-9999,23.9,22.7,23.9,23.9,22.8,22.7,93,93,93,52,4.6,1.8,N,PA,TOME ACU,A213,-2.59249999,-48.36055555,42.95
1521,2019-09-11,12:00,0.0,1008.2,1008.2,1007.7,949,26.6,22.3,26.6,24.8,22.7,22.1,87,77,77,49,8.1,2.8,N,PA,TOME ACU,A213,-2.59249999,-48.36055555,42.95
1522,2019-09-11,16:00,0.0,1005.9,1007.3,1005.9,2052,31.9,21.8,31.9,30.2,22.6,21.7,64,55,55,118,4.3,1.8,N,PA,TOME ACU,A213,-2.59249999,-48.36055555,42.95
1523,2019-09-11,20:00,0.0,1004.0,1004.0,1003.3,574,32.2,22.3,34.2,32.2,22.3,19.9,56,44,56,13,3.9,0.6,N,PA,TOME ACU,A213,-2.59249999,-48.36055555,42.95
1524,2019-09-12,00:00,0.0,1005.9,1005.9,1005.2,-9999,24.9,22.5,25.8,24.9,22.9,22.2,86,83,86,13,0.5,0.0,N,PA,TOME ACU,A213,-2.59249999,-48.36055555,42.95
1525,2019-09-12,04:00,0.0,1005.6,1006.5,1005.6,-9999,24.4,22.7,24.7,24.4,22.8,22.7,90,89,90,25,2.5,0.6,N,PA,TOME ACU,A213,-2.59249999,-48.36055555,42.95
1526,2019-09-12,08:00,0.0,1004.8,1004.8,1004.7,-9999,22.8,21.8,23.2,22.8,22.0,21.7,94,93,94,62,1.8,0.0,N,PA,TOME ACU,A213,-2.59249999,-48.36055555,42.95
1527,2019-09-12,12:00,0.0,1008.1,1008.1,1007.4,1195,26.6,22.2,26.7,24.5,22.7,21.8,89,75,77,68,7.5,3.0,N,PA,TOME ACU,A213,-2.59249999,-48.36055555,42.95
1528,2019-09-12,16:00,0.0,1005.9,1006.9,1005.9,2959,33.2,20.3,33.6,32.3,21.0,19.9,51,45,47,66,6.9,2.9,N,PA,TOME ACU,A213,-2.59249999,-48.36055555,42.95
1529,2019-09-12,20:00,0.0,1004.1,1004.1,1003.9,985,33.4,19.7,34.7,33.2,20.4,19.1,47,40,45,77,6.0,2.2,N,PA,TOME ACU,A213,-2.59249999,-48.36055555,42.95
1530,2019-09-13,00:00,0.0,1006.6,1006.6,1005.8,-9999,25.9,23.2,26.4,25.8,23.2,22.6,86,80,86,22,1.4,0.1,N,PA,TOME ACU,A213,-2.59249999,-48.36055555,42.95
1531,2019-09-13,04:00,0.0,1006.2,1007.0,1006.2,-9999,24.6,22.7,24.9,24.6,22.9,22.7,89,88,89,15,1.5,0.0,N,PA,TOME ACU,A213,-2.59249999,-48.36055555,42.95
1532,2019-09-13,08:00,0.0,1005.5,1005.5,1005.3,-9999,23.5,22.3,23.7,23.4,22.3,22.2,93,92,93,42,2.9,0.8,N,PA,TOME ACU,A213,-2.59249999,-48.36055555,42.95
1533,2019-09-13,12:00,0.0,1008.5,1008.5,1007.6,725,26.5,22.9,26.5,25.3,23.2,22.7,87,81,81,52,7.3,2.7,N,PA,TOME ACU,A213,-2.59249999,-48.36055555,42.95
1534,2019-09-13,16:00,0.0,1006.6,1007.8,1006.6,2410,32.5,21.9,33.0,30.5,22.4,21.1,61,50,54,27,5.7,2.4,N,PA,TOME ACU,A213,-2.59249999,-48.36055555,42.95
1535,2019-09-13,20:00,0.4,1004.6,1005.1,1004.6,895,28.7,23.6,33.8,27.8,25.3,22.4,79,51,74,35,8.6,0.1,N,PA,TOME ACU,A213,-2.59249999,-48.36055555,42.95
1536,2019-09-14,00:00,0.0,1006.8,1006.8,1006.0,-9999,26.2,23.5,26.7,26.2,25.1,23.4,91,84,85,16,3.0,1.0,N,PA,TOME ACU,A213,-2.59249999,-48.36055555,42.95
1537,2019-09-14,04:00,0.0,1006.5,1007.3,1006.5,-9999,24.9,23.3,25.1,24.8,23.6,23.3,92,91,91,22,2.8,0.0,N,PA,TOME ACU,A213,-2.59249999,-48.36055555,42.95
1538,2019-09-14,08:00,0.0,1005.8,1005.8,1005.5,-9999,23.8,22.8,24.0,23.7,22.9,22.7,94,93,94,60,0.0,0.0,N,PA,TOME ACU,A213,-2.59249999,-48.36055555,42.95
1539,2019-09-14,12:00,0.0,1008.6,1008.6,1007.9,848,26.2,23.1,26.2,24.9,23.5,22.6,91,82,83,56,6.6,2.9,N,PA,TOME ACU,A213,-2.59249999,-48.36055555,42.95
1540,2019-09-14,16:00,0.0,1006.3,1007.4,1006.3,1850,31.5,22.4,31.7,30.6,22.8,21.8,62,56,59,28,5.0,1.0,N,PA,TOME ACU,A213,-2.59249999,-48.36055555,42.95
1541,2019-09-14,20:00,0.0,1003.8,1004.0,1003.8,1122,32.9,22.8,33.6,32.9,22.8,22.1,55,51,55,286,3.8,1.0,N,PA,TOME ACU,A213,-2.59249999,-48.36055555,42.95
1542,2019-09-15,00:00,0.6,1006.7,1006.8,1005.7,-9999,25.4,23.6,26.5,25.4,24.0,23.3,90,85,90,11,5.4,0.6,N,PA,TOME ACU,A213,-2.59249999,-48.36055555,42.95
1543,2019-09-15,04:00,0.0,1006.2,1007.3,1006.2,-9999,24.2,23.1,24.4,24.2,23.2,23.0,94,93,94,297,1.7,0.0,N,PA,TOME ACU,A213,-2.59249999,-48.36055555,42.95
1544,2019-09-15,08:00,0.0,1005.7,1005.7,1005.6,-9999,22.8,22.0,23.2,22.8,22.3,22.0,95,95,95,37,0.0,0.0,N,PA,TOME ACU,A213,-2.59249999,-48.36055555,42.95
1545,2019-09-15,12:00,0.0,1008.3,1008.3,1007.8,1422,26.8,22.7,26.8,25.0,23.5,22.3,90,77,78,63,5.3,2.5,N,PA,TOME ACU,A213,-2.59249999,-48.36055555,42.95
1546,2019-09-15,16:00,0.0,1005.8,1007.2,1005.8,2493,31.7,20.9,31.9,30.2,21.7,20.4,60,51,53,35,6.4,1.7,N,PA,TOME ACU,A213,-2.59249999,-48.36055555,42.95
1547,2019-09-15,20:00,0.0,1003.7,1003.9,1003.7,624,31.9,22.7,33.0,31.7,22.8,20.7,59,49,58,7,3.3,0.1,N,PA,TOME ACU,A213,-2.59249999,-48.36055555,42.95
1548,2019-09-16,00:00,0.0,1005.4,1005.4,1004.9,-9999,25.7,23.8,26.3,25.7,24.0,23.7,89,87,89,360,0.6,0.0,N,PA,TOME ACU,A213,-2.59249999,-48.36055555,42.95
1549,2019-09-16,04:00,0.0,1005.7,1006.4,1005.6,-9999,24.1,22.6,24.7,24.1,22.6,22.5,91,88,91,328,2.1,0.0,N,PA,TOME ACU,A213,-2.59249999,-48.36055555,42.95
1550,2019-09-16,08:00,0.0,1005.5,1005.5,1005.3,-9999,22.5,21.5,23.1,22.5,22.0,21.5,94,93,94,153,0.0,0.0,N,PA,TOME ACU,A213,-2.59249999,-48.36055555,42.95
1551,2019-09-16,12:00,0.0,1007.7,1007.8,1007.3,1178,26.9,22.7,26.9,24.7,23.1,22.5,90,78,78,50,6.2,2.8,N,PA,TOME ACU,A213,-2.59249999,-48.36055555,42.95
1552,2019-09-16,16:00,0.0,1006.3,1007.4,1006.3,2436,31.5,21.9,31.9,29.6,22.1,21.0,64,54,57,78,6.9,2.5,N,PA,TOME ACU,A213,-2.59249999,-48.36055555,42.95
1553,2019-09-16,20:00,0.0,1003.5,1003.9,1003.5,426,30.5,24.4,30.9,29.8,24.4,21.9,70,60,70,305,1.9,0.0,N,PA,TOME ACU,A213,-2.59249999,-48.36055555,42.95
1554,2019-09-17,00:00,0.0,1005.4,1005.4,1004.8,-9999,25.1,23.6,25.8,25.1,23.9,23.5,91,89,91,330,0.0,0.0,N,PA,TOME ACU,A213,-2.59249999,-48.36055555,42.95
1555,2019-09-17,04:00,0.0,1005.5,1006.1,1005.5,-9999,24.5,23.0,25.0,24.5,23.2,23.0,91,90,91,1,2.0,0.1,N,PA,TOME ACU,A213,-2.59249999,-48.36055555,42.95
1556,2019-09-17,08:00,0.0,1005.0,1005.0,1004.6,-9999,23.0,22.0,23.5,23.0,22.4,22.0,94,94,94,2,0.0,0.0,N,PA,TOME ACU,A213,-2.59249999,-48.36055555,42.95
1557,2019-09-17,12:00,0.0,1007.6,1007.6,1006.8,690,26.1,23.0,26.1,24.7,23.2,22.8,91,82,83,49,4.4,1.5,N,PA,TOME ACU,A213,-2.59249999,-48.36055555,42.95
1558,2019-09-17,16:00,0.0,1006.0,1007.2,1006.0,2593,31.9,21.7,31.9,29.4,22.7,21.6,67,55,55,58,5.7,2.1,N,PA,TOME ACU,A213,-2.59249999,-48.36055555,42.95
1559,2019-09-17,20:00,0.0,1003.0,1003.1,1002.8,1114,33.6,21.8,34.0,33.2,21.9,20.4,51,46,50,34,3.7,0.4,N,PA,TOME ACU,A213,-2.59249999,-48.36055555,42.95
1560,2019-09-18,00:00,0.0,1004.9,1004.9,1004.5,-9999,26.2,22.4,27.0,26.2,23.4,22.4,82,80,80,19,3.5,1.1,N,PA,TOME ACU,A213,-2.59249999,-48.36055555,42.95
1561,2019-09-18,04:00,0.0,1004.9,1005.4,1004.9,-9999,23.8,22.3,24.3,23.8,22.4,22.3,91,89,91,329,1.6,0.0,N,PA,TOME ACU,A213,-2.59249999,-48.36055555,42.95
1562,2019-09-18,08:00,0.0,1004.1,1004.1,1003.7,-9999,23.0,22.0,23.2,23.0,22.2,22.0,94,94,94,40,2.3,0.0,N,PA,TOME ACU,A213,-2.59249999,-48.36055555,42.95
1563,2019-09-18,12:00,0.0,1006.5,1006.5,1005.7,693,25.4,22.5,25.4,24.3,22.9,22.2,92,83,84,71,5.0,2.4,N,PA,TOME ACU,A213,-2.59249999,-48.36055555,42.95
1564,2019-09-18,16:00,0.0,1004.2,1004.9,1004.2,2260,31.6,22.2,32.1,30.2,22.3,21.6,63,54,58,52,5.2,1.6,N,PA,TOME ACU,A213,-2.59249999,-48.36055555,42.95
1565,2019-09-18,20:00,1.0,1002.7,1002.7,1001.8,524,26.2,23.9,34.4,26.2,24.2,20.9,87,45,87,109,9.2,2.8,N,PA,TOME ACU,A213,-2.59249999,-48.36055555,42.95
1566,2019-09-19,00:00,1.6,1004.8,1005.1,1004.3,-9999,24.0,22.9,24.2,24.0,23.0,22.4,94,91,93,339,4.8,0.0,N,PA,TOME ACU,A213,-2.59249999,-48.36055555,42.95
1567,2019-09-19,04:00,0.0,1005.1,1005.4,1005.1,-9999,22.8,21.9,23.0,22.8,22.2,21.9,95,95,95,247,0.0,0.0,N,PA,TOME ACU,A213,-2.59249999,-48.36055555,42.95
1568,2019-09-19,08:00,0.0,1004.4,1004.5,1004.3,-9999,21.4,20.6,21.7,21.4,20.9,20.6,96,95,96,248,0.0,0.0,N,PA,TOME ACU,A213,-2.59249999,-48.36055555,42.95
1569,2019-09-19,12:00,0.0,1006.3,1006.3,1005.6,1256,25.7,22.3,25.9,24.3,23.1,22.1,92,80,82,66,6.3,2.8,N,PA,TOME ACU,A213,-2.59249999,-48.36055555,42.95
1570,2019-09-19,16:00,0.0,1004.3,1005.3,1004.3,3339,32.5,20.8,32.6,31.0,21.3,20.2,55,48,50,80,7.4,2.7,N,PA,TOME ACU,A213,-2.59249999,-48.36055555,42.95
1571,2019-09-19,20:00,0.0,1002.6,1002.6,1002.3,1043,34.1,20.4,34.9,34.0,20.4,19.0,45,40,45,30,6.6,1.8,N,PA,TOME ACU,A213,-2.59249999,-48.36055555,42.95
1572,2019-09-20,00:00,0.0,1004.9,1004.9,1004.1,-9999,25.8,23.2,26.6,25.7,24.0,23.2,88,85,86,11,1.2,0.1,N,PA,TOME ACU,A213,-2.59249999,-48.36055555,42.95
1573,2019-09-20,04:00,0.0,1004.7,1005.7,1004.7,-9999,24.1,21.8,24.7,24.1,21.8,21.6,87,83,87,36,3.0,0.6,N,PA,TOME ACU,A213,-2.59249999,-48.36055555,42.95
1574,2019-09-20,08:00,0.0,1004.9,1004.9,1004.4,-9999,22.7,21.7,22.9,22.7,21.8,21.6,94,93,94,37,1.3,0.0,N,PA,TOME ACU,A213,-2.59249999,-48.36055555,42.95
1575,2019-09-20,12:00,0.0,1008.1,1008.1,1007.4,708,25.0,22.5,25.1,23.9,22.8,22.4,92,86,86,58,5.7,2.6,N,PA,TOME ACU,A213,-2.59249999,-48.36055555,42.95
1576,2019-09-20,16:00,0.0,1006.2,1006.9,1006.2,1978,31.8,20.8,31.8,30.6,21.8,20.2,58,51,52,54,6.0,2.5,N,PA,TOME ACU,A213,-2.59249999,-48.36055555,42.95
1577,2019-09-20,20:00,0.8,1004.8,1005.1,1004.8,520,28.5,25.7,29.6,28.0,26.1,24.0,88,71,85,252,8.0,0.0,N,PA,TOME ACU,A213,-2.59249999,-48.36055555,42.95
1578,2019-09-21,00:00,0.0,1006.8,1006.8,1005.7,-9999,25.7,24.4,25.8,25.5,24.7,24.4,94,93,93,319,3.1,0.0,N,PA,TOME ACU,A213,-2.59249999,-48.36055555,42.95
1579,2019-09-21,04:00,0.0,1006.6,1007.2,1006.6,-9999,24.5,23.2,25.0,24.5,23.5,23.2,93,91,93,5,0.0,0.0,N,PA,TOME ACU,A213,-2.59249999,-48.36055555,42.95
1580,2019-09-21,08:00,0.0,1005.7,1005.8,1005.6,-9999,22.7,21.8,23.0,22.7,22.1,21.8,95,95,95,19,0.0,0.0,N,PA,TOME ACU,A213,-2.59249999,-48.36055555,42.95
1581,2019-09-21,12:00,0.0,1008.0,1008.0,1007.6,1273,26.5,22.9,26.5,24.5,23.5,22.4,92,80,81,66,5.0,2.0,N,PA,TOME ACU,A213,-2.59249999,-48.36055555,42.95
1582,2019-09-21,16:00,0.0,1005.6,1006.6,1005.6,2623,31.7,21.8,31.7,30.4,22.3,21.1,62,54,56,68,6.4,2.7,N,PA,TOME ACU,A213,-2.59249999,-48.36055555,42.95
1583,2019-09-21,20:00,0.0,1003.3,1003.4,1003.3,1039,33.6,21.0,34.1,33.1,21.6,20.6,51,46,48,21,2.8,0.4,N,PA,TOME ACU,A213,-2.59249999,-48.36055555,42.95
1584,2019-09-22,00:00,0.0,1004.9,1004.9,1004.3,-9999,26.3,24.3,26.9,26.3,24.3,24.1,89,85,89,332,1.2,0.0,N,PA,TOME ACU,A213,-2.59249999,-48.36055555,42.95
1585,2019-09-22,04:00,0.0,1005.4,1005.9,1005.4,-9999,25.1,22.2,25.5,25.1,23.2,22.0,88,82,84,31,5.9,0.7,N,PA,TOME ACU,A213,-2.59249999,-48.36055555,42.95
1586,2019-09-22,08:00,0.0,1005.6,1005.6,1005.2,-9999,22.8,21.7,23.5,22.8,22.1,21.7,93,91,93,261,0.0,0.0,N,PA,TOME ACU,A213,-2.59249999,-48.36055555,42.95
1587,2019-09-22,12:00,0.0,1009.1,1009.1,1008.3,803,26.1,22.6,26.1,25.0,22.7,22.2,85,79,81,74,4.9,2.0,N,PA,TOME ACU,A213,-2.59249999,-48.36055555,42.95
1588,2019-09-22,16:00,0.0,1006.5,1008.0,1006.5,3297,32.1,21.8,32.1,30.2,22.5,21.2,62,52,55,45,4.9,2.1,N,PA,TOME ACU,A213,-2.59249999,-48.36055555,42.95
1589,2019-09-22,20:00,0.0,1004.1,1004.1,1003.9,858,33.1,21.3,34.0,33.1,21.5,19.9,50,45,50,1,3.3,0.1,N,PA,TOME ACU,A213,-2.59249999,-48.36055555,42.95
1590,2019-09-23,00:00,0.0,1005.4,1005.4,1004.9,-9999,25.8,23.9,26.4,25.8,23.9,23.6,89,86,89,27,0.0,0.0,N,PA,TOME ACU,A213,-2.59249999,-48.36055555,42.95
1591,2019-09-23,04:00,0.0,1006.3,1007.0,1006.3,-9999,25.2,23.2,25.5,25.2,23.7,23.2,89,88,89,17,3.1,0.0,N,PA,TOME ACU,A213,-2.59249999,-48.36055555,42.95
1592,2019-09-23,08:00,0.0,1006.7,1006.7,1006.2,-9999,23.6,22.5,23.8,23.5,22.7,22.4,94,93,94,337,0.0,0.0,N,PA,TOME ACU,A213,-2.59249999,-48.36055555,42.95
1593,2019-09-23,12:00,0.0,1009.7,1009.8,1009.1,959,27.1,22.8,27.1,25.3,23.2,22.4,87,77,77,37,7.3,2.0,N,PA,TOME ACU,A213,-2.59249999,-48.36055555,42.95
1594,2019-09-23,16:00,0.0,1007.4,1008.7,1007.4,2251,31.2,22.7,31.9,30.2,23.1,22.2,65,57,61,34,4.2,1.4,N,PA,TOME ACU,A213,-2.59249999,-48.36055555,42.95
1595,2019-09-23,20:00,0.0,1005.3,1005.3,1005.0,639,32.9,23.1,33.1,32.5,23.2,21.9,57,52,57,324,2.1,0.1,N,PA,TOME ACU,A213,-2.59249999,-48.36055555,42.95
1596,2019-09-24,00:00,0.2,1008.2,1008.2,1007.3,-9999,22.7,21.8,22.9,22.3,22.0,21.3,95,94,95,285,3.8,0.1,N,PA,TOME ACU,A213,-2.59249999,-48.36055555,42.95
1597,2019-09-24,04:00,0.0,1008.2,1008.9,1008.2,-9999,22.8,21.9,23.1,22.8,22.2,21.9,95,95,95,322,0.5,0.0,N,PA,TOME ACU,A213,-2.59249999,-48.36055555,42.95
1598,2019-09-24,08:00,0.0,1007.4,1007.6,1007.3,-9999,21.5,20.8,21.9,21.5,21.1,20.8,96,96,96,225,0.0,0.0,N,PA,TOME ACU,A213,-2.59249999,-48.36055555,42.95
1599,2019-09-24,12:00,0.0,1009.8,1010.0,1009.4,1126,25.4,22.5,25.4,24.0,23.4,22.4,95,84,84,82,4.7,2.6,N,PA,TOME ACU,A213,-2.59249999,-48.36055555,42.95
1600,2019-09-24,16:00,0.0,1007.7,1008.2,1007.7,2330,31.5,22.8,31.5,30.2,23.3,21.8,64,58,60,333,4.9,0.5,N,PA,TOME ACU,A213,-2.59249999,-48.36055555,42.95
1601,2019-09-24,20:00,0.2,1007.5,1007.5,1006.0,159,24.2,22.7,24.9,24.1,23.0,22.1,92,87,91,223,7.8,0.8,N,PA,TOME ACU,A213,-2.59249999,-48.36055555,42.95
1602,2019-09-25,00:00,0.0,1009.6,1009.6,1008.6,-9999,23.6,22.3,23.7,23.5,22.7,22.2,94,92,92,31,4.0,0.8,N,PA,TOME ACU,A213,-2.59249999,-48.36055555,42.95
1603,2019-09-25,04:00,0.0,1008.1,1009.0,1008.1,-9999,23.0,22.0,23.2,23.0,22.2,22.0,95,94,95,46,1.5,0.0,N,PA,TOME ACU,A213,-2.59249999,-48.36055555,42.95
1604,2019-09-25,08:00,0.0,1007.4,1007.4,1007.3,-9999,21.7,20.9,22.1,21.7,21.3,20.9,96,95,96,245,0.0,0.0,N,PA,TOME ACU,A213,-2.59249999,-48.36055555,42.95
1605,2019-09-25,12:00,0.0,1009.9,1009.9,1009.4,1083,25.7,23.0,26.0,24.5,23.6,22.8,91,84,85,28,3.3,1.3,N,PA,TOME ACU,A213,-2.59249999,-48.36055555,42.95
1606,2019-09-25,16:00,0.0,1007.1,1008.3,1007.1,2373,31.0,22.2,31.0,29.8,23.4,21.9,67,59,60,42,3.2,0.9,N,PA,TOME ACU,A213,-2.59249999,-48.36055555,42.95
1607,2019-09-25,20:00,0.0,1005.2,1005.2,1003.9,1283,28.8,21.8,33.6,28.8,23.6,21.3,66,49,66,79,12.4,5.7,N,PA,TOME ACU,A213,-2.59249999,-48.36055555,42.95
1608,2019-09-26,00:00,0.0,1007.7,1007.7,1007.1,-9999,24.2,22.9,24.2,24.0,22.9,22.7,93,92,92,52,2.4,0.7,N,PA,TOME ACU,A213,-2.59249999,-48.36055555,42.95
1609,2019-09-26,04:00,0.0,1007.5,1007.9,1007.5,-9999,23.5,22.5,23.8,23.5,22.7,22.5,94,94,94,338,0.0,0.0,N,PA,TOME ACU,A213,-2.59249999,-48.36055555,42.95
1610,2019-09-26,08:00,0.0,1007.3,1007.4,1007.2,-9999,22.8,22.0,22.9,22.8,22.1,22.0,95,95,95,116,0.0,0.0,N,PA,TOME ACU,A213,-2.59249999,-48.36055555,42.95
1611,2019-09-26,12:00,0.0,1009.3,1009.3,1008.7,1684,27.0,22.9,27.1,25.5,23.7,22.6,89,77,78,28,3.4,0.2,N,PA,TOME ACU,A213,-2.59249999,-48.36055555,42.95
1612,2019-09-26,16:00,0.0,1006.9,1008.2,1006.9,3057,31.8,22.7,32.2,31.1,22.7,21.3,60,53,59,16,4.4,0.7,N,PA,TOME ACU,A213,-2.59249999,-48.36055555,42.95
1613,2019-09-26,20:00,0.0,1004.0,1004.0,1003.8,1008,32.1,23.8,33.1,32.1,23.8,21.9,62,53,62,299,5.1,0.6,N,PA,TOME ACU,A213,-2.59249999,-48.36055555,42.95
1614,2019-09-27,00:00,0.0,1008.0,1008.0,1006.7,-9999,25.9,23.8,26.8,25.9,24.0,23.4,89,82,88,44,0.0,0.0,N,PA,TOME ACU,A213,-2.59249999,-48.36055555,42.95
1615,2019-09-27,04:00,0.0,1007.3,1007.8,1007.3,-9999,24.1,22.5,24.5,24.1,22.6,22.5,91,89,91,30,0.0,0.0,N,PA,TOME ACU,A213,-2.59249999,-48.36055555,42.95
1616,2019-09-27,08:00,0.0,1006.6,1006.7,1006.6,-9999,22.8,21.9,23.1,22.8,22.1,21.9,94,94,94,36,0.0,0.0,N,PA,TOME ACU,A213,-2.59249999,-48.36055555,42.95
1617,2019-09-27,12:00,0.0,1009.4,1009.5,1009.2,1241,26.7,22.9,26.7,24.6,23.4,22.6,91,79,80,51,5.5,2.1,N,PA,TOME ACU,A213,-2.59249999,-48.36055555,42.95
1618,2019-09-27,16:00,0.0,1006.6,1007.7,1006.6,3017,32.0,22.7,32.2,31.2,23.2,21.5,61,54,58,37,5.5,1.4,N,PA,TOME ACU,A213,-2.59249999,-48.36055555,42.95
1619,2019-09-27,20:00,0.0,1003.9,1004.2,1003.8,1010,32.9,23.3,33.7,32.9,23.3,22.1,57,51,57,1,3.7,0.8,N,PA,TOME ACU,A213,-2.59249999,-48.36055555,42.95
1620,2019-09-28,00:00,0.0,1005.9,1005.9,1005.2,-9999,26.6,24.6,27.3,26.6,25.1,24.5,89,86,89,3,0.8,0.0,N,PA,TOME ACU,A213,-2.59249999,-48.36055555,42.95
1621,2019-09-28,04:00,0.0,1006.4,1007.2,1006.4,-9999,24.9,22.7,25.6,24.9,23.1,22.7,88,86,88,38,3.3,0.9,N,PA,TOME ACU,A213,-2.59249999,-48.36055555,42.95
1622,2019-09-28,08:00,0.0,1006.5,1006.6,1006.5,-9999,23.2,22.1,23.5,23.2,22.1,22.0,93,92,93,52,2.4,0.1,N,PA,TOME ACU,A213,-2.59249999,-48.36055555,42.95
1623,2019-09-28,12:00,0.0,1008.5,1008.6,1008.1,1373,27.2,22.7,27.3,25.7,23.2,22.5,85,75,76,60,7.9,3.8,N,PA,TOME ACU,A213,-2.59249999,-48.36055555,42.95
1624,2019-09-28,16:00,0.0,1006.8,1007.8,1006.7,2454,31.9,22.4,31.9,30.4,23.4,22.0,65,57,57,71,5.6,2.6,N,PA,TOME ACU,A213,-2.59249999,-48.36055555,42.95
1625,2019-09-28,20:00,0.0,1004.7,1004.9,1004.7,798,31.0,23.0,33.4,30.8,23.5,21.6,63,50,62,335,3.9,0.2,N,PA,TOME ACU,A213,-2.59249999,-48.36055555,42.95
1626,2019-09-29,00:00,0.0,1006.9,1006.9,1006.0,-9999,24.3,23.3,24.5,24.3,23.4,23.2,94,93,94,146,0.0,0.0,N,PA,TOME ACU,A213,-2.59249999,-48.36055555,42.95
1627,2019-09-29,04:00,0.0,1006.6,1007.3,1006.5,-9999,23.4,22.4,23.7,23.4,22.5,22.3,94,93,94,23,2.3,0.0,N,PA,TOME ACU,A213,-2.59249999,-48.36055555,42.95
1628,2019-09-29,08:00,0.0,1006.0,1006.1,1005.7,-9999,21.9,21.1,22.4,21.9,21.6,21.1,95,95,95,282,0.0,0.0,N,PA,TOME ACU,A213,-2.59249999,-48.36055555,42.95
1629,2019-09-29,12:00,0.0,1007.8,1007.8,1007.4,1180,26.1,23.4,26.5,25.1,23.9,22.9,91,82,85,59,4.1,0.7,N,PA,TOME ACU,A213,-2.59249999,-48.36055555,42.95
1630,2019-09-29,16:00,0.0,1006.6,1007.4,1006.6,2912,32.0,21.5,32.0,30.5,22.5,20.9,63,53,54,64,5.3,2.2,N,PA,TOME ACU,A213,-2.59249999,-48.36055555,42.95
1631,2019-09-29,20:00,0.0,1004.1,1004.7,1004.1,995,32.6,22.0,32.8,32.0,22.5,21.1,57,51,54,356,2.2,0.1,N,PA,TOME ACU,A213,-2.59249999,-48.36055555,42.95
1632,2019-09-30,00:00,0.0,1006.2,1006.2,1005.6,-9999,25.5,24.1,26.1,25.4,24.3,23.9,92,89,92,53,1.8,0.0,N,PA,TOME ACU,A213,-2.59249999,-48.36055555,42.95
1633,2019-09-30,04:00,0.0,1005.8,1006.3,1005.8,-9999,23.6,22.5,23.9,23.6,22.6,22.5,94,93,94,135,0.7,0.0,N,PA,TOME ACU,A213,-2.59249999,-48.36055555,42.95
1634,2019-09-30,08:00,0.0,1004.8,1004.8,1004.4,-9999,22.5,21.6,22.8,22.5,21.9,21.6,95,95,95,204,0.0,0.0,N,PA,TOME ACU,A213,-2.59249999,-48.36055555,42.95
1635,2019-09-30,12:00,0.0,1007.2,1007.2,1006.4,1093,25.6,22.2,25.7,24.3,23.3,22.2,93,81,82,45,4.9,2.4,N,PA,TOME ACU,A213,-2.59249999,-48.36055555,42.95
1636,2019-09-30,16:00,0.2,1005.1,1006.1,1005.1,3034,31.4,21.1,31.8,30.7,22.0,20.5,59,52,54,57,4.9,1.9,N,PA,TOME ACU,A213,-2.59249999,-48.36055555,42.95
1637,2019-09-30,20:00,0.0,1002.9,1003.1,1002.9,980,32.7,22.0,33.3,32.7,22.0,20.5,53,47,53,38,3.6,0.7,N,PA,TOME ACU,A213,-2.59249999,-48.36055555,42.95
1638,2019-10-01,00:00,0.0,1003.8,1003.8,1003.4,-9999,25.6,23.8,26.2,25.6,24.2,23.8,90,88,90,332,0.0,0.0,N,PA,TOME ACU,A213,-2.59249999,-48.36055555,42.95
1639,2019-10-01,04:00,0.0,1004.1,1004.8,1004.1,-9999,24.6,22.4,25.3,24.6,22.7,22.4,88,85,88,20,2.6,0.3,N,PA,TOME ACU,A213,-2.59249999,-48.36055555,42.95
1640,2019-10-01,08:00,0.0,1003.5,1003.5,1003.2,-9999,23.0,21.9,23.3,23.0,22.0,21.9,94,92,94,75,1.1,0.0,N,PA,TOME ACU,A213,-2.59249999,-48.36055555,42.95
1641,2019-10-01,12:00,0.0,1006.0,1006.1,1005.3,973,26.6,22.9,26.6,25.2,23.2,22.7,87,80,80,65,4.5,2.1,N,PA,TOME ACU,A213,-2.59249999,-48.36055555,42.95
1642,2019-10-01,16:00,0.0,1004.0,1005.2,1004.0,2950,31.9,22.5,31.9,30.1,22.9,21.5,64,57,58,55,5.8,1.2,N,PA,TOME ACU,A213,-2.59249999,-48.36055555,42.95
1643,2019-10-01,20:00,0.0,1001.5,1001.6,1001.5,744,32.7,22.8,33.6,32.3,23.1,21.7,57,50,56,330,2.8,0.3,N,PA,TOME ACU,A213,-2.59249999,-48.36055555,42.95
1644,2019-10-02,00:00,0.0,1003.9,1004.0,1002.9,-9999,26.7,22.2,27.2,26.7,24.9,22.2,88,76,76,350,4.0,1.0,N,PA,TOME ACU,A213,-2.59249999,-48.36055555,42.95
1645,2019-10-02,04:00,0.0,1005.0,1005.3,1005.0,-9999,24.3,22.8,24.9,24.3,23.0,22.7,91,89,91,35,1.9,0.0,N,PA,TOME ACU,A213,-2.59249999,-48.36055555,42.95
1646,2019-10-02,08:00,0.0,1004.0,1004.1,1003.9,-9999,22.8,21.8,23.1,22.8,22.0,21.8,94,94,94,66,1.6,0.0,N,PA,TOME ACU,A213,-2.59249999,-48.36055555,42.95
1647,2019-10-02,12:00,0.0,1006.8,1006.8,1006.0,1119,26.8,22.5,26.8,25.2,23.1,22.4,86,77,77,61,7.3,3.5,N,PA,TOME ACU,A213,-2.59249999,-48.36055555,42.95
1648,2019-10-02,16:00,0.0,1005.0,1006.3,1005.0,2836,32.4,21.6,32.4,30.5,22.2,21.0,61,51,53,44,6.0,2.6,N,PA,TOME ACU,A213,-2.59249999,-48.36055555,42.95
1649,2019-10-02,20:00,0.0,1002.7,1002.7,1002.4,982,32.2,20.9,33.3,32.2,21.3,20.1,52,46,51,51,4.2,1.9,N,PA,TOME ACU,A213,-2.59249999,-48.36055555,42.95
1650,2019-10-03,00:00,0.0,1006.2,1006.2,1004.8,-9999,26.2,23.9,26.8,26.2,24.3,23.3,87,81,87,84,3.1,0.0,N,PA,TOME ACU,A213,-2.59249999,-48.36055555,42.95
1651,2019-10-03,04:00,0.0,1005.9,1006.9,1005.9,-9999,24.3,22.8,25.2,24.3,23.5,22.8,91,89,91,35,0.0,0.0,N,PA,TOME ACU,A213,-2.59249999,-48.36055555,42.95
1652,2019-10-03,08:00,0.0,1005.9,1005.9,1005.7,-9999,22.4,21.4,22.8,22.4,21.8,21.4,94,94,94,56,0.0,0.0,N,PA,TOME ACU,A213,-2.59249999,-48.36055555,42.95
1653,2019-10-03,12:00,0.0,1008.3,1008.4,1007.9,1436,27.2,22.4,27.2,25.5,22.9,22.0,83,74,75,61,6.0,2.8,N,PA,TOME ACU,A213,-2.59249999,-48.36055555,42.95
1654,2019-10-03,16:00,0.0,1005.9,1007.1,1005.9,2334,32.0,21.6,32.0,30.9,22.4,21.2,61,54,54,49,4.2,1.7,N,PA,TOME ACU,A213,-2.59249999,-48.36055555,42.95
1655,2019-10-03,20:00,0.0,1003.8,1003.9,1003.7,722,31.1,23.2,33.0,31.1,23.2,21.3,63,50,63,114,4.2,0.7,N,PA,TOME ACU,A213,-2.59249999,-48.36055555,42.95
1656,2019-10-04,00:00,0.0,1007.0,1007.1,1005.6,-9999,26.0,23.2,26.6,26.0,23.7,23.2,85,82,85,66,3.8,1.6,N,PA,TOME ACU,A213,-2.59249999,-48.36055555,42.95
1657,2019-10-04,04:00,0.0,1006.3,1007.1,1006.3,-9999,24.1,22.7,24.3,24.1,22.9,22.7,92,91,92,21,1.8,0.2,N,PA,TOME ACU,A213,-2.59249999,-48.36055555,42.95
1658,2019-10-04,08:00,0.0,1006.2,1006.2,1005.8,-9999,22.9,22.0,23.3,22.8,22.2,21.9,95,94,95,77,0.7,0.0,N,PA,TOME ACU,A213,-2.59249999,-48.36055555,42.95
1659,2019-10-04,12:00,0.0,1008.5,1008.5,1008.0,1416,27.3,22.4,27.3,25.0,23.0,22.0,88,74,75,66,6.3,2.6,N,PA,TOME ACU,A213,-2.59249999,-48.36055555,42.95
1660,2019-10-04,16:00,0.0,1005.8,1006.9,1005.8,3213,32.8,20.0,33.3,31.5,21.1,19.7,54,46,47,49,6.1,1.9,N,PA,TOME ACU,A213,-2.59249999,-48.36055555,42.95
1661,2019-10-04,20:00,0.0,1003.1,1003.3,1003.0,922,32.6,21.4,33.7,32.6,21.4,19.5,52,43,52,21,4.0,1.1,N,PA,TOME ACU,A213,-2.59249999,-48.36055555,42.95
1662,2019-10-05,00:00,0.0,1005.5,1005.5,1004.7,-9999,27.1,23.3,28.1,27.1,23.3,22.6,80,72,80,2,3.1,0.5,N,PA,TOME ACU,A213,-2.59249999,-48.36055555,42.95
1663,2019-10-05,04:00,0.0,1005.9,1006.5,1005.9,-9999,24.6,22.3,25.2,24.6,22.4,22.1,87,83,87,359,1.9,0.0,N,PA,TOME ACU,A213,-2.59249999,-48.36055555,42.95
1664,2019-10-05,08:00,0.0,1005.7,1005.7,1005.4,-9999,22.8,21.7,23.0,22.7,21.9,21.6,94,93,94,354,0.0,0.0,N,PA,TOME ACU,A213,-2.59249999,-48.36055555,42.95
1665,2019-10-05,12:00,0.0,1007.4,1007.4,1007.0,1335,27.6,22.5,27.6,25.8,23.1,22.4,83,73,74,22,6.5,1.8,N,PA,TOME ACU,A213,-2.59249999,-48.36055555,42.95
1666,2019-10-05,16:00,0.0,1005.3,1006.3,1005.3,1964,31.7,21.6,31.8,30.9,22.3,21.3,59,55,55,101,5.2,1.4,N,PA,TOME ACU,A213,-2.59249999,-48.36055555,42.95
1667,2019-10-05,20:00,0.0,1002.2,1002.4,1002.1,982,33.0,21.8,33.2,32.6,22.0,20.8,53,49,52,231,2.7,0.0,N,PA,TOME ACU,A213,-2.59249999,-48.36055555,42.95
1668,2019-10-06,00:00,0.0,1004.5,1004.5,1003.5,-9999,25.6,23.7,26.4,25.6,23.9,23.7,89,86,89,213,0.0,0.0,N,PA,TOME ACU,A213,-2.59249999,-48.36055555,42.95
1669,2019-10-06,04:00,0.0,1004.8,1005.4,1004.8,-9999,24.4,23.0,24.9,24.4,23.2,22.9,92,90,92,14,0.0,0.0,N,PA,TOME ACU,A213,-2.59249999,-48.36055555,42.95
1670,2019-10-06,08:00,0.0,1004.6,1004.6,1004.3,-9999,23.1,22.1,23.2,22.9,22.2,21.9,94,94,94,56,0.0,0.0,N,PA,TOME ACU,A213,-2.59249999,-48.36055555,42.95
1671,2019-10-06,12:00,0.0,1007.7,1007.7,1007.1,1215,27.3,23.1,27.3,25.9,23.3,22.6,84,78,78,31,6.1,2.5,N,PA,TOME ACU,A213,-2.59249999,-48.36055555,42.95
1672,2019-10-06,16:00,0.0,1006.0,1006.9,1006.0,1797,30.7,22.7,31.3,30.2,22.9,21.5,64,58,62,44,4.3,1.6,N,PA,TOME ACU,A213,-2.59249999,-48.36055555,42.95
1673,2019-10-06,20:00,0.0,1003.1,1003.1,1002.6,1004,32.4,22.0,33.3,32.4,22.5,21.1,55,49,54,23,4.5,1.2,N,PA,TOME ACU,A213,-2.59249999,-48.36055555,42.95
1674,2019-10-07,00:00,0.0,1005.8,1005.8,1004.9,-9999,25.6,22.5,26.7,25.6,22.5,22.1,83,76,83,32,3.7,0.0,N,PA,TOME ACU,A213,-2.59249999,-48.36055555,42.95
1675,2019-10-07,04:00,0.0,1006.3,1006.8,1006.2,-9999,23.8,22.4,24.3,23.8,22.6,22.4,92,90,92,64,0.0,0.0,N,PA,TOME ACU,A213,-2.59249999,-48.36055555,42.95
1676,2019-10-07,08:00,0.0,1005.5,1005.5,1005.1,-9999,22.6,21.6,22.6,22.3,21.7,21.3,95,94,94,206,0.0,0.0,N,PA,TOME ACU,A213,-2.59249999,-48.36055555,42.95
1677,2019-10-07,12:00,0.0,1008.0,1008.1,1007.4,1620,27.9,22.2,27.9,25.5,23.2,22.2,86,71,71,66,8.3,4.2,N,PA,TOME ACU,A213,-2.59249999,-48.36055555,42.95
1678,2019-10-07,16:00,0.0,1005.4,1006.5,1005.4,2649,32.2,21.3,32.5,31.3,22.1,21.1,57,51,53,49,7.3,2.8,N,PA,TOME ACU,A213,-2.59249999,-48.36055555,42.95
1679,2019-10-07,20:00,0.0,1002.5,1003.0,1002.5,1017,33.1,21.1,33.9,33.1,21.5,20.3,50,46,50,74,5.4,2.0,N,PA,TOME ACU,A213,-2.59249999,-48.36055555,42.95
1680,2019-10-08,00:00,0.0,1004.4,1004.4,1003.5,-9999,26.4,23.9,26.8,26.4,24.0,23.4,86,82,86,119,0.0,0.0,N,PA,TOME ACU,A213,-2.59249999,-48.36055555,42.95
1681,2019-10-08,04:00,0.0,1004.3,1004.8,1004.3,-9999,24.8,22.3,25.4,24.8,22.5,22.3,86,84,86,23,2.9,0.3,N,PA,TOME ACU,A213,-2.59249999,-48.36055555,42.95
1682,2019-10-08,08:00,0.0,1004.2,1004.3,1003.9,-9999,23.4,22.2,23.6,23.4,22.2,22.1,93,92,93,49,2.3,0.3,N,PA,TOME ACU,A213,-2.59249999,-48.36055555,42.95
1683,2019-10-08,12:00,0.0,1007.1,1007.3,1006.5,1041,26.8,22.7,27.0,25.7,23.2,22.4,84,76,78,44,7.6,2.6,N,PA,TOME ACU,A213,-2.59249999,-48.36055555,42.95
1684,2019-10-08,16:00,0.0,1004.5,1005.6,1004.5,2513,32.8,22.1,32.8,31.2,23.4,21.2,62,52,54,94,4.9,1.5,N,PA,TOME ACU,A213,-2.59249999,-48.36055555,42.95
1685,2019-10-08,20:00,0.0,1001.8,1002.0,1001.6,475,31.3,22.2,32.8,31.3,23.8,21.8,62,53,58,70,3.4,0.0,N,PA,TOME ACU,A213,-2.59249999,-48.36055555,42.95
1686,2019-10-09,00:00,0.0,1004.5,1004.5,1003.6,-9999,26.9,24.5,27.6,26.9,24.5,24.1,86,81,86,326,0.9,0.0,N,PA,TOME ACU,A213,-2.59249999,-48.36055555,42.95
1687,2019-10-09,04:00,0.0,1004.6,1005.1,1004.6,-9999,24.5,22.2,25.1,24.5,22.6,22.2,87,86,87,39,3.0,0.6,N,PA,TOME ACU,A213,-2.59249999,-48.36055555,42.95
1688,2019-10-09,08:00,0.0,1004.9,1004.9,1004.6,-9999,22.9,21.7,23.2,22.9,21.9,21.7,93,93,93,53,2.4,0.0,N,PA,TOME ACU,A213,-2.59249999,-48.36055555,42.95
1689,2019-10-09,12:00,0.0,1008.2,1008.2,1007.7,1186,26.8,22.0,27.0,25.7,22.3,21.7,81,73,75,56,6.7,2.8,N,PA,TOME ACU,A213,-2.59249999,-48.36055555,42.95
1690,2019-10-09,16:00,0.0,1005.0,1006.4,1005.0,2343,31.8,21.2,32.4,30.5,21.9,20.5,60,51,53,62,5.8,1.9,N,PA,TOME ACU,A213,-2.59249999,-48.36055555,42.95
1691,2019-10-09,20:00,0.0,1002.5,1002.6,1002.3,689,31.5,23.2,34.1,31.5,23.2,20.8,61,46,61,354,5.6,0.0,N,PA,TOME ACU,A213,-2.59249999,-48.36055555,42.95
1692,2019-10-10,00:00,0.0,1005.1,1005.1,1004.5,-9999,26.5,23.7,27.1,26.5,24.1,23.7,86,83,85,314,0.0,0.0,N,PA,TOME ACU,A213,-2.59249999,-48.36055555,42.95
1693,2019-10-10,04:00,0.0,1003.8,1004.6,1003.8,-9999,24.5,21.7,25.1,24.5,22.2,21.7,85,83,85,35,2.7,0.6,N,PA,TOME ACU,A213,-2.59249999,-48.36055555,42.95
1694,2019-10-10,08:00,0.0,1004.3,1004.3,1003.8,-9999,22.2,21.0,22.7,22.2,21.2,21.0,93,91,93,83,1.5,0.0,N,PA,TOME ACU,A213,-2.59249999,-48.36055555,42.95
1695,2019-10-10,12:00,0.0,1006.3,1006.4,1005.9,1507,27.8,21.8,27.9,25.3,22.4,21.8,83,70,70,56,8.5,3.8,N,PA,TOME ACU,A213,-2.59249999,-48.36055555,42.95
1696,2019-10-10,16:00,0.0,1003.3,1004.4,1003.3,2712,34.3,19.4,34.3,33.0,20.5,19.2,47,41,42,69,7.1,1.6,N,PA,TOME ACU,A213,-2.59249999,-48.36055555,42.95
1697,2019-10-10,20:00,0.0,1002.3,1002.3,1002.0,867,33.8,19.4,34.9,33.8,20.0,18.7,43,40,43,70,5.3,2.0,N,PA,TOME ACU,A213,-2.59249999,-48.36055555,42.95
1698,2019-10-11,00:00,0.0,1004.3,1004.3,1003.6,-9999,25.6,22.8,26.3,25.6,23.2,22.6,85,81,85,60,0.0,0.0,N,PA,TOME ACU,A213,-2.59249999,-48.36055555,42.95
1699,2019-10-11,04:00,0.0,1003.6,1004.3,1003.6,-9999,24.6,21.7,25.2,24.6,21.9,21.7,84,82,84,41,5.0,1.6,N,PA,TOME ACU,A213,-2.59249999,-48.36055555,42.95
1700,2019-10-11,08:00,0.0,1004.6,1004.7,1004.0,-9999,23.1,21.7,23.4,23.1,21.8,21.7,92,90,92,47,3.3,0.4,N,PA,TOME ACU,A213,-2.59249999,-48.36055555,42.95
1701,2019-10-11,12:00,0.0,1007.3,1007.4,1007.2,1342,27.8,22.2,27.8,25.5,22.6,22.1,83,71,72,59,7.9,4.1,N,PA,TOME ACU,A213,-2.59249999,-48.36055555,42.95
1702,2019-10-11,16:00,0.0,1005.6,1006.8,1005.6,1968,34.4,20.8,34.4,31.7,21.8,20.3,56,45,45,42,5.2,1.8,N,PA,TOME ACU,A213,-2.59249999,-48.36055555,42.95
1703,2019-10-11,20:00,0.0,1003.3,1003.3,1002.8,967,33.6,20.3,34.3,33.6,20.4,19.5,46,42,46,31,4.9,1.3,N,PA,TOME ACU,A213,-2.59249999,-48.36055555,42.95
1704,2019-10-12,00:00,0.0,1005.6,1005.7,1005.1,-9999,24.5,21.3,25.1,24.5,21.4,21.2,83,79,83,32,1.5,0.0,N,PA,TOME ACU,A213,-2.59249999,-48.36055555,42.95
1705,2019-10-12,04:00,0.0,1005.9,1006.3,1005.9,-9999,22.7,21.4,23.2,22.7,21.6,21.4,92,90,92,334,0.0,0.0,N,PA,TOME ACU,A213,-2.59249999,-48.36055555,42.95
1706,2019-10-12,08:00,0.0,1005.5,1005.5,1004.9,-9999,21.2,20.2,21.5,21.2,20.6,20.2,95,94,94,158,0.0,0.0,N,PA,TOME ACU,A213,-2.59249999,-48.36055555,42.95
1707,2019-10-12,12:00,0.0,1007.7,1007.7,1007.1,1447,27.6,22.3,27.6,24.7,22.8,22.1,87,73,73,50,8.8,2.9,N,PA,TOME ACU,A213,-2.59249999,-48.36055555,42.95
1708,2019-10-12,16:00,0.0,1005.1,1006.6,1005.1,2678,31.9,21.7,32.8,31.2,21.8,20.8,58,50,55,54,9.5,3.0,N,PA,TOME ACU,A213,-2.59249999,-48.36055555,42.95
1709,2019-10-12,20:00,0.0,1002.3,1002.3,1002.2,872,32.8,21.1,34.0,32.8,21.1,19.9,50,45,50,49,4.6,1.0,N,PA,TOME ACU,A213,-2.59249999,-48.36055555,42.95
1710,2019-10-13,00:00,0.0,1004.4,1004.4,1003.7,-9999,27.0,23.8,27.5,27.0,23.8,22.7,82,75,82,329,4.0,0.1,N,PA,TOME ACU,A213,-2.59249999,-48.36055555,42.95
1711,2019-10-13,04:00,0.0,1004.6,1005.4,1004.6,-9999,24.6,22.7,25.2,24.6,23.1,22.7,89,88,89,29,2.6,0.0,N,PA,TOME ACU,A213,-2.59249999,-48.36055555,42.95
1712,2019-10-13,08:00,0.0,1004.3,1004.3,1003.7,-9999,22.7,21.6,23.1,22.7,22.0,21.6,94,93,94,17,0.0,0.0,N,PA,TOME ACU,A213,-2.59249999,-48.36055555,42.95
1713,2019-10-13,12:00,0.0,1007.2,1007.2,1006.3,1025,26.9,22.3,27.0,25.4,22.7,22.2,84,75,76,68,7.1,3.2,N,PA,TOME ACU,A213,-2.59249999,-48.36055555,42.95
1714,2019-10-13,16:00,0.0,1004.9,1006.2,1004.9,2403,32.0,21.2,32.0,30.3,22.1,21.2,61,53,53,59,6.0,2.4,N,PA,TOME ACU,A213,-2.59249999,-48.36055555,42.95
1715,2019-10-13,20:00,0.0,1002.5,1002.6,1002.4,915,32.9,21.0,34.0,32.9,21.3,20.9,50,47,50,46,2.9,0.4,N,PA,TOME ACU,A213,-2.59249999,-48.36055555,42.95
1716,2019-10-14,00:00,0.0,1004.9,1005.0,1004.4,-9999,26.0,22.9,27.3,26.0,23.0,22.8,83,77,83,22,5.9,0.1,N,PA,TOME ACU,A213,-2.59249999,-48.36055555,42.95
1717,2019-10-14,04:00,0.0,1004.8,1005.3,1004.8,-9999,24.3,22.5,24.3,24.2,22.5,22.3,90,89,89,358,3.2,0.2,N,PA,TOME ACU,A213,-2.59249999,-48.36055555,42.95
1718,2019-10-14,08:00,0.0,1004.7,1004.8,1004.5,-9999,22.9,21.8,23.3,22.9,22.2,21.8,94,93,94,11,0.0,0.0,N,PA,TOME ACU,A213,-2.59249999,-48.36055555,42.95
1719,2019-10-14,12:00,0.0,1007.1,1007.1,1006.7,1289,27.3,22.6,27.3,25.1,22.9,22.4,88,76,76,70,5.9,2.9,N,PA,TOME ACU,A213,-2.59249999,-48.36055555,42.95
1720,2019-10-14,16:00,0.0,1005.0,1006.2,1005.0,3012,32.1,21.3,32.3,30.7,22.2,20.9,60,51,53,99,5.3,2.2,N,PA,TOME ACU,A213,-2.59249999,-48.36055555,42.95
1721,2019-10-14,20:00,0.0,1002.6,1002.8,1002.5,771,32.9,21.1,33.9,32.9,21.2,20.1,50,45,50,80,2.9,1.0,N,PA,TOME ACU,A213,-2.59249999,-48.36055555,42.95
1722,2019-10-15,00:00,10.4,1006.6,1006.9,1004.6,-9999,24.7,22.8,27.1,24.7,24.1,22.3,93,80,89,147,11.1,2.7,N,PA,TOME ACU,A213,-2.59249999,-48.36055555,42.95
1723,2019-10-15,04:00,0.0,1006.2,1007.0,1006.2,-9999,23.9,22.8,24.3,23.9,23.1,22.8,94,92,94,358,2.8,0.0,N,PA,TOME ACU,A213,-2.59249999,-48.36055555,42.95
1724,2019-10-15,08:00,0.2,1005.7,1005.7,1005.3,-9999,23.0,22.0,23.1,23.0,22.2,22.0,95,94,94,41,2.5,0.0,N,PA,TOME ACU,A213,-2.59249999,-48.36055555,42.95
1725,2019-10-15,12:00,0.0,1008.0,1008.0,1007.7,1214,27.1,22.8,27.1,24.9,23.3,22.7,89,77,78,57,8.4,3.3,N,PA,TOME ACU,A213,-2.59249999,-48.36055555,42.95
1726,2019-10-15,16:00,0.0,1006.1,1007.0,1006.1,1654,32.1,21.9,32.1,31.1,22.2,21.0,58,52,55,53,7.5,1.4,N,PA,TOME ACU,A213,-2.59249999,-48.36055555,42.95
1727,2019-10-15,20:00,0.0,1003.5,1003.6,1003.4,566,32.2,21.0,32.8,31.9,21.9,21.0,56,51,52,39,4.8,1.6,N,PA,TOME ACU,A213,-2.59249999,-48.36055555,42.95
1728,2019-10-16,00:00,0.0,1006.6,1006.6,1005.4,-9999,26.9,23.0,27.6,26.9,23.1,22.9,79,75,79,360,3.2,0.6,N,PA,TOME ACU,A213,-2.59249999,-48.36055555,42.95
1729,2019-10-16,04:00,0.0,1006.0,1006.4,1006.0,-9999,24.4,22.2,24.7,24.4,22.4,22.2,88,87,88,347,1.8,0.0,N,PA,TOME ACU,A213,-2.59249999,-48.36055555,42.95
1730,2019-10-16,08:00,0.0,1006.0,1006.0,1005.8,-9999,22.3,21.3,22.7,22.3,21.7,21.3,94,94,94,203,0.0,0.0,N,PA,TOME ACU,A213,-2.59249999,-48.36055555,42.95
1731,2019-10-16,12:00,0.0,1007.9,1007.9,1007.4,1112,26.7,23.1,26.9,25.2,23.9,22.9,89,79,81,51,6.2,2.2,N,PA,TOME ACU,A213,-2.59249999,-48.36055555,42.95
1732,2019-10-16,16:00,0.0,1006.2,1007.2,1006.2,1857,31.9,22.2,31.9,30.6,22.6,20.8,61,52,57,54,4.3,1.5,N,PA,TOME ACU,A213,-2.59249999,-48.36055555,42.95
1733,2019-10-16,20:00,0.0,1003.8,1004.1,1003.7,1094,32.0,21.8,32.6,32.0,22.2,20.6,56,50,55,32,2.5,1.1,N,PA,TOME ACU,A213,-2.59249999,-48.36055555,42.95
1734,2019-10-17,00:00,0.0,1006.6,1006.6,1005.6,-9999,25.5,22.9,26.1,25.5,22.9,22.3,86,80,86,49,3.7,0.4,N,PA,TOME ACU,A213,-2.59249999,-48.36055555,42.95
1735,2019-10-17,04:00,0.0,1006.5,1006.9,1006.5,-9999,23.9,22.6,24.4,23.9,22.7,22.5,92,90,92,324,0.0,0.0,N,PA,TOME ACU,A213,-2.59249999,-48.36055555,42.95
1736,2019-10-17,08:00,0.0,1006.3,1006.3,1005.9,-9999,22.5,21.5,22.8,22.4,21.8,21.5,94,94,94,107,0.0,0.0,N,PA,TOME ACU,A213,-2.59249999,-48.36055555,42.95
1737,2019-10-17,12:00,0.0,1008.7,1008.7,1008.0,1218,27.3,22.4,27.5,25.8,23.2,22.2,86,73,74,56,8.0,3.5,N,PA,TOME ACU,A213,-2.59249999,-48.36055555,42.95
1738,2019-10-17,16:00,0.0,1006.9,1007.6,1006.9,1541,30.7,22.0,31.6,30.6,22.6,21.6,62,56,60,77,5.2,0.6,N,PA,TOME ACU,A213,-2.59249999,-48.36055555,42.95
1739,2019-10-17,20:00,0.0,1003.9,1004.0,1003.4,593,32.1,23.2,32.9,31.6,23.2,21.8,60,53,60,3,3.4,0.0,N,PA,TOME ACU,A213,-2.59249999,-48.36055555,42.95
1740,2019-10-18,00:00,0.0,1006.3,1006.3,1005.5,-9999,26.1,22.9,27.2,26.1,23.0,22.8,82,78,82,4,1.9,0.0,N,PA,TOME ACU,A213,-2.59249999,-48.36055555,42.95
1741,2019-10-18,04:00,0.0,1006.4,1007.0,1006.4,-9999,24.5,22.5,25.2,24.5,22.5,22.3,89,84,89,13,0.0,0.0,N,PA,TOME ACU,A213,-2.59249999,-48.36055555,42.95
1742,2019-10-18,08:00,0.0,1006.1,1006.1,1005.8,-9999,23.4,22.2,23.7,23.4,22.3,22.2,93,92,93,39,0.0,0.0,N,PA,TOME ACU,A213,-2.59249999,-48.36055555,42.95
1743,2019-10-18,12:00,0.0,1008.6,1008.6,1008.1,1347,28.0,22.2,28.0,25.8,23.0,22.2,85,71,71,72,7.8,3.5,N,PA,TOME ACU,A213,-2.59249999,-48.36055555,42.95
1744,2019-10-18,16:00,0.0,1006.8,1007.7,1006.8,2969,32.5,22.1,32.5,30.9,22.5,21.4,60,53,54,66,6.3,2.5,N,PA,TOME ACU,A213,-2.59249999,-48.36055555,42.95
1745,2019-10-18,20:00,0.0,1004.4,1004.5,1003.6,827,30.1,24.3,33.1,30.1,25.4,21.9,73,52,71,356,3.9,0.6,N,PA,TOME ACU,A213,-2.59249999,-48.36055555,42.95
1746,2019-10-19,00:00,0.0,1007.4,1007.4,1006.2,-9999,25.0,23.2,25.4,25.0,23.7,23.2,91,89,90,50,3.2,0.5,N,PA,TOME ACU,A213,-2.59249999,-48.36055555,42.95
1747,2019-10-19,04:00,0.0,1005.9,1006.8,1005.9,-9999,23.7,22.7,23.9,23.7,22.9,22.7,94,94,94,250,0.0,0.0,N,PA,TOME ACU,A213,-2.59249999,-48.36055555,42.95
1748,2019-10-19,08:00,0.0,1005.0,1005.0,1004.7,-9999,22.4,21.6,22.8,22.4,21.9,21.6,95,94,95,9,0.0,0.0,N,PA,TOME ACU,A213,-2.59249999,-48.36055555,42.95
1749,2019-10-19,12:00,0.0,1007.5,1007.6,1006.8,1165,26.7,22.5,27.0,25.2,23.2,22.5,87,78,78,26,5.2,1.7,N,PA,TOME ACU,A213,-2.59249999,-48.36055555,42.95
1750,2019-10-19,16:00,0.0,1005.6,1006.5,1005.6,2003,31.6,22.4,32.4,31.0,22.8,21.3,61,52,58,13,5.2,1.3,N,PA,TOME ACU,A213,-2.59249999,-48.36055555,42.95
1751,2019-10-19,20:00,0.6,1003.9,1004.0,1003.6,662,27.3,25.0,31.8,27.0,25.2,23.0,88,60,87,125,5.8,0.1,N,PA,TOME ACU,A213,-2.59249999,-48.36055555,42.95
1752,2019-10-20,00:00,0.0,1007.0,1007.0,1006.0,-9999,24.5,23.5,24.6,24.5,23.5,23.4,94,93,94,82,2.8,0.7,N,PA,TOME ACU,A213,-2.59249999,-48.36055555,42.95
1753,2019-10-20,04:00,0.0,1005.8,1006.5,1005.8,-9999,24.0,23.1,24.3,23.9,23.4,23.0,95,95,95,42,0.0,0.0,N,PA,TOME ACU,A213,-2.59249999,-48.36055555,42.95
1754,2019-10-20,08:00,0.0,1005.0,1005.0,1004.7,-9999,23.0,22.2,23.3,23.0,22.5,22.2,95,95,95,238,0.0,0.0,N,PA,TOME ACU,A213,-2.59249999,-48.36055555,42.95
1755,2019-10-20,12:00,0.0,1007.1,1007.2,1006.8,1167,27.2,23.4,27.2,25.6,24.2,23.4,91,80,80,39,4.2,1.7,N,PA,TOME ACU,A213,-2.59249999,-48.36055555,42.95
1756,2019-10-20,16:00,0.0,1005.1,1006.3,1005.1,2391,32.2,22.0,32.2,30.6,22.9,21.8,63,55,55,346,4.4,0.5,N,PA,TOME ACU,A213,-2.59249999,-48.36055555,42.95
1757,2019-10-20,20:00,5.8,1004.1,1004.1,1002.7,405,26.2,23.6,26.7,26.1,25.0,21.7,92,75,86,36,13.5,4.1,N,PA,TOME ACU,A213,-2.59249999,-48.36055555,42.95
1758,2019-10-21,00:00,0.0,1005.7,1005.7,1004.8,-9999,23.6,22.7,23.6,23.5,22.7,22.5,95,94,95,149,0.0,0.0,N,PA,TOME ACU,A213,-2.59249999,-48.36055555,42.95
1759,2019-10-21,04:00,0.0,1005.1,1005.6,1005.1,-9999,22.7,21.8,23.1,22.7,22.3,21.8,95,95,95,157,0.0,0.0,N,PA,TOME ACU,A213,-2.59249999,-48.36055555,42.95
1760,2019-10-21,08:00,0.0,1004.9,1004.9,1004.6,-9999,21.5,20.7,21.7,21.4,21.0,20.7,96,95,96,206,0.0,0.0,N,PA,TOME ACU,A213,-2.59249999,-48.36055555,42.95
1761,2019-10-21,12:00,0.0,1007.6,1007.6,1006.9,1565,27.6,23.1,27.6,25.7,24.0,22.8,89,76,76,10,3.7,1.1,N,PA,TOME ACU,A213,-2.59249999,-48.36055555,42.95
1762,2019-10-21,16:00,0.0,1004.9,1006.1,1004.9,3379,33.0,20.9,33.1,31.5,22.1,20.7,56,49,49,338,5.1,1.0,N,PA,TOME ACU,A213,-2.59249999,-48.36055555,42.95
1763,2019-10-21,20:00,0.0,1001.7,1002.1,1001.7,989,32.9,21.1,34.0,32.9,21.6,20.0,51,44,50,331,3.6,1.0,N,PA,TOME ACU,A213,-2.59249999,-48.36055555,42.95
1764,2019-10-22,00:00,0.0,1005.3,1005.3,1003.6,-9999,26.1,23.1,26.2,25.8,24.2,23.0,90,83,83,5,3.5,0.5,N,PA,TOME ACU,A213,-2.59249999,-48.36055555,42.95
1765,2019-10-22,04:00,0.0,1005.4,1006.1,1005.4,-9999,24.2,22.7,24.5,24.0,22.7,22.4,92,88,92,34,0.0,0.0,N,PA,TOME ACU,A213,-2.59249999,-48.36055555,42.95
1766,2019-10-22,08:00,0.0,1005.0,1005.2,1004.8,-9999,23.5,22.4,23.6,23.2,22.4,22.2,94,93,94,6,0.0,0.0,N,PA,TOME ACU,A213,-2.59249999,-48.36055555,42.95
1767,2019-10-22,12:00,0.0,1007.4,1007.4,1006.7,1025,27.3,23.6,27.4,25.9,24.0,23.4,87,80,80,50,4.2,1.7,N,PA,TOME ACU,A213,-2.59249999,-48.36055555,42.95
1768,2019-10-22,16:00,0.0,1005.1,1006.3,1005.1,2626,31.7,23.2,32.2,30.6,23.2,22.0,62,56,61,338,3.5,0.2,N,PA,TOME ACU,A213,-2.59249999,-48.36055555,42.95
1769,2019-10-22,20:00,0.0,1003.8,1004.1,1003.6,95,25.2,23.1,26.6,25.2,23.1,22.0,88,76,88,83,8.7,0.1,N,PA,TOME ACU,A213,-2.59249999,-48.36055555,42.95
1770,2019-10-23,00:00,0.0,1006.4,1006.4,1005.2,-9999,24.0,22.8,24.2,24.0,22.9,22.8,93,92,93,54,0.0,0.0,N,PA,TOME ACU,A213,-2.59249999,-48.36055555,42.95
1771,2019-10-23,04:00,0.0,1005.5,1006.3,1005.5,-9999,22.6,21.5,23.1,22.6,22.0,21.5,94,93,93,103,2.1,0.0,N,PA,TOME ACU,A213,-2.59249999,-48.36055555,42.95
1772,2019-10-23,08:00,0.0,1004.8,1004.8,1004.5,-9999,21.7,20.9,22.0,21.7,21.2,20.9,95,95,95,313,0.0,0.0,N,PA,TOME ACU,A213,-2.59249999,-48.36055555,42.95
1773,2019-10-23,12:00,0.0,1007.0,1007.1,1006.4,938,25.1,22.4,25.1,24.3,22.6,21.9,89,84,85,75,2.0,0.0,N,PA,TOME ACU,A213,-2.59249999,-48.36055555,42.95
1774,2019-10-23,16:00,0.0,1005.4,1006.4,1005.4,3047,30.2,22.6,30.3,28.9,22.9,21.7,68,61,64,347,5.4,0.7,N,PA,TOME ACU,A213,-2.59249999,-48.36055555,42.95
1775,2019-10-23,20:00,0.0,1003.3,1003.4,1003.0,399,26.9,23.5,31.8,26.8,23.6,21.8,82,56,81,210,5.7,0.0,N,PA,TOME ACU,A213,-2.59249999,-48.36055555,42.95
1776,2019-10-24,00:00,0.0,1005.1,1005.1,1004.4,-9999,24.3,23.0,24.7,24.3,23.3,23.0,93,91,93,294,0.0,0.0,N,PA,TOME ACU,A213,-2.59249999,-48.36055555,42.95
1777,2019-10-24,04:00,0.0,1005.4,1006.1,1005.4,-9999,24.4,23.1,24.8,24.4,23.5,23.1,93,91,92,73,0.0,0.0,N,PA,TOME ACU,A213,-2.59249999,-48.36055555,42.95
1778,2019-10-24,08:00,0.0,1003.8,1003.9,1003.7,-9999,22.9,22.1,23.3,22.9,22.4,22.1,95,94,95,152,0.0,0.0,N,PA,TOME ACU,A213,-2.59249999,-48.36055555,42.95
1779,2019-10-24,12:00,0.0,1006.3,1006.4,1006.0,1716,28.1,23.5,28.2,26.3,24.0,23.0,86,74,76,46,4.7,1.6,N,PA,TOME ACU,A213,-2.59249999,-48.36055555,42.95
1780,2019-10-24,16:00,0.0,1004.2,1005.2,1004.2,2750,33.0,21.6,33.0,31.9,22.8,21.4,58,50,51,161,3.8,0.5,N,PA,TOME ACU,A213,-2.59249999,-48.36055555,42.95
1781,2019-10-24,20:00,0.0,1001.8,1002.1,1001.7,837,32.2,20.9,34.2,32.1,22.5,19.5,52,46,51,2,7.5,0.4,N,PA,TOME ACU,A213,-2.59249999,-48.36055555,42.95
1782,2019-10-25,00:00,0.0,1004.4,1004.4,1003.4,-9999,24.8,23.1,25.3,24.8,24.0,23.1,93,91,91,11,2.7,0.4,N,PA,TOME ACU,A213,-2.59249999,-48.36055555,42.95
1783,2019-10-25,04:00,0.0,1004.4,1004.9,1004.4,-9999,23.8,22.4,24.2,23.8,22.6,22.4,92,91,92,44,1.8,0.0,N,PA,TOME ACU,A213,-2.59249999,-48.36055555,42.95
1784,2019-10-25,08:00,0.0,1004.3,1004.4,1004.0,-9999,22.9,21.9,23.1,22.8,22.2,21.8,95,94,94,43,0.0,0.0,N,PA,TOME ACU,A213,-2.59249999,-48.36055555,42.95
1785,2019-10-25,12:00,0.0,1007.7,1007.7,1006.9,1531,28.1,23.2,28.2,26.4,23.8,22.7,84,72,75,44,4.5,1.9,N,PA,TOME ACU,A213,-2.59249999,-48.36055555,42.95
1786,2019-10-25,16:00,0.0,1005.6,1006.4,1005.6,2879,31.8,22.2,32.6,31.0,23.2,22.0,61,54,57,41,4.9,1.8,N,PA,TOME ACU,A213,-2.59249999,-48.36055555,42.95
1787,2019-10-25,20:00,0.0,1002.6,1003.3,1002.6,1044,33.2,22.9,33.4,32.9,22.9,22.1,56,52,55,4,2.8,0.6,N,PA,TOME ACU,A213,-2.59249999,-48.36055555,42.95
1788,2019-10-26,00:00,0.0,1005.5,1005.5,1004.5,-9999,26.8,22.9,28.3,26.8,24.0,22.9,79,76,79,32,5.9,0.0,N,PA,TOME ACU,A213,-2.59249999,-48.36055555,42.95
1789,2019-10-26,04:00,0.0,1005.6,1005.9,1005.6,-9999,24.3,22.5,24.7,24.3,22.5,22.5,90,88,90,15,2.0,0.0,N,PA,TOME ACU,A213,-2.59249999,-48.36055555,42.95
1790,2019-10-26,08:00,0.0,1006.3,1006.3,1005.3,-9999,23.0,22.0,23.3,22.9,22.2,21.9,94,93,94,248,0.0,0.0,N,PA,TOME ACU,A213,-2.59249999,-48.36055555,42.95
1791,2019-10-26,12:00,0.0,1008.3,1008.3,1008.1,1194,27.4,22.7,27.7,25.7,23.5,22.7,87,75,75,38,7.5,2.7,N,PA,TOME ACU,A213,-2.59249999,-48.36055555,42.95
1792,2019-10-26,16:00,0.0,1005.7,1006.9,1005.7,2618,32.1,22.2,32.3,31.2,22.8,21.4,60,54,56,359,5.7,1.4,N,PA,TOME ACU,A213,-2.59249999,-48.36055555,42.95
1793,2019-10-26,20:00,3.0,1003.2,1004.1,1002.9,421,26.1,23.8,30.8,26.1,25.8,22.8,87,69,87,236,8.4,0.0,N,PA,TOME ACU,A213,-2.59249999,-48.36055555,42.95
1794,2019-10-27,00:00,0.0,1007.3,1007.4,1005.2,-9999,25.2,23.7,25.2,24.6,23.9,23.5,94,92,92,236,3.7,0.3,N,PA,TOME ACU,A213,-2.59249999,-48.36055555,42.95
1795,2019-10-27,04:00,0.0,1006.6,1007.1,1006.6,-9999,24.3,23.1,24.7,24.3,23.3,23.0,93,91,93,236,0.0,0.0,N,PA,TOME ACU,A213,-2.59249999,-48.36055555,42.95
1796,2019-10-27,08:00,0.0,1005.6,1005.6,1005.4,-9999,22.7,21.9,23.1,22.7,22.2,21.9,95,95,95,236,0.0,0.0,N,PA,TOME ACU,A213,-2.59249999,-48.36055555,42.95
1797,2019-10-27,12:00,0.0,1008.0,1008.1,1007.6,1191,27.5,23.1,27.5,25.8,23.7,23.0,89,77,77,236,6.5,2.6,N,PA,TOME ACU,A213,-2.59249999,-48.36055555,42.95
1798,2019-10-27,16:00,0.0,1005.0,1006.4,1005.0,2879,32.9,22.3,32.9,30.7,23.4,22.1,64,54,54,236,4.9,2.2,N,PA,TOME ACU,A213,-2.59249999,-48.36055555,42.95
1799,2019-10-27,20:00,0.0,1002.7,1003.0,1002.7,832,33.0,21.0,33.7,33.0,21.5,20.4,51,46,49,236,7.0,0.8,N,PA,TOME ACU,A213,-2.59249999,-48.36055555,42.95
1800,2019-10-28,00:00,0.0,1004.8,1004.8,1004.2,-9999,26.0,23.8,26.5,26.0,24.0,23.6,88,84,88,236,0.0,0.0,N,PA,TOME ACU,A213,-2.59249999,-48.36055555,42.95
1801,2019-10-28,04:00,0.0,1004.5,1005.0,1004.4,-9999,24.4,22.0,25.2,24.4,22.3,22.0,87,84,86,236,3.4,0.0,N,PA,TOME ACU,A213,-2.59249999,-48.36055555,42.95
1802,2019-10-28,08:00,0.0,1004.5,1004.5,1004.2,-9999,22.2,21.2,22.8,22.2,21.5,21.2,94,92,94,236,0.0,0.0,N,PA,TOME ACU,A213,-2.59249999,-48.36055555,42.95
1803,2019-10-28,12:00,0.0,1007.2,1007.2,1006.8,1322,27.7,22.8,27.7,25.6,23.0,22.4,84,75,75,236,5.4,1.3,N,PA,TOME ACU,A213,-2.59249999,-48.36055555,42.95
1804,2019-10-28,16:00,0.0,1004.6,1005.7,1004.5,1981,32.3,20.7,32.7,31.9,21.2,19.7,53,47,51,236,6.3,1.9,N,PA,TOME ACU,A213,-2.59249999,-48.36055555,42.95
1805,2019-10-28,20:00,0.0,1001.7,1002.1,1001.7,782,32.6,23.3,33.8,32.6,23.3,20.4,58,46,58,236,3.5,0.0,N,PA,TOME ACU,A213,-2.59249999,-48.36055555,42.95
1806,2019-10-29,00:00,0.0,1004.5,1004.5,1003.8,-9999,26.6,22.6,27.1,26.6,22.7,21.7,79,73,79,236,2.8,0.3,N,PA,TOME ACU,A213,-2.59249999,-48.36055555,42.95
1807,2019-10-29,04:00,0.0,1004.3,1004.9,1004.3,-9999,24.1,22.4,24.5,24.1,22.9,22.4,91,89,90,236,0.0,0.0,N,PA,TOME ACU,A213,-2.59249999,-48.36055555,42.95
1808,2019-10-29,08:00,0.0,1003.8,1003.8,1003.2,-9999,22.3,21.3,22.6,22.3,21.6,21.3,94,94,94,236,0.0,0.0,N,PA,TOME ACU,A213,-2.59249999,-48.36055555,42.95
1809,2019-10-29,12:00,0.0,1006.4,1006.4,1006.0,1435,27.7,22.5,27.7,25.3,22.8,22.2,85,73,73,236,6.2,2.0,N,PA,TOME ACU,A213,-2.59249999,-48.36055555,42.95
1810,2019-10-29,16:00,0.0,1004.4,1005.3,1004.4,1425,30.2,22.0,30.8,30.0,22.3,21.4,63,58,61,236,5.2,1.6,N,PA,TOME ACU,A213,-2.59249999,-48.36055555,42.95
1811,2019-10-29,20:00,0.0,1002.0,1002.3,1002.0,775,31.1,22.7,31.3,30.4,23.0,22.0,64,58,61,236,1.8,0.0,N,PA,TOME ACU,A213,-2.59249999,-48.36055555,42.95
1812,2019-10-30,00:00,0.0,1004.2,1004.2,1003.3,-9999,26.4,23.7,26.5,25.9,24.0,23.4,89,83,85,236,6.4,0.6,N,PA,TOME ACU,A213,-2.59249999,-48.36055555,42.95
1813,2019-10-30,04:00,0.0,1004.1,1004.6,1004.1,-9999,24.3,22.6,24.8,24.2,22.8,22.6,91,89,91,236,0.0,0.0,N,PA,TOME ACU,A213,-2.59249999,-48.36055555,42.95
1814,2019-10-30,08:00,0.0,1003.2,1003.2,1002.9,-9999,22.4,21.5,22.8,22.4,21.8,21.5,94,94,94,236,0.0,0.0,N,PA,TOME ACU,A213,-2.59249999,-48.36055555,42.95
1815,2019-10-30,12:00,0.0,1006.0,1006.0,1005.6,1095,26.9,22.4,26.9,25.1,22.7,22.0,84,76,76,236,5.0,2.1,N,PA,TOME ACU,A213,-2.59249999,-48.36055555,42.95
1816,2019-10-30,16:00,0.0,1004.6,1005.4,1004.6,1440,31.1,22.1,31.1,29.9,22.1,21.4,63,58,59,236,3.9,0.8,N,PA,TOME ACU,A213,-2.59249999,-48.36055555,42.95
1817,2019-10-30,20:00,0.0,1002.4,1002.6,1002.3,876,31.1,23.0,32.4,31.0,23.1,21.1,63,51,62,236,4.0,0.1,N,PA,TOME ACU,A213,-2.59249999,-48.36055555,42.95
1818,2019-10-31,00:00,0.0,1005.7,1005.7,1004.6,-9999,26.6,23.0,26.8,26.2,24.2,22.9,89,80,81,236,5.3,1.0,N,PA,TOME ACU,A213,-2.59249999,-48.36055555,42.95
1819,2019-10-31,04:00,0.0,1005.6,1006.0,1005.6,-9999,24.4,22.7,25.0,24.4,22.8,22.7,90,88,90,236,3.2,0.9,N,PA,TOME ACU,A213,-2.59249999,-48.36055555,42.95
1820,2019-10-31,08:00,0.0,1005.3,1005.3,1004.8,-9999,23.3,22.3,23.3,23.2,22.3,22.1,94,93,94,236,0.0,0.0,N,PA,TOME ACU,A213,-2.59249999,-48.36055555,42.95
1821,2019-10-31,12:00,0.0,1007.6,1007.6,1007.1,1260,27.9,23.3,28.1,25.7,23.3,22.7,86,74,76,236,5.6,2.0,N,PA,TOME ACU,A213,-2.59249999,-48.36055555,42.95
1822,2019-10-31,16:00,0.0,1005.7,1006.5,1005.7,2792,32.6,21.2,32.6,31.7,21.9,20.6,56,49,51,236,5.0,2.1,N,PA,TOME ACU,A213,-2.59249999,-48.36055555,42.95
1823,2019-10-31,20:00,0.0,1003.2,1003.2,1003.0,861,32.4,22.2,33.2,32.4,22.5,21.4,56,50,55,236,3.6,0.8,N,PA,TOME ACU,A213,-2.59249999,-48.36055555,42.95
1824,2019-11-01,00:00,0.0,1005.1,1005.1,1004.2,-9999,27.1,23.9,27.3,26.5,24.2,23.6,87,80,82,236,4.1,0.6,N,PA,TOME ACU,A213,-2.59249999,-48.36055555,42.95
1825,2019-11-01,04:00,0.0,1005.7,1006.0,1005.7,-9999,24.1,21.7,24.9,24.1,21.7,21.5,86,82,86,236,2.9,0.0,N,PA,TOME ACU,A213,-2.59249999,-48.36055555,42.95
1826,2019-11-01,08:00,0.0,1005.6,1005.6,1005.3,-9999,22.1,21.1,22.4,22.1,21.2,21.0,94,93,94,236,0.0,0.0,N,PA,TOME ACU,A213,-2.59249999,-48.36055555,42.95
1827,2019-11-01,12:00,0.0,1008.1,1008.1,1007.7,1468,28.1,22.3,28.1,25.7,22.7,22.2,83,70,70,236,6.6,2.7,N,PA,TOME ACU,A213,-2.59249999,-48.36055555,42.95
1828,2019-11-01,16:00,0.0,1005.5,1006.8,1005.4,2842,33.4,20.6,33.9,32.5,20.8,19.8,51,45,47,236,7.1,2.0,N,PA,TOME ACU,A213,-2.59249999,-48.36055555,42.95
1829,2019-11-01,20:00,0.0,1003.2,1003.4,1003.2,313,31.2,22.8,33.3,30.4,23.1,20.8,64,48,61,236,5.7,0.3,N,PA,TOME ACU,A213,-2.59249999,-48.36055555,42.95
1830,2019-11-02,00:00,0.0,1004.8,1004.8,1004.1,-9999,26.3,24.6,26.9,26.3,24.9,24.6,90,88,90,236,0.0,0.0,N,PA,TOME ACU,A213,-2.59249999,-48.36055555,42.95
1831,2019-11-02,04:00,0.0,1004.2,1004.6,1004.2,-9999,24.7,23.1,25.2,24.7,23.4,23.1,91,90,91,236,0.0,0.0,N,PA,TOME ACU,A213,-2.59249999,-48.36055555,42.95
1832,2019-11-02,08:00,0.0,1004.0,1004.0,1003.8,-9999,23.0,22.1,23.6,23.0,22.6,22.1,94,94,94,236,0.0,0.0,N,PA,TOME ACU,A213,-2.59249999,-48.36055555,42.95
1833,2019-11-02,12:00,0.0,1006.4,1006.4,1006.1,1134,27.2,22.9,27.2,25.7,23.4,22.7,86,77,78,236,5.1,2.0,N,PA,TOME ACU,A213,-2.59249999,-48.36055555,42.95
1834,2019-11-02,16:00,0.0,1003.9,1005.0,1003.9,3253,33.3,21.4,33.3,31.7,22.1,21.2,55,50,50,236,4.5,1.1,N,PA,TOME ACU,A213,-2.59249999,-48.36055555,42.95
1835,2019-11-02,20:00,0.0,1001.1,1001.5,1001.1,701,32.4,22.6,34.2,32.4,22.6,20.9,56,47,56,236,5.5,0.8,N,PA,TOME ACU,A213,-2.59249999,-48.36055555,42.95
1836,2019-11-03,00:00,0.0,1004.4,1004.4,1003.0,-9999,25.9,23.4,26.3,25.7,23.8,23.0,89,82,86,236,1.1,0.0,N,PA,TOME ACU,A213,-2.59249999,-48.36055555,42.95
1837,2019-11-03,04:00,0.0,1004.2,1004.6,1004.2,-9999,24.8,22.7,25.2,24.8,22.9,22.7,88,87,88,236,2.3,0.1,N,PA,TOME ACU,A213,-2.59249999,-48.36055555,42.95
1838,2019-11-03,08:00,0.0,1004.2,1004.2,1003.5,-9999,23.2,22.1,23.5,23.2,22.4,22.1,94,93,94,236,0.0,0.0,N,PA,TOME ACU,A213,-2.59249999,-48.36055555,42.95
1839,2019-11-03,12:00,0.0,1006.5,1006.6,1005.9,1270,27.7,22.7,28.1,26.1,23.0,22.5,82,72,75,236,5.6,2.8,N,PA,TOME ACU,A213,-2.59249999,-48.36055555,42.95
1840,2019-11-03,16:00,0.0,1003.9,1004.9,1003.9,2092,31.8,22.1,31.8,30.6,22.7,21.8,62,56,56,236,5.3,1.7,N,PA,TOME ACU,A213,-2.59249999,-48.36055555,42.95
1841,2019-11-03,20:00,0.0,1001.7,1001.7,1001.4,578,32.6,21.8,33.8,32.4,22.3,21.5,55,49,53,236,1.9,0.0,N,PA,TOME ACU,A213,-2.59249999,-48.36055555,42.95
1842,2019-11-04,00:00,0.2,1006.6,1006.6,1005.4,-9999,24.0,22.9,24.0,23.7,22.9,22.2,94,91,94,236,2.0,0.0,N,PA,TOME ACU,A213,-2.59249999,-48.36055555,42.95
1843,2019-11-04,04:00,0.0,1004.1,1005.3,1004.1,-9999,24.2,23.3,24.3,24.2,23.3,23.3,95,95,95,236,0.0,0.0,N,PA,TOME ACU,A213,-2.59249999,-48.36055555,42.95
1844,2019-11-04,08:00,0.0,1004.4,1004.4,1003.3,-9999,23.4,22.6,23.6,23.4,22.8,22.6,95,95,95,236,0.0,0.0,N,PA,TOME ACU,A213,-2.59249999,-48.36055555,42.95
1845,2019-11-04,12:00,0.0,1006.7,1006.7,1006.0,1151,26.8,23.4,26.8,25.4,23.6,23.1,89,81,82,236,6.0,2.3,N,PA,TOME ACU,A213,-2.59249999,-48.36055555,42.95
1846,2019-11-04,16:00,0.0,1004.3,1005.3,1004.2,2792,32.4,22.1,32.5,30.9,23.2,21.7,62,53,55,236,5.4,2.1,N,PA,TOME ACU,A213,-2.59249999,-48.36055555,42.95
1847,2019-11-04,20:00,0.0,1002.3,1002.3,1001.8,339,30.2,23.9,32.9,30.2,25.9,22.0,74,53,69,236,5.1,0.6,N,PA,TOME ACU,A213,-2.59249999,-48.36055555,42.95
1848,2019-11-05,00:00,0.0,1005.1,1005.5,1005.0,-9999,24.7,23.5,25.1,24.7,23.7,23.4,93,92,93,236,0.0,0.0,N,PA,TOME ACU,A213,-2.59249999,-48.36055555,42.95
1849,2019-11-05,04:00,0.0,1004.0,1004.5,1004.0,-9999,23.6,22.6,24.1,23.6,23.0,22.6,94,93,94,236,0.0,0.0,N,PA,TOME ACU,A213,-2.59249999,-48.36055555,42.95
1850,2019-11-05,08:00,0.0,1004.2,1004.2,1003.7,-9999,22.6,21.7,22.9,22.6,22.0,21.6,94,94,94,236,2.1,0.0,N,PA,TOME ACU,A213,-2.59249999,-48.36055555,42.95
1851,2019-11-05,12:00,0.0,1007.5,1007.6,1007.1,1511,27.6,23.2,27.6,25.5,23.3,22.7,87,77,77,236,6.6,2.9,N,PA,TOME ACU,A213,-2.59249999,-48.36055555,42.95
1852,2019-11-05,16:00,0.2,1005.1,1006.1,1005.1,2617,33.0,21.0,33.0,31.9,22.0,20.4,56,49,49,236,6.3,0.6,N,PA,TOME ACU,A213,-2.59249999,-48.36055555,42.95
1853,2019-11-05,20:00,0.0,1002.9,1003.1,1002.9,800,33.3,21.1,33.5,32.9,21.5,20.3,50,46,49,236,4.6,0.3,N,PA,TOME ACU,A213,-2.59249999,-48.36055555,42.95
1854,2019-11-06,00:00,0.0,1004.7,1004.7,1004.0,-9999,27.3,24.0,27.3,27.0,24.0,23.5,82,80,82,236,2.1,0.0,N,PA,TOME ACU,A213,-2.59249999,-48.36055555,42.95
1855,2019-11-06,04:00,0.0,1003.7,1004.6,1003.6,-9999,24.8,22.9,25.5,24.8,23.8,22.9,91,89,89,236,2.5,0.3,N,PA,TOME ACU,A213,-2.59249999,-48.36055555,42.95
1856,2019-11-06,08:00,0.0,1003.9,1003.9,1003.4,-9999,22.7,21.7,23.4,22.7,22.2,21.7,94,94,94,236,0.0,0.0,N,PA,TOME ACU,A213,-2.59249999,-48.36055555,42.95
1857,2019-11-06,12:00,0.0,1007.5,1007.5,1007.0,833,26.4,22.8,26.4,24.8,23.8,22.8,91,81,81,236,6.2,2.4,N,PA,TOME ACU,A213,-2.59249999,-48.36055555,42.95
1858,2019-11-06,16:00,0.0,1005.1,1005.9,1005.1,1926,31.6,22.3,32.4,30.8,22.5,21.0,59,53,58,236,5.3,1.7,N,PA,TOME ACU,A213,-2.59249999,-48.36055555,42.95
1859,2019-11-06,20:00,0.6,1002.9,1002.9,1002.4,444,31.1,23.5,32.8,31.1,24.9,21.4,68,52,64,236,6.7,0.9,N,PA,TOME ACU,A213,-2.59249999,-48.36055555,42.95
1860,2019-11-07,00:00,0.0,1004.7,1005.0,1004.1,-9999,24.3,22.4,25.3,24.3,23.2,22.4,90,87,89,236,4.4,0.5,N,PA,TOME ACU,A213,-2.59249999,-48.36055555,42.95
1861,2019-11-07,04:00,0.0,1003.4,1004.0,1003.4,-9999,23.1,22.0,23.3,23.1,22.2,22.0,94,93,94,236,1.0,0.0,N,PA,TOME ACU,A213,-2.59249999,-48.36055555,42.95
1862,2019-11-07,08:00,0.0,1003.1,1003.2,1002.9,-9999,22.2,21.4,22.5,22.2,21.6,21.4,95,95,95,236,0.0,0.0,N,PA,TOME ACU,A213,-2.59249999,-48.36055555,42.95
1863,2019-11-07,12:00,0.0,1005.5,1005.7,1005.4,1227,26.8,23.4,27.0,25.3,24.1,23.1,89,81,81,236,5.4,2.0,N,PA,TOME ACU,A213,-2.59249999,-48.36055555,42.95
1864,2019-11-07,16:00,0.0,1003.8,1004.7,1003.8,2289,31.2,21.7,31.4,30.1,23.0,21.7,65,57,57,236,4.4,0.4,N,PA,TOME ACU,A213,-2.59249999,-48.36055555,42.95
1865,2019-11-07,20:00,0.0,1001.4,1001.6,1001.3,873,32.8,22.0,33.0,32.6,22.3,21.1,54,50,53,236,1.6,0.0,N,PA,TOME ACU,A213,-2.59249999,-48.36055555,42.95
1866,2019-11-08,00:00,0.0,1002.8,1002.8,1002.3,-9999,25.8,24.1,26.6,25.8,24.4,24.1,90,88,90,236,0.0,0.0,N,PA,TOME ACU,A213,-2.59249999,-48.36055555,42.95
1867,2019-11-08,04:00,0.0,1002.9,1003.3,1002.9,-9999,24.2,23.0,24.7,24.2,23.2,23.0,93,91,93,236,0.8,0.0,N,PA,TOME ACU,A213,-2.59249999,-48.36055555,42.95
1868,2019-11-08,08:00,0.0,1002.8,1002.8,1002.1,-9999,23.0,22.0,23.3,23.0,22.3,22.0,94,94,94,236,0.0,0.0,N,PA,TOME ACU,A213,-2.59249999,-48.36055555,42.95
1869,2019-11-08,12:00,0.0,1005.6,1005.6,1005.0,1075,27.2,23.5,27.4,25.4,24.1,23.4,90,79,80,236,5.8,2.1,N,PA,TOME ACU,A213,-2.59249999,-48.36055555,42.95
1870,2019-11-08,16:00,0.0,1003.4,1004.5,1003.4,1270,30.7,22.4,30.9,29.3,23.3,22.2,70,60,61,236,4.6,1.6,N,PA,TOME ACU,A213,-2.59249999,-48.36055555,42.95
1871,2019-11-08,20:00,0.0,1000.6,1000.9,1000.6,796,31.5,22.2,31.9,31.5,22.7,21.9,59,56,58,236,2.6,0.0,N,PA,TOME ACU,A213,-2.59249999,-48.36055555,42.95
1872,2019-11-09,00:00,0.0,1003.7,1003.8,1002.8,-9999,26.3,24.1,26.8,26.3,24.2,24.0,88,84,88,236,0.0,0.0,N,PA,TOME ACU,A213,-2.59249999,-48.36055555,42.95
1873,2019-11-09,04:00,0.0,1003.7,1004.0,1003.6,-9999,24.9,23.5,25.3,24.9,23.7,23.5,92,91,92,236,1.9,0.0,N,PA,TOME ACU,A213,-2.59249999,-48.36055555,42.95
1874,2019-11-09,08:00,0.0,1003.6,1003.6,1002.8,-9999,23.5,22.6,23.6,23.5,22.7,22.5,95,94,94,236,0.0,0.0,N,PA,TOME ACU,A213,-2.59249999,-48.36055555,42.95
1875,2019-11-09,12:00,0.0,1006.5,1006.5,1006.1,1017,27.4,23.7,27.4,25.3,24.2,23.6,92,80,80,236,4.7,2.4,N,PA,TOME ACU,A213,-2.59249999,-48.36055555,42.95
1876,2019-11-09,16:00,0.0,1004.2,1005.2,1004.2,2062,31.0,22.5,31.5,30.6,22.7,21.8,62,57,61,236,6.0,2.5,N,PA,TOME ACU,A213,-2.59249999,-48.36055555,42.95
1877,2019-11-09,20:00,0.0,1001.7,1001.8,1001.6,593,31.2,22.6,32.2,31.1,24.6,21.9,68,55,60,236,3.7,0.6,N,PA,TOME ACU,A213,-2.59249999,-48.36055555,42.95
1878,2019-11-10,00:00,0.0,1004.4,1004.4,1003.4,-9999,26.1,24.4,26.1,25.9,24.5,24.0,91,89,91,236,0.8,0.0,N,PA,TOME ACU,A213,-2.59249999,-48.36055555,42.95
1879,2019-11-10,04:00,0.0,1003.4,1004.2,1003.4,-9999,24.3,22.7,24.9,24.3,23.3,22.7,91,90,91,236,1.9,0.0,N,PA,TOME ACU,A213,-2.59249999,-48.36055555,42.95
1880,2019-11-10,08:00,0.0,1003.2,1003.3,1002.6,-9999,23.4,22.3,23.6,23.4,22.4,22.3,94,93,94,236,0.0,0.0,N,PA,TOME ACU,A213,-2.59249999,-48.36055555,42.95
1881,2019-11-10,12:00,0.0,1006.9,1006.9,1006.2,1192,27.4,22.9,27.5,26.1,23.6,22.7,85,76,77,236,6.6,3.3,N,PA,TOME ACU,A213,-2.59249999,-48.36055555,42.95
1882,2019-11-10,16:00,0.0,1004.5,1005.2,1004.5,1838,32.2,22.0,32.3,31.1,22.6,21.3,60,53,55,236,6.5,1.9,N,PA,TOME ACU,A213,-2.59249999,-48.36055555,42.95
1883,2019-11-10,20:00,0.0,1002.5,1002.5,1002.2,867,32.5,22.8,32.8,31.9,23.2,21.9,60,54,57,236,0.0,0.0,N,PA,TOME ACU,A213,-2.59249999,-48.36055555,42.95
1884,2019-11-11,00:00,0.0,1004.2,1004.3,1003.8,-9999,26.1,22.8,27.4,26.1,23.3,22.8,82,78,82,236,5.8,0.5,N,PA,TOME ACU,A213,-2.59249999,-48.36055555,42.95
1885,2019-11-11,04:00,0.0,1003.8,1004.1,1003.8,-9999,23.9,22.7,24.4,23.9,23.0,22.7,93,92,93,236,0.0,0.0,N,PA,TOME ACU,A213,-2.59249999,-48.36055555,42.95
1886,2019-11-11,08:00,0.0,1003.5,1003.5,1003.0,-9999,22.6,21.7,22.9,22.6,22.0,21.7,95,94,95,236,0.0,0.0,N,PA,TOME ACU,A213,-2.59249999,-48.36055555,42.95
1887,2019-11-11,12:00,0.0,1006.1,1006.1,1005.6,997,27.0,23.0,27.0,25.1,23.5,22.9,90,79,79,236,6.3,3.2,N,PA,TOME ACU,A213,-2.59249999,-48.36055555,42.95
1888,2019-11-11,16:00,0.0,1003.3,1004.5,1003.3,1631,31.8,21.8,31.8,30.4,23.0,21.8,64,56,56,236,3.4,0.5,N,PA,TOME ACU,A213,-2.59249999,-48.36055555,42.95
1889,2019-11-11,20:00,1.4,1000.8,1001.2,1000.7,313,27.0,25.0,28.5,26.7,25.3,23.2,90,73,89,236,11.1,0.0,N,PA,TOME ACU,A213,-2.59249999,-48.36055555,42.95
1890,2019-11-12,00:00,0.0,1003.2,1003.2,1002.1,-9999,25.7,24.5,25.9,25.6,24.8,24.5,94,93,93,236,2.2,0.0,N,PA,TOME ACU,A213,-2.59249999,-48.36055555,42.95
1891,2019-11-12,04:00,0.0,1003.1,1003.6,1003.1,-9999,24.8,23.5,25.2,24.8,24.0,23.5,93,92,92,236,2.0,0.0,N,PA,TOME ACU,A213,-2.59249999,-48.36055555,42.95
1892,2019-11-12,08:00,0.0,1002.9,1002.9,1002.3,-9999,23.0,22.1,23.4,23.0,22.5,22.1,95,95,95,236,0.0,0.0,N,PA,TOME ACU,A213,-2.59249999,-48.36055555,42.95
1893,2019-11-12,12:00,0.0,1005.3,1005.4,1004.7,1345,27.2,23.3,27.3,25.4,23.9,23.2,90,79,80,236,5.9,2.3,N,PA,TOME ACU,A213,-2.59249999,-48.36055555,42.95
1894,2019-11-12,16:00,0.0,1003.9,1004.8,1003.9,2254,31.9,22.1,32.0,30.9,22.5,21.4,61,54,56,236,5.1,2.4,N,PA,TOME ACU,A213,-2.59249999,-48.36055555,42.95
1895,2019-11-12,20:00,0.0,1000.5,1000.6,1000.5,877,32.3,22.6,32.9,32.2,23.2,21.8,59,52,57,236,2.8,0.1,N,PA,TOME ACU,A213,-2.59249999,-48.36055555,42.95
1896,2019-11-13,00:00,0.0,1004.2,1004.2,1003.3,-9999,24.9,23.9,25.0,24.7,23.9,23.7,94,93,94,236,0.0,0.0,N,PA,TOME ACU,A213,-2.59249999,-48.36055555,42.95
1897,2019-11-13,04:00,0.0,1003.6,1004.1,1003.5,-9999,24.1,23.2,24.5,24.1,23.4,23.2,95,93,95,236,0.0,0.0,N,PA,TOME ACU,A213,-2.59249999,-48.36055555,42.95
1898,2019-11-13,08:00,0.0,1003.4,1003.4,1002.9,-9999,22.8,22.0,23.2,22.8,22.3,22.0,95,95,95,236,0.0,0.0,N,PA,TOME ACU,A213,-2.59249999,-48.36055555,42.95
1899,2019-11-13,12:00,0.0,1005.6,1005.6,1005.3,1481,27.7,23.4,27.7,25.3,23.4,22.8,87,77,77,236,7.2,2.7,N,PA,TOME ACU,A213,-2.59249999,-48.36055555,42.95
1900,2019-11-13,16:00,0.0,1004.1,1005.1,1004.1,1883,31.7,21.7,31.8,30.6,22.4,21.5,60,54,56,236,4.9,1.1,N,PA,TOME ACU,A213,-2.59249999,-48.36055555,42.95
1901,2019-11-13,20:00,0.0,1001.7,1002.0,1001.7,679,30.6,26.2,30.8,30.0,27.0,25.1,81,74,77,236,1.0,0.0,N,PA,TOME ACU,A213,-2.59249999,-48.36055555,42.95
1902,2019-11-14,00:00,0.0,1004.4,1004.4,1003.7,-9999,25.0,22.7,25.6,25.0,22.7,22.0,87,81,87,236,2.8,0.0,N,PA,TOME ACU,A213,-2.59249999,-48.36055555,42.95
1903,2019-11-14,04:00,0.0,1004.2,1004.6,1004.2,-9999,24.2,22.6,24.3,24.1,22.6,22.4,91,89,91,236,2.2,0.1,N,PA,TOME ACU,A213,-2.59249999,-48.36055555,42.95
1904,2019-11-14,08:00,0.0,1003.7,1003.7,1003.0,-9999,22.8,21.9,23.3,22.8,22.2,21.9,94,93,94,236,0.0,0.0,N,PA,TOME ACU,A213,-2.59249999,-48.36055555,42.95
1905,2019-11-14,12:00,0.0,1006.5,1006.6,1006.2,1309,27.7,23.4,27.8,25.7,23.8,22.9,86,76,77,236,6.3,2.2,N,PA,TOME ACU,A213,-2.59249999,-48.36055555,42.95
1906,2019-11-14,16:00,0.0,1004.7,1005.8,1004.7,2703,31.8,23.0,32.4,31.0,23.2,21.7,62,55,60,236,4.7,1.2,N,PA,TOME ACU,A213,-2.59249999,-48.36055555,42.95
1907,2019-11-14,20:00,0.0,1002.2,1002.5,1002.2,853,33.1,23.4,33.2,32.6,23.4,21.9,58,52,57,236,2.8,0.0,N,PA,TOME ACU,A213,-2.59249999,-48.36055555,42.95
1908,2019-11-15,00:00,0.0,1005.5,1005.5,1004.6,-9999,26.0,22.3,27.1,26.0,23.1,22.3,81,78,80,236,3.1,0.6,N,PA,TOME ACU,A213,-2.59249999,-48.36055555,42.95
1909,2019-11-15,04:00,0.0,1004.7,1005.5,1004.7,-9999,23.5,22.0,23.9,23.5,22.3,22.0,92,90,91,236,1.0,0.0,N,PA,TOME ACU,A213,-2.59249999,-48.36055555,42.95
1910,2019-11-15,08:00,0.0,1004.1,1004.1,1003.8,-9999,22.4,21.4,22.7,22.4,21.7,21.4,94,94,94,236,0.0,0.0,N,PA,TOME ACU,A213,-2.59249999,-48.36055555,42.95
1911,2019-11-15,12:00,0.0,1006.4,1006.4,1005.9,1283,27.3,22.9,27.6,25.7,23.4,22.7,85,76,77,236,5.3,2.1,N,PA,TOME ACU,A213,-2.59249999,-48.36055555,42.95
1912,2019-11-15,16:00,0.0,1003.7,1004.8,1003.7,2534,32.5,22.2,32.6,31.2,22.9,21.5,61,53,54,236,4.3,1.7,N,PA,TOME ACU,A213,-2.59249999,-48.36055555,42.95
1913,2019-11-15,20:00,0.0,1000.7,1001.0,1000.7,837,33.0,21.3,33.8,33.0,22.3,21.1,53,49,50,236,2.2,0.1,N,PA,TOME ACU,A213,-2.59249999,-48.36055555,42.95
1914,2019-11-16,00:00,0.0,1002.4,1002.4,1001.8,-9999,26.8,24.7,27.2,26.8,24.9,24.5,89,85,89,236,0.0,0.0,N,PA,TOME ACU,A213,-2.59249999,-48.36055555,42.95
1915,2019-11-16,04:00,0.0,1002.3,1002.8,1002.3,-9999,25.8,22.7,26.4,25.8,22.9,22.6,83,81,83,236,3.9,0.1,N,PA,TOME ACU,A213,-2.59249999,-48.36055555,42.95
1916,2019-11-16,08:00,0.0,1002.3,1002.4,1001.7,-9999,23.4,22.2,23.8,23.4,22.5,22.2,93,92,93,236,0.0,0.0,N,PA,TOME ACU,A213,-2.59249999,-48.36055555,42.95
1917,2019-11-16,12:00,0.0,1004.1,1004.1,1003.8,1165,27.9,22.7,27.9,26.4,23.3,22.7,82,74,74,236,6.9,2.7,N,PA,TOME ACU,A213,-2.59249999,-48.36055555,42.95
1918,2019-11-16,16:00,0.0,1002.2,1003.3,1002.2,2406,32.0,21.5,32.0,30.9,23.4,21.5,63,54,54,236,4.9,1.1,N,PA,TOME ACU,A213,-2.59249999,-48.36055555,42.95
1919,2019-11-16,20:00,0.0,999.6,999.6,999.4,764,32.4,22.3,33.4,32.4,22.5,21.4,56,50,55,236,2.6,0.1,N,PA,TOME ACU,A213,-2.59249999,-48.36055555,42.95
1920,2019-11-17,00:00,0.0,1002.3,1002.3,1001.4,-9999,26.4,22.6,27.3,26.4,22.7,22.0,80,73,80,236,0.8,0.0,N,PA,TOME ACU,A213,-2.59249999,-48.36055555,42.95
1921,2019-11-17,04:00,0.0,1001.9,1002.4,1001.8,-9999,24.7,22.5,25.1,24.7,22.6,22.5,88,86,88,236,3.7,0.3,N,PA,TOME ACU,A213,-2.59249999,-48.36055555,42.95
1922,2019-11-17,08:00,0.0,1002.2,1002.2,1001.9,-9999,22.8,21.8,23.2,22.8,22.1,21.8,94,93,94,236,0.0,0.0,N,PA,TOME ACU,A213,-2.59249999,-48.36055555,42.95
1923,2019-11-17,12:00,0.0,1004.7,1004.8,1004.2,914,26.7,23.0,26.7,25.5,23.3,22.7,87,81,81,236,4.3,1.5,N,PA,TOME ACU,A213,-2.59249999,-48.36055555,42.95
1924,2019-11-17,16:00,0.0,1003.0,1004.2,1003.0,2194,32.3,21.5,32.4,31.1,21.8,20.7,57,51,53,236,5.3,1.9,N,PA,TOME ACU,A213,-2.59249999,-48.36055555,42.95
1925,2019-11-17,20:00,0.2,1001.0,1001.1,1000.6,550,27.7,21.8,30.9,27.7,24.2,21.6,70,61,70,236,7.7,2.4,N,PA,TOME ACU,A213,-2.59249999,-48.36055555,42.95
1926,2019-11-18,00:00,0.0,1004.2,1004.2,1003.1,-9999,24.7,22.8,25.0,24.6,23.5,22.7,92,89,89,236,3.6,1.2,N,PA,TOME ACU,A213,-2.59249999,-48.36055555,42.95
1927,2019-11-18,04:00,0.0,1003.9,1004.3,1003.9,-9999,23.8,22.7,24.1,23.8,23.0,22.7,94,93,94,236,0.0,0.0,N,PA,TOME ACU,A213,-2.59249999,-48.36055555,42.95
1928,2019-11-18,08:00,0.0,1004.3,1004.3,1003.6,-9999,22.8,21.9,23.0,22.8,22.1,21.9,95,95,95,236,0.7,0.0,N,PA,TOME ACU,A213,-2.59249999,-48.36055555,42.95
1929,2019-11-18,12:00,0.0,1006.7,1006.7,1006.3,1397,26.6,22.7,26.6,24.5,23.2,22.1,92,78,79,236,4.0,1.9,N,PA,TOME ACU,A213,-2.59249999,-48.36055555,42.95
1930,2019-11-18,16:00,0.0,1004.7,1005.7,1004.7,2798,31.1,21.1,32.6,30.6,21.6,20.2,60,49,55,236,6.3,1.5,N,PA,TOME ACU,A213,-2.59249999,-48.36055555,42.95
1931,2019-11-18,20:00,0.0,1002.3,1002.5,1002.3,930,32.2,22.5,32.8,32.1,22.6,21.4,57,51,56,236,3.4,0.1,N,PA,TOME ACU,A213,-2.59249999,-48.36055555,42.95
1932,2019-11-19,00:00,0.0,1005.1,1005.1,1003.8,-9999,26.7,23.3,26.7,26.5,24.6,23.3,88,81,81,236,4.5,0.9,N,PA,TOME ACU,A213,-2.59249999,-48.36055555,42.95
1933,2019-11-19,04:00,0.0,1004.9,1005.4,1004.9,-9999,25.3,23.6,25.9,25.3,23.8,23.5,90,88,90,236,1.7,0.0,N,PA,TOME ACU,A213,-2.59249999,-48.36055555,42.95
1934,2019-11-19,08:00,0.0,1004.7,1004.7,1004.0,-9999,23.5,22.5,23.9,23.5,22.8,22.5,94,94,94,236,0.0,0.0,N,PA,TOME ACU,A213,-2.59249999,-48.36055555,42.95
1935,2019-11-19,12:00,0.0,1007.3,1007.4,1006.9,1389,27.7,23.2,27.7,25.6,23.4,22.8,86,76,76,236,4.9,2.3,N,PA,TOME ACU,A213,-2.59249999,-48.36055555,42.95
1936,2019-11-19,16:00,0.0,1004.7,1005.7,1004.7,2057,32.7,21.8,33.2,31.8,22.4,21.1,57,50,53,236,6.2,2.6,N,PA,TOME ACU,A213,-2.59249999,-48.36055555,42.95
1937,2019-11-19,20:00,0.0,1002.0,1002.0,1001.6,856,33.9,21.1,34.4,33.9,21.4,20.3,48,44,47,236,4.0,1.4,N,PA,TOME ACU,A213,-2.59249999,-48.36055555,42.95
1938,2019-11-20,00:00,0.0,1005.6,1005.7,1004.9,-9999,26.0,22.8,26.3,26.0,22.8,22.6,83,80,83,236,3.2,0.8,N,PA,TOME ACU,A213,-2.59249999,-48.36055555,42.95
1939,2019-11-20,04:00,0.0,1005.3,1005.9,1005.3,-9999,23.6,22.2,24.3,23.6,22.5,22.2,92,89,92,236,0.0,0.0,N,PA,TOME ACU,A213,-2.59249999,-48.36055555,42.95
1940,2019-11-20,08:00,0.0,1005.0,1005.0,1004.5,-9999,22.4,21.5,22.5,22.3,21.6,21.4,95,94,95,236,2.1,0.0,N,PA,TOME ACU,A213,-2.59249999,-48.36055555,42.95
1941,2019-11-20,12:00,0.0,1006.3,1006.3,1006.1,1104,27.2,23.0,27.2,25.5,23.0,22.2,84,78,78,236,2.2,0.1,N,PA,TOME ACU,A213,-2.59249999,-48.36055555,42.95
1942,2019-11-20,16:00,0.0,1003.8,1004.9,1003.8,2610,33.1,22.3,33.1,31.4,22.7,21.8,59,52,53,236,3.4,0.5,N,PA,TOME ACU,A213,-2.59249999,-48.36055555,42.95
1943,2019-11-20,20:00,0.0,1001.1,1001.1,1001.0,366,28.7,25.8,29.0,28.0,27.0,25.7,90,84,84,236,0.0,0.0,N,PA,TOME ACU,A213,-2.59249999,-48.36055555,42.95
1944,2019-11-21,00:00,0.0,1003.7,1003.7,1003.0,-9999,26.6,24.0,26.8,26.5,25.4,23.9,92,85,86,236,3.8,0.6,N,PA,TOME ACU,A213,-2.59249999,-48.36055555,42.95
1945,2019-11-21,04:00,2.0,1005.0,1005.3,1004.9,-9999,24.1,22.8,24.8,24.0,23.5,22.4,94,91,92,236,5.4,1.8,N,PA,TOME ACU,A213,-2.59249999,-48.36055555,42.95
1946,2019-11-21,08:00,6.6,1005.4,1005.6,1005.2,-9999,23.2,22.4,23.3,23.2,22.5,22.4,95,95,95,236,2.2,0.0,N,PA,TOME ACU,A213,-2.59249999,-48.36055555,42.95
1947,2019-11-21,12:00,0.0,1007.6,1007.6,1007.0,325,24.0,23.0,24.0,23.6,23.1,22.8,95,94,94,236,1.7,0.0,N,PA,TOME ACU,A213,-2.59249999,-48.36055555,42.95
1948,2019-11-21,16:00,0.0,1004.9,1006.3,1004.9,1153,26.3,22.5,26.3,25.6,23.1,22.3,85,80,80,236,2.5,0.6,N,PA,TOME ACU,A213,-2.59249999,-48.36055555,42.95
1949,2019-11-21,20:00,0.0,1003.1,1003.3,1003.1,251,25.8,23.6,26.0,25.7,23.6,23.2,88,85,88,236,1.7,0.1,N,PA,TOME ACU,A213,-2.59249999,-48.36055555,42.95
1950,2019-11-22,00:00,0.0,1005.5,1005.5,1004.5,-9999,24.7,23.6,24.9,24.7,23.8,23.6,94,93,94,236,1.4,0.0,N,PA,TOME ACU,A213,-2.59249999,-48.36055555,42.95
1951,2019-11-22,04:00,0.0,1004.9,1005.8,1004.9,-9999,24.2,23.3,24.4,24.1,23.5,23.2,95,95,95,236,0.0,0.0,N,PA,TOME ACU,A213,-2.59249999,-48.36055555,42.95
1952,2019-11-22,08:00,0.0,1003.5,1003.9,1003.5,-9999,23.4,22.5,23.6,23.4,22.7,22.5,95,95,95,236,0.0,0.0,N,PA,TOME ACU,A213,-2.59249999,-48.36055555,42.95
1953,2019-11-22,12:00,0.0,1006.2,1006.2,1006.0,1475,26.6,22.2,26.7,24.2,22.8,21.9,91,76,77,236,4.0,1.6,N,PA,TOME ACU,A213,-2.59249999,-48.36055555,42.95
1954,2019-11-22,16:00,0.0,1004.5,1005.3,1004.5,2437,28.1,23.5,31.8,28.1,23.5,21.7,76,56,76,236,6.9,1.7,N,PA,TOME ACU,A213,-2.59249999,-48.36055555,42.95
1955,2019-11-22,20:00,0.0,1003.5,1003.5,1001.4,732,26.7,23.6,29.6,26.7,25.0,21.8,83,66,83,236,8.3,3.7,N,PA,TOME ACU,A213,-2.59249999,-48.36055555,42.95
1956,2019-11-23,00:00,0.6,1006.2,1006.2,1005.4,-9999,24.2,23.3,24.4,24.2,23.4,23.3,94,94,94,236,0.0,0.0,N,PA,TOME ACU,A213,-2.59249999,-48.36055555,42.95
1957,2019-11-23,04:00,0.0,1005.1,1006.2,1005.1,-9999,23.9,23.1,24.1,23.9,23.2,23.1,95,95,95,236,0.0,0.0,N,PA,TOME ACU,A213,-2.59249999,-48.36055555,42.95
1958,2019-11-23,08:00,0.0,1004.8,1004.8,1004.7,-9999,23.5,22.7,23.6,23.5,22.8,22.7,95,95,95,236,0.0,0.0,N,PA,TOME ACU,A213,-2.59249999,-48.36055555,42.95
1959,2019-11-23,12:00,0.0,1008.1,1008.1,1007.5,1461,26.2,23.0,26.3,24.7,23.9,22.7,94,81,83,236,3.4,1.6,N,PA,TOME ACU,A213,-2.59249999,-48.36055555,42.95
1960,2019-11-23,16:00,0.0,1006.2,1007.1,1006.2,2295,30.7,21.1,31.0,29.4,22.4,21.1,65,56,57,236,4.6,1.6,N,PA,TOME ACU,A213,-2.59249999,-48.36055555,42.95
1961,2019-11-23,20:00,0.0,1002.9,1003.1,1002.8,941,32.9,22.0,33.1,32.3,23.4,21.2,57,50,53,236,2.8,0.0,N,PA,TOME ACU,A213,-2.59249999,-48.36055555,42.95
1962,2019-11-24,00:00,0.0,1005.1,1005.1,1004.5,-9999,25.9,24.6,26.8,25.9,24.9,24.5,92,88,92,236,3.0,0.0,N,PA,TOME ACU,A213,-2.59249999,-48.36055555,42.95
1963,2019-11-24,04:00,0.0,1005.3,1005.8,1005.3,-9999,24.4,23.3,24.9,24.4,23.8,23.3,94,93,93,236,1.6,0.0,N,PA,TOME ACU,A213,-2.59249999,-48.36055555,42.95
1964,2019-11-24,08:00,0.0,1004.4,1004.4,1004.1,-9999,23.0,22.2,23.4,23.0,22.5,22.2,95,95,95,236,0.0,0.0,N,PA,TOME ACU,A213,-2.59249999,-48.36055555,42.95
1965,2019-11-24,12:00,0.0,1007.0,1007.0,1006.2,1405,27.4,23.7,27.4,25.7,24.2,23.4,90,80,80,236,3.8,1.0,N,PA,TOME ACU,A213,-2.59249999,-48.36055555,42.95
1966,2019-11-24,16:00,0.0,1004.3,1005.3,1004.3,3083,31.6,21.5,32.1,31.0,22.5,21.3,61,54,55,236,4.4,1.9,N,PA,TOME ACU,A213,-2.59249999,-48.36055555,42.95
1967,2019-11-24,20:00,0.0,1001.7,1002.0,1001.7,650,32.1,24.6,33.2,32.1,25.2,21.5,66,51,65,236,2.3,0.0,N,PA,TOME ACU,A213,-2.59249999,-48.36055555,42.95
1968,2019-11-25,00:00,0.0,1004.6,1004.7,1003.7,-9999,26.9,22.6,27.3,26.9,25.0,22.5,87,76,77,236,3.4,0.2,N,PA,TOME ACU,A213,-2.59249999,-48.36055555,42.95
1969,2019-11-25,04:00,0.0,1004.2,1004.9,1004.2,-9999,25.1,23.2,25.6,25.1,23.4,23.2,89,87,89,236,0.0,0.0,N,PA,TOME ACU,A213,-2.59249999,-48.36055555,42.95
1970,2019-11-25,08:00,0.0,1004.1,1004.1,1003.7,-9999,23.3,22.3,23.7,23.3,22.7,22.3,94,94,94,236,0.0,0.0,N,PA,TOME ACU,A213,-2.59249999,-48.36055555,42.95
1971,2019-11-25,12:00,0.0,1006.7,1006.8,1006.2,1423,27.3,23.3,27.9,26.2,24.1,23.1,87,76,79,236,4.8,2.1,N,PA,TOME ACU,A213,-2.59249999,-48.36055555,42.95
1972,2019-11-25,16:00,0.0,1003.7,1004.8,1003.7,2240,31.7,22.3,31.9,31.1,23.7,22.3,64,58,58,236,3.5,0.0,N,PA,TOME ACU,A213,-2.59249999,-48.36055555,42.95
1973,2019-11-25,20:00,0.0,1000.9,1001.5,1000.9,788,32.0,22.9,32.8,31.8,23.8,22.5,62,55,59,236,2.8,0.1,N,PA,TOME ACU,A213,-2.59249999,-48.36055555,42.95
1974,2019-11-26,00:00,0.0,1004.5,1004.8,1003.1,-9999,26.5,22.8,27.0,26.5,25.3,22.8,91,80,80,236,7.8,3.5,N,PA,TOME ACU,A213,-2.59249999,-48.36055555,42.95
1975,2019-11-26,04:00,0.0,1004.0,1004.8,1004.0,-9999,24.7,23.5,25.0,24.7,23.6,23.5,93,92,93,236,0.0,0.0,N,PA,TOME ACU,A213,-2.59249999,-48.36055555,42.95
1976,2019-11-26,08:00,0.0,1003.8,1003.8,1003.2,-9999,23.9,23.0,23.9,23.7,23.0,22.8,95,95,95,236,0.0,0.0,N,PA,TOME ACU,A213,-2.59249999,-48.36055555,42.95
1977,2019-11-26,12:00,0.0,1006.2,1006.2,1005.4,1345,27.6,23.5,27.6,25.8,24.0,23.2,90,77,78,236,5.6,2.6,N,PA,TOME ACU,A213,-2.59249999,-48.36055555,42.95
1978,2019-11-26,16:00,0.0,1004.5,1005.5,1004.5,2301,31.3,22.6,31.7,30.4,23.1,21.9,64,58,60,236,5.2,2.0,N,PA,TOME ACU,A213,-2.59249999,-48.36055555,42.95
1979,2019-11-26,20:00,0.0,1001.2,1001.7,1001.2,719,31.8,23.4,33.1,31.8,23.4,21.4,61,51,61,236,3.7,0.4,N,PA,TOME ACU,A213,-2.59249999,-48.36055555,42.95
1980,2019-11-27,00:00,0.0,1003.9,1003.9,1002.8,-9999,26.3,23.7,26.7,26.3,24.0,23.6,86,84,86,236,0.0,0.0,N,PA,TOME ACU,A213,-2.59249999,-48.36055555,42.95
1981,2019-11-27,04:00,0.0,1003.7,1004.2,1003.7,-9999,24.2,22.7,24.8,24.2,23.4,22.7,93,91,91,236,0.0,0.0,N,PA,TOME ACU,A213,-2.59249999,-48.36055555,42.95
1982,2019-11-27,08:00,0.0,1003.6,1003.6,1003.4,-9999,22.5,21.6,22.9,22.5,21.9,21.6,95,94,95,236,0.0,0.0,N,PA,TOME ACU,A213,-2.59249999,-48.36055555,42.95
1983,2019-11-27,12:00,0.0,1006.2,1006.3,1005.7,1142,27.2,23.2,27.2,25.6,23.8,23.2,87,79,79,236,5.3,2.0,N,PA,TOME ACU,A213,-2.59249999,-48.36055555,42.95
1984,2019-11-27,16:00,0.0,1003.9,1005.0,1003.9,2388,32.1,21.8,32.3,30.9,23.0,21.6,62,53,54,236,5.4,2.6,N,PA,TOME ACU,A213,-2.59249999,-48.36055555,42.95
1985,2019-11-27,20:00,0.0,1001.4,1001.8,1001.4,941,32.8,22.5,33.3,32.7,23.2,21.8,57,51,55,236,2.7,0.0,N,PA,TOME ACU,A213,-2.59249999,-48.36055555,42.95
1986,2019-11-28,00:00,0.8,1003.9,1003.9,1002.7,-9999,26.8,25.2,27.1,26.8,25.3,24.2,91,85,91,236,5.7,1.1,N,PA,TOME ACU,A213,-2.59249999,-48.36055555,42.95
1987,2019-11-28,04:00,0.0,1003.9,1004.3,1003.9,-9999,24.5,23.5,25.2,24.5,24.0,23.5,94,93,94,236,0.0,0.0,N,PA,TOME ACU,A213,-2.59249999,-48.36055555,42.95
1988,2019-11-28,08:00,0.0,1003.8,1003.8,1003.6,-9999,23.4,22.6,23.7,23.3,22.8,22.4,95,95,95,236,0.0,0.0,N,PA,TOME ACU,A213,-2.59249999,-48.36055555,42.95
1989,2019-11-28,12:00,0.0,1005.9,1006.0,1005.5,1435,27.5,23.5,27.5,25.5,23.9,23.0,88,78,79,236,6.5,3.0,N,PA,TOME ACU,A213,-2.59249999,-48.36055555,42.95
1990,2019-11-28,16:00,0.0,1004.2,1004.9,1004.2,1985,31.5,22.3,32.4,31.4,23.2,21.6,60,54,58,236,4.0,1.2,N,PA,TOME ACU,A213,-2.59249999,-48.36055555,42.95
1991,2019-11-28,20:00,0.0,1001.5,1001.9,1001.5,957,33.0,22.3,33.4,32.9,22.7,21.5,56,50,54,236,3.1,1.7,N,PA,TOME ACU,A213,-2.59249999,-48.36055555,42.95
1992,2019-11-29,00:00,0.0,1003.8,1003.9,1002.7,-9999,27.0,24.2,27.0,26.4,24.8,24.2,91,85,85,236,4.6,0.4,N,PA,TOME ACU,A213,-2.59249999,-48.36055555,42.95
1993,2019-11-29,04:00,0.0,1003.7,1004.2,1003.7,-9999,25.3,23.6,25.8,25.3,23.9,23.5,90,89,90,236,0.0,0.0,N,PA,TOME ACU,A213,-2.59249999,-48.36055555,42.95
1994,2019-11-29,08:00,0.0,1003.8,1003.8,1003.5,-9999,23.3,22.3,23.6,23.3,22.6,22.3,94,94,94,236,0.0,0.0,N,PA,TOME ACU,A213,-2.59249999,-48.36055555,42.95
1995,2019-11-29,12:00,0.0,1005.9,1005.9,1005.5,1315,27.5,23.4,27.5,25.6,23.7,23.0,87,78,78,236,5.7,2.4,N,PA,TOME ACU,A213,-2.59249999,-48.36055555,42.95
1996,2019-11-29,16:00,0.0,1003.8,1004.9,1003.8,2478,31.6,23.3,32.7,31.3,23.3,21.9,62,54,61,236,5.1,1.3,N,PA,TOME ACU,A213,-2.59249999,-48.36055555,42.95
1997,2019-11-29,20:00,0.0,1001.5,1001.6,1001.4,1006,33.4,22.7,34.0,33.4,23.1,21.6,54,49,54,236,2.5,0.2,N,PA,TOME ACU,A213,-2.59249999,-48.36055555,42.95
1998,2019-11-30,00:00,0.0,1003.7,1003.8,1002.7,-9999,26.7,25.0,27.3,26.7,25.1,24.8,91,87,91,236,4.8,1.0,N,PA,TOME ACU,A213,-2.59249999,-48.36055555,42.95
1999,2019-11-30,04:00,-9999.0,-9999.0,-9999.0,-9999.0,-9999,-9999.0,-9999.0,-9999.0,-9999.0,-9999.0,-9999.0,-9999,-9999,-9999,-9999,-9999.0,-9999.0,N,PA,TOME ACU,A213,-2.59249999,-48.36055555,42.95
2000,2019-11-30,08:00,-9999.0,-9999.0,-9999.0,-9999.0,-9999,-9999.0,-9999.0,-9999.0,-9999.0,-9999.0,-9999.0,-9999,-9999,-9999,-9999,-9999.0,-9999.0,N,PA,TOME ACU,A213,-2.59249999,-48.36055555,42.95
2001,2019-11-30,12:00,0.0,1006.9,1006.9,1006.5,1326,27.7,23.3,27.8,25.9,23.8,23.2,86,76,77,236,4.8,2.8,N,PA,TOME ACU,A213,-2.59249999,-48.36055555,42.95
2002,2019-11-30,16:00,0.0,1004.5,1005.3,1004.5,2558,32.5,21.8,32.8,31.6,22.7,21.4,59,52,53,236,4.3,1.4,N,PA,TOME ACU,A213,-2.59249999,-48.36055555,42.95
2003,2019-11-30,20:00,-9999.0,-9999.0,-9999.0,-9999.0,-9999,-9999.0,-9999.0,-9999.0,-9999.0,-9999.0,-9999.0,-9999,-9999,-9999,-9999,-9999.0,-9999.0,N,PA,TOME ACU,A213,-2.59249999,-48.36055555,42.95
2004,2019-12-01,00:00,-9999.0,-9999.0,-9999.0,-9999.0,-9999,-9999.0,-9999.0,-9999.0,-9999.0,-9999.0,-9999.0,-9999,-9999,-9999,-9999,-9999.0,-9999.0,N,PA,TOME ACU,A213,-2.59249999,-48.36055555,42.95
2005,2019-12-01,04:00,-9999.0,-9999.0,-9999.0,-9999.0,-9999,-9999.0,-9999.0,-9999.0,-9999.0,-9999.0,-9999.0,-9999,-9999,-9999,-9999,-9999.0,-9999.0,N,PA,TOME ACU,A213,-2.59249999,-48.36055555,42.95
2006,2019-12-01,08:00,-9999.0,-9999.0,-9999.0,-9999.0,-9999,-9999.0,-9999.0,-9999.0,-9999.0,-9999.0,-9999.0,-9999,-9999,-9999,-9999,-9999.0,-9999.0,N,PA,TOME ACU,A213,-2.59249999,-48.36055555,42.95
2007,2019-12-01,12:00,0.0,1008.2,1008.3,1008.1,1083,27.5,23.8,27.6,25.7,24.2,23.3,88,78,80,236,4.8,1.9,N,PA,TOME ACU,A213,-2.59249999,-48.36055555,42.95
2008,2019-12-01,16:00,0.0,1006.7,1007.4,1006.7,2468,32.2,21.8,32.2,30.9,23.2,21.7,62,54,54,236,7.3,2.0,N,PA,TOME ACU,A213,-2.59249999,-48.36055555,42.95
2009,2019-12-01,20:00,-9999.0,-9999.0,-9999.0,-9999.0,-9999,-9999.0,-9999.0,-9999.0,-9999.0,-9999.0,-9999.0,-9999,-9999,-9999,-9999,-9999.0,-9999.0,N,PA,TOME ACU,A213,-2.59249999,-48.36055555,42.95
2010,2019-12-02,00:00,-9999.0,-9999.0,-9999.0,-9999.0,-9999,-9999.0,-9999.0,-9999.0,-9999.0,-9999.0,-9999.0,-9999,-9999,-9999,-9999,-9999.0,-9999.0,N,PA,TOME ACU,A213,-2.59249999,-48.36055555,42.95
2011,2019-12-02,04:00,-9999.0,-9999.0,-9999.0,-9999.0,-9999,-9999.0,-9999.0,-9999.0,-9999.0,-9999.0,-9999.0,-9999,-9999,-9999,-9999,-9999.0,-9999.0,N,PA,TOME ACU,A213,-2.59249999,-48.36055555,42.95
2012,2019-12-02,08:00,-9999.0,-9999.0,-9999.0,-9999.0,-9999,-9999.0,-9999.0,-9999.0,-9999.0,-9999.0,-9999.0,-9999,-9999,-9999,-9999,-9999.0,-9999.0,N,PA,TOME ACU,A213,-2.59249999,-48.36055555,42.95
2013,2019-12-02,12:00,0.0,1006.8,1006.8,1006.6,1368,28.0,23.0,28.0,25.8,23.8,22.9,87,74,74,236,7.5,3.2,N,PA,TOME ACU,A213,-2.59249999,-48.36055555,42.95
2014,2019-12-02,16:00,0.0,1005.2,1006.2,1005.2,2722,32.9,21.1,32.9,31.4,21.8,20.9,56,49,50,236,6.3,1.7,N,PA,TOME ACU,A213,-2.59249999,-48.36055555,42.95
2015,2019-12-02,20:00,-9999.0,-9999.0,-9999.0,-9999.0,-9999,-9999.0,-9999.0,-9999.0,-9999.0,-9999.0,-9999.0,-9999,-9999,-9999,-9999,-9999.0,-9999.0,N,PA,TOME ACU,A213,-2.59249999,-48.36055555,42.95
2016,2019-12-03,00:00,-9999.0,-9999.0,-9999.0,-9999.0,-9999,-9999.0,-9999.0,-9999.0,-9999.0,-9999.0,-9999.0,-9999,-9999,-9999,-9999,-9999.0,-9999.0,N,PA,TOME ACU,A213,-2.59249999,-48.36055555,42.95
2017,2019-12-03,04:00,-9999.0,-9999.0,-9999.0,-9999.0,-9999,-9999.0,-9999.0,-9999.0,-9999.0,-9999.0,-9999.0,-9999,-9999,-9999,-9999,-9999.0,-9999.0,N,PA,TOME ACU,A213,-2.59249999,-48.36055555,42.95
2018,2019-12-03,08:00,-9999.0,-9999.0,-9999.0,-9999.0,-9999,-9999.0,-9999.0,-9999.0,-9999.0,-9999.0,-9999.0,-9999,-9999,-9999,-9999,-9999.0,-9999.0,N,PA,TOME ACU,A213,-2.59249999,-48.36055555,42.95
2019,2019-12-03,12:00,-9999.0,-9999.0,-9999.0,-9999.0,-9999,-9999.0,-9999.0,-9999.0,-9999.0,-9999.0,-9999.0,-9999,-9999,-9999,-9999,-9999.0,-9999.0,N,PA,TOME ACU,A213,-2.59249999,-48.36055555,42.95
2020,2019-12-03,16:00,0.0,1005.1,1006.3,1005.1,2425,31.7,22.0,32.3,30.6,23.0,21.5,64,53,57,236,3.2,1.1,N,PA,TOME ACU,A213,-2.59249999,-48.36055555,42.95
2021,2019-12-03,20:00,-9999.0,-9999.0,-9999.0,-9999.0,-9999,-9999.0,-9999.0,-9999.0,-9999.0,-9999.0,-9999.0,-9999,-9999,-9999,-9999,-9999.0,-9999.0,N,PA,TOME ACU,A213,-2.59249999,-48.36055555,42.95
2022,2019-12-04,00:00,-9999.0,-9999.0,-9999.0,-9999.0,-9999,-9999.0,-9999.0,-9999.0,-9999.0,-9999.0,-9999.0,-9999,-9999,-9999,-9999,-9999.0,-9999.0,N,PA,TOME ACU,A213,-2.59249999,-48.36055555,42.95
2023,2019-12-04,04:00,-9999.0,-9999.0,-9999.0,-9999.0,-9999,-9999.0,-9999.0,-9999.0,-9999.0,-9999.0,-9999.0,-9999,-9999,-9999,-9999,-9999.0,-9999.0,N,PA,TOME ACU,A213,-2.59249999,-48.36055555,42.95
2024,2019-12-04,08:00,-9999.0,-9999.0,-9999.0,-9999.0,-9999,-9999.0,-9999.0,-9999.0,-9999.0,-9999.0,-9999.0,-9999,-9999,-9999,-9999,-9999.0,-9999.0,N,PA,TOME ACU,A213,-2.59249999,-48.36055555,42.95
2025,2019-12-04,12:00,0.0,1007.0,1007.0,1006.6,1365,27.8,24.0,27.8,25.7,24.6,23.6,91,79,80,236,5.1,2.2,N,PA,TOME ACU,A213,-2.59249999,-48.36055555,42.95
2026,2019-12-04,16:00,0.0,1004.9,1006.0,1004.9,2452,31.5,22.6,31.7,30.6,23.3,21.8,64,55,59,236,3.7,0.9,N,PA,TOME ACU,A213,-2.59249999,-48.36055555,42.95
2027,2019-12-04,20:00,-9999.0,-9999.0,-9999.0,-9999.0,-9999,-9999.0,-9999.0,-9999.0,-9999.0,-9999.0,-9999.0,-9999,-9999,-9999,-9999,-9999.0,-9999.0,N,PA,TOME ACU,A213,-2.59249999,-48.36055555,42.95
2028,2019-12-05,00:00,-9999.0,-9999.0,-9999.0,-9999.0,-9999,-9999.0,-9999.0,-9999.0,-9999.0,-9999.0,-9999.0,-9999,-9999,-9999,-9999,-9999.0,-9999.0,N,PA,TOME ACU,A213,-2.59249999,-48.36055555,42.95
2029,2019-12-05,04:00,-9999.0,-9999.0,-9999.0,-9999.0,-9999,-9999.0,-9999.0,-9999.0,-9999.0,-9999.0,-9999.0,-9999,-9999,-9999,-9999,-9999.0,-9999.0,N,PA,TOME ACU,A213,-2.59249999,-48.36055555,42.95
2030,2019-12-05,08:00,-9999.0,-9999.0,-9999.0,-9999.0,-9999,-9999.0,-9999.0,-9999.0,-9999.0,-9999.0,-9999.0,-9999,-9999,-9999,-9999,-9999.0,-9999.0,N,PA,TOME ACU,A213,-2.59249999,-48.36055555,42.95
2031,2019-12-05,12:00,-9999.0,-9999.0,-9999.0,-9999.0,-9999,-9999.0,-9999.0,-9999.0,-9999.0,-9999.0,-9999.0,-9999,-9999,-9999,-9999,-9999.0,-9999.0,N,PA,TOME ACU,A213,-2.59249999,-48.36055555,42.95
2032,2019-12-05,16:00,0.0,1005.2,1006.3,1005.2,2416,32.2,22.0,32.2,30.7,22.7,21.5,62,54,55,236,5.6,2.0,N,PA,TOME ACU,A213,-2.59249999,-48.36055555,42.95
2033,2019-12-05,20:00,0.0,1003.4,1003.4,1003.0,759,30.4,23.3,31.9,30.4,23.6,21.7,66,55,66,236,3.9,1.0,N,PA,TOME ACU,A213,-2.59249999,-48.36055555,42.95
2034,2019-12-06,00:00,1.8,1006.0,1006.3,1006.0,-9999,24.8,23.3,25.5,24.8,24.3,23.3,94,91,91,236,4.8,1.3,N,PA,TOME ACU,A213,-2.59249999,-48.36055555,42.95
2035,2019-12-06,04:00,-9999.0,-9999.0,-9999.0,-9999.0,-9999,-9999.0,-9999.0,-9999.0,-9999.0,-9999.0,-9999.0,-9999,-9999,-9999,-9999,-9999.0,-9999.0,N,PA,TOME ACU,A213,-2.59249999,-48.36055555,42.95
2036,2019-12-06,08:00,-9999.0,-9999.0,-9999.0,-9999.0,-9999,-9999.0,-9999.0,-9999.0,-9999.0,-9999.0,-9999.0,-9999,-9999,-9999,-9999,-9999.0,-9999.0,N,PA,TOME ACU,A213,-2.59249999,-48.36055555,42.95
2037,2019-12-06,12:00,0.0,1007.8,1007.9,1007.5,1415,27.5,23.1,27.5,25.2,23.8,22.8,87,77,77,236,5.9,3.1,N,PA,TOME ACU,A213,-2.59249999,-48.36055555,42.95
2038,2019-12-06,16:00,0.0,1005.6,1006.5,1005.6,3099,32.7,21.8,32.9,30.9,22.7,21.2,61,52,53,236,6.2,2.0,N,PA,TOME ACU,A213,-2.59249999,-48.36055555,42.95
2039,2019-12-06,20:00,0.0,1002.7,1002.8,1002.5,969,33.0,22.9,33.5,33.0,22.9,21.2,56,49,55,236,3.2,0.6,N,PA,TOME ACU,A213,-2.59249999,-48.36055555,42.95
2040,2019-12-07,00:00,0.0,1005.1,1005.1,1004.4,-9999,27.4,24.2,27.4,27.2,24.3,23.3,83,79,83,236,2.9,0.3,N,PA,TOME ACU,A213,-2.59249999,-48.36055555,42.95
2041,2019-12-07,04:00,0.0,1004.5,1005.3,1004.5,-9999,24.5,22.4,25.3,24.5,22.9,22.4,89,87,89,236,0.0,0.0,N,PA,TOME ACU,A213,-2.59249999,-48.36055555,42.95
2042,2019-12-07,08:00,0.0,1004.5,1004.5,1003.9,-9999,22.5,21.5,22.9,22.5,21.9,21.5,94,94,94,236,0.0,0.0,N,PA,TOME ACU,A213,-2.59249999,-48.36055555,42.95
2043,2019-12-07,12:00,0.0,1007.1,1007.1,1006.6,1269,27.0,23.2,27.1,25.6,23.5,22.9,87,79,80,236,5.1,0.8,N,PA,TOME ACU,A213,-2.59249999,-48.36055555,42.95
2044,2019-12-07,16:00,0.0,1004.8,1005.8,1004.8,2829,32.7,20.8,32.8,31.1,21.9,20.5,58,49,50,236,4.9,1.7,N,PA,TOME ACU,A213,-2.59249999,-48.36055555,42.95
2045,2019-12-07,20:00,0.0,1002.1,1002.5,1002.0,1029,33.2,21.8,33.9,33.2,22.0,20.4,51,46,51,236,3.6,0.9,N,PA,TOME ACU,A213,-2.59249999,-48.36055555,42.95
2046,2019-12-08,00:00,0.0,1004.5,1004.5,1003.9,-9999,27.3,23.7,27.9,27.1,24.4,23.3,85,77,81,236,5.2,0.5,N,PA,TOME ACU,A213,-2.59249999,-48.36055555,42.95
2047,2019-12-08,04:00,0.0,1004.9,1005.4,1004.9,-9999,25.0,22.9,25.7,25.0,23.0,22.9,88,85,88,236,1.8,0.0,N,PA,TOME ACU,A213,-2.59249999,-48.36055555,42.95
2048,2019-12-08,08:00,0.0,1004.1,1004.1,1003.8,-9999,23.2,22.1,23.7,23.2,22.6,22.1,94,93,94,236,0.0,0.0,N,PA,TOME ACU,A213,-2.59249999,-48.36055555,42.95
2049,2019-12-08,12:00,0.0,1006.4,1006.5,1006.2,1249,27.9,23.2,28.1,26.2,23.5,23.0,84,74,75,236,5.1,2.4,N,PA,TOME ACU,A213,-2.59249999,-48.36055555,42.95
2050,2019-12-08,16:00,0.0,1004.7,1005.5,1004.7,1976,31.4,22.3,31.9,30.4,22.6,21.0,62,54,58,236,3.8,0.3,N,PA,TOME ACU,A213,-2.59249999,-48.36055555,42.95
2051,2019-12-08,20:00,0.0,1002.3,1002.3,1002.1,995,32.3,22.0,32.9,32.0,22.9,21.2,58,51,54,236,3.1,0.5,N,PA,TOME ACU,A213,-2.59249999,-48.36055555,42.95
2052,2019-12-09,00:00,0.0,1005.4,1005.4,1004.3,-9999,27.3,23.6,27.9,27.3,23.7,23.4,80,77,80,236,4.7,0.3,N,PA,TOME ACU,A213,-2.59249999,-48.36055555,42.95
2053,2019-12-09,04:00,0.0,1005.5,1005.9,1005.5,-9999,24.9,23.2,25.2,24.8,23.2,23.0,91,88,91,236,1.9,0.0,N,PA,TOME ACU,A213,-2.59249999,-48.36055555,42.95
2054,2019-12-09,08:00,0.0,1004.6,1004.6,1004.0,-9999,22.9,21.9,23.3,22.9,22.3,21.9,94,94,94,236,0.0,0.0,N,PA,TOME ACU,A213,-2.59249999,-48.36055555,42.95
2055,2019-12-09,12:00,0.0,1006.7,1006.7,1006.2,1283,27.7,23.5,27.8,25.9,23.8,22.9,85,76,78,236,5.9,1.9,N,PA,TOME ACU,A213,-2.59249999,-48.36055555,42.95
2056,2019-12-09,16:00,0.0,1005.4,1006.2,1005.4,1633,30.7,23.4,32.1,30.4,23.6,21.9,66,55,65,236,5.2,0.1,N,PA,TOME ACU,A213,-2.59249999,-48.36055555,42.95
2057,2019-12-09,20:00,0.0,1002.2,1002.2,1001.6,665,28.7,22.8,33.5,28.7,24.0,21.4,75,50,70,236,7.2,0.4,N,PA,TOME ACU,A213,-2.59249999,-48.36055555,42.95
2058,2019-12-10,00:00,-9999.0,-9999.0,-9999.0,-9999.0,-9999,-9999.0,-9999.0,-9999.0,-9999.0,-9999.0,-9999.0,-9999,-9999,-9999,-9999,-9999.0,-9999.0,N,PA,TOME ACU,A213,-2.59249999,-48.36055555,42.95
2059,2019-12-10,04:00,-9999.0,-9999.0,-9999.0,-9999.0,-9999,-9999.0,-9999.0,-9999.0,-9999.0,-9999.0,-9999.0,-9999,-9999,-9999,-9999,-9999.0,-9999.0,N,PA,TOME ACU,A213,-2.59249999,-48.36055555,42.95
2060,2019-12-10,08:00,-9999.0,-9999.0,-9999.0,-9999.0,-9999,-9999.0,-9999.0,-9999.0,-9999.0,-9999.0,-9999.0,-9999,-9999,-9999,-9999,-9999.0,-9999.0,N,PA,TOME ACU,A213,-2.59249999,-48.36055555,42.95
2061,2019-12-10,12:00,0.0,1006.5,1006.6,1006.3,1097,27.6,23.4,27.6,26.3,23.6,22.7,83,77,78,236,5.5,2.0,N,PA,TOME ACU,A213,-2.59249999,-48.36055555,42.95
2062,2019-12-10,16:00,0.0,1004.6,1005.7,1004.6,2359,32.0,21.4,32.9,31.5,21.9,20.5,57,49,54,236,7.9,3.3,N,PA,TOME ACU,A213,-2.59249999,-48.36055555,42.95
2063,2019-12-10,20:00,0.0,1001.3,1001.3,1001.2,782,32.4,21.9,33.5,32.4,21.9,20.4,54,47,54,236,5.7,0.8,N,PA,TOME ACU,A213,-2.59249999,-48.36055555,42.95
2064,2019-12-11,00:00,0.0,1005.9,1005.9,1005.0,-9999,25.3,23.0,25.6,25.3,23.2,23.0,88,85,87,236,5.7,1.8,N,PA,TOME ACU,A213,-2.59249999,-48.36055555,42.95
2065,2019-12-11,04:00,0.0,1004.4,1005.3,1004.4,-9999,23.1,21.7,23.3,23.1,21.8,21.6,92,91,92,236,0.0,0.0,N,PA,TOME ACU,A213,-2.59249999,-48.36055555,42.95
2066,2019-12-11,08:00,0.0,1004.1,1004.1,1003.8,-9999,22.7,21.6,22.7,22.5,21.6,21.4,94,93,94,236,0.0,0.0,N,PA,TOME ACU,A213,-2.59249999,-48.36055555,42.95
2067,2019-12-11,12:00,0.0,1006.6,1006.6,1006.2,750,26.3,22.7,26.5,24.4,23.4,22.2,88,80,81,236,0.4,0.0,N,PA,TOME ACU,A213,-2.59249999,-48.36055555,42.95
2068,2019-12-11,16:00,0.0,1004.2,1005.4,1004.2,1873,31.1,22.2,31.9,30.6,23.2,21.6,65,55,59,236,4.9,1.3,N,PA,TOME ACU,A213,-2.59249999,-48.36055555,42.95
2069,2019-12-11,20:00,0.0,1001.0,1001.3,1001.0,473,28.4,22.3,28.5,27.9,23.0,21.9,73,69,70,236,2.5,0.0,N,PA,TOME ACU,A213,-2.59249999,-48.36055555,42.95
2070,2019-12-12,00:00,0.0,1004.4,1004.4,1003.6,-9999,25.5,22.8,25.9,25.5,22.8,22.6,85,82,85,236,4.6,1.1,N,PA,TOME ACU,A213,-2.59249999,-48.36055555,42.95
2071,2019-12-12,04:00,0.0,1003.6,1003.8,1003.5,-9999,23.7,22.5,24.2,23.7,22.7,22.5,93,91,93,236,0.0,0.0,N,PA,TOME ACU,A213,-2.59249999,-48.36055555,42.95
2072,2019-12-12,08:00,0.0,1003.0,1003.1,1002.8,-9999,22.3,21.4,22.6,22.2,21.6,21.3,95,94,95,236,0.0,0.0,N,PA,TOME ACU,A213,-2.59249999,-48.36055555,42.95
2073,2019-12-12,12:00,0.0,1005.3,1005.3,1004.6,1156,27.3,23.2,27.3,25.5,23.6,22.4,85,78,78,236,4.9,1.9,N,PA,TOME ACU,A213,-2.59249999,-48.36055555,42.95
2074,2019-12-12,16:00,0.0,1003.2,1004.2,1003.2,1704,31.6,22.6,31.9,30.7,22.6,20.9,60,54,59,236,6.2,1.6,N,PA,TOME ACU,A213,-2.59249999,-48.36055555,42.95
2075,2019-12-12,20:00,0.0,1000.1,1000.3,1000.0,569,31.0,23.8,31.0,29.7,25.5,23.6,76,66,66,236,1.2,0.0,N,PA,TOME ACU,A213,-2.59249999,-48.36055555,42.95
2076,2019-12-13,00:00,0.0,1004.4,1004.4,1003.5,-9999,25.3,22.1,25.6,25.3,22.2,22.0,83,81,83,236,3.8,0.8,N,PA,TOME ACU,A213,-2.59249999,-48.36055555,42.95
2077,2019-12-13,04:00,0.0,1004.2,1004.3,1004.2,-9999,23.6,22.2,24.1,23.6,22.4,22.2,92,90,92,236,0.0,0.0,N,PA,TOME ACU,A213,-2.59249999,-48.36055555,42.95
2078,2019-12-13,08:00,0.0,1003.6,1003.6,1003.2,-9999,22.3,21.3,22.6,22.3,21.7,21.3,95,94,94,236,0.0,0.0,N,PA,TOME ACU,A213,-2.59249999,-48.36055555,42.95
2079,2019-12-13,12:00,0.0,1006.1,1006.1,1005.6,1178,27.8,23.6,27.8,25.9,23.7,22.7,83,78,78,236,4.2,1.3,N,PA,TOME ACU,A213,-2.59249999,-48.36055555,42.95
2080,2019-12-13,16:00,0.0,1003.6,1004.9,1003.6,2611,32.1,22.0,32.3,31.0,22.9,21.5,61,54,55,236,5.6,1.6,N,PA,TOME ACU,A213,-2.59249999,-48.36055555,42.95
2081,2019-12-13,20:00,3.0,1000.3,1000.8,1000.0,658,27.9,26.0,32.4,27.5,26.0,22.2,89,56,89,236,8.5,0.0,N,PA,TOME ACU,A213,-2.59249999,-48.36055555,42.95
2082,2019-12-14,00:00,0.0,1004.1,1004.2,1003.2,-9999,25.1,22.2,25.1,24.9,22.9,21.9,88,83,84,236,2.8,0.5,N,PA,TOME ACU,A213,-2.59249999,-48.36055555,42.95
2083,2019-12-14,04:00,0.0,1004.0,1004.1,1003.9,-9999,24.2,23.1,24.4,24.2,23.1,23.0,94,93,94,236,0.0,0.0,N,PA,TOME ACU,A213,-2.59249999,-48.36055555,42.95
2084,2019-12-14,08:00,0.0,1003.9,1003.9,1003.6,-9999,24.2,23.3,24.3,24.1,23.3,23.1,94,94,94,236,0.0,0.0,N,PA,TOME ACU,A213,-2.59249999,-48.36055555,42.95
2085,2019-12-14,12:00,0.0,1006.5,1006.6,1006.0,1353,28.2,23.6,28.6,26.9,24.3,23.6,84,75,76,236,5.4,2.3,N,PA,TOME ACU,A213,-2.59249999,-48.36055555,42.95
2086,2019-12-14,16:00,0.0,1005.2,1006.0,1005.2,2276,31.8,23.3,31.8,30.5,24.2,22.6,68,59,61,236,4.8,0.6,N,PA,TOME ACU,A213,-2.59249999,-48.36055555,42.95
2087,2019-12-14,20:00,0.0,1002.0,1002.0,1001.5,1047,32.3,23.2,32.5,32.2,23.5,22.2,60,55,59,236,3.2,0.9,N,PA,TOME ACU,A213,-2.59249999,-48.36055555,42.95
2088,2019-12-15,00:00,0.0,1004.8,1004.9,1004.4,-9999,24.4,23.3,24.5,24.1,23.4,22.7,94,92,93,236,1.3,0.0,N,PA,TOME ACU,A213,-2.59249999,-48.36055555,42.95
2089,2019-12-15,04:00,0.0,1005.1,1005.5,1005.1,-9999,24.5,23.6,24.8,24.5,23.8,23.6,94,94,94,236,0.9,0.0,N,PA,TOME ACU,A213,-2.59249999,-48.36055555,42.95
2090,2019-12-15,08:00,0.0,1004.1,1004.3,1004.1,-9999,24.1,23.3,24.2,24.1,23.4,23.2,95,95,95,236,0.0,0.0,N,PA,TOME ACU,A213,-2.59249999,-48.36055555,42.95
2091,2019-12-15,12:00,0.0,1005.7,1005.7,1005.4,653,26.3,24.7,26.3,25.0,24.7,24.0,94,90,91,236,1.3,0.0,N,PA,TOME ACU,A213,-2.59249999,-48.36055555,42.95
2092,2019-12-15,16:00,0.0,1004.7,1005.6,1004.7,2244,30.8,23.9,30.8,29.8,24.1,23.2,70,65,67,236,3.3,0.7,N,PA,TOME ACU,A213,-2.59249999,-48.36055555,42.95
2093,2019-12-15,20:00,0.0,1002.2,1002.3,1001.9,998,31.3,23.2,31.5,31.0,24.4,23.2,68,62,62,236,2.7,0.7,N,PA,TOME ACU,A213,-2.59249999,-48.36055555,42.95
2094,2019-12-16,00:00,0.0,1005.8,1005.8,1004.9,-9999,26.2,23.4,27.2,26.2,24.7,23.4,86,84,85,236,5.2,0.0,N,PA,TOME ACU,A213,-2.59249999,-48.36055555,42.95
2095,2019-12-16,04:00,0.0,1005.3,1006.1,1005.2,-9999,24.7,23.5,24.9,24.7,23.5,23.4,93,92,93,236,0.0,0.0,N,PA,TOME ACU,A213,-2.59249999,-48.36055555,42.95
2096,2019-12-16,08:00,0.0,1004.0,1004.0,1003.8,-9999,23.8,22.8,24.2,23.8,23.2,22.8,95,94,94,236,0.0,0.0,N,PA,TOME ACU,A213,-2.59249999,-48.36055555,42.95
2097,2019-12-16,12:00,0.0,1006.5,1006.5,1006.0,1012,27.4,23.6,27.5,26.5,24.2,23.6,85,80,80,236,4.1,1.8,N,PA,TOME ACU,A213,-2.59249999,-48.36055555,42.95
2098,2019-12-16,16:00,0.0,1004.1,1005.4,1004.1,2523,31.8,22.5,32.0,30.5,24.1,22.5,68,57,58,236,5.6,1.8,N,PA,TOME ACU,A213,-2.59249999,-48.36055555,42.95
2099,2019-12-16,20:00,0.0,1001.1,1001.6,1000.8,559,29.2,23.3,33.8,29.2,24.0,21.8,71,50,71,236,7.9,0.1,N,PA,TOME ACU,A213,-2.59249999,-48.36055555,42.95
2100,2019-12-17,00:00,0.0,1003.8,1003.8,1003.5,-9999,24.9,23.4,25.3,24.9,23.9,23.4,92,91,91,236,4.1,1.4,N,PA,TOME ACU,A213,-2.59249999,-48.36055555,42.95
2101,2019-12-17,04:00,0.0,1004.0,1004.0,1003.6,-9999,23.7,22.8,24.1,23.7,23.0,22.7,95,93,95,236,1.0,0.0,N,PA,TOME ACU,A213,-2.59249999,-48.36055555,42.95
2102,2019-12-17,08:00,0.0,1003.5,1003.5,1003.3,-9999,22.8,22.0,23.0,22.7,22.3,21.9,95,95,95,236,0.0,0.0,N,PA,TOME ACU,A213,-2.59249999,-48.36055555,42.95
2103,2019-12-17,12:00,0.0,1006.3,1006.3,1005.6,1165,26.3,23.6,26.3,25.1,23.8,23.2,90,84,85,236,4.8,2.3,N,PA,TOME ACU,A213,-2.59249999,-48.36055555,42.95
2104,2019-12-17,16:00,0.0,1004.3,1005.3,1004.3,1932,30.2,23.4,31.2,29.7,23.9,22.9,70,62,67,236,4.5,1.3,N,PA,TOME ACU,A213,-2.59249999,-48.36055555,42.95
2105,2019-12-17,20:00,5.8,1001.7,1002.4,1001.6,243,26.4,24.5,29.4,26.3,25.4,24.0,90,72,89,236,3.0,0.0,N,PA,TOME ACU,A213,-2.59249999,-48.36055555,42.95
2106,2019-12-18,00:00,0.0,1004.9,1004.9,1004.2,-9999,23.8,22.8,24.0,23.8,23.0,22.8,94,94,94,236,0.0,0.0,N,PA,TOME ACU,A213,-2.59249999,-48.36055555,42.95
2107,2019-12-18,04:00,0.0,1004.6,1005.1,1004.5,-9999,23.4,22.5,23.7,23.4,22.8,22.5,95,95,95,236,0.0,0.0,N,PA,TOME ACU,A213,-2.59249999,-48.36055555,42.95
2108,2019-12-18,08:00,0.0,1003.6,1003.7,1003.5,-9999,23.0,22.2,23.1,23.0,22.3,22.2,96,96,96,236,0.0,0.0,N,PA,TOME ACU,A213,-2.59249999,-48.36055555,42.95
2109,2019-12-18,12:00,0.0,1006.0,1006.1,1005.6,1315,26.8,23.5,26.9,24.3,24.2,23.3,94,82,82,236,4.8,2.0,N,PA,TOME ACU,A213,-2.59249999,-48.36055555,42.95
2110,2019-12-18,16:00,0.0,1004.5,1005.4,1004.5,1867,31.0,23.2,31.2,30.4,23.3,22.0,65,60,63,236,8.7,1.6,N,PA,TOME ACU,A213,-2.59249999,-48.36055555,42.95
2111,2019-12-18,20:00,0.0,1001.9,1002.1,1001.9,910,30.9,24.2,31.5,30.7,24.3,23.1,68,62,68,236,4.0,1.0,N,PA,TOME ACU,A213,-2.59249999,-48.36055555,42.95
2112,2019-12-19,00:00,0.0,1005.1,1005.1,1004.2,-9999,25.1,23.7,25.7,25.1,23.8,23.4,92,89,92,236,4.8,0.0,N,PA,TOME ACU,A213,-2.59249999,-48.36055555,42.95
2113,2019-12-19,04:00,0.0,1004.4,1005.1,1004.4,-9999,23.2,22.3,23.5,23.2,22.5,22.2,94,94,94,236,0.0,0.0,N,PA,TOME ACU,A213,-2.59249999,-48.36055555,42.95
2114,2019-12-19,08:00,0.0,1003.6,1003.6,1003.1,-9999,22.3,21.5,22.6,22.3,21.7,21.5,95,95,95,236,0.0,0.0,N,PA,TOME ACU,A213,-2.59249999,-48.36055555,42.95
2115,2019-12-19,12:00,0.0,1005.7,1005.7,1005.4,1001,26.6,23.3,26.7,25.3,24.0,23.2,90,81,82,236,6.3,2.7,N,PA,TOME ACU,A213,-2.59249999,-48.36055555,42.95
2116,2019-12-19,16:00,0.0,1004.6,1005.3,1004.6,2288,32.1,22.5,32.1,30.7,23.8,22.3,66,56,57,236,6.1,2.4,N,PA,TOME ACU,A213,-2.59249999,-48.36055555,42.95
2117,2019-12-19,20:00,0.0,1001.6,1001.7,1001.4,1002,31.3,23.0,33.8,31.2,23.4,21.9,62,51,62,236,7.5,1.4,N,PA,TOME ACU,A213,-2.59249999,-48.36055555,42.95
2118,2019-12-20,00:00,0.0,1005.7,1005.7,1004.7,-9999,25.0,22.8,25.1,24.9,22.8,22.4,87,86,87,236,4.1,0.4,N,PA,TOME ACU,A213,-2.59249999,-48.36055555,42.95
2119,2019-12-20,04:00,0.0,1004.3,1005.2,1004.3,-9999,23.5,22.0,23.8,23.5,22.0,22.0,91,90,91,236,2.4,0.1,N,PA,TOME ACU,A213,-2.59249999,-48.36055555,42.95
2120,2019-12-20,08:00,0.0,1003.6,1003.6,1003.2,-9999,22.4,21.5,22.8,22.4,21.8,21.5,94,94,94,236,0.0,0.0,N,PA,TOME ACU,A213,-2.59249999,-48.36055555,42.95
2121,2019-12-20,12:00,0.0,1006.0,1006.0,1005.5,1321,28.0,23.6,28.0,25.9,23.8,22.9,85,76,77,236,6.7,2.7,N,PA,TOME ACU,A213,-2.59249999,-48.36055555,42.95
2122,2019-12-20,16:00,0.0,1004.2,1005.2,1004.2,2658,32.2,23.1,32.9,31.3,23.7,22.8,63,56,59,236,7.1,2.8,N,PA,TOME ACU,A213,-2.59249999,-48.36055555,42.95
2123,2019-12-20,20:00,0.0,1001.1,1001.1,1000.8,919,32.9,23.3,33.2,32.1,23.6,22.6,60,54,57,236,6.6,1.2,N,PA,TOME ACU,A213,-2.59249999,-48.36055555,42.95
2124,2019-12-21,00:00,0.0,1005.4,1005.4,1003.6,-9999,24.6,23.3,24.9,24.6,23.6,23.3,93,92,93,236,3.3,1.4,N,PA,TOME ACU,A213,-2.59249999,-48.36055555,42.95
2125,2019-12-21,04:00,0.0,1003.9,1004.4,1003.9,-9999,23.6,22.6,23.8,23.6,22.7,22.6,94,93,94,236,0.0,0.0,N,PA,TOME ACU,A213,-2.59249999,-48.36055555,42.95
2126,2019-12-21,08:00,0.0,1002.9,1002.9,1002.4,-9999,22.3,21.5,22.7,22.3,21.8,21.5,95,95,95,236,0.0,0.0,N,PA,TOME ACU,A213,-2.59249999,-48.36055555,42.95
2127,2019-12-21,12:00,0.0,1006.1,1006.1,1005.6,1139,26.4,23.8,26.6,24.5,24.2,23.1,92,84,85,236,4.4,1.6,N,PA,TOME ACU,A213,-2.59249999,-48.36055555,42.95
2128,2019-12-21,16:00,0.0,1004.1,1005.1,1004.1,2410,31.9,23.1,32.1,31.1,24.1,22.8,65,58,60,236,6.0,2.2,N,PA,TOME ACU,A213,-2.59249999,-48.36055555,42.95
2129,2019-12-21,20:00,0.0,1000.3,1001.0,1000.3,828,32.7,24.1,33.6,32.6,24.2,21.5,61,50,61,236,4.2,0.2,N,PA,TOME ACU,A213,-2.59249999,-48.36055555,42.95
2130,2019-12-22,00:00,0.0,1004.1,1004.1,1003.2,-9999,24.8,23.0,24.8,24.8,23.1,22.7,90,88,90,236,4.7,0.1,N,PA,TOME ACU,A213,-2.59249999,-48.36055555,42.95
2131,2019-12-22,04:00,0.0,1003.9,1004.2,1003.7,-9999,24.2,23.0,24.2,24.1,23.0,22.8,93,92,93,236,2.5,0.5,N,PA,TOME ACU,A213,-2.59249999,-48.36055555,42.95
2132,2019-12-22,08:00,0.0,1003.4,1003.4,1003.1,-9999,23.5,22.6,23.7,23.5,22.7,22.6,95,94,95,236,2.2,0.0,N,PA,TOME ACU,A213,-2.59249999,-48.36055555,42.95
2133,2019-12-22,12:00,0.0,1006.2,1006.2,1005.8,906,26.2,23.6,26.4,24.7,23.9,23.3,92,85,85,236,1.2,0.0,N,PA,TOME ACU,A213,-2.59249999,-48.36055555,42.95
2134,2019-12-22,16:00,0.0,1004.3,1005.1,1004.3,1902,30.6,23.6,31.3,30.2,24.2,23.2,69,63,67,236,6.7,2.6,N,PA,TOME ACU,A213,-2.59249999,-48.36055555,42.95
2135,2019-12-22,20:00,0.8,1001.8,1001.8,1001.4,323,27.2,25.7,27.3,26.7,25.9,24.9,92,89,91,236,1.6,0.0,N,PA,TOME ACU,A213,-2.59249999,-48.36055555,42.95
2136,2019-12-23,00:00,0.0,1005.0,1005.1,1004.9,-9999,24.4,23.3,24.6,24.4,23.5,23.3,94,93,94,236,1.9,0.0,N,PA,TOME ACU,A213,-2.59249999,-48.36055555,42.95
2137,2019-12-23,04:00,0.0,1003.8,1004.3,1003.8,-9999,23.9,23.0,24.1,23.8,23.2,23.0,95,94,95,236,1.8,0.0,N,PA,TOME ACU,A213,-2.59249999,-48.36055555,42.95
2138,2019-12-23,08:00,0.0,1003.2,1003.2,1002.9,-9999,23.5,22.7,23.5,23.2,22.7,22.5,96,95,95,236,0.8,0.0,N,PA,TOME ACU,A213,-2.59249999,-48.36055555,42.95
2139,2019-12-23,12:00,0.0,1006.2,1006.2,1005.9,713,26.2,24.1,26.4,24.9,24.7,23.8,94,88,88,236,2.2,0.0,N,PA,TOME ACU,A213,-2.59249999,-48.36055555,42.95
2140,2019-12-23,16:00,0.0,1004.6,1005.2,1004.6,2523,31.5,22.7,31.8,30.3,23.7,22.3,68,57,60,236,4.5,1.7,N,PA,TOME ACU,A213,-2.59249999,-48.36055555,42.95
2141,2019-12-23,20:00,0.0,1002.4,1002.5,1002.4,669,30.7,22.9,33.8,30.7,23.5,22.1,64,51,63,236,5.2,0.0,N,PA,TOME ACU,A213,-2.59249999,-48.36055555,42.95
2142,2019-12-24,00:00,0.0,1005.0,1005.0,1004.1,-9999,26.8,24.0,27.4,26.8,25.0,23.4,89,81,85,236,4.5,0.0,N,PA,TOME ACU,A213,-2.59249999,-48.36055555,42.95
2143,2019-12-24,04:00,0.0,1004.4,1005.2,1004.4,-9999,25.5,23.1,25.6,25.5,23.1,23.0,87,85,87,236,2.2,0.0,N,PA,TOME ACU,A213,-2.59249999,-48.36055555,42.95
2144,2019-12-24,08:00,0.0,1003.6,1003.6,1003.3,-9999,23.6,22.6,24.0,23.6,22.8,22.6,94,93,94,236,0.0,0.0,N,PA,TOME ACU,A213,-2.59249999,-48.36055555,42.95
2145,2019-12-24,12:00,0.0,1006.0,1006.0,1005.7,1094,27.2,23.4,27.2,26.2,23.9,23.0,84,80,80,236,5.6,2.1,N,PA,TOME ACU,A213,-2.59249999,-48.36055555,42.95
2146,2019-12-24,16:00,0.0,1003.7,1004.9,1003.7,2319,32.2,23.0,32.3,30.9,23.6,22.2,65,56,58,236,6.4,1.4,N,PA,TOME ACU,A213,-2.59249999,-48.36055555,42.95
2147,2019-12-24,20:00,0.0,1001.4,1001.4,1001.0,1026,31.0,23.8,31.7,30.9,24.1,22.7,68,59,66,236,4.5,0.7,N,PA,TOME ACU,A213,-2.59249999,-48.36055555,42.95
2148,2019-12-25,00:00,1.0,1004.2,1004.2,1003.1,-9999,25.8,24.5,26.1,25.8,24.5,23.8,92,87,92,236,1.5,0.0,N,PA,TOME ACU,A213,-2.59249999,-48.36055555,42.95
2149,2019-12-25,04:00,0.0,1003.7,1004.3,1003.7,-9999,25.0,24.1,25.3,25.0,24.3,24.1,94,94,94,236,0.0,0.0,N,PA,TOME ACU,A213,-2.59249999,-48.36055555,42.95
2150,2019-12-25,08:00,0.0,1002.9,1003.0,1002.8,-9999,23.6,22.8,23.9,23.6,23.1,22.8,95,95,95,236,0.0,0.0,N,PA,TOME ACU,A213,-2.59249999,-48.36055555,42.95
2151,2019-12-25,12:00,0.0,1005.0,1005.0,1004.5,1037,26.9,24.3,26.9,25.5,24.5,23.8,92,84,86,236,5.1,1.9,N,PA,TOME ACU,A213,-2.59249999,-48.36055555,42.95
2152,2019-12-25,16:00,0.0,1003.3,1004.3,1003.3,2452,31.2,23.5,31.6,30.4,24.3,22.9,70,62,64,236,6.3,1.4,N,PA,TOME ACU,A213,-2.59249999,-48.36055555,42.95
2153,2019-12-25,20:00,0.0,1001.1,1001.1,1000.7,723,31.3,26.2,31.3,31.0,26.2,23.9,75,66,75,236,3.2,0.0,N,PA,TOME ACU,A213,-2.59249999,-48.36055555,42.95
2154,2019-12-26,00:00,0.0,1004.2,1004.3,1003.8,-9999,25.4,23.6,25.8,25.4,23.9,23.4,90,88,90,236,0.0,0.0,N,PA,TOME ACU,A213,-2.59249999,-48.36055555,42.95
2155,2019-12-26,04:00,0.0,1004.3,1004.3,1004.2,-9999,24.6,23.5,24.8,24.6,23.5,23.4,93,92,93,236,0.0,0.0,N,PA,TOME ACU,A213,-2.59249999,-48.36055555,42.95
2156,2019-12-26,08:00,0.0,1003.7,1003.7,1003.3,-9999,23.8,22.9,24.0,23.8,23.0,22.8,95,95,95,236,0.0,0.0,N,PA,TOME ACU,A213,-2.59249999,-48.36055555,42.95
2157,2019-12-26,12:00,0.0,1006.1,1006.1,1005.9,1198,27.6,23.9,27.6,25.9,24.3,23.6,90,80,80,236,4.1,1.0,N,PA,TOME ACU,A213,-2.59249999,-48.36055555,42.95
2158,2019-12-26,16:00,0.0,1004.8,1005.7,1004.8,1632,30.4,23.8,30.5,29.4,24.8,23.1,75,66,68,236,4.4,0.4,N,PA,TOME ACU,A213,-2.59249999,-48.36055555,42.95
2159,2019-12-26,20:00,0.0,1002.0,1002.3,1002.0,739,30.8,24.0,31.4,30.7,25.2,23.5,72,65,67,236,1.4,0.0,N,PA,TOME ACU,A213,-2.59249999,-48.36055555,42.95
2160,2019-12-27,00:00,0.0,1005.3,1005.3,1004.5,-9999,25.2,24.0,25.5,25.2,24.3,23.9,93,92,93,236,0.0,0.0,N,PA,TOME ACU,A213,-2.59249999,-48.36055555,42.95
2161,2019-12-27,04:00,0.0,1005.2,1005.6,1005.2,-9999,24.7,23.8,24.9,24.7,23.9,23.8,95,94,95,236,0.0,0.0,N,PA,TOME ACU,A213,-2.59249999,-48.36055555,42.95
2162,2019-12-27,08:00,0.0,1004.2,1004.2,1003.9,-9999,24.5,23.7,24.6,24.5,23.8,23.7,95,95,95,236,0.0,0.0,N,PA,TOME ACU,A213,-2.59249999,-48.36055555,42.95
2163,2019-12-27,12:00,0.0,1006.5,1006.5,1006.1,903,26.7,24.6,26.7,25.4,24.6,23.9,93,88,88,236,0.9,0.0,N,PA,TOME ACU,A213,-2.59249999,-48.36055555,42.95
2164,2019-12-27,16:00,0.0,1005.2,1006.0,1005.2,2618,30.0,23.8,30.6,28.8,24.4,23.1,76,64,69,236,5.5,2.3,N,PA,TOME ACU,A213,-2.59249999,-48.36055555,42.95
2165,2019-12-27,20:00,0.0,1002.7,1002.8,1002.1,1145,30.6,23.7,31.7,30.6,24.0,23.1,67,61,67,236,11.0,2.9,N,PA,TOME ACU,A213,-2.59249999,-48.36055555,42.95
2166,2019-12-28,00:00,0.0,1005.1,1005.1,1004.0,-9999,25.3,23.5,25.5,25.1,23.6,23.3,91,89,90,236,0.0,0.0,N,PA,TOME ACU,A213,-2.59249999,-48.36055555,42.95
2167,2019-12-28,04:00,0.0,1004.4,1005.4,1004.3,-9999,24.6,23.4,24.8,24.6,23.4,23.3,93,91,93,236,0.0,0.0,N,PA,TOME ACU,A213,-2.59249999,-48.36055555,42.95
2168,2019-12-28,08:00,0.0,1003.6,1003.7,1003.5,-9999,23.4,22.5,23.8,23.4,22.8,22.5,95,95,95,236,0.0,0.0,N,PA,TOME ACU,A213,-2.59249999,-48.36055555,42.95
2169,2019-12-28,12:00,0.0,1005.5,1005.5,1005.2,1161,27.3,24.0,27.3,26.0,24.1,23.5,87,81,82,236,5.7,2.5,N,PA,TOME ACU,A213,-2.59249999,-48.36055555,42.95
2170,2019-12-28,16:00,0.0,1003.9,1004.7,1003.9,2095,31.8,23.8,31.8,30.9,24.4,22.9,66,60,62,236,5.7,1.3,N,PA,TOME ACU,A213,-2.59249999,-48.36055555,42.95
2171,2019-12-28,20:00,0.0,1000.9,1000.9,1000.8,1088,32.7,24.2,32.7,31.7,24.3,22.9,64,59,61,236,2.4,0.0,N,PA,TOME ACU,A213,-2.59249999,-48.36055555,42.95
2172,2019-12-29,00:00,0.0,1004.4,1004.4,1003.4,-9999,25.3,23.7,25.5,25.3,23.8,23.6,91,89,91,236,0.0,0.0,N,PA,TOME ACU,A213,-2.59249999,-48.36055555,42.95
2173,2019-12-29,04:00,0.0,1004.0,1004.6,1004.0,-9999,24.1,22.9,24.2,24.1,23.1,22.9,93,93,93,236,2.9,0.1,N,PA,TOME ACU,A213,-2.59249999,-48.36055555,42.95
2174,2019-12-29,08:00,0.0,1003.9,1003.9,1003.3,-9999,23.4,22.5,23.5,23.4,22.7,22.5,95,95,95,236,0.0,0.0,N,PA,TOME ACU,A213,-2.59249999,-48.36055555,42.95
2175,2019-12-29,12:00,0.0,1006.0,1006.0,1005.7,644,25.2,23.7,25.2,24.4,23.8,23.4,95,91,92,236,1.5,0.0,N,PA,TOME ACU,A213,-2.59249999,-48.36055555,42.95
2176,2019-12-29,16:00,0.0,1003.2,1004.3,1003.2,2161,29.7,23.9,29.8,28.3,24.5,23.2,79,68,71,236,3.6,1.4,N,PA,TOME ACU,A213,-2.59249999,-48.36055555,42.95
2177,2019-12-29,20:00,0.0,1000.7,1000.8,1000.2,740,28.7,24.1,31.4,28.7,24.4,23.4,76,64,76,236,7.7,3.1,N,PA,TOME ACU,A213,-2.59249999,-48.36055555,42.95
2178,2019-12-30,00:00,0.0,1003.3,1003.3,1002.1,-9999,24.8,23.4,24.8,24.7,23.5,23.3,92,92,92,236,2.4,0.0,N,PA,TOME ACU,A213,-2.59249999,-48.36055555,42.95
2179,2019-12-30,04:00,0.2,1003.9,1004.5,1003.9,-9999,24.5,23.6,24.6,24.5,23.6,23.5,95,94,95,236,0.0,0.0,N,PA,TOME ACU,A213,-2.59249999,-48.36055555,42.95
2180,2019-12-30,08:00,1.0,1003.1,1003.1,1003.0,-9999,23.9,23.1,24.0,23.9,23.2,23.1,95,95,95,236,0.0,0.0,N,PA,TOME ACU,A213,-2.59249999,-48.36055555,42.95
2181,2019-12-30,12:00,0.0,1004.9,1004.9,1004.5,370,24.7,23.8,24.7,24.2,23.8,23.4,95,95,95,236,0.0,0.0,N,PA,TOME ACU,A213,-2.59249999,-48.36055555,42.95
2182,2019-12-30,16:00,0.0,1003.6,1004.5,1003.6,1937,29.4,23.8,29.7,28.3,24.5,22.9,77,69,72,236,5.2,1.5,N,PA,TOME ACU,A213,-2.59249999,-48.36055555,42.95
2183,2019-12-30,20:00,0.0,1000.7,1001.0,1000.6,1170,30.9,23.9,31.1,30.7,24.1,23.4,67,64,67,236,4.5,1.1,N,PA,TOME ACU,A213,-2.59249999,-48.36055555,42.95
2184,2019-12-31,00:00,0.0,1004.0,1004.0,1003.6,-9999,25.7,24.2,26.0,25.7,24.3,24.1,91,89,91,236,0.0,0.0,N,PA,TOME ACU,A213,-2.59249999,-48.36055555,42.95
2185,2019-12-31,04:00,0.0,1004.7,1004.8,1004.5,-9999,24.7,23.6,24.9,24.7,23.7,23.6,94,93,94,236,0.0,0.0,N,PA,TOME ACU,A213,-2.59249999,-48.36055555,42.95
2186,2019-12-31,08:00,20.4,1004.2,1004.2,1003.8,-9999,23.4,22.6,23.6,23.4,22.7,22.5,95,94,95,236,4.6,1.6,N,PA,TOME ACU,A213,-2.59249999,-48.36055555,42.95
2187,2019-12-31,12:00,1.8,1006.8,1006.8,1006.4,136,23.5,22.6,23.5,23.4,22.6,22.6,95,95,95,236,2.3,0.0,N,PA,TOME ACU,A213,-2.59249999,-48.36055555,42.95
2188,2019-12-31,16:00,0.0,1006.6,1007.3,1006.6,1316,25.1,21.7,25.7,24.6,23.2,21.7,89,80,82,236,4.2,1.4,N,PA,TOME ACU,A213,-2.59249999,-48.36055555,42.95
2189,2019-12-31,20:00,0.0,1004.7,1004.7,1004.5,381,25.7,23.1,25.7,25.5,23.1,22.6,86,83,86,236,1.0,0.0,N,PA,TOME ACU,A213,-2.59249999,-48.36055555,42.95
2190,2020-01-01,00:00,0.0,1006.1,1006.1,1005.6,-9999,24.3,23.3,24.7,24.3,23.6,23.3,94,94,94,236,0.0,0.0,N,PA,TOME ACU,A213,-2.59249999,-48.36055555,42.95
2191,2020-01-01,04:00,0.0,1006.2,1006.4,1006.2,-9999,24.0,23.2,24.0,23.9,23.2,23.0,95,95,95,236,0.0,0.0,N,PA,TOME ACU,A213,-2.59249999,-48.36055555,42.95
2192,2020-01-01,08:00,0.2,1005.4,1005.5,1005.2,-9999,23.5,22.7,23.7,23.5,22.9,22.7,95,95,95,236,0.0,0.0,N,PA,TOME ACU,A213,-2.59249999,-48.36055555,42.95
2193,2020-01-01,12:00,0.0,1007.5,1007.5,1007.2,1212,25.6,22.1,26.0,24.1,23.1,22.1,93,79,81,236,1.4,0.1,N,PA,TOME ACU,A213,-2.59249999,-48.36055555,42.95
2194,2020-01-01,16:00,0.0,1004.6,1005.9,1004.6,2655,30.2,22.1,30.3,28.8,22.5,21.1,68,58,62,236,3.1,0.7,N,PA,TOME ACU,A213,-2.59249999,-48.36055555,42.95
2195,2020-01-01,20:00,0.0,1001.8,1001.8,1001.7,736,30.8,22.6,31.6,30.6,23.0,21.3,64,55,62,236,3.6,0.2,N,PA,TOME ACU,A213,-2.59249999,-48.36055555,42.95
