,Data,Hora,"PRECIPITAÇÃO TOTAL, HORÁRIO (mm)","PRESSAO ATMOSFERICA AO NIVEL DA ESTACAO, HORARIA (mB)",PRESSÃO ATMOSFERICA MAX.NA HORA ANT. (AUT) (mB),PRESSÃO ATMOSFERICA MIN. NA HORA ANT. (AUT) (mB),RADIACAO GLOBAL (Kj/m²),"TEMPERATURA DO AR - BULBO SECO, HORARIA (°C)",TEMPERATURA DO PONTO DE ORVALHO (°C),TEMPERATURA MÁXIMA NA HORA ANT. (AUT) (°C),TEMPERATURA MÍNIMA NA HORA ANT. (AUT) (°C),TEMPERATURA ORVALHO MAX. NA HORA ANT. (AUT) (°C),TEMPERATURA ORVALHO MIN. NA HORA ANT. (AUT) (°C),UMIDADE REL. MAX. NA HORA ANT. (AUT) (%),UMIDADE REL. MIN. NA HORA ANT. (AUT) (%),"UMIDADE RELATIVA DO AR, HORARIA (%)","VENTO, DIREÇÃO HORARIA (gr) (° (gr))","VENTO, RAJADA MAXIMA (m/s)","VENTO, VELOCIDADE HORARIA (m/s)",region,state,station,station_code,latitude,longitude,height
0,2019-01-01,00:00,0.0,1007.5,1007.5,1006.5,-9999,24.4,23.2,24.7,24.3,23.5,23.1,93,93,93,154,0.0,0.0,N,PA,CASTANHAL,A202,-1.300875,-47.947967,47.13
1,2019-01-01,04:00,0.0,1006.3,1007.4,1006.3,-9999,23.4,22.4,23.6,23.4,22.5,22.3,94,94,94,303,0.0,0.0,N,PA,CASTANHAL,A202,-1.300875,-47.947967,47.13
2,2019-01-01,08:00,0.0,1006.2,1006.2,1005.3,-9999,23.0,22.0,23.2,23.0,22.2,22.0,94,94,94,220,0.0,0.0,N,PA,CASTANHAL,A202,-1.300875,-47.947967,47.13
3,2019-01-01,12:00,0.0,1008.1,1008.1,1008.0,1190,25.9,23.6,25.9,24.8,24.4,23.4,94,87,87,36,0.0,0.0,N,PA,CASTANHAL,A202,-1.300875,-47.947967,47.13
4,2019-01-01,16:00,0.0,1006.7,1007.4,1006.7,1618,30.0,22.5,31.0,29.6,23.3,21.3,68,56,64,63,9.6,0.0,N,PA,CASTANHAL,A202,-1.300875,-47.947967,47.13
5,2019-01-01,20:00,0.2,1004.8,1004.8,1004.4,1360,29.2,23.7,30.2,29.2,23.9,22.4,73,64,72,13,4.3,0.0,N,PA,CASTANHAL,A202,-1.300875,-47.947967,47.13
6,2019-01-02,00:00,0.0,1007.7,1007.7,1006.8,-9999,26.1,23.4,26.6,26.1,23.7,23.4,85,84,85,14,3.4,0.0,N,PA,CASTANHAL,A202,-1.300875,-47.947967,47.13
7,2019-01-02,04:00,0.0,1006.6,1007.4,1006.6,-9999,24.9,23.1,25.1,24.9,23.1,23.1,89,89,89,25,0.0,0.0,N,PA,CASTANHAL,A202,-1.300875,-47.947967,47.13
8,2019-01-02,08:00,0.0,1006.3,1006.3,1005.7,-9999,24.1,22.8,24.5,24.1,23.1,22.7,92,91,92,75,0.0,0.0,N,PA,CASTANHAL,A202,-1.300875,-47.947967,47.13
9,2019-01-02,12:00,0.0,1008.6,1008.6,1007.9,1476,27.3,23.6,27.3,25.2,24.2,23.4,90,80,80,35,4.8,0.0,N,PA,CASTANHAL,A202,-1.300875,-47.947967,47.13
10,2019-01-02,16:00,3.8,1007.0,1007.7,1006.9,2247,27.1,23.0,32.3,27.1,24.2,22.3,78,57,78,51,14.5,2.3,N,PA,CASTANHAL,A202,-1.300875,-47.947967,47.13
11,2019-01-02,20:00,0.0,1005.6,1005.6,1005.4,1176,28.9,23.0,29.0,27.3,24.0,22.7,79,70,71,63,7.5,1.0,N,PA,CASTANHAL,A202,-1.300875,-47.947967,47.13
12,2019-01-03,00:00,0.0,1007.3,1007.3,1006.8,-9999,25.3,23.0,25.3,25.2,23.2,22.9,88,87,87,34,0.0,0.0,N,PA,CASTANHAL,A202,-1.300875,-47.947967,47.13
13,2019-01-03,04:00,0.0,1006.7,1007.4,1006.7,-9999,24.7,23.0,25.0,24.7,23.2,23.0,91,90,91,357,0.0,0.0,N,PA,CASTANHAL,A202,-1.300875,-47.947967,47.13
14,2019-01-03,08:00,0.0,1005.4,1005.4,1005.3,-9999,24.3,23.0,24.4,24.3,23.1,23.0,93,92,92,18,0.0,0.0,N,PA,CASTANHAL,A202,-1.300875,-47.947967,47.13
15,2019-01-03,12:00,0.0,1007.6,1007.7,1007.4,1447,27.5,24.0,27.5,25.7,24.4,23.8,90,81,81,49,0.0,0.0,N,PA,CASTANHAL,A202,-1.300875,-47.947967,47.13
16,2019-01-03,16:00,0.0,1006.2,1007.0,1006.2,2554,32.1,22.5,32.5,30.9,23.7,22.0,64,55,57,43,8.4,2.0,N,PA,CASTANHAL,A202,-1.300875,-47.947967,47.13
17,2019-01-03,20:00,0.0,1005.0,1005.1,1004.5,632,27.8,22.8,29.9,26.7,24.3,20.2,77,63,74,93,9.1,0.0,N,PA,CASTANHAL,A202,-1.300875,-47.947967,47.13
18,2019-01-04,00:00,0.0,1006.7,1006.9,1006.5,-9999,25.2,21.9,25.8,25.2,21.9,21.8,82,79,82,45,3.5,0.0,N,PA,CASTANHAL,A202,-1.300875,-47.947967,47.13
19,2019-01-04,04:00,0.0,1006.4,1006.8,1006.4,-9999,24.9,22.9,25.0,24.9,22.9,22.8,89,88,89,69,0.0,0.0,N,PA,CASTANHAL,A202,-1.300875,-47.947967,47.13
20,2019-01-04,08:00,0.0,1005.9,1006.0,1005.7,-9999,24.3,22.9,24.4,24.3,23.0,22.8,92,92,92,77,0.0,0.0,N,PA,CASTANHAL,A202,-1.300875,-47.947967,47.13
21,2019-01-04,12:00,0.0,1008.2,1008.2,1007.6,1503,27.3,23.5,27.3,25.6,24.0,23.2,90,79,80,67,0.0,0.0,N,PA,CASTANHAL,A202,-1.300875,-47.947967,47.13
22,2019-01-04,16:00,0.0,1007.0,1007.9,1007.0,2539,32.3,22.9,32.3,30.8,23.9,22.3,66,57,58,69,8.8,1.1,N,PA,CASTANHAL,A202,-1.300875,-47.947967,47.13
23,2019-01-04,20:00,0.0,1004.2,1004.3,1003.8,661,31.2,22.7,32.5,31.2,22.9,22.2,61,56,61,64,6.9,0.2,N,PA,CASTANHAL,A202,-1.300875,-47.947967,47.13
24,2019-01-05,00:00,0.0,1006.2,1006.4,1006.0,-9999,27.1,23.7,27.8,27.1,23.7,23.4,82,77,82,20,0.0,0.0,N,PA,CASTANHAL,A202,-1.300875,-47.947967,47.13
25,2019-01-05,04:00,0.0,1006.4,1006.9,1006.4,-9999,25.5,23.7,25.8,25.5,23.8,23.7,90,89,90,24,0.0,0.0,N,PA,CASTANHAL,A202,-1.300875,-47.947967,47.13
26,2019-01-05,08:00,0.0,1005.5,1005.5,1005.0,-9999,24.9,23.6,25.1,24.8,23.7,23.5,92,92,92,46,0.0,0.0,N,PA,CASTANHAL,A202,-1.300875,-47.947967,47.13
27,2019-01-05,12:00,0.0,1008.1,1008.1,1007.5,1419,27.3,23.9,27.3,25.6,24.3,23.5,91,81,81,41,3.8,0.0,N,PA,CASTANHAL,A202,-1.300875,-47.947967,47.13
28,2019-01-05,16:00,0.2,1006.7,1007.5,1006.7,998,29.7,23.5,31.0,29.0,24.1,21.3,72,62,70,84,9.7,0.1,N,PA,CASTANHAL,A202,-1.300875,-47.947967,47.13
29,2019-01-05,20:00,0.4,1004.5,1004.6,1004.1,328,26.4,24.4,26.7,26.4,24.8,24.3,90,88,89,145,0.0,0.0,N,PA,CASTANHAL,A202,-1.300875,-47.947967,47.13
30,2019-01-06,00:00,0.0,1007.4,1007.4,1007.0,-9999,25.9,24.3,26.6,25.9,24.7,24.3,91,89,91,127,0.0,0.0,N,PA,CASTANHAL,A202,-1.300875,-47.947967,47.13
31,2019-01-06,04:00,0.0,1006.7,1007.4,1006.7,-9999,25.7,23.9,25.8,25.7,23.9,23.9,90,89,90,350,0.0,0.0,N,PA,CASTANHAL,A202,-1.300875,-47.947967,47.13
32,2019-01-06,08:00,0.0,1005.8,1005.9,1005.4,-9999,24.7,23.5,24.9,24.7,23.6,23.4,93,92,93,241,0.0,0.0,N,PA,CASTANHAL,A202,-1.300875,-47.947967,47.13
33,2019-01-06,12:00,0.0,1008.3,1008.3,1007.9,1039,27.1,24.9,27.1,26.0,25.2,24.5,93,87,88,88,0.0,0.0,N,PA,CASTANHAL,A202,-1.300875,-47.947967,47.13
34,2019-01-06,16:00,13.4,1006.5,1007.5,1006.5,825,26.4,24.1,31.1,25.7,24.1,23.1,89,64,87,78,10.3,0.0,N,PA,CASTANHAL,A202,-1.300875,-47.947967,47.13
35,2019-01-06,20:00,0.0,1004.2,1004.4,1004.0,570,28.5,23.5,29.1,28.5,23.7,22.6,74,68,74,29,6.1,0.0,N,PA,CASTANHAL,A202,-1.300875,-47.947967,47.13
36,2019-01-07,00:00,0.0,1006.8,1006.9,1006.3,-9999,26.2,24.0,26.5,26.2,24.1,24.0,88,86,88,22,1.4,0.0,N,PA,CASTANHAL,A202,-1.300875,-47.947967,47.13
37,2019-01-07,04:00,0.0,1006.6,1007.2,1006.5,-9999,25.5,23.7,25.6,25.4,23.9,23.7,90,90,90,76,0.0,0.0,N,PA,CASTANHAL,A202,-1.300875,-47.947967,47.13
38,2019-01-07,08:00,1.2,1005.5,1005.6,1005.3,-9999,25.2,23.9,25.2,25.1,23.9,23.7,93,92,93,118,0.0,0.0,N,PA,CASTANHAL,A202,-1.300875,-47.947967,47.13
39,2019-01-07,12:00,0.0,1007.7,1007.8,1007.0,333,25.1,23.8,25.1,24.7,23.8,23.5,93,93,93,129,0.0,0.0,N,PA,CASTANHAL,A202,-1.300875,-47.947967,47.13
40,2019-01-07,16:00,0.2,1006.8,1007.3,1006.8,646,26.5,23.5,26.6,26.3,23.7,23.2,85,83,84,53,4.6,0.0,N,PA,CASTANHAL,A202,-1.300875,-47.947967,47.13
41,2019-01-07,20:00,0.0,1004.9,1005.0,1004.5,644,28.1,23.5,28.1,27.9,23.9,23.2,78,76,76,56,2.9,0.0,N,PA,CASTANHAL,A202,-1.300875,-47.947967,47.13
42,2019-01-08,00:00,0.2,1007.0,1007.0,1006.4,-9999,23.6,22.2,23.7,23.4,22.2,21.5,92,89,92,89,0.0,0.0,N,PA,CASTANHAL,A202,-1.300875,-47.947967,47.13
43,2019-01-08,04:00,0.2,1006.6,1007.2,1006.6,-9999,23.0,21.9,23.7,23.0,22.5,21.9,93,93,93,202,0.0,0.0,N,PA,CASTANHAL,A202,-1.300875,-47.947967,47.13
44,2019-01-08,08:00,0.0,1005.6,1005.7,1005.5,-9999,22.9,21.8,23.0,22.9,21.9,21.8,94,94,94,134,0.0,0.0,N,PA,CASTANHAL,A202,-1.300875,-47.947967,47.13
45,2019-01-08,12:00,0.0,1007.3,1007.4,1007.2,350,24.3,23.3,24.3,23.3,23.3,22.3,94,94,94,130,0.0,0.0,N,PA,CASTANHAL,A202,-1.300875,-47.947967,47.13
46,2019-01-08,16:00,0.0,1006.5,1007.4,1006.5,2491,30.6,23.6,30.6,28.5,24.4,22.9,76,67,67,102,6.9,0.0,N,PA,CASTANHAL,A202,-1.300875,-47.947967,47.13
47,2019-01-08,20:00,0.0,1004.8,1005.0,1004.5,260,25.8,23.8,26.7,25.8,24.4,23.8,89,87,89,22,0.0,0.0,N,PA,CASTANHAL,A202,-1.300875,-47.947967,47.13
48,2019-01-09,00:00,0.0,1007.6,1007.6,1006.8,-9999,25.3,23.6,25.6,25.3,23.7,23.5,90,89,90,206,0.0,0.0,N,PA,CASTANHAL,A202,-1.300875,-47.947967,47.13
49,2019-01-09,04:00,0.0,1006.5,1007.6,1006.5,-9999,24.4,23.2,24.5,24.4,23.3,23.2,93,93,93,206,0.0,0.0,N,PA,CASTANHAL,A202,-1.300875,-47.947967,47.13
50,2019-01-09,08:00,0.0,1005.2,1005.7,1005.2,-9999,23.0,21.9,23.7,23.0,22.6,21.9,94,93,93,90,7.4,0.0,N,PA,CASTANHAL,A202,-1.300875,-47.947967,47.13
51,2019-01-09,12:00,0.0,1006.6,1006.6,1006.4,1325,25.0,21.7,25.0,23.2,22.7,21.7,93,82,82,65,0.0,0.0,N,PA,CASTANHAL,A202,-1.300875,-47.947967,47.13
52,2019-01-09,16:00,0.0,1005.3,1006.2,1005.3,2367,29.5,22.1,30.6,28.7,23.6,22.1,70,63,65,56,7.1,0.8,N,PA,CASTANHAL,A202,-1.300875,-47.947967,47.13
53,2019-01-09,20:00,0.0,1002.8,1003.1,1002.7,1459,30.5,21.2,30.8,29.8,21.6,20.6,61,56,57,63,6.9,0.0,N,PA,CASTANHAL,A202,-1.300875,-47.947967,47.13
54,2019-01-10,00:00,0.0,1006.2,1006.2,1005.1,-9999,26.1,22.3,26.6,26.1,22.3,22.0,80,76,80,34,5.3,0.0,N,PA,CASTANHAL,A202,-1.300875,-47.947967,47.13
55,2019-01-10,04:00,0.0,1005.6,1006.1,1005.6,-9999,24.6,22.5,24.7,24.6,22.6,22.5,88,87,88,30,0.0,0.0,N,PA,CASTANHAL,A202,-1.300875,-47.947967,47.13
56,2019-01-10,08:00,0.0,1004.7,1005.0,1004.7,-9999,23.2,22.0,23.2,23.0,22.0,21.8,93,93,93,49,0.0,0.0,N,PA,CASTANHAL,A202,-1.300875,-47.947967,47.13
57,2019-01-10,12:00,0.0,1007.7,1007.8,1007.1,322,24.0,22.7,24.0,23.7,22.8,22.5,93,92,92,39,0.0,0.0,N,PA,CASTANHAL,A202,-1.300875,-47.947967,47.13
58,2019-01-10,16:00,0.0,1006.4,1007.5,1006.4,1789,27.2,22.5,27.3,26.1,22.7,21.9,80,74,75,32,4.9,0.0,N,PA,CASTANHAL,A202,-1.300875,-47.947967,47.13
59,2019-01-10,20:00,0.0,1004.6,1004.7,1004.4,660,25.9,21.9,27.7,25.9,22.5,21.6,81,70,79,68,10.8,0.0,N,PA,CASTANHAL,A202,-1.300875,-47.947967,47.13
60,2019-01-11,00:00,0.0,1006.8,1006.8,1006.4,-9999,24.4,21.9,25.0,24.4,22.5,21.9,87,84,86,107,2.2,0.0,N,PA,CASTANHAL,A202,-1.300875,-47.947967,47.13
61,2019-01-11,04:00,0.0,1007.2,1007.5,1007.2,-9999,23.5,22.1,23.6,23.5,22.2,22.1,92,92,92,44,0.0,0.0,N,PA,CASTANHAL,A202,-1.300875,-47.947967,47.13
62,2019-01-11,08:00,0.0,1006.5,1006.5,1006.1,-9999,23.0,21.9,23.2,23.0,22.1,21.9,94,93,94,214,0.0,0.0,N,PA,CASTANHAL,A202,-1.300875,-47.947967,47.13
63,2019-01-11,12:00,0.0,1009.3,1009.3,1008.2,796,24.4,22.5,24.4,23.5,22.7,22.3,93,89,89,236,0.0,0.0,N,PA,CASTANHAL,A202,-1.300875,-47.947967,47.13
64,2019-01-11,16:00,0.0,1007.9,1008.9,1007.9,1513,29.3,22.4,29.3,28.2,22.4,21.4,69,64,67,26,0.0,0.0,N,PA,CASTANHAL,A202,-1.300875,-47.947967,47.13
65,2019-01-11,20:00,0.0,1007.9,1008.1,1006.2,177,23.3,21.7,26.1,23.3,22.9,21.6,91,79,91,152,10.4,2.5,N,PA,CASTANHAL,A202,-1.300875,-47.947967,47.13
66,2019-01-12,00:00,0.0,1009.6,1009.6,1009.1,-9999,21.6,20.5,21.6,21.4,20.6,20.4,94,94,94,62,0.0,0.0,N,PA,CASTANHAL,A202,-1.300875,-47.947967,47.13
67,2019-01-12,04:00,0.2,1007.8,1008.3,1007.8,-9999,21.6,20.7,21.6,21.6,20.7,20.6,94,94,94,281,0.0,0.0,N,PA,CASTANHAL,A202,-1.300875,-47.947967,47.13
68,2019-01-12,08:00,0.0,1006.5,1006.6,1006.3,-9999,21.3,20.4,21.4,21.2,20.4,20.3,95,95,95,123,0.0,0.0,N,PA,CASTANHAL,A202,-1.300875,-47.947967,47.13
69,2019-01-12,12:00,0.0,1009.1,1009.1,1008.7,1033,23.5,22.3,23.6,21.9,22.5,21.0,95,93,93,233,0.0,0.0,N,PA,CASTANHAL,A202,-1.300875,-47.947967,47.13
70,2019-01-12,16:00,0.0,1007.6,1008.8,1007.6,2044,28.7,23.0,28.7,27.1,23.0,21.9,77,69,71,135,0.0,0.0,N,PA,CASTANHAL,A202,-1.300875,-47.947967,47.13
71,2019-01-12,20:00,0.0,1005.5,1005.5,1005.4,493,25.7,22.6,27.1,25.7,23.0,22.2,83,76,83,351,3.2,0.0,N,PA,CASTANHAL,A202,-1.300875,-47.947967,47.13
72,2019-01-13,00:00,0.0,1007.1,1007.1,1006.6,-9999,24.2,22.2,24.3,24.2,22.2,22.0,89,87,89,11,0.0,0.0,N,PA,CASTANHAL,A202,-1.300875,-47.947967,47.13
73,2019-01-13,04:00,0.0,1006.8,1007.5,1006.8,-9999,24.0,22.5,24.3,24.0,22.6,22.5,91,90,91,18,0.0,0.0,N,PA,CASTANHAL,A202,-1.300875,-47.947967,47.13
74,2019-01-13,08:00,0.0,1006.0,1006.1,1006.0,-9999,23.4,22.1,23.6,23.4,22.3,22.1,93,92,93,109,0.0,0.0,N,PA,CASTANHAL,A202,-1.300875,-47.947967,47.13
75,2019-01-13,12:00,0.0,1008.4,1008.5,1008.0,885,25.7,23.3,25.7,24.5,23.7,23.1,92,86,86,3,1.5,0.0,N,PA,CASTANHAL,A202,-1.300875,-47.947967,47.13
76,2019-01-13,16:00,0.0,1007.5,1008.5,1007.5,1530,28.4,22.7,28.5,27.7,23.1,22.4,76,70,71,352,3.2,0.0,N,PA,CASTANHAL,A202,-1.300875,-47.947967,47.13
77,2019-01-13,20:00,0.0,1004.6,1004.6,1004.3,1242,28.4,22.2,29.1,28.4,22.5,21.8,69,66,69,20,2.2,0.0,N,PA,CASTANHAL,A202,-1.300875,-47.947967,47.13
78,2019-01-14,00:00,0.0,1006.8,1006.9,1006.4,-9999,25.1,22.3,25.8,25.1,22.6,22.3,85,82,85,8,0.0,0.0,N,PA,CASTANHAL,A202,-1.300875,-47.947967,47.13
79,2019-01-14,04:00,0.0,1007.5,1007.9,1007.5,-9999,24.1,22.3,24.6,24.1,22.5,22.3,90,88,90,156,0.0,0.0,N,PA,CASTANHAL,A202,-1.300875,-47.947967,47.13
80,2019-01-14,08:00,0.0,1006.7,1006.7,1006.5,-9999,23.6,22.3,23.7,23.5,22.5,22.3,93,93,93,157,0.0,0.0,N,PA,CASTANHAL,A202,-1.300875,-47.947967,47.13
81,2019-01-14,12:00,0.0,1009.4,1009.4,1008.7,1117,25.4,22.3,25.5,24.4,23.1,22.3,92,83,83,360,0.0,0.0,N,PA,CASTANHAL,A202,-1.300875,-47.947967,47.13
82,2019-01-14,16:00,0.2,1007.2,1008.4,1007.2,2533,30.8,23.1,31.3,29.3,23.4,21.8,70,59,64,10,4.3,0.0,N,PA,CASTANHAL,A202,-1.300875,-47.947967,47.13
83,2019-01-14,20:00,0.0,1005.7,1006.1,1005.0,44,24.6,23.1,26.0,24.6,24.2,23.1,91,89,91,163,0.0,0.0,N,PA,CASTANHAL,A202,-1.300875,-47.947967,47.13
84,2019-01-15,00:00,0.0,1008.1,1008.1,1006.9,-9999,25.0,23.8,25.1,24.8,23.9,23.6,93,93,93,283,0.0,0.0,N,PA,CASTANHAL,A202,-1.300875,-47.947967,47.13
85,2019-01-15,04:00,0.0,1008.3,1008.6,1008.3,-9999,24.0,22.9,24.1,24.0,23.0,22.9,94,93,94,200,0.0,0.0,N,PA,CASTANHAL,A202,-1.300875,-47.947967,47.13
86,2019-01-15,08:00,0.0,1007.3,1007.4,1007.1,-9999,23.4,22.4,23.6,23.4,22.6,22.4,94,94,94,162,0.0,0.0,N,PA,CASTANHAL,A202,-1.300875,-47.947967,47.13
87,2019-01-15,12:00,0.0,1010.3,1010.3,1009.8,434,24.7,23.7,24.8,24.0,23.8,23.1,95,94,94,170,0.0,0.0,N,PA,CASTANHAL,A202,-1.300875,-47.947967,47.13
88,2019-01-15,16:00,0.0,1009.2,1010.0,1009.2,805,23.7,21.7,23.8,23.1,22.1,21.7,91,89,89,292,0.0,0.0,N,PA,CASTANHAL,A202,-1.300875,-47.947967,47.13
89,2019-01-15,20:00,0.0,1006.0,1006.2,1005.9,492,24.4,22.0,24.4,24.2,22.1,21.7,87,86,86,173,0.0,0.0,N,PA,CASTANHAL,A202,-1.300875,-47.947967,47.13
90,2019-01-16,00:00,0.0,1008.4,1008.5,1007.7,-9999,23.3,21.9,23.5,23.2,22.1,21.9,92,92,92,325,0.0,0.0,N,PA,CASTANHAL,A202,-1.300875,-47.947967,47.13
91,2019-01-16,04:00,0.0,1008.2,1008.9,1008.2,-9999,22.5,21.4,22.7,22.5,21.6,21.4,94,93,94,324,0.0,0.0,N,PA,CASTANHAL,A202,-1.300875,-47.947967,47.13
92,2019-01-16,08:00,0.0,1007.6,1007.6,1007.1,-9999,21.9,20.9,21.9,21.8,20.9,20.8,94,94,94,259,0.0,0.0,N,PA,CASTANHAL,A202,-1.300875,-47.947967,47.13
93,2019-01-16,12:00,0.0,1010.7,1010.8,1009.9,485,23.8,22.8,24.0,23.3,23.1,22.3,95,94,94,133,0.0,0.0,N,PA,CASTANHAL,A202,-1.300875,-47.947967,47.13
94,2019-01-16,16:00,0.0,1008.2,1008.7,1008.2,3118,30.3,23.5,30.3,28.6,23.8,21.9,71,64,67,45,5.1,0.0,N,PA,CASTANHAL,A202,-1.300875,-47.947967,47.13
95,2019-01-16,20:00,0.0,1006.4,1006.4,1006.3,1151,29.7,22.8,30.4,29.7,22.8,21.9,67,61,67,43,5.9,0.1,N,PA,CASTANHAL,A202,-1.300875,-47.947967,47.13
96,2019-01-17,00:00,0.0,1008.5,1008.5,1007.9,-9999,25.8,22.8,26.2,25.8,22.8,22.4,84,80,84,40,0.0,0.0,N,PA,CASTANHAL,A202,-1.300875,-47.947967,47.13
97,2019-01-17,04:00,0.0,1007.6,1008.3,1007.6,-9999,24.2,22.5,24.6,24.2,22.6,22.5,90,88,90,37,0.0,0.0,N,PA,CASTANHAL,A202,-1.300875,-47.947967,47.13
98,2019-01-17,08:00,0.0,1006.6,1006.6,1006.5,-9999,23.4,22.2,23.7,23.4,22.4,22.2,93,92,93,339,0.0,0.0,N,PA,CASTANHAL,A202,-1.300875,-47.947967,47.13
99,2019-01-17,12:00,0.0,1008.9,1008.9,1008.2,1386,26.9,23.4,26.9,25.0,23.9,23.1,93,80,81,38,0.0,0.0,N,PA,CASTANHAL,A202,-1.300875,-47.947967,47.13
100,2019-01-17,16:00,0.0,1007.3,1008.6,1007.3,2514,31.4,22.8,31.5,29.1,25.0,21.4,78,58,60,53,6.0,0.0,N,PA,CASTANHAL,A202,-1.300875,-47.947967,47.13
101,2019-01-17,20:00,0.0,1005.5,1005.7,1005.5,222,25.4,23.0,26.3,25.4,23.9,22.7,87,84,86,354,0.0,0.0,N,PA,CASTANHAL,A202,-1.300875,-47.947967,47.13
102,2019-01-18,00:00,0.0,1007.7,1007.7,1006.8,-9999,25.3,23.7,25.5,25.3,23.7,23.7,91,90,91,10,0.0,0.0,N,PA,CASTANHAL,A202,-1.300875,-47.947967,47.13
103,2019-01-18,04:00,0.0,1007.7,1008.4,1007.6,-9999,24.6,23.3,24.7,24.4,23.4,23.1,93,92,93,27,0.0,0.0,N,PA,CASTANHAL,A202,-1.300875,-47.947967,47.13
104,2019-01-18,08:00,0.0,1006.0,1006.0,1005.7,-9999,24.2,23.0,24.2,24.1,23.1,22.9,93,93,93,24,0.0,0.0,N,PA,CASTANHAL,A202,-1.300875,-47.947967,47.13
105,2019-01-18,12:00,0.0,1008.1,1008.1,1007.5,893,26.5,24.2,26.5,25.2,24.2,23.8,92,87,87,28,0.0,0.0,N,PA,CASTANHAL,A202,-1.300875,-47.947967,47.13
106,2019-01-18,16:00,0.0,1006.8,1007.6,1006.8,2602,31.5,23.4,31.5,30.0,23.8,22.6,68,61,62,51,2.3,0.0,N,PA,CASTANHAL,A202,-1.300875,-47.947967,47.13
107,2019-01-18,20:00,0.0,1004.0,1004.0,1003.3,191,26.6,23.7,29.9,26.6,24.8,23.3,84,68,84,5,10.9,3.2,N,PA,CASTANHAL,A202,-1.300875,-47.947967,47.13
108,2019-01-19,00:00,0.0,1006.9,1006.9,1005.9,-9999,25.8,23.7,25.9,25.8,23.9,23.6,89,88,88,32,3.8,0.0,N,PA,CASTANHAL,A202,-1.300875,-47.947967,47.13
109,2019-01-19,04:00,0.0,1006.3,1007.0,1006.3,-9999,25.2,23.4,25.4,25.2,23.5,23.4,90,89,90,48,0.0,0.0,N,PA,CASTANHAL,A202,-1.300875,-47.947967,47.13
110,2019-01-19,08:00,0.0,1005.8,1005.8,1005.3,-9999,24.1,22.9,24.5,24.1,23.1,22.9,93,92,93,126,0.0,0.0,N,PA,CASTANHAL,A202,-1.300875,-47.947967,47.13
111,2019-01-19,12:00,0.0,1008.4,1008.4,1008.0,1030,26.1,24.1,26.5,25.2,24.8,23.9,94,87,88,352,0.2,0.0,N,PA,CASTANHAL,A202,-1.300875,-47.947967,47.13
112,2019-01-19,16:00,0.0,1008.5,1008.6,1007.8,324,25.3,23.8,30.1,25.3,24.4,23.3,92,69,92,9,8.3,0.0,N,PA,CASTANHAL,A202,-1.300875,-47.947967,47.13
113,2019-01-19,20:00,0.0,1006.3,1006.3,1005.6,219,23.7,22.4,23.8,23.3,22.5,22.1,93,92,93,271,0.0,0.0,N,PA,CASTANHAL,A202,-1.300875,-47.947967,47.13
114,2019-01-20,00:00,0.0,1007.0,1007.0,1006.2,-9999,23.9,22.8,24.1,23.9,22.9,22.7,94,93,94,281,0.0,0.0,N,PA,CASTANHAL,A202,-1.300875,-47.947967,47.13
115,2019-01-20,04:00,0.0,1007.4,1008.3,1007.4,-9999,23.8,22.8,24.0,23.8,22.9,22.8,94,94,94,117,0.0,0.0,N,PA,CASTANHAL,A202,-1.300875,-47.947967,47.13
116,2019-01-20,08:00,0.0,1006.4,1006.4,1006.1,-9999,23.7,22.7,23.7,23.6,22.8,22.7,95,94,95,210,0.0,0.0,N,PA,CASTANHAL,A202,-1.300875,-47.947967,47.13
117,2019-01-20,12:00,0.0,1008.9,1008.9,1007.9,886,25.6,24.2,25.6,24.9,24.3,24.0,94,92,92,50,0.0,0.0,N,PA,CASTANHAL,A202,-1.300875,-47.947967,47.13
118,2019-01-20,16:00,0.0,1007.5,1008.0,1007.5,2290,29.8,23.0,30.7,29.4,24.3,21.9,72,62,67,30,6.0,0.2,N,PA,CASTANHAL,A202,-1.300875,-47.947967,47.13
119,2019-01-20,20:00,0.0,1005.5,1005.7,1005.3,426,25.9,22.9,26.0,25.0,23.2,22.7,87,83,83,6,0.0,0.0,N,PA,CASTANHAL,A202,-1.300875,-47.947967,47.13
120,2019-01-21,00:00,0.0,1007.5,1007.5,1006.5,-9999,24.9,23.3,25.5,24.9,23.5,23.3,91,88,91,272,0.0,0.0,N,PA,CASTANHAL,A202,-1.300875,-47.947967,47.13
121,2019-01-21,04:00,0.0,1007.5,1008.2,1007.5,-9999,24.0,22.8,24.2,23.9,22.9,22.7,93,92,93,15,0.0,0.0,N,PA,CASTANHAL,A202,-1.300875,-47.947967,47.13
122,2019-01-21,08:00,0.0,1006.1,1006.2,1006.0,-9999,23.7,22.5,23.9,23.7,22.7,22.5,93,93,93,56,3.2,0.0,N,PA,CASTANHAL,A202,-1.300875,-47.947967,47.13
123,2019-01-21,12:00,0.0,1008.5,1008.5,1007.9,1112,25.7,23.0,25.9,24.2,23.6,22.9,92,85,85,49,2.6,0.0,N,PA,CASTANHAL,A202,-1.300875,-47.947967,47.13
124,2019-01-21,16:00,0.0,1007.2,1008.2,1007.2,2691,30.7,22.9,30.8,28.3,24.3,22.4,73,62,63,65,9.3,0.1,N,PA,CASTANHAL,A202,-1.300875,-47.947967,47.13
125,2019-01-21,20:00,0.0,1005.5,1005.9,1005.5,138,26.5,24.5,26.6,26.4,24.5,24.1,89,87,89,308,0.0,0.0,N,PA,CASTANHAL,A202,-1.300875,-47.947967,47.13
126,2019-01-22,00:00,0.0,1008.3,1008.3,1007.1,-9999,25.2,23.3,25.2,25.0,23.3,22.7,89,87,89,328,0.0,0.0,N,PA,CASTANHAL,A202,-1.300875,-47.947967,47.13
127,2019-01-22,04:00,0.0,1007.8,1009.0,1007.8,-9999,24.1,22.9,24.1,23.5,22.9,22.2,93,92,93,43,0.0,0.0,N,PA,CASTANHAL,A202,-1.300875,-47.947967,47.13
128,2019-01-22,08:00,0.0,1006.9,1006.9,1006.4,-9999,24.2,23.0,24.3,24.2,23.2,23.0,94,93,93,44,0.0,0.0,N,PA,CASTANHAL,A202,-1.300875,-47.947967,47.13
129,2019-01-22,12:00,0.0,1009.1,1009.1,1008.6,892,25.8,23.8,25.8,24.8,24.0,23.5,93,89,89,24,3.5,0.0,N,PA,CASTANHAL,A202,-1.300875,-47.947967,47.13
130,2019-01-22,16:00,0.4,1007.8,1008.7,1007.7,1327,28.2,23.3,28.5,27.3,25.1,23.2,85,74,75,44,7.9,0.3,N,PA,CASTANHAL,A202,-1.300875,-47.947967,47.13
131,2019-01-22,20:00,0.0,1004.9,1005.1,1004.7,1638,29.8,23.2,30.3,29.7,23.4,22.3,68,63,68,38,5.4,0.0,N,PA,CASTANHAL,A202,-1.300875,-47.947967,47.13
132,2019-01-23,00:00,0.6,1008.2,1008.2,1007.6,-9999,23.6,22.3,23.6,23.2,22.4,22.0,93,93,93,203,0.0,0.0,N,PA,CASTANHAL,A202,-1.300875,-47.947967,47.13
133,2019-01-23,04:00,0.0,1008.1,1008.7,1008.1,-9999,23.8,22.7,23.8,23.7,22.7,22.6,94,93,94,313,0.0,0.0,N,PA,CASTANHAL,A202,-1.300875,-47.947967,47.13
134,2019-01-23,08:00,0.0,1006.8,1006.8,1006.5,-9999,23.4,22.4,23.6,23.4,22.5,22.3,94,94,94,297,0.0,0.0,N,PA,CASTANHAL,A202,-1.300875,-47.947967,47.13
135,2019-01-23,12:00,0.0,1008.9,1008.9,1008.6,1127,26.1,24.2,26.1,25.1,24.6,24.0,94,89,89,4,0.0,0.0,N,PA,CASTANHAL,A202,-1.300875,-47.947967,47.13
136,2019-01-23,16:00,0.0,1007.5,1008.2,1007.5,3099,31.1,22.8,31.5,30.6,23.3,21.6,64,57,61,8,7.3,0.1,N,PA,CASTANHAL,A202,-1.300875,-47.947967,47.13
137,2019-01-23,20:00,0.0,1005.4,1005.6,1005.4,827,29.8,23.6,29.8,28.6,24.0,23.3,75,69,69,352,3.1,0.0,N,PA,CASTANHAL,A202,-1.300875,-47.947967,47.13
138,2019-01-24,00:00,0.0,1008.4,1008.4,1007.7,-9999,25.0,23.0,25.8,24.9,23.5,23.0,89,87,89,122,0.0,0.0,N,PA,CASTANHAL,A202,-1.300875,-47.947967,47.13
139,2019-01-24,04:00,0.0,1007.4,1008.0,1007.4,-9999,25.0,23.3,25.5,25.0,23.5,23.3,90,89,90,230,0.0,0.0,N,PA,CASTANHAL,A202,-1.300875,-47.947967,47.13
140,2019-01-24,08:00,0.0,1006.4,1006.5,1006.4,-9999,24.5,23.2,24.6,24.3,23.3,23.0,93,92,92,6,0.0,0.0,N,PA,CASTANHAL,A202,-1.300875,-47.947967,47.13
141,2019-01-24,12:00,0.0,1008.5,1008.5,1008.0,1322,27.2,23.8,27.2,25.3,24.1,23.4,91,81,82,6,0.0,0.0,N,PA,CASTANHAL,A202,-1.300875,-47.947967,47.13
142,2019-01-24,16:00,0.0,1007.3,1008.1,1007.3,2080,30.4,22.9,31.1,30.0,23.7,22.1,67,60,65,34,2.9,0.0,N,PA,CASTANHAL,A202,-1.300875,-47.947967,47.13
143,2019-01-24,20:00,0.0,1005.3,1005.6,1005.3,1052,26.4,21.2,26.5,25.2,23.0,20.4,83,72,73,354,0.0,0.0,N,PA,CASTANHAL,A202,-1.300875,-47.947967,47.13
144,2019-01-25,00:00,0.0,1007.7,1007.7,1006.8,-9999,24.9,23.2,25.0,24.9,23.2,23.1,90,89,90,347,0.0,0.0,N,PA,CASTANHAL,A202,-1.300875,-47.947967,47.13
145,2019-01-25,04:00,0.0,1008.0,1008.2,1008.0,-9999,24.3,23.0,24.9,24.3,23.3,23.0,92,91,92,254,0.0,0.0,N,PA,CASTANHAL,A202,-1.300875,-47.947967,47.13
146,2019-01-25,08:00,0.0,1006.5,1006.5,1006.3,-9999,23.5,22.3,23.7,23.4,22.5,22.3,93,93,93,180,0.0,0.0,N,PA,CASTANHAL,A202,-1.300875,-47.947967,47.13
147,2019-01-25,12:00,0.0,1008.8,1008.9,1008.3,830,26.2,24.0,26.2,24.8,24.2,23.6,94,88,88,314,0.0,0.0,N,PA,CASTANHAL,A202,-1.300875,-47.947967,47.13
148,2019-01-25,16:00,0.0,1007.5,1008.3,1007.5,2761,29.0,21.9,30.2,29.0,23.4,21.4,69,62,66,23,9.3,2.5,N,PA,CASTANHAL,A202,-1.300875,-47.947967,47.13
149,2019-01-25,20:00,0.0,1005.4,1005.9,1005.4,1478,27.3,22.9,27.4,26.8,23.6,22.7,81,76,77,358,3.2,0.0,N,PA,CASTANHAL,A202,-1.300875,-47.947967,47.13
150,2019-01-26,00:00,0.0,1007.7,1007.7,1006.8,-9999,25.7,23.4,26.1,25.7,23.8,23.4,88,86,88,31,0.0,0.0,N,PA,CASTANHAL,A202,-1.300875,-47.947967,47.13
151,2019-01-26,04:00,0.0,1008.0,1008.4,1008.0,-9999,24.2,22.9,24.7,24.2,23.2,22.9,92,91,92,151,0.0,0.0,N,PA,CASTANHAL,A202,-1.300875,-47.947967,47.13
152,2019-01-26,08:00,0.0,1007.3,1007.4,1007.0,-9999,23.2,21.9,23.4,23.2,22.3,21.9,93,93,93,73,6.4,0.1,N,PA,CASTANHAL,A202,-1.300875,-47.947967,47.13
153,2019-01-26,12:00,0.0,1010.1,1010.1,1008.9,226,23.6,22.2,23.6,23.1,22.2,21.8,92,92,92,78,0.0,0.0,N,PA,CASTANHAL,A202,-1.300875,-47.947967,47.13
154,2019-01-26,16:00,0.0,1008.2,1009.4,1008.2,1473,26.8,22.8,26.8,25.4,23.0,22.4,85,79,79,77,0.0,0.0,N,PA,CASTANHAL,A202,-1.300875,-47.947967,47.13
155,2019-01-26,20:00,0.0,1005.5,1006.0,1005.5,1187,28.7,22.9,29.9,28.5,23.0,22.1,71,64,71,85,1.8,0.0,N,PA,CASTANHAL,A202,-1.300875,-47.947967,47.13
156,2019-01-27,00:00,0.0,1006.7,1006.7,1006.5,-9999,25.8,22.6,26.2,25.8,22.9,22.6,83,82,83,18,0.0,0.0,N,PA,CASTANHAL,A202,-1.300875,-47.947967,47.13
157,2019-01-27,04:00,0.0,1007.0,1007.2,1007.0,-9999,25.2,23.3,25.3,25.2,23.3,23.0,89,87,89,187,0.0,0.0,N,PA,CASTANHAL,A202,-1.300875,-47.947967,47.13
158,2019-01-27,08:00,0.0,1006.0,1006.2,1005.9,-9999,24.3,23.0,24.6,24.3,23.2,23.0,92,92,92,107,0.0,0.0,N,PA,CASTANHAL,A202,-1.300875,-47.947967,47.13
159,2019-01-27,12:00,0.0,1008.4,1008.4,1007.8,870,25.9,22.6,25.9,24.6,22.9,22.3,89,82,82,132,0.0,0.0,N,PA,CASTANHAL,A202,-1.300875,-47.947967,47.13
160,2019-01-27,16:00,0.0,1007.1,1007.8,1007.1,2150,30.3,22.0,30.3,29.1,22.7,21.6,68,61,61,73,5.8,0.0,N,PA,CASTANHAL,A202,-1.300875,-47.947967,47.13
161,2019-01-27,20:00,-9999.0,-9999.0,-9999.0,-9999.0,-9999,-9999.0,-9999.0,-9999.0,-9999.0,-9999.0,-9999.0,-9999,-9999,-9999,-9999,-9999.0,-9999.0,N,PA,CASTANHAL,A202,-1.300875,-47.947967,47.13
162,2019-01-28,00:00,0.0,1007.1,1007.1,1006.5,-9999,26.1,23.5,26.1,26.0,23.5,23.3,86,85,86,39,0.0,0.0,N,PA,CASTANHAL,A202,-1.300875,-47.947967,47.13
163,2019-01-28,04:00,0.0,1006.7,1007.8,1006.7,-9999,25.5,23.3,25.7,25.5,23.5,23.3,88,87,88,62,0.0,0.0,N,PA,CASTANHAL,A202,-1.300875,-47.947967,47.13
164,2019-01-28,08:00,0.0,1005.1,1005.3,1005.1,-9999,24.9,23.2,25.0,24.9,23.2,23.1,91,89,91,109,0.0,0.0,N,PA,CASTANHAL,A202,-1.300875,-47.947967,47.13
165,2019-01-28,12:00,0.0,1006.9,1007.0,1006.6,1267,26.9,23.6,27.6,25.5,24.7,23.5,92,82,82,86,0.0,0.0,N,PA,CASTANHAL,A202,-1.300875,-47.947967,47.13
166,2019-01-28,16:00,0.0,1005.6,1006.4,1005.5,2877,31.9,22.7,32.1,31.2,23.8,22.5,63,57,59,70,9.9,0.5,N,PA,CASTANHAL,A202,-1.300875,-47.947967,47.13
167,2019-01-28,20:00,0.0,1004.4,1004.4,1003.5,974,29.9,23.0,30.3,29.2,25.7,22.9,82,66,67,56,3.7,0.0,N,PA,CASTANHAL,A202,-1.300875,-47.947967,47.13
168,2019-01-29,00:00,0.0,1006.9,1007.0,1006.2,-9999,26.5,23.7,26.7,26.5,23.8,23.5,85,83,85,8,0.0,0.0,N,PA,CASTANHAL,A202,-1.300875,-47.947967,47.13
169,2019-01-29,04:00,0.0,1006.9,1007.3,1006.9,-9999,25.9,23.8,26.0,25.9,23.8,23.8,88,87,88,66,0.0,0.0,N,PA,CASTANHAL,A202,-1.300875,-47.947967,47.13
170,2019-01-29,08:00,0.0,1005.7,1005.8,1005.5,-9999,24.3,23.0,24.7,24.3,23.3,22.9,93,92,93,223,0.0,0.0,N,PA,CASTANHAL,A202,-1.300875,-47.947967,47.13
171,2019-01-29,12:00,0.0,1007.0,1007.4,1007.0,1146,26.2,24.4,26.3,24.9,24.8,23.8,94,90,90,293,0.0,0.0,N,PA,CASTANHAL,A202,-1.300875,-47.947967,47.13
172,2019-01-29,16:00,0.0,1005.9,1006.5,1005.9,2164,31.6,22.5,32.4,30.7,24.0,22.3,65,56,59,54,8.2,0.0,N,PA,CASTANHAL,A202,-1.300875,-47.947967,47.13
173,2019-01-29,20:00,0.6,1003.7,1003.7,1003.2,671,27.0,24.0,28.2,25.9,24.4,23.1,85,78,84,340,5.1,0.0,N,PA,CASTANHAL,A202,-1.300875,-47.947967,47.13
174,2019-01-30,00:00,0.0,1006.8,1006.8,1005.9,-9999,26.8,24.2,27.1,26.8,24.2,23.6,86,81,86,136,0.0,0.0,N,PA,CASTANHAL,A202,-1.300875,-47.947967,47.13
175,2019-01-30,04:00,0.0,1006.5,1007.4,1006.5,-9999,25.8,24.0,25.9,25.7,24.1,24.0,90,90,90,1,0.0,0.0,N,PA,CASTANHAL,A202,-1.300875,-47.947967,47.13
176,2019-01-30,08:00,0.0,1005.2,1005.4,1005.1,-9999,25.3,23.8,25.6,25.3,23.9,23.7,91,90,91,74,0.0,0.0,N,PA,CASTANHAL,A202,-1.300875,-47.947967,47.13
177,2019-01-30,12:00,0.0,1007.3,1007.4,1006.8,1062,27.4,23.9,27.6,26.4,24.8,23.7,89,81,81,69,3.9,0.0,N,PA,CASTANHAL,A202,-1.300875,-47.947967,47.13
178,2019-01-30,16:00,0.0,1006.0,1006.9,1006.0,2466,32.7,22.8,32.8,31.6,23.6,21.9,61,55,56,61,7.4,0.0,N,PA,CASTANHAL,A202,-1.300875,-47.947967,47.13
179,2019-01-30,20:00,13.0,1004.1,1004.6,1003.6,102,24.5,22.9,27.0,24.5,23.9,22.9,91,81,91,172,10.3,0.0,N,PA,CASTANHAL,A202,-1.300875,-47.947967,47.13
180,2019-01-31,00:00,0.4,1006.4,1006.5,1006.2,-9999,24.1,22.6,24.1,23.7,22.6,22.1,92,91,92,18,0.0,0.0,N,PA,CASTANHAL,A202,-1.300875,-47.947967,47.13
181,2019-01-31,04:00,0.0,1006.7,1006.9,1006.3,-9999,23.5,22.4,23.7,23.5,22.6,22.4,94,93,94,253,0.0,0.0,N,PA,CASTANHAL,A202,-1.300875,-47.947967,47.13
182,2019-01-31,08:00,0.0,1004.7,1004.8,1004.5,-9999,23.9,22.9,23.9,23.6,22.9,22.5,94,94,94,87,0.0,0.0,N,PA,CASTANHAL,A202,-1.300875,-47.947967,47.13
183,2019-01-31,12:00,0.0,1007.7,1007.7,1006.9,652,26.7,24.6,26.7,25.4,24.6,24.1,93,88,88,35,2.2,0.0,N,PA,CASTANHAL,A202,-1.300875,-47.947967,47.13
184,2019-01-31,16:00,0.0,1006.7,1007.2,1006.7,1998,31.1,24.0,31.6,30.5,24.1,23.3,68,62,66,28,6.3,0.3,N,PA,CASTANHAL,A202,-1.300875,-47.947967,47.13
185,2019-01-31,20:00,0.0,1003.3,1003.7,1003.2,1407,30.6,23.2,32.1,30.5,23.8,22.6,65,60,65,15,7.5,0.6,N,PA,CASTANHAL,A202,-1.300875,-47.947967,47.13
186,2019-02-01,00:00,0.0,1006.3,1006.3,1005.5,-9999,26.6,23.6,27.2,26.6,23.6,23.3,83,79,83,17,0.0,0.0,N,PA,CASTANHAL,A202,-1.300875,-47.947967,47.13
187,2019-02-01,04:00,0.0,1007.0,1007.2,1006.9,-9999,25.7,23.6,25.9,25.6,23.6,23.5,88,87,88,64,0.0,0.0,N,PA,CASTANHAL,A202,-1.300875,-47.947967,47.13
188,2019-02-01,08:00,0.2,1005.8,1005.9,1005.6,-9999,24.2,23.0,24.8,24.2,23.5,23.0,93,92,93,128,0.0,0.0,N,PA,CASTANHAL,A202,-1.300875,-47.947967,47.13
189,2019-02-01,12:00,0.0,1007.8,1007.8,1006.9,607,26.1,23.8,26.1,25.1,23.9,23.4,91,87,87,355,0.0,0.0,N,PA,CASTANHAL,A202,-1.300875,-47.947967,47.13
190,2019-02-01,16:00,0.0,1007.0,1007.6,1006.9,2179,29.5,22.2,30.4,29.2,23.1,21.2,66,61,65,54,5.9,0.0,N,PA,CASTANHAL,A202,-1.300875,-47.947967,47.13
191,2019-02-01,20:00,0.0,1004.8,1004.8,1004.4,1309,28.7,22.8,30.7,28.7,23.6,22.6,70,62,70,24,9.3,3.0,N,PA,CASTANHAL,A202,-1.300875,-47.947967,47.13
192,2019-02-02,00:00,0.0,1007.3,1007.3,1006.2,-9999,24.9,23.2,25.2,24.9,23.3,23.2,90,89,90,32,0.0,0.0,N,PA,CASTANHAL,A202,-1.300875,-47.947967,47.13
193,2019-02-02,04:00,0.0,1007.5,1008.0,1007.5,-9999,24.4,22.6,24.4,24.2,22.6,22.3,90,89,90,128,0.0,0.0,N,PA,CASTANHAL,A202,-1.300875,-47.947967,47.13
194,2019-02-02,08:00,0.6,1006.5,1006.5,1006.1,-9999,22.9,21.6,23.3,22.9,21.9,21.6,93,92,93,147,1.6,0.0,N,PA,CASTANHAL,A202,-1.300875,-47.947967,47.13
195,2019-02-02,12:00,0.0,1008.7,1008.7,1007.4,564,24.2,22.4,24.2,23.5,22.4,21.9,92,89,90,307,1.9,0.0,N,PA,CASTANHAL,A202,-1.300875,-47.947967,47.13
196,2019-02-02,16:00,0.0,1007.7,1008.4,1007.7,1157,26.9,22.6,26.9,25.9,22.9,22.0,82,76,77,130,0.0,0.0,N,PA,CASTANHAL,A202,-1.300875,-47.947967,47.13
197,2019-02-02,20:00,0.0,1004.5,1005.1,1004.5,1346,28.3,22.7,28.8,28.2,23.1,22.5,73,70,72,10,2.2,0.0,N,PA,CASTANHAL,A202,-1.300875,-47.947967,47.13
198,2019-02-03,00:00,0.0,1006.7,1006.7,1006.4,-9999,25.9,23.5,26.3,25.9,23.6,23.3,86,85,86,2,0.0,0.0,N,PA,CASTANHAL,A202,-1.300875,-47.947967,47.13
199,2019-02-03,04:00,1.2,1007.4,1007.8,1007.4,-9999,23.3,21.7,25.5,23.3,23.5,21.7,91,87,91,128,6.2,0.0,N,PA,CASTANHAL,A202,-1.300875,-47.947967,47.13
200,2019-02-03,08:00,0.2,1006.7,1006.7,1006.4,-9999,22.4,21.3,22.5,22.4,21.4,21.3,93,93,93,105,0.0,0.0,N,PA,CASTANHAL,A202,-1.300875,-47.947967,47.13
201,2019-02-03,12:00,1.4,1008.3,1008.3,1008.0,82,22.6,21.4,22.6,22.4,21.4,21.3,93,93,93,73,0.0,0.0,N,PA,CASTANHAL,A202,-1.300875,-47.947967,47.13
202,2019-02-03,16:00,0.0,1007.4,1007.8,1007.4,2001,26.1,22.2,26.1,24.3,22.3,21.3,87,78,79,30,0.0,0.0,N,PA,CASTANHAL,A202,-1.300875,-47.947967,47.13
203,2019-02-03,20:00,0.0,1005.4,1005.4,1005.3,930,28.3,22.1,28.7,28.2,22.4,21.5,70,66,69,69,0.0,0.0,N,PA,CASTANHAL,A202,-1.300875,-47.947967,47.13
204,2019-02-04,00:00,0.0,1006.9,1006.9,1006.0,-9999,25.9,22.8,26.5,25.9,23.2,22.8,84,81,83,33,0.0,0.0,N,PA,CASTANHAL,A202,-1.300875,-47.947967,47.13
205,2019-02-04,04:00,0.0,1006.5,1007.2,1006.5,-9999,24.7,22.8,25.0,24.7,23.0,22.8,89,88,89,3,0.0,0.0,N,PA,CASTANHAL,A202,-1.300875,-47.947967,47.13
206,2019-02-04,08:00,0.0,1004.8,1005.1,1004.8,-9999,24.0,22.7,24.2,24.0,22.8,22.7,92,92,92,30,0.0,0.0,N,PA,CASTANHAL,A202,-1.300875,-47.947967,47.13
207,2019-02-04,12:00,0.0,1007.2,1007.2,1006.8,1072,26.1,22.3,26.2,24.0,22.5,21.9,91,79,79,33,0.0,0.0,N,PA,CASTANHAL,A202,-1.300875,-47.947967,47.13
208,2019-02-04,16:00,0.2,1006.4,1006.9,1006.3,2503,27.9,24.5,30.9,27.7,24.9,22.3,82,62,82,6,8.0,1.6,N,PA,CASTANHAL,A202,-1.300875,-47.947967,47.13
209,2019-02-04,20:00,0.2,1004.2,1004.4,1004.1,990,26.0,22.7,28.4,25.8,24.1,22.4,83,75,82,346,4.3,0.0,N,PA,CASTANHAL,A202,-1.300875,-47.947967,47.13
210,2019-02-05,00:00,0.0,1005.8,1005.8,1004.8,-9999,25.6,23.7,25.8,25.6,23.8,23.7,89,89,89,344,0.0,0.0,N,PA,CASTANHAL,A202,-1.300875,-47.947967,47.13
211,2019-02-05,04:00,0.0,1005.9,1006.8,1005.9,-9999,24.6,23.3,25.2,24.6,23.8,23.2,92,91,92,127,0.0,0.0,N,PA,CASTANHAL,A202,-1.300875,-47.947967,47.13
212,2019-02-05,08:00,0.0,1005.1,1005.1,1004.6,-9999,23.5,22.5,23.6,23.5,22.5,22.4,94,94,94,199,0.0,0.0,N,PA,CASTANHAL,A202,-1.300875,-47.947967,47.13
213,2019-02-05,12:00,7.0,1007.5,1007.6,1006.2,162,24.6,23.6,24.6,24.3,23.6,23.3,94,94,94,94,0.0,0.0,N,PA,CASTANHAL,A202,-1.300875,-47.947967,47.13
214,2019-02-05,16:00,0.0,1006.8,1007.9,1006.8,1709,27.6,23.5,28.5,27.3,24.0,23.2,80,75,79,6,2.8,0.0,N,PA,CASTANHAL,A202,-1.300875,-47.947967,47.13
215,2019-02-05,20:00,0.0,1003.7,1004.0,1003.5,563,27.1,23.6,27.5,27.1,23.8,23.4,82,79,81,316,6.5,0.0,N,PA,CASTANHAL,A202,-1.300875,-47.947967,47.13
216,2019-02-06,00:00,0.0,1006.0,1006.0,1004.8,-9999,25.2,23.3,25.7,25.2,23.4,23.1,89,87,89,359,1.5,0.0,N,PA,CASTANHAL,A202,-1.300875,-47.947967,47.13
217,2019-02-06,04:00,0.0,1006.5,1006.8,1006.5,-9999,24.3,23.1,24.6,24.3,23.3,23.1,93,92,93,94,0.0,0.0,N,PA,CASTANHAL,A202,-1.300875,-47.947967,47.13
218,2019-02-06,08:00,0.0,1005.1,1005.1,1004.7,-9999,24.4,23.2,24.5,24.4,23.2,23.1,93,93,93,8,0.0,0.0,N,PA,CASTANHAL,A202,-1.300875,-47.947967,47.13
219,2019-02-06,12:00,0.0,1007.3,1007.3,1006.2,1023,26.1,23.1,26.2,24.8,23.9,23.0,92,84,84,35,2.7,0.0,N,PA,CASTANHAL,A202,-1.300875,-47.947967,47.13
220,2019-02-06,16:00,7.0,1006.3,1006.9,1006.3,1308,26.1,24.3,30.4,25.9,24.3,23.1,90,67,90,356,9.5,0.0,N,PA,CASTANHAL,A202,-1.300875,-47.947967,47.13
221,2019-02-06,20:00,0.0,1003.6,1003.7,1003.4,544,26.2,23.7,26.2,25.9,23.8,23.4,88,86,86,37,4.9,0.0,N,PA,CASTANHAL,A202,-1.300875,-47.947967,47.13
222,2019-02-07,00:00,0.0,1005.4,1005.4,1004.2,-9999,25.2,23.7,25.5,25.2,23.8,23.7,91,90,91,61,0.0,0.0,N,PA,CASTANHAL,A202,-1.300875,-47.947967,47.13
223,2019-02-07,04:00,0.2,1005.6,1006.5,1005.6,-9999,24.6,23.4,24.8,24.6,23.6,23.4,93,93,93,356,0.0,0.0,N,PA,CASTANHAL,A202,-1.300875,-47.947967,47.13
224,2019-02-07,08:00,0.0,1004.0,1004.3,1004.0,-9999,24.5,23.3,24.6,24.5,23.5,23.3,93,93,93,53,0.0,0.0,N,PA,CASTANHAL,A202,-1.300875,-47.947967,47.13
225,2019-02-07,12:00,0.0,1006.3,1006.3,1004.8,801,25.7,23.5,25.8,24.5,23.9,23.2,93,88,88,30,0.0,0.0,N,PA,CASTANHAL,A202,-1.300875,-47.947967,47.13
226,2019-02-07,16:00,0.2,1005.1,1006.1,1005.0,2584,28.1,24.4,28.1,27.1,25.3,23.6,88,78,81,4,6.9,0.0,N,PA,CASTANHAL,A202,-1.300875,-47.947967,47.13
227,2019-02-07,20:00,11.6,1003.2,1003.3,1002.9,93,26.1,24.3,27.2,26.1,24.4,23.6,90,81,90,59,0.0,0.0,N,PA,CASTANHAL,A202,-1.300875,-47.947967,47.13
228,2019-02-08,00:00,0.0,1004.7,1004.7,1003.4,-9999,25.2,24.0,25.2,25.0,24.0,23.7,93,92,93,324,0.0,0.0,N,PA,CASTANHAL,A202,-1.300875,-47.947967,47.13
229,2019-02-08,04:00,4.6,1004.7,1005.6,1004.7,-9999,24.5,23.3,24.5,24.5,23.4,23.2,93,93,93,46,0.0,0.0,N,PA,CASTANHAL,A202,-1.300875,-47.947967,47.13
230,2019-02-08,08:00,0.0,1003.5,1003.5,1003.2,-9999,24.1,23.0,24.2,24.1,23.2,23.0,94,94,94,35,0.0,0.0,N,PA,CASTANHAL,A202,-1.300875,-47.947967,47.13
231,2019-02-08,12:00,0.0,1005.9,1005.9,1004.8,716,24.8,23.5,24.8,24.1,23.5,23.0,94,92,92,77,0.0,0.0,N,PA,CASTANHAL,A202,-1.300875,-47.947967,47.13
232,2019-02-08,16:00,0.0,1005.7,1006.3,1005.6,1885,26.9,21.5,27.1,26.0,21.8,20.5,76,70,72,78,9.7,0.0,N,PA,CASTANHAL,A202,-1.300875,-47.947967,47.13
233,2019-02-08,20:00,0.0,1002.7,1002.9,1002.7,1222,28.4,22.4,28.8,28.2,23.3,22.3,74,69,70,30,3.7,0.0,N,PA,CASTANHAL,A202,-1.300875,-47.947967,47.13
234,2019-02-09,00:00,0.0,1004.7,1004.9,1004.7,-9999,24.5,22.8,24.9,24.5,22.8,22.8,90,88,90,1,0.0,0.0,N,PA,CASTANHAL,A202,-1.300875,-47.947967,47.13
235,2019-02-09,04:00,0.0,1004.6,1004.9,1004.6,-9999,23.8,22.7,24.0,23.8,22.8,22.7,93,93,93,232,0.0,0.0,N,PA,CASTANHAL,A202,-1.300875,-47.947967,47.13
236,2019-02-09,08:00,0.0,1004.4,1004.4,1003.6,-9999,23.6,22.5,23.6,23.4,22.5,22.4,94,94,94,99,0.0,0.0,N,PA,CASTANHAL,A202,-1.300875,-47.947967,47.13
237,2019-02-09,12:00,0.0,1006.2,1006.2,1005.1,797,25.0,23.2,25.2,24.2,23.8,23.0,94,89,89,85,0.0,0.0,N,PA,CASTANHAL,A202,-1.300875,-47.947967,47.13
238,2019-02-09,16:00,0.8,1005.1,1005.7,1005.0,1524,27.8,23.3,30.4,27.8,24.3,22.4,77,63,77,32,8.1,0.9,N,PA,CASTANHAL,A202,-1.300875,-47.947967,47.13
239,2019-02-09,20:00,0.0,1002.9,1003.4,1002.9,440,25.6,23.3,25.7,25.2,23.6,23.0,89,87,88,2,0.0,0.0,N,PA,CASTANHAL,A202,-1.300875,-47.947967,47.13
240,2019-02-10,00:00,0.0,1005.3,1005.3,1004.5,-9999,25.2,23.9,25.4,25.2,23.9,23.8,92,91,92,265,0.0,0.0,N,PA,CASTANHAL,A202,-1.300875,-47.947967,47.13
241,2019-02-10,04:00,0.0,1005.4,1006.1,1005.4,-9999,24.4,23.2,24.7,24.4,23.5,23.2,94,93,94,279,0.0,0.0,N,PA,CASTANHAL,A202,-1.300875,-47.947967,47.13
242,2019-02-10,08:00,0.0,1004.3,1004.3,1004.0,-9999,24.0,23.0,24.1,24.0,23.1,23.0,94,94,94,329,0.0,0.0,N,PA,CASTANHAL,A202,-1.300875,-47.947967,47.13
243,2019-02-10,12:00,0.0,1006.4,1006.4,1005.6,1186,26.6,24.5,26.6,25.0,24.6,24.0,94,88,88,44,3.3,0.0,N,PA,CASTANHAL,A202,-1.300875,-47.947967,47.13
244,2019-02-10,16:00,0.0,1005.1,1006.2,1005.1,2625,31.4,22.2,31.7,30.0,23.7,21.6,67,57,58,54,1.2,0.0,N,PA,CASTANHAL,A202,-1.300875,-47.947967,47.13
245,2019-02-10,20:00,0.0,1002.9,1003.0,1002.7,403,26.6,23.5,26.6,26.3,23.6,22.6,85,80,83,349,0.0,0.0,N,PA,CASTANHAL,A202,-1.300875,-47.947967,47.13
246,2019-02-11,00:00,0.0,1005.9,1005.9,1005.4,-9999,24.7,22.6,24.9,24.7,22.7,22.5,89,87,88,355,0.0,0.0,N,PA,CASTANHAL,A202,-1.300875,-47.947967,47.13
247,2019-02-11,04:00,0.0,1005.6,1006.4,1005.6,-9999,24.2,22.7,24.3,24.2,22.7,22.6,91,91,91,24,0.0,0.0,N,PA,CASTANHAL,A202,-1.300875,-47.947967,47.13
248,2019-02-11,08:00,0.0,1004.4,1004.4,1004.1,-9999,23.5,22.3,24.2,23.5,22.9,22.2,93,92,93,18,0.0,0.0,N,PA,CASTANHAL,A202,-1.300875,-47.947967,47.13
249,2019-02-11,12:00,0.0,1007.1,1007.1,1006.4,1156,27.1,23.9,27.1,25.5,24.3,23.7,92,83,83,28,0.0,0.0,N,PA,CASTANHAL,A202,-1.300875,-47.947967,47.13
250,2019-02-11,16:00,0.0,1005.2,1006.5,1005.2,2592,30.5,23.5,31.7,29.7,24.0,22.6,69,58,66,36,9.7,0.1,N,PA,CASTANHAL,A202,-1.300875,-47.947967,47.13
251,2019-02-11,20:00,0.0,1003.9,1003.9,1003.3,414,26.7,23.0,26.7,26.4,24.7,22.9,89,80,80,48,2.6,0.0,N,PA,CASTANHAL,A202,-1.300875,-47.947967,47.13
252,2019-02-12,00:00,0.0,1006.0,1006.0,1005.5,-9999,24.9,22.3,25.3,24.9,22.5,22.2,86,84,86,9,0.0,0.0,N,PA,CASTANHAL,A202,-1.300875,-47.947967,47.13
253,2019-02-12,04:00,0.0,1005.5,1006.5,1005.5,-9999,24.0,22.5,24.1,24.0,22.6,22.5,92,91,91,39,0.0,0.0,N,PA,CASTANHAL,A202,-1.300875,-47.947967,47.13
254,2019-02-12,08:00,0.0,1004.9,1005.0,1004.9,-9999,23.6,22.4,23.9,23.6,22.6,22.4,93,93,93,271,0.0,0.0,N,PA,CASTANHAL,A202,-1.300875,-47.947967,47.13
255,2019-02-12,12:00,0.0,1007.9,1007.9,1006.9,860,26.4,24.3,26.5,24.5,24.6,23.4,93,88,88,8,0.0,0.0,N,PA,CASTANHAL,A202,-1.300875,-47.947967,47.13
256,2019-02-12,16:00,1.0,1006.5,1007.3,1006.5,2376,26.2,23.9,27.9,26.1,25.6,23.0,89,80,87,27,10.1,1.8,N,PA,CASTANHAL,A202,-1.300875,-47.947967,47.13
257,2019-02-12,20:00,0.8,1003.9,1004.3,1003.8,826,28.2,24.0,28.2,27.3,25.2,24.0,87,78,78,4,6.0,0.0,N,PA,CASTANHAL,A202,-1.300875,-47.947967,47.13
258,2019-02-13,00:00,0.0,1006.4,1006.5,1006.2,-9999,26.1,24.1,26.4,26.1,24.1,24.1,89,87,89,26,0.0,0.0,N,PA,CASTANHAL,A202,-1.300875,-47.947967,47.13
259,2019-02-13,04:00,0.0,1006.9,1007.6,1006.9,-9999,25.3,23.7,25.7,25.3,24.0,23.7,91,90,91,23,0.0,0.0,N,PA,CASTANHAL,A202,-1.300875,-47.947967,47.13
260,2019-02-13,08:00,0.0,1005.7,1005.8,1005.5,-9999,24.6,23.2,25.0,24.6,23.7,23.2,93,92,92,58,0.0,0.0,N,PA,CASTANHAL,A202,-1.300875,-47.947967,47.13
261,2019-02-13,12:00,0.0,1008.5,1008.5,1007.7,431,25.4,23.5,25.5,25.0,23.8,23.4,91,89,89,123,0.0,0.0,N,PA,CASTANHAL,A202,-1.300875,-47.947967,47.13
262,2019-02-13,16:00,0.0,1006.8,1008.1,1006.8,1686,29.6,24.3,29.9,28.0,24.6,23.1,79,68,73,119,0.0,0.0,N,PA,CASTANHAL,A202,-1.300875,-47.947967,47.13
263,2019-02-13,20:00,0.8,1005.7,1005.9,1005.2,14,25.0,23.6,26.6,25.0,24.6,23.5,92,88,92,143,0.0,0.0,N,PA,CASTANHAL,A202,-1.300875,-47.947967,47.13
264,2019-02-14,00:00,0.2,1006.5,1006.5,1006.2,-9999,24.1,23.0,24.3,24.1,23.1,22.9,93,93,93,331,0.0,0.0,N,PA,CASTANHAL,A202,-1.300875,-47.947967,47.13
265,2019-02-14,04:00,0.2,1006.4,1007.3,1006.3,-9999,24.3,23.3,24.3,24.2,23.3,23.1,94,94,94,68,0.0,0.0,N,PA,CASTANHAL,A202,-1.300875,-47.947967,47.13
266,2019-02-14,08:00,0.2,1006.3,1006.5,1006.0,-9999,23.8,22.8,23.8,23.7,22.8,22.7,94,94,94,134,0.0,0.0,N,PA,CASTANHAL,A202,-1.300875,-47.947967,47.13
267,2019-02-14,12:00,0.0,1008.5,1008.5,1007.8,917,26.0,24.8,26.0,24.7,24.9,23.7,94,93,93,82,0.0,0.0,N,PA,CASTANHAL,A202,-1.300875,-47.947967,47.13
268,2019-02-14,16:00,0.2,1006.8,1008.2,1006.8,752,26.0,23.9,28.7,25.8,24.2,23.1,88,76,88,45,10.7,0.0,N,PA,CASTANHAL,A202,-1.300875,-47.947967,47.13
269,2019-02-14,20:00,0.2,1006.1,1006.1,1005.0,269,25.2,21.9,27.6,24.8,24.3,21.6,86,82,82,47,8.1,0.3,N,PA,CASTANHAL,A202,-1.300875,-47.947967,47.13
270,2019-02-15,00:00,0.2,1008.0,1008.1,1007.7,-9999,23.6,22.2,23.6,23.4,22.2,22.1,92,92,92,43,0.0,0.0,N,PA,CASTANHAL,A202,-1.300875,-47.947967,47.13
271,2019-02-15,04:00,0.0,1008.4,1009.2,1008.4,-9999,23.3,22.3,23.4,23.3,22.3,22.2,94,93,94,182,0.0,0.0,N,PA,CASTANHAL,A202,-1.300875,-47.947967,47.13
272,2019-02-15,08:00,0.0,1006.8,1006.9,1006.7,-9999,23.1,22.1,23.2,23.1,22.2,22.1,94,94,94,148,0.0,0.0,N,PA,CASTANHAL,A202,-1.300875,-47.947967,47.13
273,2019-02-15,12:00,0.0,1008.6,1008.6,1007.7,372,23.9,22.6,23.9,23.3,22.6,22.2,94,92,92,84,0.0,0.0,N,PA,CASTANHAL,A202,-1.300875,-47.947967,47.13
274,2019-02-15,16:00,0.0,1007.5,1008.6,1007.5,1327,28.4,23.7,28.4,27.3,23.8,23.1,80,74,76,16,0.0,0.0,N,PA,CASTANHAL,A202,-1.300875,-47.947967,47.13
275,2019-02-15,20:00,0.0,1005.0,1005.1,1004.9,1004,29.3,23.1,29.6,29.2,23.3,22.7,70,67,70,12,5.1,0.0,N,PA,CASTANHAL,A202,-1.300875,-47.947967,47.13
276,2019-02-16,00:00,0.0,1007.0,1007.1,1006.5,-9999,25.7,23.2,26.2,25.7,23.2,23.2,86,84,86,3,0.0,0.0,N,PA,CASTANHAL,A202,-1.300875,-47.947967,47.13
277,2019-02-16,04:00,0.0,1007.3,1007.9,1007.3,-9999,25.0,22.8,25.1,25.0,22.8,22.8,87,87,87,8,0.0,0.0,N,PA,CASTANHAL,A202,-1.300875,-47.947967,47.13
278,2019-02-16,08:00,0.0,1006.3,1006.5,1006.3,-9999,24.5,22.8,24.7,24.5,22.9,22.7,91,89,91,326,0.0,0.0,N,PA,CASTANHAL,A202,-1.300875,-47.947967,47.13
279,2019-02-16,12:00,0.0,1008.0,1008.1,1007.4,1027,27.2,23.3,27.2,25.4,23.5,23.1,87,79,79,20,6.6,0.1,N,PA,CASTANHAL,A202,-1.300875,-47.947967,47.13
280,2019-02-16,16:00,0.0,1006.7,1007.4,1006.7,2532,30.9,22.0,31.5,30.6,23.3,22.0,65,59,59,15,5.8,0.0,N,PA,CASTANHAL,A202,-1.300875,-47.947967,47.13
281,2019-02-16,20:00,0.0,1003.9,1004.1,1003.8,1240,29.8,22.7,31.0,29.8,23.3,22.3,67,62,66,358,8.8,0.7,N,PA,CASTANHAL,A202,-1.300875,-47.947967,47.13
282,2019-02-17,00:00,0.2,1006.9,1006.9,1005.8,-9999,26.1,23.3,26.5,26.1,23.4,23.3,84,83,84,3,0.0,0.0,N,PA,CASTANHAL,A202,-1.300875,-47.947967,47.13
283,2019-02-17,04:00,0.0,1006.4,1007.7,1006.4,-9999,25.4,23.3,25.6,25.4,23.3,23.2,88,87,88,6,0.0,0.0,N,PA,CASTANHAL,A202,-1.300875,-47.947967,47.13
284,2019-02-17,08:00,0.0,1005.3,1005.5,1005.1,-9999,24.9,23.5,25.2,24.9,23.7,23.5,92,90,92,176,0.0,0.0,N,PA,CASTANHAL,A202,-1.300875,-47.947967,47.13
285,2019-02-17,12:00,0.0,1008.1,1008.1,1007.4,399,24.4,23.2,24.4,23.9,23.3,22.7,94,93,93,155,0.0,0.0,N,PA,CASTANHAL,A202,-1.300875,-47.947967,47.13
286,2019-02-17,16:00,0.0,1007.4,1008.3,1007.4,2247,29.5,23.4,29.9,27.8,24.5,23.3,80,69,70,208,0.0,0.0,N,PA,CASTANHAL,A202,-1.300875,-47.947967,47.13
287,2019-02-17,20:00,0.0,1005.2,1005.4,1005.1,110,25.4,24.0,25.6,25.4,24.1,23.9,92,91,92,312,0.0,0.0,N,PA,CASTANHAL,A202,-1.300875,-47.947967,47.13
288,2019-02-18,00:00,0.0,1007.5,1007.5,1006.7,-9999,25.3,24.1,25.3,25.2,24.1,24.1,93,93,93,278,0.0,0.0,N,PA,CASTANHAL,A202,-1.300875,-47.947967,47.13
289,2019-02-18,04:00,0.0,1007.0,1007.8,1007.0,-9999,25.4,24.3,25.5,25.4,24.4,24.3,93,93,93,16,0.0,0.0,N,PA,CASTANHAL,A202,-1.300875,-47.947967,47.13
290,2019-02-18,08:00,0.0,1005.6,1005.6,1005.2,-9999,24.9,23.8,25.0,24.8,23.8,23.7,94,93,94,22,0.0,0.0,N,PA,CASTANHAL,A202,-1.300875,-47.947967,47.13
291,2019-02-18,12:00,0.0,1008.8,1008.8,1008.6,321,24.5,23.3,24.5,23.8,23.3,22.6,93,93,93,85,0.0,0.0,N,PA,CASTANHAL,A202,-1.300875,-47.947967,47.13
292,2019-02-18,16:00,0.0,1008.2,1009.3,1008.2,1372,27.2,23.3,27.2,26.7,23.7,22.4,81,77,79,354,0.0,0.0,N,PA,CASTANHAL,A202,-1.300875,-47.947967,47.13
293,2019-02-18,20:00,0.0,1005.9,1006.1,1005.4,120,25.2,23.4,28.8,25.2,24.5,23.4,91,73,90,331,5.1,0.0,N,PA,CASTANHAL,A202,-1.300875,-47.947967,47.13
294,2019-02-19,00:00,0.0,1008.6,1008.8,1008.6,-9999,23.7,22.5,23.7,23.6,22.5,22.4,93,93,93,132,0.0,0.0,N,PA,CASTANHAL,A202,-1.300875,-47.947967,47.13
295,2019-02-19,04:00,0.0,1008.2,1009.2,1008.2,-9999,23.5,22.5,23.6,23.5,22.6,22.5,94,94,94,109,0.0,0.0,N,PA,CASTANHAL,A202,-1.300875,-47.947967,47.13
296,2019-02-19,08:00,0.0,1006.3,1006.4,1006.2,-9999,23.5,22.5,23.5,23.4,22.5,22.4,94,94,94,304,0.0,0.0,N,PA,CASTANHAL,A202,-1.300875,-47.947967,47.13
297,2019-02-19,12:00,0.0,1008.5,1008.5,1007.8,322,24.4,23.3,24.4,23.8,23.3,22.8,94,94,94,31,0.0,0.0,N,PA,CASTANHAL,A202,-1.300875,-47.947967,47.13
298,2019-02-19,16:00,0.0,1007.9,1008.7,1007.9,1442,27.2,23.0,27.2,26.0,23.2,22.2,82,77,78,82,0.0,0.0,N,PA,CASTANHAL,A202,-1.300875,-47.947967,47.13
299,2019-02-19,20:00,0.0,1004.7,1004.8,1004.6,1334,27.9,24.0,27.9,27.1,24.5,23.6,84,79,79,14,0.0,0.0,N,PA,CASTANHAL,A202,-1.300875,-47.947967,47.13
300,2019-02-20,00:00,0.0,1007.1,1007.1,1006.1,-9999,25.2,23.8,25.5,25.2,24.1,23.8,92,92,92,54,0.0,0.0,N,PA,CASTANHAL,A202,-1.300875,-47.947967,47.13
301,2019-02-20,04:00,0.0,1006.4,1007.5,1006.4,-9999,24.4,23.1,24.6,24.4,23.2,23.1,92,92,92,8,0.0,0.0,N,PA,CASTANHAL,A202,-1.300875,-47.947967,47.13
302,2019-02-20,08:00,0.2,1005.4,1005.4,1004.9,-9999,24.2,23.0,24.4,24.2,23.1,23.0,93,93,93,265,0.0,0.0,N,PA,CASTANHAL,A202,-1.300875,-47.947967,47.13
303,2019-02-20,12:00,0.0,1007.9,1007.9,1006.9,976,26.0,24.2,26.0,24.7,24.2,23.6,93,89,90,10,0.0,0.0,N,PA,CASTANHAL,A202,-1.300875,-47.947967,47.13
304,2019-02-20,16:00,0.0,1006.3,1007.3,1006.3,2871,30.8,22.7,30.9,30.0,24.1,22.1,69,60,62,80,7.1,0.1,N,PA,CASTANHAL,A202,-1.300875,-47.947967,47.13
305,2019-02-20,20:00,0.0,1003.3,1003.4,1002.9,389,27.2,24.2,27.4,26.8,24.3,23.8,85,82,84,166,0.0,0.0,N,PA,CASTANHAL,A202,-1.300875,-47.947967,47.13
306,2019-02-21,00:00,0.0,1005.9,1005.9,1005.3,-9999,25.5,23.6,25.7,25.4,23.6,23.1,89,87,89,300,0.0,0.0,N,PA,CASTANHAL,A202,-1.300875,-47.947967,47.13
307,2019-02-21,04:00,0.0,1005.7,1006.4,1005.7,-9999,25.2,23.9,25.3,25.2,24.0,23.9,93,92,93,356,0.0,0.0,N,PA,CASTANHAL,A202,-1.300875,-47.947967,47.13
308,2019-02-21,08:00,0.0,1005.2,1005.2,1004.8,-9999,24.5,23.4,24.6,24.5,23.5,23.3,93,93,93,28,0.0,0.0,N,PA,CASTANHAL,A202,-1.300875,-47.947967,47.13
309,2019-02-21,12:00,0.0,1007.8,1007.8,1007.0,738,26.0,23.9,26.0,25.3,24.0,23.7,92,88,88,14,0.0,0.0,N,PA,CASTANHAL,A202,-1.300875,-47.947967,47.13
310,2019-02-21,16:00,0.0,1006.6,1007.3,1006.4,2252,29.0,23.7,30.0,29.0,24.6,23.5,76,69,74,42,9.2,0.3,N,PA,CASTANHAL,A202,-1.300875,-47.947967,47.13
311,2019-02-21,20:00,0.0,1005.1,1005.9,1005.1,66,24.4,23.0,24.7,24.3,23.2,22.8,92,91,92,343,3.3,0.0,N,PA,CASTANHAL,A202,-1.300875,-47.947967,47.13
312,2019-02-22,00:00,0.0,1008.4,1008.4,1007.9,-9999,23.6,22.3,23.7,23.6,22.4,22.3,93,92,93,91,0.0,0.0,N,PA,CASTANHAL,A202,-1.300875,-47.947967,47.13
313,2019-02-22,04:00,0.0,1008.3,1008.5,1008.2,-9999,23.5,22.3,23.6,23.5,22.4,22.2,93,93,93,41,0.0,0.0,N,PA,CASTANHAL,A202,-1.300875,-47.947967,47.13
314,2019-02-22,08:00,0.0,1007.3,1007.3,1007.1,-9999,23.3,22.3,23.4,23.3,22.4,22.3,94,94,94,315,0.0,0.0,N,PA,CASTANHAL,A202,-1.300875,-47.947967,47.13
315,2019-02-22,12:00,0.0,1008.3,1008.3,1007.4,241,23.3,21.8,23.3,22.9,21.8,21.5,92,92,92,24,5.4,0.0,N,PA,CASTANHAL,A202,-1.300875,-47.947967,47.13
316,2019-02-22,16:00,0.2,1008.2,1008.5,1008.1,1405,26.1,22.5,26.1,24.8,22.5,21.8,86,80,80,360,0.0,0.0,N,PA,CASTANHAL,A202,-1.300875,-47.947967,47.13
317,2019-02-22,20:00,0.0,1006.0,1006.1,1005.9,942,27.3,23.2,27.5,27.2,23.2,22.2,78,74,78,1,0.0,0.0,N,PA,CASTANHAL,A202,-1.300875,-47.947967,47.13
318,2019-02-23,00:00,0.0,1007.6,1007.7,1007.0,-9999,25.1,22.5,25.6,25.1,23.0,22.5,86,85,86,1,0.0,0.0,N,PA,CASTANHAL,A202,-1.300875,-47.947967,47.13
319,2019-02-23,04:00,0.0,1008.0,1008.5,1008.0,-9999,24.1,22.6,24.2,24.1,22.7,22.6,91,91,91,91,0.0,0.0,N,PA,CASTANHAL,A202,-1.300875,-47.947967,47.13
320,2019-02-23,08:00,0.0,1006.3,1006.6,1006.3,-9999,23.5,22.3,23.8,23.5,22.5,22.3,93,93,93,184,0.0,0.0,N,PA,CASTANHAL,A202,-1.300875,-47.947967,47.13
321,2019-02-23,12:00,0.0,1007.4,1007.4,1006.8,1154,26.0,23.1,26.1,24.7,23.8,22.9,92,83,84,52,0.0,0.0,N,PA,CASTANHAL,A202,-1.300875,-47.947967,47.13
322,2019-02-23,16:00,0.0,1006.6,1007.3,1006.6,2904,31.4,21.3,31.9,31.0,22.6,21.2,60,54,55,76,3.2,0.0,N,PA,CASTANHAL,A202,-1.300875,-47.947967,47.13
323,2019-02-23,20:00,0.0,1003.1,1003.5,1003.1,635,29.6,21.5,30.3,29.5,23.0,21.1,66,60,62,25,1.8,0.0,N,PA,CASTANHAL,A202,-1.300875,-47.947967,47.13
324,2019-02-24,00:00,0.0,1006.6,1006.6,1005.5,-9999,25.8,23.7,26.1,25.8,23.9,23.6,88,87,88,20,3.1,0.0,N,PA,CASTANHAL,A202,-1.300875,-47.947967,47.13
325,2019-02-24,04:00,0.0,1007.1,1007.4,1007.1,-9999,24.7,23.3,24.7,24.6,23.3,23.0,92,91,92,29,0.0,0.0,N,PA,CASTANHAL,A202,-1.300875,-47.947967,47.13
326,2019-02-24,08:00,0.0,1005.7,1006.1,1005.7,-9999,24.3,23.1,24.5,24.3,23.2,23.1,93,92,93,49,0.0,0.0,N,PA,CASTANHAL,A202,-1.300875,-47.947967,47.13
327,2019-02-24,12:00,0.0,1008.5,1008.5,1007.0,1017,25.0,22.2,25.0,24.0,22.8,22.0,91,84,84,67,3.7,0.0,N,PA,CASTANHAL,A202,-1.300875,-47.947967,47.13
328,2019-02-24,16:00,0.0,1006.4,1007.3,1006.4,2030,29.1,23.2,29.8,28.5,23.3,22.5,73,65,71,19,3.8,0.0,N,PA,CASTANHAL,A202,-1.300875,-47.947967,47.13
329,2019-02-24,20:00,0.0,1004.9,1005.0,1004.5,134,24.8,23.2,25.2,24.8,23.4,23.1,91,90,91,27,6.5,0.0,N,PA,CASTANHAL,A202,-1.300875,-47.947967,47.13
330,2019-02-25,00:00,0.0,1006.3,1006.3,1005.7,-9999,24.0,22.7,24.0,23.8,22.7,22.5,92,92,92,30,1.6,0.0,N,PA,CASTANHAL,A202,-1.300875,-47.947967,47.13
331,2019-02-25,04:00,0.0,1006.6,1006.8,1006.3,-9999,23.5,22.1,24.3,23.5,23.0,22.1,93,92,92,27,10.2,1.1,N,PA,CASTANHAL,A202,-1.300875,-47.947967,47.13
332,2019-02-25,08:00,0.0,1005.2,1005.2,1004.9,-9999,23.5,22.2,23.5,23.3,22.2,21.9,92,92,92,17,0.0,0.0,N,PA,CASTANHAL,A202,-1.300875,-47.947967,47.13
333,2019-02-25,12:00,0.0,1007.5,1007.5,1007.0,602,24.7,23.3,24.8,23.9,23.5,22.8,94,92,92,184,0.0,0.0,N,PA,CASTANHAL,A202,-1.300875,-47.947967,47.13
334,2019-02-25,16:00,0.2,1006.6,1007.3,1006.6,977,27.4,24.0,27.5,26.7,24.2,23.4,83,80,82,122,0.0,0.0,N,PA,CASTANHAL,A202,-1.300875,-47.947967,47.13
335,2019-02-25,20:00,0.0,1004.4,1004.8,1004.4,538,25.2,22.9,25.8,25.2,24.1,22.8,91,87,87,326,0.0,0.0,N,PA,CASTANHAL,A202,-1.300875,-47.947967,47.13
336,2019-02-26,00:00,0.0,1006.3,1006.3,1005.4,-9999,25.0,23.6,25.0,24.7,23.6,23.2,92,91,92,343,0.0,0.0,N,PA,CASTANHAL,A202,-1.300875,-47.947967,47.13
337,2019-02-26,04:00,0.0,1006.3,1007.3,1006.3,-9999,24.0,22.7,24.6,24.0,23.3,22.7,92,92,92,63,0.0,0.0,N,PA,CASTANHAL,A202,-1.300875,-47.947967,47.13
338,2019-02-26,08:00,0.0,1005.8,1005.8,1005.5,0,24.2,23.1,24.2,24.2,23.1,23.1,94,93,94,143,0.0,0.0,N,PA,CASTANHAL,A202,-1.300875,-47.947967,47.13
339,2019-02-26,12:00,0.0,1008.6,1008.6,1007.3,194,23.2,22.3,23.3,22.9,22.3,21.9,94,94,94,107,0.0,0.0,N,PA,CASTANHAL,A202,-1.300875,-47.947967,47.13
340,2019-02-26,16:00,0.0,1007.6,1008.5,1007.6,1140,24.6,22.3,24.6,23.1,22.4,21.6,91,87,87,353,0.0,0.0,N,PA,CASTANHAL,A202,-1.300875,-47.947967,47.13
341,2019-02-26,20:00,0.0,1006.0,1006.0,1005.5,482,24.6,23.0,27.2,24.5,23.7,21.9,90,77,90,69,12.3,0.0,N,PA,CASTANHAL,A202,-1.300875,-47.947967,47.13
342,2019-02-27,00:00,0.0,1008.1,1008.1,1007.6,-9999,23.4,22.1,23.6,23.4,22.3,22.1,93,92,93,19,0.0,0.0,N,PA,CASTANHAL,A202,-1.300875,-47.947967,47.13
343,2019-02-27,04:00,0.0,1007.9,1008.5,1007.9,-9999,23.1,22.1,23.2,23.1,22.2,22.1,94,94,94,183,0.0,0.0,N,PA,CASTANHAL,A202,-1.300875,-47.947967,47.13
344,2019-02-27,08:00,0.0,1006.5,1006.6,1006.3,-9999,23.3,22.3,23.3,23.2,22.3,22.2,94,94,94,78,0.0,0.0,N,PA,CASTANHAL,A202,-1.300875,-47.947967,47.13
345,2019-02-27,12:00,0.0,1008.8,1008.8,1008.2,409,24.2,22.7,24.2,23.6,22.9,22.6,94,92,92,55,0.0,0.0,N,PA,CASTANHAL,A202,-1.300875,-47.947967,47.13
346,2019-02-27,16:00,0.6,1007.7,1008.5,1007.7,2285,28.1,22.5,30.1,28.1,22.9,21.5,72,63,72,19,8.3,0.1,N,PA,CASTANHAL,A202,-1.300875,-47.947967,47.13
347,2019-02-27,20:00,1.6,1005.6,1005.7,1005.3,89,25.3,23.4,26.6,25.1,23.6,22.7,90,83,90,354,7.8,0.1,N,PA,CASTANHAL,A202,-1.300875,-47.947967,47.13
348,2019-02-28,00:00,0.0,1007.7,1007.7,1007.1,-9999,24.8,23.2,24.8,24.7,23.3,23.2,91,91,91,353,0.0,0.0,N,PA,CASTANHAL,A202,-1.300875,-47.947967,47.13
349,2019-02-28,04:00,0.2,1007.9,1008.4,1007.9,-9999,24.4,22.7,24.5,24.4,22.9,22.7,91,90,90,55,2.3,0.0,N,PA,CASTANHAL,A202,-1.300875,-47.947967,47.13
350,2019-02-28,08:00,0.2,1007.0,1007.0,1006.7,-9999,23.8,22.6,23.8,23.7,22.6,22.6,93,93,93,7,0.0,0.0,N,PA,CASTANHAL,A202,-1.300875,-47.947967,47.13
351,2019-02-28,12:00,0.0,1010.0,1010.0,1009.3,584,24.1,22.3,24.2,23.5,22.4,22.0,92,90,90,34,0.0,0.0,N,PA,CASTANHAL,A202,-1.300875,-47.947967,47.13
352,2019-02-28,16:00,0.2,1008.8,1009.6,1008.8,2028,28.4,23.1,28.9,28.1,24.4,21.7,78,68,73,349,0.0,0.0,N,PA,CASTANHAL,A202,-1.300875,-47.947967,47.13
353,2019-02-28,20:00,0.0,1005.8,1006.6,1005.8,539,25.4,23.1,25.4,24.9,23.1,22.3,88,85,87,334,2.9,0.0,N,PA,CASTANHAL,A202,-1.300875,-47.947967,47.13
354,2019-03-01,00:00,0.0,1009.1,1009.1,1008.1,-9999,25.0,22.7,25.7,24.9,23.9,22.7,90,87,87,12,0.0,0.0,N,PA,CASTANHAL,A202,-1.300875,-47.947967,47.13
355,2019-03-01,04:00,0.0,1008.8,1009.7,1008.8,-9999,24.0,22.2,24.2,23.9,22.3,22.2,90,89,90,330,0.0,0.0,N,PA,CASTANHAL,A202,-1.300875,-47.947967,47.13
356,2019-03-01,08:00,0.0,1007.6,1007.6,1007.3,-9999,23.2,21.9,23.4,23.2,22.1,21.9,93,92,93,155,0.0,0.0,N,PA,CASTANHAL,A202,-1.300875,-47.947967,47.13
357,2019-03-01,12:00,0.0,1010.6,1010.6,1009.8,585,24.9,23.1,24.9,24.4,23.1,22.7,91,89,90,10,0.0,0.0,N,PA,CASTANHAL,A202,-1.300875,-47.947967,47.13
358,2019-03-01,16:00,0.0,1010.3,1011.2,1010.3,1672,25.9,21.9,25.9,24.8,22.1,21.3,84,77,78,71,0.3,0.0,N,PA,CASTANHAL,A202,-1.300875,-47.947967,47.13
359,2019-03-01,20:00,0.2,1007.3,1008.0,1007.3,1344,27.2,21.7,27.3,25.9,22.6,21.5,80,71,72,52,0.0,0.0,N,PA,CASTANHAL,A202,-1.300875,-47.947967,47.13
360,2019-03-02,00:00,0.0,1009.0,1009.0,1008.3,-9999,24.1,22.2,24.9,24.1,22.7,22.2,89,88,89,317,0.0,0.0,N,PA,CASTANHAL,A202,-1.300875,-47.947967,47.13
361,2019-03-02,04:00,0.0,1009.0,1009.7,1009.0,-9999,23.0,21.6,23.5,23.0,21.9,21.6,92,91,92,16,0.0,0.0,N,PA,CASTANHAL,A202,-1.300875,-47.947967,47.13
362,2019-03-02,08:00,0.0,1007.4,1007.7,1007.3,-9999,22.5,21.2,22.7,22.5,21.5,21.2,93,93,93,358,0.0,0.0,N,PA,CASTANHAL,A202,-1.300875,-47.947967,47.13
363,2019-03-02,12:00,0.0,1010.1,1010.2,1009.5,1376,25.2,22.5,25.4,23.8,23.2,22.3,91,84,85,351,0.0,0.0,N,PA,CASTANHAL,A202,-1.300875,-47.947967,47.13
364,2019-03-02,16:00,0.0,1008.5,1009.6,1008.5,2125,29.7,22.9,30.7,29.4,23.8,21.6,69,60,67,356,1.4,0.0,N,PA,CASTANHAL,A202,-1.300875,-47.947967,47.13
365,2019-03-02,20:00,0.0,1005.8,1005.9,1005.6,633,26.4,24.2,26.5,25.1,24.6,23.3,91,88,88,344,4.4,0.0,N,PA,CASTANHAL,A202,-1.300875,-47.947967,47.13
366,2019-03-03,00:00,0.0,1008.3,1008.3,1007.4,-9999,25.4,23.0,25.8,25.4,23.3,22.9,86,86,86,356,0.0,0.0,N,PA,CASTANHAL,A202,-1.300875,-47.947967,47.13
367,2019-03-03,04:00,0.0,1008.6,1009.6,1008.6,-9999,24.2,22.8,24.5,24.2,22.9,22.8,92,90,92,6,0.0,0.0,N,PA,CASTANHAL,A202,-1.300875,-47.947967,47.13
368,2019-03-03,08:00,0.0,1006.5,1006.5,1006.3,-9999,23.4,22.3,23.6,23.4,22.4,22.3,93,93,93,12,0.0,0.0,N,PA,CASTANHAL,A202,-1.300875,-47.947967,47.13
369,2019-03-03,12:00,0.0,1009.4,1009.4,1008.7,1210,25.8,22.2,26.1,24.8,23.2,22.1,91,80,80,29,1.9,0.0,N,PA,CASTANHAL,A202,-1.300875,-47.947967,47.13
370,2019-03-03,16:00,0.4,1008.5,1008.9,1008.4,1362,25.8,22.7,29.5,25.8,24.2,21.7,83,63,83,39,10.1,3.6,N,PA,CASTANHAL,A202,-1.300875,-47.947967,47.13
371,2019-03-03,20:00,0.0,1006.0,1006.2,1006.0,605,25.1,23.0,26.9,24.8,23.1,22.2,89,75,88,8,9.2,0.0,N,PA,CASTANHAL,A202,-1.300875,-47.947967,47.13
372,2019-03-04,00:00,0.0,1007.8,1007.8,1007.1,-9999,24.2,22.6,24.4,24.2,22.6,22.5,90,89,90,48,3.7,0.0,N,PA,CASTANHAL,A202,-1.300875,-47.947967,47.13
373,2019-03-04,04:00,0.0,1008.0,1008.5,1008.0,-9999,24.0,22.5,24.1,24.0,22.6,22.4,92,90,92,12,0.0,0.0,N,PA,CASTANHAL,A202,-1.300875,-47.947967,47.13
374,2019-03-04,08:00,0.0,1006.6,1006.6,1006.3,-9999,23.3,22.2,23.3,22.8,22.2,21.7,93,93,93,80,0.0,0.0,N,PA,CASTANHAL,A202,-1.300875,-47.947967,47.13
375,2019-03-04,12:00,0.0,1009.2,1009.2,1008.3,1193,26.0,23.1,26.0,24.4,23.2,22.8,92,84,84,352,4.3,0.0,N,PA,CASTANHAL,A202,-1.300875,-47.947967,47.13
376,2019-03-04,16:00,0.0,1007.9,1008.8,1007.9,1706,29.2,21.4,29.2,28.4,23.1,21.4,72,63,63,3,5.7,0.0,N,PA,CASTANHAL,A202,-1.300875,-47.947967,47.13
377,2019-03-04,20:00,1.6,1005.9,1005.9,1005.4,274,26.2,23.2,28.2,26.2,23.2,21.9,84,69,84,357,8.2,0.0,N,PA,CASTANHAL,A202,-1.300875,-47.947967,47.13
378,2019-03-05,00:00,0.0,1008.0,1008.0,1007.2,-9999,25.3,23.3,25.4,25.3,23.3,23.2,88,88,88,30,0.0,0.0,N,PA,CASTANHAL,A202,-1.300875,-47.947967,47.13
379,2019-03-05,04:00,18.6,1008.9,1009.6,1008.9,-9999,23.5,22.4,24.0,23.5,22.6,22.1,93,91,93,31,6.8,0.0,N,PA,CASTANHAL,A202,-1.300875,-47.947967,47.13
380,2019-03-05,08:00,0.0,1007.4,1007.5,1007.4,-9999,23.2,22.2,23.2,23.2,22.2,22.1,94,94,94,159,0.0,0.0,N,PA,CASTANHAL,A202,-1.300875,-47.947967,47.13
381,2019-03-05,12:00,0.0,1010.0,1010.0,1009.1,602,24.5,23.0,24.5,23.8,23.2,22.8,94,92,92,56,0.0,0.0,N,PA,CASTANHAL,A202,-1.300875,-47.947967,47.13
382,2019-03-05,16:00,0.0,1008.5,1009.6,1008.5,2298,28.0,22.5,28.1,26.6,23.4,22.2,80,71,72,8,0.0,0.0,N,PA,CASTANHAL,A202,-1.300875,-47.947967,47.13
383,2019-03-05,20:00,3.0,1005.5,1005.6,1005.2,481,26.6,24.5,27.1,25.5,24.5,23.0,88,82,88,67,8.4,0.0,N,PA,CASTANHAL,A202,-1.300875,-47.947967,47.13
384,2019-03-06,00:00,0.0,1008.2,1008.2,1007.4,-9999,25.0,22.7,25.4,25.0,22.9,22.7,87,86,87,24,0.0,0.0,N,PA,CASTANHAL,A202,-1.300875,-47.947967,47.13
385,2019-03-06,04:00,0.0,1008.9,1009.8,1008.9,-9999,24.4,22.8,24.6,24.4,22.8,22.7,91,89,91,55,0.0,0.0,N,PA,CASTANHAL,A202,-1.300875,-47.947967,47.13
386,2019-03-06,08:00,0.0,1007.1,1007.1,1006.7,-9999,23.5,22.3,23.9,23.5,22.6,22.3,93,93,93,224,0.0,0.0,N,PA,CASTANHAL,A202,-1.300875,-47.947967,47.13
387,2019-03-06,12:00,0.0,1010.4,1010.4,1009.4,721,25.0,23.6,25.1,24.3,23.8,23.2,94,92,92,110,0.0,0.0,N,PA,CASTANHAL,A202,-1.300875,-47.947967,47.13
388,2019-03-06,16:00,0.0,1008.5,1009.8,1008.5,2755,29.4,22.7,29.5,28.1,23.6,22.2,74,67,67,36,4.1,0.0,N,PA,CASTANHAL,A202,-1.300875,-47.947967,47.13
389,2019-03-06,20:00,3.8,1006.4,1006.4,1006.0,159,26.1,24.4,26.4,26.0,24.4,23.6,91,86,90,6,0.0,0.0,N,PA,CASTANHAL,A202,-1.300875,-47.947967,47.13
390,2019-03-07,00:00,0.0,1009.1,1009.1,1008.2,-9999,24.8,23.4,25.0,24.8,23.6,23.4,92,92,92,335,0.0,0.0,N,PA,CASTANHAL,A202,-1.300875,-47.947967,47.13
391,2019-03-07,04:00,2.2,1009.4,1009.6,1009.3,-9999,24.0,22.8,24.5,24.0,23.2,22.8,93,92,93,27,3.9,0.1,N,PA,CASTANHAL,A202,-1.300875,-47.947967,47.13
392,2019-03-07,08:00,0.4,1008.6,1008.6,1008.3,1,22.3,21.3,22.8,22.3,21.8,21.2,94,94,94,349,5.1,0.0,N,PA,CASTANHAL,A202,-1.300875,-47.947967,47.13
393,2019-03-07,12:00,0.2,1010.8,1010.8,1010.0,499,23.7,22.5,23.7,23.0,22.6,21.9,94,93,93,225,0.0,0.0,N,PA,CASTANHAL,A202,-1.300875,-47.947967,47.13
394,2019-03-07,16:00,0.0,1009.9,1011.1,1009.9,1403,27.3,22.1,27.3,26.8,22.6,21.5,76,72,73,14,0.0,0.0,N,PA,CASTANHAL,A202,-1.300875,-47.947967,47.13
395,2019-03-07,20:00,0.0,1006.5,1007.4,1006.5,583,25.6,23.7,26.2,25.5,24.3,23.7,90,89,89,267,0.0,0.0,N,PA,CASTANHAL,A202,-1.300875,-47.947967,47.13
396,2019-03-08,00:00,0.0,1008.4,1008.4,1007.6,-9999,24.9,22.7,25.6,24.9,23.7,22.7,89,88,88,61,0.0,0.0,N,PA,CASTANHAL,A202,-1.300875,-47.947967,47.13
397,2019-03-08,04:00,0.0,1008.7,1008.9,1008.7,-9999,24.6,23.0,24.9,24.6,23.1,23.0,91,90,91,141,0.0,0.0,N,PA,CASTANHAL,A202,-1.300875,-47.947967,47.13
398,2019-03-08,08:00,0.0,1007.0,1007.2,1007.0,-9999,24.0,22.8,24.0,23.9,22.8,22.7,93,93,93,128,0.0,0.0,N,PA,CASTANHAL,A202,-1.300875,-47.947967,47.13
399,2019-03-08,12:00,0.0,1009.0,1009.0,1008.2,1253,26.1,23.3,26.1,24.6,23.8,23.0,93,84,84,42,0.0,0.0,N,PA,CASTANHAL,A202,-1.300875,-47.947967,47.13
400,2019-03-08,16:00,0.0,1007.2,1008.3,1007.2,2305,30.9,22.9,30.9,29.3,24.1,22.2,70,61,63,17,0.0,0.0,N,PA,CASTANHAL,A202,-1.300875,-47.947967,47.13
401,2019-03-08,20:00,0.0,1005.7,1005.7,1004.9,484,27.3,23.8,27.6,27.0,24.4,23.4,83,80,81,352,6.2,0.0,N,PA,CASTANHAL,A202,-1.300875,-47.947967,47.13
402,2019-03-09,00:00,0.0,1007.0,1007.0,1006.7,-9999,25.0,23.5,25.0,24.8,23.5,23.4,92,91,92,12,0.0,0.0,N,PA,CASTANHAL,A202,-1.300875,-47.947967,47.13
403,2019-03-09,04:00,0.0,1006.9,1007.8,1006.9,-9999,24.5,23.2,24.6,24.5,23.2,23.1,92,92,92,39,0.0,0.0,N,PA,CASTANHAL,A202,-1.300875,-47.947967,47.13
404,2019-03-09,08:00,0.0,1005.6,1005.6,1005.4,-9999,23.9,22.7,24.1,23.9,22.9,22.7,93,93,93,265,0.0,0.0,N,PA,CASTANHAL,A202,-1.300875,-47.947967,47.13
405,2019-03-09,12:00,0.0,1007.9,1007.9,1006.8,996,26.0,23.8,26.3,25.0,24.6,23.8,94,88,88,64,0.0,0.0,N,PA,CASTANHAL,A202,-1.300875,-47.947967,47.13
406,2019-03-09,16:00,0.2,1006.3,1007.2,1006.3,1839,28.8,24.5,29.9,27.7,25.0,23.3,83,69,78,1,8.4,0.0,N,PA,CASTANHAL,A202,-1.300875,-47.947967,47.13
407,2019-03-09,20:00,0.0,1004.1,1004.5,1003.9,360,27.0,24.0,28.3,27.0,24.2,21.8,84,69,84,343,1.6,0.0,N,PA,CASTANHAL,A202,-1.300875,-47.947967,47.13
408,2019-03-10,00:00,0.0,1007.0,1007.0,1006.1,-9999,25.6,23.5,25.6,25.5,23.5,23.2,88,86,88,358,0.0,0.0,N,PA,CASTANHAL,A202,-1.300875,-47.947967,47.13
409,2019-03-10,04:00,4.4,1007.7,1008.8,1007.7,-9999,23.4,22.2,23.8,23.4,22.6,22.2,93,93,93,62,6.8,0.0,N,PA,CASTANHAL,A202,-1.300875,-47.947967,47.13
410,2019-03-10,08:00,0.0,1005.4,1005.5,1005.2,-9999,23.2,21.9,23.4,23.2,22.1,21.9,93,92,92,220,0.0,0.0,N,PA,CASTANHAL,A202,-1.300875,-47.947967,47.13
411,2019-03-10,12:00,0.0,1007.8,1007.8,1007.0,1075,25.8,23.3,25.8,24.2,23.4,22.8,92,86,86,72,0.0,0.0,N,PA,CASTANHAL,A202,-1.300875,-47.947967,47.13
412,2019-03-10,16:00,0.0,1006.3,1007.4,1006.3,1595,28.0,23.3,30.2,28.0,24.4,22.7,78,65,76,154,2.0,0.0,N,PA,CASTANHAL,A202,-1.300875,-47.947967,47.13
413,2019-03-10,20:00,2.0,1004.3,1004.3,1003.9,243,25.3,23.1,27.5,25.3,24.5,22.8,88,81,88,108,3.2,0.0,N,PA,CASTANHAL,A202,-1.300875,-47.947967,47.13
414,2019-03-11,00:00,0.0,1006.4,1006.4,1005.6,-9999,24.8,23.5,24.9,24.7,23.5,23.4,92,92,92,51,0.0,0.0,N,PA,CASTANHAL,A202,-1.300875,-47.947967,47.13
415,2019-03-11,04:00,0.2,1006.0,1007.1,1006.0,-9999,24.6,23.4,24.6,24.5,23.4,23.3,93,93,93,117,0.0,0.0,N,PA,CASTANHAL,A202,-1.300875,-47.947967,47.13
416,2019-03-11,08:00,0.0,1004.6,1004.6,1004.1,-9999,23.9,22.9,23.9,23.7,22.9,22.7,94,94,94,57,0.0,0.0,N,PA,CASTANHAL,A202,-1.300875,-47.947967,47.13
417,2019-03-11,12:00,0.0,1007.2,1007.3,1006.5,610,24.9,23.2,25.0,24.3,23.6,23.2,94,91,91,59,0.0,0.0,N,PA,CASTANHAL,A202,-1.300875,-47.947967,47.13
418,2019-03-11,16:00,0.4,1006.2,1007.1,1006.2,1424,27.8,24.0,29.2,27.6,25.0,23.8,85,73,80,28,5.3,0.0,N,PA,CASTANHAL,A202,-1.300875,-47.947967,47.13
419,2019-03-11,20:00,1.2,1003.8,1004.1,1003.7,52,25.2,23.3,27.0,24.9,24.8,22.4,89,84,89,325,4.6,0.0,N,PA,CASTANHAL,A202,-1.300875,-47.947967,47.13
420,2019-03-12,00:00,0.0,1005.8,1005.8,1004.9,-9999,25.4,23.9,25.5,25.4,24.0,23.9,92,91,92,21,0.0,0.0,N,PA,CASTANHAL,A202,-1.300875,-47.947967,47.13
421,2019-03-12,04:00,0.0,1006.2,1006.8,1006.2,-9999,24.6,23.5,24.7,24.6,23.6,23.4,93,93,93,10,0.0,0.0,N,PA,CASTANHAL,A202,-1.300875,-47.947967,47.13
422,2019-03-12,08:00,0.0,1004.9,1004.9,1004.7,-9999,24.3,23.1,24.4,24.3,23.2,23.1,93,93,93,318,0.0,0.0,N,PA,CASTANHAL,A202,-1.300875,-47.947967,47.13
423,2019-03-12,12:00,0.0,1007.4,1007.4,1006.5,1329,26.8,23.5,26.9,25.5,24.3,23.5,92,82,82,12,2.2,0.0,N,PA,CASTANHAL,A202,-1.300875,-47.947967,47.13
424,2019-03-12,16:00,0.4,1006.9,1007.1,1006.8,907,25.9,23.5,27.8,25.9,24.3,23.4,87,80,87,11,4.9,0.0,N,PA,CASTANHAL,A202,-1.300875,-47.947967,47.13
425,2019-03-12,20:00,0.0,1004.8,1004.8,1004.4,481,25.3,23.4,25.5,24.9,23.7,23.2,90,89,89,349,0.0,0.0,N,PA,CASTANHAL,A202,-1.300875,-47.947967,47.13
426,2019-03-13,00:00,0.0,1007.0,1007.0,1006.3,-9999,24.5,22.9,24.9,24.5,23.2,22.9,91,91,91,5,0.0,0.0,N,PA,CASTANHAL,A202,-1.300875,-47.947967,47.13
427,2019-03-13,04:00,1.2,1007.3,1008.9,1007.3,-9999,23.9,22.7,23.9,23.9,22.7,22.6,93,93,93,355,0.0,0.0,N,PA,CASTANHAL,A202,-1.300875,-47.947967,47.13
428,2019-03-13,08:00,0.0,1006.8,1006.9,1006.6,-9999,23.9,22.8,23.9,23.7,22.9,22.7,94,94,94,253,0.0,0.0,N,PA,CASTANHAL,A202,-1.300875,-47.947967,47.13
429,2019-03-13,12:00,0.0,1008.2,1008.2,1007.8,937,25.1,23.4,25.2,24.2,23.8,23.2,94,91,91,263,0.0,0.0,N,PA,CASTANHAL,A202,-1.300875,-47.947967,47.13
430,2019-03-13,16:00,0.2,1006.7,1007.6,1006.7,2443,28.9,23.7,29.8,28.7,24.1,22.8,75,67,74,25,0.0,0.0,N,PA,CASTANHAL,A202,-1.300875,-47.947967,47.13
431,2019-03-13,20:00,5.6,1005.1,1005.1,1004.6,46,25.9,24.0,28.4,25.9,24.5,23.5,89,74,89,350,5.0,0.0,N,PA,CASTANHAL,A202,-1.300875,-47.947967,47.13
432,2019-03-14,00:00,0.0,1007.0,1007.0,1006.5,-9999,24.7,23.5,25.1,24.7,23.8,23.4,93,93,93,142,0.0,0.0,N,PA,CASTANHAL,A202,-1.300875,-47.947967,47.13
433,2019-03-14,04:00,0.2,1007.1,1008.4,1007.1,-9999,24.7,23.5,25.0,24.7,23.8,23.5,93,93,93,74,0.0,0.0,N,PA,CASTANHAL,A202,-1.300875,-47.947967,47.13
434,2019-03-14,08:00,0.0,1006.5,1006.5,1006.3,-9999,24.2,23.2,24.3,24.2,23.3,23.1,94,94,94,330,0.0,0.0,N,PA,CASTANHAL,A202,-1.300875,-47.947967,47.13
435,2019-03-14,12:00,0.2,1008.8,1008.8,1007.6,222,24.2,23.0,24.2,23.7,23.1,22.6,94,93,93,86,0.0,0.0,N,PA,CASTANHAL,A202,-1.300875,-47.947967,47.13
436,2019-03-14,16:00,0.0,1006.0,1007.3,1006.0,2808,30.7,22.2,31.2,29.8,23.3,21.8,67,59,61,93,4.8,0.0,N,PA,CASTANHAL,A202,-1.300875,-47.947967,47.13
437,2019-03-14,20:00,0.0,1003.5,1003.7,1003.5,1309,31.6,22.5,32.5,31.5,22.9,21.7,59,54,58,72,4.6,0.1,N,PA,CASTANHAL,A202,-1.300875,-47.947967,47.13
438,2019-03-15,00:00,0.0,1005.7,1005.8,1005.2,-9999,26.2,23.5,27.1,26.2,23.6,23.3,85,80,85,12,4.4,0.1,N,PA,CASTANHAL,A202,-1.300875,-47.947967,47.13
439,2019-03-15,04:00,0.0,1005.9,1006.8,1005.9,-9999,25.4,23.7,25.5,25.4,23.7,23.7,90,90,90,26,0.0,0.0,N,PA,CASTANHAL,A202,-1.300875,-47.947967,47.13
440,2019-03-15,08:00,0.0,1005.3,1005.4,1005.0,-9999,24.5,23.3,24.8,24.5,23.5,23.3,93,92,93,165,0.0,0.0,N,PA,CASTANHAL,A202,-1.300875,-47.947967,47.13
441,2019-03-15,12:00,0.0,1008.1,1008.1,1007.2,757,26.0,24.3,26.0,25.1,24.5,24.0,94,90,90,84,0.0,0.0,N,PA,CASTANHAL,A202,-1.300875,-47.947967,47.13
442,2019-03-15,16:00,0.0,1006.1,1007.1,1006.1,1294,29.0,23.3,29.3,28.8,24.3,23.1,75,71,71,70,6.5,0.3,N,PA,CASTANHAL,A202,-1.300875,-47.947967,47.13
443,2019-03-15,20:00,0.0,1002.6,1003.1,1002.6,1702,31.8,22.7,32.2,30.9,23.0,21.9,61,56,59,27,0.0,0.0,N,PA,CASTANHAL,A202,-1.300875,-47.947967,47.13
444,2019-03-16,00:00,0.0,1006.4,1006.4,1005.4,-9999,26.1,23.3,27.1,26.1,23.4,23.1,84,79,84,21,0.0,0.0,N,PA,CASTANHAL,A202,-1.300875,-47.947967,47.13
445,2019-03-16,04:00,0.0,1006.1,1006.9,1006.1,-9999,25.1,23.1,25.2,25.1,23.2,23.0,89,88,89,42,0.0,0.0,N,PA,CASTANHAL,A202,-1.300875,-47.947967,47.13
446,2019-03-16,08:00,0.0,1005.5,1005.6,1005.4,-9999,24.2,22.9,24.2,24.0,22.9,22.6,93,92,93,295,0.0,0.0,N,PA,CASTANHAL,A202,-1.300875,-47.947967,47.13
447,2019-03-16,12:00,0.0,1008.1,1008.2,1007.6,1466,27.6,23.3,27.7,25.7,24.0,23.3,89,78,78,7,0.0,0.0,N,PA,CASTANHAL,A202,-1.300875,-47.947967,47.13
448,2019-03-16,16:00,0.4,1006.8,1007.5,1006.8,1381,29.4,22.5,31.3,28.9,24.5,22.0,76,59,66,42,0.3,0.0,N,PA,CASTANHAL,A202,-1.300875,-47.947967,47.13
449,2019-03-16,20:00,0.0,1003.5,1003.5,1003.1,1081,29.6,22.7,31.5,29.6,23.8,22.6,70,59,66,343,9.0,2.2,N,PA,CASTANHAL,A202,-1.300875,-47.947967,47.13
450,2019-03-17,00:00,0.0,1006.4,1006.4,1005.1,-9999,26.0,23.1,26.5,26.0,23.1,23.0,84,81,84,358,3.4,0.0,N,PA,CASTANHAL,A202,-1.300875,-47.947967,47.13
451,2019-03-17,04:00,0.0,1007.2,1008.2,1007.2,-9999,25.1,23.0,25.3,25.1,23.1,23.0,88,88,88,22,0.0,0.0,N,PA,CASTANHAL,A202,-1.300875,-47.947967,47.13
452,2019-03-17,08:00,0.0,1005.7,1005.9,1005.7,-9999,24.3,22.9,24.5,24.3,23.1,22.9,92,92,92,232,0.0,0.0,N,PA,CASTANHAL,A202,-1.300875,-47.947967,47.13
453,2019-03-17,12:00,0.0,1007.9,1007.9,1006.9,807,26.4,23.0,26.5,25.2,23.3,22.8,88,80,81,7,2.7,0.0,N,PA,CASTANHAL,A202,-1.300875,-47.947967,47.13
454,2019-03-17,16:00,0.2,1006.9,1007.7,1006.9,1583,28.4,23.6,28.9,27.7,24.7,23.2,81,73,75,321,2.3,0.0,N,PA,CASTANHAL,A202,-1.300875,-47.947967,47.13
455,2019-03-17,20:00,15.6,1004.9,1004.9,1004.6,169,24.7,23.6,24.9,24.5,23.7,23.3,94,93,94,276,0.0,0.0,N,PA,CASTANHAL,A202,-1.300875,-47.947967,47.13
456,2019-03-18,00:00,0.0,1007.5,1007.5,1006.4,-9999,25.1,23.8,25.2,25.1,24.0,23.8,93,92,92,22,0.0,0.0,N,PA,CASTANHAL,A202,-1.300875,-47.947967,47.13
457,2019-03-18,04:00,1.6,1006.9,1007.8,1006.9,-9999,24.6,23.2,24.8,24.6,23.4,23.2,92,91,92,5,0.0,0.0,N,PA,CASTANHAL,A202,-1.300875,-47.947967,47.13
458,2019-03-18,08:00,0.0,1005.5,1005.5,1005.4,-9999,24.2,23.0,24.2,23.9,23.0,22.7,93,93,93,344,0.0,0.0,N,PA,CASTANHAL,A202,-1.300875,-47.947967,47.13
459,2019-03-18,12:00,0.0,1008.5,1008.5,1007.7,1124,25.8,23.5,25.8,24.7,23.9,23.3,93,87,87,334,0.0,0.0,N,PA,CASTANHAL,A202,-1.300875,-47.947967,47.13
460,2019-03-18,16:00,0.4,1006.8,1008.2,1006.8,2604,29.6,23.9,29.9,27.6,24.7,23.5,81,70,72,359,4.5,0.1,N,PA,CASTANHAL,A202,-1.300875,-47.947967,47.13
461,2019-03-18,20:00,0.0,1004.9,1004.9,1004.5,291,25.6,23.7,25.7,25.6,24.2,23.7,92,89,89,1,0.0,0.0,N,PA,CASTANHAL,A202,-1.300875,-47.947967,47.13
462,2019-03-19,00:00,0.0,1007.4,1007.4,1006.5,-9999,25.1,23.5,25.3,25.1,23.6,23.5,91,90,91,344,0.0,0.0,N,PA,CASTANHAL,A202,-1.300875,-47.947967,47.13
463,2019-03-19,04:00,0.0,1007.0,1008.0,1007.0,-9999,24.4,23.2,24.9,24.4,23.5,23.2,93,92,93,249,0.0,0.0,N,PA,CASTANHAL,A202,-1.300875,-47.947967,47.13
464,2019-03-19,08:00,0.0,1004.4,1004.8,1004.3,-9999,24.1,23.1,24.2,23.7,23.2,22.6,94,94,94,359,0.0,0.0,N,PA,CASTANHAL,A202,-1.300875,-47.947967,47.13
465,2019-03-19,12:00,0.0,1006.9,1006.9,1005.9,811,26.0,24.3,26.0,24.8,24.5,23.7,94,91,91,316,0.0,0.0,N,PA,CASTANHAL,A202,-1.300875,-47.947967,47.13
466,2019-03-19,16:00,0.0,1005.5,1006.7,1005.5,2094,29.1,25.1,29.2,27.0,25.5,23.2,89,71,79,71,2.1,0.0,N,PA,CASTANHAL,A202,-1.300875,-47.947967,47.13
467,2019-03-19,20:00,2.8,1003.4,1003.6,1002.7,125,25.3,23.9,25.3,24.9,23.9,23.5,92,92,92,321,0.0,0.0,N,PA,CASTANHAL,A202,-1.300875,-47.947967,47.13
468,2019-03-20,00:00,0.2,1005.9,1005.9,1005.2,-9999,24.5,23.3,24.5,24.4,23.3,23.2,93,93,93,349,0.0,0.0,N,PA,CASTANHAL,A202,-1.300875,-47.947967,47.13
469,2019-03-20,04:00,0.0,1006.0,1006.7,1006.0,-9999,24.2,23.1,24.4,24.2,23.2,23.1,94,93,94,291,0.0,0.0,N,PA,CASTANHAL,A202,-1.300875,-47.947967,47.13
470,2019-03-20,08:00,0.2,1004.0,1004.7,1004.0,-9999,23.1,21.9,23.5,23.1,22.4,21.9,93,93,93,45,0.0,0.0,N,PA,CASTANHAL,A202,-1.300875,-47.947967,47.13
471,2019-03-20,12:00,0.6,1006.6,1006.6,1006.0,1354,26.3,23.6,26.4,24.3,23.9,23.0,92,85,85,18,0.0,0.0,N,PA,CASTANHAL,A202,-1.300875,-47.947967,47.13
472,2019-03-20,16:00,33.6,1006.8,1007.8,1006.7,103,24.6,23.6,24.6,23.7,23.6,22.3,94,89,94,107,11.7,0.0,N,PA,CASTANHAL,A202,-1.300875,-47.947967,47.13
473,2019-03-20,20:00,0.0,1003.7,1003.7,1003.5,577,26.0,23.9,26.0,25.4,24.0,23.7,92,88,89,343,2.9,0.0,N,PA,CASTANHAL,A202,-1.300875,-47.947967,47.13
474,2019-03-21,00:00,0.0,1006.6,1006.6,1005.2,-9999,25.3,23.9,25.4,25.3,23.9,23.8,92,91,92,17,0.0,0.0,N,PA,CASTANHAL,A202,-1.300875,-47.947967,47.13
475,2019-03-21,04:00,0.0,1006.5,1007.6,1006.5,-9999,24.7,23.6,25.0,24.7,23.8,23.6,93,93,93,260,0.0,0.0,N,PA,CASTANHAL,A202,-1.300875,-47.947967,47.13
476,2019-03-21,08:00,16.2,1006.0,1006.0,1005.7,-9999,23.8,22.7,24.2,23.7,23.1,22.7,94,94,94,68,3.5,0.0,N,PA,CASTANHAL,A202,-1.300875,-47.947967,47.13
477,2019-03-21,12:00,0.6,1008.2,1008.2,1007.7,221,24.0,23.0,24.1,23.7,23.1,22.7,94,94,94,87,0.0,0.0,N,PA,CASTANHAL,A202,-1.300875,-47.947967,47.13
478,2019-03-21,16:00,0.0,1006.5,1007.4,1006.5,2041,27.6,23.8,27.7,26.6,24.5,23.3,86,78,79,1,3.8,0.0,N,PA,CASTANHAL,A202,-1.300875,-47.947967,47.13
479,2019-03-21,20:00,0.0,1003.4,1003.6,1003.4,889,27.2,23.4,28.6,27.2,24.4,23.4,83,78,79,352,8.0,0.8,N,PA,CASTANHAL,A202,-1.300875,-47.947967,47.13
480,2019-03-22,00:00,0.0,1006.5,1006.5,1005.4,-9999,25.4,23.6,25.5,25.3,23.7,23.6,90,90,90,336,0.0,0.0,N,PA,CASTANHAL,A202,-1.300875,-47.947967,47.13
481,2019-03-22,04:00,0.0,1006.8,1007.6,1006.8,-9999,25.1,23.7,25.3,25.1,23.7,23.7,92,91,92,35,0.0,0.0,N,PA,CASTANHAL,A202,-1.300875,-47.947967,47.13
482,2019-03-22,08:00,0.0,1005.8,1005.8,1005.2,-9999,24.5,23.3,24.8,24.4,23.5,23.2,93,93,93,136,0.0,0.0,N,PA,CASTANHAL,A202,-1.300875,-47.947967,47.13
483,2019-03-22,12:00,0.0,1008.9,1008.9,1007.9,647,25.2,23.0,25.3,24.7,23.4,23.0,92,88,88,53,0.0,0.0,N,PA,CASTANHAL,A202,-1.300875,-47.947967,47.13
484,2019-03-22,16:00,0.0,1007.5,1008.4,1007.5,1260,27.3,22.9,27.3,26.9,23.4,22.7,80,77,77,59,3.6,0.0,N,PA,CASTANHAL,A202,-1.300875,-47.947967,47.13
485,2019-03-22,20:00,0.0,1005.4,1005.4,1005.2,551,26.2,22.8,26.6,26.2,22.9,21.9,82,76,82,339,6.1,0.0,N,PA,CASTANHAL,A202,-1.300875,-47.947967,47.13
486,2019-03-23,00:00,0.0,1008.3,1008.3,1007.4,-9999,25.2,23.3,25.4,25.2,23.5,23.3,90,89,90,347,2.4,0.0,N,PA,CASTANHAL,A202,-1.300875,-47.947967,47.13
487,2019-03-23,04:00,0.0,1008.3,1009.1,1008.3,-9999,25.0,23.5,25.0,24.9,23.5,23.3,91,90,91,338,0.0,0.0,N,PA,CASTANHAL,A202,-1.300875,-47.947967,47.13
488,2019-03-23,08:00,0.0,1007.5,1007.5,1007.4,-9999,24.1,22.7,24.2,24.1,22.8,22.7,92,91,92,220,0.0,0.0,N,PA,CASTANHAL,A202,-1.300875,-47.947967,47.13
489,2019-03-23,12:00,0.0,1009.8,1009.8,1009.2,711,25.1,23.5,25.1,24.3,23.6,23.1,93,90,91,70,0.0,0.0,N,PA,CASTANHAL,A202,-1.300875,-47.947967,47.13
490,2019-03-23,16:00,0.2,1008.0,1008.8,1008.0,1289,27.5,23.2,29.2,27.5,24.2,22.2,81,67,77,24,5.4,0.0,N,PA,CASTANHAL,A202,-1.300875,-47.947967,47.13
491,2019-03-23,20:00,0.0,1005.9,1006.1,1005.7,383,26.4,22.8,27.7,26.4,24.0,22.8,81,76,81,74,2.7,0.0,N,PA,CASTANHAL,A202,-1.300875,-47.947967,47.13
492,2019-03-24,00:00,0.2,1007.8,1007.8,1007.3,-9999,24.7,22.9,24.7,24.2,22.9,22.2,90,88,90,4,0.9,0.0,N,PA,CASTANHAL,A202,-1.300875,-47.947967,47.13
493,2019-03-24,04:00,0.0,1007.7,1008.3,1007.7,-9999,24.3,23.1,24.4,24.3,23.2,23.0,93,92,93,200,0.0,0.0,N,PA,CASTANHAL,A202,-1.300875,-47.947967,47.13
494,2019-03-24,08:00,0.0,1006.9,1006.9,1006.8,-9999,24.1,23.0,24.2,24.1,23.1,23.0,94,94,94,162,0.0,0.0,N,PA,CASTANHAL,A202,-1.300875,-47.947967,47.13
495,2019-03-24,12:00,0.0,1009.7,1009.7,1009.0,588,24.9,23.7,25.2,24.4,24.1,23.4,94,93,93,62,0.0,0.0,N,PA,CASTANHAL,A202,-1.300875,-47.947967,47.13
496,2019-03-24,16:00,2.2,1008.7,1009.8,1008.7,1078,24.8,23.2,25.2,24.8,23.6,23.1,91,89,91,47,0.0,0.0,N,PA,CASTANHAL,A202,-1.300875,-47.947967,47.13
497,2019-03-24,20:00,0.0,1006.3,1006.3,1006.0,576,26.3,23.1,26.5,26.2,23.7,22.9,85,81,83,5,2.9,0.0,N,PA,CASTANHAL,A202,-1.300875,-47.947967,47.13
498,2019-03-25,00:00,0.0,1008.0,1008.0,1007.4,-9999,24.4,22.8,24.6,24.4,22.8,22.7,91,89,91,15,0.0,0.0,N,PA,CASTANHAL,A202,-1.300875,-47.947967,47.13
499,2019-03-25,04:00,0.0,1007.5,1008.4,1007.5,-9999,23.8,22.7,24.1,23.8,22.8,22.7,93,93,93,354,0.0,0.0,N,PA,CASTANHAL,A202,-1.300875,-47.947967,47.13
500,2019-03-25,08:00,0.0,1005.8,1005.9,1005.8,-9999,23.0,22.0,23.1,22.9,22.1,22.0,94,94,94,240,0.0,0.0,N,PA,CASTANHAL,A202,-1.300875,-47.947967,47.13
501,2019-03-25,12:00,0.0,1007.8,1007.8,1007.0,758,24.9,23.8,24.9,23.8,23.8,22.9,95,94,94,176,0.0,0.0,N,PA,CASTANHAL,A202,-1.300875,-47.947967,47.13
502,2019-03-25,16:00,4.2,1006.8,1007.4,1006.8,1004,25.5,23.5,28.1,25.4,23.9,22.5,89,73,89,52,7.7,0.3,N,PA,CASTANHAL,A202,-1.300875,-47.947967,47.13
503,2019-03-25,20:00,0.0,1005.0,1005.0,1004.7,465,25.4,22.9,25.5,25.3,23.1,22.8,87,85,86,15,0.0,0.0,N,PA,CASTANHAL,A202,-1.300875,-47.947967,47.13
504,2019-03-26,00:00,0.0,1007.0,1007.1,1006.7,-9999,24.5,22.9,24.5,24.4,23.0,22.9,91,91,91,347,0.0,0.0,N,PA,CASTANHAL,A202,-1.300875,-47.947967,47.13
505,2019-03-26,04:00,5.0,1007.2,1007.9,1007.2,-9999,23.9,22.7,24.0,23.9,22.8,22.6,93,93,93,66,0.0,0.0,N,PA,CASTANHAL,A202,-1.300875,-47.947967,47.13
506,2019-03-26,08:00,0.0,1005.5,1005.5,1005.4,-9999,23.8,22.8,23.8,23.7,22.8,22.6,94,94,94,241,0.0,0.0,N,PA,CASTANHAL,A202,-1.300875,-47.947967,47.13
507,2019-03-26,12:00,0.0,1008.0,1008.0,1007.3,876,25.1,23.1,25.1,24.2,23.3,22.9,93,88,88,42,0.7,0.0,N,PA,CASTANHAL,A202,-1.300875,-47.947967,47.13
508,2019-03-26,16:00,0.8,1006.4,1007.4,1006.4,1083,26.6,24.1,27.2,26.5,24.7,23.7,88,81,86,320,0.0,0.0,N,PA,CASTANHAL,A202,-1.300875,-47.947967,47.13
509,2019-03-26,20:00,1.6,1005.1,1005.3,1005.0,65,24.3,23.2,24.3,24.2,23.3,23.1,94,94,94,355,0.0,0.0,N,PA,CASTANHAL,A202,-1.300875,-47.947967,47.13
510,2019-03-27,00:00,0.2,1007.2,1007.2,1006.6,-9999,24.1,23.0,24.1,23.9,23.0,22.9,94,94,94,21,0.0,0.0,N,PA,CASTANHAL,A202,-1.300875,-47.947967,47.13
511,2019-03-27,04:00,0.4,1007.6,1008.2,1007.6,-9999,24.1,23.1,24.1,24.1,23.1,23.1,94,94,94,124,0.0,0.0,N,PA,CASTANHAL,A202,-1.300875,-47.947967,47.13
512,2019-03-27,08:00,1.2,1006.6,1006.7,1006.6,-9999,23.2,22.3,23.3,23.2,22.3,22.3,94,94,94,132,0.0,0.0,N,PA,CASTANHAL,A202,-1.300875,-47.947967,47.13
513,2019-03-27,12:00,0.0,1008.2,1008.2,1007.7,1154,24.8,23.0,25.1,24.1,23.6,23.0,94,89,89,51,3.0,0.0,N,PA,CASTANHAL,A202,-1.300875,-47.947967,47.13
514,2019-03-27,16:00,0.0,1006.9,1007.8,1006.9,3036,30.1,23.4,30.4,29.2,24.1,22.5,73,65,68,31,4.0,0.0,N,PA,CASTANHAL,A202,-1.300875,-47.947967,47.13
515,2019-03-27,20:00,2.8,1005.0,1005.0,1004.6,337,26.7,25.0,27.6,26.6,25.1,24.5,90,85,90,326,4.8,0.0,N,PA,CASTANHAL,A202,-1.300875,-47.947967,47.13
516,2019-03-28,00:00,0.0,1007.2,1007.2,1006.7,-9999,25.3,23.7,25.6,25.3,23.8,23.7,91,90,91,20,1.7,0.0,N,PA,CASTANHAL,A202,-1.300875,-47.947967,47.13
517,2019-03-28,04:00,0.0,1007.0,1007.8,1007.0,-9999,24.7,23.4,24.8,24.7,23.5,23.4,92,92,92,6,0.0,0.0,N,PA,CASTANHAL,A202,-1.300875,-47.947967,47.13
518,2019-03-28,08:00,0.0,1005.9,1005.9,1005.4,-9999,23.8,22.8,24.1,23.7,22.9,22.6,94,93,94,124,0.0,0.0,N,PA,CASTANHAL,A202,-1.300875,-47.947967,47.13
519,2019-03-28,12:00,0.0,1008.9,1008.9,1007.9,1051,26.3,24.1,26.3,25.5,24.7,23.8,93,87,87,41,5.7,0.3,N,PA,CASTANHAL,A202,-1.300875,-47.947967,47.13
520,2019-03-28,16:00,0.0,1006.7,1007.9,1006.7,1961,31.2,22.9,31.6,30.5,23.9,22.7,66,60,62,85,0.0,0.0,N,PA,CASTANHAL,A202,-1.300875,-47.947967,47.13
521,2019-03-28,20:00,0.0,1005.6,1005.6,1004.9,194,26.6,24.4,27.0,26.5,24.9,24.1,88,87,88,337,0.0,0.0,N,PA,CASTANHAL,A202,-1.300875,-47.947967,47.13
522,2019-03-29,00:00,0.0,1008.1,1008.1,1007.3,-9999,25.5,24.2,25.6,25.5,24.2,24.0,92,92,92,117,0.0,0.0,N,PA,CASTANHAL,A202,-1.300875,-47.947967,47.13
523,2019-03-29,04:00,0.0,1008.0,1008.7,1008.0,-9999,24.9,23.7,24.9,24.8,23.7,23.7,93,93,93,126,0.0,0.0,N,PA,CASTANHAL,A202,-1.300875,-47.947967,47.13
524,2019-03-29,08:00,0.0,1006.9,1007.0,1006.8,-9999,24.1,23.0,24.2,24.1,23.1,22.9,94,93,94,61,0.0,0.0,N,PA,CASTANHAL,A202,-1.300875,-47.947967,47.13
525,2019-03-29,12:00,0.0,1008.8,1008.8,1008.5,1074,25.7,23.6,25.9,24.9,24.2,23.5,94,88,88,38,4.0,0.0,N,PA,CASTANHAL,A202,-1.300875,-47.947967,47.13
526,2019-03-29,16:00,0.0,1006.6,1007.6,1006.6,2568,28.5,24.0,30.4,28.5,24.0,22.6,77,66,77,26,10.9,4.8,N,PA,CASTANHAL,A202,-1.300875,-47.947967,47.13
527,2019-03-29,20:00,0.0,1004.5,1004.5,1004.1,1614,28.1,24.2,28.2,27.0,24.5,23.0,82,76,79,345,5.4,0.0,N,PA,CASTANHAL,A202,-1.300875,-47.947967,47.13
528,2019-03-30,00:00,0.0,1007.8,1007.8,1006.9,-9999,25.6,24.0,25.9,25.6,24.2,24.0,91,89,91,19,0.0,0.0,N,PA,CASTANHAL,A202,-1.300875,-47.947967,47.13
529,2019-03-30,04:00,0.0,1007.4,1008.1,1007.3,-9999,24.9,23.6,25.0,24.9,23.7,23.5,93,92,93,352,0.0,0.0,N,PA,CASTANHAL,A202,-1.300875,-47.947967,47.13
530,2019-03-30,08:00,0.0,1006.5,1006.5,1006.4,-9999,23.7,22.5,23.8,23.6,22.6,22.3,93,92,93,7,0.0,0.0,N,PA,CASTANHAL,A202,-1.300875,-47.947967,47.13
531,2019-03-30,12:00,0.0,1008.8,1008.8,1008.2,1433,25.7,23.0,25.7,24.4,23.2,22.6,90,85,85,357,0.0,0.0,N,PA,CASTANHAL,A202,-1.300875,-47.947967,47.13
532,2019-03-30,16:00,0.0,1007.4,1008.8,1007.4,1809,28.1,23.7,28.2,27.2,24.3,23.4,83,77,77,32,0.0,0.0,N,PA,CASTANHAL,A202,-1.300875,-47.947967,47.13
533,2019-03-30,20:00,0.2,1005.4,1005.4,1004.5,595,28.1,23.8,29.1,28.1,23.8,23.1,77,70,77,30,7.4,0.2,N,PA,CASTANHAL,A202,-1.300875,-47.947967,47.13
534,2019-03-31,00:00,0.4,1007.7,1007.7,1007.2,-9999,24.9,23.7,25.2,24.9,23.9,23.6,93,92,93,349,4.7,0.0,N,PA,CASTANHAL,A202,-1.300875,-47.947967,47.13
535,2019-03-31,04:00,0.0,1007.4,1007.7,1007.4,-9999,24.5,23.4,24.5,24.5,23.4,23.4,94,93,94,331,0.0,0.0,N,PA,CASTANHAL,A202,-1.300875,-47.947967,47.13
536,2019-03-31,08:00,0.0,1006.0,1006.1,1005.9,-9999,24.2,23.2,24.2,24.2,23.2,23.2,94,94,94,10,0.0,0.0,N,PA,CASTANHAL,A202,-1.300875,-47.947967,47.13
537,2019-03-31,12:00,0.0,1008.7,1008.7,1007.9,524,25.1,23.8,25.2,24.6,24.0,23.6,94,92,92,14,3.0,0.0,N,PA,CASTANHAL,A202,-1.300875,-47.947967,47.13
538,2019-03-31,16:00,0.0,1006.7,1008.4,1006.7,2713,27.2,22.8,27.9,27.2,23.9,22.7,80,75,77,360,7.8,0.0,N,PA,CASTANHAL,A202,-1.300875,-47.947967,47.13
539,2019-03-31,20:00,0.0,1005.1,1005.1,1004.5,918,28.6,23.7,29.2,28.5,23.7,22.9,75,70,75,336,0.0,0.0,N,PA,CASTANHAL,A202,-1.300875,-47.947967,47.13
540,2019-04-01,00:00,0.8,1008.3,1008.4,1007.5,-9999,24.8,23.6,24.9,24.8,23.7,23.5,93,92,93,201,0.0,0.0,N,PA,CASTANHAL,A202,-1.300875,-47.947967,47.13
541,2019-04-01,04:00,1.8,1007.7,1008.9,1007.7,-9999,24.8,23.8,24.9,24.7,23.8,23.6,94,94,94,4,0.0,0.0,N,PA,CASTANHAL,A202,-1.300875,-47.947967,47.13
542,2019-04-01,08:00,0.0,1006.5,1006.5,1005.9,-9999,23.9,22.9,23.9,23.8,22.9,22.8,94,94,94,64,0.0,0.0,N,PA,CASTANHAL,A202,-1.300875,-47.947967,47.13
543,2019-04-01,12:00,0.2,1008.5,1008.5,1007.8,497,25.0,23.6,25.1,24.5,23.9,23.4,94,92,92,27,0.0,0.0,N,PA,CASTANHAL,A202,-1.300875,-47.947967,47.13
544,2019-04-01,16:00,0.0,1007.4,1008.4,1007.4,1311,26.7,23.2,26.8,26.0,23.7,22.9,85,80,81,11,0.0,0.0,N,PA,CASTANHAL,A202,-1.300875,-47.947967,47.13
545,2019-04-01,20:00,0.0,1005.7,1005.7,1005.5,415,27.2,23.6,27.4,27.1,23.8,23.3,81,80,81,49,0.0,0.0,N,PA,CASTANHAL,A202,-1.300875,-47.947967,47.13
546,2019-04-02,00:00,0.0,1007.2,1007.2,1006.7,-9999,25.2,23.8,25.4,25.2,23.8,23.6,92,90,92,19,0.0,0.0,N,PA,CASTANHAL,A202,-1.300875,-47.947967,47.13
547,2019-04-02,04:00,0.2,1006.1,1006.8,1006.1,-9999,24.1,23.0,24.3,24.1,23.1,23.0,93,93,93,3,0.0,0.0,N,PA,CASTANHAL,A202,-1.300875,-47.947967,47.13
548,2019-04-02,08:00,0.0,1006.1,1006.1,1005.8,-9999,23.7,22.7,23.8,23.6,22.8,22.6,94,94,94,101,0.0,0.0,N,PA,CASTANHAL,A202,-1.300875,-47.947967,47.13
549,2019-04-02,12:00,0.0,1008.3,1008.3,1007.5,870,25.6,24.1,25.7,24.6,24.4,23.6,94,92,92,117,0.0,0.0,N,PA,CASTANHAL,A202,-1.300875,-47.947967,47.13
550,2019-04-02,16:00,0.0,1006.8,1007.8,1006.8,2148,28.3,22.5,29.4,28.3,23.7,22.4,75,68,71,88,5.1,0.0,N,PA,CASTANHAL,A202,-1.300875,-47.947967,47.13
551,2019-04-02,20:00,0.0,1005.0,1005.0,1004.7,602,26.7,23.7,27.4,26.7,23.9,23.2,84,79,84,324,2.5,0.0,N,PA,CASTANHAL,A202,-1.300875,-47.947967,47.13
552,2019-04-03,00:00,0.0,1006.6,1006.7,1006.1,-9999,25.6,23.8,25.6,25.6,23.8,23.7,90,89,90,20,0.0,0.0,N,PA,CASTANHAL,A202,-1.300875,-47.947967,47.13
553,2019-04-03,04:00,0.0,1006.6,1007.4,1006.6,-9999,25.4,23.7,25.5,25.4,23.7,23.7,91,90,91,351,2.4,0.0,N,PA,CASTANHAL,A202,-1.300875,-47.947967,47.13
554,2019-04-03,08:00,0.0,1005.6,1005.7,1005.3,-9999,24.9,23.6,25.1,24.9,23.8,23.6,93,92,93,331,0.0,0.0,N,PA,CASTANHAL,A202,-1.300875,-47.947967,47.13
555,2019-04-03,12:00,0.0,1007.9,1007.9,1007.0,1341,27.6,24.2,27.6,26.1,24.3,23.8,89,80,82,34,1.4,0.0,N,PA,CASTANHAL,A202,-1.300875,-47.947967,47.13
556,2019-04-03,16:00,0.0,1006.2,1007.3,1006.2,1707,30.8,24.6,31.2,30.2,24.8,22.2,71,60,70,232,0.0,0.0,N,PA,CASTANHAL,A202,-1.300875,-47.947967,47.13
557,2019-04-03,20:00,0.0,1004.2,1004.3,1003.7,361,26.9,23.5,27.9,26.9,24.1,23.4,82,78,82,3,7.9,0.6,N,PA,CASTANHAL,A202,-1.300875,-47.947967,47.13
558,2019-04-04,00:00,0.0,1006.7,1006.7,1005.6,-9999,25.1,23.6,25.2,25.1,23.8,23.6,92,91,91,2,3.6,0.0,N,PA,CASTANHAL,A202,-1.300875,-47.947967,47.13
559,2019-04-04,04:00,0.0,1006.0,1007.1,1006.0,-9999,24.4,23.2,24.4,24.3,23.2,23.0,93,92,93,3,0.0,0.0,N,PA,CASTANHAL,A202,-1.300875,-47.947967,47.13
560,2019-04-04,08:00,0.8,1004.4,1004.4,1004.2,-9999,24.3,23.2,24.5,24.3,23.4,23.2,94,93,93,9,0.0,0.0,N,PA,CASTANHAL,A202,-1.300875,-47.947967,47.13
561,2019-04-04,12:00,0.4,1007.6,1007.6,1006.1,549,24.8,23.5,24.8,24.3,23.6,23.2,93,92,92,10,0.0,0.0,N,PA,CASTANHAL,A202,-1.300875,-47.947967,47.13
562,2019-04-04,16:00,0.2,1007.0,1007.6,1007.0,1200,24.6,22.8,25.4,24.6,23.4,22.3,90,87,89,353,7.4,0.0,N,PA,CASTANHAL,A202,-1.300875,-47.947967,47.13
563,2019-04-04,20:00,0.4,1005.3,1005.5,1005.3,515,24.2,22.6,24.3,23.8,22.7,22.0,91,90,91,352,5.6,0.0,N,PA,CASTANHAL,A202,-1.300875,-47.947967,47.13
564,2019-04-05,00:00,0.0,1008.2,1008.2,1007.1,-9999,23.0,21.3,23.7,23.0,22.1,21.3,91,90,90,8,0.0,0.0,N,PA,CASTANHAL,A202,-1.300875,-47.947967,47.13
565,2019-04-05,04:00,0.0,1008.3,1008.7,1008.3,-9999,23.0,21.9,23.1,23.0,21.9,21.8,93,93,93,171,0.0,0.0,N,PA,CASTANHAL,A202,-1.300875,-47.947967,47.13
566,2019-04-05,08:00,0.0,1006.4,1006.6,1006.4,-9999,22.9,21.9,22.9,22.8,21.9,21.8,94,94,94,141,0.0,0.0,N,PA,CASTANHAL,A202,-1.300875,-47.947967,47.13
567,2019-04-05,12:00,0.0,1008.8,1008.8,1008.1,719,24.8,23.0,24.8,23.6,23.1,22.3,93,89,90,23,0.0,0.0,N,PA,CASTANHAL,A202,-1.300875,-47.947967,47.13
568,2019-04-05,16:00,0.0,1007.9,1008.9,1007.9,1503,28.7,23.0,28.7,27.7,23.3,22.3,74,70,72,18,0.0,0.0,N,PA,CASTANHAL,A202,-1.300875,-47.947967,47.13
569,2019-04-05,20:00,0.0,1005.3,1005.6,1005.2,865,26.6,23.8,26.7,25.7,24.3,23.5,88,85,85,333,1.9,0.0,N,PA,CASTANHAL,A202,-1.300875,-47.947967,47.13
570,2019-04-06,00:00,0.0,1008.2,1008.2,1007.5,-9999,24.3,22.3,24.6,24.3,22.6,22.3,89,88,89,330,0.0,0.0,N,PA,CASTANHAL,A202,-1.300875,-47.947967,47.13
571,2019-04-06,04:00,0.0,1008.2,1009.0,1008.2,-9999,23.9,22.8,24.4,23.9,23.1,22.7,93,92,93,281,0.0,0.0,N,PA,CASTANHAL,A202,-1.300875,-47.947967,47.13
572,2019-04-06,08:00,0.0,1006.9,1006.9,1006.8,-9999,23.4,22.5,23.6,23.4,22.6,22.5,94,94,94,313,0.0,0.0,N,PA,CASTANHAL,A202,-1.300875,-47.947967,47.13
573,2019-04-06,12:00,0.0,1009.9,1009.9,1009.0,1175,26.0,23.0,26.0,24.9,23.9,22.9,93,84,84,10,0.0,0.0,N,PA,CASTANHAL,A202,-1.300875,-47.947967,47.13
574,2019-04-06,16:00,12.4,1008.8,1010.0,1008.8,676,25.1,23.9,26.3,24.8,24.0,23.4,93,87,93,3,7.5,0.0,N,PA,CASTANHAL,A202,-1.300875,-47.947967,47.13
575,2019-04-06,20:00,0.0,1006.3,1006.3,1006.0,295,25.1,23.1,25.1,24.8,23.1,22.6,89,88,89,43,5.1,0.0,N,PA,CASTANHAL,A202,-1.300875,-47.947967,47.13
576,2019-04-07,00:00,0.0,1008.3,1008.3,1007.6,-9999,24.7,23.3,24.8,24.7,23.3,23.2,92,91,92,23,0.0,0.0,N,PA,CASTANHAL,A202,-1.300875,-47.947967,47.13
577,2019-04-07,04:00,0.0,1008.6,1009.3,1008.6,-9999,24.4,23.0,24.4,24.3,23.0,22.9,92,92,92,113,0.0,0.0,N,PA,CASTANHAL,A202,-1.300875,-47.947967,47.13
578,2019-04-07,08:00,1.0,1007.1,1007.1,1006.9,-9999,23.9,22.8,24.2,23.9,23.1,22.8,93,93,93,37,0.0,0.0,N,PA,CASTANHAL,A202,-1.300875,-47.947967,47.13
579,2019-04-07,12:00,0.4,1010.1,1010.1,1009.3,296,24.3,23.2,24.3,24.0,23.3,23.0,94,94,94,294,0.0,0.0,N,PA,CASTANHAL,A202,-1.300875,-47.947967,47.13
580,2019-04-07,16:00,0.0,1008.3,1009.2,1008.3,710,25.7,23.0,25.8,25.3,23.7,23.0,88,85,85,27,0.0,0.0,N,PA,CASTANHAL,A202,-1.300875,-47.947967,47.13
581,2019-04-07,20:00,0.0,1005.5,1005.7,1005.3,1077,26.7,23.1,27.1,26.2,23.6,22.8,86,78,80,341,2.0,0.0,N,PA,CASTANHAL,A202,-1.300875,-47.947967,47.13
582,2019-04-08,00:00,0.0,1008.2,1008.2,1007.3,-9999,24.6,23.1,25.0,24.6,23.2,23.1,91,90,91,354,1.2,0.0,N,PA,CASTANHAL,A202,-1.300875,-47.947967,47.13
583,2019-04-08,04:00,6.0,1007.9,1008.3,1007.9,-9999,24.6,23.4,24.6,24.5,23.4,23.2,93,93,93,69,0.0,0.0,N,PA,CASTANHAL,A202,-1.300875,-47.947967,47.13
584,2019-04-08,08:00,0.0,1006.1,1006.1,1006.0,-9999,23.8,22.8,23.9,23.8,22.9,22.8,94,94,94,29,0.0,0.0,N,PA,CASTANHAL,A202,-1.300875,-47.947967,47.13
585,2019-04-08,12:00,0.0,1008.4,1008.4,1008.0,1046,26.8,24.3,26.8,25.5,24.6,23.6,90,86,86,30,3.9,0.0,N,PA,CASTANHAL,A202,-1.300875,-47.947967,47.13
586,2019-04-08,16:00,0.0,1006.1,1007.0,1006.1,2461,31.4,22.1,31.5,30.2,23.2,21.5,63,56,58,73,5.8,0.0,N,PA,CASTANHAL,A202,-1.300875,-47.947967,47.13
587,2019-04-08,20:00,0.0,1004.2,1004.3,1003.5,718,27.6,23.3,29.5,27.6,24.2,22.1,78,64,78,351,7.9,1.8,N,PA,CASTANHAL,A202,-1.300875,-47.947967,47.13
588,2019-04-09,00:00,0.0,1007.3,1007.3,1006.3,-9999,25.6,23.7,25.6,25.5,23.7,23.5,89,89,89,14,4.1,0.0,N,PA,CASTANHAL,A202,-1.300875,-47.947967,47.13
589,2019-04-09,04:00,0.0,1007.2,1008.0,1007.1,-9999,25.3,23.6,25.3,25.3,23.6,23.6,90,90,90,79,0.0,0.0,N,PA,CASTANHAL,A202,-1.300875,-47.947967,47.13
590,2019-04-09,08:00,0.0,1005.9,1006.0,1005.6,-9999,24.8,23.5,24.9,24.7,23.5,23.4,93,92,93,61,0.0,0.0,N,PA,CASTANHAL,A202,-1.300875,-47.947967,47.13
591,2019-04-09,12:00,0.0,1008.0,1008.0,1007.2,837,26.0,24.0,26.0,25.2,24.2,23.8,92,89,89,47,0.0,0.0,N,PA,CASTANHAL,A202,-1.300875,-47.947967,47.13
592,2019-04-09,16:00,10.6,1006.6,1007.0,1006.5,943,25.1,23.5,29.5,25.1,24.7,23.4,91,70,91,18,9.7,0.0,N,PA,CASTANHAL,A202,-1.300875,-47.947967,47.13
593,2019-04-09,20:00,0.0,1004.3,1004.3,1003.6,579,26.1,23.5,26.3,25.8,23.7,23.4,88,85,85,16,0.0,0.0,N,PA,CASTANHAL,A202,-1.300875,-47.947967,47.13
594,2019-04-10,00:00,0.0,1007.3,1007.3,1006.2,-9999,25.4,23.8,25.6,25.4,24.0,23.8,91,91,91,25,0.0,0.0,N,PA,CASTANHAL,A202,-1.300875,-47.947967,47.13
595,2019-04-10,04:00,0.0,1006.4,1007.3,1006.4,-9999,24.6,23.3,24.8,24.6,23.5,23.3,93,92,93,360,0.0,0.0,N,PA,CASTANHAL,A202,-1.300875,-47.947967,47.13
596,2019-04-10,08:00,0.0,1006.1,1006.1,1005.9,-9999,24.3,23.1,24.3,24.2,23.1,23.1,93,93,93,13,0.0,0.0,N,PA,CASTANHAL,A202,-1.300875,-47.947967,47.13
597,2019-04-10,12:00,0.0,1008.8,1008.8,1008.0,627,24.9,23.1,24.9,24.4,23.3,23.0,92,90,90,27,0.0,0.0,N,PA,CASTANHAL,A202,-1.300875,-47.947967,47.13
598,2019-04-10,16:00,0.0,1007.0,1008.3,1007.0,2225,28.6,22.5,28.9,27.5,23.1,22.0,76,68,70,276,0.0,0.0,N,PA,CASTANHAL,A202,-1.300875,-47.947967,47.13
599,2019-04-10,20:00,0.0,1005.1,1005.1,1004.6,1054,27.8,23.9,28.5,27.8,24.4,23.6,80,76,79,287,4.3,0.1,N,PA,CASTANHAL,A202,-1.300875,-47.947967,47.13
600,2019-04-11,00:00,0.0,1007.2,1007.2,1006.5,-9999,25.1,23.0,25.4,25.1,23.1,22.8,88,86,88,245,0.0,0.0,N,PA,CASTANHAL,A202,-1.300875,-47.947967,47.13
601,2019-04-11,04:00,0.0,1006.5,1007.5,1006.5,-9999,24.3,22.9,24.6,24.3,23.2,22.9,92,92,92,320,0.0,0.0,N,PA,CASTANHAL,A202,-1.300875,-47.947967,47.13
602,2019-04-11,08:00,0.0,1006.3,1006.3,1005.4,-9999,23.7,22.6,23.9,23.7,22.8,22.6,94,93,94,136,0.0,0.0,N,PA,CASTANHAL,A202,-1.300875,-47.947967,47.13
603,2019-04-11,12:00,0.0,1008.3,1008.3,1007.4,1331,26.3,23.3,26.5,25.1,24.1,23.3,93,83,84,327,0.0,0.0,N,PA,CASTANHAL,A202,-1.300875,-47.947967,47.13
604,2019-04-11,16:00,0.8,1006.5,1007.6,1006.5,627,26.3,24.0,27.6,26.0,24.5,23.6,89,83,87,273,0.0,0.0,N,PA,CASTANHAL,A202,-1.300875,-47.947967,47.13
605,2019-04-11,20:00,0.0,1005.5,1005.8,1005.1,343,25.8,23.5,26.4,25.7,24.1,23.3,88,86,87,359,0.0,0.0,N,PA,CASTANHAL,A202,-1.300875,-47.947967,47.13
606,2019-04-12,00:00,0.0,1008.3,1008.3,1007.5,-9999,25.3,23.6,25.4,25.3,23.8,23.6,91,91,91,69,0.0,0.0,N,PA,CASTANHAL,A202,-1.300875,-47.947967,47.13
607,2019-04-12,04:00,0.0,1007.4,1008.2,1007.4,-9999,24.8,23.2,24.9,24.8,23.3,23.2,91,91,91,32,0.0,0.0,N,PA,CASTANHAL,A202,-1.300875,-47.947967,47.13
608,2019-04-12,08:00,0.0,1006.7,1006.8,1006.6,-9999,24.0,22.9,24.2,24.0,23.0,22.9,94,93,94,109,0.0,0.0,N,PA,CASTANHAL,A202,-1.300875,-47.947967,47.13
609,2019-04-12,12:00,0.0,1008.0,1008.0,1007.7,1450,26.1,23.5,26.6,25.1,24.5,23.3,93,84,86,79,0.0,0.0,N,PA,CASTANHAL,A202,-1.300875,-47.947967,47.13
610,2019-04-12,16:00,0.0,1006.3,1007.3,1006.3,2074,31.1,22.7,31.6,30.7,23.3,22.0,63,57,61,25,0.0,0.0,N,PA,CASTANHAL,A202,-1.300875,-47.947967,47.13
611,2019-04-12,20:00,0.0,1004.0,1004.1,1003.3,922,27.3,24.7,32.5,27.3,24.8,23.1,86,58,86,318,6.8,0.3,N,PA,CASTANHAL,A202,-1.300875,-47.947967,47.13
612,2019-04-13,00:00,0.0,1006.9,1006.9,1006.3,-9999,25.3,23.7,25.5,25.2,23.9,23.7,91,91,91,39,0.0,0.0,N,PA,CASTANHAL,A202,-1.300875,-47.947967,47.13
613,2019-04-13,04:00,0.0,1007.0,1007.2,1007.0,-9999,25.0,23.6,25.0,25.0,23.6,23.5,92,91,92,39,0.0,0.0,N,PA,CASTANHAL,A202,-1.300875,-47.947967,47.13
614,2019-04-13,08:00,0.0,1005.6,1005.6,1005.3,-9999,24.6,23.5,24.7,24.6,23.5,23.5,93,93,93,122,0.0,0.0,N,PA,CASTANHAL,A202,-1.300875,-47.947967,47.13
615,2019-04-13,12:00,0.0,1007.7,1007.7,1007.3,1183,27.1,24.0,27.1,26.0,24.7,23.9,90,83,83,72,0.0,0.0,N,PA,CASTANHAL,A202,-1.300875,-47.947967,47.13
616,2019-04-13,16:00,0.0,1005.5,1006.6,1005.5,2500,30.8,22.4,31.4,30.5,24.7,21.7,69,58,61,25,6.5,0.3,N,PA,CASTANHAL,A202,-1.300875,-47.947967,47.13
617,2019-04-13,20:00,0.0,1003.5,1003.6,1002.8,324,28.7,24.5,29.2,28.7,24.6,23.5,78,72,78,9,3.5,0.0,N,PA,CASTANHAL,A202,-1.300875,-47.947967,47.13
618,2019-04-14,00:00,0.0,1006.4,1006.4,1005.6,-9999,26.4,24.1,26.7,26.4,24.2,24.0,87,86,87,23,0.0,0.0,N,PA,CASTANHAL,A202,-1.300875,-47.947967,47.13
619,2019-04-14,04:00,0.0,1006.2,1006.8,1006.2,-9999,25.3,23.9,25.3,25.2,23.9,23.7,92,91,92,212,0.0,0.0,N,PA,CASTANHAL,A202,-1.300875,-47.947967,47.13
620,2019-04-14,08:00,0.0,1005.8,1005.8,1005.2,-9999,25.1,24.0,25.1,25.1,24.0,23.9,93,93,93,162,0.0,0.0,N,PA,CASTANHAL,A202,-1.300875,-47.947967,47.13
621,2019-04-14,12:00,0.8,1007.9,1007.9,1006.7,177,23.6,22.7,23.6,23.2,22.7,22.2,94,94,94,151,0.0,0.0,N,PA,CASTANHAL,A202,-1.300875,-47.947967,47.13
622,2019-04-14,16:00,0.0,1006.7,1007.9,1006.7,1430,27.8,22.8,27.9,26.8,23.6,22.4,80,73,74,222,0.0,0.0,N,PA,CASTANHAL,A202,-1.300875,-47.947967,47.13
623,2019-04-14,20:00,4.0,1005.2,1005.3,1005.0,549,25.1,23.6,25.3,24.6,23.9,23.1,93,91,92,22,8.0,0.0,N,PA,CASTANHAL,A202,-1.300875,-47.947967,47.13
624,2019-04-15,00:00,0.0,1007.7,1007.7,1007.0,-9999,24.4,23.2,24.4,24.3,23.2,23.0,93,93,93,23,0.0,0.0,N,PA,CASTANHAL,A202,-1.300875,-47.947967,47.13
625,2019-04-15,04:00,0.0,1007.2,1008.3,1007.2,-9999,24.2,23.2,24.3,24.2,23.2,23.2,94,94,94,115,0.0,0.0,N,PA,CASTANHAL,A202,-1.300875,-47.947967,47.13
626,2019-04-15,08:00,0.0,1005.7,1005.8,1005.6,-9999,23.5,22.5,23.7,23.5,22.7,22.5,94,94,94,97,0.0,0.0,N,PA,CASTANHAL,A202,-1.300875,-47.947967,47.13
627,2019-04-15,12:00,0.0,1007.7,1007.8,1007.5,1007,25.7,23.2,25.7,24.4,23.6,23.1,92,86,86,48,0.0,0.0,N,PA,CASTANHAL,A202,-1.300875,-47.947967,47.13
628,2019-04-15,16:00,0.0,1006.1,1006.9,1006.1,2037,30.7,22.7,30.8,29.5,23.4,21.6,68,59,63,81,0.0,0.0,N,PA,CASTANHAL,A202,-1.300875,-47.947967,47.13
629,2019-04-15,20:00,0.0,1003.6,1003.8,1003.5,654,28.2,23.4,28.7,27.9,24.0,22.8,77,71,75,21,2.7,0.0,N,PA,CASTANHAL,A202,-1.300875,-47.947967,47.13
630,2019-04-16,00:00,0.0,1006.7,1006.7,1005.8,-9999,25.7,22.8,26.2,25.7,23.2,22.8,84,83,84,6,0.0,0.0,N,PA,CASTANHAL,A202,-1.300875,-47.947967,47.13
631,2019-04-16,04:00,0.0,1007.0,1007.6,1006.9,-9999,24.7,23.1,24.9,24.7,23.1,23.0,91,89,91,5,0.0,0.0,N,PA,CASTANHAL,A202,-1.300875,-47.947967,47.13
632,2019-04-16,08:00,0.0,1005.9,1005.9,1005.8,-9999,24.1,23.0,24.5,24.1,23.1,22.9,93,92,93,192,0.0,0.0,N,PA,CASTANHAL,A202,-1.300875,-47.947967,47.13
633,2019-04-16,12:00,0.0,1008.5,1008.7,1008.2,1165,26.6,24.4,26.6,25.3,24.8,24.1,94,88,88,137,0.0,0.0,N,PA,CASTANHAL,A202,-1.300875,-47.947967,47.13
634,2019-04-16,16:00,0.0,1006.7,1008.0,1006.7,1394,30.1,23.7,30.8,29.6,24.1,22.6,70,63,69,237,0.0,0.0,N,PA,CASTANHAL,A202,-1.300875,-47.947967,47.13
635,2019-04-16,20:00,25.6,1005.5,1005.6,1005.1,29,23.9,22.9,24.2,23.8,23.2,22.8,94,92,94,102,8.0,0.0,N,PA,CASTANHAL,A202,-1.300875,-47.947967,47.13
636,2019-04-17,00:00,0.0,1007.1,1007.1,1006.0,-9999,24.0,23.1,24.2,24.0,23.2,23.0,94,94,94,158,0.0,0.0,N,PA,CASTANHAL,A202,-1.300875,-47.947967,47.13
637,2019-04-17,04:00,0.0,1006.8,1007.3,1006.8,-9999,23.9,23.0,24.0,23.9,23.1,22.9,95,94,95,224,0.0,0.0,N,PA,CASTANHAL,A202,-1.300875,-47.947967,47.13
638,2019-04-17,08:00,0.0,1005.6,1005.7,1005.3,-9999,24.0,23.1,24.1,23.9,23.1,23.0,95,94,94,59,3.1,0.0,N,PA,CASTANHAL,A202,-1.300875,-47.947967,47.13
639,2019-04-17,12:00,0.0,1008.5,1008.5,1007.7,1321,25.4,23.0,25.6,24.1,23.8,22.9,94,86,86,54,2.7,0.0,N,PA,CASTANHAL,A202,-1.300875,-47.947967,47.13
640,2019-04-17,16:00,0.2,1006.6,1007.9,1006.6,2215,30.0,23.0,30.4,29.1,23.9,22.2,70,64,66,9,0.0,0.0,N,PA,CASTANHAL,A202,-1.300875,-47.947967,47.13
641,2019-04-17,20:00,0.2,1003.8,1004.0,1003.7,242,27.0,24.2,28.0,27.0,24.3,23.7,85,78,85,63,0.0,0.0,N,PA,CASTANHAL,A202,-1.300875,-47.947967,47.13
642,2019-04-18,00:00,0.0,1006.6,1006.6,1005.6,-9999,26.0,24.3,26.1,25.9,24.5,24.3,92,90,90,360,0.0,0.0,N,PA,CASTANHAL,A202,-1.300875,-47.947967,47.13
643,2019-04-18,04:00,0.0,1006.0,1006.8,1006.0,-9999,25.4,23.8,25.5,25.4,23.9,23.8,91,91,91,64,0.0,0.0,N,PA,CASTANHAL,A202,-1.300875,-47.947967,47.13
644,2019-04-18,08:00,0.0,1005.0,1005.0,1004.8,-9999,24.3,23.2,24.7,24.3,23.4,23.2,93,93,93,159,0.0,0.0,N,PA,CASTANHAL,A202,-1.300875,-47.947967,47.13
645,2019-04-18,12:00,0.0,1007.4,1007.4,1006.5,1267,26.9,24.0,26.9,25.4,24.4,23.7,93,84,84,42,4.3,0.0,N,PA,CASTANHAL,A202,-1.300875,-47.947967,47.13
646,2019-04-18,16:00,0.0,1005.3,1006.3,1005.3,2045,31.4,21.9,31.8,31.0,23.2,21.5,62,56,57,72,4.6,0.0,N,PA,CASTANHAL,A202,-1.300875,-47.947967,47.13
647,2019-04-18,20:00,25.2,1002.6,1003.1,1002.0,146,25.6,24.3,32.6,25.4,24.5,22.0,93,54,92,3,11.6,0.0,N,PA,CASTANHAL,A202,-1.300875,-47.947967,47.13
648,2019-04-19,00:00,0.2,1006.0,1006.0,1005.5,-9999,26.0,24.2,26.1,26.0,24.3,24.2,90,89,90,24,0.0,0.0,N,PA,CASTANHAL,A202,-1.300875,-47.947967,47.13
649,2019-04-19,04:00,0.0,1006.3,1007.0,1006.3,-9999,25.3,23.8,25.5,25.3,24.0,23.8,92,91,91,74,0.0,0.0,N,PA,CASTANHAL,A202,-1.300875,-47.947967,47.13
650,2019-04-19,08:00,0.0,1005.2,1005.2,1004.9,-9999,24.3,23.1,24.6,24.2,23.3,23.0,93,92,93,187,0.0,0.0,N,PA,CASTANHAL,A202,-1.300875,-47.947967,47.13
651,2019-04-19,12:00,0.0,1008.5,1008.5,1007.3,1375,26.6,23.8,26.8,25.7,24.7,23.8,92,84,84,32,5.6,0.0,N,PA,CASTANHAL,A202,-1.300875,-47.947967,47.13
652,2019-04-19,16:00,0.0,1006.7,1008.2,1006.7,2575,30.0,23.7,30.3,29.1,24.3,23.1,74,68,69,34,7.3,0.2,N,PA,CASTANHAL,A202,-1.300875,-47.947967,47.13
653,2019-04-19,20:00,0.0,1004.4,1004.4,1004.1,696,27.7,22.5,28.7,27.7,23.0,22.0,73,69,73,351,5.2,2.0,N,PA,CASTANHAL,A202,-1.300875,-47.947967,47.13
654,2019-04-20,00:00,0.0,1007.3,1007.3,1006.4,-9999,24.9,23.5,24.9,24.4,23.5,22.6,92,90,92,30,4.7,0.0,N,PA,CASTANHAL,A202,-1.300875,-47.947967,47.13
655,2019-04-20,04:00,0.0,1006.6,1007.5,1006.6,-9999,24.9,23.3,25.0,24.9,23.5,23.3,91,91,91,32,0.0,0.0,N,PA,CASTANHAL,A202,-1.300875,-47.947967,47.13
656,2019-04-20,08:00,0.0,1005.7,1005.8,1005.6,-9999,24.2,23.1,24.2,24.1,23.1,23.0,93,93,93,120,0.0,0.0,N,PA,CASTANHAL,A202,-1.300875,-47.947967,47.13
657,2019-04-20,12:00,0.4,1008.6,1008.6,1007.6,526,25.9,24.4,26.2,25.4,24.8,24.1,93,91,91,82,0.0,0.0,N,PA,CASTANHAL,A202,-1.300875,-47.947967,47.13
658,2019-04-20,16:00,0.0,1007.5,1008.8,1007.5,1657,27.5,23.8,27.5,25.7,24.9,23.6,91,80,80,43,5.6,0.0,N,PA,CASTANHAL,A202,-1.300875,-47.947967,47.13
659,2019-04-20,20:00,0.0,1004.4,1004.4,1004.0,511,27.8,23.7,28.3,27.8,24.1,23.4,79,75,78,45,0.0,0.0,N,PA,CASTANHAL,A202,-1.300875,-47.947967,47.13
660,2019-04-21,00:00,0.0,1006.5,1006.5,1006.2,-9999,24.8,23.0,25.2,24.8,23.1,22.9,90,88,90,293,0.0,0.0,N,PA,CASTANHAL,A202,-1.300875,-47.947967,47.13
661,2019-04-21,04:00,0.0,1006.7,1007.3,1006.7,-9999,24.4,23.0,24.4,24.3,23.0,22.8,92,91,92,45,0.0,0.0,N,PA,CASTANHAL,A202,-1.300875,-47.947967,47.13
662,2019-04-21,08:00,0.0,1005.4,1005.4,1005.1,-9999,24.2,23.0,24.2,24.1,23.0,22.9,93,93,93,33,0.0,0.0,N,PA,CASTANHAL,A202,-1.300875,-47.947967,47.13
663,2019-04-21,12:00,0.0,1007.0,1007.0,1006.5,572,25.6,23.6,25.7,24.8,23.9,23.3,93,89,89,50,2.8,0.0,N,PA,CASTANHAL,A202,-1.300875,-47.947967,47.13
664,2019-04-21,16:00,0.0,1005.5,1006.9,1005.5,2398,30.6,23.7,30.7,28.8,24.4,23.0,75,64,67,72,0.0,0.0,N,PA,CASTANHAL,A202,-1.300875,-47.947967,47.13
665,2019-04-21,20:00,0.0,1004.9,1004.9,1004.6,122,25.5,23.7,25.9,25.5,23.7,23.2,90,86,90,34,0.0,0.0,N,PA,CASTANHAL,A202,-1.300875,-47.947967,47.13
666,2019-04-22,00:00,0.0,1006.9,1006.9,1006.1,-9999,25.2,24.0,25.4,25.2,24.2,24.0,93,93,93,173,0.0,0.0,N,PA,CASTANHAL,A202,-1.300875,-47.947967,47.13
667,2019-04-22,04:00,0.0,1006.1,1006.5,1006.1,-9999,24.7,23.7,24.9,24.7,23.9,23.7,94,94,94,285,0.0,0.0,N,PA,CASTANHAL,A202,-1.300875,-47.947967,47.13
668,2019-04-22,08:00,-9999.0,-9999.0,-9999.0,-9999.0,-9999,-9999.0,-9999.0,-9999.0,-9999.0,-9999.0,-9999.0,-9999,-9999,-9999,-9999,-9999.0,-9999.0,N,PA,CASTANHAL,A202,-1.300875,-47.947967,47.13
669,2019-04-22,12:00,0.0,1006.9,1006.9,1006.0,1002,26.2,24.6,26.5,25.2,25.2,24.3,95,91,91,45,0.0,0.0,N,PA,CASTANHAL,A202,-1.300875,-47.947967,47.13
670,2019-04-22,16:00,0.0,1004.8,1006.3,1004.8,2388,30.6,23.1,30.7,29.6,24.1,22.7,71,64,64,26,6.1,0.2,N,PA,CASTANHAL,A202,-1.300875,-47.947967,47.13
671,2019-04-22,20:00,13.4,1003.9,1003.9,1003.1,20,25.4,24.4,25.6,25.3,24.5,24.1,94,93,94,196,0.0,0.0,N,PA,CASTANHAL,A202,-1.300875,-47.947967,47.13
672,2019-04-23,00:00,0.2,1006.2,1006.2,1005.6,-9999,24.5,23.5,24.5,24.4,23.5,23.4,94,94,94,99,0.0,0.0,N,PA,CASTANHAL,A202,-1.300875,-47.947967,47.13
673,2019-04-23,04:00,0.0,1006.5,1007.0,1006.4,-9999,24.1,23.1,24.2,24.1,23.2,23.1,94,94,94,173,0.0,0.0,N,PA,CASTANHAL,A202,-1.300875,-47.947967,47.13
674,2019-04-23,08:00,0.0,1005.3,1005.6,1005.3,-9999,24.2,23.3,24.2,24.0,23.3,23.2,95,95,95,157,0.0,0.0,N,PA,CASTANHAL,A202,-1.300875,-47.947967,47.13
675,2019-04-23,12:00,0.0,1007.9,1007.9,1007.1,1015,25.8,24.6,25.9,24.5,24.8,23.6,95,94,94,103,0.0,0.0,N,PA,CASTANHAL,A202,-1.300875,-47.947967,47.13
676,2019-04-23,16:00,3.4,1007.3,1007.8,1007.2,816,25.2,23.4,30.1,25.1,24.4,23.3,90,68,90,28,7.1,0.0,N,PA,CASTANHAL,A202,-1.300875,-47.947967,47.13
677,2019-04-23,20:00,0.0,1004.0,1004.0,1003.7,508,27.5,23.9,27.6,27.1,24.3,23.8,84,81,81,69,4.0,0.0,N,PA,CASTANHAL,A202,-1.300875,-47.947967,47.13
678,2019-04-24,00:00,0.0,1006.8,1006.8,1006.1,-9999,25.4,23.6,25.7,25.4,23.7,23.4,90,87,90,66,0.0,0.0,N,PA,CASTANHAL,A202,-1.300875,-47.947967,47.13
679,2019-04-24,04:00,0.0,1007.2,1007.5,1007.2,-9999,25.0,23.4,25.0,24.8,23.4,22.9,91,89,91,72,0.0,0.0,N,PA,CASTANHAL,A202,-1.300875,-47.947967,47.13
680,2019-04-24,08:00,0.0,1005.3,1005.3,1005.2,-9999,23.7,22.3,23.8,23.7,22.3,22.2,92,91,92,100,0.0,0.0,N,PA,CASTANHAL,A202,-1.300875,-47.947967,47.13
681,2019-04-24,12:00,0.0,1007.9,1007.9,1007.0,1221,26.6,23.2,26.8,25.6,23.7,23.1,87,81,81,88,0.0,0.0,N,PA,CASTANHAL,A202,-1.300875,-47.947967,47.13
682,2019-04-24,16:00,0.2,1006.5,1007.5,1006.3,1585,27.1,23.1,31.4,27.1,25.0,23.0,79,63,79,152,10.2,1.0,N,PA,CASTANHAL,A202,-1.300875,-47.947967,47.13
683,2019-04-24,20:00,1.4,1006.1,1006.1,1005.4,140,25.7,23.8,26.2,25.7,24.0,23.4,89,86,89,37,0.0,0.0,N,PA,CASTANHAL,A202,-1.300875,-47.947967,47.13
684,2019-04-25,00:00,0.0,1007.3,1007.3,1006.7,-9999,24.6,23.2,24.8,24.6,23.4,23.2,92,92,92,21,0.0,0.0,N,PA,CASTANHAL,A202,-1.300875,-47.947967,47.13
685,2019-04-25,04:00,0.2,1006.9,1007.9,1006.9,-9999,24.0,23.0,24.1,23.8,23.1,22.8,94,94,94,352,0.0,0.0,N,PA,CASTANHAL,A202,-1.300875,-47.947967,47.13
686,2019-04-25,08:00,0.0,1006.0,1006.0,1005.7,-9999,23.0,22.1,23.3,23.0,22.4,22.1,95,94,95,118,0.0,0.0,N,PA,CASTANHAL,A202,-1.300875,-47.947967,47.13
687,2019-04-25,12:00,0.0,1008.2,1008.3,1007.8,1204,26.2,25.1,26.3,24.2,25.3,23.3,95,93,93,115,0.0,0.0,N,PA,CASTANHAL,A202,-1.300875,-47.947967,47.13
688,2019-04-25,16:00,0.0,1006.1,1007.5,1006.1,1803,31.1,25.1,31.2,30.1,25.1,23.3,71,65,70,134,3.1,0.0,N,PA,CASTANHAL,A202,-1.300875,-47.947967,47.13
689,2019-04-25,20:00,0.2,1006.0,1006.0,1005.5,123,25.4,24.2,25.6,25.4,24.4,24.2,93,93,93,303,0.0,0.0,N,PA,CASTANHAL,A202,-1.300875,-47.947967,47.13
690,2019-04-26,00:00,0.4,1007.8,1007.8,1007.2,-9999,24.9,23.8,25.2,24.9,24.1,23.8,94,94,94,141,0.0,0.0,N,PA,CASTANHAL,A202,-1.300875,-47.947967,47.13
691,2019-04-26,04:00,0.0,1008.0,1008.1,1007.7,-9999,24.6,23.6,24.7,24.6,23.7,23.6,94,94,94,102,0.0,0.0,N,PA,CASTANHAL,A202,-1.300875,-47.947967,47.13
692,2019-04-26,08:00,0.0,1007.4,1007.4,1006.9,-9999,24.1,23.2,24.2,24.0,23.3,23.1,95,94,95,142,0.0,0.0,N,PA,CASTANHAL,A202,-1.300875,-47.947967,47.13
693,2019-04-26,12:00,0.0,1009.2,1009.2,1008.5,526,25.7,24.3,26.1,25.6,24.9,24.3,94,92,92,92,0.0,0.0,N,PA,CASTANHAL,A202,-1.300875,-47.947967,47.13
694,2019-04-26,16:00,0.0,1007.4,1008.6,1007.4,2091,28.7,23.4,28.9,27.7,24.1,23.0,79,72,73,58,4.6,0.0,N,PA,CASTANHAL,A202,-1.300875,-47.947967,47.13
695,2019-04-26,20:00,0.0,1004.0,1004.0,1003.8,965,29.5,24.0,30.7,29.5,24.0,22.3,72,62,72,26,3.0,0.0,N,PA,CASTANHAL,A202,-1.300875,-47.947967,47.13
696,2019-04-27,00:00,4.0,1006.9,1007.0,1006.0,-9999,25.5,24.1,26.4,25.5,24.1,23.5,92,86,92,6,2.8,0.0,N,PA,CASTANHAL,A202,-1.300875,-47.947967,47.13
697,2019-04-27,04:00,0.0,1007.4,1008.0,1007.3,-9999,25.0,23.9,25.2,25.0,24.0,23.9,94,93,94,249,0.0,0.0,N,PA,CASTANHAL,A202,-1.300875,-47.947967,47.13
698,2019-04-27,08:00,0.0,1006.4,1006.4,1006.2,-9999,24.8,23.8,25.0,24.8,23.9,23.8,94,94,94,350,0.0,0.0,N,PA,CASTANHAL,A202,-1.300875,-47.947967,47.13
699,2019-04-27,12:00,0.0,1008.3,1008.3,1007.8,1028,27.3,24.5,27.3,25.6,24.6,23.8,92,84,85,23,0.0,0.0,N,PA,CASTANHAL,A202,-1.300875,-47.947967,47.13
700,2019-04-27,16:00,0.4,1006.8,1008.0,1006.8,2339,29.3,23.3,29.5,27.1,25.3,23.3,87,70,70,22,4.5,0.0,N,PA,CASTANHAL,A202,-1.300875,-47.947967,47.13
701,2019-04-27,20:00,0.0,1004.6,1004.6,1003.8,436,25.9,23.8,26.2,25.6,24.1,23.6,90,87,88,349,5.0,0.1,N,PA,CASTANHAL,A202,-1.300875,-47.947967,47.13
702,2019-04-28,00:00,0.0,1007.2,1007.2,1006.6,-9999,25.2,23.4,25.2,25.0,23.4,23.2,91,90,90,86,0.0,0.0,N,PA,CASTANHAL,A202,-1.300875,-47.947967,47.13
703,2019-04-28,04:00,0.0,1007.1,1007.5,1007.0,-9999,24.3,23.1,24.4,24.2,23.2,23.0,93,93,93,93,0.0,0.0,N,PA,CASTANHAL,A202,-1.300875,-47.947967,47.13
704,2019-04-28,08:00,0.0,1005.7,1005.7,1004.8,-9999,23.7,22.5,23.8,23.7,22.5,22.4,93,92,93,82,0.0,0.0,N,PA,CASTANHAL,A202,-1.300875,-47.947967,47.13
705,2019-04-28,12:00,0.0,1008.6,1008.6,1008.0,748,25.8,23.7,25.8,24.5,23.8,22.9,92,87,88,14,0.0,0.0,N,PA,CASTANHAL,A202,-1.300875,-47.947967,47.13
706,2019-04-28,16:00,0.0,1007.3,1008.7,1007.3,1792,28.3,23.1,28.3,27.4,23.6,22.7,78,73,74,351,0.0,0.0,N,PA,CASTANHAL,A202,-1.300875,-47.947967,47.13
707,2019-04-28,20:00,0.2,1005.0,1005.0,1004.4,1430,28.1,23.9,30.3,28.1,24.0,22.3,78,63,78,347,5.0,0.4,N,PA,CASTANHAL,A202,-1.300875,-47.947967,47.13
708,2019-04-29,00:00,0.4,1007.6,1007.6,1007.2,-9999,25.1,23.6,25.3,25.1,23.7,23.6,91,90,91,345,0.0,0.0,N,PA,CASTANHAL,A202,-1.300875,-47.947967,47.13
709,2019-04-29,04:00,0.0,1006.9,1007.8,1006.9,-9999,24.6,23.3,24.8,24.6,23.5,23.3,93,92,93,291,0.0,0.0,N,PA,CASTANHAL,A202,-1.300875,-47.947967,47.13
710,2019-04-29,08:00,0.2,1005.6,1005.6,1005.4,-9999,24.1,23.1,24.3,24.1,23.2,23.1,94,94,94,194,0.0,0.0,N,PA,CASTANHAL,A202,-1.300875,-47.947967,47.13
711,2019-04-29,12:00,0.0,1008.0,1008.0,1007.6,669,25.2,23.7,25.3,24.4,24.0,23.5,94,92,92,336,0.0,0.0,N,PA,CASTANHAL,A202,-1.300875,-47.947967,47.13
712,2019-04-29,16:00,0.0,1006.4,1007.8,1006.4,1474,28.9,23.9,28.9,27.5,24.5,23.2,83,72,74,17,3.8,0.0,N,PA,CASTANHAL,A202,-1.300875,-47.947967,47.13
713,2019-04-29,20:00,0.0,1004.0,1004.2,1004.0,1187,29.1,23.6,30.6,29.1,23.8,22.9,72,64,72,22,7.4,0.5,N,PA,CASTANHAL,A202,-1.300875,-47.947967,47.13
714,2019-04-30,00:00,1.0,1007.6,1007.7,1006.8,-9999,25.5,23.7,25.7,25.5,23.7,23.4,90,87,90,40,0.0,0.0,N,PA,CASTANHAL,A202,-1.300875,-47.947967,47.13
715,2019-04-30,04:00,0.0,1007.8,1008.2,1007.8,-9999,25.0,23.7,25.1,25.0,23.7,23.6,92,92,92,82,0.0,0.0,N,PA,CASTANHAL,A202,-1.300875,-47.947967,47.13
716,2019-04-30,08:00,0.0,1006.8,1006.8,1006.5,-9999,24.6,23.4,24.8,24.5,23.6,23.4,93,93,93,221,0.0,0.0,N,PA,CASTANHAL,A202,-1.300875,-47.947967,47.13
717,2019-04-30,12:00,0.0,1009.1,1009.1,1008.2,284,25.0,23.8,25.0,24.7,23.8,23.6,94,93,93,32,0.0,0.0,N,PA,CASTANHAL,A202,-1.300875,-47.947967,47.13
718,2019-04-30,16:00,0.0,1007.6,1008.7,1007.6,1979,28.4,22.6,28.5,27.1,23.6,22.4,78,69,71,357,0.0,0.0,N,PA,CASTANHAL,A202,-1.300875,-47.947967,47.13
719,2019-04-30,20:00,0.2,1004.1,1004.7,1004.0,598,26.9,24.4,27.4,26.9,24.8,24.3,87,83,86,31,2.8,0.0,N,PA,CASTANHAL,A202,-1.300875,-47.947967,47.13
720,2019-05-01,00:00,0.0,1007.2,1007.2,1006.3,-9999,25.5,23.8,25.7,25.5,24.1,23.8,91,90,90,38,0.6,0.0,N,PA,CASTANHAL,A202,-1.300875,-47.947967,47.13
721,2019-05-01,04:00,0.0,1007.5,1008.1,1007.5,-9999,24.4,23.0,24.6,24.4,23.1,23.0,92,91,92,77,0.0,0.0,N,PA,CASTANHAL,A202,-1.300875,-47.947967,47.13
722,2019-05-01,08:00,0.0,1006.1,1006.1,1005.7,-9999,23.2,22.2,23.6,23.2,22.5,22.2,94,94,94,155,0.0,0.0,N,PA,CASTANHAL,A202,-1.300875,-47.947967,47.13
723,2019-05-01,12:00,0.0,1009.0,1009.0,1008.4,864,25.6,23.9,25.6,24.3,24.3,23.3,94,90,90,147,0.0,0.0,N,PA,CASTANHAL,A202,-1.300875,-47.947967,47.13
724,2019-05-01,16:00,1.6,1006.9,1008.0,1006.9,1676,26.7,23.4,31.0,26.7,24.3,22.6,82,62,82,24,0.0,0.0,N,PA,CASTANHAL,A202,-1.300875,-47.947967,47.13
725,2019-05-01,20:00,0.0,1003.7,1004.0,1003.7,329,27.5,23.8,28.0,27.2,24.6,23.8,85,79,81,344,0.0,0.0,N,PA,CASTANHAL,A202,-1.300875,-47.947967,47.13
726,2019-05-02,00:00,0.0,1006.8,1006.8,1006.1,-9999,25.9,24.2,26.1,25.9,24.3,24.2,91,89,91,32,0.0,0.0,N,PA,CASTANHAL,A202,-1.300875,-47.947967,47.13
727,2019-05-02,04:00,0.0,1007.0,1007.3,1007.0,-9999,25.2,23.9,25.4,25.2,23.9,23.7,92,92,92,54,0.0,0.0,N,PA,CASTANHAL,A202,-1.300875,-47.947967,47.13
728,2019-05-02,08:00,0.0,1005.1,1005.1,1004.8,0,25.0,23.9,25.0,25.0,23.9,23.9,94,93,94,108,0.0,0.0,N,PA,CASTANHAL,A202,-1.300875,-47.947967,47.13
729,2019-05-02,12:00,0.0,1007.9,1007.9,1007.2,1096,27.2,24.1,27.2,25.8,24.7,23.6,91,83,83,97,2.3,0.0,N,PA,CASTANHAL,A202,-1.300875,-47.947967,47.13
730,2019-05-02,16:00,0.4,1006.2,1007.4,1006.2,1878,29.4,24.9,31.0,29.3,25.7,23.5,80,66,77,325,0.0,0.0,N,PA,CASTANHAL,A202,-1.300875,-47.947967,47.13
731,2019-05-02,20:00,0.0,1004.0,1004.0,1003.7,453,27.1,24.6,27.1,26.8,24.8,23.8,88,83,86,8,0.0,0.0,N,PA,CASTANHAL,A202,-1.300875,-47.947967,47.13
732,2019-05-03,00:00,0.0,1006.7,1006.7,1006.1,-9999,25.3,23.5,25.4,25.2,23.6,23.4,90,90,90,47,0.0,0.0,N,PA,CASTANHAL,A202,-1.300875,-47.947967,47.13
733,2019-05-03,04:00,0.0,1006.3,1007.4,1006.3,-9999,24.6,23.4,24.7,24.6,23.4,23.3,93,92,93,78,0.0,0.0,N,PA,CASTANHAL,A202,-1.300875,-47.947967,47.13
734,2019-05-03,08:00,0.0,1004.9,1004.9,1004.7,-9999,23.8,22.8,23.9,23.8,22.9,22.8,94,94,94,151,0.0,0.0,N,PA,CASTANHAL,A202,-1.300875,-47.947967,47.13
735,2019-05-03,12:00,0.0,1007.4,1007.5,1007.0,997,26.2,24.8,26.3,24.9,25.0,23.9,95,92,92,81,4.1,1.0,N,PA,CASTANHAL,A202,-1.300875,-47.947967,47.13
736,2019-05-03,16:00,-9999.0,-9999.0,-9999.0,-9999.0,-9999,-9999.0,-9999.0,-9999.0,-9999.0,-9999.0,-9999.0,-9999,-9999,-9999,-9999,-9999.0,-9999.0,N,PA,CASTANHAL,A202,-1.300875,-47.947967,47.13
737,2019-05-03,20:00,2.8,1003.6,1003.8,1003.3,1005,28.3,24.6,29.5,27.2,25.4,23.7,87,76,81,10,8.4,0.9,N,PA,CASTANHAL,A202,-1.300875,-47.947967,47.13
738,2019-05-04,00:00,0.0,1006.4,1006.4,1005.7,-9999,25.6,23.2,25.8,25.6,23.3,23.1,87,85,87,53,0.0,0.0,N,PA,CASTANHAL,A202,-1.300875,-47.947967,47.13
739,2019-05-04,04:00,0.0,1006.4,1006.9,1006.4,-9999,24.8,23.5,25.0,24.8,23.6,23.5,92,92,92,3,0.0,0.0,N,PA,CASTANHAL,A202,-1.300875,-47.947967,47.13
740,2019-05-04,08:00,0.0,1005.2,1005.2,1004.8,-9999,24.1,23.1,24.5,24.1,23.4,23.1,94,94,94,37,0.0,0.0,N,PA,CASTANHAL,A202,-1.300875,-47.947967,47.13
741,2019-05-04,12:00,0.0,1007.6,1007.7,1006.9,1259,28.0,24.6,28.0,26.3,24.8,24.0,89,81,82,64,6.5,0.8,N,PA,CASTANHAL,A202,-1.300875,-47.947967,47.13
742,2019-05-04,16:00,0.0,1005.0,1006.4,1005.0,2854,32.8,22.8,32.8,30.6,24.2,22.3,67,54,56,86,8.1,0.4,N,PA,CASTANHAL,A202,-1.300875,-47.947967,47.13
743,2019-05-04,20:00,0.2,1003.7,1003.7,1002.9,245,26.6,23.9,27.2,25.6,23.9,22.8,87,80,85,44,8.1,0.0,N,PA,CASTANHAL,A202,-1.300875,-47.947967,47.13
744,2019-05-05,00:00,0.0,1005.4,1005.4,1004.7,-9999,25.2,23.4,25.4,25.2,23.4,23.3,90,89,90,32,0.0,0.0,N,PA,CASTANHAL,A202,-1.300875,-47.947967,47.13
745,2019-05-05,04:00,0.0,1005.9,1006.4,1005.9,-9999,25.1,23.7,25.2,25.1,23.7,23.7,92,91,92,44,0.0,0.0,N,PA,CASTANHAL,A202,-1.300875,-47.947967,47.13
746,2019-05-05,08:00,0.0,1005.4,1005.4,1004.7,-9999,24.9,23.7,25.2,24.9,23.8,23.7,93,92,93,126,0.0,0.0,N,PA,CASTANHAL,A202,-1.300875,-47.947967,47.13
747,2019-05-05,12:00,0.0,1007.1,1007.1,1006.4,1409,28.5,24.3,28.7,26.9,25.1,24.1,89,77,78,72,5.9,0.0,N,PA,CASTANHAL,A202,-1.300875,-47.947967,47.13
748,2019-05-05,16:00,0.2,1005.5,1006.3,1005.5,1525,28.8,24.4,31.7,28.8,24.8,23.3,77,62,77,77,4.8,0.0,N,PA,CASTANHAL,A202,-1.300875,-47.947967,47.13
749,2019-05-05,20:00,0.0,1003.9,1004.0,1003.6,218,25.8,23.2,26.0,25.7,23.8,23.1,88,85,86,342,7.0,1.0,N,PA,CASTANHAL,A202,-1.300875,-47.947967,47.13
750,2019-05-06,00:00,4.0,1006.8,1006.8,1006.3,-9999,24.1,22.6,24.7,24.1,22.8,22.5,92,88,92,70,6.8,0.0,N,PA,CASTANHAL,A202,-1.300875,-47.947967,47.13
751,2019-05-06,04:00,0.0,1006.3,1006.6,1006.3,-9999,23.7,22.4,23.9,23.7,22.5,22.4,93,92,93,358,0.0,0.0,N,PA,CASTANHAL,A202,-1.300875,-47.947967,47.13
752,2019-05-06,08:00,0.0,1005.7,1005.7,1005.4,-9999,23.4,22.3,23.5,23.3,22.4,22.1,94,93,93,21,0.0,0.0,N,PA,CASTANHAL,A202,-1.300875,-47.947967,47.13
753,2019-05-06,12:00,-9999.0,-9999.0,-9999.0,-9999.0,-9999,-9999.0,-9999.0,-9999.0,-9999.0,-9999.0,-9999.0,-9999,-9999,-9999,-9999,-9999.0,-9999.0,N,PA,CASTANHAL,A202,-1.300875,-47.947967,47.13
754,2019-05-06,16:00,1.0,1006.6,1007.7,1006.6,1017,29.4,24.3,30.6,28.1,25.2,23.1,82,67,74,86,0.0,0.0,N,PA,CASTANHAL,A202,-1.300875,-47.947967,47.13
755,2019-05-06,20:00,0.6,1006.6,1006.9,1005.7,50,24.8,23.0,26.4,24.5,24.7,22.5,91,88,90,69,8.1,0.0,N,PA,CASTANHAL,A202,-1.300875,-47.947967,47.13
756,2019-05-07,00:00,0.0,1007.6,1007.8,1007.4,-9999,24.4,23.2,24.4,24.3,23.2,23.0,93,92,93,338,0.0,0.0,N,PA,CASTANHAL,A202,-1.300875,-47.947967,47.13
757,2019-05-07,04:00,0.2,1006.9,1007.7,1006.9,-9999,24.6,23.3,24.7,24.6,23.4,23.3,93,93,93,332,0.0,0.0,N,PA,CASTANHAL,A202,-1.300875,-47.947967,47.13
758,2019-05-07,08:00,0.0,1005.9,1006.0,1005.9,-9999,24.1,23.1,24.3,24.1,23.3,23.1,94,94,94,243,0.0,0.0,N,PA,CASTANHAL,A202,-1.300875,-47.947967,47.13
759,2019-05-07,12:00,0.0,1007.9,1007.9,1007.0,820,26.7,24.5,26.8,26.0,25.3,24.5,93,88,88,44,0.0,0.0,N,PA,CASTANHAL,A202,-1.300875,-47.947967,47.13
760,2019-05-07,16:00,0.0,1006.1,1007.0,1006.1,1956,27.8,23.9,30.8,27.8,24.5,22.9,79,64,79,28,7.1,0.4,N,PA,CASTANHAL,A202,-1.300875,-47.947967,47.13
761,2019-05-07,20:00,5.2,1006.2,1006.3,1005.7,92,25.7,24.3,27.4,25.6,24.4,23.4,92,79,92,166,0.0,0.0,N,PA,CASTANHAL,A202,-1.300875,-47.947967,47.13
762,2019-05-08,00:00,0.6,1008.5,1008.5,1008.0,-9999,24.1,23.0,24.2,24.0,23.1,23.0,94,93,93,38,0.0,0.0,N,PA,CASTANHAL,A202,-1.300875,-47.947967,47.13
763,2019-05-08,04:00,1.8,1008.0,1009.1,1008.0,-9999,23.6,22.5,23.8,23.5,22.7,22.5,94,93,94,117,0.0,0.0,N,PA,CASTANHAL,A202,-1.300875,-47.947967,47.13
764,2019-05-08,08:00,0.2,1005.4,1005.4,1005.1,-9999,23.2,22.2,23.4,23.2,22.4,22.2,94,94,94,32,0.0,0.0,N,PA,CASTANHAL,A202,-1.300875,-47.947967,47.13
765,2019-05-08,12:00,0.0,1008.0,1008.1,1007.6,1336,26.0,23.5,26.0,24.2,24.3,23.1,94,86,86,70,0.0,0.0,N,PA,CASTANHAL,A202,-1.300875,-47.947967,47.13
766,2019-05-08,16:00,0.0,1006.0,1007.2,1006.0,2801,31.1,22.3,31.4,30.3,23.4,21.5,66,57,60,63,0.0,0.0,N,PA,CASTANHAL,A202,-1.300875,-47.947967,47.13
767,2019-05-08,20:00,0.0,1003.4,1003.7,1003.4,890,31.6,22.5,32.5,31.3,23.5,21.9,63,55,59,126,0.0,0.0,N,PA,CASTANHAL,A202,-1.300875,-47.947967,47.13
768,2019-05-09,00:00,0.0,1006.0,1006.0,1005.4,-9999,24.4,22.9,24.4,24.0,23.0,22.6,93,91,91,26,0.0,0.0,N,PA,CASTANHAL,A202,-1.300875,-47.947967,47.13
769,2019-05-09,04:00,0.0,1005.9,1006.6,1005.9,-9999,23.8,22.7,23.9,23.7,22.8,22.6,94,94,94,101,0.0,0.0,N,PA,CASTANHAL,A202,-1.300875,-47.947967,47.13
770,2019-05-09,08:00,0.0,1004.8,1004.8,1004.6,-9999,23.2,22.2,23.3,23.2,22.4,22.2,94,94,94,167,0.0,0.0,N,PA,CASTANHAL,A202,-1.300875,-47.947967,47.13
771,2019-05-09,12:00,0.0,1006.7,1006.7,1006.3,1154,27.4,24.7,27.6,26.0,25.5,24.6,93,85,85,87,0.0,0.0,N,PA,CASTANHAL,A202,-1.300875,-47.947967,47.13
772,2019-05-09,16:00,0.0,1004.7,1006.0,1004.7,2495,31.9,23.2,32.1,30.1,24.2,22.8,69,60,60,80,5.8,0.1,N,PA,CASTANHAL,A202,-1.300875,-47.947967,47.13
773,2019-05-09,20:00,3.2,1003.3,1003.5,1002.4,655,25.7,23.9,30.2,25.7,24.3,23.0,90,70,90,81,11.1,0.0,N,PA,CASTANHAL,A202,-1.300875,-47.947967,47.13
774,2019-05-10,00:00,0.2,1005.1,1005.1,1004.6,-9999,25.1,23.5,25.3,25.1,23.6,23.5,91,90,91,86,0.0,0.0,N,PA,CASTANHAL,A202,-1.300875,-47.947967,47.13
775,2019-05-10,04:00,0.0,1004.7,1005.3,1004.7,-9999,25.2,23.7,25.2,25.1,23.8,23.6,92,91,91,32,0.0,0.0,N,PA,CASTANHAL,A202,-1.300875,-47.947967,47.13
776,2019-05-10,08:00,0.0,1003.3,1003.6,1003.3,-9999,24.4,22.8,24.6,24.4,22.8,22.7,91,89,91,46,0.0,0.0,N,PA,CASTANHAL,A202,-1.300875,-47.947967,47.13
777,2019-05-10,12:00,0.0,1005.6,1005.6,1005.4,1031,26.7,24.0,26.7,24.8,24.2,23.3,91,85,85,131,1.7,0.0,N,PA,CASTANHAL,A202,-1.300875,-47.947967,47.13
778,2019-05-10,16:00,0.0,1003.4,1004.5,1003.4,2625,31.0,23.7,31.7,30.2,25.0,23.4,70,62,65,105,5.9,0.0,N,PA,CASTANHAL,A202,-1.300875,-47.947967,47.13
779,2019-05-10,20:00,0.2,1003.1,1003.1,1002.5,31,24.6,23.0,24.8,24.6,23.3,23.0,91,91,91,61,7.1,0.0,N,PA,CASTANHAL,A202,-1.300875,-47.947967,47.13
780,2019-05-11,00:00,0.0,1005.4,1005.4,1004.6,-9999,24.5,23.3,24.6,24.4,23.3,23.1,93,92,93,26,0.0,0.0,N,PA,CASTANHAL,A202,-1.300875,-47.947967,47.13
781,2019-05-11,04:00,0.0,1003.8,1004.1,1003.8,-9999,24.5,23.3,24.9,24.5,23.6,23.3,93,93,93,139,0.0,0.0,N,PA,CASTANHAL,A202,-1.300875,-47.947967,47.13
782,2019-05-11,08:00,0.0,1002.9,1002.9,1002.8,-9999,24.3,23.3,24.3,24.1,23.3,23.1,94,94,94,3,0.0,0.0,N,PA,CASTANHAL,A202,-1.300875,-47.947967,47.13
783,2019-05-11,12:00,0.0,1005.8,1005.8,1005.5,852,26.4,25.0,26.4,25.0,25.0,24.0,95,91,92,120,0.0,0.0,N,PA,CASTANHAL,A202,-1.300875,-47.947967,47.13
784,2019-05-11,16:00,0.0,1003.4,1004.7,1003.4,1980,31.3,24.5,31.7,30.4,25.1,23.8,73,65,67,100,2.2,0.0,N,PA,CASTANHAL,A202,-1.300875,-47.947967,47.13
785,2019-05-11,20:00,6.2,1003.3,1003.9,1002.9,36,24.8,23.7,24.9,24.5,23.7,23.3,93,93,93,77,10.5,0.0,N,PA,CASTANHAL,A202,-1.300875,-47.947967,47.13
786,2019-05-12,00:00,0.0,1006.2,1006.2,1005.7,-9999,24.6,23.2,24.9,24.6,23.7,23.2,93,92,92,63,5.8,0.2,N,PA,CASTANHAL,A202,-1.300875,-47.947967,47.13
787,2019-05-12,04:00,0.0,1005.5,1006.1,1005.5,-9999,24.1,23.0,24.3,24.1,23.2,23.0,94,94,94,202,0.0,0.0,N,PA,CASTANHAL,A202,-1.300875,-47.947967,47.13
788,2019-05-12,08:00,0.0,1005.1,1005.1,1004.9,-9999,23.9,22.9,24.0,23.8,23.0,22.9,95,94,94,211,0.0,0.0,N,PA,CASTANHAL,A202,-1.300875,-47.947967,47.13
789,2019-05-12,12:00,0.2,1007.6,1007.7,1007.2,729,26.0,24.5,26.1,25.4,24.6,24.2,93,91,91,160,0.0,0.0,N,PA,CASTANHAL,A202,-1.300875,-47.947967,47.13
790,2019-05-12,16:00,1.4,1007.1,1007.3,1007.0,265,24.5,22.8,25.2,24.4,23.4,22.7,90,89,90,85,0.0,0.0,N,PA,CASTANHAL,A202,-1.300875,-47.947967,47.13
791,2019-05-12,20:00,0.0,1006.2,1006.2,1005.6,277,25.4,23.3,25.5,25.2,23.7,23.3,91,89,89,60,0.0,0.0,N,PA,CASTANHAL,A202,-1.300875,-47.947967,47.13
792,2019-05-13,00:00,0.0,1007.8,1007.8,1007.3,-9999,24.2,23.0,24.5,24.2,23.1,23.0,93,91,93,137,0.0,0.0,N,PA,CASTANHAL,A202,-1.300875,-47.947967,47.13
793,2019-05-13,04:00,0.0,1006.6,1007.6,1006.6,-9999,24.0,23.0,24.1,24.0,23.1,23.0,94,94,94,22,0.0,0.0,N,PA,CASTANHAL,A202,-1.300875,-47.947967,47.13
794,2019-05-13,08:00,0.0,1006.5,1006.5,1005.9,-9999,23.3,22.3,23.5,23.3,22.5,22.3,94,94,94,58,0.0,0.0,N,PA,CASTANHAL,A202,-1.300875,-47.947967,47.13
795,2019-05-13,12:00,0.0,1008.8,1008.8,1008.3,1417,27.4,24.3,27.4,25.7,24.6,23.6,90,82,83,33,0.0,0.0,N,PA,CASTANHAL,A202,-1.300875,-47.947967,47.13
796,2019-05-13,16:00,0.0,1006.8,1007.8,1006.8,2605,31.4,23.5,32.0,30.7,25.0,23.2,68,61,63,52,4.4,0.0,N,PA,CASTANHAL,A202,-1.300875,-47.947967,47.13
797,2019-05-13,20:00,0.0,1005.2,1005.2,1004.4,401,27.1,24.2,27.1,26.6,24.3,23.7,85,83,84,7,5.2,0.2,N,PA,CASTANHAL,A202,-1.300875,-47.947967,47.13
798,2019-05-14,00:00,0.0,1008.1,1008.1,1007.4,-9999,26.3,24.2,26.4,26.3,24.4,24.2,89,89,89,6,0.0,0.0,N,PA,CASTANHAL,A202,-1.300875,-47.947967,47.13
799,2019-05-14,04:00,0.0,1007.9,1008.3,1007.9,-9999,24.9,23.6,25.5,24.9,24.1,23.6,93,92,93,219,0.0,0.0,N,PA,CASTANHAL,A202,-1.300875,-47.947967,47.13
800,2019-05-14,08:00,0.0,1006.9,1006.9,1006.7,-9999,24.0,23.0,24.2,23.9,23.2,22.9,94,94,94,306,0.0,0.0,N,PA,CASTANHAL,A202,-1.300875,-47.947967,47.13
801,2019-05-14,12:00,0.0,1008.8,1008.8,1008.6,1344,27.4,24.9,27.4,25.1,25.6,24.1,95,86,87,61,0.0,0.0,N,PA,CASTANHAL,A202,-1.300875,-47.947967,47.13
802,2019-05-14,16:00,0.0,1006.6,1007.7,1006.6,2704,32.0,22.7,32.3,30.9,24.1,22.3,65,58,58,64,0.0,0.0,N,PA,CASTANHAL,A202,-1.300875,-47.947967,47.13
803,2019-05-14,20:00,0.0,1003.8,1004.0,1003.7,739,28.5,23.7,28.5,26.7,24.8,23.5,85,75,75,19,4.8,1.4,N,PA,CASTANHAL,A202,-1.300875,-47.947967,47.13
804,2019-05-15,00:00,0.0,1007.1,1007.2,1006.2,-9999,25.9,24.0,26.5,25.9,24.4,24.0,89,88,89,23,0.0,0.0,N,PA,CASTANHAL,A202,-1.300875,-47.947967,47.13
805,2019-05-15,04:00,0.0,1007.0,1007.6,1007.0,-9999,24.5,23.3,25.0,24.5,23.6,23.2,93,92,93,53,0.0,0.0,N,PA,CASTANHAL,A202,-1.300875,-47.947967,47.13
806,2019-05-15,08:00,0.0,1006.2,1006.2,1005.9,-9999,23.6,22.6,23.8,23.6,22.7,22.5,94,94,94,258,0.0,0.0,N,PA,CASTANHAL,A202,-1.300875,-47.947967,47.13
807,2019-05-15,12:00,0.0,1007.8,1007.8,1007.3,1419,27.8,24.3,27.8,26.2,24.7,24.0,90,81,81,15,0.0,0.0,N,PA,CASTANHAL,A202,-1.300875,-47.947967,47.13
808,2019-05-15,16:00,0.0,1006.2,1007.0,1005.9,1813,28.6,23.5,31.6,28.6,24.4,22.5,74,60,74,356,9.1,1.8,N,PA,CASTANHAL,A202,-1.300875,-47.947967,47.13
809,2019-05-15,20:00,0.0,1004.4,1004.8,1004.3,521,26.0,22.9,26.1,25.6,23.3,22.5,86,82,83,18,3.9,0.0,N,PA,CASTANHAL,A202,-1.300875,-47.947967,47.13
810,2019-05-16,00:00,0.0,1007.3,1007.3,1006.4,-9999,25.5,23.6,25.6,25.5,23.6,23.5,89,88,89,2,0.0,0.0,N,PA,CASTANHAL,A202,-1.300875,-47.947967,47.13
811,2019-05-16,04:00,0.0,1007.0,1007.6,1007.0,-9999,24.0,22.8,24.7,24.0,23.4,22.8,93,93,93,128,0.0,0.0,N,PA,CASTANHAL,A202,-1.300875,-47.947967,47.13
812,2019-05-16,08:00,0.0,1005.9,1005.9,1005.7,-9999,23.0,22.1,23.3,23.0,22.4,22.1,95,94,95,255,0.0,0.0,N,PA,CASTANHAL,A202,-1.300875,-47.947967,47.13
813,2019-05-16,12:00,0.0,1008.5,1008.5,1007.6,1313,27.5,24.4,27.7,25.3,25.4,24.4,94,83,83,41,0.0,0.0,N,PA,CASTANHAL,A202,-1.300875,-47.947967,47.13
814,2019-05-16,16:00,0.0,1006.7,1007.6,1006.6,1681,31.0,23.1,31.6,30.6,23.8,22.3,65,60,63,353,0.0,0.0,N,PA,CASTANHAL,A202,-1.300875,-47.947967,47.13
815,2019-05-16,20:00,0.0,1005.1,1005.1,1004.8,553,27.5,23.0,27.5,26.6,23.5,22.6,82,76,77,23,0.0,0.0,N,PA,CASTANHAL,A202,-1.300875,-47.947967,47.13
816,2019-05-17,00:00,0.0,1008.0,1008.0,1006.7,-9999,25.4,24.0,25.7,25.4,24.1,24.0,92,91,92,94,0.0,0.0,N,PA,CASTANHAL,A202,-1.300875,-47.947967,47.13
817,2019-05-17,04:00,0.0,1007.7,1008.1,1007.7,-9999,24.4,23.3,24.5,24.4,23.4,23.3,94,93,94,157,0.0,0.0,N,PA,CASTANHAL,A202,-1.300875,-47.947967,47.13
818,2019-05-17,08:00,0.4,1006.3,1006.3,1006.0,-9999,24.2,23.2,24.3,24.2,23.3,23.2,94,94,94,191,0.0,0.0,N,PA,CASTANHAL,A202,-1.300875,-47.947967,47.13
819,2019-05-17,12:00,0.0,1008.6,1008.6,1007.9,603,26.1,24.5,26.1,25.0,24.5,23.6,93,90,91,165,0.0,0.0,N,PA,CASTANHAL,A202,-1.300875,-47.947967,47.13
820,2019-05-17,16:00,0.4,1006.6,1007.9,1006.6,622,25.2,23.8,25.7,24.7,24.4,23.5,93,92,92,158,1.5,0.0,N,PA,CASTANHAL,A202,-1.300875,-47.947967,47.13
821,2019-05-17,20:00,0.0,1005.0,1005.0,1004.8,325,26.1,23.9,27.2,26.1,24.3,23.4,88,80,88,326,3.7,0.0,N,PA,CASTANHAL,A202,-1.300875,-47.947967,47.13
822,2019-05-18,00:00,0.0,1007.0,1007.0,1006.5,-9999,24.2,22.9,24.3,24.1,23.0,22.8,93,91,93,263,0.0,0.0,N,PA,CASTANHAL,A202,-1.300875,-47.947967,47.13
823,2019-05-18,04:00,0.0,1006.6,1007.3,1006.6,-9999,23.9,22.8,24.1,23.9,23.0,22.8,94,94,94,243,0.0,0.0,N,PA,CASTANHAL,A202,-1.300875,-47.947967,47.13
824,2019-05-18,08:00,0.0,1005.5,1005.5,1005.2,-9999,23.8,22.7,23.8,23.7,22.8,22.7,94,94,94,21,0.0,0.0,N,PA,CASTANHAL,A202,-1.300875,-47.947967,47.13
825,2019-05-18,12:00,0.0,1007.8,1007.8,1007.5,1050,26.1,23.7,26.3,24.6,24.3,23.5,94,86,86,158,0.0,0.0,N,PA,CASTANHAL,A202,-1.300875,-47.947967,47.13
826,2019-05-18,16:00,0.8,1005.9,1007.3,1005.9,2034,30.1,23.4,30.2,27.7,25.0,23.1,84,67,67,110,0.0,0.0,N,PA,CASTANHAL,A202,-1.300875,-47.947967,47.13
827,2019-05-18,20:00,0.0,1003.8,1004.1,1003.6,232,27.0,24.6,27.3,27.0,24.9,24.5,87,85,87,358,0.0,0.0,N,PA,CASTANHAL,A202,-1.300875,-47.947967,47.13
828,2019-05-19,00:00,0.0,1006.6,1006.6,1005.7,-9999,25.3,23.4,25.4,25.2,23.4,23.2,89,88,89,44,0.0,0.0,N,PA,CASTANHAL,A202,-1.300875,-47.947967,47.13
829,2019-05-19,04:00,0.0,1006.0,1006.3,1006.0,-9999,24.7,23.5,24.8,24.5,23.5,23.1,93,92,93,87,0.0,0.0,N,PA,CASTANHAL,A202,-1.300875,-47.947967,47.13
830,2019-05-19,08:00,0.0,1005.3,1005.3,1004.8,-9999,24.1,23.1,24.4,24.1,23.3,23.1,94,94,94,141,0.0,0.0,N,PA,CASTANHAL,A202,-1.300875,-47.947967,47.13
831,2019-05-19,12:00,0.0,1007.4,1007.4,1006.9,862,27.0,25.3,27.2,24.8,25.7,23.9,95,90,90,86,0.0,0.0,N,PA,CASTANHAL,A202,-1.300875,-47.947967,47.13
832,2019-05-19,16:00,0.0,1005.8,1006.9,1005.8,2213,30.9,24.2,31.5,30.3,24.3,23.0,69,62,67,51,7.5,0.0,N,PA,CASTANHAL,A202,-1.300875,-47.947967,47.13
833,2019-05-19,20:00,0.4,1003.7,1004.1,1003.6,523,26.3,23.6,26.7,26.0,24.5,23.3,89,84,85,52,9.1,2.4,N,PA,CASTANHAL,A202,-1.300875,-47.947967,47.13
834,2019-05-20,00:00,0.0,1006.6,1006.6,1005.9,-9999,25.2,23.2,25.5,25.2,23.3,23.1,89,88,89,92,0.0,0.0,N,PA,CASTANHAL,A202,-1.300875,-47.947967,47.13
835,2019-05-20,04:00,0.0,1006.4,1007.0,1006.4,-9999,24.5,23.3,24.8,24.5,23.4,23.2,93,92,93,173,0.0,0.0,N,PA,CASTANHAL,A202,-1.300875,-47.947967,47.13
836,2019-05-20,08:00,0.0,1004.8,1004.8,1004.6,-9999,24.0,23.0,24.1,23.9,23.1,22.9,94,94,94,54,0.0,0.0,N,PA,CASTANHAL,A202,-1.300875,-47.947967,47.13
837,2019-05-20,12:00,0.0,1007.1,1007.1,1006.6,1114,27.2,25.0,27.2,25.0,25.4,24.0,94,88,88,90,0.0,0.0,N,PA,CASTANHAL,A202,-1.300875,-47.947967,47.13
838,2019-05-20,16:00,0.0,1004.7,1006.0,1004.7,2423,31.5,23.6,31.5,30.3,24.2,22.6,67,61,63,54,5.8,0.1,N,PA,CASTANHAL,A202,-1.300875,-47.947967,47.13
839,2019-05-20,20:00,0.4,1004.5,1004.8,1004.2,20,24.6,23.3,24.6,24.4,23.3,23.2,93,93,93,6,0.0,0.0,N,PA,CASTANHAL,A202,-1.300875,-47.947967,47.13
840,2019-05-21,00:00,0.0,1006.3,1006.3,1005.4,-9999,24.5,23.2,24.6,24.5,23.2,23.2,92,92,92,106,0.0,0.0,N,PA,CASTANHAL,A202,-1.300875,-47.947967,47.13
841,2019-05-21,04:00,0.0,1006.4,1007.5,1006.4,-9999,24.7,23.4,24.7,24.6,23.4,23.3,93,92,93,352,0.0,0.0,N,PA,CASTANHAL,A202,-1.300875,-47.947967,47.13
842,2019-05-21,08:00,0.0,1005.1,1005.2,1004.9,-9999,24.0,23.0,24.0,23.8,23.0,22.8,94,94,94,40,0.0,0.0,N,PA,CASTANHAL,A202,-1.300875,-47.947967,47.13
843,2019-05-21,12:00,0.0,1007.2,1007.3,1006.7,880,26.3,23.9,26.4,25.1,24.3,23.8,94,87,87,122,0.7,0.0,N,PA,CASTANHAL,A202,-1.300875,-47.947967,47.13
844,2019-05-21,16:00,0.0,1005.8,1006.8,1005.8,1765,30.7,23.7,30.9,29.7,24.3,23.3,72,65,66,86,5.9,0.9,N,PA,CASTANHAL,A202,-1.300875,-47.947967,47.13
845,2019-05-21,20:00,0.2,1004.4,1004.6,1003.8,163,25.6,23.6,26.5,25.6,24.7,23.6,90,88,89,4,4.1,0.0,N,PA,CASTANHAL,A202,-1.300875,-47.947967,47.13
846,2019-05-22,00:00,0.0,1006.2,1006.2,1005.9,-9999,24.9,23.7,25.2,24.9,23.8,23.6,93,92,93,181,0.0,0.0,N,PA,CASTANHAL,A202,-1.300875,-47.947967,47.13
847,2019-05-22,04:00,0.0,1006.9,1007.4,1006.9,-9999,24.2,23.2,24.5,24.2,23.4,23.2,94,94,94,313,0.0,0.0,N,PA,CASTANHAL,A202,-1.300875,-47.947967,47.13
848,2019-05-22,08:00,0.0,1005.2,1005.3,1005.1,-9999,23.1,22.2,23.6,23.1,22.6,22.2,95,94,95,135,0.0,0.0,N,PA,CASTANHAL,A202,-1.300875,-47.947967,47.13
849,2019-05-22,12:00,0.0,1007.7,1007.7,1006.7,1333,27.3,25.1,27.3,25.1,25.2,24.1,94,87,88,100,0.0,0.0,N,PA,CASTANHAL,A202,-1.300875,-47.947967,47.13
850,2019-05-22,16:00,0.0,1005.7,1007.2,1005.7,2319,31.3,23.9,31.7,30.4,24.5,23.1,70,62,65,136,5.3,0.0,N,PA,CASTANHAL,A202,-1.300875,-47.947967,47.13
851,2019-05-22,20:00,0.6,1005.4,1005.8,1005.4,61,23.9,22.8,24.0,23.8,22.9,22.7,94,93,94,109,4.1,0.0,N,PA,CASTANHAL,A202,-1.300875,-47.947967,47.13
852,2019-05-23,00:00,0.0,1007.2,1007.2,1006.1,-9999,23.4,22.3,23.6,23.4,22.5,22.2,94,93,93,94,0.0,0.0,N,PA,CASTANHAL,A202,-1.300875,-47.947967,47.13
853,2019-05-23,04:00,0.0,1007.1,1007.5,1007.1,-9999,23.3,22.3,23.3,23.2,22.3,22.2,94,94,94,6,0.0,0.0,N,PA,CASTANHAL,A202,-1.300875,-47.947967,47.13
854,2019-05-23,08:00,0.0,1005.5,1005.5,1005.3,-9999,22.7,21.8,22.8,22.6,21.8,21.7,95,95,95,143,0.0,0.0,N,PA,CASTANHAL,A202,-1.300875,-47.947967,47.13
855,2019-05-23,12:00,-9999.0,-9999.0,-9999.0,-9999.0,-9999,-9999.0,-9999.0,-9999.0,-9999.0,-9999.0,-9999.0,-9999,-9999,-9999,-9999,-9999.0,-9999.0,N,PA,CASTANHAL,A202,-1.300875,-47.947967,47.13
856,2019-05-23,16:00,0.0,1006.3,1007.3,1006.3,2648,31.6,22.6,31.7,30.5,24.3,21.9,69,58,59,74,6.2,0.0,N,PA,CASTANHAL,A202,-1.300875,-47.947967,47.13
857,2019-05-23,20:00,0.0,1003.6,1004.1,1003.6,1014,31.5,21.7,32.4,31.0,23.1,21.2,60,54,56,100,0.0,0.0,N,PA,CASTANHAL,A202,-1.300875,-47.947967,47.13
858,2019-05-24,00:00,0.0,1006.4,1006.4,1005.9,-9999,25.7,23.3,25.9,25.7,23.4,23.2,87,85,87,17,0.0,0.0,N,PA,CASTANHAL,A202,-1.300875,-47.947967,47.13
859,2019-05-24,04:00,0.0,1006.4,1006.8,1006.4,-9999,25.0,23.4,25.1,25.0,23.4,23.3,91,90,91,54,0.0,0.0,N,PA,CASTANHAL,A202,-1.300875,-47.947967,47.13
860,2019-05-24,08:00,0.0,1005.8,1005.8,1005.5,-9999,24.1,22.8,24.5,24.1,23.2,22.8,93,92,93,42,0.0,0.0,N,PA,CASTANHAL,A202,-1.300875,-47.947967,47.13
861,2019-05-24,12:00,0.0,1008.6,1008.6,1007.8,1349,28.3,23.8,28.3,26.7,24.2,23.4,86,76,77,67,5.0,0.1,N,PA,CASTANHAL,A202,-1.300875,-47.947967,47.13
862,2019-05-24,16:00,0.0,1007.3,1008.0,1007.3,2552,31.7,21.7,32.0,29.7,23.8,21.1,68,54,56,85,6.1,0.1,N,PA,CASTANHAL,A202,-1.300875,-47.947967,47.13
863,2019-05-24,20:00,0.0,1004.6,1004.8,1004.5,742,31.3,21.0,32.5,31.1,23.9,20.9,66,51,54,72,0.0,0.0,N,PA,CASTANHAL,A202,-1.300875,-47.947967,47.13
864,2019-05-25,00:00,0.0,1006.4,1006.4,1005.8,-9999,26.4,23.4,26.8,26.4,23.5,23.3,84,81,84,31,0.0,0.0,N,PA,CASTANHAL,A202,-1.300875,-47.947967,47.13
865,2019-05-25,04:00,0.0,1006.6,1007.2,1006.6,-9999,25.2,23.5,25.5,25.2,23.6,23.4,90,89,90,36,0.0,0.0,N,PA,CASTANHAL,A202,-1.300875,-47.947967,47.13
866,2019-05-25,08:00,0.0,1006.3,1006.3,1006.0,-9999,24.5,23.2,24.7,24.5,23.3,23.2,92,92,92,50,0.0,0.0,N,PA,CASTANHAL,A202,-1.300875,-47.947967,47.13
867,2019-05-25,12:00,0.0,1008.2,1008.2,1007.8,1378,28.4,23.7,28.5,27.1,24.1,23.4,82,75,76,48,5.9,0.1,N,PA,CASTANHAL,A202,-1.300875,-47.947967,47.13
868,2019-05-25,16:00,0.0,1006.2,1007.2,1006.2,1591,31.6,22.9,31.6,30.4,24.1,22.5,67,60,60,118,0.0,0.0,N,PA,CASTANHAL,A202,-1.300875,-47.947967,47.13
869,2019-05-25,20:00,0.0,1004.8,1004.8,1003.7,482,27.8,23.3,32.1,27.6,23.9,22.4,77,57,76,8,8.2,0.9,N,PA,CASTANHAL,A202,-1.300875,-47.947967,47.13
870,2019-05-26,00:00,0.0,1007.3,1007.3,1006.8,-9999,24.8,22.5,25.0,24.7,22.5,22.2,87,85,87,82,5.9,0.0,N,PA,CASTANHAL,A202,-1.300875,-47.947967,47.13
871,2019-05-26,04:00,0.0,1006.6,1007.2,1006.5,-9999,23.7,22.5,23.9,23.7,22.5,22.5,93,92,93,156,0.0,0.0,N,PA,CASTANHAL,A202,-1.300875,-47.947967,47.13
872,2019-05-26,08:00,0.0,1005.9,1005.9,1005.3,-9999,23.2,22.2,23.5,23.2,22.4,22.1,94,94,94,189,0.0,0.0,N,PA,CASTANHAL,A202,-1.300875,-47.947967,47.13
873,2019-05-26,12:00,0.0,1007.8,1007.8,1007.1,1366,27.6,24.7,27.6,25.4,24.8,24.0,93,84,85,73,0.0,0.0,N,PA,CASTANHAL,A202,-1.300875,-47.947967,47.13
874,2019-05-26,16:00,0.4,1005.8,1006.8,1005.7,1781,28.2,23.3,31.8,28.2,25.0,22.4,75,59,75,49,8.5,2.5,N,PA,CASTANHAL,A202,-1.300875,-47.947967,47.13
875,2019-05-26,20:00,0.4,1005.0,1005.3,1004.8,214,26.7,24.2,27.5,26.6,24.2,23.3,86,78,86,66,2.6,0.0,N,PA,CASTANHAL,A202,-1.300875,-47.947967,47.13
876,2019-05-27,00:00,0.0,1006.8,1006.8,1006.4,-9999,25.1,23.3,25.1,25.0,23.3,23.1,90,89,90,45,0.0,0.0,N,PA,CASTANHAL,A202,-1.300875,-47.947967,47.13
877,2019-05-27,04:00,0.0,1007.0,1007.4,1007.0,-9999,24.1,22.9,24.5,24.1,23.2,22.9,93,92,93,162,0.0,0.0,N,PA,CASTANHAL,A202,-1.300875,-47.947967,47.13
878,2019-05-27,08:00,0.0,1005.8,1005.8,1005.4,-9999,23.4,22.4,23.6,23.3,22.6,22.4,94,94,94,149,0.0,0.0,N,PA,CASTANHAL,A202,-1.300875,-47.947967,47.13
879,2019-05-27,12:00,0.0,1007.6,1007.6,1007.3,860,26.3,24.7,26.4,24.6,25.1,23.6,95,91,91,64,0.0,0.0,N,PA,CASTANHAL,A202,-1.300875,-47.947967,47.13
880,2019-05-27,16:00,0.0,1006.0,1007.0,1006.0,1682,30.9,24.1,30.9,29.7,24.7,23.0,71,65,67,37,3.9,0.0,N,PA,CASTANHAL,A202,-1.300875,-47.947967,47.13
881,2019-05-27,20:00,3.6,1005.6,1005.6,1004.0,30,24.6,23.0,29.0,24.6,23.7,22.8,91,71,91,52,12.8,3.4,N,PA,CASTANHAL,A202,-1.300875,-47.947967,47.13
882,2019-05-28,00:00,0.4,1006.9,1007.1,1006.6,-9999,23.8,22.6,24.2,23.8,23.0,22.6,93,93,93,106,2.9,0.0,N,PA,CASTANHAL,A202,-1.300875,-47.947967,47.13
883,2019-05-28,04:00,0.0,1006.7,1007.2,1006.7,-9999,23.5,22.3,23.6,23.5,22.4,22.3,93,93,93,90,0.0,0.0,N,PA,CASTANHAL,A202,-1.300875,-47.947967,47.13
884,2019-05-28,08:00,0.0,1005.5,1005.5,1005.3,-9999,23.6,22.5,23.6,23.3,22.6,22.3,94,94,94,360,0.0,0.0,N,PA,CASTANHAL,A202,-1.300875,-47.947967,47.13
885,2019-05-28,12:00,0.0,1007.5,1007.5,1007.1,668,26.1,23.9,26.1,24.7,24.0,23.4,93,87,88,81,2.4,0.0,N,PA,CASTANHAL,A202,-1.300875,-47.947967,47.13
886,2019-05-28,16:00,0.0,1005.6,1006.7,1005.6,2538,31.6,22.7,31.8,30.3,24.2,22.2,68,58,60,83,6.7,0.8,N,PA,CASTANHAL,A202,-1.300875,-47.947967,47.13
887,2019-05-28,20:00,0.0,1004.9,1005.0,1004.4,211,26.0,22.6,26.0,25.7,23.5,22.4,87,81,82,21,0.0,0.0,N,PA,CASTANHAL,A202,-1.300875,-47.947967,47.13
888,2019-05-29,00:00,0.0,1007.3,1007.3,1006.8,-9999,24.7,23.2,25.1,24.7,23.3,23.2,91,89,91,93,0.0,0.0,N,PA,CASTANHAL,A202,-1.300875,-47.947967,47.13
889,2019-05-29,04:00,0.0,1007.6,1008.1,1007.6,-9999,24.4,23.3,24.5,24.4,23.4,23.3,94,93,94,158,0.0,0.0,N,PA,CASTANHAL,A202,-1.300875,-47.947967,47.13
890,2019-05-29,08:00,0.0,1006.2,1006.3,1005.9,-9999,23.5,22.6,23.8,23.5,22.8,22.6,95,94,95,295,0.0,0.0,N,PA,CASTANHAL,A202,-1.300875,-47.947967,47.13
891,2019-05-29,12:00,0.0,1008.1,1008.1,1007.5,1373,27.3,24.6,27.3,24.6,25.1,23.7,95,85,85,103,0.0,0.0,N,PA,CASTANHAL,A202,-1.300875,-47.947967,47.13
892,2019-05-29,16:00,0.0,1006.1,1007.3,1006.1,2096,29.9,21.6,31.6,29.9,24.6,21.6,69,61,61,122,5.4,0.1,N,PA,CASTANHAL,A202,-1.300875,-47.947967,47.13
893,2019-05-29,20:00,0.0,1005.3,1005.3,1004.9,317,26.4,23.4,26.6,25.6,24.1,23.4,90,83,83,61,5.3,0.0,N,PA,CASTANHAL,A202,-1.300875,-47.947967,47.13
894,2019-05-30,00:00,0.0,1007.5,1007.5,1006.6,-9999,25.4,23.4,25.5,25.2,23.4,23.1,89,88,89,103,0.0,0.0,N,PA,CASTANHAL,A202,-1.300875,-47.947967,47.13
895,2019-05-30,04:00,0.0,1006.8,1007.3,1006.8,-9999,24.7,22.6,24.7,24.6,23.0,22.6,90,88,88,69,0.0,0.0,N,PA,CASTANHAL,A202,-1.300875,-47.947967,47.13
896,2019-05-30,08:00,0.0,1005.9,1005.9,1005.4,-9999,24.1,22.7,24.2,24.1,22.8,22.7,92,92,92,44,0.0,0.0,N,PA,CASTANHAL,A202,-1.300875,-47.947967,47.13
897,2019-05-30,12:00,0.0,1007.7,1007.7,1007.6,1330,28.0,23.9,28.0,26.5,24.1,23.5,85,78,78,77,8.1,2.6,N,PA,CASTANHAL,A202,-1.300875,-47.947967,47.13
898,2019-05-30,16:00,0.0,1006.0,1007.1,1006.0,2333,32.0,22.9,32.2,30.9,24.6,22.4,66,58,59,90,5.9,0.1,N,PA,CASTANHAL,A202,-1.300875,-47.947967,47.13
899,2019-05-30,20:00,0.0,1004.6,1004.8,1004.4,192,26.5,23.5,27.1,26.4,23.5,22.6,84,77,84,33,4.2,0.0,N,PA,CASTANHAL,A202,-1.300875,-47.947967,47.13
900,2019-05-31,00:00,0.0,1006.6,1006.6,1005.8,-9999,25.1,23.4,25.7,25.1,24.0,23.4,91,90,90,89,0.0,0.0,N,PA,CASTANHAL,A202,-1.300875,-47.947967,47.13
901,2019-05-31,04:00,0.0,1006.8,1007.3,1006.8,-9999,24.6,22.9,25.2,24.6,23.2,22.9,90,89,90,97,0.0,0.0,N,PA,CASTANHAL,A202,-1.300875,-47.947967,47.13
902,2019-05-31,08:00,0.0,1005.5,1005.5,1004.9,-9999,24.2,23.0,24.3,24.1,23.0,22.8,93,92,93,58,0.0,0.0,N,PA,CASTANHAL,A202,-1.300875,-47.947967,47.13
903,2019-05-31,12:00,0.0,1007.4,1007.4,1006.8,1031,26.9,23.2,26.9,24.8,24.0,22.9,92,80,80,88,5.7,0.1,N,PA,CASTANHAL,A202,-1.300875,-47.947967,47.13
904,2019-05-31,16:00,0.0,1006.5,1007.3,1006.5,2188,30.0,23.0,31.1,29.8,23.4,22.1,66,62,66,74,9.0,0.4,N,PA,CASTANHAL,A202,-1.300875,-47.947967,47.13
905,2019-05-31,20:00,0.0,1004.7,1004.8,1004.3,1049,28.3,23.7,28.4,26.9,24.0,23.2,82,75,76,49,5.2,0.6,N,PA,CASTANHAL,A202,-1.300875,-47.947967,47.13
906,2019-06-01,00:00,0.0,1007.0,1007.0,1006.5,-9999,25.6,24.0,26.4,25.6,24.3,24.0,91,88,91,122,0.0,0.0,N,PA,CASTANHAL,A202,-1.300875,-47.947967,47.13
907,2019-06-01,04:00,0.0,1007.3,1007.9,1007.3,-9999,24.7,23.5,24.8,24.7,23.5,23.4,93,92,93,326,0.0,0.0,N,PA,CASTANHAL,A202,-1.300875,-47.947967,47.13
908,2019-06-01,08:00,0.0,1005.5,1005.9,1005.4,-9999,23.7,22.7,23.9,23.7,22.8,22.6,94,94,94,168,0.0,0.0,N,PA,CASTANHAL,A202,-1.300875,-47.947967,47.13
909,2019-06-01,12:00,0.0,1007.4,1007.4,1006.7,1307,27.9,24.0,27.9,25.9,24.8,23.7,91,80,80,38,0.0,0.0,N,PA,CASTANHAL,A202,-1.300875,-47.947967,47.13
910,2019-06-01,16:00,0.0,1005.6,1007.0,1005.6,2245,30.5,23.1,31.8,30.2,24.8,22.7,70,61,65,107,5.5,0.1,N,PA,CASTANHAL,A202,-1.300875,-47.947967,47.13
911,2019-06-01,20:00,9.2,1004.3,1004.9,1004.2,84,25.4,23.7,26.1,24.7,23.8,22.9,91,87,90,15,9.0,0.0,N,PA,CASTANHAL,A202,-1.300875,-47.947967,47.13
912,2019-06-02,00:00,0.0,1007.5,1007.5,1006.8,-9999,24.5,22.9,24.8,24.5,23.0,22.7,91,88,91,120,0.0,0.0,N,PA,CASTANHAL,A202,-1.300875,-47.947967,47.13
913,2019-06-02,04:00,0.0,1007.1,1007.9,1007.1,-9999,24.1,22.6,24.1,24.0,22.7,22.6,92,91,92,57,0.0,0.0,N,PA,CASTANHAL,A202,-1.300875,-47.947967,47.13
914,2019-06-02,08:00,0.0,1005.4,1005.4,1005.3,-9999,22.7,21.7,23.1,22.7,22.0,21.7,94,94,94,226,0.0,0.0,N,PA,CASTANHAL,A202,-1.300875,-47.947967,47.13
915,2019-06-02,12:00,0.0,1007.5,1007.5,1006.9,1387,27.7,23.3,27.8,25.3,24.6,23.3,91,77,77,74,0.0,0.0,N,PA,CASTANHAL,A202,-1.300875,-47.947967,47.13
916,2019-06-02,16:00,0.0,1006.6,1007.3,1006.5,2500,31.7,22.6,32.0,30.5,24.5,22.6,69,59,59,67,0.0,0.0,N,PA,CASTANHAL,A202,-1.300875,-47.947967,47.13
917,2019-06-02,20:00,0.0,1005.4,1005.4,1004.8,214,25.7,23.1,26.3,25.3,23.7,23.0,88,85,86,19,7.4,0.0,N,PA,CASTANHAL,A202,-1.300875,-47.947967,47.13
918,2019-06-03,00:00,0.0,1007.6,1007.6,1006.7,-9999,24.4,23.1,24.5,24.3,23.3,23.0,93,92,93,104,0.0,0.0,N,PA,CASTANHAL,A202,-1.300875,-47.947967,47.13
919,2019-06-03,04:00,0.0,1008.0,1008.3,1008.0,-9999,23.3,22.2,23.7,23.3,22.6,22.2,94,93,94,177,0.0,0.0,N,PA,CASTANHAL,A202,-1.300875,-47.947967,47.13
920,2019-06-03,08:00,0.0,1007.5,1007.5,1007.0,-9999,23.2,22.3,23.2,22.8,22.3,21.8,94,94,94,18,0.0,0.0,N,PA,CASTANHAL,A202,-1.300875,-47.947967,47.13
921,2019-06-03,12:00,0.0,1010.1,1010.1,1009.5,1358,28.0,23.8,28.1,26.3,23.9,23.1,84,76,78,37,0.0,0.0,N,PA,CASTANHAL,A202,-1.300875,-47.947967,47.13
922,2019-06-03,16:00,0.0,1009.2,1010.2,1009.2,1982,31.1,22.1,31.7,30.5,23.8,21.5,65,56,59,77,3.9,0.0,N,PA,CASTANHAL,A202,-1.300875,-47.947967,47.13
923,2019-06-03,20:00,0.0,1006.8,1006.8,1006.4,649,28.3,22.0,30.0,28.3,23.2,21.7,69,66,69,15,7.4,0.0,N,PA,CASTANHAL,A202,-1.300875,-47.947967,47.13
924,2019-06-04,00:00,0.0,1009.5,1009.5,1008.6,-9999,25.8,23.0,25.8,25.7,23.0,22.6,85,82,85,12,0.0,0.0,N,PA,CASTANHAL,A202,-1.300875,-47.947967,47.13
925,2019-06-04,04:00,0.0,1009.6,1010.2,1009.6,-9999,24.0,22.7,24.1,23.9,22.7,22.6,93,92,93,58,0.0,0.0,N,PA,CASTANHAL,A202,-1.300875,-47.947967,47.13
926,2019-06-04,08:00,0.0,1008.9,1008.9,1008.5,-9999,23.0,22.0,23.3,23.0,22.1,21.9,94,93,94,218,0.0,0.0,N,PA,CASTANHAL,A202,-1.300875,-47.947967,47.13
927,2019-06-04,12:00,0.0,1010.6,1010.6,1010.1,1103,27.9,24.1,27.9,24.5,24.7,23.3,93,78,80,35,0.0,0.0,N,PA,CASTANHAL,A202,-1.300875,-47.947967,47.13
928,2019-06-04,16:00,0.0,1008.9,1009.9,1008.9,1412,32.1,23.6,32.1,30.7,23.7,22.2,65,57,61,100,0.0,0.0,N,PA,CASTANHAL,A202,-1.300875,-47.947967,47.13
929,2019-06-04,20:00,0.0,1007.1,1007.1,1006.4,325,27.5,23.3,29.3,27.5,23.6,22.2,78,67,78,329,0.0,0.0,N,PA,CASTANHAL,A202,-1.300875,-47.947967,47.13
930,2019-06-05,00:00,0.0,1008.6,1008.7,1007.8,-9999,24.8,22.5,24.9,24.7,22.6,22.1,87,85,87,41,0.0,0.0,N,PA,CASTANHAL,A202,-1.300875,-47.947967,47.13
931,2019-06-05,04:00,0.0,1008.7,1009.2,1008.7,-9999,24.6,22.9,24.6,24.3,23.0,22.6,91,90,90,31,0.0,0.0,N,PA,CASTANHAL,A202,-1.300875,-47.947967,47.13
932,2019-06-05,08:00,0.0,1007.2,1007.3,1007.2,-9999,24.8,23.0,24.8,24.7,23.0,22.9,90,90,90,53,0.0,0.0,N,PA,CASTANHAL,A202,-1.300875,-47.947967,47.13
933,2019-06-05,12:00,0.0,1009.4,1009.4,1008.8,597,26.0,23.7,26.0,24.9,24.0,23.6,93,87,87,57,0.0,0.0,N,PA,CASTANHAL,A202,-1.300875,-47.947967,47.13
934,2019-06-05,16:00,0.0,1007.9,1008.7,1007.9,1709,31.0,23.4,31.3,30.6,24.0,22.4,66,61,64,61,0.0,0.0,N,PA,CASTANHAL,A202,-1.300875,-47.947967,47.13
935,2019-06-05,20:00,0.0,1006.2,1006.2,1005.2,407,27.7,23.0,32.3,27.7,23.1,21.6,76,55,76,111,6.8,0.0,N,PA,CASTANHAL,A202,-1.300875,-47.947967,47.13
936,2019-06-06,00:00,0.0,1008.1,1008.1,1007.3,-9999,25.8,22.5,25.8,25.4,22.7,22.5,85,82,82,35,0.0,0.0,N,PA,CASTANHAL,A202,-1.300875,-47.947967,47.13
937,2019-06-06,04:00,0.0,1008.3,1008.9,1008.3,-9999,24.5,22.5,24.8,24.5,22.5,22.5,89,87,89,30,0.0,0.0,N,PA,CASTANHAL,A202,-1.300875,-47.947967,47.13
938,2019-06-06,08:00,0.0,1007.3,1007.3,1006.9,-9999,24.2,22.5,24.4,24.2,22.5,22.4,90,89,90,120,0.0,0.0,N,PA,CASTANHAL,A202,-1.300875,-47.947967,47.13
939,2019-06-06,12:00,0.0,1008.2,1008.4,1008.2,1015,27.3,23.1,27.5,25.8,23.7,22.8,86,77,78,48,0.0,0.0,N,PA,CASTANHAL,A202,-1.300875,-47.947967,47.13
940,2019-06-06,16:00,0.0,1006.1,1007.0,1006.1,2062,31.1,23.4,31.9,30.6,24.1,22.7,67,60,64,129,0.0,0.0,N,PA,CASTANHAL,A202,-1.300875,-47.947967,47.13
941,2019-06-06,20:00,0.0,1004.8,1004.8,1003.5,157,28.2,23.4,31.2,28.2,24.1,22.3,77,60,75,349,1.8,0.0,N,PA,CASTANHAL,A202,-1.300875,-47.947967,47.13
942,2019-06-07,00:00,5.2,1007.3,1007.3,1006.6,-9999,24.9,23.5,25.5,24.8,23.6,23.2,92,88,92,86,0.0,0.0,N,PA,CASTANHAL,A202,-1.300875,-47.947967,47.13
943,2019-06-07,04:00,0.0,1007.6,1008.0,1007.6,-9999,24.3,23.3,24.5,24.3,23.4,23.3,94,94,94,153,0.0,0.0,N,PA,CASTANHAL,A202,-1.300875,-47.947967,47.13
944,2019-06-07,08:00,0.0,1006.6,1006.7,1006.6,-9999,23.9,23.0,23.9,23.7,23.0,22.8,95,95,95,169,0.0,0.0,N,PA,CASTANHAL,A202,-1.300875,-47.947967,47.13
945,2019-06-07,12:00,0.0,1007.7,1007.7,1007.3,1215,27.4,24.1,27.5,25.6,25.4,24.1,95,82,82,87,0.0,0.0,N,PA,CASTANHAL,A202,-1.300875,-47.947967,47.13
946,2019-06-07,16:00,0.0,1005.6,1006.8,1005.6,1502,31.8,23.3,31.8,30.4,24.3,22.6,68,61,61,84,5.1,0.0,N,PA,CASTANHAL,A202,-1.300875,-47.947967,47.13
947,2019-06-07,20:00,0.0,1005.2,1005.2,1004.7,206,26.8,23.9,26.8,26.5,23.9,23.3,85,82,84,147,0.0,0.0,N,PA,CASTANHAL,A202,-1.300875,-47.947967,47.13
948,2019-06-08,00:00,0.0,1007.1,1007.2,1006.8,-9999,25.3,23.0,25.4,25.1,23.5,23.0,90,87,87,310,0.0,0.0,N,PA,CASTANHAL,A202,-1.300875,-47.947967,47.13
949,2019-06-08,04:00,0.0,1008.1,1008.5,1008.1,-9999,24.1,22.9,24.4,24.1,23.1,22.9,93,92,93,177,0.0,0.0,N,PA,CASTANHAL,A202,-1.300875,-47.947967,47.13
950,2019-06-08,08:00,0.0,1006.8,1006.8,1006.4,-9999,23.8,22.7,23.8,23.7,22.7,22.6,94,94,94,172,0.0,0.0,N,PA,CASTANHAL,A202,-1.300875,-47.947967,47.13
951,2019-06-08,12:00,0.0,1008.6,1008.6,1008.0,1327,27.4,24.0,27.4,24.7,24.5,23.4,92,82,82,106,0.0,0.0,N,PA,CASTANHAL,A202,-1.300875,-47.947967,47.13
952,2019-06-08,16:00,0.0,1007.7,1008.2,1007.7,2607,31.8,22.8,31.8,30.3,23.6,22.3,66,58,59,104,5.8,0.0,N,PA,CASTANHAL,A202,-1.300875,-47.947967,47.13
953,2019-06-08,20:00,0.0,1007.3,1007.3,1006.9,384,27.9,24.9,28.8,27.9,25.0,24.2,84,77,84,17,5.2,0.0,N,PA,CASTANHAL,A202,-1.300875,-47.947967,47.13
954,2019-06-09,00:00,0.0,1008.5,1008.5,1008.0,-9999,25.9,24.0,26.2,25.9,24.1,23.9,90,87,90,67,0.0,0.0,N,PA,CASTANHAL,A202,-1.300875,-47.947967,47.13
955,2019-06-09,04:00,0.0,1008.6,1009.1,1008.6,-9999,24.8,23.1,25.1,24.8,23.4,23.1,91,90,91,78,2.2,0.0,N,PA,CASTANHAL,A202,-1.300875,-47.947967,47.13
956,2019-06-09,08:00,0.0,1007.6,1007.7,1007.5,-9999,24.1,22.5,24.2,24.1,22.6,22.4,91,91,91,77,0.0,0.0,N,PA,CASTANHAL,A202,-1.300875,-47.947967,47.13
957,2019-06-09,12:00,0.0,1009.1,1009.1,1008.9,1315,28.1,23.7,28.1,26.4,24.0,23.3,85,76,77,102,2.5,0.0,N,PA,CASTANHAL,A202,-1.300875,-47.947967,47.13
958,2019-06-09,16:00,0.0,1007.8,1008.4,1007.8,2218,30.7,23.0,32.4,30.7,24.2,21.5,66,55,64,127,0.0,0.0,N,PA,CASTANHAL,A202,-1.300875,-47.947967,47.13
959,2019-06-09,20:00,-9999.0,-9999.0,-9999.0,-9999.0,-9999,-9999.0,-9999.0,-9999.0,-9999.0,-9999.0,-9999.0,-9999,-9999,-9999,-9999,-9999.0,-9999.0,N,PA,CASTANHAL,A202,-1.300875,-47.947967,47.13
960,2019-06-10,00:00,0.0,1008.8,1008.8,1007.9,-9999,25.2,23.1,25.3,25.2,23.2,23.1,89,88,88,27,0.0,0.0,N,PA,CASTANHAL,A202,-1.300875,-47.947967,47.13
961,2019-06-10,04:00,0.0,1009.3,1009.5,1009.3,-9999,24.9,23.0,25.1,24.9,23.3,23.0,90,89,90,104,0.0,0.0,N,PA,CASTANHAL,A202,-1.300875,-47.947967,47.13
962,2019-06-10,08:00,0.0,1007.5,1007.5,1007.4,-9999,23.7,22.6,23.9,23.7,22.8,22.6,93,93,93,107,0.0,0.0,N,PA,CASTANHAL,A202,-1.300875,-47.947967,47.13
963,2019-06-10,12:00,0.0,1009.1,1009.1,1008.8,1185,28.3,24.4,28.3,26.5,24.5,23.8,88,79,79,88,0.0,0.0,N,PA,CASTANHAL,A202,-1.300875,-47.947967,47.13
964,2019-06-10,16:00,0.0,1007.3,1008.2,1007.3,1993,31.1,22.9,32.3,30.7,24.0,22.2,65,58,62,79,0.0,0.0,N,PA,CASTANHAL,A202,-1.300875,-47.947967,47.13
965,2019-06-10,20:00,0.0,1005.4,1005.4,1004.9,107,26.7,23.8,28.8,26.7,25.0,23.6,86,80,84,27,4.8,0.0,N,PA,CASTANHAL,A202,-1.300875,-47.947967,47.13
966,2019-06-11,00:00,13.6,1008.3,1008.4,1007.5,-9999,25.1,23.8,25.4,24.9,23.8,23.0,93,87,93,117,0.0,0.0,N,PA,CASTANHAL,A202,-1.300875,-47.947967,47.13
967,2019-06-11,04:00,7.0,1008.6,1009.2,1008.6,0,24.4,23.4,24.7,24.4,23.7,23.4,94,94,94,130,0.0,0.0,N,PA,CASTANHAL,A202,-1.300875,-47.947967,47.13
968,2019-06-11,08:00,0.0,1006.6,1007.0,1006.6,-9999,24.1,23.0,24.1,23.9,23.0,22.8,94,94,94,37,0.0,0.0,N,PA,CASTANHAL,A202,-1.300875,-47.947967,47.13
969,2019-06-11,12:00,0.0,1008.8,1008.8,1008.2,1123,27.1,23.6,27.2,25.1,24.0,23.1,90,80,81,55,0.0,0.0,N,PA,CASTANHAL,A202,-1.300875,-47.947967,47.13
970,2019-06-11,16:00,0.0,1007.0,1007.6,1007.0,1962,31.0,22.8,31.8,30.3,24.3,22.5,66,59,62,85,4.9,0.0,N,PA,CASTANHAL,A202,-1.300875,-47.947967,47.13
971,2019-06-11,20:00,18.6,1006.0,1006.0,1004.5,85,24.5,23.2,30.5,24.0,24.4,22.5,93,65,92,25,7.2,0.0,N,PA,CASTANHAL,A202,-1.300875,-47.947967,47.13
972,2019-06-12,00:00,0.2,1008.0,1008.1,1007.6,-9999,24.6,23.5,24.6,24.4,23.5,23.2,93,93,93,99,0.0,0.0,N,PA,CASTANHAL,A202,-1.300875,-47.947967,47.13
973,2019-06-12,04:00,0.0,1007.7,1008.5,1007.7,-9999,24.3,23.0,24.4,24.3,23.1,22.9,93,92,92,72,0.0,0.0,N,PA,CASTANHAL,A202,-1.300875,-47.947967,47.13
974,2019-06-12,08:00,0.0,1006.4,1006.4,1006.1,-9999,24.3,22.8,24.4,24.3,22.9,22.8,92,91,91,57,1.6,0.0,N,PA,CASTANHAL,A202,-1.300875,-47.947967,47.13
975,2019-06-12,12:00,0.4,1008.9,1008.9,1008.3,475,26.3,24.3,26.3,25.3,24.3,23.3,90,88,89,86,4.4,0.0,N,PA,CASTANHAL,A202,-1.300875,-47.947967,47.13
976,2019-06-12,16:00,0.0,1007.8,1008.6,1007.8,732,27.1,23.6,27.1,26.3,23.6,22.7,83,79,81,41,3.4,0.0,N,PA,CASTANHAL,A202,-1.300875,-47.947967,47.13
977,2019-06-12,20:00,0.0,1006.2,1006.2,1005.9,595,27.6,23.2,28.2,27.6,23.2,22.3,77,70,77,29,3.6,0.0,N,PA,CASTANHAL,A202,-1.300875,-47.947967,47.13
978,2019-06-13,00:00,0.0,1009.0,1009.0,1008.0,-9999,25.2,23.3,25.6,25.2,23.6,23.3,90,88,89,28,0.0,0.0,N,PA,CASTANHAL,A202,-1.300875,-47.947967,47.13
979,2019-06-13,04:00,0.0,1008.5,1009.3,1008.5,-9999,24.5,23.0,24.6,24.5,23.0,23.0,92,91,92,42,0.0,0.0,N,PA,CASTANHAL,A202,-1.300875,-47.947967,47.13
980,2019-06-13,08:00,0.0,1007.5,1007.5,1007.3,-9999,24.0,22.6,24.0,23.9,22.6,22.6,92,92,92,55,0.0,0.0,N,PA,CASTANHAL,A202,-1.300875,-47.947967,47.13
981,2019-06-13,12:00,0.0,1009.2,1009.2,1008.7,598,26.5,23.7,26.5,25.3,23.7,22.9,87,84,85,77,0.0,0.0,N,PA,CASTANHAL,A202,-1.300875,-47.947967,47.13
982,2019-06-13,16:00,0.0,1007.6,1008.6,1007.6,2271,31.5,23.3,32.1,30.5,24.3,22.4,67,59,62,68,0.0,0.0,N,PA,CASTANHAL,A202,-1.300875,-47.947967,47.13
983,2019-06-13,20:00,0.0,1006.3,1006.3,1005.8,185,26.0,23.7,26.3,26.0,23.8,23.4,87,85,87,10,4.3,0.0,N,PA,CASTANHAL,A202,-1.300875,-47.947967,47.13
984,2019-06-14,00:00,0.0,1009.3,1009.3,1007.8,-9999,24.8,22.3,26.2,24.8,24.3,22.1,90,85,86,108,3.6,0.0,N,PA,CASTANHAL,A202,-1.300875,-47.947967,47.13
985,2019-06-14,04:00,0.0,1008.8,1009.4,1008.7,-9999,24.0,22.8,24.3,24.0,23.1,22.8,93,93,93,78,0.0,0.0,N,PA,CASTANHAL,A202,-1.300875,-47.947967,47.13
986,2019-06-14,08:00,0.0,1007.4,1007.5,1007.3,-9999,23.2,22.1,23.2,22.9,22.1,21.9,94,94,94,70,0.0,0.0,N,PA,CASTANHAL,A202,-1.300875,-47.947967,47.13
987,2019-06-14,12:00,0.0,1008.9,1008.9,1008.6,745,26.7,24.2,26.7,25.2,24.3,23.7,92,86,86,93,2.4,0.0,N,PA,CASTANHAL,A202,-1.300875,-47.947967,47.13
988,2019-06-14,16:00,0.0,1007.3,1008.4,1007.3,1773,30.8,23.6,31.5,29.7,24.8,22.7,75,63,66,115,2.0,0.0,N,PA,CASTANHAL,A202,-1.300875,-47.947967,47.13
989,2019-06-14,20:00,0.8,1006.2,1006.3,1005.7,174,26.0,23.9,27.3,26.0,24.3,23.5,89,81,88,51,6.1,0.0,N,PA,CASTANHAL,A202,-1.300875,-47.947967,47.13
990,2019-06-15,00:00,0.0,1008.8,1008.8,1008.2,-9999,24.8,23.0,24.8,24.7,23.0,22.8,90,89,90,59,0.0,0.0,N,PA,CASTANHAL,A202,-1.300875,-47.947967,47.13
991,2019-06-15,04:00,0.0,1007.9,1008.9,1007.9,-9999,25.0,23.4,25.0,24.9,23.5,23.3,91,91,91,86,3.2,0.0,N,PA,CASTANHAL,A202,-1.300875,-47.947967,47.13
992,2019-06-15,08:00,0.0,1007.2,1007.2,1007.0,-9999,24.6,23.3,24.9,24.6,23.6,23.3,93,92,93,93,0.0,0.0,N,PA,CASTANHAL,A202,-1.300875,-47.947967,47.13
993,2019-06-15,12:00,0.0,1009.0,1009.0,1008.7,958,27.1,23.0,27.2,25.7,23.1,22.3,86,78,78,90,7.1,0.4,N,PA,CASTANHAL,A202,-1.300875,-47.947967,47.13
994,2019-06-15,16:00,6.0,1007.8,1008.4,1007.8,985,27.0,24.8,30.2,26.9,25.5,23.0,88,67,88,93,4.8,0.0,N,PA,CASTANHAL,A202,-1.300875,-47.947967,47.13
995,2019-06-15,20:00,1.4,1006.7,1007.0,1006.7,132,24.5,22.8,27.8,24.5,23.6,22.4,91,76,90,79,13.3,0.0,N,PA,CASTANHAL,A202,-1.300875,-47.947967,47.13
996,2019-06-16,00:00,0.0,1009.1,1009.1,1008.7,-9999,24.4,22.4,24.6,24.4,22.5,22.3,88,88,88,89,5.9,0.0,N,PA,CASTANHAL,A202,-1.300875,-47.947967,47.13
997,2019-06-16,04:00,0.0,1008.8,1009.4,1008.8,-9999,23.4,22.1,24.0,23.4,22.4,22.1,92,91,92,139,0.0,0.0,N,PA,CASTANHAL,A202,-1.300875,-47.947967,47.13
998,2019-06-16,08:00,0.0,1007.3,1007.4,1007.2,-9999,22.3,21.3,22.6,22.3,21.6,21.3,94,94,94,143,0.0,0.0,N,PA,CASTANHAL,A202,-1.300875,-47.947967,47.13
999,2019-06-16,12:00,0.0,1009.7,1009.7,1009.1,1267,26.6,23.5,26.9,24.4,24.6,23.4,94,83,83,95,0.0,0.0,N,PA,CASTANHAL,A202,-1.300875,-47.947967,47.13
1000,2019-06-16,16:00,0.0,1008.5,1009.4,1008.5,2630,30.9,22.4,31.1,29.6,24.0,21.8,68,60,61,104,6.6,0.0,N,PA,CASTANHAL,A202,-1.300875,-47.947967,47.13
1001,2019-06-16,20:00,0.0,1006.5,1006.5,1005.9,795,31.0,21.1,32.5,31.0,22.5,20.8,59,52,56,99,4.7,0.0,N,PA,CASTANHAL,A202,-1.300875,-47.947967,47.13
1002,2019-06-17,00:00,0.4,1009.1,1009.1,1008.6,-9999,24.5,23.2,24.7,24.5,23.3,22.9,92,90,92,348,0.0,0.0,N,PA,CASTANHAL,A202,-1.300875,-47.947967,47.13
1003,2019-06-17,04:00,0.0,1009.0,1009.7,1009.0,-9999,24.3,22.7,24.5,24.3,22.9,22.7,91,90,91,74,0.0,0.0,N,PA,CASTANHAL,A202,-1.300875,-47.947967,47.13
1004,2019-06-17,08:00,0.0,1007.8,1008.0,1007.8,-9999,24.2,22.9,24.5,24.2,23.0,22.9,92,91,92,121,0.0,0.0,N,PA,CASTANHAL,A202,-1.300875,-47.947967,47.13
1005,2019-06-17,12:00,0.0,1009.8,1009.8,1009.2,1277,27.6,23.4,27.6,25.0,24.6,23.2,93,78,78,69,0.0,0.0,N,PA,CASTANHAL,A202,-1.300875,-47.947967,47.13
1006,2019-06-17,16:00,0.0,1008.2,1009.0,1008.2,2312,31.3,22.5,31.9,30.6,24.3,22.3,67,58,59,88,0.0,0.0,N,PA,CASTANHAL,A202,-1.300875,-47.947967,47.13
1007,2019-06-17,20:00,0.0,1006.0,1006.0,1005.9,797,31.5,22.2,32.7,31.4,23.1,21.8,60,54,58,103,0.0,0.0,N,PA,CASTANHAL,A202,-1.300875,-47.947967,47.13
1008,2019-06-18,00:00,20.2,1009.7,1009.8,1008.6,-9999,24.0,22.9,26.7,23.8,23.6,21.9,93,79,93,121,9.6,0.0,N,PA,CASTANHAL,A202,-1.300875,-47.947967,47.13
1009,2019-06-18,04:00,0.0,1009.7,1010.1,1009.7,-9999,25.0,23.3,25.2,24.6,23.5,23.1,91,90,91,26,3.0,0.0,N,PA,CASTANHAL,A202,-1.300875,-47.947967,47.13
1010,2019-06-18,08:00,0.0,1008.4,1008.4,1008.3,-9999,24.2,23.1,24.3,24.1,23.2,23.0,94,93,94,51,0.0,0.0,N,PA,CASTANHAL,A202,-1.300875,-47.947967,47.13
1011,2019-06-18,12:00,0.0,1009.7,1009.7,1009.4,1272,27.4,23.5,27.5,26.1,24.5,23.5,90,79,79,65,6.9,0.4,N,PA,CASTANHAL,A202,-1.300875,-47.947967,47.13
1012,2019-06-18,16:00,0.0,1008.3,1009.2,1008.3,2586,31.3,23.4,31.6,30.2,24.4,22.7,68,60,63,75,5.3,0.0,N,PA,CASTANHAL,A202,-1.300875,-47.947967,47.13
1013,2019-06-18,20:00,0.0,1005.5,1005.7,1005.3,732,32.0,23.0,32.0,30.6,23.7,21.7,63,56,59,79,2.2,0.0,N,PA,CASTANHAL,A202,-1.300875,-47.947967,47.13
1014,2019-06-19,00:00,0.8,1009.0,1009.0,1007.8,-9999,25.6,23.8,26.5,25.6,23.8,23.2,89,83,89,126,6.4,0.0,N,PA,CASTANHAL,A202,-1.300875,-47.947967,47.13
1015,2019-06-19,04:00,0.0,1009.4,1009.6,1009.4,-9999,25.2,23.3,25.5,25.2,23.5,23.3,90,89,89,66,0.0,0.0,N,PA,CASTANHAL,A202,-1.300875,-47.947967,47.13
1016,2019-06-19,08:00,0.0,1008.4,1008.5,1008.3,-9999,24.2,22.7,24.5,24.2,22.9,22.7,91,91,91,55,0.0,0.0,N,PA,CASTANHAL,A202,-1.300875,-47.947967,47.13
1017,2019-06-19,12:00,0.0,1010.4,1010.4,1009.8,1265,27.6,22.7,27.7,26.1,23.2,22.4,81,74,75,63,5.4,0.1,N,PA,CASTANHAL,A202,-1.300875,-47.947967,47.13
1018,2019-06-19,16:00,0.0,1009.6,1010.2,1009.6,2390,30.5,22.3,31.5,30.2,23.2,21.7,65,57,62,125,0.0,0.0,N,PA,CASTANHAL,A202,-1.300875,-47.947967,47.13
1019,2019-06-19,20:00,0.0,1007.0,1007.3,1006.9,903,31.5,21.5,31.8,30.7,22.5,20.9,61,53,56,114,0.0,0.0,N,PA,CASTANHAL,A202,-1.300875,-47.947967,47.13
1020,2019-06-20,00:00,5.4,1009.4,1009.4,1008.6,-9999,25.6,23.8,27.2,25.6,24.2,23.6,90,82,90,73,7.4,0.0,N,PA,CASTANHAL,A202,-1.300875,-47.947967,47.13
1021,2019-06-20,04:00,0.0,1009.2,1009.6,1009.2,-9999,24.5,21.9,24.8,24.4,22.0,21.9,86,84,86,63,0.0,0.0,N,PA,CASTANHAL,A202,-1.300875,-47.947967,47.13
1022,2019-06-20,08:00,0.0,1008.7,1008.7,1008.3,-9999,23.6,22.1,24.1,23.6,22.5,22.1,92,90,92,108,0.0,0.0,N,PA,CASTANHAL,A202,-1.300875,-47.947967,47.13
1023,2019-06-20,12:00,0.0,1010.1,1010.1,1009.7,1160,28.0,23.2,28.1,25.7,24.1,22.7,87,74,75,58,0.0,0.0,N,PA,CASTANHAL,A202,-1.300875,-47.947967,47.13
1024,2019-06-20,16:00,0.0,1009.0,1009.9,1009.0,2871,31.7,23.0,31.8,30.7,24.1,22.5,66,59,60,121,0.0,0.0,N,PA,CASTANHAL,A202,-1.300875,-47.947967,47.13
1025,2019-06-20,20:00,0.0,1007.1,1007.2,1006.9,770,31.9,22.3,32.7,31.4,23.0,21.5,59,53,57,126,1.1,0.0,N,PA,CASTANHAL,A202,-1.300875,-47.947967,47.13
1026,2019-06-21,00:00,0.2,1008.9,1008.9,1008.6,-9999,25.0,22.7,25.6,24.8,22.7,22.2,87,81,87,50,0.0,0.0,N,PA,CASTANHAL,A202,-1.300875,-47.947967,47.13
1027,2019-06-21,04:00,0.0,1010.0,1010.1,1009.9,-9999,24.1,22.2,24.6,24.1,22.3,21.9,89,85,89,101,0.0,0.0,N,PA,CASTANHAL,A202,-1.300875,-47.947967,47.13
1028,2019-06-21,08:00,0.0,1008.5,1008.6,1008.5,-9999,24.1,22.5,24.1,24.0,22.5,22.0,90,89,90,66,0.0,0.0,N,PA,CASTANHAL,A202,-1.300875,-47.947967,47.13
1029,2019-06-21,12:00,0.0,1010.5,1010.5,1010.1,1199,27.9,24.2,28.0,26.3,24.6,23.7,86,80,81,77,6.6,0.8,N,PA,CASTANHAL,A202,-1.300875,-47.947967,47.13
1030,2019-06-21,16:00,0.0,1009.6,1010.1,1009.6,2049,31.0,21.9,32.1,30.4,24.0,21.6,64,55,59,79,7.2,0.1,N,PA,CASTANHAL,A202,-1.300875,-47.947967,47.13
1031,2019-06-21,20:00,0.0,1007.8,1007.8,1007.4,684,30.8,21.2,32.9,30.8,22.1,20.5,58,50,57,113,4.4,0.0,N,PA,CASTANHAL,A202,-1.300875,-47.947967,47.13
1032,2019-06-22,00:00,0.0,1010.2,1010.2,1009.8,-9999,24.5,22.2,24.5,24.3,22.9,22.2,91,87,87,57,0.0,0.0,N,PA,CASTANHAL,A202,-1.300875,-47.947967,47.13
1033,2019-06-22,04:00,0.0,1011.2,1011.7,1011.2,-9999,24.3,22.5,24.5,24.3,22.6,22.5,90,89,90,85,0.0,0.0,N,PA,CASTANHAL,A202,-1.300875,-47.947967,47.13
1034,2019-06-22,08:00,0.0,1010.1,1010.2,1010.0,-9999,23.6,22.4,23.6,23.4,22.4,22.3,93,93,93,82,0.0,0.0,N,PA,CASTANHAL,A202,-1.300875,-47.947967,47.13
1035,2019-06-22,12:00,0.0,1011.9,1011.9,1011.4,1250,27.7,24.0,27.7,25.6,24.3,23.6,90,80,80,88,2.4,0.0,N,PA,CASTANHAL,A202,-1.300875,-47.947967,47.13
1036,2019-06-22,16:00,0.0,1010.0,1010.9,1010.0,2193,31.0,23.4,31.7,30.0,24.2,22.6,69,60,64,135,6.5,0.0,N,PA,CASTANHAL,A202,-1.300875,-47.947967,47.13
1037,2019-06-22,20:00,5.2,1009.4,1009.7,1009.3,512,25.3,23.6,25.8,24.3,23.8,22.4,92,81,90,129,9.8,0.0,N,PA,CASTANHAL,A202,-1.300875,-47.947967,47.13
1038,2019-06-23,00:00,0.0,1011.6,1011.6,1010.8,-9999,24.3,22.9,24.8,24.3,23.4,22.8,92,92,92,118,1.1,0.0,N,PA,CASTANHAL,A202,-1.300875,-47.947967,47.13
1039,2019-06-23,04:00,0.0,1011.5,1011.8,1011.5,-9999,24.3,22.5,24.4,24.3,22.6,22.4,90,89,89,2,0.0,0.0,N,PA,CASTANHAL,A202,-1.300875,-47.947967,47.13
1040,2019-06-23,08:00,0.0,1009.8,1009.9,1009.7,-9999,24.0,22.0,24.1,24.0,22.2,22.0,89,88,88,71,3.3,0.0,N,PA,CASTANHAL,A202,-1.300875,-47.947967,47.13
1041,2019-06-23,12:00,0.0,1011.2,1011.2,1010.4,983,27.2,22.3,27.9,26.3,23.0,22.0,79,73,74,82,3.1,0.0,N,PA,CASTANHAL,A202,-1.300875,-47.947967,47.13
1042,2019-06-23,16:00,0.0,1009.5,1010.1,1009.5,1796,30.6,22.5,30.6,29.7,23.3,21.6,67,60,62,66,0.0,0.0,N,PA,CASTANHAL,A202,-1.300875,-47.947967,47.13
1043,2019-06-23,20:00,0.0,1007.4,1007.7,1007.4,414,27.8,22.1,28.9,27.8,24.1,22.1,76,71,71,182,0.0,0.0,N,PA,CASTANHAL,A202,-1.300875,-47.947967,47.13
1044,2019-06-24,00:00,0.4,1009.7,1009.8,1009.4,-9999,23.6,22.1,23.7,23.5,22.2,21.9,92,91,91,127,0.0,0.0,N,PA,CASTANHAL,A202,-1.300875,-47.947967,47.13
1045,2019-06-24,04:00,0.0,1009.3,1009.9,1009.3,-9999,23.8,22.0,23.9,23.6,22.2,22.0,91,90,90,55,0.0,0.0,N,PA,CASTANHAL,A202,-1.300875,-47.947967,47.13
1046,2019-06-24,08:00,0.0,1007.3,1007.4,1007.2,-9999,23.2,22.1,23.3,23.2,22.1,22.0,93,93,93,95,0.0,0.0,N,PA,CASTANHAL,A202,-1.300875,-47.947967,47.13
1047,2019-06-24,12:00,0.0,1008.9,1009.0,1008.6,1151,27.0,22.6,27.0,24.5,23.7,21.8,91,76,77,87,0.0,0.0,N,PA,CASTANHAL,A202,-1.300875,-47.947967,47.13
1048,2019-06-24,16:00,0.0,1006.8,1007.7,1006.8,1817,29.9,23.4,31.2,29.6,23.7,21.6,68,58,68,128,3.9,0.0,N,PA,CASTANHAL,A202,-1.300875,-47.947967,47.13
1049,2019-06-24,20:00,0.2,1005.1,1005.1,1004.5,393,27.4,23.2,31.2,27.4,23.8,21.7,78,58,78,104,0.0,0.0,N,PA,CASTANHAL,A202,-1.300875,-47.947967,47.13
1050,2019-06-25,00:00,0.0,1007.2,1007.2,1006.5,-9999,24.9,22.8,25.6,24.9,22.8,22.5,88,83,88,82,0.0,0.0,N,PA,CASTANHAL,A202,-1.300875,-47.947967,47.13
1051,2019-06-25,04:00,0.0,1007.3,1007.8,1007.3,-9999,23.5,22.3,23.7,23.5,22.4,22.3,93,93,93,93,0.0,0.0,N,PA,CASTANHAL,A202,-1.300875,-47.947967,47.13
1052,2019-06-25,08:00,0.0,1006.1,1006.2,1005.9,-9999,22.7,21.6,23.1,22.7,22.0,21.6,94,94,94,152,0.0,0.0,N,PA,CASTANHAL,A202,-1.300875,-47.947967,47.13
1053,2019-06-25,12:00,0.0,1008.0,1008.0,1007.7,1235,27.0,23.5,27.2,25.0,24.4,23.5,93,81,81,96,0.2,0.0,N,PA,CASTANHAL,A202,-1.300875,-47.947967,47.13
1054,2019-06-25,16:00,0.0,1006.5,1007.5,1006.5,2037,30.8,22.7,31.3,30.1,23.6,22.0,66,59,62,111,0.0,0.0,N,PA,CASTANHAL,A202,-1.300875,-47.947967,47.13
1055,2019-06-25,20:00,0.0,1004.8,1004.8,1003.9,169,26.2,22.9,30.9,26.2,23.5,22.2,83,61,82,15,0.5,0.0,N,PA,CASTANHAL,A202,-1.300875,-47.947967,47.13
1056,2019-06-26,00:00,0.0,1007.7,1007.7,1007.2,-9999,24.9,23.3,25.3,24.9,23.3,23.1,91,88,91,117,0.0,0.0,N,PA,CASTANHAL,A202,-1.300875,-47.947967,47.13
1057,2019-06-26,04:00,0.0,1007.9,1008.3,1007.9,-9999,24.3,22.7,24.3,24.2,22.7,22.6,91,91,91,87,0.0,0.0,N,PA,CASTANHAL,A202,-1.300875,-47.947967,47.13
1058,2019-06-26,08:00,0.0,1007.3,1007.3,1007.0,-9999,23.0,22.0,23.2,23.0,22.1,22.0,94,93,94,185,0.0,0.0,N,PA,CASTANHAL,A202,-1.300875,-47.947967,47.13
1059,2019-06-26,12:00,0.0,1008.4,1008.4,1008.2,1288,26.6,23.9,26.6,24.4,24.1,23.1,92,84,85,137,0.0,0.0,N,PA,CASTANHAL,A202,-1.300875,-47.947967,47.13
1060,2019-06-26,16:00,0.0,1007.2,1008.0,1007.2,2713,32.0,22.4,32.2,30.9,23.7,22.1,64,57,57,117,0.0,0.0,N,PA,CASTANHAL,A202,-1.300875,-47.947967,47.13
1061,2019-06-26,20:00,0.0,1005.3,1005.4,1005.2,909,31.8,21.4,32.2,31.2,23.3,21.1,62,53,54,104,0.0,0.0,N,PA,CASTANHAL,A202,-1.300875,-47.947967,47.13
1062,2019-06-27,00:00,0.0,1008.1,1008.1,1007.3,-9999,26.2,22.7,27.2,26.2,23.4,22.7,82,80,81,48,4.5,0.0,N,PA,CASTANHAL,A202,-1.300875,-47.947967,47.13
1063,2019-06-27,04:00,0.0,1008.0,1008.5,1007.9,-9999,24.9,22.9,25.3,24.9,23.0,22.6,89,85,89,115,0.0,0.0,N,PA,CASTANHAL,A202,-1.300875,-47.947967,47.13
1064,2019-06-27,08:00,0.0,1007.3,1007.3,1006.8,-9999,24.1,22.6,24.2,24.0,22.8,22.6,92,91,91,91,0.0,0.0,N,PA,CASTANHAL,A202,-1.300875,-47.947967,47.13
1065,2019-06-27,12:00,0.0,1008.7,1008.7,1008.4,1250,27.6,23.5,27.8,26.2,24.0,23.1,85,77,78,57,2.9,0.0,N,PA,CASTANHAL,A202,-1.300875,-47.947967,47.13
1066,2019-06-27,16:00,0.0,1008.1,1008.6,1008.1,1999,31.0,22.7,31.6,30.4,23.5,22.0,65,58,61,94,4.8,0.0,N,PA,CASTANHAL,A202,-1.300875,-47.947967,47.13
1067,2019-06-27,20:00,0.0,1005.9,1006.1,1005.9,699,30.9,22.8,32.3,30.9,22.9,21.2,62,52,62,145,0.0,0.0,N,PA,CASTANHAL,A202,-1.300875,-47.947967,47.13
1068,2019-06-28,00:00,0.0,1007.9,1007.9,1007.2,-9999,26.5,23.2,27.0,26.3,23.2,22.8,82,78,82,52,0.0,0.0,N,PA,CASTANHAL,A202,-1.300875,-47.947967,47.13
1069,2019-06-28,04:00,0.0,1007.5,1008.0,1007.5,-9999,25.1,22.9,25.3,25.0,23.1,22.9,88,88,88,60,0.0,0.0,N,PA,CASTANHAL,A202,-1.300875,-47.947967,47.13
1070,2019-06-28,08:00,0.0,1006.4,1006.4,1006.2,-9999,24.3,22.7,24.9,24.3,23.2,22.7,91,90,91,109,0.0,0.0,N,PA,CASTANHAL,A202,-1.300875,-47.947967,47.13
1071,2019-06-28,12:00,0.0,1008.0,1008.0,1007.4,1223,28.3,23.8,28.5,26.7,24.5,23.5,84,76,77,81,4.1,0.0,N,PA,CASTANHAL,A202,-1.300875,-47.947967,47.13
1072,2019-06-28,16:00,0.0,1007.0,1007.6,1007.0,1880,31.6,23.7,32.0,30.9,24.1,22.4,65,58,63,117,7.5,0.0,N,PA,CASTANHAL,A202,-1.300875,-47.947967,47.13
1073,2019-06-28,20:00,0.6,1004.6,1004.6,1004.3,653,30.4,23.8,31.4,28.2,25.9,22.1,83,58,68,40,0.0,0.0,N,PA,CASTANHAL,A202,-1.300875,-47.947967,47.13
1074,2019-06-29,00:00,0.0,1007.1,1007.1,1006.5,-9999,25.6,22.4,25.8,25.6,23.1,22.3,85,81,82,46,0.0,0.0,N,PA,CASTANHAL,A202,-1.300875,-47.947967,47.13
1075,2019-06-29,04:00,0.0,1007.2,1007.9,1007.2,-9999,25.3,23.2,25.7,25.3,23.2,23.1,88,86,88,58,0.0,0.0,N,PA,CASTANHAL,A202,-1.300875,-47.947967,47.13
1076,2019-06-29,08:00,0.0,1005.8,1005.8,1005.4,-9999,24.5,23.0,24.7,24.5,23.2,23.0,92,91,92,92,0.0,0.0,N,PA,CASTANHAL,A202,-1.300875,-47.947967,47.13
1077,2019-06-29,12:00,0.0,1007.2,1007.2,1007.0,1237,28.4,24.0,28.6,26.2,24.4,23.6,86,76,77,79,0.0,0.0,N,PA,CASTANHAL,A202,-1.300875,-47.947967,47.13
1078,2019-06-29,16:00,0.0,1006.2,1006.9,1006.2,2191,30.9,22.7,32.1,30.5,24.4,22.4,67,56,61,125,6.3,0.3,N,PA,CASTANHAL,A202,-1.300875,-47.947967,47.13
1079,2019-06-29,20:00,0.0,1003.8,1003.8,1003.5,949,32.0,22.9,32.2,31.2,23.2,21.4,60,54,59,148,4.7,0.0,N,PA,CASTANHAL,A202,-1.300875,-47.947967,47.13
1080,2019-06-30,00:00,0.0,1006.8,1006.8,1005.9,-9999,25.6,22.4,26.2,25.5,22.5,21.7,83,76,82,76,1.3,0.0,N,PA,CASTANHAL,A202,-1.300875,-47.947967,47.13
1081,2019-06-30,04:00,0.0,1007.3,1007.8,1007.3,-9999,25.0,22.8,25.3,25.0,22.9,22.8,88,86,88,70,2.1,0.0,N,PA,CASTANHAL,A202,-1.300875,-47.947967,47.13
1082,2019-06-30,08:00,0.0,1005.6,1005.8,1005.5,-9999,24.1,22.5,24.4,24.1,22.8,22.5,91,90,91,79,0.0,0.0,N,PA,CASTANHAL,A202,-1.300875,-47.947967,47.13
1083,2019-06-30,12:00,-9999.0,-9999.0,-9999.0,-9999.0,-9999,-9999.0,-9999.0,-9999.0,-9999.0,-9999.0,-9999.0,-9999,-9999,-9999,-9999,-9999.0,-9999.0,N,PA,CASTANHAL,A202,-1.300875,-47.947967,47.13
1084,2019-06-30,16:00,0.0,1006.5,1007.3,1006.5,2127,30.8,21.5,31.9,30.3,22.6,20.6,63,52,58,100,7.4,0.0,N,PA,CASTANHAL,A202,-1.300875,-47.947967,47.13
1085,2019-06-30,20:00,2.2,1005.4,1005.5,1004.1,355,24.6,22.7,32.0,24.6,22.7,20.7,89,55,89,50,15.1,0.0,N,PA,CASTANHAL,A202,-1.300875,-47.947967,47.13
1086,2019-07-01,00:00,0.0,1007.1,1007.1,1006.4,-9999,24.8,22.1,24.8,24.4,22.1,21.8,87,85,85,74,1.7,0.0,N,PA,CASTANHAL,A202,-1.300875,-47.947967,47.13
1087,2019-07-01,04:00,0.0,1007.1,1007.5,1007.1,-9999,24.5,22.2,24.7,24.5,22.5,22.2,88,86,87,67,0.0,0.0,N,PA,CASTANHAL,A202,-1.300875,-47.947967,47.13
1088,2019-07-01,08:00,0.0,1005.2,1005.2,1005.0,-9999,23.1,21.9,23.4,23.1,22.0,21.9,93,92,93,98,0.0,0.0,N,PA,CASTANHAL,A202,-1.300875,-47.947967,47.13
1089,2019-07-01,12:00,0.0,1008.0,1008.0,1007.4,1250,28.3,21.9,28.3,25.9,22.7,21.5,82,67,68,85,3.1,0.0,N,PA,CASTANHAL,A202,-1.300875,-47.947967,47.13
1090,2019-07-01,16:00,0.0,1006.5,1007.3,1006.5,2735,31.4,21.8,31.6,30.8,22.5,20.9,61,55,57,139,5.5,0.0,N,PA,CASTANHAL,A202,-1.300875,-47.947967,47.13
1091,2019-07-01,20:00,0.0,1004.4,1004.4,1004.3,842,31.5,21.6,31.9,30.7,22.3,20.7,59,53,56,129,3.4,0.0,N,PA,CASTANHAL,A202,-1.300875,-47.947967,47.13
1092,2019-07-02,00:00,-9999.0,-9999.0,-9999.0,-9999.0,-9999,-9999.0,-9999.0,-9999.0,-9999.0,-9999.0,-9999.0,-9999,-9999,-9999,-9999,-9999.0,-9999.0,N,PA,CASTANHAL,A202,-1.300875,-47.947967,47.13
1093,2019-07-02,04:00,0.0,1006.2,1006.7,1006.2,-9999,25.0,20.3,25.1,24.9,20.6,19.9,76,73,75,67,0.0,0.0,N,PA,CASTANHAL,A202,-1.300875,-47.947967,47.13
1094,2019-07-02,08:00,0.0,1004.7,1004.8,1004.5,-9999,25.1,22.9,25.2,25.1,22.9,22.4,88,85,88,59,0.0,0.0,N,PA,CASTANHAL,A202,-1.300875,-47.947967,47.13
1095,2019-07-02,12:00,-9999.0,-9999.0,-9999.0,-9999.0,-9999,-9999.0,-9999.0,-9999.0,-9999.0,-9999.0,-9999.0,-9999,-9999,-9999,-9999,-9999.0,-9999.0,N,PA,CASTANHAL,A202,-1.300875,-47.947967,47.13
1096,2019-07-02,16:00,-9999.0,-9999.0,-9999.0,-9999.0,-9999,-9999.0,-9999.0,-9999.0,-9999.0,-9999.0,-9999.0,-9999,-9999,-9999,-9999,-9999.0,-9999.0,N,PA,CASTANHAL,A202,-1.300875,-47.947967,47.13
1097,2019-07-02,20:00,0.0,1004.3,1004.3,1002.5,447,25.7,21.4,32.2,25.7,23.3,21.4,78,55,78,82,15.9,6.5,N,PA,CASTANHAL,A202,-1.300875,-47.947967,47.13
1098,2019-07-03,00:00,0.4,1006.3,1006.5,1006.2,-9999,23.8,22.3,23.8,22.9,22.3,20.8,92,88,91,21,5.4,0.0,N,PA,CASTANHAL,A202,-1.300875,-47.947967,47.13
1099,2019-07-03,04:00,0.0,1006.3,1006.7,1006.3,-9999,23.7,22.5,24.0,23.7,22.7,22.5,93,92,93,208,0.0,0.0,N,PA,CASTANHAL,A202,-1.300875,-47.947967,47.13
1100,2019-07-03,08:00,0.0,1005.4,1005.4,1005.1,-9999,22.6,21.6,23.0,22.6,21.9,21.6,94,93,94,143,0.0,0.0,N,PA,CASTANHAL,A202,-1.300875,-47.947967,47.13
1101,2019-07-03,12:00,-9999.0,-9999.0,-9999.0,-9999.0,-9999,-9999.0,-9999.0,-9999.0,-9999.0,-9999.0,-9999.0,-9999,-9999,-9999,-9999,-9999.0,-9999.0,N,PA,CASTANHAL,A202,-1.300875,-47.947967,47.13
1102,2019-07-03,16:00,0.0,1006.2,1007.1,1006.2,2405,30.8,22.1,31.7,30.0,23.6,21.8,67,57,60,38,6.5,0.0,N,PA,CASTANHAL,A202,-1.300875,-47.947967,47.13
1103,2019-07-03,20:00,14.0,1004.9,1005.5,1004.0,411,23.3,21.2,29.9,23.3,24.2,21.2,90,67,88,81,10.9,1.2,N,PA,CASTANHAL,A202,-1.300875,-47.947967,47.13
1104,2019-07-04,00:00,0.0,1007.0,1007.0,1006.4,-9999,25.5,22.6,25.6,25.5,23.4,22.6,88,84,84,35,0.0,0.0,N,PA,CASTANHAL,A202,-1.300875,-47.947967,47.13
1105,2019-07-04,04:00,0.0,1006.3,1006.9,1006.3,-9999,24.2,22.6,24.4,24.2,22.7,22.5,91,90,90,44,0.0,0.0,N,PA,CASTANHAL,A202,-1.300875,-47.947967,47.13
1106,2019-07-04,08:00,0.0,1005.6,1005.6,1005.3,-9999,22.7,21.7,23.1,22.7,21.9,21.7,94,93,94,149,0.0,0.0,N,PA,CASTANHAL,A202,-1.300875,-47.947967,47.13
1107,2019-07-04,12:00,-9999.0,-9999.0,-9999.0,-9999.0,-9999,-9999.0,-9999.0,-9999.0,-9999.0,-9999.0,-9999.0,-9999,-9999,-9999,-9999,-9999.0,-9999.0,N,PA,CASTANHAL,A202,-1.300875,-47.947967,47.13
1108,2019-07-04,16:00,0.0,1007.1,1007.8,1007.1,2345,31.6,22.9,31.6,30.1,23.5,22.0,65,59,60,96,7.1,0.0,N,PA,CASTANHAL,A202,-1.300875,-47.947967,47.13
1109,2019-07-04,20:00,0.0,1005.3,1005.4,1005.0,330,26.7,22.8,26.7,25.8,23.0,22.4,83,79,80,291,0.0,0.0,N,PA,CASTANHAL,A202,-1.300875,-47.947967,47.13
1110,2019-07-05,00:00,0.0,1007.7,1007.7,1006.7,-9999,26.3,23.7,26.8,26.3,23.7,23.5,86,82,86,51,0.0,0.0,N,PA,CASTANHAL,A202,-1.300875,-47.947967,47.13
1111,2019-07-05,04:00,0.0,1008.3,1008.6,1008.3,-9999,25.1,23.1,25.3,25.1,23.2,23.1,89,88,89,37,0.0,0.0,N,PA,CASTANHAL,A202,-1.300875,-47.947967,47.13
1112,2019-07-05,08:00,0.0,1008.2,1008.2,1008.0,-9999,23.2,22.1,24.0,23.2,22.8,22.0,93,93,93,12,0.0,0.0,N,PA,CASTANHAL,A202,-1.300875,-47.947967,47.13
1113,2019-07-05,12:00,0.0,1010.1,1010.3,1009.8,1256,27.7,23.5,27.7,26.1,24.0,23.4,88,78,78,68,4.7,0.0,N,PA,CASTANHAL,A202,-1.300875,-47.947967,47.13
1114,2019-07-05,16:00,-9999.0,-9999.0,-9999.0,-9999.0,-9999,-9999.0,-9999.0,-9999.0,-9999.0,-9999.0,-9999.0,-9999,-9999,-9999,-9999,-9999.0,-9999.0,N,PA,CASTANHAL,A202,-1.300875,-47.947967,47.13
1115,2019-07-05,20:00,0.0,1007.4,1007.5,1007.4,1054,32.0,21.5,32.2,31.6,23.2,21.3,61,53,54,100,3.8,0.0,N,PA,CASTANHAL,A202,-1.300875,-47.947967,47.13
1116,2019-07-06,00:00,0.0,1008.8,1008.8,1008.2,-9999,26.7,23.4,27.7,26.7,23.6,23.4,82,78,82,40,4.5,0.0,N,PA,CASTANHAL,A202,-1.300875,-47.947967,47.13
1117,2019-07-06,04:00,0.0,1009.4,1009.9,1009.4,-9999,25.1,23.2,25.4,25.1,23.2,23.1,89,88,89,41,0.0,0.0,N,PA,CASTANHAL,A202,-1.300875,-47.947967,47.13
1118,2019-07-07,20:00,0.0,1007.0,1007.0,1006.6,687,30.9,21.8,32.1,30.9,22.2,20.3,59,51,59,17,3.4,0.0,N,PA,CASTANHAL,A202,-1.300875,-47.947967,47.13
1119,2019-07-08,00:00,0.0,1010.1,1010.1,1009.1,-9999,26.5,23.1,27.1,26.5,23.1,22.9,81,78,81,7,0.0,0.0,N,PA,CASTANHAL,A202,-1.300875,-47.947967,47.13
1120,2019-07-08,04:00,0.0,1010.8,1011.5,1010.8,-9999,25.2,22.6,25.5,25.2,22.6,22.5,86,84,86,38,0.0,0.0,N,PA,CASTANHAL,A202,-1.300875,-47.947967,47.13
1121,2019-07-08,08:00,0.0,1009.6,1009.6,1009.5,-9999,23.6,22.4,24.0,23.6,22.5,22.4,93,92,93,130,0.0,0.0,N,PA,CASTANHAL,A202,-1.300875,-47.947967,47.13
1122,2019-07-08,12:00,0.0,1010.1,1010.1,1009.8,1258,27.9,22.7,27.9,25.9,23.6,22.7,87,74,74,77,0.0,0.0,N,PA,CASTANHAL,A202,-1.300875,-47.947967,47.13
1123,2019-07-08,16:00,0.0,1009.3,1009.9,1009.3,2268,31.1,21.3,31.5,30.3,22.2,20.5,60,53,56,96,0.0,0.0,N,PA,CASTANHAL,A202,-1.300875,-47.947967,47.13
1124,2019-07-08,20:00,0.0,1007.2,1007.2,1006.9,626,31.3,22.4,32.5,30.3,22.5,20.5,62,49,59,130,0.0,0.0,N,PA,CASTANHAL,A202,-1.300875,-47.947967,47.13
1125,2019-07-09,00:00,0.0,1010.0,1010.0,1009.3,-9999,26.0,22.2,26.4,26.0,22.5,22.2,80,78,80,61,0.0,0.0,N,PA,CASTANHAL,A202,-1.300875,-47.947967,47.13
1126,2019-07-09,04:00,0.0,1010.3,1010.7,1010.3,-9999,25.0,22.3,25.2,25.0,22.4,22.2,85,84,85,75,0.0,0.0,N,PA,CASTANHAL,A202,-1.300875,-47.947967,47.13
1127,2019-07-09,08:00,0.0,1009.5,1009.5,1009.0,-9999,24.1,22.3,24.4,24.1,22.3,22.2,89,88,89,79,0.0,0.0,N,PA,CASTANHAL,A202,-1.300875,-47.947967,47.13
1128,2019-07-09,12:00,0.0,1011.1,1011.1,1010.9,1195,27.7,23.2,28.1,25.8,23.7,22.9,85,75,77,91,0.0,0.0,N,PA,CASTANHAL,A202,-1.300875,-47.947967,47.13
1129,2019-07-09,16:00,0.0,1009.0,1009.9,1009.0,3181,31.8,21.7,31.9,31.1,23.6,21.5,63,55,55,105,7.3,0.0,N,PA,CASTANHAL,A202,-1.300875,-47.947967,47.13
1130,2019-07-09,20:00,0.0,1008.4,1008.4,1007.9,202,25.9,22.2,26.6,25.8,22.3,21.7,80,76,80,22,2.5,0.0,N,PA,CASTANHAL,A202,-1.300875,-47.947967,47.13
1131,2019-07-10,00:00,0.0,1010.3,1010.3,1009.6,-9999,25.4,22.8,25.5,25.3,22.8,22.7,86,84,85,55,0.8,0.0,N,PA,CASTANHAL,A202,-1.300875,-47.947967,47.13
1132,2019-07-10,04:00,0.0,1010.2,1010.6,1010.2,-9999,24.4,22.8,24.7,24.4,22.9,22.7,91,89,91,76,0.0,0.0,N,PA,CASTANHAL,A202,-1.300875,-47.947967,47.13
1133,2019-07-10,08:00,0.0,1008.7,1008.8,1008.5,-9999,24.0,22.6,24.2,23.9,22.6,22.4,92,90,92,87,0.0,0.0,N,PA,CASTANHAL,A202,-1.300875,-47.947967,47.13
1134,2019-07-10,12:00,0.0,1010.3,1010.4,1010.2,1227,28.1,23.4,28.1,26.2,23.5,22.8,83,75,75,76,2.5,0.0,N,PA,CASTANHAL,A202,-1.300875,-47.947967,47.13
1135,2019-07-10,16:00,0.0,1008.3,1009.3,1008.3,2094,31.1,20.9,31.4,30.0,23.3,20.9,65,55,55,98,0.0,0.0,N,PA,CASTANHAL,A202,-1.300875,-47.947967,47.13
1136,2019-07-10,20:00,0.0,1005.8,1005.9,1005.5,1195,32.1,20.5,32.5,32.1,21.7,20.0,54,48,50,114,0.0,0.0,N,PA,CASTANHAL,A202,-1.300875,-47.947967,47.13
1137,2019-07-11,00:00,0.2,1009.3,1009.4,1008.5,-9999,24.4,23.1,24.6,24.3,23.3,22.9,93,92,93,191,0.0,0.0,N,PA,CASTANHAL,A202,-1.300875,-47.947967,47.13
1138,2019-07-11,04:00,0.0,1008.3,1009.1,1008.3,-9999,24.4,22.6,24.5,24.4,22.9,22.6,91,90,90,42,0.0,0.0,N,PA,CASTANHAL,A202,-1.300875,-47.947967,47.13
1139,2019-07-11,08:00,0.0,1007.2,1007.3,1007.0,-9999,23.6,22.2,23.8,23.6,22.3,22.2,92,91,92,24,0.0,0.0,N,PA,CASTANHAL,A202,-1.300875,-47.947967,47.13
1140,2019-07-11,12:00,0.0,1008.6,1008.6,1007.9,657,25.8,22.8,25.8,24.3,23.0,22.4,90,84,84,68,0.0,0.0,N,PA,CASTANHAL,A202,-1.300875,-47.947967,47.13
1141,2019-07-11,16:00,0.0,1007.1,1008.0,1007.1,2431,31.2,23.7,31.2,29.5,23.8,21.1,66,59,65,100,5.2,0.0,N,PA,CASTANHAL,A202,-1.300875,-47.947967,47.13
1142,2019-07-11,20:00,5.0,1005.5,1005.7,1004.6,564,25.9,22.7,31.2,25.9,23.2,21.5,83,57,83,141,0.0,0.0,N,PA,CASTANHAL,A202,-1.300875,-47.947967,47.13
1143,2019-07-12,00:00,0.0,1007.9,1007.9,1007.2,-9999,24.9,22.6,25.0,24.8,23.2,22.6,89,87,87,57,0.0,0.0,N,PA,CASTANHAL,A202,-1.300875,-47.947967,47.13
1144,2019-07-12,04:00,0.0,1008.0,1008.4,1007.9,-9999,24.3,22.6,24.4,24.3,22.7,22.6,90,90,90,93,0.0,0.0,N,PA,CASTANHAL,A202,-1.300875,-47.947967,47.13
1145,2019-07-12,08:00,0.0,1006.5,1006.7,1006.5,-9999,23.8,22.4,24.4,23.8,22.7,22.4,92,90,92,104,0.0,0.0,N,PA,CASTANHAL,A202,-1.300875,-47.947967,47.13
1146,2019-07-12,12:00,-9999.0,-9999.0,-9999.0,-9999.0,-9999,-9999.0,-9999.0,-9999.0,-9999.0,-9999.0,-9999.0,-9999,-9999,-9999,-9999,-9999.0,-9999.0,N,PA,CASTANHAL,A202,-1.300875,-47.947967,47.13
1147,2019-07-12,16:00,0.0,1006.9,1007.7,1006.9,1814,29.5,22.9,30.7,29.5,23.2,22.1,68,61,68,93,0.3,0.0,N,PA,CASTANHAL,A202,-1.300875,-47.947967,47.13
1148,2019-07-12,20:00,1.0,1005.8,1006.2,1005.0,179,25.8,23.3,28.8,25.6,23.3,21.5,86,67,86,222,8.9,0.0,N,PA,CASTANHAL,A202,-1.300875,-47.947967,47.13
1149,2019-07-13,00:00,0.0,1008.2,1008.3,1008.0,-9999,25.0,22.7,25.3,24.9,22.8,22.4,88,85,87,27,0.0,0.0,N,PA,CASTANHAL,A202,-1.300875,-47.947967,47.13
1150,2019-07-13,04:00,0.0,1008.6,1009.1,1008.6,-9999,23.9,22.6,24.2,23.9,22.7,22.6,92,91,92,106,0.0,0.0,N,PA,CASTANHAL,A202,-1.300875,-47.947967,47.13
1151,2019-07-13,08:00,0.0,1007.6,1007.6,1007.4,-9999,23.4,22.3,23.4,23.3,22.3,22.2,94,93,94,145,0.0,0.0,N,PA,CASTANHAL,A202,-1.300875,-47.947967,47.13
1152,2019-07-13,12:00,0.0,1008.7,1008.8,1008.6,1029,27.0,23.5,27.0,24.1,24.1,22.8,93,82,82,63,0.0,0.0,N,PA,CASTANHAL,A202,-1.300875,-47.947967,47.13
1153,2019-07-13,16:00,0.0,1007.3,1008.1,1007.3,2162,30.0,23.3,31.0,29.9,23.6,22.0,69,61,67,83,7.7,0.3,N,PA,CASTANHAL,A202,-1.300875,-47.947967,47.13
1154,2019-07-13,20:00,1.8,1005.8,1005.8,1004.8,290,26.7,22.8,30.8,26.7,22.9,21.5,79,58,79,61,9.8,3.5,N,PA,CASTANHAL,A202,-1.300875,-47.947967,47.13
1155,2019-07-14,00:00,0.0,1007.9,1008.0,1007.4,-9999,25.2,23.5,25.5,25.2,23.5,23.0,91,86,91,206,0.0,0.0,N,PA,CASTANHAL,A202,-1.300875,-47.947967,47.13
1156,2019-07-14,04:00,-9999.0,-9999.0,-9999.0,-9999.0,-9999,-9999.0,-9999.0,-9999.0,-9999.0,-9999.0,-9999.0,-9999,-9999,-9999,-9999,-9999.0,-9999.0,N,PA,CASTANHAL,A202,-1.300875,-47.947967,47.13
1157,2019-07-14,08:00,0.0,1006.3,1006.5,1006.2,-9999,23.8,22.5,23.9,23.7,22.6,22.4,93,92,93,83,0.0,0.0,N,PA,CASTANHAL,A202,-1.300875,-47.947967,47.13
1158,2019-07-14,12:00,-9999.0,-9999.0,-9999.0,-9999.0,-9999,-9999.0,-9999.0,-9999.0,-9999.0,-9999.0,-9999.0,-9999,-9999,-9999,-9999,-9999.0,-9999.0,N,PA,CASTANHAL,A202,-1.300875,-47.947967,47.13
1159,2019-07-14,16:00,-9999.0,-9999.0,-9999.0,-9999.0,-9999,-9999.0,-9999.0,-9999.0,-9999.0,-9999.0,-9999.0,-9999,-9999,-9999,-9999,-9999.0,-9999.0,N,PA,CASTANHAL,A202,-1.300875,-47.947967,47.13
1160,2019-07-14,20:00,0.0,1004.9,1004.9,1004.5,635,30.2,22.1,31.5,30.2,22.1,20.6,62,54,62,75,0.0,0.0,N,PA,CASTANHAL,A202,-1.300875,-47.947967,47.13
1161,2019-07-15,00:00,0.0,1007.3,1007.3,1006.5,-9999,25.7,22.8,26.1,25.7,22.9,22.6,84,81,84,46,0.0,0.0,N,PA,CASTANHAL,A202,-1.300875,-47.947967,47.13
1162,2019-07-15,04:00,0.0,1007.4,1007.9,1007.4,-9999,24.4,22.3,24.8,24.4,22.4,22.3,88,87,88,64,0.0,0.0,N,PA,CASTANHAL,A202,-1.300875,-47.947967,47.13
1163,2019-07-15,08:00,0.0,1006.1,1006.1,1006.0,-9999,23.4,21.7,23.5,23.4,21.8,21.6,90,90,90,76,0.0,0.0,N,PA,CASTANHAL,A202,-1.300875,-47.947967,47.13
1164,2019-07-15,12:00,0.0,1007.9,1007.9,1007.4,1241,27.2,22.7,27.3,25.7,22.9,22.1,82,76,76,62,2.3,0.0,N,PA,CASTANHAL,A202,-1.300875,-47.947967,47.13
1165,2019-07-15,16:00,0.0,1006.9,1007.6,1006.9,2216,30.7,21.8,31.0,29.5,23.4,21.4,68,57,59,105,0.0,0.0,N,PA,CASTANHAL,A202,-1.300875,-47.947967,47.13
1166,2019-07-15,20:00,0.0,1005.0,1005.1,1004.8,713,30.8,21.4,32.2,30.8,22.5,20.8,59,52,57,108,0.0,0.0,N,PA,CASTANHAL,A202,-1.300875,-47.947967,47.13
1167,2019-07-16,00:00,0.0,1007.5,1007.5,1006.7,-9999,25.8,21.9,26.4,25.8,22.0,21.7,79,76,79,12,0.0,0.0,N,PA,CASTANHAL,A202,-1.300875,-47.947967,47.13
1168,2019-07-16,04:00,0.0,1007.8,1008.3,1007.8,-9999,24.6,22.1,24.6,24.5,22.2,21.9,87,85,86,71,0.0,0.0,N,PA,CASTANHAL,A202,-1.300875,-47.947967,47.13
1169,2019-07-16,08:00,0.0,1006.8,1006.8,1006.7,-9999,24.4,22.6,24.4,24.3,22.6,22.4,90,89,90,84,0.0,0.0,N,PA,CASTANHAL,A202,-1.300875,-47.947967,47.13
1170,2019-07-16,12:00,-9999.0,-9999.0,-9999.0,-9999.0,-9999,-9999.0,-9999.0,-9999.0,-9999.0,-9999.0,-9999.0,-9999,-9999,-9999,-9999,-9999.0,-9999.0,N,PA,CASTANHAL,A202,-1.300875,-47.947967,47.13
1171,2019-07-16,16:00,0.0,1007.8,1008.8,1007.8,2240,31.5,22.1,31.7,30.5,22.9,20.9,63,54,58,82,0.0,0.0,N,PA,CASTANHAL,A202,-1.300875,-47.947967,47.13
1172,2019-07-16,20:00,0.0,1005.8,1005.8,1005.2,490,27.8,22.1,28.2,27.1,23.2,22.0,77,69,71,4,8.6,0.3,N,PA,CASTANHAL,A202,-1.300875,-47.947967,47.13
1173,2019-07-17,00:00,4.6,1009.4,1009.5,1008.5,-9999,22.5,21.1,23.1,22.3,21.1,20.6,92,88,92,40,4.3,0.0,N,PA,CASTANHAL,A202,-1.300875,-47.947967,47.13
1174,2019-07-17,04:00,0.0,1009.2,1009.5,1009.2,-9999,22.7,21.4,22.8,22.7,21.4,21.3,92,92,92,10,0.0,0.0,N,PA,CASTANHAL,A202,-1.300875,-47.947967,47.13
1175,2019-07-17,08:00,-9999.0,-9999.0,-9999.0,-9999.0,-9999,-9999.0,-9999.0,-9999.0,-9999.0,-9999.0,-9999.0,-9999,-9999,-9999,-9999,-9999.0,-9999.0,N,PA,CASTANHAL,A202,-1.300875,-47.947967,47.13
1176,2019-07-17,12:00,-9999.0,-9999.0,-9999.0,-9999.0,-9999,-9999.0,-9999.0,-9999.0,-9999.0,-9999.0,-9999.0,-9999,-9999,-9999,-9999,-9999.0,-9999.0,N,PA,CASTANHAL,A202,-1.300875,-47.947967,47.13
1177,2019-07-17,16:00,0.0,1009.2,1010.1,1009.2,2399,31.0,22.5,31.3,30.1,23.6,21.8,66,58,61,39,1.5,0.0,N,PA,CASTANHAL,A202,-1.300875,-47.947967,47.13
1178,2019-07-17,20:00,2.6,1007.0,1007.5,1006.7,102,23.7,21.1,26.1,23.6,23.5,21.0,89,84,86,61,6.7,0.1,N,PA,CASTANHAL,A202,-1.300875,-47.947967,47.13
1179,2019-07-18,00:00,1.0,1010.8,1010.8,1009.7,-9999,22.6,21.2,22.7,22.3,21.3,20.9,92,92,92,72,2.6,0.0,N,PA,CASTANHAL,A202,-1.300875,-47.947967,47.13
1180,2019-07-18,04:00,0.0,1010.7,1011.5,1010.7,-9999,22.6,21.6,22.8,22.6,21.6,21.5,94,93,94,147,0.0,0.0,N,PA,CASTANHAL,A202,-1.300875,-47.947967,47.13
1181,2019-07-18,08:00,0.0,1008.7,1009.0,1008.6,-9999,22.5,21.6,22.9,22.5,22.0,21.6,94,94,94,151,0.0,0.0,N,PA,CASTANHAL,A202,-1.300875,-47.947967,47.13
1182,2019-07-18,12:00,0.0,1009.8,1010.1,1009.8,1280,26.1,22.5,26.1,23.6,23.2,22.0,94,81,81,352,2.9,0.0,N,PA,CASTANHAL,A202,-1.300875,-47.947967,47.13
1183,2019-07-18,16:00,0.0,1009.2,1010.1,1009.2,2404,30.7,22.7,30.9,29.6,23.6,22.3,67,61,62,25,3.4,0.0,N,PA,CASTANHAL,A202,-1.300875,-47.947967,47.13
1184,2019-07-18,20:00,0.2,1007.9,1007.9,1007.0,111,25.5,21.3,27.9,25.5,23.7,20.9,78,69,78,344,8.4,0.0,N,PA,CASTANHAL,A202,-1.300875,-47.947967,47.13
1185,2019-07-19,00:00,5.8,1010.2,1010.6,1010.0,-9999,23.3,21.9,24.1,23.3,22.2,21.9,93,89,92,63,7.8,0.0,N,PA,CASTANHAL,A202,-1.300875,-47.947967,47.13
1186,2019-07-19,04:00,0.0,1010.5,1010.8,1010.5,-9999,23.3,22.0,23.3,23.2,22.0,21.9,93,92,93,88,0.0,0.0,N,PA,CASTANHAL,A202,-1.300875,-47.947967,47.13
1187,2019-07-19,08:00,0.0,1008.8,1008.8,1008.6,-9999,23.1,21.9,23.3,23.1,22.0,21.9,93,92,93,198,0.0,0.0,N,PA,CASTANHAL,A202,-1.300875,-47.947967,47.13
1188,2019-07-19,12:00,0.0,1010.0,1010.2,1009.8,902,26.4,23.5,26.4,24.3,23.5,22.5,91,84,84,69,0.0,0.0,N,PA,CASTANHAL,A202,-1.300875,-47.947967,47.13
1189,2019-07-19,16:00,0.0,1009.1,1009.8,1009.1,2390,30.8,22.4,31.0,30.0,23.7,21.2,66,58,61,112,0.0,0.0,N,PA,CASTANHAL,A202,-1.300875,-47.947967,47.13
1190,2019-07-19,20:00,0.0,1007.0,1007.1,1006.6,1078,30.6,21.7,31.4,30.3,22.0,20.8,61,55,59,115,4.9,0.0,N,PA,CASTANHAL,A202,-1.300875,-47.947967,47.13
1191,2019-07-20,00:00,0.0,1008.7,1008.7,1008.2,-9999,25.2,23.0,25.7,25.2,23.3,22.9,88,85,87,6,4.6,0.0,N,PA,CASTANHAL,A202,-1.300875,-47.947967,47.13
1192,2019-07-20,04:00,0.0,1009.1,1009.3,1009.1,-9999,24.3,22.5,24.7,24.3,22.6,22.4,90,88,90,66,0.0,0.0,N,PA,CASTANHAL,A202,-1.300875,-47.947967,47.13
1193,2019-07-20,08:00,0.0,1007.8,1007.8,1007.5,-9999,23.9,22.5,24.1,23.9,22.7,22.5,92,92,92,99,0.0,0.0,N,PA,CASTANHAL,A202,-1.300875,-47.947967,47.13
1194,2019-07-20,12:00,0.0,1009.3,1009.3,1008.9,1254,26.5,22.1,26.7,24.5,23.3,21.6,90,77,77,91,0.0,0.0,N,PA,CASTANHAL,A202,-1.300875,-47.947967,47.13
1195,2019-07-20,16:00,0.0,1008.6,1009.2,1008.6,1949,30.0,21.4,30.1,29.1,22.4,20.8,64,59,60,101,0.0,0.0,N,PA,CASTANHAL,A202,-1.300875,-47.947967,47.13
1196,2019-07-20,20:00,0.0,1006.6,1006.7,1006.4,426,28.8,21.8,28.8,28.5,22.2,21.5,69,65,66,61,0.0,0.0,N,PA,CASTANHAL,A202,-1.300875,-47.947967,47.13
1197,2019-07-21,00:00,0.0,1008.6,1008.6,1008.3,-9999,23.9,22.4,24.0,23.8,22.5,22.3,92,91,91,30,0.0,0.0,N,PA,CASTANHAL,A202,-1.300875,-47.947967,47.13
1198,2019-07-21,04:00,0.0,1009.7,1009.7,1009.4,-9999,23.9,21.8,24.3,23.9,21.9,21.7,88,85,88,88,8.9,0.0,N,PA,CASTANHAL,A202,-1.300875,-47.947967,47.13
1199,2019-07-21,08:00,0.0,1007.6,1007.7,1007.2,-9999,23.1,21.5,23.1,23.0,21.5,21.4,91,91,91,68,0.0,0.0,N,PA,CASTANHAL,A202,-1.300875,-47.947967,47.13
1200,2019-07-21,12:00,0.0,1009.0,1009.0,1008.6,1160,26.3,22.0,26.4,24.6,22.3,21.4,84,77,77,90,0.0,0.0,N,PA,CASTANHAL,A202,-1.300875,-47.947967,47.13
1201,2019-07-21,16:00,0.0,1008.2,1009.2,1008.2,1396,30.1,23.8,30.2,28.3,24.6,22.3,75,68,69,125,4.5,0.0,N,PA,CASTANHAL,A202,-1.300875,-47.947967,47.13
1202,2019-07-21,20:00,0.0,1006.8,1006.8,1006.3,344,25.7,23.5,26.2,25.7,23.7,23.3,88,85,88,152,0.0,0.0,N,PA,CASTANHAL,A202,-1.300875,-47.947967,47.13
1203,2019-07-22,00:00,0.0,1008.8,1008.8,1007.9,-9999,24.1,22.8,24.3,24.0,22.9,22.6,92,92,92,131,0.0,0.0,N,PA,CASTANHAL,A202,-1.300875,-47.947967,47.13
1204,2019-07-06,08:00,0.0,1008.6,1008.7,1008.4,-9999,24.4,22.9,24.6,24.4,23.0,22.9,91,91,91,45,0.0,0.0,N,PA,CASTANHAL,A202,-1.300875,-47.947967,47.13
1205,2019-07-06,12:00,-9999.0,-9999.0,-9999.0,-9999.0,-9999,-9999.0,-9999.0,-9999.0,-9999.0,-9999.0,-9999.0,-9999,-9999,-9999,-9999,-9999.0,-9999.0,N,PA,CASTANHAL,A202,-1.300875,-47.947967,47.13
1206,2019-07-06,16:00,0.0,1009.0,1009.6,1009.0,1890,31.3,22.4,31.5,30.3,23.1,21.6,64,56,59,92,2.3,0.0,N,PA,CASTANHAL,A202,-1.300875,-47.947967,47.13
1207,2019-07-06,20:00,0.0,1006.7,1006.8,1006.6,857,31.5,21.4,32.6,31.2,22.4,20.6,57,51,55,114,3.1,0.0,N,PA,CASTANHAL,A202,-1.300875,-47.947967,47.13
1208,2019-07-07,00:00,0.0,1009.0,1009.0,1008.2,-9999,26.5,23.3,27.3,26.5,23.4,23.3,83,79,83,29,4.3,0.0,N,PA,CASTANHAL,A202,-1.300875,-47.947967,47.13
1209,2019-07-07,04:00,0.0,1009.9,1010.0,1009.8,-9999,25.6,23.4,25.6,25.6,23.4,23.4,88,87,87,41,0.0,0.0,N,PA,CASTANHAL,A202,-1.300875,-47.947967,47.13
1210,2019-07-07,08:00,0.0,1008.5,1008.8,1008.5,-9999,25.1,23.1,25.2,25.0,23.2,23.1,90,89,89,30,0.0,0.0,N,PA,CASTANHAL,A202,-1.300875,-47.947967,47.13
1211,2019-07-07,12:00,-9999.0,-9999.0,-9999.0,-9999.0,-9999,-9999.0,-9999.0,-9999.0,-9999.0,-9999.0,-9999.0,-9999,-9999,-9999,-9999,-9999.0,-9999.0,N,PA,CASTANHAL,A202,-1.300875,-47.947967,47.13
1212,2019-07-07,16:00,0.0,1008.8,1009.2,1008.8,2292,31.3,22.5,31.6,30.6,23.1,21.9,62,58,60,50,4.7,0.0,N,PA,CASTANHAL,A202,-1.300875,-47.947967,47.13
1213,2019-07-22,04:00,0.0,1009.0,1009.5,1009.0,-9999,23.8,22.2,24.1,23.8,22.4,22.1,90,90,90,73,0.0,0.0,N,PA,CASTANHAL,A202,-1.300875,-47.947967,47.13
1214,2019-07-22,08:00,0.0,1007.4,1007.5,1007.0,-9999,22.9,21.5,23.0,22.8,21.7,21.4,92,92,92,78,0.0,0.0,N,PA,CASTANHAL,A202,-1.300875,-47.947967,47.13
1215,2019-07-22,12:00,0.0,1009.0,1009.0,1008.7,1272,26.7,21.9,26.7,24.7,22.2,21.4,83,75,75,85,5.2,0.0,N,PA,CASTANHAL,A202,-1.300875,-47.947967,47.13
1216,2019-07-22,16:00,0.0,1007.6,1008.1,1007.6,2071,30.7,21.1,30.9,29.4,23.2,21.1,66,57,57,97,6.0,0.1,N,PA,CASTANHAL,A202,-1.300875,-47.947967,47.13
1217,2019-07-22,20:00,0.0,1005.4,1005.6,1005.4,1303,31.3,21.0,31.8,31.3,22.6,20.6,60,52,55,122,3.2,0.0,N,PA,CASTANHAL,A202,-1.300875,-47.947967,47.13
1218,2019-07-23,00:00,0.0,1007.9,1007.9,1006.9,-9999,27.2,23.3,28.0,27.2,23.5,23.1,79,75,79,42,0.0,0.0,N,PA,CASTANHAL,A202,-1.300875,-47.947967,47.13
1219,2019-07-23,04:00,0.0,1008.2,1008.8,1008.2,-9999,25.4,23.1,25.6,25.4,23.2,23.0,87,86,87,46,0.0,0.0,N,PA,CASTANHAL,A202,-1.300875,-47.947967,47.13
1220,2019-07-23,08:00,0.0,1007.4,1007.4,1007.3,-9999,24.1,22.5,24.4,24.1,22.7,22.5,91,90,91,67,0.0,0.0,N,PA,CASTANHAL,A202,-1.300875,-47.947967,47.13
1221,2019-07-23,12:00,0.0,1009.1,1009.2,1008.7,1288,27.7,23.6,27.7,26.0,23.7,23.2,86,77,78,69,7.3,0.0,N,PA,CASTANHAL,A202,-1.300875,-47.947967,47.13
1222,2019-07-23,16:00,0.0,1007.9,1008.5,1007.8,2642,30.9,20.5,31.6,30.8,22.5,20.0,60,52,54,113,6.7,0.0,N,PA,CASTANHAL,A202,-1.300875,-47.947967,47.13
1223,2019-07-23,20:00,0.0,1005.7,1005.8,1005.6,1202,31.3,21.0,31.8,31.3,21.9,20.1,57,51,54,136,1.3,0.0,N,PA,CASTANHAL,A202,-1.300875,-47.947967,47.13
1224,2019-07-24,00:00,0.0,1007.7,1007.9,1007.1,-9999,27.3,23.5,28.1,27.1,23.5,22.5,80,72,80,26,2.7,0.0,N,PA,CASTANHAL,A202,-1.300875,-47.947967,47.13
1225,2019-07-24,04:00,0.0,1008.5,1008.9,1008.5,-9999,25.0,23.0,25.0,24.6,23.0,22.4,89,88,88,43,0.0,0.0,N,PA,CASTANHAL,A202,-1.300875,-47.947967,47.13
1226,2019-07-24,08:00,0.0,1007.3,1007.3,1007.2,-9999,24.0,22.2,24.3,24.0,22.4,22.2,89,89,89,83,2.4,0.0,N,PA,CASTANHAL,A202,-1.300875,-47.947967,47.13
1227,2019-07-24,12:00,0.0,1009.1,1009.1,1008.7,1288,27.4,23.5,27.4,25.3,23.8,22.8,87,80,80,76,4.2,0.0,N,PA,CASTANHAL,A202,-1.300875,-47.947967,47.13
1228,2019-07-24,16:00,0.0,1007.7,1008.4,1007.7,2688,30.5,21.2,31.6,30.1,23.3,21.1,65,55,58,118,8.5,0.0,N,PA,CASTANHAL,A202,-1.300875,-47.947967,47.13
1229,2019-07-24,20:00,0.0,1005.8,1005.8,1005.5,491,30.7,22.3,31.6,30.7,22.8,20.3,63,51,61,118,0.0,0.0,N,PA,CASTANHAL,A202,-1.300875,-47.947967,47.13
1230,2019-07-25,00:00,0.0,1007.9,1007.9,1007.4,-9999,25.1,22.3,25.5,25.1,22.9,22.3,86,84,84,13,0.0,0.0,N,PA,CASTANHAL,A202,-1.300875,-47.947967,47.13
1231,2019-07-25,04:00,0.0,1007.6,1007.8,1007.6,-9999,24.5,22.4,24.7,24.5,22.4,22.3,88,87,88,4,0.0,0.0,N,PA,CASTANHAL,A202,-1.300875,-47.947967,47.13
1232,2019-07-25,08:00,0.0,1006.5,1006.6,1006.5,-9999,24.9,22.8,24.9,24.6,22.8,22.6,89,88,88,69,0.0,0.0,N,PA,CASTANHAL,A202,-1.300875,-47.947967,47.13
1233,2019-07-25,12:00,0.0,1008.0,1008.0,1007.5,673,27.2,23.5,27.2,26.1,23.7,22.9,84,79,80,56,0.0,0.0,N,PA,CASTANHAL,A202,-1.300875,-47.947967,47.13
1234,2019-07-25,16:00,0.0,1006.6,1007.3,1006.6,2078,31.5,22.8,31.6,30.6,23.0,22.1,62,57,60,181,0.0,0.0,N,PA,CASTANHAL,A202,-1.300875,-47.947967,47.13
1235,2019-07-25,20:00,0.0,1004.6,1004.8,1004.4,1203,32.0,22.4,32.9,32.0,22.8,21.1,57,51,57,197,0.0,0.0,N,PA,CASTANHAL,A202,-1.300875,-47.947967,47.13
1236,2019-07-26,00:00,0.0,1008.1,1008.1,1007.0,-9999,25.4,23.1,25.8,25.4,24.3,23.1,92,87,88,7,0.0,0.0,N,PA,CASTANHAL,A202,-1.300875,-47.947967,47.13
1237,2019-07-26,04:00,0.0,1007.9,1008.7,1007.9,-9999,24.5,22.1,24.5,24.4,22.1,21.9,87,86,87,2,0.0,0.0,N,PA,CASTANHAL,A202,-1.300875,-47.947967,47.13
1238,2019-07-26,08:00,0.0,1007.2,1007.2,1007.1,-9999,24.4,22.6,24.4,24.2,22.7,22.6,91,90,90,17,0.0,0.0,N,PA,CASTANHAL,A202,-1.300875,-47.947967,47.13
1239,2019-07-26,12:00,0.0,1010.4,1010.4,1009.5,805,26.8,23.8,27.0,25.2,24.2,23.5,91,83,84,1,0.0,0.0,N,PA,CASTANHAL,A202,-1.300875,-47.947967,47.13
1240,2019-07-26,16:00,0.0,1008.5,1009.3,1008.5,2524,30.6,22.0,31.0,29.8,23.4,21.3,67,56,60,103,7.9,0.6,N,PA,CASTANHAL,A202,-1.300875,-47.947967,47.13
1241,2019-07-26,20:00,0.0,1006.4,1006.5,1006.3,1247,31.5,21.1,31.9,31.3,22.1,20.8,57,52,54,124,0.0,0.0,N,PA,CASTANHAL,A202,-1.300875,-47.947967,47.13
1242,2019-07-27,00:00,0.0,1009.5,1009.5,1008.6,-9999,26.4,23.0,26.7,26.4,23.2,23.0,82,80,82,54,0.0,0.0,N,PA,CASTANHAL,A202,-1.300875,-47.947967,47.13
1243,2019-07-27,04:00,0.0,1009.2,1009.7,1009.2,-9999,25.2,22.8,25.4,25.2,22.8,22.6,86,85,86,72,2.9,0.0,N,PA,CASTANHAL,A202,-1.300875,-47.947967,47.13
1244,2019-07-27,08:00,0.0,1008.2,1008.2,1008.0,-9999,24.4,22.6,24.6,24.4,22.8,22.6,90,90,90,66,3.7,0.0,N,PA,CASTANHAL,A202,-1.300875,-47.947967,47.13
1245,2019-07-27,12:00,0.0,1010.1,1010.2,1009.8,1217,27.6,23.6,27.6,25.9,23.8,23.1,85,79,79,77,8.8,0.2,N,PA,CASTANHAL,A202,-1.300875,-47.947967,47.13
1246,2019-07-27,16:00,0.0,1008.5,1009.2,1008.5,2492,31.9,20.3,32.1,31.0,23.0,20.3,61,50,50,89,5.9,0.1,N,PA,CASTANHAL,A202,-1.300875,-47.947967,47.13
1247,2019-07-27,20:00,0.4,1007.1,1007.2,1006.6,238,26.1,22.7,27.0,25.8,23.6,21.2,87,72,81,17,7.6,0.0,N,PA,CASTANHAL,A202,-1.300875,-47.947967,47.13
1248,2019-07-28,00:00,0.0,1009.4,1009.4,1008.8,-9999,25.5,22.6,26.2,25.5,23.4,22.6,85,83,84,58,3.6,0.0,N,PA,CASTANHAL,A202,-1.300875,-47.947967,47.13
1249,2019-07-28,04:00,0.0,1009.4,1009.8,1009.4,-9999,24.6,22.6,24.9,24.6,22.7,22.6,89,87,89,53,0.0,0.0,N,PA,CASTANHAL,A202,-1.300875,-47.947967,47.13
1250,2019-07-28,08:00,0.0,1007.9,1008.0,1007.8,-9999,23.4,22.2,23.5,23.4,22.3,22.2,93,93,93,98,0.0,0.0,N,PA,CASTANHAL,A202,-1.300875,-47.947967,47.13
1251,2019-07-28,12:00,0.0,1009.9,1009.9,1009.3,1266,27.3,23.3,27.3,25.1,23.6,22.9,90,79,79,75,5.0,0.1,N,PA,CASTANHAL,A202,-1.300875,-47.947967,47.13
1252,2019-07-28,16:00,0.0,1008.4,1009.1,1008.4,2174,30.8,22.3,31.5,30.1,23.0,21.7,65,57,60,94,0.0,0.0,N,PA,CASTANHAL,A202,-1.300875,-47.947967,47.13
1253,2019-07-28,20:00,0.0,1005.9,1005.9,1005.2,510,28.4,22.9,31.7,28.4,23.1,21.2,73,55,72,17,2.0,0.0,N,PA,CASTANHAL,A202,-1.300875,-47.947967,47.13
1254,2019-07-29,00:00,0.0,1008.6,1008.6,1007.6,-9999,25.0,22.8,25.4,24.9,22.9,22.3,88,83,88,88,0.0,0.0,N,PA,CASTANHAL,A202,-1.300875,-47.947967,47.13
1255,2019-07-29,04:00,0.0,1008.8,1009.3,1008.8,-9999,24.3,22.7,25.1,24.3,23.1,22.5,91,88,91,52,0.0,0.0,N,PA,CASTANHAL,A202,-1.300875,-47.947967,47.13
1256,2019-07-29,08:00,0.0,1007.6,1007.6,1007.3,-9999,23.0,21.9,23.3,23.0,22.1,21.8,94,93,94,214,0.0,0.0,N,PA,CASTANHAL,A202,-1.300875,-47.947967,47.13
1257,2019-07-29,12:00,0.0,1009.4,1009.4,1008.8,1074,26.3,24.5,26.3,24.2,24.5,23.1,93,90,90,145,0.0,0.0,N,PA,CASTANHAL,A202,-1.300875,-47.947967,47.13
1258,2019-07-29,16:00,0.0,1007.5,1008.5,1007.5,2705,30.2,22.6,31.2,30.1,24.5,22.2,69,60,64,210,0.0,0.0,N,PA,CASTANHAL,A202,-1.300875,-47.947967,47.13
1259,2019-07-29,20:00,0.0,1005.0,1005.1,1004.8,1397,32.1,21.4,32.5,31.7,22.4,20.9,59,51,53,207,0.0,0.0,N,PA,CASTANHAL,A202,-1.300875,-47.947967,47.13
1260,2019-07-30,00:00,0.0,1008.5,1008.5,1007.6,-9999,25.2,22.5,25.2,24.8,22.6,22.0,86,85,85,360,4.5,1.3,N,PA,CASTANHAL,A202,-1.300875,-47.947967,47.13
1261,2019-07-30,04:00,0.0,1008.1,1009.3,1008.1,-9999,23.8,22.2,24.1,23.8,22.4,22.1,91,90,91,36,3.5,0.1,N,PA,CASTANHAL,A202,-1.300875,-47.947967,47.13
1262,2019-07-30,08:00,0.0,1007.2,1007.2,1006.7,-9999,23.7,21.7,23.7,23.5,21.9,21.7,90,88,88,31,0.0,0.0,N,PA,CASTANHAL,A202,-1.300875,-47.947967,47.13
1263,2019-07-30,12:00,0.0,1009.4,1009.4,1009.0,1101,28.0,23.9,28.0,25.9,24.4,22.8,85,79,79,12,3.7,0.0,N,PA,CASTANHAL,A202,-1.300875,-47.947967,47.13
1264,2019-07-30,16:00,0.0,1007.8,1008.5,1007.8,2948,32.6,22.8,32.6,31.2,24.1,21.4,65,53,56,99,0.0,0.0,N,PA,CASTANHAL,A202,-1.300875,-47.947967,47.13
1265,2019-07-30,20:00,0.0,1006.2,1006.4,1005.7,237,27.3,22.9,27.3,26.7,23.5,22.8,81,77,77,333,4.7,0.2,N,PA,CASTANHAL,A202,-1.300875,-47.947967,47.13
1266,2019-07-31,00:00,0.0,1008.7,1008.7,1007.8,-9999,25.0,22.9,25.4,25.0,23.2,22.9,89,87,88,345,3.2,1.1,N,PA,CASTANHAL,A202,-1.300875,-47.947967,47.13
1267,2019-07-31,04:00,0.0,1008.3,1008.8,1008.3,-9999,24.7,22.7,24.8,24.7,22.7,22.5,88,87,88,22,2.8,1.5,N,PA,CASTANHAL,A202,-1.300875,-47.947967,47.13
1268,2019-07-31,08:00,0.0,1007.3,1007.3,1007.1,-9999,23.8,22.6,24.1,23.8,22.8,22.6,93,92,93,13,2.5,1.0,N,PA,CASTANHAL,A202,-1.300875,-47.947967,47.13
1269,2019-07-31,12:00,0.0,1009.5,1009.5,1009.1,1170,27.3,23.9,27.4,25.2,24.4,23.5,91,82,82,62,6.4,2.5,N,PA,CASTANHAL,A202,-1.300875,-47.947967,47.13
1270,2019-07-31,16:00,0.0,1007.4,1008.3,1007.4,2533,31.4,22.6,31.9,30.9,22.9,21.5,61,56,60,92,6.3,0.2,N,PA,CASTANHAL,A202,-1.300875,-47.947967,47.13
1271,2019-07-31,20:00,0.0,1005.3,1005.3,1005.1,936,30.7,22.7,32.6,30.6,22.8,21.0,63,51,63,148,5.6,0.0,N,PA,CASTANHAL,A202,-1.300875,-47.947967,47.13
1272,2019-08-01,00:00,0.0,1007.6,1007.6,1006.9,-9999,26.4,23.1,27.0,26.4,23.2,23.0,82,79,82,52,6.0,0.0,N,PA,CASTANHAL,A202,-1.300875,-47.947967,47.13
1273,2019-08-01,04:00,0.0,1007.5,1008.5,1007.5,-9999,25.2,22.7,25.5,25.2,22.8,22.7,86,85,86,60,0.0,0.0,N,PA,CASTANHAL,A202,-1.300875,-47.947967,47.13
1274,2019-08-01,08:00,0.0,1005.9,1006.1,1005.8,-9999,24.3,22.5,24.4,24.2,22.6,22.5,90,90,90,60,0.0,0.0,N,PA,CASTANHAL,A202,-1.300875,-47.947967,47.13
1275,2019-08-01,12:00,0.0,1007.2,1007.2,1006.8,1277,27.7,23.0,27.8,26.3,23.2,22.8,83,75,75,66,6.0,2.1,N,PA,CASTANHAL,A202,-1.300875,-47.947967,47.13
1276,2019-08-01,16:00,0.0,1006.5,1007.3,1006.5,2041,31.2,22.0,31.8,30.2,23.0,21.1,63,54,58,88,5.5,0.1,N,PA,CASTANHAL,A202,-1.300875,-47.947967,47.13
1277,2019-08-01,20:00,0.0,1004.7,1004.8,1004.3,377,28.8,23.1,32.0,28.8,23.2,21.1,71,53,71,37,8.2,2.1,N,PA,CASTANHAL,A202,-1.300875,-47.947967,47.13
1278,2019-08-02,00:00,4.8,1007.2,1007.3,1006.8,-9999,25.4,23.1,25.5,24.0,23.2,21.6,89,85,87,27,7.4,0.4,N,PA,CASTANHAL,A202,-1.300875,-47.947967,47.13
1279,2019-08-02,04:00,0.0,1008.0,1008.5,1008.0,-9999,24.1,22.9,24.6,24.1,23.1,22.8,93,91,93,157,0.0,0.0,N,PA,CASTANHAL,A202,-1.300875,-47.947967,47.13
1280,2019-08-02,08:00,0.0,1006.3,1006.5,1006.3,-9999,22.9,21.9,23.1,22.8,22.0,21.8,94,94,94,24,0.0,0.0,N,PA,CASTANHAL,A202,-1.300875,-47.947967,47.13
1281,2019-08-02,12:00,0.0,1008.2,1008.2,1007.5,1253,27.1,23.4,27.1,25.6,24.0,23.2,91,80,80,64,6.1,3.1,N,PA,CASTANHAL,A202,-1.300875,-47.947967,47.13
1282,2019-08-02,16:00,0.0,1006.9,1007.8,1006.9,2515,31.3,22.4,31.5,30.4,23.6,21.7,64,58,60,110,5.5,2.1,N,PA,CASTANHAL,A202,-1.300875,-47.947967,47.13
1283,2019-08-02,20:00,0.0,1005.7,1005.7,1004.9,151,25.7,22.4,31.3,25.7,23.1,22.0,84,60,82,12,11.2,3.0,N,PA,CASTANHAL,A202,-1.300875,-47.947967,47.13
1284,2019-08-03,00:00,0.0,1008.1,1008.1,1007.2,-9999,25.0,22.8,25.1,24.9,22.9,22.6,88,86,88,271,4.4,0.0,N,PA,CASTANHAL,A202,-1.300875,-47.947967,47.13
1285,2019-08-03,04:00,0.0,1008.8,1009.3,1008.8,-9999,24.0,22.6,24.2,24.0,22.7,22.6,92,91,92,309,0.0,0.0,N,PA,CASTANHAL,A202,-1.300875,-47.947967,47.13
1286,2019-08-03,08:00,0.0,1007.5,1007.7,1007.5,-9999,24.2,22.6,24.3,24.2,22.6,22.5,91,90,91,72,3.3,0.0,N,PA,CASTANHAL,A202,-1.300875,-47.947967,47.13
1287,2019-08-03,12:00,0.0,1008.8,1008.8,1008.6,1258,27.7,24.0,27.7,26.0,24.2,23.4,86,80,81,69,8.8,3.5,N,PA,CASTANHAL,A202,-1.300875,-47.947967,47.13
1288,2019-08-03,16:00,0.0,1007.9,1008.5,1007.9,2317,31.3,22.2,31.6,30.6,23.7,22.2,66,58,58,93,7.1,0.0,N,PA,CASTANHAL,A202,-1.300875,-47.947967,47.13
1289,2019-08-03,20:00,0.0,1006.0,1006.1,1005.8,1293,32.4,22.4,32.6,32.2,22.9,21.8,58,54,56,107,2.7,0.0,N,PA,CASTANHAL,A202,-1.300875,-47.947967,47.13
1290,2019-08-04,00:00,0.0,1008.3,1008.3,1007.4,-9999,26.9,23.4,27.5,26.9,23.5,23.3,81,79,81,38,6.5,0.0,N,PA,CASTANHAL,A202,-1.300875,-47.947967,47.13
1291,2019-08-04,04:00,0.0,1008.6,1009.4,1008.6,-9999,25.6,23.6,25.8,25.6,23.7,23.6,89,88,89,34,2.5,0.0,N,PA,CASTANHAL,A202,-1.300875,-47.947967,47.13
1292,2019-08-04,08:00,0.0,1007.5,1007.5,1007.4,-9999,25.2,23.5,25.4,25.2,23.5,23.5,90,89,90,21,0.0,0.0,N,PA,CASTANHAL,A202,-1.300875,-47.947967,47.13
1293,2019-08-04,12:00,0.0,1009.2,1009.3,1008.7,920,28.1,24.9,28.1,26.4,24.9,23.9,87,82,83,38,5.0,2.0,N,PA,CASTANHAL,A202,-1.300875,-47.947967,47.13
1294,2019-08-04,16:00,0.0,1008.5,1009.2,1008.5,1968,31.1,24.4,32.5,30.9,24.4,22.4,68,58,68,42,5.1,0.0,N,PA,CASTANHAL,A202,-1.300875,-47.947967,47.13
1295,2019-08-04,20:00,7.0,1008.1,1008.1,1007.2,110,24.7,23.2,26.0,24.6,23.8,22.9,92,84,91,231,4.3,0.0,N,PA,CASTANHAL,A202,-1.300875,-47.947967,47.13
1296,2019-08-05,00:00,0.0,1010.5,1010.6,1009.7,-9999,24.4,23.1,24.5,24.2,23.2,22.9,93,92,92,11,1.5,0.0,N,PA,CASTANHAL,A202,-1.300875,-47.947967,47.13
1297,2019-08-05,04:00,0.0,1010.0,1010.5,1010.0,-9999,24.4,22.6,24.4,24.3,22.6,22.3,90,89,90,41,0.0,0.0,N,PA,CASTANHAL,A202,-1.300875,-47.947967,47.13
1298,2019-08-05,08:00,0.0,1008.5,1008.5,1008.4,-9999,24.2,22.8,24.2,24.1,22.8,22.7,92,92,92,30,0.0,0.0,N,PA,CASTANHAL,A202,-1.300875,-47.947967,47.13
1299,2019-08-05,12:00,0.0,1010.3,1010.3,1009.8,1167,27.5,23.7,27.9,25.8,24.5,23.7,90,79,80,48,4.6,0.1,N,PA,CASTANHAL,A202,-1.300875,-47.947967,47.13
1300,2019-08-05,16:00,0.0,1009.3,1010.3,1009.3,1817,30.1,23.5,31.9,30.1,23.9,21.7,69,57,68,109,6.2,0.0,N,PA,CASTANHAL,A202,-1.300875,-47.947967,47.13
1301,2019-08-05,20:00,0.0,1008.5,1008.6,1007.8,164,24.6,22.1,27.3,24.6,22.3,21.6,86,74,86,25,9.4,1.5,N,PA,CASTANHAL,A202,-1.300875,-47.947967,47.13
1302,2019-08-06,00:00,0.0,1011.3,1011.3,1010.5,-9999,24.8,22.4,24.8,24.6,22.4,22.2,87,86,86,76,2.3,0.0,N,PA,CASTANHAL,A202,-1.300875,-47.947967,47.13
1303,2019-08-06,04:00,0.0,1011.3,1011.9,1011.3,-9999,24.0,21.7,24.2,23.9,22.3,21.7,89,87,87,57,0.0,0.0,N,PA,CASTANHAL,A202,-1.300875,-47.947967,47.13
1304,2019-08-06,08:00,0.0,1009.9,1009.9,1009.7,-9999,23.3,21.6,23.3,23.1,21.6,21.3,90,89,90,38,1.9,0.0,N,PA,CASTANHAL,A202,-1.300875,-47.947967,47.13
1305,2019-08-06,12:00,0.0,1011.4,1011.4,1010.8,875,26.7,23.2,26.7,24.7,23.4,22.6,88,81,81,73,5.3,0.3,N,PA,CASTANHAL,A202,-1.300875,-47.947967,47.13
1306,2019-08-06,16:00,0.0,1010.1,1010.9,1010.0,2215,31.2,21.1,31.4,30.1,23.6,21.1,66,54,55,89,8.4,0.6,N,PA,CASTANHAL,A202,-1.300875,-47.947967,47.13
1307,2019-08-06,20:00,2.4,1009.3,1009.4,1007.6,229,24.4,22.5,29.6,24.4,23.2,22.1,89,68,89,88,12.0,1.4,N,PA,CASTANHAL,A202,-1.300875,-47.947967,47.13
1308,2019-08-07,00:00,0.0,1010.7,1010.7,1010.0,-9999,24.0,22.0,24.2,24.0,22.2,21.9,89,87,89,16,0.0,0.0,N,PA,CASTANHAL,A202,-1.300875,-47.947967,47.13
1309,2019-08-07,04:00,0.2,1011.5,1011.9,1011.4,-9999,22.6,21.0,22.6,22.5,21.1,20.9,91,90,91,72,0.0,0.0,N,PA,CASTANHAL,A202,-1.300875,-47.947967,47.13
1310,2019-08-07,08:00,0.0,1010.4,1010.4,1010.3,-9999,22.3,21.3,22.5,22.3,21.5,21.2,94,94,94,292,0.0,0.0,N,PA,CASTANHAL,A202,-1.300875,-47.947967,47.13
1311,2019-08-07,12:00,0.0,1012.1,1012.2,1011.9,1221,26.9,22.9,27.0,25.0,23.5,22.6,91,77,79,85,6.4,1.0,N,PA,CASTANHAL,A202,-1.300875,-47.947967,47.13
1312,2019-08-07,16:00,0.0,1010.6,1011.4,1010.6,2476,31.6,22.6,31.6,30.2,22.8,20.5,62,54,59,89,8.5,0.6,N,PA,CASTANHAL,A202,-1.300875,-47.947967,47.13
1313,2019-08-07,20:00,0.0,1008.3,1008.5,1008.2,915,31.4,21.0,31.4,29.9,22.0,20.3,63,54,54,128,0.0,0.0,N,PA,CASTANHAL,A202,-1.300875,-47.947967,47.13
1314,2019-08-09,12:00,0.0,1010.2,1010.2,1009.9,1467,27.4,21.7,27.5,25.5,22.6,21.7,82,71,71,161,0.0,0.0,N,PA,CASTANHAL,A202,-1.300875,-47.947967,47.13
1315,2019-08-09,16:00,0.0,1008.6,1009.4,1008.6,3009,32.4,21.3,32.5,31.9,22.1,20.0,55,49,52,154,3.8,0.0,N,PA,CASTANHAL,A202,-1.300875,-47.947967,47.13
1316,2019-08-09,20:00,0.0,1007.1,1007.1,1006.9,720,30.7,20.9,32.5,30.7,22.0,20.2,58,51,56,123,4.6,0.0,N,PA,CASTANHAL,A202,-1.300875,-47.947967,47.13
1317,2019-08-10,00:00,0.0,1010.1,1010.1,1009.2,-9999,25.7,22.5,26.5,25.7,22.5,22.3,82,78,82,31,2.2,0.0,N,PA,CASTANHAL,A202,-1.300875,-47.947967,47.13
1318,2019-08-10,04:00,0.0,1010.3,1010.9,1010.3,-9999,25.2,22.6,25.4,25.2,22.8,22.6,86,85,85,58,0.0,0.0,N,PA,CASTANHAL,A202,-1.300875,-47.947967,47.13
1319,2019-08-10,08:00,0.0,1008.5,1008.6,1008.4,-9999,24.5,22.6,24.7,24.5,22.8,22.6,89,89,89,47,0.0,0.0,N,PA,CASTANHAL,A202,-1.300875,-47.947967,47.13
1320,2019-08-10,12:00,0.0,1010.3,1010.3,1009.7,1347,28.2,23.0,28.3,26.4,23.8,23.0,82,74,74,58,0.0,0.0,N,PA,CASTANHAL,A202,-1.300875,-47.947967,47.13
1321,2019-08-10,16:00,0.0,1009.3,1009.8,1009.3,2914,32.5,21.0,32.6,31.6,22.3,20.7,55,50,51,99,7.3,1.1,N,PA,CASTANHAL,A202,-1.300875,-47.947967,47.13
1322,2019-08-10,20:00,0.0,1007.5,1007.8,1007.5,841,31.7,21.5,32.5,30.8,22.5,20.4,58,51,55,140,7.1,0.1,N,PA,CASTANHAL,A202,-1.300875,-47.947967,47.13
1323,2019-08-11,00:00,0.0,1009.9,1009.9,1009.2,-9999,27.4,22.9,28.1,27.4,23.0,22.5,77,73,77,24,0.0,0.0,N,PA,CASTANHAL,A202,-1.300875,-47.947967,47.13
1324,2019-08-11,04:00,0.0,1009.9,1010.6,1009.9,-9999,25.7,23.5,26.0,25.7,23.5,23.4,88,86,88,60,4.0,0.0,N,PA,CASTANHAL,A202,-1.300875,-47.947967,47.13
1325,2019-08-11,08:00,0.0,1008.8,1008.8,1008.7,-9999,24.6,22.6,24.8,24.5,22.8,22.6,89,88,89,44,0.0,0.0,N,PA,CASTANHAL,A202,-1.300875,-47.947967,47.13
1326,2019-08-11,12:00,0.0,1010.7,1010.7,1010.2,1329,27.6,23.5,27.6,26.2,23.7,23.0,83,77,78,47,5.9,0.1,N,PA,CASTANHAL,A202,-1.300875,-47.947967,47.13
1327,2019-08-11,16:00,0.0,1009.2,1010.1,1009.2,2662,32.0,21.9,32.0,30.9,22.6,20.8,60,52,55,56,6.5,0.0,N,PA,CASTANHAL,A202,-1.300875,-47.947967,47.13
1328,2019-08-11,20:00,0.0,1007.0,1007.0,1006.8,1263,30.9,21.4,32.4,30.9,22.5,20.5,59,50,57,102,7.9,0.0,N,PA,CASTANHAL,A202,-1.300875,-47.947967,47.13
1329,2019-08-12,00:00,0.0,1009.0,1009.0,1008.3,-9999,26.2,22.4,26.8,26.2,22.4,21.9,80,75,80,29,3.3,0.0,N,PA,CASTANHAL,A202,-1.300875,-47.947967,47.13
1330,2019-08-12,04:00,0.0,1008.8,1009.3,1008.8,-9999,25.0,22.7,25.4,25.0,22.8,22.7,87,85,87,33,0.0,0.0,N,PA,CASTANHAL,A202,-1.300875,-47.947967,47.13
1331,2019-08-12,08:00,0.0,1007.3,1007.3,1007.1,-9999,24.3,22.5,24.4,24.2,22.5,22.4,90,89,90,78,0.0,0.0,N,PA,CASTANHAL,A202,-1.300875,-47.947967,47.13
1332,2019-08-12,12:00,0.0,1008.7,1008.7,1008.1,869,27.2,23.1,27.4,25.6,24.0,22.9,86,78,78,44,0.0,0.0,N,PA,CASTANHAL,A202,-1.300875,-47.947967,47.13
1333,2019-08-12,16:00,0.0,1007.1,1008.1,1007.1,2138,31.6,22.0,32.0,31.3,23.0,21.1,60,54,57,92,5.4,0.0,N,PA,CASTANHAL,A202,-1.300875,-47.947967,47.13
1334,2019-08-12,20:00,0.0,1005.0,1005.0,1004.6,787,31.8,21.7,32.7,31.8,22.6,20.7,56,49,55,92,0.0,0.0,N,PA,CASTANHAL,A202,-1.300875,-47.947967,47.13
1335,2019-08-13,00:00,0.0,1007.9,1007.9,1007.0,-9999,26.0,21.3,26.3,26.0,21.3,20.8,75,72,75,42,5.9,2.4,N,PA,CASTANHAL,A202,-1.300875,-47.947967,47.13
1336,2019-08-13,04:00,0.0,1008.1,1008.6,1008.1,-9999,24.1,22.1,24.5,24.1,22.2,22.0,89,86,88,99,2.3,0.0,N,PA,CASTANHAL,A202,-1.300875,-47.947967,47.13
1337,2019-08-13,08:00,0.0,1006.1,1006.3,1006.1,-9999,24.1,22.4,24.6,24.1,22.6,22.3,90,89,90,31,2.6,0.0,N,PA,CASTANHAL,A202,-1.300875,-47.947967,47.13
1338,2019-08-13,12:00,0.0,1008.4,1008.4,1007.6,1343,27.7,23.5,28.0,26.1,23.9,23.3,85,77,78,53,8.3,3.7,N,PA,CASTANHAL,A202,-1.300875,-47.947967,47.13
1339,2019-08-13,16:00,0.0,1006.9,1007.9,1006.9,1997,31.5,23.0,32.0,30.8,23.7,22.3,64,59,61,89,7.6,0.0,N,PA,CASTANHAL,A202,-1.300875,-47.947967,47.13
1340,2019-08-13,20:00,0.0,1004.9,1005.1,1004.8,1348,32.4,21.4,32.7,32.3,22.2,21.1,55,51,53,116,6.6,0.0,N,PA,CASTANHAL,A202,-1.300875,-47.947967,47.13
1341,2019-08-14,00:00,0.0,1007.8,1007.8,1007.1,-9999,26.7,23.6,27.2,26.7,23.9,23.6,84,82,83,39,5.6,0.0,N,PA,CASTANHAL,A202,-1.300875,-47.947967,47.13
1342,2019-08-14,04:00,0.0,1008.4,1008.8,1008.4,-9999,25.3,23.1,25.7,25.3,23.1,23.1,88,85,88,23,3.3,0.0,N,PA,CASTANHAL,A202,-1.300875,-47.947967,47.13
1343,2019-08-14,08:00,0.0,1007.4,1007.4,1007.3,-9999,24.6,22.8,25.0,24.6,23.0,22.8,90,88,90,32,0.0,0.0,N,PA,CASTANHAL,A202,-1.300875,-47.947967,47.13
1344,2019-08-14,12:00,0.0,1009.2,1009.2,1008.6,1199,27.9,23.4,27.9,26.5,23.8,23.1,84,77,77,33,8.6,4.4,N,PA,CASTANHAL,A202,-1.300875,-47.947967,47.13
1345,2019-08-14,16:00,0.0,1008.0,1008.9,1008.0,2183,32.3,22.7,32.3,30.5,23.6,22.0,63,57,57,68,8.1,0.3,N,PA,CASTANHAL,A202,-1.300875,-47.947967,47.13
1346,2019-08-14,20:00,10.4,1006.4,1006.5,1005.6,325,25.3,21.9,31.4,25.3,24.3,21.9,88,58,81,72,9.5,0.8,N,PA,CASTANHAL,A202,-1.300875,-47.947967,47.13
1347,2019-08-15,00:00,0.0,1009.4,1009.4,1008.6,-9999,24.6,22.4,24.6,24.3,22.5,21.8,89,85,87,200,0.0,0.0,N,PA,CASTANHAL,A202,-1.300875,-47.947967,47.13
1348,2019-08-15,04:00,0.0,1009.3,1009.9,1009.3,-9999,24.7,22.6,24.7,24.5,22.7,22.3,89,88,88,64,0.0,0.0,N,PA,CASTANHAL,A202,-1.300875,-47.947967,47.13
1349,2019-08-15,08:00,0.0,1008.3,1008.3,1008.0,-9999,24.0,22.5,24.0,23.9,22.6,22.5,92,92,92,46,0.0,0.0,N,PA,CASTANHAL,A202,-1.300875,-47.947967,47.13
1350,2019-08-15,12:00,0.0,1009.9,1009.9,1009.4,1489,27.3,23.2,27.6,25.4,23.8,23.1,87,78,78,62,9.1,3.8,N,PA,CASTANHAL,A202,-1.300875,-47.947967,47.13
1351,2019-08-15,16:00,0.0,1008.5,1009.6,1008.5,2798,31.9,22.1,32.0,30.7,23.0,21.9,63,56,56,66,8.4,0.7,N,PA,CASTANHAL,A202,-1.300875,-47.947967,47.13
1352,2019-08-15,20:00,0.0,1006.0,1006.5,1005.9,997,29.4,23.3,29.6,27.1,24.0,22.0,82,65,70,20,2.1,0.0,N,PA,CASTANHAL,A202,-1.300875,-47.947967,47.13
1353,2019-08-16,00:00,0.0,1008.5,1008.5,1007.9,-9999,25.3,22.6,25.3,24.4,22.7,22.2,90,85,85,45,0.0,0.0,N,PA,CASTANHAL,A202,-1.300875,-47.947967,47.13
1354,2019-08-16,04:00,0.0,1008.9,1009.6,1008.9,-9999,24.5,22.7,24.8,24.5,22.8,22.7,89,88,89,55,0.0,0.0,N,PA,CASTANHAL,A202,-1.300875,-47.947967,47.13
1355,2019-08-16,08:00,0.0,1007.9,1007.9,1007.8,-9999,24.2,22.6,24.2,24.1,22.7,22.5,91,91,91,66,0.0,0.0,N,PA,CASTANHAL,A202,-1.300875,-47.947967,47.13
1356,2019-08-16,12:00,0.0,1009.7,1009.7,1009.3,1467,27.5,23.2,27.5,25.4,23.6,23.1,87,77,78,80,7.5,3.3,N,PA,CASTANHAL,A202,-1.300875,-47.947967,47.13
1357,2019-08-16,16:00,0.0,1008.2,1008.9,1008.2,2668,31.1,22.2,31.2,30.2,23.2,21.3,64,56,59,96,9.5,0.6,N,PA,CASTANHAL,A202,-1.300875,-47.947967,47.13
1358,2019-08-16,20:00,0.0,1006.2,1006.2,1005.8,1087,29.9,22.8,30.9,28.1,23.7,21.8,75,59,66,119,0.0,0.0,N,PA,CASTANHAL,A202,-1.300875,-47.947967,47.13
1359,2019-08-17,00:00,0.0,1008.8,1008.9,1008.3,-9999,25.9,23.0,26.1,25.8,23.0,22.5,84,81,84,56,0.0,0.0,N,PA,CASTANHAL,A202,-1.300875,-47.947967,47.13
1360,2019-08-17,04:00,0.0,1009.4,1009.8,1009.4,-9999,24.9,23.0,25.1,24.9,23.1,22.9,89,88,89,44,0.0,0.0,N,PA,CASTANHAL,A202,-1.300875,-47.947967,47.13
1361,2019-08-17,08:00,0.0,1008.1,1008.1,1007.8,-9999,23.9,22.4,24.1,23.9,22.6,22.4,91,91,91,35,0.0,0.0,N,PA,CASTANHAL,A202,-1.300875,-47.947967,47.13
1362,2019-08-17,12:00,0.0,1009.7,1009.7,1009.4,1487,27.7,22.7,27.7,25.7,23.1,22.4,83,73,74,73,5.8,0.2,N,PA,CASTANHAL,A202,-1.300875,-47.947967,47.13
1363,2019-08-17,16:00,0.0,1008.2,1009.0,1008.2,2558,31.9,21.1,31.9,31.0,22.2,20.2,59,51,53,84,1.9,0.0,N,PA,CASTANHAL,A202,-1.300875,-47.947967,47.13
1364,2019-08-17,20:00,0.0,1006.0,1006.1,1005.9,1309,32.3,20.1,32.8,31.8,21.4,19.4,52,46,49,102,4.4,0.0,N,PA,CASTANHAL,A202,-1.300875,-47.947967,47.13
1365,2019-08-18,00:00,0.0,1008.3,1008.3,1007.5,-9999,26.0,22.4,27.2,26.0,22.4,21.8,81,73,81,27,0.0,0.0,N,PA,CASTANHAL,A202,-1.300875,-47.947967,47.13
1366,2019-08-18,04:00,0.0,1008.2,1008.6,1008.2,-9999,24.5,21.8,25.0,24.5,21.8,21.5,85,81,85,43,0.3,0.0,N,PA,CASTANHAL,A202,-1.300875,-47.947967,47.13
1367,2019-08-18,08:00,0.0,1007.6,1007.6,1007.4,-9999,24.0,22.4,24.0,23.9,22.4,22.2,91,90,91,54,0.0,0.0,N,PA,CASTANHAL,A202,-1.300875,-47.947967,47.13
1368,2019-08-18,12:00,0.0,1009.4,1009.4,1008.6,1526,27.4,22.9,27.5,25.8,23.5,22.8,86,76,76,68,6.9,1.0,N,PA,CASTANHAL,A202,-1.300875,-47.947967,47.13
1369,2019-08-18,16:00,0.0,1008.6,1009.3,1008.6,2329,31.1,22.7,31.4,30.5,23.0,21.3,63,56,61,117,5.8,0.0,N,PA,CASTANHAL,A202,-1.300875,-47.947967,47.13
1370,2019-08-18,20:00,0.0,1006.3,1006.5,1006.2,1386,32.2,20.8,32.8,32.1,21.8,20.2,53,49,51,121,3.0,0.0,N,PA,CASTANHAL,A202,-1.300875,-47.947967,47.13
1371,2019-08-19,00:00,0.0,1008.6,1008.6,1007.6,-9999,23.5,20.5,25.3,23.4,22.8,20.2,88,78,83,354,0.0,0.0,N,PA,CASTANHAL,A202,-1.300875,-47.947967,47.13
1372,2019-08-19,04:00,0.0,1008.7,1009.2,1008.7,-9999,23.7,22.0,23.7,23.4,22.1,21.6,91,90,90,14,0.0,0.0,N,PA,CASTANHAL,A202,-1.300875,-47.947967,47.13
1373,2019-08-19,08:00,0.0,1007.9,1007.9,1007.5,-9999,22.8,21.6,23.2,22.8,21.9,21.6,93,92,93,316,0.0,0.0,N,PA,CASTANHAL,A202,-1.300875,-47.947967,47.13
1374,2019-08-19,12:00,0.0,1009.6,1009.6,1008.9,1485,27.2,23.6,27.3,25.2,23.8,23.1,91,80,81,24,2.9,0.0,N,PA,CASTANHAL,A202,-1.300875,-47.947967,47.13
1375,2019-08-19,16:00,0.0,1008.4,1009.4,1008.4,2555,32.1,22.0,32.5,30.5,23.4,21.5,63,54,55,53,0.0,0.0,N,PA,CASTANHAL,A202,-1.300875,-47.947967,47.13
1376,2019-08-19,20:00,0.0,1006.4,1006.4,1005.9,1026,32.8,21.7,32.8,31.4,23.2,20.6,61,50,52,142,0.0,0.0,N,PA,CASTANHAL,A202,-1.300875,-47.947967,47.13
1377,2019-08-20,00:00,0.0,1009.1,1009.1,1008.2,-9999,23.6,21.8,23.7,23.3,21.8,21.6,91,89,89,30,1.1,0.0,N,PA,CASTANHAL,A202,-1.300875,-47.947967,47.13
1378,2019-08-20,04:00,0.0,1009.1,1009.8,1009.1,-9999,23.5,21.1,23.6,23.4,21.1,20.9,87,86,86,36,0.0,0.0,N,PA,CASTANHAL,A202,-1.300875,-47.947967,47.13
1379,2019-08-20,08:00,0.0,1008.3,1008.4,1008.2,-9999,22.9,21.6,23.0,22.8,21.7,21.5,93,92,92,22,0.0,0.0,N,PA,CASTANHAL,A202,-1.300875,-47.947967,47.13
1380,2019-08-20,12:00,0.0,1010.3,1010.3,1009.5,1475,27.0,23.3,27.0,24.9,23.4,22.6,88,80,80,45,5.5,0.2,N,PA,CASTANHAL,A202,-1.300875,-47.947967,47.13
1381,2019-08-20,16:00,0.0,1009.1,1009.8,1009.1,1967,30.7,22.3,31.3,30.2,23.5,21.9,64,59,61,25,5.6,0.0,N,PA,CASTANHAL,A202,-1.300875,-47.947967,47.13
1382,2019-08-20,20:00,0.0,1007.3,1007.4,1007.2,779,31.0,22.2,32.0,30.7,22.8,21.7,61,56,59,26,7.2,0.1,N,PA,CASTANHAL,A202,-1.300875,-47.947967,47.13
1383,2019-08-21,00:00,0.0,1009.6,1009.6,1009.0,-9999,25.6,22.7,26.5,25.6,22.7,22.0,84,77,84,28,4.2,0.0,N,PA,CASTANHAL,A202,-1.300875,-47.947967,47.13
1384,2019-08-21,04:00,0.0,1009.7,1010.4,1009.7,-9999,24.4,22.8,24.8,24.4,22.8,22.8,91,89,90,32,0.0,0.0,N,PA,CASTANHAL,A202,-1.300875,-47.947967,47.13
1385,2019-08-21,08:00,0.0,1009.0,1009.1,1008.9,-9999,23.7,22.5,24.0,23.7,22.7,22.4,93,92,93,26,0.0,0.0,N,PA,CASTANHAL,A202,-1.300875,-47.947967,47.13
1386,2019-08-21,12:00,0.0,1010.9,1010.9,1010.1,1458,27.3,23.2,27.5,25.5,23.8,22.8,86,78,78,49,7.4,0.5,N,PA,CASTANHAL,A202,-1.300875,-47.947967,47.13
1387,2019-08-21,16:00,0.0,1009.5,1010.4,1009.5,1899,31.5,22.4,31.5,30.2,23.3,21.3,65,58,59,41,7.6,0.0,N,PA,CASTANHAL,A202,-1.300875,-47.947967,47.13
1388,2019-08-21,20:00,8.0,1007.6,1008.1,1007.4,601,25.9,23.8,31.4,25.6,23.8,21.7,88,58,88,313,12.0,0.0,N,PA,CASTANHAL,A202,-1.300875,-47.947967,47.13
1389,2019-08-22,00:00,0.0,1009.9,1010.0,1009.0,-9999,25.4,22.4,25.5,24.7,22.7,21.8,86,83,83,41,0.0,0.0,N,PA,CASTANHAL,A202,-1.300875,-47.947967,47.13
1390,2019-08-22,04:00,0.0,1009.6,1009.9,1009.6,-9999,24.4,22.4,24.8,24.4,22.5,22.4,89,87,89,28,0.0,0.0,N,PA,CASTANHAL,A202,-1.300875,-47.947967,47.13
1391,2019-08-22,08:00,0.0,1008.7,1008.7,1008.3,-9999,23.4,22.1,23.5,23.4,22.2,22.1,93,92,92,31,0.0,0.0,N,PA,CASTANHAL,A202,-1.300875,-47.947967,47.13
1392,2019-08-22,12:00,0.0,1010.3,1010.3,1009.7,1385,26.9,23.2,27.0,25.2,23.4,22.5,86,80,80,28,6.1,0.1,N,PA,CASTANHAL,A202,-1.300875,-47.947967,47.13
1393,2019-08-22,16:00,0.0,1008.8,1009.6,1008.8,2687,31.0,22.1,31.5,30.4,22.9,21.1,64,56,59,35,5.6,0.1,N,PA,CASTANHAL,A202,-1.300875,-47.947967,47.13
1394,2019-08-22,20:00,0.0,1007.3,1007.5,1007.2,1238,30.3,22.6,31.3,30.3,23.0,21.3,65,57,63,6,7.5,0.4,N,PA,CASTANHAL,A202,-1.300875,-47.947967,47.13
1395,2019-08-23,00:00,0.0,1010.2,1010.2,1009.3,-9999,25.8,21.6,26.4,25.8,22.0,21.5,78,76,78,39,2.9,0.0,N,PA,CASTANHAL,A202,-1.300875,-47.947967,47.13
1396,2019-08-23,04:00,0.0,1009.5,1010.8,1009.5,-9999,24.3,21.9,24.9,24.3,22.1,21.9,87,84,87,11,0.0,0.0,N,PA,CASTANHAL,A202,-1.300875,-47.947967,47.13
1397,2019-08-08,00:00,0.0,1010.9,1010.9,1010.0,-9999,24.9,22.7,24.9,24.6,22.8,22.5,89,87,88,350,0.0,0.0,N,PA,CASTANHAL,A202,-1.300875,-47.947967,47.13
1398,2019-08-08,04:00,0.0,1010.9,1011.6,1010.9,-9999,25.2,22.3,25.4,25.2,22.5,22.3,84,83,84,60,2.0,0.0,N,PA,CASTANHAL,A202,-1.300875,-47.947967,47.13
1399,2019-08-08,08:00,0.0,1009.5,1009.5,1009.4,-9999,23.9,21.8,24.2,23.9,22.0,21.8,89,87,88,52,0.0,0.0,N,PA,CASTANHAL,A202,-1.300875,-47.947967,47.13
1400,2019-08-08,12:00,0.0,1011.2,1011.3,1011.0,1132,27.7,22.7,27.7,26.1,23.2,22.2,80,74,74,41,4.6,0.1,N,PA,CASTANHAL,A202,-1.300875,-47.947967,47.13
1401,2019-08-08,16:00,0.0,1009.9,1010.8,1009.9,2575,31.9,22.4,31.9,30.8,23.4,21.3,64,56,58,131,0.0,0.0,N,PA,CASTANHAL,A202,-1.300875,-47.947967,47.13
1402,2019-08-08,20:00,0.0,1007.9,1008.2,1007.9,293,29.1,22.4,30.5,29.0,22.8,21.7,69,59,67,143,0.0,0.0,N,PA,CASTANHAL,A202,-1.300875,-47.947967,47.13
1403,2019-08-09,00:00,0.0,1011.1,1011.1,1010.0,-9999,25.6,22.6,25.7,25.5,22.6,22.4,83,83,83,14,0.0,0.0,N,PA,CASTANHAL,A202,-1.300875,-47.947967,47.13
1404,2019-08-09,04:00,0.8,1011.2,1011.8,1011.2,-9999,23.3,21.5,24.1,23.3,22.0,21.3,90,87,90,111,1.8,0.0,N,PA,CASTANHAL,A202,-1.300875,-47.947967,47.13
1405,2019-08-09,08:00,0.0,1008.8,1008.8,1008.6,-9999,23.6,21.5,23.9,23.6,21.6,21.3,88,86,88,15,0.0,0.0,N,PA,CASTANHAL,A202,-1.300875,-47.947967,47.13
1406,2019-08-23,08:00,0.0,1008.9,1009.0,1008.7,-9999,23.6,22.1,23.7,23.3,22.2,21.9,92,91,91,34,0.0,0.0,N,PA,CASTANHAL,A202,-1.300875,-47.947967,47.13
1407,2019-08-23,12:00,0.0,1010.5,1010.5,1010.2,1469,27.4,23.0,27.4,25.4,23.1,22.5,85,77,77,28,5.0,0.1,N,PA,CASTANHAL,A202,-1.300875,-47.947967,47.13
1408,2019-08-23,16:00,0.0,1009.5,1010.0,1009.5,1609,30.8,22.3,31.0,30.2,23.4,21.3,66,57,61,59,4.9,0.0,N,PA,CASTANHAL,A202,-1.300875,-47.947967,47.13
1409,2019-08-23,20:00,0.0,1009.6,1009.6,1008.8,46,25.5,22.1,26.5,25.5,22.6,21.6,84,75,81,307,4.0,0.0,N,PA,CASTANHAL,A202,-1.300875,-47.947967,47.13
1410,2019-08-24,00:00,0.0,1010.5,1010.5,1009.9,-9999,24.1,21.5,24.2,24.0,21.7,21.5,87,85,85,16,0.0,0.0,N,PA,CASTANHAL,A202,-1.300875,-47.947967,47.13
1411,2019-08-24,04:00,0.0,1010.2,1010.5,1010.2,-9999,24.2,22.4,24.3,24.2,22.5,22.4,90,89,89,18,4.5,0.0,N,PA,CASTANHAL,A202,-1.300875,-47.947967,47.13
1412,2019-08-24,08:00,0.0,1009.1,1009.1,1008.9,-9999,22.8,21.6,23.3,22.8,22.2,21.6,93,93,93,80,0.0,0.0,N,PA,CASTANHAL,A202,-1.300875,-47.947967,47.13
1413,2019-08-24,12:00,0.0,1010.6,1010.6,1010.1,1518,27.1,23.1,27.2,25.1,23.8,22.9,88,79,79,51,6.8,0.3,N,PA,CASTANHAL,A202,-1.300875,-47.947967,47.13
1414,2019-08-24,16:00,0.0,1008.9,1009.9,1008.9,2518,30.8,21.7,31.4,30.3,23.6,21.0,65,56,58,74,5.6,0.0,N,PA,CASTANHAL,A202,-1.300875,-47.947967,47.13
1415,2019-08-24,20:00,0.0,1006.8,1006.9,1006.7,799,31.5,21.3,32.0,30.9,22.5,21.1,60,54,55,68,6.0,0.1,N,PA,CASTANHAL,A202,-1.300875,-47.947967,47.13
1416,2019-08-25,00:00,0.0,1009.4,1009.4,1008.6,-9999,26.2,22.8,27.2,26.2,22.8,22.8,82,77,82,28,7.1,0.0,N,PA,CASTANHAL,A202,-1.300875,-47.947967,47.13
1417,2019-08-25,04:00,0.0,1009.8,1010.3,1009.8,-9999,24.6,22.6,24.9,24.6,22.7,22.6,89,88,89,26,2.9,0.0,N,PA,CASTANHAL,A202,-1.300875,-47.947967,47.13
1418,2019-08-25,08:00,0.0,1008.8,1008.8,1008.5,-9999,23.8,22.3,23.9,23.7,22.4,22.3,92,91,91,32,0.0,0.0,N,PA,CASTANHAL,A202,-1.300875,-47.947967,47.13
1419,2019-08-25,12:00,0.0,1010.4,1010.4,1009.6,1499,27.3,22.7,27.4,25.8,23.0,22.5,83,75,76,55,8.7,2.1,N,PA,CASTANHAL,A202,-1.300875,-47.947967,47.13
1420,2019-08-25,16:00,0.0,1008.6,1009.6,1008.6,2344,31.4,22.3,31.5,30.5,23.5,21.3,65,57,59,63,8.1,0.0,N,PA,CASTANHAL,A202,-1.300875,-47.947967,47.13
1421,2019-08-25,20:00,0.0,1006.5,1006.5,1006.3,1001,30.8,22.4,32.0,30.8,22.5,21.2,61,54,61,46,7.6,0.9,N,PA,CASTANHAL,A202,-1.300875,-47.947967,47.13
1422,2019-08-26,00:00,0.0,1008.8,1008.9,1008.1,-9999,26.3,22.4,27.2,26.3,22.4,22.3,79,75,79,88,6.3,0.0,N,PA,CASTANHAL,A202,-1.300875,-47.947967,47.13
1423,2019-08-26,04:00,0.0,1008.5,1009.2,1008.5,-9999,24.7,22.3,24.9,24.6,22.4,22.3,87,86,87,65,5.1,0.0,N,PA,CASTANHAL,A202,-1.300875,-47.947967,47.13
1424,2019-08-26,08:00,0.0,1007.6,1007.7,1007.4,-9999,23.6,22.1,23.9,23.6,22.2,22.1,91,90,91,27,0.0,0.0,N,PA,CASTANHAL,A202,-1.300875,-47.947967,47.13
1425,2019-08-26,12:00,0.2,1009.8,1009.8,1009.1,1510,27.2,22.9,27.2,25.1,23.2,22.7,87,78,78,60,8.3,0.8,N,PA,CASTANHAL,A202,-1.300875,-47.947967,47.13
1426,2019-08-26,16:00,0.0,1008.5,1009.5,1008.5,2187,31.5,22.6,31.5,30.3,23.6,22.0,64,59,59,61,4.5,0.0,N,PA,CASTANHAL,A202,-1.300875,-47.947967,47.13
1427,2019-08-26,20:00,0.0,1006.9,1007.0,1006.5,368,27.3,21.5,28.7,27.3,23.6,19.9,75,62,71,15,3.9,0.0,N,PA,CASTANHAL,A202,-1.300875,-47.947967,47.13
1428,2019-08-27,00:00,0.0,1009.1,1009.1,1008.4,-9999,25.1,22.8,25.7,25.1,22.8,22.3,87,82,87,182,0.0,0.0,N,PA,CASTANHAL,A202,-1.300875,-47.947967,47.13
1429,2019-08-27,04:00,0.0,1008.7,1009.4,1008.7,-9999,24.5,22.3,25.2,24.5,22.3,22.2,87,84,87,29,2.3,0.0,N,PA,CASTANHAL,A202,-1.300875,-47.947967,47.13
1430,2019-08-27,08:00,0.0,1007.8,1007.8,1007.7,-9999,23.3,21.7,23.6,23.3,21.9,21.7,91,90,91,18,0.0,0.0,N,PA,CASTANHAL,A202,-1.300875,-47.947967,47.13
1431,2019-08-27,12:00,0.0,1009.9,1009.9,1009.3,1471,27.1,22.8,27.4,25.4,23.4,22.6,85,76,77,53,0.0,0.0,N,PA,CASTANHAL,A202,-1.300875,-47.947967,47.13
1432,2019-08-27,16:00,0.0,1008.6,1009.9,1008.6,2273,31.2,22.0,31.4,29.9,22.9,21.9,64,58,58,108,4.3,0.0,N,PA,CASTANHAL,A202,-1.300875,-47.947967,47.13
1433,2019-08-27,20:00,0.0,1006.9,1006.9,1006.1,1196,30.8,22.0,31.9,30.8,22.6,21.3,60,54,59,108,0.0,0.0,N,PA,CASTANHAL,A202,-1.300875,-47.947967,47.13
1434,2019-08-28,00:00,0.0,1009.2,1009.3,1008.7,-9999,25.4,22.8,25.5,25.0,22.9,22.6,88,84,86,39,5.0,0.0,N,PA,CASTANHAL,A202,-1.300875,-47.947967,47.13
1435,2019-08-28,04:00,0.0,1008.8,1009.5,1008.8,-9999,24.6,22.8,24.7,24.6,22.8,22.7,90,89,89,33,0.0,0.0,N,PA,CASTANHAL,A202,-1.300875,-47.947967,47.13
1436,2019-08-28,08:00,0.0,1007.5,1007.6,1007.3,-9999,23.7,22.3,24.0,23.7,22.5,22.3,92,91,92,34,0.0,0.0,N,PA,CASTANHAL,A202,-1.300875,-47.947967,47.13
1437,2019-08-28,12:00,0.0,1009.6,1009.6,1009.1,1468,27.1,23.2,27.1,25.5,23.5,22.9,87,79,80,59,7.0,0.1,N,PA,CASTANHAL,A202,-1.300875,-47.947967,47.13
1438,2019-08-28,16:00,0.0,1008.5,1009.5,1008.5,1986,30.8,22.8,31.3,30.0,23.6,21.8,66,58,62,85,7.0,0.1,N,PA,CASTANHAL,A202,-1.300875,-47.947967,47.13
1439,2019-08-28,20:00,0.0,1005.7,1005.9,1005.7,1149,31.9,21.3,32.7,31.7,22.8,20.5,57,50,54,119,3.6,0.0,N,PA,CASTANHAL,A202,-1.300875,-47.947967,47.13
1440,2019-08-29,00:00,0.0,1008.1,1008.1,1007.3,-9999,26.3,23.0,27.1,26.3,23.4,23.0,82,80,82,25,0.0,0.0,N,PA,CASTANHAL,A202,-1.300875,-47.947967,47.13
1441,2019-08-29,04:00,0.0,1008.5,1009.1,1008.5,-9999,24.9,22.9,25.2,24.9,23.0,22.9,89,88,89,27,0.0,0.0,N,PA,CASTANHAL,A202,-1.300875,-47.947967,47.13
1442,2019-08-29,08:00,0.0,1007.0,1007.2,1006.9,-9999,23.9,22.4,24.1,23.9,22.5,22.4,91,91,91,3,0.0,0.0,N,PA,CASTANHAL,A202,-1.300875,-47.947967,47.13
1443,2019-08-29,12:00,0.0,1008.9,1008.9,1008.2,1434,27.2,23.3,27.2,25.4,23.3,22.8,87,79,79,49,2.9,0.0,N,PA,CASTANHAL,A202,-1.300875,-47.947967,47.13
1444,2019-08-29,16:00,0.0,1007.2,1008.1,1007.2,2371,31.4,22.0,32.0,30.5,23.7,21.7,65,56,58,61,3.0,0.0,N,PA,CASTANHAL,A202,-1.300875,-47.947967,47.13
1445,2019-08-29,20:00,6.8,1005.6,1006.2,1005.0,231,24.6,22.4,29.3,24.0,24.7,19.9,88,68,88,272,12.6,0.0,N,PA,CASTANHAL,A202,-1.300875,-47.947967,47.13
1446,2019-08-30,00:00,0.0,1008.2,1008.2,1007.6,-9999,25.3,22.8,25.7,25.3,22.8,22.6,86,83,86,29,0.0,0.0,N,PA,CASTANHAL,A202,-1.300875,-47.947967,47.13
1447,2019-08-30,04:00,0.0,1008.4,1008.9,1008.4,-9999,25.0,22.8,25.1,24.9,22.8,22.7,88,87,88,54,3.9,0.0,N,PA,CASTANHAL,A202,-1.300875,-47.947967,47.13
1448,2019-08-30,08:00,0.0,1007.4,1007.4,1007.2,-9999,24.1,22.5,24.3,24.1,22.6,22.5,91,90,91,19,0.0,0.0,N,PA,CASTANHAL,A202,-1.300875,-47.947967,47.13
1449,2019-08-30,12:00,0.0,1009.1,1009.1,1008.6,1455,27.3,23.2,27.3,25.5,23.5,22.8,87,78,79,43,6.3,0.7,N,PA,CASTANHAL,A202,-1.300875,-47.947967,47.13
1450,2019-08-30,16:00,0.0,1008.0,1008.9,1008.0,2545,31.3,21.7,31.7,29.9,23.5,21.7,66,56,57,90,0.0,0.0,N,PA,CASTANHAL,A202,-1.300875,-47.947967,47.13
1451,2019-08-30,20:00,0.2,1005.3,1005.9,1005.3,906,29.2,22.2,31.2,29.2,25.4,21.9,79,60,66,14,7.2,0.0,N,PA,CASTANHAL,A202,-1.300875,-47.947967,47.13
1452,2019-08-31,00:00,0.0,1008.3,1008.3,1007.4,-9999,26.3,22.9,26.8,26.2,23.0,22.9,82,80,82,34,0.0,0.0,N,PA,CASTANHAL,A202,-1.300875,-47.947967,47.13
1453,2019-08-31,04:00,0.0,1008.2,1009.0,1008.2,-9999,24.8,22.6,25.1,24.8,22.7,22.6,87,87,87,53,1.7,0.0,N,PA,CASTANHAL,A202,-1.300875,-47.947967,47.13
1454,2019-08-31,08:00,0.0,1007.0,1007.0,1006.8,-9999,23.9,22.0,24.2,23.8,22.1,22.0,89,88,89,49,0.0,0.0,N,PA,CASTANHAL,A202,-1.300875,-47.947967,47.13
1455,2019-08-31,12:00,0.0,1009.1,1009.1,1008.4,1500,27.4,22.7,27.5,25.7,23.1,22.6,84,75,75,67,9.5,1.0,N,PA,CASTANHAL,A202,-1.300875,-47.947967,47.13
1456,2019-08-31,16:00,0.0,1007.7,1008.8,1007.7,2546,31.3,22.6,31.5,30.5,23.2,21.9,63,58,60,56,6.1,0.0,N,PA,CASTANHAL,A202,-1.300875,-47.947967,47.13
1457,2019-08-31,20:00,0.0,1005.6,1005.6,1005.0,280,29.2,23.0,30.7,29.1,23.3,21.9,71,61,69,68,4.9,0.0,N,PA,CASTANHAL,A202,-1.300875,-47.947967,47.13
1458,2019-09-01,00:00,0.0,1007.6,1007.6,1006.8,-9999,26.3,22.7,27.0,26.3,22.9,22.6,81,78,81,26,2.4,0.0,N,PA,CASTANHAL,A202,-1.300875,-47.947967,47.13
1459,2019-09-01,04:00,0.0,1007.4,1007.9,1007.4,-9999,24.9,22.4,25.2,24.9,22.5,22.4,86,85,86,47,0.0,0.0,N,PA,CASTANHAL,A202,-1.300875,-47.947967,47.13
1460,2019-09-01,08:00,0.0,1006.1,1006.1,1006.0,-9999,24.1,22.3,24.2,24.1,22.3,22.2,90,89,89,57,0.0,0.0,N,PA,CASTANHAL,A202,-1.300875,-47.947967,47.13
1461,2019-09-01,12:00,0.0,1008.5,1008.5,1007.8,1468,27.6,23.6,27.6,25.6,23.6,22.6,85,77,79,36,6.3,0.2,N,PA,CASTANHAL,A202,-1.300875,-47.947967,47.13
1462,2019-09-01,16:00,0.0,1006.8,1007.8,1006.8,2489,31.4,22.3,32.0,30.4,23.5,21.9,65,56,59,31,5.6,0.1,N,PA,CASTANHAL,A202,-1.300875,-47.947967,47.13
1463,2019-09-01,20:00,0.8,1005.2,1005.2,1004.3,1353,29.8,22.0,32.2,29.8,23.4,22.0,64,57,63,54,16.6,1.0,N,PA,CASTANHAL,A202,-1.300875,-47.947967,47.13
1464,2019-09-02,00:00,0.0,1006.7,1006.7,1005.9,-9999,26.2,23.0,26.9,26.2,23.0,22.9,83,79,83,35,6.1,0.1,N,PA,CASTANHAL,A202,-1.300875,-47.947967,47.13
1465,2019-09-02,04:00,0.0,1006.5,1007.0,1006.5,-9999,25.0,22.9,25.3,25.0,23.0,22.9,88,87,88,46,0.0,0.0,N,PA,CASTANHAL,A202,-1.300875,-47.947967,47.13
1466,2019-09-02,08:00,0.0,1006.0,1006.0,1005.9,-9999,23.9,22.4,24.1,23.9,22.6,22.4,92,91,92,23,0.0,0.0,N,PA,CASTANHAL,A202,-1.300875,-47.947967,47.13
1467,2019-09-02,12:00,0.0,1008.0,1008.0,1007.5,1456,27.2,23.1,27.3,25.6,23.4,22.9,86,78,78,29,6.1,0.1,N,PA,CASTANHAL,A202,-1.300875,-47.947967,47.13
1468,2019-09-02,16:00,0.0,1006.3,1007.3,1006.3,2712,31.7,22.5,31.8,30.6,23.3,22.2,64,57,58,39,4.3,0.0,N,PA,CASTANHAL,A202,-1.300875,-47.947967,47.13
1469,2019-09-02,20:00,0.0,1003.9,1003.9,1003.8,588,31.0,22.6,32.3,31.0,23.1,22.1,61,57,61,26,0.0,0.0,N,PA,CASTANHAL,A202,-1.300875,-47.947967,47.13
1470,2019-09-03,00:00,0.0,1006.2,1006.2,1005.4,-9999,26.4,22.9,26.9,26.4,22.9,22.7,81,78,81,48,0.0,0.0,N,PA,CASTANHAL,A202,-1.300875,-47.947967,47.13
1471,2019-09-03,04:00,0.0,1006.0,1006.5,1006.0,-9999,25.0,23.0,25.2,25.0,23.1,23.0,89,88,88,42,0.0,0.0,N,PA,CASTANHAL,A202,-1.300875,-47.947967,47.13
1472,2019-09-03,08:00,0.0,1005.2,1005.2,1004.9,-9999,24.6,22.9,24.9,24.6,23.1,22.9,90,90,90,23,0.0,0.0,N,PA,CASTANHAL,A202,-1.300875,-47.947967,47.13
1473,2019-09-03,12:00,0.0,1007.8,1007.8,1007.1,1297,27.4,23.5,27.6,26.1,23.9,23.1,86,79,79,63,7.1,0.7,N,PA,CASTANHAL,A202,-1.300875,-47.947967,47.13
1474,2019-09-03,16:00,0.0,1006.7,1007.7,1006.7,2193,31.4,22.5,31.8,30.9,23.8,22.1,64,58,59,67,5.1,0.0,N,PA,CASTANHAL,A202,-1.300875,-47.947967,47.13
1475,2019-09-03,20:00,0.0,1004.6,1004.6,1004.5,967,32.5,22.8,32.8,31.7,22.8,21.6,58,52,57,92,3.7,0.0,N,PA,CASTANHAL,A202,-1.300875,-47.947967,47.13
1476,2019-09-04,00:00,0.0,1006.8,1006.8,1006.2,-9999,26.2,22.0,27.1,26.2,22.0,21.0,78,70,78,52,5.3,0.0,N,PA,CASTANHAL,A202,-1.300875,-47.947967,47.13
1477,2019-09-04,04:00,0.0,1007.1,1007.4,1007.1,-9999,25.0,22.2,25.2,25.0,22.3,22.2,85,84,85,70,3.0,0.0,N,PA,CASTANHAL,A202,-1.300875,-47.947967,47.13
1478,2019-09-04,08:00,0.0,1007.1,1007.1,1006.7,-9999,23.8,21.8,24.0,23.8,21.9,21.7,89,88,89,92,0.0,0.0,N,PA,CASTANHAL,A202,-1.300875,-47.947967,47.13
1479,2019-09-04,12:00,0.0,1009.4,1009.4,1008.8,1466,27.7,22.7,27.7,25.5,23.1,22.4,83,74,74,53,8.1,1.7,N,PA,CASTANHAL,A202,-1.300875,-47.947967,47.13
1480,2019-09-04,16:00,0.0,1008.6,1009.3,1008.6,2646,31.5,22.1,31.8,30.7,22.4,21.4,60,55,57,63,9.1,0.7,N,PA,CASTANHAL,A202,-1.300875,-47.947967,47.13
1481,2019-09-04,20:00,0.0,1006.8,1006.8,1006.5,862,30.2,22.0,31.5,30.2,22.5,21.4,62,57,62,56,8.0,0.0,N,PA,CASTANHAL,A202,-1.300875,-47.947967,47.13
1482,2019-09-05,00:00,0.0,1008.7,1008.7,1008.0,-9999,26.5,21.9,27.5,26.5,22.1,21.9,76,72,76,61,6.0,0.0,N,PA,CASTANHAL,A202,-1.300875,-47.947967,47.13
1483,2019-09-05,04:00,-9999.0,-9999.0,-9999.0,-9999.0,-9999,-9999.0,-9999.0,-9999.0,-9999.0,-9999.0,-9999.0,-9999,-9999,-9999,-9999,-9999.0,-9999.0,N,PA,CASTANHAL,A202,-1.300875,-47.947967,47.13
1484,2019-09-05,08:00,0.0,1007.8,1007.9,1007.7,-9999,23.9,21.7,23.9,23.7,21.8,21.6,88,88,88,49,0.0,0.0,N,PA,CASTANHAL,A202,-1.300875,-47.947967,47.13
1485,2019-09-05,12:00,-9999.0,-9999.0,-9999.0,-9999.0,-9999,-9999.0,-9999.0,-9999.0,-9999.0,-9999.0,-9999.0,-9999,-9999,-9999,-9999,-9999.0,-9999.0,N,PA,CASTANHAL,A202,-1.300875,-47.947967,47.13
1486,2019-09-05,16:00,-9999.0,-9999.0,-9999.0,-9999.0,-9999,-9999.0,-9999.0,-9999.0,-9999.0,-9999.0,-9999.0,-9999,-9999,-9999,-9999,-9999.0,-9999.0,N,PA,CASTANHAL,A202,-1.300875,-47.947967,47.13
1487,2019-09-05,20:00,0.0,1007.4,1007.5,1007.4,750,30.5,20.8,31.7,30.5,20.9,19.9,56,51,56,64,8.1,0.2,N,PA,CASTANHAL,A202,-1.300875,-47.947967,47.13
1488,2019-09-06,00:00,-9999.0,-9999.0,-9999.0,-9999.0,-9999,-9999.0,-9999.0,-9999.0,-9999.0,-9999.0,-9999.0,-9999,-9999,-9999,-9999,-9999.0,-9999.0,N,PA,CASTANHAL,A202,-1.300875,-47.947967,47.13
1489,2019-09-06,04:00,0.0,1008.2,1008.8,1008.2,-9999,23.9,21.3,24.4,23.9,21.4,21.2,85,82,85,51,0.0,0.0,N,PA,CASTANHAL,A202,-1.300875,-47.947967,47.13
1490,2019-09-06,08:00,-9999.0,-9999.0,-9999.0,-9999.0,-9999,-9999.0,-9999.0,-9999.0,-9999.0,-9999.0,-9999.0,-9999,-9999,-9999,-9999,-9999.0,-9999.0,N,PA,CASTANHAL,A202,-1.300875,-47.947967,47.13
1491,2019-09-06,12:00,-9999.0,-9999.0,-9999.0,-9999.0,-9999,-9999.0,-9999.0,-9999.0,-9999.0,-9999.0,-9999.0,-9999,-9999,-9999,-9999,-9999.0,-9999.0,N,PA,CASTANHAL,A202,-1.300875,-47.947967,47.13
1492,2019-09-06,16:00,0.0,1007.6,1008.6,1007.6,2486,31.8,21.6,32.5,31.0,22.5,21.1,58,52,55,40,6.2,0.0,N,PA,CASTANHAL,A202,-1.300875,-47.947967,47.13
1493,2019-09-06,20:00,0.0,1006.7,1006.7,1005.3,844,30.8,21.4,32.4,30.8,21.6,20.7,58,51,57,68,7.8,0.0,N,PA,CASTANHAL,A202,-1.300875,-47.947967,47.13
1494,2019-09-07,00:00,0.0,1009.5,1009.5,1008.3,-9999,26.8,21.8,27.2,26.8,21.8,21.5,74,71,74,76,0.0,0.0,N,PA,CASTANHAL,A202,-1.300875,-47.947967,47.13
1495,2019-09-07,04:00,0.0,1008.8,1009.6,1008.8,-9999,25.4,22.5,25.8,25.4,22.6,22.5,84,82,84,21,0.0,0.0,N,PA,CASTANHAL,A202,-1.300875,-47.947967,47.13
1496,2019-09-07,08:00,0.0,1007.9,1007.9,1007.6,-9999,24.3,22.5,24.4,24.2,22.6,22.3,90,89,90,1,0.0,0.0,N,PA,CASTANHAL,A202,-1.300875,-47.947967,47.13
1497,2019-09-07,12:00,-9999.0,-9999.0,-9999.0,-9999.0,-9999,-9999.0,-9999.0,-9999.0,-9999.0,-9999.0,-9999.0,-9999,-9999,-9999,-9999,-9999.0,-9999.0,N,PA,CASTANHAL,A202,-1.300875,-47.947967,47.13
1498,2019-09-07,16:00,0.0,1008.7,1009.8,1008.7,2740,32.4,21.8,32.4,31.1,22.7,20.9,57,52,54,70,7.7,0.0,N,PA,CASTANHAL,A202,-1.300875,-47.947967,47.13
1499,2019-09-07,20:00,-9999.0,-9999.0,-9999.0,-9999.0,-9999,-9999.0,-9999.0,-9999.0,-9999.0,-9999.0,-9999.0,-9999,-9999,-9999,-9999,-9999.0,-9999.0,N,PA,CASTANHAL,A202,-1.300875,-47.947967,47.13
1500,2019-09-08,00:00,0.0,1009.5,1009.6,1009.2,-9999,25.1,22.6,25.2,25.0,23.1,22.6,89,86,86,18,0.0,0.0,N,PA,CASTANHAL,A202,-1.300875,-47.947967,47.13
1501,2019-09-08,04:00,0.0,1009.1,1009.8,1009.1,-9999,24.5,22.5,24.7,24.5,22.5,22.5,89,87,89,12,0.0,0.0,N,PA,CASTANHAL,A202,-1.300875,-47.947967,47.13
1502,2019-09-08,08:00,-9999.0,-9999.0,-9999.0,-9999.0,-9999,-9999.0,-9999.0,-9999.0,-9999.0,-9999.0,-9999.0,-9999,-9999,-9999,-9999,-9999.0,-9999.0,N,PA,CASTANHAL,A202,-1.300875,-47.947967,47.13
1503,2019-09-08,12:00,-9999.0,-9999.0,-9999.0,-9999.0,-9999,-9999.0,-9999.0,-9999.0,-9999.0,-9999.0,-9999.0,-9999,-9999,-9999,-9999,-9999.0,-9999.0,N,PA,CASTANHAL,A202,-1.300875,-47.947967,47.13
1504,2019-09-08,16:00,0.0,1009.7,1010.4,1009.7,1961,31.6,21.8,31.8,30.4,23.6,21.4,65,54,56,80,0.0,0.0,N,PA,CASTANHAL,A202,-1.300875,-47.947967,47.13
1505,2019-09-08,20:00,0.0,1008.8,1008.8,1008.4,142,24.5,21.7,24.6,24.2,21.8,21.3,86,83,84,11,0.0,0.0,N,PA,CASTANHAL,A202,-1.300875,-47.947967,47.13
1506,2019-09-09,00:00,0.0,1010.3,1010.3,1009.7,-9999,24.1,22.1,24.2,24.0,22.2,22.0,89,88,88,18,0.0,0.0,N,PA,CASTANHAL,A202,-1.300875,-47.947967,47.13
1507,2019-09-09,04:00,0.0,1009.4,1010.2,1009.4,-9999,23.4,22.1,23.5,23.2,22.2,21.9,93,92,92,25,0.0,0.0,N,PA,CASTANHAL,A202,-1.300875,-47.947967,47.13
1508,2019-09-09,08:00,0.0,1008.3,1008.4,1008.2,-9999,23.4,22.2,23.4,23.3,22.2,22.1,93,93,93,12,0.0,0.0,N,PA,CASTANHAL,A202,-1.300875,-47.947967,47.13
1509,2019-09-09,12:00,-9999.0,-9999.0,-9999.0,-9999.0,-9999,-9999.0,-9999.0,-9999.0,-9999.0,-9999.0,-9999.0,-9999,-9999,-9999,-9999,-9999.0,-9999.0,N,PA,CASTANHAL,A202,-1.300875,-47.947967,47.13
1510,2019-09-09,16:00,-9999.0,-9999.0,-9999.0,-9999.0,-9999,-9999.0,-9999.0,-9999.0,-9999.0,-9999.0,-9999.0,-9999,-9999,-9999,-9999,-9999.0,-9999.0,N,PA,CASTANHAL,A202,-1.300875,-47.947967,47.13
1511,2019-09-09,20:00,0.0,1006.2,1006.4,1006.1,1216,29.8,23.4,32.0,29.8,24.0,21.6,69,56,69,20,4.3,0.0,N,PA,CASTANHAL,A202,-1.300875,-47.947967,47.13
1512,2019-09-10,00:00,0.0,1008.7,1008.7,1008.0,-9999,26.1,23.1,26.6,26.1,23.4,23.1,83,83,83,39,3.2,0.0,N,PA,CASTANHAL,A202,-1.300875,-47.947967,47.13
1513,2019-09-10,04:00,0.0,1008.5,1009.0,1008.5,-9999,24.8,22.6,25.0,24.8,22.7,22.6,88,87,88,30,0.0,0.0,N,PA,CASTANHAL,A202,-1.300875,-47.947967,47.13
1514,2019-09-10,08:00,-9999.0,-9999.0,-9999.0,-9999.0,-9999,-9999.0,-9999.0,-9999.0,-9999.0,-9999.0,-9999.0,-9999,-9999,-9999,-9999,-9999.0,-9999.0,N,PA,CASTANHAL,A202,-1.300875,-47.947967,47.13
1515,2019-09-10,12:00,-9999.0,-9999.0,-9999.0,-9999.0,-9999,-9999.0,-9999.0,-9999.0,-9999.0,-9999.0,-9999.0,-9999,-9999,-9999,-9999,-9999.0,-9999.0,N,PA,CASTANHAL,A202,-1.300875,-47.947967,47.13
1516,2019-09-10,16:00,0.0,1007.5,1008.4,1007.4,3084,32.2,20.5,32.3,31.5,22.0,20.5,55,50,50,86,9.1,0.6,N,PA,CASTANHAL,A202,-1.300875,-47.947967,47.13
1517,2019-09-10,20:00,-9999.0,-9999.0,-9999.0,-9999.0,-9999,-9999.0,-9999.0,-9999.0,-9999.0,-9999.0,-9999.0,-9999,-9999,-9999,-9999,-9999.0,-9999.0,N,PA,CASTANHAL,A202,-1.300875,-47.947967,47.13
1518,2019-09-11,00:00,-9999.0,-9999.0,-9999.0,-9999.0,-9999,-9999.0,-9999.0,-9999.0,-9999.0,-9999.0,-9999.0,-9999,-9999,-9999,-9999,-9999.0,-9999.0,N,PA,CASTANHAL,A202,-1.300875,-47.947967,47.13
1519,2019-09-11,04:00,-9999.0,-9999.0,-9999.0,-9999.0,-9999,-9999.0,-9999.0,-9999.0,-9999.0,-9999.0,-9999.0,-9999,-9999,-9999,-9999,-9999.0,-9999.0,N,PA,CASTANHAL,A202,-1.300875,-47.947967,47.13
1520,2019-09-11,08:00,0.0,1005.3,1005.4,1005.1,-9999,24.1,22.4,24.2,24.1,22.4,22.3,90,90,90,40,0.0,0.0,N,PA,CASTANHAL,A202,-1.300875,-47.947967,47.13
1521,2019-09-11,12:00,0.0,1008.0,1008.0,1007.4,1620,27.6,22.8,27.6,25.7,23.1,22.6,84,75,75,59,7.6,0.2,N,PA,CASTANHAL,A202,-1.300875,-47.947967,47.13
1522,2019-09-11,16:00,0.0,1006.2,1007.4,1006.2,2746,32.2,21.8,32.3,31.1,22.8,21.6,61,54,54,67,8.4,0.3,N,PA,CASTANHAL,A202,-1.300875,-47.947967,47.13
1523,2019-09-11,20:00,0.0,1004.6,1004.7,1004.5,1121,31.6,21.5,32.8,31.6,22.7,21.2,56,52,55,65,6.9,0.0,N,PA,CASTANHAL,A202,-1.300875,-47.947967,47.13
1524,2019-09-12,00:00,0.0,1007.0,1007.0,1006.0,-9999,26.4,22.4,27.3,26.4,22.5,22.4,78,75,78,36,6.1,0.0,N,PA,CASTANHAL,A202,-1.300875,-47.947967,47.13
1525,2019-09-12,04:00,0.0,1006.4,1007.3,1006.4,-9999,24.4,22.1,24.9,24.4,22.2,22.1,87,85,87,32,3.7,0.0,N,PA,CASTANHAL,A202,-1.300875,-47.947967,47.13
1526,2019-09-12,08:00,-9999.0,-9999.0,-9999.0,-9999.0,-9999,-9999.0,-9999.0,-9999.0,-9999.0,-9999.0,-9999.0,-9999,-9999,-9999,-9999,-9999.0,-9999.0,N,PA,CASTANHAL,A202,-1.300875,-47.947967,47.13
1527,2019-09-12,12:00,-9999.0,-9999.0,-9999.0,-9999.0,-9999,-9999.0,-9999.0,-9999.0,-9999.0,-9999.0,-9999.0,-9999,-9999,-9999,-9999,-9999.0,-9999.0,N,PA,CASTANHAL,A202,-1.300875,-47.947967,47.13
1528,2019-09-12,16:00,-9999.0,-9999.0,-9999.0,-9999.0,-9999,-9999.0,-9999.0,-9999.0,-9999.0,-9999.0,-9999.0,-9999,-9999,-9999,-9999,-9999.0,-9999.0,N,PA,CASTANHAL,A202,-1.300875,-47.947967,47.13
1529,2019-09-12,20:00,-9999.0,-9999.0,-9999.0,-9999.0,-9999,-9999.0,-9999.0,-9999.0,-9999.0,-9999.0,-9999.0,-9999,-9999,-9999,-9999,-9999.0,-9999.0,N,PA,CASTANHAL,A202,-1.300875,-47.947967,47.13
1530,2019-09-13,00:00,0.0,1007.3,1007.3,1006.7,-9999,26.4,22.3,27.3,26.4,22.3,21.8,78,72,78,26,3.5,0.0,N,PA,CASTANHAL,A202,-1.300875,-47.947967,47.13
1531,2019-09-13,04:00,0.0,1006.7,1007.7,1006.7,-9999,24.7,22.6,25.0,24.7,22.6,22.5,88,86,88,25,0.0,0.0,N,PA,CASTANHAL,A202,-1.300875,-47.947967,47.13
1532,2019-09-13,08:00,0.0,1005.5,1005.5,1005.4,-9999,24.0,22.5,24.3,24.0,22.6,22.4,91,90,91,37,0.0,0.0,N,PA,CASTANHAL,A202,-1.300875,-47.947967,47.13
1533,2019-09-13,12:00,0.0,1008.2,1008.3,1007.8,1337,27.6,23.1,27.6,25.9,23.5,22.9,85,76,77,46,8.6,0.8,N,PA,CASTANHAL,A202,-1.300875,-47.947967,47.13
1534,2019-09-13,16:00,-9999.0,-9999.0,-9999.0,-9999.0,-9999,-9999.0,-9999.0,-9999.0,-9999.0,-9999.0,-9999.0,-9999,-9999,-9999,-9999,-9999.0,-9999.0,N,PA,CASTANHAL,A202,-1.300875,-47.947967,47.13
1535,2019-09-13,20:00,0.2,1005.1,1005.3,1005.0,701,30.6,23.0,31.3,30.1,23.4,22.6,66,62,64,19,7.2,0.3,N,PA,CASTANHAL,A202,-1.300875,-47.947967,47.13
1536,2019-09-14,00:00,0.0,1007.6,1007.6,1007.0,-9999,26.4,22.6,27.2,26.4,22.7,22.4,80,75,80,27,2.4,0.0,N,PA,CASTANHAL,A202,-1.300875,-47.947967,47.13
1537,2019-09-14,04:00,-9999.0,-9999.0,-9999.0,-9999.0,-9999,-9999.0,-9999.0,-9999.0,-9999.0,-9999.0,-9999.0,-9999,-9999,-9999,-9999,-9999.0,-9999.0,N,PA,CASTANHAL,A202,-1.300875,-47.947967,47.13
1538,2019-09-14,08:00,0.0,1005.8,1005.8,1005.7,-9999,24.4,22.8,24.6,24.4,22.9,22.8,91,90,91,54,0.0,0.0,N,PA,CASTANHAL,A202,-1.300875,-47.947967,47.13
1539,2019-09-14,12:00,-9999.0,-9999.0,-9999.0,-9999.0,-9999,-9999.0,-9999.0,-9999.0,-9999.0,-9999.0,-9999.0,-9999,-9999,-9999,-9999,-9999.0,-9999.0,N,PA,CASTANHAL,A202,-1.300875,-47.947967,47.13
1540,2019-09-14,16:00,0.0,1006.7,1007.9,1006.7,2199,31.1,23.2,31.6,30.2,23.4,22.2,66,59,63,19,3.5,0.0,N,PA,CASTANHAL,A202,-1.300875,-47.947967,47.13
1541,2019-09-14,20:00,0.0,1004.4,1004.4,1004.2,633,30.5,22.7,32.2,30.5,23.3,22.3,65,57,63,27,9.5,1.5,N,PA,CASTANHAL,A202,-1.300875,-47.947967,47.13
1542,2019-09-15,00:00,0.0,1007.0,1007.1,1006.5,-9999,26.5,22.1,27.3,26.5,22.1,21.9,77,72,77,33,5.8,0.0,N,PA,CASTANHAL,A202,-1.300875,-47.947967,47.13
1543,2019-09-15,04:00,0.0,1006.9,1007.5,1006.9,-9999,24.8,22.6,25.2,24.8,22.7,22.6,88,86,88,10,0.0,0.0,N,PA,CASTANHAL,A202,-1.300875,-47.947967,47.13
1544,2019-09-15,08:00,0.0,1005.8,1005.8,1005.6,-9999,23.9,22.2,24.1,23.9,22.3,22.2,90,90,90,36,0.0,0.0,N,PA,CASTANHAL,A202,-1.300875,-47.947967,47.13
1545,2019-09-15,12:00,0.0,1007.9,1007.9,1007.4,1704,27.9,23.1,27.9,26.1,23.3,22.3,81,74,76,48,6.8,0.6,N,PA,CASTANHAL,A202,-1.300875,-47.947967,47.13
1546,2019-09-15,16:00,0.0,1006.2,1007.5,1006.2,2543,31.3,21.2,32.2,30.8,22.8,20.6,60,52,55,56,5.3,0.0,N,PA,CASTANHAL,A202,-1.300875,-47.947967,47.13
1547,2019-09-15,20:00,1.4,1004.6,1004.7,1004.3,683,28.3,23.1,32.0,28.3,23.4,21.1,75,53,73,16,6.0,0.0,N,PA,CASTANHAL,A202,-1.300875,-47.947967,47.13
1548,2019-09-16,00:00,0.0,1006.2,1006.3,1005.9,-9999,25.8,22.4,26.5,25.8,22.4,22.1,81,77,81,30,0.0,0.0,N,PA,CASTANHAL,A202,-1.300875,-47.947967,47.13
1549,2019-09-16,04:00,-9999.0,-9999.0,-9999.0,-9999.0,-9999,-9999.0,-9999.0,-9999.0,-9999.0,-9999.0,-9999.0,-9999,-9999,-9999,-9999,-9999.0,-9999.0,N,PA,CASTANHAL,A202,-1.300875,-47.947967,47.13
1550,2019-09-16,08:00,0.0,1005.6,1005.6,1005.3,-9999,23.5,22.0,23.8,23.5,22.2,22.0,91,91,91,21,0.0,0.0,N,PA,CASTANHAL,A202,-1.300875,-47.947967,47.13
1551,2019-09-16,12:00,0.0,1007.5,1007.6,1007.0,1552,27.7,23.8,27.7,25.7,23.9,22.8,86,78,79,55,5.7,0.1,N,PA,CASTANHAL,A202,-1.300875,-47.947967,47.13
1552,2019-09-16,16:00,0.0,1006.1,1007.0,1006.1,2096,31.6,21.8,31.8,30.6,23.0,21.6,61,56,56,75,5.5,0.0,N,PA,CASTANHAL,A202,-1.300875,-47.947967,47.13
1553,2019-09-16,20:00,-9999.0,-9999.0,-9999.0,-9999.0,-9999,-9999.0,-9999.0,-9999.0,-9999.0,-9999.0,-9999.0,-9999,-9999,-9999,-9999,-9999.0,-9999.0,N,PA,CASTANHAL,A202,-1.300875,-47.947967,47.13
1554,2019-09-17,00:00,0.0,1006.5,1006.6,1006.2,-9999,25.1,22.7,25.8,25.0,22.7,22.1,87,80,86,25,0.0,0.0,N,PA,CASTANHAL,A202,-1.300875,-47.947967,47.13
1555,2019-09-17,04:00,0.0,1005.8,1006.7,1005.8,-9999,24.7,22.4,25.3,24.7,22.5,22.4,87,84,87,32,4.0,0.0,N,PA,CASTANHAL,A202,-1.300875,-47.947967,47.13
1556,2019-09-17,08:00,0.0,1004.9,1005.0,1004.8,-9999,23.7,22.2,23.8,23.7,22.3,22.2,92,91,92,25,0.0,0.0,N,PA,CASTANHAL,A202,-1.300875,-47.947967,47.13
1557,2019-09-17,12:00,-9999.0,-9999.0,-9999.0,-9999.0,-9999,-9999.0,-9999.0,-9999.0,-9999.0,-9999.0,-9999.0,-9999,-9999,-9999,-9999,-9999.0,-9999.0,N,PA,CASTANHAL,A202,-1.300875,-47.947967,47.13
1558,2019-09-17,16:00,0.0,1006.2,1007.2,1006.1,2168,31.4,23.0,31.6,30.4,23.8,22.3,66,59,61,64,3.9,0.0,N,PA,CASTANHAL,A202,-1.300875,-47.947967,47.13
1559,2019-09-17,20:00,0.2,1004.7,1004.9,1004.4,75,24.8,22.7,25.2,24.7,23.4,22.5,90,88,88,358,4.2,0.0,N,PA,CASTANHAL,A202,-1.300875,-47.947967,47.13
1560,2019-09-18,00:00,0.0,1005.6,1005.6,1005.3,-9999,24.1,22.3,24.3,24.1,22.3,22.2,90,89,90,23,2.9,0.0,N,PA,CASTANHAL,A202,-1.300875,-47.947967,47.13
1561,2019-09-18,04:00,0.0,1005.3,1005.6,1005.2,-9999,24.1,22.4,24.4,24.1,22.5,22.4,90,89,90,47,0.0,0.0,N,PA,CASTANHAL,A202,-1.300875,-47.947967,47.13
1562,2019-09-18,08:00,0.0,1004.2,1004.2,1004.1,-9999,23.2,22.0,23.5,23.2,22.2,22.0,93,92,93,14,0.0,0.0,N,PA,CASTANHAL,A202,-1.300875,-47.947967,47.13
1563,2019-09-18,12:00,0.0,1006.3,1006.4,1005.5,1701,27.3,23.1,27.4,25.5,23.9,22.9,88,78,78,72,8.3,0.3,N,PA,CASTANHAL,A202,-1.300875,-47.947967,47.13
1564,2019-09-18,16:00,0.0,1004.6,1005.4,1004.6,2211,31.1,22.5,31.2,30.2,23.4,22.4,66,60,60,55,5.7,0.0,N,PA,CASTANHAL,A202,-1.300875,-47.947967,47.13
1565,2019-09-18,20:00,0.0,1003.1,1003.1,1002.8,1180,31.6,22.5,32.8,31.6,22.7,20.9,59,50,59,35,7.3,0.1,N,PA,CASTANHAL,A202,-1.300875,-47.947967,47.13
1566,2019-09-19,00:00,0.0,1005.4,1005.4,1004.8,-9999,26.3,22.0,27.1,26.3,22.6,22.0,78,76,77,47,6.6,0.2,N,PA,CASTANHAL,A202,-1.300875,-47.947967,47.13
1567,2019-09-19,04:00,0.0,1005.1,1005.6,1005.1,-9999,24.5,22.0,24.9,24.5,22.0,22.0,86,84,86,49,0.0,0.0,N,PA,CASTANHAL,A202,-1.300875,-47.947967,47.13
1568,2019-09-19,08:00,0.0,1004.5,1004.5,1004.2,-9999,23.1,21.7,23.6,23.1,22.0,21.6,92,90,92,108,0.0,0.0,N,PA,CASTANHAL,A202,-1.300875,-47.947967,47.13
1569,2019-09-19,12:00,0.0,1006.1,1006.1,1005.6,1746,27.6,21.9,27.8,25.9,22.8,21.9,81,71,71,51,9.4,1.0,N,PA,CASTANHAL,A202,-1.300875,-47.947967,47.13
1570,2019-09-19,16:00,0.0,1005.0,1005.8,1005.0,3144,32.7,19.9,32.8,31.8,21.1,19.7,53,46,47,53,8.1,0.5,N,PA,CASTANHAL,A202,-1.300875,-47.947967,47.13
1571,2019-09-19,20:00,0.0,1003.9,1003.9,1003.6,1246,32.4,17.5,33.1,32.4,18.7,17.3,43,40,41,50,7.0,0.4,N,PA,CASTANHAL,A202,-1.300875,-47.947967,47.13
1572,2019-09-20,00:00,0.0,1005.8,1005.8,1005.1,-9999,25.9,22.2,27.0,25.9,22.2,21.5,80,72,80,26,5.8,0.1,N,PA,CASTANHAL,A202,-1.300875,-47.947967,47.13
1573,2019-09-20,04:00,-9999.0,-9999.0,-9999.0,-9999.0,-9999,-9999.0,-9999.0,-9999.0,-9999.0,-9999.0,-9999.0,-9999,-9999,-9999,-9999,-9999.0,-9999.0,N,PA,CASTANHAL,A202,-1.300875,-47.947967,47.13
1574,2019-09-20,08:00,-9999.0,-9999.0,-9999.0,-9999.0,-9999,-9999.0,-9999.0,-9999.0,-9999.0,-9999.0,-9999.0,-9999,-9999,-9999,-9999,-9999.0,-9999.0,N,PA,CASTANHAL,A202,-1.300875,-47.947967,47.13
1575,2019-09-20,12:00,0.0,1007.5,1007.5,1007.1,1692,27.3,22.5,27.4,25.6,23.1,22.4,84,75,75,46,7.7,0.7,N,PA,CASTANHAL,A202,-1.300875,-47.947967,47.13
1576,2019-09-20,16:00,0.0,1006.3,1007.1,1006.3,2536,31.8,20.9,32.1,30.9,22.4,20.1,61,51,53,31,7.2,0.4,N,PA,CASTANHAL,A202,-1.300875,-47.947967,47.13
1577,2019-09-20,20:00,0.0,1005.4,1005.4,1004.9,924,29.4,22.5,32.0,28.6,22.6,21.5,69,55,67,43,9.0,0.0,N,PA,CASTANHAL,A202,-1.300875,-47.947967,47.13
1578,2019-09-21,00:00,0.0,1007.7,1007.7,1006.8,-9999,26.2,22.2,27.0,26.2,22.2,22.0,79,74,79,26,3.3,0.0,N,PA,CASTANHAL,A202,-1.300875,-47.947967,47.13
1579,2019-09-21,04:00,0.0,1006.9,1007.6,1006.9,-9999,24.7,22.5,25.0,24.7,22.6,22.5,88,86,88,31,0.0,0.0,N,PA,CASTANHAL,A202,-1.300875,-47.947967,47.13
1580,2019-09-21,08:00,-9999.0,-9999.0,-9999.0,-9999.0,-9999,-9999.0,-9999.0,-9999.0,-9999.0,-9999.0,-9999.0,-9999,-9999,-9999,-9999,-9999.0,-9999.0,N,PA,CASTANHAL,A202,-1.300875,-47.947967,47.13
1581,2019-09-21,12:00,-9999.0,-9999.0,-9999.0,-9999.0,-9999,-9999.0,-9999.0,-9999.0,-9999.0,-9999.0,-9999.0,-9999,-9999,-9999,-9999,-9999.0,-9999.0,N,PA,CASTANHAL,A202,-1.300875,-47.947967,47.13
1582,2019-09-21,16:00,0.0,1005.9,1007.1,1005.9,3114,31.7,21.6,32.1,30.5,22.8,21.4,62,55,55,63,7.4,0.2,N,PA,CASTANHAL,A202,-1.300875,-47.947967,47.13
1583,2019-09-21,20:00,0.0,1004.0,1004.0,1003.7,1045,32.2,21.9,33.2,31.8,22.7,21.4,56,52,55,46,6.1,0.0,N,PA,CASTANHAL,A202,-1.300875,-47.947967,47.13
1584,2019-09-22,00:00,0.0,1006.0,1006.0,1005.3,-9999,26.1,22.2,27.1,26.1,22.3,22.1,79,74,79,27,7.1,0.1,N,PA,CASTANHAL,A202,-1.300875,-47.947967,47.13
1585,2019-09-22,04:00,0.0,1005.8,1006.5,1005.8,-9999,24.4,22.0,24.8,24.3,22.0,22.0,87,84,87,33,4.4,0.0,N,PA,CASTANHAL,A202,-1.300875,-47.947967,47.13
1586,2019-09-22,08:00,0.0,1005.2,1005.2,1005.0,-9999,23.6,21.5,23.7,23.6,21.7,21.5,89,88,88,33,4.4,0.0,N,PA,CASTANHAL,A202,-1.300875,-47.947967,47.13
1587,2019-09-22,12:00,0.0,1008.5,1008.5,1007.8,1722,28.2,22.7,28.2,26.3,22.8,22.0,80,70,72,48,8.2,0.3,N,PA,CASTANHAL,A202,-1.300875,-47.947967,47.13
1588,2019-09-22,16:00,0.0,1006.7,1007.9,1006.7,2400,31.7,21.8,32.1,30.5,23.1,21.6,63,55,56,75,8.2,0.0,N,PA,CASTANHAL,A202,-1.300875,-47.947967,47.13
1589,2019-09-22,20:00,0.0,1004.6,1004.7,1004.6,1009,32.3,20.9,33.2,31.8,22.0,20.8,55,49,51,71,2.0,0.0,N,PA,CASTANHAL,A202,-1.300875,-47.947967,47.13
1590,2019-09-23,00:00,0.0,1006.4,1006.4,1005.8,-9999,26.6,22.6,27.7,26.6,22.8,22.5,79,75,79,28,6.3,0.0,N,PA,CASTANHAL,A202,-1.300875,-47.947967,47.13
1591,2019-09-23,04:00,0.0,1006.8,1007.1,1006.8,-9999,24.6,22.6,24.9,24.6,22.7,22.5,88,87,88,18,0.0,0.0,N,PA,CASTANHAL,A202,-1.300875,-47.947967,47.13
1592,2019-09-23,08:00,0.0,1006.9,1006.9,1006.3,-9999,24.0,22.2,24.1,24.0,22.4,22.2,90,90,90,356,0.0,0.0,N,PA,CASTANHAL,A202,-1.300875,-47.947967,47.13
1593,2019-09-23,12:00,0.0,1009.3,1009.3,1008.8,1688,28.2,22.5,28.3,26.2,23.2,22.3,82,71,71,26,9.4,2.1,N,PA,CASTANHAL,A202,-1.300875,-47.947967,47.13
1594,2019-09-23,16:00,0.0,1007.7,1008.6,1007.7,2008,31.3,22.0,31.8,31.0,22.7,21.5,59,55,58,62,7.5,0.0,N,PA,CASTANHAL,A202,-1.300875,-47.947967,47.13
1595,2019-09-23,20:00,0.0,1006.0,1006.0,1005.7,959,30.1,22.7,32.9,30.1,22.7,21.3,65,52,65,13,9.4,3.3,N,PA,CASTANHAL,A202,-1.300875,-47.947967,47.13
1596,2019-09-24,00:00,0.0,1008.6,1008.6,1007.9,-9999,26.5,22.4,27.0,26.5,22.4,22.2,78,75,78,34,5.2,0.0,N,PA,CASTANHAL,A202,-1.300875,-47.947967,47.13
1597,2019-09-24,04:00,0.0,1008.3,1009.1,1008.3,-9999,25.0,22.2,25.4,24.9,22.4,22.2,85,84,84,20,4.1,0.0,N,PA,CASTANHAL,A202,-1.300875,-47.947967,47.13
1598,2019-09-24,08:00,0.0,1007.4,1007.4,1007.3,-9999,23.1,21.7,23.4,23.0,21.8,21.5,92,90,91,356,0.0,0.0,N,PA,CASTANHAL,A202,-1.300875,-47.947967,47.13
1599,2019-09-24,12:00,0.0,1009.4,1009.4,1008.5,1769,28.1,21.9,28.1,26.2,22.6,21.8,78,69,69,70,5.7,0.0,N,PA,CASTANHAL,A202,-1.300875,-47.947967,47.13
1600,2019-09-24,16:00,0.0,1007.9,1008.9,1007.9,2546,32.2,21.7,32.5,31.0,22.7,21.0,59,52,54,65,5.5,0.0,N,PA,CASTANHAL,A202,-1.300875,-47.947967,47.13
1601,2019-09-24,20:00,2.2,1006.4,1006.7,1006.0,430,24.9,22.0,30.3,24.6,24.0,19.9,84,59,84,32,13.8,0.5,N,PA,CASTANHAL,A202,-1.300875,-47.947967,47.13
1602,2019-09-25,00:00,0.0,1009.5,1009.6,1009.4,-9999,24.0,22.3,24.1,23.9,22.3,22.0,90,88,90,259,0.0,0.0,N,PA,CASTANHAL,A202,-1.300875,-47.947967,47.13
1603,2019-09-25,04:00,0.0,1008.4,1009.4,1008.4,-9999,24.4,22.6,24.9,24.4,22.7,22.5,89,88,89,21,2.1,0.0,N,PA,CASTANHAL,A202,-1.300875,-47.947967,47.13
1604,2019-09-25,08:00,0.0,1007.5,1007.7,1007.5,-9999,23.7,22.3,23.7,23.6,22.4,22.3,92,92,92,33,0.0,0.0,N,PA,CASTANHAL,A202,-1.300875,-47.947967,47.13
1605,2019-09-25,12:00,0.0,1009.6,1009.6,1008.9,1707,27.6,23.3,27.8,25.9,23.9,23.0,86,76,77,21,5.0,0.0,N,PA,CASTANHAL,A202,-1.300875,-47.947967,47.13
1606,2019-09-25,16:00,0.0,1007.2,1008.5,1007.2,2845,32.1,21.7,32.3,30.4,23.8,21.7,65,55,55,61,0.0,0.0,N,PA,CASTANHAL,A202,-1.300875,-47.947967,47.13
1607,2019-09-25,20:00,-9999.0,-9999.0,-9999.0,-9999.0,-9999,-9999.0,-9999.0,-9999.0,-9999.0,-9999.0,-9999.0,-9999,-9999,-9999,-9999,-9999.0,-9999.0,N,PA,CASTANHAL,A202,-1.300875,-47.947967,47.13
1608,2019-09-27,08:00,0.0,1007.2,1007.2,1007.0,-9999,23.8,22.4,24.0,23.8,22.5,22.3,92,91,92,10,0.0,0.0,N,PA,CASTANHAL,A202,-1.300875,-47.947967,47.13
1609,2019-09-27,12:00,0.0,1009.4,1009.4,1008.9,1618,27.5,22.8,27.9,26.3,23.6,22.7,85,74,76,67,7.4,0.2,N,PA,CASTANHAL,A202,-1.300875,-47.947967,47.13
1610,2019-09-27,16:00,0.0,1007.2,1008.3,1007.2,2645,31.2,22.7,31.8,30.8,23.3,22.1,63,58,61,52,7.5,0.0,N,PA,CASTANHAL,A202,-1.300875,-47.947967,47.13
1611,2019-09-27,20:00,0.0,1004.8,1004.9,1004.7,1173,31.7,22.4,32.7,31.7,22.7,21.6,58,53,58,49,6.5,0.1,N,PA,CASTANHAL,A202,-1.300875,-47.947967,47.13
1612,2019-09-28,00:00,0.0,1007.0,1007.0,1006.6,-9999,26.5,22.6,27.3,26.5,22.6,22.5,79,75,79,39,5.1,0.0,N,PA,CASTANHAL,A202,-1.300875,-47.947967,47.13
1613,2019-09-28,04:00,0.0,1007.0,1007.6,1007.0,-9999,24.8,22.5,25.1,24.8,22.7,22.5,87,87,87,55,0.0,0.0,N,PA,CASTANHAL,A202,-1.300875,-47.947967,47.13
1614,2019-09-28,08:00,0.0,1006.7,1006.8,1006.6,-9999,24.0,22.3,24.2,24.0,22.4,22.3,90,89,90,48,0.0,0.0,N,PA,CASTANHAL,A202,-1.300875,-47.947967,47.13
1615,2019-09-28,12:00,0.0,1008.5,1008.5,1007.9,1767,28.5,22.9,28.5,26.5,23.4,22.7,81,72,72,55,8.9,0.1,N,PA,CASTANHAL,A202,-1.300875,-47.947967,47.13
1616,2019-09-28,16:00,0.0,1007.0,1007.9,1007.0,3032,32.7,22.0,32.7,31.1,22.5,20.9,58,51,54,61,10.2,0.8,N,PA,CASTANHAL,A202,-1.300875,-47.947967,47.13
1617,2019-09-28,20:00,0.0,1005.7,1005.7,1005.4,1174,31.9,21.5,32.6,31.5,21.9,20.7,55,52,54,60,8.3,0.4,N,PA,CASTANHAL,A202,-1.300875,-47.947967,47.13
1618,2019-09-29,00:00,0.0,1007.6,1007.6,1006.7,-9999,26.6,22.1,27.5,26.6,22.1,21.7,76,70,76,37,6.9,0.0,N,PA,CASTANHAL,A202,-1.300875,-47.947967,47.13
1619,2019-09-29,04:00,0.0,1007.3,1008.0,1007.3,-9999,25.0,22.7,25.1,24.9,22.8,22.6,87,87,87,46,0.0,0.0,N,PA,CASTANHAL,A202,-1.300875,-47.947967,47.13
1620,2019-09-29,08:00,0.0,1005.8,1005.8,1005.6,-9999,23.9,22.5,24.0,23.9,22.5,22.4,92,91,92,30,0.0,0.0,N,PA,CASTANHAL,A202,-1.300875,-47.947967,47.13
1621,2019-09-29,12:00,0.0,1007.7,1007.7,1007.3,1511,27.7,23.5,28.3,26.6,24.2,23.1,85,75,78,51,7.4,0.0,N,PA,CASTANHAL,A202,-1.300875,-47.947967,47.13
1622,2019-09-29,16:00,0.0,1006.5,1007.1,1006.5,2571,32.2,22.1,32.7,31.3,22.7,20.9,58,50,55,65,8.4,0.0,N,PA,CASTANHAL,A202,-1.300875,-47.947967,47.13
1623,2019-09-29,20:00,0.0,1005.1,1005.2,1005.0,1262,31.7,20.6,32.5,31.7,21.1,20.2,53,49,52,29,7.9,0.6,N,PA,CASTANHAL,A202,-1.300875,-47.947967,47.13
1624,2019-09-30,00:00,0.0,1006.7,1006.7,1006.1,-9999,26.2,22.2,27.2,26.1,22.2,21.8,79,73,79,27,4.3,0.0,N,PA,CASTANHAL,A202,-1.300875,-47.947967,47.13
1625,2019-09-30,04:00,-9999.0,-9999.0,-9999.0,-9999.0,-9999,-9999.0,-9999.0,-9999.0,-9999.0,-9999.0,-9999.0,-9999,-9999,-9999,-9999,-9999.0,-9999.0,N,PA,CASTANHAL,A202,-1.300875,-47.947967,47.13
1626,2019-09-30,08:00,0.0,1004.7,1004.8,1004.6,-9999,23.7,22.4,24.0,23.7,22.7,22.4,93,92,93,23,0.0,0.0,N,PA,CASTANHAL,A202,-1.300875,-47.947967,47.13
1627,2019-09-30,12:00,-9999.0,-9999.0,-9999.0,-9999.0,-9999,-9999.0,-9999.0,-9999.0,-9999.0,-9999.0,-9999.0,-9999,-9999,-9999,-9999,-9999.0,-9999.0,N,PA,CASTANHAL,A202,-1.300875,-47.947967,47.13
1628,2019-09-30,16:00,0.0,1005.5,1006.5,1005.5,2581,31.0,21.4,31.5,30.5,22.5,21.0,61,55,57,41,7.3,0.3,N,PA,CASTANHAL,A202,-1.300875,-47.947967,47.13
1629,2019-09-30,20:00,0.0,1003.7,1003.7,1003.5,893,30.6,21.9,32.3,30.6,22.0,21.0,60,52,60,41,7.1,0.2,N,PA,CASTANHAL,A202,-1.300875,-47.947967,47.13
1630,2019-10-01,00:00,0.0,1004.9,1004.9,1004.1,-9999,26.1,22.0,27.1,26.1,22.0,21.8,78,73,78,29,5.0,0.0,N,PA,CASTANHAL,A202,-1.300875,-47.947967,47.13
1631,2019-10-01,04:00,0.0,1004.6,1004.9,1004.6,-9999,24.1,22.0,24.6,24.1,22.1,22.0,88,86,88,42,0.0,0.0,N,PA,CASTANHAL,A202,-1.300875,-47.947967,47.13
1632,2019-10-01,08:00,0.0,1003.6,1003.7,1003.5,-9999,23.8,22.0,23.9,23.8,22.0,21.9,90,89,90,24,0.0,0.0,N,PA,CASTANHAL,A202,-1.300875,-47.947967,47.13
1633,2019-10-01,12:00,0.0,1005.8,1005.8,1005.2,1824,28.6,23.0,28.7,26.6,23.8,22.9,82,71,72,74,7.8,0.1,N,PA,CASTANHAL,A202,-1.300875,-47.947967,47.13
1634,2019-10-01,16:00,0.0,1004.4,1005.5,1004.4,2701,32.3,21.6,32.6,30.6,23.2,21.3,62,52,53,83,7.4,0.4,N,PA,CASTANHAL,A202,-1.300875,-47.947967,47.13
1635,2019-10-01,20:00,0.0,1002.4,1002.5,1002.3,1054,30.1,23.0,33.2,30.1,23.1,19.9,66,47,66,37,10.4,0.0,N,PA,CASTANHAL,A202,-1.300875,-47.947967,47.13
1636,2019-10-02,00:00,0.0,1004.8,1004.8,1003.9,-9999,26.4,21.8,27.0,26.4,21.8,21.6,76,73,76,39,5.9,0.0,N,PA,CASTANHAL,A202,-1.300875,-47.947967,47.13
1637,2019-10-02,04:00,0.0,1005.0,1005.8,1005.0,-9999,24.4,22.2,24.8,24.3,22.3,22.1,88,86,88,48,2.3,0.0,N,PA,CASTANHAL,A202,-1.300875,-47.947967,47.13
1638,2019-10-02,08:00,0.0,1004.3,1004.4,1004.2,-9999,23.7,21.9,23.9,23.7,22.0,21.9,90,89,90,52,0.0,0.0,N,PA,CASTANHAL,A202,-1.300875,-47.947967,47.13
1639,2019-10-02,12:00,0.0,1006.2,1006.2,1005.8,1800,28.5,22.5,28.7,26.4,23.7,22.5,81,70,70,58,8.8,1.1,N,PA,CASTANHAL,A202,-1.300875,-47.947967,47.13
1640,2019-10-02,16:00,0.0,1005.4,1006.2,1005.4,2989,32.0,20.7,32.8,31.8,21.6,19.9,53,48,51,76,10.3,2.2,N,PA,CASTANHAL,A202,-1.300875,-47.947967,47.13
1641,2019-10-02,20:00,0.0,1003.3,1003.4,1003.1,837,30.7,20.8,32.5,30.7,21.0,20.1,56,49,56,48,9.8,2.8,N,PA,CASTANHAL,A202,-1.300875,-47.947967,47.13
1642,2019-10-03,00:00,0.0,1006.4,1006.4,1005.4,-9999,26.6,21.6,27.5,26.6,21.6,21.5,74,70,74,49,5.8,0.0,N,PA,CASTANHAL,A202,-1.300875,-47.947967,47.13
1643,2019-10-03,04:00,0.0,1006.5,1007.2,1006.5,-9999,25.0,21.8,25.3,25.0,21.9,21.8,83,81,83,57,3.9,0.0,N,PA,CASTANHAL,A202,-1.300875,-47.947967,47.13
1644,2019-10-03,08:00,0.0,1005.7,1005.9,1005.5,-9999,24.2,21.9,24.4,24.0,21.9,21.7,87,86,87,61,0.0,0.0,N,PA,CASTANHAL,A202,-1.300875,-47.947967,47.13
1645,2019-10-03,12:00,0.0,1008.1,1008.1,1007.7,1714,28.1,23.0,28.1,26.7,23.0,22.3,80,72,74,54,8.7,1.7,N,PA,CASTANHAL,A202,-1.300875,-47.947967,47.13
1646,2019-10-03,16:00,0.0,1006.3,1007.4,1006.3,2579,32.2,21.3,32.6,31.1,22.9,21.3,58,53,53,65,7.3,0.0,N,PA,CASTANHAL,A202,-1.300875,-47.947967,47.13
1647,2019-10-03,20:00,0.0,1004.7,1004.7,1004.3,215,30.3,21.4,31.7,29.4,22.6,20.7,67,52,59,24,7.4,0.3,N,PA,CASTANHAL,A202,-1.300875,-47.947967,47.13
1648,2019-10-04,00:00,0.0,1007.5,1007.5,1006.6,-9999,26.3,21.9,26.8,26.2,21.9,21.6,77,73,77,30,6.6,0.0,N,PA,CASTANHAL,A202,-1.300875,-47.947967,47.13
1649,2019-10-04,04:00,0.0,1006.8,1007.4,1006.8,-9999,24.5,22.3,24.7,24.5,22.3,22.2,87,86,87,37,0.0,0.0,N,PA,CASTANHAL,A202,-1.300875,-47.947967,47.13
1650,2019-10-04,08:00,0.0,1006.1,1006.1,1005.7,-9999,23.7,22.0,23.8,23.5,22.0,21.8,91,89,90,63,0.0,0.0,N,PA,CASTANHAL,A202,-1.300875,-47.947967,47.13
1651,2019-10-04,12:00,0.0,1008.0,1008.0,1007.7,1728,27.8,22.1,28.0,26.3,23.0,21.7,81,70,71,48,1.6,0.0,N,PA,CASTANHAL,A202,-1.300875,-47.947967,47.13
1652,2019-10-04,16:00,0.0,1006.4,1007.4,1006.4,2674,32.3,21.0,32.4,30.9,21.6,20.4,57,50,51,50,8.2,0.0,N,PA,CASTANHAL,A202,-1.300875,-47.947967,47.13
1653,2019-10-04,20:00,-9999.0,-9999.0,-9999.0,-9999.0,-9999,-9999.0,-9999.0,-9999.0,-9999.0,-9999.0,-9999.0,-9999,-9999,-9999,-9999,-9999.0,-9999.0,N,PA,CASTANHAL,A202,-1.300875,-47.947967,47.13
1654,2019-10-05,00:00,0.0,1006.1,1006.2,1005.5,-9999,25.8,21.9,26.6,25.8,21.9,21.4,79,73,79,24,3.1,0.0,N,PA,CASTANHAL,A202,-1.300875,-47.947967,47.13
1655,2019-10-05,04:00,0.0,1005.7,1006.4,1005.7,-9999,24.4,22.1,24.7,24.4,22.2,22.1,87,86,87,359,0.0,0.0,N,PA,CASTANHAL,A202,-1.300875,-47.947967,47.13
1656,2019-10-05,08:00,0.0,1005.7,1005.7,1005.4,-9999,22.7,21.3,23.1,22.7,21.6,21.3,92,91,92,333,0.0,0.0,N,PA,CASTANHAL,A202,-1.300875,-47.947967,47.13
1657,2019-10-05,12:00,0.0,1007.5,1007.5,1007.0,1552,27.8,22.9,28.1,26.4,23.3,22.6,81,73,75,18,3.2,0.0,N,PA,CASTANHAL,A202,-1.300875,-47.947967,47.13
1658,2019-10-05,16:00,0.0,1005.2,1006.4,1005.2,2656,32.5,21.3,33.1,31.7,22.0,20.4,56,49,52,75,6.7,0.0,N,PA,CASTANHAL,A202,-1.300875,-47.947967,47.13
1659,2019-10-05,20:00,3.2,1003.3,1003.5,1002.8,83,24.6,20.5,31.9,24.6,24.5,20.2,86,54,78,272,8.1,0.1,N,PA,CASTANHAL,A202,-1.300875,-47.947967,47.13
1660,2019-10-06,00:00,0.0,1004.9,1004.9,1004.4,-9999,26.0,22.7,26.2,26.0,22.9,22.6,83,81,82,5,0.0,0.0,N,PA,CASTANHAL,A202,-1.300875,-47.947967,47.13
1661,2019-10-06,04:00,0.0,1005.2,1005.6,1005.2,-9999,25.0,22.8,25.4,25.0,23.0,22.8,88,87,88,25,0.0,0.0,N,PA,CASTANHAL,A202,-1.300875,-47.947967,47.13
1662,2019-10-06,08:00,0.0,1004.4,1004.4,1004.3,-9999,23.6,22.3,23.8,23.5,22.5,22.2,92,92,92,2,0.0,0.0,N,PA,CASTANHAL,A202,-1.300875,-47.947967,47.13
1663,2019-10-06,12:00,0.0,1007.3,1007.3,1006.9,1448,28.1,23.0,28.1,26.4,23.5,22.7,82,73,74,39,6.3,0.3,N,PA,CASTANHAL,A202,-1.300875,-47.947967,47.13
1664,2019-10-06,16:00,-9999.0,-9999.0,-9999.0,-9999.0,-9999,-9999.0,-9999.0,-9999.0,-9999.0,-9999.0,-9999.0,-9999,-9999,-9999,-9999,-9999.0,-9999.0,N,PA,CASTANHAL,A202,-1.300875,-47.947967,47.13
1665,2019-10-06,20:00,0.0,1004.7,1004.7,1004.5,66,23.9,22.5,23.9,23.5,22.5,22.2,92,92,92,2,0.0,0.0,N,PA,CASTANHAL,A202,-1.300875,-47.947967,47.13
1666,2019-10-07,00:00,0.0,1006.4,1006.4,1005.5,-9999,24.7,22.8,25.0,24.7,23.0,22.8,89,89,89,43,3.5,0.0,N,PA,CASTANHAL,A202,-1.300875,-47.947967,47.13
1667,2019-10-07,04:00,0.0,1006.2,1006.8,1006.2,-9999,24.1,22.4,24.5,24.1,22.5,22.3,90,88,90,351,0.0,0.0,N,PA,CASTANHAL,A202,-1.300875,-47.947967,47.13
1668,2019-10-07,08:00,0.0,1005.5,1005.5,1005.2,-9999,23.1,21.9,23.6,23.1,22.2,21.8,93,92,93,240,0.0,0.0,N,PA,CASTANHAL,A202,-1.300875,-47.947967,47.13
1669,2019-10-07,12:00,0.0,1007.9,1007.9,1007.2,1872,28.5,23.4,28.5,26.3,23.6,22.8,82,74,74,70,7.1,0.4,N,PA,CASTANHAL,A202,-1.300875,-47.947967,47.13
1670,2019-10-07,16:00,0.0,1006.2,1007.2,1006.2,2478,31.5,21.5,32.3,30.7,23.4,21.3,62,54,55,55,6.4,0.1,N,PA,CASTANHAL,A202,-1.300875,-47.947967,47.13
1671,2019-10-07,20:00,0.0,1003.4,1003.6,1003.3,751,31.5,21.2,32.4,31.4,21.6,20.7,55,51,54,52,5.0,0.0,N,PA,CASTANHAL,A202,-1.300875,-47.947967,47.13
1672,2019-10-08,00:00,0.0,1004.9,1004.9,1004.2,-9999,26.4,21.2,27.3,26.4,21.2,20.9,73,68,73,39,0.0,0.0,N,PA,CASTANHAL,A202,-1.300875,-47.947967,47.13
1673,2019-10-08,04:00,0.0,1004.9,1005.4,1004.9,-9999,24.4,22.3,24.7,24.4,22.4,22.2,88,86,88,30,0.0,0.0,N,PA,CASTANHAL,A202,-1.300875,-47.947967,47.13
1674,2019-10-08,08:00,0.0,1004.4,1004.4,1004.1,-9999,23.9,22.3,23.9,23.7,22.4,22.2,91,91,91,22,0.0,0.0,N,PA,CASTANHAL,A202,-1.300875,-47.947967,47.13
1675,2019-10-08,12:00,0.0,1006.9,1006.9,1006.2,1691,28.2,22.8,28.4,26.3,23.7,22.8,83,72,73,42,8.5,1.7,N,PA,CASTANHAL,A202,-1.300875,-47.947967,47.13
1676,2019-10-08,16:00,0.0,1004.9,1005.9,1004.9,2301,31.9,22.6,32.1,30.7,23.4,22.2,64,58,58,56,7.6,0.0,N,PA,CASTANHAL,A202,-1.300875,-47.947967,47.13
1677,2019-10-08,20:00,0.0,1002.9,1003.2,1002.9,450,30.2,21.7,30.7,30.2,22.0,21.6,61,59,60,55,7.8,0.1,N,PA,CASTANHAL,A202,-1.300875,-47.947967,47.13
1678,2019-10-09,00:00,0.0,1005.0,1005.0,1004.4,-9999,26.2,22.0,26.7,26.2,22.1,22.0,78,75,78,35,5.1,0.0,N,PA,CASTANHAL,A202,-1.300875,-47.947967,47.13
1679,2019-10-09,04:00,0.0,1004.9,1005.5,1004.9,-9999,24.4,21.9,25.0,24.4,22.0,21.9,86,83,86,40,0.0,0.0,N,PA,CASTANHAL,A202,-1.300875,-47.947967,47.13
1680,2019-10-09,08:00,0.0,1005.1,1005.2,1004.6,-9999,23.8,21.9,24.1,23.7,22.1,21.8,89,88,89,60,0.0,0.0,N,PA,CASTANHAL,A202,-1.300875,-47.947967,47.13
1681,2019-10-09,12:00,0.0,1008.0,1008.0,1007.4,1759,28.2,22.2,28.2,26.6,22.8,22.1,78,70,70,61,8.3,2.2,N,PA,CASTANHAL,A202,-1.300875,-47.947967,47.13
1682,2019-10-09,16:00,0.0,1005.5,1006.7,1005.5,2768,31.1,21.4,32.0,30.8,22.1,20.7,58,52,56,57,8.9,2.2,N,PA,CASTANHAL,A202,-1.300875,-47.947967,47.13
1683,2019-10-09,20:00,0.0,1003.3,1003.4,1003.2,756,29.9,23.0,31.0,29.6,23.0,22.1,67,60,67,25,6.5,0.0,N,PA,CASTANHAL,A202,-1.300875,-47.947967,47.13
1684,2019-10-10,00:00,0.0,1005.6,1005.7,1005.1,-9999,26.3,21.4,27.0,26.3,22.2,21.4,77,74,74,45,0.0,0.0,N,PA,CASTANHAL,A202,-1.300875,-47.947967,47.13
1685,2019-10-10,04:00,0.0,1004.5,1005.3,1004.5,-9999,24.2,21.1,24.6,24.2,21.2,21.0,83,81,83,54,0.0,0.0,N,PA,CASTANHAL,A202,-1.300875,-47.947967,47.13
1686,2019-10-10,08:00,0.0,1004.1,1004.1,1003.8,-9999,23.4,21.3,23.6,23.3,21.3,21.2,88,87,88,32,0.0,0.0,N,PA,CASTANHAL,A202,-1.300875,-47.947967,47.13
1687,2019-10-10,12:00,0.0,1006.2,1006.2,1005.7,1884,28.4,22.7,28.4,26.1,22.9,22.2,79,71,71,71,9.5,3.6,N,PA,CASTANHAL,A202,-1.300875,-47.947967,47.13
1688,2019-10-10,16:00,0.0,1004.4,1005.3,1004.3,2883,31.9,20.6,32.1,31.0,22.1,20.4,56,51,51,64,8.4,0.9,N,PA,CASTANHAL,A202,-1.300875,-47.947967,47.13
1689,2019-10-10,20:00,0.0,1003.3,1003.3,1002.9,1175,31.7,20.4,32.3,31.6,20.8,19.9,52,49,51,45,7.0,0.0,N,PA,CASTANHAL,A202,-1.300875,-47.947967,47.13
1690,2019-10-11,00:00,0.0,1005.5,1005.5,1004.7,-9999,26.5,21.8,27.3,26.5,21.9,21.8,76,72,76,34,6.5,0.0,N,PA,CASTANHAL,A202,-1.300875,-47.947967,47.13
1691,2019-10-11,04:00,0.0,1004.3,1004.7,1004.3,-9999,24.4,22.0,24.7,24.4,22.1,22.0,86,85,86,48,0.0,0.0,N,PA,CASTANHAL,A202,-1.300875,-47.947967,47.13
1692,2019-09-26,00:00,0.2,1009.0,1009.2,1008.1,-9999,24.1,22.8,24.5,24.1,23.2,22.8,93,92,93,143,0.0,0.0,N,PA,CASTANHAL,A202,-1.300875,-47.947967,47.13
1693,2019-09-26,04:00,0.0,1007.7,1008.1,1007.7,-9999,23.8,22.7,24.4,23.8,23.1,22.7,93,93,93,266,0.0,0.0,N,PA,CASTANHAL,A202,-1.300875,-47.947967,47.13
1694,2019-09-26,08:00,0.0,1007.3,1007.3,1006.8,-9999,24.2,22.9,24.2,24.2,23.0,22.9,93,92,92,1,0.0,0.0,N,PA,CASTANHAL,A202,-1.300875,-47.947967,47.13
1695,2019-09-26,12:00,0.0,1009.2,1009.2,1008.8,1323,27.2,23.9,27.4,24.6,24.6,23.5,93,82,82,24,0.0,0.0,N,PA,CASTANHAL,A202,-1.300875,-47.947967,47.13
1696,2019-09-26,16:00,0.0,1007.5,1008.6,1007.5,1507,30.1,22.8,31.2,29.9,23.7,22.5,68,62,65,341,4.3,0.0,N,PA,CASTANHAL,A202,-1.300875,-47.947967,47.13
1697,2019-09-26,20:00,0.0,1005.0,1005.0,1004.4,1340,29.8,22.1,31.1,28.8,23.5,22.1,70,62,63,358,9.7,2.5,N,PA,CASTANHAL,A202,-1.300875,-47.947967,47.13
1698,2019-09-27,00:00,0.0,1008.3,1008.5,1007.6,-9999,25.5,22.5,26.0,25.5,23.0,22.5,85,83,84,76,5.0,0.0,N,PA,CASTANHAL,A202,-1.300875,-47.947967,47.13
1699,2019-09-27,04:00,0.0,1007.8,1008.4,1007.8,-9999,24.7,22.6,25.0,24.7,22.7,22.6,88,87,88,47,0.0,0.0,N,PA,CASTANHAL,A202,-1.300875,-47.947967,47.13
1700,2019-10-11,08:00,0.0,1004.6,1004.7,1004.2,-9999,23.7,22.0,23.8,23.7,22.0,21.9,90,90,90,49,0.0,0.0,N,PA,CASTANHAL,A202,-1.300875,-47.947967,47.13
1701,2019-10-11,12:00,-9999.0,-9999.0,-9999.0,-9999.0,-9999,-9999.0,-9999.0,-9999.0,-9999.0,-9999.0,-9999.0,-9999,-9999,-9999,-9999,-9999.0,-9999.0,N,PA,CASTANHAL,A202,-1.300875,-47.947967,47.13
1702,2019-10-11,16:00,0.0,1006.3,1007.2,1006.3,2308,32.1,21.6,32.1,31.0,22.0,19.8,57,50,54,47,8.5,1.2,N,PA,CASTANHAL,A202,-1.300875,-47.947967,47.13
1703,2019-10-11,20:00,0.0,1004.1,1004.3,1004.0,997,31.0,21.0,32.4,30.9,21.2,20.2,56,49,56,42,9.0,1.1,N,PA,CASTANHAL,A202,-1.300875,-47.947967,47.13
1704,2019-10-12,00:00,0.0,1006.1,1006.1,1005.8,-9999,26.2,22.2,27.0,26.2,22.2,21.9,79,73,79,38,0.0,0.0,N,PA,CASTANHAL,A202,-1.300875,-47.947967,47.13
1705,2019-10-12,04:00,0.0,1005.9,1006.8,1005.9,-9999,24.4,22.3,24.8,24.4,22.3,22.1,88,85,88,41,0.0,0.0,N,PA,CASTANHAL,A202,-1.300875,-47.947967,47.13
1706,2019-10-12,08:00,0.0,1005.4,1005.4,1005.1,-9999,23.8,22.0,24.1,23.8,22.2,22.0,90,89,90,29,0.0,0.0,N,PA,CASTANHAL,A202,-1.300875,-47.947967,47.13
1707,2019-10-12,12:00,0.0,1007.5,1007.5,1006.8,1623,27.6,22.7,28.0,26.1,23.4,22.5,83,74,74,57,5.3,0.1,N,PA,CASTANHAL,A202,-1.300875,-47.947967,47.13
1708,2019-10-12,16:00,0.0,1005.6,1006.9,1005.6,2548,31.9,21.2,32.5,30.9,22.7,20.6,59,50,53,71,7.1,0.2,N,PA,CASTANHAL,A202,-1.300875,-47.947967,47.13
1709,2019-10-12,20:00,0.0,1002.9,1003.0,1002.8,1086,31.8,20.1,33.1,31.7,20.7,19.8,51,47,50,29,8.3,0.2,N,PA,CASTANHAL,A202,-1.300875,-47.947967,47.13
1710,2019-10-13,00:00,0.0,1005.2,1005.2,1004.5,-9999,26.2,21.8,27.0,26.2,21.8,21.5,77,72,77,29,7.1,0.0,N,PA,CASTANHAL,A202,-1.300875,-47.947967,47.13
1711,2019-10-13,04:00,0.0,1004.9,1005.8,1004.9,-9999,24.7,21.8,24.9,24.7,21.9,21.8,84,83,84,36,4.4,0.0,N,PA,CASTANHAL,A202,-1.300875,-47.947967,47.13
1712,2019-10-13,08:00,0.0,1003.8,1003.9,1003.7,-9999,23.9,21.7,24.0,23.8,21.8,21.7,88,87,88,41,5.1,0.0,N,PA,CASTANHAL,A202,-1.300875,-47.947967,47.13
1713,2019-10-13,12:00,0.0,1006.4,1006.4,1005.9,1672,28.0,22.0,28.3,26.7,23.1,22.0,79,70,70,58,8.4,2.0,N,PA,CASTANHAL,A202,-1.300875,-47.947967,47.13
1714,2019-10-13,16:00,0.0,1005.1,1006.4,1005.1,2295,31.1,21.7,32.1,30.6,22.9,21.5,61,55,57,72,7.5,0.0,N,PA,CASTANHAL,A202,-1.300875,-47.947967,47.13
1715,2019-10-13,20:00,1.6,1003.4,1003.4,1002.7,444,28.0,24.2,31.5,28.0,24.3,21.7,80,56,80,107,6.8,0.0,N,PA,CASTANHAL,A202,-1.300875,-47.947967,47.13
1716,2019-10-14,00:00,0.0,1005.7,1005.7,1004.7,-9999,26.4,22.2,27.0,26.4,22.4,22.2,78,76,78,30,5.7,0.0,N,PA,CASTANHAL,A202,-1.300875,-47.947967,47.13
1717,2019-10-14,04:00,0.0,1005.0,1005.6,1005.0,-9999,24.5,22.2,24.9,24.5,22.3,22.2,87,85,87,31,0.0,0.0,N,PA,CASTANHAL,A202,-1.300875,-47.947967,47.13
1718,2019-10-14,08:00,-9999.0,-9999.0,-9999.0,-9999.0,-9999,-9999.0,-9999.0,-9999.0,-9999.0,-9999.0,-9999.0,-9999,-9999,-9999,-9999,-9999.0,-9999.0,N,PA,CASTANHAL,A202,-1.300875,-47.947967,47.13
1719,2019-10-14,12:00,0.0,1006.5,1006.5,1006.1,1628,27.8,23.0,27.9,26.5,23.5,22.8,81,74,75,66,7.4,0.2,N,PA,CASTANHAL,A202,-1.300875,-47.947967,47.13
1720,2019-10-14,16:00,0.0,1004.9,1005.8,1004.9,2116,31.9,21.6,32.4,31.1,22.9,21.2,60,53,54,88,7.5,0.0,N,PA,CASTANHAL,A202,-1.300875,-47.947967,47.13
1721,2019-10-14,20:00,0.0,1003.3,1003.5,1003.3,296,30.9,21.8,31.9,30.9,22.4,21.7,59,56,58,69,3.6,0.0,N,PA,CASTANHAL,A202,-1.300875,-47.947967,47.13
1722,2019-10-15,00:00,0.0,1006.5,1006.5,1005.4,-9999,26.9,21.7,27.6,26.9,22.1,21.7,73,72,73,47,8.5,0.0,N,PA,CASTANHAL,A202,-1.300875,-47.947967,47.13
1723,2019-10-15,04:00,0.0,1006.8,1007.3,1006.8,-9999,24.9,22.1,25.2,24.9,22.2,22.1,85,83,85,6,0.0,0.0,N,PA,CASTANHAL,A202,-1.300875,-47.947967,47.13
1724,2019-10-15,08:00,0.0,1005.6,1005.6,1005.3,-9999,24.1,22.1,24.1,24.0,22.1,21.9,89,88,89,33,0.0,0.0,N,PA,CASTANHAL,A202,-1.300875,-47.947967,47.13
1725,2019-10-15,12:00,0.0,1007.9,1007.9,1007.4,1828,28.8,22.5,29.0,26.3,23.4,22.5,81,69,69,43,6.6,0.0,N,PA,CASTANHAL,A202,-1.300875,-47.947967,47.13
1726,2019-10-15,16:00,0.0,1006.5,1007.4,1006.5,2512,32.6,20.0,32.7,30.9,21.7,19.6,56,48,48,73,8.4,0.0,N,PA,CASTANHAL,A202,-1.300875,-47.947967,47.13
1727,2019-10-15,20:00,0.0,1005.0,1005.1,1004.9,840,30.5,20.1,31.0,30.3,21.1,20.1,56,54,54,43,9.7,1.0,N,PA,CASTANHAL,A202,-1.300875,-47.947967,47.13
1728,2019-10-16,00:00,-9999.0,-9999.0,-9999.0,-9999.0,-9999,-9999.0,-9999.0,-9999.0,-9999.0,-9999.0,-9999.0,-9999,-9999,-9999,-9999,-9999.0,-9999.0,N,PA,CASTANHAL,A202,-1.300875,-47.947967,47.13
1729,2019-10-16,04:00,0.0,1006.2,1007.0,1006.2,-9999,24.6,22.7,24.9,24.6,22.8,22.6,89,87,89,10,3.3,0.0,N,PA,CASTANHAL,A202,-1.300875,-47.947967,47.13
1730,2019-10-16,08:00,0.0,1006.0,1006.0,1005.6,-9999,24.0,22.5,24.2,24.0,22.7,22.5,92,92,92,102,0.0,0.0,N,PA,CASTANHAL,A202,-1.300875,-47.947967,47.13
1731,2019-10-16,12:00,0.0,1007.4,1007.5,1007.2,1692,27.7,23.0,28.4,26.4,23.9,22.8,86,73,75,23,7.9,0.2,N,PA,CASTANHAL,A202,-1.300875,-47.947967,47.13
1732,2019-10-16,16:00,0.0,1006.0,1006.9,1006.0,2483,32.6,21.6,33.1,31.7,22.9,20.9,56,51,53,29,7.0,0.0,N,PA,CASTANHAL,A202,-1.300875,-47.947967,47.13
1733,2019-10-16,20:00,0.0,1004.3,1004.5,1004.1,230,29.0,22.9,30.9,28.4,23.2,21.7,73,59,70,28,7.7,0.0,N,PA,CASTANHAL,A202,-1.300875,-47.947967,47.13
1734,2019-10-17,00:00,0.0,1006.9,1006.9,1006.3,-9999,26.2,22.8,26.5,26.2,23.3,22.7,84,80,82,37,2.2,0.0,N,PA,CASTANHAL,A202,-1.300875,-47.947967,47.13
1735,2019-10-17,04:00,0.0,1006.6,1007.3,1006.6,-9999,24.8,22.9,25.1,24.8,23.0,22.9,89,88,89,61,0.0,0.0,N,PA,CASTANHAL,A202,-1.300875,-47.947967,47.13
1736,2019-10-17,08:00,0.0,1006.3,1006.3,1006.0,-9999,23.6,22.2,24.2,23.6,22.7,22.1,92,91,92,51,0.0,0.0,N,PA,CASTANHAL,A202,-1.300875,-47.947967,47.13
1737,2019-10-17,12:00,0.0,1008.5,1008.5,1008.0,1820,28.2,23.2,28.4,26.7,23.9,23.0,85,74,75,70,7.6,0.2,N,PA,CASTANHAL,A202,-1.300875,-47.947967,47.13
1738,2019-10-17,16:00,0.0,1006.6,1007.7,1006.6,2270,31.6,21.8,32.6,30.9,22.9,21.0,59,53,56,92,4.4,0.0,N,PA,CASTANHAL,A202,-1.300875,-47.947967,47.13
1739,2019-10-17,20:00,0.0,1005.0,1005.1,1004.5,218,25.6,23.7,26.4,25.6,24.1,23.0,89,85,89,218,0.0,0.0,N,PA,CASTANHAL,A202,-1.300875,-47.947967,47.13
1740,2019-10-18,00:00,0.0,1006.7,1006.7,1005.9,-9999,25.4,22.2,25.7,25.3,23.5,22.1,90,81,82,29,2.7,0.0,N,PA,CASTANHAL,A202,-1.300875,-47.947967,47.13
1741,2019-10-18,04:00,0.0,1006.3,1007.0,1006.3,-9999,24.0,22.0,24.6,24.0,22.1,21.9,88,86,88,27,0.0,0.0,N,PA,CASTANHAL,A202,-1.300875,-47.947967,47.13
1742,2019-10-18,08:00,0.0,1006.2,1006.2,1005.8,-9999,23.5,22.0,23.6,23.5,22.0,21.9,91,90,91,41,0.0,0.0,N,PA,CASTANHAL,A202,-1.300875,-47.947967,47.13
1743,2019-10-18,12:00,0.0,1008.1,1008.1,1007.7,1865,28.4,22.9,28.4,26.3,23.6,22.3,83,71,72,57,6.8,0.1,N,PA,CASTANHAL,A202,-1.300875,-47.947967,47.13
1744,2019-10-18,16:00,0.0,1007.0,1007.8,1007.0,1994,31.1,21.4,31.9,30.4,22.7,21.2,61,55,56,50,6.9,0.2,N,PA,CASTANHAL,A202,-1.300875,-47.947967,47.13
1745,2019-10-18,20:00,0.0,1005.2,1005.2,1005.0,330,29.9,20.7,31.1,29.9,21.1,20.5,58,54,58,53,9.6,0.9,N,PA,CASTANHAL,A202,-1.300875,-47.947967,47.13
1746,2019-10-19,00:00,0.0,1007.3,1007.3,1006.3,-9999,26.5,21.8,27.0,26.5,21.8,21.1,76,70,76,46,2.3,0.0,N,PA,CASTANHAL,A202,-1.300875,-47.947967,47.13
1747,2019-10-19,04:00,0.0,1006.1,1007.1,1006.1,-9999,24.9,22.4,25.2,24.9,22.5,22.3,86,85,86,61,0.6,0.0,N,PA,CASTANHAL,A202,-1.300875,-47.947967,47.13
1748,2019-10-19,08:00,0.0,1005.0,1005.0,1004.6,-9999,23.6,22.1,23.9,23.6,22.3,22.1,91,91,91,23,0.0,0.0,N,PA,CASTANHAL,A202,-1.300875,-47.947967,47.13
1749,2019-10-19,12:00,0.0,1007.1,1007.1,1006.5,1748,28.4,23.1,28.4,26.3,23.6,22.6,82,72,73,40,7.6,1.3,N,PA,CASTANHAL,A202,-1.300875,-47.947967,47.13
1750,2019-10-19,16:00,0.0,1005.9,1006.7,1005.9,2108,31.2,21.0,32.1,31.1,22.4,20.8,57,52,55,38,9.9,1.0,N,PA,CASTANHAL,A202,-1.300875,-47.947967,47.13
1751,2019-10-19,20:00,0.0,1005.0,1005.0,1004.3,266,28.3,22.7,29.1,28.3,23.1,22.1,72,68,72,33,10.0,0.0,N,PA,CASTANHAL,A202,-1.300875,-47.947967,47.13
1752,2019-10-20,00:00,0.0,1006.6,1006.7,1006.2,-9999,26.5,22.6,26.9,26.5,22.7,22.6,79,78,79,26,3.1,0.0,N,PA,CASTANHAL,A202,-1.300875,-47.947967,47.13
1753,2019-10-20,04:00,0.0,1005.8,1006.5,1005.8,-9999,25.1,22.9,25.6,25.1,23.0,22.9,88,85,88,19,0.0,0.0,N,PA,CASTANHAL,A202,-1.300875,-47.947967,47.13
1754,2019-10-20,08:00,0.0,1004.9,1004.9,1004.4,-9999,24.5,23.0,24.5,24.4,23.0,22.8,92,91,92,55,0.0,0.0,N,PA,CASTANHAL,A202,-1.300875,-47.947967,47.13
1755,2019-10-20,12:00,0.0,1007.1,1007.1,1006.6,1945,28.8,23.1,29.0,26.9,23.8,22.9,83,71,71,25,7.0,0.0,N,PA,CASTANHAL,A202,-1.300875,-47.947967,47.13
1756,2019-10-20,16:00,0.0,1005.4,1006.3,1005.4,2770,32.8,21.0,33.3,31.8,21.8,20.4,54,48,50,356,8.6,1.8,N,PA,CASTANHAL,A202,-1.300875,-47.947967,47.13
1757,2019-10-20,20:00,0.0,1003.8,1003.8,1003.1,446,30.8,21.0,32.5,30.8,21.0,19.5,56,48,56,356,8.1,0.0,N,PA,CASTANHAL,A202,-1.300875,-47.947967,47.13
1758,2019-10-21,00:00,0.0,1005.9,1005.9,1004.9,-9999,26.4,22.6,27.0,26.4,22.6,22.3,79,76,79,10,3.6,0.0,N,PA,CASTANHAL,A202,-1.300875,-47.947967,47.13
1759,2019-10-21,04:00,0.0,1005.0,1005.8,1005.0,-9999,24.9,22.6,25.3,24.9,22.7,22.6,87,86,87,23,0.0,0.0,N,PA,CASTANHAL,A202,-1.300875,-47.947967,47.13
1760,2019-10-21,08:00,0.0,1004.6,1004.6,1004.2,-9999,22.7,21.4,23.1,22.7,21.7,21.4,93,92,92,287,0.0,0.0,N,PA,CASTANHAL,A202,-1.300875,-47.947967,47.13
1761,2019-10-21,12:00,0.0,1007.3,1007.3,1006.7,1923,29.1,23.2,29.1,26.8,23.8,22.4,84,70,70,342,3.5,0.0,N,PA,CASTANHAL,A202,-1.300875,-47.947967,47.13
1762,2019-10-21,16:00,0.0,1004.9,1006.2,1004.9,2090,32.9,20.4,33.2,31.8,21.7,20.1,54,47,48,318,0.0,0.0,N,PA,CASTANHAL,A202,-1.300875,-47.947967,47.13
1763,2019-10-21,20:00,0.0,1003.2,1003.7,1003.0,223,27.3,22.3,27.5,25.6,22.5,21.5,80,72,74,7,9.1,0.0,N,PA,CASTANHAL,A202,-1.300875,-47.947967,47.13
1764,2019-10-22,00:00,0.0,1005.5,1005.5,1004.1,-9999,25.3,21.9,25.4,25.2,22.0,21.0,82,76,82,18,0.7,0.0,N,PA,CASTANHAL,A202,-1.300875,-47.947967,47.13
1765,2019-10-22,04:00,0.0,1005.6,1006.1,1005.6,-9999,24.9,23.0,24.9,24.7,23.0,22.6,89,87,89,23,0.0,0.0,N,PA,CASTANHAL,A202,-1.300875,-47.947967,47.13
1766,2019-10-22,08:00,0.0,1005.1,1005.2,1005.0,-9999,24.8,23.1,24.9,24.6,23.3,23.0,91,91,91,13,0.0,0.0,N,PA,CASTANHAL,A202,-1.300875,-47.947967,47.13
1767,2019-10-22,12:00,0.0,1007.3,1007.3,1006.7,1636,28.9,23.1,28.9,27.0,24.1,22.9,82,71,71,59,2.3,0.0,N,PA,CASTANHAL,A202,-1.300875,-47.947967,47.13
1768,2019-10-22,16:00,0.0,1005.1,1006.4,1005.1,1846,32.9,22.0,32.9,30.8,22.5,21.0,60,52,53,177,0.0,0.0,N,PA,CASTANHAL,A202,-1.300875,-47.947967,47.13
1769,2019-10-22,20:00,0.0,1003.7,1003.8,1002.9,1308,29.0,24.0,31.0,28.8,24.7,23.2,76,65,75,333,7.2,0.0,N,PA,CASTANHAL,A202,-1.300875,-47.947967,47.13
1770,2019-10-23,00:00,0.2,1006.9,1007.0,1006.2,-9999,24.1,22.7,24.3,24.0,22.8,22.4,92,90,92,173,2.4,0.0,N,PA,CASTANHAL,A202,-1.300875,-47.947967,47.13
1771,2019-10-23,04:00,0.0,1005.9,1006.7,1005.9,-9999,23.1,22.0,23.4,23.1,22.2,22.0,94,93,94,159,0.0,0.0,N,PA,CASTANHAL,A202,-1.300875,-47.947967,47.13
1772,2019-10-23,08:00,0.0,1004.5,1004.5,1004.4,-9999,22.8,21.9,22.8,22.7,21.9,21.8,94,94,94,87,0.0,0.0,N,PA,CASTANHAL,A202,-1.300875,-47.947967,47.13
1773,2019-10-23,12:00,0.0,1006.7,1006.7,1006.1,1124,26.8,23.9,26.8,25.0,24.8,23.5,92,84,84,69,3.3,0.0,N,PA,CASTANHAL,A202,-1.300875,-47.947967,47.13
1774,2019-10-23,16:00,0.0,1005.7,1006.5,1005.7,2504,31.2,21.5,31.8,30.7,22.1,20.2,59,52,56,29,5.1,0.0,N,PA,CASTANHAL,A202,-1.300875,-47.947967,47.13
1775,2019-10-23,20:00,0.0,1003.6,1003.9,1003.6,595,27.9,20.6,28.6,27.9,21.3,20.5,65,62,64,6,7.4,0.0,N,PA,CASTANHAL,A202,-1.300875,-47.947967,47.13
1776,2019-10-24,00:00,0.0,1005.8,1005.8,1005.1,-9999,26.0,22.9,26.6,26.0,22.9,22.7,83,80,83,2,3.8,0.0,N,PA,CASTANHAL,A202,-1.300875,-47.947967,47.13
1777,2019-10-24,04:00,0.0,1005.3,1005.9,1005.3,-9999,24.7,22.9,24.9,24.7,23.0,22.9,90,89,89,36,0.0,0.0,N,PA,CASTANHAL,A202,-1.300875,-47.947967,47.13
1778,2019-10-24,08:00,-9999.0,-9999.0,-9999.0,-9999.0,-9999,-9999.0,-9999.0,-9999.0,-9999.0,-9999.0,-9999.0,-9999,-9999,-9999,-9999,-9999.0,-9999.0,N,PA,CASTANHAL,A202,-1.300875,-47.947967,47.13
1779,2019-10-24,12:00,0.0,1006.3,1006.3,1005.7,1549,28.3,23.1,28.5,26.8,24.1,23.0,84,73,73,54,0.0,0.0,N,PA,CASTANHAL,A202,-1.300875,-47.947967,47.13
1780,2019-10-24,16:00,0.0,1004.6,1005.4,1004.6,2556,33.2,20.4,33.4,31.9,21.7,19.4,54,44,47,56,5.6,0.0,N,PA,CASTANHAL,A202,-1.300875,-47.947967,47.13
1781,2019-10-24,20:00,0.0,1002.9,1003.3,1002.7,164,27.7,21.9,29.7,27.0,23.7,21.4,76,69,71,311,8.1,0.0,N,PA,CASTANHAL,A202,-1.300875,-47.947967,47.13
1782,2019-10-25,00:00,0.0,1005.2,1005.2,1004.3,-9999,24.9,21.7,25.0,24.4,21.8,21.1,84,82,82,15,0.0,0.0,N,PA,CASTANHAL,A202,-1.300875,-47.947967,47.13
1783,2019-10-25,04:00,0.0,1004.8,1005.5,1004.7,-9999,24.3,22.7,24.6,24.3,22.8,22.7,91,89,91,23,0.0,0.0,N,PA,CASTANHAL,A202,-1.300875,-47.947967,47.13
1784,2019-10-25,08:00,-9999.0,-9999.0,-9999.0,-9999.0,-9999,-9999.0,-9999.0,-9999.0,-9999.0,-9999.0,-9999.0,-9999,-9999,-9999,-9999,-9999.0,-9999.0,N,PA,CASTANHAL,A202,-1.300875,-47.947967,47.13
1785,2019-10-25,12:00,0.0,1007.3,1007.3,1006.6,1766,28.8,23.4,28.8,26.9,24.0,22.6,82,73,73,33,4.4,0.0,N,PA,CASTANHAL,A202,-1.300875,-47.947967,47.13
1786,2019-10-25,16:00,0.0,1005.7,1006.7,1005.7,1551,31.2,22.0,31.9,31.0,22.8,21.7,60,56,58,31,0.0,0.0,N,PA,CASTANHAL,A202,-1.300875,-47.947967,47.13
1787,2019-10-25,20:00,-9999.0,-9999.0,-9999.0,-9999.0,-9999,-9999.0,-9999.0,-9999.0,-9999.0,-9999.0,-9999.0,-9999,-9999,-9999,-9999,-9999.0,-9999.0,N,PA,CASTANHAL,A202,-1.300875,-47.947967,47.13
1788,2019-10-26,00:00,0.0,1006.0,1006.1,1005.4,-9999,24.6,22.1,24.6,24.0,22.2,22.0,89,86,86,26,0.0,0.0,N,PA,CASTANHAL,A202,-1.300875,-47.947967,47.13
1789,2019-10-26,04:00,0.0,1005.8,1006.3,1005.8,-9999,24.6,22.4,24.7,24.4,22.6,22.3,89,88,88,24,0.0,0.0,N,PA,CASTANHAL,A202,-1.300875,-47.947967,47.13
1790,2019-10-26,08:00,-9999.0,-9999.0,-9999.0,-9999.0,-9999,-9999.0,-9999.0,-9999.0,-9999.0,-9999.0,-9999.0,-9999,-9999,-9999,-9999,-9999.0,-9999.0,N,PA,CASTANHAL,A202,-1.300875,-47.947967,47.13
1791,2019-10-26,12:00,0.0,1008.5,1008.5,1008.0,1807,28.6,23.1,28.7,27.1,24.2,23.1,83,72,72,69,5.7,0.0,N,PA,CASTANHAL,A202,-1.300875,-47.947967,47.13
1792,2019-10-26,16:00,0.0,1006.3,1007.4,1006.3,2150,32.2,21.1,32.7,31.0,22.7,20.9,59,51,52,74,3.5,0.0,N,PA,CASTANHAL,A202,-1.300875,-47.947967,47.13
1793,2019-10-26,20:00,0.0,1004.0,1004.0,1003.7,789,30.6,21.9,32.2,30.6,23.0,21.9,60,56,60,29,8.4,2.4,N,PA,CASTANHAL,A202,-1.300875,-47.947967,47.13
1794,2019-10-27,00:00,0.0,1007.4,1007.4,1006.4,-9999,26.6,22.2,27.2,26.5,22.2,22.1,77,74,77,35,5.3,0.0,N,PA,CASTANHAL,A202,-1.300875,-47.947967,47.13
1795,2019-10-27,04:00,0.0,1006.8,1007.2,1006.7,-9999,24.9,22.3,25.3,24.9,22.4,22.2,85,84,85,39,3.2,0.0,N,PA,CASTANHAL,A202,-1.300875,-47.947967,47.13
1796,2019-10-27,08:00,0.0,1005.7,1005.7,1005.5,-9999,24.3,22.5,24.5,24.3,22.6,22.4,90,89,89,46,0.0,0.0,N,PA,CASTANHAL,A202,-1.300875,-47.947967,47.13
1797,2019-10-27,12:00,0.0,1007.9,1007.9,1007.4,1777,28.6,23.2,29.1,27.0,24.0,23.1,81,72,73,58,6.8,0.9,N,PA,CASTANHAL,A202,-1.300875,-47.947967,47.13
1798,2019-10-27,16:00,0.0,1005.4,1006.6,1005.4,2423,32.2,22.7,33.1,31.4,23.6,22.3,61,55,57,57,8.0,0.0,N,PA,CASTANHAL,A202,-1.300875,-47.947967,47.13
1799,2019-10-27,20:00,0.0,1003.3,1003.5,1003.2,1248,32.1,22.1,33.9,32.0,22.1,20.9,56,47,56,28,7.8,2.2,N,PA,CASTANHAL,A202,-1.300875,-47.947967,47.13
1800,2019-10-28,00:00,0.0,1005.6,1005.6,1005.1,-9999,26.8,21.9,27.6,26.8,21.9,21.7,74,70,74,38,2.5,0.0,N,PA,CASTANHAL,A202,-1.300875,-47.947967,47.13
1801,2019-10-28,04:00,0.0,1005.0,1006.0,1005.0,-9999,24.2,22.2,24.9,24.2,22.2,22.1,88,85,88,31,0.0,0.0,N,PA,CASTANHAL,A202,-1.300875,-47.947967,47.13
1802,2019-10-29,16:00,0.0,1004.5,1005.4,1004.5,2473,31.6,21.2,31.9,30.8,22.3,21.1,59,54,54,70,6.8,0.0,N,PA,CASTANHAL,A202,-1.300875,-47.947967,47.13
1803,2019-10-29,20:00,8.6,1002.5,1003.0,1002.4,488,25.6,22.6,31.0,24.7,22.8,20.5,86,57,84,355,10.5,0.0,N,PA,CASTANHAL,A202,-1.300875,-47.947967,47.13
1804,2019-10-30,00:00,0.0,1004.6,1004.6,1004.3,-9999,25.3,22.5,25.3,25.0,22.6,22.0,85,83,85,1,0.0,0.0,N,PA,CASTANHAL,A202,-1.300875,-47.947967,47.13
1805,2019-10-30,04:00,0.0,1004.1,1004.7,1004.1,-9999,24.5,22.3,24.7,24.5,22.4,22.3,87,87,87,22,0.0,0.0,N,PA,CASTANHAL,A202,-1.300875,-47.947967,47.13
1806,2019-10-30,08:00,0.0,1003.1,1003.2,1002.9,-9999,23.7,22.0,23.9,23.7,22.2,22.0,90,90,90,54,0.0,0.0,N,PA,CASTANHAL,A202,-1.300875,-47.947967,47.13
1807,2019-10-30,12:00,0.0,1005.6,1005.6,1005.0,1670,28.0,23.0,28.0,26.0,23.4,22.7,83,74,75,60,6.2,0.0,N,PA,CASTANHAL,A202,-1.300875,-47.947967,47.13
1808,2019-10-30,16:00,0.0,1004.5,1005.4,1004.4,2013,31.1,21.6,31.9,31.0,22.1,21.1,59,54,57,44,4.3,0.0,N,PA,CASTANHAL,A202,-1.300875,-47.947967,47.13
1809,2019-10-30,20:00,0.0,1003.6,1003.9,1003.2,90,25.3,23.3,27.3,25.3,25.0,23.2,89,83,89,241,0.0,0.0,N,PA,CASTANHAL,A202,-1.300875,-47.947967,47.13
1810,2019-10-31,00:00,0.0,1006.0,1006.0,1005.2,-9999,25.8,22.3,26.1,25.7,22.7,22.3,82,81,81,27,0.0,0.0,N,PA,CASTANHAL,A202,-1.300875,-47.947967,47.13
1811,2019-10-31,04:00,0.0,1005.7,1006.6,1005.7,-9999,24.2,22.2,24.7,24.2,22.3,22.2,89,86,89,25,0.0,0.0,N,PA,CASTANHAL,A202,-1.300875,-47.947967,47.13
1812,2019-10-31,08:00,0.0,1005.1,1005.1,1004.9,-9999,24.0,22.4,24.1,23.9,22.4,22.2,90,90,90,49,0.0,0.0,N,PA,CASTANHAL,A202,-1.300875,-47.947967,47.13
1813,2019-10-31,12:00,0.0,1007.2,1007.2,1006.6,1651,28.2,23.4,28.2,26.5,23.7,22.9,83,75,75,60,6.2,0.0,N,PA,CASTANHAL,A202,-1.300875,-47.947967,47.13
1814,2019-10-31,16:00,0.0,1005.8,1006.7,1005.8,2273,32.2,22.0,33.0,31.2,22.6,21.0,58,52,55,11,5.0,0.0,N,PA,CASTANHAL,A202,-1.300875,-47.947967,47.13
1815,2019-10-31,20:00,0.0,1003.6,1003.8,1003.6,1066,31.7,20.2,32.9,31.7,21.3,20.0,52,47,51,30,9.2,1.8,N,PA,CASTANHAL,A202,-1.300875,-47.947967,47.13
1816,2019-11-01,00:00,0.0,1005.6,1005.6,1005.2,-9999,26.0,22.3,26.9,26.0,22.3,21.9,80,74,80,30,5.4,0.0,N,PA,CASTANHAL,A202,-1.300875,-47.947967,47.13
1817,2019-11-01,04:00,0.0,1005.9,1006.5,1005.8,-9999,24.6,22.3,24.8,24.6,22.5,22.3,87,86,87,33,0.0,0.0,N,PA,CASTANHAL,A202,-1.300875,-47.947967,47.13
1818,2019-11-01,08:00,0.0,1005.6,1005.7,1005.6,-9999,23.8,22.2,23.8,23.5,22.2,21.9,91,91,91,31,0.0,0.0,N,PA,CASTANHAL,A202,-1.300875,-47.947967,47.13
1819,2019-11-01,12:00,0.0,1007.8,1007.8,1007.2,1777,28.6,22.4,28.7,26.0,23.3,22.4,82,69,69,42,7.0,0.1,N,PA,CASTANHAL,A202,-1.300875,-47.947967,47.13
1820,2019-11-01,16:00,0.0,1006.0,1006.9,1005.9,2358,32.7,20.9,33.3,31.7,21.8,19.9,53,48,50,42,8.2,0.0,N,PA,CASTANHAL,A202,-1.300875,-47.947967,47.13
1821,2019-11-01,20:00,0.0,1003.8,1003.9,1003.8,495,31.4,21.2,32.5,31.4,21.3,20.5,55,50,55,29,5.6,0.0,N,PA,CASTANHAL,A202,-1.300875,-47.947967,47.13
1822,2019-11-02,00:00,0.0,1005.2,1005.2,1004.8,-9999,26.5,22.7,27.4,26.5,22.7,22.4,80,74,80,28,2.1,0.0,N,PA,CASTANHAL,A202,-1.300875,-47.947967,47.13
1823,2019-11-02,04:00,0.0,1004.5,1005.1,1004.5,-9999,24.9,22.9,25.2,24.9,23.0,22.9,89,87,89,20,0.0,0.0,N,PA,CASTANHAL,A202,-1.300875,-47.947967,47.13
1824,2019-11-02,08:00,0.0,1003.9,1003.9,1003.6,-9999,24.0,22.5,24.2,23.9,22.6,22.3,91,91,91,353,0.0,0.0,N,PA,CASTANHAL,A202,-1.300875,-47.947967,47.13
1825,2019-11-02,12:00,0.0,1006.3,1006.4,1005.8,1712,28.2,23.3,28.4,26.4,23.9,23.2,85,74,75,14,0.0,0.0,N,PA,CASTANHAL,A202,-1.300875,-47.947967,47.13
1826,2019-11-02,16:00,0.0,1004.3,1005.3,1004.3,2399,32.6,21.1,33.5,32.0,21.8,20.4,53,48,51,1,0.0,0.0,N,PA,CASTANHAL,A202,-1.300875,-47.947967,47.13
1827,2019-11-02,20:00,0.0,1002.1,1002.3,1002.1,473,31.1,22.4,32.1,31.0,22.5,21.4,60,54,60,21,7.7,2.3,N,PA,CASTANHAL,A202,-1.300875,-47.947967,47.13
1828,2019-11-03,00:00,0.0,1005.1,1005.2,1004.5,-9999,26.4,22.5,27.1,26.4,22.5,22.2,79,75,79,12,5.4,0.0,N,PA,CASTANHAL,A202,-1.300875,-47.947967,47.13
1829,2019-11-03,04:00,0.0,1004.3,1004.7,1004.3,-9999,24.8,22.4,25.2,24.8,22.5,22.3,86,85,86,18,0.0,0.0,N,PA,CASTANHAL,A202,-1.300875,-47.947967,47.13
1830,2019-11-03,08:00,0.0,1003.7,1003.7,1003.4,-9999,23.9,22.1,23.9,23.8,22.2,22.1,90,90,90,1,0.0,0.0,N,PA,CASTANHAL,A202,-1.300875,-47.947967,47.13
1831,2019-11-03,12:00,0.0,1006.0,1006.0,1005.8,1224,28.0,23.2,28.0,26.8,23.5,22.6,80,74,76,43,4.3,0.0,N,PA,CASTANHAL,A202,-1.300875,-47.947967,47.13
1832,2019-11-03,16:00,0.0,1003.8,1005.1,1003.8,1627,31.8,22.0,32.2,31.2,22.5,21.5,59,55,56,20,6.7,0.0,N,PA,CASTANHAL,A202,-1.300875,-47.947967,47.13
1833,2019-11-03,20:00,13.6,1003.5,1003.5,1002.9,34,23.6,21.9,25.9,23.3,23.2,21.3,91,84,90,14,8.7,0.0,N,PA,CASTANHAL,A202,-1.300875,-47.947967,47.13
1834,2019-11-04,00:00,0.0,1005.9,1005.9,1004.7,0,24.6,23.0,24.7,24.4,23.1,22.7,91,91,91,15,0.0,0.0,N,PA,CASTANHAL,A202,-1.300875,-47.947967,47.13
1835,2019-11-04,04:00,0.0,1004.6,1005.6,1004.6,-9999,24.9,23.2,25.0,24.9,23.4,23.2,91,90,90,54,0.0,0.0,N,PA,CASTANHAL,A202,-1.300875,-47.947967,47.13
1836,2019-11-04,08:00,0.0,1004.1,1004.1,1003.7,-9999,24.3,22.9,24.5,24.3,23.0,22.9,92,91,92,52,0.0,0.0,N,PA,CASTANHAL,A202,-1.300875,-47.947967,47.13
1837,2019-11-04,12:00,0.0,1006.3,1006.3,1005.7,1711,28.1,23.5,28.2,26.8,24.0,23.3,85,75,76,68,8.7,0.1,N,PA,CASTANHAL,A202,-1.300875,-47.947967,47.13
1838,2019-11-04,16:00,0.2,1004.9,1005.7,1004.8,1674,28.5,22.3,30.9,28.5,24.4,21.9,73,62,69,51,7.5,0.2,N,PA,CASTANHAL,A202,-1.300875,-47.947967,47.13
1839,2019-11-04,20:00,0.0,1002.8,1002.9,1002.5,661,30.4,22.0,30.7,29.6,23.2,21.8,69,60,61,52,0.0,0.0,N,PA,CASTANHAL,A202,-1.300875,-47.947967,47.13
1840,2019-11-05,00:00,0.0,1006.0,1006.0,1004.9,-9999,26.3,21.5,26.9,26.3,21.9,21.5,75,73,75,53,0.0,0.0,N,PA,CASTANHAL,A202,-1.300875,-47.947967,47.13
1841,2019-11-05,04:00,0.0,1004.1,1004.8,1004.1,-9999,24.2,21.9,24.7,24.2,22.0,21.9,87,85,87,58,0.0,0.0,N,PA,CASTANHAL,A202,-1.300875,-47.947967,47.13
1842,2019-11-05,08:00,0.0,1004.3,1004.3,1004.0,-9999,23.1,21.8,23.1,22.6,21.8,21.2,92,92,92,57,0.0,0.0,N,PA,CASTANHAL,A202,-1.300875,-47.947967,47.13
1843,2019-11-05,12:00,0.0,1007.2,1007.2,1006.7,1842,28.4,22.7,28.6,26.3,23.6,22.5,82,71,71,53,6.2,0.1,N,PA,CASTANHAL,A202,-1.300875,-47.947967,47.13
1844,2019-11-05,16:00,0.0,1005.4,1006.2,1005.4,2906,32.7,20.8,33.5,31.8,21.5,20.3,53,47,50,57,7.4,0.0,N,PA,CASTANHAL,A202,-1.300875,-47.947967,47.13
1845,2019-11-05,20:00,0.0,1003.7,1003.8,1003.6,1028,32.2,20.9,32.9,32.1,21.6,20.3,53,48,52,46,8.2,1.0,N,PA,CASTANHAL,A202,-1.300875,-47.947967,47.13
1846,2019-11-06,00:00,0.0,1005.3,1005.3,1004.8,-9999,26.5,22.4,27.4,26.5,22.4,22.0,78,73,78,27,3.9,0.0,N,PA,CASTANHAL,A202,-1.300875,-47.947967,47.13
1847,2019-11-06,04:00,0.0,1004.1,1004.8,1004.1,-9999,24.7,22.8,25.1,24.7,23.0,22.8,89,87,89,25,0.0,0.0,N,PA,CASTANHAL,A202,-1.300875,-47.947967,47.13
1848,2019-11-06,08:00,0.0,1003.8,1003.9,1003.5,-9999,23.8,22.2,24.0,23.7,22.4,22.1,91,91,91,30,0.0,0.0,N,PA,CASTANHAL,A202,-1.300875,-47.947967,47.13
1849,2019-11-06,12:00,0.0,1007.1,1007.1,1006.4,1714,28.3,22.7,28.5,26.6,23.3,22.6,80,71,72,64,6.0,0.0,N,PA,CASTANHAL,A202,-1.300875,-47.947967,47.13
1850,2019-11-06,16:00,0.0,1005.2,1006.3,1005.2,1984,31.6,21.5,31.9,31.0,22.9,21.5,62,55,55,33,3.7,0.0,N,PA,CASTANHAL,A202,-1.300875,-47.947967,47.13
1851,2019-11-06,20:00,0.0,1002.9,1003.0,1002.8,680,31.0,21.3,32.3,31.0,21.6,20.5,56,50,56,23,8.1,0.1,N,PA,CASTANHAL,A202,-1.300875,-47.947967,47.13
1852,2019-11-07,00:00,0.0,1005.3,1005.3,1004.4,-9999,26.5,22.5,27.1,26.5,22.5,22.1,79,74,79,33,0.0,0.0,N,PA,CASTANHAL,A202,-1.300875,-47.947967,47.13
1853,2019-11-07,04:00,0.0,1003.7,1004.3,1003.7,-9999,24.8,22.7,25.4,24.8,23.0,22.7,88,86,88,24,0.0,0.0,N,PA,CASTANHAL,A202,-1.300875,-47.947967,47.13
1854,2019-11-07,08:00,0.0,1002.7,1002.7,1002.3,-9999,24.2,22.6,24.3,24.2,22.7,22.6,91,90,91,3,0.0,0.0,N,PA,CASTANHAL,A202,-1.300875,-47.947967,47.13
1855,2019-11-07,12:00,0.0,1005.1,1005.2,1005.0,1824,28.7,22.6,29.0,27.0,23.9,22.6,81,70,70,61,6.8,0.0,N,PA,CASTANHAL,A202,-1.300875,-47.947967,47.13
1856,2019-11-07,16:00,0.0,1003.2,1004.4,1003.2,1910,33.0,21.4,33.1,31.2,22.5,21.3,57,50,50,97,0.0,0.0,N,PA,CASTANHAL,A202,-1.300875,-47.947967,47.13
1857,2019-11-07,20:00,0.0,1001.7,1002.2,1001.4,216,28.2,23.2,30.9,28.1,23.3,21.5,75,58,75,248,0.0,0.0,N,PA,CASTANHAL,A202,-1.300875,-47.947967,47.13
1858,2019-11-08,00:00,0.0,1004.1,1004.2,1003.4,-9999,24.3,23.0,24.3,23.9,23.0,22.5,92,91,92,295,0.0,0.0,N,PA,CASTANHAL,A202,-1.300875,-47.947967,47.13
1859,2019-11-08,04:00,0.2,1003.3,1003.7,1003.2,-9999,23.9,22.7,24.4,23.8,23.1,22.6,93,92,93,283,0.0,0.0,N,PA,CASTANHAL,A202,-1.300875,-47.947967,47.13
1860,2019-11-08,08:00,0.0,1002.5,1002.5,1002.0,-9999,23.3,22.2,23.5,23.3,22.4,22.2,94,93,94,334,0.0,0.0,N,PA,CASTANHAL,A202,-1.300875,-47.947967,47.13
1861,2019-11-08,12:00,0.0,1005.4,1005.4,1004.8,1532,28.4,23.9,28.4,26.5,24.6,23.7,88,77,77,40,3.6,0.0,N,PA,CASTANHAL,A202,-1.300875,-47.947967,47.13
1862,2019-11-08,16:00,0.0,1003.6,1004.4,1003.5,2066,30.5,22.5,31.8,30.2,23.8,22.3,65,59,62,23,6.4,0.1,N,PA,CASTANHAL,A202,-1.300875,-47.947967,47.13
1863,2019-11-08,20:00,0.0,1001.7,1001.8,1001.5,363,26.2,24.6,26.2,25.3,24.7,23.6,91,90,91,226,0.0,0.0,N,PA,CASTANHAL,A202,-1.300875,-47.947967,47.13
1864,2019-11-09,00:00,0.0,1003.9,1003.9,1002.9,-9999,26.0,23.5,26.2,26.0,23.9,23.4,87,85,86,7,0.0,0.0,N,PA,CASTANHAL,A202,-1.300875,-47.947967,47.13
1865,2019-11-09,04:00,0.0,1003.6,1003.9,1003.6,-9999,24.9,23.3,25.0,24.8,23.3,23.2,91,90,91,18,0.0,0.0,N,PA,CASTANHAL,A202,-1.300875,-47.947967,47.13
1866,2019-11-09,08:00,0.0,1003.3,1003.3,1002.9,-9999,24.5,23.3,24.5,23.9,23.3,22.6,93,93,93,52,0.0,0.0,N,PA,CASTANHAL,A202,-1.300875,-47.947967,47.13
1867,2019-11-09,12:00,0.0,1006.6,1006.6,1006.1,1563,28.2,24.1,28.2,26.3,24.6,23.8,90,79,79,42,5.5,0.0,N,PA,CASTANHAL,A202,-1.300875,-47.947967,47.13
1868,2019-11-09,16:00,0.0,1004.2,1005.3,1004.2,2006,31.2,22.0,31.7,30.9,23.2,21.8,63,57,58,72,7.6,0.6,N,PA,CASTANHAL,A202,-1.300875,-47.947967,47.13
1869,2019-11-09,20:00,0.0,1002.6,1002.7,1002.4,185,27.4,24.0,28.1,27.2,24.0,23.5,82,76,81,247,0.0,0.0,N,PA,CASTANHAL,A202,-1.300875,-47.947967,47.13
1870,2019-11-10,00:00,0.0,1004.6,1004.6,1004.0,-9999,26.0,21.9,26.6,26.0,21.9,21.5,79,74,79,35,0.0,0.0,N,PA,CASTANHAL,A202,-1.300875,-47.947967,47.13
1871,2019-11-10,04:00,0.0,1003.9,1004.5,1003.9,-9999,24.5,22.3,24.9,24.5,22.5,22.3,88,86,88,335,0.0,0.0,N,PA,CASTANHAL,A202,-1.300875,-47.947967,47.13
1872,2019-11-10,08:00,0.0,1003.1,1003.2,1002.7,-9999,24.0,22.4,24.2,23.9,22.5,22.3,91,90,91,46,0.0,0.0,N,PA,CASTANHAL,A202,-1.300875,-47.947967,47.13
1873,2019-11-10,12:00,0.0,1006.2,1006.2,1005.4,1518,28.9,23.8,29.0,26.8,24.6,23.4,83,74,74,68,6.2,0.0,N,PA,CASTANHAL,A202,-1.300875,-47.947967,47.13
1874,2019-11-10,16:00,0.0,1004.5,1005.5,1004.5,2668,32.2,22.5,32.5,30.9,23.6,22.0,64,55,57,42,6.5,0.0,N,PA,CASTANHAL,A202,-1.300875,-47.947967,47.13
1875,2019-11-10,20:00,0.0,1003.2,1003.2,1002.8,328,30.4,22.8,31.2,30.4,22.8,21.7,64,57,64,18,0.0,0.0,N,PA,CASTANHAL,A202,-1.300875,-47.947967,47.13
1876,2019-11-11,00:00,0.0,1004.7,1004.7,1004.5,-9999,26.6,22.9,27.5,26.6,22.9,22.4,80,73,80,30,0.0,0.0,N,PA,CASTANHAL,A202,-1.300875,-47.947967,47.13
1877,2019-11-11,04:00,0.0,1003.7,1004.3,1003.7,-9999,25.0,23.0,25.3,25.0,23.1,23.0,89,87,89,25,0.0,0.0,N,PA,CASTANHAL,A202,-1.300875,-47.947967,47.13
1878,2019-11-11,08:00,0.0,1003.2,1003.2,1002.8,-9999,24.3,22.9,24.4,24.2,23.0,22.8,92,92,92,47,0.0,0.0,N,PA,CASTANHAL,A202,-1.300875,-47.947967,47.13
1879,2019-11-11,12:00,0.0,1005.6,1005.6,1005.2,1614,28.1,23.3,28.3,26.3,24.5,23.1,86,74,75,62,4.2,0.0,N,PA,CASTANHAL,A202,-1.300875,-47.947967,47.13
1880,2019-11-11,16:00,0.0,1003.5,1004.6,1003.5,2118,32.0,21.7,32.7,31.1,23.1,21.7,61,54,55,88,4.7,0.1,N,PA,CASTANHAL,A202,-1.300875,-47.947967,47.13
1881,2019-11-11,20:00,0.0,1001.2,1001.3,1001.1,293,30.8,22.6,32.1,30.8,23.1,22.3,62,58,62,15,4.3,0.0,N,PA,CASTANHAL,A202,-1.300875,-47.947967,47.13
1882,2019-11-12,00:00,0.0,1003.7,1003.7,1003.1,-9999,26.8,22.4,27.3,26.8,22.4,22.2,77,74,77,23,3.8,0.0,N,PA,CASTANHAL,A202,-1.300875,-47.947967,47.13
1883,2019-11-12,04:00,0.0,1003.4,1003.7,1003.4,-9999,25.2,22.8,25.5,25.2,22.9,22.8,86,85,86,13,0.0,0.0,N,PA,CASTANHAL,A202,-1.300875,-47.947967,47.13
1884,2019-11-12,08:00,0.0,1002.7,1002.7,1002.4,-9999,24.1,22.4,24.2,24.1,22.5,22.4,90,90,90,340,0.0,0.0,N,PA,CASTANHAL,A202,-1.300875,-47.947967,47.13
1885,2019-10-28,08:00,0.0,1004.1,1004.1,1003.9,-9999,23.9,22.1,24.0,23.8,22.2,22.1,90,90,90,32,0.0,0.0,N,PA,CASTANHAL,A202,-1.300875,-47.947967,47.13
1886,2019-10-28,12:00,0.0,1006.9,1006.9,1006.2,1782,28.8,23.0,28.8,27.2,23.4,22.5,79,70,71,48,8.5,0.0,N,PA,CASTANHAL,A202,-1.300875,-47.947967,47.13
1887,2019-10-28,16:00,0.0,1004.4,1005.9,1004.4,2484,33.8,20.9,33.8,32.0,22.5,20.3,55,45,47,96,7.7,0.3,N,PA,CASTANHAL,A202,-1.300875,-47.947967,47.13
1888,2019-10-28,20:00,0.0,1002.5,1002.6,1002.5,600,31.6,20.5,33.3,31.6,21.7,19.8,53,48,52,24,8.0,0.4,N,PA,CASTANHAL,A202,-1.300875,-47.947967,47.13
1889,2019-10-29,00:00,0.0,1005.2,1005.2,1004.3,-9999,26.8,22.7,27.5,26.8,22.7,22.1,78,72,78,31,4.0,0.0,N,PA,CASTANHAL,A202,-1.300875,-47.947967,47.13
1890,2019-10-29,04:00,0.0,1004.3,1005.0,1004.3,-9999,24.3,22.1,24.8,24.3,22.3,22.1,88,86,88,11,0.0,0.0,N,PA,CASTANHAL,A202,-1.300875,-47.947967,47.13
1891,2019-10-29,08:00,0.0,1003.5,1003.5,1003.1,-9999,23.0,21.4,23.4,23.0,21.9,21.4,91,90,91,53,0.0,0.0,N,PA,CASTANHAL,A202,-1.300875,-47.947967,47.13
1892,2019-10-29,12:00,0.0,1006.3,1006.3,1005.9,1702,28.4,22.0,28.5,26.3,22.5,21.7,79,68,68,62,7.8,0.9,N,PA,CASTANHAL,A202,-1.300875,-47.947967,47.13
1893,2019-11-12,12:00,0.0,1005.4,1005.4,1004.7,1489,28.2,23.3,28.2,26.9,23.6,22.8,81,74,75,29,5.8,0.1,N,PA,CASTANHAL,A202,-1.300875,-47.947967,47.13
1894,2019-11-12,16:00,0.0,1004.1,1005.0,1004.1,2144,31.4,21.9,32.1,30.5,22.5,21.1,60,55,57,27,9.4,1.1,N,PA,CASTANHAL,A202,-1.300875,-47.947967,47.13
1895,2019-11-12,20:00,0.0,1001.5,1001.5,1001.3,503,30.3,21.1,31.7,30.3,21.4,20.7,58,53,58,29,10.4,0.7,N,PA,CASTANHAL,A202,-1.300875,-47.947967,47.13
1896,2019-11-13,00:00,0.0,1004.4,1004.4,1003.5,-9999,26.3,21.9,27.1,26.3,21.9,21.7,77,72,77,30,3.6,0.1,N,PA,CASTANHAL,A202,-1.300875,-47.947967,47.13
1897,2019-11-13,04:00,0.0,1003.9,1004.7,1003.9,-9999,25.1,22.5,25.4,25.1,22.6,22.5,86,84,86,34,0.0,0.0,N,PA,CASTANHAL,A202,-1.300875,-47.947967,47.13
1898,2019-11-13,08:00,0.0,1003.0,1003.1,1002.9,-9999,24.2,22.4,24.3,24.1,22.4,22.3,90,89,89,33,0.0,0.0,N,PA,CASTANHAL,A202,-1.300875,-47.947967,47.13
1899,2019-11-13,12:00,0.0,1005.5,1005.6,1005.0,1625,28.5,22.7,28.6,26.8,23.4,22.7,80,71,71,55,8.0,3.6,N,PA,CASTANHAL,A202,-1.300875,-47.947967,47.13
1900,2019-11-13,16:00,0.0,1004.4,1005.4,1004.4,1812,31.1,21.7,31.9,30.5,22.7,21.6,61,55,57,24,5.6,0.1,N,PA,CASTANHAL,A202,-1.300875,-47.947967,47.13
1901,2019-11-13,20:00,0.0,1002.4,1002.4,1002.0,576,29.9,22.3,31.2,29.9,22.5,22.0,64,59,64,24,11.3,0.0,N,PA,CASTANHAL,A202,-1.300875,-47.947967,47.13
1902,2019-11-14,00:00,0.0,1004.9,1004.9,1004.2,-9999,26.6,21.9,27.5,26.6,21.9,21.2,75,69,75,30,0.5,0.0,N,PA,CASTANHAL,A202,-1.300875,-47.947967,47.13
1903,2019-11-14,04:00,0.0,1004.4,1005.3,1004.4,-9999,25.0,22.3,25.6,25.0,22.4,22.3,85,83,85,30,0.0,0.0,N,PA,CASTANHAL,A202,-1.300875,-47.947967,47.13
1904,2019-11-14,08:00,0.0,1003.3,1003.3,1002.9,-9999,24.2,22.1,24.3,24.1,22.2,22.0,88,88,88,36,0.0,0.0,N,PA,CASTANHAL,A202,-1.300875,-47.947967,47.13
1905,2019-11-14,12:00,0.0,1006.4,1006.4,1005.8,1719,28.5,22.9,28.6,26.9,23.3,22.5,78,71,72,39,6.6,0.2,N,PA,CASTANHAL,A202,-1.300875,-47.947967,47.13
1906,2019-11-14,16:00,0.0,1005.0,1005.9,1005.0,2492,32.6,22.3,32.7,31.1,22.9,21.8,59,54,55,75,4.3,0.0,N,PA,CASTANHAL,A202,-1.300875,-47.947967,47.13
1907,2019-11-14,20:00,0.0,1003.1,1003.2,1002.8,542,30.7,21.7,32.2,30.7,21.8,21.0,59,52,59,30,7.9,0.1,N,PA,CASTANHAL,A202,-1.300875,-47.947967,47.13
1908,2019-11-15,00:00,0.0,1005.7,1005.7,1005.0,-9999,27.0,22.0,27.6,27.0,22.0,21.5,74,70,74,38,3.2,0.0,N,PA,CASTANHAL,A202,-1.300875,-47.947967,47.13
1909,2019-11-15,04:00,0.0,1005.0,1005.5,1005.0,-9999,25.2,22.2,25.6,25.2,22.2,22.1,84,81,84,26,0.0,0.0,N,PA,CASTANHAL,A202,-1.300875,-47.947967,47.13
1910,2019-11-15,08:00,0.0,1004.0,1004.0,1003.8,-9999,24.4,22.4,24.5,24.4,22.4,22.2,88,88,88,19,0.0,0.0,N,PA,CASTANHAL,A202,-1.300875,-47.947967,47.13
1911,2019-11-15,12:00,0.0,1006.5,1006.5,1006.0,1589,28.3,22.8,28.4,26.3,23.4,22.6,82,71,72,50,0.0,0.0,N,PA,CASTANHAL,A202,-1.300875,-47.947967,47.13
1912,2019-11-15,16:00,0.0,1004.1,1005.1,1004.1,2187,31.5,21.4,32.4,31.0,22.4,21.2,58,53,55,26,5.0,0.0,N,PA,CASTANHAL,A202,-1.300875,-47.947967,47.13
1913,2019-11-15,20:00,0.0,1001.3,1001.4,1001.3,586,31.6,21.9,32.6,31.5,22.0,21.0,57,51,57,28,0.0,0.0,N,PA,CASTANHAL,A202,-1.300875,-47.947967,47.13
1914,2019-11-16,00:00,0.0,1003.1,1003.1,1002.6,-9999,26.8,22.2,27.5,26.8,22.3,22.2,76,73,76,39,6.2,0.0,N,PA,CASTANHAL,A202,-1.300875,-47.947967,47.13
1915,2019-11-16,04:00,0.0,1002.6,1003.2,1002.6,-9999,24.8,22.2,25.2,24.8,22.3,22.1,85,83,85,7,0.0,0.0,N,PA,CASTANHAL,A202,-1.300875,-47.947967,47.13
1916,2019-11-16,08:00,0.0,1002.4,1002.4,1001.6,-9999,24.0,22.1,24.4,24.0,22.2,22.1,89,87,89,309,0.0,0.0,N,PA,CASTANHAL,A202,-1.300875,-47.947967,47.13
1917,2019-11-16,12:00,0.0,1004.2,1004.2,1003.9,1525,28.4,23.3,28.4,26.9,23.4,22.8,79,73,74,41,7.3,0.1,N,PA,CASTANHAL,A202,-1.300875,-47.947967,47.13
1918,2019-11-16,16:00,0.0,1002.6,1003.3,1002.6,1565,31.5,21.9,32.1,30.7,22.6,21.5,60,55,57,32,5.0,0.0,N,PA,CASTANHAL,A202,-1.300875,-47.947967,47.13
1919,2019-11-16,20:00,0.0,1000.9,1001.1,1000.4,441,26.1,23.7,26.1,23.9,23.8,22.2,91,86,86,326,0.0,0.0,N,PA,CASTANHAL,A202,-1.300875,-47.947967,47.13
1920,2019-11-17,00:00,0.0,1003.0,1003.0,1002.0,-9999,25.4,22.3,25.9,25.4,22.6,22.3,83,82,83,44,2.4,0.0,N,PA,CASTANHAL,A202,-1.300875,-47.947967,47.13
1921,2019-11-17,04:00,0.0,1002.2,1002.8,1002.2,-9999,24.2,22.3,24.7,24.2,22.3,22.2,89,87,89,7,0.0,0.0,N,PA,CASTANHAL,A202,-1.300875,-47.947967,47.13
1922,2019-11-17,08:00,0.0,1001.9,1001.9,1001.5,-9999,24.2,22.5,24.2,24.0,22.6,22.4,91,90,91,51,0.0,0.0,N,PA,CASTANHAL,A202,-1.300875,-47.947967,47.13
1923,2019-11-17,12:00,0.0,1004.2,1004.2,1003.7,1734,28.4,23.3,28.5,26.8,23.7,22.9,81,73,74,52,4.9,0.0,N,PA,CASTANHAL,A202,-1.300875,-47.947967,47.13
1924,2019-11-17,16:00,0.0,1003.4,1004.1,1003.4,2809,31.8,20.7,32.8,31.3,22.3,20.5,57,51,52,56,0.1,0.0,N,PA,CASTANHAL,A202,-1.300875,-47.947967,47.13
1925,2019-11-17,20:00,0.0,1001.1,1001.1,1000.9,750,31.6,20.4,32.4,31.6,20.8,19.8,52,48,52,60,9.0,0.5,N,PA,CASTANHAL,A202,-1.300875,-47.947967,47.13
1926,2019-11-18,00:00,0.0,1004.6,1004.6,1003.6,-9999,27.5,21.0,28.3,27.5,21.0,20.8,68,64,68,27,0.6,0.0,N,PA,CASTANHAL,A202,-1.300875,-47.947967,47.13
1927,2019-11-18,04:00,0.0,1004.0,1004.5,1004.0,-9999,25.7,22.3,26.2,25.7,22.3,22.2,81,79,81,64,0.0,0.0,N,PA,CASTANHAL,A202,-1.300875,-47.947967,47.13
1928,2019-11-18,08:00,0.0,1004.1,1004.1,1003.4,-9999,25.0,22.5,25.1,25.0,22.6,22.4,86,85,86,82,0.0,0.0,N,PA,CASTANHAL,A202,-1.300875,-47.947967,47.13
1929,2019-11-18,12:00,0.0,1006.3,1006.3,1006.0,1470,29.4,23.5,29.4,27.2,24.0,22.9,79,71,71,53,5.8,0.2,N,PA,CASTANHAL,A202,-1.300875,-47.947967,47.13
1930,2019-11-18,16:00,0.0,1005.0,1006.0,1005.0,2523,31.7,21.0,32.2,30.8,22.7,20.9,60,52,53,60,6.2,0.0,N,PA,CASTANHAL,A202,-1.300875,-47.947967,47.13
1931,2019-11-18,20:00,0.0,1003.0,1003.0,1002.7,1085,31.5,21.0,32.3,31.4,21.4,20.6,54,51,54,10,6.5,0.0,N,PA,CASTANHAL,A202,-1.300875,-47.947967,47.13
1932,2019-11-19,00:00,0.0,1005.8,1005.8,1004.5,-9999,26.6,21.6,27.7,26.6,21.6,21.0,74,67,74,20,0.3,0.0,N,PA,CASTANHAL,A202,-1.300875,-47.947967,47.13
1933,2019-11-19,04:00,0.0,1005.3,1005.7,1005.2,-9999,24.8,22.8,25.1,24.8,22.8,22.6,88,87,88,6,0.0,0.0,N,PA,CASTANHAL,A202,-1.300875,-47.947967,47.13
1934,2019-11-19,08:00,0.0,1004.2,1004.2,1003.7,-9999,24.7,23.0,24.7,24.4,23.1,22.8,91,90,90,47,0.0,0.0,N,PA,CASTANHAL,A202,-1.300875,-47.947967,47.13
1935,2019-11-19,12:00,0.0,1006.9,1007.0,1006.4,1524,28.7,23.6,28.9,27.5,24.2,23.1,80,72,74,42,5.4,0.0,N,PA,CASTANHAL,A202,-1.300875,-47.947967,47.13
1936,2019-11-19,16:00,0.0,1005.2,1006.2,1005.2,2278,31.8,21.5,32.7,30.6,24.0,21.5,64,54,55,100,6.9,0.0,N,PA,CASTANHAL,A202,-1.300875,-47.947967,47.13
1937,2019-11-19,20:00,0.0,1003.9,1004.0,1003.4,260,28.1,22.9,29.3,28.1,23.8,22.7,75,68,74,98,4.8,0.0,N,PA,CASTANHAL,A202,-1.300875,-47.947967,47.13
1938,2019-11-20,00:00,0.0,1006.1,1006.2,1005.4,-9999,24.8,22.3,25.1,24.8,22.3,22.2,86,84,86,74,0.0,0.0,N,PA,CASTANHAL,A202,-1.300875,-47.947967,47.13
1939,2019-11-20,04:00,0.0,1004.9,1005.5,1004.9,-9999,23.8,21.8,24.1,23.8,21.9,21.7,88,87,88,65,0.0,0.0,N,PA,CASTANHAL,A202,-1.300875,-47.947967,47.13
1940,2019-11-20,08:00,0.0,1004.6,1004.6,1003.7,-9999,22.5,21.3,22.5,22.4,21.3,21.1,93,92,93,179,0.0,0.0,N,PA,CASTANHAL,A202,-1.300875,-47.947967,47.13
1941,2019-11-20,12:00,0.0,1006.2,1006.2,1005.7,1789,28.1,23.4,28.1,25.6,23.8,23.2,88,76,76,104,0.0,0.0,N,PA,CASTANHAL,A202,-1.300875,-47.947967,47.13
1942,2019-11-20,16:00,0.0,1004.3,1005.3,1004.3,1768,31.9,21.3,31.9,30.5,23.4,20.7,64,53,54,52,0.0,0.0,N,PA,CASTANHAL,A202,-1.300875,-47.947967,47.13
1943,2019-11-20,20:00,0.0,1001.8,1001.9,1001.5,857,31.8,24.0,32.9,31.7,24.0,20.5,64,49,64,320,0.1,0.0,N,PA,CASTANHAL,A202,-1.300875,-47.947967,47.13
1944,2019-11-21,00:00,0.0,1004.3,1004.3,1003.8,-9999,26.5,22.7,26.7,26.5,23.1,22.7,81,80,80,26,0.0,0.0,N,PA,CASTANHAL,A202,-1.300875,-47.947967,47.13
1945,2019-11-21,04:00,0.0,1004.4,1004.8,1004.4,-9999,25.0,22.6,25.2,25.0,22.7,22.6,86,86,86,6,0.0,0.0,N,PA,CASTANHAL,A202,-1.300875,-47.947967,47.13
1946,2019-11-21,08:00,0.0,1004.6,1004.6,1004.1,-9999,24.3,22.7,24.6,24.3,22.9,22.7,91,90,91,213,0.0,0.0,N,PA,CASTANHAL,A202,-1.300875,-47.947967,47.13
1947,2019-11-21,12:00,0.0,1007.2,1007.2,1006.5,285,25.3,23.7,25.4,24.9,23.8,23.4,91,90,91,147,0.0,0.0,N,PA,CASTANHAL,A202,-1.300875,-47.947967,47.13
1948,2019-11-21,16:00,0.0,1005.3,1006.2,1005.3,1441,25.5,23.2,25.5,23.9,23.2,22.4,92,87,87,196,0.0,0.0,N,PA,CASTANHAL,A202,-1.300875,-47.947967,47.13
1949,2019-11-21,20:00,0.2,1003.5,1004.1,1003.5,175,24.2,22.1,24.3,24.0,22.2,21.4,89,84,88,330,1.6,0.0,N,PA,CASTANHAL,A202,-1.300875,-47.947967,47.13
1950,2019-11-22,00:00,0.0,1005.6,1005.6,1004.6,-9999,24.0,22.4,24.1,24.0,22.4,22.2,91,90,91,33,0.0,0.0,N,PA,CASTANHAL,A202,-1.300875,-47.947967,47.13
1951,2019-11-22,04:00,0.0,1005.6,1006.0,1005.6,-9999,23.9,22.4,24.3,23.9,22.7,22.4,92,90,92,90,0.0,0.0,N,PA,CASTANHAL,A202,-1.300875,-47.947967,47.13
1952,2019-11-22,08:00,0.0,1003.6,1003.6,1003.4,-9999,23.6,22.0,23.8,23.6,22.1,22.0,91,90,91,88,0.0,0.0,N,PA,CASTANHAL,A202,-1.300875,-47.947967,47.13
1953,2019-11-22,12:00,0.0,1006.2,1006.2,1005.8,1623,27.0,22.7,27.2,24.3,23.4,22.7,90,77,78,76,0.0,0.0,N,PA,CASTANHAL,A202,-1.300875,-47.947967,47.13
1954,2019-11-22,16:00,0.2,1004.2,1005.2,1004.2,1675,30.1,23.5,32.8,30.1,23.5,22.1,68,55,68,359,0.0,0.0,N,PA,CASTANHAL,A202,-1.300875,-47.947967,47.13
1955,2019-11-22,20:00,0.2,1003.5,1003.5,1003.1,15,22.9,21.5,23.0,22.8,21.5,21.3,92,91,92,253,0.0,0.0,N,PA,CASTANHAL,A202,-1.300875,-47.947967,47.13
1956,2019-11-23,00:00,0.0,1006.2,1006.2,1005.3,-9999,23.0,21.8,23.5,23.0,22.2,21.8,93,92,93,120,0.0,0.0,N,PA,CASTANHAL,A202,-1.300875,-47.947967,47.13
1957,2019-11-23,04:00,0.0,1005.4,1006.2,1005.4,-9999,23.2,21.6,23.9,23.2,21.9,21.6,91,89,91,315,0.0,0.0,N,PA,CASTANHAL,A202,-1.300875,-47.947967,47.13
1958,2019-11-23,08:00,0.0,1004.5,1004.5,1004.4,-9999,22.2,21.1,22.3,22.2,21.2,21.1,94,93,94,272,0.0,0.0,N,PA,CASTANHAL,A202,-1.300875,-47.947967,47.13
1959,2019-11-23,12:00,0.0,1007.9,1007.9,1007.2,1763,27.9,23.5,27.9,25.7,24.0,22.7,89,75,77,59,0.0,0.0,N,PA,CASTANHAL,A202,-1.300875,-47.947967,47.13
1960,2019-11-23,16:00,0.0,1005.9,1007.1,1005.9,2811,32.3,20.8,32.5,30.8,22.0,20.3,58,49,51,76,5.4,0.0,N,PA,CASTANHAL,A202,-1.300875,-47.947967,47.13
1961,2019-11-23,20:00,0.0,1003.1,1003.3,1003.0,380,31.8,20.8,32.6,31.8,20.8,19.7,52,47,52,351,4.0,0.0,N,PA,CASTANHAL,A202,-1.300875,-47.947967,47.13
1962,2019-11-24,00:00,0.0,1005.9,1005.9,1005.1,-9999,26.3,22.8,26.7,26.3,23.5,22.8,83,80,81,21,2.4,0.0,N,PA,CASTANHAL,A202,-1.300875,-47.947967,47.13
1963,2019-11-24,04:00,0.0,1005.6,1005.9,1005.6,-9999,25.0,23.0,25.2,25.0,23.1,22.9,89,88,89,58,0.0,0.0,N,PA,CASTANHAL,A202,-1.300875,-47.947967,47.13
1964,2019-11-24,08:00,0.0,1004.2,1004.3,1004.1,-9999,23.4,22.0,24.4,23.4,22.8,22.0,92,91,92,166,0.0,0.0,N,PA,CASTANHAL,A202,-1.300875,-47.947967,47.13
1965,2019-11-24,12:00,0.0,1006.7,1006.7,1006.1,1766,28.4,23.3,28.7,26.8,24.6,23.3,86,74,74,51,3.1,0.0,N,PA,CASTANHAL,A202,-1.300875,-47.947967,47.13
1966,2019-11-24,16:00,0.0,1004.6,1005.5,1004.6,3198,33.4,21.1,33.6,32.2,22.4,20.6,55,48,49,64,4.8,0.0,N,PA,CASTANHAL,A202,-1.300875,-47.947967,47.13
1967,2019-11-24,20:00,0.0,1002.9,1002.9,1002.2,726,28.9,22.1,32.5,28.9,23.4,21.4,67,53,67,9,8.6,0.0,N,PA,CASTANHAL,A202,-1.300875,-47.947967,47.13
1968,2019-11-25,00:00,0.0,1005.2,1005.2,1004.3,-9999,26.4,22.8,26.9,26.4,22.8,22.5,81,77,81,32,0.0,0.0,N,PA,CASTANHAL,A202,-1.300875,-47.947967,47.13
1969,2019-11-25,04:00,0.0,1004.5,1004.8,1004.4,-9999,25.0,23.2,25.3,25.0,23.3,23.2,90,89,90,28,0.0,0.0,N,PA,CASTANHAL,A202,-1.300875,-47.947967,47.13
1970,2019-11-25,08:00,0.0,1004.2,1004.2,1003.8,-9999,23.4,22.1,23.8,23.4,22.5,22.1,93,92,92,145,0.0,0.0,N,PA,CASTANHAL,A202,-1.300875,-47.947967,47.13
1971,2019-11-25,12:00,0.0,1006.7,1006.7,1006.2,1715,28.5,23.2,28.7,26.8,24.3,23.2,85,73,73,54,7.2,0.2,N,PA,CASTANHAL,A202,-1.300875,-47.947967,47.13
1972,2019-11-25,16:00,-9999.0,-9999.0,-9999.0,-9999.0,-9999,-9999.0,-9999.0,-9999.0,-9999.0,-9999.0,-9999.0,-9999,-9999,-9999,-9999,-9999.0,-9999.0,N,PA,CASTANHAL,A202,-1.300875,-47.947967,47.13
1973,2019-11-25,20:00,0.0,1001.5,1001.8,1001.5,438,31.4,22.8,32.0,31.4,22.8,22.0,60,57,60,352,0.4,0.0,N,PA,CASTANHAL,A202,-1.300875,-47.947967,47.13
1974,2019-11-26,00:00,0.0,1004.9,1004.9,1004.2,-9999,26.8,22.7,27.4,26.8,22.7,22.2,79,73,79,38,3.2,0.0,N,PA,CASTANHAL,A202,-1.300875,-47.947967,47.13
1975,2019-11-26,04:00,0.0,1004.1,1005.0,1004.1,-9999,25.0,22.8,25.6,25.0,22.9,22.8,88,85,88,23,2.4,0.0,N,PA,CASTANHAL,A202,-1.300875,-47.947967,47.13
1976,2019-11-26,08:00,0.0,1003.6,1003.6,1003.0,-9999,24.7,22.9,24.7,24.6,23.0,22.8,90,90,90,73,0.0,0.0,N,PA,CASTANHAL,A202,-1.300875,-47.947967,47.13
1977,2019-11-26,12:00,0.0,1005.3,1005.4,1005.1,1708,29.0,23.3,29.0,26.9,24.0,23.2,83,72,72,52,8.2,0.1,N,PA,CASTANHAL,A202,-1.300875,-47.947967,47.13
1978,2019-11-26,16:00,0.0,1004.8,1005.4,1004.8,3351,32.4,21.0,33.3,31.7,23.1,20.5,58,48,51,35,9.4,0.0,N,PA,CASTANHAL,A202,-1.300875,-47.947967,47.13
1979,2019-11-26,20:00,0.0,1002.2,1002.6,1002.2,750,31.2,20.3,32.4,31.2,20.5,19.9,52,48,52,35,10.2,4.3,N,PA,CASTANHAL,A202,-1.300875,-47.947967,47.13
1980,2019-11-27,00:00,0.0,1004.2,1004.2,1003.7,-9999,27.0,22.6,27.7,27.0,22.6,22.0,77,71,77,50,3.2,0.0,N,PA,CASTANHAL,A202,-1.300875,-47.947967,47.13
1981,2019-11-27,04:00,0.0,1004.1,1004.7,1004.1,-9999,25.1,23.0,25.5,25.1,23.0,22.9,88,86,88,78,0.0,0.0,N,PA,CASTANHAL,A202,-1.300875,-47.947967,47.13
1982,2019-11-27,08:00,0.0,1003.6,1003.7,1003.2,-9999,24.3,22.7,24.5,24.3,22.9,22.7,91,91,91,78,0.0,0.0,N,PA,CASTANHAL,A202,-1.300875,-47.947967,47.13
1983,2019-11-27,12:00,0.0,1005.9,1005.9,1005.1,1647,28.8,23.5,28.8,26.8,23.9,23.1,83,73,73,65,8.2,0.0,N,PA,CASTANHAL,A202,-1.300875,-47.947967,47.13
1984,2019-11-27,16:00,0.0,1004.1,1005.0,1004.1,2039,33.0,21.8,33.4,31.8,22.1,20.3,55,47,52,67,9.5,0.1,N,PA,CASTANHAL,A202,-1.300875,-47.947967,47.13
1985,2019-11-27,20:00,0.0,1002.0,1002.1,1001.9,989,32.5,20.8,33.2,32.2,21.7,20.7,52,49,50,38,7.7,1.0,N,PA,CASTANHAL,A202,-1.300875,-47.947967,47.13
1986,2019-11-28,00:00,0.0,1004.3,1004.3,1003.5,-9999,27.1,21.9,27.9,27.1,21.9,21.7,73,69,73,37,6.5,0.0,N,PA,CASTANHAL,A202,-1.300875,-47.947967,47.13
1987,2019-11-28,04:00,0.0,1004.1,1004.5,1004.1,-9999,25.3,22.6,25.6,25.3,22.6,22.5,85,83,85,11,0.0,0.0,N,PA,CASTANHAL,A202,-1.300875,-47.947967,47.13
1988,2019-11-28,08:00,0.0,1003.6,1003.7,1003.5,-9999,24.6,22.5,24.7,24.6,22.6,22.5,88,88,88,46,0.0,0.0,N,PA,CASTANHAL,A202,-1.300875,-47.947967,47.13
1989,2019-11-28,12:00,0.0,1005.7,1005.7,1005.1,1693,28.9,22.6,29.0,27.2,23.6,22.6,79,69,69,72,8.4,0.7,N,PA,CASTANHAL,A202,-1.300875,-47.947967,47.13
1990,2019-11-28,16:00,0.0,1004.5,1005.2,1004.5,1975,32.0,20.9,33.0,31.9,22.1,20.8,54,50,52,79,6.9,0.5,N,PA,CASTANHAL,A202,-1.300875,-47.947967,47.13
1991,2019-11-28,20:00,0.0,1002.2,1002.3,1002.2,353,31.2,21.8,31.7,31.2,21.8,21.3,58,54,57,23,3.2,0.1,N,PA,CASTANHAL,A202,-1.300875,-47.947967,47.13
1992,2019-11-29,00:00,0.0,1004.3,1004.3,1003.8,-9999,26.8,22.1,27.8,26.8,22.1,21.7,75,70,75,31,0.0,0.0,N,PA,CASTANHAL,A202,-1.300875,-47.947967,47.13
1993,2019-11-30,16:00,0.0,1004.9,1005.8,1004.9,2070,32.0,21.5,32.7,31.1,22.3,21.0,58,52,54,35,6.0,0.0,N,PA,CASTANHAL,A202,-1.300875,-47.947967,47.13
1994,2019-11-30,20:00,0.0,1003.1,1003.1,1002.9,888,31.7,20.8,32.7,31.7,21.5,20.6,53,50,53,29,8.9,3.2,N,PA,CASTANHAL,A202,-1.300875,-47.947967,47.13
1995,2019-12-01,00:00,0.0,1005.5,1005.5,1005.0,-9999,26.7,22.5,27.6,26.7,22.5,22.0,78,71,78,16,0.3,0.0,N,PA,CASTANHAL,A202,-1.300875,-47.947967,47.13
1996,2019-12-01,04:00,0.0,1005.3,1005.5,1005.3,-9999,25.2,23.0,25.4,25.2,23.1,23.0,88,87,88,27,0.0,0.0,N,PA,CASTANHAL,A202,-1.300875,-47.947967,47.13
1997,2019-12-01,08:00,0.0,1005.3,1005.4,1005.2,-9999,24.5,22.7,24.5,24.4,22.8,22.6,90,90,90,30,0.0,0.0,N,PA,CASTANHAL,A202,-1.300875,-47.947967,47.13
1998,2019-12-01,12:00,0.0,1008.1,1008.1,1007.4,1794,29.3,23.2,29.4,27.2,23.8,23.2,80,70,70,49,8.8,3.8,N,PA,CASTANHAL,A202,-1.300875,-47.947967,47.13
1999,2019-12-01,16:00,0.0,1006.8,1007.3,1006.8,2644,33.7,21.5,33.7,31.9,22.1,20.7,54,48,49,41,9.2,0.1,N,PA,CASTANHAL,A202,-1.300875,-47.947967,47.13
2000,2019-12-01,20:00,0.0,1005.5,1005.5,1005.1,735,30.7,21.4,32.9,30.7,21.4,20.3,58,48,58,29,9.5,3.4,N,PA,CASTANHAL,A202,-1.300875,-47.947967,47.13
2001,2019-12-02,00:00,0.0,1007.3,1007.3,1006.4,-9999,26.6,22.5,27.4,26.6,22.5,22.2,79,73,79,32,6.1,0.0,N,PA,CASTANHAL,A202,-1.300875,-47.947967,47.13
2002,2019-12-02,04:00,0.0,1005.7,1006.5,1005.7,-9999,24.8,22.8,25.1,24.8,22.8,22.7,88,87,88,35,0.0,0.0,N,PA,CASTANHAL,A202,-1.300875,-47.947967,47.13
2003,2019-12-02,08:00,0.0,1004.9,1004.9,1004.5,-9999,24.0,22.4,24.2,23.9,22.5,22.3,91,90,91,41,0.0,0.0,N,PA,CASTANHAL,A202,-1.300875,-47.947967,47.13
2004,2019-12-02,12:00,0.0,1006.9,1006.9,1006.6,1748,28.5,23.2,29.0,26.7,23.8,22.9,81,71,73,57,8.2,0.7,N,PA,CASTANHAL,A202,-1.300875,-47.947967,47.13
2005,2019-12-02,16:00,0.0,1005.3,1006.1,1005.3,3065,34.8,19.8,35.2,32.9,21.2,19.6,50,41,42,78,8.1,0.4,N,PA,CASTANHAL,A202,-1.300875,-47.947967,47.13
2006,2019-12-02,20:00,0.0,1003.5,1003.6,1003.4,1185,32.8,20.7,33.7,32.8,21.1,19.8,49,45,49,31,7.4,0.2,N,PA,CASTANHAL,A202,-1.300875,-47.947967,47.13
2007,2019-12-03,00:00,0.0,1005.0,1005.1,1004.7,-9999,27.1,22.3,28.1,27.1,22.3,21.9,75,69,75,31,8.2,0.2,N,PA,CASTANHAL,A202,-1.300875,-47.947967,47.13
2008,2019-12-03,04:00,0.0,1004.3,1005.0,1004.3,-9999,25.2,23.1,25.6,25.2,23.2,23.0,88,86,88,29,0.0,0.0,N,PA,CASTANHAL,A202,-1.300875,-47.947967,47.13
2009,2019-12-03,08:00,0.0,1003.7,1003.7,1003.2,-9999,24.4,22.7,24.6,24.3,22.9,22.6,91,90,90,30,0.0,0.0,N,PA,CASTANHAL,A202,-1.300875,-47.947967,47.13
2010,2019-12-03,12:00,0.0,1006.4,1006.5,1005.7,1572,28.7,23.0,28.9,27.0,24.0,22.8,81,71,71,26,7.3,0.4,N,PA,CASTANHAL,A202,-1.300875,-47.947967,47.13
2011,2019-12-03,16:00,0.0,1005.0,1005.9,1005.0,2487,32.4,22.1,32.9,31.7,22.6,21.3,57,51,55,359,8.1,2.7,N,PA,CASTANHAL,A202,-1.300875,-47.947967,47.13
2012,2019-12-03,20:00,18.2,1003.4,1003.6,1002.8,113,25.5,24.0,25.7,25.2,24.0,22.7,91,84,91,290,4.9,0.0,N,PA,CASTANHAL,A202,-1.300875,-47.947967,47.13
2013,2019-12-04,00:00,0.0,1005.1,1005.1,1004.3,-9999,25.4,23.9,25.4,25.3,23.9,23.7,91,91,91,360,0.0,0.0,N,PA,CASTANHAL,A202,-1.300875,-47.947967,47.13
2014,2019-12-04,04:00,0.0,1005.1,1005.5,1005.1,-9999,25.0,23.5,25.2,25.0,23.6,23.5,91,91,91,16,0.0,0.0,N,PA,CASTANHAL,A202,-1.300875,-47.947967,47.13
2015,2019-12-04,08:00,0.0,1004.6,1004.6,1004.4,-9999,24.8,23.4,24.9,24.5,23.6,23.2,93,92,92,360,0.0,0.0,N,PA,CASTANHAL,A202,-1.300875,-47.947967,47.13
2016,2019-12-04,12:00,0.0,1006.9,1006.9,1006.5,1669,28.0,23.7,28.1,25.5,24.9,23.4,92,77,77,30,6.8,0.1,N,PA,CASTANHAL,A202,-1.300875,-47.947967,47.13
2017,2019-12-04,16:00,0.0,1005.3,1006.0,1005.3,1891,31.4,21.0,32.5,31.1,22.7,21.0,59,53,54,67,4.0,0.0,N,PA,CASTANHAL,A202,-1.300875,-47.947967,47.13
2018,2019-12-04,20:00,1.2,1004.1,1004.1,1003.2,111,27.3,24.6,28.9,27.3,24.6,23.4,85,73,85,94,0.0,0.0,N,PA,CASTANHAL,A202,-1.300875,-47.947967,47.13
2019,2019-12-05,00:00,0.0,1006.9,1006.9,1005.9,-9999,25.8,23.0,26.0,25.8,23.3,23.0,85,84,84,33,0.0,0.0,N,PA,CASTANHAL,A202,-1.300875,-47.947967,47.13
2020,2019-12-05,04:00,0.0,1006.1,1006.4,1006.1,-9999,24.9,22.8,25.1,24.9,22.9,22.7,88,88,88,47,0.0,0.0,N,PA,CASTANHAL,A202,-1.300875,-47.947967,47.13
2021,2019-12-05,08:00,0.0,1005.2,1005.2,1004.9,-9999,24.4,22.7,24.5,24.4,22.9,22.7,90,90,90,18,0.0,0.0,N,PA,CASTANHAL,A202,-1.300875,-47.947967,47.13
2022,2019-12-05,12:00,0.2,1007.3,1007.3,1006.7,1744,28.8,23.5,28.8,26.6,23.9,22.9,83,72,73,63,5.3,0.0,N,PA,CASTANHAL,A202,-1.300875,-47.947967,47.13
2023,2019-12-05,16:00,0.0,1006.2,1006.8,1006.1,1790,30.7,21.7,31.5,30.0,22.5,21.5,62,57,59,59,6.6,0.0,N,PA,CASTANHAL,A202,-1.300875,-47.947967,47.13
2024,2019-12-05,20:00,0.0,1004.4,1004.4,1004.3,1190,30.1,20.9,31.0,30.0,21.5,20.7,59,56,58,22,8.1,0.7,N,PA,CASTANHAL,A202,-1.300875,-47.947967,47.13
2025,2019-12-06,00:00,0.0,1006.6,1006.6,1005.9,-9999,26.1,21.6,26.8,26.1,21.6,21.1,76,71,76,37,2.9,0.0,N,PA,CASTANHAL,A202,-1.300875,-47.947967,47.13
2026,2019-12-06,04:00,0.0,1005.8,1006.2,1005.8,-9999,24.9,22.3,25.1,24.9,22.4,22.3,86,85,86,31,1.8,0.0,N,PA,CASTANHAL,A202,-1.300875,-47.947967,47.13
2027,2019-12-06,08:00,0.0,1005.4,1005.4,1005.0,-9999,25.0,22.5,25.0,25.0,22.5,22.4,86,86,86,51,0.0,0.0,N,PA,CASTANHAL,A202,-1.300875,-47.947967,47.13
2028,2019-12-06,12:00,-9999.0,-9999.0,-9999.0,-9999.0,-9999,-9999.0,-9999.0,-9999.0,-9999.0,-9999.0,-9999.0,-9999,-9999,-9999,-9999,-9999.0,-9999.0,N,PA,CASTANHAL,A202,-1.300875,-47.947967,47.13
2029,2019-12-06,16:00,0.0,1006.0,1006.7,1006.0,2657,32.1,21.2,33.3,32.0,22.1,20.6,54,49,53,32,8.7,1.5,N,PA,CASTANHAL,A202,-1.300875,-47.947967,47.13
2030,2019-12-06,20:00,0.0,1003.3,1003.5,1003.2,865,31.6,20.4,32.5,31.3,21.4,20.3,54,49,51,41,10.4,1.4,N,PA,CASTANHAL,A202,-1.300875,-47.947967,47.13
2031,2019-12-07,00:00,0.0,1006.0,1006.0,1005.3,-9999,26.5,22.3,27.5,26.5,22.4,21.8,78,71,78,30,0.0,0.0,N,PA,CASTANHAL,A202,-1.300875,-47.947967,47.13
2032,2019-12-07,04:00,0.0,1004.9,1005.3,1004.9,-9999,24.9,22.7,25.0,24.9,22.8,22.7,88,87,88,41,0.0,0.0,N,PA,CASTANHAL,A202,-1.300875,-47.947967,47.13
2033,2019-12-07,08:00,0.0,1004.4,1004.4,1003.7,-9999,24.3,22.5,24.5,24.3,22.7,22.5,90,89,90,46,0.0,0.0,N,PA,CASTANHAL,A202,-1.300875,-47.947967,47.13
2034,2019-12-07,12:00,0.0,1006.6,1006.6,1006.1,1742,28.3,23.0,28.3,26.5,23.5,22.8,82,73,73,48,6.6,0.0,N,PA,CASTANHAL,A202,-1.300875,-47.947967,47.13
2035,2019-12-07,16:00,0.0,1005.2,1005.9,1005.2,2245,32.3,20.5,32.7,31.9,21.4,19.8,53,47,50,43,6.3,0.0,N,PA,CASTANHAL,A202,-1.300875,-47.947967,47.13
2036,2019-12-07,20:00,0.0,1003.0,1003.2,1002.9,323,29.3,22.6,30.9,29.3,22.7,21.6,67,58,67,294,4.7,0.0,N,PA,CASTANHAL,A202,-1.300875,-47.947967,47.13
2037,2019-12-08,00:00,0.0,1005.3,1005.3,1004.9,-9999,26.4,22.3,27.0,26.4,22.3,22.0,78,74,78,13,3.5,0.0,N,PA,CASTANHAL,A202,-1.300875,-47.947967,47.13
2038,2019-12-08,04:00,0.0,1005.1,1005.4,1005.1,-9999,25.0,22.8,25.1,24.9,22.9,22.7,88,87,88,45,0.0,0.0,N,PA,CASTANHAL,A202,-1.300875,-47.947967,47.13
2039,2019-12-08,08:00,0.0,1004.1,1004.1,1003.8,-9999,24.2,22.5,24.4,24.2,22.7,22.5,90,90,90,35,0.0,0.0,N,PA,CASTANHAL,A202,-1.300875,-47.947967,47.13
2040,2019-12-08,12:00,0.0,1006.5,1006.5,1006.0,1583,28.4,23.3,28.4,26.5,23.8,22.8,83,73,74,39,5.9,0.0,N,PA,CASTANHAL,A202,-1.300875,-47.947967,47.13
2041,2019-12-08,16:00,0.0,1004.6,1005.4,1004.6,1795,31.5,21.2,32.1,31.1,22.2,20.7,58,52,55,25,6.0,0.2,N,PA,CASTANHAL,A202,-1.300875,-47.947967,47.13
2042,2019-12-08,20:00,0.0,1002.9,1003.0,1002.5,1103,30.8,21.8,32.5,30.8,22.1,20.9,59,52,59,12,8.0,0.2,N,PA,CASTANHAL,A202,-1.300875,-47.947967,47.13
2043,2019-12-09,00:00,0.0,1005.9,1005.9,1005.2,-9999,25.8,22.6,25.8,25.6,23.4,22.5,88,82,82,24,0.0,0.0,N,PA,CASTANHAL,A202,-1.300875,-47.947967,47.13
2044,2019-12-09,04:00,0.0,1005.4,1006.1,1005.4,-9999,25.1,22.7,25.3,25.1,22.7,22.7,87,85,87,33,0.0,0.0,N,PA,CASTANHAL,A202,-1.300875,-47.947967,47.13
2045,2019-12-09,08:00,0.0,1004.4,1004.4,1004.2,-9999,24.4,22.6,24.7,24.4,22.7,22.5,90,89,90,46,0.0,0.0,N,PA,CASTANHAL,A202,-1.300875,-47.947967,47.13
2046,2019-12-09,12:00,0.0,1006.6,1006.6,1006.1,1476,27.8,23.6,28.3,26.6,24.4,23.3,84,77,78,27,7.8,0.6,N,PA,CASTANHAL,A202,-1.300875,-47.947967,47.13
2047,2019-12-09,16:00,0.0,1005.6,1006.3,1005.6,2988,32.1,22.9,32.5,30.4,23.3,21.8,61,55,58,26,10.1,2.0,N,PA,CASTANHAL,A202,-1.300875,-47.947967,47.13
2048,2019-12-09,20:00,0.0,1002.9,1003.0,1002.5,337,29.8,21.6,31.0,29.7,22.2,21.4,62,58,61,31,10.0,1.0,N,PA,CASTANHAL,A202,-1.300875,-47.947967,47.13
2049,2019-12-10,00:00,0.0,1005.6,1005.6,1004.9,-9999,26.8,22.3,27.3,26.7,22.3,21.9,77,72,77,39,3.0,0.0,N,PA,CASTANHAL,A202,-1.300875,-47.947967,47.13
2050,2019-12-10,04:00,0.0,1005.5,1005.9,1005.5,-9999,25.4,22.9,25.7,25.3,22.9,22.7,86,84,86,53,0.0,0.0,N,PA,CASTANHAL,A202,-1.300875,-47.947967,47.13
2051,2019-12-10,08:00,0.0,1004.4,1004.4,1004.2,-9999,24.5,22.7,24.6,24.4,22.7,22.5,90,89,90,85,0.0,0.0,N,PA,CASTANHAL,A202,-1.300875,-47.947967,47.13
2052,2019-12-10,12:00,0.0,1006.6,1006.7,1006.2,1635,28.4,23.2,28.8,26.5,24.1,23.2,84,74,74,48,7.4,0.1,N,PA,CASTANHAL,A202,-1.300875,-47.947967,47.13
2053,2019-12-10,16:00,0.8,1005.0,1005.8,1005.0,1743,28.7,23.8,32.3,28.5,23.9,21.8,75,57,75,75,11.4,0.0,N,PA,CASTANHAL,A202,-1.300875,-47.947967,47.13
2054,2019-12-10,20:00,0.2,1003.6,1003.6,1002.9,180,26.6,23.4,26.9,26.6,24.6,23.3,87,82,83,67,6.1,0.0,N,PA,CASTANHAL,A202,-1.300875,-47.947967,47.13
2055,2019-12-11,00:00,0.0,1005.6,1005.6,1004.5,-9999,26.1,23.6,26.1,26.0,23.7,23.6,87,86,86,40,0.0,0.0,N,PA,CASTANHAL,A202,-1.300875,-47.947967,47.13
2056,2019-12-11,04:00,0.0,1005.1,1005.2,1005.0,-9999,25.4,23.6,25.5,25.4,23.7,23.6,90,90,90,287,0.0,0.0,N,PA,CASTANHAL,A202,-1.300875,-47.947967,47.13
2057,2019-12-11,08:00,0.0,1003.6,1003.7,1003.5,-9999,24.4,23.0,24.8,24.3,23.3,23.0,92,91,92,75,0.0,0.0,N,PA,CASTANHAL,A202,-1.300875,-47.947967,47.13
2058,2019-12-11,12:00,0.0,1006.4,1006.4,1005.7,1137,27.9,23.9,28.1,26.2,24.8,23.9,91,79,79,57,0.8,0.0,N,PA,CASTANHAL,A202,-1.300875,-47.947967,47.13
2059,2019-12-11,16:00,0.0,1004.7,1005.6,1004.7,2002,30.0,22.4,32.2,30.0,23.4,21.7,64,57,64,3,6.3,0.0,N,PA,CASTANHAL,A202,-1.300875,-47.947967,47.13
2060,2019-12-11,20:00,3.0,1002.8,1002.9,1002.6,36,22.8,21.1,23.3,22.8,21.6,21.0,91,89,90,316,2.8,0.0,N,PA,CASTANHAL,A202,-1.300875,-47.947967,47.13
2061,2019-12-12,00:00,0.0,1004.3,1004.3,1003.9,-9999,24.7,22.9,24.9,24.6,22.9,22.8,90,89,90,352,0.0,0.0,N,PA,CASTANHAL,A202,-1.300875,-47.947967,47.13
2062,2019-12-12,04:00,0.0,1003.2,1003.7,1003.2,-9999,24.1,22.8,24.4,24.1,23.0,22.8,92,92,92,13,0.0,0.0,N,PA,CASTANHAL,A202,-1.300875,-47.947967,47.13
2063,2019-12-12,08:00,0.0,1002.8,1002.9,1002.7,-9999,23.0,21.9,23.3,23.0,22.3,21.9,94,93,94,65,0.0,0.0,N,PA,CASTANHAL,A202,-1.300875,-47.947967,47.13
2064,2019-12-12,12:00,0.0,1005.0,1005.0,1004.5,1646,28.0,23.9,28.1,25.3,24.5,23.8,92,78,78,62,0.0,0.0,N,PA,CASTANHAL,A202,-1.300875,-47.947967,47.13
2065,2019-12-12,16:00,0.0,1003.4,1004.4,1003.4,2793,32.1,23.1,32.3,30.9,23.3,21.5,62,55,59,353,6.3,0.0,N,PA,CASTANHAL,A202,-1.300875,-47.947967,47.13
2066,2019-12-12,20:00,0.0,1001.5,1001.5,1000.6,243,27.7,24.3,30.2,27.7,24.4,23.2,81,66,81,213,1.5,0.0,N,PA,CASTANHAL,A202,-1.300875,-47.947967,47.13
2067,2019-12-13,00:00,0.0,1005.3,1005.3,1003.6,-9999,24.8,22.9,25.1,24.8,23.2,22.9,89,89,89,147,5.7,0.0,N,PA,CASTANHAL,A202,-1.300875,-47.947967,47.13
2068,2019-12-13,04:00,0.0,1004.2,1004.6,1004.2,-9999,22.3,20.7,22.6,22.3,20.9,20.7,91,90,91,266,0.0,0.0,N,PA,CASTANHAL,A202,-1.300875,-47.947967,47.13
2069,2019-12-13,08:00,0.0,1003.0,1003.0,1002.9,-9999,22.3,21.0,22.6,22.2,21.2,20.9,93,92,93,278,0.0,0.0,N,PA,CASTANHAL,A202,-1.300875,-47.947967,47.13
2070,2019-12-13,12:00,0.0,1005.7,1005.7,1005.3,1619,28.2,23.5,28.4,26.5,24.1,23.3,86,75,75,56,4.7,0.0,N,PA,CASTANHAL,A202,-1.300875,-47.947967,47.13
2071,2019-12-13,16:00,0.0,1003.8,1004.8,1003.8,2330,32.9,22.7,33.0,31.2,23.2,21.3,60,52,55,42,7.6,0.0,N,PA,CASTANHAL,A202,-1.300875,-47.947967,47.13
2072,2019-12-13,20:00,0.0,1000.7,1001.0,1000.7,310,30.7,21.9,30.7,29.5,24.3,21.9,74,59,59,25,4.2,0.1,N,PA,CASTANHAL,A202,-1.300875,-47.947967,47.13
2073,2019-12-14,00:00,0.0,1003.6,1003.6,1003.3,-9999,26.7,23.5,27.3,26.7,23.5,23.3,83,79,83,21,0.0,0.0,N,PA,CASTANHAL,A202,-1.300875,-47.947967,47.13
2074,2019-12-14,04:00,0.0,1003.8,1004.1,1003.8,-9999,25.3,23.4,25.7,25.3,23.5,23.4,89,87,89,336,0.0,0.0,N,PA,CASTANHAL,A202,-1.300875,-47.947967,47.13
2075,2019-12-14,08:00,0.0,1004.1,1004.1,1003.7,-9999,23.8,22.6,24.0,23.8,22.7,22.6,93,92,93,150,0.0,0.0,N,PA,CASTANHAL,A202,-1.300875,-47.947967,47.13
2076,2019-11-29,04:00,0.0,1003.8,1004.2,1003.8,-9999,25.3,22.6,25.5,25.3,22.7,22.5,85,85,85,46,0.0,0.0,N,PA,CASTANHAL,A202,-1.300875,-47.947967,47.13
2077,2019-11-29,08:00,0.0,1003.8,1003.8,1003.4,-9999,24.4,22.5,24.6,24.4,22.7,22.5,89,89,89,83,0.0,0.0,N,PA,CASTANHAL,A202,-1.300875,-47.947967,47.13
2078,2019-11-29,12:00,0.0,1005.8,1005.8,1005.3,1719,28.7,22.9,28.8,27.2,23.8,22.6,81,70,71,54,7.7,0.3,N,PA,CASTANHAL,A202,-1.300875,-47.947967,47.13
2079,2019-11-29,16:00,0.0,1003.9,1004.9,1003.9,2334,32.9,21.2,32.9,31.9,23.0,21.2,59,50,50,79,5.1,0.0,N,PA,CASTANHAL,A202,-1.300875,-47.947967,47.13
2080,2019-11-29,20:00,0.0,1001.9,1001.9,1001.7,426,31.9,21.9,33.5,31.9,22.1,20.9,56,48,56,27,3.7,0.0,N,PA,CASTANHAL,A202,-1.300875,-47.947967,47.13
2081,2019-11-30,00:00,0.0,1004.6,1004.6,1003.9,-9999,27.2,22.5,27.9,27.2,22.5,22.4,76,72,76,33,3.6,0.0,N,PA,CASTANHAL,A202,-1.300875,-47.947967,47.13
2082,2019-11-30,04:00,0.0,1004.2,1004.8,1004.2,-9999,25.5,22.8,25.8,25.5,23.0,22.8,85,84,85,66,0.0,0.0,N,PA,CASTANHAL,A202,-1.300875,-47.947967,47.13
2083,2019-11-30,08:00,0.0,1004.4,1004.4,1003.9,-9999,24.6,22.8,24.6,24.5,22.9,22.7,90,90,90,59,0.0,0.0,N,PA,CASTANHAL,A202,-1.300875,-47.947967,47.13
2084,2019-11-30,12:00,0.0,1006.7,1006.7,1006.1,1637,28.5,22.8,28.9,27.0,23.7,22.8,79,71,71,64,7.2,0.3,N,PA,CASTANHAL,A202,-1.300875,-47.947967,47.13
2085,2019-12-14,12:00,0.0,1006.4,1006.5,1005.8,1323,28.0,23.8,28.2,26.3,25.2,23.7,90,78,78,30,0.0,0.0,N,PA,CASTANHAL,A202,-1.300875,-47.947967,47.13
2086,2019-12-14,16:00,0.0,1005.1,1006.0,1005.1,2204,32.1,23.4,32.1,30.5,24.2,22.4,68,58,60,102,4.5,0.0,N,PA,CASTANHAL,A202,-1.300875,-47.947967,47.13
2087,2019-12-14,20:00,3.0,1003.8,1004.1,1002.1,45,25.0,23.3,25.5,24.9,23.5,22.9,91,88,90,322,8.3,0.0,N,PA,CASTANHAL,A202,-1.300875,-47.947967,47.13
2088,2019-12-15,00:00,0.2,1005.0,1005.1,1004.9,-9999,24.6,23.2,24.6,24.3,23.2,22.7,92,91,92,350,0.0,0.0,N,PA,CASTANHAL,A202,-1.300875,-47.947967,47.13
2089,2019-12-15,04:00,0.0,1005.2,1005.3,1004.8,-9999,24.7,23.3,25.4,24.7,23.9,23.3,92,91,92,270,0.0,0.0,N,PA,CASTANHAL,A202,-1.300875,-47.947967,47.13
2090,2019-12-15,08:00,0.0,1004.2,1004.3,1004.1,-9999,24.5,23.3,24.6,24.5,23.4,23.3,93,93,93,105,0.0,0.0,N,PA,CASTANHAL,A202,-1.300875,-47.947967,47.13
2091,2019-12-15,12:00,0.0,1005.7,1005.7,1005.4,1142,27.7,24.8,27.8,25.9,25.2,24.6,93,84,84,34,0.0,0.0,N,PA,CASTANHAL,A202,-1.300875,-47.947967,47.13
2092,2019-12-15,16:00,0.0,1004.3,1005.1,1004.3,2502,32.7,24.0,32.7,31.0,24.7,22.7,68,58,60,40,2.6,0.0,N,PA,CASTANHAL,A202,-1.300875,-47.947967,47.13
2093,2019-12-15,20:00,27.6,1003.9,1004.0,1002.2,36,24.0,22.4,29.2,24.0,24.6,22.3,91,76,91,53,12.7,0.7,N,PA,CASTANHAL,A202,-1.300875,-47.947967,47.13
2094,2019-12-16,00:00,0.0,1006.0,1006.0,1005.3,-9999,24.6,23.4,24.9,24.5,23.8,23.4,94,93,94,332,0.0,0.0,N,PA,CASTANHAL,A202,-1.300875,-47.947967,47.13
2095,2019-12-16,04:00,0.0,1006.0,1006.3,1006.0,-9999,24.7,23.5,25.1,24.7,23.8,23.5,93,92,93,263,0.0,0.0,N,PA,CASTANHAL,A202,-1.300875,-47.947967,47.13
2096,2019-12-16,08:00,0.0,1004.1,1004.3,1004.1,-9999,23.9,22.8,24.1,23.8,23.0,22.7,94,93,94,331,0.0,0.0,N,PA,CASTANHAL,A202,-1.300875,-47.947967,47.13
2097,2019-12-16,12:00,0.0,1006.4,1006.4,1005.7,1527,27.9,24.1,28.0,26.2,24.7,24.0,90,79,80,31,5.1,0.0,N,PA,CASTANHAL,A202,-1.300875,-47.947967,47.13
2098,2019-12-16,16:00,0.0,1004.6,1005.6,1004.6,1440,30.5,23.7,30.6,30.1,24.0,22.9,69,64,67,349,2.6,0.0,N,PA,CASTANHAL,A202,-1.300875,-47.947967,47.13
2099,2019-12-16,20:00,0.2,1003.0,1003.1,1002.7,56,24.6,23.2,24.6,23.2,23.2,21.8,93,92,92,330,1.6,0.0,N,PA,CASTANHAL,A202,-1.300875,-47.947967,47.13
2100,2019-12-17,00:00,0.0,1004.2,1004.6,1004.2,-9999,24.0,22.5,24.0,23.8,22.6,22.4,92,91,91,57,4.6,0.0,N,PA,CASTANHAL,A202,-1.300875,-47.947967,47.13
2101,2019-12-17,04:00,0.0,1003.8,1004.0,1003.8,-9999,24.1,22.7,24.2,24.1,22.8,22.7,92,92,92,16,1.4,0.0,N,PA,CASTANHAL,A202,-1.300875,-47.947967,47.13
2102,2019-12-17,08:00,0.0,1003.9,1003.9,1003.4,-9999,23.2,22.2,23.3,23.2,22.2,22.1,94,94,94,185,0.0,0.0,N,PA,CASTANHAL,A202,-1.300875,-47.947967,47.13
2103,2019-12-17,12:00,0.0,1005.9,1005.9,1005.4,1546,26.6,24.9,26.6,24.8,25.0,23.7,94,90,90,67,1.8,0.0,N,PA,CASTANHAL,A202,-1.300875,-47.947967,47.13
2104,2019-12-17,16:00,2.0,1004.5,1005.5,1004.5,2018,29.7,24.8,30.7,28.1,24.8,22.2,77,65,75,351,6.3,0.0,N,PA,CASTANHAL,A202,-1.300875,-47.947967,47.13
2105,2019-12-17,20:00,0.0,1002.7,1002.8,1002.4,280,25.0,23.0,25.0,24.7,23.1,22.8,90,89,89,30,3.3,0.0,N,PA,CASTANHAL,A202,-1.300875,-47.947967,47.13
2106,2019-12-18,00:00,0.0,1005.0,1005.0,1004.1,-9999,25.1,23.2,25.3,25.0,23.2,23.1,89,87,89,357,0.0,0.0,N,PA,CASTANHAL,A202,-1.300875,-47.947967,47.13
2107,2019-12-18,04:00,0.0,1004.8,1005.2,1004.8,-9999,24.8,23.1,25.1,24.8,23.2,23.1,90,89,90,21,0.0,0.0,N,PA,CASTANHAL,A202,-1.300875,-47.947967,47.13
2108,2019-12-18,08:00,0.0,1003.6,1003.8,1003.5,-9999,24.2,23.0,24.2,23.9,23.0,22.7,93,93,93,33,0.0,0.0,N,PA,CASTANHAL,A202,-1.300875,-47.947967,47.13
2109,2019-12-18,12:00,0.0,1005.9,1006.0,1005.3,1304,27.5,24.1,27.7,26.1,24.6,24.0,89,81,82,55,4.6,0.0,N,PA,CASTANHAL,A202,-1.300875,-47.947967,47.13
2110,2019-12-18,16:00,0.0,1005.1,1005.9,1005.1,1105,29.6,23.1,29.8,29.3,24.0,23.0,72,68,68,81,0.0,0.0,N,PA,CASTANHAL,A202,-1.300875,-47.947967,47.13
2111,2019-12-18,20:00,0.0,1002.9,1003.1,1002.9,1045,29.5,22.3,30.3,29.4,23.0,22.1,67,63,65,53,9.9,0.5,N,PA,CASTANHAL,A202,-1.300875,-47.947967,47.13
2112,2019-12-19,00:00,0.0,1005.3,1005.4,1005.0,-9999,26.1,22.6,26.8,26.1,22.7,22.4,81,77,81,36,0.3,0.0,N,PA,CASTANHAL,A202,-1.300875,-47.947967,47.13
2113,2019-12-19,04:00,0.0,1004.8,1005.5,1004.8,-9999,24.9,23.1,25.3,24.9,23.1,23.0,89,88,89,28,0.0,0.0,N,PA,CASTANHAL,A202,-1.300875,-47.947967,47.13
2114,2019-12-19,08:00,0.0,1003.3,1003.3,1003.2,-9999,24.1,22.8,24.2,24.1,22.9,22.7,93,92,93,25,0.0,0.0,N,PA,CASTANHAL,A202,-1.300875,-47.947967,47.13
2115,2019-12-19,12:00,0.0,1005.6,1005.6,1005.0,1642,28.6,24.1,28.6,26.3,24.2,23.4,87,77,77,53,7.2,0.0,N,PA,CASTANHAL,A202,-1.300875,-47.947967,47.13
2116,2019-12-19,16:00,0.0,1004.7,1005.5,1004.7,2532,31.8,21.3,33.1,30.9,23.1,21.0,62,51,54,47,8.8,2.2,N,PA,CASTANHAL,A202,-1.300875,-47.947967,47.13
2117,2019-12-19,20:00,0.0,1002.5,1002.8,1002.2,303,29.7,22.2,30.8,29.7,23.0,21.7,66,59,64,24,8.2,0.6,N,PA,CASTANHAL,A202,-1.300875,-47.947967,47.13
2118,2019-12-20,00:00,0.0,1005.9,1006.0,1004.7,-9999,27.2,22.2,27.6,27.2,22.2,21.9,74,71,74,62,3.8,0.0,N,PA,CASTANHAL,A202,-1.300875,-47.947967,47.13
2119,2019-12-20,04:00,0.0,1004.9,1005.4,1004.9,-9999,25.5,23.2,25.8,25.5,23.2,23.1,87,85,87,67,0.0,0.0,N,PA,CASTANHAL,A202,-1.300875,-47.947967,47.13
2120,2019-12-20,08:00,0.0,1003.4,1003.4,1003.1,-9999,24.5,23.0,24.5,24.0,23.0,22.6,92,91,91,50,0.0,0.0,N,PA,CASTANHAL,A202,-1.300875,-47.947967,47.13
2121,2019-12-20,12:00,0.0,1005.9,1006.0,1005.6,1489,28.4,23.8,28.5,26.8,24.3,23.6,84,76,76,74,8.8,0.1,N,PA,CASTANHAL,A202,-1.300875,-47.947967,47.13
2122,2019-12-20,16:00,0.6,1004.3,1005.3,1004.3,2197,31.5,23.0,32.3,30.6,24.2,21.9,68,56,61,65,9.6,0.1,N,PA,CASTANHAL,A202,-1.300875,-47.947967,47.13
2123,2019-12-20,20:00,0.0,1003.7,1003.7,1002.6,507,25.5,23.9,25.6,24.9,24.1,23.3,92,90,91,86,0.0,0.0,N,PA,CASTANHAL,A202,-1.300875,-47.947967,47.13
2124,2019-12-21,00:00,0.0,1005.6,1005.6,1004.3,-9999,24.8,22.6,25.3,24.8,22.7,22.5,88,85,88,322,0.0,0.0,N,PA,CASTANHAL,A202,-1.300875,-47.947967,47.13
2125,2019-12-21,04:00,0.0,1004.3,1004.6,1004.3,-9999,24.6,23.0,24.7,24.6,23.1,22.9,91,90,91,55,0.0,0.0,N,PA,CASTANHAL,A202,-1.300875,-47.947967,47.13
2126,2019-12-21,08:00,0.0,1002.8,1002.8,1002.2,-9999,23.7,22.6,23.9,23.6,22.7,22.4,93,93,93,73,0.0,0.0,N,PA,CASTANHAL,A202,-1.300875,-47.947967,47.13
2127,2019-12-21,12:00,0.0,1005.9,1005.9,1005.3,1579,28.1,24.0,28.4,26.2,24.8,24.0,91,79,79,47,0.0,0.0,N,PA,CASTANHAL,A202,-1.300875,-47.947967,47.13
2128,2019-12-21,16:00,1.8,1004.2,1005.2,1004.2,2164,28.1,23.2,32.6,28.1,24.4,22.1,75,58,75,59,11.7,2.1,N,PA,CASTANHAL,A202,-1.300875,-47.947967,47.13
2129,2019-12-21,20:00,2.8,1003.7,1003.7,1001.9,196,24.9,22.0,28.1,24.9,25.1,22.0,87,82,84,52,14.7,2.2,N,PA,CASTANHAL,A202,-1.300875,-47.947967,47.13
2130,2019-12-22,00:00,0.0,1004.7,1004.7,1004.3,-9999,23.5,22.3,23.6,23.3,22.4,22.0,93,92,93,291,0.0,0.0,N,PA,CASTANHAL,A202,-1.300875,-47.947967,47.13
2131,2019-12-22,04:00,0.2,1004.2,1004.5,1004.2,-9999,23.6,22.5,23.9,23.5,22.8,22.4,94,93,94,214,0.0,0.0,N,PA,CASTANHAL,A202,-1.300875,-47.947967,47.13
2132,2019-12-22,08:00,0.0,1002.9,1003.2,1002.7,-9999,23.8,22.8,23.8,23.6,22.8,22.6,94,94,94,7,0.0,0.0,N,PA,CASTANHAL,A202,-1.300875,-47.947967,47.13
2133,2019-12-22,12:00,0.0,1006.1,1006.1,1005.4,840,27.0,25.6,27.0,25.5,25.6,24.5,94,92,92,64,0.0,0.0,N,PA,CASTANHAL,A202,-1.300875,-47.947967,47.13
2134,2019-12-22,16:00,0.2,1004.5,1005.3,1004.5,2333,30.8,24.0,31.5,29.6,24.5,22.9,72,62,67,65,9.0,0.3,N,PA,CASTANHAL,A202,-1.300875,-47.947967,47.13
2135,2019-12-22,20:00,0.0,1002.6,1002.6,1001.9,170,30.1,22.9,30.3,29.9,24.6,22.9,73,65,66,41,6.3,0.0,N,PA,CASTANHAL,A202,-1.300875,-47.947967,47.13
2136,2019-12-23,00:00,0.0,1005.9,1005.9,1005.0,-9999,25.0,23.4,25.8,24.9,23.4,23.2,91,87,91,279,0.0,0.0,N,PA,CASTANHAL,A202,-1.300875,-47.947967,47.13
2137,2019-12-23,04:00,0.0,1004.1,1004.7,1004.1,-9999,25.6,23.7,25.9,25.6,23.8,23.6,89,88,89,21,0.0,0.0,N,PA,CASTANHAL,A202,-1.300875,-47.947967,47.13
2138,2019-12-23,08:00,0.0,1002.9,1003.0,1002.9,-9999,24.7,23.3,24.8,24.7,23.5,23.3,92,92,92,77,0.0,0.0,N,PA,CASTANHAL,A202,-1.300875,-47.947967,47.13
2139,2019-12-23,12:00,0.0,1005.4,1005.5,1005.0,844,27.5,24.6,27.5,26.1,24.6,24.1,90,84,84,62,6.2,0.0,N,PA,CASTANHAL,A202,-1.300875,-47.947967,47.13
2140,2019-12-23,16:00,0.0,1004.5,1005.3,1004.5,3011,32.9,23.3,33.3,32.1,23.8,22.1,61,54,57,61,8.3,0.0,N,PA,CASTANHAL,A202,-1.300875,-47.947967,47.13
2141,2019-12-23,20:00,0.0,1002.7,1002.9,1002.7,918,32.0,22.2,33.4,31.8,22.4,21.5,57,50,56,50,7.2,0.1,N,PA,CASTANHAL,A202,-1.300875,-47.947967,47.13
2142,2019-12-24,00:00,0.0,1005.7,1005.7,1004.4,-9999,27.4,22.4,28.2,27.4,22.5,22.4,74,71,74,30,6.7,0.0,N,PA,CASTANHAL,A202,-1.300875,-47.947967,47.13
2143,2019-12-24,04:00,0.0,1004.9,1005.6,1004.9,-9999,25.9,23.0,26.3,25.9,23.1,23.0,84,83,84,34,0.0,0.0,N,PA,CASTANHAL,A202,-1.300875,-47.947967,47.13
2144,2019-12-24,08:00,0.0,1003.1,1003.2,1003.1,-9999,24.6,23.0,24.9,24.6,23.0,22.9,90,89,90,18,0.0,0.0,N,PA,CASTANHAL,A202,-1.300875,-47.947967,47.13
2145,2019-12-24,12:00,0.0,1006.0,1006.0,1005.5,1326,28.0,24.0,28.3,27.1,25.1,23.9,88,78,79,53,4.3,0.1,N,PA,CASTANHAL,A202,-1.300875,-47.947967,47.13
2146,2019-12-24,16:00,0.0,1004.2,1005.0,1004.2,2119,32.5,21.5,33.0,31.3,23.1,21.5,61,53,53,51,5.3,0.0,N,PA,CASTANHAL,A202,-1.300875,-47.947967,47.13
2147,2019-12-24,20:00,0.0,1002.0,1002.1,1001.7,725,30.8,22.1,32.2,30.8,22.4,21.8,60,55,60,25,10.3,1.4,N,PA,CASTANHAL,A202,-1.300875,-47.947967,47.13
2148,2019-12-25,00:00,0.0,1004.5,1004.5,1003.7,-9999,27.1,22.8,27.7,27.1,22.8,22.3,78,73,78,44,6.7,0.0,N,PA,CASTANHAL,A202,-1.300875,-47.947967,47.13
2149,2019-12-25,04:00,0.0,1003.9,1004.3,1003.9,-9999,25.4,23.1,25.6,25.4,23.2,23.1,87,86,87,52,1.2,0.0,N,PA,CASTANHAL,A202,-1.300875,-47.947967,47.13
2150,2019-12-25,08:00,0.0,1003.0,1003.0,1002.8,-9999,24.7,22.9,25.0,24.7,23.1,22.9,90,89,90,22,0.3,0.0,N,PA,CASTANHAL,A202,-1.300875,-47.947967,47.13
2151,2019-12-25,12:00,0.0,1004.7,1004.7,1004.4,1494,28.7,24.2,28.7,27.1,24.7,24.0,85,76,77,68,7.6,0.6,N,PA,CASTANHAL,A202,-1.300875,-47.947967,47.13
2152,2019-12-25,16:00,0.0,1003.6,1004.2,1003.6,2436,33.0,23.0,33.0,31.9,23.5,22.0,59,54,56,63,9.0,0.0,N,PA,CASTANHAL,A202,-1.300875,-47.947967,47.13
2153,2019-12-25,20:00,0.0,1001.6,1001.7,1001.3,563,29.5,24.6,29.5,28.2,24.6,23.4,79,73,75,294,0.0,0.0,N,PA,CASTANHAL,A202,-1.300875,-47.947967,47.13
2154,2019-12-26,00:00,0.0,1004.8,1004.8,1003.8,-9999,26.5,23.8,26.8,26.5,24.0,23.7,86,84,85,29,0.0,0.0,N,PA,CASTANHAL,A202,-1.300875,-47.947967,47.13
2155,2019-12-26,04:00,0.0,1004.1,1004.6,1004.1,-9999,25.0,23.6,25.3,24.9,23.7,23.4,92,91,92,326,0.0,0.0,N,PA,CASTANHAL,A202,-1.300875,-47.947967,47.13
2156,2019-12-26,08:00,0.0,1003.3,1003.5,1003.1,-9999,24.7,23.3,24.8,24.3,23.4,23.0,93,92,92,68,0.0,0.0,N,PA,CASTANHAL,A202,-1.300875,-47.947967,47.13
2157,2019-12-26,12:00,0.0,1006.1,1006.1,1005.6,1450,28.5,24.6,28.5,26.8,25.4,24.4,91,80,80,55,0.0,0.0,N,PA,CASTANHAL,A202,-1.300875,-47.947967,47.13
2158,2019-12-26,16:00,0.0,1004.9,1005.8,1004.9,2381,31.7,22.4,32.3,31.2,23.5,22.2,62,57,58,67,4.7,0.0,N,PA,CASTANHAL,A202,-1.300875,-47.947967,47.13
2159,2019-12-26,20:00,0.4,1002.8,1002.8,1002.6,1054,27.7,24.5,30.7,27.6,25.3,23.4,83,67,83,1,8.3,0.0,N,PA,CASTANHAL,A202,-1.300875,-47.947967,47.13
2160,2019-12-27,00:00,0.0,1005.8,1005.8,1004.9,-9999,26.5,24.2,26.6,26.1,24.6,24.2,90,87,87,27,0.0,0.0,N,PA,CASTANHAL,A202,-1.300875,-47.947967,47.13
2161,2019-12-27,04:00,0.0,1004.9,1005.4,1004.9,-9999,25.8,23.3,26.1,25.7,23.5,23.3,87,86,87,30,0.0,0.0,N,PA,CASTANHAL,A202,-1.300875,-47.947967,47.13
2162,2019-12-27,08:00,0.0,1004.2,1004.4,1004.2,-9999,24.3,23.0,24.3,24.2,23.0,22.8,93,92,92,15,0.0,0.0,N,PA,CASTANHAL,A202,-1.300875,-47.947967,47.13
2163,2019-12-27,12:00,0.0,1006.4,1006.4,1005.9,1378,28.0,24.2,28.3,26.7,24.7,23.9,86,79,80,28,6.3,0.1,N,PA,CASTANHAL,A202,-1.300875,-47.947967,47.13
2164,2019-12-27,16:00,0.0,1005.0,1006.0,1005.0,2222,31.4,23.2,32.4,30.5,24.2,22.7,67,59,62,47,6.0,0.0,N,PA,CASTANHAL,A202,-1.300875,-47.947967,47.13
2165,2019-12-27,20:00,0.0,1003.1,1003.3,1002.9,293,29.0,24.1,30.3,29.0,24.1,23.0,75,65,75,147,5.3,0.0,N,PA,CASTANHAL,A202,-1.300875,-47.947967,47.13
2166,2019-12-28,00:00,0.0,1005.1,1005.1,1004.4,-9999,27.0,23.0,27.5,27.0,23.0,22.9,79,76,79,41,1.9,0.0,N,PA,CASTANHAL,A202,-1.300875,-47.947967,47.13
2167,2019-12-28,04:00,0.0,1005.1,1005.8,1005.1,-9999,26.2,23.4,26.4,26.2,23.5,23.4,85,84,85,45,0.0,0.0,N,PA,CASTANHAL,A202,-1.300875,-47.947967,47.13
2168,2019-12-28,08:00,0.0,1003.8,1004.0,1003.8,-9999,25.1,23.3,25.1,25.0,23.4,23.2,90,90,90,15,0.0,0.0,N,PA,CASTANHAL,A202,-1.300875,-47.947967,47.13
2169,2019-12-28,12:00,0.0,1005.2,1005.2,1004.8,1245,28.1,24.1,28.4,26.8,24.7,24.0,86,78,79,34,5.8,0.2,N,PA,CASTANHAL,A202,-1.300875,-47.947967,47.13
2170,2019-12-28,16:00,0.0,1004.0,1004.9,1004.0,2239,32.0,22.5,33.3,31.4,24.0,22.1,63,55,57,61,7.3,0.1,N,PA,CASTANHAL,A202,-1.300875,-47.947967,47.13
2171,2019-12-28,20:00,0.0,1002.0,1002.0,1001.8,190,29.5,23.6,30.0,29.4,24.7,23.5,76,68,71,359,4.3,0.0,N,PA,CASTANHAL,A202,-1.300875,-47.947967,47.13
2172,2019-12-29,00:00,0.0,1004.4,1004.5,1003.9,-9999,27.0,23.0,27.4,27.0,23.1,23.0,79,77,79,54,3.3,0.0,N,PA,CASTANHAL,A202,-1.300875,-47.947967,47.13
2173,2019-12-29,04:00,0.0,1004.2,1004.8,1004.1,-9999,25.6,23.2,26.0,25.6,23.3,23.2,87,85,87,25,0.0,0.0,N,PA,CASTANHAL,A202,-1.300875,-47.947967,47.13
2174,2019-12-29,08:00,0.0,1003.4,1003.5,1003.3,-9999,24.5,23.0,24.8,24.5,23.3,23.0,92,91,92,172,0.0,0.0,N,PA,CASTANHAL,A202,-1.300875,-47.947967,47.13
2175,2019-12-29,12:00,0.0,1005.7,1005.7,1005.3,1199,28.0,24.8,28.0,25.8,25.3,24.3,92,82,83,70,0.0,0.0,N,PA,CASTANHAL,A202,-1.300875,-47.947967,47.13
2176,2019-12-29,16:00,0.0,1003.4,1004.3,1003.4,2832,31.2,22.4,32.0,30.0,24.1,22.2,67,58,60,67,6.7,0.0,N,PA,CASTANHAL,A202,-1.300875,-47.947967,47.13
2177,2019-12-29,20:00,0.0,1001.4,1002.2,1001.3,298,26.1,23.8,26.9,26.1,24.9,23.8,89,86,87,34,1.9,0.0,N,PA,CASTANHAL,A202,-1.300875,-47.947967,47.13
2178,2019-12-30,00:00,0.0,1003.1,1003.2,1002.6,-9999,26.0,23.5,26.2,26.0,23.6,23.4,86,85,86,64,1.7,0.0,N,PA,CASTANHAL,A202,-1.300875,-47.947967,47.13
2179,2019-12-30,04:00,0.0,1003.9,1004.4,1003.9,-9999,25.2,23.2,25.7,25.2,23.3,23.2,89,87,89,129,0.0,0.0,N,PA,CASTANHAL,A202,-1.300875,-47.947967,47.13
2180,2019-12-30,08:00,0.0,1002.9,1002.9,1002.6,-9999,24.3,23.0,24.4,24.3,23.0,22.8,92,91,92,175,0.0,0.0,N,PA,CASTANHAL,A202,-1.300875,-47.947967,47.13
2181,2019-12-30,12:00,0.0,1005.3,1005.3,1004.8,761,26.6,24.6,26.7,25.3,24.9,23.9,92,89,89,34,0.0,0.0,N,PA,CASTANHAL,A202,-1.300875,-47.947967,47.13
2182,2019-12-30,16:00,0.0,1004.3,1004.9,1004.3,1646,28.1,23.5,29.6,27.3,25.0,22.7,78,72,76,11,8.2,0.0,N,PA,CASTANHAL,A202,-1.300875,-47.947967,47.13
2183,2019-12-30,20:00,0.0,1001.6,1002.1,1001.6,655,28.3,24.1,28.8,28.3,24.6,23.9,80,77,78,16,0.0,0.0,N,PA,CASTANHAL,A202,-1.300875,-47.947967,47.13
2184,2019-12-31,00:00,0.0,1004.0,1004.3,1003.4,-9999,26.6,24.2,26.7,26.6,24.2,24.1,87,86,87,33,0.0,0.0,N,PA,CASTANHAL,A202,-1.300875,-47.947967,47.13
2185,2019-12-31,04:00,0.4,1004.8,1004.9,1004.5,-9999,25.3,23.6,25.4,25.3,23.7,23.5,91,89,91,28,0.0,0.0,N,PA,CASTANHAL,A202,-1.300875,-47.947967,47.13
2186,2019-12-31,08:00,0.0,1004.0,1004.1,1003.9,-9999,23.5,21.8,23.7,23.5,22.2,21.8,91,90,90,66,0.0,0.0,N,PA,CASTANHAL,A202,-1.300875,-47.947967,47.13
2187,2019-12-31,12:00,0.8,1006.6,1006.6,1006.0,154,23.1,21.6,23.1,22.8,21.7,21.4,92,91,92,51,0.0,0.0,N,PA,CASTANHAL,A202,-1.300875,-47.947967,47.13
2188,2019-12-31,16:00,0.6,1006.7,1007.3,1006.7,887,25.3,23.2,25.9,25.0,23.6,22.8,88,85,88,109,3.1,0.0,N,PA,CASTANHAL,A202,-1.300875,-47.947967,47.13
2189,2019-12-31,20:00,0.6,1005.4,1005.4,1005.3,275,24.4,22.5,24.8,24.4,22.7,22.4,89,88,89,351,0.1,0.0,N,PA,CASTANHAL,A202,-1.300875,-47.947967,47.13
