,Data,Hora,"PRECIPITAÇÃO TOTAL, HORÁRIO (mm)","PRESSAO ATMOSFERICA AO NIVEL DA ESTACAO, HORARIA (mB)",PRESSÃO ATMOSFERICA MAX.NA HORA ANT. (AUT) (mB),PRESSÃO ATMOSFERICA MIN. NA HORA ANT. (AUT) (mB),RADIACAO GLOBAL (Kj/m²),"TEMPERATURA DO AR - BULBO SECO, HORARIA (°C)",TEMPERATURA DO PONTO DE ORVALHO (°C),TEMPERATURA MÁXIMA NA HORA ANT. (AUT) (°C),TEMPERATURA MÍNIMA NA HORA ANT. (AUT) (°C),TEMPERATURA ORVALHO MAX. NA HORA ANT. (AUT) (°C),TEMPERATURA ORVALHO MIN. NA HORA ANT. (AUT) (°C),UMIDADE REL. MAX. NA HORA ANT. (AUT) (%),UMIDADE REL. MIN. NA HORA ANT. (AUT) (%),"UMIDADE RELATIVA DO AR, HORARIA (%)","VENTO, DIREÇÃO HORARIA (gr) (° (gr))","VENTO, RAJADA MAXIMA (m/s)","VENTO, VELOCIDADE HORARIA (m/s)",region,state,station,station_code,latitude,longitude,height
0,2019-01-01,00:00,0.0,1001.2,1001.2,1000.1,-9999,25.0,23.4,25.4,24.9,23.5,23.2,91,89,91,236,0.0,0.0,N,PA,OBIDOS,A232,-1.880789,-55.519856,89.64
1,2019-01-01,04:00,0.0,1001.2,1001.5,1001.2,-9999,22.8,21.8,23.1,22.7,22.0,21.7,94,94,94,236,0.0,0.0,N,PA,OBIDOS,A232,-1.880789,-55.519856,89.64
2,2019-01-01,08:00,0.0,1000.6,1000.6,1000.3,-9999,23.3,22.3,23.7,23.3,22.6,22.3,94,94,94,236,0.0,0.0,N,PA,OBIDOS,A232,-1.880789,-55.519856,89.64
3,2019-01-01,12:00,0.0,1003.1,1003.1,1002.5,1241,27.7,22.8,27.8,25.8,23.3,22.4,84,74,75,236,0.0,0.0,N,PA,OBIDOS,A232,-1.880789,-55.519856,89.64
4,2019-01-01,16:00,0.0,1001.2,1002.5,1001.2,2149,31.7,22.8,31.9,29.4,23.7,21.1,68,56,59,236,0.0,0.0,N,PA,OBIDOS,A232,-1.880789,-55.519856,89.64
5,2019-01-01,20:00,0.0,999.0,999.0,998.8,1795,29.1,23.5,31.3,29.1,25.0,22.6,75,61,72,236,0.0,0.0,N,PA,OBIDOS,A232,-1.880789,-55.519856,89.64
6,2019-01-02,00:00,0.0,1001.1,1001.1,1000.4,-9999,23.8,22.4,24.6,23.6,22.6,22.0,92,87,92,236,0.0,0.0,N,PA,OBIDOS,A232,-1.880789,-55.519856,89.64
7,2019-01-02,04:00,0.0,1001.6,1001.8,1001.6,-9999,24.7,23.5,24.9,24.7,23.7,23.4,93,92,93,236,0.0,0.0,N,PA,OBIDOS,A232,-1.880789,-55.519856,89.64
8,2019-01-02,08:00,0.0,1000.7,1000.7,1000.3,-9999,23.6,22.6,23.9,23.5,22.8,22.5,94,94,94,236,0.0,0.0,N,PA,OBIDOS,A232,-1.880789,-55.519856,89.64
9,2019-01-02,12:00,0.0,1003.8,1003.8,1003.2,1022,27.3,23.8,27.7,24.8,24.2,22.9,93,77,81,236,0.0,0.0,N,PA,OBIDOS,A232,-1.880789,-55.519856,89.64
10,2019-01-02,16:00,0.0,1002.3,1003.3,1002.3,1760,30.9,23.0,31.1,28.8,24.0,22.0,70,59,63,236,0.0,0.0,N,PA,OBIDOS,A232,-1.880789,-55.519856,89.64
11,2019-01-02,20:00,0.0,998.8,999.3,998.8,1860,30.4,22.8,30.8,29.3,23.8,22.4,69,63,64,236,0.0,0.0,N,PA,OBIDOS,A232,-1.880789,-55.519856,89.64
12,2019-01-03,00:00,0.0,1000.3,1000.3,999.8,-9999,25.9,23.9,26.6,25.9,24.3,23.7,89,86,89,236,0.0,0.0,N,PA,OBIDOS,A232,-1.880789,-55.519856,89.64
13,2019-01-03,04:00,1.4,1001.5,1002.4,1001.5,-9999,23.7,22.4,24.8,23.6,22.4,22.0,93,84,93,236,0.0,0.0,N,PA,OBIDOS,A232,-1.880789,-55.519856,89.64
14,2019-01-03,08:00,0.0,999.9,999.9,999.8,-9999,22.7,21.5,23.3,22.7,22.0,21.5,93,92,93,236,0.0,0.0,N,PA,OBIDOS,A232,-1.880789,-55.519856,89.64
15,2019-01-03,12:00,0.0,1003.3,1003.3,1002.6,1348,27.1,22.9,27.5,25.1,23.2,22.2,87,75,78,236,0.0,0.0,N,PA,OBIDOS,A232,-1.880789,-55.519856,89.64
16,2019-01-03,16:00,0.0,1001.3,1002.1,1001.3,2097,31.7,21.9,32.0,29.5,23.5,21.4,65,56,56,236,0.0,0.0,N,PA,OBIDOS,A232,-1.880789,-55.519856,89.64
17,2019-01-03,20:00,0.0,998.1,998.4,998.1,1793,31.3,21.5,32.4,31.3,22.4,21.2,57,53,56,236,0.0,0.0,N,PA,OBIDOS,A232,-1.880789,-55.519856,89.64
18,2019-01-04,00:00,0.0,999.7,999.7,999.0,-9999,25.1,22.2,26.7,25.1,23.0,22.2,85,77,84,236,0.0,0.0,N,PA,OBIDOS,A232,-1.880789,-55.519856,89.64
19,2019-01-04,04:00,0.0,1001.7,1002.2,1001.7,-9999,24.1,21.5,26.0,24.1,21.9,21.2,87,77,86,236,0.0,0.0,N,PA,OBIDOS,A232,-1.880789,-55.519856,89.64
20,2019-01-04,08:00,0.0,1000.5,1000.6,1000.4,-9999,22.1,21.1,22.7,22.1,21.3,21.0,94,92,94,236,0.0,0.0,N,PA,OBIDOS,A232,-1.880789,-55.519856,89.64
21,2019-01-04,12:00,0.0,1003.7,1003.7,1002.9,1294,27.4,22.5,27.5,24.3,22.5,21.4,86,71,75,236,0.0,0.0,N,PA,OBIDOS,A232,-1.880789,-55.519856,89.64
22,2019-01-04,16:00,0.0,1001.8,1003.1,1001.8,2014,31.4,22.2,31.8,29.6,23.2,21.5,65,56,58,236,0.0,0.0,N,PA,OBIDOS,A232,-1.880789,-55.519856,89.64
23,2019-01-04,20:00,0.0,998.0,998.6,997.9,1908,31.5,23.2,32.3,31.4,23.5,22.7,62,58,62,236,0.0,0.0,N,PA,OBIDOS,A232,-1.880789,-55.519856,89.64
24,2019-01-05,00:00,0.0,1000.2,1000.2,999.3,-9999,27.4,22.4,27.7,27.2,23.3,22.3,77,73,74,236,0.0,0.0,N,PA,OBIDOS,A232,-1.880789,-55.519856,89.64
25,2019-01-05,04:00,0.0,1001.4,1001.4,1001.3,-9999,23.7,21.6,25.4,23.7,21.7,21.2,88,78,88,236,0.0,0.0,N,PA,OBIDOS,A232,-1.880789,-55.519856,89.64
26,2019-01-05,08:00,0.0,1000.6,1000.6,1000.3,-9999,22.7,21.5,22.9,22.5,21.5,21.2,93,91,93,236,0.0,0.0,N,PA,OBIDOS,A232,-1.880789,-55.519856,89.64
27,2019-01-05,12:00,0.0,1003.6,1003.6,1003.0,1321,27.8,22.1,27.8,26.0,22.6,21.7,78,70,71,236,0.0,0.0,N,PA,OBIDOS,A232,-1.880789,-55.519856,89.64
28,2019-01-05,16:00,0.0,1002.1,1002.7,1002.1,1855,31.4,21.9,32.2,29.6,23.3,21.3,66,55,57,236,0.0,0.0,N,PA,OBIDOS,A232,-1.880789,-55.519856,89.64
29,2019-01-05,20:00,0.2,998.0,998.4,998.0,785,29.5,24.3,30.8,26.3,25.0,22.5,86,63,73,236,0.0,0.0,N,PA,OBIDOS,A232,-1.880789,-55.519856,89.64
30,2019-01-06,00:00,0.8,1001.3,1001.3,1000.0,-9999,25.9,24.0,26.5,25.7,24.8,23.8,91,88,90,236,0.0,0.0,N,PA,OBIDOS,A232,-1.880789,-55.519856,89.64
31,2019-01-06,04:00,0.0,1002.0,1002.7,1002.0,-9999,23.1,22.2,23.2,22.7,22.3,21.8,95,95,95,236,0.0,0.0,N,PA,OBIDOS,A232,-1.880789,-55.519856,89.64
32,2019-01-06,08:00,0.0,1000.9,1001.0,1000.8,-9999,23.3,22.3,23.3,23.2,22.4,22.3,95,95,95,236,0.0,0.0,N,PA,OBIDOS,A232,-1.880789,-55.519856,89.64
33,2019-01-06,12:00,0.0,1003.5,1003.5,1002.9,1274,26.2,22.4,26.4,25.3,22.8,22.2,85,78,80,236,0.0,0.0,N,PA,OBIDOS,A232,-1.880789,-55.519856,89.64
34,2019-01-06,16:00,0.0,1002.1,1002.9,1002.1,1992,30.3,23.3,31.5,29.9,23.6,21.9,67,58,67,236,0.0,0.0,N,PA,OBIDOS,A232,-1.880789,-55.519856,89.64
35,2019-01-06,20:00,0.0,998.6,999.2,998.6,864,26.2,23.7,26.2,23.8,23.7,22.7,93,86,86,236,0.0,0.0,N,PA,OBIDOS,A232,-1.880789,-55.519856,89.64
36,2019-01-07,00:00,0.0,1000.5,1000.5,999.6,-9999,23.5,22.4,23.8,23.5,22.5,22.3,94,92,93,236,0.0,0.0,N,PA,OBIDOS,A232,-1.880789,-55.519856,89.64
37,2019-01-07,04:00,3.6,1000.9,1001.7,1000.9,-9999,23.3,22.3,23.7,23.3,22.6,22.3,94,93,94,236,0.0,0.0,N,PA,OBIDOS,A232,-1.880789,-55.519856,89.64
38,2019-01-07,08:00,0.0,1000.5,1000.5,1000.2,-9999,23.3,22.4,23.4,23.1,22.4,22.1,94,94,94,236,0.0,0.0,N,PA,OBIDOS,A232,-1.880789,-55.519856,89.64
39,2019-01-07,12:00,0.0,1003.2,1003.2,1002.6,873,26.0,23.4,26.5,24.8,23.9,22.8,91,82,86,236,0.0,0.0,N,PA,OBIDOS,A232,-1.880789,-55.519856,89.64
40,2019-01-07,16:00,0.0,1001.8,1002.5,1001.8,1301,29.2,22.7,29.2,27.8,23.4,22.2,75,67,68,236,0.0,0.0,N,PA,OBIDOS,A232,-1.880789,-55.519856,89.64
41,2019-01-07,20:00,0.0,999.0,999.2,999.0,580,26.6,24.2,26.9,26.3,24.3,23.2,88,83,86,236,0.0,0.0,N,PA,OBIDOS,A232,-1.880789,-55.519856,89.64
42,2019-01-08,00:00,0.8,1002.1,1002.1,1001.2,-9999,22.6,21.3,22.6,21.7,21.3,20.7,94,93,93,236,0.0,0.0,N,PA,OBIDOS,A232,-1.880789,-55.519856,89.64
43,2019-01-08,04:00,0.0,1001.3,1001.6,1001.2,-9999,22.5,21.1,22.6,22.2,21.2,21.1,94,91,92,236,0.0,0.0,N,PA,OBIDOS,A232,-1.880789,-55.519856,89.64
44,2019-01-08,08:00,0.4,1001.7,1001.7,1001.6,-9999,22.3,21.3,22.4,22.3,21.3,21.1,94,93,94,236,0.0,0.0,N,PA,OBIDOS,A232,-1.880789,-55.519856,89.64
45,2019-01-08,12:00,0.0,1003.8,1003.8,1003.1,284,23.3,21.7,23.3,22.6,21.8,21.3,93,90,90,236,0.0,0.0,N,PA,OBIDOS,A232,-1.880789,-55.519856,89.64
46,2019-01-08,16:00,0.0,1003.0,1004.1,1003.0,2593,28.6,22.6,28.8,25.5,23.4,21.6,84,67,70,236,0.0,0.0,N,PA,OBIDOS,A232,-1.880789,-55.519856,89.64
47,2019-01-08,20:00,0.0,999.9,1000.6,999.9,1127,28.4,22.6,28.6,28.1,23.2,22.1,75,69,71,236,0.0,0.0,N,PA,OBIDOS,A232,-1.880789,-55.519856,89.64
48,2019-01-09,00:00,0.0,1001.6,1001.6,1001.0,-9999,24.5,22.7,24.7,24.4,23.0,22.7,92,89,90,236,0.0,0.0,N,PA,OBIDOS,A232,-1.880789,-55.519856,89.64
49,2019-01-09,04:00,0.0,1001.2,1001.9,1001.2,-9999,23.8,22.7,23.9,23.5,22.8,22.4,94,93,93,236,0.0,0.0,N,PA,OBIDOS,A232,-1.880789,-55.519856,89.64
50,2019-01-09,08:00,0.0,999.6,999.8,999.5,-9999,23.3,22.2,23.4,23.3,22.3,22.2,94,94,94,236,0.0,0.0,N,PA,OBIDOS,A232,-1.880789,-55.519856,89.64
51,2019-01-09,12:00,0.0,1002.0,1002.0,1001.6,1089,27.2,22.5,27.2,24.2,23.4,22.5,92,75,76,236,0.0,0.0,N,PA,OBIDOS,A232,-1.880789,-55.519856,89.64
52,2019-01-09,16:00,0.0,1001.1,1001.8,1001.1,733,26.7,23.7,27.6,25.5,23.9,22.3,89,74,84,236,0.0,0.0,N,PA,OBIDOS,A232,-1.880789,-55.519856,89.64
53,2019-01-09,20:00,0.0,998.2,998.5,998.1,827,28.6,23.2,29.1,26.9,24.3,22.8,84,70,73,236,0.0,0.0,N,PA,OBIDOS,A232,-1.880789,-55.519856,89.64
54,2019-01-10,00:00,0.0,999.9,999.9,999.2,-9999,24.8,23.2,24.9,24.5,23.2,22.9,91,90,91,236,0.0,0.0,N,PA,OBIDOS,A232,-1.880789,-55.519856,89.64
55,2019-01-10,04:00,5.0,1000.1,1000.8,1000.0,-9999,24.3,23.1,25.3,24.3,23.4,23.1,93,89,93,236,0.0,0.0,N,PA,OBIDOS,A232,-1.880789,-55.519856,89.64
56,2019-01-10,08:00,2.2,1000.2,1000.2,999.7,-9999,21.8,20.9,21.8,21.7,20.9,20.9,95,95,95,236,0.0,0.0,N,PA,OBIDOS,A232,-1.880789,-55.519856,89.64
57,2019-01-10,12:00,0.0,1003.4,1003.4,1002.6,370,23.4,22.5,23.4,22.8,22.5,22.0,95,94,94,236,0.0,0.0,N,PA,OBIDOS,A232,-1.880789,-55.519856,89.64
58,2019-01-10,16:00,0.8,1002.7,1003.6,1002.7,906,24.5,22.8,24.5,23.6,23.0,22.0,93,90,91,236,0.0,0.0,N,PA,OBIDOS,A232,-1.880789,-55.519856,89.64
59,2019-01-10,20:00,0.0,999.9,1000.2,999.9,501,25.5,23.0,26.1,25.3,23.8,22.5,89,82,86,236,0.0,0.0,N,PA,OBIDOS,A232,-1.880789,-55.519856,89.64
60,2019-01-11,00:00,0.0,1002.2,1002.2,1001.2,-9999,23.3,22.3,23.4,23.2,22.4,22.2,94,94,94,236,0.0,0.0,N,PA,OBIDOS,A232,-1.880789,-55.519856,89.64
61,2019-01-11,04:00,0.0,1003.1,1003.7,1003.1,-9999,23.4,22.4,23.5,23.4,22.4,22.4,94,94,94,236,0.0,0.0,N,PA,OBIDOS,A232,-1.880789,-55.519856,89.64
62,2019-01-11,08:00,0.0,1002.7,1002.7,1002.3,-9999,22.3,21.2,22.8,22.3,21.8,21.2,94,93,93,236,0.0,0.0,N,PA,OBIDOS,A232,-1.880789,-55.519856,89.64
63,2019-01-11,12:00,0.0,1005.6,1005.6,1004.9,266,22.4,21.3,22.4,22.0,21.3,20.9,94,93,93,236,0.0,0.0,N,PA,OBIDOS,A232,-1.880789,-55.519856,89.64
64,2019-01-11,16:00,0.0,1004.8,1005.6,1004.8,1800,25.6,20.8,26.0,25.2,22.0,20.8,82,74,75,236,0.0,0.0,N,PA,OBIDOS,A232,-1.880789,-55.519856,89.64
65,2019-01-11,20:00,0.0,1001.4,1002.0,1001.4,1102,25.4,20.9,26.6,25.4,21.7,20.5,77,71,76,236,0.0,0.0,N,PA,OBIDOS,A232,-1.880789,-55.519856,89.64
66,2019-01-12,00:00,0.0,1001.9,1002.0,1001.2,-9999,22.2,20.7,22.2,21.9,20.8,20.6,93,91,91,236,0.0,0.0,N,PA,OBIDOS,A232,-1.880789,-55.519856,89.64
67,2019-01-12,04:00,0.0,1002.9,1003.0,1002.9,-9999,21.8,20.7,22.1,21.8,20.9,20.7,94,93,94,236,0.0,0.0,N,PA,OBIDOS,A232,-1.880789,-55.519856,89.64
68,2019-01-12,08:00,0.0,1001.6,1001.6,1001.4,-9999,20.8,19.7,21.9,20.8,20.1,19.7,93,88,93,236,0.0,0.0,N,PA,OBIDOS,A232,-1.880789,-55.519856,89.64
69,2019-01-12,12:00,0.0,1004.0,1004.0,1003.4,633,23.8,21.1,23.9,22.2,21.2,20.3,90,85,85,236,0.0,0.0,N,PA,OBIDOS,A232,-1.880789,-55.519856,89.64
70,2019-01-12,16:00,0.0,1002.7,1003.6,1002.7,2273,30.2,20.2,30.4,28.5,22.5,20.2,66,54,55,236,0.0,0.0,N,PA,OBIDOS,A232,-1.880789,-55.519856,89.64
71,2019-01-12,20:00,0.0,999.6,1000.0,999.6,1958,29.8,22.7,30.3,29.5,23.1,22.0,67,62,66,236,0.0,0.0,N,PA,OBIDOS,A232,-1.880789,-55.519856,89.64
72,2019-01-13,00:00,0.0,1000.7,1001.0,1000.6,-9999,22.6,21.0,22.9,22.6,21.3,21.0,91,89,91,236,0.0,0.0,N,PA,OBIDOS,A232,-1.880789,-55.519856,89.64
73,2019-01-13,04:00,0.0,1002.0,1002.0,1001.9,-9999,22.4,21.3,22.5,22.1,21.5,21.0,94,94,94,236,0.0,0.0,N,PA,OBIDOS,A232,-1.880789,-55.519856,89.64
74,2019-01-13,08:00,0.0,1000.8,1000.8,1000.4,-9999,22.2,21.1,22.3,22.2,21.3,21.1,94,94,94,236,0.0,0.0,N,PA,OBIDOS,A232,-1.880789,-55.519856,89.64
75,2019-01-13,12:00,0.0,1004.0,1004.0,1002.9,764,25.3,22.4,25.7,24.7,22.7,22.1,87,82,84,236,0.0,0.0,N,PA,OBIDOS,A232,-1.880789,-55.519856,89.64
76,2019-01-13,16:00,0.0,1002.4,1003.5,1002.4,1797,30.4,22.8,31.1,28.4,23.6,21.6,71,58,64,236,0.0,0.0,N,PA,OBIDOS,A232,-1.880789,-55.519856,89.64
77,2019-01-13,20:00,0.0,999.2,999.4,999.0,1590,29.5,23.7,30.0,28.6,24.2,22.1,74,65,71,236,0.0,0.0,N,PA,OBIDOS,A232,-1.880789,-55.519856,89.64
78,2019-01-14,00:00,0.0,1001.8,1001.8,1001.1,-9999,24.2,22.6,24.3,24.0,22.7,22.5,92,90,91,236,0.0,0.0,N,PA,OBIDOS,A232,-1.880789,-55.519856,89.64
79,2019-01-14,04:00,0.0,1002.9,1002.9,1002.8,-9999,23.8,22.3,23.9,23.7,22.4,22.3,93,91,91,236,0.0,0.0,N,PA,OBIDOS,A232,-1.880789,-55.519856,89.64
80,2019-01-14,08:00,2.8,1002.9,1002.9,1002.4,-9999,21.5,20.7,21.5,21.3,20.7,20.5,95,95,95,236,0.0,0.0,N,PA,OBIDOS,A232,-1.880789,-55.519856,89.64
81,2019-01-14,12:00,0.2,1004.7,1004.7,1004.1,292,22.8,21.8,22.8,22.0,21.9,21.2,95,95,95,236,0.0,0.0,N,PA,OBIDOS,A232,-1.880789,-55.519856,89.64
82,2019-01-14,16:00,0.0,1004.4,1005.0,1004.4,1499,27.2,23.4,28.2,26.9,23.6,21.7,80,70,80,236,0.0,0.0,N,PA,OBIDOS,A232,-1.880789,-55.519856,89.64
83,2019-01-14,20:00,0.0,1002.3,1002.3,1001.3,892,23.1,21.5,28.9,23.1,23.7,20.9,91,70,91,236,0.0,0.0,N,PA,OBIDOS,A232,-1.880789,-55.519856,89.64
84,2019-01-15,00:00,0.0,1002.3,1002.3,1002.2,-9999,21.5,20.5,21.8,21.5,20.6,20.4,94,92,94,236,0.0,0.0,N,PA,OBIDOS,A232,-1.880789,-55.519856,89.64
85,2019-01-15,04:00,0.0,1003.0,1003.4,1003.0,-9999,21.4,20.5,21.4,21.2,20.5,20.3,95,94,95,236,0.0,0.0,N,PA,OBIDOS,A232,-1.880789,-55.519856,89.64
86,2019-01-15,08:00,0.0,1002.4,1002.6,1002.4,-9999,21.8,20.8,21.9,21.8,20.9,20.8,94,94,94,236,0.0,0.0,N,PA,OBIDOS,A232,-1.880789,-55.519856,89.64
87,2019-01-15,12:00,0.0,1004.7,1004.7,1004.2,888,25.4,22.3,25.4,23.0,22.6,21.6,92,83,83,236,0.0,0.0,N,PA,OBIDOS,A232,-1.880789,-55.519856,89.64
88,2019-01-15,16:00,0.0,1003.6,1004.5,1003.6,2366,29.3,22.2,30.3,28.1,24.1,22.0,74,64,66,236,0.0,0.0,N,PA,OBIDOS,A232,-1.880789,-55.519856,89.64
89,2019-01-15,20:00,0.0,1000.5,1000.8,1000.4,341,25.2,23.5,25.5,24.9,23.9,23.2,92,89,90,236,0.0,0.0,N,PA,OBIDOS,A232,-1.880789,-55.519856,89.64
90,2019-01-16,00:00,0.0,1002.0,1002.0,1001.6,-9999,24.5,23.0,24.8,24.5,23.4,23.0,93,91,91,236,0.0,0.0,N,PA,OBIDOS,A232,-1.880789,-55.519856,89.64
91,2019-01-16,04:00,0.0,1002.3,1002.4,1002.2,-9999,22.4,21.3,22.4,22.2,21.3,21.1,94,93,94,236,0.0,0.0,N,PA,OBIDOS,A232,-1.880789,-55.519856,89.64
92,2019-01-16,08:00,0.0,1002.5,1002.5,1002.1,-9999,22.5,21.0,22.6,22.4,21.0,20.9,91,90,91,236,0.0,0.0,N,PA,OBIDOS,A232,-1.880789,-55.519856,89.64
93,2019-01-16,12:00,0.0,1005.0,1005.0,1004.5,778,25.0,22.3,25.0,23.7,22.4,21.8,90,84,85,236,0.0,0.0,N,PA,OBIDOS,A232,-1.880789,-55.519856,89.64
94,2019-01-16,16:00,0.0,1004.3,1005.1,1004.3,2124,30.1,23.1,30.6,27.4,24.4,22.6,77,64,66,236,0.0,0.0,N,PA,OBIDOS,A232,-1.880789,-55.519856,89.64
95,2019-01-16,20:00,0.0,999.9,1000.5,999.9,1728,30.7,23.1,31.0,28.4,24.2,22.7,74,63,64,236,0.0,0.0,N,PA,OBIDOS,A232,-1.880789,-55.519856,89.64
96,2019-01-17,00:00,0.0,1001.6,1001.6,1001.0,-9999,25.2,22.9,26.0,25.0,22.9,22.7,88,82,87,236,0.0,0.0,N,PA,OBIDOS,A232,-1.880789,-55.519856,89.64
97,2019-01-17,04:00,0.0,1003.1,1003.1,1002.9,-9999,23.9,22.9,23.9,23.4,22.9,22.4,94,94,94,236,0.0,0.0,N,PA,OBIDOS,A232,-1.880789,-55.519856,89.64
98,2019-01-17,08:00,0.0,1001.4,1001.5,1001.3,-9999,23.0,22.0,23.4,23.0,22.4,22.0,94,94,94,236,0.0,0.0,N,PA,OBIDOS,A232,-1.880789,-55.519856,89.64
99,2019-01-17,12:00,0.0,1003.7,1004.0,1003.5,1335,27.0,22.1,27.1,23.3,23.1,22.1,93,74,75,236,0.0,0.0,N,PA,OBIDOS,A232,-1.880789,-55.519856,89.64
100,2019-01-17,16:00,0.0,1003.7,1004.5,1003.7,1739,29.0,23.2,29.9,27.4,23.5,21.9,78,64,71,236,0.0,0.0,N,PA,OBIDOS,A232,-1.880789,-55.519856,89.64
101,2019-01-17,20:00,0.0,1000.1,1000.5,1000.1,961,27.1,23.6,29.7,26.8,24.3,22.5,86,66,81,236,0.0,0.0,N,PA,OBIDOS,A232,-1.880789,-55.519856,89.64
102,2019-01-18,00:00,0.0,1001.5,1001.5,1000.8,-9999,24.2,23.0,24.6,24.2,23.2,22.9,93,92,93,236,0.0,0.0,N,PA,OBIDOS,A232,-1.880789,-55.519856,89.64
103,2019-01-18,04:00,0.0,1002.6,1002.8,1002.5,-9999,23.0,21.9,23.6,23.0,22.2,21.9,93,92,93,236,0.0,0.0,N,PA,OBIDOS,A232,-1.880789,-55.519856,89.64
104,2019-01-18,08:00,0.0,1000.8,1001.0,1000.8,-9999,22.5,21.5,23.3,22.5,22.1,21.4,94,93,94,236,0.0,0.0,N,PA,OBIDOS,A232,-1.880789,-55.519856,89.64
105,2019-01-18,12:00,0.0,1003.5,1003.5,1003.3,1201,26.9,22.4,27.0,23.5,22.7,22.0,91,75,76,236,0.0,0.0,N,PA,OBIDOS,A232,-1.880789,-55.519856,89.64
106,2019-01-18,16:00,0.0,1002.6,1003.7,1002.6,2058,30.6,22.3,31.9,28.8,23.6,21.8,70,56,61,236,0.0,0.0,N,PA,OBIDOS,A232,-1.880789,-55.519856,89.64
107,2019-01-18,20:00,0.0,998.2,999.0,998.0,691,27.9,24.6,27.9,25.9,25.0,23.7,92,78,83,236,0.0,0.0,N,PA,OBIDOS,A232,-1.880789,-55.519856,89.64
108,2019-01-19,00:00,0.0,1001.1,1001.1,999.8,-9999,24.0,22.8,24.6,23.9,23.3,22.7,93,93,93,236,0.0,0.0,N,PA,OBIDOS,A232,-1.880789,-55.519856,89.64
109,2019-01-19,04:00,0.0,1001.7,1002.3,1001.7,-9999,23.5,22.5,23.9,23.5,22.9,22.5,94,94,94,236,0.0,0.0,N,PA,OBIDOS,A232,-1.880789,-55.519856,89.64
110,2019-01-19,08:00,0.0,1000.4,1000.5,1000.0,-9999,23.2,22.3,23.3,23.2,22.4,22.3,95,95,95,236,0.0,0.0,N,PA,OBIDOS,A232,-1.880789,-55.519856,89.64
111,2019-01-19,12:00,0.4,1003.7,1003.7,1002.1,186,24.4,23.4,24.5,23.7,23.4,22.6,94,94,94,236,0.0,0.0,N,PA,OBIDOS,A232,-1.880789,-55.519856,89.64
112,2019-01-19,16:00,0.4,1004.7,1004.8,1004.6,211,22.7,21.8,22.9,21.8,22.0,21.0,95,95,95,236,0.0,0.0,N,PA,OBIDOS,A232,-1.880789,-55.519856,89.64
113,2019-01-19,20:00,0.2,999.9,1000.4,999.7,439,23.9,22.1,24.7,23.9,22.5,22.0,91,86,90,236,0.0,0.0,N,PA,OBIDOS,A232,-1.880789,-55.519856,89.64
114,2019-01-20,00:00,0.0,1002.1,1002.1,1000.4,-9999,22.6,21.5,22.6,22.4,21.6,21.4,94,94,94,236,0.0,0.0,N,PA,OBIDOS,A232,-1.880789,-55.519856,89.64
115,2019-01-20,04:00,0.0,1003.1,1003.3,1003.1,-9999,22.3,21.4,22.3,21.7,21.4,20.8,95,95,95,236,0.0,0.0,N,PA,OBIDOS,A232,-1.880789,-55.519856,89.64
116,2019-01-20,08:00,0.0,1001.6,1001.7,1001.5,-9999,22.0,21.1,22.3,21.9,21.3,20.9,94,94,94,236,0.0,0.0,N,PA,OBIDOS,A232,-1.880789,-55.519856,89.64
117,2019-01-20,12:00,0.0,1004.0,1004.0,1002.9,1073,24.9,22.3,25.6,24.6,22.5,21.9,88,81,85,236,0.0,0.0,N,PA,OBIDOS,A232,-1.880789,-55.519856,89.64
118,2019-01-20,16:00,0.0,1003.0,1003.9,1002.9,1894,29.3,23.1,29.7,28.1,24.2,22.3,76,67,69,236,0.0,0.0,N,PA,OBIDOS,A232,-1.880789,-55.519856,89.64
119,2019-01-20,20:00,1.6,998.9,1000.1,998.9,682,25.7,23.8,25.7,24.1,24.1,22.3,92,87,90,236,0.0,0.0,N,PA,OBIDOS,A232,-1.880789,-55.519856,89.64
120,2019-01-21,00:00,0.0,1000.6,1000.6,999.4,-9999,24.4,23.3,24.7,24.3,23.7,23.3,94,94,94,236,0.0,0.0,N,PA,OBIDOS,A232,-1.880789,-55.519856,89.64
121,2019-01-21,04:00,16.0,1003.1,1003.6,1003.1,-9999,23.2,22.3,23.3,23.2,22.3,22.2,95,94,95,236,0.0,0.0,N,PA,OBIDOS,A232,-1.880789,-55.519856,89.64
122,2019-01-21,08:00,0.0,1001.3,1001.3,1000.9,-9999,22.3,21.4,22.3,22.2,21.4,21.3,95,94,95,236,0.0,0.0,N,PA,OBIDOS,A232,-1.880789,-55.519856,89.64
123,2019-01-21,12:00,0.0,1004.6,1004.6,1003.5,546,24.2,22.3,24.3,23.1,22.8,22.0,94,89,89,236,0.0,0.0,N,PA,OBIDOS,A232,-1.880789,-55.519856,89.64
124,2019-01-21,16:00,0.0,1003.9,1004.6,1003.9,1802,29.1,22.8,29.5,27.5,23.9,22.2,79,67,69,236,0.0,0.0,N,PA,OBIDOS,A232,-1.880789,-55.519856,89.64
125,2019-01-21,20:00,0.0,999.8,1000.5,999.7,297,25.2,23.5,25.4,24.6,23.8,22.9,92,90,90,236,0.0,0.0,N,PA,OBIDOS,A232,-1.880789,-55.519856,89.64
126,2019-01-22,00:00,0.0,1001.8,1001.8,1000.7,-9999,23.3,21.6,24.4,23.3,22.7,21.5,92,89,90,236,0.0,0.0,N,PA,OBIDOS,A232,-1.880789,-55.519856,89.64
127,2019-01-22,04:00,0.0,1003.6,1003.6,1003.5,-9999,21.8,20.8,22.7,21.8,21.5,20.8,94,93,94,236,0.0,0.0,N,PA,OBIDOS,A232,-1.880789,-55.519856,89.64
128,2019-01-22,08:00,0.0,1002.1,1002.1,1002.0,-9999,21.8,20.9,21.9,21.7,21.0,20.8,95,95,95,236,0.0,0.0,N,PA,OBIDOS,A232,-1.880789,-55.519856,89.64
129,2019-01-22,12:00,0.0,1004.6,1004.6,1003.9,496,24.4,21.8,24.4,22.8,22.2,21.6,94,85,86,236,0.0,0.0,N,PA,OBIDOS,A232,-1.880789,-55.519856,89.64
130,2019-01-22,16:00,0.0,1003.6,1004.3,1003.6,2013,29.6,22.1,30.4,28.6,23.7,21.6,70,62,64,236,0.0,0.0,N,PA,OBIDOS,A232,-1.880789,-55.519856,89.64
131,2019-01-22,20:00,0.0,999.4,1000.0,999.4,1858,30.4,23.2,31.8,29.7,24.3,22.9,70,62,66,236,0.0,0.0,N,PA,OBIDOS,A232,-1.880789,-55.519856,89.64
132,2019-01-23,00:00,0.0,1001.9,1001.9,1001.0,-9999,24.0,23.1,24.0,23.3,23.1,22.2,94,94,94,236,0.0,0.0,N,PA,OBIDOS,A232,-1.880789,-55.519856,89.64
133,2019-01-23,04:00,0.0,1003.3,1004.0,1003.3,-9999,24.3,23.1,24.4,24.2,23.3,23.1,94,93,93,236,0.0,0.0,N,PA,OBIDOS,A232,-1.880789,-55.519856,89.64
134,2019-01-23,08:00,0.0,1001.9,1002.3,1001.9,-9999,23.2,21.8,23.6,23.1,22.2,21.8,93,92,92,236,0.0,0.0,N,PA,OBIDOS,A232,-1.880789,-55.519856,89.64
135,2019-01-23,12:00,0.0,1004.3,1004.3,1003.7,1339,25.2,21.5,26.2,23.7,22.4,21.5,89,77,80,236,0.0,0.0,N,PA,OBIDOS,A232,-1.880789,-55.519856,89.64
136,2019-01-23,16:00,0.0,1004.0,1004.8,1004.0,1611,28.1,22.5,28.9,27.4,24.1,21.9,77,68,72,236,0.0,0.0,N,PA,OBIDOS,A232,-1.880789,-55.519856,89.64
137,2019-01-23,20:00,0.0,1000.8,1001.1,1000.8,869,28.2,22.6,28.5,28.0,24.0,22.6,80,71,72,236,0.0,0.0,N,PA,OBIDOS,A232,-1.880789,-55.519856,89.64
138,2019-01-24,00:00,0.0,1002.1,1002.1,1001.5,-9999,23.1,21.7,24.4,23.1,22.1,21.7,92,86,92,236,0.0,0.0,N,PA,OBIDOS,A232,-1.880789,-55.519856,89.64
139,2019-01-24,04:00,0.0,1002.6,1003.1,1002.6,-9999,23.9,22.4,24.1,23.9,22.5,22.1,92,89,91,236,0.0,0.0,N,PA,OBIDOS,A232,-1.880789,-55.519856,89.64
140,2019-01-24,08:00,0.0,1001.2,1001.4,1001.1,-9999,23.0,22.0,23.0,22.8,22.0,21.7,94,94,94,236,0.0,0.0,N,PA,OBIDOS,A232,-1.880789,-55.519856,89.64
141,2019-01-24,12:00,0.0,1003.6,1003.6,1003.0,514,25.3,22.7,25.3,23.9,23.1,22.5,92,85,86,236,0.0,0.0,N,PA,OBIDOS,A232,-1.880789,-55.519856,89.64
142,2019-01-24,16:00,0.0,1003.3,1003.8,1003.3,1394,27.8,22.8,28.5,26.9,23.6,22.5,80,71,74,236,0.0,0.0,N,PA,OBIDOS,A232,-1.880789,-55.519856,89.64
143,2019-01-24,20:00,0.0,1000.3,1000.3,1000.2,1275,29.4,24.1,29.7,28.9,24.6,23.3,75,70,73,236,0.0,0.0,N,PA,OBIDOS,A232,-1.880789,-55.519856,89.64
144,2019-01-25,00:00,0.0,1001.8,1001.8,1000.8,-9999,24.2,22.7,24.2,24.0,22.7,22.4,92,90,92,236,0.0,0.0,N,PA,OBIDOS,A232,-1.880789,-55.519856,89.64
145,2019-01-25,04:00,0.0,1002.5,1002.7,1002.5,-9999,23.6,22.2,23.8,23.6,22.4,22.1,92,91,92,236,0.0,0.0,N,PA,OBIDOS,A232,-1.880789,-55.519856,89.64
146,2019-01-25,08:00,0.0,1001.8,1001.8,1001.5,-9999,23.5,22.0,23.8,23.4,22.0,21.8,92,89,92,236,0.0,0.0,N,PA,OBIDOS,A232,-1.880789,-55.519856,89.64
147,2019-01-25,12:00,0.0,1004.0,1004.0,1003.2,1402,27.1,21.8,27.3,26.1,22.6,21.7,81,72,73,236,0.0,0.0,N,PA,OBIDOS,A232,-1.880789,-55.519856,89.64
148,2019-01-25,16:00,0.0,1003.2,1004.4,1003.2,2443,31.0,21.6,31.5,29.5,22.8,21.2,65,57,57,236,0.0,0.0,N,PA,OBIDOS,A232,-1.880789,-55.519856,89.64
149,2019-01-25,20:00,7.0,1000.5,1000.7,1000.1,227,24.4,23.2,30.4,23.9,23.2,21.8,93,63,93,236,0.0,0.0,N,PA,OBIDOS,A232,-1.880789,-55.519856,89.64
150,2019-01-26,00:00,0.0,1001.1,1001.1,1000.4,-9999,23.9,22.9,24.5,23.9,23.4,22.9,94,94,94,236,0.0,0.0,N,PA,OBIDOS,A232,-1.880789,-55.519856,89.64
151,2019-01-26,04:00,0.0,1002.5,1002.9,1002.5,-9999,23.6,22.7,23.9,23.6,23.0,22.7,95,95,95,236,0.0,0.0,N,PA,OBIDOS,A232,-1.880789,-55.519856,89.64
152,2019-01-26,08:00,0.0,1001.9,1001.9,1001.7,-9999,23.1,21.9,23.3,23.0,22.3,21.8,94,93,93,236,0.0,0.0,N,PA,OBIDOS,A232,-1.880789,-55.519856,89.64
153,2019-01-26,12:00,0.0,1004.2,1004.2,1003.5,635,25.1,22.0,25.1,23.5,23.2,21.8,94,82,83,236,0.0,0.0,N,PA,OBIDOS,A232,-1.880789,-55.519856,89.64
154,2019-01-26,16:00,0.0,1003.2,1004.2,1003.2,1558,29.7,21.8,30.7,28.1,23.5,21.4,75,60,63,236,0.0,0.0,N,PA,OBIDOS,A232,-1.880789,-55.519856,89.64
155,2019-01-26,20:00,0.0,999.5,1000.1,999.5,1124,30.4,23.9,30.7,28.8,24.4,22.1,74,63,68,236,0.0,0.0,N,PA,OBIDOS,A232,-1.880789,-55.519856,89.64
156,2019-01-27,00:00,0.0,1001.0,1001.0,1000.3,-9999,25.1,23.5,25.7,25.1,23.5,23.0,91,87,91,236,0.0,0.0,N,PA,OBIDOS,A232,-1.880789,-55.519856,89.64
157,2019-01-27,04:00,0.0,1001.3,1001.7,1001.3,-9999,24.8,23.4,25.2,24.8,23.6,23.3,92,90,92,236,0.0,0.0,N,PA,OBIDOS,A232,-1.880789,-55.519856,89.64
158,2019-01-27,08:00,6.4,1000.6,1000.7,1000.3,-9999,22.9,21.9,24.0,22.7,22.9,21.7,94,91,94,236,0.0,0.0,N,PA,OBIDOS,A232,-1.880789,-55.519856,89.64
159,2019-01-27,12:00,0.6,1003.7,1003.7,1002.7,296,23.6,22.4,23.6,23.1,22.5,22.1,94,93,93,236,0.0,0.0,N,PA,OBIDOS,A232,-1.880789,-55.519856,89.64
160,2019-01-27,16:00,0.2,1003.1,1003.8,1003.1,1468,26.5,22.5,26.8,25.2,24.2,22.2,87,77,79,236,0.0,0.0,N,PA,OBIDOS,A232,-1.880789,-55.519856,89.64
161,2019-01-27,20:00,0.0,999.5,1000.3,999.5,2047,28.8,22.6,30.2,28.0,23.2,21.7,72,64,69,236,0.0,0.0,N,PA,OBIDOS,A232,-1.880789,-55.519856,89.64
162,2019-01-28,00:00,0.0,1000.4,1000.4,999.8,-9999,24.8,23.1,25.3,24.8,23.5,23.1,92,89,90,236,0.0,0.0,N,PA,OBIDOS,A232,-1.880789,-55.519856,89.64
163,2019-01-28,04:00,0.0,1001.1,1001.6,1001.1,-9999,23.5,22.1,24.2,23.5,22.3,22.1,92,89,92,236,0.0,0.0,N,PA,OBIDOS,A232,-1.880789,-55.519856,89.64
164,2019-01-28,08:00,0.0,999.7,999.8,999.6,-9999,22.9,21.9,23.0,22.7,22.0,21.7,94,94,94,236,0.0,0.0,N,PA,OBIDOS,A232,-1.880789,-55.519856,89.64
165,2019-01-28,12:00,0.0,1002.2,1002.2,1001.4,768,25.8,22.8,25.8,23.8,22.8,22.2,91,82,83,236,0.0,0.0,N,PA,OBIDOS,A232,-1.880789,-55.519856,89.64
166,2019-01-28,16:00,0.0,1001.4,1002.5,1001.4,2478,30.2,22.1,31.0,28.9,23.3,21.4,66,58,62,236,0.0,0.0,N,PA,OBIDOS,A232,-1.880789,-55.519856,89.64
167,2019-01-28,20:00,0.0,999.1,999.4,999.1,1239,28.6,23.9,31.2,27.5,23.9,22.6,79,62,76,236,0.0,0.0,N,PA,OBIDOS,A232,-1.880789,-55.519856,89.64
168,2019-01-29,00:00,0.0,1000.1,1000.1,999.9,-9999,23.4,22.2,24.1,23.4,22.3,22.0,93,88,93,236,0.0,0.0,N,PA,OBIDOS,A232,-1.880789,-55.519856,89.64
169,2019-01-29,04:00,0.0,1001.5,1001.9,1001.5,-9999,22.8,21.8,23.0,22.7,22.0,21.7,94,94,94,236,0.0,0.0,N,PA,OBIDOS,A232,-1.880789,-55.519856,89.64
170,2019-01-29,08:00,0.0,1000.9,1000.9,1000.7,-9999,22.8,21.8,23.3,22.8,22.3,21.8,94,94,94,236,0.0,0.0,N,PA,OBIDOS,A232,-1.880789,-55.519856,89.64
171,2019-01-29,12:00,0.0,1002.7,1002.7,1002.2,1291,27.0,23.2,27.0,25.1,23.4,22.6,87,79,80,236,0.0,0.0,N,PA,OBIDOS,A232,-1.880789,-55.519856,89.64
172,2019-01-29,16:00,0.0,1001.6,1002.6,1001.6,2192,31.3,24.2,32.1,30.0,24.9,21.6,71,56,66,236,0.0,0.0,N,PA,OBIDOS,A232,-1.880789,-55.519856,89.64
173,2019-01-29,20:00,0.0,998.4,998.9,998.3,702,27.8,24.4,27.8,25.7,25.1,23.7,91,81,82,236,0.0,0.0,N,PA,OBIDOS,A232,-1.880789,-55.519856,89.64
174,2019-01-30,00:00,0.0,999.8,999.8,999.4,-9999,23.2,22.1,23.4,23.2,22.4,22.1,94,93,94,236,0.0,0.0,N,PA,OBIDOS,A232,-1.880789,-55.519856,89.64
175,2019-01-30,04:00,0.0,1001.2,1001.3,1001.1,-9999,22.8,21.8,23.1,22.8,22.1,21.8,94,94,94,236,0.0,0.0,N,PA,OBIDOS,A232,-1.880789,-55.519856,89.64
176,2019-01-30,08:00,0.0,1000.8,1000.8,1000.4,-9999,22.9,21.8,23.4,22.9,22.1,21.8,94,92,93,236,0.0,0.0,N,PA,OBIDOS,A232,-1.880789,-55.519856,89.64
177,2019-01-30,12:00,1.8,1003.4,1003.4,1003.0,147,22.9,21.8,23.1,22.7,22.0,21.6,94,93,94,236,0.0,0.0,N,PA,OBIDOS,A232,-1.880789,-55.519856,89.64
178,2019-01-30,16:00,0.0,1002.6,1003.1,1002.6,1442,27.5,23.6,27.5,26.6,24.1,22.6,84,78,79,236,0.0,0.0,N,PA,OBIDOS,A232,-1.880789,-55.519856,89.64
179,2019-01-30,20:00,0.0,998.8,999.6,998.7,1454,29.2,24.2,29.9,28.9,24.6,22.7,76,67,74,236,0.0,0.0,N,PA,OBIDOS,A232,-1.880789,-55.519856,89.64
180,2019-01-31,00:00,0.0,999.9,999.9,999.2,-9999,23.6,21.3,25.3,23.6,23.9,21.2,93,82,87,236,0.0,0.0,N,PA,OBIDOS,A232,-1.880789,-55.519856,89.64
181,2019-01-31,04:00,0.0,1001.1,1001.4,1001.1,-9999,22.9,21.8,23.6,22.9,21.8,21.7,93,89,93,236,0.0,0.0,N,PA,OBIDOS,A232,-1.880789,-55.519856,89.64
182,2019-01-31,08:00,0.0,999.8,1000.0,999.8,-9999,22.6,21.6,22.7,22.5,21.7,21.5,94,94,94,236,0.0,0.0,N,PA,OBIDOS,A232,-1.880789,-55.519856,89.64
183,2019-01-31,12:00,0.0,1002.7,1002.7,1001.9,1402,26.6,22.3,27.1,24.5,22.9,22.2,88,76,77,236,0.0,0.0,N,PA,OBIDOS,A232,-1.880789,-55.519856,89.64
184,2019-01-31,16:00,0.0,1002.0,1002.6,1002.0,1807,30.9,22.7,31.0,29.1,23.3,22.2,69,62,62,236,0.0,0.0,N,PA,OBIDOS,A232,-1.880789,-55.519856,89.64
185,2019-01-31,20:00,0.0,998.5,999.5,998.5,1194,28.5,24.4,31.7,28.5,24.9,23.5,79,64,78,236,0.0,0.0,N,PA,OBIDOS,A232,-1.880789,-55.519856,89.64
186,2019-02-01,00:00,0.0,1000.1,1000.1,999.1,-9999,24.5,23.2,24.8,24.4,23.2,22.9,92,89,92,236,0.0,0.0,N,PA,OBIDOS,A232,-1.880789,-55.519856,89.64
187,2019-02-01,04:00,0.0,1001.1,1001.6,1001.1,-9999,24.1,22.7,24.8,24.1,23.2,22.6,93,89,92,236,0.0,0.0,N,PA,OBIDOS,A232,-1.880789,-55.519856,89.64
188,2019-02-01,08:00,0.0,999.6,1000.1,999.6,-9999,22.7,21.7,23.1,22.7,22.0,21.7,94,94,94,236,0.0,0.0,N,PA,OBIDOS,A232,-1.880789,-55.519856,89.64
189,2019-02-01,12:00,0.0,1002.7,1002.7,1001.9,1021,26.8,22.3,26.8,24.2,22.5,21.9,89,76,76,236,0.0,0.0,N,PA,OBIDOS,A232,-1.880789,-55.519856,89.64
190,2019-02-01,16:00,0.0,1001.9,1002.9,1001.9,2592,31.0,22.4,31.4,28.7,23.2,21.3,70,57,60,236,0.0,0.0,N,PA,OBIDOS,A232,-1.880789,-55.519856,89.64
191,2019-02-01,20:00,0.0,998.9,999.5,998.9,1179,29.1,23.6,31.2,29.1,24.7,23.1,73,64,72,236,0.0,0.0,N,PA,OBIDOS,A232,-1.880789,-55.519856,89.64
192,2019-02-02,00:00,0.0,1000.5,1000.5,999.5,-9999,23.2,22.1,23.2,22.9,22.2,21.7,94,93,94,236,0.0,0.0,N,PA,OBIDOS,A232,-1.880789,-55.519856,89.64
193,2019-02-02,04:00,0.0,1001.9,1002.1,1001.8,-9999,23.9,22.2,24.9,23.9,22.2,21.8,90,84,90,236,0.0,0.0,N,PA,OBIDOS,A232,-1.880789,-55.519856,89.64
194,2019-02-02,08:00,0.0,1001.1,1001.1,1000.8,-9999,23.9,22.8,23.9,23.3,22.8,22.3,94,94,94,236,0.0,0.0,N,PA,OBIDOS,A232,-1.880789,-55.519856,89.64
195,2019-02-02,12:00,0.0,1003.2,1003.2,1002.7,438,25.8,23.3,25.8,24.1,23.6,22.6,92,86,86,236,0.0,0.0,N,PA,OBIDOS,A232,-1.880789,-55.519856,89.64
196,2019-02-02,16:00,0.0,1002.1,1002.9,1002.1,1141,28.8,24.0,28.9,28.1,25.0,23.1,80,73,75,236,0.0,0.0,N,PA,OBIDOS,A232,-1.880789,-55.519856,89.64
197,2019-02-02,20:00,0.0,998.5,998.9,998.5,1044,29.4,24.3,29.6,28.6,25.0,23.0,78,70,74,236,0.0,0.0,N,PA,OBIDOS,A232,-1.880789,-55.519856,89.64
198,2019-02-03,00:00,0.0,1001.0,1001.0,1000.0,-9999,25.4,24.0,25.5,25.2,24.1,23.8,92,91,92,236,0.0,0.0,N,PA,OBIDOS,A232,-1.880789,-55.519856,89.64
199,2019-02-03,04:00,0.0,1002.2,1002.6,1002.2,-9999,24.7,23.1,25.2,24.7,23.7,23.1,92,89,91,236,0.0,0.0,N,PA,OBIDOS,A232,-1.880789,-55.519856,89.64
200,2019-02-03,08:00,0.0,1000.6,1000.9,1000.5,-9999,23.5,22.0,23.9,23.5,22.7,22.0,93,91,91,236,0.0,0.0,N,PA,OBIDOS,A232,-1.880789,-55.519856,89.64
201,2019-02-03,12:00,0.0,1003.8,1003.8,1002.6,651,25.7,22.6,25.7,23.9,22.7,22.2,91,82,83,236,0.0,0.0,N,PA,OBIDOS,A232,-1.880789,-55.519856,89.64
202,2019-02-03,16:00,0.0,1002.9,1003.5,1002.9,951,27.6,23.5,29.3,27.6,23.6,22.4,79,68,78,236,0.0,0.0,N,PA,OBIDOS,A232,-1.880789,-55.519856,89.64
203,2019-02-03,20:00,0.0,999.5,1000.2,999.5,949,25.4,23.9,25.7,25.0,24.2,23.4,94,90,91,236,0.0,0.0,N,PA,OBIDOS,A232,-1.880789,-55.519856,89.64
204,2019-02-04,00:00,0.0,1000.8,1000.8,1000.2,-9999,23.1,22.0,23.1,22.8,22.0,21.8,94,93,94,236,0.0,0.0,N,PA,OBIDOS,A232,-1.880789,-55.519856,89.64
205,2019-02-04,04:00,0.0,1000.9,1001.4,1000.9,-9999,23.0,22.0,23.3,23.0,22.2,22.0,94,94,94,236,0.0,0.0,N,PA,OBIDOS,A232,-1.880789,-55.519856,89.64
206,2019-02-04,08:00,0.0,999.9,999.9,999.6,-9999,22.7,21.8,22.8,22.6,21.9,21.7,95,95,95,236,0.0,0.0,N,PA,OBIDOS,A232,-1.880789,-55.519856,89.64
207,2019-02-04,12:00,0.0,1003.2,1003.2,1001.9,1259,26.1,22.2,26.2,23.3,23.3,22.2,95,79,79,236,0.0,0.0,N,PA,OBIDOS,A232,-1.880789,-55.519856,89.64
208,2019-02-04,16:00,0.0,1002.2,1003.2,1002.2,2357,29.8,22.3,30.2,27.7,23.5,21.8,74,62,64,236,0.0,0.0,N,PA,OBIDOS,A232,-1.880789,-55.519856,89.64
209,2019-02-04,20:00,0.2,998.0,998.7,997.9,1857,29.0,24.1,30.4,28.2,26.0,22.7,83,65,75,236,0.0,0.0,N,PA,OBIDOS,A232,-1.880789,-55.519856,89.64
210,2019-02-05,00:00,0.0,999.7,999.7,998.5,-9999,24.2,22.8,25.1,24.2,23.1,22.8,92,88,92,236,0.0,0.0,N,PA,OBIDOS,A232,-1.880789,-55.519856,89.64
211,2019-02-05,04:00,0.0,1001.8,1002.0,1001.4,-9999,24.3,22.2,24.6,24.3,23.3,22.2,94,88,88,236,0.0,0.0,N,PA,OBIDOS,A232,-1.880789,-55.519856,89.64
212,2019-02-05,08:00,0.0,999.5,999.8,999.4,-9999,22.9,21.8,22.9,22.8,21.8,21.6,94,93,94,236,0.0,0.0,N,PA,OBIDOS,A232,-1.880789,-55.519856,89.64
213,2019-02-05,12:00,0.0,1002.4,1002.4,1001.5,983,26.7,23.1,27.2,23.7,23.5,22.5,93,79,81,236,0.0,0.0,N,PA,OBIDOS,A232,-1.880789,-55.519856,89.64
214,2019-02-05,16:00,0.0,1001.8,1002.7,1001.8,2522,31.3,23.6,31.3,29.3,23.9,22.2,70,60,64,236,0.0,0.0,N,PA,OBIDOS,A232,-1.880789,-55.519856,89.64
215,2019-02-05,20:00,0.0,997.6,998.4,997.6,1350,31.1,22.7,32.2,29.6,25.3,22.5,76,60,61,236,0.0,0.0,N,PA,OBIDOS,A232,-1.880789,-55.519856,89.64
216,2019-02-06,00:00,0.0,999.8,999.8,998.8,-9999,26.0,24.2,26.1,25.4,24.3,23.7,91,87,90,236,0.0,0.0,N,PA,OBIDOS,A232,-1.880789,-55.519856,89.64
217,2019-02-06,04:00,0.0,1001.4,1002.1,1001.4,-9999,24.4,23.2,24.7,24.4,23.2,23.2,93,91,93,236,0.0,0.0,N,PA,OBIDOS,A232,-1.880789,-55.519856,89.64
218,2019-02-06,08:00,0.0,999.9,999.9,999.7,-9999,23.8,22.8,23.9,23.7,22.9,22.7,94,94,94,236,0.0,0.0,N,PA,OBIDOS,A232,-1.880789,-55.519856,89.64
219,2019-02-06,12:00,0.0,1002.8,1002.8,1001.9,595,25.6,23.0,26.3,24.9,23.2,22.4,88,81,86,236,0.0,0.0,N,PA,OBIDOS,A232,-1.880789,-55.519856,89.64
220,2019-02-06,16:00,0.0,1001.5,1002.7,1001.5,1691,30.0,22.5,30.7,29.4,23.9,22.1,71,62,64,236,0.0,0.0,N,PA,OBIDOS,A232,-1.880789,-55.519856,89.64
221,2019-02-06,20:00,0.0,997.4,998.6,997.4,767,27.4,24.3,27.4,25.5,24.9,23.5,91,79,83,236,0.0,0.0,N,PA,OBIDOS,A232,-1.880789,-55.519856,89.64
222,2019-02-07,00:00,0.0,998.9,998.9,997.9,-9999,24.3,23.2,24.8,24.3,23.7,23.2,94,93,94,236,0.0,0.0,N,PA,OBIDOS,A232,-1.880789,-55.519856,89.64
223,2019-02-07,04:00,0.0,1000.1,1000.7,1000.1,-9999,24.3,23.3,24.5,24.3,23.5,23.3,94,94,94,236,0.0,0.0,N,PA,OBIDOS,A232,-1.880789,-55.519856,89.64
224,2019-02-07,08:00,4.6,998.8,998.8,998.3,0,23.3,22.4,23.6,23.2,22.6,22.2,94,94,94,236,0.0,0.0,N,PA,OBIDOS,A232,-1.880789,-55.519856,89.64
225,2019-02-07,12:00,8.2,1001.8,1001.8,1000.7,16,23.3,22.4,23.3,23.3,22.5,22.4,95,95,95,236,0.0,0.0,N,PA,OBIDOS,A232,-1.880789,-55.519856,89.64
226,2019-02-07,16:00,3.0,1002.0,1002.9,1002.0,354,23.8,22.8,23.9,23.3,23.0,22.4,95,94,94,236,0.0,0.0,N,PA,OBIDOS,A232,-1.880789,-55.519856,89.64
227,2019-02-07,20:00,0.0,996.4,997.2,996.4,1426,27.0,23.0,27.9,26.6,24.2,22.6,84,75,79,236,0.0,0.0,N,PA,OBIDOS,A232,-1.880789,-55.519856,89.64
228,2019-02-08,00:00,0.0,999.1,999.1,998.0,-9999,23.9,22.9,23.9,23.6,22.9,22.6,94,94,94,236,0.0,0.0,N,PA,OBIDOS,A232,-1.880789,-55.519856,89.64
229,2019-02-08,04:00,0.0,999.8,1000.4,999.8,-9999,23.5,22.6,23.8,23.5,22.9,22.6,95,94,95,236,0.0,0.0,N,PA,OBIDOS,A232,-1.880789,-55.519856,89.64
230,2019-02-08,08:00,17.8,999.1,999.2,998.9,-9999,23.2,22.4,24.0,23.2,23.1,22.4,95,95,95,236,0.0,0.0,N,PA,OBIDOS,A232,-1.880789,-55.519856,89.64
231,2019-02-08,12:00,0.0,1001.5,1001.5,1000.7,446,24.5,23.6,24.6,23.6,23.6,22.8,95,95,95,236,0.0,0.0,N,PA,OBIDOS,A232,-1.880789,-55.519856,89.64
232,2019-02-08,16:00,0.0,1000.6,1001.1,1000.6,1320,28.6,24.4,28.6,27.8,24.4,23.0,79,73,78,236,0.0,0.0,N,PA,OBIDOS,A232,-1.880789,-55.519856,89.64
233,2019-02-08,20:00,0.0,995.7,996.3,995.7,1534,29.1,24.7,32.2,29.0,24.7,22.2,77,57,77,236,0.0,0.0,N,PA,OBIDOS,A232,-1.880789,-55.519856,89.64
234,2019-02-09,00:00,2.0,999.0,999.0,997.7,-9999,24.2,22.6,25.5,24.2,23.9,22.6,93,90,91,236,0.0,0.0,N,PA,OBIDOS,A232,-1.880789,-55.519856,89.64
235,2019-02-09,04:00,0.0,999.8,1000.4,999.8,-9999,23.6,22.7,23.6,23.5,22.7,22.5,94,94,94,236,0.0,0.0,N,PA,OBIDOS,A232,-1.880789,-55.519856,89.64
236,2019-02-09,08:00,0.0,999.5,999.5,998.9,-9999,23.1,22.2,23.2,23.0,22.3,22.1,95,95,95,236,0.0,0.0,N,PA,OBIDOS,A232,-1.880789,-55.519856,89.64
237,2019-02-09,12:00,0.0,1001.3,1001.3,1000.8,1338,27.1,22.5,27.2,24.8,23.1,21.8,90,73,76,236,0.0,0.0,N,PA,OBIDOS,A232,-1.880789,-55.519856,89.64
238,2019-02-09,16:00,0.0,1000.8,1001.3,1000.8,1768,30.1,23.7,30.1,28.9,23.9,22.1,72,65,68,236,0.0,0.0,N,PA,OBIDOS,A232,-1.880789,-55.519856,89.64
239,2019-02-09,20:00,0.2,996.7,997.2,996.6,846,27.1,25.2,27.7,26.8,25.8,24.3,90,85,89,236,0.0,0.0,N,PA,OBIDOS,A232,-1.880789,-55.519856,89.64
240,2019-02-10,00:00,0.4,999.7,999.7,998.9,-9999,24.6,23.1,25.7,24.6,24.6,23.1,94,91,92,236,0.0,0.0,N,PA,OBIDOS,A232,-1.880789,-55.519856,89.64
241,2019-02-10,04:00,17.8,1001.7,1001.8,1001.6,-9999,22.8,21.9,23.3,22.8,22.3,21.9,95,94,95,236,0.0,0.0,N,PA,OBIDOS,A232,-1.880789,-55.519856,89.64
242,2019-02-10,08:00,0.2,999.7,999.9,999.7,-9999,22.7,21.8,22.8,22.7,21.9,21.8,95,95,95,236,0.0,0.0,N,PA,OBIDOS,A232,-1.880789,-55.519856,89.64
243,2019-02-10,12:00,0.0,1002.3,1002.3,1001.5,606,24.5,23.0,24.5,23.1,23.0,22.2,95,91,91,236,0.0,0.0,N,PA,OBIDOS,A232,-1.880789,-55.519856,89.64
244,2019-02-10,16:00,0.0,1001.3,1002.4,1001.3,2267,29.9,22.3,30.1,28.1,24.1,22.3,76,64,64,236,0.0,0.0,N,PA,OBIDOS,A232,-1.880789,-55.519856,89.64
245,2019-02-10,20:00,0.0,997.1,997.7,997.0,907,26.8,23.8,31.1,26.8,25.0,23.6,84,68,84,236,0.0,0.0,N,PA,OBIDOS,A232,-1.880789,-55.519856,89.64
246,2019-02-11,00:00,0.0,999.5,999.5,998.8,-9999,24.5,23.3,24.5,24.3,23.3,23.1,93,93,93,236,0.0,0.0,N,PA,OBIDOS,A232,-1.880789,-55.519856,89.64
247,2019-02-11,04:00,0.0,1000.1,1000.7,1000.1,-9999,23.7,22.6,24.0,23.7,22.8,22.6,94,93,94,236,0.0,0.0,N,PA,OBIDOS,A232,-1.880789,-55.519856,89.64
248,2019-02-11,08:00,0.0,999.1,999.1,998.9,-9999,23.5,22.5,23.6,23.3,22.6,22.3,94,94,94,236,0.0,0.0,N,PA,OBIDOS,A232,-1.880789,-55.519856,89.64
249,2019-02-11,12:00,0.0,1002.1,1002.1,1001.1,505,25.6,23.4,25.6,24.7,23.7,23.0,92,87,88,236,0.0,0.0,N,PA,OBIDOS,A232,-1.880789,-55.519856,89.64
250,2019-02-11,16:00,0.0,1000.9,1002.1,1000.9,2347,30.9,23.8,31.0,29.3,24.3,22.5,71,64,66,236,0.0,0.0,N,PA,OBIDOS,A232,-1.880789,-55.519856,89.64
251,2019-02-11,20:00,0.0,997.1,997.5,997.1,2125,29.6,24.4,29.6,28.2,24.4,23.3,79,70,74,236,0.0,0.0,N,PA,OBIDOS,A232,-1.880789,-55.519856,89.64
252,2019-02-12,00:00,0.0,999.4,999.4,998.7,-9999,24.6,22.3,25.6,24.6,23.0,22.2,89,82,87,236,0.0,0.0,N,PA,OBIDOS,A232,-1.880789,-55.519856,89.64
253,2019-02-12,04:00,0.0,1000.7,1000.7,1000.5,-9999,23.5,22.5,23.7,23.3,22.6,22.3,94,93,94,236,0.0,0.0,N,PA,OBIDOS,A232,-1.880789,-55.519856,89.64
254,2019-02-12,08:00,0.0,1000.0,1000.0,999.6,-9999,23.8,22.5,23.8,23.3,22.6,22.2,94,93,93,236,0.0,0.0,N,PA,OBIDOS,A232,-1.880789,-55.519856,89.64
255,2019-02-12,12:00,0.0,1003.1,1003.1,1002.1,1118,27.4,23.2,27.4,25.8,23.7,22.6,85,78,78,236,0.0,0.0,N,PA,OBIDOS,A232,-1.880789,-55.519856,89.64
256,2019-02-12,16:00,0.0,1001.6,1002.6,1001.6,1794,29.8,25.0,31.8,28.5,25.0,22.0,77,59,75,236,0.0,0.0,N,PA,OBIDOS,A232,-1.880789,-55.519856,89.64
257,2019-02-12,20:00,0.0,998.2,998.6,998.2,1530,30.0,24.1,30.3,28.3,25.3,23.5,81,69,71,236,0.0,0.0,N,PA,OBIDOS,A232,-1.880789,-55.519856,89.64
258,2019-02-13,00:00,0.0,1000.6,1000.6,1000.1,-9999,25.5,24.1,25.9,25.5,24.4,24.1,92,90,92,236,0.0,0.0,N,PA,OBIDOS,A232,-1.880789,-55.519856,89.64
259,2019-02-13,04:00,0.0,1001.7,1002.3,1001.6,-9999,24.6,23.5,24.7,24.5,23.7,23.5,94,94,94,236,0.0,0.0,N,PA,OBIDOS,A232,-1.880789,-55.519856,89.64
260,2019-02-13,08:00,0.0,1001.1,1001.1,1000.4,-9999,23.7,22.6,23.8,23.6,22.7,22.5,94,93,94,236,0.0,0.0,N,PA,OBIDOS,A232,-1.880789,-55.519856,89.64
261,2019-02-13,12:00,0.0,1003.4,1003.4,1001.7,1135,26.7,23.0,27.0,25.0,23.6,22.7,90,79,80,236,0.0,0.0,N,PA,OBIDOS,A232,-1.880789,-55.519856,89.64
262,2019-02-13,16:00,0.0,1002.1,1003.0,1002.1,2067,30.1,23.6,30.1,29.3,24.0,22.5,73,65,68,236,0.0,0.0,N,PA,OBIDOS,A232,-1.880789,-55.519856,89.64
263,2019-02-13,20:00,0.0,998.4,998.9,998.4,1371,31.1,24.4,31.5,30.0,24.8,21.8,72,57,67,236,0.0,0.0,N,PA,OBIDOS,A232,-1.880789,-55.519856,89.64
264,2019-02-14,00:00,0.0,1001.4,1001.4,1000.5,-9999,24.6,22.9,24.9,24.6,23.0,22.4,91,86,90,236,0.0,0.0,N,PA,OBIDOS,A232,-1.880789,-55.519856,89.64
265,2019-02-14,04:00,0.8,1002.5,1003.2,1002.5,-9999,22.5,21.3,23.2,22.5,21.5,21.2,93,89,93,236,0.0,0.0,N,PA,OBIDOS,A232,-1.880789,-55.519856,89.64
266,2019-02-14,08:00,0.4,1001.7,1001.8,1001.0,-9999,22.0,21.1,22.0,21.9,21.1,20.9,94,94,94,236,0.0,0.0,N,PA,OBIDOS,A232,-1.880789,-55.519856,89.64
267,2019-02-14,12:00,0.0,1003.3,1003.3,1002.7,447,23.8,22.2,23.8,22.7,22.2,21.7,94,91,91,236,0.0,0.0,N,PA,OBIDOS,A232,-1.880789,-55.519856,89.64
268,2019-02-14,16:00,0.0,1002.6,1003.5,1002.6,1837,28.2,23.0,29.6,28.0,24.4,22.6,76,69,74,236,0.0,0.0,N,PA,OBIDOS,A232,-1.880789,-55.519856,89.64
269,2019-02-14,20:00,0.0,999.0,999.8,999.0,1182,29.2,25.1,30.2,27.8,25.1,22.8,78,70,78,236,0.0,0.0,N,PA,OBIDOS,A232,-1.880789,-55.519856,89.64
270,2019-02-15,00:00,0.0,1001.9,1001.9,1000.7,-9999,25.5,24.3,25.5,25.3,24.4,24.0,93,93,93,236,0.0,0.0,N,PA,OBIDOS,A232,-1.880789,-55.519856,89.64
271,2019-02-15,04:00,0.0,1003.0,1003.5,1003.0,-9999,23.7,22.8,23.8,23.6,22.9,22.7,95,94,95,236,0.0,0.0,N,PA,OBIDOS,A232,-1.880789,-55.519856,89.64
272,2019-02-15,08:00,0.0,1001.9,1002.1,1001.9,-9999,23.3,22.4,23.5,23.3,22.6,22.4,95,95,95,236,0.0,0.0,N,PA,OBIDOS,A232,-1.880789,-55.519856,89.64
273,2019-02-15,12:00,0.0,1004.0,1004.0,1003.2,281,23.8,22.8,23.9,23.3,22.9,22.3,95,94,94,236,0.0,0.0,N,PA,OBIDOS,A232,-1.880789,-55.519856,89.64
274,2019-02-15,16:00,0.0,1003.4,1004.0,1003.4,1135,27.2,23.0,27.7,26.6,23.8,22.2,82,75,78,236,0.0,0.0,N,PA,OBIDOS,A232,-1.880789,-55.519856,89.64
275,2019-02-15,20:00,0.0,999.9,1000.6,999.9,1367,28.6,23.0,29.4,27.9,24.3,23.0,81,70,72,236,0.0,0.0,N,PA,OBIDOS,A232,-1.880789,-55.519856,89.64
276,2019-02-16,00:00,0.0,1000.8,1000.8,1000.1,-9999,24.4,23.3,24.6,24.4,23.5,23.3,94,93,94,236,0.0,0.0,N,PA,OBIDOS,A232,-1.880789,-55.519856,89.64
277,2019-02-16,04:00,0.0,1001.9,1002.4,1001.9,-9999,24.5,23.5,24.5,24.4,23.5,23.5,94,94,94,236,0.0,0.0,N,PA,OBIDOS,A232,-1.880789,-55.519856,89.64
278,2019-02-16,08:00,0.0,1001.1,1001.1,1000.7,-9999,23.9,22.9,23.9,23.8,23.0,22.9,95,95,95,236,0.0,0.0,N,PA,OBIDOS,A232,-1.880789,-55.519856,89.64
279,2019-02-16,12:00,0.0,1003.6,1003.6,1002.5,489,25.5,23.4,25.5,24.3,23.7,23.1,94,87,88,236,0.0,0.0,N,PA,OBIDOS,A232,-1.880789,-55.519856,89.64
280,2019-02-16,16:00,0.0,1002.9,1003.8,1002.9,2421,30.0,21.8,30.0,27.5,22.7,21.2,73,61,61,236,0.0,0.0,N,PA,OBIDOS,A232,-1.880789,-55.519856,89.64
281,2019-02-16,20:00,0.0,1000.0,1000.1,1000.0,1215,29.4,22.0,30.8,29.4,22.9,21.1,69,56,64,236,0.0,0.0,N,PA,OBIDOS,A232,-1.880789,-55.519856,89.64
282,2019-02-17,00:00,0.0,1000.8,1000.8,1000.4,-9999,24.3,23.1,24.8,24.2,23.4,22.9,93,92,93,236,0.0,0.0,N,PA,OBIDOS,A232,-1.880789,-55.519856,89.64
283,2019-02-17,04:00,0.0,1001.4,1001.9,1001.4,-9999,23.7,22.5,24.1,23.6,22.8,22.4,93,92,93,236,0.0,0.0,N,PA,OBIDOS,A232,-1.880789,-55.519856,89.64
284,2019-02-17,08:00,0.0,1000.8,1000.8,1000.6,-9999,23.1,22.1,23.4,23.1,22.4,22.1,94,94,94,236,0.0,0.0,N,PA,OBIDOS,A232,-1.880789,-55.519856,89.64
285,2019-02-17,12:00,0.0,1004.0,1004.0,1002.9,846,26.5,22.2,26.7,24.7,23.0,22.1,89,76,77,236,0.0,0.0,N,PA,OBIDOS,A232,-1.880789,-55.519856,89.64
286,2019-02-17,16:00,0.0,1003.1,1003.9,1003.1,2822,32.0,22.2,32.0,29.0,23.4,21.8,68,56,56,236,0.0,0.0,N,PA,OBIDOS,A232,-1.880789,-55.519856,89.64
287,2019-02-17,20:00,0.0,999.9,1000.4,999.9,1177,29.9,23.9,31.6,29.6,23.9,20.6,71,54,70,236,0.0,0.0,N,PA,OBIDOS,A232,-1.880789,-55.519856,89.64
288,2019-02-18,00:00,0.0,1001.5,1001.5,1000.9,-9999,25.3,23.5,25.8,25.2,24.1,23.4,91,89,90,236,0.0,0.0,N,PA,OBIDOS,A232,-1.880789,-55.519856,89.64
289,2019-02-18,04:00,0.0,1002.3,1002.7,1002.3,-9999,25.1,23.4,25.1,25.0,23.6,23.2,91,89,91,236,0.0,0.0,N,PA,OBIDOS,A232,-1.880789,-55.519856,89.64
290,2019-02-18,08:00,0.0,1000.5,1000.8,1000.5,-9999,24.9,23.3,24.9,24.7,23.4,23.3,92,91,91,236,0.0,0.0,N,PA,OBIDOS,A232,-1.880789,-55.519856,89.64
291,2019-02-18,12:00,0.0,1004.5,1004.5,1003.1,103,23.8,22.6,23.8,23.4,22.6,22.3,94,93,93,236,0.0,0.0,N,PA,OBIDOS,A232,-1.880789,-55.519856,89.64
292,2019-02-18,16:00,0.0,1003.7,1004.5,1003.7,1065,27.2,22.6,27.2,25.9,23.4,21.8,84,74,76,236,0.0,0.0,N,PA,OBIDOS,A232,-1.880789,-55.519856,89.64
293,2019-02-18,20:00,0.0,1000.3,1000.7,1000.2,962,27.4,23.1,27.8,27.2,23.6,22.6,81,74,78,236,0.0,0.0,N,PA,OBIDOS,A232,-1.880789,-55.519856,89.64
294,2019-02-19,00:00,0.0,1002.8,1002.8,1001.7,-9999,24.5,22.8,24.6,24.3,23.1,22.7,92,90,90,236,0.0,0.0,N,PA,OBIDOS,A232,-1.880789,-55.519856,89.64
295,2019-02-19,04:00,0.0,1004.0,1004.4,1004.0,-9999,23.0,21.9,23.5,23.0,22.3,21.9,94,93,94,236,0.0,0.0,N,PA,OBIDOS,A232,-1.880789,-55.519856,89.64
296,2019-02-19,08:00,0.0,1001.9,1002.1,1001.7,-9999,22.5,21.6,22.5,22.4,21.6,21.5,95,94,94,236,0.0,0.0,N,PA,OBIDOS,A232,-1.880789,-55.519856,89.64
297,2019-02-19,12:00,0.0,1003.9,1003.9,1003.2,456,24.1,22.5,24.3,23.6,22.7,22.2,93,90,90,236,0.0,0.0,N,PA,OBIDOS,A232,-1.880789,-55.519856,89.64
298,2019-02-19,16:00,0.0,1002.7,1003.5,1002.7,1380,28.2,23.8,29.4,27.6,24.1,22.2,79,66,77,236,0.0,0.0,N,PA,OBIDOS,A232,-1.880789,-55.519856,89.64
299,2019-02-19,20:00,0.0,998.9,999.4,998.9,1113,28.5,24.3,30.1,28.2,24.3,23.0,79,67,78,236,0.0,0.0,N,PA,OBIDOS,A232,-1.880789,-55.519856,89.64
300,2019-02-20,00:00,0.0,1000.5,1000.5,999.5,-9999,24.6,23.6,24.7,24.5,23.6,23.4,94,93,94,236,0.0,0.0,N,PA,OBIDOS,A232,-1.880789,-55.519856,89.64
301,2019-02-20,04:00,0.0,1002.3,1002.8,1002.3,-9999,24.3,23.2,24.6,24.2,23.5,23.1,94,94,94,236,0.0,0.0,N,PA,OBIDOS,A232,-1.880789,-55.519856,89.64
302,2019-02-20,08:00,0.0,1000.1,1000.2,999.8,-9999,23.6,22.6,23.8,23.6,22.7,22.6,94,94,94,236,0.0,0.0,N,PA,OBIDOS,A232,-1.880789,-55.519856,89.64
303,2019-02-20,12:00,0.0,1003.0,1003.0,1001.8,434,25.1,23.3,25.1,24.3,23.4,23.1,93,90,90,236,0.0,0.0,N,PA,OBIDOS,A232,-1.880789,-55.519856,89.64
304,2019-02-20,16:00,0.0,1001.5,1002.5,1001.5,2236,30.1,22.6,31.3,29.9,23.5,21.8,66,60,64,236,0.0,0.0,N,PA,OBIDOS,A232,-1.880789,-55.519856,89.64
305,2019-02-20,20:00,0.2,997.4,997.8,997.3,1190,28.5,25.2,29.6,26.2,26.1,24.2,93,73,82,236,0.0,0.0,N,PA,OBIDOS,A232,-1.880789,-55.519856,89.64
306,2019-02-21,00:00,0.0,999.7,999.7,998.7,-9999,25.1,23.7,25.4,25.1,24.1,23.6,93,91,92,236,0.0,0.0,N,PA,OBIDOS,A232,-1.880789,-55.519856,89.64
307,2019-02-21,04:00,0.0,1000.7,1001.7,1000.7,-9999,24.6,23.4,25.1,24.5,24.0,23.3,93,93,93,236,0.0,0.0,N,PA,OBIDOS,A232,-1.880789,-55.519856,89.64
308,2019-02-21,08:00,0.0,999.6,999.6,998.9,-9999,24.4,23.4,24.4,24.0,23.4,23.0,94,94,94,236,0.0,0.0,N,PA,OBIDOS,A232,-1.880789,-55.519856,89.64
309,2019-02-21,12:00,0.0,1003.7,1003.7,1002.2,152,24.8,23.5,24.8,24.5,23.6,23.3,94,93,93,236,0.0,0.0,N,PA,OBIDOS,A232,-1.880789,-55.519856,89.64
310,2019-02-21,16:00,0.0,1002.9,1004.1,1002.9,2236,29.3,23.2,29.3,28.4,23.9,22.6,75,68,70,236,0.0,0.0,N,PA,OBIDOS,A232,-1.880789,-55.519856,89.64
311,2019-02-21,20:00,0.0,998.9,999.2,998.7,949,28.0,25.0,28.1,27.4,25.9,24.7,91,82,84,236,0.0,0.0,N,PA,OBIDOS,A232,-1.880789,-55.519856,89.64
312,2019-02-22,00:00,0.0,1001.5,1001.7,1000.9,-9999,25.4,24.3,25.5,25.3,24.4,24.2,94,94,94,236,0.0,0.0,N,PA,OBIDOS,A232,-1.880789,-55.519856,89.64
313,2019-02-22,04:00,2.6,1002.8,1003.4,1002.8,-9999,23.1,22.1,23.1,22.9,22.1,21.9,94,94,94,236,0.0,0.0,N,PA,OBIDOS,A232,-1.880789,-55.519856,89.64
314,2019-02-22,08:00,0.8,1001.9,1002.0,1001.4,-9999,23.5,22.6,23.5,23.2,22.6,22.2,95,94,95,236,0.0,0.0,N,PA,OBIDOS,A232,-1.880789,-55.519856,89.64
315,2019-02-22,12:00,0.0,1004.0,1004.0,1003.2,504,24.6,23.2,24.6,23.4,23.4,22.5,95,92,92,236,0.0,0.0,N,PA,OBIDOS,A232,-1.880789,-55.519856,89.64
316,2019-02-22,16:00,0.0,1002.9,1003.8,1002.9,2200,28.8,24.0,30.5,28.8,24.0,22.5,75,63,75,236,0.0,0.0,N,PA,OBIDOS,A232,-1.880789,-55.519856,89.64
317,2019-02-22,20:00,4.6,999.9,1000.5,999.8,180,24.1,23.1,24.2,23.7,23.2,22.6,94,93,94,236,0.0,0.0,N,PA,OBIDOS,A232,-1.880789,-55.519856,89.64
318,2019-02-23,00:00,0.0,1001.3,1001.3,1000.1,-9999,24.5,23.5,24.5,24.2,23.5,23.1,94,94,94,236,0.0,0.0,N,PA,OBIDOS,A232,-1.880789,-55.519856,89.64
319,2019-02-23,04:00,0.0,1002.3,1002.8,1002.3,-9999,24.1,23.2,24.2,23.8,23.2,22.8,95,94,95,236,0.0,0.0,N,PA,OBIDOS,A232,-1.880789,-55.519856,89.64
320,2019-02-23,08:00,0.0,1000.7,1000.8,1000.5,-9999,23.8,22.8,24.2,23.7,23.3,22.8,94,94,94,236,0.0,0.0,N,PA,OBIDOS,A232,-1.880789,-55.519856,89.64
321,2019-02-23,12:00,0.0,1003.6,1003.6,1002.8,111,24.1,23.1,24.1,23.6,23.1,22.7,95,94,94,236,0.0,0.0,N,PA,OBIDOS,A232,-1.880789,-55.519856,89.64
322,2019-02-23,16:00,1.2,1002.5,1003.6,1002.5,962,26.0,23.4,27.7,26.0,24.1,23.1,89,77,86,236,0.0,0.0,N,PA,OBIDOS,A232,-1.880789,-55.519856,89.64
323,2019-02-23,20:00,0.0,998.7,999.1,998.6,1305,26.5,24.2,26.7,23.9,24.8,22.8,94,86,87,236,0.0,0.0,N,PA,OBIDOS,A232,-1.880789,-55.519856,89.64
324,2019-02-24,00:00,0.0,1000.8,1000.8,1000.1,-9999,23.9,22.9,24.1,23.8,23.0,22.8,94,94,94,236,0.0,0.0,N,PA,OBIDOS,A232,-1.880789,-55.519856,89.64
325,2019-02-24,04:00,0.0,1002.1,1002.2,1002.1,-9999,23.7,22.8,23.8,23.7,22.8,22.7,94,94,94,236,0.0,0.0,N,PA,OBIDOS,A232,-1.880789,-55.519856,89.64
326,2019-02-24,08:00,0.2,1000.3,1000.5,1000.2,-9999,23.0,22.1,23.0,22.8,22.1,21.9,95,94,95,236,0.0,0.0,N,PA,OBIDOS,A232,-1.880789,-55.519856,89.64
327,2019-02-24,12:00,0.2,1003.0,1003.0,1002.1,266,23.3,22.3,23.3,23.1,22.3,22.0,94,94,94,236,0.0,0.0,N,PA,OBIDOS,A232,-1.880789,-55.519856,89.64
328,2019-02-24,16:00,0.0,1002.0,1002.6,1002.0,2322,28.0,22.8,29.7,27.7,23.5,22.2,76,67,74,236,0.0,0.0,N,PA,OBIDOS,A232,-1.880789,-55.519856,89.64
329,2019-02-24,20:00,0.0,997.8,998.2,997.8,1846,29.9,22.4,30.8,29.7,23.8,22.2,68,60,64,236,0.0,0.0,N,PA,OBIDOS,A232,-1.880789,-55.519856,89.64
330,2019-02-25,00:00,0.0,1000.0,1000.0,999.1,-9999,24.0,22.7,24.4,24.0,23.0,22.6,93,91,92,236,0.0,0.0,N,PA,OBIDOS,A232,-1.880789,-55.519856,89.64
331,2019-02-25,04:00,0.0,1000.9,1001.2,1000.8,-9999,24.0,23.0,24.1,23.8,23.1,22.8,94,94,94,236,0.0,0.0,N,PA,OBIDOS,A232,-1.880789,-55.519856,89.64
332,2019-02-25,08:00,6.0,999.8,999.8,999.5,-9999,22.9,22.0,22.9,22.8,22.0,21.9,95,94,95,236,0.0,0.0,N,PA,OBIDOS,A232,-1.880789,-55.519856,89.64
333,2019-02-25,12:00,1.6,1003.1,1003.1,1002.0,103,23.0,22.0,23.0,22.8,22.1,21.8,94,94,94,236,0.0,0.0,N,PA,OBIDOS,A232,-1.880789,-55.519856,89.64
334,2019-02-25,16:00,0.0,1003.4,1004.0,1003.4,1154,25.6,22.2,25.7,24.3,23.1,22.0,90,81,81,236,0.0,0.0,N,PA,OBIDOS,A232,-1.880789,-55.519856,89.64
335,2019-02-25,20:00,0.2,1000.0,1000.4,999.8,414,25.0,23.3,25.6,25.0,23.8,23.2,92,88,90,236,0.0,0.0,N,PA,OBIDOS,A232,-1.880789,-55.519856,89.64
336,2019-02-26,00:00,0.0,1001.4,1001.4,1001.2,-9999,22.5,21.5,22.9,22.5,21.8,21.4,94,93,94,236,0.0,0.0,N,PA,OBIDOS,A232,-1.880789,-55.519856,89.64
337,2019-02-26,04:00,0.0,1002.2,1002.7,1002.2,-9999,22.4,21.5,22.5,22.3,21.6,21.4,95,95,95,236,0.0,0.0,N,PA,OBIDOS,A232,-1.880789,-55.519856,89.64
338,2019-02-26,08:00,0.0,1000.8,1000.9,1000.8,-9999,22.2,21.4,22.2,22.0,21.4,21.1,95,95,95,236,0.0,0.0,N,PA,OBIDOS,A232,-1.880789,-55.519856,89.64
339,2019-02-26,12:00,0.0,1003.4,1003.4,1002.6,500,25.0,23.4,25.0,23.4,23.4,22.5,95,90,91,236,0.0,0.0,N,PA,OBIDOS,A232,-1.880789,-55.519856,89.64
340,2019-02-26,16:00,0.0,1002.3,1003.2,1002.3,1745,27.9,24.5,29.1,26.6,24.7,22.8,85,73,82,236,0.0,0.0,N,PA,OBIDOS,A232,-1.880789,-55.519856,89.64
341,2019-02-26,20:00,0.2,999.8,1000.1,999.8,398,24.9,23.4,24.9,24.4,23.6,22.9,93,91,91,236,0.0,0.0,N,PA,OBIDOS,A232,-1.880789,-55.519856,89.64
342,2019-02-27,00:00,0.8,1002.7,1002.8,1002.3,-9999,22.6,21.7,22.6,22.5,21.7,21.6,95,94,95,236,0.0,0.0,N,PA,OBIDOS,A232,-1.880789,-55.519856,89.64
343,2019-02-27,04:00,0.0,1002.4,1003.0,1002.4,-9999,22.5,21.5,22.5,22.4,21.6,21.5,95,94,94,236,0.0,0.0,N,PA,OBIDOS,A232,-1.880789,-55.519856,89.64
344,2019-02-27,08:00,0.0,1001.3,1001.4,1001.3,-9999,22.6,21.7,22.6,22.5,21.7,21.6,95,94,95,236,0.0,0.0,N,PA,OBIDOS,A232,-1.880789,-55.519856,89.64
345,2019-02-27,12:00,0.0,1003.7,1003.7,1002.9,516,24.0,22.5,24.0,23.2,22.7,22.2,94,91,92,236,0.0,0.0,N,PA,OBIDOS,A232,-1.880789,-55.519856,89.64
346,2019-02-27,16:00,0.0,1003.4,1004.3,1003.4,721,26.3,22.6,26.4,25.8,23.2,22.1,85,78,80,236,0.0,0.0,N,PA,OBIDOS,A232,-1.880789,-55.519856,89.64
347,2019-02-27,20:00,0.0,1000.0,1000.6,1000.0,1836,28.3,23.2,28.5,27.9,24.1,22.7,79,72,74,236,0.0,0.0,N,PA,OBIDOS,A232,-1.880789,-55.519856,89.64
348,2019-02-28,00:00,0.0,1001.8,1001.8,1001.1,-9999,23.6,22.6,23.8,23.4,22.8,22.4,94,94,94,236,0.0,0.0,N,PA,OBIDOS,A232,-1.880789,-55.519856,89.64
349,2019-02-28,04:00,0.0,1002.7,1003.2,1002.7,-9999,23.6,22.5,24.0,23.6,22.6,22.5,94,91,94,236,0.0,0.0,N,PA,OBIDOS,A232,-1.880789,-55.519856,89.64
350,2019-02-28,08:00,0.0,1001.8,1001.8,1001.6,-9999,22.9,22.0,23.2,22.9,22.2,22.0,94,94,94,236,0.0,0.0,N,PA,OBIDOS,A232,-1.880789,-55.519856,89.64
351,2019-02-28,12:00,0.0,1005.1,1005.1,1004.4,430,24.9,22.2,24.9,23.7,22.9,22.2,94,85,85,236,0.0,0.0,N,PA,OBIDOS,A232,-1.880789,-55.519856,89.64
352,2019-02-28,16:00,0.0,1004.5,1005.5,1004.5,2951,29.4,20.6,30.2,28.4,21.8,19.5,65,54,59,236,0.0,0.0,N,PA,OBIDOS,A232,-1.880789,-55.519856,89.64
353,2019-02-28,20:00,0.0,1001.5,1001.6,1001.5,1388,29.1,21.7,30.6,28.7,21.9,19.6,65,53,65,236,0.0,0.0,N,PA,OBIDOS,A232,-1.880789,-55.519856,89.64
354,2019-03-01,00:00,0.0,1003.7,1003.7,1003.0,-9999,23.3,21.0,24.1,23.0,22.1,21.0,90,87,87,236,0.0,0.0,N,PA,OBIDOS,A232,-1.880789,-55.519856,89.64
355,2019-03-01,04:00,0.0,1003.6,1004.2,1003.6,-9999,22.9,20.9,23.9,22.9,21.6,20.8,91,83,89,236,0.0,0.0,N,PA,OBIDOS,A232,-1.880789,-55.519856,89.64
356,2019-03-01,08:00,0.0,1001.9,1002.0,1001.8,-9999,23.0,21.7,23.1,22.9,21.7,21.2,93,89,92,236,0.0,0.0,N,PA,OBIDOS,A232,-1.880789,-55.519856,89.64
357,2019-03-01,12:00,0.0,1004.6,1004.6,1003.9,759,26.3,21.6,26.3,24.2,22.3,21.4,87,75,75,236,0.0,0.0,N,PA,OBIDOS,A232,-1.880789,-55.519856,89.64
358,2019-03-01,16:00,0.0,1004.3,1005.0,1004.3,2702,30.3,20.6,31.5,29.1,22.0,20.4,62,54,56,236,0.0,0.0,N,PA,OBIDOS,A232,-1.880789,-55.519856,89.64
359,2019-03-01,20:00,0.0,1001.4,1001.4,1001.1,242,26.1,23.4,28.9,25.8,23.5,21.3,87,67,86,236,0.0,0.0,N,PA,OBIDOS,A232,-1.880789,-55.519856,89.64
360,2019-03-02,00:00,0.0,1002.9,1002.9,1002.3,-9999,23.6,22.5,24.1,23.6,23.0,22.5,94,93,94,236,0.0,0.0,N,PA,OBIDOS,A232,-1.880789,-55.519856,89.64
361,2019-03-02,04:00,0.0,1003.3,1004.0,1003.3,-9999,24.0,22.8,24.0,23.8,22.8,22.7,94,93,93,236,0.0,0.0,N,PA,OBIDOS,A232,-1.880789,-55.519856,89.64
362,2019-03-02,08:00,0.0,1002.0,1002.3,1002.0,-9999,23.0,21.8,24.0,23.0,22.7,21.8,94,91,93,236,0.0,0.0,N,PA,OBIDOS,A232,-1.880789,-55.519856,89.64
363,2019-03-02,12:00,0.0,1005.5,1005.5,1004.4,459,24.9,22.8,24.9,24.3,22.9,22.5,91,88,88,236,0.0,0.0,N,PA,OBIDOS,A232,-1.880789,-55.519856,89.64
364,2019-03-02,16:00,0.0,1004.1,1005.3,1004.1,2573,29.1,22.0,29.8,28.1,23.2,21.7,71,63,66,236,0.0,0.0,N,PA,OBIDOS,A232,-1.880789,-55.519856,89.64
365,2019-03-02,20:00,0.0,1000.1,1000.5,1000.0,1850,29.2,22.6,31.6,28.9,24.2,22.1,73,61,68,236,0.0,0.0,N,PA,OBIDOS,A232,-1.880789,-55.519856,89.64
366,2019-03-03,00:00,0.0,1002.1,1002.1,1001.1,-9999,24.7,22.9,24.8,24.5,23.1,22.9,92,90,90,236,0.0,0.0,N,PA,OBIDOS,A232,-1.880789,-55.519856,89.64
367,2019-03-03,04:00,0.2,1003.2,1003.9,1003.2,-9999,23.8,22.8,24.1,23.8,23.0,22.8,94,93,94,236,0.0,0.0,N,PA,OBIDOS,A232,-1.880789,-55.519856,89.64
368,2019-03-03,08:00,0.0,1001.5,1001.6,1001.5,-9999,23.0,22.0,23.2,23.0,22.1,21.9,94,93,94,237,0.0,0.0,N,PA,OBIDOS,A232,-1.880789,-55.519856,89.64
369,2019-03-03,12:00,0.0,1004.4,1004.4,1003.6,864,25.4,22.5,25.7,24.3,23.1,22.3,92,82,84,250,0.0,0.0,N,PA,OBIDOS,A232,-1.880789,-55.519856,89.64
370,2019-03-03,16:00,0.2,1003.3,1004.4,1003.3,2602,30.9,22.0,31.3,29.5,23.5,21.4,67,58,59,250,0.0,0.0,N,PA,OBIDOS,A232,-1.880789,-55.519856,89.64
371,2019-03-03,20:00,0.0,999.1,999.8,999.0,1411,27.6,23.9,28.7,26.8,25.8,23.9,88,79,80,278,0.0,0.0,N,PA,OBIDOS,A232,-1.880789,-55.519856,89.64
372,2019-03-04,00:00,0.0,1000.9,1000.9,1000.3,-9999,23.8,22.7,24.3,23.8,23.0,22.6,93,93,93,304,0.0,0.0,N,PA,OBIDOS,A232,-1.880789,-55.519856,89.64
373,2019-03-04,04:00,0.0,1001.6,1002.1,1001.6,-9999,23.2,22.2,23.8,23.2,22.6,22.2,94,93,94,304,0.0,0.0,N,PA,OBIDOS,A232,-1.880789,-55.519856,89.64
374,2019-03-04,08:00,0.0,1000.6,1000.7,1000.6,-9999,23.8,22.7,23.8,23.6,22.7,22.5,94,94,94,304,0.0,0.0,N,PA,OBIDOS,A232,-1.880789,-55.519856,89.64
375,2019-03-04,12:00,0.0,1003.0,1003.0,1002.4,1245,26.7,21.9,26.7,24.5,22.9,21.7,90,75,75,304,0.0,0.0,N,PA,OBIDOS,A232,-1.880789,-55.519856,89.64
376,2019-03-04,16:00,0.0,1003.5,1004.1,1003.5,2492,30.0,22.1,30.7,29.8,22.1,19.6,63,53,63,304,0.0,0.0,N,PA,OBIDOS,A232,-1.880789,-55.519856,89.64
377,2019-03-04,20:00,0.0,999.4,1000.2,999.4,1737,31.2,21.6,32.0,29.9,22.3,20.4,61,53,57,304,0.0,0.0,N,PA,OBIDOS,A232,-1.880789,-55.519856,89.64
378,2019-03-05,00:00,0.0,1000.9,1000.9,999.9,-9999,23.6,22.2,24.3,23.6,22.6,22.2,92,90,92,304,0.0,0.0,N,PA,OBIDOS,A232,-1.880789,-55.519856,89.64
379,2019-03-05,04:00,0.0,1002.8,1003.1,1002.8,-9999,23.6,22.3,23.6,22.6,22.3,21.4,94,91,92,304,0.0,0.0,N,PA,OBIDOS,A232,-1.880789,-55.519856,89.64
380,2019-03-05,08:00,0.0,1001.7,1001.7,1001.6,-9999,23.4,21.6,23.5,23.1,22.0,21.5,93,89,89,304,0.0,0.0,N,PA,OBIDOS,A232,-1.880789,-55.519856,89.64
381,2019-03-05,12:00,0.0,1004.3,1004.3,1003.4,532,25.7,21.8,25.7,24.0,22.0,21.6,87,79,79,236,0.0,0.0,N,PA,OBIDOS,A232,-1.880789,-55.519856,89.64
382,2019-03-05,16:00,0.0,1003.6,1004.7,1003.6,2927,31.1,22.4,31.7,29.5,22.7,20.7,64,53,60,236,0.0,0.0,N,PA,OBIDOS,A232,-1.880789,-55.519856,89.64
383,2019-03-05,20:00,0.0,999.5,1000.1,999.5,1921,31.8,20.1,32.6,31.3,21.1,18.7,54,45,50,236,0.0,0.0,N,PA,OBIDOS,A232,-1.880789,-55.519856,89.64
384,2019-03-06,00:00,0.0,1002.3,1002.3,1001.2,-9999,24.4,22.7,24.8,24.4,23.2,22.7,91,90,90,304,0.0,0.0,N,PA,OBIDOS,A232,-1.880789,-55.519856,89.64
385,2019-03-06,04:00,0.0,1003.0,1003.8,1003.0,-9999,25.4,23.8,25.6,24.8,23.9,23.6,93,90,91,304,0.0,0.0,N,PA,OBIDOS,A232,-1.880789,-55.519856,89.64
386,2019-03-06,08:00,0.0,1001.8,1001.9,1001.7,-9999,24.6,22.9,24.9,24.6,23.2,22.9,91,90,91,304,0.0,0.0,N,PA,OBIDOS,A232,-1.880789,-55.519856,89.64
387,2019-03-06,12:00,0.0,1005.0,1005.0,1003.8,457,25.8,22.8,25.8,24.7,23.1,22.5,88,83,83,304,0.0,0.0,N,PA,OBIDOS,A232,-1.880789,-55.519856,89.64
388,2019-03-06,16:00,0.0,1004.6,1005.7,1004.6,1701,29.2,23.7,29.2,28.3,23.7,22.4,74,69,72,304,0.0,0.0,N,PA,OBIDOS,A232,-1.880789,-55.519856,89.64
389,2019-03-06,20:00,19.0,1000.8,1001.4,1000.5,665,23.8,22.8,30.9,23.5,24.1,22.0,94,63,94,304,0.0,0.0,N,PA,OBIDOS,A232,-1.880789,-55.519856,89.64
390,2019-03-07,00:00,0.0,1002.8,1002.8,1002.1,-9999,23.6,22.6,24.1,23.6,23.1,22.5,94,94,94,304,0.0,0.0,N,PA,OBIDOS,A232,-1.880789,-55.519856,89.64
391,2019-03-07,04:00,0.0,1003.0,1003.6,1003.0,-9999,23.7,22.7,23.8,23.7,22.7,22.6,94,94,94,304,0.0,0.0,N,PA,OBIDOS,A232,-1.880789,-55.519856,89.64
392,2019-03-07,08:00,0.0,1001.8,1001.8,1001.7,-9999,23.2,22.3,23.3,23.2,22.4,22.3,95,94,95,304,0.0,0.0,N,PA,OBIDOS,A232,-1.880789,-55.519856,89.64
393,2019-03-07,12:00,0.0,1004.9,1004.9,1004.0,474,24.7,23.5,24.7,23.6,23.6,22.7,94,93,93,304,0.0,0.0,N,PA,OBIDOS,A232,-1.880789,-55.519856,89.64
394,2019-03-07,16:00,0.0,1004.2,1005.4,1004.2,2303,29.2,23.0,29.5,26.4,23.7,22.3,81,68,69,304,0.0,0.0,N,PA,OBIDOS,A232,-1.880789,-55.519856,89.64
395,2019-03-07,20:00,0.2,999.9,1000.4,999.7,930,26.9,25.0,30.8,26.6,25.4,23.4,90,70,89,304,0.0,0.0,N,PA,OBIDOS,A232,-1.880789,-55.519856,89.64
396,2019-03-08,00:00,0.0,1001.9,1001.9,1001.5,-9999,24.6,23.4,25.0,24.6,23.7,23.4,93,92,93,304,0.0,0.0,N,PA,OBIDOS,A232,-1.880789,-55.519856,89.64
397,2019-03-08,04:00,0.0,1003.2,1003.2,1003.0,-9999,22.9,21.8,23.7,22.9,22.4,21.8,93,93,93,304,0.0,0.0,N,PA,OBIDOS,A232,-1.880789,-55.519856,89.64
398,2019-03-08,08:00,0.0,1001.7,1001.9,1001.7,-9999,22.8,21.6,22.9,22.7,21.6,21.4,93,92,93,304,0.0,0.0,N,PA,OBIDOS,A232,-1.880789,-55.519856,89.64
399,2019-03-08,12:00,0.0,1003.6,1003.6,1002.9,1153,25.8,22.5,26.1,23.4,23.1,21.9,92,81,82,304,0.0,0.0,N,PA,OBIDOS,A232,-1.880789,-55.519856,89.64
400,2019-03-08,16:00,0.0,1003.1,1003.8,1003.1,2377,30.1,22.8,30.5,28.9,24.0,21.4,69,61,65,304,0.0,0.0,N,PA,OBIDOS,A232,-1.880789,-55.519856,89.64
401,2019-03-08,20:00,0.0,999.3,1000.0,999.3,1765,30.2,23.8,31.5,29.5,24.3,22.6,72,61,69,285,0.0,0.0,N,PA,OBIDOS,A232,-1.880789,-55.519856,89.64
402,2019-03-09,00:00,0.0,999.7,999.7,999.0,-9999,25.3,23.1,26.0,25.3,23.5,23.0,88,84,87,304,0.0,0.0,N,PA,OBIDOS,A232,-1.880789,-55.519856,89.64
403,2019-03-09,04:00,0.0,1001.4,1001.7,1001.4,-9999,25.4,23.6,25.7,25.4,23.7,23.5,90,88,90,304,0.0,0.0,N,PA,OBIDOS,A232,-1.880789,-55.519856,89.64
404,2019-03-09,08:00,0.0,1000.6,1000.6,1000.2,-9999,25.0,23.3,25.2,25.0,23.8,23.3,92,90,90,304,0.0,0.0,N,PA,OBIDOS,A232,-1.880789,-55.519856,89.64
405,2019-03-09,12:00,0.0,1003.8,1003.8,1002.0,91,23.8,22.3,23.8,23.6,22.3,21.8,92,90,92,304,0.0,0.0,N,PA,OBIDOS,A232,-1.880789,-55.519856,89.64
406,2019-03-09,16:00,0.0,1002.8,1004.2,1002.8,956,26.4,23.2,26.5,25.7,24.1,23.0,88,82,82,304,0.0,0.0,N,PA,OBIDOS,A232,-1.880789,-55.519856,89.64
407,2019-03-09,20:00,0.0,998.1,999.1,998.1,918,26.8,23.8,29.0,26.7,24.3,23.2,84,73,84,304,0.0,0.0,N,PA,OBIDOS,A232,-1.880789,-55.519856,89.64
408,2019-03-10,00:00,0.0,1000.2,1000.2,999.3,-9999,24.7,23.2,24.9,24.7,23.3,23.1,92,91,91,304,0.0,0.0,N,PA,OBIDOS,A232,-1.880789,-55.519856,89.64
409,2019-03-10,04:00,9.0,1002.5,1002.6,1002.2,-9999,23.4,22.4,24.7,23.4,23.3,22.4,94,92,94,304,0.0,0.0,N,PA,OBIDOS,A232,-1.880789,-55.519856,89.64
410,2019-03-10,08:00,1.0,1000.5,1000.8,1000.5,-9999,22.9,22.0,22.9,22.8,22.0,21.9,95,95,95,304,0.0,0.0,N,PA,OBIDOS,A232,-1.880789,-55.519856,89.64
411,2019-03-10,12:00,0.0,1003.1,1003.1,1002.5,993,26.1,23.4,26.3,24.4,23.7,22.8,95,83,85,304,0.0,0.0,N,PA,OBIDOS,A232,-1.880789,-55.519856,89.64
412,2019-03-10,16:00,0.0,1002.2,1003.4,1002.2,2429,28.8,22.3,30.1,28.3,23.9,22.0,74,64,68,304,0.0,0.0,N,PA,OBIDOS,A232,-1.880789,-55.519856,89.64
413,2019-03-10,20:00,0.0,997.3,998.3,997.3,1919,29.8,23.4,30.5,29.5,25.0,23.0,75,66,69,304,0.0,0.0,N,PA,OBIDOS,A232,-1.880789,-55.519856,89.64
414,2019-03-11,00:00,0.0,999.8,999.8,998.8,-9999,24.7,23.6,24.9,24.5,23.8,23.4,94,93,94,304,0.0,0.0,N,PA,OBIDOS,A232,-1.880789,-55.519856,89.64
415,2019-03-11,04:00,0.2,1000.9,1001.4,1000.9,-9999,22.6,21.8,22.8,22.6,21.9,21.7,95,95,95,304,0.0,0.0,N,PA,OBIDOS,A232,-1.880789,-55.519856,89.64
416,2019-03-11,08:00,0.2,999.7,999.9,999.7,-9999,22.9,22.0,22.9,22.8,22.0,21.9,95,95,95,304,0.0,0.0,N,PA,OBIDOS,A232,-1.880789,-55.519856,89.64
417,2019-03-11,12:00,0.0,1002.3,1002.3,1001.6,576,25.2,23.5,25.2,23.5,23.6,22.6,94,90,90,304,0.0,0.0,N,PA,OBIDOS,A232,-1.880789,-55.519856,89.64
418,2019-03-11,16:00,0.2,1001.8,1002.2,1001.8,648,24.9,23.3,28.3,24.8,23.6,22.5,92,73,91,304,0.0,0.0,N,PA,OBIDOS,A232,-1.880789,-55.519856,89.64
419,2019-03-11,20:00,0.0,999.3,999.4,999.3,322,24.4,23.1,24.8,24.4,23.5,23.0,93,92,92,304,0.0,0.0,N,PA,OBIDOS,A232,-1.880789,-55.519856,89.64
420,2019-03-12,00:00,0.0,1000.3,1000.3,999.6,-9999,22.7,21.8,23.1,22.7,22.1,21.8,94,94,94,304,0.0,0.0,N,PA,OBIDOS,A232,-1.880789,-55.519856,89.64
421,2019-03-12,04:00,0.0,1001.7,1001.9,1001.7,-9999,23.2,22.3,23.2,23.0,22.3,22.1,95,95,95,304,0.0,0.0,N,PA,OBIDOS,A232,-1.880789,-55.519856,89.64
422,2019-03-12,08:00,1.4,1000.5,1000.5,1000.1,-9999,22.2,21.3,22.2,22.0,21.3,21.1,95,95,95,304,0.0,0.0,N,PA,OBIDOS,A232,-1.880789,-55.519856,89.64
423,2019-03-12,12:00,0.0,1003.4,1003.4,1002.4,289,23.3,22.0,23.3,22.6,22.2,21.7,95,93,93,304,0.0,0.0,N,PA,OBIDOS,A232,-1.880789,-55.519856,89.64
424,2019-03-12,16:00,0.0,1002.6,1003.6,1002.6,2130,29.0,22.6,29.2,27.5,24.4,22.0,82,67,68,304,0.0,0.0,N,PA,OBIDOS,A232,-1.880789,-55.519856,89.64
425,2019-03-12,20:00,0.0,999.2,999.4,999.0,776,28.0,24.5,30.4,27.9,24.8,22.2,81,63,81,304,0.0,0.0,N,PA,OBIDOS,A232,-1.880789,-55.519856,89.64
426,2019-03-13,00:00,0.0,1000.8,1000.8,999.8,-9999,21.3,20.4,21.3,20.9,20.4,19.9,95,94,95,304,0.0,0.0,N,PA,OBIDOS,A232,-1.880789,-55.519856,89.64
427,2019-03-13,04:00,0.0,1002.1,1002.7,1002.1,-9999,22.6,21.6,23.0,22.5,22.0,21.6,95,94,95,304,0.0,0.0,N,PA,OBIDOS,A232,-1.880789,-55.519856,89.64
428,2019-03-13,08:00,0.0,1001.0,1001.0,1000.5,-9999,23.9,22.9,24.1,23.8,23.2,22.8,94,94,94,304,0.0,0.0,N,PA,OBIDOS,A232,-1.880789,-55.519856,89.64
429,2019-03-13,12:00,13.2,1004.1,1004.1,1003.1,22,22.6,21.8,24.2,22.6,23.2,21.7,95,94,95,304,0.0,0.0,N,PA,OBIDOS,A232,-1.880789,-55.519856,89.64
430,2019-03-13,16:00,0.0,1003.5,1004.8,1003.5,1374,25.7,21.9,25.7,24.7,23.3,21.5,90,78,80,304,0.0,0.0,N,PA,OBIDOS,A232,-1.880789,-55.519856,89.64
431,2019-03-13,20:00,0.0,999.6,1000.2,999.6,758,25.2,22.1,26.2,25.2,22.9,21.7,85,77,83,304,0.0,0.0,N,PA,OBIDOS,A232,-1.880789,-55.519856,89.64
432,2019-03-14,00:00,0.0,1000.9,1000.9,999.6,-9999,22.8,21.7,22.9,22.5,21.9,21.5,94,94,94,304,0.0,0.0,N,PA,OBIDOS,A232,-1.880789,-55.519856,89.64
433,2019-03-14,04:00,0.0,1001.5,1002.0,1001.5,-9999,23.6,22.4,23.7,23.4,22.6,22.3,94,93,93,304,0.0,0.0,N,PA,OBIDOS,A232,-1.880789,-55.519856,89.64
434,2019-03-14,08:00,0.0,1001.4,1001.4,1000.8,-9999,23.3,22.4,23.3,23.1,22.4,22.2,95,95,95,304,0.0,0.0,N,PA,OBIDOS,A232,-1.880789,-55.519856,89.64
435,2019-03-14,12:00,0.0,1003.7,1003.7,1003.0,1044,26.4,23.4,26.8,25.6,23.8,22.8,87,81,83,304,0.0,0.0,N,PA,OBIDOS,A232,-1.880789,-55.519856,89.64
436,2019-03-14,16:00,0.0,1002.4,1003.0,1002.4,1183,29.2,24.1,30.2,28.5,24.7,22.7,79,67,74,304,0.0,0.0,N,PA,OBIDOS,A232,-1.880789,-55.519856,89.64
437,2019-03-14,20:00,0.0,998.4,999.1,998.4,1086,27.7,23.6,30.7,27.6,24.9,23.5,82,67,78,304,0.0,0.0,N,PA,OBIDOS,A232,-1.880789,-55.519856,89.64
438,2019-03-15,00:00,0.0,999.7,999.7,999.1,-9999,24.6,23.2,24.6,24.0,23.2,22.9,93,92,92,304,0.0,0.0,N,PA,OBIDOS,A232,-1.880789,-55.519856,89.64
439,2019-03-15,04:00,0.0,1000.2,1000.4,1000.2,-9999,24.3,23.0,24.5,24.1,23.1,22.9,93,92,92,304,0.0,0.0,N,PA,OBIDOS,A232,-1.880789,-55.519856,89.64
440,2019-03-15,08:00,0.0,1000.2,1000.2,999.8,-9999,24.2,23.0,24.2,24.0,23.0,22.8,93,93,93,304,0.0,0.0,N,PA,OBIDOS,A232,-1.880789,-55.519856,89.64
441,2019-03-15,12:00,0.2,1002.8,1002.8,1002.1,301,24.8,23.4,24.8,23.6,23.5,22.5,93,92,92,304,0.0,0.0,N,PA,OBIDOS,A232,-1.880789,-55.519856,89.64
442,2019-03-15,16:00,0.0,1002.2,1003.0,1002.2,2594,30.8,23.6,31.4,29.3,23.9,22.1,70,60,65,304,0.0,0.0,N,PA,OBIDOS,A232,-1.880789,-55.519856,89.64
443,2019-03-15,20:00,0.0,997.8,998.5,997.7,1938,30.2,23.0,30.7,29.1,24.5,22.5,74,64,65,304,0.0,0.0,N,PA,OBIDOS,A232,-1.880789,-55.519856,89.64
444,2019-03-16,00:00,0.0,1000.4,1000.4,999.4,-9999,25.5,23.5,26.4,25.3,24.0,23.4,90,85,89,304,0.0,0.0,N,PA,OBIDOS,A232,-1.880789,-55.519856,89.64
445,2019-03-16,04:00,0.0,1000.9,1002.1,1000.8,-9999,23.5,21.9,23.9,23.5,22.2,21.9,91,90,91,304,0.0,0.0,N,PA,OBIDOS,A232,-1.880789,-55.519856,89.64
446,2019-03-16,08:00,0.0,1000.5,1000.8,1000.5,-9999,22.4,21.3,23.0,22.4,21.8,21.3,94,93,93,304,0.0,0.0,N,PA,OBIDOS,A232,-1.880789,-55.519856,89.64
447,2019-03-16,12:00,0.0,1003.1,1003.1,1002.4,1175,27.0,22.1,27.0,24.4,22.6,21.8,86,75,75,304,0.0,0.0,N,PA,OBIDOS,A232,-1.880789,-55.519856,89.64
448,2019-03-16,16:00,0.0,1002.1,1003.1,1002.1,2285,29.8,22.0,30.8,29.2,23.6,22.0,69,60,63,304,0.0,0.0,N,PA,OBIDOS,A232,-1.880789,-55.519856,89.64
449,2019-03-16,20:00,0.0,998.6,998.9,998.5,953,29.1,24.5,30.1,28.7,24.8,23.3,80,70,76,304,0.0,0.0,N,PA,OBIDOS,A232,-1.880789,-55.519856,89.64
450,2019-03-17,00:00,0.0,999.9,999.9,998.9,-9999,24.3,22.6,24.9,24.3,23.7,22.5,93,87,90,304,0.0,0.0,N,PA,OBIDOS,A232,-1.880789,-55.519856,89.64
451,2019-03-17,04:00,0.0,1001.4,1001.5,1001.3,-9999,22.6,21.7,22.7,22.6,21.8,21.6,94,94,94,236,0.0,0.0,N,PA,OBIDOS,A232,-1.880789,-55.519856,89.64
452,2019-03-17,08:00,0.0,1000.8,1000.9,1000.2,-9999,22.1,21.3,22.2,21.9,21.3,21.0,95,94,95,236,0.0,0.0,N,PA,OBIDOS,A232,-1.880789,-55.519856,89.64
453,2019-03-17,12:00,0.0,1003.1,1003.1,1002.3,1110,27.2,22.2,27.3,24.9,22.4,21.4,85,73,74,304,0.0,0.0,N,PA,OBIDOS,A232,-1.880789,-55.519856,89.64
454,2019-03-17,16:00,0.0,1001.4,1002.4,1001.4,2190,31.6,22.3,32.4,30.0,23.7,21.4,66,55,58,304,0.0,0.0,N,PA,OBIDOS,A232,-1.880789,-55.519856,89.64
455,2019-03-17,20:00,0.0,998.2,998.8,998.2,1693,30.5,23.0,31.3,30.4,23.6,22.6,66,61,64,304,0.0,0.0,N,PA,OBIDOS,A232,-1.880789,-55.519856,89.64
456,2019-03-18,00:00,0.0,1000.6,1000.6,999.7,-9999,24.8,23.4,25.0,24.8,23.5,23.3,92,91,92,246,0.0,0.0,N,PA,OBIDOS,A232,-1.880789,-55.519856,89.64
457,2019-03-18,04:00,0.0,1001.1,1001.8,1001.1,-9999,23.9,22.8,24.5,23.8,23.1,22.6,93,92,93,236,0.0,0.0,N,PA,OBIDOS,A232,-1.880789,-55.519856,89.64
458,2019-03-18,08:00,0.0,1000.2,1000.2,999.9,-9999,22.9,21.9,23.5,22.9,22.4,21.9,94,93,94,236,0.0,0.0,N,PA,OBIDOS,A232,-1.880789,-55.519856,89.64
459,2019-03-18,12:00,0.0,1002.9,1002.9,1002.1,1089,28.0,21.6,28.0,26.0,23.0,21.3,83,68,68,236,0.0,0.0,N,PA,OBIDOS,A232,-1.880789,-55.519856,89.64
460,2019-03-18,16:00,0.0,1001.6,1002.6,1001.6,1993,32.3,24.5,32.5,30.1,24.9,21.3,70,52,64,304,0.0,0.0,N,PA,OBIDOS,A232,-1.880789,-55.519856,89.64
461,2019-03-18,20:00,0.0,997.7,998.2,997.7,1839,31.6,22.9,32.3,31.3,23.8,22.1,62,56,60,304,0.0,0.0,N,PA,OBIDOS,A232,-1.880789,-55.519856,89.64
462,2019-03-19,00:00,0.0,1000.1,1000.1,999.1,-9999,26.8,24.3,26.8,26.5,24.3,24.0,88,85,86,236,0.0,0.0,N,PA,OBIDOS,A232,-1.880789,-55.519856,89.64
463,2019-03-19,04:00,0.0,1000.8,1001.3,1000.8,-9999,24.8,22.6,24.9,24.2,23.0,22.6,91,87,88,236,0.0,0.0,N,PA,OBIDOS,A232,-1.880789,-55.519856,89.64
464,2019-03-19,08:00,0.0,999.3,999.4,999.2,-9999,23.2,22.1,24.0,23.2,22.5,22.1,93,91,93,236,0.0,0.0,N,PA,OBIDOS,A232,-1.880789,-55.519856,89.64
465,2019-03-19,12:00,0.0,1002.1,1002.1,1001.2,798,26.8,23.3,27.0,25.3,23.4,22.5,88,79,81,236,0.0,0.0,N,PA,OBIDOS,A232,-1.880789,-55.519856,89.64
466,2019-03-19,16:00,0.0,1000.9,1001.8,1000.9,2424,30.5,22.4,32.9,30.5,23.5,21.7,63,54,62,283,0.0,0.0,N,PA,OBIDOS,A232,-1.880789,-55.519856,89.64
467,2019-03-19,20:00,0.0,997.1,997.7,997.1,858,28.8,25.1,30.1,28.2,25.5,24.3,83,71,80,236,0.0,0.0,N,PA,OBIDOS,A232,-1.880789,-55.519856,89.64
468,2019-03-20,00:00,0.0,999.5,999.5,998.1,-9999,25.2,23.9,25.4,25.1,24.0,23.8,93,91,93,236,0.0,0.0,N,PA,OBIDOS,A232,-1.880789,-55.519856,89.64
469,2019-03-20,04:00,0.8,1001.2,1001.7,1001.2,-9999,23.5,22.6,23.7,23.3,22.8,22.4,95,95,95,236,0.0,0.0,N,PA,OBIDOS,A232,-1.880789,-55.519856,89.64
470,2019-03-20,08:00,0.8,999.5,999.9,999.1,-9999,23.5,22.7,23.6,23.4,22.7,22.6,95,95,95,236,0.0,0.0,N,PA,OBIDOS,A232,-1.880789,-55.519856,89.64
471,2019-03-20,12:00,0.0,1003.0,1003.0,1002.0,402,25.1,23.9,25.1,24.4,23.9,23.5,95,93,93,236,0.0,0.0,N,PA,OBIDOS,A232,-1.880789,-55.519856,89.64
472,2019-03-20,16:00,0.0,1002.5,1003.2,1002.5,1912,28.0,23.6,28.6,26.8,24.2,22.9,84,74,77,236,0.0,0.0,N,PA,OBIDOS,A232,-1.880789,-55.519856,89.64
473,2019-03-20,20:00,0.0,998.0,998.9,998.0,804,27.5,24.2,29.1,27.3,24.9,23.1,84,71,82,236,0.0,0.0,N,PA,OBIDOS,A232,-1.880789,-55.519856,89.64
474,2019-03-21,00:00,0.0,1000.4,1000.4,999.3,-9999,24.8,23.7,24.8,24.6,23.7,23.3,94,93,94,236,0.0,0.0,N,PA,OBIDOS,A232,-1.880789,-55.519856,89.64
475,2019-03-21,04:00,0.0,1001.5,1002.1,1001.5,-9999,24.8,23.8,24.9,24.7,23.9,23.7,94,94,94,236,0.0,0.0,N,PA,OBIDOS,A232,-1.880789,-55.519856,89.64
476,2019-03-21,08:00,0.8,1000.3,1000.6,1000.2,-9999,24.9,24.0,25.0,24.7,24.0,23.8,94,94,94,236,0.0,0.0,N,PA,OBIDOS,A232,-1.880789,-55.519856,89.64
477,2019-03-21,12:00,0.0,1003.0,1003.0,1001.4,247,24.6,23.4,25.0,24.5,23.8,23.1,93,91,93,236,0.0,0.0,N,PA,OBIDOS,A232,-1.880789,-55.519856,89.64
478,2019-03-21,16:00,0.0,1002.2,1003.1,1002.2,2046,28.5,24.1,28.5,25.7,24.8,23.7,91,77,77,236,0.0,0.0,N,PA,OBIDOS,A232,-1.880789,-55.519856,89.64
479,2019-03-21,20:00,0.0,998.2,998.5,998.0,1774,29.7,25.1,30.2,28.0,25.5,23.6,80,72,77,236,0.0,0.0,N,PA,OBIDOS,A232,-1.880789,-55.519856,89.64
480,2019-03-22,00:00,0.0,1001.0,1001.0,1000.2,-9999,23.7,22.8,23.7,23.4,22.8,22.4,94,94,94,236,0.0,0.0,N,PA,OBIDOS,A232,-1.880789,-55.519856,89.64
481,2019-03-22,04:00,0.0,1001.3,1002.0,1001.3,-9999,23.6,22.7,23.7,23.4,22.8,22.5,95,94,95,236,0.0,0.0,N,PA,OBIDOS,A232,-1.880789,-55.519856,89.64
482,2019-03-22,08:00,0.0,1000.6,1000.6,1000.4,-9999,24.1,23.1,24.2,23.8,23.2,22.9,94,94,94,236,0.0,0.0,N,PA,OBIDOS,A232,-1.880789,-55.519856,89.64
483,2019-03-22,12:00,0.0,1003.4,1003.4,1002.4,266,25.4,23.9,25.4,24.7,24.1,23.6,94,91,91,236,0.0,0.0,N,PA,OBIDOS,A232,-1.880789,-55.519856,89.64
484,2019-03-22,16:00,5.0,1003.2,1004.2,1003.2,899,24.8,23.7,24.9,23.8,23.8,22.7,94,93,94,236,0.0,0.0,N,PA,OBIDOS,A232,-1.880789,-55.519856,89.64
485,2019-03-22,20:00,0.0,999.8,1000.2,999.8,845,26.4,24.1,26.5,25.7,24.2,23.3,90,84,87,236,0.0,0.0,N,PA,OBIDOS,A232,-1.880789,-55.519856,89.64
486,2019-03-23,00:00,0.0,1002.0,1002.0,1001.2,-9999,24.4,23.3,24.6,24.3,23.6,23.3,94,94,94,236,0.0,0.0,N,PA,OBIDOS,A232,-1.880789,-55.519856,89.64
487,2019-03-23,04:00,0.0,1002.4,1002.8,1002.4,-9999,24.4,23.4,24.4,24.3,23.4,23.3,94,94,94,236,0.0,0.0,N,PA,OBIDOS,A232,-1.880789,-55.519856,89.64
488,2019-03-23,08:00,0.0,1001.1,1001.2,1001.1,-9999,24.0,23.0,24.3,24.0,23.3,23.0,94,94,94,236,0.0,0.0,N,PA,OBIDOS,A232,-1.880789,-55.519856,89.64
489,2019-03-23,12:00,0.0,1003.5,1003.5,1002.6,579,25.6,23.3,25.6,24.7,23.5,22.9,91,87,88,236,0.0,0.0,N,PA,OBIDOS,A232,-1.880789,-55.519856,89.64
490,2019-03-23,16:00,0.0,1003.0,1003.9,1003.0,2487,31.2,23.7,31.2,29.7,24.3,22.5,71,60,65,236,0.0,0.0,N,PA,OBIDOS,A232,-1.880789,-55.519856,89.64
491,2019-03-23,20:00,0.0,1000.1,1000.3,999.9,371,26.0,23.4,30.9,25.8,23.6,22.7,87,66,86,236,0.0,0.0,N,PA,OBIDOS,A232,-1.880789,-55.519856,89.64
492,2019-03-24,00:00,0.6,1002.4,1002.4,1001.1,-9999,25.2,23.8,25.3,24.3,24.2,23.2,94,92,92,236,0.0,0.0,N,PA,OBIDOS,A232,-1.880789,-55.519856,89.64
493,2019-03-24,04:00,0.0,1003.1,1003.3,1003.1,-9999,24.0,23.0,24.0,23.9,23.1,22.8,94,94,94,236,0.0,0.0,N,PA,OBIDOS,A232,-1.880789,-55.519856,89.64
494,2019-03-24,08:00,0.0,1001.6,1001.8,1001.6,-9999,23.3,22.3,24.2,23.2,23.3,22.2,95,94,94,236,0.0,0.0,N,PA,OBIDOS,A232,-1.880789,-55.519856,89.64
495,2019-03-24,12:00,0.0,1004.2,1004.2,1003.5,825,26.1,23.1,26.6,24.8,23.5,22.7,91,80,84,236,0.0,0.0,N,PA,OBIDOS,A232,-1.880789,-55.519856,89.64
496,2019-03-24,16:00,0.0,1003.5,1004.5,1003.5,1711,29.2,23.7,29.5,28.8,24.5,22.7,76,68,72,236,0.0,0.0,N,PA,OBIDOS,A232,-1.880789,-55.519856,89.64
497,2019-03-24,20:00,0.0,999.7,1000.0,999.7,1547,28.5,23.0,29.1,27.9,24.8,22.5,81,68,72,236,0.0,0.0,N,PA,OBIDOS,A232,-1.880789,-55.519856,89.64
498,2019-03-25,00:00,0.0,1001.7,1001.7,1000.9,-9999,24.7,23.5,25.2,24.6,23.6,23.3,93,90,93,236,0.0,0.0,N,PA,OBIDOS,A232,-1.880789,-55.519856,89.64
499,2019-03-25,04:00,6.0,1002.7,1003.4,1002.7,-9999,22.8,21.8,23.7,22.8,22.1,21.8,94,91,94,236,0.0,0.0,N,PA,OBIDOS,A232,-1.880789,-55.519856,89.64
500,2019-03-25,08:00,0.0,1000.5,1000.5,1000.4,-9999,23.0,22.1,23.1,22.9,22.1,21.8,94,93,94,236,0.0,0.0,N,PA,OBIDOS,A232,-1.880789,-55.519856,89.64
501,2019-03-25,12:00,0.0,1002.8,1002.8,1002.0,551,26.2,23.6,26.2,24.4,23.8,22.9,92,86,86,236,0.0,0.0,N,PA,OBIDOS,A232,-1.880789,-55.519856,89.64
502,2019-03-25,16:00,0.0,1001.3,1002.3,1001.3,2838,31.6,23.7,31.6,29.1,24.9,22.6,74,61,63,236,0.0,0.0,N,PA,OBIDOS,A232,-1.880789,-55.519856,89.64
503,2019-03-25,20:00,0.0,998.9,999.0,998.4,550,26.9,23.6,27.4,26.2,24.6,23.3,88,82,83,236,0.0,0.0,N,PA,OBIDOS,A232,-1.880789,-55.519856,89.64
504,2019-03-26,00:00,0.4,1001.7,1001.7,1000.8,-9999,23.3,22.3,23.4,23.2,22.4,22.2,94,94,94,236,0.0,0.0,N,PA,OBIDOS,A232,-1.880789,-55.519856,89.64
505,2019-03-26,04:00,0.0,1001.5,1002.4,1001.5,-9999,23.0,22.0,23.0,22.8,22.0,21.9,95,94,95,236,0.0,0.0,N,PA,OBIDOS,A232,-1.880789,-55.519856,89.64
506,2019-03-26,08:00,0.2,1000.4,1000.4,1000.1,-9999,23.0,22.1,23.1,22.9,22.2,22.1,95,95,95,236,0.0,0.0,N,PA,OBIDOS,A232,-1.880789,-55.519856,89.64
507,2019-03-26,12:00,0.0,1002.9,1002.9,1002.2,512,24.6,23.2,24.6,23.6,23.4,22.7,95,92,92,236,0.0,0.0,N,PA,OBIDOS,A232,-1.880789,-55.519856,89.64
508,2019-03-26,16:00,0.0,1002.1,1003.2,1002.1,1781,28.7,23.9,28.7,27.7,24.0,22.7,79,71,75,236,0.0,0.0,N,PA,OBIDOS,A232,-1.880789,-55.519856,89.64
509,2019-03-26,20:00,0.2,998.5,998.5,998.2,674,25.3,23.1,30.0,25.3,24.7,22.9,88,69,88,236,0.0,0.0,N,PA,OBIDOS,A232,-1.880789,-55.519856,89.64
510,2019-03-27,00:00,0.0,1000.5,1000.5,999.2,-9999,24.0,22.8,24.2,24.0,23.0,22.7,93,92,93,236,0.0,0.0,N,PA,OBIDOS,A232,-1.880789,-55.519856,89.64
511,2019-03-27,04:00,0.0,1001.3,1001.7,1001.3,-9999,23.8,22.5,23.9,23.6,22.6,22.4,94,92,92,236,0.0,0.0,N,PA,OBIDOS,A232,-1.880789,-55.519856,89.64
512,2019-03-27,08:00,4.0,1000.2,1000.7,1000.2,-9999,23.2,22.3,23.3,23.0,22.3,22.1,95,94,95,236,0.0,0.0,N,PA,OBIDOS,A232,-1.880789,-55.519856,89.64
513,2019-03-27,12:00,0.0,1003.0,1003.0,1002.1,261,24.7,23.6,24.7,24.0,23.6,23.0,94,94,94,236,0.0,0.0,N,PA,OBIDOS,A232,-1.880789,-55.519856,89.64
514,2019-03-27,16:00,0.0,1002.0,1002.9,1002.0,2288,30.0,23.4,30.4,28.1,24.6,22.6,77,66,68,236,0.0,0.0,N,PA,OBIDOS,A232,-1.880789,-55.519856,89.64
515,2019-03-27,20:00,0.0,999.4,999.7,999.1,380,26.4,24.8,26.4,26.2,25.0,24.6,92,90,91,236,0.0,0.0,N,PA,OBIDOS,A232,-1.880789,-55.519856,89.64
516,2019-03-28,00:00,0.0,1001.0,1001.0,1000.0,-9999,23.9,22.9,24.2,23.9,23.1,22.9,94,94,94,236,0.0,0.0,N,PA,OBIDOS,A232,-1.880789,-55.519856,89.64
517,2019-03-28,04:00,0.0,1001.3,1001.9,1001.3,-9999,23.7,22.8,23.8,23.6,22.9,22.7,95,95,95,236,0.0,0.0,N,PA,OBIDOS,A232,-1.880789,-55.519856,89.64
518,2019-03-28,08:00,0.0,1000.2,1000.4,1000.2,-9999,23.8,22.8,24.1,23.7,23.1,22.7,94,94,94,236,0.0,0.0,N,PA,OBIDOS,A232,-1.880789,-55.519856,89.64
519,2019-03-28,12:00,0.0,1003.6,1003.6,1002.8,1411,27.5,23.2,27.8,25.3,24.5,22.8,92,76,77,236,0.0,0.0,N,PA,OBIDOS,A232,-1.880789,-55.519856,89.64
520,2019-03-28,16:00,0.0,1002.1,1003.7,1002.1,2343,30.6,23.7,31.2,28.8,26.3,22.6,81,62,67,236,0.0,0.0,N,PA,OBIDOS,A232,-1.880789,-55.519856,89.64
521,2019-03-28,20:00,0.0,998.6,999.0,998.6,968,27.7,24.5,28.1,26.7,25.1,23.8,90,79,82,236,0.0,0.0,N,PA,OBIDOS,A232,-1.880789,-55.519856,89.64
522,2019-03-29,00:00,0.0,1001.5,1001.5,1000.6,-9999,25.4,24.0,25.6,25.3,24.1,23.9,92,91,92,236,0.0,0.0,N,PA,OBIDOS,A232,-1.880789,-55.519856,89.64
523,2019-03-29,04:00,0.0,1002.5,1003.1,1002.5,-9999,24.6,23.3,25.0,24.6,23.6,23.3,93,91,92,236,0.0,0.0,N,PA,OBIDOS,A232,-1.880789,-55.519856,89.64
524,2019-03-29,08:00,0.0,1001.0,1001.0,1000.6,-9999,23.1,22.1,23.9,23.1,22.9,22.1,94,94,94,236,0.0,0.0,N,PA,OBIDOS,A232,-1.880789,-55.519856,89.64
525,2019-03-29,12:00,0.0,1003.6,1003.6,1002.6,1100,26.6,23.5,26.6,24.0,23.6,22.8,94,81,83,236,0.0,0.0,N,PA,OBIDOS,A232,-1.880789,-55.519856,89.64
526,2019-03-29,16:00,0.0,1001.5,1002.7,1001.5,1981,30.6,23.2,31.0,29.6,24.0,22.2,71,61,65,236,0.0,0.0,N,PA,OBIDOS,A232,-1.880789,-55.519856,89.64
527,2019-03-29,20:00,0.0,997.6,998.1,997.6,1601,30.9,23.8,31.4,30.0,24.2,22.6,69,61,66,236,0.0,0.0,N,PA,OBIDOS,A232,-1.880789,-55.519856,89.64
528,2019-03-30,00:00,1.4,1001.7,1001.8,1000.3,-9999,25.5,23.9,26.1,25.5,24.8,23.9,93,90,91,236,0.0,0.0,N,PA,OBIDOS,A232,-1.880789,-55.519856,89.64
529,2019-03-30,04:00,0.0,1002.5,1002.7,1002.5,-9999,24.1,23.1,24.3,24.1,23.3,23.1,94,94,94,236,0.0,0.0,N,PA,OBIDOS,A232,-1.880789,-55.519856,89.64
530,2019-03-30,08:00,0.0,1001.3,1001.3,1001.1,-9999,24.5,23.6,24.5,24.2,23.6,23.2,94,94,94,236,0.0,0.0,N,PA,OBIDOS,A232,-1.880789,-55.519856,89.64
531,2019-03-30,12:00,0.0,1004.3,1004.3,1003.6,589,25.8,24.3,25.9,24.6,24.4,23.4,94,91,91,236,0.0,0.0,N,PA,OBIDOS,A232,-1.880789,-55.519856,89.64
532,2019-03-30,16:00,0.0,1003.0,1004.1,1003.0,1857,29.2,23.7,29.9,28.2,24.8,23.0,79,67,72,236,0.0,0.0,N,PA,OBIDOS,A232,-1.880789,-55.519856,89.64
533,2019-03-30,20:00,14.6,999.9,1000.6,999.8,276,24.5,23.4,27.3,24.5,24.6,23.4,94,84,94,236,0.0,0.0,N,PA,OBIDOS,A232,-1.880789,-55.519856,89.64
534,2019-03-31,00:00,0.8,1002.5,1002.5,1001.9,-9999,24.6,23.6,24.8,24.6,23.8,23.6,94,94,94,236,0.0,0.0,N,PA,OBIDOS,A232,-1.880789,-55.519856,89.64
535,2019-03-31,04:00,0.0,1002.4,1003.4,1002.4,-9999,24.1,23.2,24.1,23.8,23.2,22.9,95,95,95,236,0.0,0.0,N,PA,OBIDOS,A232,-1.880789,-55.519856,89.64
536,2019-03-31,08:00,0.0,1001.3,1001.3,1000.9,-9999,23.9,23.0,24.0,23.8,23.1,22.9,95,95,95,236,0.0,0.0,N,PA,OBIDOS,A232,-1.880789,-55.519856,89.64
537,2019-03-31,12:00,0.0,1004.0,1004.0,1003.0,672,25.4,23.6,25.5,23.9,24.1,22.9,94,90,90,236,0.0,0.0,N,PA,OBIDOS,A232,-1.880789,-55.519856,89.64
538,2019-03-31,16:00,0.0,1003.0,1004.0,1003.0,2015,29.0,23.6,29.9,28.6,25.1,22.5,79,66,73,236,0.0,0.0,N,PA,OBIDOS,A232,-1.880789,-55.519856,89.64
539,2019-03-31,20:00,0.0,999.2,999.8,999.2,1253,29.6,24.1,30.3,28.5,25.0,23.3,79,66,72,236,0.0,0.0,N,PA,OBIDOS,A232,-1.880789,-55.519856,89.64
540,2019-04-01,00:00,0.0,1001.6,1001.6,1000.8,-9999,25.0,23.7,25.3,24.9,24.0,23.6,93,92,92,236,0.0,0.0,N,PA,OBIDOS,A232,-1.880789,-55.519856,89.64
541,2019-04-01,04:00,0.0,1001.5,1002.0,1001.5,-9999,24.5,23.5,24.7,24.5,23.6,23.4,94,93,94,236,0.0,0.0,N,PA,OBIDOS,A232,-1.880789,-55.519856,89.64
542,2019-04-01,08:00,0.0,1000.3,1000.3,1000.1,-9999,24.4,23.4,24.5,24.4,23.6,23.4,94,94,94,236,0.0,0.0,N,PA,OBIDOS,A232,-1.880789,-55.519856,89.64
543,2019-04-01,12:00,0.0,1002.7,1002.7,1002.1,1024,26.8,24.2,27.2,26.1,24.4,23.6,87,83,86,236,0.0,0.0,N,PA,OBIDOS,A232,-1.880789,-55.519856,89.64
544,2019-04-01,16:00,0.0,1001.6,1002.4,1001.6,2874,31.8,20.8,32.8,30.5,24.7,20.8,67,51,52,236,0.0,0.0,N,PA,OBIDOS,A232,-1.880789,-55.519856,89.64
545,2019-04-01,20:00,0.0,998.5,998.8,998.4,1083,30.6,24.3,30.8,29.8,25.2,23.3,76,65,69,236,0.0,0.0,N,PA,OBIDOS,A232,-1.880789,-55.519856,89.64
546,2019-04-02,00:00,0.0,1000.5,1000.5,999.6,-9999,26.1,23.9,26.5,26.0,24.3,23.8,89,86,88,236,0.0,0.0,N,PA,OBIDOS,A232,-1.880789,-55.519856,89.64
547,2019-04-02,04:00,0.2,1000.7,1001.7,1000.7,-9999,24.3,23.1,25.4,24.3,23.7,23.1,93,90,93,236,0.0,0.0,N,PA,OBIDOS,A232,-1.880789,-55.519856,89.64
548,2019-04-02,08:00,0.0,1000.1,1000.1,999.6,-9999,23.7,22.7,23.7,23.2,22.7,22.3,95,94,95,236,0.0,0.0,N,PA,OBIDOS,A232,-1.880789,-55.519856,89.64
549,2019-04-02,12:00,0.0,1002.8,1002.8,1002.1,615,26.8,23.4,27.3,25.1,25.0,23.4,94,80,82,236,0.0,0.0,N,PA,OBIDOS,A232,-1.880789,-55.519856,89.64
550,2019-04-02,16:00,0.0,1002.2,1003.2,1002.2,2360,29.0,25.6,30.8,27.5,25.9,24.2,87,70,82,236,0.0,0.0,N,PA,OBIDOS,A232,-1.880789,-55.519856,89.64
551,2019-04-02,20:00,0.2,999.0,999.6,999.0,325,25.5,24.0,25.5,24.4,24.1,23.2,94,91,91,236,0.0,0.0,N,PA,OBIDOS,A232,-1.880789,-55.519856,89.64
552,2019-04-03,00:00,0.0,1001.1,1001.1,1000.4,-9999,24.1,23.1,24.5,24.1,23.5,23.1,94,94,94,236,0.0,0.0,N,PA,OBIDOS,A232,-1.880789,-55.519856,89.64
553,2019-04-03,04:00,0.0,1001.1,1001.8,1001.1,-9999,23.8,22.9,23.8,23.5,22.9,22.6,95,95,95,236,0.0,0.0,N,PA,OBIDOS,A232,-1.880789,-55.519856,89.64
554,2019-04-03,08:00,0.0,1000.1,1000.1,999.8,-9999,23.9,22.9,23.9,23.7,23.0,22.7,94,94,94,236,0.0,0.0,N,PA,OBIDOS,A232,-1.880789,-55.519856,89.64
555,2019-04-03,12:00,0.0,1002.5,1002.5,1001.9,748,27.0,23.7,27.0,25.3,24.5,23.6,93,82,82,236,0.0,0.0,N,PA,OBIDOS,A232,-1.880789,-55.519856,89.64
556,2019-04-03,16:00,0.0,1002.2,1002.7,1002.2,1882,27.9,22.0,31.3,27.9,25.5,22.0,74,64,70,236,0.0,0.0,N,PA,OBIDOS,A232,-1.880789,-55.519856,89.64
557,2019-04-03,20:00,0.0,999.0,999.2,998.9,516,26.7,24.3,27.3,26.6,24.8,23.3,88,81,87,236,0.0,0.0,N,PA,OBIDOS,A232,-1.880789,-55.519856,89.64
558,2019-04-04,00:00,0.0,1000.6,1000.6,999.9,-9999,24.3,23.3,24.3,24.1,23.3,23.1,94,94,94,236,0.0,0.0,N,PA,OBIDOS,A232,-1.880789,-55.519856,89.64
559,2019-04-04,04:00,2.0,1001.7,1001.8,1001.5,-9999,23.7,22.5,24.5,23.6,23.4,22.4,94,92,93,236,0.0,0.0,N,PA,OBIDOS,A232,-1.880789,-55.519856,89.64
560,2019-04-04,08:00,0.0,1000.4,1000.4,1000.0,-9999,23.1,22.2,23.1,23.0,22.2,22.1,94,94,94,236,0.0,0.0,N,PA,OBIDOS,A232,-1.880789,-55.519856,89.64
561,2019-04-04,12:00,0.0,1002.7,1002.7,1001.7,879,25.6,23.0,25.6,23.9,23.6,22.7,94,85,85,236,0.0,0.0,N,PA,OBIDOS,A232,-1.880789,-55.519856,89.64
562,2019-04-04,16:00,0.0,1002.5,1003.4,1002.5,1764,28.7,22.8,29.1,27.9,23.9,22.4,77,68,70,236,0.0,0.0,N,PA,OBIDOS,A232,-1.880789,-55.519856,89.64
563,2019-04-04,20:00,0.0,999.9,1000.0,999.7,103,24.4,22.8,25.0,24.3,23.0,22.4,92,87,91,236,0.0,0.0,N,PA,OBIDOS,A232,-1.880789,-55.519856,89.64
564,2019-04-05,00:00,0.0,1000.7,1000.7,999.9,-9999,23.3,22.3,23.3,23.1,22.3,22.1,94,94,94,236,0.0,0.0,N,PA,OBIDOS,A232,-1.880789,-55.519856,89.64
565,2019-04-05,04:00,0.0,1001.8,1001.9,1001.8,-9999,23.4,22.4,23.7,23.4,22.6,22.4,94,94,94,236,0.0,0.0,N,PA,OBIDOS,A232,-1.880789,-55.519856,89.64
566,2019-04-05,08:00,0.0,1001.1,1001.1,1001.0,-9999,24.0,23.1,24.1,23.8,23.1,22.8,95,94,94,236,0.0,0.0,N,PA,OBIDOS,A232,-1.880789,-55.519856,89.64
567,2019-04-05,12:00,0.0,1003.4,1003.4,1002.8,1127,26.6,23.9,26.8,25.8,24.3,23.7,90,84,85,236,0.0,0.0,N,PA,OBIDOS,A232,-1.880789,-55.519856,89.64
568,2019-04-05,16:00,0.0,1002.9,1003.7,1002.9,2028,29.8,23.7,30.1,29.3,23.7,22.4,71,64,70,236,0.0,0.0,N,PA,OBIDOS,A232,-1.880789,-55.519856,89.64
569,2019-04-05,20:00,0.0,999.4,999.8,999.4,766,27.4,23.1,30.5,27.2,24.7,22.3,79,67,77,236,0.0,0.0,N,PA,OBIDOS,A232,-1.880789,-55.519856,89.64
570,2019-04-06,00:00,0.0,1001.4,1001.4,1000.8,-9999,24.0,22.1,24.4,24.0,22.5,22.1,90,88,89,236,0.0,0.0,N,PA,OBIDOS,A232,-1.880789,-55.519856,89.64
571,2019-04-06,04:00,0.0,1001.9,1002.4,1001.9,-9999,23.2,22.1,23.4,23.2,22.3,22.0,94,93,94,236,0.0,0.0,N,PA,OBIDOS,A232,-1.880789,-55.519856,89.64
572,2019-04-06,08:00,0.0,1000.7,1000.8,1000.6,-9999,23.0,22.1,23.2,22.7,22.3,21.8,95,95,95,236,0.0,0.0,N,PA,OBIDOS,A232,-1.880789,-55.519856,89.64
573,2019-04-06,12:00,0.0,1003.9,1003.9,1003.3,1347,27.4,23.2,27.4,24.9,23.3,22.6,89,78,78,236,0.0,0.0,N,PA,OBIDOS,A232,-1.880789,-55.519856,89.64
574,2019-04-06,16:00,0.0,1002.9,1004.0,1002.9,2539,30.4,23.3,30.8,28.8,23.9,22.2,72,61,66,236,0.0,0.0,N,PA,OBIDOS,A232,-1.880789,-55.519856,89.64
575,2019-04-06,20:00,0.0,998.6,998.9,998.4,1796,30.8,23.3,31.9,30.8,24.5,22.1,67,58,64,236,0.0,0.0,N,PA,OBIDOS,A232,-1.880789,-55.519856,89.64
576,2019-04-07,00:00,0.0,1002.2,1002.2,1001.0,-9999,25.8,23.1,26.2,25.2,23.9,23.1,92,85,85,236,0.0,0.0,N,PA,OBIDOS,A232,-1.880789,-55.519856,89.64
577,2019-04-07,04:00,0.0,1002.7,1003.4,1002.7,-9999,24.1,22.7,24.3,24.1,22.9,22.7,92,92,92,236,0.0,0.0,N,PA,OBIDOS,A232,-1.880789,-55.519856,89.64
578,2019-04-07,08:00,0.0,1001.3,1001.4,1000.9,-9999,23.9,22.8,23.9,23.5,22.8,22.4,94,93,93,236,0.0,0.0,N,PA,OBIDOS,A232,-1.880789,-55.519856,89.64
579,2019-04-07,12:00,0.0,1004.2,1004.2,1003.6,807,26.4,24.1,26.5,25.6,24.1,23.4,89,84,87,236,0.0,0.0,N,PA,OBIDOS,A232,-1.880789,-55.519856,89.64
580,2019-04-07,16:00,3.6,1003.3,1004.0,1003.3,949,26.5,24.6,31.1,26.4,25.1,22.3,91,65,89,236,0.0,0.0,N,PA,OBIDOS,A232,-1.880789,-55.519856,89.64
581,2019-04-07,20:00,0.0,999.9,999.9,999.6,718,28.0,24.6,30.0,28.0,24.9,23.8,82,71,82,236,0.0,0.0,N,PA,OBIDOS,A232,-1.880789,-55.519856,89.64
582,2019-04-08,00:00,0.0,1002.7,1002.7,1001.6,-9999,24.9,23.8,25.3,24.9,24.1,23.8,94,92,93,236,0.0,0.0,N,PA,OBIDOS,A232,-1.880789,-55.519856,89.64
583,2019-04-08,04:00,0.0,1002.5,1003.5,1002.5,-9999,24.2,23.2,24.2,24.0,23.2,22.8,94,92,94,236,0.0,0.0,N,PA,OBIDOS,A232,-1.880789,-55.519856,89.64
584,2019-04-08,08:00,0.0,1001.8,1001.8,1001.5,-9999,23.5,22.6,23.5,23.4,22.6,22.6,95,95,95,236,0.0,0.0,N,PA,OBIDOS,A232,-1.880789,-55.519856,89.64
585,2019-04-08,12:00,0.0,1004.0,1004.0,1002.6,566,25.2,23.2,25.4,24.8,24.0,23.2,95,88,88,236,0.0,0.0,N,PA,OBIDOS,A232,-1.880789,-55.519856,89.64
586,2019-04-08,16:00,0.0,1002.1,1002.9,1002.1,2106,27.9,23.7,30.6,27.9,24.5,22.3,78,63,78,236,0.0,0.0,N,PA,OBIDOS,A232,-1.880789,-55.519856,89.64
587,2019-04-08,20:00,0.0,999.3,999.3,998.8,523,25.9,23.6,29.0,25.9,24.1,23.1,87,74,87,236,0.0,0.0,N,PA,OBIDOS,A232,-1.880789,-55.519856,89.64
588,2019-04-09,00:00,0.2,1002.4,1002.4,1001.6,-9999,24.4,23.5,24.7,24.3,23.8,23.4,95,95,95,236,0.0,0.0,N,PA,OBIDOS,A232,-1.880789,-55.519856,89.64
589,2019-04-09,04:00,0.0,1002.7,1003.6,1002.7,-9999,23.8,22.9,23.9,23.8,23.0,22.9,95,95,95,236,0.0,0.0,N,PA,OBIDOS,A232,-1.880789,-55.519856,89.64
590,2019-04-09,08:00,15.0,1001.2,1001.2,1001.0,-9999,23.3,22.5,23.5,23.3,22.6,22.5,95,95,95,236,0.0,0.0,N,PA,OBIDOS,A232,-1.880789,-55.519856,89.64
591,2019-04-09,12:00,8.8,1005.1,1005.1,1004.0,22,22.9,22.1,23.0,22.9,22.1,22.0,95,95,95,236,0.0,0.0,N,PA,OBIDOS,A232,-1.880789,-55.519856,89.64
592,2019-04-09,16:00,1.0,1004.0,1004.9,1004.0,542,24.0,22.8,24.0,23.6,23.0,22.7,94,93,93,236,0.0,0.0,N,PA,OBIDOS,A232,-1.880789,-55.519856,89.64
593,2019-04-09,20:00,0.0,999.9,1000.5,999.9,581,25.7,23.0,25.9,25.5,23.6,22.7,88,83,85,236,0.0,0.0,N,PA,OBIDOS,A232,-1.880789,-55.519856,89.64
594,2019-04-10,00:00,0.0,1001.8,1001.8,1000.8,-9999,23.4,22.5,23.5,23.4,22.5,22.4,94,94,94,236,0.0,0.0,N,PA,OBIDOS,A232,-1.880789,-55.519856,89.64
595,2019-04-10,04:00,0.0,1002.5,1003.2,1002.5,-9999,23.0,22.1,23.2,23.0,22.3,22.1,95,95,95,236,0.0,0.0,N,PA,OBIDOS,A232,-1.880789,-55.519856,89.64
596,2019-04-10,08:00,0.0,1002.0,1002.0,1001.7,-9999,22.8,21.9,22.9,22.8,22.0,21.9,95,95,95,236,0.0,0.0,N,PA,OBIDOS,A232,-1.880789,-55.519856,89.64
597,2019-04-10,12:00,0.0,1003.8,1003.8,1003.1,470,24.6,22.9,24.6,23.2,23.1,22.3,95,90,90,236,0.0,0.0,N,PA,OBIDOS,A232,-1.880789,-55.519856,89.64
598,2019-04-10,16:00,0.0,1002.9,1003.7,1002.9,2180,29.2,22.1,30.1,28.8,23.3,21.8,71,61,66,236,0.0,0.0,N,PA,OBIDOS,A232,-1.880789,-55.519856,89.64
599,2019-04-10,20:00,0.0,999.1,999.4,999.0,1370,29.2,23.6,30.9,28.2,24.5,23.2,77,64,72,236,0.0,0.0,N,PA,OBIDOS,A232,-1.880789,-55.519856,89.64
600,2019-04-11,00:00,0.0,1000.7,1000.7,1000.2,-9999,24.9,23.5,25.4,24.9,23.6,23.4,92,89,92,236,0.0,0.0,N,PA,OBIDOS,A232,-1.880789,-55.519856,89.64
601,2019-04-11,04:00,0.0,1001.4,1001.5,1001.4,-9999,24.5,23.5,24.5,24.2,23.5,23.2,94,94,94,236,0.0,0.0,N,PA,OBIDOS,A232,-1.880789,-55.519856,89.64
602,2019-04-11,08:00,0.0,1000.9,1000.9,1000.5,-9999,23.5,22.5,23.8,23.5,22.7,22.5,94,93,94,236,0.0,0.0,N,PA,OBIDOS,A232,-1.880789,-55.519856,89.64
603,2019-04-11,12:00,0.0,1003.3,1003.3,1002.4,886,26.8,24.1,26.8,24.6,24.3,23.6,95,85,85,236,0.0,0.0,N,PA,OBIDOS,A232,-1.880789,-55.519856,89.64
604,2019-04-11,16:00,0.0,1002.5,1003.5,1002.5,1596,29.0,23.4,30.3,28.6,23.9,22.2,75,63,72,236,0.0,0.0,N,PA,OBIDOS,A232,-1.880789,-55.519856,89.64
605,2019-04-11,20:00,0.0,999.2,999.8,999.2,1306,27.9,23.4,28.6,26.6,24.9,22.7,88,72,76,236,0.0,0.0,N,PA,OBIDOS,A232,-1.880789,-55.519856,89.64
606,2019-04-12,00:00,0.0,1001.6,1001.6,1000.6,-9999,24.4,23.4,24.4,24.2,23.4,23.1,94,94,94,236,0.0,0.0,N,PA,OBIDOS,A232,-1.880789,-55.519856,89.64
607,2019-04-12,04:00,0.2,1002.3,1002.9,1002.3,-9999,23.8,22.8,24.0,23.8,22.9,22.8,94,94,94,236,0.0,0.0,N,PA,OBIDOS,A232,-1.880789,-55.519856,89.64
608,2019-04-12,08:00,0.0,1001.2,1001.2,1001.1,-9999,23.4,22.5,23.5,23.4,22.6,22.5,95,94,95,236,0.0,0.0,N,PA,OBIDOS,A232,-1.880789,-55.519856,89.64
609,2019-04-12,12:00,0.0,1003.1,1003.1,1002.5,964,26.2,23.0,26.2,23.9,23.4,22.6,94,82,83,236,0.0,0.0,N,PA,OBIDOS,A232,-1.880789,-55.519856,89.64
610,2019-04-12,16:00,0.0,1002.3,1003.2,1002.3,2096,29.8,24.2,31.4,29.3,24.8,22.6,74,61,72,236,0.0,0.0,N,PA,OBIDOS,A232,-1.880789,-55.519856,89.64
611,2019-04-12,20:00,0.0,998.9,999.0,998.7,1495,29.7,24.4,30.2,29.1,25.9,24.0,82,72,73,236,0.0,0.0,N,PA,OBIDOS,A232,-1.880789,-55.519856,89.64
612,2019-04-13,00:00,0.0,1000.9,1000.9,999.7,-9999,25.5,24.3,25.8,25.5,24.5,24.3,93,92,93,236,0.0,0.0,N,PA,OBIDOS,A232,-1.880789,-55.519856,89.64
613,2019-04-13,04:00,0.0,1002.0,1002.1,1001.9,-9999,24.8,23.7,25.2,24.7,24.0,23.6,94,93,94,236,0.0,0.0,N,PA,OBIDOS,A232,-1.880789,-55.519856,89.64
614,2019-04-13,08:00,0.0,1000.6,1000.7,999.7,-9999,24.2,23.3,24.3,24.2,23.3,23.2,94,94,94,236,0.0,0.0,N,PA,OBIDOS,A232,-1.880789,-55.519856,89.64
615,2019-04-13,12:00,0.0,1002.8,1002.8,1002.1,1235,28.3,23.5,28.4,26.8,24.3,22.6,86,73,75,236,0.0,0.0,N,PA,OBIDOS,A232,-1.880789,-55.519856,89.64
616,2019-04-13,16:00,2.4,1001.4,1002.5,1001.4,1226,27.2,25.5,30.2,27.0,25.7,23.7,91,72,91,236,0.0,0.0,N,PA,OBIDOS,A232,-1.880789,-55.519856,89.64
617,2019-04-13,20:00,0.0,997.6,998.2,997.4,1281,28.8,24.7,28.9,27.2,25.5,23.7,85,76,79,236,0.0,0.0,N,PA,OBIDOS,A232,-1.880789,-55.519856,89.64
618,2019-04-14,00:00,0.0,1000.4,1000.4,999.6,-9999,24.9,23.9,25.0,24.8,24.0,23.8,94,94,94,236,0.0,0.0,N,PA,OBIDOS,A232,-1.880789,-55.519856,89.64
619,2019-04-14,04:00,0.0,1001.2,1002.0,1001.2,-9999,24.6,23.3,25.1,24.6,24.0,23.3,94,93,93,236,0.0,0.0,N,PA,OBIDOS,A232,-1.880789,-55.519856,89.64
620,2019-04-14,08:00,0.0,1000.2,1000.3,1000.0,-9999,22.8,21.9,23.1,22.8,22.2,21.9,95,94,95,236,0.0,0.0,N,PA,OBIDOS,A232,-1.880789,-55.519856,89.64
621,2019-04-14,12:00,0.0,1002.3,1002.3,1001.8,1190,27.6,23.5,27.6,24.5,24.3,23.3,95,78,79,236,0.0,0.0,N,PA,OBIDOS,A232,-1.880789,-55.519856,89.64
622,2019-04-14,16:00,0.0,1001.4,1002.2,1001.4,1480,28.5,24.5,30.9,28.5,25.9,23.4,81,67,79,236,0.0,0.0,N,PA,OBIDOS,A232,-1.880789,-55.519856,89.64
623,2019-04-14,20:00,0.0,997.0,997.1,996.9,1607,30.4,24.6,31.1,30.4,25.5,23.3,72,64,71,236,0.0,0.0,N,PA,OBIDOS,A232,-1.880789,-55.519856,89.64
624,2019-04-15,00:00,0.0,1000.5,1000.5,999.6,-9999,25.1,23.7,25.1,24.9,23.7,23.5,92,92,92,236,0.0,0.0,N,PA,OBIDOS,A232,-1.880789,-55.519856,89.64
625,2019-04-15,04:00,0.0,1001.0,1002.0,1001.0,-9999,23.9,22.9,24.2,23.8,23.1,22.8,94,94,94,236,0.0,0.0,N,PA,OBIDOS,A232,-1.880789,-55.519856,89.64
626,2019-04-15,08:00,0.0,999.9,1000.0,999.8,-9999,23.1,22.2,23.4,23.1,22.5,22.2,95,95,95,236,0.0,0.0,N,PA,OBIDOS,A232,-1.880789,-55.519856,89.64
627,2019-04-15,12:00,0.0,1003.4,1003.4,1002.3,782,25.8,23.3,25.8,24.4,24.1,23.0,95,86,86,236,0.0,0.0,N,PA,OBIDOS,A232,-1.880789,-55.519856,89.64
628,2019-04-15,16:00,0.0,1002.3,1003.5,1002.3,2077,29.7,24.0,30.5,28.4,24.3,22.8,77,66,71,236,0.0,0.0,N,PA,OBIDOS,A232,-1.880789,-55.519856,89.64
629,2019-04-15,20:00,0.0,998.3,998.7,998.3,1110,26.9,24.1,28.3,26.3,25.2,23.4,89,77,84,236,0.0,0.0,N,PA,OBIDOS,A232,-1.880789,-55.519856,89.64
630,2019-04-16,00:00,0.8,1001.0,1001.0,1000.4,-9999,24.5,23.3,25.3,24.5,23.9,23.3,93,92,93,236,0.0,0.0,N,PA,OBIDOS,A232,-1.880789,-55.519856,89.64
631,2019-04-16,04:00,0.0,1002.4,1002.7,1002.4,-9999,23.3,22.4,23.7,23.3,22.7,22.3,95,94,95,236,0.0,0.0,N,PA,OBIDOS,A232,-1.880789,-55.519856,89.64
632,2019-04-16,08:00,0.0,1000.8,1000.9,1000.7,-9999,23.2,22.4,23.4,23.1,22.5,22.2,95,95,95,236,0.0,0.0,N,PA,OBIDOS,A232,-1.880789,-55.519856,89.64
633,2019-04-16,12:00,0.0,1004.1,1004.1,1003.1,1049,27.1,23.5,27.1,24.5,24.1,22.9,95,80,81,236,0.0,0.0,N,PA,OBIDOS,A232,-1.880789,-55.519856,89.64
634,2019-04-16,16:00,0.4,1003.1,1003.7,1003.1,821,25.8,23.8,29.5,25.8,24.4,23.2,89,71,89,236,0.0,0.0,N,PA,OBIDOS,A232,-1.880789,-55.519856,89.64
635,2019-04-16,20:00,0.0,1000.0,1000.4,999.8,1042,27.2,23.8,27.8,26.2,24.8,23.6,88,81,82,236,0.0,0.0,N,PA,OBIDOS,A232,-1.880789,-55.519856,89.64
636,2019-04-17,00:00,0.0,1000.9,1000.9,1000.3,-9999,23.3,22.3,24.1,23.3,23.0,22.3,94,93,94,236,0.0,0.0,N,PA,OBIDOS,A232,-1.880789,-55.519856,89.64
637,2019-04-17,04:00,0.0,1001.9,1002.2,1001.9,-9999,23.1,22.2,23.3,23.1,22.4,22.2,95,95,95,236,0.0,0.0,N,PA,OBIDOS,A232,-1.880789,-55.519856,89.64
638,2019-04-17,08:00,0.0,1000.4,1000.5,1000.3,-9999,22.9,22.0,22.9,22.5,22.0,21.6,95,95,95,236,0.0,0.0,N,PA,OBIDOS,A232,-1.880789,-55.519856,89.64
639,2019-04-17,12:00,0.0,1003.0,1003.0,1002.2,1196,26.8,23.6,27.3,24.0,23.8,22.9,94,79,83,236,0.0,0.0,N,PA,OBIDOS,A232,-1.880789,-55.519856,89.64
640,2019-04-17,16:00,0.0,1001.9,1002.9,1001.9,2410,30.0,24.0,31.1,29.5,24.6,22.9,72,64,70,236,0.0,0.0,N,PA,OBIDOS,A232,-1.880789,-55.519856,89.64
641,2019-04-17,20:00,0.0,997.0,997.6,997.0,1688,30.9,24.6,32.2,30.7,25.1,23.5,70,61,69,236,0.0,0.0,N,PA,OBIDOS,A232,-1.880789,-55.519856,89.64
642,2019-04-18,00:00,0.0,1000.3,1000.3,999.3,-9999,25.3,24.0,25.4,25.3,24.2,24.0,93,93,93,236,0.0,0.0,N,PA,OBIDOS,A232,-1.880789,-55.519856,89.64
643,2019-04-18,04:00,0.0,1001.0,1001.8,1001.0,-9999,23.6,22.6,23.7,23.6,22.8,22.6,94,94,94,236,0.0,0.0,N,PA,OBIDOS,A232,-1.880789,-55.519856,89.64
644,2019-04-18,08:00,0.0,999.5,999.7,999.5,-9999,22.5,21.7,22.6,22.5,21.8,21.6,95,95,95,236,0.0,0.0,N,PA,OBIDOS,A232,-1.880789,-55.519856,89.64
645,2019-04-18,12:00,0.0,1002.7,1002.7,1001.6,1052,26.2,23.4,26.2,24.7,23.8,22.8,94,83,85,236,0.0,0.0,N,PA,OBIDOS,A232,-1.880789,-55.519856,89.64
646,2019-04-18,16:00,0.0,1001.3,1002.5,1001.3,2159,30.5,25.0,31.4,29.3,25.6,23.4,76,66,72,236,0.0,0.0,N,PA,OBIDOS,A232,-1.880789,-55.519856,89.64
647,2019-04-18,20:00,0.0,996.5,996.9,996.4,1261,30.4,24.8,31.5,29.4,25.1,24.1,76,68,72,236,0.0,0.0,N,PA,OBIDOS,A232,-1.880789,-55.519856,89.64
648,2019-04-19,00:00,0.0,1000.2,1000.2,998.9,-9999,25.5,23.7,25.9,25.5,23.9,23.6,90,88,90,236,0.0,0.0,N,PA,OBIDOS,A232,-1.880789,-55.519856,89.64
649,2019-04-19,04:00,0.0,1001.0,1001.6,1001.0,-9999,24.3,23.2,24.6,24.3,23.4,23.1,94,93,94,236,0.0,0.0,N,PA,OBIDOS,A232,-1.880789,-55.519856,89.64
650,2019-04-19,08:00,0.0,999.9,999.9,999.6,-9999,23.7,22.7,23.8,23.6,22.7,22.5,94,93,94,236,0.0,0.0,N,PA,OBIDOS,A232,-1.880789,-55.519856,89.64
651,2019-04-19,12:00,0.0,1003.2,1003.2,1002.4,1282,28.1,23.0,28.1,25.2,23.8,23.0,90,74,74,236,0.0,0.0,N,PA,OBIDOS,A232,-1.880789,-55.519856,89.64
652,2019-04-19,16:00,0.0,1001.7,1002.8,1001.7,1990,30.8,23.5,31.7,29.8,24.8,22.7,72,61,65,236,0.0,0.0,N,PA,OBIDOS,A232,-1.880789,-55.519856,89.64
653,2019-04-19,20:00,2.6,997.7,998.2,997.5,324,25.8,24.8,25.8,24.3,24.8,23.3,94,94,94,236,0.0,0.0,N,PA,OBIDOS,A232,-1.880789,-55.519856,89.64
654,2019-04-20,00:00,0.0,1000.9,1001.0,999.8,-9999,24.9,23.8,25.3,24.9,24.3,23.8,94,93,94,236,0.0,0.0,N,PA,OBIDOS,A232,-1.880789,-55.519856,89.64
655,2019-04-20,04:00,0.0,1002.1,1002.4,1002.1,-9999,22.7,21.9,23.1,22.7,22.1,21.8,95,94,95,236,0.0,0.0,N,PA,OBIDOS,A232,-1.880789,-55.519856,89.64
656,2019-04-20,08:00,0.0,1000.6,1000.7,1000.5,-9999,22.7,21.8,23.0,22.7,22.1,21.8,95,95,95,236,0.0,0.0,N,PA,OBIDOS,A232,-1.880789,-55.519856,89.64
657,2019-04-20,12:00,0.0,1004.0,1004.0,1003.2,673,25.6,23.7,25.6,24.0,23.8,23.0,95,88,90,236,0.0,0.0,N,PA,OBIDOS,A232,-1.880789,-55.519856,89.64
658,2019-04-20,16:00,0.2,1002.3,1003.3,1002.3,2113,30.3,23.0,30.3,28.2,25.8,23.0,85,65,65,236,0.0,0.0,N,PA,OBIDOS,A232,-1.880789,-55.519856,89.64
659,2019-04-20,20:00,0.0,998.3,999.0,998.3,1173,29.1,23.8,29.8,28.2,25.7,23.6,81,70,73,236,0.0,0.0,N,PA,OBIDOS,A232,-1.880789,-55.519856,89.64
660,2019-04-21,00:00,0.0,1000.4,1000.4,999.3,-9999,25.4,23.6,26.0,25.3,24.2,23.6,91,90,90,236,0.0,0.0,N,PA,OBIDOS,A232,-1.880789,-55.519856,89.64
661,2019-04-21,04:00,0.0,1001.7,1002.1,1001.6,-9999,24.9,22.7,25.0,24.8,23.3,22.7,91,88,88,236,0.0,0.0,N,PA,OBIDOS,A232,-1.880789,-55.519856,89.64
662,2019-04-21,08:00,0.0,1000.3,1000.3,999.8,-9999,23.7,22.6,23.8,23.7,22.6,22.5,94,92,94,236,0.0,0.0,N,PA,OBIDOS,A232,-1.880789,-55.519856,89.64
663,2019-04-21,12:00,0.0,1002.3,1002.3,1001.7,837,27.0,22.8,27.4,25.6,23.7,22.2,86,75,78,236,0.0,0.0,N,PA,OBIDOS,A232,-1.880789,-55.519856,89.64
664,2019-04-21,16:00,0.2,1001.7,1002.4,1001.7,1407,28.5,23.7,30.0,28.4,23.9,22.2,75,65,75,236,0.0,0.0,N,PA,OBIDOS,A232,-1.880789,-55.519856,89.64
665,2019-04-21,20:00,12.0,998.8,999.2,998.6,241,24.3,23.3,24.4,23.4,23.3,22.2,94,90,94,236,0.0,0.0,N,PA,OBIDOS,A232,-1.880789,-55.519856,89.64
666,2019-04-22,00:00,0.0,1001.1,1001.1,1000.0,-9999,23.9,22.9,24.1,23.8,23.1,22.9,94,94,94,236,0.0,0.0,N,PA,OBIDOS,A232,-1.880789,-55.519856,89.64
667,2019-04-22,04:00,0.0,1001.8,1002.5,1001.8,-9999,24.3,23.3,24.3,24.1,23.3,23.2,95,95,95,236,0.0,0.0,N,PA,OBIDOS,A232,-1.880789,-55.519856,89.64
668,2019-04-22,08:00,0.0,999.9,999.9,999.7,-9999,23.5,22.4,23.7,23.5,22.5,22.4,94,93,94,236,0.0,0.0,N,PA,OBIDOS,A232,-1.880789,-55.519856,89.64
669,2019-04-22,12:00,0.0,1001.5,1001.5,1000.9,1105,27.2,23.8,27.2,24.5,23.8,22.3,90,79,82,236,0.0,0.0,N,PA,OBIDOS,A232,-1.880789,-55.519856,89.64
670,2019-04-22,16:00,0.0,1001.4,1002.2,1001.4,2184,30.8,24.4,31.5,30.0,25.2,22.0,74,60,69,236,0.0,0.0,N,PA,OBIDOS,A232,-1.880789,-55.519856,89.64
671,2019-04-22,20:00,0.0,997.7,997.8,997.6,1222,28.9,24.1,31.5,28.9,25.0,23.5,77,64,75,236,0.0,0.0,N,PA,OBIDOS,A232,-1.880789,-55.519856,89.64
672,2019-04-23,00:00,0.0,1000.0,1000.0,999.2,-9999,24.1,23.0,24.5,24.0,23.3,22.9,94,93,94,236,0.0,0.0,N,PA,OBIDOS,A232,-1.880789,-55.519856,89.64
673,2019-04-23,04:00,0.0,1001.1,1001.2,1001.0,-9999,23.6,22.6,23.8,23.5,22.8,22.5,94,94,94,236,0.0,0.0,N,PA,OBIDOS,A232,-1.880789,-55.519856,89.64
674,2019-04-23,08:00,0.0,1000.5,1000.5,1000.0,-9999,23.6,22.7,23.7,23.4,22.8,22.4,95,95,95,236,0.0,0.0,N,PA,OBIDOS,A232,-1.880789,-55.519856,89.64
675,2019-04-23,12:00,0.0,1003.3,1003.3,1002.6,511,24.7,23.6,24.7,23.6,23.6,22.7,95,94,94,236,0.0,0.0,N,PA,OBIDOS,A232,-1.880789,-55.519856,89.64
676,2019-04-23,16:00,0.0,1001.6,1002.7,1001.6,1822,29.8,24.6,30.1,28.7,25.8,22.9,79,67,74,236,0.0,0.0,N,PA,OBIDOS,A232,-1.880789,-55.519856,89.64
677,2019-04-23,20:00,0.0,997.9,998.2,997.9,853,28.5,24.7,28.6,27.8,25.3,24.1,85,79,80,236,0.0,0.0,N,PA,OBIDOS,A232,-1.880789,-55.519856,89.64
678,2019-04-24,00:00,0.0,1001.0,1001.0,999.8,-9999,25.0,23.9,25.6,25.0,24.1,23.7,93,91,93,236,0.0,0.0,N,PA,OBIDOS,A232,-1.880789,-55.519856,89.64
679,2019-04-24,04:00,0.0,1002.3,1002.7,1002.3,-9999,24.1,23.0,24.3,24.1,23.3,23.0,94,94,94,236,0.0,0.0,N,PA,OBIDOS,A232,-1.880789,-55.519856,89.64
680,2019-04-24,08:00,0.0,1001.3,1001.3,1001.1,-9999,23.7,22.7,23.8,23.7,22.9,22.7,95,94,94,236,0.0,0.0,N,PA,OBIDOS,A232,-1.880789,-55.519856,89.64
681,2019-04-24,12:00,0.0,1004.0,1004.0,1003.3,578,25.5,23.4,25.5,24.3,23.8,23.2,94,87,88,236,0.0,0.0,N,PA,OBIDOS,A232,-1.880789,-55.519856,89.64
682,2019-04-24,16:00,0.0,1002.5,1003.5,1002.5,2246,30.9,24.6,30.9,29.2,25.0,22.6,75,63,69,236,0.0,0.0,N,PA,OBIDOS,A232,-1.880789,-55.519856,89.64
683,2019-04-24,20:00,0.0,999.1,999.2,998.6,1138,26.8,23.2,31.1,26.8,24.3,23.1,81,64,81,236,0.0,0.0,N,PA,OBIDOS,A232,-1.880789,-55.519856,89.64
684,2019-04-25,00:00,0.0,1001.5,1001.5,1000.6,-9999,24.8,23.7,25.0,24.8,23.9,23.7,94,93,94,236,0.0,0.0,N,PA,OBIDOS,A232,-1.880789,-55.519856,89.64
685,2019-04-25,04:00,0.0,1002.0,1002.4,1002.0,-9999,24.7,23.6,24.9,24.7,23.7,23.5,93,93,93,236,0.0,0.0,N,PA,OBIDOS,A232,-1.880789,-55.519856,89.64
686,2019-04-25,08:00,0.0,1000.9,1000.9,1000.6,-9999,23.9,22.9,24.1,23.9,23.0,22.9,94,94,94,236,0.0,0.0,N,PA,OBIDOS,A232,-1.880789,-55.519856,89.64
687,2019-04-25,12:00,0.0,1003.1,1003.1,1002.8,442,25.4,23.6,25.4,24.5,23.7,23.1,92,90,90,236,0.0,0.0,N,PA,OBIDOS,A232,-1.880789,-55.519856,89.64
688,2019-04-25,16:00,0.0,1002.3,1002.9,1002.3,1494,28.9,24.5,31.4,28.8,24.5,23.1,77,61,77,236,0.0,0.0,N,PA,OBIDOS,A232,-1.880789,-55.519856,89.64
689,2019-04-25,20:00,0.0,998.4,998.7,998.4,1490,29.6,23.4,30.9,29.6,24.8,23.0,73,65,70,236,0.0,0.0,N,PA,OBIDOS,A232,-1.880789,-55.519856,89.64
690,2019-04-26,00:00,0.0,1000.9,1000.9,999.8,-9999,25.8,24.0,26.2,25.7,24.0,23.9,90,87,90,236,0.0,0.0,N,PA,OBIDOS,A232,-1.880789,-55.519856,89.64
691,2019-04-26,04:00,0.0,1002.8,1003.0,1002.7,-9999,24.2,23.2,24.5,24.2,23.5,23.2,94,94,94,236,0.0,0.0,N,PA,OBIDOS,A232,-1.880789,-55.519856,89.64
692,2019-04-26,08:00,0.0,1001.5,1001.6,1001.2,-9999,23.3,22.0,24.8,23.3,23.6,22.0,94,90,93,236,0.0,0.0,N,PA,OBIDOS,A232,-1.880789,-55.519856,89.64
693,2019-04-26,12:00,0.8,1004.1,1004.2,1003.7,131,23.5,22.5,23.6,23.2,22.6,22.1,94,93,94,236,0.0,0.0,N,PA,OBIDOS,A232,-1.880789,-55.519856,89.64
694,2019-04-26,16:00,0.0,1002.0,1003.2,1002.0,2649,30.2,23.9,30.2,28.7,24.8,22.9,76,67,69,236,0.0,0.0,N,PA,OBIDOS,A232,-1.880789,-55.519856,89.64
695,2019-04-26,20:00,0.0,998.5,998.5,998.2,1475,29.9,24.2,30.9,29.7,25.4,23.7,75,67,72,236,0.0,0.0,N,PA,OBIDOS,A232,-1.880789,-55.519856,89.64
696,2019-04-27,00:00,0.0,1001.8,1001.8,1000.7,-9999,25.1,23.8,25.3,25.0,24.1,23.8,93,92,92,236,0.0,0.0,N,PA,OBIDOS,A232,-1.880789,-55.519856,89.64
697,2019-04-27,04:00,0.0,1001.7,1002.5,1001.7,-9999,24.0,23.0,24.7,24.0,23.7,23.0,94,94,94,236,0.0,0.0,N,PA,OBIDOS,A232,-1.880789,-55.519856,89.64
698,2019-04-27,08:00,0.0,1001.0,1001.1,1000.9,-9999,23.9,22.9,24.1,23.9,23.2,22.9,95,94,94,236,0.0,0.0,N,PA,OBIDOS,A232,-1.880789,-55.519856,89.64
699,2019-04-27,12:00,0.0,1003.1,1003.3,1002.9,1279,27.9,24.0,27.9,25.9,24.0,22.8,86,79,79,236,0.0,0.0,N,PA,OBIDOS,A232,-1.880789,-55.519856,89.64
700,2019-04-27,16:00,6.2,1002.8,1003.4,1002.8,771,25.9,24.6,30.2,25.9,25.3,23.1,92,69,92,236,0.0,0.0,N,PA,OBIDOS,A232,-1.880789,-55.519856,89.64
701,2019-04-27,20:00,0.0,999.2,999.8,999.2,373,25.6,24.3,25.7,25.4,24.6,24.1,94,92,93,236,0.0,0.0,N,PA,OBIDOS,A232,-1.880789,-55.519856,89.64
702,2019-04-28,00:00,0.0,1001.7,1001.7,1000.8,-9999,24.4,23.4,24.7,24.3,23.7,23.3,94,94,94,236,0.0,0.0,N,PA,OBIDOS,A232,-1.880789,-55.519856,89.64
703,2019-04-28,04:00,0.0,1001.4,1002.4,1001.4,-9999,24.1,23.2,24.5,24.1,23.6,23.2,95,95,95,236,0.0,0.0,N,PA,OBIDOS,A232,-1.880789,-55.519856,89.64
704,2019-04-28,08:00,0.0,1000.8,1000.8,1000.4,-9999,23.3,22.4,23.5,23.3,22.6,22.4,95,94,94,236,0.0,0.0,N,PA,OBIDOS,A232,-1.880789,-55.519856,89.64
705,2019-04-28,12:00,0.2,1003.7,1003.7,1002.9,348,25.2,23.9,25.2,24.0,23.9,23.1,94,92,92,236,0.0,0.0,N,PA,OBIDOS,A232,-1.880789,-55.519856,89.64
706,2019-04-28,16:00,1.0,1002.0,1003.5,1002.0,1726,29.1,25.1,29.1,25.5,25.9,23.4,92,74,79,236,0.0,0.0,N,PA,OBIDOS,A232,-1.880789,-55.519856,89.64
707,2019-04-28,20:00,0.2,999.4,999.5,999.2,385,25.7,24.5,25.7,24.1,24.5,22.8,94,92,93,236,0.0,0.0,N,PA,OBIDOS,A232,-1.880789,-55.519856,89.64
708,2019-04-29,00:00,0.0,1001.8,1001.8,1001.1,-9999,23.9,22.8,24.5,23.9,23.1,22.8,94,92,94,236,0.0,0.0,N,PA,OBIDOS,A232,-1.880789,-55.519856,89.64
709,2019-04-29,04:00,0.0,1001.5,1002.0,1001.5,-9999,23.0,21.9,23.2,22.9,22.1,21.9,94,93,94,236,0.0,0.0,N,PA,OBIDOS,A232,-1.880789,-55.519856,89.64
710,2019-04-29,08:00,0.0,1000.3,1000.3,1000.1,-9999,23.3,22.3,23.3,23.1,22.3,22.2,95,94,94,236,0.0,0.0,N,PA,OBIDOS,A232,-1.880789,-55.519856,89.64
711,2019-04-29,12:00,0.0,1002.5,1002.5,1001.9,767,26.6,23.7,26.8,24.5,24.1,23.1,92,84,84,236,0.0,0.0,N,PA,OBIDOS,A232,-1.880789,-55.519856,89.64
712,2019-04-29,16:00,0.0,1001.2,1002.3,1001.2,2710,31.5,22.2,31.9,29.5,24.2,21.2,70,54,58,236,0.0,0.0,N,PA,OBIDOS,A232,-1.880789,-55.519856,89.64
713,2019-04-29,20:00,0.0,998.8,998.9,998.7,255,25.4,23.8,26.1,25.4,24.3,23.5,92,88,91,236,0.0,0.0,N,PA,OBIDOS,A232,-1.880789,-55.519856,89.64
714,2019-04-30,00:00,0.0,1001.6,1001.6,1000.5,-9999,24.3,23.3,24.3,24.0,23.3,22.9,94,94,94,236,0.0,0.0,N,PA,OBIDOS,A232,-1.880789,-55.519856,89.64
715,2019-04-30,04:00,0.0,1002.0,1002.6,1002.0,-9999,23.9,23.0,24.0,23.9,23.0,22.9,94,94,94,236,0.0,0.0,N,PA,OBIDOS,A232,-1.880789,-55.519856,89.64
716,2019-04-30,08:00,0.0,1000.7,1000.7,1000.5,-9999,23.7,22.8,23.8,23.7,22.8,22.8,95,95,95,236,0.0,0.0,N,PA,OBIDOS,A232,-1.880789,-55.519856,89.64
717,2019-04-30,12:00,0.0,1003.7,1003.7,1002.8,520,25.8,23.4,25.9,24.7,24.1,23.4,94,86,87,236,0.0,0.0,N,PA,OBIDOS,A232,-1.880789,-55.519856,89.64
718,2019-04-30,16:00,0.0,1002.3,1003.3,1002.3,1804,29.0,23.4,31.4,29.0,24.8,22.8,74,63,72,236,0.0,0.0,N,PA,OBIDOS,A232,-1.880789,-55.519856,89.64
719,2019-04-30,20:00,8.0,998.5,998.8,998.2,442,24.3,23.2,30.3,24.3,25.3,23.0,94,69,94,236,0.0,0.0,N,PA,OBIDOS,A232,-1.880789,-55.519856,89.64
720,2019-05-01,00:00,0.0,1000.9,1000.9,999.8,-9999,23.7,22.7,24.0,23.7,23.1,22.7,95,94,95,236,0.0,0.0,N,PA,OBIDOS,A232,-1.880789,-55.519856,89.64
721,2019-05-01,04:00,0.0,1002.1,1002.4,1002.1,-9999,24.3,23.4,24.3,24.1,23.4,23.2,95,95,95,236,0.0,0.0,N,PA,OBIDOS,A232,-1.880789,-55.519856,89.64
722,2019-05-01,08:00,0.8,1001.2,1001.2,1001.0,-9999,23.9,23.0,24.0,23.9,23.1,23.0,95,95,95,236,0.0,0.0,N,PA,OBIDOS,A232,-1.880789,-55.519856,89.64
723,2019-05-01,12:00,0.0,1004.2,1004.2,1003.2,731,25.6,23.7,25.7,24.5,24.2,23.5,95,88,89,236,0.0,0.0,N,PA,OBIDOS,A232,-1.880789,-55.519856,89.64
724,2019-05-01,16:00,4.4,1003.0,1004.0,1003.0,1010,26.5,24.6,28.4,25.8,25.7,23.7,93,77,89,236,0.0,0.0,N,PA,OBIDOS,A232,-1.880789,-55.519856,89.64
725,2019-05-01,20:00,0.0,998.3,998.5,998.2,1060,27.9,25.0,30.5,27.8,25.4,23.9,86,69,84,236,0.0,0.0,N,PA,OBIDOS,A232,-1.880789,-55.519856,89.64
726,2019-05-02,00:00,0.0,1001.5,1001.5,1000.2,-9999,25.3,24.2,25.3,25.0,24.2,24.0,94,94,94,236,0.0,0.0,N,PA,OBIDOS,A232,-1.880789,-55.519856,89.64
727,2019-05-02,04:00,0.0,1001.5,1002.4,1001.5,-9999,24.4,23.4,24.9,24.4,23.8,23.4,94,94,94,236,0.0,0.0,N,PA,OBIDOS,A232,-1.880789,-55.519856,89.64
728,2019-05-02,08:00,0.0,1000.0,1000.1,1000.0,-9999,23.9,23.0,24.0,23.9,23.0,22.9,94,94,94,236,0.0,0.0,N,PA,OBIDOS,A232,-1.880789,-55.519856,89.64
729,2019-05-02,12:00,0.0,1003.9,1003.9,1002.8,808,25.9,23.3,26.0,24.3,23.9,23.1,94,85,86,236,0.0,0.0,N,PA,OBIDOS,A232,-1.880789,-55.519856,89.64
730,2019-05-02,16:00,1.2,1001.8,1003.0,1001.8,2148,26.6,24.8,31.1,26.5,24.8,22.7,90,64,90,236,0.0,0.0,N,PA,OBIDOS,A232,-1.880789,-55.519856,89.64
731,2019-05-02,20:00,2.6,997.7,998.1,997.7,711,27.4,25.7,28.4,27.0,25.8,24.7,91,81,91,236,0.0,0.0,N,PA,OBIDOS,A232,-1.880789,-55.519856,89.64
732,2019-05-03,00:00,0.4,1001.1,1001.1,1000.0,-9999,25.4,24.4,25.5,25.2,24.5,24.2,94,94,94,236,0.0,0.0,N,PA,OBIDOS,A232,-1.880789,-55.519856,89.64
733,2019-05-03,04:00,0.0,1000.6,1001.5,1000.6,-9999,24.4,23.4,24.8,24.4,23.7,23.4,94,94,94,236,0.0,0.0,N,PA,OBIDOS,A232,-1.880789,-55.519856,89.64
734,2019-05-03,08:00,0.0,999.5,999.7,999.2,-9999,23.8,22.9,24.0,23.8,22.9,22.8,94,94,94,236,0.0,0.0,N,PA,OBIDOS,A232,-1.880789,-55.519856,89.64
735,2019-05-03,12:00,0.0,1002.2,1002.2,1001.2,1184,27.4,23.6,27.4,24.9,23.9,23.0,93,79,80,236,0.0,0.0,N,PA,OBIDOS,A232,-1.880789,-55.519856,89.64
736,2019-05-03,16:00,0.0,1001.2,1002.1,1001.2,2433,30.0,23.5,31.0,29.1,25.1,23.2,75,65,68,236,0.0,0.0,N,PA,OBIDOS,A232,-1.880789,-55.519856,89.64
737,2019-05-03,20:00,3.4,998.1,998.8,998.1,318,25.4,23.8,27.0,25.3,24.9,23.5,92,87,91,236,0.0,0.0,N,PA,OBIDOS,A232,-1.880789,-55.519856,89.64
738,2019-05-04,00:00,0.0,1000.9,1000.9,999.8,-9999,24.1,23.1,24.2,24.0,23.2,23.1,95,94,95,236,0.0,0.0,N,PA,OBIDOS,A232,-1.880789,-55.519856,89.64
739,2019-05-04,04:00,0.0,1001.1,1002.0,1001.1,-9999,23.8,22.9,24.2,23.8,23.3,22.9,95,95,95,236,0.0,0.0,N,PA,OBIDOS,A232,-1.880789,-55.519856,89.64
740,2019-05-04,08:00,0.0,999.9,1000.0,999.7,-9999,23.4,22.5,23.6,23.3,22.7,22.5,95,95,95,236,0.0,0.0,N,PA,OBIDOS,A232,-1.880789,-55.519856,89.64
741,2019-05-04,12:00,0.0,1002.2,1002.2,1001.8,1309,27.8,24.5,27.8,25.7,24.8,23.3,95,77,82,236,0.0,0.0,N,PA,OBIDOS,A232,-1.880789,-55.519856,89.64
742,2019-05-04,16:00,0.0,1000.7,1001.7,1000.7,2696,31.2,23.2,31.8,29.0,25.5,23.0,74,61,62,236,0.0,0.0,N,PA,OBIDOS,A232,-1.880789,-55.519856,89.64
743,2019-05-04,20:00,0.0,997.4,997.6,997.3,1508,30.2,23.6,31.0,30.1,24.7,23.1,71,65,68,236,0.0,0.0,N,PA,OBIDOS,A232,-1.880789,-55.519856,89.64
744,2019-05-05,00:00,0.0,999.2,999.2,998.1,-9999,25.2,22.8,25.7,25.0,23.1,22.5,87,83,87,236,0.0,0.0,N,PA,OBIDOS,A232,-1.880789,-55.519856,89.64
745,2019-05-05,04:00,0.0,1000.6,1001.0,1000.6,-9999,24.9,21.8,25.3,24.1,22.2,21.7,89,81,83,236,0.0,0.0,N,PA,OBIDOS,A232,-1.880789,-55.519856,89.64
746,2019-05-05,08:00,0.0,1000.3,1000.3,1000.0,-9999,23.4,21.8,23.8,23.3,22.1,21.8,92,90,91,236,0.0,0.0,N,PA,OBIDOS,A232,-1.880789,-55.519856,89.64
747,2019-05-05,12:00,0.0,1003.2,1003.2,1002.6,690,25.6,23.3,25.7,24.0,23.8,22.8,93,87,87,236,0.0,0.0,N,PA,OBIDOS,A232,-1.880789,-55.519856,89.64
748,2019-05-05,16:00,0.0,1001.9,1002.9,1001.9,1658,29.0,23.8,29.5,28.4,24.3,22.9,77,69,74,236,0.0,0.0,N,PA,OBIDOS,A232,-1.880789,-55.519856,89.64
749,2019-05-05,20:00,0.0,998.7,999.1,998.7,1568,29.2,24.1,30.4,29.2,25.1,23.8,76,69,74,236,0.0,0.0,N,PA,OBIDOS,A232,-1.880789,-55.519856,89.64
750,2019-05-06,00:00,0.0,1000.5,1000.5,999.9,-9999,24.5,23.5,24.6,24.5,23.6,23.4,94,94,94,236,0.0,0.0,N,PA,OBIDOS,A232,-1.880789,-55.519856,89.64
751,2019-05-06,04:00,0.0,1001.7,1002.1,1001.6,-9999,24.1,23.1,24.1,23.9,23.1,22.9,94,94,94,236,0.0,0.0,N,PA,OBIDOS,A232,-1.880789,-55.519856,89.64
752,2019-05-06,08:00,0.0,1001.0,1001.0,1000.6,-9999,24.1,23.1,24.1,23.6,23.2,22.7,95,95,95,236,0.0,0.0,N,PA,OBIDOS,A232,-1.880789,-55.519856,89.64
753,2019-05-06,12:00,0.0,1003.6,1003.6,1002.7,1272,27.6,23.5,27.9,25.8,23.6,22.7,85,76,78,236,0.0,0.0,N,PA,OBIDOS,A232,-1.880789,-55.519856,89.64
754,2019-05-06,16:00,0.0,1002.3,1003.4,1002.3,3050,32.9,25.5,33.3,31.3,25.5,23.0,67,59,65,236,0.0,0.0,N,PA,OBIDOS,A232,-1.880789,-55.519856,89.64
755,2019-05-06,20:00,0.0,999.5,999.8,999.5,1450,30.6,23.5,32.1,30.6,25.1,22.5,68,60,66,236,0.0,0.0,N,PA,OBIDOS,A232,-1.880789,-55.519856,89.64
756,2019-05-07,00:00,0.0,1001.6,1001.6,1001.0,-9999,26.6,24.1,26.9,26.5,24.5,24.1,88,86,86,236,0.0,0.0,N,PA,OBIDOS,A232,-1.880789,-55.519856,89.64
757,2019-05-07,04:00,0.0,1002.1,1002.7,1002.1,-9999,24.7,23.5,25.0,24.7,23.7,23.5,93,92,93,236,0.0,0.0,N,PA,OBIDOS,A232,-1.880789,-55.519856,89.64
758,2019-05-07,08:00,0.0,1000.6,1000.7,1000.5,-9999,22.8,21.8,23.1,22.8,22.2,21.8,94,94,94,236,0.0,0.0,N,PA,OBIDOS,A232,-1.880789,-55.519856,89.64
759,2019-05-07,12:00,0.0,1002.8,1002.8,1002.4,1058,27.0,23.0,27.1,25.5,23.6,22.8,88,79,79,236,0.0,0.0,N,PA,OBIDOS,A232,-1.880789,-55.519856,89.64
760,2019-05-07,16:00,0.0,1001.5,1002.2,1001.5,2491,31.5,24.6,33.1,30.6,25.7,22.9,69,58,67,236,0.0,0.0,N,PA,OBIDOS,A232,-1.880789,-55.519856,89.64
761,2019-05-07,20:00,0.0,998.4,998.9,998.4,1472,30.9,23.5,31.5,30.9,24.0,22.5,66,60,65,236,0.0,0.0,N,PA,OBIDOS,A232,-1.880789,-55.519856,89.64
762,2019-05-08,00:00,0.0,1000.9,1000.9,1000.4,-9999,25.9,23.5,25.9,25.0,23.6,23.3,91,87,87,236,0.0,0.0,N,PA,OBIDOS,A232,-1.880789,-55.519856,89.64
763,2019-05-08,04:00,0.0,1001.4,1001.6,1001.4,-9999,24.5,23.3,25.0,24.5,23.5,23.2,93,92,93,236,0.0,0.0,N,PA,OBIDOS,A232,-1.880789,-55.519856,89.64
764,2019-05-08,08:00,0.0,1000.4,1000.7,1000.4,-9999,24.6,22.3,24.8,24.5,23.2,22.3,93,87,87,236,0.0,0.0,N,PA,OBIDOS,A232,-1.880789,-55.519856,89.64
765,2019-05-08,12:00,0.0,1002.7,1002.7,1002.4,786,26.5,22.7,26.5,24.7,23.2,22.5,88,79,80,236,0.0,0.0,N,PA,OBIDOS,A232,-1.880789,-55.519856,89.64
766,2019-05-08,16:00,0.0,1001.5,1002.3,1001.5,3137,31.6,23.2,31.6,30.0,24.0,21.9,68,58,61,236,0.0,0.0,N,PA,OBIDOS,A232,-1.880789,-55.519856,89.64
767,2019-05-08,20:00,0.0,998.1,998.4,998.1,1267,28.9,24.5,30.2,28.8,25.9,24.3,79,72,77,236,0.0,0.0,N,PA,OBIDOS,A232,-1.880789,-55.519856,89.64
768,2019-05-09,00:00,0.0,999.7,999.7,999.3,-9999,25.4,23.8,25.7,25.3,24.2,23.8,93,90,91,236,0.0,0.0,N,PA,OBIDOS,A232,-1.880789,-55.519856,89.64
769,2019-05-09,04:00,0.0,1000.2,1000.5,1000.2,-9999,24.5,23.1,25.0,24.4,23.1,22.9,92,88,92,236,0.0,0.0,N,PA,OBIDOS,A232,-1.880789,-55.519856,89.64
770,2019-05-09,08:00,0.0,999.8,999.8,999.4,-9999,23.4,22.4,23.6,23.4,22.6,22.4,94,94,94,236,0.0,0.0,N,PA,OBIDOS,A232,-1.880789,-55.519856,89.64
771,2019-05-09,12:00,0.0,1001.5,1001.6,1001.1,1069,27.3,23.6,28.0,25.9,24.0,22.8,89,76,80,236,0.0,0.0,N,PA,OBIDOS,A232,-1.880789,-55.519856,89.64
772,2019-05-09,16:00,0.0,1000.5,1001.4,1000.5,2302,32.7,24.9,32.7,29.8,25.4,23.0,74,60,64,236,0.0,0.0,N,PA,OBIDOS,A232,-1.880789,-55.519856,89.64
773,2019-05-09,20:00,0.0,996.2,997.0,996.2,1472,30.6,23.2,32.1,30.6,24.2,23.1,68,60,65,236,0.0,0.0,N,PA,OBIDOS,A232,-1.880789,-55.519856,89.64
774,2019-05-10,00:00,0.0,999.4,999.4,998.3,-9999,25.6,24.0,26.3,25.6,24.1,23.9,91,88,91,236,0.0,0.0,N,PA,OBIDOS,A232,-1.880789,-55.519856,89.64
775,2019-05-10,04:00,0.0,998.5,999.4,998.5,-9999,24.4,23.3,25.2,24.4,23.8,23.2,93,91,93,236,0.0,0.0,N,PA,OBIDOS,A232,-1.880789,-55.519856,89.64
776,2019-05-10,08:00,0.0,998.6,998.8,998.3,-9999,24.6,23.5,24.9,24.5,23.6,23.4,93,93,93,236,0.0,0.0,N,PA,OBIDOS,A232,-1.880789,-55.519856,89.64
777,2019-05-10,12:00,0.0,1001.3,1001.3,1000.7,556,25.3,24.0,25.3,24.0,24.0,23.1,94,92,93,236,0.0,0.0,N,PA,OBIDOS,A232,-1.880789,-55.519856,89.64
778,2019-05-10,16:00,0.0,999.9,1000.9,999.9,1842,30.4,25.8,30.9,28.5,26.0,23.9,81,71,76,236,0.0,0.0,N,PA,OBIDOS,A232,-1.880789,-55.519856,89.64
779,2019-05-10,20:00,0.0,996.8,997.1,996.8,138,25.4,24.0,25.5,25.3,24.2,23.7,93,90,92,236,0.0,0.0,N,PA,OBIDOS,A232,-1.880789,-55.519856,89.64
780,2019-05-11,00:00,0.0,999.5,999.5,998.5,-9999,24.5,23.3,24.6,24.4,23.5,23.3,94,93,93,236,0.0,0.0,N,PA,OBIDOS,A232,-1.880789,-55.519856,89.64
781,2019-05-11,04:00,0.0,1000.5,1000.8,1000.5,-9999,24.1,23.1,24.2,24.1,23.2,23.1,94,94,94,236,0.0,0.0,N,PA,OBIDOS,A232,-1.880789,-55.519856,89.64
782,2019-05-11,08:00,0.0,998.7,998.8,998.7,-9999,23.4,22.3,23.7,23.4,22.6,22.3,94,93,93,236,0.0,0.0,N,PA,OBIDOS,A232,-1.880789,-55.519856,89.64
783,2019-05-11,12:00,0.0,1001.4,1001.4,1000.8,607,25.5,22.7,25.5,24.2,23.1,22.3,90,84,85,236,0.0,0.0,N,PA,OBIDOS,A232,-1.880789,-55.519856,89.64
784,2019-05-11,16:00,0.0,1000.4,1001.1,1000.3,2238,30.3,24.4,31.1,29.1,25.8,22.3,77,61,70,236,0.0,0.0,N,PA,OBIDOS,A232,-1.880789,-55.519856,89.64
785,2019-05-11,20:00,0.0,997.0,997.3,996.9,1209,29.6,24.4,31.8,29.4,24.8,23.7,74,64,73,236,0.0,0.0,N,PA,OBIDOS,A232,-1.880789,-55.519856,89.64
786,2019-05-12,00:00,0.0,1000.1,1000.1,998.8,-9999,25.0,23.7,25.4,24.9,24.0,23.7,93,91,92,236,0.0,0.0,N,PA,OBIDOS,A232,-1.880789,-55.519856,89.64
787,2019-05-12,04:00,19.0,1001.2,1001.9,1000.9,-9999,23.8,22.9,25.1,23.5,23.6,22.3,95,89,95,236,0.0,0.0,N,PA,OBIDOS,A232,-1.880789,-55.519856,89.64
788,2019-05-12,08:00,0.0,1000.9,1000.9,1000.6,-9999,23.3,22.4,23.3,23.2,22.4,22.3,95,95,95,236,0.0,0.0,N,PA,OBIDOS,A232,-1.880789,-55.519856,89.64
789,2019-05-12,12:00,0.2,1003.3,1003.3,1002.9,200,23.1,22.1,23.1,22.9,22.1,22.0,95,94,94,236,0.0,0.0,N,PA,OBIDOS,A232,-1.880789,-55.519856,89.64
790,2019-05-12,16:00,0.0,1002.9,1003.6,1002.9,1640,27.4,23.0,27.6,26.6,24.0,22.2,84,74,77,236,0.0,0.0,N,PA,OBIDOS,A232,-1.880789,-55.519856,89.64
791,2019-05-12,20:00,0.0,999.5,1000.0,999.5,672,26.2,23.7,28.6,26.2,24.9,23.5,87,77,86,236,0.0,0.0,N,PA,OBIDOS,A232,-1.880789,-55.519856,89.64
792,2019-05-13,00:00,0.0,1002.0,1002.0,1001.2,-9999,24.2,23.1,24.4,24.2,23.3,23.1,94,93,94,236,0.0,0.0,N,PA,OBIDOS,A232,-1.880789,-55.519856,89.64
793,2019-05-13,04:00,0.0,1002.6,1002.9,1002.6,-9999,23.7,22.3,24.4,23.7,23.1,22.3,93,92,92,236,0.0,0.0,N,PA,OBIDOS,A232,-1.880789,-55.519856,89.64
794,2019-05-13,08:00,0.0,1000.5,1000.6,1000.2,-9999,22.7,21.8,23.1,22.7,21.9,21.7,94,93,94,236,0.0,0.0,N,PA,OBIDOS,A232,-1.880789,-55.519856,89.64
795,2019-05-13,12:00,0.0,1004.1,1004.1,1002.6,539,25.0,23.0,25.0,23.6,23.0,22.4,93,87,88,236,0.0,0.0,N,PA,OBIDOS,A232,-1.880789,-55.519856,89.64
796,2019-05-13,16:00,0.0,1003.3,1003.9,1003.3,2073,28.6,22.8,30.6,28.3,24.6,21.5,76,61,71,236,0.0,0.0,N,PA,OBIDOS,A232,-1.880789,-55.519856,89.64
797,2019-05-13,20:00,0.0,1000.2,1000.7,1000.2,1398,29.1,22.9,30.3,28.9,23.4,21.9,70,62,69,236,0.0,0.0,N,PA,OBIDOS,A232,-1.880789,-55.519856,89.64
798,2019-05-14,00:00,0.0,1002.5,1002.5,1001.8,-9999,24.2,22.7,24.5,24.0,22.7,22.4,92,89,91,236,0.0,0.0,N,PA,OBIDOS,A232,-1.880789,-55.519856,89.64
799,2019-05-14,04:00,0.0,1002.9,1003.2,1002.9,-9999,23.4,22.5,23.6,23.3,22.5,22.3,94,93,94,236,0.0,0.0,N,PA,OBIDOS,A232,-1.880789,-55.519856,89.64
800,2019-05-14,08:00,0.0,1001.7,1001.7,1001.6,-9999,23.4,22.2,23.6,23.4,22.3,22.2,93,92,93,236,0.0,0.0,N,PA,OBIDOS,A232,-1.880789,-55.519856,89.64
801,2019-05-14,12:00,0.0,1004.2,1004.3,1003.5,437,25.6,23.3,25.8,25.3,23.4,22.6,88,83,87,236,0.0,0.0,N,PA,OBIDOS,A232,-1.880789,-55.519856,89.64
802,2019-05-14,16:00,0.0,1002.3,1003.5,1002.3,2751,30.4,23.0,30.8,28.6,24.8,22.6,76,64,65,236,0.0,0.0,N,PA,OBIDOS,A232,-1.880789,-55.519856,89.64
803,2019-05-14,20:00,0.0,998.5,998.6,998.2,1356,29.0,23.6,31.5,29.0,25.1,23.2,75,63,73,236,0.0,0.0,N,PA,OBIDOS,A232,-1.880789,-55.519856,89.64
804,2019-05-15,00:00,0.0,1001.8,1001.8,1001.0,-9999,24.6,23.4,24.7,24.4,23.4,23.2,93,93,93,236,0.0,0.0,N,PA,OBIDOS,A232,-1.880789,-55.519856,89.64
805,2019-05-15,04:00,0.0,1002.1,1003.1,1002.1,-9999,24.1,23.0,24.3,24.1,23.2,23.0,94,93,93,236,0.0,0.0,N,PA,OBIDOS,A232,-1.880789,-55.519856,89.64
806,2019-05-15,08:00,0.0,1001.0,1001.0,1000.5,-9999,23.9,22.7,24.0,23.8,22.9,22.7,94,93,93,236,0.0,0.0,N,PA,OBIDOS,A232,-1.880789,-55.519856,89.64
807,2019-05-15,12:00,0.4,1004.0,1004.0,1003.5,51,23.4,22.4,23.7,23.3,22.7,22.3,94,94,94,236,0.0,0.0,N,PA,OBIDOS,A232,-1.880789,-55.519856,89.64
808,2019-05-15,16:00,0.0,1002.7,1003.7,1002.7,946,26.6,23.7,26.7,26.2,24.3,22.9,87,81,84,236,0.0,0.0,N,PA,OBIDOS,A232,-1.880789,-55.519856,89.64
809,2019-05-15,20:00,0.0,999.6,999.9,999.5,652,26.5,23.9,26.7,26.3,24.2,23.4,87,83,86,236,0.0,0.0,N,PA,OBIDOS,A232,-1.880789,-55.519856,89.64
810,2019-05-16,00:00,0.0,1002.3,1002.3,1001.5,-9999,24.0,23.0,24.0,23.8,23.0,22.8,94,94,94,236,0.0,0.0,N,PA,OBIDOS,A232,-1.880789,-55.519856,89.64
811,2019-05-16,04:00,0.0,1002.9,1003.4,1002.9,-9999,23.1,22.1,23.4,23.1,22.5,22.1,94,94,94,236,0.0,0.0,N,PA,OBIDOS,A232,-1.880789,-55.519856,89.64
812,2019-05-16,08:00,0.0,1002.0,1002.0,1001.6,-9999,22.9,22.0,22.9,22.9,22.0,22.0,95,95,95,236,0.0,0.0,N,PA,OBIDOS,A232,-1.880789,-55.519856,89.64
813,2019-05-16,12:00,0.0,1004.7,1004.7,1003.9,461,24.5,22.8,24.5,23.6,23.0,22.5,94,90,90,236,0.0,0.0,N,PA,OBIDOS,A232,-1.880789,-55.519856,89.64
814,2019-05-16,16:00,0.0,1003.5,1004.5,1003.5,2890,28.7,23.7,29.5,26.4,25.4,22.9,88,70,74,236,0.0,0.0,N,PA,OBIDOS,A232,-1.880789,-55.519856,89.64
815,2019-05-16,20:00,0.0,1000.1,1000.2,1000.0,1439,28.3,23.8,29.7,28.3,24.6,23.0,76,70,76,236,0.0,0.0,N,PA,OBIDOS,A232,-1.880789,-55.519856,89.64
816,2019-05-17,00:00,0.0,1002.9,1002.9,1002.3,-9999,24.0,23.0,24.2,24.0,23.1,22.9,94,94,94,236,0.0,0.0,N,PA,OBIDOS,A232,-1.880789,-55.519856,89.64
817,2019-05-17,04:00,0.0,1003.4,1003.7,1003.3,-9999,23.9,22.9,24.1,23.9,23.0,22.8,94,94,94,236,0.0,0.0,N,PA,OBIDOS,A232,-1.880789,-55.519856,89.64
818,2019-05-17,08:00,2.6,1001.6,1001.7,1001.6,-9999,22.7,21.7,23.4,22.7,22.3,21.7,94,94,94,236,0.0,0.0,N,PA,OBIDOS,A232,-1.880789,-55.519856,89.64
819,2019-05-17,12:00,0.0,1003.3,1003.3,1002.9,379,23.5,22.3,23.5,22.6,22.4,21.6,94,93,93,236,0.0,0.0,N,PA,OBIDOS,A232,-1.880789,-55.519856,89.64
820,2019-05-17,16:00,0.0,1002.7,1003.4,1002.7,1727,26.9,22.2,27.2,25.9,23.6,22.2,84,75,76,236,0.0,0.0,N,PA,OBIDOS,A232,-1.880789,-55.519856,89.64
821,2019-05-17,20:00,0.0,999.2,999.3,999.1,660,27.5,23.3,28.2,26.9,23.9,22.6,82,72,78,236,0.0,0.0,N,PA,OBIDOS,A232,-1.880789,-55.519856,89.64
822,2019-05-18,00:00,0.0,1001.2,1001.2,1000.6,-9999,23.6,22.5,24.1,23.5,22.9,22.4,94,92,94,236,0.0,0.0,N,PA,OBIDOS,A232,-1.880789,-55.519856,89.64
823,2019-05-18,04:00,0.0,1001.8,1002.4,1001.8,-9999,23.0,22.1,23.4,23.0,22.4,22.1,95,94,95,236,0.0,0.0,N,PA,OBIDOS,A232,-1.880789,-55.519856,89.64
824,2019-05-18,08:00,0.0,1000.0,1000.1,999.9,-9999,22.7,21.8,23.0,22.7,22.2,21.8,95,95,95,236,0.0,0.0,N,PA,OBIDOS,A232,-1.880789,-55.519856,89.64
825,2019-05-18,12:00,0.0,1003.0,1003.0,1002.2,937,26.6,22.7,26.8,24.2,23.4,22.4,92,79,80,236,0.0,0.0,N,PA,OBIDOS,A232,-1.880789,-55.519856,89.64
826,2019-05-18,16:00,0.0,1001.6,1002.5,1001.6,2418,30.5,23.4,30.7,29.0,24.5,22.3,74,65,66,236,0.0,0.0,N,PA,OBIDOS,A232,-1.880789,-55.519856,89.64
827,2019-05-18,20:00,0.0,998.3,998.5,998.2,610,27.9,24.3,28.8,27.9,25.2,23.7,83,75,81,236,0.0,0.0,N,PA,OBIDOS,A232,-1.880789,-55.519856,89.64
828,2019-05-19,00:00,0.0,1000.2,1000.2,999.4,-9999,24.3,23.3,24.6,24.3,23.5,23.3,94,93,94,236,0.0,0.0,N,PA,OBIDOS,A232,-1.880789,-55.519856,89.64
829,2019-05-19,04:00,0.0,1001.0,1001.2,1001.0,-9999,24.1,23.0,24.4,24.1,23.3,23.0,94,93,94,236,0.0,0.0,N,PA,OBIDOS,A232,-1.880789,-55.519856,89.64
830,2019-05-19,08:00,0.0,999.6,999.8,999.6,-9999,23.4,22.5,23.6,23.4,22.7,22.5,95,94,95,236,0.0,0.0,N,PA,OBIDOS,A232,-1.880789,-55.519856,89.64
831,2019-05-19,12:00,0.0,1002.2,1002.2,1001.7,796,27.2,23.7,27.2,24.7,23.9,23.5,94,81,81,236,0.0,0.0,N,PA,OBIDOS,A232,-1.880789,-55.519856,89.64
832,2019-05-19,16:00,0.2,1001.5,1002.3,1001.5,1226,28.5,24.9,30.6,27.9,26.1,23.7,87,67,81,236,0.0,0.0,N,PA,OBIDOS,A232,-1.880789,-55.519856,89.64
833,2019-05-19,20:00,0.0,997.9,998.2,997.9,754,28.6,24.4,30.0,28.6,25.0,24.1,79,72,78,236,0.0,0.0,N,PA,OBIDOS,A232,-1.880789,-55.519856,89.64
834,2019-05-20,00:00,0.0,1000.9,1001.0,999.6,-9999,25.7,24.3,25.7,25.1,24.3,23.9,93,92,92,236,0.0,0.0,N,PA,OBIDOS,A232,-1.880789,-55.519856,89.64
835,2019-05-20,04:00,0.0,1001.4,1002.0,1001.4,-9999,24.8,23.8,25.0,24.8,24.0,23.8,94,94,94,236,0.0,0.0,N,PA,OBIDOS,A232,-1.880789,-55.519856,89.64
836,2019-05-20,08:00,0.0,999.9,999.9,999.5,-9999,24.3,23.2,24.5,24.2,23.3,23.0,94,93,93,236,0.0,0.0,N,PA,OBIDOS,A232,-1.880789,-55.519856,89.64
837,2019-05-20,12:00,0.0,1002.8,1002.8,1001.6,494,26.0,23.3,26.0,24.9,23.7,23.2,92,85,85,236,0.0,0.0,N,PA,OBIDOS,A232,-1.880789,-55.519856,89.64
838,2019-05-20,16:00,0.0,1001.9,1002.8,1001.9,1445,29.0,24.2,29.0,27.9,24.4,23.0,79,72,76,236,0.0,0.0,N,PA,OBIDOS,A232,-1.880789,-55.519856,89.64
839,2019-05-20,20:00,0.0,998.9,999.2,998.9,613,27.8,24.6,28.1,27.7,24.6,23.9,83,78,82,236,0.0,0.0,N,PA,OBIDOS,A232,-1.880789,-55.519856,89.64
840,2019-05-21,00:00,0.0,1001.1,1001.1,1000.5,-9999,24.9,23.8,25.0,24.8,23.9,23.7,94,93,93,236,0.0,0.0,N,PA,OBIDOS,A232,-1.880789,-55.519856,89.64
841,2019-05-21,04:00,0.0,1002.5,1003.0,1002.5,-9999,24.0,23.0,24.3,24.0,23.3,23.0,94,94,94,236,0.0,0.0,N,PA,OBIDOS,A232,-1.880789,-55.519856,89.64
842,2019-05-21,08:00,0.0,1000.2,1000.6,1000.2,-9999,23.5,22.5,23.8,23.5,22.8,22.5,94,94,94,236,0.0,0.0,N,PA,OBIDOS,A232,-1.880789,-55.519856,89.64
843,2019-05-21,12:00,0.0,1003.6,1003.6,1002.3,131,24.8,23.6,24.8,24.5,23.6,23.3,94,93,93,236,0.0,0.0,N,PA,OBIDOS,A232,-1.880789,-55.519856,89.64
844,2019-05-21,16:00,2.0,1002.2,1003.1,1002.2,1018,26.3,24.9,28.5,25.9,24.9,23.4,92,75,92,236,0.0,0.0,N,PA,OBIDOS,A232,-1.880789,-55.519856,89.64
845,2019-05-21,20:00,0.0,999.2,999.7,999.2,524,26.2,24.2,26.4,25.9,24.7,23.9,92,87,89,236,0.0,0.0,N,PA,OBIDOS,A232,-1.880789,-55.519856,89.64
846,2019-05-22,00:00,0.0,1001.7,1001.8,1000.6,-9999,24.5,23.5,24.5,24.1,23.5,23.1,94,94,94,236,0.0,0.0,N,PA,OBIDOS,A232,-1.880789,-55.519856,89.64
847,2019-05-22,04:00,0.0,1003.0,1003.2,1003.0,-9999,23.6,22.7,23.6,23.3,22.7,22.4,95,95,95,236,0.0,0.0,N,PA,OBIDOS,A232,-1.880789,-55.519856,89.64
848,2019-05-22,08:00,0.8,1000.9,1000.9,1000.3,-9999,23.3,22.4,23.4,23.3,22.5,22.4,95,95,95,236,0.0,0.0,N,PA,OBIDOS,A232,-1.880789,-55.519856,89.64
849,2019-05-22,12:00,0.0,1003.3,1003.3,1002.5,451,25.0,23.7,25.0,24.0,23.8,23.1,95,93,93,236,0.0,0.0,N,PA,OBIDOS,A232,-1.880789,-55.519856,89.64
850,2019-05-22,16:00,0.8,1002.2,1003.2,1002.2,1239,27.4,25.0,29.4,27.1,25.2,23.5,87,73,87,236,0.0,0.0,N,PA,OBIDOS,A232,-1.880789,-55.519856,89.64
851,2019-05-22,20:00,0.0,998.9,999.5,998.8,552,27.7,24.3,27.9,27.3,25.0,23.9,86,80,82,236,0.0,0.0,N,PA,OBIDOS,A232,-1.880789,-55.519856,89.64
852,2019-05-23,00:00,0.0,1001.9,1001.9,1000.7,-9999,24.6,23.6,24.6,24.3,23.6,23.3,94,94,94,236,0.0,0.0,N,PA,OBIDOS,A232,-1.880789,-55.519856,89.64
853,2019-05-23,04:00,0.4,1002.5,1002.8,1002.4,-9999,22.8,21.8,22.9,22.8,21.9,21.8,94,94,94,236,0.0,0.0,N,PA,OBIDOS,A232,-1.880789,-55.519856,89.64
854,2019-05-23,08:00,0.0,1001.1,1001.2,1000.7,-9999,22.4,21.5,22.6,22.4,21.7,21.5,95,95,95,236,0.0,0.0,N,PA,OBIDOS,A232,-1.880789,-55.519856,89.64
855,2019-05-23,12:00,0.0,1003.9,1003.9,1003.2,1241,27.3,22.1,28.0,23.3,23.9,21.8,95,70,74,236,0.0,0.0,N,PA,OBIDOS,A232,-1.880789,-55.519856,89.64
856,2019-05-23,16:00,0.0,1002.5,1003.2,1002.5,2072,28.6,23.8,30.0,28.6,24.6,22.7,77,68,75,236,0.0,0.0,N,PA,OBIDOS,A232,-1.880789,-55.519856,89.64
857,2019-05-23,20:00,0.0,998.6,999.2,998.6,1298,29.7,23.8,31.0,29.7,24.9,22.9,72,63,71,236,0.0,0.0,N,PA,OBIDOS,A232,-1.880789,-55.519856,89.64
858,2019-05-24,00:00,0.0,1000.5,1000.5,999.8,-9999,24.4,23.2,25.0,24.4,23.6,23.2,93,91,93,236,0.0,0.0,N,PA,OBIDOS,A232,-1.880789,-55.519856,89.64
859,2019-05-24,04:00,0.0,1001.2,1001.5,1001.2,-9999,23.3,22.4,23.6,23.3,22.7,22.4,95,94,95,236,0.0,0.0,N,PA,OBIDOS,A232,-1.880789,-55.519856,89.64
860,2019-05-24,08:00,0.0,1000.6,1000.7,1000.3,-9999,23.3,22.4,23.6,23.2,22.7,22.3,95,95,95,236,0.0,0.0,N,PA,OBIDOS,A232,-1.880789,-55.519856,89.64
861,2019-05-24,12:00,0.0,1003.1,1003.1,1002.3,1088,28.1,23.5,28.2,25.0,24.1,23.2,93,76,76,236,0.0,0.0,N,PA,OBIDOS,A232,-1.880789,-55.519856,89.64
862,2019-05-24,16:00,0.0,1001.5,1002.8,1001.5,1727,30.0,24.1,31.6,29.5,25.3,23.4,74,65,71,236,0.0,0.0,N,PA,OBIDOS,A232,-1.880789,-55.519856,89.64
863,2019-05-24,20:00,0.0,999.0,999.1,998.8,442,27.4,25.3,27.7,27.2,25.3,24.1,88,83,88,236,0.0,0.0,N,PA,OBIDOS,A232,-1.880789,-55.519856,89.64
864,2019-05-25,00:00,0.0,1001.5,1001.5,1000.6,-9999,25.3,24.1,25.6,25.3,24.5,24.1,94,93,93,236,0.0,0.0,N,PA,OBIDOS,A232,-1.880789,-55.519856,89.64
865,2019-05-25,04:00,0.0,1001.7,1002.3,1001.7,-9999,24.2,23.2,24.7,24.2,23.7,23.2,94,94,94,236,0.0,0.0,N,PA,OBIDOS,A232,-1.880789,-55.519856,89.64
866,2019-05-25,08:00,0.0,1000.6,1000.9,1000.6,-9999,22.8,21.9,22.8,22.7,21.9,21.8,95,95,95,236,0.0,0.0,N,PA,OBIDOS,A232,-1.880789,-55.519856,89.64
867,2019-05-25,12:00,0.0,1003.0,1003.0,1002.3,701,26.3,22.9,26.3,24.7,23.8,22.8,95,82,82,236,0.0,0.0,N,PA,OBIDOS,A232,-1.880789,-55.519856,89.64
868,2019-05-25,16:00,0.0,1001.6,1002.5,1001.6,2479,30.8,24.5,31.4,29.6,25.6,23.3,76,67,69,236,0.0,0.0,N,PA,OBIDOS,A232,-1.880789,-55.519856,89.64
869,2019-05-25,20:00,0.0,998.9,998.9,998.8,1081,30.0,23.8,31.1,29.9,24.6,22.8,70,62,69,236,0.0,0.0,N,PA,OBIDOS,A232,-1.880789,-55.519856,89.64
870,2019-05-26,00:00,0.0,1000.2,1000.2,999.6,-9999,24.3,23.2,25.1,24.3,23.7,23.2,93,92,93,236,0.0,0.0,N,PA,OBIDOS,A232,-1.880789,-55.519856,89.64
871,2019-05-26,04:00,0.0,1001.4,1001.7,1001.4,-9999,23.9,23.0,24.0,23.7,23.1,22.7,95,94,94,236,0.0,0.0,N,PA,OBIDOS,A232,-1.880789,-55.519856,89.64
872,2019-05-26,08:00,0.0,1000.2,1000.2,999.9,-9999,22.6,21.7,22.8,22.6,21.9,21.7,95,95,95,236,0.0,0.0,N,PA,OBIDOS,A232,-1.880789,-55.519856,89.64
873,2019-05-26,12:00,0.0,1002.7,1002.8,1002.2,1086,27.8,23.1,28.0,24.9,23.9,22.7,94,75,76,236,0.0,0.0,N,PA,OBIDOS,A232,-1.880789,-55.519856,89.64
874,2019-05-26,16:00,0.0,1002.2,1002.8,1002.2,1781,28.3,23.7,29.0,26.3,25.4,23.6,89,75,76,236,0.0,0.0,N,PA,OBIDOS,A232,-1.880789,-55.519856,89.64
875,2019-05-26,20:00,0.0,999.2,999.3,999.1,1061,29.7,23.8,31.0,29.6,23.8,22.0,71,61,70,236,0.0,0.0,N,PA,OBIDOS,A232,-1.880789,-55.519856,89.64
876,2019-05-27,00:00,0.8,1002.0,1002.0,1001.2,-9999,23.2,21.7,23.5,23.0,21.8,21.5,93,90,92,236,0.0,0.0,N,PA,OBIDOS,A232,-1.880789,-55.519856,89.64
877,2019-05-27,04:00,0.2,1002.2,1002.9,1002.2,-9999,23.2,22.1,23.3,23.1,22.2,22.1,94,94,94,236,0.0,0.0,N,PA,OBIDOS,A232,-1.880789,-55.519856,89.64
878,2019-05-27,08:00,0.0,1000.4,1000.6,1000.2,-9999,22.4,21.5,22.7,22.3,21.8,21.5,95,95,95,236,0.0,0.0,N,PA,OBIDOS,A232,-1.880789,-55.519856,89.64
879,2019-05-27,12:00,0.0,1003.3,1003.3,1002.7,418,24.9,23.2,24.9,23.7,23.3,22.6,94,90,90,236,0.0,0.0,N,PA,OBIDOS,A232,-1.880789,-55.519856,89.64
880,2019-05-27,16:00,0.0,1001.9,1003.0,1001.9,1827,28.4,23.0,29.3,27.4,24.3,22.8,79,71,73,236,0.0,0.0,N,PA,OBIDOS,A232,-1.880789,-55.519856,89.64
881,2019-05-27,20:00,0.0,998.5,999.0,998.5,1205,28.6,22.0,29.7,28.4,23.2,21.8,70,63,67,236,0.0,0.0,N,PA,OBIDOS,A232,-1.880789,-55.519856,89.64
882,2019-05-28,00:00,0.0,1001.1,1001.1,1000.1,-9999,23.7,22.4,23.8,23.5,22.5,22.3,93,92,93,236,0.0,0.0,N,PA,OBIDOS,A232,-1.880789,-55.519856,89.64
883,2019-05-28,04:00,0.0,1001.7,1002.4,1001.7,-9999,22.8,21.9,22.9,22.8,22.0,21.8,95,94,95,236,0.0,0.0,N,PA,OBIDOS,A232,-1.880789,-55.519856,89.64
884,2019-05-28,08:00,0.0,1000.5,1000.5,1000.4,-9999,22.8,21.9,22.9,22.8,22.0,21.9,95,95,95,236,0.0,0.0,N,PA,OBIDOS,A232,-1.880789,-55.519856,89.64
885,2019-05-28,12:00,0.0,1002.9,1002.9,1002.3,989,26.4,22.9,26.6,24.0,23.2,22.6,94,79,81,236,0.0,0.0,N,PA,OBIDOS,A232,-1.880789,-55.519856,89.64
886,2019-05-28,16:00,0.2,1001.6,1002.7,1001.6,2916,31.2,23.7,31.6,30.2,24.5,22.4,69,59,65,236,0.0,0.0,N,PA,OBIDOS,A232,-1.880789,-55.519856,89.64
887,2019-05-28,20:00,0.0,998.3,998.6,998.2,1039,29.0,23.6,31.4,29.0,24.5,22.9,75,64,73,236,0.0,0.0,N,PA,OBIDOS,A232,-1.880789,-55.519856,89.64
888,2019-05-29,00:00,0.0,1001.0,1001.0,1000.2,-9999,25.3,24.2,25.6,25.2,24.4,24.1,94,93,94,236,0.0,0.0,N,PA,OBIDOS,A232,-1.880789,-55.519856,89.64
889,2019-05-29,04:00,0.0,1001.4,1001.7,1001.4,-9999,23.8,22.8,24.1,23.8,23.1,22.8,94,94,94,236,0.0,0.0,N,PA,OBIDOS,A232,-1.880789,-55.519856,89.64
890,2019-05-29,08:00,0.0,1000.3,1000.5,1000.2,-9999,23.2,22.3,23.6,23.2,22.7,22.2,94,94,94,236,0.0,0.0,N,PA,OBIDOS,A232,-1.880789,-55.519856,89.64
891,2019-05-29,12:00,0.0,1003.1,1003.1,1002.4,1006,27.3,23.4,27.6,24.8,23.6,22.8,91,76,79,236,0.0,0.0,N,PA,OBIDOS,A232,-1.880789,-55.519856,89.64
892,2019-05-29,16:00,0.0,1001.8,1002.6,1001.8,1434,29.1,23.4,30.7,28.8,24.5,22.6,74,65,71,236,0.0,0.0,N,PA,OBIDOS,A232,-1.880789,-55.519856,89.64
893,2019-05-29,20:00,0.0,998.3,998.6,998.2,959,28.9,24.4,30.3,28.9,25.1,23.7,77,69,77,236,0.0,0.0,N,PA,OBIDOS,A232,-1.880789,-55.519856,89.64
894,2019-05-30,00:00,0.0,1001.1,1001.1,1000.0,-9999,24.8,23.6,25.2,24.8,24.0,23.6,93,93,93,236,0.0,0.0,N,PA,OBIDOS,A232,-1.880789,-55.519856,89.64
895,2019-05-30,04:00,0.0,1001.4,1001.9,1001.4,-9999,23.7,22.6,24.4,23.7,23.2,22.6,94,93,94,236,0.0,0.0,N,PA,OBIDOS,A232,-1.880789,-55.519856,89.64
896,2019-05-30,08:00,0.0,1000.5,1000.5,1000.0,-9999,23.8,22.6,24.2,23.8,22.9,22.5,93,92,93,236,0.0,0.0,N,PA,OBIDOS,A232,-1.880789,-55.519856,89.64
897,2019-05-30,12:00,0.8,1003.5,1003.6,1003.0,218,23.9,22.8,24.0,23.6,22.9,22.5,94,93,93,236,0.0,0.0,N,PA,OBIDOS,A232,-1.880789,-55.519856,89.64
898,2019-05-30,16:00,0.0,1001.8,1002.8,1001.8,2979,30.0,24.6,30.4,28.0,25.5,22.9,85,68,73,236,0.0,0.0,N,PA,OBIDOS,A232,-1.880789,-55.519856,89.64
899,2019-05-30,20:00,0.0,997.7,998.2,997.7,876,29.7,25.3,31.5,28.4,25.7,24.4,82,69,77,236,0.0,0.0,N,PA,OBIDOS,A232,-1.880789,-55.519856,89.64
900,2019-05-31,00:00,0.0,1000.9,1000.9,999.8,-9999,24.5,23.4,25.2,24.5,23.7,23.4,93,91,93,236,0.0,0.0,N,PA,OBIDOS,A232,-1.880789,-55.519856,89.64
901,2019-05-31,04:00,0.0,1001.8,1002.3,1001.8,-9999,24.3,23.3,24.3,24.1,23.3,23.1,94,94,94,236,0.0,0.0,N,PA,OBIDOS,A232,-1.880789,-55.519856,89.64
902,2019-05-31,08:00,0.0,999.8,999.8,999.3,-9999,23.2,22.1,23.3,22.9,22.2,21.9,94,93,94,236,0.0,0.0,N,PA,OBIDOS,A232,-1.880789,-55.519856,89.64
903,2019-05-31,12:00,0.0,1003.4,1003.4,1001.8,715,25.7,23.5,25.7,24.1,23.7,23.1,94,87,88,236,0.0,0.0,N,PA,OBIDOS,A232,-1.880789,-55.519856,89.64
904,2019-05-31,16:00,0.0,1002.1,1003.2,1002.1,1873,30.6,24.8,30.6,27.8,25.2,23.1,81,69,71,236,0.0,0.0,N,PA,OBIDOS,A232,-1.880789,-55.519856,89.64
905,2019-05-31,20:00,0.0,998.8,998.9,998.4,462,26.4,25.1,26.5,25.9,25.2,24.4,93,91,93,236,0.0,0.0,N,PA,OBIDOS,A232,-1.880789,-55.519856,89.64
906,2019-06-01,00:00,0.0,1001.8,1001.8,1000.6,-9999,24.2,23.2,24.5,24.2,23.4,23.2,94,94,94,236,0.0,0.0,N,PA,OBIDOS,A232,-1.880789,-55.519856,89.64
907,2019-06-01,04:00,2.4,1004.1,1004.4,1002.9,-9999,23.1,22.0,23.9,23.1,23.0,22.0,95,92,94,236,0.0,0.0,N,PA,OBIDOS,A232,-1.880789,-55.519856,89.64
908,2019-06-01,08:00,0.0,1000.9,1000.9,1000.5,-9999,22.6,21.6,22.7,22.6,21.8,21.6,94,94,94,236,0.0,0.0,N,PA,OBIDOS,A232,-1.880789,-55.519856,89.64
909,2019-06-01,12:00,0.0,1002.1,1002.1,1001.3,514,24.9,23.5,24.9,24.0,23.5,23.0,94,91,92,236,0.0,0.0,N,PA,OBIDOS,A232,-1.880789,-55.519856,89.64
910,2019-06-01,16:00,0.0,1001.6,1002.1,1001.6,3054,29.6,24.2,31.3,29.5,24.6,22.5,74,62,73,236,0.0,0.0,N,PA,OBIDOS,A232,-1.880789,-55.519856,89.64
911,2019-06-01,20:00,0.0,998.5,999.2,998.5,1131,28.1,23.4,30.3,28.1,24.5,23.3,78,67,76,236,0.0,0.0,N,PA,OBIDOS,A232,-1.880789,-55.519856,89.64
912,2019-06-02,00:00,0.0,1001.6,1001.6,1000.2,-9999,24.6,23.6,24.7,24.6,23.6,23.5,94,94,94,236,0.0,0.0,N,PA,OBIDOS,A232,-1.880789,-55.519856,89.64
913,2019-06-02,04:00,0.0,1002.5,1002.7,1002.5,-9999,24.2,23.1,24.2,24.0,23.1,22.9,94,93,94,236,0.0,0.0,N,PA,OBIDOS,A232,-1.880789,-55.519856,89.64
914,2019-06-02,08:00,0.0,1000.9,1001.0,1000.8,-9999,23.2,22.3,23.3,23.1,22.3,22.1,95,94,95,236,0.0,0.0,N,PA,OBIDOS,A232,-1.880789,-55.519856,89.64
915,2019-06-02,12:00,0.0,1003.2,1003.2,1002.5,1111,26.8,22.3,27.1,25.5,23.4,22.3,88,76,77,236,0.0,0.0,N,PA,OBIDOS,A232,-1.880789,-55.519856,89.64
916,2019-06-02,16:00,0.0,1002.6,1003.4,1002.6,2563,30.7,24.1,31.3,29.1,24.5,21.8,72,60,68,236,0.0,0.0,N,PA,OBIDOS,A232,-1.880789,-55.519856,89.64
917,2019-06-02,20:00,0.0,999.4,999.9,999.4,1117,29.7,23.9,31.4,29.5,24.5,23.3,72,64,71,236,0.0,0.0,N,PA,OBIDOS,A232,-1.880789,-55.519856,89.64
918,2019-06-03,00:00,0.0,1001.0,1001.0,1000.3,-9999,24.7,23.6,24.9,24.6,23.8,23.5,94,93,94,236,0.0,0.0,N,PA,OBIDOS,A232,-1.880789,-55.519856,89.64
919,2019-06-03,04:00,0.0,1003.1,1003.3,1003.0,-9999,23.5,22.5,24.0,23.5,23.0,22.5,94,94,94,236,0.0,0.0,N,PA,OBIDOS,A232,-1.880789,-55.519856,89.64
920,2019-06-03,08:00,0.0,1002.5,1002.5,1002.1,-9999,23.4,22.5,23.6,23.3,22.7,22.4,95,95,95,236,0.0,0.0,N,PA,OBIDOS,A232,-1.880789,-55.519856,89.64
921,2019-06-03,12:00,0.0,1004.9,1004.9,1004.3,900,28.1,23.7,28.2,25.0,24.3,23.6,94,76,77,236,0.0,0.0,N,PA,OBIDOS,A232,-1.880789,-55.519856,89.64
922,2019-06-03,16:00,0.0,1004.3,1005.4,1004.3,2183,31.0,24.3,32.0,30.1,25.8,23.9,76,64,68,236,0.0,0.0,N,PA,OBIDOS,A232,-1.880789,-55.519856,89.64
923,2019-06-03,20:00,0.0,1001.2,1001.2,1001.0,657,28.7,24.3,30.5,28.6,24.4,22.5,78,63,77,236,0.0,0.0,N,PA,OBIDOS,A232,-1.880789,-55.519856,89.64
924,2019-06-04,00:00,0.0,1003.3,1003.3,1002.5,-9999,24.1,22.9,24.5,24.1,23.3,22.9,93,93,93,236,0.0,0.0,N,PA,OBIDOS,A232,-1.880789,-55.519856,89.64
925,2019-06-04,04:00,0.0,1004.1,1004.9,1004.1,-9999,23.3,22.3,23.6,23.2,22.6,22.2,94,94,94,236,0.0,0.0,N,PA,OBIDOS,A232,-1.880789,-55.519856,89.64
926,2019-06-04,08:00,0.0,1003.0,1003.1,1002.8,-9999,22.5,21.6,22.7,22.5,21.8,21.6,95,94,95,236,0.0,0.0,N,PA,OBIDOS,A232,-1.880789,-55.519856,89.64
927,2019-06-04,12:00,0.0,1005.1,1005.1,1004.0,918,27.7,23.3,27.7,24.8,23.5,22.7,93,77,77,236,0.0,0.0,N,PA,OBIDOS,A232,-1.880789,-55.519856,89.64
928,2019-06-04,16:00,0.0,1004.3,1005.1,1004.3,1881,30.5,23.9,32.5,29.5,24.9,22.9,73,62,68,236,0.0,0.0,N,PA,OBIDOS,A232,-1.880789,-55.519856,89.64
929,2019-06-04,20:00,0.0,1000.8,1001.0,1000.7,1156,30.3,23.9,31.4,29.9,24.3,22.8,69,62,69,236,0.0,0.0,N,PA,OBIDOS,A232,-1.880789,-55.519856,89.64
930,2019-06-05,00:00,0.0,1002.7,1002.7,1001.7,-9999,24.7,23.4,25.4,24.7,23.8,23.4,93,90,92,236,0.0,0.0,N,PA,OBIDOS,A232,-1.880789,-55.519856,89.64
931,2019-06-05,04:00,0.0,1003.5,1004.0,1003.5,-9999,23.4,22.4,23.8,23.4,22.7,22.4,94,94,94,236,0.0,0.0,N,PA,OBIDOS,A232,-1.880789,-55.519856,89.64
932,2019-06-05,08:00,0.0,1002.0,1002.0,1001.8,-9999,23.2,22.2,23.5,22.8,22.5,21.9,95,94,94,236,0.0,0.0,N,PA,OBIDOS,A232,-1.880789,-55.519856,89.64
933,2019-06-05,12:00,0.0,1003.9,1003.9,1003.3,902,28.2,22.9,28.2,24.9,23.4,22.6,89,73,73,236,0.0,0.0,N,PA,OBIDOS,A232,-1.880789,-55.519856,89.64
934,2019-06-05,16:00,0.0,1002.7,1003.8,1002.7,2569,31.8,24.1,31.8,28.9,25.1,22.5,78,60,64,236,0.0,0.0,N,PA,OBIDOS,A232,-1.880789,-55.519856,89.64
935,2019-06-05,20:00,0.0,1000.0,1000.3,999.9,475,27.1,24.0,27.7,27.1,24.7,23.6,84,79,83,236,0.0,0.0,N,PA,OBIDOS,A232,-1.880789,-55.519856,89.64
936,2019-06-06,00:00,0.0,1002.5,1002.5,1001.7,-9999,23.8,22.7,25.2,23.8,23.9,22.7,93,92,93,236,0.0,0.0,N,PA,OBIDOS,A232,-1.880789,-55.519856,89.64
937,2019-06-06,04:00,0.0,1002.5,1003.0,1002.5,-9999,23.6,22.6,23.7,23.5,22.7,22.5,94,94,94,236,0.0,0.0,N,PA,OBIDOS,A232,-1.880789,-55.519856,89.64
938,2019-06-06,08:00,0.0,1001.4,1001.4,1001.3,-9999,23.0,22.1,23.0,22.8,22.1,21.9,95,95,95,236,0.0,0.0,N,PA,OBIDOS,A232,-1.880789,-55.519856,89.64
939,2019-06-06,12:00,0.0,1003.2,1003.2,1002.6,859,27.8,22.8,27.9,25.1,23.5,22.5,91,73,74,236,0.0,0.0,N,PA,OBIDOS,A232,-1.880789,-55.519856,89.64
940,2019-06-06,16:00,1.0,1002.1,1002.7,1002.1,1529,29.2,25.0,31.0,26.0,26.3,22.6,89,68,78,236,0.0,0.0,N,PA,OBIDOS,A232,-1.880789,-55.519856,89.64
941,2019-06-06,20:00,0.0,998.8,998.8,998.6,1081,29.0,23.6,31.0,29.0,24.2,22.9,73,64,73,236,0.0,0.0,N,PA,OBIDOS,A232,-1.880789,-55.519856,89.64
942,2019-06-07,00:00,0.0,1001.2,1001.2,1000.2,-9999,24.8,23.5,25.1,24.7,23.6,23.4,93,91,92,236,0.0,0.0,N,PA,OBIDOS,A232,-1.880789,-55.519856,89.64
943,2019-06-07,04:00,0.0,1001.7,1002.0,1001.7,-9999,24.7,22.7,24.9,24.6,23.0,22.6,90,88,89,236,0.0,0.0,N,PA,OBIDOS,A232,-1.880789,-55.519856,89.64
944,2019-06-07,08:00,0.0,1000.8,1000.8,1000.7,-9999,24.1,22.9,24.1,23.9,22.9,22.8,94,93,93,236,0.0,0.0,N,PA,OBIDOS,A232,-1.880789,-55.519856,89.64
945,2019-06-07,12:00,0.0,1002.6,1002.6,1002.0,707,27.2,23.7,27.2,25.7,24.1,23.2,89,79,81,236,0.0,0.0,N,PA,OBIDOS,A232,-1.880789,-55.519856,89.64
946,2019-06-07,16:00,0.2,1001.5,1002.3,1001.5,2166,30.4,23.4,31.3,28.5,24.8,22.5,77,64,67,236,0.0,0.0,N,PA,OBIDOS,A232,-1.880789,-55.519856,89.64
947,2019-06-07,20:00,0.0,999.0,999.3,998.9,807,28.1,24.0,29.2,28.1,24.2,23.3,79,72,78,236,0.0,0.0,N,PA,OBIDOS,A232,-1.880789,-55.519856,89.64
948,2019-06-08,00:00,0.0,1001.5,1001.5,1000.6,-9999,24.6,23.5,25.3,24.6,23.9,23.5,93,92,93,236,0.0,0.0,N,PA,OBIDOS,A232,-1.880789,-55.519856,89.64
949,2019-06-08,04:00,0.0,1002.5,1003.0,1002.5,-9999,23.2,22.2,23.9,23.2,22.7,22.2,94,93,94,236,0.0,0.0,N,PA,OBIDOS,A232,-1.880789,-55.519856,89.64
950,2019-06-08,08:00,0.0,1002.0,1002.1,1001.9,-9999,23.4,22.0,24.0,23.4,22.5,22.0,94,91,92,236,0.0,0.0,N,PA,OBIDOS,A232,-1.880789,-55.519856,89.64
951,2019-06-08,12:00,0.2,1004.6,1004.7,1004.1,424,24.0,22.3,24.0,23.4,22.4,21.5,92,88,90,236,0.0,0.0,N,PA,OBIDOS,A232,-1.880789,-55.519856,89.64
952,2019-06-08,16:00,0.0,1003.1,1003.8,1003.1,3091,30.8,23.0,30.9,28.1,23.4,21.7,71,60,63,236,0.0,0.0,N,PA,OBIDOS,A232,-1.880789,-55.519856,89.64
953,2019-06-08,20:00,0.0,1000.4,1000.5,1000.2,1163,30.1,23.4,31.7,30.0,23.4,21.7,67,56,67,236,0.0,0.0,N,PA,OBIDOS,A232,-1.880789,-55.519856,89.64
954,2019-06-09,00:00,0.0,1002.6,1002.6,1001.9,-9999,24.3,23.2,24.6,24.3,23.3,23.0,93,92,93,236,0.0,0.0,N,PA,OBIDOS,A232,-1.880789,-55.519856,89.64
955,2019-06-09,04:00,0.0,1003.6,1003.9,1003.6,-9999,24.3,22.7,24.6,24.0,23.3,22.7,94,90,91,236,0.0,0.0,N,PA,OBIDOS,A232,-1.880789,-55.519856,89.64
956,2019-06-09,08:00,0.0,1002.1,1002.1,1002.0,-9999,23.3,22.4,23.3,23.2,22.4,22.2,94,94,94,236,0.0,0.0,N,PA,OBIDOS,A232,-1.880789,-55.519856,89.64
957,2019-06-09,12:00,0.0,1004.4,1004.4,1003.6,775,27.3,23.1,27.6,25.6,23.2,22.5,85,76,78,236,0.0,0.0,N,PA,OBIDOS,A232,-1.880789,-55.519856,89.64
958,2019-06-09,16:00,0.0,1003.3,1004.0,1003.3,2542,31.4,23.2,32.2,30.4,24.7,22.8,68,59,62,236,0.0,0.0,N,PA,OBIDOS,A232,-1.880789,-55.519856,89.64
959,2019-06-09,20:00,0.0,1000.5,1000.9,1000.5,773,29.8,22.0,31.0,29.0,23.5,22.0,70,61,63,236,0.0,0.0,N,PA,OBIDOS,A232,-1.880789,-55.519856,89.64
960,2019-06-10,00:00,0.0,1002.8,1002.8,1002.1,-9999,24.1,22.8,25.3,24.1,23.0,22.8,93,87,93,236,0.0,0.0,N,PA,OBIDOS,A232,-1.880789,-55.519856,89.64
961,2019-06-10,04:00,0.0,1003.5,1003.9,1003.5,-9999,23.7,22.6,23.9,23.5,22.8,22.4,94,93,94,236,0.0,0.0,N,PA,OBIDOS,A232,-1.880789,-55.519856,89.64
962,2019-06-10,08:00,0.0,1002.2,1002.4,1002.1,-9999,23.7,21.9,24.2,23.7,22.5,21.9,91,90,90,236,0.0,0.0,N,PA,OBIDOS,A232,-1.880789,-55.519856,89.64
963,2019-06-10,12:00,0.0,1004.2,1004.2,1003.9,887,27.2,21.9,27.2,25.1,22.5,21.8,85,73,73,236,0.0,0.0,N,PA,OBIDOS,A232,-1.880789,-55.519856,89.64
964,2019-06-10,16:00,0.0,1003.2,1003.9,1003.2,1239,30.0,24.0,31.1,29.3,24.7,22.7,75,62,70,236,0.0,0.0,N,PA,OBIDOS,A232,-1.880789,-55.519856,89.64
965,2019-06-10,20:00,0.0,1000.0,1000.1,999.8,670,28.2,23.3,30.9,28.2,25.0,23.3,82,65,75,236,0.0,0.0,N,PA,OBIDOS,A232,-1.880789,-55.519856,89.64
966,2019-06-11,00:00,0.0,1002.5,1002.5,1002.1,-9999,24.7,23.1,25.7,24.7,23.2,22.7,91,84,91,236,0.0,0.0,N,PA,OBIDOS,A232,-1.880789,-55.519856,89.64
967,2019-06-11,04:00,0.0,1002.5,1002.9,1002.5,-9999,23.5,22.5,23.6,23.0,22.6,21.9,94,93,94,236,0.0,0.0,N,PA,OBIDOS,A232,-1.880789,-55.519856,89.64
968,2019-06-11,08:00,0.0,1001.5,1001.5,1001.2,-9999,22.4,21.5,22.7,22.4,21.8,21.5,95,95,95,236,0.0,0.0,N,PA,OBIDOS,A232,-1.880789,-55.519856,89.64
969,2019-06-11,12:00,0.0,1003.8,1003.8,1003.2,756,26.9,22.5,27.1,24.2,22.9,22.3,91,76,77,236,0.0,0.0,N,PA,OBIDOS,A232,-1.880789,-55.519856,89.64
970,2019-06-11,16:00,0.0,1002.5,1003.2,1002.5,1443,30.5,24.3,30.7,29.5,25.1,23.7,75,67,70,236,0.0,0.0,N,PA,OBIDOS,A232,-1.880789,-55.519856,89.64
971,2019-06-11,20:00,0.0,999.5,999.6,999.4,702,29.2,23.4,31.9,28.8,24.5,23.1,74,64,71,236,0.0,0.0,N,PA,OBIDOS,A232,-1.880789,-55.519856,89.64
972,2019-06-12,00:00,0.0,1001.9,1001.9,1000.8,-9999,25.2,23.6,25.7,25.0,23.8,23.5,92,89,91,236,0.0,0.0,N,PA,OBIDOS,A232,-1.880789,-55.519856,89.64
973,2019-06-12,04:00,0.0,1002.4,1002.9,1002.4,-9999,24.6,22.9,24.6,24.1,23.2,22.8,93,91,91,236,0.0,0.0,N,PA,OBIDOS,A232,-1.880789,-55.519856,89.64
974,2019-06-12,08:00,0.0,1000.8,1000.9,1000.7,-9999,22.6,21.6,22.9,22.6,21.8,21.6,94,94,94,236,0.0,0.0,N,PA,OBIDOS,A232,-1.880789,-55.519856,89.64
975,2019-06-12,12:00,0.0,1003.5,1003.5,1003.2,732,28.0,22.9,28.1,25.2,23.2,22.2,87,73,74,236,0.0,0.0,N,PA,OBIDOS,A232,-1.880789,-55.519856,89.64
976,2019-06-12,16:00,0.0,1002.7,1003.5,1002.7,1995,31.2,24.2,31.6,29.2,25.0,23.0,73,63,67,236,0.0,0.0,N,PA,OBIDOS,A232,-1.880789,-55.519856,89.64
977,2019-06-12,20:00,0.0,999.9,1000.0,999.8,1067,29.5,23.8,31.8,29.5,24.5,23.1,72,62,72,236,0.0,0.0,N,PA,OBIDOS,A232,-1.880789,-55.519856,89.64
978,2019-06-13,00:00,0.0,1003.1,1003.1,1002.1,-9999,25.1,23.6,25.5,25.1,24.0,23.6,92,91,91,236,0.0,0.0,N,PA,OBIDOS,A232,-1.880789,-55.519856,89.64
979,2019-06-13,04:00,0.0,1003.2,1004.0,1003.2,-9999,24.1,23.0,24.3,24.0,23.1,22.9,94,93,94,236,0.0,0.0,N,PA,OBIDOS,A232,-1.880789,-55.519856,89.64
980,2019-06-13,08:00,0.0,1002.3,1002.3,1002.0,-9999,23.3,22.4,23.4,23.3,22.4,22.3,94,94,94,236,0.0,0.0,N,PA,OBIDOS,A232,-1.880789,-55.519856,89.64
981,2019-06-13,12:00,0.0,1004.4,1004.4,1003.5,723,27.6,22.8,27.6,25.1,23.3,22.3,88,74,75,236,0.0,0.0,N,PA,OBIDOS,A232,-1.880789,-55.519856,89.64
982,2019-06-13,16:00,0.0,1003.6,1004.3,1003.6,2284,31.7,22.3,32.1,29.3,24.6,22.3,73,57,57,236,0.0,0.0,N,PA,OBIDOS,A232,-1.880789,-55.519856,89.64
983,2019-06-13,20:00,0.0,1000.5,1000.7,1000.4,1242,30.2,22.5,31.6,30.1,23.8,22.2,66,61,64,236,0.0,0.0,N,PA,OBIDOS,A232,-1.880789,-55.519856,89.64
984,2019-06-14,00:00,0.0,1002.7,1002.7,1002.1,-9999,25.6,23.3,25.6,25.2,23.4,23.2,89,87,87,236,0.0,0.0,N,PA,OBIDOS,A232,-1.880789,-55.519856,89.64
985,2019-06-14,04:00,0.0,1003.7,1004.0,1003.7,-9999,23.8,22.8,24.2,23.8,23.1,22.7,94,93,94,236,0.0,0.0,N,PA,OBIDOS,A232,-1.880789,-55.519856,89.64
986,2019-06-14,08:00,0.0,1002.0,1002.3,1002.0,-9999,23.6,22.6,23.8,23.6,22.9,22.6,95,94,94,236,0.0,0.0,N,PA,OBIDOS,A232,-1.880789,-55.519856,89.64
987,2019-06-14,12:00,0.0,1004.3,1004.3,1003.6,535,26.7,23.7,27.8,24.3,24.5,23.1,95,78,84,236,0.0,0.0,N,PA,OBIDOS,A232,-1.880789,-55.519856,89.64
988,2019-06-14,16:00,0.0,1003.1,1003.9,1003.1,994,27.1,24.5,28.9,26.8,25.7,23.8,89,75,86,236,0.0,0.0,N,PA,OBIDOS,A232,-1.880789,-55.519856,89.64
989,2019-06-14,20:00,0.0,1000.3,1000.6,1000.1,818,27.6,24.5,28.9,27.6,25.2,24.3,84,78,83,236,0.0,0.0,N,PA,OBIDOS,A232,-1.880789,-55.519856,89.64
990,2019-06-15,00:00,0.0,1002.9,1002.9,1001.6,-9999,25.1,23.9,25.4,25.0,24.2,23.9,94,93,93,236,0.0,0.0,N,PA,OBIDOS,A232,-1.880789,-55.519856,89.64
991,2019-06-15,04:00,0.0,1002.7,1003.4,1002.7,-9999,24.0,23.1,24.2,23.9,23.2,23.0,95,94,95,236,0.0,0.0,N,PA,OBIDOS,A232,-1.880789,-55.519856,89.64
992,2019-06-15,08:00,0.2,1001.8,1001.8,1001.3,-9999,23.7,22.8,23.8,23.4,22.9,22.5,95,95,95,236,0.0,0.0,N,PA,OBIDOS,A232,-1.880789,-55.519856,89.64
993,2019-06-15,12:00,0.0,1005.0,1005.0,1004.1,795,24.8,22.9,25.4,23.6,23.4,22.5,94,87,89,236,0.0,0.0,N,PA,OBIDOS,A232,-1.880789,-55.519856,89.64
994,2019-06-15,16:00,0.0,1003.3,1004.2,1003.3,2737,29.7,22.7,30.5,28.9,23.9,22.2,72,63,66,236,0.0,0.0,N,PA,OBIDOS,A232,-1.880789,-55.519856,89.64
995,2019-06-15,20:00,0.0,1000.1,1000.3,1000.1,938,28.2,23.7,30.5,28.2,24.5,23.4,77,68,77,236,0.0,0.0,N,PA,OBIDOS,A232,-1.880789,-55.519856,89.64
996,2019-06-16,00:00,0.0,1002.6,1002.7,1001.9,-9999,24.3,23.2,24.6,24.2,23.4,23.1,94,93,94,236,0.0,0.0,N,PA,OBIDOS,A232,-1.880789,-55.519856,89.64
997,2019-06-16,04:00,0.0,1003.0,1003.8,1003.0,-9999,24.3,22.8,24.6,24.3,23.4,22.8,93,91,91,236,0.0,0.0,N,PA,OBIDOS,A232,-1.880789,-55.519856,89.64
998,2019-06-16,08:00,0.0,1002.2,1002.2,1001.8,-9999,22.7,21.7,23.5,22.7,22.3,21.7,94,93,94,236,0.0,0.0,N,PA,OBIDOS,A232,-1.880789,-55.519856,89.64
999,2019-06-16,12:00,8.0,1005.9,1006.0,1004.4,181,22.6,21.7,23.8,22.6,22.8,21.7,94,93,94,236,0.0,0.0,N,PA,OBIDOS,A232,-1.880789,-55.519856,89.64
1000,2019-06-16,16:00,0.0,1004.2,1004.8,1004.2,1411,27.4,23.6,27.7,27.0,24.0,23.1,83,78,80,236,0.0,0.0,N,PA,OBIDOS,A232,-1.880789,-55.519856,89.64
1001,2019-06-16,20:00,0.0,1001.4,1001.5,1001.3,1059,28.4,23.9,29.5,27.7,24.7,23.3,82,72,77,236,0.0,0.0,N,PA,OBIDOS,A232,-1.880789,-55.519856,89.64
1002,2019-06-17,00:00,0.0,1003.6,1003.6,1002.9,-9999,24.3,23.0,24.6,24.1,23.3,22.9,93,92,92,236,0.0,0.0,N,PA,OBIDOS,A232,-1.880789,-55.519856,89.64
1003,2019-06-17,04:00,0.0,1003.9,1004.3,1003.9,-9999,24.1,23.0,24.6,24.0,23.3,22.8,94,92,94,236,0.0,0.0,N,PA,OBIDOS,A232,-1.880789,-55.519856,89.64
1004,2019-06-17,08:00,0.0,1002.6,1002.9,1002.6,-9999,22.5,21.6,23.1,22.5,22.2,21.6,95,95,95,236,0.0,0.0,N,PA,OBIDOS,A232,-1.880789,-55.519856,89.64
1005,2019-06-17,12:00,0.0,1004.9,1004.9,1003.9,737,27.7,23.0,27.8,24.3,23.5,22.2,95,73,75,236,0.0,0.0,N,PA,OBIDOS,A232,-1.880789,-55.519856,89.64
1006,2019-06-17,16:00,0.0,1004.1,1004.5,1004.1,2302,30.8,22.7,31.9,29.1,24.8,22.7,74,60,62,236,0.0,0.0,N,PA,OBIDOS,A232,-1.880789,-55.519856,89.64
1007,2019-06-17,20:00,0.0,1001.5,1001.5,1001.4,1182,30.3,23.4,32.1,29.9,23.8,22.4,69,59,67,236,0.0,0.0,N,PA,OBIDOS,A232,-1.880789,-55.519856,89.64
1008,2019-06-18,00:00,0.0,1003.3,1003.3,1002.4,-9999,25.0,23.2,25.4,24.9,23.5,23.2,90,89,90,236,0.0,0.0,N,PA,OBIDOS,A232,-1.880789,-55.519856,89.64
1009,2019-06-18,04:00,0.0,1004.1,1004.5,1004.0,-9999,23.1,22.1,23.7,23.1,22.6,22.1,94,93,94,236,0.0,0.0,N,PA,OBIDOS,A232,-1.880789,-55.519856,89.64
1010,2019-06-18,08:00,0.0,1002.6,1002.7,1002.5,-9999,22.4,21.5,22.8,22.3,21.8,21.4,95,94,95,236,0.0,0.0,N,PA,OBIDOS,A232,-1.880789,-55.519856,89.64
1011,2019-06-18,12:00,0.0,1004.2,1004.2,1003.8,717,28.3,23.0,28.3,24.0,23.5,22.4,94,72,73,236,0.0,0.0,N,PA,OBIDOS,A232,-1.880789,-55.519856,89.64
1012,2019-06-18,16:00,0.2,1003.0,1003.7,1003.0,2815,31.7,24.4,32.8,30.4,25.2,23.0,69,59,65,236,0.0,0.0,N,PA,OBIDOS,A232,-1.880789,-55.519856,89.64
1013,2019-06-18,20:00,0.0,1000.1,1000.3,1000.0,1237,29.8,23.6,31.7,29.5,24.1,22.7,71,61,69,236,0.0,0.0,N,PA,OBIDOS,A232,-1.880789,-55.519856,89.64
1014,2019-06-19,00:00,0.0,1002.5,1002.5,1001.6,-9999,25.7,23.4,26.5,25.7,23.9,23.3,88,84,87,236,0.0,0.0,N,PA,OBIDOS,A232,-1.880789,-55.519856,89.64
1015,2019-06-19,04:00,0.0,1003.9,1004.0,1003.8,-9999,23.6,22.5,23.7,23.4,22.7,22.3,94,93,94,236,0.0,0.0,N,PA,OBIDOS,A232,-1.880789,-55.519856,89.64
1016,2019-06-19,08:00,0.0,1002.7,1002.7,1002.5,-9999,23.0,21.8,23.4,23.0,22.1,21.8,93,92,93,236,0.0,0.0,N,PA,OBIDOS,A232,-1.880789,-55.519856,89.64
1017,2019-06-19,12:00,0.0,1005.4,1005.4,1004.5,697,27.2,23.1,27.2,24.4,23.3,22.1,88,77,78,236,0.0,0.0,N,PA,OBIDOS,A232,-1.880789,-55.519856,89.64
1018,2019-06-19,16:00,0.0,1004.1,1004.8,1004.1,2146,30.4,23.7,31.4,28.9,25.0,22.7,75,62,67,236,0.0,0.0,N,PA,OBIDOS,A232,-1.880789,-55.519856,89.64
1019,2019-06-19,20:00,0.0,1001.3,1001.8,1001.3,937,29.4,23.4,30.8,29.0,24.4,22.9,75,64,70,236,0.0,0.0,N,PA,OBIDOS,A232,-1.880789,-55.519856,89.64
1020,2019-06-20,00:00,0.0,1003.6,1003.6,1002.7,-9999,25.4,23.7,25.4,24.9,23.8,23.5,92,90,90,236,0.0,0.0,N,PA,OBIDOS,A232,-1.880789,-55.519856,89.64
1021,2019-06-20,04:00,0.0,1004.5,1004.8,1004.5,-9999,23.1,22.2,23.4,23.1,22.5,22.1,94,94,94,236,0.0,0.0,N,PA,OBIDOS,A232,-1.880789,-55.519856,89.64
1022,2019-06-20,08:00,0.0,1003.9,1003.9,1003.5,-9999,23.0,22.1,23.7,23.0,22.8,22.0,95,94,94,236,0.0,0.0,N,PA,OBIDOS,A232,-1.880789,-55.519856,89.64
1023,2019-06-20,12:00,0.0,1005.1,1005.2,1004.7,712,28.0,22.9,28.0,24.4,23.3,22.5,92,74,74,236,0.0,0.0,N,PA,OBIDOS,A232,-1.880789,-55.519856,89.64
1024,2019-06-20,16:00,0.0,1004.6,1005.3,1004.6,2773,32.4,23.8,32.6,29.8,24.5,22.3,71,56,61,236,0.0,0.0,N,PA,OBIDOS,A232,-1.880789,-55.519856,89.64
1025,2019-06-20,20:00,0.0,1001.8,1002.2,1001.7,1281,31.0,22.9,32.3,31.0,23.7,22.1,65,55,62,236,0.0,0.0,N,PA,OBIDOS,A232,-1.880789,-55.519856,89.64
1026,2019-06-21,00:00,0.0,1003.5,1003.5,1002.7,-9999,24.8,23.2,25.9,24.8,23.5,23.1,91,85,91,236,0.0,0.0,N,PA,OBIDOS,A232,-1.880789,-55.519856,89.64
1027,2019-06-21,04:00,0.0,1004.4,1004.5,1004.3,-9999,23.7,22.7,23.8,23.6,22.8,22.6,94,94,94,236,0.0,0.0,N,PA,OBIDOS,A232,-1.880789,-55.519856,89.64
1028,2019-06-21,08:00,0.0,1003.3,1003.3,1003.2,-9999,23.3,22.4,23.3,23.1,22.4,22.2,95,94,95,236,0.0,0.0,N,PA,OBIDOS,A232,-1.880789,-55.519856,89.64
1029,2019-06-21,12:00,0.0,1004.8,1004.8,1004.6,672,26.7,22.5,27.5,24.8,24.0,22.2,94,73,78,236,0.0,0.0,N,PA,OBIDOS,A232,-1.880789,-55.519856,89.64
1030,2019-06-21,16:00,0.0,1004.5,1005.1,1004.5,2830,30.8,24.0,32.0,30.2,24.4,23.0,69,62,67,236,0.0,0.0,N,PA,OBIDOS,A232,-1.880789,-55.519856,89.64
1031,2019-06-21,20:00,0.0,1002.2,1002.2,1001.4,1040,28.1,24.2,31.5,28.1,24.9,23.7,80,65,80,236,0.0,0.0,N,PA,OBIDOS,A232,-1.880789,-55.519856,89.64
1032,2019-06-22,00:00,0.0,1004.8,1004.8,1003.8,-9999,23.9,22.6,24.0,23.5,22.8,22.4,94,92,92,236,0.0,0.0,N,PA,OBIDOS,A232,-1.880789,-55.519856,89.64
1033,2019-06-22,04:00,0.0,1005.8,1006.1,1005.8,-9999,22.9,21.9,23.4,22.9,22.3,21.9,94,94,94,236,0.0,0.0,N,PA,OBIDOS,A232,-1.880789,-55.519856,89.64
1034,2019-06-22,08:00,0.0,1004.6,1004.8,1004.5,-9999,22.1,21.2,22.3,22.1,21.4,21.2,95,95,95,236,0.0,0.0,N,PA,OBIDOS,A232,-1.880789,-55.519856,89.64
1035,2019-06-22,12:00,0.0,1006.3,1006.3,1005.9,510,24.6,22.5,24.6,23.3,22.8,22.3,95,88,88,236,0.0,0.0,N,PA,OBIDOS,A232,-1.880789,-55.519856,89.64
1036,2019-06-22,16:00,0.0,1005.6,1006.2,1005.6,1998,30.0,24.1,30.8,29.5,25.1,23.0,75,65,71,236,0.0,0.0,N,PA,OBIDOS,A232,-1.880789,-55.519856,89.64
1037,2019-06-22,20:00,0.0,1002.7,1003.3,1002.7,932,29.6,22.5,30.4,28.3,24.3,22.1,74,64,66,236,0.0,0.0,N,PA,OBIDOS,A232,-1.880789,-55.519856,89.64
1038,2019-06-23,00:00,0.0,1004.3,1004.3,1003.5,-9999,25.3,22.8,25.6,24.4,23.0,22.6,91,85,86,236,0.0,0.0,N,PA,OBIDOS,A232,-1.880789,-55.519856,89.64
1039,2019-06-23,04:00,0.0,1005.6,1006.0,1005.6,-9999,23.3,22.2,23.7,23.3,22.6,22.2,94,94,94,236,0.0,0.0,N,PA,OBIDOS,A232,-1.880789,-55.519856,89.64
1040,2019-06-23,08:00,0.0,1004.0,1004.0,1003.6,-9999,22.9,21.5,23.0,22.6,21.8,21.5,94,92,92,236,0.0,0.0,N,PA,OBIDOS,A232,-1.880789,-55.519856,89.64
1041,2019-06-23,12:00,0.0,1006.3,1006.4,1006.0,683,26.8,22.3,26.8,24.4,22.7,21.6,86,75,77,236,0.0,0.0,N,PA,OBIDOS,A232,-1.880789,-55.519856,89.64
1042,2019-06-23,16:00,0.0,1005.2,1006.0,1005.2,2642,30.1,22.7,30.8,29.2,23.9,22.0,70,60,64,236,0.0,0.0,N,PA,OBIDOS,A232,-1.880789,-55.519856,89.64
1043,2019-06-23,20:00,0.0,1002.3,1002.5,1002.3,1357,28.8,21.6,31.1,28.8,22.6,20.9,65,57,65,236,0.0,0.0,N,PA,OBIDOS,A232,-1.880789,-55.519856,89.64
1044,2019-06-24,00:00,0.0,1003.0,1003.0,1002.4,-9999,24.2,21.8,25.0,24.2,22.0,21.7,87,83,87,236,0.0,0.0,N,PA,OBIDOS,A232,-1.880789,-55.519856,89.64
1045,2019-06-24,04:00,0.0,1002.9,1003.6,1002.9,-9999,22.1,21.1,22.4,22.1,21.2,21.0,94,93,94,236,0.0,0.0,N,PA,OBIDOS,A232,-1.880789,-55.519856,89.64
1046,2019-06-24,08:00,0.0,1001.8,1001.8,1001.6,-9999,23.0,21.6,23.0,22.2,21.9,21.3,95,92,92,236,0.0,0.0,N,PA,OBIDOS,A232,-1.880789,-55.519856,89.64
1047,2019-06-24,12:00,0.0,1003.4,1003.5,1003.1,587,25.8,22.1,25.8,24.0,22.3,21.5,90,78,80,236,0.0,0.0,N,PA,OBIDOS,A232,-1.880789,-55.519856,89.64
1048,2019-06-24,16:00,0.0,1002.5,1003.0,1002.5,2309,30.9,23.0,32.2,30.2,23.8,21.5,66,55,63,236,0.0,0.0,N,PA,OBIDOS,A232,-1.880789,-55.519856,89.64
1049,2019-06-24,20:00,0.0,999.6,999.9,999.6,452,28.1,22.6,29.1,28.0,23.4,22.1,74,67,72,236,0.0,0.0,N,PA,OBIDOS,A232,-1.880789,-55.519856,89.64
1050,2019-06-25,00:00,0.0,1001.7,1001.7,1000.8,-9999,25.3,22.1,25.4,25.2,22.6,22.1,85,82,83,236,0.0,0.0,N,PA,OBIDOS,A232,-1.880789,-55.519856,89.64
1051,2019-06-25,04:00,0.0,1002.2,1002.5,1002.2,-9999,22.9,21.9,22.9,22.6,21.9,21.5,94,93,94,236,0.0,0.0,N,PA,OBIDOS,A232,-1.880789,-55.519856,89.64
1052,2019-06-25,08:00,0.0,1001.2,1001.2,1001.0,-9999,23.0,21.9,23.3,23.0,22.3,21.9,95,94,94,236,0.0,0.0,N,PA,OBIDOS,A232,-1.880789,-55.519856,89.64
1053,2019-06-25,12:00,0.0,1003.2,1003.2,1002.5,654,25.5,22.2,25.7,23.5,23.0,22.1,94,81,82,236,0.0,0.0,N,PA,OBIDOS,A232,-1.880789,-55.519856,89.64
1054,2019-06-25,16:00,0.4,1002.2,1003.0,1002.2,1993,30.0,24.6,30.4,27.5,26.2,23.1,87,67,73,236,0.0,0.0,N,PA,OBIDOS,A232,-1.880789,-55.519856,89.64
1055,2019-06-25,20:00,0.0,999.6,999.6,999.3,802,29.1,23.7,30.2,28.2,24.2,22.8,77,68,73,236,0.0,0.0,N,PA,OBIDOS,A232,-1.880789,-55.519856,89.64
1056,2019-06-26,00:00,0.0,1002.1,1002.1,1001.0,-9999,24.0,22.5,24.2,23.8,22.5,22.3,92,90,91,236,0.0,0.0,N,PA,OBIDOS,A232,-1.880789,-55.519856,89.64
1057,2019-06-26,04:00,0.0,1002.6,1002.7,1002.5,-9999,23.6,21.9,24.1,23.6,22.4,21.9,91,89,90,236,0.0,0.0,N,PA,OBIDOS,A232,-1.880789,-55.519856,89.64
1058,2019-06-26,08:00,0.0,1001.3,1001.3,1001.0,-9999,22.9,21.5,23.0,22.5,21.6,21.3,94,91,92,236,0.0,0.0,N,PA,OBIDOS,A232,-1.880789,-55.519856,89.64
1059,2019-06-26,12:00,0.0,1003.8,1003.8,1003.2,409,25.0,22.3,25.0,24.0,22.4,21.9,89,84,85,236,0.0,0.0,N,PA,OBIDOS,A232,-1.880789,-55.519856,89.64
1060,2019-06-26,16:00,0.0,1002.7,1003.8,1002.7,2319,32.3,23.9,32.3,30.3,24.2,21.5,65,57,61,236,0.0,0.0,N,PA,OBIDOS,A232,-1.880789,-55.519856,89.64
1061,2019-06-26,20:00,0.4,1000.4,1000.9,1000.4,623,24.6,22.8,25.1,24.5,23.3,22.5,91,87,90,236,0.0,0.0,N,PA,OBIDOS,A232,-1.880789,-55.519856,89.64
1062,2019-06-27,00:00,0.0,1001.9,1001.9,1001.6,-9999,23.3,22.2,23.4,23.2,22.2,22.1,94,93,94,236,0.0,0.0,N,PA,OBIDOS,A232,-1.880789,-55.519856,89.64
1063,2019-06-27,04:00,0.0,1002.6,1002.7,1002.6,-9999,23.0,21.9,23.3,23.0,22.1,21.8,94,93,94,236,0.0,0.0,N,PA,OBIDOS,A232,-1.880789,-55.519856,89.64
1064,2019-06-27,08:00,0.0,1001.5,1001.5,1001.4,-9999,22.9,22.0,22.9,22.8,22.0,21.8,95,95,95,236,0.0,0.0,N,PA,OBIDOS,A232,-1.880789,-55.519856,89.64
1065,2019-06-27,12:00,0.0,1003.2,1003.2,1002.6,703,27.4,23.2,27.4,24.2,23.7,22.3,90,78,78,236,0.0,0.0,N,PA,OBIDOS,A232,-1.880789,-55.519856,89.64
1066,2019-06-27,16:00,0.0,1002.6,1003.4,1002.5,2326,31.5,23.1,31.7,29.1,24.5,22.6,72,61,61,236,0.0,0.0,N,PA,OBIDOS,A232,-1.880789,-55.519856,89.64
1067,2019-06-27,20:00,0.0,999.7,1000.1,999.7,1265,30.6,23.1,31.6,30.6,23.7,22.3,65,60,64,236,0.0,0.0,N,PA,OBIDOS,A232,-1.880789,-55.519856,89.64
1068,2019-06-28,00:00,0.0,1001.4,1001.4,1000.8,-9999,24.6,22.9,25.8,24.5,22.9,22.7,90,83,90,236,0.0,0.0,N,PA,OBIDOS,A232,-1.880789,-55.519856,89.64
1069,2019-06-28,04:00,0.0,1001.7,1002.0,1001.7,-9999,22.9,21.8,24.2,22.9,22.4,21.8,93,90,93,236,0.0,0.0,N,PA,OBIDOS,A232,-1.880789,-55.519856,89.64
1070,2019-06-28,08:00,0.0,1000.6,1000.6,1000.3,-9999,21.7,20.8,22.3,21.7,21.4,20.8,95,94,95,236,0.0,0.0,N,PA,OBIDOS,A232,-1.880789,-55.519856,89.64
1071,2019-06-28,12:00,0.0,1003.0,1003.0,1002.1,470,25.7,22.6,25.7,23.9,22.6,21.7,91,80,83,236,0.0,0.0,N,PA,OBIDOS,A232,-1.880789,-55.519856,89.64
1072,2019-06-28,16:00,0.0,1002.3,1002.8,1002.3,1511,29.8,23.3,31.9,29.1,24.1,22.3,74,60,68,236,0.0,0.0,N,PA,OBIDOS,A232,-1.880789,-55.519856,89.64
1073,2019-06-28,20:00,0.0,999.6,999.8,999.5,766,29.0,24.4,29.4,27.5,24.9,23.6,85,74,76,236,0.0,0.0,N,PA,OBIDOS,A232,-1.880789,-55.519856,89.64
1074,2019-06-29,00:00,0.0,1001.4,1001.4,1000.8,-9999,25.5,23.9,25.5,25.1,23.9,23.6,92,91,91,236,0.0,0.0,N,PA,OBIDOS,A232,-1.880789,-55.519856,89.64
1075,2019-06-29,04:00,0.0,1001.5,1002.0,1001.5,-9999,24.8,23.2,25.2,24.8,23.9,23.2,93,91,91,236,0.0,0.0,N,PA,OBIDOS,A232,-1.880789,-55.519856,89.64
1076,2019-06-29,08:00,0.0,1000.3,1000.4,1000.1,-9999,23.4,22.3,23.5,23.3,22.4,22.2,94,94,94,236,0.0,0.0,N,PA,OBIDOS,A232,-1.880789,-55.519856,89.64
1077,2019-06-29,12:00,0.0,1002.2,1002.2,1001.7,702,27.6,23.1,27.6,25.0,23.2,22.6,87,75,76,236,0.0,0.0,N,PA,OBIDOS,A232,-1.880789,-55.519856,89.64
1078,2019-06-29,16:00,0.0,1001.4,1002.3,1001.4,1839,31.1,24.4,31.9,28.9,24.4,22.5,75,62,68,236,0.0,0.0,N,PA,OBIDOS,A232,-1.880789,-55.519856,89.64
1079,2019-06-29,20:00,0.0,998.5,998.7,998.4,458,28.6,23.7,30.8,28.3,24.0,22.5,78,62,75,236,0.0,0.0,N,PA,OBIDOS,A232,-1.880789,-55.519856,89.64
1080,2019-06-30,00:00,0.0,1001.1,1001.1,1000.2,-9999,24.4,23.3,24.6,24.4,23.5,23.3,94,93,94,236,0.0,0.0,N,PA,OBIDOS,A232,-1.880789,-55.519856,89.64
1081,2019-06-30,04:00,0.0,1001.5,1001.8,1001.5,-9999,23.3,22.3,23.7,23.2,22.7,22.3,94,94,94,236,0.0,0.0,N,PA,OBIDOS,A232,-1.880789,-55.519856,89.64
1082,2019-06-30,08:00,0.0,999.6,999.8,999.6,-9999,22.8,21.9,23.0,22.7,22.1,21.9,95,95,95,236,0.0,0.0,N,PA,OBIDOS,A232,-1.880789,-55.519856,89.64
1083,2019-06-30,12:00,0.0,1002.4,1002.4,1001.7,643,27.5,23.0,27.7,24.9,24.0,22.5,94,74,77,236,0.0,0.0,N,PA,OBIDOS,A232,-1.880789,-55.519856,89.64
1084,2019-06-30,16:00,0.0,1001.7,1002.3,1001.7,2922,32.6,22.3,33.1,31.2,23.9,21.8,61,53,55,236,0.0,0.0,N,PA,OBIDOS,A232,-1.880789,-55.519856,89.64
1085,2019-06-30,20:00,0.0,998.5,998.8,998.5,1323,30.7,21.9,31.9,30.7,23.3,21.3,62,56,59,236,0.0,0.0,N,PA,OBIDOS,A232,-1.880789,-55.519856,89.64
1086,2019-07-01,00:00,0.0,1000.7,1000.7,999.9,-9999,25.3,22.6,26.1,24.8,22.9,22.5,89,81,85,236,0.0,0.0,N,PA,OBIDOS,A232,-1.880789,-55.519856,89.64
1087,2019-07-01,04:00,0.0,1001.3,1001.9,1001.3,-9999,24.2,22.1,24.8,24.2,22.3,22.1,88,86,88,236,0.0,0.0,N,PA,OBIDOS,A232,-1.880789,-55.519856,89.64
1088,2019-07-01,08:00,0.0,1000.5,1000.5,1000.1,-9999,22.6,21.6,23.0,22.6,21.7,21.5,94,92,94,236,0.0,0.0,N,PA,OBIDOS,A232,-1.880789,-55.519856,89.64
1089,2019-07-01,12:00,0.0,1002.9,1002.9,1002.7,488,27.3,22.6,27.3,24.3,23.2,22.1,90,75,76,236,0.0,0.0,N,PA,OBIDOS,A232,-1.880789,-55.519856,89.64
1090,2019-07-01,16:00,0.0,1002.0,1002.9,1002.0,2198,31.0,23.6,33.6,29.6,23.8,21.6,69,54,65,236,0.0,0.0,N,PA,OBIDOS,A232,-1.880789,-55.519856,89.64
1091,2019-07-01,20:00,0.0,999.0,999.1,998.9,1310,30.6,22.2,31.9,30.6,23.2,21.9,64,57,61,236,0.0,0.0,N,PA,OBIDOS,A232,-1.880789,-55.519856,89.64
1092,2019-07-02,00:00,0.0,1000.7,1000.7,999.7,-9999,24.1,22.6,24.7,24.1,22.7,22.5,91,89,91,236,0.0,0.0,N,PA,OBIDOS,A232,-1.880789,-55.519856,89.64
1093,2019-07-02,04:00,0.0,1001.1,1001.5,1001.1,-9999,23.7,21.3,24.2,23.6,22.3,21.3,91,86,87,236,0.0,0.0,N,PA,OBIDOS,A232,-1.880789,-55.519856,89.64
1094,2019-07-02,08:00,0.0,999.9,999.9,999.3,-9999,23.7,22.0,23.7,23.5,22.0,21.8,90,89,90,236,0.0,0.0,N,PA,OBIDOS,A232,-1.880789,-55.519856,89.64
1095,2019-07-02,12:00,0.4,1002.2,1002.5,1001.4,284,23.6,21.7,24.1,22.8,22.1,21.1,92,85,89,236,0.0,0.0,N,PA,OBIDOS,A232,-1.880789,-55.519856,89.64
1096,2019-07-02,16:00,0.0,1001.0,1001.7,1001.0,2471,32.1,22.4,32.6,28.9,24.1,21.5,71,54,57,236,0.0,0.0,N,PA,OBIDOS,A232,-1.880789,-55.519856,89.64
1097,2019-07-02,20:00,0.0,998.6,998.8,998.4,569,26.4,22.9,28.5,26.3,25.4,22.9,86,77,81,236,0.0,0.0,N,PA,OBIDOS,A232,-1.880789,-55.519856,89.64
1098,2019-07-03,00:00,0.0,1000.5,1000.5,999.7,-9999,23.0,21.6,23.3,23.0,21.8,21.6,92,91,92,236,0.0,0.0,N,PA,OBIDOS,A232,-1.880789,-55.519856,89.64
1099,2019-07-03,04:00,0.0,1001.1,1001.8,1001.1,-9999,22.5,21.4,23.1,22.5,21.8,21.3,93,91,93,236,0.0,0.0,N,PA,OBIDOS,A232,-1.880789,-55.519856,89.64
1100,2019-07-03,08:00,0.0,999.2,999.3,999.0,-9999,21.9,20.5,22.5,21.9,20.9,20.4,92,90,92,236,0.0,0.0,N,PA,OBIDOS,A232,-1.880789,-55.519856,89.64
1101,2019-07-03,12:00,0.0,1002.0,1002.0,1001.1,344,24.2,21.9,24.2,23.3,22.1,21.2,89,86,87,236,0.0,0.0,N,PA,OBIDOS,A232,-1.880789,-55.519856,89.64
1102,2019-07-03,16:00,0.0,1001.5,1002.0,1001.5,2439,30.9,22.7,30.9,29.2,23.0,21.4,68,59,62,236,0.0,0.0,N,PA,OBIDOS,A232,-1.880789,-55.519856,89.64
1103,2019-07-03,20:00,0.0,998.6,999.0,998.6,1287,30.7,23.8,31.4,30.0,24.5,22.9,69,63,67,236,0.0,0.0,N,PA,OBIDOS,A232,-1.880789,-55.519856,89.64
1104,2019-07-04,00:00,0.0,1000.5,1000.5,999.8,-9999,24.7,23.2,26.0,24.7,23.4,23.2,92,85,92,236,0.0,0.0,N,PA,OBIDOS,A232,-1.880789,-55.519856,89.64
1105,2019-07-04,04:00,0.0,1001.4,1001.5,1001.4,-9999,23.6,22.6,23.7,23.5,22.6,22.4,94,93,94,236,0.0,0.0,N,PA,OBIDOS,A232,-1.880789,-55.519856,89.64
1106,2019-07-04,08:00,0.0,999.9,1000.1,999.9,-9999,22.7,21.7,23.0,22.6,22.0,21.6,94,94,94,236,0.0,0.0,N,PA,OBIDOS,A232,-1.880789,-55.519856,89.64
1107,2019-07-04,12:00,0.0,1002.5,1002.5,1001.5,751,27.3,22.4,27.4,24.4,23.0,22.0,89,74,74,236,0.0,0.0,N,PA,OBIDOS,A232,-1.880789,-55.519856,89.64
1108,2019-07-04,16:00,0.0,1002.1,1002.4,1002.1,3024,32.5,22.0,32.8,30.6,22.7,21.4,60,52,54,236,0.0,0.0,N,PA,OBIDOS,A232,-1.880789,-55.519856,89.64
1109,2019-07-04,20:00,0.0,1000.0,1000.0,999.4,675,27.5,21.5,31.2,27.5,23.1,21.5,70,59,70,236,0.0,0.0,N,PA,OBIDOS,A232,-1.880789,-55.519856,89.64
1110,2019-07-05,00:00,0.0,1002.1,1002.1,1001.1,-9999,23.4,21.6,23.6,23.4,21.7,21.5,90,88,90,236,0.0,0.0,N,PA,OBIDOS,A232,-1.880789,-55.519856,89.64
1111,2019-07-05,04:00,0.0,1003.4,1003.7,1003.4,-9999,23.2,22.1,23.7,23.1,22.6,22.1,94,94,94,236,0.0,0.0,N,PA,OBIDOS,A232,-1.880789,-55.519856,89.64
1112,2019-07-05,08:00,0.0,1003.2,1003.2,1003.0,-9999,22.7,21.7,23.6,22.7,22.4,21.7,94,93,94,236,0.0,0.0,N,PA,OBIDOS,A232,-1.880789,-55.519856,89.64
1113,2019-07-05,12:00,0.0,1005.1,1005.1,1004.5,809,27.2,23.2,27.4,24.7,23.6,22.9,90,78,79,236,0.0,0.0,N,PA,OBIDOS,A232,-1.880789,-55.519856,89.64
1114,2019-07-05,16:00,0.0,1004.1,1004.8,1004.1,2634,33.8,22.7,33.8,30.9,22.7,21.4,59,51,53,236,0.0,0.0,N,PA,OBIDOS,A232,-1.880789,-55.519856,89.64
1115,2019-07-05,20:00,0.0,1001.9,1002.2,1001.9,1376,31.1,22.9,32.4,31.0,23.7,22.0,63,55,62,236,0.0,0.0,N,PA,OBIDOS,A232,-1.880789,-55.519856,89.64
1116,2019-07-06,00:00,0.0,1002.9,1002.9,1002.5,-9999,25.3,23.1,25.5,24.8,23.4,23.0,90,87,88,236,0.0,0.0,N,PA,OBIDOS,A232,-1.880789,-55.519856,89.64
1117,2019-07-06,04:00,0.0,1004.2,1004.4,1004.2,-9999,24.3,22.3,24.8,24.2,23.1,22.3,91,89,89,236,0.0,0.0,N,PA,OBIDOS,A232,-1.880789,-55.519856,89.64
1118,2019-07-06,08:00,0.0,1002.7,1002.9,1002.7,-9999,22.5,21.5,23.0,22.5,22.0,21.5,94,93,94,236,0.0,0.0,N,PA,OBIDOS,A232,-1.880789,-55.519856,89.64
1119,2019-07-06,12:00,0.0,1004.2,1004.2,1003.8,841,28.1,22.7,28.1,24.4,23.4,22.5,93,72,72,236,0.0,0.0,N,PA,OBIDOS,A232,-1.880789,-55.519856,89.64
1120,2019-07-06,16:00,0.0,1004.2,1004.4,1004.2,2789,33.2,21.9,33.8,30.8,23.4,21.3,63,49,52,236,0.0,0.0,N,PA,OBIDOS,A232,-1.880789,-55.519856,89.64
1121,2019-07-06,20:00,0.0,1001.4,1001.7,1001.4,1408,31.8,21.1,32.8,31.7,22.5,20.5,56,51,53,236,0.0,0.0,N,PA,OBIDOS,A232,-1.880789,-55.519856,89.64
1122,2019-07-07,00:00,0.0,1003.1,1003.1,1002.3,-9999,26.0,22.6,26.3,25.2,22.7,22.4,86,80,82,236,0.0,0.0,N,PA,OBIDOS,A232,-1.880789,-55.519856,89.64
1123,2019-07-07,04:00,0.0,1004.5,1004.6,1004.4,-9999,23.7,21.8,24.3,23.7,22.4,21.7,91,86,89,236,0.0,0.0,N,PA,OBIDOS,A232,-1.880789,-55.519856,89.64
1124,2019-07-07,08:00,0.0,1002.4,1003.0,1002.3,-9999,22.7,21.6,22.9,22.3,21.9,21.3,94,93,93,236,0.0,0.0,N,PA,OBIDOS,A232,-1.880789,-55.519856,89.64
1125,2019-07-07,12:00,0.0,1004.6,1004.6,1003.9,812,28.4,22.5,28.4,24.7,23.0,21.7,85,71,71,236,0.0,0.0,N,PA,OBIDOS,A232,-1.880789,-55.519856,89.64
1126,2019-07-07,16:00,0.0,1004.3,1005.1,1004.3,2008,31.4,23.2,31.7,29.2,24.1,22.7,72,62,62,236,0.0,0.0,N,PA,OBIDOS,A232,-1.880789,-55.519856,89.64
1127,2019-07-07,20:00,0.0,1002.3,1002.3,1001.8,561,29.1,23.1,29.2,28.1,23.6,22.5,76,70,70,236,0.0,0.0,N,PA,OBIDOS,A232,-1.880789,-55.519856,89.64
1128,2019-07-08,00:00,0.0,1004.5,1004.5,1003.8,-9999,25.6,23.9,26.1,24.7,24.7,23.3,93,91,91,236,0.0,0.0,N,PA,OBIDOS,A232,-1.880789,-55.519856,89.64
1129,2019-07-08,04:00,0.0,1005.7,1006.0,1005.7,-9999,24.0,22.8,24.6,23.9,22.9,22.6,93,90,93,236,0.0,0.0,N,PA,OBIDOS,A232,-1.880789,-55.519856,89.64
1130,2019-07-08,08:00,0.0,1003.8,1004.1,1003.8,-9999,23.2,22.2,23.2,22.7,22.2,21.8,94,94,94,236,0.0,0.0,N,PA,OBIDOS,A232,-1.880789,-55.519856,89.64
1131,2019-07-08,12:00,0.0,1005.4,1005.4,1004.9,804,27.0,22.6,27.0,24.2,23.0,21.9,87,77,77,236,0.0,0.0,N,PA,OBIDOS,A232,-1.880789,-55.519856,89.64
1132,2019-07-08,16:00,0.0,1004.5,1005.2,1004.5,3400,31.7,21.7,32.6,30.6,23.0,21.3,62,54,56,236,0.0,0.0,N,PA,OBIDOS,A232,-1.880789,-55.519856,89.64
1133,2019-07-08,20:00,0.0,1001.4,1001.7,1001.4,1366,30.8,22.2,31.8,30.7,23.2,21.2,63,55,60,236,0.0,0.0,N,PA,OBIDOS,A232,-1.880789,-55.519856,89.64
1134,2019-07-09,00:00,0.0,1004.0,1004.1,1003.5,-9999,23.7,22.2,24.7,23.7,22.7,22.2,92,89,92,236,0.0,0.0,N,PA,OBIDOS,A232,-1.880789,-55.519856,89.64
1135,2019-07-09,04:00,0.0,1005.4,1005.6,1005.4,-9999,22.8,21.7,23.4,22.8,22.2,21.7,94,93,93,236,0.0,0.0,N,PA,OBIDOS,A232,-1.880789,-55.519856,89.64
1136,2019-07-09,08:00,0.0,1004.1,1004.1,1004.0,-9999,22.2,21.2,23.0,22.1,21.9,21.1,94,93,94,236,0.0,0.0,N,PA,OBIDOS,A232,-1.880789,-55.519856,89.64
1137,2019-07-09,12:00,0.0,1006.1,1006.1,1005.4,827,26.8,23.2,26.8,23.6,23.2,22.1,91,80,81,236,0.0,0.0,N,PA,OBIDOS,A232,-1.880789,-55.519856,89.64
1138,2019-07-09,16:00,1.2,1005.0,1006.0,1005.0,2134,30.5,25.9,30.9,27.3,26.4,22.7,88,64,76,236,0.0,0.0,N,PA,OBIDOS,A232,-1.880789,-55.519856,89.64
1139,2019-07-09,20:00,0.0,1001.8,1002.1,1001.8,1085,29.1,23.9,29.7,26.8,24.6,22.6,84,65,73,236,0.0,0.0,N,PA,OBIDOS,A232,-1.880789,-55.519856,89.64
1140,2019-07-10,00:00,0.0,1004.5,1004.5,1003.6,-9999,23.6,22.1,24.6,23.5,23.3,22.1,93,91,91,236,0.0,0.0,N,PA,OBIDOS,A232,-1.880789,-55.519856,89.64
1141,2019-07-10,04:00,0.0,1005.0,1005.3,1005.0,-9999,24.0,23.0,24.1,23.9,23.1,22.9,94,94,94,236,0.0,0.0,N,PA,OBIDOS,A232,-1.880789,-55.519856,89.64
1142,2019-07-10,08:00,0.0,1004.1,1004.4,1003.8,-9999,22.3,21.2,22.3,22.0,21.3,21.0,94,94,94,236,0.0,0.0,N,PA,OBIDOS,A232,-1.880789,-55.519856,89.64
1143,2019-07-10,12:00,0.0,1006.3,1006.3,1005.7,520,24.6,22.7,24.6,23.4,23.0,22.4,94,89,89,236,0.0,0.0,N,PA,OBIDOS,A232,-1.880789,-55.519856,89.64
1144,2019-07-10,16:00,0.0,1004.0,1005.2,1004.0,2543,29.7,24.4,31.1,28.7,25.6,22.2,81,61,74,236,0.0,0.0,N,PA,OBIDOS,A232,-1.880789,-55.519856,89.64
1145,2019-07-10,20:00,0.0,1001.1,1001.1,1000.9,1010,29.0,23.3,30.1,28.7,23.6,22.4,72,66,71,236,0.0,0.0,N,PA,OBIDOS,A232,-1.880789,-55.519856,89.64
1146,2019-07-11,00:00,0.0,1003.2,1003.2,1002.3,-9999,23.4,22.0,23.9,23.4,22.2,22.0,92,89,92,236,0.0,0.0,N,PA,OBIDOS,A232,-1.880789,-55.519856,89.64
1147,2019-07-11,04:00,0.0,1003.4,1003.9,1003.4,-9999,23.2,22.1,23.3,23.0,22.2,21.9,94,94,94,236,0.0,0.0,N,PA,OBIDOS,A232,-1.880789,-55.519856,89.64
1148,2019-07-11,08:00,0.0,1001.6,1001.6,1001.4,-9999,22.2,21.2,22.5,22.2,21.5,21.2,94,94,94,236,0.0,0.0,N,PA,OBIDOS,A232,-1.880789,-55.519856,89.64
1149,2019-07-11,12:00,0.0,1003.4,1003.4,1003.1,508,25.4,22.2,25.5,24.0,22.6,22.0,91,82,82,236,0.0,0.0,N,PA,OBIDOS,A232,-1.880789,-55.519856,89.64
1150,2019-07-11,16:00,0.0,1002.6,1003.6,1002.6,2131,30.1,22.9,30.3,28.5,23.5,21.9,70,64,65,236,0.0,0.0,N,PA,OBIDOS,A232,-1.880789,-55.519856,89.64
1151,2019-07-11,20:00,0.0,999.0,999.4,998.9,1512,30.2,21.8,30.7,29.4,23.3,21.8,68,61,61,236,0.0,0.0,N,PA,OBIDOS,A232,-1.880789,-55.519856,89.64
1152,2019-07-12,00:00,0.0,1001.9,1001.9,1000.8,-9999,24.4,22.5,25.0,24.4,22.9,22.5,91,87,89,236,0.0,0.0,N,PA,OBIDOS,A232,-1.880789,-55.519856,89.64
1153,2019-07-12,04:00,0.0,1001.6,1001.9,1001.6,-9999,22.9,21.9,23.1,22.9,22.2,21.9,94,94,94,236,0.0,0.0,N,PA,OBIDOS,A232,-1.880789,-55.519856,89.64
1154,2019-07-12,08:00,0.0,1001.0,1001.1,1000.8,-9999,22.9,21.7,22.9,22.6,21.7,21.5,94,93,93,236,0.0,0.0,N,PA,OBIDOS,A232,-1.880789,-55.519856,89.64
1155,2019-07-12,12:00,0.0,1003.1,1003.1,1002.4,1006,27.9,21.8,28.0,25.4,22.8,21.6,83,69,69,236,0.0,0.0,N,PA,OBIDOS,A232,-1.880789,-55.519856,89.64
1156,2019-07-12,16:00,0.0,1002.0,1002.7,1002.0,2012,32.1,22.6,33.1,30.0,23.3,20.9,63,51,57,236,0.0,0.0,N,PA,OBIDOS,A232,-1.880789,-55.519856,89.64
1157,2019-07-12,20:00,0.0,1000.0,1000.0,999.7,271,28.5,23.0,29.9,28.5,23.3,21.7,73,61,72,236,0.0,0.0,N,PA,OBIDOS,A232,-1.880789,-55.519856,89.64
1158,2019-07-13,00:00,0.0,1001.8,1001.8,1001.1,-9999,23.9,22.5,24.4,23.9,22.8,22.5,92,90,92,236,0.0,0.0,N,PA,OBIDOS,A232,-1.880789,-55.519856,89.64
1159,2019-07-13,04:00,0.0,1002.9,1003.3,1002.8,-9999,22.7,21.7,22.8,22.7,21.8,21.6,94,94,94,236,0.0,0.0,N,PA,OBIDOS,A232,-1.880789,-55.519856,89.64
1160,2019-07-13,08:00,0.0,1001.5,1001.7,1001.4,-9999,22.2,21.2,22.9,22.2,21.8,21.2,94,94,94,236,0.0,0.0,N,PA,OBIDOS,A232,-1.880789,-55.519856,89.64
1161,2019-07-13,12:00,0.0,1003.6,1003.6,1003.1,940,27.3,22.3,27.3,23.7,22.6,22.0,91,74,74,236,0.0,0.0,N,PA,OBIDOS,A232,-1.880789,-55.519856,89.64
1162,2019-07-13,16:00,0.0,1002.9,1003.7,1002.9,2628,32.6,21.6,33.1,29.7,22.8,20.9,61,51,52,236,0.0,0.0,N,PA,OBIDOS,A232,-1.880789,-55.519856,89.64
1163,2019-07-13,20:00,0.0,1000.3,1000.4,999.9,1253,28.6,21.4,32.4,28.6,22.6,21.3,65,55,65,236,0.0,0.0,N,PA,OBIDOS,A232,-1.880789,-55.519856,89.64
1164,2019-07-14,00:00,0.0,1001.9,1001.9,1001.4,-9999,23.4,21.4,23.7,23.4,22.0,21.4,91,88,88,236,0.0,0.0,N,PA,OBIDOS,A232,-1.880789,-55.519856,89.64
1165,2019-07-14,04:00,0.0,1002.5,1003.0,1002.5,-9999,22.7,21.6,22.8,22.6,21.7,21.5,94,93,94,236,0.0,0.0,N,PA,OBIDOS,A232,-1.880789,-55.519856,89.64
1166,2019-07-14,08:00,0.0,1001.1,1001.3,1001.1,-9999,21.8,20.6,21.9,21.7,20.7,20.5,93,93,93,236,0.0,0.0,N,PA,OBIDOS,A232,-1.880789,-55.519856,89.64
1167,2019-07-14,12:00,0.0,1003.9,1003.9,1003.2,616,24.6,21.8,24.8,22.6,22.1,21.2,92,81,84,236,0.0,0.0,N,PA,OBIDOS,A232,-1.880789,-55.519856,89.64
1168,2019-07-14,16:00,0.0,1002.5,1003.4,1002.5,1830,30.7,22.7,31.1,29.3,23.1,21.3,67,58,63,236,0.0,0.0,N,PA,OBIDOS,A232,-1.880789,-55.519856,89.64
1169,2019-07-14,20:00,0.0,998.7,999.1,998.7,1138,29.6,22.7,31.4,29.5,23.0,21.4,67,57,67,236,0.0,0.0,N,PA,OBIDOS,A232,-1.880789,-55.519856,89.64
1170,2019-07-15,00:00,0.0,1001.3,1001.3,1000.8,-9999,24.0,22.2,24.9,24.0,22.6,22.2,90,87,90,236,0.0,0.0,N,PA,OBIDOS,A232,-1.880789,-55.519856,89.64
1171,2019-07-15,04:00,0.0,1002.1,1002.6,1002.0,-9999,22.1,21.1,22.6,22.0,21.5,20.9,94,93,94,236,0.0,0.0,N,PA,OBIDOS,A232,-1.880789,-55.519856,89.64
1172,2019-07-15,08:00,0.0,1001.0,1001.0,1000.7,-9999,21.8,20.8,21.8,21.6,20.9,20.7,95,94,94,236,0.0,0.0,N,PA,OBIDOS,A232,-1.880789,-55.519856,89.64
1173,2019-07-15,12:00,0.0,1003.3,1003.3,1002.5,890,26.7,22.3,26.7,23.1,22.3,21.5,91,76,77,236,0.0,0.0,N,PA,OBIDOS,A232,-1.880789,-55.519856,89.64
1174,2019-07-15,16:00,0.0,1002.7,1003.3,1002.7,2086,30.6,22.7,32.5,30.1,23.5,21.2,63,53,63,236,0.0,0.0,N,PA,OBIDOS,A232,-1.880789,-55.519856,89.64
1175,2019-07-15,20:00,0.0,999.7,1000.0,999.7,1403,30.9,21.5,31.9,30.7,22.1,21.2,59,55,58,236,0.0,0.0,N,PA,OBIDOS,A232,-1.880789,-55.519856,89.64
1176,2019-07-16,00:00,0.0,1001.6,1001.6,1000.8,-9999,24.2,22.5,25.0,24.2,22.5,22.3,90,86,90,236,0.0,0.0,N,PA,OBIDOS,A232,-1.880789,-55.519856,89.64
1177,2019-07-16,04:00,0.0,1002.5,1003.0,1002.5,-9999,22.7,21.6,22.8,22.5,21.6,21.5,94,93,94,236,0.0,0.0,N,PA,OBIDOS,A232,-1.880789,-55.519856,89.64
1178,2019-07-16,08:00,0.0,1001.8,1001.8,1001.6,-9999,21.5,20.7,21.7,21.5,20.8,20.6,95,95,95,236,0.0,0.0,N,PA,OBIDOS,A232,-1.880789,-55.519856,89.64
1179,2019-07-16,12:00,0.0,1004.3,1004.3,1003.4,936,27.8,21.9,27.8,23.6,22.6,21.8,93,70,70,236,0.0,0.0,N,PA,OBIDOS,A232,-1.880789,-55.519856,89.64
1180,2019-07-16,16:00,0.0,1003.4,1004.0,1003.4,1519,31.7,21.9,32.8,30.8,22.5,20.3,59,49,56,236,0.0,0.0,N,PA,OBIDOS,A232,-1.880789,-55.519856,89.64
1181,2019-07-16,20:00,0.0,1000.8,1000.9,1000.5,512,29.3,22.0,31.6,29.2,22.3,21.0,66,54,65,236,0.0,0.0,N,PA,OBIDOS,A232,-1.880789,-55.519856,89.64
1182,2019-07-17,00:00,0.0,1002.3,1002.3,1001.7,-9999,24.2,22.3,26.1,24.2,23.0,22.3,89,82,89,236,0.0,0.0,N,PA,OBIDOS,A232,-1.880789,-55.519856,89.64
1183,2019-07-17,04:00,0.0,1003.7,1003.8,1003.6,-9999,22.9,21.5,23.8,22.9,22.2,21.5,92,91,92,236,0.0,0.0,N,PA,OBIDOS,A232,-1.880789,-55.519856,89.64
1184,2019-07-17,08:00,0.0,1002.6,1002.6,1002.4,-9999,21.9,20.8,22.2,21.9,21.1,20.8,94,93,94,236,0.0,0.0,N,PA,OBIDOS,A232,-1.880789,-55.519856,89.64
1185,2019-07-17,12:00,0.0,1005.2,1005.2,1004.8,536,25.3,21.6,25.3,23.9,21.9,21.5,87,80,80,236,0.0,0.0,N,PA,OBIDOS,A232,-1.880789,-55.519856,89.64
1186,2019-07-17,16:00,0.0,1005.1,1005.4,1005.0,1972,31.0,22.1,31.1,29.9,22.1,20.4,60,55,59,236,0.0,0.0,N,PA,OBIDOS,A232,-1.880789,-55.519856,89.64
1187,2019-07-17,20:00,0.0,1002.0,1002.3,1001.8,1248,28.9,22.8,30.5,28.8,23.5,22.0,70,62,70,236,0.0,0.0,N,PA,OBIDOS,A232,-1.880789,-55.519856,89.64
1188,2019-07-18,00:00,0.0,1004.6,1004.6,1003.3,-9999,24.2,22.3,24.4,24.0,22.4,22.0,89,88,89,236,0.0,0.0,N,PA,OBIDOS,A232,-1.880789,-55.519856,89.64
1189,2019-07-18,04:00,0.0,1005.4,1005.7,1005.4,-9999,23.9,22.4,23.9,23.6,22.4,22.2,92,92,92,236,0.0,0.0,N,PA,OBIDOS,A232,-1.880789,-55.519856,89.64
1190,2019-07-18,08:00,0.0,1003.9,1004.0,1003.7,-9999,22.8,21.8,22.8,22.3,21.8,21.3,95,94,94,236,0.0,0.0,N,PA,OBIDOS,A232,-1.880789,-55.519856,89.64
1191,2019-07-18,12:00,0.0,1005.6,1005.6,1004.9,946,27.1,21.9,27.1,23.2,22.3,21.6,93,73,73,236,0.0,0.0,N,PA,OBIDOS,A232,-1.880789,-55.519856,89.64
1192,2019-07-18,16:00,0.0,1004.7,1005.1,1004.7,2656,31.1,22.0,32.8,30.1,22.1,20.4,60,50,59,236,0.0,0.0,N,PA,OBIDOS,A232,-1.880789,-55.519856,89.64
1193,2019-07-18,20:00,0.0,1000.8,1001.7,1000.8,1353,31.0,22.8,32.2,30.9,23.2,22.1,62,56,62,236,0.0,0.0,N,PA,OBIDOS,A232,-1.880789,-55.519856,89.64
1194,2019-07-19,00:00,0.0,1002.7,1002.7,1001.8,-9999,24.8,23.1,25.5,24.7,23.4,23.0,91,88,90,236,0.0,0.0,N,PA,OBIDOS,A232,-1.880789,-55.519856,89.64
1195,2019-07-19,04:00,0.0,1004.6,1004.9,1004.6,-9999,23.9,22.7,23.9,23.4,22.8,22.3,94,93,93,236,0.0,0.0,N,PA,OBIDOS,A232,-1.880789,-55.519856,89.64
1196,2019-07-19,08:00,0.0,1003.3,1003.5,1003.3,-9999,23.3,21.8,23.6,22.6,22.2,21.5,94,91,92,236,0.0,0.0,N,PA,OBIDOS,A232,-1.880789,-55.519856,89.64
1197,2019-07-19,12:00,0.0,1004.8,1005.0,1004.6,899,27.8,23.1,27.8,24.6,23.4,22.8,90,75,75,236,0.0,0.0,N,PA,OBIDOS,A232,-1.880789,-55.519856,89.64
1198,2019-07-19,16:00,0.2,1004.3,1005.1,1004.3,2454,30.3,23.6,30.8,27.5,25.0,22.5,82,63,67,236,0.0,0.0,N,PA,OBIDOS,A232,-1.880789,-55.519856,89.64
1199,2019-07-19,20:00,0.0,1000.6,1001.3,1000.6,1400,30.1,23.4,30.9,30.1,24.2,22.6,69,62,67,236,0.0,0.0,N,PA,OBIDOS,A232,-1.880789,-55.519856,89.64
1200,2019-07-20,00:00,0.0,1002.2,1002.2,1001.6,-9999,24.8,23.2,25.3,24.5,23.3,22.9,91,88,91,236,0.0,0.0,N,PA,OBIDOS,A232,-1.880789,-55.519856,89.64
1201,2019-07-20,04:00,0.0,1003.1,1003.5,1003.1,-9999,22.5,21.4,23.2,22.5,22.1,21.4,94,94,94,236,0.0,0.0,N,PA,OBIDOS,A232,-1.880789,-55.519856,89.64
1202,2019-07-20,08:00,0.0,1002.1,1002.1,1001.9,-9999,21.6,20.7,21.7,21.5,20.8,20.6,95,95,95,236,0.0,0.0,N,PA,OBIDOS,A232,-1.880789,-55.519856,89.64
1203,2019-07-20,12:00,0.0,1003.9,1003.9,1003.3,943,26.9,21.7,26.9,23.1,22.4,21.3,95,72,73,236,0.0,0.0,N,PA,OBIDOS,A232,-1.880789,-55.519856,89.64
1204,2019-07-20,16:00,0.0,1003.5,1004.0,1003.5,3257,32.6,20.4,33.0,31.0,22.1,19.5,55,48,49,236,0.0,0.0,N,PA,OBIDOS,A232,-1.880789,-55.519856,89.64
1205,2019-07-20,20:00,0.0,1000.4,1000.8,1000.4,1456,30.8,20.4,31.7,30.8,21.7,20.0,56,52,54,236,0.0,0.0,N,PA,OBIDOS,A232,-1.880789,-55.519856,89.64
1206,2019-07-21,00:00,0.0,1001.8,1001.8,1001.0,-9999,25.5,22.0,25.6,24.4,22.1,21.8,86,81,81,236,0.0,0.0,N,PA,OBIDOS,A232,-1.880789,-55.519856,89.64
1207,2019-07-21,04:00,0.0,1002.8,1003.4,1002.8,-9999,22.1,20.7,23.4,22.1,21.0,20.6,92,86,92,236,0.0,0.0,N,PA,OBIDOS,A232,-1.880789,-55.519856,89.64
1208,2019-07-21,08:00,0.0,1001.2,1001.5,1001.2,-9999,20.9,19.9,21.5,20.9,20.2,19.9,94,93,94,236,0.0,0.0,N,PA,OBIDOS,A232,-1.880789,-55.519856,89.64
1209,2019-07-21,12:00,0.0,1003.5,1003.5,1002.9,276,24.2,20.9,24.2,22.6,21.4,20.6,92,80,82,236,0.0,0.0,N,PA,OBIDOS,A232,-1.880789,-55.519856,89.64
1210,2019-07-21,16:00,0.0,1004.2,1004.3,1004.1,1516,27.7,20.9,29.9,27.5,22.0,20.6,69,59,67,236,0.0,0.0,N,PA,OBIDOS,A232,-1.880789,-55.519856,89.64
1211,2019-07-21,20:00,0.0,1000.6,1001.3,1000.6,1221,28.3,20.1,29.0,27.7,21.1,19.6,66,59,61,236,0.0,0.0,N,PA,OBIDOS,A232,-1.880789,-55.519856,89.64
1212,2019-07-22,00:00,0.0,1002.5,1002.5,1001.6,-9999,23.4,21.6,23.4,22.9,21.6,20.9,91,88,90,236,0.0,0.0,N,PA,OBIDOS,A232,-1.880789,-55.519856,89.64
1213,2019-07-22,04:00,0.0,1003.4,1003.8,1003.4,-9999,21.8,20.8,22.1,21.6,21.0,20.6,94,93,94,236,0.0,0.0,N,PA,OBIDOS,A232,-1.880789,-55.519856,89.64
1214,2019-07-22,08:00,0.0,1002.3,1002.5,1002.3,-9999,20.9,20.1,21.1,20.8,20.2,19.9,95,95,95,236,0.0,0.0,N,PA,OBIDOS,A232,-1.880789,-55.519856,89.64
1215,2019-07-22,12:00,0.0,1003.9,1003.9,1003.4,1019,25.7,21.0,26.0,22.6,21.8,20.7,94,74,75,236,0.0,0.0,N,PA,OBIDOS,A232,-1.880789,-55.519856,89.64
1216,2019-07-22,16:00,0.0,1003.2,1003.8,1003.2,3132,32.1,19.5,32.7,30.0,21.1,19.5,56,47,47,236,0.0,0.0,N,PA,OBIDOS,A232,-1.880789,-55.519856,89.64
1217,2019-07-22,20:00,0.0,1000.2,1000.6,1000.2,1486,31.6,20.4,31.9,31.2,20.4,18.9,52,47,51,236,0.0,0.0,N,PA,OBIDOS,A232,-1.880789,-55.519856,89.64
1218,2019-07-23,00:00,0.0,1001.7,1001.7,1000.8,-9999,24.2,21.7,25.3,24.2,21.8,21.3,86,80,86,236,0.0,0.0,N,PA,OBIDOS,A232,-1.880789,-55.519856,89.64
1219,2019-07-23,04:00,0.0,1002.8,1002.8,1002.6,-9999,22.0,20.6,23.0,22.0,21.0,20.6,91,88,91,236,0.0,0.0,N,PA,OBIDOS,A232,-1.880789,-55.519856,89.64
1220,2019-07-23,08:00,0.0,1001.9,1001.9,1001.8,-9999,21.0,20.1,21.3,21.0,20.3,20.0,94,94,94,236,0.0,0.0,N,PA,OBIDOS,A232,-1.880789,-55.519856,89.64
1221,2019-07-23,12:00,0.0,1004.0,1004.0,1003.3,1063,27.7,20.8,27.8,23.3,21.7,20.7,89,66,66,236,0.0,0.0,N,PA,OBIDOS,A232,-1.880789,-55.519856,89.64
1222,2019-07-23,16:00,0.0,1003.3,1003.8,1003.3,2887,33.2,19.8,33.4,31.7,21.5,19.8,54,45,45,236,0.0,0.0,N,PA,OBIDOS,A232,-1.880789,-55.519856,89.64
1223,2019-07-23,20:00,0.0,1000.3,1000.8,1000.3,1451,32.3,19.7,33.3,32.3,21.0,17.8,51,41,47,236,0.0,0.0,N,PA,OBIDOS,A232,-1.880789,-55.519856,89.64
1224,2019-07-24,00:00,0.0,1001.7,1001.7,1001.2,-9999,25.8,20.8,26.2,25.5,21.1,20.7,76,72,74,236,0.0,0.0,N,PA,OBIDOS,A232,-1.880789,-55.519856,89.64
1225,2019-07-24,04:00,0.0,1002.4,1002.8,1002.4,-9999,23.9,21.1,24.0,23.4,21.6,21.0,88,84,84,236,0.0,0.0,N,PA,OBIDOS,A232,-1.880789,-55.519856,89.64
1226,2019-07-24,08:00,0.0,1002.2,1002.3,1001.9,-9999,21.6,20.5,21.8,21.6,20.7,20.4,94,92,94,236,0.0,0.0,N,PA,OBIDOS,A232,-1.880789,-55.519856,89.64
1227,2019-07-24,12:00,0.0,1004.3,1004.3,1003.6,1029,28.6,20.9,28.6,23.5,21.3,20.5,86,63,63,236,0.0,0.0,N,PA,OBIDOS,A232,-1.880789,-55.519856,89.64
1228,2019-07-24,16:00,0.0,1003.2,1004.0,1003.2,2888,34.0,19.4,34.2,32.2,21.7,19.4,52,42,43,236,0.0,0.0,N,PA,OBIDOS,A232,-1.880789,-55.519856,89.64
1229,2019-07-24,20:00,0.0,1000.8,1001.0,1000.7,1450,32.0,18.4,33.1,31.9,18.9,17.6,45,41,45,236,0.0,0.0,N,PA,OBIDOS,A232,-1.880789,-55.519856,89.64
1230,2019-07-25,00:00,0.0,1002.3,1002.3,1001.4,-9999,23.7,21.3,24.4,23.6,21.4,21.1,87,82,86,236,0.0,0.0,N,PA,OBIDOS,A232,-1.880789,-55.519856,89.64
1231,2019-07-25,04:00,0.0,1002.7,1003.1,1002.7,-9999,22.7,20.5,23.5,22.7,20.6,20.4,87,84,87,236,0.0,0.0,N,PA,OBIDOS,A232,-1.880789,-55.519856,89.64
1232,2019-07-25,08:00,0.0,1001.3,1001.3,1001.2,-9999,22.0,20.4,22.0,21.8,20.4,20.2,91,90,91,236,0.0,0.0,N,PA,OBIDOS,A232,-1.880789,-55.519856,89.64
1233,2019-07-25,12:00,0.0,1003.8,1003.8,1003.0,1044,29.3,19.4,29.6,22.9,21.5,19.1,89,55,55,236,0.0,0.0,N,PA,OBIDOS,A232,-1.880789,-55.519856,89.64
1234,2019-07-25,16:00,0.0,1002.7,1003.8,1002.7,2675,33.3,20.2,34.1,31.6,22.3,19.9,53,44,46,236,0.0,0.0,N,PA,OBIDOS,A232,-1.880789,-55.519856,89.64
1235,2019-07-25,20:00,0.2,1000.5,1000.8,1000.5,740,25.1,23.1,30.2,25.0,23.3,20.0,90,56,89,236,0.0,0.0,N,PA,OBIDOS,A232,-1.880789,-55.519856,89.64
1236,2019-07-26,00:00,0.0,1003.7,1003.7,1002.5,-9999,23.9,22.1,24.4,23.9,22.4,21.9,90,87,90,236,0.0,0.0,N,PA,OBIDOS,A232,-1.880789,-55.519856,89.64
1237,2019-07-26,04:00,0.0,1003.8,1004.4,1003.8,-9999,22.6,21.4,23.0,22.6,21.6,21.3,93,92,93,236,0.0,0.0,N,PA,OBIDOS,A232,-1.880789,-55.519856,89.64
1238,2019-07-26,08:00,0.0,1002.2,1002.3,1002.1,-9999,22.7,21.2,23.0,22.7,21.3,21.0,91,88,91,236,0.0,0.0,N,PA,OBIDOS,A232,-1.880789,-55.519856,89.64
1239,2019-07-26,12:00,0.0,1004.8,1004.8,1004.2,1118,27.9,21.2,28.1,24.3,21.8,20.9,84,65,67,236,0.0,0.0,N,PA,OBIDOS,A232,-1.880789,-55.519856,89.64
1240,2019-07-26,16:00,0.0,1003.6,1004.3,1003.6,3257,34.5,21.4,35.4,32.5,21.7,18.2,48,41,46,236,0.0,0.0,N,PA,OBIDOS,A232,-1.880789,-55.519856,89.64
1241,2019-07-26,20:00,0.0,1000.8,1001.0,1000.7,1186,32.5,20.3,34.6,31.6,20.9,19.5,53,42,49,236,0.0,0.0,N,PA,OBIDOS,A232,-1.880789,-55.519856,89.64
1242,2019-07-27,00:00,0.0,1003.0,1003.0,1002.2,-9999,25.4,22.1,25.5,25.0,22.1,21.8,83,80,82,236,0.0,0.0,N,PA,OBIDOS,A232,-1.880789,-55.519856,89.64
1243,2019-07-27,04:00,0.0,1003.8,1004.0,1003.8,-9999,24.2,22.4,24.2,24.0,22.5,22.2,90,89,90,236,0.0,0.0,N,PA,OBIDOS,A232,-1.880789,-55.519856,89.64
1244,2019-07-27,08:00,0.0,1003.4,1003.4,1002.7,-9999,22.8,21.7,23.3,22.7,22.0,21.5,94,92,94,236,0.0,0.0,N,PA,OBIDOS,A232,-1.880789,-55.519856,89.64
1245,2019-07-27,12:00,0.0,1005.2,1005.2,1004.7,1129,28.7,22.0,28.7,24.3,22.9,21.2,92,65,67,236,0.0,0.0,N,PA,OBIDOS,A232,-1.880789,-55.519856,89.64
1246,2019-07-27,16:00,0.0,1003.8,1004.5,1003.8,3205,34.4,20.1,34.9,32.5,22.7,19.7,53,41,43,236,0.0,0.0,N,PA,OBIDOS,A232,-1.880789,-55.519856,89.64
1247,2019-07-27,20:00,0.0,1001.1,1001.5,1001.1,1432,32.0,20.2,33.3,31.9,21.4,19.9,52,48,50,236,0.0,0.0,N,PA,OBIDOS,A232,-1.880789,-55.519856,89.64
1248,2019-07-28,00:00,0.0,1002.8,1002.8,1002.2,-9999,25.9,21.0,26.4,25.4,21.1,20.7,77,71,74,236,0.0,0.0,N,PA,OBIDOS,A232,-1.880789,-55.519856,89.64
1249,2019-07-28,04:00,0.0,1003.8,1004.2,1003.8,-9999,23.4,21.2,25.0,23.4,21.6,21.2,88,80,88,236,0.0,0.0,N,PA,OBIDOS,A232,-1.880789,-55.519856,89.64
1250,2019-07-28,08:00,0.0,1002.7,1002.7,1002.6,-9999,21.4,20.4,21.6,21.2,20.5,20.1,94,93,94,236,0.0,0.0,N,PA,OBIDOS,A232,-1.880789,-55.519856,89.64
1251,2019-07-28,12:00,0.0,1004.5,1004.5,1003.8,1141,28.2,20.7,28.2,23.7,21.3,20.1,87,63,64,236,0.0,0.0,N,PA,OBIDOS,A232,-1.880789,-55.519856,89.64
1252,2019-07-28,16:00,0.0,1003.9,1004.8,1003.9,1970,31.9,21.8,32.8,29.3,22.6,20.8,67,51,55,236,0.0,0.0,N,PA,OBIDOS,A232,-1.880789,-55.519856,89.64
1253,2019-07-28,20:00,0.0,1002.1,1002.1,1001.6,560,26.2,20.1,30.4,25.3,22.9,19.5,73,59,69,236,0.0,0.0,N,PA,OBIDOS,A232,-1.880789,-55.519856,89.64
1254,2019-07-29,00:00,0.0,1004.0,1004.0,1003.3,-9999,23.7,21.8,24.2,23.7,21.9,21.7,89,86,89,236,0.0,0.0,N,PA,OBIDOS,A232,-1.880789,-55.519856,89.64
1255,2019-07-29,04:00,0.0,1003.8,1004.2,1003.8,-9999,21.5,20.5,22.0,21.5,20.8,20.4,94,93,94,236,0.0,0.0,N,PA,OBIDOS,A232,-1.880789,-55.519856,89.64
1256,2019-07-29,08:00,0.0,1002.7,1002.8,1002.4,-9999,20.4,19.5,20.6,20.3,19.7,19.4,95,94,95,236,0.0,0.0,N,PA,OBIDOS,A232,-1.880789,-55.519856,89.64
1257,2019-07-29,12:00,0.0,1005.0,1005.0,1004.1,1179,26.5,21.7,26.6,22.6,21.9,21.4,95,74,75,236,0.0,0.0,N,PA,OBIDOS,A232,-1.880789,-55.519856,89.64
1258,2019-07-29,16:00,0.0,1003.3,1004.0,1003.2,3091,33.3,20.9,33.7,31.9,21.4,18.4,50,42,48,236,0.0,0.0,N,PA,OBIDOS,A232,-1.880789,-55.519856,89.64
1259,2019-07-29,20:00,0.0,1000.1,1000.3,1000.1,1589,32.3,19.6,34.2,32.2,21.7,18.3,51,39,47,236,0.0,0.0,N,PA,OBIDOS,A232,-1.880789,-55.519856,89.64
1260,2019-07-30,00:00,0.0,1002.3,1002.3,1001.3,-9999,24.4,21.7,25.1,24.4,22.2,21.6,85,82,85,236,0.0,0.0,N,PA,OBIDOS,A232,-1.880789,-55.519856,89.64
1261,2019-07-30,04:00,0.0,1003.5,1003.8,1003.5,-9999,23.1,21.7,23.9,23.0,21.9,21.7,92,89,92,236,0.0,0.0,N,PA,OBIDOS,A232,-1.880789,-55.519856,89.64
1262,2019-07-30,08:00,0.0,1002.4,1002.6,1002.4,-9999,23.6,21.8,23.9,23.6,22.0,21.8,90,89,90,236,0.0,0.0,N,PA,OBIDOS,A232,-1.880789,-55.519856,89.64
1263,2019-07-30,12:00,0.0,1004.7,1004.7,1003.9,1167,28.4,21.4,28.7,26.1,22.2,21.4,79,65,66,236,0.0,0.0,N,PA,OBIDOS,A232,-1.880789,-55.519856,89.64
1264,2019-07-30,16:00,0.0,1003.5,1004.3,1003.5,2100,33.6,20.8,34.9,32.5,22.6,20.4,56,44,47,236,0.0,0.0,N,PA,OBIDOS,A232,-1.880789,-55.519856,89.64
1265,2019-07-30,20:00,0.0,1000.4,1000.6,1000.3,1375,32.4,20.9,33.5,31.9,21.9,19.9,55,46,51,236,0.0,0.0,N,PA,OBIDOS,A232,-1.880789,-55.519856,89.64
1266,2019-07-31,00:00,0.0,1002.4,1002.4,1001.7,-9999,25.4,23.4,26.0,25.4,23.9,23.4,89,86,88,236,0.0,0.0,N,PA,OBIDOS,A232,-1.880789,-55.519856,89.64
1267,2019-07-31,04:00,0.0,1002.8,1003.1,1002.8,-9999,24.6,22.8,24.6,24.3,22.9,22.8,91,90,90,236,0.0,0.0,N,PA,OBIDOS,A232,-1.880789,-55.519856,89.64
1268,2019-07-31,08:00,0.0,1001.8,1001.8,1001.7,-9999,23.3,22.1,23.7,23.3,22.6,22.1,94,93,93,236,0.0,0.0,N,PA,OBIDOS,A232,-1.880789,-55.519856,89.64
1269,2019-07-31,12:00,0.0,1003.7,1003.7,1002.9,1140,28.2,22.6,28.3,25.1,23.0,22.2,88,70,72,236,0.0,0.0,N,PA,OBIDOS,A232,-1.880789,-55.519856,89.64
1270,2019-07-31,16:00,0.0,1002.3,1003.0,1002.3,2881,35.1,23.5,35.6,32.6,23.7,21.2,54,47,51,236,0.0,0.0,N,PA,OBIDOS,A232,-1.880789,-55.519856,89.64
1271,2019-07-31,20:00,0.0,998.8,999.1,998.8,1580,33.0,20.6,34.2,32.8,21.4,18.6,49,40,48,236,0.0,0.0,N,PA,OBIDOS,A232,-1.880789,-55.519856,89.64
1272,2019-08-01,00:00,0.0,1000.8,1000.8,1000.0,-9999,25.3,22.4,26.0,25.3,22.5,22.4,84,81,84,236,0.0,0.0,N,PA,OBIDOS,A232,-1.880789,-55.519856,89.64
1273,2019-08-01,04:00,0.0,1001.6,1002.1,1001.6,-9999,23.9,22.3,24.3,23.9,22.5,22.3,91,89,91,236,0.0,0.0,N,PA,OBIDOS,A232,-1.880789,-55.519856,89.64
1274,2019-08-01,08:00,0.0,999.9,1000.0,999.8,-9999,22.3,21.2,22.7,22.3,21.6,21.2,94,93,93,236,0.0,0.0,N,PA,OBIDOS,A232,-1.880789,-55.519856,89.64
1275,2019-08-01,12:00,0.0,1002.0,1002.0,1001.3,1156,28.7,22.1,28.7,24.7,22.1,21.4,84,67,67,236,0.0,0.0,N,PA,OBIDOS,A232,-1.880789,-55.519856,89.64
1276,2019-08-01,16:00,0.0,1001.5,1002.0,1001.5,2568,32.9,21.6,34.7,32.2,22.4,20.6,54,45,51,236,0.0,0.0,N,PA,OBIDOS,A232,-1.880789,-55.519856,89.64
1277,2019-08-01,20:00,0.0,998.7,999.0,998.6,1581,32.4,22.1,33.6,32.1,22.3,21.2,56,50,55,236,0.0,0.0,N,PA,OBIDOS,A232,-1.880789,-55.519856,89.64
1278,2019-08-02,00:00,0.0,1000.6,1000.6,999.9,-9999,25.2,22.9,25.9,25.2,23.1,22.8,87,84,87,236,0.0,0.0,N,PA,OBIDOS,A232,-1.880789,-55.519856,89.64
1279,2019-08-02,04:00,0.0,1001.8,1002.2,1001.8,-9999,23.9,21.8,25.5,23.9,22.3,21.8,88,82,88,236,0.0,0.0,N,PA,OBIDOS,A232,-1.880789,-55.519856,89.64
1280,2019-08-02,08:00,0.0,1000.8,1000.9,1000.8,-9999,24.0,21.4,24.5,23.8,21.6,21.2,87,82,85,236,0.0,0.0,N,PA,OBIDOS,A232,-1.880789,-55.519856,89.64
1281,2019-08-02,12:00,0.0,1002.5,1002.5,1001.8,1161,28.5,21.8,28.5,25.3,21.9,21.3,81,67,67,236,0.0,0.0,N,PA,OBIDOS,A232,-1.880789,-55.519856,89.64
1282,2019-08-02,16:00,0.0,1002.3,1002.8,1002.3,3271,33.8,22.4,34.9,33.6,22.9,20.3,52,45,51,236,0.0,0.0,N,PA,OBIDOS,A232,-1.880789,-55.519856,89.64
1283,2019-08-02,20:00,0.0,999.7,1000.0,999.7,1418,31.1,22.0,33.7,31.1,22.4,21.1,58,49,58,236,0.0,0.0,N,PA,OBIDOS,A232,-1.880789,-55.519856,89.64
1284,2019-08-03,00:00,0.0,1001.7,1001.7,1000.9,-9999,25.4,23.5,26.0,25.4,23.5,23.2,89,85,89,236,0.0,0.0,N,PA,OBIDOS,A232,-1.880789,-55.519856,89.64
1285,2019-08-03,04:00,0.0,1003.4,1003.6,1003.3,-9999,25.0,23.5,25.7,24.9,24.0,23.3,92,89,91,236,0.0,0.0,N,PA,OBIDOS,A232,-1.880789,-55.519856,89.64
1286,2019-08-03,08:00,0.0,1002.0,1002.2,1001.9,-9999,23.7,22.7,24.2,23.7,23.1,22.6,94,94,94,236,0.0,0.0,N,PA,OBIDOS,A232,-1.880789,-55.519856,89.64
1287,2019-08-03,12:00,0.0,1004.2,1004.2,1003.7,1081,27.4,22.1,27.4,23.8,22.8,21.9,92,73,73,236,0.0,0.0,N,PA,OBIDOS,A232,-1.880789,-55.519856,89.64
1288,2019-08-03,16:00,0.0,1003.2,1004.0,1003.2,3023,33.7,21.2,34.6,33.0,21.7,19.1,51,41,48,236,0.0,0.0,N,PA,OBIDOS,A232,-1.880789,-55.519856,89.64
1289,2019-08-03,20:00,0.0,1000.7,1001.1,1000.7,1294,31.9,22.7,32.7,31.4,23.0,21.7,60,55,58,236,0.0,0.0,N,PA,OBIDOS,A232,-1.880789,-55.519856,89.64
1290,2019-08-04,00:00,0.0,1002.3,1002.3,1001.4,-9999,25.5,23.2,26.5,25.5,23.4,23.1,87,83,87,236,0.0,0.0,N,PA,OBIDOS,A232,-1.880789,-55.519856,89.64
1291,2019-08-04,04:00,0.0,1003.3,1003.5,1003.2,-9999,24.9,23.4,24.9,24.6,23.5,23.2,93,91,92,236,0.0,0.0,N,PA,OBIDOS,A232,-1.880789,-55.519856,89.64
1292,2019-08-04,08:00,0.0,1002.1,1002.3,1001.9,-9999,23.2,22.0,23.8,23.2,22.6,22.0,93,93,93,236,0.0,0.0,N,PA,OBIDOS,A232,-1.880789,-55.519856,89.64
1293,2019-08-04,12:00,0.0,1004.4,1004.4,1003.6,1066,28.6,23.0,28.6,25.1,23.2,22.7,87,71,71,236,0.0,0.0,N,PA,OBIDOS,A232,-1.880789,-55.519856,89.64
1294,2019-08-04,16:00,0.0,1003.5,1004.1,1003.5,2053,29.8,24.5,31.2,29.7,25.9,23.3,78,64,73,236,0.0,0.0,N,PA,OBIDOS,A232,-1.880789,-55.519856,89.64
1295,2019-08-04,20:00,0.0,1001.3,1001.4,1000.8,1309,29.2,25.0,31.4,29.2,25.4,24.5,79,69,78,236,0.0,0.0,N,PA,OBIDOS,A232,-1.880789,-55.519856,89.64
1296,2019-08-05,00:00,0.0,1003.4,1003.4,1002.1,-9999,25.6,24.4,25.9,25.5,24.6,24.4,93,92,93,236,0.0,0.0,N,PA,OBIDOS,A232,-1.880789,-55.519856,89.64
1297,2019-08-05,04:00,0.0,1004.8,1005.3,1004.8,-9999,24.6,23.6,24.6,24.4,23.6,23.4,94,94,94,236,0.0,0.0,N,PA,OBIDOS,A232,-1.880789,-55.519856,89.64
1298,2019-08-05,08:00,2.4,1003.1,1003.3,1002.8,-9999,23.2,22.2,23.8,23.2,22.8,22.2,95,94,94,236,0.0,0.0,N,PA,OBIDOS,A232,-1.880789,-55.519856,89.64
1299,2019-08-05,12:00,0.0,1005.7,1005.7,1004.3,226,24.4,23.5,24.4,23.3,23.5,22.3,95,94,94,236,0.0,0.0,N,PA,OBIDOS,A232,-1.880789,-55.519856,89.64
1300,2019-08-05,16:00,0.2,1005.6,1006.2,1005.6,1708,27.8,23.7,28.6,26.5,24.6,22.9,86,73,78,236,0.0,0.0,N,PA,OBIDOS,A232,-1.880789,-55.519856,89.64
1301,2019-08-05,20:00,0.0,1002.6,1002.8,1002.6,730,27.1,23.4,27.9,27.1,24.3,23.1,82,76,80,236,0.0,0.0,N,PA,OBIDOS,A232,-1.880789,-55.519856,89.64
1302,2019-08-06,00:00,0.0,1005.6,1005.6,1004.3,-9999,24.4,23.3,24.6,24.0,23.3,22.7,93,91,93,236,0.0,0.0,N,PA,OBIDOS,A232,-1.880789,-55.519856,89.64
1303,2019-08-06,04:00,0.0,1006.3,1006.7,1006.2,-9999,23.1,22.1,23.1,22.7,22.1,21.6,94,93,94,236,0.0,0.0,N,PA,OBIDOS,A232,-1.880789,-55.519856,89.64
1304,2019-08-06,08:00,8.0,1005.8,1006.5,1005.5,1,21.2,20.4,23.1,20.3,22.1,19.1,95,89,95,236,0.0,0.0,N,PA,OBIDOS,A232,-1.880789,-55.519856,89.64
1305,2019-08-06,12:00,0.0,1007.1,1007.1,1006.4,346,23.3,22.4,23.3,22.2,22.4,21.4,95,95,95,236,0.0,0.0,N,PA,OBIDOS,A232,-1.880789,-55.519856,89.64
1306,2019-08-06,16:00,0.6,1006.2,1007.0,1006.2,1105,27.2,25.3,27.4,26.1,25.3,23.3,90,78,89,236,0.0,0.0,N,PA,OBIDOS,A232,-1.880789,-55.519856,89.64
1307,2019-08-06,20:00,0.0,1002.3,1002.9,1002.3,1557,28.9,22.9,30.2,28.9,24.0,22.6,73,66,70,236,0.0,0.0,N,PA,OBIDOS,A232,-1.880789,-55.519856,89.64
1308,2019-08-07,00:00,0.0,1005.1,1005.2,1004.2,-9999,24.0,22.9,24.2,24.0,22.9,22.7,94,92,94,236,0.0,0.0,N,PA,OBIDOS,A232,-1.880789,-55.519856,89.64
1309,2019-08-07,04:00,0.0,1005.8,1006.1,1005.8,-9999,24.0,22.9,24.0,23.6,22.9,22.6,94,93,94,236,0.0,0.0,N,PA,OBIDOS,A232,-1.880789,-55.519856,89.64
1310,2019-08-07,08:00,0.0,1005.4,1005.4,1005.1,-9999,22.5,21.5,22.8,22.5,21.9,21.5,95,94,94,236,0.0,0.0,N,PA,OBIDOS,A232,-1.880789,-55.519856,89.64
1311,2019-08-07,12:00,0.0,1007.5,1007.5,1007.0,895,25.4,22.4,25.6,23.2,22.7,21.7,92,82,83,236,0.0,0.0,N,PA,OBIDOS,A232,-1.880789,-55.519856,89.64
1312,2019-08-07,16:00,0.0,1006.2,1007.0,1006.2,2805,30.9,22.4,31.6,29.2,23.7,21.8,68,59,60,236,0.0,0.0,N,PA,OBIDOS,A232,-1.880789,-55.519856,89.64
1313,2019-08-07,20:00,0.0,1002.9,1003.2,1002.8,963,28.8,21.4,31.4,28.8,21.7,20.5,64,53,64,236,0.0,0.0,N,PA,OBIDOS,A232,-1.880789,-55.519856,89.64
1314,2019-08-08,00:00,0.0,1004.7,1004.7,1003.9,-9999,25.3,22.6,26.0,25.0,22.8,22.2,87,80,85,236,0.0,0.0,N,PA,OBIDOS,A232,-1.880789,-55.519856,89.64
1315,2019-08-08,04:00,0.0,1005.7,1006.1,1005.7,-9999,22.7,21.6,23.2,22.7,21.8,21.6,93,92,93,236,0.0,0.0,N,PA,OBIDOS,A232,-1.880789,-55.519856,89.64
1316,2019-08-08,08:00,0.0,1004.9,1004.9,1004.7,-9999,23.2,20.9,23.2,22.3,21.1,20.9,93,87,87,236,0.0,0.0,N,PA,OBIDOS,A232,-1.880789,-55.519856,89.64
1317,2019-08-08,12:00,0.0,1007.2,1007.2,1006.8,723,26.5,21.4,26.5,24.3,21.7,21.1,86,73,73,236,0.0,0.0,N,PA,OBIDOS,A232,-1.880789,-55.519856,89.64
1318,2019-08-08,16:00,0.0,1006.4,1007.2,1006.4,2286,30.5,21.0,30.9,28.9,21.9,19.6,63,53,57,236,0.0,0.0,N,PA,OBIDOS,A232,-1.880789,-55.519856,89.64
1319,2019-08-08,20:00,0.0,1003.1,1003.4,1003.1,1576,31.0,20.6,31.9,30.8,21.2,18.3,56,44,54,236,0.0,0.0,N,PA,OBIDOS,A232,-1.880789,-55.519856,89.64
1320,2019-08-09,00:00,0.0,1005.2,1005.2,1004.6,-9999,24.4,21.6,25.0,24.4,22.0,21.5,85,82,84,236,0.0,0.0,N,PA,OBIDOS,A232,-1.880789,-55.519856,89.64
1321,2019-08-09,04:00,0.0,1005.2,1005.8,1005.1,-9999,23.8,21.6,24.2,23.8,22.1,21.6,89,86,88,236,0.0,0.0,N,PA,OBIDOS,A232,-1.880789,-55.519856,89.64
1322,2019-08-09,08:00,0.0,1004.1,1004.1,1003.7,-9999,22.8,21.4,23.7,22.8,22.0,21.4,92,89,92,236,0.0,0.0,N,PA,OBIDOS,A232,-1.880789,-55.519856,89.64
1323,2019-08-09,12:00,0.0,1005.9,1006.0,1005.4,1161,28.3,21.2,28.3,24.9,21.9,20.9,85,66,66,236,0.0,0.0,N,PA,OBIDOS,A232,-1.880789,-55.519856,89.64
1324,2019-08-09,16:00,0.0,1004.5,1005.5,1004.5,1802,31.9,21.7,33.2,30.2,24.4,21.7,67,53,55,236,0.0,0.0,N,PA,OBIDOS,A232,-1.880789,-55.519856,89.64
1325,2019-08-09,20:00,0.0,1001.7,1001.9,1001.7,1408,31.9,20.6,32.9,31.0,22.9,20.6,61,50,51,236,0.0,0.0,N,PA,OBIDOS,A232,-1.880789,-55.519856,89.64
1326,2019-08-10,00:00,0.0,1003.8,1003.8,1003.1,-9999,24.5,22.2,25.1,24.5,22.5,21.9,87,85,87,236,0.0,0.0,N,PA,OBIDOS,A232,-1.880789,-55.519856,89.64
1327,2019-08-10,04:00,0.0,1004.3,1005.0,1004.3,-9999,24.3,21.4,24.8,24.2,21.6,21.0,84,81,84,236,0.0,0.0,N,PA,OBIDOS,A232,-1.880789,-55.519856,89.64
1328,2019-08-10,08:00,0.0,1003.5,1003.5,1003.1,-9999,23.5,22.2,23.7,23.0,22.4,21.8,94,92,92,236,0.0,0.0,N,PA,OBIDOS,A232,-1.880789,-55.519856,89.64
1329,2019-08-10,12:00,0.0,1005.3,1005.3,1004.5,1102,29.3,21.8,29.3,26.3,22.4,21.4,78,63,64,236,0.0,0.0,N,PA,OBIDOS,A232,-1.880789,-55.519856,89.64
1330,2019-08-10,16:00,0.0,1004.2,1004.9,1004.2,3186,34.3,20.8,34.8,32.8,23.0,20.4,54,43,45,236,0.0,0.0,N,PA,OBIDOS,A232,-1.880789,-55.519856,89.64
1331,2019-08-10,20:00,0.0,1001.3,1001.7,1001.3,1129,32.0,21.2,32.4,31.3,21.6,19.4,55,48,53,236,0.0,0.0,N,PA,OBIDOS,A232,-1.880789,-55.519856,89.64
1332,2019-08-11,00:00,0.0,1003.2,1003.2,1002.6,-9999,26.2,22.6,27.3,25.8,22.8,22.4,83,75,81,236,0.0,0.0,N,PA,OBIDOS,A232,-1.880789,-55.519856,89.64
1333,2019-08-11,04:00,0.0,1003.8,1004.4,1003.8,-9999,24.5,21.9,25.7,24.3,22.4,21.8,87,81,86,236,0.0,0.0,N,PA,OBIDOS,A232,-1.880789,-55.519856,89.64
1334,2019-08-11,08:00,0.0,1002.7,1002.7,1002.4,-9999,22.3,21.1,22.6,22.3,21.4,21.1,93,92,93,236,0.0,0.0,N,PA,OBIDOS,A232,-1.880789,-55.519856,89.64
1335,2019-08-11,12:00,0.0,1005.1,1005.1,1004.3,1175,28.7,21.7,28.7,25.3,22.2,21.3,82,65,66,236,0.0,0.0,N,PA,OBIDOS,A232,-1.880789,-55.519856,89.64
1336,2019-08-11,16:00,0.0,1003.9,1004.6,1003.9,3174,34.2,20.3,34.6,32.4,22.0,19.8,51,43,44,236,0.0,0.0,N,PA,OBIDOS,A232,-1.880789,-55.519856,89.64
1337,2019-08-11,20:00,0.0,1000.7,1001.1,1000.6,1638,31.8,20.8,33.3,31.8,21.5,20.1,52,48,52,236,0.0,0.0,N,PA,OBIDOS,A232,-1.880789,-55.519856,89.64
1338,2019-08-12,00:00,0.0,1002.4,1002.4,1001.7,-9999,25.0,22.5,26.1,24.9,22.5,21.9,86,79,86,236,0.0,0.0,N,PA,OBIDOS,A232,-1.880789,-55.519856,89.64
1339,2019-08-12,04:00,0.0,1002.7,1003.2,1002.7,-9999,23.2,20.6,24.8,23.2,21.1,20.4,85,79,85,236,0.0,0.0,N,PA,OBIDOS,A232,-1.880789,-55.519856,89.64
1340,2019-08-12,08:00,0.0,1001.1,1001.1,1000.8,-9999,22.1,20.2,22.9,22.0,20.5,20.1,90,86,89,236,0.0,0.0,N,PA,OBIDOS,A232,-1.880789,-55.519856,89.64
1341,2019-08-12,12:00,0.0,1003.4,1003.4,1002.9,1155,28.3,20.9,28.4,25.4,21.6,20.9,78,64,64,236,0.0,0.0,N,PA,OBIDOS,A232,-1.880789,-55.519856,89.64
1342,2019-08-12,16:00,0.0,1002.9,1003.8,1002.9,2251,33.5,20.7,33.6,31.3,22.9,20.2,56,47,47,236,0.0,0.0,N,PA,OBIDOS,A232,-1.880789,-55.519856,89.64
1343,2019-08-12,20:00,0.0,999.8,1000.2,999.8,1667,31.6,20.7,32.8,31.5,21.6,20.2,53,50,53,236,0.0,0.0,N,PA,OBIDOS,A232,-1.880789,-55.519856,89.64
1344,2019-08-13,00:00,0.0,1001.9,1001.9,1001.1,-9999,24.7,22.2,25.7,24.7,22.4,22.1,86,80,86,236,0.0,0.0,N,PA,OBIDOS,A232,-1.880789,-55.519856,89.64
1345,2019-08-13,04:00,0.0,1002.2,1002.7,1002.2,-9999,22.7,21.5,23.1,22.7,21.6,21.4,93,91,93,236,0.0,0.0,N,PA,OBIDOS,A232,-1.880789,-55.519856,89.64
1346,2019-08-13,08:00,0.0,1001.1,1001.1,1000.9,-9999,22.0,21.0,22.0,21.8,21.0,20.8,94,94,94,236,0.0,0.0,N,PA,OBIDOS,A232,-1.880789,-55.519856,89.64
1347,2019-08-13,12:00,0.0,1003.3,1003.3,1002.6,959,27.9,21.3,27.9,25.8,22.2,20.9,78,67,67,236,0.0,0.0,N,PA,OBIDOS,A232,-1.880789,-55.519856,89.64
1348,2019-08-13,16:00,0.0,1002.1,1002.9,1002.1,2580,34.9,22.2,34.9,31.9,23.7,20.7,59,48,48,236,0.0,0.0,N,PA,OBIDOS,A232,-1.880789,-55.519856,89.64
1349,2019-08-13,20:00,0.0,999.3,999.7,999.3,1663,33.2,21.0,34.4,33.2,21.0,18.6,49,40,49,236,0.0,0.0,N,PA,OBIDOS,A232,-1.880789,-55.519856,89.64
1350,2019-08-14,00:00,0.0,1001.7,1001.7,1000.5,-9999,26.3,21.4,26.5,25.8,22.5,21.2,82,74,75,236,0.0,0.0,N,PA,OBIDOS,A232,-1.880789,-55.519856,89.64
1351,2019-08-14,04:00,0.0,1002.3,1002.5,1002.3,-9999,24.8,22.1,25.0,24.8,22.2,21.9,86,83,85,236,0.0,0.0,N,PA,OBIDOS,A232,-1.880789,-55.519856,89.64
1352,2019-08-14,08:00,0.0,1001.8,1001.8,1001.2,-9999,23.2,21.8,23.4,23.0,21.8,21.6,92,91,92,236,0.0,0.0,N,PA,OBIDOS,A232,-1.880789,-55.519856,89.64
1353,2019-08-14,12:00,0.0,1003.8,1003.8,1003.0,903,27.2,23.1,27.2,25.0,23.7,22.9,91,78,78,236,0.0,0.0,N,PA,OBIDOS,A232,-1.880789,-55.519856,89.64
1354,2019-08-14,16:00,0.0,1003.0,1004.1,1003.0,2946,33.3,22.4,33.3,31.0,22.9,20.0,56,49,53,236,0.0,0.0,N,PA,OBIDOS,A232,-1.880789,-55.519856,89.64
1355,2019-08-14,20:00,0.0,999.4,999.8,999.2,1655,31.6,22.4,32.7,31.6,23.2,21.9,59,53,58,236,0.0,0.0,N,PA,OBIDOS,A232,-1.880789,-55.519856,89.64
1356,2019-08-15,00:00,0.0,1002.9,1002.9,1001.9,-9999,25.0,22.8,26.8,24.9,22.9,22.6,88,79,88,236,0.0,0.0,N,PA,OBIDOS,A232,-1.880789,-55.519856,89.64
1357,2019-08-15,04:00,0.0,1003.0,1003.7,1003.0,-9999,23.1,21.6,23.8,23.1,21.9,21.6,91,89,91,236,0.0,0.0,N,PA,OBIDOS,A232,-1.880789,-55.519856,89.64
1358,2019-08-15,08:00,0.0,1003.1,1003.1,1002.4,-9999,22.9,21.6,23.2,22.7,21.6,21.3,92,90,92,236,0.0,0.0,N,PA,OBIDOS,A232,-1.880789,-55.519856,89.64
1359,2019-08-15,12:00,0.0,1004.7,1004.7,1003.8,836,24.9,22.4,24.9,22.9,22.7,21.7,93,85,86,236,0.0,0.0,N,PA,OBIDOS,A232,-1.880789,-55.519856,89.64
1360,2019-08-15,16:00,0.0,1003.2,1004.1,1003.2,2653,31.6,22.2,32.1,30.4,23.5,21.3,64,55,58,236,0.0,0.0,N,PA,OBIDOS,A232,-1.880789,-55.519856,89.64
1361,2019-08-15,20:00,0.0,1000.2,1000.4,1000.2,707,29.2,23.3,30.8,29.2,24.0,22.8,72,63,71,236,0.0,0.0,N,PA,OBIDOS,A232,-1.880789,-55.519856,89.64
1362,2019-08-16,00:00,0.0,1002.3,1002.3,1001.3,-9999,24.4,23.0,25.0,24.4,23.4,23.0,92,90,92,236,0.0,0.0,N,PA,OBIDOS,A232,-1.880789,-55.519856,89.64
1363,2019-08-16,04:00,0.0,1003.4,1004.0,1003.4,-9999,23.6,22.3,24.4,23.6,22.6,22.2,93,89,93,236,0.0,0.0,N,PA,OBIDOS,A232,-1.880789,-55.519856,89.64
1364,2019-08-16,08:00,0.0,1002.2,1002.4,1001.9,-9999,23.1,21.1,23.3,22.8,21.5,21.1,92,88,89,236,0.0,0.0,N,PA,OBIDOS,A232,-1.880789,-55.519856,89.64
1365,2019-08-16,12:00,0.0,1004.5,1004.5,1003.7,696,26.1,21.9,26.1,23.4,22.9,21.8,94,78,78,236,0.0,0.0,N,PA,OBIDOS,A232,-1.880789,-55.519856,89.64
1366,2019-08-16,16:00,0.0,1003.5,1004.0,1003.5,2941,32.3,22.9,33.2,30.7,23.6,21.3,63,52,57,236,0.0,0.0,N,PA,OBIDOS,A232,-1.880789,-55.519856,89.64
1367,2019-08-16,20:00,0.0,1000.9,1001.1,1000.8,623,29.5,22.2,31.2,29.5,23.0,21.8,67,60,65,236,0.0,0.0,N,PA,OBIDOS,A232,-1.880789,-55.519856,89.64
1368,2019-08-17,00:00,0.0,1003.1,1003.1,1001.7,-9999,25.5,23.2,26.3,25.5,23.2,22.9,87,82,87,236,0.0,0.0,N,PA,OBIDOS,A232,-1.880789,-55.519856,89.64
1369,2019-08-17,04:00,0.0,1004.0,1004.5,1003.9,-9999,24.0,22.9,24.6,23.9,23.3,22.7,93,92,93,236,0.0,0.0,N,PA,OBIDOS,A232,-1.880789,-55.519856,89.64
1370,2019-08-17,08:00,0.0,1002.6,1002.7,1002.4,-9999,22.1,20.9,22.5,22.1,21.5,20.9,94,93,93,236,0.0,0.0,N,PA,OBIDOS,A232,-1.880789,-55.519856,89.64
1371,2019-08-17,12:00,0.0,1004.8,1004.8,1004.3,911,26.7,21.4,26.9,24.0,22.4,21.3,89,72,73,236,0.0,0.0,N,PA,OBIDOS,A232,-1.880789,-55.519856,89.64
1372,2019-08-17,16:00,0.0,1003.5,1004.5,1003.5,2447,33.0,22.0,33.0,31.0,22.4,21.1,58,52,52,236,0.0,0.0,N,PA,OBIDOS,A232,-1.880789,-55.519856,89.64
1373,2019-08-17,20:00,0.0,1000.9,1001.0,1000.8,309,28.6,23.1,31.5,28.6,23.2,22.1,73,58,72,236,0.0,0.0,N,PA,OBIDOS,A232,-1.880789,-55.519856,89.64
1374,2019-08-18,00:00,0.0,1001.9,1001.9,1001.3,-9999,26.4,21.8,26.6,25.8,22.6,21.8,82,76,76,236,0.0,0.0,N,PA,OBIDOS,A232,-1.880789,-55.519856,89.64
1375,2019-08-18,04:00,0.0,1003.2,1003.3,1003.2,-9999,22.6,21.3,23.1,22.5,21.6,21.3,93,91,93,236,0.0,0.0,N,PA,OBIDOS,A232,-1.880789,-55.519856,89.64
1376,2019-08-18,08:00,0.0,1002.1,1002.1,1002.0,-9999,21.3,20.2,21.5,21.2,20.5,20.1,94,94,94,236,0.0,0.0,N,PA,OBIDOS,A232,-1.880789,-55.519856,89.64
1377,2019-08-18,12:00,0.0,1004.3,1004.3,1003.5,1213,27.8,21.2,27.8,24.3,21.4,20.5,80,67,67,236,0.0,0.0,N,PA,OBIDOS,A232,-1.880789,-55.519856,89.64
1378,2019-08-18,16:00,0.0,1003.8,1004.6,1003.8,3054,33.9,21.3,34.9,32.5,22.0,19.1,53,43,48,236,0.0,0.0,N,PA,OBIDOS,A232,-1.880789,-55.519856,89.64
1379,2019-08-18,20:00,0.0,1001.5,1002.0,1001.5,1724,31.9,20.4,33.1,31.9,21.5,19.8,52,46,50,236,0.0,0.0,N,PA,OBIDOS,A232,-1.880789,-55.519856,89.64
1380,2019-08-19,00:00,0.0,1002.9,1002.9,1002.3,-9999,25.2,22.2,25.6,25.0,22.3,21.7,83,81,83,236,0.0,0.0,N,PA,OBIDOS,A232,-1.880789,-55.519856,89.64
1381,2019-08-19,04:00,0.0,1004.1,1004.4,1004.1,-9999,22.7,21.2,22.8,22.7,21.4,21.2,92,91,91,236,0.0,0.0,N,PA,OBIDOS,A232,-1.880789,-55.519856,89.64
1382,2019-08-19,08:00,0.0,1003.1,1003.2,1003.1,-9999,21.2,20.1,21.8,21.2,20.3,20.0,93,91,93,236,0.0,0.0,N,PA,OBIDOS,A232,-1.880789,-55.519856,89.64
1383,2019-08-19,12:00,0.0,1004.8,1004.8,1004.1,1176,27.7,20.7,27.8,24.7,21.2,20.1,77,64,66,236,0.0,0.0,N,PA,OBIDOS,A232,-1.880789,-55.519856,89.64
1384,2019-08-19,16:00,0.0,1003.5,1004.4,1003.5,2641,33.1,21.1,34.9,32.6,22.4,18.4,52,39,49,236,0.0,0.0,N,PA,OBIDOS,A232,-1.880789,-55.519856,89.64
1385,2019-08-19,20:00,0.0,1000.5,1001.0,1000.5,1698,32.9,19.4,34.5,32.9,19.8,18.8,45,40,45,236,0.0,0.0,N,PA,OBIDOS,A232,-1.880789,-55.519856,89.64
1386,2019-08-20,00:00,0.0,1002.0,1002.0,1001.0,-9999,25.9,21.1,26.3,25.0,21.3,20.2,76,73,75,236,0.0,0.0,N,PA,OBIDOS,A232,-1.880789,-55.519856,89.64
1387,2019-08-20,04:00,0.0,1003.2,1003.4,1003.2,-9999,22.4,19.8,23.3,22.4,20.1,19.7,86,80,85,236,0.0,0.0,N,PA,OBIDOS,A232,-1.880789,-55.519856,89.64
1388,2019-08-20,08:00,0.0,1002.4,1002.4,1002.2,-9999,22.1,19.8,22.4,21.7,19.9,19.7,89,86,87,236,0.0,0.0,N,PA,OBIDOS,A232,-1.880789,-55.519856,89.64
1389,2019-08-20,12:00,0.0,1004.7,1004.7,1003.9,1161,28.2,21.3,28.2,24.8,21.3,20.1,76,66,66,236,0.0,0.0,N,PA,OBIDOS,A232,-1.880789,-55.519856,89.64
1390,2019-08-20,16:00,0.0,1003.8,1004.5,1003.8,2726,33.1,22.0,35.6,32.8,23.0,19.2,54,42,52,236,0.0,0.0,N,PA,OBIDOS,A232,-1.880789,-55.519856,89.64
1391,2019-08-20,20:00,0.0,1000.9,1001.1,1000.8,1699,32.5,21.7,33.9,32.5,22.3,20.9,53,49,53,236,0.0,0.0,N,PA,OBIDOS,A232,-1.880789,-55.519856,89.64
1392,2019-08-21,00:00,0.0,1003.1,1003.1,1002.2,-9999,24.4,20.6,25.1,24.4,21.2,20.5,81,78,79,236,0.0,0.0,N,PA,OBIDOS,A232,-1.880789,-55.519856,89.64
1393,2019-08-21,04:00,0.0,1003.7,1004.3,1003.7,-9999,22.6,20.7,24.5,22.6,20.9,20.7,89,81,89,236,0.0,0.0,N,PA,OBIDOS,A232,-1.880789,-55.519856,89.64
1394,2019-08-21,08:00,0.0,1003.1,1003.1,1002.7,-9999,21.5,20.3,22.2,21.5,20.6,20.3,93,91,93,236,0.0,0.0,N,PA,OBIDOS,A232,-1.880789,-55.519856,89.64
1395,2019-08-21,12:00,0.0,1005.3,1005.3,1004.3,1136,27.9,21.1,27.9,24.7,21.3,20.7,78,67,67,236,0.0,0.0,N,PA,OBIDOS,A232,-1.880789,-55.519856,89.64
1396,2019-08-21,16:00,0.0,1004.2,1005.1,1004.2,2385,34.0,22.0,34.2,32.3,22.5,20.0,51,45,50,236,0.0,0.0,N,PA,OBIDOS,A232,-1.880789,-55.519856,89.64
1397,2019-08-21,20:00,0.0,1000.9,1001.5,1000.9,616,30.2,22.5,33.6,30.1,23.3,21.8,65,54,64,236,0.0,0.0,N,PA,OBIDOS,A232,-1.880789,-55.519856,89.64
1398,2019-08-22,00:00,0.0,1003.0,1003.0,1002.2,-9999,24.5,22.2,25.2,24.5,22.3,22.2,87,84,87,236,0.0,0.0,N,PA,OBIDOS,A232,-1.880789,-55.519856,89.64
1399,2019-08-22,04:00,0.0,1003.7,1004.1,1003.7,-9999,22.8,21.0,23.0,22.7,21.0,20.8,90,88,90,236,0.0,0.0,N,PA,OBIDOS,A232,-1.880789,-55.519856,89.64
1400,2019-08-22,08:00,0.0,1002.8,1002.9,1002.7,-9999,21.7,20.5,22.1,21.6,20.6,20.4,93,91,93,236,0.0,0.0,N,PA,OBIDOS,A232,-1.880789,-55.519856,89.64
1401,2019-08-22,12:00,0.0,1005.1,1005.1,1004.3,1133,28.1,21.6,28.1,25.1,21.9,21.3,81,68,68,236,0.0,0.0,N,PA,OBIDOS,A232,-1.880789,-55.519856,89.64
1402,2019-08-22,16:00,0.0,1003.9,1004.7,1003.9,2580,33.3,22.4,34.7,32.0,23.0,20.0,53,44,53,236,0.0,0.0,N,PA,OBIDOS,A232,-1.880789,-55.519856,89.64
1403,2019-08-22,20:00,0.0,1001.6,1001.9,1001.6,1625,32.2,22.3,33.1,32.1,22.4,21.8,56,53,56,236,0.0,0.0,N,PA,OBIDOS,A232,-1.880789,-55.519856,89.64
1404,2019-08-23,00:00,0.0,1003.2,1003.2,1002.6,-9999,24.1,21.8,25.0,24.1,22.2,21.8,87,84,87,236,0.0,0.0,N,PA,OBIDOS,A232,-1.880789,-55.519856,89.64
1405,2019-08-23,04:00,0.0,1004.5,1004.9,1004.5,-9999,22.1,20.4,22.7,22.1,20.7,20.4,90,88,90,236,0.0,0.0,N,PA,OBIDOS,A232,-1.880789,-55.519856,89.64
1406,2019-08-23,08:00,0.0,1003.5,1003.5,1003.3,-9999,22.0,20.5,22.1,21.8,20.7,20.4,92,91,91,236,0.0,0.0,N,PA,OBIDOS,A232,-1.880789,-55.519856,89.64
1407,2019-08-23,12:00,0.0,1005.8,1005.8,1005.2,1137,28.6,21.7,28.6,24.9,21.9,20.7,77,65,67,236,0.0,0.0,N,PA,OBIDOS,A232,-1.880789,-55.519856,89.64
1408,2019-08-23,16:00,0.0,1004.7,1005.4,1004.7,2339,34.4,23.1,35.2,32.5,23.2,19.8,54,43,52,236,0.0,0.0,N,PA,OBIDOS,A232,-1.880789,-55.519856,89.64
1409,2019-08-23,20:00,0.0,1001.0,1001.7,1001.0,1655,33.2,20.1,34.2,32.7,21.3,19.5,50,44,46,236,0.0,0.0,N,PA,OBIDOS,A232,-1.880789,-55.519856,89.64
1410,2019-08-24,00:00,0.0,1003.6,1003.6,1002.4,-9999,24.5,21.2,25.3,24.5,21.2,20.0,82,73,82,236,0.0,0.0,N,PA,OBIDOS,A232,-1.880789,-55.519856,89.64
1411,2019-08-24,04:00,0.0,1004.3,1005.0,1004.3,-9999,22.2,20.0,22.8,22.1,20.0,19.6,88,83,87,236,0.0,0.0,N,PA,OBIDOS,A232,-1.880789,-55.519856,89.64
1412,2019-08-24,08:00,0.0,1003.6,1003.6,1003.3,-9999,21.5,19.9,21.6,21.3,19.9,19.6,91,89,91,236,0.0,0.0,N,PA,OBIDOS,A232,-1.880789,-55.519856,89.64
1413,2019-08-24,12:00,0.0,1004.8,1005.1,1004.6,1169,27.4,21.1,27.5,24.9,21.4,20.3,78,67,68,236,0.0,0.0,N,PA,OBIDOS,A232,-1.880789,-55.519856,89.64
1414,2019-08-24,16:00,0.0,1003.7,1004.5,1003.7,2826,33.9,22.0,34.5,31.6,22.9,21.3,57,49,50,236,0.0,0.0,N,PA,OBIDOS,A232,-1.880789,-55.519856,89.64
1415,2019-08-24,20:00,0.0,1001.0,1001.1,1000.9,1611,32.5,21.6,33.6,32.3,21.6,20.6,53,46,53,236,0.0,0.0,N,PA,OBIDOS,A232,-1.880789,-55.519856,89.64
1416,2019-08-25,00:00,0.0,1002.8,1002.8,1002.1,-9999,24.8,21.2,26.6,24.8,23.2,21.2,82,78,80,236,0.0,0.0,N,PA,OBIDOS,A232,-1.880789,-55.519856,89.64
1417,2019-08-25,04:00,0.0,1003.6,1004.0,1003.6,-9999,22.4,20.8,23.1,22.4,20.8,20.5,90,86,90,236,0.0,0.0,N,PA,OBIDOS,A232,-1.880789,-55.519856,89.64
1418,2019-08-25,08:00,0.0,1002.3,1002.3,1001.9,-9999,22.3,20.7,22.6,22.2,21.0,20.7,91,90,91,236,0.0,0.0,N,PA,OBIDOS,A232,-1.880789,-55.519856,89.64
1419,2019-08-25,12:00,0.0,1004.9,1004.9,1004.3,968,27.6,21.3,27.6,24.9,21.9,21.0,81,68,68,236,0.0,0.0,N,PA,OBIDOS,A232,-1.880789,-55.519856,89.64
1420,2019-08-25,16:00,0.0,1003.0,1004.0,1003.0,2658,34.1,20.3,34.9,31.9,21.4,18.9,52,41,45,236,0.0,0.0,N,PA,OBIDOS,A232,-1.880789,-55.519856,89.64
1421,2019-08-25,20:00,0.0,1000.9,1001.0,1000.6,883,27.4,18.6,33.4,27.4,22.8,18.4,59,51,59,236,0.0,0.0,N,PA,OBIDOS,A232,-1.880789,-55.519856,89.64
1422,2019-08-26,00:00,0.0,1001.9,1001.9,1001.2,-9999,24.8,21.1,24.9,24.2,21.8,21.0,84,80,80,236,0.0,0.0,N,PA,OBIDOS,A232,-1.880789,-55.519856,89.64
1423,2019-08-26,04:00,0.0,1002.7,1003.1,1002.7,-9999,21.9,20.5,22.2,21.9,20.7,20.5,92,91,92,236,0.0,0.0,N,PA,OBIDOS,A232,-1.880789,-55.519856,89.64
1424,2019-08-26,08:00,0.0,1002.4,1002.5,1002.0,-9999,21.5,20.5,21.7,21.4,20.6,20.3,94,94,94,236,0.0,0.0,N,PA,OBIDOS,A232,-1.880789,-55.519856,89.64
1425,2019-08-26,12:00,0.0,1004.7,1004.7,1003.8,1249,27.6,21.3,27.8,25.1,21.5,21.0,79,68,69,236,0.0,0.0,N,PA,OBIDOS,A232,-1.880789,-55.519856,89.64
1426,2019-08-26,16:00,0.0,1003.2,1004.1,1003.2,2488,33.0,18.1,34.8,32.1,21.9,17.6,53,38,41,236,0.0,0.0,N,PA,OBIDOS,A232,-1.880789,-55.519856,89.64
1427,2019-08-26,20:00,0.0,1000.8,1001.1,1000.7,1598,32.2,21.5,33.1,31.8,21.5,19.1,54,45,54,236,0.0,0.0,N,PA,OBIDOS,A232,-1.880789,-55.519856,89.64
1428,2019-08-27,00:00,0.0,1002.4,1002.4,1001.6,-9999,24.0,20.7,24.8,23.9,20.8,20.5,82,78,82,236,0.0,0.0,N,PA,OBIDOS,A232,-1.880789,-55.519856,89.64
1429,2019-08-27,04:00,0.0,1003.0,1003.4,1003.0,-9999,21.7,20.2,23.0,21.7,20.6,20.1,91,86,91,236,0.0,0.0,N,PA,OBIDOS,A232,-1.880789,-55.519856,89.64
1430,2019-08-27,08:00,0.0,1002.3,1002.3,1002.0,-9999,21.5,20.3,21.6,20.7,20.4,19.7,94,93,93,236,0.0,0.0,N,PA,OBIDOS,A232,-1.880789,-55.519856,89.64
1431,2019-08-27,12:00,0.0,1004.7,1004.7,1004.1,1165,28.2,21.2,28.3,24.9,22.0,20.9,79,66,66,236,0.0,0.0,N,PA,OBIDOS,A232,-1.880789,-55.519856,89.64
1432,2019-08-27,16:00,0.0,1003.1,1004.1,1003.1,3235,36.1,20.7,36.1,33.8,21.5,18.2,45,36,41,236,0.0,0.0,N,PA,OBIDOS,A232,-1.880789,-55.519856,89.64
1433,2019-08-27,20:00,0.0,1000.6,1001.0,1000.6,1608,32.4,21.7,34.1,32.4,22.2,21.3,54,48,53,236,0.0,0.0,N,PA,OBIDOS,A232,-1.880789,-55.519856,89.64
1434,2019-08-28,00:00,0.0,1002.1,1002.2,1001.4,-9999,25.6,22.8,27.6,25.6,23.3,22.6,85,76,85,236,0.0,0.0,N,PA,OBIDOS,A232,-1.880789,-55.519856,89.64
1435,2019-08-28,04:00,0.0,1002.3,1002.9,1002.3,-9999,23.0,20.9,23.4,22.9,20.9,20.8,88,86,88,236,0.0,0.0,N,PA,OBIDOS,A232,-1.880789,-55.519856,89.64
1436,2019-08-28,08:00,0.0,1002.3,1002.3,1002.2,-9999,21.9,20.7,22.2,21.8,20.9,20.7,93,92,93,236,0.0,0.0,N,PA,OBIDOS,A232,-1.880789,-55.519856,89.64
1437,2019-08-28,12:00,0.0,1004.6,1004.6,1003.9,1202,28.2,20.7,28.2,25.1,21.3,20.7,79,64,64,236,0.0,0.0,N,PA,OBIDOS,A232,-1.880789,-55.519856,89.64
1438,2019-08-28,16:00,0.0,1003.4,1004.5,1003.4,2583,36.1,21.6,36.2,32.7,22.1,19.4,53,39,43,236,0.0,0.0,N,PA,OBIDOS,A232,-1.880789,-55.519856,89.64
1439,2019-08-28,20:00,0.0,1000.3,1000.3,999.7,932,30.9,22.3,33.9,30.8,23.1,21.8,62,50,60,236,0.0,0.0,N,PA,OBIDOS,A232,-1.880789,-55.519856,89.64
1440,2019-08-29,00:00,0.0,1001.9,1001.9,1001.3,-9999,23.6,20.8,24.6,23.6,20.9,20.8,84,80,84,236,0.0,0.0,N,PA,OBIDOS,A232,-1.880789,-55.519856,89.64
1441,2019-08-29,04:00,0.0,1001.9,1002.8,1001.9,-9999,22.2,20.3,22.8,22.2,20.5,20.3,89,87,89,236,0.0,0.0,N,PA,OBIDOS,A232,-1.880789,-55.519856,89.64
1442,2019-08-29,08:00,0.0,1001.2,1001.3,1001.2,-9999,21.8,20.2,22.0,21.4,20.2,20.0,92,89,91,236,0.0,0.0,N,PA,OBIDOS,A232,-1.880789,-55.519856,89.64
1443,2019-08-29,12:00,0.0,1003.8,1003.8,1002.9,1177,28.5,21.1,28.6,24.9,21.6,20.8,78,64,64,236,0.0,0.0,N,PA,OBIDOS,A232,-1.880789,-55.519856,89.64
1444,2019-08-29,16:00,0.0,1002.5,1003.5,1002.5,2348,35.1,22.1,35.1,32.1,22.5,20.4,54,45,47,236,0.0,0.0,N,PA,OBIDOS,A232,-1.880789,-55.519856,89.64
1445,2019-08-29,20:00,0.0,999.4,1000.2,999.4,1711,32.7,21.9,32.7,31.0,21.9,19.6,54,49,53,236,0.0,0.0,N,PA,OBIDOS,A232,-1.880789,-55.519856,89.64
1446,2019-08-30,00:00,0.0,1001.2,1001.2,1000.4,-9999,24.9,22.9,25.1,24.9,22.9,21.6,89,81,89,236,0.0,0.0,N,PA,OBIDOS,A232,-1.880789,-55.519856,89.64
1447,2019-08-30,04:00,0.0,1002.6,1003.0,1002.6,-9999,22.8,21.6,23.1,22.7,21.8,21.4,93,92,93,236,0.0,0.0,N,PA,OBIDOS,A232,-1.880789,-55.519856,89.64
1448,2019-08-30,08:00,0.0,1001.6,1001.6,1001.3,-9999,22.6,21.1,23.0,22.6,21.5,21.1,93,90,91,236,0.0,0.0,N,PA,OBIDOS,A232,-1.880789,-55.519856,89.64
1449,2019-08-30,12:00,0.0,1003.9,1003.9,1003.1,1089,27.8,21.3,27.8,25.2,21.7,21.0,80,67,68,236,0.0,0.0,N,PA,OBIDOS,A232,-1.880789,-55.519856,89.64
1450,2019-08-30,16:00,0.0,1003.2,1004.2,1003.2,3037,34.0,20.7,34.8,32.0,21.9,20.6,53,45,46,236,0.0,0.0,N,PA,OBIDOS,A232,-1.880789,-55.519856,89.64
1451,2019-08-30,20:00,0.4,999.6,1000.8,999.6,904,25.8,23.9,26.1,21.2,25.1,20.1,95,87,89,236,0.0,0.0,N,PA,OBIDOS,A232,-1.880789,-55.519856,89.64
1452,2019-08-31,00:00,0.0,1001.4,1001.4,1000.8,-9999,23.6,22.1,24.1,23.4,22.3,22.0,93,89,91,236,0.0,0.0,N,PA,OBIDOS,A232,-1.880789,-55.519856,89.64
1453,2019-08-31,04:00,0.0,1002.2,1002.6,1002.2,-9999,22.8,21.8,23.0,22.8,22.0,21.8,94,94,94,236,0.0,0.0,N,PA,OBIDOS,A232,-1.880789,-55.519856,89.64
1454,2019-08-31,08:00,0.0,1001.6,1001.6,1001.3,-9999,22.2,21.1,22.8,22.2,21.4,21.1,93,92,93,236,0.0,0.0,N,PA,OBIDOS,A232,-1.880789,-55.519856,89.64
1455,2019-08-31,12:00,0.0,1003.5,1003.5,1002.7,1197,27.6,21.6,27.6,24.6,22.2,21.0,83,70,70,236,0.0,0.0,N,PA,OBIDOS,A232,-1.880789,-55.519856,89.64
1456,2019-08-31,16:00,0.0,1002.9,1003.7,1002.9,2749,32.4,21.6,33.3,31.7,22.9,21.1,60,50,53,236,0.0,0.0,N,PA,OBIDOS,A232,-1.880789,-55.519856,89.64
1457,2019-08-31,20:00,0.0,999.3,1000.0,999.3,1683,31.7,23.2,33.0,31.7,23.6,22.6,62,56,61,236,0.0,0.0,N,PA,OBIDOS,A232,-1.880789,-55.519856,89.64
1458,2019-09-01,00:00,0.0,1000.7,1000.7,1000.1,-9999,25.9,22.7,26.6,25.6,23.0,22.6,85,80,82,236,0.0,0.0,N,PA,OBIDOS,A232,-1.880789,-55.519856,89.64
1459,2019-09-01,04:00,0.0,1001.5,1002.2,1001.5,-9999,24.5,22.3,24.8,23.8,22.7,22.3,93,87,87,236,0.0,0.0,N,PA,OBIDOS,A232,-1.880789,-55.519856,89.64
1460,2019-09-01,08:00,0.0,1000.6,1000.6,1000.2,-9999,23.5,21.8,23.6,22.7,21.9,21.6,93,90,90,236,0.0,0.0,N,PA,OBIDOS,A232,-1.880789,-55.519856,89.64
1461,2019-09-01,12:00,0.0,1003.1,1003.1,1002.3,1082,28.0,22.0,28.0,25.7,22.4,21.6,80,70,70,236,0.0,0.0,N,PA,OBIDOS,A232,-1.880789,-55.519856,89.64
1462,2019-09-01,16:00,0.0,1001.7,1002.7,1001.7,2497,33.4,23.8,35.1,31.8,24.0,20.8,61,46,58,236,0.0,0.0,N,PA,OBIDOS,A232,-1.880789,-55.519856,89.64
1463,2019-09-01,20:00,0.0,998.8,999.6,998.8,1641,32.1,22.3,33.5,32.0,23.2,22.0,57,51,56,236,0.0,0.0,N,PA,OBIDOS,A232,-1.880789,-55.519856,89.64
1464,2019-09-02,00:00,0.0,999.8,999.8,999.3,-9999,26.7,22.7,27.1,26.1,23.1,22.4,82,77,78,236,0.0,0.0,N,PA,OBIDOS,A232,-1.880789,-55.519856,89.64
1465,2019-09-02,04:00,0.0,1001.0,1001.4,1001.0,-9999,24.3,21.9,24.9,24.0,22.5,21.8,91,84,86,236,0.0,0.0,N,PA,OBIDOS,A232,-1.880789,-55.519856,89.64
1466,2019-09-02,08:00,0.0,999.6,999.6,999.3,-9999,22.6,21.2,23.4,22.4,21.4,21.0,92,88,92,236,0.0,0.0,N,PA,OBIDOS,A232,-1.880789,-55.519856,89.64
1467,2019-09-02,12:00,0.0,1002.0,1002.0,1001.3,1287,28.5,21.7,28.5,25.6,22.2,21.4,78,67,67,236,0.0,0.0,N,PA,OBIDOS,A232,-1.880789,-55.519856,89.64
1468,2019-09-02,16:00,0.0,1000.6,1001.6,1000.5,2921,35.6,22.4,35.6,32.5,22.6,20.3,52,44,47,236,0.0,0.0,N,PA,OBIDOS,A232,-1.880789,-55.519856,89.64
1469,2019-09-02,20:00,0.0,997.3,997.9,997.2,1518,32.6,21.9,34.2,31.6,23.4,21.9,60,53,54,236,0.0,0.0,N,PA,OBIDOS,A232,-1.880789,-55.519856,89.64
1470,2019-09-03,00:00,0.0,998.9,999.0,998.3,-9999,26.8,23.0,27.5,26.6,23.5,22.8,80,77,80,236,0.0,0.0,N,PA,OBIDOS,A232,-1.880789,-55.519856,89.64
1471,2019-09-03,04:00,0.0,1000.0,1000.3,999.9,-9999,24.2,22.1,24.6,24.1,22.5,22.1,90,88,88,236,0.0,0.0,N,PA,OBIDOS,A232,-1.880789,-55.519856,89.64
1472,2019-09-03,08:00,0.0,999.5,999.5,999.2,-9999,22.4,21.1,23.1,22.4,21.5,21.1,92,90,92,236,0.0,0.0,N,PA,OBIDOS,A232,-1.880789,-55.519856,89.64
1473,2019-09-03,12:00,0.0,1002.3,1002.3,1001.2,1255,28.9,22.3,28.9,25.8,22.3,21.7,79,66,68,236,0.0,0.0,N,PA,OBIDOS,A232,-1.880789,-55.519856,89.64
1474,2019-09-03,16:00,0.0,1002.0,1002.7,1002.0,2975,34.3,23.2,34.9,32.7,24.1,22.2,58,50,53,236,0.0,0.0,N,PA,OBIDOS,A232,-1.880789,-55.519856,89.64
1475,2019-09-03,20:00,0.0,998.1,998.8,998.0,1626,32.1,22.5,33.7,32.1,23.5,22.1,59,53,57,236,0.0,0.0,N,PA,OBIDOS,A232,-1.880789,-55.519856,89.64
1476,2019-09-04,00:00,0.0,1000.3,1000.3,999.6,-9999,27.1,23.1,27.2,26.2,23.3,23.1,83,79,79,236,0.0,0.0,N,PA,OBIDOS,A232,-1.880789,-55.519856,89.64
1477,2019-09-04,04:00,0.0,1001.0,1001.7,1001.0,-9999,23.4,21.6,24.7,23.4,22.0,21.6,90,85,90,236,0.0,0.0,N,PA,OBIDOS,A232,-1.880789,-55.519856,89.64
1478,2019-09-04,08:00,0.0,1000.9,1000.9,1000.7,-9999,22.6,21.1,23.5,22.6,21.3,21.0,91,87,91,236,0.0,0.0,N,PA,OBIDOS,A232,-1.880789,-55.519856,89.64
1479,2019-09-04,12:00,0.0,1004.3,1004.3,1003.3,1040,28.4,22.1,28.4,24.9,22.5,21.6,83,69,69,236,0.0,0.0,N,PA,OBIDOS,A232,-1.880789,-55.519856,89.64
1480,2019-09-04,16:00,0.0,1003.4,1004.4,1003.4,1871,32.8,22.0,34.0,31.5,23.1,21.7,59,49,53,236,0.0,0.0,N,PA,OBIDOS,A232,-1.880789,-55.519856,89.64
1481,2019-09-04,20:00,0.0,1000.0,1000.3,999.8,1212,32.7,23.2,33.6,31.3,23.5,22.4,62,54,57,236,0.0,0.0,N,PA,OBIDOS,A232,-1.880789,-55.519856,89.64
1482,2019-09-05,00:00,0.0,1002.3,1002.3,1000.8,-9999,26.5,24.1,26.7,26.4,24.1,23.9,87,85,87,236,0.0,0.0,N,PA,OBIDOS,A232,-1.880789,-55.519856,89.64
1483,2019-09-05,04:00,0.0,1002.6,1003.1,1002.6,-9999,24.5,22.3,25.6,24.5,23.2,22.3,88,87,88,236,0.0,0.0,N,PA,OBIDOS,A232,-1.880789,-55.519856,89.64
1484,2019-09-05,08:00,0.0,1002.2,1002.2,1001.8,-9999,22.4,21.3,22.6,22.4,21.3,21.2,93,92,93,236,0.0,0.0,N,PA,OBIDOS,A232,-1.880789,-55.519856,89.64
1485,2019-09-05,12:00,0.0,1004.8,1004.8,1004.4,1209,27.9,21.4,28.0,25.8,22.2,21.4,81,67,68,236,0.0,0.0,N,PA,OBIDOS,A232,-1.880789,-55.519856,89.64
1486,2019-09-05,16:00,0.0,1003.5,1004.4,1003.5,2631,32.7,21.1,33.3,31.3,21.8,20.4,56,49,51,236,0.0,0.0,N,PA,OBIDOS,A232,-1.880789,-55.519856,89.64
1487,2019-09-05,20:00,0.0,1000.7,1000.8,1000.5,1412,31.1,23.2,33.1,30.7,23.3,22.0,64,53,63,236,0.0,0.0,N,PA,OBIDOS,A232,-1.880789,-55.519856,89.64
1488,2019-09-06,00:00,0.0,1002.3,1002.3,1001.4,-9999,26.1,23.6,26.4,26.0,24.0,23.6,88,86,86,236,0.0,0.0,N,PA,OBIDOS,A232,-1.880789,-55.519856,89.64
1489,2019-09-06,04:00,0.0,1003.0,1003.7,1003.0,-9999,23.1,21.7,23.5,23.1,21.9,21.7,92,91,92,236,0.0,0.0,N,PA,OBIDOS,A232,-1.880789,-55.519856,89.64
1490,2019-09-06,08:00,0.0,1002.6,1002.6,1001.8,-9999,21.9,20.8,22.6,21.9,21.2,20.8,93,92,93,236,0.0,0.0,N,PA,OBIDOS,A232,-1.880789,-55.519856,89.64
1491,2019-09-06,12:00,0.0,1004.4,1004.4,1004.0,1258,28.4,21.8,28.6,25.2,22.7,21.7,82,67,68,236,0.0,0.0,N,PA,OBIDOS,A232,-1.880789,-55.519856,89.64
1492,2019-09-06,16:00,0.0,1002.8,1003.8,1002.8,3176,34.8,19.0,35.0,33.4,19.4,15.4,41,33,39,236,0.0,0.0,N,PA,OBIDOS,A232,-1.880789,-55.519856,89.64
1493,2019-09-06,20:00,0.0,1000.5,1000.7,1000.4,1533,32.5,20.7,33.9,32.5,21.3,20.0,50,45,50,236,0.0,0.0,N,PA,OBIDOS,A232,-1.880789,-55.519856,89.64
1494,2019-09-07,00:00,0.0,1002.0,1002.0,1001.2,-9999,25.6,21.9,26.1,25.4,22.0,21.7,81,78,80,236,0.0,0.0,N,PA,OBIDOS,A232,-1.880789,-55.519856,89.64
1495,2019-09-07,04:00,0.0,1002.9,1003.1,1002.9,-9999,26.2,21.5,26.6,26.2,21.5,21.3,75,73,75,236,0.0,0.0,N,PA,OBIDOS,A232,-1.880789,-55.519856,89.64
1496,2019-09-07,08:00,0.0,1003.0,1003.0,1002.3,-9999,23.5,21.5,23.6,23.1,21.6,21.3,90,88,88,236,0.0,0.0,N,PA,OBIDOS,A232,-1.880789,-55.519856,89.64
1497,2019-09-07,12:00,0.0,1005.4,1005.5,1005.1,737,26.7,23.0,26.7,24.1,23.0,21.8,91,76,80,236,0.0,0.0,N,PA,OBIDOS,A232,-1.880789,-55.519856,89.64
1498,2019-09-07,16:00,0.0,1003.9,1005.1,1003.9,2666,33.4,21.9,33.8,31.7,22.6,20.0,55,46,51,236,0.0,0.0,N,PA,OBIDOS,A232,-1.880789,-55.519856,89.64
1499,2019-09-07,20:00,0.0,1000.5,1001.0,1000.4,1666,32.3,21.0,33.6,32.2,21.6,20.2,51,48,51,236,0.0,0.0,N,PA,OBIDOS,A232,-1.880789,-55.519856,89.64
1500,2019-09-08,00:00,0.0,1003.1,1003.1,1002.3,-9999,25.5,22.6,26.0,25.5,22.8,22.5,84,82,84,236,0.0,0.0,N,PA,OBIDOS,A232,-1.880789,-55.519856,89.64
1501,2019-09-08,04:00,0.0,1003.6,1004.1,1003.6,-9999,24.0,22.2,24.0,23.6,22.2,21.8,90,89,90,236,0.0,0.0,N,PA,OBIDOS,A232,-1.880789,-55.519856,89.64
1502,2019-09-08,08:00,0.0,1003.6,1003.7,1003.4,-9999,23.8,22.0,23.9,23.2,22.0,21.6,91,88,90,236,0.0,0.0,N,PA,OBIDOS,A232,-1.880789,-55.519856,89.64
1503,2019-09-08,12:00,0.0,1006.5,1006.5,1005.8,1048,28.5,20.7,28.6,26.2,21.9,20.7,75,62,63,236,0.0,0.0,N,PA,OBIDOS,A232,-1.880789,-55.519856,89.64
1504,2019-09-08,16:00,0.0,1005.2,1006.2,1005.2,2741,34.1,22.0,35.3,32.0,22.7,21.2,56,45,49,236,0.0,0.0,N,PA,OBIDOS,A232,-1.880789,-55.519856,89.64
1505,2019-09-08,20:00,0.0,1001.5,1002.3,1001.5,170,26.0,21.5,30.8,25.9,22.3,21.4,76,59,76,236,0.0,0.0,N,PA,OBIDOS,A232,-1.880789,-55.519856,89.64
1506,2019-09-09,00:00,0.0,1003.9,1003.9,1003.1,-9999,24.0,21.7,25.1,24.0,21.8,21.5,87,81,87,236,0.0,0.0,N,PA,OBIDOS,A232,-1.880789,-55.519856,89.64
1507,2019-09-09,04:00,0.0,1004.1,1004.8,1004.1,-9999,24.0,21.1,24.4,24.0,21.2,21.0,84,82,84,236,0.0,0.0,N,PA,OBIDOS,A232,-1.880789,-55.519856,89.64
1508,2019-09-09,08:00,0.0,1003.1,1003.3,1003.0,-9999,23.3,21.3,23.5,22.6,21.5,21.1,92,88,88,236,0.0,0.0,N,PA,OBIDOS,A232,-1.880789,-55.519856,89.64
1509,2019-09-09,12:00,0.0,1005.3,1005.3,1004.8,1159,28.4,21.1,28.4,25.8,21.2,20.3,76,64,64,236,0.0,0.0,N,PA,OBIDOS,A232,-1.880789,-55.519856,89.64
1510,2019-09-09,16:00,0.0,1003.5,1004.7,1003.5,2012,33.0,22.2,34.5,32.2,22.8,21.0,55,46,53,236,0.0,0.0,N,PA,OBIDOS,A232,-1.880789,-55.519856,89.64
1511,2019-09-09,20:00,0.0,1000.2,1000.8,1000.1,1546,32.7,21.2,34.5,32.7,21.8,18.9,52,40,51,236,0.0,0.0,N,PA,OBIDOS,A232,-1.880789,-55.519856,89.64
1512,2019-09-10,00:00,0.0,1002.1,1002.1,1001.2,-9999,26.1,22.4,26.2,25.6,22.5,22.2,82,80,81,236,0.0,0.0,N,PA,OBIDOS,A232,-1.880789,-55.519856,89.64
1513,2019-09-10,04:00,0.0,1002.4,1003.1,1002.4,-9999,24.1,21.8,25.1,24.1,22.1,21.8,87,83,87,236,0.0,0.0,N,PA,OBIDOS,A232,-1.880789,-55.519856,89.64
1514,2019-09-10,08:00,0.0,1002.0,1002.1,1001.6,-9999,22.5,21.1,23.0,22.4,21.3,21.0,92,90,92,236,0.0,0.0,N,PA,OBIDOS,A232,-1.880789,-55.519856,89.64
1515,2019-09-10,12:00,0.0,1004.3,1004.3,1003.8,1114,29.0,22.0,29.0,25.7,22.1,21.3,77,66,66,236,0.0,0.0,N,PA,OBIDOS,A232,-1.880789,-55.519856,89.64
1516,2019-09-10,16:00,0.0,1002.1,1002.8,1002.1,2437,32.6,22.2,35.3,32.6,22.9,20.2,55,42,54,236,0.0,0.0,N,PA,OBIDOS,A232,-1.880789,-55.519856,89.64
1517,2019-09-10,20:00,0.0,999.5,1000.0,999.5,1533,31.7,23.3,33.5,31.5,23.4,22.4,61,53,61,236,0.0,0.0,N,PA,OBIDOS,A232,-1.880789,-55.519856,89.64
1518,2019-09-11,00:00,0.0,1000.5,1000.6,1000.3,-9999,24.4,19.8,25.1,24.1,20.4,19.0,76,70,76,236,0.0,0.0,N,PA,OBIDOS,A232,-1.880789,-55.519856,89.64
1519,2019-09-11,04:00,0.0,1000.7,1001.4,1000.7,-9999,22.9,20.7,23.3,22.7,21.0,20.7,89,87,88,236,0.0,0.0,N,PA,OBIDOS,A232,-1.880789,-55.519856,89.64
1520,2019-09-11,08:00,0.0,1000.6,1000.6,1000.3,-9999,22.2,21.1,22.5,22.2,21.2,21.0,93,92,93,236,0.0,0.0,N,PA,OBIDOS,A232,-1.880789,-55.519856,89.64
1521,2019-09-11,12:00,0.0,1003.2,1003.3,1002.8,1143,29.0,22.3,29.0,26.1,22.5,21.6,77,66,67,236,0.0,0.0,N,PA,OBIDOS,A232,-1.880789,-55.519856,89.64
1522,2019-09-11,16:00,0.0,1000.9,1002.3,1000.9,3248,35.0,22.0,35.9,32.7,22.5,19.8,50,42,47,236,0.0,0.0,N,PA,OBIDOS,A232,-1.880789,-55.519856,89.64
1523,2019-09-11,20:00,0.0,998.3,998.5,998.3,1608,32.7,22.3,33.9,32.4,22.3,21.4,55,49,54,236,0.0,0.0,N,PA,OBIDOS,A232,-1.880789,-55.519856,89.64
1524,2019-09-12,00:00,0.0,999.7,999.8,999.3,-9999,28.0,21.8,28.2,27.9,21.8,21.2,69,66,69,236,0.0,0.0,N,PA,OBIDOS,A232,-1.880789,-55.519856,89.64
1525,2019-09-12,04:00,0.0,999.7,1000.6,999.7,-9999,24.1,21.6,25.0,24.1,21.9,21.6,86,83,86,236,0.0,0.0,N,PA,OBIDOS,A232,-1.880789,-55.519856,89.64
1526,2019-09-12,08:00,0.0,999.7,999.8,999.4,-9999,22.3,21.1,22.7,22.3,21.4,21.1,93,92,93,236,0.0,0.0,N,PA,OBIDOS,A232,-1.880789,-55.519856,89.64
1527,2019-09-12,12:00,0.0,1002.1,1002.1,1001.8,1190,28.4,21.6,28.5,25.8,22.2,21.5,80,66,67,236,0.0,0.0,N,PA,OBIDOS,A232,-1.880789,-55.519856,89.64
1528,2019-09-12,16:00,0.0,1001.1,1002.1,1001.1,3281,35.0,20.1,36.0,34.0,20.8,18.0,44,37,42,236,0.0,0.0,N,PA,OBIDOS,A232,-1.880789,-55.519856,89.64
1529,2019-09-12,20:00,0.0,998.4,998.5,998.2,1651,32.6,21.3,34.1,32.4,21.6,20.7,52,47,51,236,0.0,0.0,N,PA,OBIDOS,A232,-1.880789,-55.519856,89.64
1530,2019-09-13,00:00,0.0,1000.0,1000.0,999.2,-9999,28.2,21.4,28.2,26.8,22.0,21.4,75,67,67,236,0.0,0.0,N,PA,OBIDOS,A232,-1.880789,-55.519856,89.64
1531,2019-09-13,04:00,0.0,1000.3,1000.9,1000.3,-9999,26.5,20.4,26.8,26.4,20.9,20.4,71,69,69,236,0.0,0.0,N,PA,OBIDOS,A232,-1.880789,-55.519856,89.64
1532,2019-09-13,08:00,0.0,1000.3,1000.4,1000.3,-9999,22.2,20.6,22.5,22.2,20.7,20.5,91,89,91,236,0.0,0.0,N,PA,OBIDOS,A232,-1.880789,-55.519856,89.64
1533,2019-09-13,12:00,0.0,1003.3,1003.3,1002.6,1169,28.5,19.7,28.6,26.0,20.8,19.7,72,59,59,236,0.0,0.0,N,PA,OBIDOS,A232,-1.880789,-55.519856,89.64
1534,2019-09-13,16:00,0.0,1001.8,1003.0,1001.8,3074,35.1,20.4,35.7,33.8,21.7,19.1,47,39,42,236,0.0,0.0,N,PA,OBIDOS,A232,-1.880789,-55.519856,89.64
1535,2019-09-13,20:00,0.0,999.2,999.2,999.0,1595,33.2,22.1,35.1,32.9,23.0,21.2,53,44,52,236,0.0,0.0,N,PA,OBIDOS,A232,-1.880789,-55.519856,89.64
1536,2019-09-14,00:00,0.0,1000.8,1000.8,999.9,-9999,27.0,22.6,27.6,26.9,22.7,22.2,77,73,77,236,0.0,0.0,N,PA,OBIDOS,A232,-1.880789,-55.519856,89.64
1537,2019-09-14,04:00,0.0,1000.9,1001.5,1000.9,-9999,23.4,21.3,23.8,23.4,21.4,21.2,88,87,88,236,0.0,0.0,N,PA,OBIDOS,A232,-1.880789,-55.519856,89.64
1538,2019-09-14,08:00,0.0,1000.4,1000.4,1000.3,-9999,22.8,21.0,22.9,22.7,21.1,21.0,90,90,90,236,0.0,0.0,N,PA,OBIDOS,A232,-1.880789,-55.519856,89.64
1539,2019-09-14,12:00,0.0,1003.0,1003.0,1002.5,1196,29.4,21.0,29.6,26.6,21.8,20.7,73,59,60,236,0.0,0.0,N,PA,OBIDOS,A232,-1.880789,-55.519856,89.64
1540,2019-09-14,16:00,0.0,1001.5,1002.7,1001.5,2622,35.7,19.0,36.1,33.2,20.2,18.1,44,36,38,236,0.0,0.0,N,PA,OBIDOS,A232,-1.880789,-55.519856,89.64
1541,2019-09-14,20:00,0.0,998.9,999.1,998.8,1601,32.9,21.4,34.3,32.9,21.9,20.7,51,47,51,236,0.0,0.0,N,PA,OBIDOS,A232,-1.880789,-55.519856,89.64
1542,2019-09-15,00:00,0.0,1000.4,1000.4,999.6,-9999,26.3,22.0,27.8,26.3,22.2,21.7,77,70,77,236,0.0,0.0,N,PA,OBIDOS,A232,-1.880789,-55.519856,89.64
1543,2019-09-15,04:00,0.0,1000.7,1001.6,1000.7,-9999,25.0,22.1,26.6,25.0,22.2,21.7,85,75,84,236,0.0,0.0,N,PA,OBIDOS,A232,-1.880789,-55.519856,89.64
1544,2019-09-15,08:00,0.0,1000.3,1000.4,1000.0,-9999,23.2,21.9,23.5,23.2,22.0,21.9,92,91,92,236,0.0,0.0,N,PA,OBIDOS,A232,-1.880789,-55.519856,89.64
1545,2019-09-15,12:00,0.0,1002.5,1002.5,1002.2,1132,30.0,21.3,30.0,26.7,22.3,21.1,77,60,60,236,0.0,0.0,N,PA,OBIDOS,A232,-1.880789,-55.519856,89.64
1546,2019-09-15,16:00,0.0,1000.8,1001.9,1000.8,2000,34.6,22.5,36.1,33.3,23.3,20.0,54,41,50,236,0.0,0.0,N,PA,OBIDOS,A232,-1.880789,-55.519856,89.64
1547,2019-09-15,20:00,0.0,997.4,997.9,997.4,1567,33.6,20.9,35.7,33.5,21.5,19.0,49,39,48,236,0.0,0.0,N,PA,OBIDOS,A232,-1.880789,-55.519856,89.64
1548,2019-09-16,00:00,0.0,998.9,998.9,998.2,-9999,26.2,22.8,27.2,26.2,22.9,22.7,82,77,82,236,0.0,0.0,N,PA,OBIDOS,A232,-1.880789,-55.519856,89.64
1549,2019-09-16,04:00,0.0,1000.1,1000.7,1000.1,-9999,25.0,22.5,25.8,24.8,22.6,22.4,87,82,86,236,0.0,0.0,N,PA,OBIDOS,A232,-1.880789,-55.519856,89.64
1550,2019-09-16,08:00,0.0,999.3,999.4,999.3,-9999,25.1,22.4,25.7,25.0,22.4,22.3,85,82,85,236,0.0,0.0,N,PA,OBIDOS,A232,-1.880789,-55.519856,89.64
1551,2019-09-16,12:00,0.0,1002.0,1002.0,1001.4,1206,30.0,22.8,30.0,27.0,23.0,22.3,76,65,65,236,0.0,0.0,N,PA,OBIDOS,A232,-1.880789,-55.519856,89.64
1552,2019-09-16,16:00,0.0,1000.7,1002.0,1000.7,2812,35.8,19.9,36.8,33.6,22.0,19.7,48,37,39,236,0.0,0.0,N,PA,OBIDOS,A232,-1.880789,-55.519856,89.64
1553,2019-09-16,20:00,0.0,997.1,997.5,997.1,1643,33.5,21.0,35.0,33.5,21.8,20.8,49,45,48,236,0.0,0.0,N,PA,OBIDOS,A232,-1.880789,-55.519856,89.64
1554,2019-09-17,00:00,0.0,998.7,998.8,998.6,-9999,26.1,22.2,26.7,26.1,22.4,22.2,79,77,79,236,0.0,0.0,N,PA,OBIDOS,A232,-1.880789,-55.519856,89.64
1555,2019-09-17,04:00,0.0,1000.1,1000.8,1000.1,-9999,24.0,22.1,24.7,24.0,22.3,22.1,89,86,89,236,0.0,0.0,N,PA,OBIDOS,A232,-1.880789,-55.519856,89.64
1556,2019-09-17,08:00,0.0,1000.0,1000.0,999.3,-9999,23.7,22.1,23.8,23.2,22.2,21.8,92,90,91,236,0.0,0.0,N,PA,OBIDOS,A232,-1.880789,-55.519856,89.64
1557,2019-09-17,12:00,0.0,1002.1,1002.1,1001.6,1157,30.1,21.8,30.1,26.9,22.2,21.5,74,61,61,236,0.0,0.0,N,PA,OBIDOS,A232,-1.880789,-55.519856,89.64
1558,2019-09-17,16:00,0.0,1001.2,1002.1,1001.1,3159,36.0,22.0,36.9,33.5,22.7,20.0,50,41,44,236,0.0,0.0,N,PA,OBIDOS,A232,-1.880789,-55.519856,89.64
1559,2019-09-17,20:00,0.0,996.5,997.3,996.5,1542,33.6,20.5,34.5,33.5,20.6,19.0,47,41,47,236,0.0,0.0,N,PA,OBIDOS,A232,-1.880789,-55.519856,89.64
1560,2019-09-18,00:00,0.0,998.9,999.2,998.5,-9999,26.7,21.9,27.3,26.5,21.9,21.5,76,71,75,236,0.0,0.0,N,PA,OBIDOS,A232,-1.880789,-55.519856,89.64
1561,2019-09-18,04:00,0.0,999.2,999.8,999.2,-9999,24.2,21.7,24.8,24.1,21.9,21.6,86,83,86,236,0.0,0.0,N,PA,OBIDOS,A232,-1.880789,-55.519856,89.64
1562,2019-09-18,08:00,0.0,998.6,998.6,998.5,-9999,22.7,21.2,23.4,22.7,21.6,21.2,91,89,91,236,0.0,0.0,N,PA,OBIDOS,A232,-1.880789,-55.519856,89.64
1563,2019-09-18,12:00,0.0,1000.2,1000.2,999.4,1219,29.0,21.5,29.1,26.7,21.9,21.2,73,64,64,236,0.0,0.0,N,PA,OBIDOS,A232,-1.880789,-55.519856,89.64
1564,2019-09-18,16:00,0.0,999.2,999.8,999.2,2396,33.8,23.0,35.8,32.6,23.2,21.9,56,46,53,236,0.0,0.0,N,PA,OBIDOS,A232,-1.880789,-55.519856,89.64
1565,2019-09-18,20:00,0.0,996.7,997.0,996.4,528,31.9,23.7,31.9,29.6,23.8,21.2,67,59,62,236,0.0,0.0,N,PA,OBIDOS,A232,-1.880789,-55.519856,89.64
1566,2019-09-19,00:00,0.0,998.6,998.6,998.0,-9999,25.1,21.4,26.2,25.1,21.6,21.2,80,75,80,236,0.0,0.0,N,PA,OBIDOS,A232,-1.880789,-55.519856,89.64
1567,2019-09-19,04:00,0.0,999.0,999.5,999.0,-9999,23.1,20.9,23.9,23.1,21.4,20.9,87,86,87,236,0.0,0.0,N,PA,OBIDOS,A232,-1.880789,-55.519856,89.64
1568,2019-09-19,08:00,0.0,997.7,997.9,997.7,-9999,22.4,20.7,22.8,22.4,20.9,20.7,91,89,90,236,0.0,0.0,N,PA,OBIDOS,A232,-1.880789,-55.519856,89.64
1569,2019-09-19,12:00,0.0,1000.1,1000.1,999.7,1273,28.9,21.3,29.0,26.4,21.9,21.0,73,63,63,236,0.0,0.0,N,PA,OBIDOS,A232,-1.880789,-55.519856,89.64
1570,2019-09-19,16:00,0.0,999.1,1000.0,999.1,2133,34.2,22.8,35.1,32.6,23.4,21.5,56,47,51,236,0.0,0.0,N,PA,OBIDOS,A232,-1.880789,-55.519856,89.64
1571,2019-09-19,20:00,0.0,997.3,997.4,997.1,913,32.4,22.9,33.2,31.2,23.5,22.3,62,53,57,236,0.0,0.0,N,PA,OBIDOS,A232,-1.880789,-55.519856,89.64
1572,2019-09-20,00:00,0.0,998.7,998.7,998.3,-9999,25.1,22.2,26.5,25.1,23.3,22.0,84,81,84,236,0.0,0.0,N,PA,OBIDOS,A232,-1.880789,-55.519856,89.64
1573,2019-09-20,04:00,0.0,999.8,1000.0,999.8,-9999,23.3,21.4,23.7,23.2,21.6,21.3,89,88,89,236,0.0,0.0,N,PA,OBIDOS,A232,-1.880789,-55.519856,89.64
1574,2019-09-20,08:00,0.0,998.9,999.0,998.7,-9999,21.6,20.5,21.9,21.4,20.7,20.4,94,93,94,236,0.0,0.0,N,PA,OBIDOS,A232,-1.880789,-55.519856,89.64
1575,2019-09-20,12:00,0.0,1002.0,1002.0,1000.9,1252,29.1,21.3,29.1,26.4,21.7,20.9,75,63,63,236,0.0,0.0,N,PA,OBIDOS,A232,-1.880789,-55.519856,89.64
1576,2019-09-20,16:00,0.0,1000.8,1001.9,1000.8,3337,36.2,18.4,36.4,35.1,19.7,14.9,40,29,35,236,0.0,0.0,N,PA,OBIDOS,A232,-1.880789,-55.519856,89.64
1577,2019-09-20,20:00,0.0,998.4,998.5,998.2,1587,33.5,19.2,35.3,33.5,20.1,18.2,43,37,43,236,0.0,0.0,N,PA,OBIDOS,A232,-1.880789,-55.519856,89.64
1578,2019-09-21,00:00,0.0,1000.1,1000.1,999.3,-9999,25.7,21.1,27.0,25.7,21.1,20.8,76,69,76,236,0.0,0.0,N,PA,OBIDOS,A232,-1.880789,-55.519856,89.64
1579,2019-09-21,04:00,0.0,1000.3,1000.9,1000.3,-9999,25.9,21.9,26.3,25.9,22.0,21.9,79,77,79,236,0.0,0.0,N,PA,OBIDOS,A232,-1.880789,-55.519856,89.64
1580,2019-09-21,08:00,0.0,1000.0,1000.1,999.9,-9999,24.0,21.8,24.6,24.0,22.1,21.8,88,86,88,236,0.0,0.0,N,PA,OBIDOS,A232,-1.880789,-55.519856,89.64
1581,2019-09-21,12:00,0.0,1001.8,1001.8,1001.5,1251,29.4,21.1,29.4,26.9,21.4,20.7,69,61,61,236,0.0,0.0,N,PA,OBIDOS,A232,-1.880789,-55.519856,89.64
1582,2019-09-21,16:00,0.0,1000.3,1001.1,1000.3,3098,36.0,20.8,37.0,34.4,20.9,18.4,44,35,42,236,0.0,0.0,N,PA,OBIDOS,A232,-1.880789,-55.519856,89.64
1583,2019-09-21,20:00,0.0,997.9,997.9,997.7,1576,33.8,19.6,34.7,33.5,21.1,19.3,46,42,43,236,0.0,0.0,N,PA,OBIDOS,A232,-1.880789,-55.519856,89.64
1584,2019-09-22,00:00,0.0,999.3,999.3,998.7,-9999,28.2,21.1,28.5,27.6,21.3,20.9,68,64,65,236,0.0,0.0,N,PA,OBIDOS,A232,-1.880789,-55.519856,89.64
1585,2019-09-22,04:00,0.0,1000.1,1000.5,1000.0,-9999,24.4,21.6,24.4,24.1,21.6,21.4,85,84,84,236,0.0,0.0,N,PA,OBIDOS,A232,-1.880789,-55.519856,89.64
1586,2019-09-22,08:00,0.0,999.9,1000.0,999.7,-9999,22.5,20.9,22.8,22.5,21.1,20.9,91,90,91,236,0.0,0.0,N,PA,OBIDOS,A232,-1.880789,-55.519856,89.64
1587,2019-09-22,12:00,0.0,1002.8,1002.8,1002.2,1374,29.5,21.7,29.5,27.2,21.7,21.3,72,62,63,236,0.0,0.0,N,PA,OBIDOS,A232,-1.880789,-55.519856,89.64
1588,2019-09-22,16:00,0.0,1001.3,1002.2,1001.3,3105,35.7,21.2,36.9,32.8,21.9,18.6,48,37,43,236,0.0,0.0,N,PA,OBIDOS,A232,-1.880789,-55.519856,89.64
1589,2019-09-22,20:00,0.0,998.2,998.4,998.1,1545,33.4,20.0,34.9,33.4,20.3,16.5,46,34,46,236,0.0,0.0,N,PA,OBIDOS,A232,-1.880789,-55.519856,89.64
1590,2019-09-23,00:00,0.0,1000.9,1000.9,999.7,-9999,27.3,20.9,28.6,27.3,21.1,20.7,68,63,68,236,0.0,0.0,N,PA,OBIDOS,A232,-1.880789,-55.519856,89.64
1591,2019-09-23,04:00,0.0,1002.1,1002.9,1002.1,-9999,24.7,20.7,25.3,24.6,20.9,20.6,79,76,79,236,0.0,0.0,N,PA,OBIDOS,A232,-1.880789,-55.519856,89.64
1592,2019-09-23,08:00,0.0,1001.8,1001.8,1001.2,-9999,22.5,20.8,22.6,22.5,20.9,20.8,90,90,90,236,0.0,0.0,N,PA,OBIDOS,A232,-1.880789,-55.519856,89.64
1593,2019-09-23,12:00,0.0,1005.0,1005.0,1004.5,1294,29.6,22.5,29.7,25.8,22.9,20.4,73,66,66,236,0.0,0.0,N,PA,OBIDOS,A232,-1.880789,-55.519856,89.64
1594,2019-09-23,16:00,0.0,1002.9,1004.2,1002.9,3137,34.6,22.6,34.6,30.6,23.1,21.8,63,49,50,236,0.0,0.0,N,PA,OBIDOS,A232,-1.880789,-55.519856,89.64
1595,2019-09-23,20:00,0.0,999.7,1000.2,999.5,1645,33.6,22.4,34.1,32.8,22.5,21.7,54,50,52,236,0.0,0.0,N,PA,OBIDOS,A232,-1.880789,-55.519856,89.64
1596,2019-09-24,00:00,0.0,1002.5,1002.5,1001.3,-9999,21.7,20.3,21.9,21.5,20.5,20.0,92,90,92,236,0.0,0.0,N,PA,OBIDOS,A232,-1.880789,-55.519856,89.64
1597,2019-09-24,04:00,0.0,1002.9,1003.4,1002.9,-9999,22.0,20.5,22.4,21.8,20.8,20.4,93,89,91,236,0.0,0.0,N,PA,OBIDOS,A232,-1.880789,-55.519856,89.64
1598,2019-09-24,08:00,0.0,1001.6,1001.8,1001.6,-9999,22.0,20.8,22.4,22.0,20.8,20.6,93,90,93,236,0.0,0.0,N,PA,OBIDOS,A232,-1.880789,-55.519856,89.64
1599,2019-09-24,12:00,0.0,1003.9,1003.9,1003.4,1252,29.4,22.4,29.4,25.7,22.5,20.7,78,62,66,236,0.0,0.0,N,PA,OBIDOS,A232,-1.880789,-55.519856,89.64
1600,2019-09-24,16:00,0.0,1003.0,1003.9,1003.0,2585,33.3,21.4,34.3,31.8,22.5,20.4,55,47,50,236,0.0,0.0,N,PA,OBIDOS,A232,-1.880789,-55.519856,89.64
1601,2019-09-24,20:00,0.0,1000.6,1000.7,1000.5,1062,31.7,22.9,32.6,31.7,23.7,22.6,61,57,60,236,0.0,0.0,N,PA,OBIDOS,A232,-1.880789,-55.519856,89.64
1602,2019-09-25,00:00,0.0,1002.3,1002.3,1001.7,-9999,25.4,22.5,26.0,25.4,22.8,22.2,84,81,84,236,0.0,0.0,N,PA,OBIDOS,A232,-1.880789,-55.519856,89.64
1603,2019-09-25,04:00,0.0,1002.9,1003.7,1002.9,-9999,23.2,21.7,24.0,23.2,22.2,21.6,91,88,91,236,0.0,0.0,N,PA,OBIDOS,A232,-1.880789,-55.519856,89.64
1604,2019-09-25,08:00,0.0,1002.1,1002.2,1002.1,-9999,22.0,20.7,22.4,22.0,20.8,20.6,92,91,92,236,0.0,0.0,N,PA,OBIDOS,A232,-1.880789,-55.519856,89.64
1605,2019-09-25,12:00,0.0,1004.8,1004.8,1004.3,1435,29.6,21.8,29.6,26.5,22.1,21.0,72,62,63,236,0.0,0.0,N,PA,OBIDOS,A232,-1.880789,-55.519856,89.64
1606,2019-09-25,16:00,0.0,1003.2,1004.1,1003.2,1127,33.5,21.0,33.6,31.2,22.1,20.8,59,47,48,236,0.0,0.0,N,PA,OBIDOS,A232,-1.880789,-55.519856,89.64
1607,2019-09-25,20:00,0.0,999.2,999.5,998.7,1251,29.9,20.5,35.6,29.9,21.5,19.2,58,39,57,236,0.0,0.0,N,PA,OBIDOS,A232,-1.880789,-55.519856,89.64
1608,2019-09-26,00:00,0.0,1001.7,1001.7,1000.9,-9999,24.5,21.1,25.2,24.5,21.2,21.0,82,77,81,236,0.0,0.0,N,PA,OBIDOS,A232,-1.880789,-55.519856,89.64
1609,2019-09-26,04:00,0.0,1002.5,1002.6,1002.5,-9999,24.4,20.9,24.6,24.1,21.0,20.7,83,80,81,236,0.0,0.0,N,PA,OBIDOS,A232,-1.880789,-55.519856,89.64
1610,2019-09-26,08:00,0.0,1002.3,1002.3,1001.5,-9999,23.4,21.6,23.7,23.3,21.6,21.1,89,87,89,236,0.0,0.0,N,PA,OBIDOS,A232,-1.880789,-55.519856,89.64
1611,2019-09-26,12:00,0.0,1004.6,1004.8,1004.3,1070,26.6,23.9,26.6,24.2,24.4,23.1,94,85,85,236,0.0,0.0,N,PA,OBIDOS,A232,-1.880789,-55.519856,89.64
1612,2019-09-26,16:00,0.0,1002.5,1003.6,1002.5,2928,33.7,23.4,33.9,31.9,24.4,22.7,62,54,55,236,0.0,0.0,N,PA,OBIDOS,A232,-1.880789,-55.519856,89.64
1613,2019-09-26,20:00,0.0,999.3,999.5,999.2,544,26.7,21.6,26.9,25.6,21.7,19.6,74,65,74,236,0.0,0.0,N,PA,OBIDOS,A232,-1.880789,-55.519856,89.64
1614,2019-09-27,00:00,0.0,1001.7,1001.7,1000.8,-9999,24.2,21.7,24.2,23.8,21.9,21.5,89,86,86,236,0.0,0.0,N,PA,OBIDOS,A232,-1.880789,-55.519856,89.64
1615,2019-09-27,04:00,0.0,1001.9,1002.4,1001.9,-9999,23.3,21.6,23.5,23.0,21.8,21.6,93,89,90,236,0.0,0.0,N,PA,OBIDOS,A232,-1.880789,-55.519856,89.64
1616,2019-09-27,08:00,0.0,1001.5,1001.5,1001.4,-9999,23.0,21.4,23.1,22.4,21.6,21.2,93,90,90,236,0.0,0.0,N,PA,OBIDOS,A232,-1.880789,-55.519856,89.64
1617,2019-09-27,12:00,0.0,1003.3,1003.3,1002.5,1445,29.3,23.7,29.4,27.5,24.1,22.9,78,72,72,236,0.0,0.0,N,PA,OBIDOS,A232,-1.880789,-55.519856,89.64
1618,2019-09-27,16:00,0.0,1001.5,1002.7,1001.5,1726,30.7,23.3,33.6,30.6,23.7,21.9,65,53,65,236,0.0,0.0,N,PA,OBIDOS,A232,-1.880789,-55.519856,89.64
1619,2019-09-27,20:00,0.0,998.4,998.4,998.0,390,27.8,24.7,30.4,27.4,25.8,22.9,89,68,83,236,0.0,0.0,N,PA,OBIDOS,A232,-1.880789,-55.519856,89.64
1620,2019-09-28,00:00,0.0,1001.0,1001.1,1000.3,-9999,26.3,23.8,26.5,26.0,24.3,23.8,90,86,87,236,0.0,0.0,N,PA,OBIDOS,A232,-1.880789,-55.519856,89.64
1621,2019-09-28,04:00,0.0,1001.6,1002.1,1001.6,-9999,24.6,23.4,25.1,24.6,23.8,23.4,93,93,93,236,0.0,0.0,N,PA,OBIDOS,A232,-1.880789,-55.519856,89.64
1622,2019-09-28,08:00,0.0,1001.1,1001.3,1000.8,-9999,24.2,22.0,24.5,24.2,23.3,21.9,93,87,87,236,0.0,0.0,N,PA,OBIDOS,A232,-1.880789,-55.519856,89.64
1623,2019-09-28,12:00,0.0,1003.3,1003.4,1002.5,800,26.9,22.4,26.9,25.6,22.5,21.8,82,76,77,236,0.0,0.0,N,PA,OBIDOS,A232,-1.880789,-55.519856,89.64
1624,2019-09-28,16:00,0.0,1003.1,1004.1,1003.1,1651,30.7,23.2,31.0,29.1,24.0,22.7,71,64,65,236,0.0,0.0,N,PA,OBIDOS,A232,-1.880789,-55.519856,89.64
1625,2019-09-28,20:00,0.0,1000.1,1000.1,999.4,1611,30.6,22.5,32.1,30.6,23.4,21.9,64,56,62,236,0.0,0.0,N,PA,OBIDOS,A232,-1.880789,-55.519856,89.64
1626,2019-09-29,00:00,0.0,1001.5,1001.5,1000.2,-9999,24.9,22.7,25.9,24.9,23.1,22.6,88,84,88,236,0.0,0.0,N,PA,OBIDOS,A232,-1.880789,-55.519856,89.64
1627,2019-09-29,04:00,0.0,1002.0,1002.3,1002.0,-9999,23.5,21.8,23.5,23.4,21.9,21.6,91,89,90,236,0.0,0.0,N,PA,OBIDOS,A232,-1.880789,-55.519856,89.64
1628,2019-09-29,08:00,0.0,1001.1,1001.1,1000.8,-9999,23.1,21.4,23.4,23.1,21.7,21.4,91,90,90,236,0.0,0.0,N,PA,OBIDOS,A232,-1.880789,-55.519856,89.64
1629,2019-09-29,12:00,0.0,1003.2,1003.2,1002.6,990,28.9,21.3,29.0,26.9,22.7,21.2,76,64,64,236,0.0,0.0,N,PA,OBIDOS,A232,-1.880789,-55.519856,89.64
1630,2019-09-29,16:00,0.0,1002.2,1002.9,1002.2,2082,32.0,22.0,33.8,31.3,23.2,21.1,61,50,56,236,0.0,0.0,N,PA,OBIDOS,A232,-1.880789,-55.519856,89.64
1631,2019-09-29,20:00,0.0,998.4,998.9,998.4,1595,32.7,21.3,34.1,32.5,21.5,19.7,51,44,51,236,0.0,0.0,N,PA,OBIDOS,A232,-1.880789,-55.519856,89.64
1632,2019-09-30,00:00,0.0,999.7,999.7,999.3,-9999,25.3,22.5,26.7,25.2,22.7,22.3,85,79,84,236,0.0,0.0,N,PA,OBIDOS,A232,-1.880789,-55.519856,89.64
1633,2019-09-30,04:00,0.0,1000.0,1000.2,1000.0,-9999,22.6,21.0,23.1,22.6,21.4,21.0,91,89,91,236,0.0,0.0,N,PA,OBIDOS,A232,-1.880789,-55.519856,89.64
1634,2019-09-30,08:00,0.0,999.1,999.1,998.9,-9999,21.8,20.8,21.9,21.7,20.9,20.7,94,94,94,236,0.0,0.0,N,PA,OBIDOS,A232,-1.880789,-55.519856,89.64
1635,2019-09-30,12:00,0.0,1001.1,1001.1,1000.7,1528,29.1,20.8,29.4,25.6,21.9,20.4,79,60,61,236,0.0,0.0,N,PA,OBIDOS,A232,-1.880789,-55.519856,89.64
1636,2019-09-30,16:00,0.0,1000.0,1001.0,1000.0,3118,35.6,18.4,35.6,33.2,21.2,17.1,48,35,36,236,0.0,0.0,N,PA,OBIDOS,A232,-1.880789,-55.519856,89.64
1637,2019-09-30,20:00,0.0,997.2,997.4,997.2,1185,29.9,22.8,34.1,29.8,23.2,20.7,67,47,65,236,0.0,0.0,N,PA,OBIDOS,A232,-1.880789,-55.519856,89.64
1638,2019-10-01,00:00,0.0,997.7,997.8,996.9,-9999,27.9,21.0,28.4,27.8,21.7,21.0,69,65,66,236,0.0,0.0,N,PA,OBIDOS,A232,-1.880789,-55.519856,89.64
1639,2019-10-01,04:00,0.0,998.7,999.1,998.7,-9999,25.2,20.4,25.8,24.7,20.7,20.3,78,73,75,236,0.0,0.0,N,PA,OBIDOS,A232,-1.880789,-55.519856,89.64
1640,2019-10-01,08:00,0.0,997.6,997.6,997.4,-9999,22.6,20.5,23.5,22.5,20.6,20.3,88,84,88,236,0.0,0.0,N,PA,OBIDOS,A232,-1.880789,-55.519856,89.64
1641,2019-10-01,12:00,0.0,1000.4,1000.4,999.6,1528,29.5,20.9,29.5,26.3,21.3,20.6,71,60,60,236,0.0,0.0,N,PA,OBIDOS,A232,-1.880789,-55.519856,89.64
1642,2019-10-01,16:00,0.0,999.8,1000.5,999.8,2811,34.5,20.4,35.4,33.1,21.2,17.1,48,35,44,236,0.0,0.0,N,PA,OBIDOS,A232,-1.880789,-55.519856,89.64
1643,2019-10-01,20:00,0.0,996.5,997.0,996.5,1477,33.3,19.5,34.6,32.9,21.0,19.3,48,42,44,236,0.0,0.0,N,PA,OBIDOS,A232,-1.880789,-55.519856,89.64
1644,2019-10-02,00:00,0.0,998.2,998.2,997.0,-9999,27.2,22.1,27.2,26.7,22.7,22.1,78,74,74,236,0.0,0.0,N,PA,OBIDOS,A232,-1.880789,-55.519856,89.64
1645,2019-10-02,04:00,0.0,999.4,999.8,999.4,-9999,24.0,21.7,24.5,24.0,21.8,21.6,87,85,87,236,0.0,0.0,N,PA,OBIDOS,A232,-1.880789,-55.519856,89.64
1646,2019-10-02,08:00,0.0,997.9,998.2,997.9,-9999,22.2,20.6,22.8,22.2,20.8,20.6,91,89,91,236,0.0,0.0,N,PA,OBIDOS,A232,-1.880789,-55.519856,89.64
1647,2019-10-02,12:00,0.0,1000.9,1000.9,1000.4,1235,29.2,20.9,29.2,26.7,21.5,20.7,72,61,61,236,0.0,0.0,N,PA,OBIDOS,A232,-1.880789,-55.519856,89.64
1648,2019-10-02,16:00,0.0,999.5,1000.5,999.5,2047,34.9,21.5,35.9,32.6,22.6,19.8,53,41,46,236,0.0,0.0,N,PA,OBIDOS,A232,-1.880789,-55.519856,89.64
1649,2019-10-02,20:00,0.0,996.8,997.0,996.7,1517,32.9,21.9,34.4,32.9,22.2,20.9,53,46,53,236,0.0,0.0,N,PA,OBIDOS,A232,-1.880789,-55.519856,89.64
1650,2019-10-03,00:00,0.0,999.2,999.2,998.4,-9999,26.8,22.3,27.4,26.8,22.4,22.2,76,73,76,236,0.0,0.0,N,PA,OBIDOS,A232,-1.880789,-55.519856,89.64
1651,2019-10-03,04:00,0.0,1000.6,1001.0,1000.6,-9999,25.4,21.0,26.5,25.3,21.6,20.8,80,71,77,236,0.0,0.0,N,PA,OBIDOS,A232,-1.880789,-55.519856,89.64
1652,2019-10-03,08:00,0.0,1000.1,1000.2,999.6,-9999,24.2,21.0,24.2,23.3,21.4,21.0,88,83,83,236,0.0,0.0,N,PA,OBIDOS,A232,-1.880789,-55.519856,89.64
1653,2019-10-03,12:00,0.0,1002.8,1002.8,1002.4,745,27.2,21.3,27.2,25.2,21.6,20.8,80,69,71,236,0.0,0.0,N,PA,OBIDOS,A232,-1.880789,-55.519856,89.64
1654,2019-10-03,16:00,0.0,1001.1,1001.9,1001.1,2720,34.5,22.0,35.7,32.4,22.3,20.3,51,43,48,236,0.0,0.0,N,PA,OBIDOS,A232,-1.880789,-55.519856,89.64
1655,2019-10-03,20:00,0.0,998.6,998.8,998.5,1484,32.6,21.8,34.0,32.6,21.9,20.3,53,45,53,236,0.0,0.0,N,PA,OBIDOS,A232,-1.880789,-55.519856,89.64
1656,2019-10-04,00:00,0.0,1000.5,1000.6,1000.1,-9999,23.6,22.0,24.1,23.4,22.4,21.5,92,88,91,236,0.0,0.0,N,PA,OBIDOS,A232,-1.880789,-55.519856,89.64
1657,2019-10-04,04:00,0.0,1000.8,1001.2,1000.8,-9999,22.3,21.3,22.4,22.2,21.3,21.2,94,93,94,236,0.0,0.0,N,PA,OBIDOS,A232,-1.880789,-55.519856,89.64
1658,2019-10-04,08:00,0.0,1000.8,1000.8,1000.4,-9999,22.3,21.0,23.0,22.3,21.2,21.0,92,90,92,236,0.0,0.0,N,PA,OBIDOS,A232,-1.880789,-55.519856,89.64
1659,2019-10-04,12:00,0.0,1003.1,1003.1,1002.6,1514,28.6,21.3,28.6,26.1,22.0,21.0,76,64,65,236,0.0,0.0,N,PA,OBIDOS,A232,-1.880789,-55.519856,89.64
1660,2019-10-04,16:00,0.0,1001.2,1002.2,1001.2,1800,34.1,21.0,34.3,32.4,21.5,19.4,52,43,47,236,0.0,0.0,N,PA,OBIDOS,A232,-1.880789,-55.519856,89.64
1661,2019-10-04,20:00,0.0,997.3,998.0,997.3,1590,33.4,20.8,34.3,33.2,21.4,20.4,48,45,48,236,0.0,0.0,N,PA,OBIDOS,A232,-1.880789,-55.519856,89.64
1662,2019-10-05,00:00,0.0,1000.0,1000.0,999.0,-9999,24.0,22.9,24.5,23.7,23.1,22.7,94,91,93,236,0.0,0.0,N,PA,OBIDOS,A232,-1.880789,-55.519856,89.64
1663,2019-10-05,04:00,0.0,1000.7,1000.9,1000.5,-9999,23.2,21.9,23.7,23.1,22.3,21.9,94,92,93,236,0.0,0.0,N,PA,OBIDOS,A232,-1.880789,-55.519856,89.64
1664,2019-10-05,08:00,0.0,1000.1,1000.1,999.8,-9999,22.3,21.3,22.6,22.3,21.6,21.3,94,94,94,236,0.0,0.0,N,PA,OBIDOS,A232,-1.880789,-55.519856,89.64
1665,2019-10-05,12:00,0.0,1002.7,1002.7,1002.0,1413,28.4,21.3,28.4,24.8,23.6,20.9,89,64,66,236,0.0,0.0,N,PA,OBIDOS,A232,-1.880789,-55.519856,89.64
1666,2019-10-05,16:00,0.0,1000.8,1002.0,1000.8,2453,33.6,22.1,33.8,31.2,23.3,20.1,59,48,51,236,0.0,0.0,N,PA,OBIDOS,A232,-1.880789,-55.519856,89.64
1667,2019-10-05,20:00,0.0,997.0,997.3,996.9,1635,32.9,22.4,34.7,32.8,22.4,20.5,54,44,54,236,0.0,0.0,N,PA,OBIDOS,A232,-1.880789,-55.519856,89.64
1668,2019-10-06,00:00,0.0,999.4,999.4,998.4,-9999,25.8,23.1,26.1,25.8,23.1,22.5,85,81,85,236,0.0,0.0,N,PA,OBIDOS,A232,-1.880789,-55.519856,89.64
1669,2019-10-06,04:00,0.0,999.8,1000.4,999.7,-9999,24.6,22.7,25.7,24.6,22.9,22.6,89,83,89,236,0.0,0.0,N,PA,OBIDOS,A232,-1.880789,-55.519856,89.64
1670,2019-10-06,08:00,0.0,998.8,999.0,998.8,-9999,22.8,21.8,23.4,22.7,22.1,21.7,94,93,94,236,0.0,0.0,N,PA,OBIDOS,A232,-1.880789,-55.519856,89.64
1671,2019-10-06,12:00,0.0,1002.0,1002.0,1001.3,1375,29.4,24.0,29.4,26.5,24.9,23.4,90,71,73,236,0.0,0.0,N,PA,OBIDOS,A232,-1.880789,-55.519856,89.64
1672,2019-10-06,16:00,0.0,1000.4,1001.2,1000.4,2250,33.2,24.2,33.3,31.0,25.7,24.0,70,59,59,236,0.0,0.0,N,PA,OBIDOS,A232,-1.880789,-55.519856,89.64
1673,2019-10-06,20:00,0.0,996.9,997.4,996.9,1286,31.6,21.4,33.8,31.6,22.7,21.4,56,49,55,236,0.0,0.0,N,PA,OBIDOS,A232,-1.880789,-55.519856,89.64
1674,2019-10-07,00:00,0.0,999.8,999.8,998.6,-9999,26.2,23.3,26.6,26.1,24.0,23.1,87,83,84,236,0.0,0.0,N,PA,OBIDOS,A232,-1.880789,-55.519856,89.64
1675,2019-10-07,04:00,0.0,1000.2,1001.0,1000.2,-9999,24.0,22.7,24.6,24.0,23.0,22.7,92,91,92,236,0.0,0.0,N,PA,OBIDOS,A232,-1.880789,-55.519856,89.64
1676,2019-10-07,08:00,0.0,999.7,999.8,999.5,-9999,23.4,22.1,23.5,23.2,22.3,22.1,94,92,92,236,0.0,0.0,N,PA,OBIDOS,A232,-1.880789,-55.519856,89.64
1677,2019-10-07,12:00,0.0,1002.1,1002.1,1001.2,1653,29.5,23.1,29.9,27.6,23.8,22.7,78,67,68,236,0.0,0.0,N,PA,OBIDOS,A232,-1.880789,-55.519856,89.64
1678,2019-10-07,16:00,0.0,1000.0,1001.1,1000.0,2465,34.6,23.0,34.6,31.6,24.0,22.1,62,50,51,236,0.0,0.0,N,PA,OBIDOS,A232,-1.880789,-55.519856,89.64
1679,2019-10-07,20:00,0.0,996.7,996.8,996.5,1453,32.4,22.2,33.2,31.9,23.6,22.1,61,54,55,236,0.0,0.0,N,PA,OBIDOS,A232,-1.880789,-55.519856,89.64
1680,2019-10-08,00:00,0.0,999.1,999.1,998.2,-9999,25.7,22.8,26.5,25.7,23.0,22.6,84,80,84,236,0.0,0.0,N,PA,OBIDOS,A232,-1.880789,-55.519856,89.64
1681,2019-10-08,04:00,0.0,999.6,1000.4,999.6,-9999,24.4,22.4,24.8,24.3,22.6,22.4,90,87,89,236,0.0,0.0,N,PA,OBIDOS,A232,-1.880789,-55.519856,89.64
1682,2019-10-08,08:00,0.0,998.4,998.6,998.4,-9999,23.1,21.8,23.3,23.1,21.9,21.8,92,91,92,236,0.0,0.0,N,PA,OBIDOS,A232,-1.880789,-55.519856,89.64
1683,2019-10-08,12:00,0.0,1001.9,1001.9,1001.1,777,27.9,22.4,28.0,25.6,23.0,22.1,85,70,72,236,0.0,0.0,N,PA,OBIDOS,A232,-1.880789,-55.519856,89.64
1684,2019-10-08,16:00,0.0,999.9,1001.1,999.9,1711,31.6,22.7,32.1,31.3,23.0,20.9,60,53,59,236,0.0,0.0,N,PA,OBIDOS,A232,-1.880789,-55.519856,89.64
1685,2019-10-08,20:00,0.0,996.3,997.1,996.3,900,31.3,22.6,31.5,31.0,23.7,22.3,65,59,60,236,0.0,0.0,N,PA,OBIDOS,A232,-1.880789,-55.519856,89.64
1686,2019-10-09,00:00,0.0,999.8,999.8,998.9,-9999,24.8,21.6,24.9,24.6,21.9,21.6,84,82,82,236,0.0,0.0,N,PA,OBIDOS,A232,-1.880789,-55.519856,89.64
1687,2019-10-09,04:00,0.0,999.5,1000.3,999.5,-9999,24.2,22.2,24.2,23.5,22.2,21.3,90,86,89,236,0.0,0.0,N,PA,OBIDOS,A232,-1.880789,-55.519856,89.64
1688,2019-10-09,08:00,0.0,999.4,999.6,999.2,-9999,25.2,23.9,25.2,24.2,24.1,23.1,93,93,93,236,0.0,0.0,N,PA,OBIDOS,A232,-1.880789,-55.519856,89.64
1689,2019-10-09,12:00,0.0,1002.2,1002.3,1001.4,890,26.8,22.5,27.4,25.9,23.6,22.4,85,76,77,236,0.0,0.0,N,PA,OBIDOS,A232,-1.880789,-55.519856,89.64
1690,2019-10-09,16:00,0.2,1000.4,1001.5,1000.4,1463,28.5,25.1,31.5,28.5,25.1,22.8,82,62,82,236,0.0,0.0,N,PA,OBIDOS,A232,-1.880789,-55.519856,89.64
1691,2019-10-09,20:00,0.0,997.9,998.3,997.7,131,23.9,21.2,24.0,23.6,21.5,20.5,86,82,85,236,0.0,0.0,N,PA,OBIDOS,A232,-1.880789,-55.519856,89.64
1692,2019-10-10,00:00,0.0,998.8,998.8,998.2,-9999,23.0,20.9,23.2,22.9,21.0,20.8,89,87,88,236,0.0,0.0,N,PA,OBIDOS,A232,-1.880789,-55.519856,89.64
1693,2019-10-10,04:00,0.0,999.3,1000.4,999.3,-9999,22.5,20.9,23.4,22.5,21.1,20.9,91,87,91,236,0.0,0.0,N,PA,OBIDOS,A232,-1.880789,-55.519856,89.64
1694,2019-10-10,08:00,0.0,998.6,998.6,998.1,-9999,21.2,20.2,21.7,21.2,20.4,20.2,94,92,94,236,0.0,0.0,N,PA,OBIDOS,A232,-1.880789,-55.519856,89.64
1695,2019-10-10,12:00,0.0,1001.3,1001.4,1000.6,1554,28.4,21.8,28.4,25.9,22.0,21.1,75,67,67,236,0.0,0.0,N,PA,OBIDOS,A232,-1.880789,-55.519856,89.64
1696,2019-10-10,16:00,0.0,1000.0,1001.0,1000.0,2159,32.7,21.2,34.2,31.1,22.4,20.6,59,48,51,236,0.0,0.0,N,PA,OBIDOS,A232,-1.880789,-55.519856,89.64
1697,2019-10-10,20:00,0.0,997.3,997.4,997.0,1389,32.0,21.3,33.8,32.0,21.8,20.9,54,47,53,236,0.0,0.0,N,PA,OBIDOS,A232,-1.880789,-55.519856,89.64
1698,2019-10-11,00:00,0.0,999.2,999.3,997.8,-9999,24.5,20.1,26.2,24.4,23.1,20.1,83,76,77,236,0.0,0.0,N,PA,OBIDOS,A232,-1.880789,-55.519856,89.64
1699,2019-10-11,04:00,0.0,999.2,999.7,999.2,-9999,22.2,19.9,22.4,21.9,20.0,19.7,88,85,87,236,0.0,0.0,N,PA,OBIDOS,A232,-1.880789,-55.519856,89.64
1700,2019-10-11,08:00,0.0,999.3,999.3,998.9,-9999,21.6,20.1,21.9,21.6,20.3,20.0,91,90,91,236,0.0,0.0,N,PA,OBIDOS,A232,-1.880789,-55.519856,89.64
1701,2019-10-11,12:00,0.0,1002.6,1002.6,1001.8,1476,28.9,19.8,28.9,26.2,20.5,19.6,70,58,58,236,0.0,0.0,N,PA,OBIDOS,A232,-1.880789,-55.519856,89.64
1702,2019-10-11,16:00,0.0,1000.6,1001.5,1000.6,3347,35.8,18.1,35.8,33.6,18.7,17.3,40,35,35,236,0.0,0.0,N,PA,OBIDOS,A232,-1.880789,-55.519856,89.64
1703,2019-10-11,20:00,0.0,997.7,998.1,997.6,1457,32.2,20.7,34.5,32.2,20.9,19.6,51,42,51,236,0.0,0.0,N,PA,OBIDOS,A232,-1.880789,-55.519856,89.64
1704,2019-10-12,00:00,0.2,999.5,999.5,998.7,-9999,21.7,20.3,22.0,21.6,20.6,20.0,93,90,92,236,0.0,0.0,N,PA,OBIDOS,A232,-1.880789,-55.519856,89.64
1705,2019-10-12,04:00,0.0,999.9,1000.2,999.9,-9999,22.3,20.8,22.5,22.1,21.0,20.4,93,88,91,236,0.0,0.0,N,PA,OBIDOS,A232,-1.880789,-55.519856,89.64
1706,2019-10-12,08:00,0.0,1000.0,1000.0,999.5,-9999,22.3,21.0,22.7,22.2,21.2,20.9,93,91,93,236,0.0,0.0,N,PA,OBIDOS,A232,-1.880789,-55.519856,89.64
1707,2019-10-12,12:00,0.0,1002.0,1002.0,1001.8,1566,28.4,20.7,28.5,25.9,22.0,20.7,78,63,63,236,0.0,0.0,N,PA,OBIDOS,A232,-1.880789,-55.519856,89.64
1708,2019-10-12,16:00,0.0,1000.5,1001.6,1000.5,2511,32.3,20.3,34.9,32.3,20.4,18.4,50,39,49,236,0.0,0.0,N,PA,OBIDOS,A232,-1.880789,-55.519856,89.64
1709,2019-10-12,20:00,0.0,997.4,997.9,997.4,1419,31.6,21.8,32.2,28.9,22.9,21.7,69,55,56,236,0.0,0.0,N,PA,OBIDOS,A232,-1.880789,-55.519856,89.64
1710,2019-10-13,00:00,0.0,998.8,998.8,998.0,-9999,26.2,22.4,26.8,26.0,22.5,21.9,81,74,80,236,0.0,0.0,N,PA,OBIDOS,A232,-1.880789,-55.519856,89.64
1711,2019-10-13,04:00,0.0,999.5,999.8,999.5,-9999,23.2,21.2,24.6,23.2,21.3,21.0,89,81,89,236,0.0,0.0,N,PA,OBIDOS,A232,-1.880789,-55.519856,89.64
1712,2019-10-13,08:00,0.0,999.2,999.2,998.9,-9999,23.3,20.9,24.5,23.3,21.1,20.7,87,80,87,236,0.0,0.0,N,PA,OBIDOS,A232,-1.880789,-55.519856,89.64
1713,2019-10-13,12:00,0.0,1001.8,1001.8,1001.2,1531,29.2,20.8,29.2,27.0,21.2,20.6,69,60,61,236,0.0,0.0,N,PA,OBIDOS,A232,-1.880789,-55.519856,89.64
1714,2019-10-13,16:00,0.0,999.7,1001.0,999.7,3284,35.5,18.1,36.1,33.5,19.8,17.2,44,35,36,236,0.0,0.0,N,PA,OBIDOS,A232,-1.880789,-55.519856,89.64
1715,2019-10-13,20:00,0.0,997.1,997.1,996.7,1600,33.1,21.4,34.4,33.1,21.8,20.9,51,46,51,236,0.0,0.0,N,PA,OBIDOS,A232,-1.880789,-55.519856,89.64
1716,2019-10-14,00:00,0.0,999.2,999.3,998.1,-9999,24.7,20.2,24.9,24.4,20.9,20.1,81,75,76,236,0.0,0.0,N,PA,OBIDOS,A232,-1.880789,-55.519856,89.64
1717,2019-10-14,04:00,0.0,1000.3,1001.1,1000.3,-9999,23.2,20.7,24.0,23.2,21.2,20.6,86,83,86,236,0.0,0.0,N,PA,OBIDOS,A232,-1.880789,-55.519856,89.64
1718,2019-10-14,08:00,0.0,999.2,999.4,999.1,-9999,22.8,20.4,22.8,22.6,20.5,20.2,87,86,87,236,0.0,0.0,N,PA,OBIDOS,A232,-1.880789,-55.519856,89.64
1719,2019-10-14,12:00,0.0,1001.7,1001.7,1000.9,1187,28.4,21.2,28.4,25.8,21.5,20.9,77,65,65,236,0.0,0.0,N,PA,OBIDOS,A232,-1.880789,-55.519856,89.64
1720,2019-10-14,16:00,0.0,1000.3,1001.3,1000.3,2488,34.7,22.1,34.7,31.2,22.3,20.4,56,47,48,236,0.0,0.0,N,PA,OBIDOS,A232,-1.880789,-55.519856,89.64
1721,2019-10-14,20:00,0.0,997.9,998.5,997.9,1118,32.1,20.0,33.4,32.1,21.1,19.7,50,47,49,236,0.0,0.0,N,PA,OBIDOS,A232,-1.880789,-55.519856,89.64
1722,2019-10-15,00:00,0.0,999.9,999.9,998.6,-9999,25.8,22.6,26.3,25.8,22.6,22.1,82,79,82,236,0.0,0.0,N,PA,OBIDOS,A232,-1.880789,-55.519856,89.64
1723,2019-10-15,04:00,0.0,1000.6,1001.1,1000.5,-9999,24.6,22.1,25.1,24.6,22.5,22.1,87,85,86,236,0.0,0.0,N,PA,OBIDOS,A232,-1.880789,-55.519856,89.64
1724,2019-10-15,08:00,0.0,1000.0,1000.0,999.8,-9999,24.0,21.5,24.7,24.0,21.5,21.3,86,82,86,236,0.0,0.0,N,PA,OBIDOS,A232,-1.880789,-55.519856,89.64
1725,2019-10-15,12:00,0.0,1002.7,1002.7,1002.2,891,27.1,21.1,27.1,25.5,21.7,20.9,79,69,70,236,0.0,0.0,N,PA,OBIDOS,A232,-1.880789,-55.519856,89.64
1726,2019-10-15,16:00,0.0,1002.6,1003.5,1002.6,1187,30.3,21.9,31.9,30.0,22.0,20.4,62,51,61,236,0.0,0.0,N,PA,OBIDOS,A232,-1.880789,-55.519856,89.64
1727,2019-10-15,20:00,0.0,999.8,999.9,999.5,1082,27.8,23.7,28.0,27.6,24.6,23.0,83,74,79,236,0.0,0.0,N,PA,OBIDOS,A232,-1.880789,-55.519856,89.64
1728,2019-10-16,00:00,0.0,1000.8,1000.8,1000.2,-9999,24.3,23.0,24.8,24.3,23.3,22.9,93,91,92,236,0.0,0.0,N,PA,OBIDOS,A232,-1.880789,-55.519856,89.64
1729,2019-10-16,04:00,0.0,1001.6,1002.2,1001.6,-9999,23.9,22.9,24.3,23.9,23.2,22.8,94,94,94,236,0.0,0.0,N,PA,OBIDOS,A232,-1.880789,-55.519856,89.64
1730,2019-10-16,08:00,0.0,1000.8,1001.1,1000.4,-9999,21.9,20.8,23.7,21.9,22.8,20.7,94,91,94,236,0.0,0.0,N,PA,OBIDOS,A232,-1.880789,-55.519856,89.64
1731,2019-10-16,12:00,0.0,1004.1,1004.1,1003.1,577,25.3,22.5,25.7,24.3,23.1,22.2,89,84,85,236,0.0,0.0,N,PA,OBIDOS,A232,-1.880789,-55.519856,89.64
1732,2019-10-16,16:00,0.0,1002.4,1003.1,1002.4,1581,28.6,23.9,30.1,28.3,24.0,22.8,77,67,75,236,0.0,0.0,N,PA,OBIDOS,A232,-1.880789,-55.519856,89.64
1733,2019-10-16,20:00,0.0,998.9,999.6,998.9,662,29.5,23.2,29.6,28.8,23.5,22.7,72,67,69,236,0.0,0.0,N,PA,OBIDOS,A232,-1.880789,-55.519856,89.64
1734,2019-10-17,00:00,0.0,1000.7,1000.7,999.3,-9999,24.8,23.3,24.9,24.8,23.4,23.1,91,90,91,236,0.0,0.0,N,PA,OBIDOS,A232,-1.880789,-55.519856,89.64
1735,2019-10-17,04:00,0.0,1001.6,1002.3,1001.6,-9999,24.2,22.9,25.0,24.2,23.3,22.9,93,90,93,236,0.0,0.0,N,PA,OBIDOS,A232,-1.880789,-55.519856,89.64
1736,2019-10-17,08:00,0.0,1001.1,1001.1,1000.7,-9999,23.4,22.4,23.8,23.4,22.8,22.4,94,94,94,236,0.0,0.0,N,PA,OBIDOS,A232,-1.880789,-55.519856,89.64
1737,2019-10-17,12:00,0.0,1004.0,1004.0,1002.5,609,25.9,23.2,26.6,24.8,23.6,23.0,91,82,85,236,0.0,0.0,N,PA,OBIDOS,A232,-1.880789,-55.519856,89.64
1738,2019-10-17,16:00,0.0,1003.0,1003.7,1003.0,1135,26.9,21.8,27.2,26.5,22.6,21.3,77,72,74,236,0.0,0.0,N,PA,OBIDOS,A232,-1.880789,-55.519856,89.64
1739,2019-10-17,20:00,0.0,998.6,999.2,998.5,1766,29.6,23.6,30.7,29.3,23.6,21.9,70,60,70,236,0.0,0.0,N,PA,OBIDOS,A232,-1.880789,-55.519856,89.64
1740,2019-10-18,00:00,0.0,1000.5,1000.5,999.6,-9999,24.3,22.5,24.4,24.3,22.5,22.3,90,88,90,236,0.0,0.0,N,PA,OBIDOS,A232,-1.880789,-55.519856,89.64
1741,2019-10-18,04:00,0.0,1001.4,1002.5,1001.4,-9999,24.1,22.5,24.2,24.0,22.6,22.3,91,90,91,236,0.0,0.0,N,PA,OBIDOS,A232,-1.880789,-55.519856,89.64
1742,2019-10-18,08:00,0.0,1001.2,1001.3,1000.4,-9999,22.8,21.9,22.9,22.7,22.0,21.7,95,94,95,236,0.0,0.0,N,PA,OBIDOS,A232,-1.880789,-55.519856,89.64
1743,2019-10-18,12:00,0.0,1004.0,1004.0,1002.9,559,24.7,22.5,24.7,23.7,22.9,22.3,94,87,87,236,0.0,0.0,N,PA,OBIDOS,A232,-1.880789,-55.519856,89.64
1744,2019-10-18,16:00,0.0,1002.2,1003.2,1002.2,2514,30.8,24.0,32.5,29.9,25.2,22.7,72,62,67,236,0.0,0.0,N,PA,OBIDOS,A232,-1.880789,-55.519856,89.64
1745,2019-10-18,20:00,0.0,998.3,998.9,998.2,1076,29.6,23.1,30.0,29.5,23.9,22.8,71,66,68,236,0.0,0.0,N,PA,OBIDOS,A232,-1.880789,-55.519856,89.64
1746,2019-10-19,00:00,0.0,1000.7,1000.7,1000.2,-9999,23.4,22.2,23.8,23.3,22.3,21.7,93,88,93,236,0.0,0.0,N,PA,OBIDOS,A232,-1.880789,-55.519856,89.64
1747,2019-10-19,04:00,0.0,1001.1,1001.8,1001.1,-9999,23.5,22.6,23.5,23.3,22.6,22.3,94,94,94,236,0.0,0.0,N,PA,OBIDOS,A232,-1.880789,-55.519856,89.64
1748,2019-10-19,08:00,0.0,999.8,999.9,999.7,-9999,22.6,21.6,22.7,22.5,21.8,21.6,94,94,94,236,0.0,0.0,N,PA,OBIDOS,A232,-1.880789,-55.519856,89.64
1749,2019-10-19,12:00,0.0,1002.4,1002.4,1001.8,1073,26.5,22.1,26.5,24.9,22.7,21.8,85,77,77,236,0.0,0.0,N,PA,OBIDOS,A232,-1.880789,-55.519856,89.64
1750,2019-10-19,16:00,0.0,1001.7,1002.5,1001.7,2337,31.6,20.2,32.9,31.1,21.6,19.6,55,47,51,236,0.0,0.0,N,PA,OBIDOS,A232,-1.880789,-55.519856,89.64
1751,2019-10-19,20:00,3.4,998.4,998.9,998.4,1114,25.5,24.0,33.0,25.4,24.2,21.2,92,52,92,236,0.0,0.0,N,PA,OBIDOS,A232,-1.880789,-55.519856,89.64
1752,2019-10-20,00:00,0.0,999.7,999.7,998.7,-9999,24.6,22.8,24.9,23.6,23.2,22.4,94,89,89,236,0.0,0.0,N,PA,OBIDOS,A232,-1.880789,-55.519856,89.64
1753,2019-10-20,04:00,0.2,1000.8,1001.2,1000.8,-9999,23.5,22.5,23.6,23.4,22.6,22.4,94,94,94,236,0.0,0.0,N,PA,OBIDOS,A232,-1.880789,-55.519856,89.64
1754,2019-10-20,08:00,1.2,1000.8,1001.1,1000.5,-9999,22.6,21.4,23.4,22.6,22.0,21.4,94,91,93,236,0.0,0.0,N,PA,OBIDOS,A232,-1.880789,-55.519856,89.64
1755,2019-10-20,12:00,0.0,1002.1,1002.1,1001.7,1080,26.6,23.0,26.6,23.2,23.5,22.0,93,80,81,236,0.0,0.0,N,PA,OBIDOS,A232,-1.880789,-55.519856,89.64
1756,2019-10-20,16:00,0.0,1000.7,1001.7,1000.7,2280,31.7,21.9,33.0,31.0,22.6,21.0,58,51,56,236,0.0,0.0,N,PA,OBIDOS,A232,-1.880789,-55.519856,89.64
1757,2019-10-20,20:00,5.0,997.1,998.3,997.1,703,24.2,22.9,31.1,24.0,23.5,21.1,93,60,92,236,0.0,0.0,N,PA,OBIDOS,A232,-1.880789,-55.519856,89.64
1758,2019-10-21,00:00,0.0,999.7,999.9,999.2,-9999,23.8,22.8,23.9,23.2,22.9,22.2,94,94,94,236,0.0,0.0,N,PA,OBIDOS,A232,-1.880789,-55.519856,89.64
1759,2019-10-21,04:00,0.0,1000.0,1001.2,1000.0,-9999,23.3,22.1,23.7,23.3,22.1,22.0,93,91,93,236,0.0,0.0,N,PA,OBIDOS,A232,-1.880789,-55.519856,89.64
1760,2019-10-21,08:00,0.0,1000.4,1000.4,1000.0,-9999,23.2,22.2,23.6,23.2,22.6,22.2,95,94,94,236,0.0,0.0,N,PA,OBIDOS,A232,-1.880789,-55.519856,89.64
1761,2019-10-21,12:00,0.0,1002.6,1002.6,1002.1,1215,27.1,23.6,27.3,25.3,23.8,22.7,88,77,81,236,0.0,0.0,N,PA,OBIDOS,A232,-1.880789,-55.519856,89.64
1762,2019-10-21,16:00,0.0,1001.3,1002.4,1001.3,2283,31.3,23.3,31.5,29.8,23.3,21.2,65,56,63,236,0.0,0.0,N,PA,OBIDOS,A232,-1.880789,-55.519856,89.64
1763,2019-10-21,20:00,0.0,997.8,997.9,997.7,1218,30.6,23.9,32.4,30.6,23.9,22.1,68,55,68,236,0.0,0.0,N,PA,OBIDOS,A232,-1.880789,-55.519856,89.64
1764,2019-10-22,00:00,0.0,1000.1,1000.2,999.0,-9999,25.0,19.6,26.4,25.0,23.8,19.6,88,72,72,236,0.0,0.0,N,PA,OBIDOS,A232,-1.880789,-55.519856,89.64
1765,2019-10-22,04:00,0.0,1001.1,1001.6,1001.1,-9999,22.3,21.3,22.4,22.1,21.4,21.0,94,94,94,236,0.0,0.0,N,PA,OBIDOS,A232,-1.880789,-55.519856,89.64
1766,2019-10-22,08:00,0.0,1000.2,1000.2,999.8,-9999,22.2,21.3,22.3,22.1,21.4,21.2,95,94,95,236,0.0,0.0,N,PA,OBIDOS,A232,-1.880789,-55.519856,89.64
1767,2019-10-22,12:00,0.0,1002.6,1002.7,1001.8,858,26.9,22.8,27.0,24.8,23.6,22.5,90,77,78,236,0.0,0.0,N,PA,OBIDOS,A232,-1.880789,-55.519856,89.64
1768,2019-10-22,16:00,0.2,1000.5,1001.7,1000.5,2798,31.9,23.4,32.7,30.6,24.9,23.4,70,60,61,236,0.0,0.0,N,PA,OBIDOS,A232,-1.880789,-55.519856,89.64
1769,2019-10-22,20:00,0.0,997.2,997.3,996.5,1001,30.4,22.4,31.6,30.2,23.2,21.7,64,58,63,236,0.0,0.0,N,PA,OBIDOS,A232,-1.880789,-55.519856,89.64
1770,2019-10-23,00:00,0.0,999.5,999.6,999.0,-9999,25.0,23.6,25.5,24.9,23.7,23.4,92,90,92,236,0.0,0.0,N,PA,OBIDOS,A232,-1.880789,-55.519856,89.64
1771,2019-10-23,04:00,0.0,1000.0,1000.5,1000.0,-9999,24.1,22.9,24.6,24.1,23.4,22.9,93,93,93,236,0.0,0.0,N,PA,OBIDOS,A232,-1.880789,-55.519856,89.64
1772,2019-10-23,08:00,0.0,999.4,999.4,998.8,-9999,22.3,21.4,22.4,22.0,21.4,21.1,95,94,95,236,0.0,0.0,N,PA,OBIDOS,A232,-1.880789,-55.519856,89.64
1773,2019-10-23,12:00,0.2,1002.9,1002.9,1001.6,290,24.1,23.0,24.1,23.0,23.0,22.0,94,94,94,236,0.0,0.0,N,PA,OBIDOS,A232,-1.880789,-55.519856,89.64
1774,2019-10-23,16:00,0.0,1001.4,1002.7,1001.4,2301,29.6,22.5,29.6,26.6,24.0,21.8,84,65,66,236,0.0,0.0,N,PA,OBIDOS,A232,-1.880789,-55.519856,89.64
1775,2019-10-23,20:00,0.0,997.4,998.2,997.4,1879,30.6,22.1,31.2,30.3,23.0,21.8,63,59,61,236,0.0,0.0,N,PA,OBIDOS,A232,-1.880789,-55.519856,89.64
1776,2019-10-24,00:00,0.0,999.8,999.8,999.1,-9999,24.1,22.5,25.1,24.1,22.9,22.5,91,87,91,236,0.0,0.0,N,PA,OBIDOS,A232,-1.880789,-55.519856,89.64
1777,2019-10-24,04:00,0.0,999.8,1000.2,999.8,-9999,22.3,21.0,22.9,22.3,21.1,20.9,92,90,92,236,0.0,0.0,N,PA,OBIDOS,A232,-1.880789,-55.519856,89.64
1778,2019-10-24,08:00,0.0,999.0,999.0,998.9,-9999,21.6,20.7,21.6,21.5,20.7,20.6,95,94,95,236,0.0,0.0,N,PA,OBIDOS,A232,-1.880789,-55.519856,89.64
1779,2019-10-24,12:00,0.0,1002.4,1002.4,1001.3,934,26.8,21.6,27.0,24.7,22.1,20.9,83,73,73,236,0.0,0.0,N,PA,OBIDOS,A232,-1.880789,-55.519856,89.64
1780,2019-10-24,16:00,0.0,1000.5,1001.4,1000.5,2462,31.8,22.4,32.9,30.3,23.3,21.2,64,53,58,236,0.0,0.0,N,PA,OBIDOS,A232,-1.880789,-55.519856,89.64
1781,2019-10-24,20:00,0.0,997.1,997.6,997.1,582,30.2,24.5,32.4,27.4,24.5,21.7,83,55,71,236,0.0,0.0,N,PA,OBIDOS,A232,-1.880789,-55.519856,89.64
1782,2019-10-25,00:00,0.0,998.6,998.6,998.1,-9999,25.1,23.0,25.3,25.1,23.2,22.9,89,87,88,236,0.0,0.0,N,PA,OBIDOS,A232,-1.880789,-55.519856,89.64
1783,2019-10-25,04:00,0.0,999.4,1000.0,999.4,-9999,24.0,22.7,24.4,23.9,22.8,22.6,93,90,93,236,0.0,0.0,N,PA,OBIDOS,A232,-1.880789,-55.519856,89.64
1784,2019-10-25,08:00,0.0,999.0,999.0,998.4,-9999,23.0,21.3,23.2,22.6,21.6,21.3,93,90,90,236,0.0,0.0,N,PA,OBIDOS,A232,-1.880789,-55.519856,89.64
1785,2019-10-25,12:00,0.0,1002.7,1002.7,1001.7,1584,30.0,21.0,30.3,27.0,22.2,20.4,76,58,59,236,0.0,0.0,N,PA,OBIDOS,A232,-1.880789,-55.519856,89.64
1786,2019-10-25,16:00,0.0,1001.4,1002.1,1001.2,1154,28.6,21.1,33.4,28.6,23.0,21.0,67,51,64,236,0.0,0.0,N,PA,OBIDOS,A232,-1.880789,-55.519856,89.64
1787,2019-10-25,20:00,0.0,997.9,998.3,997.8,1673,33.1,22.0,33.4,32.5,23.2,21.8,57,50,52,236,0.0,0.0,N,PA,OBIDOS,A232,-1.880789,-55.519856,89.64
1788,2019-10-26,00:00,0.0,1000.1,1000.1,999.0,-9999,24.7,21.3,25.6,24.6,21.5,21.2,83,76,81,236,0.0,0.0,N,PA,OBIDOS,A232,-1.880789,-55.519856,89.64
1789,2019-10-26,04:00,0.0,1000.5,1001.1,1000.5,-9999,22.7,20.7,23.4,22.7,20.8,20.4,88,84,88,236,0.0,0.0,N,PA,OBIDOS,A232,-1.880789,-55.519856,89.64
1790,2019-10-26,08:00,0.0,1000.4,1000.4,999.8,-9999,23.4,20.8,23.9,23.4,21.1,20.3,86,81,85,236,0.0,0.0,N,PA,OBIDOS,A232,-1.880789,-55.519856,89.64
1791,2019-10-26,12:00,0.0,1002.8,1002.8,1002.3,1648,29.8,21.1,29.8,27.9,22.5,20.4,71,57,60,236,0.0,0.0,N,PA,OBIDOS,A232,-1.880789,-55.519856,89.64
1792,2019-10-26,16:00,1.6,1001.2,1002.2,1001.2,2089,30.1,23.5,32.3,26.7,26.1,21.9,88,56,68,236,0.0,0.0,N,PA,OBIDOS,A232,-1.880789,-55.519856,89.64
1793,2019-10-26,20:00,0.0,998.5,999.1,998.2,315,24.7,20.1,31.3,24.7,24.5,20.1,77,65,75,236,0.0,0.0,N,PA,OBIDOS,A232,-1.880789,-55.519856,89.64
1794,2019-10-27,00:00,0.0,1000.2,1000.3,999.6,-9999,23.6,22.3,24.2,23.6,22.5,22.3,93,90,93,236,0.0,0.0,N,PA,OBIDOS,A232,-1.880789,-55.519856,89.64
1795,2019-10-27,04:00,0.0,1000.7,1001.6,1000.7,-9999,22.4,21.4,22.8,22.4,21.7,21.4,94,94,94,236,0.0,0.0,N,PA,OBIDOS,A232,-1.880789,-55.519856,89.64
1796,2019-10-27,08:00,0.0,999.7,999.8,999.6,-9999,22.4,21.3,22.9,22.4,21.7,21.3,94,93,94,236,0.0,0.0,N,PA,OBIDOS,A232,-1.880789,-55.519856,89.64
1797,2019-10-27,12:00,0.0,1002.5,1002.5,1001.9,1301,27.8,22.8,27.9,24.8,23.3,22.1,85,74,74,236,0.0,0.0,N,PA,OBIDOS,A232,-1.880789,-55.519856,89.64
1798,2019-10-27,16:00,0.0,1000.7,1001.5,1000.7,2330,31.9,22.8,34.7,31.2,23.9,21.7,64,52,59,236,0.0,0.0,N,PA,OBIDOS,A232,-1.880789,-55.519856,89.64
1799,2019-10-27,20:00,0.6,997.4,997.9,997.4,1154,29.8,25.0,33.7,27.7,25.6,21.9,85,51,75,236,0.0,0.0,N,PA,OBIDOS,A232,-1.880789,-55.519856,89.64
1800,2019-10-28,00:00,0.0,998.8,998.8,998.3,-9999,24.5,22.5,25.4,24.5,23.0,22.4,90,85,89,236,0.0,0.0,N,PA,OBIDOS,A232,-1.880789,-55.519856,89.64
1801,2019-10-28,04:00,0.0,999.8,1000.1,999.8,-9999,23.4,21.6,23.4,22.8,21.7,21.3,92,90,90,236,0.0,0.0,N,PA,OBIDOS,A232,-1.880789,-55.519856,89.64
1802,2019-10-28,08:00,0.0,999.2,999.2,998.7,-9999,22.6,21.3,22.8,22.3,21.6,21.3,94,92,93,236,0.0,0.0,N,PA,OBIDOS,A232,-1.880789,-55.519856,89.64
1803,2019-10-28,12:00,0.0,1002.0,1002.0,1001.1,1509,29.3,22.1,29.3,26.9,22.7,21.7,75,66,66,236,0.0,0.0,N,PA,OBIDOS,A232,-1.880789,-55.519856,89.64
1804,2019-10-28,16:00,0.0,1000.3,1001.4,1000.3,2354,31.8,22.6,34.7,31.7,23.5,21.3,58,47,58,236,0.0,0.0,N,PA,OBIDOS,A232,-1.880789,-55.519856,89.64
1805,2019-10-28,20:00,0.0,996.9,997.8,996.9,1237,29.7,26.4,29.7,25.2,26.8,23.4,93,81,83,236,0.0,0.0,N,PA,OBIDOS,A232,-1.880789,-55.519856,89.64
1806,2019-10-29,00:00,0.0,998.4,998.4,997.4,-9999,23.6,22.2,24.4,23.6,23.0,22.1,92,90,92,236,0.0,0.0,N,PA,OBIDOS,A232,-1.880789,-55.519856,89.64
1807,2019-10-29,04:00,0.0,999.5,999.9,999.5,-9999,22.7,21.6,23.3,22.7,21.7,21.4,93,90,93,236,0.0,0.0,N,PA,OBIDOS,A232,-1.880789,-55.519856,89.64
1808,2019-10-29,08:00,0.0,998.4,998.4,998.2,-9999,22.1,21.1,22.6,22.1,21.5,21.1,94,94,94,236,0.0,0.0,N,PA,OBIDOS,A232,-1.880789,-55.519856,89.64
1809,2019-10-29,12:00,0.0,1001.3,1001.3,1000.4,1445,29.1,21.8,29.1,25.3,22.6,21.5,81,64,65,236,0.0,0.0,N,PA,OBIDOS,A232,-1.880789,-55.519856,89.64
1810,2019-10-29,16:00,0.0,999.2,1000.3,999.2,3147,33.7,18.7,34.0,32.8,21.4,18.5,50,41,41,236,0.0,0.0,N,PA,OBIDOS,A232,-1.880789,-55.519856,89.64
1811,2019-10-29,20:00,0.0,995.8,996.4,995.8,1491,33.3,20.6,33.8,32.9,21.7,20.3,51,46,47,236,0.0,0.0,N,PA,OBIDOS,A232,-1.880789,-55.519856,89.64
1812,2019-10-30,00:00,0.0,998.2,998.2,997.1,-9999,26.1,23.2,26.2,26.0,23.6,23.0,86,83,84,236,0.0,0.0,N,PA,OBIDOS,A232,-1.880789,-55.519856,89.64
1813,2019-10-30,04:00,0.0,998.6,999.2,998.6,-9999,23.8,21.6,24.7,23.8,21.9,21.6,88,83,88,236,0.0,0.0,N,PA,OBIDOS,A232,-1.880789,-55.519856,89.64
1814,2019-10-30,08:00,0.0,997.6,997.7,997.2,-9999,22.6,21.4,22.9,22.6,21.6,21.4,93,92,93,236,0.0,0.0,N,PA,OBIDOS,A232,-1.880789,-55.519856,89.64
1815,2019-10-30,12:00,0.0,1001.4,1001.4,1000.5,1479,28.9,22.1,28.9,26.7,22.9,21.5,76,67,67,236,0.0,0.0,N,PA,OBIDOS,A232,-1.880789,-55.519856,89.64
1816,2019-10-30,16:00,0.0,1000.6,1001.4,1000.6,1668,31.6,22.7,31.6,30.6,23.5,22.2,65,58,59,236,0.0,0.0,N,PA,OBIDOS,A232,-1.880789,-55.519856,89.64
1817,2019-10-30,20:00,0.0,996.9,997.9,996.9,1027,31.3,21.2,32.7,31.3,22.0,20.8,56,51,55,236,0.0,0.0,N,PA,OBIDOS,A232,-1.880789,-55.519856,89.64
1818,2019-10-31,00:00,0.0,998.9,998.9,998.1,-9999,25.3,22.5,25.7,25.3,22.5,21.9,84,81,84,236,0.0,0.0,N,PA,OBIDOS,A232,-1.880789,-55.519856,89.64
1819,2019-10-31,04:00,0.0,1000.5,1000.7,1000.4,-9999,25.0,23.8,25.0,24.9,23.8,23.6,93,92,93,236,0.0,0.0,N,PA,OBIDOS,A232,-1.880789,-55.519856,89.64
1820,2019-10-31,08:00,0.0,999.7,999.7,999.5,-9999,24.4,23.3,25.1,24.4,24.0,23.3,94,93,93,236,0.0,0.0,N,PA,OBIDOS,A232,-1.880789,-55.519856,89.64
1821,2019-10-31,12:00,0.0,1002.8,1002.8,1001.7,1419,29.1,22.8,29.2,26.6,23.9,22.4,83,67,69,236,0.0,0.0,N,PA,OBIDOS,A232,-1.880789,-55.519856,89.64
1822,2019-10-31,16:00,0.0,1001.1,1002.1,1001.1,1643,31.3,22.9,34.3,31.3,22.9,20.9,61,48,61,236,0.0,0.0,N,PA,OBIDOS,A232,-1.880789,-55.519856,89.64
1823,2019-10-31,20:00,0.0,997.0,997.7,996.8,785,29.2,25.4,30.5,29.1,26.8,24.7,84,73,80,236,0.0,0.0,N,PA,OBIDOS,A232,-1.880789,-55.519856,89.64
1824,2019-11-01,00:00,0.0,998.8,998.8,998.1,-9999,25.1,23.7,25.6,25.1,24.2,23.6,92,90,92,236,0.0,0.0,N,PA,OBIDOS,A232,-1.880789,-55.519856,89.64
1825,2019-11-01,04:00,0.0,1000.2,1000.3,1000.1,-9999,24.5,23.4,24.7,24.5,23.6,23.4,94,93,94,236,0.0,0.0,N,PA,OBIDOS,A232,-1.880789,-55.519856,89.64
1826,2019-11-01,08:00,0.0,1000.1,1000.1,999.4,-9999,24.2,23.1,24.3,23.7,23.2,22.7,94,94,94,236,0.0,0.0,N,PA,OBIDOS,A232,-1.880789,-55.519856,89.64
1827,2019-11-01,12:00,0.0,1002.7,1002.7,1002.0,657,27.6,23.4,27.7,26.6,24.1,22.7,83,77,78,236,0.0,0.0,N,PA,OBIDOS,A232,-1.880789,-55.519856,89.64
1828,2019-11-01,16:00,0.0,1001.0,1002.1,1001.0,2318,32.8,20.6,33.4,31.3,21.7,20.0,56,46,49,236,0.0,0.0,N,PA,OBIDOS,A232,-1.880789,-55.519856,89.64
1829,2019-11-01,20:00,0.0,997.7,997.8,997.6,772,31.0,22.8,31.2,30.1,23.2,22.1,66,59,62,236,0.0,0.0,N,PA,OBIDOS,A232,-1.880789,-55.519856,89.64
1830,2019-11-02,00:00,0.0,999.5,999.5,998.6,-9999,25.4,23.4,25.6,25.4,23.6,23.4,90,88,89,236,0.0,0.0,N,PA,OBIDOS,A232,-1.880789,-55.519856,89.64
1831,2019-11-02,04:00,0.0,999.6,999.9,999.6,-9999,24.0,21.8,24.4,23.9,22.1,21.8,90,86,87,236,0.0,0.0,N,PA,OBIDOS,A232,-1.880789,-55.519856,89.64
1832,2019-11-02,08:00,0.0,998.9,998.9,998.5,-9999,22.4,21.4,22.8,22.4,21.6,21.4,94,93,94,236,0.0,0.0,N,PA,OBIDOS,A232,-1.880789,-55.519856,89.64
1833,2019-11-02,12:00,0.0,1001.8,1001.8,1001.0,1358,30.2,21.7,30.2,27.4,22.5,20.9,74,60,60,236,0.0,0.0,N,PA,OBIDOS,A232,-1.880789,-55.519856,89.64
1834,2019-11-02,16:00,0.0,999.8,1000.9,999.8,1890,32.2,22.4,34.6,32.0,22.6,20.7,57,46,56,236,0.0,0.0,N,PA,OBIDOS,A232,-1.880789,-55.519856,89.64
1835,2019-11-02,20:00,0.0,996.9,997.4,996.9,1328,33.3,22.1,33.8,32.8,22.3,21.0,53,49,52,236,0.0,0.0,N,PA,OBIDOS,A232,-1.880789,-55.519856,89.64
1836,2019-11-03,00:00,0.0,998.3,998.3,997.1,-9999,25.9,22.6,26.0,25.7,22.6,21.8,82,79,82,236,0.0,0.0,N,PA,OBIDOS,A232,-1.880789,-55.519856,89.64
1837,2019-11-03,04:00,0.0,999.2,999.5,999.1,-9999,25.5,22.4,26.0,25.5,22.9,22.2,84,80,83,236,0.0,0.0,N,PA,OBIDOS,A232,-1.880789,-55.519856,89.64
1838,2019-11-03,08:00,0.0,998.9,998.9,998.5,-9999,23.3,21.4,23.9,23.3,21.4,21.2,89,85,89,236,0.0,0.0,N,PA,OBIDOS,A232,-1.880789,-55.519856,89.64
1839,2019-11-03,12:00,0.0,1000.8,1000.9,1000.5,1307,28.7,21.8,28.7,25.1,22.1,21.2,80,66,66,236,0.0,0.0,N,PA,OBIDOS,A232,-1.880789,-55.519856,89.64
1840,2019-11-03,16:00,0.0,998.6,999.9,998.6,2022,33.2,21.9,35.8,32.4,22.8,20.2,56,43,52,236,0.0,0.0,N,PA,OBIDOS,A232,-1.880789,-55.519856,89.64
1841,2019-11-03,20:00,0.2,995.9,996.2,995.9,1058,29.7,23.8,34.2,29.6,25.8,22.4,77,51,71,236,0.0,0.0,N,PA,OBIDOS,A232,-1.880789,-55.519856,89.64
1842,2019-11-04,00:00,0.0,998.4,998.4,997.2,-9999,26.2,22.9,26.3,25.9,22.9,22.3,84,79,82,236,0.0,0.0,N,PA,OBIDOS,A232,-1.880789,-55.519856,89.64
1843,2019-11-04,04:00,0.0,997.9,998.9,997.9,-9999,24.2,20.8,25.1,24.2,21.2,20.5,81,77,81,236,0.0,0.0,N,PA,OBIDOS,A232,-1.880789,-55.519856,89.64
1844,2019-11-04,08:00,10.8,998.6,998.7,997.9,-9999,22.8,21.8,23.1,22.7,22.0,21.7,94,92,94,236,0.0,0.0,N,PA,OBIDOS,A232,-1.880789,-55.519856,89.64
1845,2019-11-04,12:00,1.2,1001.4,1001.5,1001.3,146,23.4,22.5,23.5,23.0,22.5,22.1,94,94,94,236,0.0,0.0,N,PA,OBIDOS,A232,-1.880789,-55.519856,89.64
1846,2019-11-04,16:00,0.0,999.5,1000.7,999.5,2087,28.3,24.0,28.7,26.9,24.9,22.9,85,72,78,236,0.0,0.0,N,PA,OBIDOS,A232,-1.880789,-55.519856,89.64
1847,2019-11-04,20:00,0.0,996.2,996.8,996.2,1002,29.9,25.0,29.9,28.8,25.2,24.1,79,73,75,236,0.0,0.0,N,PA,OBIDOS,A232,-1.880789,-55.519856,89.64
1848,2019-11-05,00:00,0.0,998.1,998.1,997.2,-9999,25.1,24.0,25.2,25.1,24.0,23.8,94,93,94,236,0.0,0.0,N,PA,OBIDOS,A232,-1.880789,-55.519856,89.64
1849,2019-11-05,04:00,0.0,998.7,999.2,998.7,-9999,23.8,22.6,24.8,23.8,23.7,22.6,94,93,93,236,0.0,0.0,N,PA,OBIDOS,A232,-1.880789,-55.519856,89.64
1850,2019-11-05,08:00,0.0,999.1,999.2,998.7,-9999,23.5,22.2,24.3,23.5,22.4,22.1,93,87,93,236,0.0,0.0,N,PA,OBIDOS,A232,-1.880789,-55.519856,89.64
1851,2019-11-05,12:00,0.0,1001.6,1001.7,1001.3,1458,28.0,22.7,28.0,25.8,23.1,22.2,84,73,73,236,0.0,0.0,N,PA,OBIDOS,A232,-1.880789,-55.519856,89.64
1852,2019-11-05,16:00,0.0,1000.1,1001.0,1000.1,2846,32.5,22.2,33.5,32.1,22.7,20.3,56,47,55,236,0.0,0.0,N,PA,OBIDOS,A232,-1.880789,-55.519856,89.64
1853,2019-11-05,20:00,0.0,997.5,997.8,997.4,1473,31.3,23.5,32.5,31.1,24.1,22.7,64,57,63,236,0.0,0.0,N,PA,OBIDOS,A232,-1.880789,-55.519856,89.64
1854,2019-11-06,00:00,0.0,998.1,998.1,997.6,-9999,25.1,22.5,26.8,25.1,23.8,22.0,86,78,85,236,0.0,0.0,N,PA,OBIDOS,A232,-1.880789,-55.519856,89.64
1855,2019-11-06,04:00,0.0,998.8,999.1,998.8,-9999,22.8,21.7,23.2,22.7,21.9,21.6,93,92,93,236,0.0,0.0,N,PA,OBIDOS,A232,-1.880789,-55.519856,89.64
1856,2019-11-06,08:00,0.0,999.4,999.4,998.9,-9999,22.6,21.4,22.8,22.6,21.7,21.4,94,93,93,236,0.0,0.0,N,PA,OBIDOS,A232,-1.880789,-55.519856,89.64
1857,2019-11-06,12:00,0.0,1002.0,1002.1,1001.5,1645,29.8,22.6,29.8,27.6,22.9,21.4,73,62,65,236,0.0,0.0,N,PA,OBIDOS,A232,-1.880789,-55.519856,89.64
1858,2019-11-06,16:00,0.0,999.7,1001.0,999.7,3010,33.9,19.6,34.1,32.5,20.7,18.5,48,40,43,236,0.0,0.0,N,PA,OBIDOS,A232,-1.880789,-55.519856,89.64
1859,2019-11-06,20:00,0.0,996.6,997.0,996.5,1343,31.6,22.2,33.2,31.6,22.6,21.3,57,50,57,236,0.0,0.0,N,PA,OBIDOS,A232,-1.880789,-55.519856,89.64
1860,2019-11-07,00:00,1.4,998.5,998.6,997.1,-9999,25.3,22.7,27.0,25.2,23.3,22.3,86,77,86,236,0.0,0.0,N,PA,OBIDOS,A232,-1.880789,-55.519856,89.64
1861,2019-11-07,04:00,0.0,998.4,999.1,998.4,-9999,22.9,21.9,23.2,22.9,22.1,21.9,94,93,94,236,0.0,0.0,N,PA,OBIDOS,A232,-1.880789,-55.519856,89.64
1862,2019-11-07,08:00,0.0,997.9,998.0,997.7,-9999,22.7,21.8,22.7,22.6,21.8,21.7,95,94,95,236,0.0,0.0,N,PA,OBIDOS,A232,-1.880789,-55.519856,89.64
1863,2019-11-07,12:00,0.0,1000.6,1000.6,999.8,1462,28.9,22.4,29.0,26.9,22.6,21.3,77,65,68,236,0.0,0.0,N,PA,OBIDOS,A232,-1.880789,-55.519856,89.64
1864,2019-11-07,16:00,0.0,998.6,999.6,998.6,3153,34.8,23.5,34.8,32.3,23.8,20.2,55,46,52,236,0.0,0.0,N,PA,OBIDOS,A232,-1.880789,-55.519856,89.64
1865,2019-11-07,20:00,0.0,996.0,996.4,996.0,1430,32.1,21.8,33.8,32.0,22.3,20.8,55,48,54,236,0.0,0.0,N,PA,OBIDOS,A232,-1.880789,-55.519856,89.64
1866,2019-11-08,00:00,0.0,997.4,997.4,997.1,-9999,25.3,22.3,25.5,25.1,22.3,21.1,84,77,83,236,0.0,0.0,N,PA,OBIDOS,A232,-1.880789,-55.519856,89.64
1867,2019-11-08,04:00,0.0,997.9,998.4,997.9,-9999,24.2,21.5,24.9,24.0,22.0,21.4,86,83,85,236,0.0,0.0,N,PA,OBIDOS,A232,-1.880789,-55.519856,89.64
1868,2019-11-08,08:00,0.0,997.3,997.3,996.9,-9999,23.0,21.4,23.0,22.7,21.5,21.4,93,91,91,236,0.0,0.0,N,PA,OBIDOS,A232,-1.880789,-55.519856,89.64
1869,2019-11-08,12:00,0.0,1000.4,1000.4,999.7,957,28.6,21.2,29.1,27.5,23.0,21.2,73,63,64,236,0.0,0.0,N,PA,OBIDOS,A232,-1.880789,-55.519856,89.64
1870,2019-11-08,16:00,0.0,998.2,999.1,998.2,2537,32.4,22.5,34.9,32.0,23.8,22.0,59,51,56,236,0.0,0.0,N,PA,OBIDOS,A232,-1.880789,-55.519856,89.64
1871,2019-11-08,20:00,0.0,994.5,994.9,994.5,690,30.2,23.1,30.8,29.3,23.9,22.6,70,62,66,236,0.0,0.0,N,PA,OBIDOS,A232,-1.880789,-55.519856,89.64
1872,2019-11-09,00:00,0.0,997.0,997.0,996.3,-9999,26.0,23.6,26.6,26.0,23.9,23.5,87,83,87,236,0.0,0.0,N,PA,OBIDOS,A232,-1.880789,-55.519856,89.64
1873,2019-11-09,04:00,0.0,997.8,998.2,997.7,-9999,25.6,23.2,25.8,25.5,23.6,23.2,88,86,86,236,0.0,0.0,N,PA,OBIDOS,A232,-1.880789,-55.519856,89.64
1874,2019-11-09,08:00,0.8,997.3,997.4,997.0,-9999,24.0,22.9,24.1,24.0,22.9,22.8,93,92,93,236,0.0,0.0,N,PA,OBIDOS,A232,-1.880789,-55.519856,89.64
1875,2019-11-09,12:00,0.0,1001.5,1001.5,1000.6,151,25.2,24.2,25.2,24.5,24.2,23.5,94,94,94,236,0.0,0.0,N,PA,OBIDOS,A232,-1.880789,-55.519856,89.64
1876,2019-11-09,16:00,0.0,1000.4,1001.3,1000.4,1050,27.4,24.6,27.7,27.0,25.2,24.1,88,83,85,236,0.0,0.0,N,PA,OBIDOS,A232,-1.880789,-55.519856,89.64
1877,2019-11-09,20:00,0.0,996.4,997.3,996.4,749,28.2,24.1,28.8,27.6,24.6,23.7,82,75,78,236,0.0,0.0,N,PA,OBIDOS,A232,-1.880789,-55.519856,89.64
1878,2019-11-10,00:00,0.0,997.6,997.6,997.1,-9999,24.4,23.3,24.7,24.3,23.5,23.2,94,93,94,236,0.0,0.0,N,PA,OBIDOS,A232,-1.880789,-55.519856,89.64
1879,2019-11-10,04:00,0.0,998.1,998.2,998.1,-9999,23.9,23.0,23.9,23.8,23.0,22.8,94,94,94,236,0.0,0.0,N,PA,OBIDOS,A232,-1.880789,-55.519856,89.64
1880,2019-11-10,08:00,0.0,998.3,998.3,997.6,-9999,23.8,22.8,24.2,23.7,23.2,22.7,94,94,94,236,0.0,0.0,N,PA,OBIDOS,A232,-1.880789,-55.519856,89.64
1881,2019-11-10,12:00,0.0,1001.7,1001.7,1001.0,1675,29.0,22.6,29.0,26.6,23.9,22.6,83,68,69,236,0.0,0.0,N,PA,OBIDOS,A232,-1.880789,-55.519856,89.64
1882,2019-11-10,16:00,0.0,999.8,1000.7,999.8,2268,33.8,22.5,33.8,31.5,23.1,20.0,58,46,52,236,0.0,0.0,N,PA,OBIDOS,A232,-1.880789,-55.519856,89.64
1883,2019-11-10,20:00,0.0,996.8,997.4,996.7,1038,29.6,23.8,31.6,29.5,24.6,21.0,74,54,71,236,0.0,0.0,N,PA,OBIDOS,A232,-1.880789,-55.519856,89.64
1884,2019-11-11,00:00,26.2,998.9,999.6,997.6,2,22.2,21.3,26.7,21.3,24.5,20.3,95,80,95,236,0.0,0.0,N,PA,OBIDOS,A232,-1.880789,-55.519856,89.64
1885,2019-11-11,04:00,0.0,999.5,999.5,999.3,-9999,23.4,22.6,23.4,23.2,22.6,22.4,95,95,95,236,0.0,0.0,N,PA,OBIDOS,A232,-1.880789,-55.519856,89.64
1886,2019-11-11,08:00,0.0,998.1,998.1,997.8,-9999,22.8,22.0,22.9,22.8,22.1,22.0,95,95,95,236,0.0,0.0,N,PA,OBIDOS,A232,-1.880789,-55.519856,89.64
1887,2019-11-11,12:00,0.0,1000.7,1000.8,1000.4,1454,28.3,23.9,28.4,26.2,25.5,22.9,92,73,77,236,0.0,0.0,N,PA,OBIDOS,A232,-1.880789,-55.519856,89.64
1888,2019-11-11,16:00,0.0,998.7,999.7,998.7,3424,33.6,22.1,33.6,32.0,22.7,19.8,57,45,51,236,0.0,0.0,N,PA,OBIDOS,A232,-1.880789,-55.519856,89.64
1889,2019-11-11,20:00,0.0,995.3,995.6,995.3,1425,31.7,21.9,33.9,31.7,22.5,21.1,56,47,56,236,0.0,0.0,N,PA,OBIDOS,A232,-1.880789,-55.519856,89.64
1890,2019-11-12,00:00,0.0,997.4,997.5,996.6,-9999,26.6,23.6,27.2,26.4,24.2,23.2,85,80,84,236,0.0,0.0,N,PA,OBIDOS,A232,-1.880789,-55.519856,89.64
1891,2019-11-12,04:00,0.0,998.3,998.9,998.3,-9999,24.9,23.1,25.9,24.9,23.3,22.8,90,83,90,236,0.0,0.0,N,PA,OBIDOS,A232,-1.880789,-55.519856,89.64
1892,2019-11-12,08:00,0.0,997.4,997.4,997.1,-9999,23.9,22.7,24.1,23.9,22.9,22.7,93,93,93,236,0.0,0.0,N,PA,OBIDOS,A232,-1.880789,-55.519856,89.64
1893,2019-11-12,12:00,0.0,1000.2,1000.2,999.3,1297,28.7,22.6,29.3,27.2,23.5,21.8,77,64,70,236,0.0,0.0,N,PA,OBIDOS,A232,-1.880789,-55.519856,89.64
1894,2019-11-12,16:00,0.0,998.6,999.8,998.6,2499,33.5,23.7,33.7,32.0,25.1,21.7,63,53,57,236,0.0,0.0,N,PA,OBIDOS,A232,-1.880789,-55.519856,89.64
1895,2019-11-12,20:00,0.0,995.3,995.9,995.2,863,31.1,23.9,31.9,31.1,24.6,22.4,67,57,65,236,0.0,0.0,N,PA,OBIDOS,A232,-1.880789,-55.519856,89.64
1896,2019-11-13,00:00,0.0,997.9,997.9,996.9,-9999,25.8,24.5,25.9,25.7,24.5,24.1,92,90,92,236,0.0,0.0,N,PA,OBIDOS,A232,-1.880789,-55.519856,89.64
1897,2019-11-13,04:00,0.0,998.6,999.1,998.4,-9999,24.6,23.5,24.8,24.5,23.7,23.3,94,93,93,236,0.0,0.0,N,PA,OBIDOS,A232,-1.880789,-55.519856,89.64
1898,2019-11-13,08:00,0.0,997.8,997.8,997.5,-9999,25.2,24.1,25.2,25.1,24.2,24.0,94,94,94,236,0.0,0.0,N,PA,OBIDOS,A232,-1.880789,-55.519856,89.64
1899,2019-11-13,12:00,0.0,1001.3,1001.3,1000.4,274,26.2,24.3,26.4,25.8,24.7,24.1,92,89,89,236,0.0,0.0,N,PA,OBIDOS,A232,-1.880789,-55.519856,89.64
1900,2019-11-13,16:00,0.0,999.8,1000.9,999.8,1648,30.6,24.1,30.9,28.4,25.2,23.9,81,68,69,236,0.0,0.0,N,PA,OBIDOS,A232,-1.880789,-55.519856,89.64
1901,2019-11-13,20:00,0.0,996.2,996.8,996.2,1317,31.3,24.6,32.0,31.0,25.2,23.9,69,64,68,236,0.0,0.0,N,PA,OBIDOS,A232,-1.880789,-55.519856,89.64
1902,2019-11-14,00:00,0.0,998.7,998.7,997.3,-9999,24.1,22.0,25.0,24.1,22.1,21.7,88,83,88,236,0.0,0.0,N,PA,OBIDOS,A232,-1.880789,-55.519856,89.64
1903,2019-11-14,04:00,0.0,999.8,1000.4,999.8,-9999,23.3,21.7,24.0,23.2,21.8,21.5,91,88,91,236,0.0,0.0,N,PA,OBIDOS,A232,-1.880789,-55.519856,89.64
1904,2019-11-14,08:00,0.0,998.6,998.6,998.4,-9999,22.8,21.8,22.9,22.7,21.9,21.6,94,94,94,236,0.0,0.0,N,PA,OBIDOS,A232,-1.880789,-55.519856,89.64
1905,2019-11-14,12:00,0.0,1001.9,1001.9,1000.7,411,24.7,23.0,24.8,24.1,23.4,22.7,94,90,90,236,0.0,0.0,N,PA,OBIDOS,A232,-1.880789,-55.519856,89.64
1906,2019-11-14,16:00,0.0,1001.0,1002.0,1001.0,1693,29.6,23.8,29.8,28.4,25.5,22.8,83,67,71,236,0.0,0.0,N,PA,OBIDOS,A232,-1.880789,-55.519856,89.64
1907,2019-11-14,20:00,0.0,998.1,998.1,997.8,1260,29.9,24.2,31.3,29.9,24.8,23.0,73,63,72,236,0.0,0.0,N,PA,OBIDOS,A232,-1.880789,-55.519856,89.64
1908,2019-11-15,00:00,0.0,999.4,999.4,998.9,-9999,24.3,22.4,25.4,24.3,23.6,22.3,90,87,89,236,0.0,0.0,N,PA,OBIDOS,A232,-1.880789,-55.519856,89.64
1909,2019-11-15,04:00,0.0,999.8,1000.3,999.8,-9999,23.7,21.9,23.7,23.5,22.2,21.8,92,89,89,236,0.0,0.0,N,PA,OBIDOS,A232,-1.880789,-55.519856,89.64
1910,2019-11-15,08:00,0.0,998.7,998.7,998.4,-9999,23.2,22.2,23.2,23.0,22.2,22.0,94,94,94,236,0.0,0.0,N,PA,OBIDOS,A232,-1.880789,-55.519856,89.64
1911,2019-11-15,12:00,0.0,1001.3,1001.3,1000.6,423,26.0,23.8,26.0,24.6,23.9,22.7,91,87,88,236,0.0,0.0,N,PA,OBIDOS,A232,-1.880789,-55.519856,89.64
1912,2019-11-15,16:00,0.0,999.4,1000.1,999.4,1065,29.1,24.3,29.1,28.7,24.7,24.0,79,74,75,236,0.0,0.0,N,PA,OBIDOS,A232,-1.880789,-55.519856,89.64
1913,2019-11-15,20:00,0.0,996.1,996.4,996.1,490,27.9,24.8,29.1,27.9,25.2,24.4,84,77,84,236,0.0,0.0,N,PA,OBIDOS,A232,-1.880789,-55.519856,89.64
1914,2019-11-16,00:00,0.0,997.7,997.7,996.8,-9999,25.3,24.2,25.3,24.9,24.2,23.8,94,93,94,236,0.0,0.0,N,PA,OBIDOS,A232,-1.880789,-55.519856,89.64
1915,2019-11-16,04:00,0.0,997.8,998.4,997.8,-9999,24.4,23.4,25.0,24.4,24.0,23.4,94,94,94,236,0.0,0.0,N,PA,OBIDOS,A232,-1.880789,-55.519856,89.64
1916,2019-11-16,08:00,0.0,996.6,996.6,996.2,-9999,24.0,23.1,24.3,24.0,23.3,23.0,94,94,94,236,0.0,0.0,N,PA,OBIDOS,A232,-1.880789,-55.519856,89.64
1917,2019-11-16,12:00,0.0,999.0,999.0,998.4,987,28.2,23.1,28.2,26.2,25.0,23.0,91,74,74,236,0.0,0.0,N,PA,OBIDOS,A232,-1.880789,-55.519856,89.64
1918,2019-11-16,16:00,0.0,996.7,998.0,996.7,3179,34.2,22.4,34.4,32.0,24.2,21.2,62,49,50,236,0.0,0.0,N,PA,OBIDOS,A232,-1.880789,-55.519856,89.64
1919,2019-11-16,20:00,0.0,994.0,994.2,993.9,483,29.0,24.7,30.2,29.0,24.9,23.9,78,70,78,236,0.0,0.0,N,PA,OBIDOS,A232,-1.880789,-55.519856,89.64
1920,2019-11-17,00:00,0.0,997.2,997.2,996.2,-9999,25.9,23.7,27.1,25.9,25.1,23.7,89,86,88,236,0.0,0.0,N,PA,OBIDOS,A232,-1.880789,-55.519856,89.64
1921,2019-11-17,04:00,39.0,999.1,999.9,998.7,2,21.6,20.7,24.4,21.6,22.5,20.7,95,89,95,236,0.0,0.0,N,PA,OBIDOS,A232,-1.880789,-55.519856,89.64
1922,2019-11-17,08:00,0.2,997.4,997.4,997.1,-9999,21.4,20.6,21.5,21.3,20.7,20.5,95,95,95,236,0.0,0.0,N,PA,OBIDOS,A232,-1.880789,-55.519856,89.64
1923,2019-11-17,12:00,0.0,1000.3,1000.3,999.5,614,24.0,23.2,24.1,22.9,23.2,22.1,95,95,95,236,0.0,0.0,N,PA,OBIDOS,A232,-1.880789,-55.519856,89.64
1924,2019-11-17,16:00,0.0,999.7,1000.5,999.7,1770,28.3,21.8,28.6,27.5,23.9,21.6,77,67,68,236,0.0,0.0,N,PA,OBIDOS,A232,-1.880789,-55.519856,89.64
1925,2019-11-17,20:00,0.0,996.4,996.5,996.3,1330,28.8,23.2,29.5,28.5,23.9,22.4,76,66,72,236,0.0,0.0,N,PA,OBIDOS,A232,-1.880789,-55.519856,89.64
1926,2019-11-18,00:00,0.0,999.0,999.0,998.0,-9999,24.2,23.0,24.3,24.0,23.1,22.8,93,92,93,236,0.0,0.0,N,PA,OBIDOS,A232,-1.880789,-55.519856,89.64
1927,2019-11-18,04:00,0.0,999.6,1000.1,999.6,-9999,23.9,22.8,24.1,23.8,22.9,22.7,94,93,94,236,0.0,0.0,N,PA,OBIDOS,A232,-1.880789,-55.519856,89.64
1928,2019-11-18,08:00,0.0,999.2,999.2,998.8,-9999,23.7,22.6,23.8,23.6,22.7,22.5,94,94,94,236,0.0,0.0,N,PA,OBIDOS,A232,-1.880789,-55.519856,89.64
1929,2019-11-18,12:00,0.6,1002.1,1002.1,1001.1,223,23.9,22.8,24.0,23.5,23.0,22.5,94,94,94,236,0.0,0.0,N,PA,OBIDOS,A232,-1.880789,-55.519856,89.64
1930,2019-11-18,16:00,0.2,1001.7,1002.4,1001.7,525,24.4,23.3,24.4,23.3,23.3,22.1,94,93,93,236,0.0,0.0,N,PA,OBIDOS,A232,-1.880789,-55.519856,89.64
1931,2019-11-18,20:00,0.0,997.9,998.1,997.6,517,26.2,23.1,27.3,26.2,23.4,22.0,84,72,83,236,0.0,0.0,N,PA,OBIDOS,A232,-1.880789,-55.519856,89.64
1932,2019-11-19,00:00,0.0,999.2,999.2,998.4,-9999,22.8,21.9,23.0,22.8,22.0,21.9,94,94,94,236,0.0,0.0,N,PA,OBIDOS,A232,-1.880789,-55.519856,89.64
1933,2019-11-19,04:00,0.0,1000.1,1000.2,1000.1,-9999,23.9,22.2,24.0,23.2,22.5,22.2,95,90,90,236,0.0,0.0,N,PA,OBIDOS,A232,-1.880789,-55.519856,89.64
1934,2019-11-19,08:00,0.0,999.3,999.3,998.9,-9999,22.6,21.6,22.7,22.6,21.7,21.5,94,93,94,236,0.0,0.0,N,PA,OBIDOS,A232,-1.880789,-55.519856,89.64
1935,2019-11-19,12:00,0.0,1002.1,1002.1,1001.4,856,26.1,22.2,26.2,24.1,22.8,22.2,89,79,79,236,0.0,0.0,N,PA,OBIDOS,A232,-1.880789,-55.519856,89.64
1936,2019-11-19,16:00,0.0,1000.6,1001.4,1000.5,2057,30.2,22.3,30.6,29.8,24.1,21.2,70,58,63,236,0.0,0.0,N,PA,OBIDOS,A232,-1.880789,-55.519856,89.64
1937,2019-11-19,20:00,0.0,997.2,998.2,997.2,1489,30.1,23.0,30.2,29.1,23.2,22.1,69,62,66,236,0.0,0.0,N,PA,OBIDOS,A232,-1.880789,-55.519856,89.64
1938,2019-11-20,00:00,0.0,999.7,999.7,998.9,-9999,23.7,21.7,25.1,23.7,21.8,21.2,88,79,88,236,0.0,0.0,N,PA,OBIDOS,A232,-1.880789,-55.519856,89.64
1939,2019-11-20,04:00,0.0,1000.6,1001.0,1000.6,-9999,23.8,22.3,24.0,23.8,22.5,22.3,92,91,91,236,0.0,0.0,N,PA,OBIDOS,A232,-1.880789,-55.519856,89.64
1940,2019-11-20,08:00,0.0,999.6,999.6,999.3,-9999,23.3,22.1,23.5,23.2,22.2,21.9,93,92,93,236,0.0,0.0,N,PA,OBIDOS,A232,-1.880789,-55.519856,89.64
1941,2019-11-20,12:00,0.0,1002.6,1002.6,1002.1,560,26.3,22.8,26.3,24.9,22.8,21.8,85,79,81,236,0.0,0.0,N,PA,OBIDOS,A232,-1.880789,-55.519856,89.64
1942,2019-11-20,16:00,0.0,1000.9,1001.6,1000.9,2001,30.2,23.9,31.1,29.6,24.0,21.7,70,62,69,236,0.0,0.0,N,PA,OBIDOS,A232,-1.880789,-55.519856,89.64
1943,2019-11-20,20:00,0.0,997.2,997.9,997.1,987,29.5,23.8,31.5,29.3,24.5,22.9,75,63,72,236,0.0,0.0,N,PA,OBIDOS,A232,-1.880789,-55.519856,89.64
1944,2019-11-21,00:00,0.0,999.7,999.7,999.2,-9999,25.8,24.3,25.8,25.5,24.4,23.9,92,91,92,236,0.0,0.0,N,PA,OBIDOS,A232,-1.880789,-55.519856,89.64
1945,2019-11-21,04:00,0.0,1000.5,1000.8,1000.5,-9999,25.2,23.9,25.4,25.2,24.1,23.9,93,92,92,236,0.0,0.0,N,PA,OBIDOS,A232,-1.880789,-55.519856,89.64
1946,2019-11-21,08:00,0.0,999.5,999.5,999.2,-9999,24.6,23.4,24.6,24.4,23.4,23.3,94,93,93,236,0.0,0.0,N,PA,OBIDOS,A232,-1.880789,-55.519856,89.64
1947,2019-11-21,12:00,0.0,1002.3,1002.3,1001.6,464,26.4,23.6,26.4,25.3,24.1,23.4,90,84,84,236,0.0,0.0,N,PA,OBIDOS,A232,-1.880789,-55.519856,89.64
1948,2019-11-21,16:00,0.0,1000.6,1001.2,1000.5,1059,28.5,24.5,28.5,27.9,24.8,23.7,82,76,79,236,0.0,0.0,N,PA,OBIDOS,A232,-1.880789,-55.519856,89.64
1949,2019-11-21,20:00,0.4,998.0,998.7,998.0,230,22.5,21.5,22.6,22.4,21.6,21.4,94,94,94,236,0.0,0.0,N,PA,OBIDOS,A232,-1.880789,-55.519856,89.64
1950,2019-11-22,00:00,0.0,998.9,998.9,998.3,-9999,21.9,21.0,21.9,21.8,21.0,20.9,95,95,95,236,0.0,0.0,N,PA,OBIDOS,A232,-1.880789,-55.519856,89.64
1951,2019-11-22,04:00,0.0,1000.5,1000.6,1000.4,-9999,21.8,21.0,22.0,21.8,21.1,20.9,95,95,95,236,0.0,0.0,N,PA,OBIDOS,A232,-1.880789,-55.519856,89.64
1952,2019-11-22,08:00,0.0,999.7,999.7,999.4,-9999,21.8,20.9,21.9,21.8,21.0,20.9,95,94,95,236,0.0,0.0,N,PA,OBIDOS,A232,-1.880789,-55.519856,89.64
1953,2019-11-22,12:00,0.0,1002.4,1002.4,1001.7,1470,25.5,21.9,25.7,23.2,22.5,21.8,94,80,81,236,0.0,0.0,N,PA,OBIDOS,A232,-1.880789,-55.519856,89.64
1954,2019-11-22,16:00,0.0,1001.1,1002.1,1001.1,1541,29.6,23.8,30.4,28.9,24.0,20.8,72,59,71,236,0.0,0.0,N,PA,OBIDOS,A232,-1.880789,-55.519856,89.64
1955,2019-11-22,20:00,0.0,997.7,998.1,997.6,1122,29.1,23.8,29.6,29.1,24.5,23.2,76,69,73,236,0.0,0.0,N,PA,OBIDOS,A232,-1.880789,-55.519856,89.64
1956,2019-11-23,00:00,0.0,1000.3,1000.3,999.9,-9999,24.6,23.2,25.2,24.6,23.7,23.2,92,91,92,236,0.0,0.0,N,PA,OBIDOS,A232,-1.880789,-55.519856,89.64
1957,2019-11-23,04:00,0.0,1000.4,1000.8,1000.4,-9999,23.8,22.8,24.0,23.7,22.9,22.7,94,94,94,236,0.0,0.0,N,PA,OBIDOS,A232,-1.880789,-55.519856,89.64
1958,2019-11-23,08:00,0.0,999.2,999.2,998.8,-9999,23.6,22.6,23.9,23.5,22.8,22.4,94,94,94,236,0.0,0.0,N,PA,OBIDOS,A232,-1.880789,-55.519856,89.64
1959,2019-11-23,12:00,0.0,1002.5,1002.5,1001.8,1225,27.6,22.9,27.6,25.1,23.8,22.5,91,76,76,236,0.0,0.0,N,PA,OBIDOS,A232,-1.880789,-55.519856,89.64
1960,2019-11-23,16:00,0.0,1001.1,1002.0,1001.1,2442,31.6,23.6,32.5,29.8,24.5,22.0,72,54,63,236,0.0,0.0,N,PA,OBIDOS,A232,-1.880789,-55.519856,89.64
1961,2019-11-23,20:00,0.0,997.1,997.7,997.1,1043,29.5,24.0,31.3,28.9,24.2,23.1,74,64,72,236,0.0,0.0,N,PA,OBIDOS,A232,-1.880789,-55.519856,89.64
1962,2019-11-24,00:00,0.0,999.6,999.6,998.7,-9999,24.8,22.6,25.2,24.6,23.0,22.5,89,86,88,236,0.0,0.0,N,PA,OBIDOS,A232,-1.880789,-55.519856,89.64
1963,2019-11-24,04:00,0.0,1000.3,1000.8,1000.3,-9999,23.9,21.1,24.7,23.8,21.9,21.1,86,83,85,236,0.0,0.0,N,PA,OBIDOS,A232,-1.880789,-55.519856,89.64
1964,2019-11-24,08:00,0.0,999.7,999.7,999.3,-9999,21.8,20.8,22.1,21.8,20.9,20.8,94,93,94,236,0.0,0.0,N,PA,OBIDOS,A232,-1.880789,-55.519856,89.64
1965,2019-11-24,12:00,0.0,1001.9,1001.9,1001.3,1411,28.2,22.1,28.2,26.2,22.3,21.1,75,69,70,236,0.0,0.0,N,PA,OBIDOS,A232,-1.880789,-55.519856,89.64
1966,2019-11-24,16:00,0.0,1000.2,1001.0,1000.2,2391,31.5,22.2,32.4,30.6,22.6,21.0,61,53,58,236,0.0,0.0,N,PA,OBIDOS,A232,-1.880789,-55.519856,89.64
1967,2019-11-24,20:00,0.0,996.8,997.3,996.8,1416,30.9,22.9,32.4,30.8,23.5,22.4,64,58,62,236,0.0,0.0,N,PA,OBIDOS,A232,-1.880789,-55.519856,89.64
1968,2019-11-25,00:00,0.0,999.0,999.0,997.9,-9999,25.2,22.5,26.3,25.2,22.9,22.4,86,80,85,236,0.0,0.0,N,PA,OBIDOS,A232,-1.880789,-55.519856,89.64
1969,2019-11-25,04:00,0.0,999.6,1000.1,999.6,-9999,24.1,22.5,24.9,24.1,22.6,22.1,91,85,91,236,0.0,0.0,N,PA,OBIDOS,A232,-1.880789,-55.519856,89.64
1970,2019-11-25,08:00,0.0,998.3,998.3,998.0,-9999,22.9,21.9,23.3,22.9,22.2,21.9,94,94,94,236,0.0,0.0,N,PA,OBIDOS,A232,-1.880789,-55.519856,89.64
1971,2019-11-25,12:00,0.0,1001.3,1001.3,1000.7,1559,28.5,22.2,28.6,26.7,22.8,21.8,79,68,69,236,0.0,0.0,N,PA,OBIDOS,A232,-1.880789,-55.519856,89.64
1972,2019-11-25,16:00,0.0,999.0,1000.1,999.0,2692,31.3,23.5,33.8,31.3,24.1,21.8,64,51,63,236,0.0,0.0,N,PA,OBIDOS,A232,-1.880789,-55.519856,89.64
1973,2019-11-25,20:00,0.0,995.7,996.2,995.7,936,30.7,23.5,31.8,30.7,24.1,22.6,67,60,66,236,0.0,0.0,N,PA,OBIDOS,A232,-1.880789,-55.519856,89.64
1974,2019-11-26,00:00,0.0,997.2,997.2,996.3,-9999,25.3,23.2,26.1,25.3,23.8,23.2,89,87,88,236,0.0,0.0,N,PA,OBIDOS,A232,-1.880789,-55.519856,89.64
1975,2019-11-26,04:00,0.0,998.5,998.6,998.4,-9999,24.0,22.2,24.6,24.0,22.5,22.1,90,87,90,236,0.0,0.0,N,PA,OBIDOS,A232,-1.880789,-55.519856,89.64
1976,2019-11-26,08:00,0.0,997.6,997.6,997.2,-9999,23.0,21.9,23.1,23.0,22.1,21.9,94,94,94,236,0.0,0.0,N,PA,OBIDOS,A232,-1.880789,-55.519856,89.64
1977,2019-11-26,12:00,0.0,1000.0,1000.1,999.4,1527,28.9,22.4,29.1,27.2,23.0,22.2,75,67,68,236,0.0,0.0,N,PA,OBIDOS,A232,-1.880789,-55.519856,89.64
1978,2019-11-26,16:00,0.0,998.6,999.0,998.5,2804,31.6,22.0,33.3,31.4,23.1,21.6,59,50,57,236,0.0,0.0,N,PA,OBIDOS,A232,-1.880789,-55.519856,89.64
1979,2019-11-26,20:00,0.0,995.7,996.2,995.7,1241,31.3,24.0,31.7,30.1,24.7,23.5,71,63,65,236,0.0,0.0,N,PA,OBIDOS,A232,-1.880789,-55.519856,89.64
1980,2019-11-27,00:00,0.0,997.4,997.5,996.5,-9999,26.5,24.0,26.8,25.9,24.0,23.6,88,84,86,236,0.0,0.0,N,PA,OBIDOS,A232,-1.880789,-55.519856,89.64
1981,2019-11-27,04:00,0.0,998.8,998.9,998.7,-9999,24.2,23.0,25.3,24.2,23.5,22.9,93,89,93,236,0.0,0.0,N,PA,OBIDOS,A232,-1.880789,-55.519856,89.64
1982,2019-11-27,08:00,0.0,998.3,998.4,997.8,-9999,22.9,22.0,23.4,22.9,22.4,22.0,94,94,94,236,0.0,0.0,N,PA,OBIDOS,A232,-1.880789,-55.519856,89.64
1983,2019-11-27,12:00,0.0,1000.3,1000.3,999.9,1407,27.7,22.6,27.7,25.9,22.9,21.9,82,72,74,236,0.0,0.0,N,PA,OBIDOS,A232,-1.880789,-55.519856,89.64
1984,2019-11-27,16:00,0.0,999.6,1000.3,999.6,2828,31.7,20.2,32.7,31.6,21.4,19.5,53,47,51,236,0.0,0.0,N,PA,OBIDOS,A232,-1.880789,-55.519856,89.64
1985,2019-11-27,20:00,0.0,997.2,997.6,997.2,703,29.0,23.4,30.2,29.0,23.8,22.3,72,63,72,236,0.0,0.0,N,PA,OBIDOS,A232,-1.880789,-55.519856,89.64
1986,2019-11-28,00:00,0.0,998.7,998.7,997.9,-9999,25.0,23.4,25.1,25.0,23.5,23.3,91,90,91,236,0.0,0.0,N,PA,OBIDOS,A232,-1.880789,-55.519856,89.64
1987,2019-11-28,04:00,0.0,999.4,999.7,999.3,-9999,24.8,22.4,24.8,24.1,22.7,22.3,91,86,87,236,0.0,0.0,N,PA,OBIDOS,A232,-1.880789,-55.519856,89.64
1988,2019-11-28,08:00,0.0,998.8,998.8,998.3,-9999,22.7,21.6,22.8,22.7,21.8,21.5,94,93,94,236,0.0,0.0,N,PA,OBIDOS,A232,-1.880789,-55.519856,89.64
1989,2019-11-28,12:00,0.0,1001.4,1001.4,1000.8,1467,28.6,22.0,28.8,26.3,22.9,21.7,79,66,67,236,0.0,0.0,N,PA,OBIDOS,A232,-1.880789,-55.519856,89.64
1990,2019-11-28,16:00,0.0,1000.0,1001.0,1000.0,2777,32.1,21.4,34.3,31.4,21.9,19.5,56,45,53,236,0.0,0.0,N,PA,OBIDOS,A232,-1.880789,-55.519856,89.64
1991,2019-11-28,20:00,0.0,996.9,997.3,996.9,1404,31.8,21.9,33.3,31.5,22.5,21.4,57,51,56,236,0.0,0.0,N,PA,OBIDOS,A232,-1.880789,-55.519856,89.64
1992,2019-11-29,00:00,0.0,998.2,998.2,997.7,-9999,25.4,23.4,25.7,25.4,23.4,22.9,89,84,89,236,0.0,0.0,N,PA,OBIDOS,A232,-1.880789,-55.519856,89.64
1993,2019-11-29,04:00,0.0,998.7,999.0,998.7,-9999,25.1,23.2,25.5,25.1,23.7,23.2,90,89,90,236,0.0,0.0,N,PA,OBIDOS,A232,-1.880789,-55.519856,89.64
1994,2019-11-29,08:00,0.0,997.9,997.9,997.7,-9999,23.5,22.3,24.0,23.5,22.3,22.2,93,90,93,236,0.0,0.0,N,PA,OBIDOS,A232,-1.880789,-55.519856,89.64
1995,2019-11-29,12:00,0.0,1000.7,1000.7,1000.1,1306,29.2,23.0,29.2,27.2,23.3,22.4,77,68,69,236,0.0,0.0,N,PA,OBIDOS,A232,-1.880789,-55.519856,89.64
1996,2019-11-29,16:00,0.0,999.2,999.8,999.2,1513,31.4,23.4,32.7,30.4,23.9,21.5,68,53,63,236,0.0,0.0,N,PA,OBIDOS,A232,-1.880789,-55.519856,89.64
1997,2019-11-29,20:00,0.0,996.5,996.9,996.5,1398,32.2,23.2,33.1,32.1,23.5,22.1,60,53,59,236,0.0,0.0,N,PA,OBIDOS,A232,-1.880789,-55.519856,89.64
1998,2019-11-30,00:00,0.0,997.9,997.9,997.5,-9999,26.1,23.4,26.4,25.8,23.5,23.3,87,83,85,236,0.0,0.0,N,PA,OBIDOS,A232,-1.880789,-55.519856,89.64
1999,2019-11-30,04:00,0.0,999.0,999.3,998.9,-9999,24.0,22.7,24.4,24.0,23.0,22.7,93,92,93,236,0.0,0.0,N,PA,OBIDOS,A232,-1.880789,-55.519856,89.64
2000,2019-11-30,08:00,0.0,998.5,998.5,998.3,-9999,23.0,21.9,23.5,23.0,22.3,21.9,94,93,93,236,0.0,0.0,N,PA,OBIDOS,A232,-1.880789,-55.519856,89.64
2001,2019-11-30,12:00,0.0,1001.2,1001.2,1000.3,1416,29.2,22.5,29.2,26.9,23.2,22.1,77,67,67,236,0.0,0.0,N,PA,OBIDOS,A232,-1.880789,-55.519856,89.64
2002,2019-11-30,16:00,0.0,999.7,1000.5,999.7,2337,33.5,22.6,33.5,31.5,24.5,21.9,65,53,53,236,0.0,0.0,N,PA,OBIDOS,A232,-1.880789,-55.519856,89.64
2003,2019-11-30,20:00,0.0,996.9,997.2,996.9,1405,32.2,22.4,33.0,32.2,23.8,21.9,60,54,56,236,0.0,0.0,N,PA,OBIDOS,A232,-1.880789,-55.519856,89.64
2004,2019-12-01,00:00,0.0,998.2,998.3,997.1,-9999,26.7,23.4,26.8,26.2,23.4,23.2,84,82,82,236,0.0,0.0,N,PA,OBIDOS,A232,-1.880789,-55.519856,89.64
2005,2019-12-01,04:00,0.0,999.9,999.9,999.6,-9999,23.3,21.7,23.6,23.3,21.9,21.6,91,90,90,236,0.0,0.0,N,PA,OBIDOS,A232,-1.880789,-55.519856,89.64
2006,2019-12-01,08:00,0.0,999.8,999.8,999.4,-9999,23.1,21.9,23.1,22.8,21.9,21.6,93,92,93,236,0.0,0.0,N,PA,OBIDOS,A232,-1.880789,-55.519856,89.64
2007,2019-12-01,12:00,0.0,1002.7,1002.7,1002.1,1376,29.4,21.6,29.4,27.1,22.0,21.0,71,63,63,236,0.0,0.0,N,PA,OBIDOS,A232,-1.880789,-55.519856,89.64
2008,2019-12-01,16:00,0.0,1000.7,1001.6,1000.7,3455,33.6,20.0,34.3,33.1,20.8,19.6,47,43,45,236,0.0,0.0,N,PA,OBIDOS,A232,-1.880789,-55.519856,89.64
2009,2019-12-01,20:00,0.0,998.6,998.9,998.6,1355,31.7,23.9,33.6,31.5,23.9,18.1,64,41,64,236,0.0,0.0,N,PA,OBIDOS,A232,-1.880789,-55.519856,89.64
2010,2019-12-02,00:00,0.0,999.8,999.8,999.2,-9999,25.4,23.0,26.8,25.4,23.2,23.0,87,80,87,236,0.0,0.0,N,PA,OBIDOS,A232,-1.880789,-55.519856,89.64
2011,2019-12-02,04:00,0.0,1000.1,1000.3,1000.1,-9999,23.2,21.8,23.3,23.2,21.8,21.6,92,90,92,236,0.0,0.0,N,PA,OBIDOS,A232,-1.880789,-55.519856,89.64
2012,2019-12-02,08:00,0.0,999.9,999.9,999.5,-9999,22.1,20.9,22.6,22.1,21.4,20.9,93,93,93,236,0.0,0.0,N,PA,OBIDOS,A232,-1.880789,-55.519856,89.64
2013,2019-12-02,12:00,0.0,1002.6,1002.6,1001.3,1531,28.7,21.4,28.7,26.7,21.7,20.9,72,64,65,236,0.0,0.0,N,PA,OBIDOS,A232,-1.880789,-55.519856,89.64
2014,2019-12-02,16:00,0.0,1001.3,1002.1,1001.3,3194,33.0,20.2,34.1,32.1,21.4,19.5,50,44,47,236,0.0,0.0,N,PA,OBIDOS,A232,-1.880789,-55.519856,89.64
2015,2019-12-02,20:00,0.0,998.8,999.2,998.8,1523,30.9,21.8,32.2,30.9,22.2,21.3,59,53,58,236,0.0,0.0,N,PA,OBIDOS,A232,-1.880789,-55.519856,89.64
2016,2019-12-03,00:00,0.0,999.2,999.2,998.6,-9999,25.4,21.3,25.5,25.0,22.1,21.3,82,77,78,236,0.0,0.0,N,PA,OBIDOS,A232,-1.880789,-55.519856,89.64
2017,2019-12-03,04:00,0.0,999.2,999.6,999.2,-9999,23.5,21.6,24.1,23.5,22.0,21.5,89,88,89,236,0.0,0.0,N,PA,OBIDOS,A232,-1.880789,-55.519856,89.64
2018,2019-12-03,08:00,0.0,998.5,998.5,998.3,-9999,24.3,20.5,24.8,24.2,20.8,19.9,82,75,79,236,0.0,0.0,N,PA,OBIDOS,A232,-1.880789,-55.519856,89.64
2019,2019-12-03,12:00,0.0,1002.2,1002.2,1001.6,1042,28.4,21.8,28.4,25.3,22.1,21.4,80,68,68,236,0.0,0.0,N,PA,OBIDOS,A232,-1.880789,-55.519856,89.64
2020,2019-12-03,16:00,0.0,1001.1,1001.5,1001.1,1467,32.0,22.6,33.5,30.5,22.6,20.5,61,47,58,236,0.0,0.0,N,PA,OBIDOS,A232,-1.880789,-55.519856,89.64
2021,2019-12-03,20:00,0.0,996.8,997.5,996.8,1509,32.6,22.0,33.4,31.8,23.0,21.5,57,51,54,236,0.0,0.0,N,PA,OBIDOS,A232,-1.880789,-55.519856,89.64
2022,2019-12-04,00:00,0.0,999.0,999.0,997.8,-9999,26.3,23.6,26.8,26.0,23.8,22.6,85,80,85,236,0.0,0.0,N,PA,OBIDOS,A232,-1.880789,-55.519856,89.64
2023,2019-12-04,04:00,0.0,1000.0,1000.3,1000.0,-9999,25.6,22.7,25.6,24.9,22.9,22.6,87,84,84,236,0.0,0.0,N,PA,OBIDOS,A232,-1.880789,-55.519856,89.64
2024,2019-12-04,08:00,0.0,999.3,999.3,998.9,-9999,23.3,22.2,23.5,23.2,22.4,22.1,94,93,94,236,0.0,0.0,N,PA,OBIDOS,A232,-1.880789,-55.519856,89.64
2025,2019-12-04,12:00,0.0,1002.0,1002.0,1001.5,1385,27.9,21.8,27.9,25.9,22.8,21.6,83,68,69,236,0.0,0.0,N,PA,OBIDOS,A232,-1.880789,-55.519856,89.64
2026,2019-12-04,16:00,0.0,1000.6,1001.3,1000.6,2084,31.3,22.2,33.6,31.2,23.3,20.9,60,48,59,236,0.0,0.0,N,PA,OBIDOS,A232,-1.880789,-55.519856,89.64
2027,2019-12-04,20:00,0.0,997.6,997.7,997.4,1304,31.8,22.4,32.8,31.4,23.3,21.9,59,54,58,236,0.0,0.0,N,PA,OBIDOS,A232,-1.880789,-55.519856,89.64
2028,2019-12-05,00:00,0.0,1000.0,1000.0,999.1,-9999,25.0,22.1,25.6,25.0,22.2,22.0,84,81,84,236,0.0,0.0,N,PA,OBIDOS,A232,-1.880789,-55.519856,89.64
2029,2019-12-05,04:00,0.0,1000.2,1000.8,1000.2,-9999,24.6,22.1,24.6,24.3,22.2,21.9,87,86,86,236,0.0,0.0,N,PA,OBIDOS,A232,-1.880789,-55.519856,89.64
2030,2019-12-05,08:00,0.0,998.9,999.0,998.9,-9999,23.8,21.9,24.1,23.8,22.0,21.9,89,88,89,236,0.0,0.0,N,PA,OBIDOS,A232,-1.880789,-55.519856,89.64
2031,2019-12-05,12:00,0.0,1002.4,1002.4,1001.5,1198,28.0,22.3,28.0,25.6,22.3,21.9,81,71,71,236,0.0,0.0,N,PA,OBIDOS,A232,-1.880789,-55.519856,89.64
2032,2019-12-05,16:00,0.0,1001.8,1002.8,1001.8,2341,31.5,22.2,32.4,31.1,23.3,21.0,63,52,58,236,0.0,0.0,N,PA,OBIDOS,A232,-1.880789,-55.519856,89.64
2033,2019-12-05,20:00,0.0,998.1,998.8,998.1,736,28.4,24.6,30.1,28.3,25.6,21.9,80,61,80,236,0.0,0.0,N,PA,OBIDOS,A232,-1.880789,-55.519856,89.64
2034,2019-12-06,00:00,0.0,1000.0,1000.0,999.0,-9999,24.4,22.7,25.9,24.4,23.1,22.7,91,84,91,236,0.0,0.0,N,PA,OBIDOS,A232,-1.880789,-55.519856,89.64
2035,2019-12-06,04:00,0.0,1000.5,1001.1,1000.5,-9999,23.1,22.0,23.2,23.0,22.1,21.9,94,93,94,236,0.0,0.0,N,PA,OBIDOS,A232,-1.880789,-55.519856,89.64
2036,2019-12-06,08:00,0.0,1000.2,1000.2,999.7,-9999,24.0,22.5,24.2,24.0,22.5,22.0,91,88,91,236,0.0,0.0,N,PA,OBIDOS,A232,-1.880789,-55.519856,89.64
2037,2019-12-06,12:00,0.0,1002.8,1002.8,1002.3,716,26.9,22.9,26.9,25.2,23.4,22.6,86,78,79,236,0.0,0.0,N,PA,OBIDOS,A232,-1.880789,-55.519856,89.64
2038,2019-12-06,16:00,0.0,1001.3,1002.2,1001.3,2766,32.1,22.2,32.3,30.8,22.3,20.8,58,53,56,236,0.0,0.0,N,PA,OBIDOS,A232,-1.880789,-55.519856,89.64
2039,2019-12-06,20:00,0.0,997.4,998.0,997.4,1103,29.6,23.2,30.2,25.8,25.2,22.9,91,65,69,236,0.0,0.0,N,PA,OBIDOS,A232,-1.880789,-55.519856,89.64
2040,2019-12-07,00:00,0.0,999.2,999.2,998.1,-9999,24.4,22.9,25.0,24.3,23.6,22.8,92,91,91,236,0.0,0.0,N,PA,OBIDOS,A232,-1.880789,-55.519856,89.64
2041,2019-12-07,04:00,0.0,999.9,1000.3,999.9,-9999,23.6,22.5,24.1,23.6,23.0,22.5,93,93,93,236,0.0,0.0,N,PA,OBIDOS,A232,-1.880789,-55.519856,89.64
2042,2019-12-07,08:00,0.0,999.3,999.3,999.0,-9999,22.9,21.9,23.2,22.9,22.1,21.9,94,94,94,236,0.0,0.0,N,PA,OBIDOS,A232,-1.880789,-55.519856,89.64
2043,2019-12-07,12:00,0.0,1002.3,1002.3,1001.5,1443,28.0,21.8,28.2,26.0,22.1,21.3,78,66,69,236,0.0,0.0,N,PA,OBIDOS,A232,-1.880789,-55.519856,89.64
2044,2019-12-07,16:00,0.0,1000.6,1001.4,1000.6,2583,33.8,22.0,33.8,31.0,22.7,20.7,60,50,50,236,0.0,0.0,N,PA,OBIDOS,A232,-1.880789,-55.519856,89.64
2045,2019-12-07,20:00,0.2,997.6,997.6,997.3,852,26.2,24.0,31.9,26.0,24.9,22.9,88,59,87,236,0.0,0.0,N,PA,OBIDOS,A232,-1.880789,-55.519856,89.64
2046,2019-12-08,00:00,0.0,999.6,999.6,998.6,-9999,24.3,23.0,24.4,24.1,23.1,22.8,93,92,93,236,0.0,0.0,N,PA,OBIDOS,A232,-1.880789,-55.519856,89.64
2047,2019-12-08,04:00,0.0,999.4,999.7,999.4,-9999,24.9,23.5,24.9,24.6,23.6,23.1,93,91,92,236,0.0,0.0,N,PA,OBIDOS,A232,-1.880789,-55.519856,89.64
2048,2019-12-08,08:00,0.0,998.8,999.0,998.5,-9999,24.0,22.8,24.5,24.0,23.2,22.8,93,91,93,236,0.0,0.0,N,PA,OBIDOS,A232,-1.880789,-55.519856,89.64
2049,2019-12-08,12:00,0.0,1002.3,1002.3,1001.7,1219,27.6,22.9,27.6,25.7,23.5,22.6,87,75,75,236,0.0,0.0,N,PA,OBIDOS,A232,-1.880789,-55.519856,89.64
2050,2019-12-08,16:00,0.0,1000.6,1001.3,1000.6,3028,32.0,23.5,32.1,30.3,23.9,22.2,66,58,61,236,0.0,0.0,N,PA,OBIDOS,A232,-1.880789,-55.519856,89.64
2051,2019-12-08,20:00,0.0,997.6,997.7,997.2,1670,30.9,23.5,32.0,30.6,24.3,22.9,67,61,65,236,0.0,0.0,N,PA,OBIDOS,A232,-1.880789,-55.519856,89.64
2052,2019-12-09,00:00,0.0,999.3,999.3,998.8,-9999,24.6,23.3,25.2,24.6,23.5,23.2,92,90,92,236,0.0,0.0,N,PA,OBIDOS,A232,-1.880789,-55.519856,89.64
2053,2019-12-09,04:00,0.0,1000.0,1000.4,1000.0,-9999,23.4,22.1,24.0,23.4,22.7,22.1,93,92,92,236,0.0,0.0,N,PA,OBIDOS,A232,-1.880789,-55.519856,89.64
2054,2019-12-09,08:00,0.0,999.0,999.1,998.9,-9999,23.1,21.8,23.3,23.0,21.9,21.6,93,90,92,236,0.0,0.0,N,PA,OBIDOS,A232,-1.880789,-55.519856,89.64
2055,2019-12-09,12:00,0.0,1002.5,1002.5,1001.4,11,23.5,22.3,23.7,23.4,22.3,22.1,93,91,93,236,0.0,0.0,N,PA,OBIDOS,A232,-1.880789,-55.519856,89.64
2056,2019-12-09,16:00,0.0,1000.6,1001.9,1000.6,2814,29.8,22.5,30.2,28.1,25.0,21.7,76,61,65,236,0.0,0.0,N,PA,OBIDOS,A232,-1.880789,-55.519856,89.64
2057,2019-12-09,20:00,20.4,997.9,998.2,997.1,290,24.7,23.7,29.4,23.6,23.8,21.6,94,69,94,236,0.0,0.0,N,PA,OBIDOS,A232,-1.880789,-55.519856,89.64
2058,2019-12-10,00:00,0.0,999.6,999.6,998.6,-9999,22.0,21.1,22.4,21.9,21.5,21.0,95,95,95,236,0.0,0.0,N,PA,OBIDOS,A232,-1.880789,-55.519856,89.64
2059,2019-12-10,04:00,0.0,999.4,1000.4,999.4,-9999,22.9,21.9,23.0,22.7,22.0,21.8,94,94,94,236,0.0,0.0,N,PA,OBIDOS,A232,-1.880789,-55.519856,89.64
2060,2019-12-10,08:00,0.0,998.5,998.5,998.3,-9999,23.4,22.1,23.4,23.1,22.2,22.0,94,93,93,236,0.0,0.0,N,PA,OBIDOS,A232,-1.880789,-55.519856,89.64
2061,2019-12-10,12:00,0.0,1001.9,1001.9,1001.2,1535,27.2,22.2,28.1,26.4,23.2,22.0,78,71,74,236,0.0,0.0,N,PA,OBIDOS,A232,-1.880789,-55.519856,89.64
2062,2019-12-10,16:00,0.0,1000.5,1001.5,1000.5,1360,28.5,22.3,30.8,28.5,22.9,21.6,71,59,69,236,0.0,0.0,N,PA,OBIDOS,A232,-1.880789,-55.519856,89.64
2063,2019-12-10,20:00,0.0,996.4,996.9,996.3,1240,30.4,21.7,31.9,30.3,22.6,20.9,63,53,60,236,0.0,0.0,N,PA,OBIDOS,A232,-1.880789,-55.519856,89.64
2064,2019-12-11,00:00,0.0,999.3,999.3,998.2,-9999,26.3,22.6,26.5,26.2,23.6,22.6,84,80,80,236,0.0,0.0,N,PA,OBIDOS,A232,-1.880789,-55.519856,89.64
2065,2019-12-11,04:00,1.0,1000.7,1001.1,1000.7,-9999,22.4,21.2,23.0,22.4,21.9,21.2,94,93,93,236,0.0,0.0,N,PA,OBIDOS,A232,-1.880789,-55.519856,89.64
2066,2019-12-11,08:00,0.4,998.9,999.2,998.9,-9999,22.2,21.2,22.2,22.1,21.3,21.1,94,94,94,236,0.0,0.0,N,PA,OBIDOS,A232,-1.880789,-55.519856,89.64
2067,2019-12-11,12:00,0.0,1001.4,1001.4,1000.4,540,24.5,22.7,24.5,23.2,22.8,22.0,94,89,89,236,0.0,0.0,N,PA,OBIDOS,A232,-1.880789,-55.519856,89.64
2068,2019-12-11,16:00,0.0,999.5,1000.3,999.5,1899,29.2,23.3,29.2,28.4,23.5,21.6,75,65,71,236,0.0,0.0,N,PA,OBIDOS,A232,-1.880789,-55.519856,89.64
2069,2019-12-11,20:00,0.0,995.7,996.3,995.7,733,29.8,23.3,30.3,28.2,24.9,22.7,80,67,68,236,0.0,0.0,N,PA,OBIDOS,A232,-1.880789,-55.519856,89.64
2070,2019-12-12,00:00,0.0,997.4,997.4,996.7,-9999,22.8,21.8,23.2,22.8,22.1,21.8,94,93,94,236,0.0,0.0,N,PA,OBIDOS,A232,-1.880789,-55.519856,89.64
2071,2019-12-12,04:00,0.0,998.5,999.1,998.5,-9999,23.1,21.8,23.3,23.1,21.9,21.7,92,91,92,236,0.0,0.0,N,PA,OBIDOS,A232,-1.880789,-55.519856,89.64
2072,2019-12-12,08:00,0.0,997.2,997.3,997.0,-9999,22.7,21.7,23.0,22.7,21.9,21.7,94,93,94,236,0.0,0.0,N,PA,OBIDOS,A232,-1.880789,-55.519856,89.64
2073,2019-12-12,12:00,0.0,1000.2,1000.2,999.2,847,26.3,23.1,26.3,25.1,23.3,22.2,88,79,82,236,0.0,0.0,N,PA,OBIDOS,A232,-1.880789,-55.519856,89.64
2074,2019-12-12,16:00,0.0,999.2,1000.0,999.2,3227,30.8,21.5,31.6,29.4,22.9,20.9,65,53,58,236,0.0,0.0,N,PA,OBIDOS,A232,-1.880789,-55.519856,89.64
2075,2019-12-12,20:00,0.0,995.6,996.0,995.6,1487,30.8,22.5,32.0,30.7,23.6,21.7,63,58,62,236,0.0,0.0,N,PA,OBIDOS,A232,-1.880789,-55.519856,89.64
2076,2019-12-13,00:00,0.0,998.6,998.6,997.9,-9999,22.7,21.7,23.2,22.7,22.2,21.6,94,94,94,236,0.0,0.0,N,PA,OBIDOS,A232,-1.880789,-55.519856,89.64
2077,2019-12-13,04:00,0.6,1000.1,1000.2,999.8,-9999,23.3,22.0,23.6,23.1,22.6,22.0,94,93,93,236,0.0,0.0,N,PA,OBIDOS,A232,-1.880789,-55.519856,89.64
2078,2019-12-13,08:00,0.0,998.5,998.5,997.9,-9999,22.2,21.3,22.3,21.9,21.3,20.9,95,94,95,236,0.0,0.0,N,PA,OBIDOS,A232,-1.880789,-55.519856,89.64
2079,2019-12-13,12:00,0.0,1000.5,1000.6,999.9,1098,26.7,23.0,26.7,24.1,23.1,22.1,90,78,80,236,0.0,0.0,N,PA,OBIDOS,A232,-1.880789,-55.519856,89.64
2080,2019-12-13,16:00,0.0,999.6,1000.6,999.6,2268,29.4,22.5,30.9,29.2,23.8,21.9,69,60,67,236,0.0,0.0,N,PA,OBIDOS,A232,-1.880789,-55.519856,89.64
2081,2019-12-13,20:00,0.0,995.1,996.0,995.1,1723,31.1,22.6,32.2,30.7,23.8,22.3,64,57,61,236,0.0,0.0,N,PA,OBIDOS,A232,-1.880789,-55.519856,89.64
2082,2019-12-14,00:00,0.0,998.0,998.0,996.8,-9999,25.0,23.1,25.2,24.8,23.3,22.7,91,87,89,236,0.0,0.0,N,PA,OBIDOS,A232,-1.880789,-55.519856,89.64
2083,2019-12-14,04:00,0.0,999.1,999.7,999.1,-9999,24.4,22.5,25.1,24.4,23.4,22.5,91,89,89,236,0.0,0.0,N,PA,OBIDOS,A232,-1.880789,-55.519856,89.64
2084,2019-12-14,08:00,0.0,998.8,998.8,998.5,-9999,22.4,21.4,22.7,22.4,21.6,21.4,94,94,94,236,0.0,0.0,N,PA,OBIDOS,A232,-1.880789,-55.519856,89.64
2085,2019-12-14,12:00,0.0,1001.9,1001.9,1001.3,1077,27.0,22.3,27.3,25.2,22.7,22.0,84,74,76,236,0.0,0.0,N,PA,OBIDOS,A232,-1.880789,-55.519856,89.64
2086,2019-12-14,16:00,0.0,1001.2,1002.0,1001.2,1826,30.0,22.8,30.2,29.1,24.1,22.7,74,65,65,236,0.0,0.0,N,PA,OBIDOS,A232,-1.880789,-55.519856,89.64
2087,2019-12-14,20:00,0.0,997.1,997.7,997.1,1517,31.3,23.3,31.9,30.8,24.0,22.5,66,59,62,236,0.0,0.0,N,PA,OBIDOS,A232,-1.880789,-55.519856,89.64
2088,2019-12-15,00:00,0.0,999.0,999.0,998.1,-9999,25.3,23.7,25.5,25.2,23.7,23.6,91,90,90,236,0.0,0.0,N,PA,OBIDOS,A232,-1.880789,-55.519856,89.64
2089,2019-12-15,04:00,0.0,1000.5,1000.8,1000.4,-9999,24.0,22.4,25.3,24.0,23.6,22.4,92,89,91,236,0.0,0.0,N,PA,OBIDOS,A232,-1.880789,-55.519856,89.64
2090,2019-12-15,08:00,0.6,1000.8,1000.8,1000.2,-9999,22.4,21.5,22.5,22.4,21.6,21.5,95,95,95,236,0.0,0.0,N,PA,OBIDOS,A232,-1.880789,-55.519856,89.64
2091,2019-12-15,12:00,0.0,1003.1,1003.1,1002.5,355,23.4,22.4,23.5,23.0,22.5,22.1,95,94,94,236,0.0,0.0,N,PA,OBIDOS,A232,-1.880789,-55.519856,89.64
2092,2019-12-15,16:00,0.0,1001.2,1002.0,1001.2,2015,28.3,22.6,29.0,27.5,24.3,22.6,81,69,71,236,0.0,0.0,N,PA,OBIDOS,A232,-1.880789,-55.519856,89.64
2093,2019-12-15,20:00,0.0,998.4,998.6,998.2,838,27.5,25.1,28.7,27.1,25.8,24.3,89,79,87,236,0.0,0.0,N,PA,OBIDOS,A232,-1.880789,-55.519856,89.64
2094,2019-12-16,00:00,0.0,1000.3,1000.3,999.6,-9999,25.1,24.0,25.4,25.0,24.2,24.0,94,94,94,236,0.0,0.0,N,PA,OBIDOS,A232,-1.880789,-55.519856,89.64
2095,2019-12-16,04:00,0.0,1000.7,1001.1,1000.7,-9999,23.9,22.9,24.2,23.9,23.1,22.9,94,93,94,236,0.0,0.0,N,PA,OBIDOS,A232,-1.880789,-55.519856,89.64
2096,2019-12-16,08:00,0.0,999.4,999.4,999.1,-9999,23.5,22.5,23.7,23.4,22.6,22.4,94,94,94,236,0.0,0.0,N,PA,OBIDOS,A232,-1.880789,-55.519856,89.64
2097,2019-12-16,12:00,0.0,1001.8,1001.8,1001.3,1040,27.2,23.5,27.3,25.1,23.6,23.0,91,78,80,236,0.0,0.0,N,PA,OBIDOS,A232,-1.880789,-55.519856,89.64
2098,2019-12-16,16:00,5.6,1000.0,1000.8,1000.0,963,25.7,24.4,29.5,24.5,25.5,22.1,93,75,93,236,0.0,0.0,N,PA,OBIDOS,A232,-1.880789,-55.519856,89.64
2099,2019-12-16,20:00,0.0,995.5,995.8,995.2,971,27.8,25.2,30.0,27.8,26.1,24.1,86,73,86,236,0.0,0.0,N,PA,OBIDOS,A232,-1.880789,-55.519856,89.64
2100,2019-12-17,00:00,0.0,998.7,998.7,997.4,-9999,24.6,23.3,24.8,24.4,23.3,23.0,92,90,92,236,0.0,0.0,N,PA,OBIDOS,A232,-1.880789,-55.519856,89.64
2101,2019-12-17,04:00,0.0,999.8,999.9,999.7,-9999,23.7,22.6,23.8,23.7,22.7,22.6,94,93,93,236,0.0,0.0,N,PA,OBIDOS,A232,-1.880789,-55.519856,89.64
2102,2019-12-17,08:00,0.0,998.7,998.7,998.5,-9999,23.1,22.2,23.2,23.1,22.2,22.1,94,94,94,236,0.0,0.0,N,PA,OBIDOS,A232,-1.880789,-55.519856,89.64
2103,2019-12-17,12:00,0.0,1001.6,1001.6,1000.6,505,24.7,23.1,24.7,23.7,23.1,22.6,94,91,91,236,0.0,0.0,N,PA,OBIDOS,A232,-1.880789,-55.519856,89.64
2104,2019-12-17,16:00,0.0,1000.9,1001.9,1000.9,1422,28.9,23.9,28.9,27.7,24.3,22.4,79,71,74,236,0.0,0.0,N,PA,OBIDOS,A232,-1.880789,-55.519856,89.64
2105,2019-12-17,20:00,0.0,996.7,997.2,996.7,1260,29.2,24.3,30.4,28.8,25.2,23.4,77,68,75,236,0.0,0.0,N,PA,OBIDOS,A232,-1.880789,-55.519856,89.64
2106,2019-12-18,00:00,0.0,998.1,998.2,997.0,-9999,24.7,23.2,24.7,24.3,23.3,23.1,93,91,91,236,0.0,0.0,N,PA,OBIDOS,A232,-1.880789,-55.519856,89.64
2107,2019-12-18,04:00,0.0,998.9,999.2,998.9,-9999,24.2,22.8,24.5,24.2,23.0,22.8,92,91,92,236,0.0,0.0,N,PA,OBIDOS,A232,-1.880789,-55.519856,89.64
2108,2019-12-18,08:00,0.0,998.0,998.4,998.0,-9999,22.6,21.7,22.7,22.6,21.7,21.6,95,94,95,236,0.0,0.0,N,PA,OBIDOS,A232,-1.880789,-55.519856,89.64
2109,2019-12-18,12:00,0.0,1000.9,1000.9,1000.4,1439,28.2,22.5,28.2,25.9,23.6,22.3,83,71,71,236,0.0,0.0,N,PA,OBIDOS,A232,-1.880789,-55.519856,89.64
2110,2019-12-18,16:00,0.0,999.7,1000.7,999.7,2255,30.7,23.3,30.8,29.0,24.2,22.1,69,60,65,236,0.0,0.0,N,PA,OBIDOS,A232,-1.880789,-55.519856,89.64
2111,2019-12-18,20:00,0.8,996.2,996.6,996.1,1358,28.5,23.2,31.5,27.3,25.4,23.1,86,65,73,236,0.0,0.0,N,PA,OBIDOS,A232,-1.880789,-55.519856,89.64
2112,2019-12-19,00:00,0.0,998.9,998.9,997.2,-9999,25.6,22.1,26.1,25.6,24.0,22.1,91,81,81,236,0.0,0.0,N,PA,OBIDOS,A232,-1.880789,-55.519856,89.64
2113,2019-12-19,04:00,0.0,999.1,999.7,999.1,-9999,23.7,21.8,24.3,23.7,22.0,21.7,89,86,89,236,0.0,0.0,N,PA,OBIDOS,A232,-1.880789,-55.519856,89.64
2114,2019-12-19,08:00,0.0,998.3,998.3,998.0,-9999,22.7,21.4,23.0,22.6,21.6,21.4,93,92,93,236,0.0,0.0,N,PA,OBIDOS,A232,-1.880789,-55.519856,89.64
2115,2019-12-19,12:00,0.0,1001.4,1001.4,1000.7,1387,27.7,22.3,27.7,25.7,22.7,21.9,82,72,72,236,0.0,0.0,N,PA,OBIDOS,A232,-1.880789,-55.519856,89.64
2116,2019-12-19,16:00,0.0,1000.6,1001.1,1000.6,2510,30.7,22.0,31.2,29.8,23.0,21.3,66,57,60,236,0.0,0.0,N,PA,OBIDOS,A232,-1.880789,-55.519856,89.64
2117,2019-12-19,20:00,0.0,996.8,997.2,996.7,1488,31.3,23.3,32.2,30.3,23.7,22.1,65,57,63,236,0.0,0.0,N,PA,OBIDOS,A232,-1.880789,-55.519856,89.64
2118,2019-12-20,00:00,0.0,998.8,998.8,997.3,-9999,25.3,23.8,25.7,25.3,23.9,23.6,91,90,91,236,0.0,0.0,N,PA,OBIDOS,A232,-1.880789,-55.519856,89.64
2119,2019-12-20,04:00,0.0,999.6,999.9,999.6,-9999,23.7,21.8,25.0,23.7,22.0,21.6,89,82,89,236,0.0,0.0,N,PA,OBIDOS,A232,-1.880789,-55.519856,89.64
2120,2019-12-20,08:00,0.0,999.2,999.2,998.6,-9999,22.3,21.3,22.4,22.2,21.3,21.1,94,93,94,236,0.0,0.0,N,PA,OBIDOS,A232,-1.880789,-55.519856,89.64
2121,2019-12-20,12:00,0.0,1001.6,1001.6,1001.0,1378,28.2,22.1,28.2,26.2,22.6,21.8,79,69,70,236,0.0,0.0,N,PA,OBIDOS,A232,-1.880789,-55.519856,89.64
2122,2019-12-20,16:00,0.0,999.9,1001.0,999.9,2581,30.3,21.0,32.3,30.3,22.9,21.0,62,55,57,236,0.0,0.0,N,PA,OBIDOS,A232,-1.880789,-55.519856,89.64
2123,2019-12-20,20:00,0.0,996.2,996.9,996.2,1626,31.6,23.6,32.6,31.1,24.1,22.7,64,58,63,236,0.0,0.0,N,PA,OBIDOS,A232,-1.880789,-55.519856,89.64
2124,2019-12-21,00:00,0.0,998.2,998.2,997.2,-9999,25.6,24.1,25.9,25.6,24.2,24.0,91,89,91,236,0.0,0.0,N,PA,OBIDOS,A232,-1.880789,-55.519856,89.64
2125,2019-12-21,04:00,0.0,999.5,999.5,999.0,-9999,24.6,23.4,25.2,24.4,23.5,23.0,93,91,93,236,0.0,0.0,N,PA,OBIDOS,A232,-1.880789,-55.519856,89.64
2126,2019-12-21,08:00,0.0,998.7,998.7,998.1,-9999,22.9,21.9,23.4,22.9,22.3,21.9,94,94,94,236,0.0,0.0,N,PA,OBIDOS,A232,-1.880789,-55.519856,89.64
2127,2019-12-21,12:00,0.0,1001.8,1001.8,1001.2,1294,27.1,23.2,27.1,26.1,23.7,22.5,86,77,79,236,0.0,0.0,N,PA,OBIDOS,A232,-1.880789,-55.519856,89.64
2128,2019-12-21,16:00,0.2,1000.3,1001.1,1000.3,1753,29.4,23.0,31.3,29.4,23.7,22.2,69,60,68,236,0.0,0.0,N,PA,OBIDOS,A232,-1.880789,-55.519856,89.64
2129,2019-12-21,20:00,0.0,995.9,996.5,995.8,1658,31.3,23.1,32.5,31.2,24.2,22.6,64,58,62,236,0.0,0.0,N,PA,OBIDOS,A232,-1.880789,-55.519856,89.64
2130,2019-12-22,00:00,2.8,998.9,999.1,997.3,-9999,24.2,23.1,26.8,24.1,24.0,22.3,93,79,93,236,0.0,0.0,N,PA,OBIDOS,A232,-1.880789,-55.519856,89.64
2131,2019-12-22,04:00,0.0,999.6,999.9,999.6,-9999,24.0,22.5,24.3,23.8,22.6,22.4,92,90,92,236,0.0,0.0,N,PA,OBIDOS,A232,-1.880789,-55.519856,89.64
2132,2019-12-22,08:00,0.0,998.8,998.9,998.5,-9999,23.1,22.2,23.5,23.1,22.5,22.1,94,94,94,236,0.0,0.0,N,PA,OBIDOS,A232,-1.880789,-55.519856,89.64
2133,2019-12-22,12:00,0.0,1001.8,1001.8,1001.0,900,26.4,22.9,26.5,25.1,23.3,22.3,87,79,81,236,0.0,0.0,N,PA,OBIDOS,A232,-1.880789,-55.519856,89.64
2134,2019-12-22,16:00,0.0,1000.5,1001.4,1000.5,2489,31.2,23.2,31.7,30.1,24.1,22.2,67,59,63,236,0.0,0.0,N,PA,OBIDOS,A232,-1.880789,-55.519856,89.64
2135,2019-12-22,20:00,2.2,996.7,997.1,996.7,690,27.3,25.8,29.1,26.7,26.8,24.7,92,85,92,236,0.0,0.0,N,PA,OBIDOS,A232,-1.880789,-55.519856,89.64
2136,2019-12-23,00:00,0.0,999.3,999.3,998.1,-9999,24.7,23.7,24.9,24.7,23.8,23.7,94,94,94,236,0.0,0.0,N,PA,OBIDOS,A232,-1.880789,-55.519856,89.64
2137,2019-12-23,04:00,0.6,999.9,1000.7,999.9,-9999,24.0,23.1,24.0,23.9,23.1,22.9,95,95,95,236,0.0,0.0,N,PA,OBIDOS,A232,-1.880789,-55.519856,89.64
2138,2019-12-23,08:00,0.2,998.9,998.9,998.2,-9999,23.5,22.6,23.6,23.5,22.7,22.6,95,95,95,236,0.0,0.0,N,PA,OBIDOS,A232,-1.880789,-55.519856,89.64
2139,2019-12-23,12:00,0.0,1002.2,1002.2,1001.3,598,25.5,24.3,25.5,23.9,24.3,23.1,95,93,93,236,0.0,0.0,N,PA,OBIDOS,A232,-1.880789,-55.519856,89.64
2140,2019-12-23,16:00,0.0,1001.5,1002.1,1001.5,1492,28.8,23.7,28.9,27.9,24.8,22.9,82,73,74,236,0.0,0.0,N,PA,OBIDOS,A232,-1.880789,-55.519856,89.64
2141,2019-12-23,20:00,0.0,998.2,998.8,998.2,1221,28.7,22.6,29.4,28.3,26.0,22.0,83,64,70,236,0.0,0.0,N,PA,OBIDOS,A232,-1.880789,-55.519856,89.64
2142,2019-12-24,00:00,0.0,999.4,999.4,998.7,-9999,24.3,23.0,24.5,24.2,23.1,22.9,93,92,93,236,0.0,0.0,N,PA,OBIDOS,A232,-1.880789,-55.519856,89.64
2143,2019-12-24,04:00,0.0,1000.0,1000.3,1000.0,-9999,23.6,22.6,23.6,23.5,22.6,22.5,94,94,94,236,0.0,0.0,N,PA,OBIDOS,A232,-1.880789,-55.519856,89.64
2144,2019-12-24,08:00,0.0,998.9,998.9,998.5,-9999,24.2,23.3,24.3,24.1,23.4,23.2,95,94,94,236,0.0,0.0,N,PA,OBIDOS,A232,-1.880789,-55.519856,89.64
2145,2019-12-24,12:00,0.0,1001.2,1001.3,1001.0,1062,27.4,23.8,27.4,24.9,24.7,23.7,94,80,81,236,0.0,0.0,N,PA,OBIDOS,A232,-1.880789,-55.519856,89.64
2146,2019-12-24,16:00,0.0,999.6,1000.7,999.6,2412,30.3,23.0,31.1,29.7,24.1,22.7,70,62,65,236,0.0,0.0,N,PA,OBIDOS,A232,-1.880789,-55.519856,89.64
2147,2019-12-24,20:00,0.0,996.1,996.4,996.0,891,29.9,25.1,30.8,29.9,25.7,23.5,77,66,75,236,0.0,0.0,N,PA,OBIDOS,A232,-1.880789,-55.519856,89.64
2148,2019-12-25,00:00,0.0,998.0,998.0,997.1,-9999,24.1,22.9,25.4,24.0,24.1,22.9,93,92,93,236,0.0,0.0,N,PA,OBIDOS,A232,-1.880789,-55.519856,89.64
2149,2019-12-25,04:00,0.0,998.9,999.3,998.9,-9999,23.4,22.4,23.7,23.4,22.6,22.4,94,94,94,236,0.0,0.0,N,PA,OBIDOS,A232,-1.880789,-55.519856,89.64
2150,2019-12-25,08:00,0.0,998.1,998.5,997.9,-9999,23.5,22.5,23.7,23.5,22.7,22.5,94,94,94,236,0.0,0.0,N,PA,OBIDOS,A232,-1.880789,-55.519856,89.64
2151,2019-12-25,12:00,0.0,1001.0,1001.0,1000.2,955,26.7,22.9,26.7,25.1,23.8,22.9,92,80,80,236,0.0,0.0,N,PA,OBIDOS,A232,-1.880789,-55.519856,89.64
2152,2019-12-25,16:00,0.2,1000.5,1001.2,1000.5,1954,29.7,22.9,29.7,29.0,23.7,22.4,72,65,67,236,0.0,0.0,N,PA,OBIDOS,A232,-1.880789,-55.519856,89.64
2153,2019-12-25,20:00,0.0,997.4,997.8,997.4,1008,29.6,24.0,30.1,29.4,24.9,23.7,76,69,72,236,0.0,0.0,N,PA,OBIDOS,A232,-1.880789,-55.519856,89.64
2154,2019-12-26,00:00,0.0,999.3,999.3,998.7,-9999,25.0,23.8,25.2,25.0,23.8,23.7,93,91,93,236,0.0,0.0,N,PA,OBIDOS,A232,-1.880789,-55.519856,89.64
2155,2019-12-26,04:00,11.2,999.5,1000.1,999.5,-9999,24.7,23.7,25.2,24.7,24.0,23.7,94,93,94,236,0.0,0.0,N,PA,OBIDOS,A232,-1.880789,-55.519856,89.64
2156,2019-12-26,08:00,1.6,999.1,999.1,998.7,-9999,23.0,21.9,24.6,23.0,23.7,21.9,94,93,94,236,0.0,0.0,N,PA,OBIDOS,A232,-1.880789,-55.519856,89.64
2157,2019-12-26,12:00,0.6,1002.1,1002.1,1001.5,75,24.0,23.1,24.0,23.5,23.1,22.6,95,94,95,236,0.0,0.0,N,PA,OBIDOS,A232,-1.880789,-55.519856,89.64
2158,2019-12-26,16:00,0.0,1000.6,1001.7,1000.6,1382,28.0,24.4,28.0,26.4,24.6,23.2,87,77,81,236,0.0,0.0,N,PA,OBIDOS,A232,-1.880789,-55.519856,89.64
2159,2019-12-26,20:00,0.0,997.3,998.0,997.3,1280,29.8,24.8,30.6,29.0,25.6,24.3,81,72,75,236,0.0,0.0,N,PA,OBIDOS,A232,-1.880789,-55.519856,89.64
2160,2019-12-27,00:00,0.0,999.5,999.5,998.5,-9999,24.8,23.9,24.8,24.1,23.9,23.2,95,95,95,236,0.0,0.0,N,PA,OBIDOS,A232,-1.880789,-55.519856,89.64
2161,2019-12-27,04:00,0.0,1000.1,1000.4,1000.0,-9999,24.2,23.3,24.5,24.2,23.6,23.3,95,95,95,236,0.0,0.0,N,PA,OBIDOS,A232,-1.880789,-55.519856,89.64
2162,2019-12-27,08:00,0.0,999.3,999.4,999.1,-9999,23.1,22.0,23.1,22.9,22.1,21.9,94,94,94,236,0.0,0.0,N,PA,OBIDOS,A232,-1.880789,-55.519856,89.64
2163,2019-12-27,12:00,0.0,1001.8,1001.9,1001.2,140,23.8,23.0,23.8,23.2,23.0,22.3,95,95,95,236,0.0,0.0,N,PA,OBIDOS,A232,-1.880789,-55.519856,89.64
2164,2019-12-27,16:00,0.0,1000.9,1001.6,1000.9,1308,28.2,24.5,28.3,27.3,24.9,23.3,84,76,80,236,0.0,0.0,N,PA,OBIDOS,A232,-1.880789,-55.519856,89.64
2165,2019-12-27,20:00,0.0,997.1,997.9,997.1,820,28.7,24.9,29.3,28.5,25.4,24.3,83,76,80,236,0.0,0.0,N,PA,OBIDOS,A232,-1.880789,-55.519856,89.64
2166,2019-12-28,00:00,0.0,999.0,999.1,997.8,-9999,23.2,22.0,23.8,23.2,22.1,21.4,93,87,93,236,0.0,0.0,N,PA,OBIDOS,A232,-1.880789,-55.519856,89.64
2167,2019-12-28,04:00,0.0,999.9,1000.0,999.7,-9999,23.7,22.7,23.7,23.2,22.7,22.2,94,94,94,236,0.0,0.0,N,PA,OBIDOS,A232,-1.880789,-55.519856,89.64
2168,2019-12-28,08:00,0.0,999.0,999.0,998.6,-9999,24.1,22.5,24.3,24.1,22.8,22.4,92,90,91,236,0.0,0.0,N,PA,OBIDOS,A232,-1.880789,-55.519856,89.64
2169,2019-12-28,12:00,20.4,1001.3,1001.8,1001.0,19,22.2,21.4,22.2,21.6,21.4,20.8,95,95,95,236,0.0,0.0,N,PA,OBIDOS,A232,-1.880789,-55.519856,89.64
2170,2019-12-28,16:00,0.0,1000.3,1001.1,1000.3,1670,27.4,23.6,27.6,26.5,24.7,23.3,90,79,80,236,0.0,0.0,N,PA,OBIDOS,A232,-1.880789,-55.519856,89.64
2171,2019-12-28,20:00,0.2,996.6,996.7,996.4,1050,27.7,24.9,30.0,27.7,25.4,24.5,85,72,85,236,0.0,0.0,N,PA,OBIDOS,A232,-1.880789,-55.519856,89.64
2172,2019-12-29,00:00,0.0,998.6,998.6,997.9,-9999,24.7,23.7,24.9,24.7,23.8,23.7,94,94,94,236,0.0,0.0,N,PA,OBIDOS,A232,-1.880789,-55.519856,89.64
2173,2019-12-29,04:00,0.0,999.3,999.3,999.2,-9999,24.2,23.0,24.9,24.1,23.8,22.9,94,92,93,236,0.0,0.0,N,PA,OBIDOS,A232,-1.880789,-55.519856,89.64
2174,2019-12-29,08:00,0.0,998.1,998.1,997.7,-9999,23.5,22.5,23.5,23.0,22.6,22.0,94,94,94,236,0.0,0.0,N,PA,OBIDOS,A232,-1.880789,-55.519856,89.64
2175,2019-12-29,12:00,0.0,1000.8,1000.8,1000.1,1191,27.1,22.7,27.1,25.2,23.2,22.2,86,77,77,236,0.0,0.0,N,PA,OBIDOS,A232,-1.880789,-55.519856,89.64
2176,2019-12-29,16:00,0.0,999.0,1000.2,999.0,2485,30.8,23.2,31.4,29.3,24.3,22.5,71,62,64,236,0.0,0.0,N,PA,OBIDOS,A232,-1.880789,-55.519856,89.64
2177,2019-12-29,20:00,0.0,996.2,996.7,996.1,531,24.7,22.9,24.7,24.4,23.2,22.8,93,90,90,236,0.0,0.0,N,PA,OBIDOS,A232,-1.880789,-55.519856,89.64
2178,2019-12-30,00:00,0.0,998.3,998.3,997.2,-9999,23.8,22.8,23.9,23.6,22.9,22.6,94,94,94,236,0.0,0.0,N,PA,OBIDOS,A232,-1.880789,-55.519856,89.64
2179,2019-12-30,04:00,0.0,999.9,1000.3,999.8,-9999,23.9,22.9,24.0,23.8,23.1,22.9,94,94,94,236,0.0,0.0,N,PA,OBIDOS,A232,-1.880789,-55.519856,89.64
2180,2019-12-30,08:00,18.6,998.3,998.5,998.2,0,22.7,21.8,24.0,22.7,23.0,21.8,95,94,95,236,0.0,0.0,N,PA,OBIDOS,A232,-1.880789,-55.519856,89.64
2181,2019-12-30,12:00,1.8,1001.8,1001.8,1000.8,79,22.8,21.9,23.0,22.6,22.1,21.8,95,95,95,236,0.0,0.0,N,PA,OBIDOS,A232,-1.880789,-55.519856,89.64
2182,2019-12-30,16:00,0.0,1000.5,1001.0,1000.5,834,25.6,23.4,25.7,24.8,23.8,23.2,92,88,88,236,0.0,0.0,N,PA,OBIDOS,A232,-1.880789,-55.519856,89.64
2183,2019-12-30,20:00,0.2,997.8,998.2,997.8,601,23.9,22.5,24.1,23.5,22.8,22.3,93,92,92,236,0.0,0.0,N,PA,OBIDOS,A232,-1.880789,-55.519856,89.64
2184,2019-12-31,00:00,0.0,999.0,999.0,998.0,-9999,23.2,22.3,23.4,23.2,22.4,22.2,94,94,94,236,0.0,0.0,N,PA,OBIDOS,A232,-1.880789,-55.519856,89.64
2185,2019-12-31,04:00,0.0,1001.1,1001.3,1001.1,-9999,22.8,21.9,23.2,22.8,22.3,21.9,95,95,95,236,0.0,0.0,N,PA,OBIDOS,A232,-1.880789,-55.519856,89.64
2186,2019-12-31,08:00,0.0,999.3,999.3,999.1,-9999,22.4,21.5,22.9,22.4,22.0,21.5,95,95,95,236,0.0,0.0,N,PA,OBIDOS,A232,-1.880789,-55.519856,89.64
2187,2019-12-31,12:00,0.0,1002.0,1002.0,1001.1,749,25.0,22.8,25.0,23.4,23.1,22.4,94,86,87,236,0.0,0.0,N,PA,OBIDOS,A232,-1.880789,-55.519856,89.64
2188,2019-12-31,16:00,0.0,1001.2,1001.8,1001.2,2302,29.3,22.4,29.4,28.6,23.1,21.6,71,64,67,236,0.0,0.0,N,PA,OBIDOS,A232,-1.880789,-55.519856,89.64
2189,2019-12-31,20:00,0.0,997.5,997.9,997.5,638,25.7,23.5,29.9,25.7,24.8,22.6,87,68,87,236,0.0,0.0,N,PA,OBIDOS,A232,-1.880789,-55.519856,89.64
2190,2020-01-01,00:00,19.8,1000.5,1000.6,999.0,-9999,22.8,21.8,24.3,22.8,23.2,21.8,94,93,94,236,0.0,0.0,N,PA,OBIDOS,A232,-1.880789,-55.519856,89.64
2191,2020-01-01,04:00,1.8,1001.2,1001.7,1001.2,-9999,22.6,21.8,22.6,22.4,21.8,21.6,95,95,95,236,0.0,0.0,N,PA,OBIDOS,A232,-1.880789,-55.519856,89.64
2192,2020-01-01,08:00,0.0,999.8,999.9,999.7,-9999,22.5,21.6,22.6,22.5,21.8,21.6,95,95,95,236,0.0,0.0,N,PA,OBIDOS,A232,-1.880789,-55.519856,89.64
2193,2020-01-01,12:00,0.0,1001.9,1001.9,1001.2,928,24.2,22.6,24.2,22.7,22.8,21.8,95,90,91,236,0.0,0.0,N,PA,OBIDOS,A232,-1.880789,-55.519856,89.64
2194,2020-01-01,16:00,0.0,1000.7,1001.2,1000.7,2605,29.0,22.0,29.6,27.5,23.4,21.1,77,62,66,236,0.0,0.0,N,PA,OBIDOS,A232,-1.880789,-55.519856,89.64
2195,2020-01-01,20:00,0.0,998.5,998.7,998.5,637,27.4,23.9,27.9,27.3,23.9,23.1,82,77,81,236,0.0,0.0,N,PA,OBIDOS,A232,-1.880789,-55.519856,89.64
