,Data,Hora,"PRECIPITAÇÃO TOTAL, HORÁRIO (mm)","PRESSAO ATMOSFERICA AO NIVEL DA ESTACAO, HORARIA (mB)",PRESSÃO ATMOSFERICA MAX.NA HORA ANT. (AUT) (mB),PRESSÃO ATMOSFERICA MIN. NA HORA ANT. (AUT) (mB),RADIACAO GLOBAL (Kj/m²),"TEMPERATURA DO AR - BULBO SECO, HORARIA (°C)",TEMPERATURA DO PONTO DE ORVALHO (°C),TEMPERATURA MÁXIMA NA HORA ANT. (AUT) (°C),TEMPERATURA MÍNIMA NA HORA ANT. (AUT) (°C),TEMPERATURA ORVALHO MAX. NA HORA ANT. (AUT) (°C),TEMPERATURA ORVALHO MIN. NA HORA ANT. (AUT) (°C),UMIDADE REL. MAX. NA HORA ANT. (AUT) (%),UMIDADE REL. MIN. NA HORA ANT. (AUT) (%),"UMIDADE RELATIVA DO AR, HORARIA (%)","VENTO, DIREÇÃO HORARIA (gr) (° (gr))","VENTO, RAJADA MAXIMA (m/s)","VENTO, VELOCIDADE HORARIA (m/s)",region,state,station,station_code,latitude,longitude,height
0,2019-01-01,00:00,0.0,1011.4,1011.4,1010.5,-9999,23.8,22.5,24.0,23.8,22.7,22.5,93,92,93,147,1.5,0.3,N,PA,BREVES,A228,-1.680251,-50.478139,11.0
1,2019-01-01,04:00,0.0,1010.6,1011.0,1010.6,-9999,24.0,22.9,24.0,23.8,22.9,22.7,93,93,93,53,1.8,0.7,N,PA,BREVES,A228,-1.680251,-50.478139,11.0
2,2019-01-01,08:00,0.2,1010.5,1010.5,1009.6,-9999,23.6,22.4,23.6,23.5,22.5,22.4,94,93,93,65,0.8,0.1,N,PA,BREVES,A228,-1.680251,-50.478139,11.0
3,2019-01-01,12:00,1.0,1012.9,1012.9,1012.0,749,26.2,23.7,26.4,24.7,24.2,23.2,92,86,86,41,5.5,0.7,N,PA,BREVES,A228,-1.680251,-50.478139,11.0
4,2019-01-01,16:00,0.0,1010.5,1011.6,1010.5,2232,29.6,23.7,30.7,28.9,25.1,22.7,77,65,71,56,4.3,1.8,N,PA,BREVES,A228,-1.680251,-50.478139,11.0
5,2019-01-01,20:00,0.0,1009.0,1009.0,1008.2,727,27.5,24.0,27.5,25.8,24.6,23.0,89,79,82,86,5.5,1.6,N,PA,BREVES,A228,-1.680251,-50.478139,11.0
6,2019-01-02,00:00,0.0,1011.2,1011.3,1010.6,-9999,25.4,23.7,25.7,25.4,24.0,23.7,91,89,91,110,1.5,0.3,N,PA,BREVES,A228,-1.680251,-50.478139,11.0
7,2019-01-02,04:00,0.0,1011.2,1011.5,1011.2,-9999,23.8,22.7,24.0,23.7,22.8,22.5,93,93,93,184,0.9,0.3,N,PA,BREVES,A228,-1.680251,-50.478139,11.0
8,2019-01-02,08:00,0.0,1010.2,1010.2,1010.0,-9999,23.2,22.1,23.7,23.2,22.5,22.1,93,93,93,75,0.8,0.5,N,PA,BREVES,A228,-1.680251,-50.478139,11.0
9,2019-01-02,12:00,0.0,1013.1,1013.1,1012.4,1359,27.5,24.0,27.6,25.5,24.2,23.5,89,80,81,60,3.7,2.1,N,PA,BREVES,A228,-1.680251,-50.478139,11.0
10,2019-01-02,16:00,0.0,1011.3,1012.1,1011.3,2376,30.2,23.8,31.6,29.5,24.6,23.1,75,62,69,83,4.9,1.9,N,PA,BREVES,A228,-1.680251,-50.478139,11.0
11,2019-01-02,20:00,4.4,1008.8,1008.9,1008.1,615,26.2,24.3,31.0,26.1,25.3,22.9,89,69,89,146,8.1,0.5,N,PA,BREVES,A228,-1.680251,-50.478139,11.0
12,2019-01-03,00:00,0.2,1011.4,1011.4,1010.2,-9999,25.2,23.6,26.0,25.2,24.1,23.6,91,88,90,108,6.0,0.9,N,PA,BREVES,A228,-1.680251,-50.478139,11.0
13,2019-01-03,04:00,0.0,1010.7,1011.5,1010.7,-9999,24.3,23.0,24.6,24.3,23.2,23.0,93,92,93,68,1.9,0.2,N,PA,BREVES,A228,-1.680251,-50.478139,11.0
14,2019-01-03,08:00,0.0,1009.5,1009.5,1009.4,-9999,23.7,22.6,23.9,23.7,22.8,22.6,93,93,93,120,1.0,0.2,N,PA,BREVES,A228,-1.680251,-50.478139,11.0
15,2019-01-03,12:00,0.0,1012.1,1012.1,1011.6,1090,27.3,23.9,27.4,25.3,24.6,23.9,93,82,82,56,5.6,2.0,N,PA,BREVES,A228,-1.680251,-50.478139,11.0
16,2019-01-03,16:00,0.0,1010.1,1011.0,1010.1,3309,32.3,22.9,32.4,30.2,24.0,22.3,66,57,58,109,7.3,2.7,N,PA,BREVES,A228,-1.680251,-50.478139,11.0
17,2019-01-03,20:00,0.8,1008.3,1008.5,1007.8,471,27.3,23.0,28.7,26.9,25.8,22.7,88,75,77,69,8.1,2.6,N,PA,BREVES,A228,-1.680251,-50.478139,11.0
18,2019-01-04,00:00,0.2,1010.8,1010.9,1010.2,-9999,23.7,22.3,23.7,23.5,22.3,21.7,92,89,92,56,4.5,0.9,N,PA,BREVES,A228,-1.680251,-50.478139,11.0
19,2019-01-04,04:00,0.2,1010.8,1011.0,1010.7,-9999,23.8,22.6,23.8,23.6,22.6,22.5,93,93,93,134,1.1,0.3,N,PA,BREVES,A228,-1.680251,-50.478139,11.0
20,2019-01-04,08:00,0.0,1010.0,1010.2,1009.9,-9999,23.3,22.2,23.7,23.3,22.6,22.2,94,93,93,100,0.9,0.4,N,PA,BREVES,A228,-1.680251,-50.478139,11.0
21,2019-01-04,12:00,0.0,1013.1,1013.1,1012.3,774,26.6,23.7,26.6,24.8,24.0,23.1,92,84,84,135,1.3,0.6,N,PA,BREVES,A228,-1.680251,-50.478139,11.0
22,2019-01-04,16:00,0.0,1010.7,1012.0,1010.7,2688,31.1,23.2,32.3,30.2,24.5,22.7,70,60,63,74,6.2,2.8,N,PA,BREVES,A228,-1.680251,-50.478139,11.0
23,2019-01-04,20:00,0.0,1007.6,1008.2,1007.5,992,29.3,25.8,30.4,28.2,26.5,25.4,89,75,81,63,2.8,0.7,N,PA,BREVES,A228,-1.680251,-50.478139,11.0
24,2019-01-05,00:00,0.0,1010.0,1010.1,1009.7,-9999,25.2,23.2,25.3,25.1,23.2,23.0,89,87,89,55,2.6,0.9,N,PA,BREVES,A228,-1.680251,-50.478139,11.0
25,2019-01-05,04:00,0.0,1010.5,1010.8,1010.4,-9999,25.2,23.5,25.3,25.1,23.6,23.5,91,90,90,74,3.0,1.1,N,PA,BREVES,A228,-1.680251,-50.478139,11.0
26,2019-01-05,08:00,0.0,1009.7,1009.7,1009.6,-9999,24.3,23.1,24.3,24.3,23.1,23.0,93,92,93,82,1.4,0.6,N,PA,BREVES,A228,-1.680251,-50.478139,11.0
27,2019-01-05,12:00,0.0,1012.5,1012.5,1011.7,791,27.1,24.1,27.2,25.1,24.5,23.5,91,83,84,78,2.8,0.6,N,PA,BREVES,A228,-1.680251,-50.478139,11.0
28,2019-01-05,16:00,0.0,1010.1,1011.4,1010.1,3043,33.0,23.5,33.1,31.5,24.8,22.4,64,56,58,96,5.6,1.6,N,PA,BREVES,A228,-1.680251,-50.478139,11.0
29,2019-01-05,20:00,0.0,1008.2,1008.2,1008.0,847,29.0,23.9,30.6,29.0,24.2,22.8,74,66,74,71,6.2,1.8,N,PA,BREVES,A228,-1.680251,-50.478139,11.0
30,2019-01-06,00:00,0.0,1011.2,1011.2,1010.4,-9999,25.0,22.9,25.3,25.0,22.9,22.6,88,85,88,65,3.5,0.9,N,PA,BREVES,A228,-1.680251,-50.478139,11.0
31,2019-01-06,04:00,0.0,1011.0,1011.8,1011.0,-9999,24.4,22.7,24.6,24.3,22.8,22.7,91,89,91,47,1.3,0.6,N,PA,BREVES,A228,-1.680251,-50.478139,11.0
32,2019-01-06,08:00,0.0,1010.1,1010.1,1009.5,-9999,24.0,22.6,24.2,24.0,22.7,22.6,92,91,92,76,1.2,0.4,N,PA,BREVES,A228,-1.680251,-50.478139,11.0
33,2019-01-06,12:00,0.0,1012.3,1012.3,1012.0,1279,28.6,24.4,28.6,25.8,24.7,23.3,87,78,78,77,3.6,1.8,N,PA,BREVES,A228,-1.680251,-50.478139,11.0
34,2019-01-06,16:00,0.0,1010.0,1010.9,1009.9,1914,31.0,24.5,32.0,30.4,25.0,23.4,71,62,68,86,4.9,1.6,N,PA,BREVES,A228,-1.680251,-50.478139,11.0
35,2019-01-06,20:00,0.0,1008.0,1008.0,1007.6,568,27.0,23.1,27.2,26.9,23.3,22.6,80,77,79,80,4.8,1.5,N,PA,BREVES,A228,-1.680251,-50.478139,11.0
36,2019-01-07,00:00,0.0,1011.5,1011.5,1010.6,-9999,23.8,21.5,24.0,23.7,21.8,21.2,88,85,87,191,1.5,0.4,N,PA,BREVES,A228,-1.680251,-50.478139,11.0
37,2019-01-07,04:00,0.0,1010.7,1010.8,1010.5,-9999,23.8,22.2,23.9,23.6,22.4,22.2,92,91,91,105,4.1,1.3,N,PA,BREVES,A228,-1.680251,-50.478139,11.0
38,2019-01-07,08:00,0.0,1010.0,1010.0,1009.7,-9999,23.7,22.5,23.7,23.5,22.5,22.3,93,93,93,221,0.5,0.1,N,PA,BREVES,A228,-1.680251,-50.478139,11.0
39,2019-01-07,12:00,0.0,1012.1,1012.1,1011.6,400,24.8,23.2,24.8,23.9,23.3,22.7,93,91,91,140,2.2,0.6,N,PA,BREVES,A228,-1.680251,-50.478139,11.0
40,2019-01-07,16:00,0.0,1010.9,1011.4,1010.9,1170,27.0,22.4,27.2,26.0,23.1,21.8,81,75,76,91,5.1,1.0,N,PA,BREVES,A228,-1.680251,-50.478139,11.0
41,2019-01-07,20:00,0.0,1009.1,1009.4,1009.1,551,26.6,23.4,27.0,26.6,23.8,23.2,84,81,82,55,4.0,1.8,N,PA,BREVES,A228,-1.680251,-50.478139,11.0
42,2019-01-08,00:00,0.0,1010.9,1010.9,1010.1,-9999,24.5,23.0,24.6,24.4,23.1,23.0,92,91,91,75,1.8,0.9,N,PA,BREVES,A228,-1.680251,-50.478139,11.0
43,2019-01-08,04:00,0.0,1010.9,1012.0,1010.9,-9999,22.8,20.6,23.7,22.8,21.4,20.6,89,86,87,99,8.5,1.3,N,PA,BREVES,A228,-1.680251,-50.478139,11.0
44,2019-01-08,08:00,0.0,1010.0,1010.0,1009.7,-9999,22.4,21.1,22.6,22.3,21.2,21.0,92,92,92,302,1.2,0.3,N,PA,BREVES,A228,-1.680251,-50.478139,11.0
45,2019-01-08,12:00,1.6,1012.7,1012.7,1011.9,164,23.7,22.4,23.7,23.4,22.4,21.9,92,91,92,229,1.6,0.6,N,PA,BREVES,A228,-1.680251,-50.478139,11.0
46,2019-01-08,16:00,0.0,1010.7,1012.0,1010.7,2619,30.7,24.0,30.7,29.4,24.7,22.8,73,66,68,179,4.4,1.1,N,PA,BREVES,A228,-1.680251,-50.478139,11.0
47,2019-01-08,20:00,0.0,1008.7,1008.8,1008.5,679,28.1,22.6,30.1,28.1,23.4,22.2,72,63,72,221,4.0,0.9,N,PA,BREVES,A228,-1.680251,-50.478139,11.0
48,2019-01-09,00:00,0.0,1012.4,1012.4,1012.0,-9999,23.9,21.6,24.1,23.9,22.3,21.6,90,87,87,117,3.9,1.5,N,PA,BREVES,A228,-1.680251,-50.478139,11.0
49,2019-01-09,04:00,0.0,1010.7,1011.4,1010.7,-9999,22.7,21.4,22.8,22.7,21.5,21.4,93,92,93,98,2.0,0.6,N,PA,BREVES,A228,-1.680251,-50.478139,11.0
50,2019-01-09,08:00,0.0,1009.2,1009.2,1008.6,-9999,22.7,21.6,22.8,22.6,21.6,21.5,93,93,93,212,1.4,0.1,N,PA,BREVES,A228,-1.680251,-50.478139,11.0
51,2019-01-09,12:00,0.0,1011.4,1011.4,1010.7,513,24.7,22.3,24.8,23.7,22.7,22.0,91,87,87,42,2.0,0.7,N,PA,BREVES,A228,-1.680251,-50.478139,11.0
52,2019-01-09,16:00,0.0,1009.1,1010.2,1009.1,2167,28.1,24.2,30.6,28.1,24.2,22.8,80,65,80,135,5.5,1.2,N,PA,BREVES,A228,-1.680251,-50.478139,11.0
53,2019-01-09,20:00,0.6,1007.7,1007.7,1007.1,218,24.4,22.5,24.5,24.2,22.9,22.4,91,89,89,9,3.2,0.8,N,PA,BREVES,A228,-1.680251,-50.478139,11.0
54,2019-01-10,00:00,0.0,1009.9,1009.9,1008.9,-9999,24.1,22.8,24.1,24.1,22.9,22.7,93,92,93,32,2.4,0.8,N,PA,BREVES,A228,-1.680251,-50.478139,11.0
55,2019-01-10,04:00,0.0,1010.1,1010.7,1010.1,-9999,24.2,22.8,24.2,24.1,22.9,22.8,93,92,92,52,2.0,0.5,N,PA,BREVES,A228,-1.680251,-50.478139,11.0
56,2019-01-10,08:00,0.0,1008.7,1008.7,1008.4,-9999,23.5,22.4,23.7,23.5,22.5,22.4,93,93,93,90,0.7,0.3,N,PA,BREVES,A228,-1.680251,-50.478139,11.0
57,2019-01-10,12:00,0.0,1012.1,1012.1,1011.4,723,25.7,23.0,25.7,24.5,23.6,22.9,91,85,86,56,2.9,1.5,N,PA,BREVES,A228,-1.680251,-50.478139,11.0
58,2019-01-10,16:00,0.0,1010.1,1011.0,1010.1,1989,27.1,22.2,29.7,27.1,23.2,21.6,75,65,75,69,7.4,2.8,N,PA,BREVES,A228,-1.680251,-50.478139,11.0
59,2019-01-10,20:00,0.0,1008.1,1008.1,1007.6,307,26.4,23.4,27.1,26.4,24.2,23.0,87,81,83,71,3.1,1.1,N,PA,BREVES,A228,-1.680251,-50.478139,11.0
60,2019-01-11,00:00,7.8,1011.7,1011.7,1011.0,-9999,22.5,21.1,24.2,22.5,23.0,21.1,93,91,92,153,5.9,1.5,N,PA,BREVES,A228,-1.680251,-50.478139,11.0
61,2019-01-11,04:00,0.2,1011.8,1012.4,1011.8,-9999,21.6,20.3,21.7,21.5,20.5,20.2,93,92,92,12,1.6,0.5,N,PA,BREVES,A228,-1.680251,-50.478139,11.0
62,2019-01-11,08:00,0.0,1012.1,1012.1,1011.8,-9999,21.8,20.6,21.9,21.8,20.7,20.6,93,93,93,323,2.7,1.3,N,PA,BREVES,A228,-1.680251,-50.478139,11.0
63,2019-01-11,12:00,0.0,1014.3,1014.3,1013.9,418,23.1,21.4,23.1,22.2,21.4,21.0,93,90,90,307,3.2,1.0,N,PA,BREVES,A228,-1.680251,-50.478139,11.0
64,2019-01-11,16:00,0.2,1013.2,1013.9,1013.2,2295,28.1,21.5,28.7,26.6,22.9,21.1,78,66,67,256,3.9,1.1,N,PA,BREVES,A228,-1.680251,-50.478139,11.0
65,2019-01-11,20:00,0.0,1010.3,1010.5,1010.3,484,27.3,22.4,28.2,27.2,23.2,21.4,78,67,74,52,2.0,1.0,N,PA,BREVES,A228,-1.680251,-50.478139,11.0
66,2019-01-12,00:00,0.0,1012.8,1012.9,1012.2,-9999,23.2,21.4,25.6,23.2,23.0,20.7,90,78,90,50,11.0,1.4,N,PA,BREVES,A228,-1.680251,-50.478139,11.0
67,2019-01-12,04:00,0.0,1012.8,1013.3,1012.8,-9999,22.8,21.4,22.8,22.7,21.4,21.3,92,92,92,139,2.8,0.9,N,PA,BREVES,A228,-1.680251,-50.478139,11.0
68,2019-01-12,08:00,0.0,1010.0,1010.5,1010.0,-9999,22.7,21.5,22.7,22.6,21.5,21.4,93,93,93,58,0.9,0.5,N,PA,BREVES,A228,-1.680251,-50.478139,11.0
69,2019-01-12,12:00,0.0,1012.9,1012.9,1012.3,588,24.3,21.9,24.6,23.4,22.4,21.8,92,86,86,44,2.1,1.0,N,PA,BREVES,A228,-1.680251,-50.478139,11.0
70,2019-01-12,16:00,0.0,1012.1,1013.1,1012.1,1103,25.8,21.9,26.5,25.5,22.8,21.7,83,77,79,69,4.1,1.8,N,PA,BREVES,A228,-1.680251,-50.478139,11.0
71,2019-01-12,20:00,0.0,1009.6,1010.1,1009.6,910,27.7,22.8,28.0,27.4,22.9,22.0,75,71,75,1,2.8,1.4,N,PA,BREVES,A228,-1.680251,-50.478139,11.0
72,2019-01-13,00:00,0.0,1011.1,1011.1,1010.4,-9999,23.8,22.2,23.9,23.7,22.4,22.2,92,91,91,75,1.3,0.4,N,PA,BREVES,A228,-1.680251,-50.478139,11.0
73,2019-01-13,04:00,0.0,1010.9,1011.5,1010.9,-9999,22.6,21.4,23.1,22.6,21.8,21.4,93,93,93,79,0.9,0.5,N,PA,BREVES,A228,-1.680251,-50.478139,11.0
74,2019-01-13,08:00,0.0,1010.4,1010.4,1010.0,-9999,22.7,21.7,22.8,22.4,21.7,21.3,94,93,94,4,0.8,0.4,N,PA,BREVES,A228,-1.680251,-50.478139,11.0
75,2019-01-13,12:00,0.2,1012.9,1012.9,1012.5,496,25.0,23.2,25.0,23.6,23.3,22.4,93,90,90,106,2.2,1.2,N,PA,BREVES,A228,-1.680251,-50.478139,11.0
76,2019-01-13,16:00,0.0,1011.4,1012.4,1011.4,1367,28.6,22.4,28.9,28.0,23.8,21.9,75,67,69,287,2.7,0.5,N,PA,BREVES,A228,-1.680251,-50.478139,11.0
77,2019-01-13,20:00,0.2,1008.6,1009.1,1008.6,290,24.7,23.4,24.7,24.2,23.4,23.0,93,92,92,54,2.7,0.8,N,PA,BREVES,A228,-1.680251,-50.478139,11.0
78,2019-01-14,00:00,0.0,1011.5,1011.5,1010.6,-9999,23.9,22.7,24.3,23.9,23.0,22.7,93,93,93,104,0.8,0.4,N,PA,BREVES,A228,-1.680251,-50.478139,11.0
79,2019-01-14,04:00,0.0,1011.5,1012.0,1011.5,-9999,23.5,22.4,23.6,23.4,22.5,22.3,94,93,94,124,1.5,0.3,N,PA,BREVES,A228,-1.680251,-50.478139,11.0
80,2019-01-14,08:00,0.0,1011.4,1011.5,1010.6,-9999,23.4,22.3,23.5,23.3,22.4,22.3,94,94,94,204,0.9,0.2,N,PA,BREVES,A228,-1.680251,-50.478139,11.0
81,2019-01-14,12:00,1.2,1014.5,1014.5,1013.5,332,22.7,21.3,22.7,22.0,21.4,20.7,93,92,92,353,3.0,0.9,N,PA,BREVES,A228,-1.680251,-50.478139,11.0
82,2019-01-14,16:00,0.0,1012.5,1013.6,1012.5,1658,26.5,21.9,27.1,25.0,22.8,21.2,82,74,76,9,2.1,1.0,N,PA,BREVES,A228,-1.680251,-50.478139,11.0
83,2019-01-14,20:00,0.0,1009.1,1009.1,1009.0,670,29.3,23.5,29.6,28.3,23.6,22.7,75,67,71,320,3.2,1.1,N,PA,BREVES,A228,-1.680251,-50.478139,11.0
84,2019-01-15,00:00,0.2,1012.2,1012.2,1011.5,-9999,23.7,22.5,23.7,23.1,22.5,21.7,93,92,93,283,1.7,0.5,N,PA,BREVES,A228,-1.680251,-50.478139,11.0
85,2019-01-15,04:00,6.2,1012.5,1013.3,1012.5,-9999,23.6,22.5,23.8,23.6,22.7,22.4,94,93,94,232,4.0,0.5,N,PA,BREVES,A228,-1.680251,-50.478139,11.0
86,2019-01-15,08:00,0.0,1011.7,1011.8,1011.6,-9999,23.3,22.2,23.4,23.2,22.3,22.2,94,94,94,175,0.6,0.2,N,PA,BREVES,A228,-1.680251,-50.478139,11.0
87,2019-01-15,12:00,0.4,1014.9,1014.9,1014.1,96,24.2,23.1,24.2,23.9,23.1,22.8,94,93,94,188,2.3,0.3,N,PA,BREVES,A228,-1.680251,-50.478139,11.0
88,2019-01-15,16:00,0.0,1013.7,1014.5,1013.7,1660,25.9,23.0,26.6,25.4,23.7,22.2,88,79,84,149,5.4,1.1,N,PA,BREVES,A228,-1.680251,-50.478139,11.0
89,2019-01-15,20:00,0.0,1009.7,1010.3,1009.7,569,25.9,22.9,28.0,25.9,23.6,22.5,84,75,84,129,4.2,0.5,N,PA,BREVES,A228,-1.680251,-50.478139,11.0
90,2019-01-16,00:00,0.0,1012.0,1012.0,1010.9,-9999,23.3,21.3,23.8,23.3,21.8,21.3,89,88,88,85,2.8,0.8,N,PA,BREVES,A228,-1.680251,-50.478139,11.0
91,2019-01-16,04:00,0.0,1012.7,1012.9,1012.7,-9999,22.0,20.8,22.3,22.0,21.1,20.8,93,93,93,141,1.4,0.3,N,PA,BREVES,A228,-1.680251,-50.478139,11.0
92,2019-01-16,08:00,0.0,1011.8,1011.9,1011.5,-9999,21.5,20.5,21.7,21.5,20.7,20.5,94,94,94,178,1.1,0.2,N,PA,BREVES,A228,-1.680251,-50.478139,11.0
93,2019-01-16,12:00,0.0,1014.5,1014.5,1013.8,1405,27.3,23.6,27.3,23.3,23.6,22.3,94,79,80,149,2.8,0.8,N,PA,BREVES,A228,-1.680251,-50.478139,11.0
94,2019-01-16,16:00,0.0,1011.9,1013.4,1011.9,1835,30.2,24.3,31.2,29.2,25.0,22.7,74,63,71,52,3.3,0.9,N,PA,BREVES,A228,-1.680251,-50.478139,11.0
95,2019-01-16,20:00,0.0,1008.7,1009.4,1008.7,1025,31.7,22.8,32.1,30.9,24.7,22.2,67,57,59,160,3.0,0.9,N,PA,BREVES,A228,-1.680251,-50.478139,11.0
96,2019-01-17,00:00,0.0,1012.5,1012.7,1012.0,-9999,24.8,23.0,25.2,24.7,23.0,22.6,90,86,90,51,3.6,0.8,N,PA,BREVES,A228,-1.680251,-50.478139,11.0
97,2019-01-17,04:00,0.0,1011.8,1012.4,1011.8,-9999,24.1,23.0,24.4,24.1,23.1,23.0,93,93,93,344,1.1,0.3,N,PA,BREVES,A228,-1.680251,-50.478139,11.0
98,2019-01-17,08:00,0.0,1010.8,1010.8,1010.6,-9999,23.4,22.3,23.5,23.3,22.4,22.2,94,94,94,87,1.2,0.3,N,PA,BREVES,A228,-1.680251,-50.478139,11.0
99,2019-01-17,12:00,0.0,1013.5,1013.5,1012.8,782,26.3,23.7,26.3,24.6,23.9,23.2,93,85,86,84,3.5,1.9,N,PA,BREVES,A228,-1.680251,-50.478139,11.0
100,2019-01-17,16:00,0.0,1011.9,1012.8,1011.9,2621,30.4,22.7,31.9,30.4,24.1,22.3,67,59,63,88,5.7,2.1,N,PA,BREVES,A228,-1.680251,-50.478139,11.0
101,2019-01-17,20:00,0.0,1008.1,1008.6,1008.1,482,28.7,22.7,30.9,28.1,24.7,22.6,77,67,70,116,5.6,0.8,N,PA,BREVES,A228,-1.680251,-50.478139,11.0
102,2019-01-18,00:00,9.8,1012.2,1012.3,1010.5,-9999,24.1,22.8,26.2,24.1,23.6,22.8,92,84,92,71,9.9,4.1,N,PA,BREVES,A228,-1.680251,-50.478139,11.0
103,2019-01-18,04:00,0.0,1011.9,1012.4,1011.9,-9999,24.5,23.4,24.7,24.5,23.5,23.3,93,93,93,96,0.9,0.2,N,PA,BREVES,A228,-1.680251,-50.478139,11.0
104,2019-01-18,08:00,0.0,1010.0,1010.1,1009.7,-9999,24.2,23.0,24.5,24.1,23.3,23.0,93,93,93,74,1.1,0.3,N,PA,BREVES,A228,-1.680251,-50.478139,11.0
105,2019-01-18,12:00,0.0,1012.6,1012.6,1011.8,1133,27.5,24.2,27.6,25.9,24.7,23.7,91,81,82,64,4.9,1.8,N,PA,BREVES,A228,-1.680251,-50.478139,11.0
106,2019-01-18,16:00,0.0,1011.0,1012.0,1011.0,2494,31.0,24.1,32.0,30.2,24.6,22.7,69,59,67,130,4.0,0.9,N,PA,BREVES,A228,-1.680251,-50.478139,11.0
107,2019-01-18,20:00,1.8,1007.8,1007.8,1007.3,1241,26.5,23.5,31.8,26.5,24.9,23.2,84,61,84,68,8.6,3.3,N,PA,BREVES,A228,-1.680251,-50.478139,11.0
108,2019-01-19,00:00,0.0,1010.0,1010.1,1009.2,-9999,25.5,23.9,25.6,25.4,23.9,23.6,91,89,91,87,3.0,0.7,N,PA,BREVES,A228,-1.680251,-50.478139,11.0
109,2019-01-19,04:00,1.6,1011.0,1011.3,1010.9,-9999,24.2,22.9,24.8,24.2,23.3,22.8,93,91,92,84,2.8,0.3,N,PA,BREVES,A228,-1.680251,-50.478139,11.0
110,2019-01-19,08:00,3.8,1010.4,1010.5,1009.9,-9999,24.6,23.5,24.6,24.4,23.5,23.3,93,93,93,114,1.6,0.4,N,PA,BREVES,A228,-1.680251,-50.478139,11.0
111,2019-01-19,12:00,1.0,1013.5,1013.5,1013.0,147,22.8,21.7,22.8,22.3,21.7,21.0,93,93,93,112,2.8,0.6,N,PA,BREVES,A228,-1.680251,-50.478139,11.0
112,2019-01-19,16:00,0.0,1011.6,1012.2,1011.6,1135,25.9,22.9,25.9,24.0,23.3,22.1,90,83,84,106,3.7,1.5,N,PA,BREVES,A228,-1.680251,-50.478139,11.0
113,2019-01-19,20:00,0.0,1008.7,1009.0,1008.7,523,27.5,24.7,27.7,27.3,24.8,23.7,85,80,85,270,2.6,0.4,N,PA,BREVES,A228,-1.680251,-50.478139,11.0
114,2019-01-20,00:00,0.0,1011.0,1011.0,1010.2,-9999,24.6,23.4,24.6,24.5,23.4,23.3,93,93,93,208,1.0,0.2,N,PA,BREVES,A228,-1.680251,-50.478139,11.0
115,2019-01-20,04:00,0.0,1012.0,1012.8,1012.0,-9999,23.7,22.6,24.1,23.7,23.0,22.5,93,93,93,62,0.8,0.1,N,PA,BREVES,A228,-1.680251,-50.478139,11.0
116,2019-01-20,08:00,0.0,1010.8,1010.8,1010.0,-9999,23.5,22.4,23.5,23.4,22.4,22.2,94,93,94,87,0.8,0.4,N,PA,BREVES,A228,-1.680251,-50.478139,11.0
117,2019-01-20,12:00,0.0,1012.1,1012.1,1011.4,1469,27.2,23.5,27.4,25.0,23.8,22.8,89,77,80,94,4.4,2.3,N,PA,BREVES,A228,-1.680251,-50.478139,11.0
118,2019-01-20,16:00,0.0,1011.2,1012.0,1011.2,2653,32.3,23.6,32.3,30.4,25.0,22.9,71,59,60,94,4.7,1.8,N,PA,BREVES,A228,-1.680251,-50.478139,11.0
119,2019-01-20,20:00,0.0,1008.9,1009.0,1008.4,421,26.5,24.1,27.2,26.3,24.1,22.7,87,78,87,44,4.2,1.5,N,PA,BREVES,A228,-1.680251,-50.478139,11.0
120,2019-01-21,00:00,1.2,1011.7,1011.7,1009.8,-9999,24.2,22.6,24.5,24.1,22.9,22.5,92,90,90,96,5.6,1.0,N,PA,BREVES,A228,-1.680251,-50.478139,11.0
121,2019-01-21,04:00,0.0,1011.6,1012.3,1011.6,-9999,23.3,22.2,23.5,23.3,22.4,22.2,93,93,93,90,0.8,0.4,N,PA,BREVES,A228,-1.680251,-50.478139,11.0
122,2019-01-21,08:00,0.0,1010.4,1010.5,1010.0,-9999,23.3,22.3,23.6,23.3,22.5,22.3,94,94,94,105,1.5,0.4,N,PA,BREVES,A228,-1.680251,-50.478139,11.0
123,2019-01-21,12:00,0.0,1013.7,1013.7,1012.8,779,25.8,23.3,26.4,24.8,24.0,23.2,93,85,86,69,7.0,2.6,N,PA,BREVES,A228,-1.680251,-50.478139,11.0
124,2019-01-21,16:00,0.0,1012.3,1013.1,1012.3,3313,30.1,22.7,31.3,29.2,24.5,22.7,75,62,65,87,6.5,2.6,N,PA,BREVES,A228,-1.680251,-50.478139,11.0
125,2019-01-21,20:00,0.0,1008.6,1008.9,1008.5,1029,30.1,23.0,31.1,30.1,23.8,22.5,67,61,66,68,6.4,1.9,N,PA,BREVES,A228,-1.680251,-50.478139,11.0
126,2019-01-22,00:00,0.0,1012.4,1012.4,1011.0,-9999,25.3,22.9,25.9,25.3,23.0,22.8,87,84,87,65,3.9,1.1,N,PA,BREVES,A228,-1.680251,-50.478139,11.0
127,2019-01-22,04:00,0.0,1012.0,1013.1,1012.0,-9999,24.3,22.8,24.3,24.2,22.9,22.8,92,92,92,353,1.5,0.5,N,PA,BREVES,A228,-1.680251,-50.478139,11.0
128,2019-01-22,08:00,0.0,1010.7,1010.9,1010.6,-9999,24.0,22.7,24.0,23.9,22.8,22.6,93,93,93,280,1.6,0.3,N,PA,BREVES,A228,-1.680251,-50.478139,11.0
129,2019-01-22,12:00,0.0,1013.8,1013.8,1013.2,887,26.2,22.4,26.9,24.8,23.0,22.2,87,77,79,48,4.5,1.5,N,PA,BREVES,A228,-1.680251,-50.478139,11.0
130,2019-01-22,16:00,0.0,1012.0,1013.2,1012.0,2195,29.6,24.2,29.9,27.3,24.6,22.7,82,67,73,77,6.0,2.1,N,PA,BREVES,A228,-1.680251,-50.478139,11.0
131,2019-01-22,20:00,0.0,1009.2,1009.2,1009.1,632,27.4,23.5,28.4,27.3,23.9,22.8,80,74,79,48,4.8,1.4,N,PA,BREVES,A228,-1.680251,-50.478139,11.0
132,2019-01-23,00:00,0.0,1012.4,1012.4,1011.4,-9999,24.9,23.0,25.5,24.9,23.2,23.0,89,87,89,37,2.6,0.6,N,PA,BREVES,A228,-1.680251,-50.478139,11.0
133,2019-01-23,04:00,1.2,1012.8,1013.5,1012.8,-9999,24.5,23.0,24.7,24.5,23.3,22.9,92,91,92,47,5.2,0.8,N,PA,BREVES,A228,-1.680251,-50.478139,11.0
134,2019-01-23,08:00,0.0,1011.6,1011.6,1011.1,-9999,24.1,22.9,24.2,24.1,23.0,22.9,93,93,93,294,1.4,0.4,N,PA,BREVES,A228,-1.680251,-50.478139,11.0
135,2019-01-23,12:00,0.0,1013.3,1013.3,1012.9,778,26.3,23.6,26.4,25.1,24.0,23.2,91,85,85,345,2.6,0.9,N,PA,BREVES,A228,-1.680251,-50.478139,11.0
136,2019-01-23,16:00,0.0,1012.2,1012.9,1012.2,1089,28.9,24.0,29.1,28.1,25.0,23.4,82,74,75,332,3.3,1.6,N,PA,BREVES,A228,-1.680251,-50.478139,11.0
137,2019-01-23,20:00,0.0,1009.5,1009.5,1009.1,923,29.0,23.3,31.4,28.9,24.7,22.4,74,60,72,71,4.1,2.0,N,PA,BREVES,A228,-1.680251,-50.478139,11.0
138,2019-01-24,00:00,0.0,1011.8,1011.8,1010.7,-9999,24.6,23.4,24.7,24.6,23.5,23.3,93,93,93,8,1.4,0.2,N,PA,BREVES,A228,-1.680251,-50.478139,11.0
139,2019-01-24,04:00,0.0,1011.9,1012.6,1011.9,-9999,24.7,23.4,24.7,24.5,23.5,23.3,93,93,93,70,3.0,1.1,N,PA,BREVES,A228,-1.680251,-50.478139,11.0
140,2019-01-24,08:00,0.0,1010.4,1010.7,1010.4,-9999,24.3,23.0,24.4,24.3,23.2,23.0,93,93,93,48,2.8,1.0,N,PA,BREVES,A228,-1.680251,-50.478139,11.0
141,2019-01-24,12:00,0.0,1013.1,1013.1,1012.0,840,26.1,23.3,26.4,25.3,23.9,23.0,90,83,84,35,4.6,1.9,N,PA,BREVES,A228,-1.680251,-50.478139,11.0
142,2019-01-24,16:00,0.0,1011.6,1012.4,1011.6,2685,31.1,23.0,31.7,29.6,23.9,21.8,69,60,62,94,5.5,1.4,N,PA,BREVES,A228,-1.680251,-50.478139,11.0
143,2019-01-24,20:00,0.0,1009.2,1009.2,1008.8,569,29.8,23.1,30.0,28.5,24.3,22.4,77,66,67,41,5.8,1.2,N,PA,BREVES,A228,-1.680251,-50.478139,11.0
144,2019-01-25,00:00,0.0,1011.7,1011.7,1011.2,-9999,24.1,22.2,24.3,24.1,22.6,22.2,91,88,89,74,3.9,1.6,N,PA,BREVES,A228,-1.680251,-50.478139,11.0
145,2019-01-25,04:00,0.0,1011.8,1012.1,1011.8,-9999,23.2,22.0,23.5,23.2,22.3,22.0,93,93,93,96,1.2,0.6,N,PA,BREVES,A228,-1.680251,-50.478139,11.0
146,2019-01-25,08:00,0.0,1011.2,1011.2,1010.8,-9999,23.3,22.2,23.3,23.2,22.2,22.1,93,93,93,9,1.5,0.2,N,PA,BREVES,A228,-1.680251,-50.478139,11.0
147,2019-01-25,12:00,0.0,1013.6,1013.6,1013.3,902,26.0,23.4,26.0,24.4,23.8,23.0,93,85,85,28,4.4,1.8,N,PA,BREVES,A228,-1.680251,-50.478139,11.0
148,2019-01-25,16:00,0.2,1012.0,1013.0,1012.0,2883,30.9,23.3,31.0,29.5,23.8,22.0,68,61,64,16,4.5,1.8,N,PA,BREVES,A228,-1.680251,-50.478139,11.0
149,2019-01-25,20:00,0.0,1008.9,1008.9,1008.5,763,29.0,22.5,32.2,28.2,23.2,21.4,72,53,68,76,7.2,2.8,N,PA,BREVES,A228,-1.680251,-50.478139,11.0
150,2019-01-26,00:00,0.0,1011.4,1011.5,1010.7,-9999,24.9,21.8,25.4,24.9,21.8,21.5,83,80,83,76,4.1,1.2,N,PA,BREVES,A228,-1.680251,-50.478139,11.0
151,2019-01-26,04:00,0.0,1012.0,1012.4,1012.0,-9999,23.9,22.3,24.3,23.8,22.3,22.1,91,88,91,66,2.0,0.4,N,PA,BREVES,A228,-1.680251,-50.478139,11.0
152,2019-01-26,08:00,0.0,1010.9,1011.0,1010.8,-9999,23.0,21.8,23.0,22.9,21.8,21.7,93,93,93,45,0.8,0.3,N,PA,BREVES,A228,-1.680251,-50.478139,11.0
153,2019-01-26,12:00,0.0,1013.8,1013.8,1013.1,765,25.6,23.1,26.3,24.7,23.8,23.0,92,84,86,49,3.4,1.6,N,PA,BREVES,A228,-1.680251,-50.478139,11.0
154,2019-01-26,16:00,0.0,1012.4,1013.5,1012.4,1905,27.5,22.9,27.9,26.5,24.0,22.9,85,75,76,64,4.7,1.8,N,PA,BREVES,A228,-1.680251,-50.478139,11.0
155,2019-01-26,20:00,0.8,1009.8,1010.3,1009.8,545,25.2,23.1,25.6,24.9,23.6,22.9,90,87,88,79,3.6,1.1,N,PA,BREVES,A228,-1.680251,-50.478139,11.0
156,2019-01-27,00:00,0.4,1011.9,1011.9,1011.3,-9999,23.3,22.0,24.3,23.3,23.0,21.8,93,90,92,138,4.6,0.6,N,PA,BREVES,A228,-1.680251,-50.478139,11.0
157,2019-01-27,04:00,0.0,1011.2,1011.6,1011.2,-9999,23.0,21.8,23.2,23.0,22.0,21.8,93,93,93,69,2.1,0.3,N,PA,BREVES,A228,-1.680251,-50.478139,11.0
158,2019-01-27,08:00,0.8,1010.4,1010.4,1010.0,-9999,23.0,21.9,23.1,22.9,22.0,21.8,94,94,94,51,0.9,0.4,N,PA,BREVES,A228,-1.680251,-50.478139,11.0
159,2019-01-27,12:00,0.2,1012.7,1012.7,1012.3,705,25.1,22.8,25.1,23.7,22.9,22.4,93,87,87,57,2.1,0.7,N,PA,BREVES,A228,-1.680251,-50.478139,11.0
160,2019-01-27,16:00,0.0,1011.3,1012.3,1011.3,2891,30.2,23.3,30.7,28.9,24.2,22.6,73,63,67,74,4.6,1.5,N,PA,BREVES,A228,-1.680251,-50.478139,11.0
161,2019-01-27,20:00,4.2,1009.3,1009.4,1008.5,503,24.1,22.1,30.4,24.1,24.6,22.1,89,65,88,157,6.4,1.6,N,PA,BREVES,A228,-1.680251,-50.478139,11.0
162,2019-01-28,00:00,0.0,1011.2,1011.2,1010.1,-9999,23.7,22.4,24.0,23.7,22.6,22.3,93,91,93,38,2.1,0.1,N,PA,BREVES,A228,-1.680251,-50.478139,11.0
163,2019-01-28,04:00,0.0,1010.5,1011.7,1010.5,-9999,23.5,22.4,23.6,23.5,22.5,22.4,94,93,94,75,0.9,0.5,N,PA,BREVES,A228,-1.680251,-50.478139,11.0
164,2019-01-28,08:00,0.0,1009.3,1009.3,1009.2,-9999,23.6,22.6,23.7,23.6,22.6,22.5,94,94,94,308,0.8,0.2,N,PA,BREVES,A228,-1.680251,-50.478139,11.0
165,2019-01-28,12:00,0.0,1011.6,1011.6,1011.1,1055,27.9,25.1,27.9,24.7,25.1,23.6,94,83,85,71,2.7,0.9,N,PA,BREVES,A228,-1.680251,-50.478139,11.0
166,2019-01-28,16:00,0.0,1009.9,1010.9,1009.9,3232,31.8,22.5,32.5,30.6,24.5,22.5,69,55,58,112,6.3,2.1,N,PA,BREVES,A228,-1.680251,-50.478139,11.0
167,2019-01-28,20:00,0.8,1009.2,1009.2,1008.4,138,23.8,21.9,23.8,23.4,22.1,21.1,92,86,89,86,6.4,1.4,N,PA,BREVES,A228,-1.680251,-50.478139,11.0
168,2019-01-29,00:00,0.0,1010.9,1010.9,1009.7,-9999,23.7,22.4,24.1,23.7,22.8,22.4,93,92,93,157,1.8,0.5,N,PA,BREVES,A228,-1.680251,-50.478139,11.0
169,2019-01-29,04:00,0.0,1011.0,1011.7,1011.0,-9999,23.1,22.0,23.4,23.1,22.2,21.9,93,93,93,341,1.6,0.2,N,PA,BREVES,A228,-1.680251,-50.478139,11.0
170,2019-01-29,08:00,0.0,1010.3,1010.3,1010.0,-9999,23.2,22.1,23.2,23.1,22.2,22.0,94,94,94,92,0.9,0.5,N,PA,BREVES,A228,-1.680251,-50.478139,11.0
171,2019-01-29,12:00,0.0,1011.4,1011.6,1011.4,751,26.1,23.8,26.3,24.3,24.4,23.3,94,86,87,43,1.9,0.6,N,PA,BREVES,A228,-1.680251,-50.478139,11.0
172,2019-01-29,16:00,0.0,1009.9,1010.7,1009.9,2348,31.3,23.3,32.3,30.7,24.7,22.8,67,58,63,68,5.2,1.3,N,PA,BREVES,A228,-1.680251,-50.478139,11.0
173,2019-01-29,20:00,0.0,1007.0,1007.7,1007.0,1055,29.0,22.3,29.5,28.2,22.4,21.5,68,64,67,34,4.6,1.4,N,PA,BREVES,A228,-1.680251,-50.478139,11.0
174,2019-01-30,00:00,3.6,1010.6,1010.6,1009.2,-9999,24.3,23.0,25.3,24.3,23.1,22.8,92,86,92,144,4.5,0.8,N,PA,BREVES,A228,-1.680251,-50.478139,11.0
175,2019-01-30,04:00,0.0,1011.2,1012.0,1011.1,-9999,22.9,21.5,24.0,22.9,22.7,21.4,92,89,92,160,6.0,0.6,N,PA,BREVES,A228,-1.680251,-50.478139,11.0
176,2019-01-30,08:00,0.0,1009.7,1009.7,1009.3,-9999,22.9,21.7,23.0,22.8,21.8,21.6,93,93,93,74,1.0,0.6,N,PA,BREVES,A228,-1.680251,-50.478139,11.0
177,2019-01-30,12:00,0.0,1011.7,1011.7,1010.8,911,26.8,23.3,27.0,24.1,23.9,22.6,92,80,81,121,1.3,0.4,N,PA,BREVES,A228,-1.680251,-50.478139,11.0
178,2019-01-30,16:00,0.0,1010.3,1011.2,1010.3,2268,32.6,23.9,32.6,30.3,24.4,22.9,70,58,60,103,5.1,1.9,N,PA,BREVES,A228,-1.680251,-50.478139,11.0
179,2019-01-30,20:00,4.2,1007.3,1008.1,1007.2,568,27.2,25.3,28.4,25.1,25.4,21.1,91,73,89,82,12.7,0.3,N,PA,BREVES,A228,-1.680251,-50.478139,11.0
180,2019-01-31,00:00,4.2,1010.9,1010.9,1009.1,-9999,23.5,22.0,26.9,23.5,24.4,21.9,91,82,91,82,11.1,1.7,N,PA,BREVES,A228,-1.680251,-50.478139,11.0
181,2019-01-31,04:00,0.0,1011.1,1011.2,1010.8,-9999,23.1,21.9,23.2,23.0,22.0,21.8,93,93,93,177,1.2,0.4,N,PA,BREVES,A228,-1.680251,-50.478139,11.0
182,2019-01-31,08:00,0.0,1009.2,1009.2,1009.1,-9999,23.4,22.3,23.4,23.2,22.3,22.1,93,93,93,329,1.0,0.4,N,PA,BREVES,A228,-1.680251,-50.478139,11.0
183,2019-01-31,12:00,0.0,1011.6,1011.8,1011.5,369,25.3,23.7,25.3,24.4,23.8,23.2,93,91,91,58,1.5,0.8,N,PA,BREVES,A228,-1.680251,-50.478139,11.0
184,2019-01-31,16:00,0.2,1011.1,1011.7,1011.1,2047,30.8,24.8,30.8,29.5,25.0,23.4,75,68,71,65,6.2,2.0,N,PA,BREVES,A228,-1.680251,-50.478139,11.0
185,2019-01-31,20:00,1.4,1008.2,1008.6,1007.3,689,23.4,20.6,32.9,23.4,24.0,20.3,86,57,84,110,8.6,1.9,N,PA,BREVES,A228,-1.680251,-50.478139,11.0
186,2019-02-01,00:00,0.0,1010.0,1010.0,1008.9,-9999,24.1,22.2,24.1,23.7,22.5,21.9,91,88,90,90,1.0,0.3,N,PA,BREVES,A228,-1.680251,-50.478139,11.0
187,2019-02-01,04:00,0.0,1011.0,1011.1,1010.9,-9999,24.2,23.0,24.5,24.2,23.2,23.0,93,92,93,134,1.2,0.1,N,PA,BREVES,A228,-1.680251,-50.478139,11.0
188,2019-02-01,08:00,0.0,1010.1,1010.1,1009.7,-9999,24.1,23.0,24.1,23.9,23.0,22.8,94,93,94,154,0.8,0.4,N,PA,BREVES,A228,-1.680251,-50.478139,11.0
189,2019-02-01,12:00,0.0,1012.0,1012.1,1011.6,826,25.6,22.6,25.6,24.3,23.0,22.2,88,83,84,47,3.7,1.4,N,PA,BREVES,A228,-1.680251,-50.478139,11.0
190,2019-02-01,16:00,0.0,1010.9,1011.7,1010.9,2036,30.4,23.4,30.7,29.1,24.3,23.0,74,65,66,76,5.1,1.9,N,PA,BREVES,A228,-1.680251,-50.478139,11.0
191,2019-02-01,20:00,0.4,1009.3,1009.3,1008.1,613,23.6,21.3,31.9,23.6,24.9,21.3,87,62,87,70,12.2,3.7,N,PA,BREVES,A228,-1.680251,-50.478139,11.0
192,2019-02-02,00:00,0.0,1010.7,1010.7,1009.5,-9999,23.8,22.6,23.8,23.4,22.6,22.1,93,92,93,309,2.0,0.4,N,PA,BREVES,A228,-1.680251,-50.478139,11.0
193,2019-02-02,04:00,0.0,1011.3,1011.9,1011.2,-9999,24.0,22.6,24.2,24.0,22.9,22.6,93,92,92,98,2.2,0.8,N,PA,BREVES,A228,-1.680251,-50.478139,11.0
194,2019-02-02,08:00,0.0,1010.6,1010.8,1010.6,-9999,23.8,22.6,23.9,23.8,22.6,22.5,93,92,93,46,2.2,0.6,N,PA,BREVES,A228,-1.680251,-50.478139,11.0
195,2019-02-02,12:00,0.0,1013.2,1013.2,1012.8,1092,27.0,21.9,27.0,24.7,23.5,21.9,90,74,74,78,3.0,0.9,N,PA,BREVES,A228,-1.680251,-50.478139,11.0
196,2019-02-02,16:00,0.0,1011.4,1012.1,1011.4,2632,29.9,21.1,31.0,29.7,23.4,20.4,65,56,59,91,3.9,1.9,N,PA,BREVES,A228,-1.680251,-50.478139,11.0
197,2019-02-02,20:00,0.0,1008.5,1008.6,1008.5,1284,30.3,21.9,31.0,30.3,22.6,21.3,63,58,61,59,5.0,1.4,N,PA,BREVES,A228,-1.680251,-50.478139,11.0
198,2019-02-03,00:00,0.0,1011.0,1011.0,1010.0,-9999,24.8,23.1,25.2,24.8,23.4,23.1,91,89,90,67,2.0,1.0,N,PA,BREVES,A228,-1.680251,-50.478139,11.0
199,2019-02-03,04:00,0.0,1011.5,1012.1,1011.5,-9999,23.7,22.2,23.7,23.6,22.3,22.2,92,91,92,53,1.2,0.5,N,PA,BREVES,A228,-1.680251,-50.478139,11.0
200,2019-02-03,08:00,0.0,1010.2,1010.2,1009.9,-9999,23.6,22.3,23.6,23.5,22.3,22.1,92,92,92,281,1.4,0.4,N,PA,BREVES,A228,-1.680251,-50.478139,11.0
201,2019-02-03,12:00,0.0,1013.4,1013.4,1012.2,435,24.0,21.8,24.1,23.5,22.2,21.8,92,87,88,79,5.6,2.5,N,PA,BREVES,A228,-1.680251,-50.478139,11.0
202,2019-02-03,16:00,0.6,1012.5,1013.4,1012.5,653,24.6,22.7,25.2,24.6,22.9,21.9,89,83,89,323,2.5,1.2,N,PA,BREVES,A228,-1.680251,-50.478139,11.0
203,2019-02-03,20:00,0.0,1009.6,1010.0,1009.6,734,26.4,23.0,26.6,26.2,23.3,22.5,83,79,82,331,2.4,0.8,N,PA,BREVES,A228,-1.680251,-50.478139,11.0
204,2019-02-04,00:00,0.0,1010.5,1010.5,1009.8,-9999,24.2,22.7,24.5,24.2,23.1,22.7,92,91,91,104,1.7,0.3,N,PA,BREVES,A228,-1.680251,-50.478139,11.0
205,2019-02-04,04:00,0.0,1010.5,1011.2,1010.5,-9999,23.7,22.5,23.9,23.7,22.7,22.5,93,93,93,96,1.2,0.5,N,PA,BREVES,A228,-1.680251,-50.478139,11.0
206,2019-02-04,08:00,0.0,1009.2,1009.3,1009.0,-9999,23.5,22.4,23.7,23.5,22.5,22.4,93,93,93,92,1.5,0.4,N,PA,BREVES,A228,-1.680251,-50.478139,11.0
207,2019-02-04,12:00,0.0,1011.7,1011.7,1010.9,1229,26.8,22.7,27.5,24.9,23.8,22.4,91,76,79,73,3.2,1.4,N,PA,BREVES,A228,-1.680251,-50.478139,11.0
208,2019-02-04,16:00,0.0,1010.3,1011.3,1010.3,3143,31.1,23.5,32.1,30.4,23.5,21.5,64,55,64,54,6.5,2.0,N,PA,BREVES,A228,-1.680251,-50.478139,11.0
209,2019-02-04,20:00,0.0,1008.1,1008.3,1008.1,445,26.9,23.6,28.4,26.9,23.8,23.1,82,74,82,40,4.5,1.5,N,PA,BREVES,A228,-1.680251,-50.478139,11.0
210,2019-02-05,00:00,0.0,1009.4,1009.4,1008.4,-9999,24.8,23.0,25.1,24.8,23.2,23.0,90,89,89,52,2.0,0.4,N,PA,BREVES,A228,-1.680251,-50.478139,11.0
211,2019-02-05,04:00,0.0,1009.9,1010.7,1009.9,-9999,24.1,22.8,24.6,24.1,23.1,22.8,92,91,92,69,1.9,0.7,N,PA,BREVES,A228,-1.680251,-50.478139,11.0
212,2019-02-05,08:00,0.0,1008.6,1009.2,1008.6,-9999,23.8,22.6,24.0,23.8,22.8,22.5,93,93,93,347,2.0,0.6,N,PA,BREVES,A228,-1.680251,-50.478139,11.0
213,2019-02-05,12:00,0.0,1012.0,1012.0,1011.0,1066,26.7,23.2,27.2,25.6,23.8,22.7,87,80,81,72,3.4,0.9,N,PA,BREVES,A228,-1.680251,-50.478139,11.0
214,2019-02-05,16:00,3.2,1011.1,1012.0,1011.1,386,24.7,23.3,26.2,24.6,24.3,23.2,92,87,92,334,5.8,1.5,N,PA,BREVES,A228,-1.680251,-50.478139,11.0
215,2019-02-05,20:00,0.0,1008.0,1008.4,1008.0,697,27.5,24.3,27.5,26.7,24.4,23.5,84,82,83,77,2.3,0.9,N,PA,BREVES,A228,-1.680251,-50.478139,11.0
216,2019-02-06,00:00,0.0,1009.5,1009.5,1008.9,-9999,25.0,23.5,25.4,25.0,23.8,23.5,91,90,91,68,2.5,0.6,N,PA,BREVES,A228,-1.680251,-50.478139,11.0
217,2019-02-06,04:00,0.0,1010.9,1010.9,1010.6,-9999,23.1,21.8,23.6,23.1,22.2,21.8,93,91,93,126,2.1,0.5,N,PA,BREVES,A228,-1.680251,-50.478139,11.0
218,2019-02-06,08:00,0.0,1009.2,1009.3,1009.1,-9999,23.2,22.0,23.5,23.2,22.3,22.0,93,93,93,107,1.8,0.3,N,PA,BREVES,A228,-1.680251,-50.478139,11.0
219,2019-02-06,12:00,0.0,1012.1,1012.1,1011.1,999,26.4,23.4,26.4,25.0,23.6,22.6,89,82,84,293,2.1,0.5,N,PA,BREVES,A228,-1.680251,-50.478139,11.0
220,2019-02-06,16:00,0.0,1009.7,1011.0,1009.7,1969,31.0,24.1,31.2,28.6,24.7,22.7,77,64,67,342,3.5,0.9,N,PA,BREVES,A228,-1.680251,-50.478139,11.0
221,2019-02-06,20:00,0.2,1006.4,1006.9,1006.4,404,26.6,24.3,27.0,26.6,24.8,24.2,88,86,87,36,2.7,1.1,N,PA,BREVES,A228,-1.680251,-50.478139,11.0
222,2019-02-07,00:00,0.8,1009.7,1009.7,1008.5,-9999,25.2,23.7,25.8,25.2,24.2,23.6,91,90,91,69,4.9,1.1,N,PA,BREVES,A228,-1.680251,-50.478139,11.0
223,2019-02-07,04:00,0.0,1010.0,1010.4,1009.9,-9999,24.6,23.4,24.8,24.6,23.6,23.4,93,93,93,140,0.9,0.4,N,PA,BREVES,A228,-1.680251,-50.478139,11.0
224,2019-02-07,08:00,0.0,1008.0,1008.5,1008.0,-9999,24.3,23.1,24.6,24.3,23.4,23.1,93,93,93,328,0.8,0.4,N,PA,BREVES,A228,-1.680251,-50.478139,11.0
225,2019-02-07,12:00,0.2,1010.9,1010.9,1009.5,933,26.3,23.3,27.0,25.7,24.0,22.8,87,81,83,68,4.6,1.7,N,PA,BREVES,A228,-1.680251,-50.478139,11.0
226,2019-02-07,16:00,0.0,1008.8,1010.0,1008.8,1675,29.3,23.6,30.7,28.8,24.9,23.3,75,69,72,38,5.6,1.7,N,PA,BREVES,A228,-1.680251,-50.478139,11.0
227,2019-02-07,20:00,0.4,1006.5,1006.5,1006.1,68,25.2,23.9,25.3,24.9,23.9,23.6,93,92,92,44,3.3,1.2,N,PA,BREVES,A228,-1.680251,-50.478139,11.0
228,2019-02-08,00:00,0.4,1009.1,1009.1,1008.6,-9999,24.7,23.5,24.9,24.6,23.6,23.4,93,92,93,133,2.2,0.2,N,PA,BREVES,A228,-1.680251,-50.478139,11.0
229,2019-02-08,04:00,0.0,1008.8,1009.7,1008.8,-9999,23.7,22.6,23.9,23.7,22.7,22.6,93,93,93,173,0.8,0.2,N,PA,BREVES,A228,-1.680251,-50.478139,11.0
230,2019-02-08,08:00,0.0,1007.6,1007.6,1007.0,-9999,23.8,22.8,23.8,23.6,22.8,22.6,94,94,94,320,1.0,0.4,N,PA,BREVES,A228,-1.680251,-50.478139,11.0
231,2019-02-08,12:00,19.4,1010.6,1010.6,1009.3,100,24.3,23.2,24.7,24.3,23.5,23.2,94,93,93,86,28.0,1.7,N,PA,BREVES,A228,-1.680251,-50.478139,11.0
232,2019-02-08,16:00,1.0,1009.6,1010.4,1009.6,661,25.8,23.4,25.9,25.1,24.1,23.4,91,87,87,51,2.6,0.8,N,PA,BREVES,A228,-1.680251,-50.478139,11.0
233,2019-02-08,20:00,0.0,1006.7,1006.7,1006.3,865,26.5,23.9,27.3,26.5,25.0,23.9,88,83,86,36,5.5,2.0,N,PA,BREVES,A228,-1.680251,-50.478139,11.0
234,2019-02-09,00:00,0.0,1009.0,1009.0,1008.1,-9999,23.2,22.0,23.3,23.2,22.1,21.9,93,92,93,227,1.6,0.3,N,PA,BREVES,A228,-1.680251,-50.478139,11.0
235,2019-02-09,04:00,0.0,1009.0,1009.7,1009.0,-9999,23.4,22.3,23.5,23.3,22.3,22.1,93,93,93,239,0.8,0.3,N,PA,BREVES,A228,-1.680251,-50.478139,11.0
236,2019-02-09,08:00,0.0,1008.2,1008.2,1007.7,-9999,23.6,22.6,23.6,23.5,22.6,22.4,94,94,94,96,0.8,0.3,N,PA,BREVES,A228,-1.680251,-50.478139,11.0
237,2019-02-09,12:00,0.0,1010.4,1010.4,1009.3,1146,26.3,23.3,26.8,25.1,24.1,23.2,90,83,83,71,3.5,2.0,N,PA,BREVES,A228,-1.680251,-50.478139,11.0
238,2019-02-09,16:00,0.0,1009.1,1010.0,1009.1,2303,29.3,23.5,31.4,29.0,24.0,22.8,74,63,71,77,5.3,1.2,N,PA,BREVES,A228,-1.680251,-50.478139,11.0
239,2019-02-09,20:00,0.0,1006.4,1006.5,1006.1,1306,27.8,23.6,27.8,26.5,24.2,23.0,85,77,78,31,4.1,1.4,N,PA,BREVES,A228,-1.680251,-50.478139,11.0
240,2019-02-10,00:00,4.4,1009.9,1009.9,1009.3,-9999,24.1,22.8,24.1,23.9,22.9,22.7,93,93,93,5,3.0,0.3,N,PA,BREVES,A228,-1.680251,-50.478139,11.0
241,2019-02-10,04:00,0.0,1010.0,1010.6,1010.0,-9999,24.0,22.8,24.1,24.0,22.9,22.8,93,93,93,299,1.3,0.5,N,PA,BREVES,A228,-1.680251,-50.478139,11.0
242,2019-02-10,08:00,0.0,1008.4,1008.5,1008.0,-9999,23.7,22.5,23.8,23.7,22.6,22.5,94,93,93,28,2.4,0.7,N,PA,BREVES,A228,-1.680251,-50.478139,11.0
243,2019-02-10,12:00,0.0,1011.3,1011.3,1010.2,964,26.6,23.5,26.6,25.1,23.9,22.9,89,82,83,60,2.8,0.9,N,PA,BREVES,A228,-1.680251,-50.478139,11.0
244,2019-02-10,16:00,0.0,1009.4,1010.4,1009.4,2299,29.6,23.2,31.1,28.7,25.2,22.9,77,64,69,62,4.6,2.4,N,PA,BREVES,A228,-1.680251,-50.478139,11.0
245,2019-02-10,20:00,0.0,1006.6,1007.4,1006.6,334,26.1,24.1,26.1,25.4,24.2,23.7,92,88,88,53,2.7,1.0,N,PA,BREVES,A228,-1.680251,-50.478139,11.0
246,2019-02-11,00:00,0.0,1009.7,1009.7,1008.7,-9999,25.3,23.9,25.7,25.3,24.1,23.8,92,91,92,22,1.4,0.2,N,PA,BREVES,A228,-1.680251,-50.478139,11.0
247,2019-02-11,04:00,0.0,1009.5,1010.3,1009.5,-9999,23.4,22.2,23.7,23.4,22.3,22.1,93,92,93,113,1.2,0.5,N,PA,BREVES,A228,-1.680251,-50.478139,11.0
248,2019-02-11,08:00,0.0,1008.9,1008.9,1008.6,-9999,23.3,22.2,23.3,23.1,22.2,22.0,94,94,94,82,0.4,0.2,N,PA,BREVES,A228,-1.680251,-50.478139,11.0
249,2019-02-11,12:00,0.0,1011.3,1011.3,1010.5,1086,27.1,24.3,27.2,24.9,24.5,23.6,93,84,85,85,3.8,1.7,N,PA,BREVES,A228,-1.680251,-50.478139,11.0
250,2019-02-11,16:00,0.0,1009.4,1010.7,1009.4,2487,31.5,23.6,31.9,30.1,24.4,22.8,69,60,63,109,4.8,1.4,N,PA,BREVES,A228,-1.680251,-50.478139,11.0
251,2019-02-11,20:00,0.2,1006.1,1006.2,1006.0,1451,31.3,24.7,31.3,30.6,24.7,22.8,70,62,68,58,5.5,1.2,N,PA,BREVES,A228,-1.680251,-50.478139,11.0
252,2019-02-12,00:00,0.0,1009.8,1009.8,1008.7,-9999,25.3,23.4,25.6,25.3,23.5,23.3,89,87,89,61,2.2,0.7,N,PA,BREVES,A228,-1.680251,-50.478139,11.0
253,2019-02-12,04:00,0.0,1010.0,1010.3,1010.0,-9999,24.7,23.3,24.8,24.7,23.4,23.3,92,92,92,34,1.5,0.1,N,PA,BREVES,A228,-1.680251,-50.478139,11.0
254,2019-02-12,08:00,0.0,1009.1,1009.4,1009.1,-9999,23.9,22.8,24.0,23.9,22.9,22.7,93,93,93,38,1.0,0.4,N,PA,BREVES,A228,-1.680251,-50.478139,11.0
255,2019-02-12,12:00,0.0,1012.6,1012.6,1011.8,1018,26.8,23.4,26.8,25.1,23.8,23.2,90,82,82,69,3.9,1.6,N,PA,BREVES,A228,-1.680251,-50.478139,11.0
256,2019-02-12,16:00,0.0,1009.9,1010.9,1009.9,2908,31.8,24.0,31.8,30.5,24.8,23.1,70,62,63,86,3.5,1.7,N,PA,BREVES,A228,-1.680251,-50.478139,11.0
257,2019-02-12,20:00,0.0,1008.4,1008.5,1008.2,413,25.8,23.3,25.8,25.5,23.4,22.9,88,85,86,73,6.9,1.6,N,PA,BREVES,A228,-1.680251,-50.478139,11.0
258,2019-02-13,00:00,0.0,1011.0,1011.0,1010.0,-9999,24.7,22.8,24.8,24.7,23.0,22.7,90,89,89,86,2.8,0.9,N,PA,BREVES,A228,-1.680251,-50.478139,11.0
259,2019-02-13,04:00,0.0,1011.2,1011.7,1011.2,-9999,24.2,22.9,24.2,24.0,23.0,22.7,93,92,93,304,1.1,0.6,N,PA,BREVES,A228,-1.680251,-50.478139,11.0
260,2019-02-13,08:00,0.0,1010.1,1010.1,1009.9,-9999,24.0,22.8,24.0,23.9,22.9,22.8,93,93,93,-9999,0.9,0.1,N,PA,BREVES,A228,-1.680251,-50.478139,11.0
261,2019-02-13,12:00,0.0,1012.7,1012.7,1012.2,378,25.2,23.2,25.2,24.4,23.3,22.8,91,89,89,109,2.9,0.5,N,PA,BREVES,A228,-1.680251,-50.478139,11.0
262,2019-02-13,16:00,0.0,1010.9,1012.2,1010.9,1012,27.7,24.8,27.7,26.7,24.9,24.2,88,83,84,88,2.5,0.8,N,PA,BREVES,A228,-1.680251,-50.478139,11.0
263,2019-02-13,20:00,2.0,1008.7,1008.8,1008.2,967,28.0,24.4,29.5,28.0,25.4,24.4,81,74,81,103,3.7,1.0,N,PA,BREVES,A228,-1.680251,-50.478139,11.0
264,2019-02-14,00:00,0.0,1011.0,1011.1,1010.0,-9999,24.9,23.7,25.0,24.7,23.7,23.4,93,92,93,93,1.0,0.3,N,PA,BREVES,A228,-1.680251,-50.478139,11.0
265,2019-02-14,04:00,0.0,1011.1,1011.6,1011.1,-9999,24.4,23.2,24.6,24.4,23.3,23.1,93,92,93,89,1.0,0.3,N,PA,BREVES,A228,-1.680251,-50.478139,11.0
266,2019-02-14,08:00,0.0,1010.5,1010.6,1010.4,-9999,24.1,23.0,24.3,24.1,23.2,23.0,94,94,94,75,1.2,0.6,N,PA,BREVES,A228,-1.680251,-50.478139,11.0
267,2019-02-14,12:00,0.0,1012.4,1012.5,1012.0,1266,27.8,24.3,27.8,25.2,24.7,23.8,92,82,82,84,3.5,1.5,N,PA,BREVES,A228,-1.680251,-50.478139,11.0
268,2019-02-14,16:00,0.0,1010.5,1011.5,1010.5,2483,30.0,23.6,32.1,28.6,25.1,23.0,74,61,69,29,6.0,1.6,N,PA,BREVES,A228,-1.680251,-50.478139,11.0
269,2019-02-14,20:00,0.0,1009.2,1009.2,1008.6,368,26.0,24.0,26.3,25.9,24.5,23.5,90,86,89,29,2.3,1.0,N,PA,BREVES,A228,-1.680251,-50.478139,11.0
270,2019-02-15,00:00,0.0,1012.1,1012.1,1010.9,-9999,24.5,23.1,24.5,24.3,23.1,22.8,92,91,92,131,3.0,0.5,N,PA,BREVES,A228,-1.680251,-50.478139,11.0
271,2019-02-15,04:00,0.0,1012.5,1013.5,1012.5,-9999,22.2,21.0,22.2,22.1,21.0,20.8,93,92,93,113,1.6,0.3,N,PA,BREVES,A228,-1.680251,-50.478139,11.0
272,2019-02-15,08:00,0.0,1011.3,1011.3,1010.9,-9999,23.5,22.4,23.5,22.9,22.4,21.9,94,94,94,303,1.4,0.5,N,PA,BREVES,A228,-1.680251,-50.478139,11.0
273,2019-02-15,12:00,0.0,1012.6,1012.6,1012.3,481,25.0,23.0,25.0,24.1,23.2,22.8,93,88,89,222,1.3,0.5,N,PA,BREVES,A228,-1.680251,-50.478139,11.0
274,2019-02-15,16:00,0.0,1011.6,1012.4,1011.6,1946,29.1,23.6,29.9,28.3,24.7,23.4,78,70,72,53,4.6,2.2,N,PA,BREVES,A228,-1.680251,-50.478139,11.0
275,2019-02-15,20:00,0.0,1008.9,1009.2,1008.8,1245,30.1,23.3,31.0,30.1,24.0,22.7,67,62,67,45,5.6,2.2,N,PA,BREVES,A228,-1.680251,-50.478139,11.0
276,2019-02-16,00:00,0.0,1011.0,1011.0,1010.0,-9999,25.1,23.7,25.1,24.9,23.7,23.6,93,92,92,70,2.2,0.9,N,PA,BREVES,A228,-1.680251,-50.478139,11.0
277,2019-02-16,04:00,0.0,1011.3,1011.9,1011.2,-9999,24.0,22.8,24.4,23.9,23.0,22.7,93,92,93,70,1.5,0.4,N,PA,BREVES,A228,-1.680251,-50.478139,11.0
278,2019-02-16,08:00,0.0,1010.5,1010.6,1010.3,-9999,23.9,22.5,24.0,23.9,22.6,22.5,92,91,92,46,2.9,0.7,N,PA,BREVES,A228,-1.680251,-50.478139,11.0
279,2019-02-16,12:00,0.0,1012.6,1012.6,1011.7,623,25.9,23.4,25.9,24.5,23.4,22.8,91,86,86,74,2.5,1.0,N,PA,BREVES,A228,-1.680251,-50.478139,11.0
280,2019-02-16,16:00,0.0,1011.0,1011.9,1011.0,2125,30.9,23.5,31.2,29.3,24.6,22.7,73,62,65,53,4.9,1.5,N,PA,BREVES,A228,-1.680251,-50.478139,11.0
281,2019-02-16,20:00,0.0,1008.1,1008.3,1008.1,894,28.3,23.2,31.6,28.3,23.9,22.4,74,60,74,16,5.2,1.6,N,PA,BREVES,A228,-1.680251,-50.478139,11.0
282,2019-02-17,00:00,0.0,1010.5,1010.5,1009.5,-9999,26.5,23.5,26.6,26.5,23.8,23.4,85,83,83,44,3.6,1.0,N,PA,BREVES,A228,-1.680251,-50.478139,11.0
283,2019-02-17,04:00,0.0,1010.5,1011.3,1010.5,-9999,25.4,22.8,25.5,25.4,22.9,22.8,86,85,86,59,3.9,1.1,N,PA,BREVES,A228,-1.680251,-50.478139,11.0
284,2019-02-17,08:00,0.0,1009.9,1009.9,1009.3,-9999,24.3,22.9,24.6,24.3,23.0,22.9,92,91,92,152,1.2,0.1,N,PA,BREVES,A228,-1.680251,-50.478139,11.0
285,2019-02-17,12:00,0.0,1012.8,1012.8,1011.7,206,25.7,23.3,25.7,25.2,23.5,23.2,90,87,87,332,1.7,0.4,N,PA,BREVES,A228,-1.680251,-50.478139,11.0
286,2019-02-17,16:00,0.0,1011.7,1012.7,1011.7,1225,28.6,24.6,29.2,28.0,25.3,23.5,84,73,79,188,3.3,1.0,N,PA,BREVES,A228,-1.680251,-50.478139,11.0
287,2019-02-17,20:00,1.2,1009.1,1009.7,1009.0,168,25.1,23.8,25.1,24.6,23.8,23.4,93,92,92,289,2.5,0.6,N,PA,BREVES,A228,-1.680251,-50.478139,11.0
288,2019-02-18,00:00,0.0,1011.7,1011.7,1010.7,-9999,24.8,23.3,24.9,24.8,23.5,23.3,92,91,91,70,2.7,1.3,N,PA,BREVES,A228,-1.680251,-50.478139,11.0
289,2019-02-18,04:00,0.0,1011.8,1012.4,1011.8,-9999,24.3,22.8,24.4,24.3,23.1,22.8,93,92,92,352,1.6,0.3,N,PA,BREVES,A228,-1.680251,-50.478139,11.0
290,2019-02-18,08:00,0.0,1010.1,1010.1,1009.9,-9999,24.2,22.9,24.2,24.2,22.9,22.8,92,92,92,313,2.3,0.4,N,PA,BREVES,A228,-1.680251,-50.478139,11.0
291,2019-02-18,12:00,0.2,1013.5,1013.5,1012.5,494,25.2,23.0,25.3,24.6,23.4,22.9,91,87,88,35,4.0,1.3,N,PA,BREVES,A228,-1.680251,-50.478139,11.0
292,2019-02-18,16:00,8.2,1013.7,1014.1,1013.7,131,24.1,22.6,24.5,24.1,23.3,22.6,93,91,91,126,6.2,2.0,N,PA,BREVES,A228,-1.680251,-50.478139,11.0
293,2019-02-18,20:00,0.2,1010.5,1011.2,1010.3,212,23.7,22.1,24.0,23.7,22.6,22.1,92,91,91,250,2.5,0.5,N,PA,BREVES,A228,-1.680251,-50.478139,11.0
294,2019-02-19,00:00,0.0,1012.7,1012.8,1011.9,-9999,23.5,22.3,23.5,23.4,22.4,22.2,93,93,93,52,2.9,0.3,N,PA,BREVES,A228,-1.680251,-50.478139,11.0
295,2019-02-19,04:00,0.0,1012.6,1013.3,1012.6,-9999,23.3,22.2,23.4,23.3,22.3,22.2,94,93,94,234,1.0,0.4,N,PA,BREVES,A228,-1.680251,-50.478139,11.0
296,2019-02-19,08:00,0.2,1011.1,1011.5,1011.0,-9999,23.5,22.3,23.6,23.5,22.5,22.3,93,93,93,208,1.9,0.3,N,PA,BREVES,A228,-1.680251,-50.478139,11.0
297,2019-02-19,12:00,0.0,1012.6,1012.7,1012.0,460,24.9,23.1,24.9,24.2,23.4,22.8,93,89,90,230,1.8,0.6,N,PA,BREVES,A228,-1.680251,-50.478139,11.0
298,2019-02-19,16:00,0.0,1012.0,1012.7,1012.0,1105,28.9,23.5,29.1,28.1,24.6,22.9,77,72,73,345,3.0,1.0,N,PA,BREVES,A228,-1.680251,-50.478139,11.0
299,2019-02-19,20:00,15.8,1008.5,1008.9,1008.4,170,24.7,23.2,31.4,24.6,24.3,22.3,92,65,91,152,5.9,0.4,N,PA,BREVES,A228,-1.680251,-50.478139,11.0
300,2019-02-20,00:00,0.0,1010.6,1010.6,1009.8,-9999,24.3,22.9,24.5,24.3,23.2,22.8,92,91,92,86,2.7,0.8,N,PA,BREVES,A228,-1.680251,-50.478139,11.0
301,2019-02-20,04:00,0.0,1011.0,1011.9,1011.0,-9999,24.1,23.0,24.1,23.9,23.0,22.8,94,94,94,69,0.9,0.3,N,PA,BREVES,A228,-1.680251,-50.478139,11.0
302,2019-02-20,08:00,0.0,1009.3,1009.3,1009.1,-9999,24.0,22.8,24.1,24.0,23.0,22.8,93,93,93,324,1.3,0.3,N,PA,BREVES,A228,-1.680251,-50.478139,11.0
303,2019-02-20,12:00,0.0,1012.7,1012.7,1011.5,1033,26.1,22.9,26.6,25.4,23.7,22.7,89,81,83,32,2.8,1.3,N,PA,BREVES,A228,-1.680251,-50.478139,11.0
304,2019-02-20,16:00,0.0,1010.6,1011.5,1010.6,2473,30.8,23.6,30.8,29.3,24.1,22.5,71,65,65,83,4.9,1.7,N,PA,BREVES,A228,-1.680251,-50.478139,11.0
305,2019-02-20,20:00,0.0,1006.6,1007.2,1006.6,1609,30.4,22.6,31.0,30.4,23.5,22.5,66,61,63,155,5.1,1.0,N,PA,BREVES,A228,-1.680251,-50.478139,11.0
306,2019-02-21,00:00,0.0,1009.7,1009.7,1008.6,-9999,25.9,23.4,26.5,25.9,23.6,23.4,86,84,86,60,3.2,1.1,N,PA,BREVES,A228,-1.680251,-50.478139,11.0
307,2019-02-21,04:00,0.0,1010.2,1010.9,1010.2,-9999,24.1,22.7,24.3,24.1,22.9,22.7,92,92,92,36,1.7,0.6,N,PA,BREVES,A228,-1.680251,-50.478139,11.0
308,2019-02-21,08:00,0.0,1009.2,1009.3,1008.8,-9999,23.8,22.7,23.8,23.7,22.7,22.5,93,93,93,58,2.8,1.1,N,PA,BREVES,A228,-1.680251,-50.478139,11.0
309,2019-02-21,12:00,0.0,1012.7,1012.7,1011.7,614,25.8,23.2,26.0,24.9,23.6,23.1,91,85,85,37,4.0,1.7,N,PA,BREVES,A228,-1.680251,-50.478139,11.0
310,2019-02-21,16:00,0.0,1010.7,1012.1,1010.7,2500,31.0,23.6,31.3,30.0,24.6,22.8,71,62,65,16,3.9,1.0,N,PA,BREVES,A228,-1.680251,-50.478139,11.0
311,2019-02-21,20:00,0.0,1009.5,1009.7,1009.2,470,25.3,22.7,26.0,25.3,23.1,22.4,86,81,85,75,6.9,1.9,N,PA,BREVES,A228,-1.680251,-50.478139,11.0
312,2019-02-22,00:00,0.2,1012.3,1012.4,1012.0,-9999,24.0,22.7,24.1,23.9,22.8,22.6,93,92,93,133,0.7,0.3,N,PA,BREVES,A228,-1.680251,-50.478139,11.0
313,2019-02-22,04:00,0.2,1012.6,1013.2,1012.6,-9999,24.1,22.8,24.2,24.1,23.0,22.8,93,92,93,61,1.3,0.7,N,PA,BREVES,A228,-1.680251,-50.478139,11.0
314,2019-02-22,08:00,0.2,1011.3,1011.4,1010.9,-9999,23.5,22.2,23.5,23.4,22.3,22.1,93,93,93,69,2.7,0.7,N,PA,BREVES,A228,-1.680251,-50.478139,11.0
315,2019-02-22,12:00,0.0,1013.1,1013.2,1013.0,648,25.3,23.1,25.4,24.3,23.2,22.6,91,86,87,358,2.6,1.1,N,PA,BREVES,A228,-1.680251,-50.478139,11.0
316,2019-02-22,16:00,0.0,1011.8,1012.5,1011.8,1293,28.5,23.8,29.7,28.4,24.1,22.3,76,67,76,294,3.0,0.5,N,PA,BREVES,A228,-1.680251,-50.478139,11.0
317,2019-02-22,20:00,0.0,1009.3,1009.4,1009.3,1076,28.9,24.0,31.7,28.9,24.2,21.9,75,58,75,109,3.4,0.4,N,PA,BREVES,A228,-1.680251,-50.478139,11.0
318,2019-02-23,00:00,0.0,1011.2,1011.2,1010.4,-9999,25.1,23.3,25.6,25.1,23.7,23.3,90,88,90,59,2.4,0.5,N,PA,BREVES,A228,-1.680251,-50.478139,11.0
319,2019-02-23,04:00,0.0,1011.8,1012.5,1011.8,-9999,23.7,22.3,24.0,23.7,22.5,22.3,92,91,92,338,2.6,0.4,N,PA,BREVES,A228,-1.680251,-50.478139,11.0
320,2019-02-23,08:00,0.0,1010.6,1010.6,1010.3,-9999,23.0,21.9,23.2,22.9,22.1,21.8,93,93,93,95,0.9,0.2,N,PA,BREVES,A228,-1.680251,-50.478139,11.0
321,2019-02-23,12:00,0.0,1012.3,1012.3,1011.3,1437,28.1,23.8,28.1,25.4,24.0,22.9,87,77,78,92,2.9,1.4,N,PA,BREVES,A228,-1.680251,-50.478139,11.0
322,2019-02-23,16:00,0.0,1010.1,1011.4,1010.1,2483,31.9,23.3,32.1,30.0,24.3,22.2,67,58,60,313,4.5,1.5,N,PA,BREVES,A228,-1.680251,-50.478139,11.0
323,2019-02-23,20:00,6.4,1008.1,1008.4,1008.1,128,24.3,22.9,24.7,24.2,23.5,22.8,93,91,91,75,7.2,1.7,N,PA,BREVES,A228,-1.680251,-50.478139,11.0
324,2019-02-24,00:00,0.0,1010.8,1010.8,1009.8,-9999,24.4,23.1,24.7,24.4,23.4,23.1,93,92,93,90,2.3,0.7,N,PA,BREVES,A228,-1.680251,-50.478139,11.0
325,2019-02-24,04:00,0.0,1011.3,1012.0,1011.2,-9999,23.9,22.6,24.2,23.9,22.9,22.5,93,92,92,75,2.5,0.3,N,PA,BREVES,A228,-1.680251,-50.478139,11.0
326,2019-02-24,08:00,0.0,1009.8,1009.9,1009.7,-9999,23.5,22.3,23.7,23.5,22.5,22.3,93,93,93,250,1.2,0.2,N,PA,BREVES,A228,-1.680251,-50.478139,11.0
327,2019-02-24,12:00,0.0,1012.1,1012.1,1011.2,963,26.5,23.0,26.7,24.5,23.8,23.0,92,81,81,30,5.9,2.1,N,PA,BREVES,A228,-1.680251,-50.478139,11.0
328,2019-02-24,16:00,0.2,1010.1,1011.2,1010.1,1399,28.8,24.2,29.2,26.9,25.2,23.1,86,71,76,139,5.6,0.8,N,PA,BREVES,A228,-1.680251,-50.478139,11.0
329,2019-02-24,20:00,0.0,1007.6,1007.7,1007.3,767,26.5,23.8,26.5,25.1,24.2,22.9,89,85,85,72,3.5,1.6,N,PA,BREVES,A228,-1.680251,-50.478139,11.0
330,2019-02-25,00:00,0.0,1010.2,1010.2,1009.5,-9999,24.7,22.2,25.1,24.7,22.3,22.1,87,84,86,53,3.4,0.9,N,PA,BREVES,A228,-1.680251,-50.478139,11.0
331,2019-02-25,04:00,0.2,1010.9,1011.4,1010.9,-9999,23.5,22.1,23.8,23.4,22.3,22.0,92,91,92,67,4.6,1.5,N,PA,BREVES,A228,-1.680251,-50.478139,11.0
332,2019-02-25,08:00,0.2,1009.5,1009.5,1009.3,-9999,23.4,22.2,23.4,23.4,22.2,22.1,93,93,93,86,2.6,1.0,N,PA,BREVES,A228,-1.680251,-50.478139,11.0
333,2019-02-25,12:00,0.0,1012.2,1012.2,1011.3,1031,25.5,22.5,25.5,24.1,22.7,21.9,91,82,83,90,6.0,2.1,N,PA,BREVES,A228,-1.680251,-50.478139,11.0
334,2019-02-25,16:00,0.0,1010.9,1011.7,1010.9,1855,29.7,22.9,29.7,28.7,23.1,21.7,70,64,67,42,5.9,1.3,N,PA,BREVES,A228,-1.680251,-50.478139,11.0
335,2019-02-25,20:00,0.0,1008.1,1008.3,1008.1,832,29.5,23.1,29.7,29.0,24.4,22.8,75,68,68,63,4.1,0.9,N,PA,BREVES,A228,-1.680251,-50.478139,11.0
336,2019-02-26,00:00,0.0,1010.4,1010.4,1009.6,-9999,26.0,22.9,26.2,26.0,23.0,22.8,83,82,83,50,4.4,1.0,N,PA,BREVES,A228,-1.680251,-50.478139,11.0
337,2019-02-26,04:00,0.0,1010.6,1011.4,1010.6,-9999,24.8,23.2,25.0,24.7,23.2,23.0,91,89,91,50,1.5,0.5,N,PA,BREVES,A228,-1.680251,-50.478139,11.0
338,2019-02-26,08:00,0.0,1009.8,1009.8,1009.7,-9999,23.9,22.2,24.4,23.9,22.3,22.0,90,87,90,76,3.6,1.1,N,PA,BREVES,A228,-1.680251,-50.478139,11.0
339,2019-02-26,12:00,0.6,1012.1,1012.1,1011.8,370,24.7,22.9,24.7,24.1,23.1,22.7,92,90,90,109,2.3,0.8,N,PA,BREVES,A228,-1.680251,-50.478139,11.0
340,2019-02-26,16:00,0.0,1011.8,1012.5,1011.8,608,26.2,23.7,26.6,25.8,24.1,23.3,88,83,86,13,3.6,0.8,N,PA,BREVES,A228,-1.680251,-50.478139,11.0
341,2019-02-26,20:00,6.2,1010.2,1010.3,1009.6,207,24.0,22.5,26.7,23.9,24.1,21.6,91,85,91,61,7.2,1.5,N,PA,BREVES,A228,-1.680251,-50.478139,11.0
342,2019-02-27,00:00,0.6,1012.6,1012.6,1011.6,-9999,23.6,22.4,23.7,23.6,22.5,22.3,93,92,93,159,1.4,0.3,N,PA,BREVES,A228,-1.680251,-50.478139,11.0
343,2019-02-27,04:00,0.0,1011.6,1012.5,1011.6,-9999,23.6,22.5,23.9,23.6,22.8,22.5,94,93,94,45,0.9,0.2,N,PA,BREVES,A228,-1.680251,-50.478139,11.0
344,2019-02-27,08:00,0.2,1011.0,1011.1,1010.9,-9999,22.5,21.3,22.5,22.4,21.3,21.1,93,92,93,158,1.5,0.5,N,PA,BREVES,A228,-1.680251,-50.478139,11.0
345,2019-02-27,12:00,0.6,1014.0,1014.0,1013.1,218,23.4,22.0,23.4,23.0,22.0,21.6,92,92,92,59,2.1,0.6,N,PA,BREVES,A228,-1.680251,-50.478139,11.0
346,2019-02-27,16:00,0.0,1012.1,1013.1,1012.1,1838,28.3,23.0,28.3,27.1,23.3,21.8,79,71,73,97,7.0,1.0,N,PA,BREVES,A228,-1.680251,-50.478139,11.0
347,2019-02-27,20:00,0.0,1009.3,1009.4,1009.2,928,27.0,22.9,28.7,27.0,23.5,22.7,79,72,78,51,6.3,2.1,N,PA,BREVES,A228,-1.680251,-50.478139,11.0
348,2019-02-28,00:00,0.0,1011.6,1011.6,1010.7,-9999,24.7,22.9,24.8,24.7,23.0,22.8,90,89,90,70,1.5,0.5,N,PA,BREVES,A228,-1.680251,-50.478139,11.0
349,2019-02-28,04:00,0.0,1012.0,1012.7,1012.0,-9999,24.0,22.2,24.2,23.9,22.3,22.2,90,89,90,84,1.9,0.8,N,PA,BREVES,A228,-1.680251,-50.478139,11.0
350,2019-02-28,08:00,0.0,1011.4,1011.4,1011.1,-9999,23.7,22.2,23.8,23.6,22.2,22.0,92,90,91,63,1.0,0.5,N,PA,BREVES,A228,-1.680251,-50.478139,11.0
351,2019-02-28,12:00,0.0,1014.5,1014.5,1013.5,304,25.2,22.4,25.3,24.7,22.9,22.3,88,84,85,57,2.1,0.7,N,PA,BREVES,A228,-1.680251,-50.478139,11.0
352,2019-02-28,16:00,0.0,1013.7,1014.3,1013.7,1363,26.6,21.9,28.1,25.4,22.8,21.0,81,69,76,56,7.4,2.0,N,PA,BREVES,A228,-1.680251,-50.478139,11.0
353,2019-02-28,20:00,0.0,1010.0,1010.1,1009.9,418,27.6,23.0,27.7,27.0,24.4,22.7,83,76,76,348,4.1,0.7,N,PA,BREVES,A228,-1.680251,-50.478139,11.0
354,2019-03-01,00:00,0.0,1013.0,1013.0,1012.2,-9999,24.4,23.1,24.6,24.4,23.3,23.1,93,92,92,91,2.7,1.2,N,PA,BREVES,A228,-1.680251,-50.478139,11.0
355,2019-03-01,04:00,0.0,1013.0,1013.8,1013.0,-9999,23.7,21.9,23.9,23.7,22.2,21.9,91,89,90,47,3.4,0.8,N,PA,BREVES,A228,-1.680251,-50.478139,11.0
356,2019-03-01,08:00,0.0,1011.8,1011.9,1011.6,-9999,23.4,22.1,23.6,23.4,22.3,22.1,92,92,92,303,1.5,0.4,N,PA,BREVES,A228,-1.680251,-50.478139,11.0
357,2019-03-01,12:00,0.0,1014.8,1014.8,1014.2,642,25.2,22.3,25.2,24.0,22.5,21.9,89,84,84,353,1.9,0.9,N,PA,BREVES,A228,-1.680251,-50.478139,11.0
358,2019-03-01,16:00,0.0,1013.4,1014.5,1013.4,2027,29.7,21.9,30.1,28.5,23.2,21.3,71,61,63,91,3.1,1.1,N,PA,BREVES,A228,-1.680251,-50.478139,11.0
359,2019-03-01,20:00,0.6,1011.2,1011.8,1011.2,166,24.9,23.5,24.9,24.6,23.5,23.1,92,91,92,27,2.3,0.5,N,PA,BREVES,A228,-1.680251,-50.478139,11.0
360,2019-03-02,00:00,0.0,1013.0,1013.0,1012.4,-9999,23.3,22.0,23.3,23.2,22.0,21.9,93,92,93,43,1.6,0.5,N,PA,BREVES,A228,-1.680251,-50.478139,11.0
361,2019-03-02,04:00,0.0,1013.0,1014.0,1013.0,-9999,23.0,22.0,23.1,23.0,22.0,21.9,94,94,94,279,0.8,0.2,N,PA,BREVES,A228,-1.680251,-50.478139,11.0
362,2019-03-02,08:00,0.0,1012.0,1012.1,1011.8,-9999,22.8,21.8,22.8,22.7,21.8,21.7,94,94,94,85,1.8,0.7,N,PA,BREVES,A228,-1.680251,-50.478139,11.0
363,2019-03-02,12:00,0.0,1014.6,1014.6,1013.7,1394,26.3,22.5,26.3,24.1,23.0,22.0,91,78,80,34,3.4,1.3,N,PA,BREVES,A228,-1.680251,-50.478139,11.0
364,2019-03-02,16:00,0.0,1012.8,1014.1,1012.8,2379,30.3,21.8,31.1,29.4,23.5,21.4,68,58,60,139,4.0,1.0,N,PA,BREVES,A228,-1.680251,-50.478139,11.0
365,2019-03-02,20:00,0.2,1009.4,1009.4,1009.0,1112,27.4,22.7,32.5,27.4,24.2,21.3,82,52,76,44,5.3,2.2,N,PA,BREVES,A228,-1.680251,-50.478139,11.0
366,2019-03-03,00:00,0.0,1012.4,1012.4,1011.4,-9999,24.5,23.0,24.9,24.5,23.0,23.0,91,89,91,59,3.4,0.8,N,PA,BREVES,A228,-1.680251,-50.478139,11.0
367,2019-03-03,04:00,0.0,1012.7,1013.6,1012.7,-9999,23.7,22.2,23.9,23.7,22.4,22.2,92,91,92,18,3.0,1.0,N,PA,BREVES,A228,-1.680251,-50.478139,11.0
368,2019-03-03,08:00,0.0,1011.2,1011.2,1010.6,-9999,23.6,22.0,23.6,23.2,22.1,21.9,93,91,91,25,3.8,1.4,N,PA,BREVES,A228,-1.680251,-50.478139,11.0
369,2019-03-03,12:00,0.0,1013.9,1013.9,1012.9,900,26.1,22.6,26.1,24.5,22.8,22.2,89,81,81,47,3.6,1.3,N,PA,BREVES,A228,-1.680251,-50.478139,11.0
370,2019-03-03,16:00,1.6,1011.9,1013.1,1011.9,2278,29.2,23.8,29.6,26.8,24.7,22.9,86,70,73,353,6.0,0.8,N,PA,BREVES,A228,-1.680251,-50.478139,11.0
371,2019-03-03,20:00,0.0,1009.7,1009.8,1009.6,595,25.5,23.0,26.5,25.5,24.6,23.0,91,86,86,56,4.7,2.3,N,PA,BREVES,A228,-1.680251,-50.478139,11.0
372,2019-03-04,00:00,0.2,1011.8,1011.8,1010.8,-9999,24.1,22.7,24.2,24.1,22.8,22.6,92,91,92,33,5.9,1.6,N,PA,BREVES,A228,-1.680251,-50.478139,11.0
373,2019-03-04,04:00,0.2,1012.2,1012.7,1012.2,-9999,23.6,22.2,23.6,23.5,22.3,22.1,93,92,92,34,2.9,1.0,N,PA,BREVES,A228,-1.680251,-50.478139,11.0
374,2019-03-04,08:00,0.0,1010.7,1010.7,1010.6,-9999,23.3,22.0,23.3,23.2,22.1,22.0,93,93,93,47,1.7,0.7,N,PA,BREVES,A228,-1.680251,-50.478139,11.0
375,2019-03-04,12:00,0.0,1013.1,1013.1,1012.5,886,26.0,23.2,26.0,23.9,23.2,22.3,91,83,85,73,4.1,1.4,N,PA,BREVES,A228,-1.680251,-50.478139,11.0
376,2019-03-04,16:00,0.0,1012.3,1013.4,1012.3,2598,29.5,22.5,29.5,27.2,23.8,21.9,79,66,66,48,7.6,2.5,N,PA,BREVES,A228,-1.680251,-50.478139,11.0
377,2019-03-04,20:00,0.0,1009.2,1009.2,1008.9,1303,26.3,23.0,29.6,26.3,23.7,22.6,82,68,82,88,7.6,2.9,N,PA,BREVES,A228,-1.680251,-50.478139,11.0
378,2019-03-05,00:00,0.0,1012.1,1012.1,1010.9,-9999,24.7,23.1,25.1,24.7,23.6,23.0,91,90,91,84,1.1,0.2,N,PA,BREVES,A228,-1.680251,-50.478139,11.0
379,2019-03-05,04:00,0.0,1012.5,1012.9,1012.5,-9999,23.5,21.9,24.0,23.5,22.0,21.9,91,89,90,70,2.1,0.6,N,PA,BREVES,A228,-1.680251,-50.478139,11.0
380,2019-03-05,08:00,0.0,1011.7,1011.7,1011.3,-9999,23.2,22.0,23.3,23.2,22.1,21.9,93,93,93,85,1.1,0.4,N,PA,BREVES,A228,-1.680251,-50.478139,11.0
381,2019-03-05,12:00,0.0,1014.2,1014.2,1013.3,656,25.7,22.7,25.8,24.3,23.2,22.5,92,83,84,79,2.0,0.9,N,PA,BREVES,A228,-1.680251,-50.478139,11.0
382,2019-03-05,16:00,0.0,1012.3,1013.6,1012.3,2488,29.7,24.3,29.9,28.8,25.3,22.8,79,68,73,195,3.0,1.1,N,PA,BREVES,A228,-1.680251,-50.478139,11.0
383,2019-03-05,20:00,0.4,1009.9,1010.7,1009.8,412,24.6,22.9,25.1,24.6,23.4,22.7,92,89,90,9,5.7,1.5,N,PA,BREVES,A228,-1.680251,-50.478139,11.0
384,2019-03-06,00:00,0.0,1012.5,1012.5,1011.4,-9999,23.5,22.3,24.0,23.5,22.6,22.3,93,92,93,158,1.6,0.4,N,PA,BREVES,A228,-1.680251,-50.478139,11.0
385,2019-03-06,04:00,0.2,1013.3,1014.0,1013.3,-9999,23.5,22.4,23.6,23.5,22.5,22.4,94,93,94,166,0.8,0.3,N,PA,BREVES,A228,-1.680251,-50.478139,11.0
386,2019-03-06,08:00,0.0,1011.3,1011.3,1011.1,-9999,23.7,22.6,23.7,23.6,22.7,22.5,94,94,94,13,0.7,0.4,N,PA,BREVES,A228,-1.680251,-50.478139,11.0
387,2019-03-06,12:00,0.0,1015.0,1015.0,1014.0,563,25.5,23.3,25.5,24.0,23.6,22.8,93,88,88,55,1.5,0.6,N,PA,BREVES,A228,-1.680251,-50.478139,11.0
388,2019-03-06,16:00,0.2,1012.8,1014.0,1012.8,2134,27.8,23.9,30.5,27.8,24.0,22.3,80,63,80,86,3.7,1.7,N,PA,BREVES,A228,-1.680251,-50.478139,11.0
389,2019-03-06,20:00,0.0,1010.6,1010.6,1010.1,1206,26.2,22.6,27.4,26.2,23.5,22.1,81,76,80,55,8.1,2.1,N,PA,BREVES,A228,-1.680251,-50.478139,11.0
390,2019-03-07,00:00,0.0,1013.4,1013.4,1012.7,-9999,24.1,22.6,24.3,24.1,22.7,22.5,92,90,92,89,1.4,0.3,N,PA,BREVES,A228,-1.680251,-50.478139,11.0
391,2019-03-07,04:00,0.0,1013.2,1013.9,1013.2,-9999,23.6,22.5,23.8,23.6,22.6,22.5,93,93,93,70,0.8,0.3,N,PA,BREVES,A228,-1.680251,-50.478139,11.0
392,2019-03-07,08:00,0.2,1011.8,1011.8,1011.6,-9999,23.7,22.6,23.7,23.4,22.6,22.3,94,94,94,71,0.9,0.4,N,PA,BREVES,A228,-1.680251,-50.478139,11.0
393,2019-03-07,12:00,0.4,1015.2,1015.2,1014.0,307,24.4,22.7,24.6,24.1,23.4,22.6,93,90,90,78,5.4,1.6,N,PA,BREVES,A228,-1.680251,-50.478139,11.0
394,2019-03-07,16:00,0.0,1014.0,1015.4,1014.0,1915,28.4,22.9,28.4,26.5,23.0,21.5,78,70,72,113,6.6,1.4,N,PA,BREVES,A228,-1.680251,-50.478139,11.0
395,2019-03-07,20:00,0.0,1010.5,1011.0,1010.5,1077,28.2,22.5,28.6,28.0,23.2,22.3,74,70,71,80,4.7,1.6,N,PA,BREVES,A228,-1.680251,-50.478139,11.0
396,2019-03-08,00:00,0.0,1012.1,1012.1,1010.9,-9999,24.1,22.2,25.0,24.1,22.6,22.2,89,86,89,196,1.6,0.2,N,PA,BREVES,A228,-1.680251,-50.478139,11.0
397,2019-03-08,04:00,0.0,1012.6,1013.7,1012.6,-9999,23.5,22.3,23.8,23.5,22.5,22.3,93,93,93,133,0.5,0.2,N,PA,BREVES,A228,-1.680251,-50.478139,11.0
398,2019-03-08,08:00,0.0,1011.0,1011.1,1010.9,-9999,23.5,22.3,23.5,23.4,22.4,22.3,93,93,93,71,0.8,0.5,N,PA,BREVES,A228,-1.680251,-50.478139,11.0
399,2019-03-08,12:00,0.0,1013.1,1013.1,1012.5,1180,27.5,23.2,27.7,25.3,24.0,23.2,90,77,77,83,4.8,2.1,N,PA,BREVES,A228,-1.680251,-50.478139,11.0
400,2019-03-08,16:00,0.0,1011.2,1012.3,1011.2,2442,30.7,23.0,32.0,29.6,24.4,22.4,71,59,64,97,5.6,2.2,N,PA,BREVES,A228,-1.680251,-50.478139,11.0
401,2019-03-08,20:00,0.0,1008.2,1008.6,1008.2,526,27.6,25.1,27.6,26.3,25.2,24.0,90,85,86,108,1.4,0.7,N,PA,BREVES,A228,-1.680251,-50.478139,11.0
402,2019-03-09,00:00,0.2,1010.5,1010.5,1009.6,-9999,25.5,24.0,26.3,25.5,24.3,24.0,91,89,91,112,2.2,0.4,N,PA,BREVES,A228,-1.680251,-50.478139,11.0
403,2019-03-09,04:00,0.0,1011.2,1011.8,1011.0,-9999,24.3,22.9,24.7,24.3,23.0,22.8,91,90,91,99,3.8,1.1,N,PA,BREVES,A228,-1.680251,-50.478139,11.0
404,2019-03-09,08:00,0.0,1010.0,1010.0,1009.7,-9999,24.1,22.8,24.1,23.8,22.9,22.6,93,93,93,60,1.9,0.4,N,PA,BREVES,A228,-1.680251,-50.478139,11.0
405,2019-03-09,12:00,0.0,1012.4,1012.4,1011.7,714,26.1,23.5,26.1,24.8,23.7,23.0,91,84,85,29,3.2,1.2,N,PA,BREVES,A228,-1.680251,-50.478139,11.0
406,2019-03-09,16:00,0.0,1010.7,1011.7,1010.7,1954,28.5,24.3,31.5,28.5,24.9,22.8,78,62,78,151,3.5,1.0,N,PA,BREVES,A228,-1.680251,-50.478139,11.0
407,2019-03-09,20:00,0.0,1008.0,1008.1,1007.8,124,25.2,23.7,25.2,25.0,23.7,23.3,91,90,91,13,3.7,1.2,N,PA,BREVES,A228,-1.680251,-50.478139,11.0
408,2019-03-10,00:00,0.0,1011.4,1011.4,1009.9,-9999,24.5,23.3,24.6,24.3,23.3,23.0,93,92,93,229,2.0,0.2,N,PA,BREVES,A228,-1.680251,-50.478139,11.0
409,2019-03-10,04:00,0.2,1010.9,1011.8,1010.9,-9999,24.4,23.1,24.5,24.3,23.3,23.1,93,93,93,92,2.6,0.8,N,PA,BREVES,A228,-1.680251,-50.478139,11.0
410,2019-03-10,08:00,0.0,1010.1,1010.5,1010.0,-9999,24.3,23.1,24.5,24.3,23.3,23.0,93,93,93,95,1.7,0.3,N,PA,BREVES,A228,-1.680251,-50.478139,11.0
411,2019-03-10,12:00,0.2,1011.7,1011.8,1011.1,691,26.2,23.8,26.5,25.3,24.1,23.5,91,85,87,55,3.4,1.5,N,PA,BREVES,A228,-1.680251,-50.478139,11.0
412,2019-03-10,16:00,0.0,1010.5,1011.6,1010.5,3211,31.2,24.3,31.4,30.1,24.3,22.2,67,60,67,79,5.7,1.6,N,PA,BREVES,A228,-1.680251,-50.478139,11.0
413,2019-03-10,20:00,8.6,1007.1,1007.1,1006.8,804,25.6,24.0,31.2,25.6,25.3,23.3,91,67,91,7,4.0,1.0,N,PA,BREVES,A228,-1.680251,-50.478139,11.0
414,2019-03-11,00:00,0.0,1010.0,1010.0,1008.9,-9999,25.1,23.8,25.3,25.0,24.0,23.8,93,92,93,43,1.5,0.4,N,PA,BREVES,A228,-1.680251,-50.478139,11.0
415,2019-03-11,04:00,0.2,1010.3,1011.1,1010.3,-9999,24.8,23.5,24.9,24.7,23.6,23.4,93,93,93,199,1.5,0.1,N,PA,BREVES,A228,-1.680251,-50.478139,11.0
416,2019-03-11,08:00,0.0,1008.8,1008.8,1008.6,-9999,24.4,23.2,24.6,24.4,23.4,23.2,94,93,93,288,1.0,0.2,N,PA,BREVES,A228,-1.680251,-50.478139,11.0
417,2019-03-11,12:00,0.0,1011.5,1011.5,1010.9,755,26.3,23.5,26.4,24.9,24.1,23.3,91,84,84,93,2.1,0.8,N,PA,BREVES,A228,-1.680251,-50.478139,11.0
418,2019-03-11,16:00,0.0,1010.0,1011.0,1010.0,2586,30.0,23.3,30.9,28.5,25.1,23.1,75,66,67,69,5.5,2.4,N,PA,BREVES,A228,-1.680251,-50.478139,11.0
419,2019-03-11,20:00,0.6,1007.7,1008.0,1007.6,383,25.5,23.9,25.6,25.2,24.0,23.3,91,89,91,15,3.2,1.4,N,PA,BREVES,A228,-1.680251,-50.478139,11.0
420,2019-03-12,00:00,0.0,1010.1,1010.1,1009.0,-9999,24.8,23.4,24.9,24.7,23.5,23.2,92,91,92,52,1.1,0.4,N,PA,BREVES,A228,-1.680251,-50.478139,11.0
421,2019-03-12,04:00,0.0,1010.2,1010.4,1010.2,-9999,24.4,23.2,24.6,24.4,23.4,23.2,93,93,93,72,1.4,0.6,N,PA,BREVES,A228,-1.680251,-50.478139,11.0
422,2019-03-12,08:00,0.0,1009.4,1009.4,1009.2,-9999,23.8,22.7,24.2,23.8,23.0,22.7,93,93,93,97,1.7,0.4,N,PA,BREVES,A228,-1.680251,-50.478139,11.0
423,2019-03-12,12:00,0.0,1012.3,1012.3,1011.3,682,26.1,23.7,26.1,24.9,24.1,23.4,92,87,87,33,2.8,1.1,N,PA,BREVES,A228,-1.680251,-50.478139,11.0
424,2019-03-12,16:00,0.0,1010.5,1011.7,1010.5,1262,29.2,23.3,29.4,28.9,24.2,22.8,75,68,71,12,2.8,1.1,N,PA,BREVES,A228,-1.680251,-50.478139,11.0
425,2019-03-12,20:00,0.2,1008.4,1008.4,1007.9,998,26.2,23.7,28.4,26.2,25.6,23.7,89,80,86,63,5.7,2.0,N,PA,BREVES,A228,-1.680251,-50.478139,11.0
426,2019-03-13,00:00,0.0,1011.3,1011.3,1010.1,-9999,24.6,23.3,24.6,24.5,23.4,23.1,93,91,93,150,2.2,0.3,N,PA,BREVES,A228,-1.680251,-50.478139,11.0
427,2019-03-13,04:00,3.4,1012.0,1012.6,1011.9,-9999,24.3,23.1,24.5,24.3,23.3,23.1,93,93,93,338,1.3,0.4,N,PA,BREVES,A228,-1.680251,-50.478139,11.0
428,2019-03-13,08:00,2.0,1011.7,1011.9,1011.5,-9999,22.2,20.9,22.5,22.1,21.1,20.7,93,91,93,92,5.0,0.8,N,PA,BREVES,A228,-1.680251,-50.478139,11.0
429,2019-03-13,12:00,0.0,1012.7,1012.7,1012.4,326,23.4,21.9,23.4,22.6,22.0,21.5,93,91,92,304,1.8,0.8,N,PA,BREVES,A228,-1.680251,-50.478139,11.0
430,2019-03-13,16:00,0.0,1011.2,1012.0,1011.2,1860,28.2,22.4,29.0,28.1,24.1,22.3,76,68,71,23,4.3,1.4,N,PA,BREVES,A228,-1.680251,-50.478139,11.0
431,2019-03-13,20:00,0.0,1008.3,1008.8,1008.2,1308,29.4,23.4,30.7,29.4,24.1,22.5,71,64,70,8,2.7,1.2,N,PA,BREVES,A228,-1.680251,-50.478139,11.0
432,2019-03-14,00:00,0.2,1010.9,1010.9,1010.3,-9999,23.5,22.0,23.9,23.5,22.2,21.9,92,90,92,75,3.0,0.8,N,PA,BREVES,A228,-1.680251,-50.478139,11.0
433,2019-03-14,04:00,0.0,1011.7,1012.4,1011.7,-9999,23.7,22.5,23.8,23.6,22.6,22.4,93,93,93,124,0.9,0.4,N,PA,BREVES,A228,-1.680251,-50.478139,11.0
434,2019-03-14,08:00,0.2,1010.9,1010.9,1010.7,-9999,24.1,22.9,24.2,23.9,22.9,22.7,93,93,93,77,0.8,0.4,N,PA,BREVES,A228,-1.680251,-50.478139,11.0
435,2019-03-14,12:00,0.0,1012.3,1012.3,1011.9,535,25.8,23.4,25.8,24.8,23.7,23.2,91,86,87,52,3.1,0.9,N,PA,BREVES,A228,-1.680251,-50.478139,11.0
436,2019-03-14,16:00,0.0,1011.1,1011.9,1011.1,1783,29.4,23.1,29.6,28.3,24.4,22.9,78,68,69,114,4.8,1.2,N,PA,BREVES,A228,-1.680251,-50.478139,11.0
437,2019-03-14,20:00,0.0,1007.8,1008.1,1007.7,787,28.6,23.6,28.9,27.9,24.8,23.2,83,73,74,82,3.0,1.1,N,PA,BREVES,A228,-1.680251,-50.478139,11.0
438,2019-03-15,00:00,0.0,1009.8,1009.8,1009.2,-9999,25.7,23.5,25.7,25.3,23.8,23.5,91,88,88,72,1.4,0.6,N,PA,BREVES,A228,-1.680251,-50.478139,11.0
439,2019-03-15,04:00,0.0,1009.6,1010.5,1009.6,-9999,23.9,22.7,24.5,23.9,22.9,22.6,93,91,93,82,0.9,0.4,N,PA,BREVES,A228,-1.680251,-50.478139,11.0
440,2019-03-15,08:00,0.0,1009.4,1009.4,1009.2,-9999,23.8,22.7,23.9,23.8,22.8,22.6,93,93,93,60,0.9,0.3,N,PA,BREVES,A228,-1.680251,-50.478139,11.0
441,2019-03-15,12:00,0.0,1011.7,1011.7,1011.2,778,27.2,24.3,27.2,24.8,24.4,23.1,91,84,84,80,2.6,1.1,N,PA,BREVES,A228,-1.680251,-50.478139,11.0
442,2019-03-15,16:00,0.0,1010.0,1011.2,1010.0,2323,31.4,23.7,31.7,29.8,24.7,22.9,74,60,64,104,4.1,1.4,N,PA,BREVES,A228,-1.680251,-50.478139,11.0
443,2019-03-15,20:00,0.0,1007.0,1007.3,1006.8,472,27.2,23.8,27.9,26.8,25.4,23.8,90,81,82,67,4.9,2.1,N,PA,BREVES,A228,-1.680251,-50.478139,11.0
444,2019-03-16,00:00,0.0,1009.7,1009.7,1009.5,-9999,25.2,23.3,25.3,25.2,23.4,23.2,89,88,89,55,3.4,0.9,N,PA,BREVES,A228,-1.680251,-50.478139,11.0
445,2019-03-16,04:00,0.0,1010.0,1010.9,1010.0,-9999,24.2,23.0,24.4,24.1,23.1,22.9,93,92,93,92,1.9,0.3,N,PA,BREVES,A228,-1.680251,-50.478139,11.0
446,2019-03-16,08:00,0.0,1010.0,1010.0,1009.8,-9999,23.9,22.8,24.1,23.9,22.9,22.8,94,93,93,113,1.3,0.4,N,PA,BREVES,A228,-1.680251,-50.478139,11.0
447,2019-03-16,12:00,0.0,1012.2,1012.2,1011.6,1013,27.1,23.8,27.1,25.4,24.2,23.4,90,82,82,64,4.4,2.0,N,PA,BREVES,A228,-1.680251,-50.478139,11.0
448,2019-03-16,16:00,0.0,1010.6,1011.6,1010.6,2958,31.4,22.7,32.1,30.5,24.0,22.0,67,58,60,51,6.2,2.2,N,PA,BREVES,A228,-1.680251,-50.478139,11.0
449,2019-03-16,20:00,0.0,1006.9,1007.3,1006.9,1216,31.7,21.9,32.2,30.6,23.9,21.9,66,55,56,53,3.6,1.9,N,PA,BREVES,A228,-1.680251,-50.478139,11.0
450,2019-03-17,00:00,0.0,1010.3,1010.3,1008.8,-9999,25.6,23.4,26.6,25.6,23.5,22.8,88,80,88,104,1.3,0.5,N,PA,BREVES,A228,-1.680251,-50.478139,11.0
451,2019-03-17,04:00,0.0,1010.9,1011.7,1010.9,-9999,24.4,22.8,24.6,24.4,22.9,22.8,91,90,91,102,1.8,0.4,N,PA,BREVES,A228,-1.680251,-50.478139,11.0
452,2019-03-17,08:00,0.0,1009.8,1010.2,1009.7,-9999,23.2,22.1,23.4,23.2,22.3,22.1,93,93,93,78,1.2,0.4,N,PA,BREVES,A228,-1.680251,-50.478139,11.0
453,2019-03-17,12:00,0.0,1012.4,1012.4,1011.6,1195,27.3,23.1,27.5,25.2,23.7,22.9,88,78,78,33,4.1,1.9,N,PA,BREVES,A228,-1.680251,-50.478139,11.0
454,2019-03-17,16:00,0.0,1011.2,1011.9,1011.2,1215,30.2,22.1,30.6,29.3,23.7,21.7,70,61,62,110,3.1,0.7,N,PA,BREVES,A228,-1.680251,-50.478139,11.0
455,2019-03-17,20:00,0.0,1007.5,1007.7,1007.5,765,29.8,22.9,30.6,29.0,23.6,22.6,72,63,67,345,5.3,1.3,N,PA,BREVES,A228,-1.680251,-50.478139,11.0
456,2019-03-18,00:00,0.0,1010.7,1010.7,1009.9,-9999,25.3,23.9,25.5,25.1,23.9,23.6,92,90,92,55,2.4,0.3,N,PA,BREVES,A228,-1.680251,-50.478139,11.0
457,2019-03-18,04:00,0.0,1011.1,1011.2,1011.1,-9999,24.8,23.3,24.8,24.7,23.3,23.2,92,91,92,104,1.3,0.5,N,PA,BREVES,A228,-1.680251,-50.478139,11.0
458,2019-03-18,08:00,0.0,1009.9,1010.0,1009.8,-9999,24.6,23.1,24.6,24.4,23.2,23.0,92,91,91,41,1.3,0.6,N,PA,BREVES,A228,-1.680251,-50.478139,11.0
459,2019-03-18,12:00,0.0,1012.1,1012.1,1011.6,1311,27.8,23.0,28.0,26.0,23.5,22.6,84,74,75,50,4.9,2.3,N,PA,BREVES,A228,-1.680251,-50.478139,11.0
460,2019-03-18,16:00,0.0,1010.8,1012.2,1010.8,2534,31.1,23.1,31.4,29.7,23.9,22.3,69,60,63,39,6.5,2.0,N,PA,BREVES,A228,-1.680251,-50.478139,11.0
461,2019-03-18,20:00,0.8,1007.9,1008.0,1007.8,623,26.2,23.7,29.9,26.2,24.4,22.5,86,65,86,60,9.3,2.8,N,PA,BREVES,A228,-1.680251,-50.478139,11.0
462,2019-03-19,00:00,0.0,1010.7,1010.8,1010.2,-9999,24.6,22.6,25.1,24.6,22.8,22.6,89,86,89,72,4.0,1.1,N,PA,BREVES,A228,-1.680251,-50.478139,11.0
463,2019-03-19,04:00,0.2,1011.0,1012.1,1011.0,-9999,24.1,22.7,24.4,24.1,22.9,22.7,92,91,92,83,2.1,1.0,N,PA,BREVES,A228,-1.680251,-50.478139,11.0
464,2019-03-19,08:00,0.0,1009.5,1009.5,1009.4,-9999,24.2,22.9,24.3,24.2,22.9,22.8,92,92,92,64,1.5,0.5,N,PA,BREVES,A228,-1.680251,-50.478139,11.0
465,2019-03-19,12:00,0.0,1011.1,1011.1,1010.4,1039,27.5,23.2,27.7,25.6,23.6,22.6,85,76,77,44,4.8,1.9,N,PA,BREVES,A228,-1.680251,-50.478139,11.0
466,2019-03-19,16:00,0.0,1009.6,1010.7,1009.6,2562,32.0,23.7,32.3,30.4,24.3,22.6,67,59,62,49,4.3,1.5,N,PA,BREVES,A228,-1.680251,-50.478139,11.0
467,2019-03-19,20:00,0.0,1006.0,1006.5,1006.0,621,27.8,25.5,28.8,26.6,25.9,24.3,90,78,87,272,2.8,0.6,N,PA,BREVES,A228,-1.680251,-50.478139,11.0
468,2019-03-20,00:00,0.0,1010.1,1010.1,1008.9,-9999,25.1,23.9,25.3,24.9,24.1,23.7,93,93,93,123,3.6,0.5,N,PA,BREVES,A228,-1.680251,-50.478139,11.0
469,2019-03-20,04:00,0.0,1010.2,1010.7,1010.2,-9999,24.7,23.4,24.8,24.6,23.6,23.3,93,92,92,43,1.2,0.5,N,PA,BREVES,A228,-1.680251,-50.478139,11.0
470,2019-03-20,08:00,0.0,1008.5,1008.6,1008.5,-9999,24.0,22.8,24.4,24.0,23.2,22.8,93,93,93,228,1.1,0.1,N,PA,BREVES,A228,-1.680251,-50.478139,11.0
471,2019-03-20,12:00,0.0,1011.7,1011.7,1010.7,965,27.3,23.7,27.3,25.8,24.5,23.1,89,80,81,77,2.7,0.9,N,PA,BREVES,A228,-1.680251,-50.478139,11.0
472,2019-03-20,16:00,0.0,1009.6,1010.8,1009.6,2561,30.6,23.4,31.4,30.1,24.8,22.6,71,60,65,3,4.8,2.0,N,PA,BREVES,A228,-1.680251,-50.478139,11.0
473,2019-03-20,20:00,4.0,1007.1,1008.3,1007.0,72,24.3,22.9,24.8,24.3,23.3,22.8,93,91,92,34,4.7,0.8,N,PA,BREVES,A228,-1.680251,-50.478139,11.0
474,2019-03-21,00:00,0.0,1010.6,1010.6,1009.9,-9999,24.3,23.2,24.4,24.3,23.3,23.1,93,93,93,262,1.3,0.4,N,PA,BREVES,A228,-1.680251,-50.478139,11.0
475,2019-03-21,04:00,0.0,1011.2,1011.7,1011.2,-9999,24.3,23.2,24.3,24.2,23.2,23.1,94,94,94,128,1.2,0.4,N,PA,BREVES,A228,-1.680251,-50.478139,11.0
476,2019-03-21,08:00,0.0,1010.1,1010.3,1010.1,-9999,24.8,23.7,25.0,24.8,23.9,23.7,94,94,94,196,0.8,0.2,N,PA,BREVES,A228,-1.680251,-50.478139,11.0
477,2019-03-21,12:00,0.0,1012.1,1012.1,1011.1,586,26.1,24.1,26.4,25.6,24.9,24.0,94,88,89,106,2.6,0.8,N,PA,BREVES,A228,-1.680251,-50.478139,11.0
478,2019-03-21,16:00,0.0,1011.0,1012.1,1011.0,1110,28.6,23.5,29.0,28.0,24.6,23.3,80,73,74,50,3.5,1.4,N,PA,BREVES,A228,-1.680251,-50.478139,11.0
479,2019-03-21,20:00,0.0,1007.4,1007.7,1007.4,654,29.1,24.2,29.6,29.1,24.2,22.8,75,67,75,31,2.8,0.9,N,PA,BREVES,A228,-1.680251,-50.478139,11.0
480,2019-03-22,00:00,0.0,1010.9,1010.9,1009.4,-9999,26.0,24.0,26.0,25.8,24.0,23.8,90,88,89,41,1.5,0.4,N,PA,BREVES,A228,-1.680251,-50.478139,11.0
481,2019-03-22,04:00,0.0,1010.5,1011.2,1010.5,-9999,24.9,23.4,25.2,24.9,23.6,23.3,92,90,91,105,1.1,0.2,N,PA,BREVES,A228,-1.680251,-50.478139,11.0
482,2019-03-22,08:00,0.0,1009.8,1009.8,1009.5,-9999,24.5,23.2,24.5,24.3,23.2,23.0,93,93,93,92,1.4,0.5,N,PA,BREVES,A228,-1.680251,-50.478139,11.0
483,2019-03-22,12:00,0.0,1012.9,1012.9,1011.9,564,25.9,23.2,25.9,25.1,23.4,22.7,88,85,85,65,5.0,1.6,N,PA,BREVES,A228,-1.680251,-50.478139,11.0
484,2019-03-22,16:00,2.4,1012.0,1013.1,1012.0,616,25.2,23.2,25.2,24.1,23.6,22.7,92,88,89,11,3.5,1.5,N,PA,BREVES,A228,-1.680251,-50.478139,11.0
485,2019-03-22,20:00,1.8,1010.4,1010.4,1009.9,530,24.7,23.0,25.7,24.7,23.5,22.6,91,85,91,63,4.7,1.3,N,PA,BREVES,A228,-1.680251,-50.478139,11.0
486,2019-03-23,00:00,0.4,1012.7,1012.7,1011.9,-9999,23.8,22.5,24.0,23.8,22.7,22.5,93,92,92,85,3.5,0.9,N,PA,BREVES,A228,-1.680251,-50.478139,11.0
487,2019-03-23,04:00,0.0,1012.8,1013.5,1012.8,-9999,23.2,22.0,23.6,23.2,22.4,22.0,93,93,93,143,2.0,0.6,N,PA,BREVES,A228,-1.680251,-50.478139,11.0
488,2019-03-23,08:00,0.0,1011.1,1011.4,1011.1,-9999,23.0,21.9,23.2,23.0,22.1,21.9,94,94,94,81,0.8,0.2,N,PA,BREVES,A228,-1.680251,-50.478139,11.0
489,2019-03-23,12:00,0.0,1012.9,1012.9,1012.3,1112,27.1,23.6,27.1,23.9,24.0,22.4,92,82,82,85,5.0,2.3,N,PA,BREVES,A228,-1.680251,-50.478139,11.0
490,2019-03-23,16:00,0.0,1012.1,1012.9,1012.1,1736,29.0,24.7,30.0,28.4,24.7,23.2,77,67,77,90,5.6,1.4,N,PA,BREVES,A228,-1.680251,-50.478139,11.0
491,2019-03-23,20:00,0.0,1009.1,1009.4,1009.1,344,26.9,22.6,30.0,26.8,24.0,22.5,79,69,77,44,5.5,0.9,N,PA,BREVES,A228,-1.680251,-50.478139,11.0
492,2019-03-24,00:00,0.0,1012.1,1012.1,1011.5,-9999,24.9,22.0,25.1,24.6,22.0,21.2,85,79,84,72,5.2,0.4,N,PA,BREVES,A228,-1.680251,-50.478139,11.0
493,2019-03-24,04:00,0.0,1012.1,1012.7,1012.1,-9999,23.8,22.6,24.0,23.7,22.6,22.4,93,92,93,163,0.6,0.3,N,PA,BREVES,A228,-1.680251,-50.478139,11.0
494,2019-03-24,08:00,0.0,1011.2,1011.3,1011.2,-9999,24.0,22.5,24.2,24.0,22.5,22.4,91,90,91,279,1.7,0.3,N,PA,BREVES,A228,-1.680251,-50.478139,11.0
495,2019-03-24,12:00,0.0,1013.5,1013.5,1013.1,1484,27.6,23.3,27.7,25.0,23.3,22.5,87,75,77,62,5.1,2.2,N,PA,BREVES,A228,-1.680251,-50.478139,11.0
496,2019-03-24,16:00,0.0,1011.8,1013.2,1011.8,1973,30.8,23.3,30.8,29.1,24.2,22.5,73,62,64,48,4.6,1.1,N,PA,BREVES,A228,-1.680251,-50.478139,11.0
497,2019-03-24,20:00,0.4,1009.8,1009.8,1009.5,447,25.3,23.3,26.1,25.3,24.3,23.2,91,88,89,71,7.3,2.4,N,PA,BREVES,A228,-1.680251,-50.478139,11.0
498,2019-03-25,00:00,0.0,1012.0,1012.0,1011.1,-9999,24.3,22.9,24.4,24.3,23.0,22.8,92,91,92,81,1.6,0.6,N,PA,BREVES,A228,-1.680251,-50.478139,11.0
499,2019-03-25,04:00,0.0,1011.8,1012.5,1011.8,-9999,23.9,22.7,23.9,23.7,22.8,22.6,93,93,93,23,1.4,0.6,N,PA,BREVES,A228,-1.680251,-50.478139,11.0
500,2019-03-25,08:00,0.0,1010.2,1010.3,1010.1,-9999,24.1,22.8,24.1,24.0,22.9,22.8,93,93,93,34,2.5,1.0,N,PA,BREVES,A228,-1.680251,-50.478139,11.0
501,2019-03-25,12:00,0.0,1012.3,1012.3,1011.9,677,26.0,23.1,26.0,24.5,23.3,22.6,90,84,84,12,4.2,1.4,N,PA,BREVES,A228,-1.680251,-50.478139,11.0
502,2019-03-25,16:00,0.0,1010.7,1012.1,1010.7,2244,29.7,23.6,29.7,27.9,23.6,21.9,74,68,70,356,5.3,1.8,N,PA,BREVES,A228,-1.680251,-50.478139,11.0
503,2019-03-25,20:00,2.2,1008.1,1008.4,1008.0,562,25.7,23.9,25.9,24.5,24.2,23.4,93,88,90,51,5.2,1.7,N,PA,BREVES,A228,-1.680251,-50.478139,11.0
504,2019-03-26,00:00,0.0,1011.3,1011.3,1010.7,-9999,24.4,22.7,24.7,24.4,22.7,22.6,91,88,91,16,3.6,0.5,N,PA,BREVES,A228,-1.680251,-50.478139,11.0
505,2019-03-26,04:00,0.0,1010.8,1011.5,1010.8,-9999,24.2,22.6,24.2,24.1,22.8,22.6,92,91,91,71,3.7,1.7,N,PA,BREVES,A228,-1.680251,-50.478139,11.0
506,2019-03-26,08:00,0.0,1009.7,1009.7,1009.5,-9999,23.6,22.3,23.8,23.6,22.4,22.2,92,91,92,51,2.0,0.3,N,PA,BREVES,A228,-1.680251,-50.478139,11.0
507,2019-03-26,12:00,0.0,1012.6,1012.6,1011.8,563,25.5,23.0,25.5,24.9,23.3,22.5,88,85,86,58,2.4,0.9,N,PA,BREVES,A228,-1.680251,-50.478139,11.0
508,2019-03-26,16:00,0.0,1011.0,1012.1,1011.0,1121,27.3,23.7,28.5,27.1,24.0,22.8,80,73,80,359,4.2,1.0,N,PA,BREVES,A228,-1.680251,-50.478139,11.0
509,2019-03-26,20:00,3.6,1008.9,1009.1,1008.6,78,24.6,22.9,26.5,24.5,23.8,22.3,91,82,90,69,8.1,1.9,N,PA,BREVES,A228,-1.680251,-50.478139,11.0
510,2019-03-27,00:00,0.2,1011.4,1011.4,1010.6,-9999,24.3,23.2,24.4,24.3,23.2,23.1,93,93,93,103,1.7,0.6,N,PA,BREVES,A228,-1.680251,-50.478139,11.0
511,2019-03-27,04:00,0.2,1010.9,1011.9,1010.9,-9999,23.7,22.5,23.9,23.7,22.7,22.5,93,93,93,97,2.2,0.7,N,PA,BREVES,A228,-1.680251,-50.478139,11.0
512,2019-03-27,08:00,0.0,1009.9,1009.9,1009.4,-9999,23.5,22.3,23.6,23.5,22.4,22.3,93,93,93,264,2.1,0.3,N,PA,BREVES,A228,-1.680251,-50.478139,11.0
513,2019-03-27,12:00,0.0,1012.6,1012.6,1012.0,922,26.0,22.8,26.0,24.3,23.4,22.3,92,81,82,11,2.0,0.6,N,PA,BREVES,A228,-1.680251,-50.478139,11.0
514,2019-03-27,16:00,0.0,1011.8,1012.9,1011.8,997,27.4,23.6,28.2,27.4,23.9,22.6,80,74,80,175,2.5,0.5,N,PA,BREVES,A228,-1.680251,-50.478139,11.0
515,2019-03-27,20:00,0.0,1008.7,1008.8,1008.6,403,27.5,24.3,28.2,27.4,24.9,23.4,85,76,83,67,1.7,1.0,N,PA,BREVES,A228,-1.680251,-50.478139,11.0
516,2019-03-28,00:00,0.0,1011.5,1011.5,1010.3,-9999,24.8,23.3,25.2,24.8,23.3,23.1,91,88,91,117,3.7,0.6,N,PA,BREVES,A228,-1.680251,-50.478139,11.0
517,2019-03-28,04:00,0.0,1011.1,1011.7,1011.1,-9999,24.6,23.4,24.7,24.6,23.4,23.2,93,92,93,152,0.8,0.3,N,PA,BREVES,A228,-1.680251,-50.478139,11.0
518,2019-03-28,08:00,0.6,1010.1,1010.3,1010.1,-9999,24.5,23.3,24.6,24.5,23.4,23.3,93,93,93,55,1.6,0.6,N,PA,BREVES,A228,-1.680251,-50.478139,11.0
519,2019-03-28,12:00,0.0,1013.0,1013.0,1012.3,1035,27.3,24.2,27.4,26.2,24.5,23.8,89,82,83,73,3.8,1.5,N,PA,BREVES,A228,-1.680251,-50.478139,11.0
520,2019-03-28,16:00,8.8,1011.2,1012.3,1011.2,731,25.8,24.4,29.6,25.0,25.2,22.9,92,72,92,154,6.3,0.5,N,PA,BREVES,A228,-1.680251,-50.478139,11.0
521,2019-03-28,20:00,0.0,1009.4,1009.4,1008.3,589,27.2,24.0,28.1,27.2,25.8,24.0,87,81,83,22,5.1,1.3,N,PA,BREVES,A228,-1.680251,-50.478139,11.0
522,2019-03-29,00:00,0.0,1012.1,1012.1,1010.9,-9999,25.1,23.6,25.2,25.1,23.8,23.6,92,92,92,87,2.5,0.7,N,PA,BREVES,A228,-1.680251,-50.478139,11.0
523,2019-03-29,04:00,0.0,1011.8,1012.5,1011.8,-9999,24.7,23.5,24.8,24.6,23.5,23.3,93,92,93,166,0.9,0.2,N,PA,BREVES,A228,-1.680251,-50.478139,11.0
524,2019-03-29,08:00,0.0,1010.7,1010.7,1010.5,-9999,24.5,23.3,24.6,24.5,23.4,23.3,93,93,93,54,1.6,0.6,N,PA,BREVES,A228,-1.680251,-50.478139,11.0
525,2019-03-29,12:00,0.0,1012.5,1012.5,1012.3,1207,27.3,23.5,27.8,26.2,24.1,23.2,87,78,80,77,5.3,2.3,N,PA,BREVES,A228,-1.680251,-50.478139,11.0
526,2019-03-29,16:00,0.0,1009.7,1011.4,1009.7,2810,31.5,23.8,31.5,29.2,25.1,23.1,75,63,64,121,5.5,1.5,N,PA,BREVES,A228,-1.680251,-50.478139,11.0
527,2019-03-29,20:00,0.0,1008.5,1008.6,1008.1,434,26.1,23.8,26.2,26.0,24.0,23.7,88,86,87,46,7.4,1.4,N,PA,BREVES,A228,-1.680251,-50.478139,11.0
528,2019-03-30,00:00,0.0,1012.1,1012.1,1010.6,-9999,25.3,23.6,25.3,25.2,23.8,23.6,92,91,91,60,2.6,0.9,N,PA,BREVES,A228,-1.680251,-50.478139,11.0
529,2019-03-30,04:00,0.0,1011.5,1012.1,1011.5,-9999,24.7,23.5,24.8,24.6,23.6,23.4,93,93,93,180,1.0,0.4,N,PA,BREVES,A228,-1.680251,-50.478139,11.0
530,2019-03-30,08:00,0.2,1010.7,1010.9,1010.7,-9999,23.8,22.5,24.4,23.8,23.3,22.5,93,92,92,70,4.3,1.1,N,PA,BREVES,A228,-1.680251,-50.478139,11.0
531,2019-03-30,12:00,0.0,1013.3,1013.3,1012.4,858,26.6,23.2,26.8,24.9,23.7,22.7,88,81,81,61,2.9,1.3,N,PA,BREVES,A228,-1.680251,-50.478139,11.0
532,2019-03-30,16:00,0.0,1011.3,1012.8,1011.3,1819,29.6,23.5,30.2,28.8,24.8,22.6,77,65,70,10,3.8,0.9,N,PA,BREVES,A228,-1.680251,-50.478139,11.0
533,2019-03-30,20:00,0.0,1008.8,1008.8,1008.1,1069,29.2,23.2,30.2,29.2,24.3,22.8,73,66,70,19,5.1,1.9,N,PA,BREVES,A228,-1.680251,-50.478139,11.0
534,2019-03-31,00:00,1.0,1012.3,1012.3,1011.5,-9999,24.5,23.3,24.7,24.5,23.5,23.3,93,93,93,67,2.5,0.7,N,PA,BREVES,A228,-1.680251,-50.478139,11.0
535,2019-03-31,04:00,0.0,1011.4,1012.3,1011.4,-9999,23.5,22.4,23.8,23.5,22.7,22.4,93,93,93,138,1.5,0.4,N,PA,BREVES,A228,-1.680251,-50.478139,11.0
536,2019-03-31,08:00,0.0,1009.8,1010.0,1009.7,-9999,23.5,22.4,23.5,23.2,22.4,22.2,94,94,94,67,1.9,0.5,N,PA,BREVES,A228,-1.680251,-50.478139,11.0
537,2019-03-31,12:00,0.0,1013.0,1013.0,1012.3,1086,27.1,23.2,27.2,24.7,23.8,22.8,91,79,79,58,4.5,1.5,N,PA,BREVES,A228,-1.680251,-50.478139,11.0
538,2019-03-31,16:00,0.6,1011.6,1012.4,1011.5,1965,25.8,23.2,30.0,25.8,24.5,22.4,86,68,86,71,6.4,2.9,N,PA,BREVES,A228,-1.680251,-50.478139,11.0
539,2019-03-31,20:00,0.8,1009.2,1009.4,1009.2,103,25.8,24.0,26.5,25.8,24.6,24.0,91,88,90,65,2.1,0.9,N,PA,BREVES,A228,-1.680251,-50.478139,11.0
540,2019-04-01,00:00,0.0,1011.9,1011.9,1011.3,-9999,24.5,23.3,24.8,24.5,23.6,23.3,93,93,93,89,2.8,0.6,N,PA,BREVES,A228,-1.680251,-50.478139,11.0
541,2019-04-01,04:00,0.0,1011.7,1012.7,1011.7,-9999,23.9,22.9,24.1,23.9,23.0,22.9,94,94,94,161,1.1,0.3,N,PA,BREVES,A228,-1.680251,-50.478139,11.0
542,2019-04-01,08:00,0.0,1010.0,1010.0,1009.9,-9999,23.6,22.5,23.6,23.5,22.6,22.5,94,94,94,160,0.6,0.2,N,PA,BREVES,A228,-1.680251,-50.478139,11.0
543,2019-04-01,12:00,0.0,1012.3,1012.3,1011.5,473,25.2,23.2,25.2,24.4,23.4,23.0,93,89,89,58,3.6,1.1,N,PA,BREVES,A228,-1.680251,-50.478139,11.0
544,2019-04-01,16:00,0.0,1011.0,1012.0,1011.0,2379,29.9,23.4,30.3,28.6,24.0,22.5,75,65,68,66,4.9,1.1,N,PA,BREVES,A228,-1.680251,-50.478139,11.0
545,2019-04-01,20:00,1.2,1009.2,1009.2,1008.6,398,25.4,23.7,29.2,25.3,25.5,23.6,91,77,91,106,5.1,1.2,N,PA,BREVES,A228,-1.680251,-50.478139,11.0
546,2019-04-02,00:00,0.0,1011.0,1011.0,1010.6,-9999,25.1,23.8,25.2,25.0,23.9,23.8,93,93,93,73,2.8,1.3,N,PA,BREVES,A228,-1.680251,-50.478139,11.0
547,2019-04-02,04:00,0.0,1010.3,1011.3,1010.3,-9999,23.8,22.6,24.1,23.8,22.7,22.5,93,92,93,64,2.1,0.6,N,PA,BREVES,A228,-1.680251,-50.478139,11.0
548,2019-04-02,08:00,0.0,1010.1,1010.1,1010.0,-9999,23.7,22.6,23.8,23.7,22.6,22.6,93,93,93,67,1.9,0.6,N,PA,BREVES,A228,-1.680251,-50.478139,11.0
549,2019-04-02,12:00,0.0,1012.6,1012.6,1011.8,734,26.4,23.9,26.4,25.2,23.9,23.1,90,85,86,47,2.4,1.0,N,PA,BREVES,A228,-1.680251,-50.478139,11.0
550,2019-04-02,16:00,0.0,1010.2,1011.6,1010.2,1805,30.5,24.6,31.7,30.5,24.8,22.6,73,60,71,115,3.3,0.6,N,PA,BREVES,A228,-1.680251,-50.478139,11.0
551,2019-04-02,20:00,35.2,1008.7,1008.8,1007.7,74,24.8,23.7,29.5,24.7,24.4,23.6,94,73,94,91,6.3,1.5,N,PA,BREVES,A228,-1.680251,-50.478139,11.0
552,2019-04-03,00:00,0.0,1010.8,1010.8,1010.0,-9999,24.9,23.5,24.9,24.7,23.6,23.5,93,92,92,18,2.5,0.8,N,PA,BREVES,A228,-1.680251,-50.478139,11.0
553,2019-04-03,04:00,0.0,1010.3,1011.3,1010.3,-9999,24.5,23.0,24.8,24.4,23.3,23.0,92,91,92,45,3.8,0.7,N,PA,BREVES,A228,-1.680251,-50.478139,11.0
554,2019-04-03,08:00,0.0,1009.6,1009.9,1009.5,-9999,23.6,22.5,24.0,23.6,22.9,22.5,93,93,93,133,1.3,0.2,N,PA,BREVES,A228,-1.680251,-50.478139,11.0
555,2019-04-03,12:00,0.0,1012.4,1012.4,1012.0,779,26.5,23.7,26.5,24.9,24.2,23.3,92,84,84,22,2.2,1.1,N,PA,BREVES,A228,-1.680251,-50.478139,11.0
556,2019-04-03,16:00,0.0,1010.4,1011.7,1010.4,2937,30.7,24.1,32.0,29.9,25.3,23.1,75,63,68,16,3.8,1.4,N,PA,BREVES,A228,-1.680251,-50.478139,11.0
557,2019-04-03,20:00,0.0,1008.3,1008.3,1007.6,1133,27.3,24.4,29.9,27.3,24.7,23.7,84,71,84,67,6.9,2.2,N,PA,BREVES,A228,-1.680251,-50.478139,11.0
558,2019-04-04,00:00,0.4,1011.1,1011.1,1010.2,-9999,25.2,23.6,25.7,25.2,23.7,23.6,91,88,91,34,5.4,1.4,N,PA,BREVES,A228,-1.680251,-50.478139,11.0
559,2019-04-04,04:00,0.0,1010.1,1010.9,1010.1,-9999,24.7,23.4,24.7,24.6,23.5,23.4,93,93,93,348,1.2,0.5,N,PA,BREVES,A228,-1.680251,-50.478139,11.0
560,2019-04-04,08:00,0.0,1008.9,1008.9,1008.7,-9999,24.6,23.2,24.7,24.6,23.3,23.2,92,92,92,31,2.8,1.0,N,PA,BREVES,A228,-1.680251,-50.478139,11.0
561,2019-04-04,12:00,0.0,1012.1,1012.1,1010.9,620,26.0,23.0,26.1,25.3,23.6,23.0,89,84,84,17,5.4,1.7,N,PA,BREVES,A228,-1.680251,-50.478139,11.0
562,2019-04-04,16:00,0.0,1010.8,1011.7,1010.8,1540,26.3,23.2,27.4,26.0,24.6,22.8,87,78,83,24,7.9,2.8,N,PA,BREVES,A228,-1.680251,-50.478139,11.0
563,2019-04-04,20:00,0.0,1009.2,1009.2,1008.9,686,26.2,22.3,26.4,26.1,22.7,22.1,81,78,79,46,6.1,2.2,N,PA,BREVES,A228,-1.680251,-50.478139,11.0
564,2019-04-05,00:00,0.0,1012.1,1012.1,1011.1,-9999,24.0,22.6,24.2,24.0,22.9,22.6,92,91,92,74,2.8,1.0,N,PA,BREVES,A228,-1.680251,-50.478139,11.0
565,2019-04-05,04:00,0.0,1012.6,1013.1,1012.6,-9999,24.0,22.8,24.0,23.8,22.8,22.6,93,93,93,119,0.6,0.3,N,PA,BREVES,A228,-1.680251,-50.478139,11.0
566,2019-04-05,08:00,0.0,1010.9,1011.0,1010.8,-9999,23.7,22.6,23.7,23.6,22.6,22.4,94,93,94,24,1.3,0.4,N,PA,BREVES,A228,-1.680251,-50.478139,11.0
567,2019-04-05,12:00,0.0,1013.1,1013.1,1012.5,721,25.8,23.0,25.8,24.7,23.7,22.7,92,83,85,308,2.7,0.6,N,PA,BREVES,A228,-1.680251,-50.478139,11.0
568,2019-04-05,16:00,0.0,1011.8,1012.9,1011.8,1885,30.2,23.0,30.7,29.2,24.2,22.3,72,63,65,181,3.4,0.9,N,PA,BREVES,A228,-1.680251,-50.478139,11.0
569,2019-04-05,20:00,0.0,1009.5,1009.9,1009.5,488,26.5,22.8,26.5,25.6,23.6,22.8,87,80,81,24,4.2,0.5,N,PA,BREVES,A228,-1.680251,-50.478139,11.0
570,2019-04-06,00:00,0.0,1012.4,1012.4,1011.5,-9999,24.3,22.6,24.8,24.3,22.9,22.5,90,88,90,69,1.5,0.7,N,PA,BREVES,A228,-1.680251,-50.478139,11.0
571,2019-04-06,04:00,0.0,1011.7,1012.7,1011.7,-9999,23.7,22.6,23.8,23.7,22.7,22.6,93,93,93,83,0.8,0.3,N,PA,BREVES,A228,-1.680251,-50.478139,11.0
572,2019-04-06,08:00,0.0,1010.6,1010.6,1010.4,-9999,23.3,22.2,23.4,23.2,22.3,22.1,94,94,94,-9999,0.6,0.1,N,PA,BREVES,A228,-1.680251,-50.478139,11.0
573,2019-04-06,12:00,0.0,1013.8,1013.8,1013.1,730,26.3,23.8,26.3,23.9,24.2,22.8,93,86,86,76,3.3,1.3,N,PA,BREVES,A228,-1.680251,-50.478139,11.0
574,2019-04-06,16:00,0.0,1011.7,1012.9,1011.7,3182,31.3,23.2,31.5,30.0,24.1,22.2,67,59,62,64,5.7,2.1,N,PA,BREVES,A228,-1.680251,-50.478139,11.0
575,2019-04-06,20:00,0.0,1009.7,1009.7,1009.3,725,26.9,23.5,27.3,26.4,24.1,23.1,87,79,82,58,8.0,1.8,N,PA,BREVES,A228,-1.680251,-50.478139,11.0
576,2019-04-07,00:00,0.4,1012.8,1012.8,1011.8,-9999,24.6,23.0,25.1,24.6,23.1,22.8,91,88,91,131,1.1,0.1,N,PA,BREVES,A228,-1.680251,-50.478139,11.0
577,2019-04-07,04:00,0.0,1012.4,1013.1,1012.4,-9999,24.3,23.1,24.3,24.2,23.1,23.0,93,93,93,321,0.8,0.3,N,PA,BREVES,A228,-1.680251,-50.478139,11.0
578,2019-04-07,08:00,0.0,1010.6,1010.8,1010.5,-9999,23.9,22.8,24.0,23.9,22.9,22.8,93,93,93,76,0.7,0.2,N,PA,BREVES,A228,-1.680251,-50.478139,11.0
579,2019-04-07,12:00,0.0,1013.5,1013.5,1012.9,1422,27.1,23.1,27.4,26.1,23.9,22.7,84,78,79,56,6.8,1.9,N,PA,BREVES,A228,-1.680251,-50.478139,11.0
580,2019-04-07,16:00,0.0,1012.8,1013.5,1012.8,1111,26.4,23.7,27.9,25.4,24.2,22.6,89,74,85,112,7.1,1.8,N,PA,BREVES,A228,-1.680251,-50.478139,11.0
581,2019-04-07,20:00,0.4,1010.2,1010.3,1010.0,361,25.9,23.8,25.9,25.7,24.0,23.3,89,85,89,44,2.9,0.7,N,PA,BREVES,A228,-1.680251,-50.478139,11.0
582,2019-04-08,00:00,0.0,1012.5,1012.5,1011.4,-9999,24.4,23.1,24.6,24.4,23.2,23.1,92,91,92,47,1.9,0.9,N,PA,BREVES,A228,-1.680251,-50.478139,11.0
583,2019-04-08,04:00,0.0,1011.5,1012.2,1011.4,-9999,24.0,22.8,24.0,24.0,22.8,22.7,93,93,93,3,3.3,0.7,N,PA,BREVES,A228,-1.680251,-50.478139,11.0
584,2019-04-08,08:00,0.0,1010.2,1010.3,1010.2,-9999,23.8,22.8,23.9,23.7,22.8,22.7,94,94,94,24,1.9,0.6,N,PA,BREVES,A228,-1.680251,-50.478139,11.0
585,2019-04-08,12:00,0.4,1013.0,1013.0,1012.3,428,25.4,23.5,25.5,24.9,23.7,23.3,91,89,89,61,2.5,0.9,N,PA,BREVES,A228,-1.680251,-50.478139,11.0
586,2019-04-08,16:00,0.0,1009.8,1011.3,1009.8,1939,30.1,24.5,30.7,29.5,25.0,23.1,75,67,72,124,3.8,1.1,N,PA,BREVES,A228,-1.680251,-50.478139,11.0
587,2019-04-08,20:00,0.0,1007.9,1008.2,1007.7,300,26.2,23.7,26.5,26.2,23.7,22.5,86,79,86,81,2.2,0.8,N,PA,BREVES,A228,-1.680251,-50.478139,11.0
588,2019-04-09,00:00,0.0,1011.7,1011.8,1010.9,-9999,24.9,23.7,25.1,24.9,23.7,23.6,93,92,93,156,0.9,0.3,N,PA,BREVES,A228,-1.680251,-50.478139,11.0
589,2019-04-09,04:00,0.0,1011.2,1011.8,1011.2,-9999,24.8,23.7,24.9,24.6,23.7,23.5,93,93,93,86,0.7,0.4,N,PA,BREVES,A228,-1.680251,-50.478139,11.0
590,2019-04-09,08:00,0.0,1010.2,1010.2,1009.8,-9999,24.7,23.5,24.8,24.7,23.5,23.4,93,93,93,304,1.3,0.3,N,PA,BREVES,A228,-1.680251,-50.478139,11.0
591,2019-04-09,12:00,0.4,1012.3,1012.3,1011.8,120,25.2,24.0,25.2,24.7,24.0,23.6,94,93,93,224,1.1,0.2,N,PA,BREVES,A228,-1.680251,-50.478139,11.0
592,2019-04-09,16:00,0.0,1009.8,1011.1,1009.8,2369,29.4,23.9,29.5,27.3,25.3,23.6,86,72,72,114,2.4,1.0,N,PA,BREVES,A228,-1.680251,-50.478139,11.0
593,2019-04-09,20:00,0.0,1008.6,1008.6,1007.9,127,26.1,24.2,26.3,25.5,24.7,23.7,92,89,90,352,4.0,1.4,N,PA,BREVES,A228,-1.680251,-50.478139,11.0
594,2019-04-10,00:00,0.0,1011.6,1011.6,1010.6,-9999,24.9,23.7,25.0,24.9,23.8,23.7,93,93,93,34,1.8,0.6,N,PA,BREVES,A228,-1.680251,-50.478139,11.0
595,2019-04-10,04:00,1.6,1011.2,1011.9,1011.2,-9999,24.3,23.1,24.4,24.3,23.2,23.1,93,93,93,22,3.6,0.5,N,PA,BREVES,A228,-1.680251,-50.478139,11.0
596,2019-04-10,08:00,0.8,1010.8,1010.8,1010.5,-9999,23.8,22.7,23.9,23.8,22.8,22.6,94,93,93,347,2.4,0.6,N,PA,BREVES,A228,-1.680251,-50.478139,11.0
597,2019-04-10,12:00,6.8,1013.5,1013.5,1012.8,151,24.1,22.9,24.2,24.0,23.0,22.7,93,92,93,334,3.1,0.8,N,PA,BREVES,A228,-1.680251,-50.478139,11.0
598,2019-04-10,16:00,2.2,1013.4,1014.1,1013.4,356,23.7,22.3,23.8,23.6,22.4,21.8,92,90,92,62,5.2,1.3,N,PA,BREVES,A228,-1.680251,-50.478139,11.0
599,2019-04-10,20:00,0.0,1009.9,1009.9,1009.4,548,25.4,22.7,26.0,25.4,23.1,22.6,86,82,85,58,3.4,0.8,N,PA,BREVES,A228,-1.680251,-50.478139,11.0
600,2019-04-11,00:00,0.0,1010.8,1010.8,1010.0,-9999,23.5,22.3,23.9,23.5,22.6,22.3,93,92,93,189,1.4,0.5,N,PA,BREVES,A228,-1.680251,-50.478139,11.0
601,2019-04-11,04:00,0.0,1010.8,1011.6,1010.8,-9999,22.7,21.7,22.8,22.7,21.8,21.6,94,94,94,337,0.7,0.1,N,PA,BREVES,A228,-1.680251,-50.478139,11.0
602,2019-04-11,08:00,0.0,1010.1,1010.1,1009.8,-9999,23.0,22.0,23.0,22.7,22.0,21.7,94,94,94,301,2.1,0.1,N,PA,BREVES,A228,-1.680251,-50.478139,11.0
603,2019-04-11,12:00,0.0,1012.6,1012.6,1012.0,1122,27.2,23.5,27.2,25.3,24.2,23.0,90,80,80,23,1.8,0.9,N,PA,BREVES,A228,-1.680251,-50.478139,11.0
604,2019-04-11,16:00,0.0,1011.0,1012.1,1011.0,1905,29.8,23.3,30.9,29.4,24.5,22.5,70,62,68,63,4.9,1.7,N,PA,BREVES,A228,-1.680251,-50.478139,11.0
605,2019-04-11,20:00,0.0,1009.2,1009.2,1008.7,1063,28.7,23.2,30.8,28.7,24.8,22.9,73,66,72,339,6.1,1.8,N,PA,BREVES,A228,-1.680251,-50.478139,11.0
606,2019-04-12,00:00,1.2,1011.7,1011.9,1011.4,-9999,25.2,23.8,25.3,25.1,24.0,23.8,93,92,92,14,2.8,0.9,N,PA,BREVES,A228,-1.680251,-50.478139,11.0
607,2019-04-12,04:00,0.0,1011.8,1012.4,1011.8,-9999,24.5,23.4,24.6,24.5,23.5,23.3,93,93,93,341,1.7,0.2,N,PA,BREVES,A228,-1.680251,-50.478139,11.0
608,2019-04-12,08:00,0.0,1010.4,1010.5,1010.3,-9999,24.5,23.4,24.6,24.5,23.5,23.3,93,93,93,185,1.5,0.2,N,PA,BREVES,A228,-1.680251,-50.478139,11.0
609,2019-04-12,12:00,0.0,1012.7,1012.7,1012.1,510,26.0,23.7,26.1,25.1,24.1,23.5,92,87,87,89,2.9,1.0,N,PA,BREVES,A228,-1.680251,-50.478139,11.0
610,2019-04-12,16:00,0.0,1010.5,1011.8,1010.5,2680,30.5,23.8,30.9,28.6,26.5,23.6,84,66,68,109,3.0,1.1,N,PA,BREVES,A228,-1.680251,-50.478139,11.0
611,2019-04-12,20:00,0.2,1007.8,1007.9,1007.5,378,27.9,25.2,28.8,27.8,26.5,24.5,88,82,85,340,2.7,0.2,N,PA,BREVES,A228,-1.680251,-50.478139,11.0
612,2019-04-13,00:00,0.0,1010.3,1010.3,1009.6,-9999,24.7,23.2,24.9,24.7,23.4,23.2,92,91,92,81,1.5,0.9,N,PA,BREVES,A228,-1.680251,-50.478139,11.0
613,2019-04-13,04:00,1.0,1010.9,1011.6,1010.9,-9999,24.7,23.6,24.9,24.7,23.7,23.5,93,93,93,86,1.5,0.6,N,PA,BREVES,A228,-1.680251,-50.478139,11.0
614,2019-04-13,08:00,0.0,1009.7,1009.7,1009.4,-9999,24.4,23.3,24.5,24.4,23.4,23.3,94,93,94,148,0.9,0.3,N,PA,BREVES,A228,-1.680251,-50.478139,11.0
615,2019-04-13,12:00,0.0,1012.5,1012.5,1011.5,616,27.0,24.2,27.3,26.2,24.8,24.1,89,84,85,74,3.0,1.4,N,PA,BREVES,A228,-1.680251,-50.478139,11.0
616,2019-04-13,16:00,0.2,1009.8,1011.0,1009.8,3029,30.9,23.8,31.3,29.6,25.5,23.2,74,63,66,134,5.3,1.1,N,PA,BREVES,A228,-1.680251,-50.478139,11.0
617,2019-04-13,20:00,2.6,1007.3,1007.8,1007.1,212,26.3,24.5,26.6,25.9,24.6,24.1,92,87,90,15,3.0,0.9,N,PA,BREVES,A228,-1.680251,-50.478139,11.0
618,2019-04-14,00:00,0.4,1011.2,1011.2,1009.7,-9999,25.5,24.4,25.7,25.5,24.5,24.4,93,93,93,135,1.7,0.4,N,PA,BREVES,A228,-1.680251,-50.478139,11.0
619,2019-04-14,04:00,0.2,1010.6,1010.8,1010.6,-9999,25.1,24.0,25.1,25.0,24.0,23.9,94,94,94,191,0.7,0.2,N,PA,BREVES,A228,-1.680251,-50.478139,11.0
620,2019-04-14,08:00,1.8,1009.5,1009.5,1009.4,-9999,24.4,23.3,24.9,24.4,23.8,23.3,94,93,93,122,2.8,0.8,N,PA,BREVES,A228,-1.680251,-50.478139,11.0
621,2019-04-14,12:00,0.0,1011.9,1011.9,1011.0,1179,26.7,23.8,27.2,25.2,24.5,23.4,92,80,84,101,3.3,1.2,N,PA,BREVES,A228,-1.680251,-50.478139,11.0
622,2019-04-14,16:00,0.0,1010.1,1012.1,1010.1,2712,30.0,23.1,30.1,28.1,24.7,23.1,80,66,66,108,6.5,1.5,N,PA,BREVES,A228,-1.680251,-50.478139,11.0
623,2019-04-14,20:00,0.0,1007.4,1007.6,1007.3,1296,29.6,22.7,30.7,29.6,23.6,22.0,69,61,67,99,5.1,1.7,N,PA,BREVES,A228,-1.680251,-50.478139,11.0
624,2019-04-15,00:00,0.0,1011.8,1011.8,1010.3,-9999,25.5,22.6,25.9,25.5,22.6,22.5,84,82,84,63,3.5,1.1,N,PA,BREVES,A228,-1.680251,-50.478139,11.0
625,2019-04-15,04:00,0.0,1011.1,1011.9,1011.1,-9999,24.2,22.8,24.6,24.2,22.9,22.8,92,90,92,115,1.9,0.6,N,PA,BREVES,A228,-1.680251,-50.478139,11.0
626,2019-04-15,08:00,0.0,1009.5,1009.5,1009.3,-9999,23.6,22.4,23.7,23.5,22.5,22.3,93,93,93,68,2.3,0.9,N,PA,BREVES,A228,-1.680251,-50.478139,11.0
627,2019-04-15,12:00,0.0,1012.6,1012.6,1011.9,862,26.7,23.5,26.7,24.8,23.8,22.9,89,82,83,74,2.9,0.6,N,PA,BREVES,A228,-1.680251,-50.478139,11.0
628,2019-04-15,16:00,0.0,1010.2,1011.4,1010.2,3520,32.1,23.4,32.4,30.5,25.3,22.6,69,59,60,81,4.9,1.8,N,PA,BREVES,A228,-1.680251,-50.478139,11.0
629,2019-04-15,20:00,13.6,1007.6,1008.0,1007.3,46,24.4,23.0,27.7,24.4,24.1,22.9,92,80,92,354,7.3,1.5,N,PA,BREVES,A228,-1.680251,-50.478139,11.0
630,2019-04-16,00:00,0.0,1010.5,1010.5,1009.5,-9999,25.0,23.5,25.1,24.9,23.7,23.5,92,92,92,73,2.5,0.8,N,PA,BREVES,A228,-1.680251,-50.478139,11.0
631,2019-04-16,04:00,0.0,1011.2,1012.0,1011.2,-9999,24.7,23.5,24.9,24.7,23.7,23.5,93,93,93,2,1.3,0.4,N,PA,BREVES,A228,-1.680251,-50.478139,11.0
632,2019-04-16,08:00,0.0,1010.5,1010.5,1010.1,-9999,24.4,23.3,24.5,24.4,23.4,23.3,93,93,93,53,0.9,0.4,N,PA,BREVES,A228,-1.680251,-50.478139,11.0
633,2019-04-16,12:00,0.0,1013.9,1013.9,1013.0,553,26.0,23.7,26.2,25.2,24.0,23.4,91,86,87,32,2.9,1.3,N,PA,BREVES,A228,-1.680251,-50.478139,11.0
634,2019-04-16,16:00,0.0,1012.2,1013.6,1012.2,479,24.7,23.1,24.7,23.9,23.1,22.5,93,90,91,229,1.3,0.3,N,PA,BREVES,A228,-1.680251,-50.478139,11.0
635,2019-04-16,20:00,0.0,1008.4,1008.5,1008.3,876,28.4,23.5,28.7,28.1,24.0,23.1,78,73,75,26,3.0,0.7,N,PA,BREVES,A228,-1.680251,-50.478139,11.0
636,2019-04-17,00:00,0.0,1010.6,1010.6,1010.1,-9999,24.9,23.5,25.6,24.9,23.7,23.5,92,89,92,204,0.8,0.2,N,PA,BREVES,A228,-1.680251,-50.478139,11.0
637,2019-04-17,04:00,0.0,1010.5,1011.0,1010.5,-9999,25.0,23.7,25.2,25.0,23.7,23.6,93,91,93,98,1.5,0.6,N,PA,BREVES,A228,-1.680251,-50.478139,11.0
638,2019-04-17,08:00,0.4,1009.8,1009.9,1009.5,-9999,24.6,23.5,24.6,24.6,23.5,23.4,93,93,93,93,0.9,0.4,N,PA,BREVES,A228,-1.680251,-50.478139,11.0
639,2019-04-17,12:00,0.0,1012.4,1012.5,1011.6,846,26.9,23.5,27.0,26.3,24.3,23.3,88,82,82,57,3.6,1.3,N,PA,BREVES,A228,-1.680251,-50.478139,11.0
640,2019-04-17,16:00,0.0,1011.0,1012.0,1011.0,2191,26.8,22.5,30.2,26.6,23.9,21.9,81,66,77,81,9.4,2.2,N,PA,BREVES,A228,-1.680251,-50.478139,11.0
641,2019-04-17,20:00,0.0,1007.8,1007.9,1007.5,968,28.0,22.2,28.4,27.6,22.4,21.2,72,66,71,46,3.7,1.2,N,PA,BREVES,A228,-1.680251,-50.478139,11.0
642,2019-04-18,00:00,0.0,1010.4,1010.4,1009.7,-9999,25.1,23.4,25.5,25.1,23.6,23.3,91,88,90,54,0.8,0.5,N,PA,BREVES,A228,-1.680251,-50.478139,11.0
643,2019-04-18,04:00,0.0,1009.7,1010.7,1009.7,-9999,24.7,22.9,24.9,24.6,23.1,22.9,90,89,90,51,2.1,0.4,N,PA,BREVES,A228,-1.680251,-50.478139,11.0
644,2019-04-18,08:00,0.0,1008.9,1009.0,1008.6,-9999,24.3,23.1,24.4,24.3,23.1,23.0,93,92,93,251,1.3,0.4,N,PA,BREVES,A228,-1.680251,-50.478139,11.0
645,2019-04-18,12:00,0.0,1011.8,1011.8,1010.7,751,27.0,24.1,27.3,26.4,24.7,23.7,88,83,84,75,4.0,1.2,N,PA,BREVES,A228,-1.680251,-50.478139,11.0
646,2019-04-18,16:00,0.0,1009.3,1010.6,1009.3,2866,31.0,25.6,31.8,29.0,27.2,22.9,82,62,73,199,5.3,1.1,N,PA,BREVES,A228,-1.680251,-50.478139,11.0
647,2019-04-18,20:00,0.0,1006.1,1006.2,1005.8,354,28.0,23.8,29.6,27.7,24.9,23.0,80,73,78,34,4.0,0.6,N,PA,BREVES,A228,-1.680251,-50.478139,11.0
648,2019-04-19,00:00,0.0,1010.2,1010.3,1008.6,-9999,25.9,24.3,26.3,25.9,24.5,24.2,91,90,91,50,3.1,1.1,N,PA,BREVES,A228,-1.680251,-50.478139,11.0
649,2019-04-19,04:00,0.6,1010.5,1010.9,1010.5,-9999,25.2,23.8,25.4,25.2,24.1,23.8,93,92,92,66,3.0,1.4,N,PA,BREVES,A228,-1.680251,-50.478139,11.0
650,2019-04-19,08:00,4.8,1009.2,1009.9,1009.1,-9999,24.2,23.0,24.7,24.1,23.4,22.9,93,91,93,91,4.4,1.2,N,PA,BREVES,A228,-1.680251,-50.478139,11.0
651,2019-04-19,12:00,0.0,1012.6,1012.6,1011.6,958,27.9,24.4,27.9,26.4,24.8,24.0,90,81,81,63,3.6,1.4,N,PA,BREVES,A228,-1.680251,-50.478139,11.0
652,2019-04-19,16:00,0.0,1010.0,1011.2,1010.0,3175,32.1,24.5,32.1,30.2,25.1,23.3,73,62,64,88,5.5,1.8,N,PA,BREVES,A228,-1.680251,-50.478139,11.0
653,2019-04-19,20:00,0.0,1009.0,1009.3,1008.9,451,25.9,23.6,26.1,25.6,24.4,23.5,91,86,87,29,3.6,1.3,N,PA,BREVES,A228,-1.680251,-50.478139,11.0
654,2019-04-20,00:00,0.0,1010.5,1010.5,1010.2,-9999,24.8,23.4,24.9,24.8,23.7,23.4,93,92,92,50,1.9,0.5,N,PA,BREVES,A228,-1.680251,-50.478139,11.0
655,2019-04-20,04:00,0.0,1011.1,1011.8,1011.1,-9999,24.6,23.3,24.7,24.6,23.5,23.3,93,93,93,348,2.5,0.6,N,PA,BREVES,A228,-1.680251,-50.478139,11.0
656,2019-04-20,08:00,0.0,1010.2,1010.2,1010.0,-9999,24.0,22.9,24.1,24.0,23.0,22.9,94,94,94,87,1.1,0.3,N,PA,BREVES,A228,-1.680251,-50.478139,11.0
657,2019-04-20,12:00,0.0,1011.9,1012.0,1011.4,1079,28.0,24.4,28.0,25.8,24.7,23.6,92,81,81,89,3.8,1.5,N,PA,BREVES,A228,-1.680251,-50.478139,11.0
658,2019-04-20,16:00,0.0,1010.2,1011.7,1010.2,2799,31.6,23.7,31.8,29.4,25.1,23.4,75,63,63,16,5.1,0.8,N,PA,BREVES,A228,-1.680251,-50.478139,11.0
659,2019-04-20,20:00,0.0,1008.8,1009.2,1008.7,276,25.7,23.7,25.9,25.7,23.9,23.5,89,88,89,15,3.7,1.0,N,PA,BREVES,A228,-1.680251,-50.478139,11.0
660,2019-04-21,00:00,0.0,1010.4,1010.4,1009.9,-9999,24.9,23.3,25.1,24.9,23.8,23.3,93,91,91,100,3.4,1.0,N,PA,BREVES,A228,-1.680251,-50.478139,11.0
661,2019-04-21,04:00,0.0,1010.7,1010.9,1010.7,-9999,24.2,23.1,24.2,24.0,23.1,22.9,94,93,94,120,0.5,0.2,N,PA,BREVES,A228,-1.680251,-50.478139,11.0
662,2019-04-21,08:00,0.0,1009.6,1009.6,1009.4,-9999,24.2,23.0,24.2,23.8,23.1,22.8,94,93,93,112,3.1,0.8,N,PA,BREVES,A228,-1.680251,-50.478139,11.0
663,2019-04-21,12:00,0.0,1011.7,1011.7,1010.8,750,26.6,23.5,26.6,25.4,23.9,23.2,88,83,83,46,4.6,1.5,N,PA,BREVES,A228,-1.680251,-50.478139,11.0
664,2019-04-21,16:00,0.0,1010.3,1011.5,1010.2,2604,30.7,23.5,31.3,29.9,24.9,22.4,71,60,66,33,3.9,1.8,N,PA,BREVES,A228,-1.680251,-50.478139,11.0
665,2019-04-21,20:00,0.0,1007.9,1007.9,1007.7,297,26.7,24.0,28.2,26.7,24.2,23.6,86,76,85,25,4.6,1.0,N,PA,BREVES,A228,-1.680251,-50.478139,11.0
666,2019-04-22,00:00,0.0,1010.7,1010.7,1009.8,-9999,25.1,23.6,25.6,25.1,23.8,23.6,91,90,91,101,2.4,0.5,N,PA,BREVES,A228,-1.680251,-50.478139,11.0
667,2019-04-22,04:00,0.0,1010.8,1011.6,1010.8,-9999,24.7,23.5,24.8,24.7,23.6,23.4,93,93,93,296,1.2,0.4,N,PA,BREVES,A228,-1.680251,-50.478139,11.0
668,2019-04-22,08:00,0.0,1008.8,1008.8,1008.3,-9999,24.3,23.1,24.4,24.3,23.2,23.0,93,92,93,97,1.3,0.4,N,PA,BREVES,A228,-1.680251,-50.478139,11.0
669,2019-04-22,12:00,0.0,1011.2,1011.2,1010.5,888,26.7,23.7,26.7,25.4,24.1,23.2,91,82,84,48,3.1,1.0,N,PA,BREVES,A228,-1.680251,-50.478139,11.0
670,2019-04-22,16:00,0.0,1009.2,1010.9,1009.2,2012,30.7,22.9,30.7,29.5,24.1,22.1,72,62,63,29,3.2,1.2,N,PA,BREVES,A228,-1.680251,-50.478139,11.0
671,2019-04-22,20:00,0.2,1006.8,1007.6,1006.8,496,25.4,23.3,25.6,25.0,23.9,23.3,91,88,88,42,4.0,1.4,N,PA,BREVES,A228,-1.680251,-50.478139,11.0
672,2019-04-23,00:00,0.0,1010.7,1010.7,1009.7,-9999,24.5,23.3,24.6,24.5,23.4,23.3,93,92,93,97,1.5,0.2,N,PA,BREVES,A228,-1.680251,-50.478139,11.0
673,2019-04-23,04:00,1.0,1011.0,1011.5,1011.0,-9999,24.5,23.4,24.6,24.5,23.5,23.3,94,93,93,185,0.9,0.1,N,PA,BREVES,A228,-1.680251,-50.478139,11.0
674,2019-04-23,08:00,1.2,1009.7,1010.1,1009.7,-9999,24.1,23.0,24.3,24.1,23.2,23.0,94,94,94,208,0.9,0.2,N,PA,BREVES,A228,-1.680251,-50.478139,11.0
675,2019-04-23,12:00,0.0,1011.1,1011.1,1010.3,516,25.7,23.9,25.7,24.6,24.0,23.4,93,89,89,75,4.1,1.5,N,PA,BREVES,A228,-1.680251,-50.478139,11.0
676,2019-04-23,16:00,0.4,1009.7,1011.6,1009.7,1754,29.3,25.4,30.8,29.3,25.4,23.7,80,69,80,55,3.6,0.9,N,PA,BREVES,A228,-1.680251,-50.478139,11.0
677,2019-04-23,20:00,0.0,1008.6,1008.6,1008.1,121,24.9,23.6,24.9,24.7,23.7,23.2,93,91,92,142,1.1,0.4,N,PA,BREVES,A228,-1.680251,-50.478139,11.0
678,2019-04-24,00:00,0.0,1010.8,1010.8,1009.9,-9999,24.6,23.5,24.7,24.6,23.5,23.4,93,93,93,52,0.9,0.3,N,PA,BREVES,A228,-1.680251,-50.478139,11.0
679,2019-04-24,04:00,0.0,1010.9,1011.4,1010.9,-9999,24.2,23.1,24.4,24.2,23.3,23.1,94,94,94,166,0.7,0.1,N,PA,BREVES,A228,-1.680251,-50.478139,11.0
680,2019-04-24,08:00,0.2,1009.9,1010.0,1009.8,-9999,23.8,22.7,23.9,23.7,22.9,22.7,94,94,94,41,0.7,0.4,N,PA,BREVES,A228,-1.680251,-50.478139,11.0
681,2019-04-24,12:00,0.0,1012.4,1012.4,1011.5,1160,27.7,24.3,27.9,26.3,24.7,24.0,91,80,82,77,3.3,1.6,N,PA,BREVES,A228,-1.680251,-50.478139,11.0
682,2019-04-24,16:00,0.0,1010.4,1011.9,1010.4,2699,30.3,24.1,32.2,30.3,26.3,23.1,74,62,70,224,4.7,0.9,N,PA,BREVES,A228,-1.680251,-50.478139,11.0
683,2019-04-24,20:00,0.0,1008.8,1008.8,1007.9,447,28.0,24.7,28.1,27.8,24.9,24.5,84,82,82,65,3.1,1.3,N,PA,BREVES,A228,-1.680251,-50.478139,11.0
684,2019-04-25,00:00,0.0,1011.7,1011.7,1011.0,-9999,25.2,24.0,25.2,25.1,24.0,23.9,93,93,93,65,1.3,0.3,N,PA,BREVES,A228,-1.680251,-50.478139,11.0
685,2019-04-25,04:00,0.2,1011.1,1011.7,1011.1,-9999,24.7,23.6,24.9,24.7,23.8,23.6,94,94,94,28,1.3,0.6,N,PA,BREVES,A228,-1.680251,-50.478139,11.0
686,2019-04-25,08:00,0.0,1010.5,1010.5,1010.3,-9999,24.1,23.1,24.3,24.0,23.2,23.0,94,94,94,349,0.7,0.3,N,PA,BREVES,A228,-1.680251,-50.478139,11.0
687,2019-04-25,12:00,0.0,1012.7,1012.7,1012.2,1177,27.9,24.5,27.9,25.4,24.9,23.8,93,82,82,101,3.2,0.8,N,PA,BREVES,A228,-1.680251,-50.478139,11.0
688,2019-04-25,16:00,0.0,1010.8,1012.3,1010.8,2160,30.1,25.1,31.5,29.3,25.8,23.5,78,64,74,71,4.8,2.3,N,PA,BREVES,A228,-1.680251,-50.478139,11.0
689,2019-04-25,20:00,0.0,1008.2,1008.2,1007.8,1399,32.0,23.9,32.4,31.5,25.0,23.1,67,59,62,105,3.6,1.6,N,PA,BREVES,A228,-1.680251,-50.478139,11.0
690,2019-04-26,00:00,0.0,1011.4,1011.4,1010.3,-9999,25.7,23.6,26.0,25.7,23.7,23.6,88,87,88,136,3.6,1.1,N,PA,BREVES,A228,-1.680251,-50.478139,11.0
691,2019-04-26,04:00,0.0,1011.9,1012.4,1011.9,-9999,24.5,23.3,24.9,24.5,23.5,23.3,93,92,93,90,1.3,0.3,N,PA,BREVES,A228,-1.680251,-50.478139,11.0
692,2019-04-26,08:00,0.0,1010.9,1011.0,1010.7,-9999,24.3,23.2,24.4,24.2,23.3,23.1,94,94,94,59,1.1,0.5,N,PA,BREVES,A228,-1.680251,-50.478139,11.0
693,2019-04-26,12:00,0.0,1013.2,1013.2,1012.2,725,27.2,24.3,27.2,25.5,24.6,23.9,93,84,84,72,3.5,1.3,N,PA,BREVES,A228,-1.680251,-50.478139,11.0
694,2019-04-26,16:00,0.0,1010.9,1011.4,1010.9,1771,28.9,23.3,32.3,28.8,25.0,23.1,73,60,72,87,5.9,1.7,N,PA,BREVES,A228,-1.680251,-50.478139,11.0
695,2019-04-26,20:00,0.0,1008.7,1009.1,1008.5,386,27.0,24.1,27.3,26.9,24.4,23.8,86,83,84,59,3.8,0.6,N,PA,BREVES,A228,-1.680251,-50.478139,11.0
696,2019-04-27,00:00,0.0,1010.7,1010.7,1010.0,-9999,25.5,24.0,25.7,25.5,24.2,24.0,92,91,91,86,2.0,0.6,N,PA,BREVES,A228,-1.680251,-50.478139,11.0
697,2019-04-27,04:00,0.6,1011.4,1011.8,1011.4,-9999,24.5,23.1,24.5,24.4,23.2,23.1,92,92,92,60,2.9,1.4,N,PA,BREVES,A228,-1.680251,-50.478139,11.0
698,2019-04-27,08:00,0.0,1010.8,1010.9,1010.6,-9999,24.4,23.3,24.6,24.4,23.4,23.2,93,93,93,83,1.3,0.7,N,PA,BREVES,A228,-1.680251,-50.478139,11.0
699,2019-04-27,12:00,0.0,1013.0,1013.0,1012.2,953,26.5,23.5,27.4,25.6,24.4,23.2,89,80,84,59,3.5,1.2,N,PA,BREVES,A228,-1.680251,-50.478139,11.0
700,2019-04-27,16:00,0.8,1010.9,1012.3,1010.9,2693,28.6,23.8,29.5,27.0,26.2,23.8,88,74,75,104,4.2,0.9,N,PA,BREVES,A228,-1.680251,-50.478139,11.0
701,2019-04-27,20:00,0.0,1008.2,1008.2,1007.6,405,27.3,24.7,27.8,27.1,25.0,24.4,86,83,86,36,3.1,0.9,N,PA,BREVES,A228,-1.680251,-50.478139,11.0
702,2019-04-28,00:00,0.0,1011.0,1011.1,1010.7,-9999,25.2,23.9,25.7,25.2,24.4,23.9,93,92,92,100,1.6,0.5,N,PA,BREVES,A228,-1.680251,-50.478139,11.0
703,2019-04-28,04:00,1.6,1010.9,1012.0,1010.9,-9999,24.0,22.7,24.1,23.9,22.7,22.6,93,92,93,89,5.5,0.5,N,PA,BREVES,A228,-1.680251,-50.478139,11.0
704,2019-04-28,08:00,3.4,1010.1,1010.1,1009.6,-9999,23.9,22.7,24.2,23.9,23.0,22.7,93,93,93,96,3.1,0.7,N,PA,BREVES,A228,-1.680251,-50.478139,11.0
705,2019-04-28,12:00,0.0,1013.4,1013.4,1012.7,751,26.5,23.8,26.5,24.4,23.8,22.8,91,83,85,56,2.1,0.6,N,PA,BREVES,A228,-1.680251,-50.478139,11.0
706,2019-04-28,16:00,0.0,1011.5,1012.7,1011.5,2453,29.7,23.8,30.7,28.8,24.5,23.2,75,66,71,99,4.3,1.7,N,PA,BREVES,A228,-1.680251,-50.478139,11.0
707,2019-04-28,20:00,0.0,1008.4,1008.4,1008.0,1142,28.9,24.3,29.4,28.5,24.5,23.5,77,72,76,48,4.9,1.7,N,PA,BREVES,A228,-1.680251,-50.478139,11.0
708,2019-04-29,00:00,0.0,1011.6,1011.6,1010.7,-9999,25.6,23.3,25.7,25.6,23.5,23.3,88,87,87,75,3.5,1.5,N,PA,BREVES,A228,-1.680251,-50.478139,11.0
709,2019-04-29,04:00,0.0,1011.5,1012.2,1011.5,-9999,24.3,22.9,24.6,24.3,23.2,22.9,92,92,92,68,1.7,0.7,N,PA,BREVES,A228,-1.680251,-50.478139,11.0
710,2019-04-29,08:00,0.0,1009.8,1009.9,1009.7,-9999,23.9,22.8,24.2,23.9,23.0,22.8,94,93,94,228,0.8,0.2,N,PA,BREVES,A228,-1.680251,-50.478139,11.0
711,2019-04-29,12:00,0.0,1012.1,1012.1,1011.3,1045,27.3,23.5,27.6,25.4,24.3,22.9,88,79,80,48,2.4,1.1,N,PA,BREVES,A228,-1.680251,-50.478139,11.0
712,2019-04-29,16:00,0.0,1010.2,1011.5,1010.2,2265,30.7,22.7,31.4,30.0,24.1,22.3,68,60,62,70,4.5,1.4,N,PA,BREVES,A228,-1.680251,-50.478139,11.0
713,2019-04-29,20:00,1.0,1008.0,1008.2,1007.3,414,27.0,24.8,29.5,26.7,25.1,23.6,89,72,88,334,6.6,1.0,N,PA,BREVES,A228,-1.680251,-50.478139,11.0
714,2019-04-30,00:00,6.2,1011.7,1011.7,1010.9,-9999,24.4,23.2,24.5,24.3,23.3,23.1,93,93,93,80,3.4,0.7,N,PA,BREVES,A228,-1.680251,-50.478139,11.0
715,2019-04-30,04:00,0.0,1011.9,1012.2,1011.9,-9999,24.6,23.6,24.6,24.5,23.6,23.4,94,94,94,156,0.7,0.3,N,PA,BREVES,A228,-1.680251,-50.478139,11.0
716,2019-04-30,08:00,0.0,1010.9,1010.9,1010.7,-9999,24.6,23.5,24.6,24.5,23.5,23.4,94,94,94,72,2.0,0.4,N,PA,BREVES,A228,-1.680251,-50.478139,11.0
717,2019-04-30,12:00,0.0,1013.3,1013.3,1013.0,901,26.8,23.5,27.2,25.4,24.2,23.3,90,81,82,34,2.6,1.3,N,PA,BREVES,A228,-1.680251,-50.478139,11.0
718,2019-04-30,16:00,0.0,1010.8,1012.2,1010.8,2616,31.0,23.2,31.3,29.8,24.7,22.5,72,61,63,84,3.5,1.3,N,PA,BREVES,A228,-1.680251,-50.478139,11.0
719,2019-04-30,20:00,0.0,1007.9,1008.1,1007.6,283,26.5,24.4,27.0,26.5,24.8,24.3,89,86,88,71,3.5,1.6,N,PA,BREVES,A228,-1.680251,-50.478139,11.0
720,2019-05-01,00:00,0.0,1010.8,1010.8,1010.4,-9999,24.9,23.6,24.9,24.8,23.7,23.5,93,92,93,65,1.2,0.4,N,PA,BREVES,A228,-1.680251,-50.478139,11.0
721,2019-05-01,04:00,0.0,1011.7,1012.1,1011.7,-9999,24.7,23.5,24.8,24.7,23.7,23.5,93,93,93,168,0.8,0.2,N,PA,BREVES,A228,-1.680251,-50.478139,11.0
722,2019-05-01,08:00,0.0,1010.2,1010.2,1010.0,-9999,24.3,23.2,24.7,24.3,23.6,23.2,94,93,94,138,0.8,0.3,N,PA,BREVES,A228,-1.680251,-50.478139,11.0
723,2019-05-01,12:00,0.0,1013.1,1013.1,1012.2,986,28.1,23.7,28.1,26.8,24.4,23.6,85,77,77,56,2.6,1.4,N,PA,BREVES,A228,-1.680251,-50.478139,11.0
724,2019-05-01,16:00,0.0,1011.0,1012.5,1011.0,1940,30.7,24.4,30.7,29.0,24.7,23.2,75,67,69,45,4.2,1.4,N,PA,BREVES,A228,-1.680251,-50.478139,11.0
725,2019-05-01,20:00,0.2,1007.6,1007.8,1007.5,727,26.9,24.1,26.9,25.8,24.7,23.6,91,84,85,48,5.3,1.0,N,PA,BREVES,A228,-1.680251,-50.478139,11.0
726,2019-05-02,00:00,0.0,1011.0,1011.0,1009.5,-9999,25.6,24.3,25.6,25.5,24.3,24.1,93,92,93,69,1.6,0.6,N,PA,BREVES,A228,-1.680251,-50.478139,11.0
727,2019-05-02,04:00,0.0,1010.9,1011.4,1010.9,-9999,25.2,23.8,25.3,25.2,24.0,23.8,93,92,92,81,1.5,0.5,N,PA,BREVES,A228,-1.680251,-50.478139,11.0
728,2019-05-02,08:00,0.2,1009.7,1009.8,1009.3,-9999,24.9,23.7,25.0,24.8,23.7,23.6,93,93,93,13,0.9,0.2,N,PA,BREVES,A228,-1.680251,-50.478139,11.0
729,2019-05-02,12:00,0.0,1012.3,1012.3,1011.4,579,26.7,24.5,26.7,25.6,24.5,24.0,92,86,88,66,2.7,1.1,N,PA,BREVES,A228,-1.680251,-50.478139,11.0
730,2019-05-02,16:00,9.6,1010.5,1011.8,1010.5,552,26.5,24.6,28.0,26.3,25.0,24.1,91,79,89,113,2.1,1.0,N,PA,BREVES,A228,-1.680251,-50.478139,11.0
731,2019-05-02,20:00,0.0,1007.6,1007.9,1007.2,1257,28.0,23.9,28.8,27.1,25.2,23.2,83,74,78,47,4.4,1.0,N,PA,BREVES,A228,-1.680251,-50.478139,11.0
732,2019-05-03,00:00,0.0,1011.2,1011.2,1010.2,-9999,25.3,23.8,25.4,25.2,24.0,23.8,92,91,92,33,1.2,0.5,N,PA,BREVES,A228,-1.680251,-50.478139,11.0
733,2019-05-03,04:00,4.6,1011.1,1011.8,1011.0,-9999,24.2,22.9,25.0,24.2,23.8,22.8,93,92,92,169,5.5,1.2,N,PA,BREVES,A228,-1.680251,-50.478139,11.0
734,2019-05-03,08:00,0.0,1008.9,1008.9,1008.7,-9999,23.7,22.7,23.8,23.6,22.7,22.5,94,94,94,88,1.4,0.8,N,PA,BREVES,A228,-1.680251,-50.478139,11.0
735,2019-05-03,12:00,0.0,1011.5,1011.5,1010.8,994,27.6,24.1,27.6,26.8,24.8,23.8,86,82,82,80,4.1,1.4,N,PA,BREVES,A228,-1.680251,-50.478139,11.0
736,2019-05-03,16:00,0.0,1009.6,1010.6,1009.6,3295,32.4,23.5,32.6,30.9,25.2,23.0,71,58,60,107,6.7,2.3,N,PA,BREVES,A228,-1.680251,-50.478139,11.0
737,2019-05-03,20:00,0.2,1006.9,1007.3,1006.9,1128,31.3,24.5,32.0,30.9,25.3,24.1,71,64,67,73,4.3,1.4,N,PA,BREVES,A228,-1.680251,-50.478139,11.0
738,2019-05-04,00:00,0.0,1010.4,1010.4,1009.5,-9999,26.2,23.9,27.2,26.2,24.0,23.8,88,82,88,36,5.6,0.7,N,PA,BREVES,A228,-1.680251,-50.478139,11.0
739,2019-05-04,04:00,0.0,1010.7,1011.3,1010.6,-9999,24.8,23.3,25.0,24.8,23.4,23.3,91,91,91,141,1.9,0.3,N,PA,BREVES,A228,-1.680251,-50.478139,11.0
740,2019-05-04,08:00,0.0,1009.5,1009.5,1009.0,-9999,24.2,23.1,24.2,24.0,23.1,22.9,94,93,94,172,0.6,0.1,N,PA,BREVES,A228,-1.680251,-50.478139,11.0
741,2019-05-04,12:00,0.0,1011.9,1011.9,1011.3,991,28.1,24.3,28.2,25.9,24.9,24.1,90,80,80,67,4.4,1.8,N,PA,BREVES,A228,-1.680251,-50.478139,11.0
742,2019-05-04,16:00,0.0,1009.3,1010.4,1009.3,2764,32.5,22.9,32.8,31.3,24.6,22.2,66,56,57,91,6.0,1.8,N,PA,BREVES,A228,-1.680251,-50.478139,11.0
743,2019-05-04,20:00,0.0,1006.3,1006.3,1006.1,1010,31.3,21.4,32.9,31.3,23.1,21.1,59,51,56,153,4.9,1.3,N,PA,BREVES,A228,-1.680251,-50.478139,11.0
744,2019-05-05,00:00,0.0,1009.4,1009.4,1008.3,-9999,25.8,23.5,26.1,25.7,23.6,23.5,88,86,87,48,2.6,0.8,N,PA,BREVES,A228,-1.680251,-50.478139,11.0
745,2019-05-05,04:00,0.8,1010.3,1011.2,1010.3,-9999,24.1,22.8,24.4,24.0,22.9,22.5,93,89,93,247,3.5,0.3,N,PA,BREVES,A228,-1.680251,-50.478139,11.0
746,2019-05-05,08:00,0.0,1009.2,1009.3,1009.1,-9999,24.2,23.1,24.2,24.1,23.1,23.0,94,93,94,81,0.9,0.1,N,PA,BREVES,A228,-1.680251,-50.478139,11.0
747,2019-05-05,12:00,0.0,1011.9,1011.9,1011.1,1084,27.9,24.6,27.9,25.9,24.7,23.6,89,80,82,25,3.0,0.8,N,PA,BREVES,A228,-1.680251,-50.478139,11.0
748,2019-05-05,16:00,0.0,1009.7,1010.7,1009.7,1716,31.8,24.0,32.0,31.0,25.4,23.3,71,63,63,85,3.1,0.9,N,PA,BREVES,A228,-1.680251,-50.478139,11.0
749,2019-05-05,20:00,0.0,1007.1,1007.5,1007.0,730,31.0,23.8,33.0,30.3,24.9,23.1,71,57,66,211,3.1,0.4,N,PA,BREVES,A228,-1.680251,-50.478139,11.0
750,2019-05-06,00:00,0.0,1010.7,1010.7,1009.5,-9999,26.9,23.7,28.0,26.9,24.2,23.5,83,79,83,70,7.0,1.8,N,PA,BREVES,A228,-1.680251,-50.478139,11.0
751,2019-05-06,04:00,0.0,1010.2,1010.9,1010.2,-9999,24.7,23.2,25.0,24.7,23.3,23.2,91,90,91,49,2.8,0.8,N,PA,BREVES,A228,-1.680251,-50.478139,11.0
752,2019-05-06,08:00,0.0,1010.3,1010.3,1009.7,-9999,24.3,23.0,24.7,24.3,23.1,23.0,92,91,92,136,2.3,0.2,N,PA,BREVES,A228,-1.680251,-50.478139,11.0
753,2019-05-06,12:00,0.0,1013.1,1013.1,1012.5,532,26.5,23.7,26.5,25.2,24.0,23.3,90,85,85,66,2.8,1.1,N,PA,BREVES,A228,-1.680251,-50.478139,11.0
754,2019-05-06,16:00,0.0,1011.0,1012.1,1011.0,2648,31.9,25.2,32.1,30.9,25.2,23.2,69,61,68,146,3.5,1.2,N,PA,BREVES,A228,-1.680251,-50.478139,11.0
755,2019-05-06,20:00,0.0,1008.7,1008.7,1008.4,941,31.2,22.9,32.7,31.2,24.3,22.8,65,57,61,204,2.6,0.8,N,PA,BREVES,A228,-1.680251,-50.478139,11.0
756,2019-05-07,00:00,0.2,1011.8,1011.8,1010.7,-9999,25.7,23.3,27.4,25.7,23.6,23.1,87,79,86,59,5.6,1.8,N,PA,BREVES,A228,-1.680251,-50.478139,11.0
757,2019-05-07,04:00,0.0,1011.6,1012.1,1011.6,-9999,24.9,23.7,25.0,24.8,23.8,23.6,93,93,93,79,1.5,0.5,N,PA,BREVES,A228,-1.680251,-50.478139,11.0
758,2019-05-07,08:00,0.0,1010.3,1010.3,1009.9,-9999,24.6,23.3,24.7,24.5,23.5,23.3,93,92,92,69,1.8,0.6,N,PA,BREVES,A228,-1.680251,-50.478139,11.0
759,2019-05-07,12:00,0.0,1011.7,1011.7,1011.4,771,27.0,23.5,27.2,25.8,23.8,23.3,87,80,81,69,2.9,1.0,N,PA,BREVES,A228,-1.680251,-50.478139,11.0
760,2019-05-07,16:00,0.0,1010.0,1011.1,1010.0,1243,30.4,24.9,30.6,29.2,24.9,22.9,74,65,72,167,3.9,0.4,N,PA,BREVES,A228,-1.680251,-50.478139,11.0
761,2019-05-07,20:00,0.6,1009.2,1009.4,1009.0,52,25.1,23.6,25.5,25.0,23.7,23.4,92,89,91,51,5.0,0.4,N,PA,BREVES,A228,-1.680251,-50.478139,11.0
762,2019-05-08,00:00,0.0,1012.0,1012.0,1011.0,-9999,25.3,23.6,25.3,25.2,23.9,23.6,92,91,91,69,5.8,2.2,N,PA,BREVES,A228,-1.680251,-50.478139,11.0
763,2019-05-08,04:00,0.0,1012.3,1012.5,1012.3,-9999,23.9,22.6,24.2,23.9,22.7,22.5,92,92,92,105,5.8,1.1,N,PA,BREVES,A228,-1.680251,-50.478139,11.0
764,2019-05-08,08:00,0.0,1010.8,1010.8,1010.5,-9999,23.7,22.5,23.7,23.5,22.6,22.4,93,93,93,329,1.6,0.4,N,PA,BREVES,A228,-1.680251,-50.478139,11.0
765,2019-05-08,12:00,0.0,1011.7,1011.7,1011.1,565,25.3,23.0,25.4,24.4,23.4,22.8,91,87,87,80,2.3,0.9,N,PA,BREVES,A228,-1.680251,-50.478139,11.0
766,2019-05-08,16:00,0.0,1010.2,1011.3,1010.2,2486,30.6,22.9,30.7,29.4,24.5,22.4,73,63,64,104,4.6,1.0,N,PA,BREVES,A228,-1.680251,-50.478139,11.0
767,2019-05-08,20:00,0.0,1007.5,1007.7,1007.5,672,30.4,24.1,31.2,30.0,25.8,23.5,77,64,69,130,2.4,0.6,N,PA,BREVES,A228,-1.680251,-50.478139,11.0
768,2019-05-09,00:00,0.2,1009.5,1009.5,1008.7,-9999,26.2,24.3,26.6,26.2,25.0,24.2,92,88,90,40,2.8,1.3,N,PA,BREVES,A228,-1.680251,-50.478139,11.0
769,2019-05-09,04:00,0.0,1009.6,1010.2,1009.6,-9999,24.6,23.4,24.9,24.6,23.6,23.4,93,93,93,56,1.4,0.3,N,PA,BREVES,A228,-1.680251,-50.478139,11.0
770,2019-05-09,08:00,0.2,1009.0,1009.0,1008.6,-9999,24.6,23.4,24.9,24.6,23.6,23.4,93,93,93,86,2.4,0.5,N,PA,BREVES,A228,-1.680251,-50.478139,11.0
771,2019-05-09,12:00,0.0,1010.8,1010.9,1010.1,1306,28.2,24.1,28.8,27.1,24.8,23.9,85,76,78,90,4.9,2.4,N,PA,BREVES,A228,-1.680251,-50.478139,11.0
772,2019-05-09,16:00,0.0,1008.8,1010.0,1008.8,1999,31.5,24.7,32.3,29.5,26.4,24.0,77,64,67,92,4.7,2.0,N,PA,BREVES,A228,-1.680251,-50.478139,11.0
773,2019-05-09,20:00,0.0,1005.9,1005.9,1005.7,383,29.3,24.5,29.6,29.3,25.1,23.8,78,71,76,123,1.5,0.4,N,PA,BREVES,A228,-1.680251,-50.478139,11.0
774,2019-05-10,00:00,0.4,1009.4,1009.4,1008.0,-9999,25.5,23.3,25.7,25.1,23.3,22.6,88,84,88,91,2.2,0.5,N,PA,BREVES,A228,-1.680251,-50.478139,11.0
775,2019-05-10,04:00,0.0,1008.8,1009.4,1008.8,-9999,24.8,23.6,24.9,24.8,23.7,23.5,93,93,93,76,1.1,0.4,N,PA,BREVES,A228,-1.680251,-50.478139,11.0
776,2019-05-10,08:00,0.0,1008.2,1008.2,1007.6,-9999,24.6,23.5,24.7,24.4,23.5,23.3,94,93,94,160,0.7,0.3,N,PA,BREVES,A228,-1.680251,-50.478139,11.0
777,2019-05-10,12:00,0.0,1010.1,1010.2,1009.8,890,27.4,24.0,27.5,26.1,24.6,24.0,91,82,82,71,5.3,2.4,N,PA,BREVES,A228,-1.680251,-50.478139,11.0
778,2019-05-10,16:00,0.0,1008.0,1008.9,1008.0,2587,30.8,23.4,31.9,29.9,25.0,22.5,71,59,65,123,5.0,1.2,N,PA,BREVES,A228,-1.680251,-50.478139,11.0
779,2019-05-10,20:00,0.0,1005.6,1005.6,1005.4,238,28.1,25.1,29.6,28.1,25.1,23.9,84,72,84,10,2.8,1.1,N,PA,BREVES,A228,-1.680251,-50.478139,11.0
780,2019-05-11,00:00,0.8,1008.8,1009.2,1008.5,-9999,24.8,23.4,24.8,24.2,23.5,22.5,93,90,92,69,3.7,1.1,N,PA,BREVES,A228,-1.680251,-50.478139,11.0
781,2019-05-11,04:00,0.0,1008.7,1009.0,1008.7,-9999,24.3,23.1,24.4,24.3,23.2,23.1,93,93,93,99,1.5,0.3,N,PA,BREVES,A228,-1.680251,-50.478139,11.0
782,2019-05-11,08:00,0.0,1007.7,1007.7,1007.3,-9999,24.5,23.3,24.5,24.4,23.4,23.3,94,93,94,3,1.0,0.3,N,PA,BREVES,A228,-1.680251,-50.478139,11.0
783,2019-05-11,12:00,0.0,1009.9,1010.0,1009.4,752,27.2,24.4,27.2,26.1,24.4,23.5,88,82,85,151,1.7,0.5,N,PA,BREVES,A228,-1.680251,-50.478139,11.0
784,2019-05-11,16:00,0.0,1008.0,1009.3,1008.0,2337,31.6,24.3,31.7,30.2,25.9,23.8,75,65,65,135,4.1,1.6,N,PA,BREVES,A228,-1.680251,-50.478139,11.0
785,2019-05-11,20:00,0.0,1006.0,1006.0,1005.7,1109,31.8,23.7,32.8,31.4,24.6,22.6,65,57,62,113,5.2,1.3,N,PA,BREVES,A228,-1.680251,-50.478139,11.0
786,2019-05-12,00:00,0.6,1009.7,1009.8,1008.7,-9999,26.0,23.9,26.5,26.0,23.9,23.7,88,84,88,103,4.6,0.9,N,PA,BREVES,A228,-1.680251,-50.478139,11.0
787,2019-05-12,04:00,0.0,1010.3,1011.1,1010.3,-9999,25.0,23.1,25.2,24.9,23.4,23.1,91,89,89,105,5.0,1.5,N,PA,BREVES,A228,-1.680251,-50.478139,11.0
788,2019-05-12,08:00,0.2,1009.2,1009.2,1008.8,-9999,23.7,22.5,23.9,23.7,22.6,22.4,93,92,93,171,2.0,0.6,N,PA,BREVES,A228,-1.680251,-50.478139,11.0
789,2019-05-12,12:00,0.0,1012.1,1012.1,1011.7,1046,26.7,23.1,26.8,25.5,24.0,23.0,87,81,81,41,2.9,0.8,N,PA,BREVES,A228,-1.680251,-50.478139,11.0
790,2019-05-12,16:00,0.0,1009.8,1011.2,1009.8,1863,30.9,23.6,31.3,29.8,24.8,22.9,73,65,65,6,2.6,0.7,N,PA,BREVES,A228,-1.680251,-50.478139,11.0
791,2019-05-12,20:00,1.2,1010.3,1010.3,1008.0,126,24.7,22.8,30.8,24.7,23.3,22.5,90,63,90,112,10.2,2.1,N,PA,BREVES,A228,-1.680251,-50.478139,11.0
792,2019-05-13,00:00,0.0,1012.5,1012.6,1012.1,-9999,24.0,22.7,24.1,23.9,22.8,22.5,93,92,92,336,2.7,0.5,N,PA,BREVES,A228,-1.680251,-50.478139,11.0
793,2019-05-13,04:00,0.0,1011.0,1011.6,1011.0,-9999,23.8,22.6,24.1,23.8,22.9,22.6,93,93,93,46,1.9,0.8,N,PA,BREVES,A228,-1.680251,-50.478139,11.0
794,2019-05-13,08:00,0.0,1010.4,1010.4,1010.0,-9999,23.5,22.4,23.6,23.5,22.5,22.4,94,93,94,223,1.4,0.3,N,PA,BREVES,A228,-1.680251,-50.478139,11.0
795,2019-05-13,12:00,0.0,1013.4,1013.4,1013.1,492,25.2,23.2,25.2,24.3,23.3,22.7,92,88,89,81,3.1,1.1,N,PA,BREVES,A228,-1.680251,-50.478139,11.0
796,2019-05-13,16:00,0.0,1011.4,1012.3,1011.4,2028,31.6,24.2,31.6,29.8,25.8,23.0,74,65,65,100,4.3,1.1,N,PA,BREVES,A228,-1.680251,-50.478139,11.0
797,2019-05-13,20:00,0.0,1008.9,1008.9,1008.4,1025,28.3,24.3,31.5,28.3,25.5,23.5,83,64,79,75,5.9,2.2,N,PA,BREVES,A228,-1.680251,-50.478139,11.0
798,2019-05-14,00:00,0.0,1013.1,1013.1,1011.3,-9999,24.8,22.9,24.8,24.7,23.2,22.9,91,89,89,166,5.8,1.1,N,PA,BREVES,A228,-1.680251,-50.478139,11.0
799,2019-05-14,04:00,9.0,1013.1,1013.7,1012.9,-9999,22.7,21.7,22.8,22.3,21.8,21.2,94,93,94,334,5.3,0.4,N,PA,BREVES,A228,-1.680251,-50.478139,11.0
800,2019-05-14,08:00,1.2,1010.8,1011.0,1010.5,-9999,23.1,22.1,23.2,23.1,22.1,22.0,94,94,94,102,1.5,0.8,N,PA,BREVES,A228,-1.680251,-50.478139,11.0
801,2019-05-14,12:00,0.0,1013.0,1013.0,1012.7,1334,27.3,24.2,27.3,25.0,24.2,22.7,90,80,83,201,1.5,0.6,N,PA,BREVES,A228,-1.680251,-50.478139,11.0
802,2019-05-14,16:00,0.0,1010.5,1011.7,1010.5,2283,32.1,24.3,32.2,30.1,25.4,23.0,72,60,63,75,4.2,1.4,N,PA,BREVES,A228,-1.680251,-50.478139,11.0
803,2019-05-14,20:00,0.0,1007.5,1007.7,1007.2,561,28.4,23.9,28.5,27.2,25.2,23.9,87,76,77,72,3.0,1.4,N,PA,BREVES,A228,-1.680251,-50.478139,11.0
804,2019-05-15,00:00,0.0,1011.4,1011.4,1010.6,-9999,25.5,24.1,25.6,25.4,24.2,23.9,92,92,92,180,1.1,0.2,N,PA,BREVES,A228,-1.680251,-50.478139,11.0
805,2019-05-15,04:00,0.0,1011.5,1012.2,1011.5,-9999,24.9,23.8,25.1,24.9,24.0,23.7,93,93,93,148,1.5,0.3,N,PA,BREVES,A228,-1.680251,-50.478139,11.0
806,2019-05-15,08:00,0.0,1010.2,1010.2,1009.7,-9999,24.7,23.6,24.8,24.7,23.6,23.5,93,93,93,47,1.2,0.2,N,PA,BREVES,A228,-1.680251,-50.478139,11.0
807,2019-05-15,12:00,0.0,1012.4,1012.4,1011.6,961,27.5,24.2,27.9,26.9,24.9,24.1,86,81,83,2,2.9,1.0,N,PA,BREVES,A228,-1.680251,-50.478139,11.0
808,2019-05-15,16:00,0.0,1009.8,1011.3,1009.8,2719,31.8,24.1,32.1,30.5,25.2,23.1,72,60,64,95,4.2,0.9,N,PA,BREVES,A228,-1.680251,-50.478139,11.0
809,2019-05-15,20:00,1.8,1007.8,1007.8,1007.4,329,26.5,23.9,29.1,26.2,26.1,23.2,88,74,86,140,6.9,1.4,N,PA,BREVES,A228,-1.680251,-50.478139,11.0
810,2019-05-16,00:00,0.0,1011.6,1011.6,1010.8,-9999,25.2,23.6,25.4,25.2,23.8,23.6,92,91,91,52,1.2,0.5,N,PA,BREVES,A228,-1.680251,-50.478139,11.0
811,2019-05-16,04:00,0.0,1011.4,1011.9,1011.4,-9999,24.5,23.4,24.6,24.4,23.5,23.2,93,93,93,167,0.9,0.2,N,PA,BREVES,A228,-1.680251,-50.478139,11.0
812,2019-05-16,08:00,0.0,1010.0,1010.2,1009.8,-9999,24.1,23.0,24.3,24.1,23.3,23.0,94,94,94,108,1.1,0.5,N,PA,BREVES,A228,-1.680251,-50.478139,11.0
813,2019-05-16,12:00,0.0,1012.9,1013.0,1012.3,670,26.9,24.8,26.9,25.4,24.8,24.2,93,88,88,36,2.0,0.7,N,PA,BREVES,A228,-1.680251,-50.478139,11.0
814,2019-05-16,16:00,0.2,1010.6,1012.0,1010.6,3113,31.7,22.9,31.9,30.4,24.3,22.1,67,57,59,87,4.0,1.7,N,PA,BREVES,A228,-1.680251,-50.478139,11.0
815,2019-05-16,20:00,0.0,1010.3,1010.3,1008.6,150,25.8,22.9,28.8,25.7,23.0,22.4,85,69,84,69,9.8,1.4,N,PA,BREVES,A228,-1.680251,-50.478139,11.0
816,2019-05-17,00:00,0.0,1012.5,1012.5,1012.0,-9999,24.4,23.2,24.4,24.2,23.2,23.0,93,93,93,245,2.6,0.6,N,PA,BREVES,A228,-1.680251,-50.478139,11.0
817,2019-05-17,04:00,0.0,1011.7,1012.4,1011.7,-9999,23.8,22.6,24.1,23.8,22.9,22.6,93,93,93,71,1.1,0.4,N,PA,BREVES,A228,-1.680251,-50.478139,11.0
818,2019-05-17,08:00,0.0,1010.5,1010.5,1009.9,-9999,23.9,22.9,23.9,23.8,22.9,22.7,94,94,94,200,1.4,0.3,N,PA,BREVES,A228,-1.680251,-50.478139,11.0
819,2019-05-17,12:00,0.0,1013.0,1013.0,1012.2,391,25.5,23.6,25.6,24.8,23.6,23.1,91,87,89,220,1.0,0.4,N,PA,BREVES,A228,-1.680251,-50.478139,11.0
820,2019-05-17,16:00,0.2,1010.8,1012.0,1010.8,1384,27.5,24.8,27.5,25.3,24.8,23.5,91,84,85,196,2.3,0.8,N,PA,BREVES,A228,-1.680251,-50.478139,11.0
821,2019-05-17,20:00,0.0,1008.4,1008.4,1008.3,902,28.4,23.9,29.8,28.4,24.3,23.5,78,69,77,43,2.9,1.0,N,PA,BREVES,A228,-1.680251,-50.478139,11.0
822,2019-05-18,00:00,0.6,1011.7,1011.7,1010.6,-9999,24.6,22.9,26.0,24.6,23.9,22.8,90,88,90,109,5.2,0.7,N,PA,BREVES,A228,-1.680251,-50.478139,11.0
823,2019-05-18,04:00,0.0,1011.0,1011.7,1011.0,-9999,23.4,22.3,23.5,23.3,22.4,22.2,94,93,94,89,1.3,0.3,N,PA,BREVES,A228,-1.680251,-50.478139,11.0
824,2019-05-18,08:00,0.0,1009.6,1009.6,1008.8,-9999,22.6,21.5,23.1,22.6,22.0,21.5,94,94,94,124,1.0,0.3,N,PA,BREVES,A228,-1.680251,-50.478139,11.0
825,2019-05-18,12:00,0.0,1012.5,1012.5,1011.7,698,25.7,23.6,25.7,24.4,23.6,22.5,92,85,88,164,2.0,0.5,N,PA,BREVES,A228,-1.680251,-50.478139,11.0
826,2019-05-18,16:00,0.0,1010.4,1011.8,1010.4,3120,30.1,24.2,30.1,27.3,25.6,23.2,84,68,71,147,3.3,1.0,N,PA,BREVES,A228,-1.680251,-50.478139,11.0
827,2019-05-18,20:00,0.0,1007.2,1007.4,1007.0,1280,30.2,23.2,30.8,29.7,24.6,22.7,76,63,66,159,2.7,0.7,N,PA,BREVES,A228,-1.680251,-50.478139,11.0
828,2019-05-19,00:00,0.0,1010.5,1010.5,1009.7,-9999,25.5,23.7,26.3,25.5,23.8,23.7,90,87,90,72,3.0,1.0,N,PA,BREVES,A228,-1.680251,-50.478139,11.0
829,2019-05-19,04:00,0.0,1010.1,1010.4,1010.1,-9999,24.4,23.2,24.6,24.4,23.4,23.2,93,93,93,93,1.4,0.5,N,PA,BREVES,A228,-1.680251,-50.478139,11.0
830,2019-05-19,08:00,0.0,1009.2,1009.3,1009.0,-9999,24.1,22.9,24.4,24.1,23.2,22.9,93,93,93,116,1.2,0.4,N,PA,BREVES,A228,-1.680251,-50.478139,11.0
831,2019-05-19,12:00,2.4,1011.9,1011.9,1011.2,331,25.8,24.3,25.8,24.9,24.4,23.7,93,91,92,149,3.3,0.2,N,PA,BREVES,A228,-1.680251,-50.478139,11.0
832,2019-05-19,16:00,0.0,1009.9,1011.0,1009.9,1465,29.4,25.0,30.6,29.1,26.1,24.1,81,71,77,198,2.7,0.8,N,PA,BREVES,A228,-1.680251,-50.478139,11.0
833,2019-05-19,20:00,0.0,1007.5,1007.5,1006.9,511,28.2,25.4,28.6,27.8,25.6,24.8,86,81,85,308,3.0,1.2,N,PA,BREVES,A228,-1.680251,-50.478139,11.0
834,2019-05-20,00:00,0.8,1011.0,1011.0,1009.6,-9999,25.5,24.2,25.9,25.5,24.6,24.0,93,91,93,151,3.0,0.8,N,PA,BREVES,A228,-1.680251,-50.478139,11.0
835,2019-05-20,04:00,0.4,1010.9,1011.9,1010.9,-9999,23.8,22.7,23.9,23.7,22.7,22.6,94,93,94,132,1.2,0.3,N,PA,BREVES,A228,-1.680251,-50.478139,11.0
836,2019-05-20,08:00,0.0,1009.3,1009.3,1008.9,-9999,24.0,22.9,24.0,24.0,23.0,22.9,94,94,94,171,1.0,0.2,N,PA,BREVES,A228,-1.680251,-50.478139,11.0
837,2019-05-20,12:00,0.0,1011.6,1011.7,1011.1,875,26.9,24.2,26.9,25.1,24.8,23.6,92,83,85,181,1.7,0.7,N,PA,BREVES,A228,-1.680251,-50.478139,11.0
838,2019-05-20,16:00,0.8,1009.7,1010.5,1009.7,1736,29.0,24.8,31.1,29.0,25.5,23.6,78,66,78,126,5.6,1.1,N,PA,BREVES,A228,-1.680251,-50.478139,11.0
839,2019-05-20,20:00,0.0,1006.9,1007.0,1006.7,1104,30.2,23.0,32.2,30.1,24.7,22.7,70,59,66,150,3.4,0.7,N,PA,BREVES,A228,-1.680251,-50.478139,11.0
840,2019-05-21,00:00,0.0,1010.5,1010.5,1009.6,-9999,23.7,22.6,23.8,23.6,22.6,22.3,93,92,93,155,1.5,0.4,N,PA,BREVES,A228,-1.680251,-50.478139,11.0
841,2019-05-21,04:00,0.0,1011.1,1011.5,1011.1,-9999,24.1,22.9,24.2,24.0,23.0,22.9,93,93,93,123,0.8,0.1,N,PA,BREVES,A228,-1.680251,-50.478139,11.0
842,2019-05-21,08:00,0.0,1009.3,1009.4,1009.2,-9999,24.1,23.0,24.2,24.1,23.1,23.0,94,93,94,352,2.1,0.4,N,PA,BREVES,A228,-1.680251,-50.478139,11.0
843,2019-05-21,12:00,0.0,1011.8,1011.9,1011.3,719,26.8,24.2,26.8,25.1,24.2,23.4,91,85,86,329,1.9,0.6,N,PA,BREVES,A228,-1.680251,-50.478139,11.0
844,2019-05-21,16:00,0.0,1009.9,1011.1,1009.9,3180,31.1,24.0,31.4,30.2,24.7,23.3,70,63,66,76,5.3,1.8,N,PA,BREVES,A228,-1.680251,-50.478139,11.0
845,2019-05-21,20:00,0.0,1007.6,1007.9,1007.6,416,26.6,24.3,27.1,26.6,24.7,24.1,88,84,87,352,2.8,1.1,N,PA,BREVES,A228,-1.680251,-50.478139,11.0
846,2019-05-22,00:00,0.8,1011.0,1011.1,1009.6,-9999,25.5,23.8,25.6,25.4,24.2,23.8,92,90,90,66,4.7,1.6,N,PA,BREVES,A228,-1.680251,-50.478139,11.0
847,2019-05-22,04:00,0.2,1010.8,1011.4,1010.8,-9999,23.8,22.7,24.0,23.8,22.9,22.6,94,93,93,103,1.0,0.3,N,PA,BREVES,A228,-1.680251,-50.478139,11.0
848,2019-05-22,08:00,0.0,1009.8,1009.9,1009.4,-9999,23.9,22.9,23.9,23.7,22.9,22.7,94,94,94,220,0.7,0.3,N,PA,BREVES,A228,-1.680251,-50.478139,11.0
849,2019-05-22,12:00,0.0,1011.5,1011.6,1011.2,919,27.6,24.0,28.0,26.1,25.0,23.7,88,80,81,73,2.3,1.0,N,PA,BREVES,A228,-1.680251,-50.478139,11.0
850,2019-05-22,16:00,13.8,1010.7,1011.9,1010.7,118,23.9,22.8,28.2,23.3,24.6,21.7,94,80,93,215,11.5,0.5,N,PA,BREVES,A228,-1.680251,-50.478139,11.0
851,2019-05-22,20:00,0.0,1008.6,1008.6,1007.9,408,26.7,23.7,27.2,26.7,24.1,23.4,85,80,84,36,1.8,0.9,N,PA,BREVES,A228,-1.680251,-50.478139,11.0
852,2019-05-23,00:00,1.6,1012.6,1012.6,1011.5,-9999,23.5,22.2,23.6,23.4,22.3,22.0,93,91,93,150,3.5,0.6,N,PA,BREVES,A228,-1.680251,-50.478139,11.0
853,2019-05-23,04:00,0.0,1011.1,1011.8,1011.1,-9999,23.7,22.6,23.8,23.7,22.8,22.6,94,94,94,46,2.9,0.9,N,PA,BREVES,A228,-1.680251,-50.478139,11.0
854,2019-05-23,08:00,0.0,1009.9,1009.9,1009.7,-9999,23.0,22.0,23.3,22.9,22.3,22.0,94,94,94,12,0.9,0.4,N,PA,BREVES,A228,-1.680251,-50.478139,11.0
855,2019-05-23,12:00,0.0,1012.4,1012.4,1011.8,1190,27.6,24.0,27.6,26.1,24.2,22.8,85,79,81,207,2.1,0.7,N,PA,BREVES,A228,-1.680251,-50.478139,11.0
856,2019-05-23,16:00,0.0,1010.6,1011.3,1010.6,1650,30.7,24.1,31.1,29.7,25.0,22.7,73,63,68,163,3.9,0.7,N,PA,BREVES,A228,-1.680251,-50.478139,11.0
857,2019-05-23,20:00,0.0,1007.9,1008.0,1007.8,796,29.3,23.1,32.1,29.3,23.3,20.8,69,52,69,83,4.4,1.3,N,PA,BREVES,A228,-1.680251,-50.478139,11.0
858,2019-05-24,00:00,0.0,1010.4,1010.4,1009.7,-9999,24.7,23.2,25.1,24.7,23.3,23.2,91,89,91,67,2.1,0.9,N,PA,BREVES,A228,-1.680251,-50.478139,11.0
859,2019-05-24,04:00,0.0,1010.4,1010.9,1010.4,-9999,23.8,22.6,24.1,23.8,22.8,22.6,93,93,93,63,1.1,0.3,N,PA,BREVES,A228,-1.680251,-50.478139,11.0
860,2019-05-24,08:00,0.0,1010.0,1010.0,1009.7,-9999,23.4,22.3,23.6,23.3,22.5,22.3,94,94,94,130,0.7,0.3,N,PA,BREVES,A228,-1.680251,-50.478139,11.0
861,2019-05-24,12:00,0.0,1012.7,1012.7,1012.0,1074,28.4,24.5,28.5,25.0,25.2,23.5,92,79,79,91,3.8,1.7,N,PA,BREVES,A228,-1.680251,-50.478139,11.0
862,2019-05-24,16:00,0.0,1011.2,1012.1,1011.2,2910,32.2,22.7,32.8,31.0,25.0,22.2,65,55,57,69,4.9,1.9,N,PA,BREVES,A228,-1.680251,-50.478139,11.0
863,2019-05-24,20:00,0.0,1008.2,1008.2,1008.0,969,29.9,23.1,32.7,29.9,23.8,21.9,67,54,67,113,6.1,0.9,N,PA,BREVES,A228,-1.680251,-50.478139,11.0
864,2019-05-25,00:00,0.0,1010.4,1010.4,1009.9,-9999,25.3,23.5,25.3,25.0,23.7,23.2,92,89,90,49,2.4,0.7,N,PA,BREVES,A228,-1.680251,-50.478139,11.0
865,2019-05-25,04:00,0.0,1010.8,1011.4,1010.8,-9999,24.0,22.8,24.3,23.9,23.0,22.7,93,93,93,77,1.9,0.6,N,PA,BREVES,A228,-1.680251,-50.478139,11.0
866,2019-05-25,08:00,0.0,1010.3,1010.4,1009.9,-9999,23.4,22.3,23.4,23.2,22.3,22.2,94,94,94,297,0.9,0.3,N,PA,BREVES,A228,-1.680251,-50.478139,11.0
867,2019-05-25,12:00,0.0,1012.6,1012.6,1012.3,935,27.9,24.1,28.0,25.7,24.7,23.5,88,79,80,55,4.1,1.8,N,PA,BREVES,A228,-1.680251,-50.478139,11.0
868,2019-05-25,16:00,0.0,1010.3,1011.4,1010.3,2676,30.9,24.0,31.4,29.7,24.9,23.4,74,63,67,92,4.0,1.6,N,PA,BREVES,A228,-1.680251,-50.478139,11.0
869,2019-05-25,20:00,0.0,1008.2,1008.2,1008.0,580,27.6,23.9,28.8,27.6,24.4,23.7,80,75,80,24,4.1,1.8,N,PA,BREVES,A228,-1.680251,-50.478139,11.0
870,2019-05-26,00:00,0.0,1010.7,1010.7,1010.0,-9999,25.4,23.8,26.1,25.4,24.3,23.7,91,89,91,75,4.4,0.6,N,PA,BREVES,A228,-1.680251,-50.478139,11.0
871,2019-05-26,04:00,0.0,1010.6,1010.9,1010.6,-9999,24.3,23.0,24.5,24.1,23.1,22.9,93,92,93,69,0.9,0.4,N,PA,BREVES,A228,-1.680251,-50.478139,11.0
872,2019-05-26,08:00,0.0,1009.8,1009.8,1009.5,-9999,24.0,22.9,24.3,23.9,23.1,22.8,93,93,93,71,1.0,0.4,N,PA,BREVES,A228,-1.680251,-50.478139,11.0
873,2019-05-26,12:00,0.0,1011.9,1012.0,1011.8,1085,28.3,24.4,28.3,26.8,24.8,23.8,86,79,79,103,3.1,1.4,N,PA,BREVES,A228,-1.680251,-50.478139,11.0
874,2019-05-26,16:00,0.0,1009.9,1011.1,1009.9,3262,32.6,22.9,33.1,31.4,25.0,22.7,66,57,57,78,5.6,1.8,N,PA,BREVES,A228,-1.680251,-50.478139,11.0
875,2019-05-26,20:00,0.0,1007.7,1007.7,1007.1,982,30.1,23.6,32.5,30.1,24.5,22.5,68,57,68,59,3.5,1.9,N,PA,BREVES,A228,-1.680251,-50.478139,11.0
876,2019-05-27,00:00,0.0,1011.3,1011.3,1009.9,-9999,25.4,23.6,25.6,25.4,23.7,23.5,90,88,90,71,3.7,1.5,N,PA,BREVES,A228,-1.680251,-50.478139,11.0
877,2019-05-27,04:00,0.0,1011.3,1011.3,1011.0,-9999,24.7,23.4,24.8,24.6,23.4,23.2,93,92,93,179,1.0,0.4,N,PA,BREVES,A228,-1.680251,-50.478139,11.0
878,2019-05-27,08:00,0.0,1010.1,1010.1,1009.8,-9999,24.6,23.4,24.7,24.6,23.5,23.4,93,93,93,148,0.7,0.2,N,PA,BREVES,A228,-1.680251,-50.478139,11.0
879,2019-05-27,12:00,0.0,1011.8,1011.8,1011.4,822,28.2,25.1,28.2,26.0,25.7,24.3,91,83,83,86,1.7,0.5,N,PA,BREVES,A228,-1.680251,-50.478139,11.0
880,2019-05-27,16:00,1.4,1010.2,1010.9,1010.2,1714,28.6,25.2,32.4,28.6,25.5,23.2,83,61,82,220,4.7,1.0,N,PA,BREVES,A228,-1.680251,-50.478139,11.0
881,2019-05-27,20:00,0.0,1006.8,1006.9,1006.4,1204,31.8,23.4,32.8,31.6,23.8,22.0,62,54,61,139,3.5,0.9,N,PA,BREVES,A228,-1.680251,-50.478139,11.0
882,2019-05-28,00:00,0.0,1010.8,1010.9,1010.3,-9999,25.5,23.6,26.6,25.5,23.7,23.2,89,82,89,69,5.0,1.1,N,PA,BREVES,A228,-1.680251,-50.478139,11.0
883,2019-05-28,04:00,0.0,1011.1,1011.1,1011.0,-9999,24.7,23.4,24.7,24.6,23.4,23.3,92,92,92,57,1.6,0.7,N,PA,BREVES,A228,-1.680251,-50.478139,11.0
884,2019-05-28,08:00,0.0,1009.9,1009.9,1009.6,-9999,24.0,22.9,24.2,23.9,22.9,22.7,94,93,94,57,0.8,0.2,N,PA,BREVES,A228,-1.680251,-50.478139,11.0
885,2019-05-28,12:00,0.0,1011.7,1011.7,1011.3,909,27.5,23.8,27.5,25.4,23.8,23.3,90,80,80,66,3.0,1.1,N,PA,BREVES,A228,-1.680251,-50.478139,11.0
886,2019-05-28,16:00,0.0,1009.8,1010.8,1009.8,2513,31.1,24.4,32.3,30.9,24.5,23.0,68,59,68,117,4.9,1.1,N,PA,BREVES,A228,-1.680251,-50.478139,11.0
887,2019-05-28,20:00,0.0,1007.4,1007.4,1006.9,608,31.1,22.5,32.5,30.2,23.6,21.8,67,53,60,127,4.2,0.8,N,PA,BREVES,A228,-1.680251,-50.478139,11.0
888,2019-05-29,00:00,3.0,1011.6,1011.6,1010.3,-9999,25.1,23.6,26.5,25.0,23.6,23.0,91,82,91,68,6.3,1.6,N,PA,BREVES,A228,-1.680251,-50.478139,11.0
889,2019-05-29,04:00,0.0,1011.9,1012.2,1011.9,-9999,24.6,23.4,24.7,24.5,23.5,23.3,93,93,93,167,2.6,0.5,N,PA,BREVES,A228,-1.680251,-50.478139,11.0
890,2019-05-29,08:00,0.0,1010.1,1010.1,1009.9,-9999,23.5,22.3,23.7,23.5,22.6,22.3,93,93,93,103,1.4,0.3,N,PA,BREVES,A228,-1.680251,-50.478139,11.0
891,2019-05-29,12:00,0.0,1012.3,1012.3,1011.7,1293,28.1,23.3,28.3,26.0,24.1,22.7,86,74,75,113,3.0,1.1,N,PA,BREVES,A228,-1.680251,-50.478139,11.0
892,2019-05-29,16:00,0.0,1010.4,1011.4,1010.4,2865,31.0,23.3,31.4,30.3,24.2,22.5,68,61,64,68,5.5,1.9,N,PA,BREVES,A228,-1.680251,-50.478139,11.0
893,2019-05-29,20:00,0.0,1008.5,1008.8,1008.1,162,26.3,23.7,26.8,26.3,24.0,23.2,87,81,86,59,5.3,1.2,N,PA,BREVES,A228,-1.680251,-50.478139,11.0
894,2019-05-30,00:00,0.0,1011.5,1011.5,1010.4,-9999,24.9,23.0,25.1,24.9,23.2,22.9,89,88,89,101,2.5,0.6,N,PA,BREVES,A228,-1.680251,-50.478139,11.0
895,2019-05-30,04:00,0.0,1010.8,1011.5,1010.8,-9999,24.3,22.9,24.4,24.2,23.0,22.8,92,92,92,122,1.6,0.3,N,PA,BREVES,A228,-1.680251,-50.478139,11.0
896,2019-05-30,08:00,0.0,1009.7,1009.7,1009.4,-9999,23.9,22.7,24.2,23.9,22.9,22.6,93,92,93,117,0.8,0.1,N,PA,BREVES,A228,-1.680251,-50.478139,11.0
897,2019-05-30,12:00,0.0,1012.1,1012.1,1011.8,1135,28.2,23.9,28.4,26.9,24.6,23.7,85,77,78,96,5.8,2.0,N,PA,BREVES,A228,-1.680251,-50.478139,11.0
898,2019-05-30,16:00,0.8,1010.6,1011.3,1010.4,2186,27.6,24.6,32.2,27.6,24.6,22.9,84,59,84,138,4.7,1.0,N,PA,BREVES,A228,-1.680251,-50.478139,11.0
899,2019-05-30,20:00,0.0,1007.6,1007.6,1007.1,893,28.9,24.9,30.2,28.9,25.2,23.2,79,68,79,47,4.7,1.5,N,PA,BREVES,A228,-1.680251,-50.478139,11.0
900,2019-05-31,00:00,8.8,1011.0,1011.0,1010.4,-9999,24.1,22.9,25.4,23.9,23.8,22.5,93,90,93,46,9.0,0.6,N,PA,BREVES,A228,-1.680251,-50.478139,11.0
901,2019-05-31,04:00,0.0,1011.2,1011.6,1011.2,-9999,24.3,23.2,24.4,24.2,23.2,23.0,94,93,94,212,0.8,0.2,N,PA,BREVES,A228,-1.680251,-50.478139,11.0
902,2019-05-31,08:00,0.0,1009.3,1009.3,1009.2,-9999,23.4,22.3,23.7,23.4,22.6,22.3,94,94,94,98,0.6,0.3,N,PA,BREVES,A228,-1.680251,-50.478139,11.0
903,2019-05-31,12:00,0.0,1012.0,1012.0,1011.2,1161,28.4,24.9,28.4,26.3,25.2,23.8,88,80,82,102,4.5,1.1,N,PA,BREVES,A228,-1.680251,-50.478139,11.0
904,2019-05-31,16:00,0.0,1010.3,1011.4,1010.3,1581,30.2,24.5,30.6,28.9,25.8,24.1,81,69,72,74,3.1,1.7,N,PA,BREVES,A228,-1.680251,-50.478139,11.0
905,2019-05-31,20:00,0.0,1007.7,1007.8,1007.3,622,29.2,24.1,30.6,29.2,25.1,23.5,77,67,74,84,3.8,1.2,N,PA,BREVES,A228,-1.680251,-50.478139,11.0
906,2019-06-01,00:00,0.6,1011.7,1011.7,1010.7,-9999,25.1,23.8,25.2,25.0,23.9,23.6,93,92,93,1,1.5,0.4,N,PA,BREVES,A228,-1.680251,-50.478139,11.0
907,2019-06-01,04:00,0.0,1011.6,1012.1,1011.6,-9999,24.0,22.9,24.0,23.9,22.9,22.7,94,93,94,338,1.8,0.6,N,PA,BREVES,A228,-1.680251,-50.478139,11.0
908,2019-06-01,08:00,0.0,1010.0,1010.1,1010.0,-9999,23.8,22.7,23.9,23.7,22.8,22.7,94,94,94,297,0.8,0.3,N,PA,BREVES,A228,-1.680251,-50.478139,11.0
909,2019-06-01,12:00,0.0,1011.8,1011.8,1011.0,962,27.2,23.9,27.6,25.9,25.0,23.9,93,82,82,72,3.3,1.8,N,PA,BREVES,A228,-1.680251,-50.478139,11.0
910,2019-06-01,16:00,0.0,1010.0,1011.1,1010.0,2261,31.0,24.2,31.7,30.4,25.1,23.1,71,62,67,124,4.0,0.9,N,PA,BREVES,A228,-1.680251,-50.478139,11.0
911,2019-06-01,20:00,0.0,1007.2,1007.4,1007.2,934,29.0,23.9,30.0,28.8,25.2,23.7,80,72,74,49,3.8,1.5,N,PA,BREVES,A228,-1.680251,-50.478139,11.0
912,2019-06-02,00:00,7.2,1012.2,1012.9,1010.6,-9999,22.7,21.4,25.8,22.7,23.8,21.2,92,84,92,75,5.2,2.1,N,PA,BREVES,A228,-1.680251,-50.478139,11.0
913,2019-06-02,04:00,0.0,1011.7,1012.3,1011.7,-9999,23.3,22.1,23.5,23.3,22.3,22.1,94,93,93,38,2.4,1.2,N,PA,BREVES,A228,-1.680251,-50.478139,11.0
914,2019-06-02,08:00,0.0,1010.0,1010.0,1009.7,-9999,22.3,21.3,22.5,22.3,21.4,21.3,94,93,94,92,0.8,0.4,N,PA,BREVES,A228,-1.680251,-50.478139,11.0
915,2019-06-02,12:00,0.0,1012.3,1012.3,1011.7,1278,27.8,24.8,27.8,24.7,24.8,22.7,90,81,84,348,2.6,0.7,N,PA,BREVES,A228,-1.680251,-50.478139,11.0
916,2019-06-02,16:00,0.0,1010.7,1011.4,1010.7,2314,30.4,24.3,31.7,30.4,25.0,22.9,71,62,70,127,3.7,0.9,N,PA,BREVES,A228,-1.680251,-50.478139,11.0
917,2019-06-02,20:00,0.0,1008.4,1008.4,1008.0,913,30.5,23.7,32.0,30.5,25.1,22.5,68,58,67,144,3.8,0.6,N,PA,BREVES,A228,-1.680251,-50.478139,11.0
918,2019-06-03,00:00,0.0,1010.8,1010.8,1010.3,-9999,26.4,24.4,26.4,25.8,24.4,24.1,90,89,89,74,5.1,2.0,N,PA,BREVES,A228,-1.680251,-50.478139,11.0
919,2019-06-03,04:00,0.0,1012.1,1012.1,1011.9,-9999,24.9,23.2,25.5,24.9,23.4,23.0,91,86,91,86,3.9,0.3,N,PA,BREVES,A228,-1.680251,-50.478139,11.0
920,2019-06-03,08:00,0.0,1011.6,1011.7,1011.4,-9999,24.3,23.1,24.5,24.3,23.2,23.0,93,92,93,1,0.9,0.3,N,PA,BREVES,A228,-1.680251,-50.478139,11.0
921,2019-06-03,12:00,0.0,1014.6,1014.6,1013.7,694,27.1,24.0,27.1,26.0,24.2,23.6,88,83,83,103,1.8,0.8,N,PA,BREVES,A228,-1.680251,-50.478139,11.0
922,2019-06-03,16:00,0.2,1012.9,1014.1,1012.9,3037,32.0,23.1,32.9,30.7,24.9,22.2,68,56,59,111,5.0,1.0,N,PA,BREVES,A228,-1.680251,-50.478139,11.0
923,2019-06-03,20:00,0.0,1010.2,1010.2,1009.6,1146,31.4,21.8,32.7,31.4,23.4,21.6,60,53,57,126,4.2,1.2,N,PA,BREVES,A228,-1.680251,-50.478139,11.0
924,2019-06-04,00:00,0.0,1013.2,1013.2,1012.4,-9999,25.1,22.5,25.8,25.1,22.9,22.4,86,84,86,33,3.5,0.7,N,PA,BREVES,A228,-1.680251,-50.478139,11.0
925,2019-06-04,04:00,0.0,1013.6,1014.4,1013.6,-9999,23.8,22.5,24.1,23.8,22.7,22.4,92,92,92,56,1.2,0.5,N,PA,BREVES,A228,-1.680251,-50.478139,11.0
926,2019-06-04,08:00,0.0,1012.6,1012.6,1012.4,-9999,23.3,22.2,23.3,23.2,22.2,22.0,93,93,93,50,1.4,0.4,N,PA,BREVES,A228,-1.680251,-50.478139,11.0
927,2019-06-04,12:00,0.0,1014.7,1014.7,1014.0,1253,28.2,23.6,28.3,26.3,24.2,23.2,85,76,76,65,3.7,1.8,N,PA,BREVES,A228,-1.680251,-50.478139,11.0
928,2019-06-04,16:00,0.0,1012.9,1013.9,1012.9,2670,32.6,23.0,33.0,31.4,24.7,22.3,66,56,57,109,5.1,1.2,N,PA,BREVES,A228,-1.680251,-50.478139,11.0
929,2019-06-04,20:00,0.0,1009.7,1010.2,1009.7,1041,32.0,22.4,33.4,31.7,24.7,22.4,66,54,57,157,3.6,0.9,N,PA,BREVES,A228,-1.680251,-50.478139,11.0
930,2019-06-05,00:00,0.0,1012.1,1012.1,1011.0,-9999,25.9,23.5,26.5,25.9,23.7,23.3,87,83,87,74,1.9,0.9,N,PA,BREVES,A228,-1.680251,-50.478139,11.0
931,2019-06-05,04:00,0.0,1012.4,1013.1,1012.4,-9999,24.8,23.0,25.0,24.8,23.1,23.0,90,89,90,65,1.5,0.7,N,PA,BREVES,A228,-1.680251,-50.478139,11.0
932,2019-06-05,08:00,0.0,1011.4,1011.7,1011.4,-9999,24.4,23.2,24.5,24.3,23.2,23.1,93,92,93,32,0.9,0.5,N,PA,BREVES,A228,-1.680251,-50.478139,11.0
933,2019-06-05,12:00,0.0,1013.3,1013.4,1012.8,1110,28.2,23.9,28.6,27.3,24.5,23.7,83,76,77,63,4.3,2.0,N,PA,BREVES,A228,-1.680251,-50.478139,11.0
934,2019-06-05,16:00,0.0,1011.5,1012.7,1011.5,2864,32.8,22.6,33.1,31.4,24.7,22.6,65,54,55,84,4.0,1.8,N,PA,BREVES,A228,-1.680251,-50.478139,11.0
935,2019-06-05,20:00,0.0,1009.1,1009.1,1008.7,703,30.5,23.0,33.2,30.5,24.1,21.2,69,50,64,124,3.4,0.7,N,PA,BREVES,A228,-1.680251,-50.478139,11.0
936,2019-06-06,00:00,0.0,1011.8,1011.8,1010.8,-9999,26.0,23.0,26.8,26.0,23.1,22.8,84,79,84,40,2.9,1.0,N,PA,BREVES,A228,-1.680251,-50.478139,11.0
937,2019-06-06,04:00,0.0,1012.3,1012.7,1012.2,-9999,24.7,22.7,25.0,24.7,22.9,22.7,88,88,88,72,3.1,1.0,N,PA,BREVES,A228,-1.680251,-50.478139,11.0
938,2019-06-06,08:00,0.0,1011.3,1011.4,1011.2,-9999,24.2,22.8,24.3,24.1,22.8,22.6,92,91,92,147,1.5,0.4,N,PA,BREVES,A228,-1.680251,-50.478139,11.0
939,2019-06-06,12:00,0.0,1012.5,1012.5,1012.1,836,27.7,24.3,27.7,25.6,24.3,23.2,87,81,82,87,3.7,1.6,N,PA,BREVES,A228,-1.680251,-50.478139,11.0
940,2019-06-06,16:00,0.0,1010.6,1011.6,1010.6,1393,28.2,24.0,28.2,26.3,24.4,22.9,87,77,78,74,2.3,0.6,N,PA,BREVES,A228,-1.680251,-50.478139,11.0
941,2019-06-06,20:00,0.0,1007.9,1008.2,1007.9,471,29.0,25.0,29.6,28.9,25.5,24.5,79,74,79,263,2.2,0.4,N,PA,BREVES,A228,-1.680251,-50.478139,11.0
942,2019-06-07,00:00,0.0,1010.5,1010.5,1010.1,-9999,24.4,23.0,24.4,23.8,23.0,22.3,92,91,92,31,2.7,0.8,N,PA,BREVES,A228,-1.680251,-50.478139,11.0
943,2019-06-07,04:00,1.4,1011.7,1012.1,1011.5,-9999,23.3,22.2,23.4,23.2,22.3,22.0,94,93,94,101,2.6,0.9,N,PA,BREVES,A228,-1.680251,-50.478139,11.0
944,2019-06-07,08:00,1.0,1011.4,1011.4,1011.3,-9999,23.2,21.9,23.2,23.0,22.0,21.8,93,93,93,79,3.5,0.8,N,PA,BREVES,A228,-1.680251,-50.478139,11.0
945,2019-06-07,12:00,0.0,1012.4,1012.4,1012.1,842,25.9,23.2,26.1,23.7,23.9,22.4,92,84,85,29,2.3,0.8,N,PA,BREVES,A228,-1.680251,-50.478139,11.0
946,2019-06-07,16:00,0.0,1010.2,1011.0,1010.2,2477,30.6,23.2,31.7,30.1,25.4,22.8,73,62,65,124,4.3,1.3,N,PA,BREVES,A228,-1.680251,-50.478139,11.0
947,2019-06-07,20:00,0.0,1008.0,1008.0,1007.5,869,29.9,23.5,32.3,29.9,24.0,22.0,71,56,69,125,3.5,0.7,N,PA,BREVES,A228,-1.680251,-50.478139,11.0
948,2019-06-08,00:00,17.6,1012.5,1012.5,1010.5,-9999,24.1,22.8,25.9,24.0,23.5,22.7,93,85,93,103,8.1,2.8,N,PA,BREVES,A228,-1.680251,-50.478139,11.0
949,2019-06-08,04:00,1.8,1012.1,1013.1,1012.1,-9999,23.5,22.1,23.6,23.4,22.4,22.1,93,92,92,133,3.0,0.7,N,PA,BREVES,A228,-1.680251,-50.478139,11.0
950,2019-06-08,08:00,0.6,1011.9,1012.0,1011.1,-9999,22.8,21.6,23.0,22.8,21.8,21.5,93,93,93,76,2.9,1.2,N,PA,BREVES,A228,-1.680251,-50.478139,11.0
951,2019-06-08,12:00,0.0,1012.8,1012.9,1012.5,1254,27.4,23.3,27.5,25.4,23.7,22.2,86,77,78,94,1.9,0.7,N,PA,BREVES,A228,-1.680251,-50.478139,11.0
952,2019-06-08,16:00,0.0,1011.7,1012.4,1011.7,3082,31.6,23.1,32.0,30.9,24.8,21.9,67,56,61,172,5.1,1.3,N,PA,BREVES,A228,-1.680251,-50.478139,11.0
953,2019-06-08,20:00,0.0,1010.3,1010.4,1009.9,841,30.4,23.8,31.0,30.2,24.8,23.0,71,64,68,150,2.4,0.6,N,PA,BREVES,A228,-1.680251,-50.478139,11.0
954,2019-06-09,00:00,0.0,1012.2,1012.4,1012.2,-9999,25.7,23.2,26.4,25.7,23.6,23.2,86,84,86,59,4.8,0.8,N,PA,BREVES,A228,-1.680251,-50.478139,11.0
955,2019-06-09,04:00,0.0,1012.6,1012.7,1012.6,-9999,24.8,23.3,24.8,24.6,23.4,23.2,93,91,91,32,0.9,0.3,N,PA,BREVES,A228,-1.680251,-50.478139,11.0
956,2019-06-09,08:00,0.0,1011.7,1011.9,1011.7,-9999,24.3,23.1,24.4,24.3,23.2,23.1,93,93,93,49,2.6,0.6,N,PA,BREVES,A228,-1.680251,-50.478139,11.0
957,2019-06-09,12:00,0.0,1013.6,1013.6,1013.1,1218,28.4,23.9,28.6,26.3,24.6,23.6,86,75,77,105,3.7,1.3,N,PA,BREVES,A228,-1.680251,-50.478139,11.0
958,2019-06-09,16:00,0.0,1011.8,1012.7,1011.8,2369,32.1,23.4,32.4,31.1,24.9,22.2,67,58,60,164,3.3,0.8,N,PA,BREVES,A228,-1.680251,-50.478139,11.0
959,2019-06-09,20:00,0.0,1009.6,1009.6,1009.3,1178,31.8,22.4,32.6,31.8,23.0,21.5,58,52,57,184,3.4,0.7,N,PA,BREVES,A228,-1.680251,-50.478139,11.0
960,2019-06-10,00:00,0.0,1012.5,1012.6,1011.6,-9999,26.8,23.2,27.7,26.8,24.0,23.2,82,78,81,55,4.3,1.5,N,PA,BREVES,A228,-1.680251,-50.478139,11.0
961,2019-06-10,04:00,0.0,1013.4,1013.4,1013.1,-9999,24.7,22.9,25.1,24.7,23.0,22.8,90,87,90,88,2.4,0.6,N,PA,BREVES,A228,-1.680251,-50.478139,11.0
962,2019-06-10,08:00,1.2,1011.9,1011.9,1011.5,-9999,24.0,22.8,24.1,23.8,22.9,22.6,93,93,93,135,3.2,0.5,N,PA,BREVES,A228,-1.680251,-50.478139,11.0
963,2019-06-10,12:00,0.0,1013.5,1013.5,1013.2,1109,27.9,24.2,28.2,25.6,24.9,23.8,90,78,80,70,3.5,1.3,N,PA,BREVES,A228,-1.680251,-50.478139,11.0
964,2019-06-10,16:00,0.0,1011.6,1012.3,1011.6,2338,31.7,22.5,32.4,30.6,25.5,22.4,72,56,58,131,3.5,1.2,N,PA,BREVES,A228,-1.680251,-50.478139,11.0
965,2019-06-10,20:00,0.0,1008.9,1009.0,1008.8,1185,31.3,22.6,32.4,31.3,23.7,21.7,62,55,60,157,3.5,0.8,N,PA,BREVES,A228,-1.680251,-50.478139,11.0
966,2019-06-11,00:00,0.0,1011.8,1011.8,1010.5,-9999,26.8,23.7,26.9,26.0,24.5,23.7,90,83,83,59,4.4,1.2,N,PA,BREVES,A228,-1.680251,-50.478139,11.0
967,2019-06-11,04:00,0.2,1011.9,1012.8,1011.9,-9999,24.6,23.0,25.6,24.6,23.6,22.9,90,88,90,79,4.1,0.9,N,PA,BREVES,A228,-1.680251,-50.478139,11.0
968,2019-06-11,08:00,0.0,1011.0,1011.2,1010.3,-9999,24.3,22.9,24.4,24.3,23.0,22.8,92,91,92,33,1.9,0.5,N,PA,BREVES,A228,-1.680251,-50.478139,11.0
969,2019-06-11,12:00,0.0,1013.0,1013.0,1012.5,947,27.4,23.1,27.4,25.4,23.5,22.9,88,77,77,75,3.3,1.7,N,PA,BREVES,A228,-1.680251,-50.478139,11.0
970,2019-06-11,16:00,0.0,1011.2,1012.1,1011.2,2569,31.5,22.8,32.0,30.1,24.7,22.1,68,57,60,114,4.9,1.5,N,PA,BREVES,A228,-1.680251,-50.478139,11.0
971,2019-06-11,20:00,0.0,1008.5,1008.7,1008.4,1406,31.5,23.1,32.1,31.1,24.9,21.9,69,56,61,131,3.1,0.8,N,PA,BREVES,A228,-1.680251,-50.478139,11.0
972,2019-06-12,00:00,0.0,1011.4,1011.4,1010.9,-9999,25.9,23.9,26.5,25.9,24.1,23.6,88,85,88,63,1.1,0.4,N,PA,BREVES,A228,-1.680251,-50.478139,11.0
973,2019-06-12,04:00,0.0,1011.6,1012.1,1011.6,-9999,24.6,22.5,25.2,24.6,22.8,22.4,88,87,88,70,3.0,0.9,N,PA,BREVES,A228,-1.680251,-50.478139,11.0
974,2019-06-12,08:00,0.0,1010.7,1010.7,1010.5,-9999,24.2,22.6,24.3,24.0,22.7,22.5,92,90,90,62,2.1,0.5,N,PA,BREVES,A228,-1.680251,-50.478139,11.0
975,2019-06-12,12:00,0.0,1013.0,1013.1,1012.6,797,25.9,23.7,25.9,24.8,24.0,23.4,93,87,88,63,3.2,1.4,N,PA,BREVES,A228,-1.680251,-50.478139,11.0
976,2019-06-12,16:00,0.2,1011.1,1012.1,1011.0,2300,30.8,24.0,31.9,30.2,25.8,23.6,73,63,67,114,4.1,1.2,N,PA,BREVES,A228,-1.680251,-50.478139,11.0
977,2019-06-12,20:00,0.0,1009.4,1009.6,1009.4,484,28.7,24.7,29.6,28.7,24.9,24.2,80,73,79,59,3.0,0.9,N,PA,BREVES,A228,-1.680251,-50.478139,11.0
978,2019-06-13,00:00,0.0,1013.1,1013.5,1011.9,-9999,23.9,21.6,26.2,23.9,24.2,21.5,90,80,87,221,6.4,1.8,N,PA,BREVES,A228,-1.680251,-50.478139,11.0
979,2019-06-13,04:00,0.0,1012.7,1013.3,1012.7,-9999,24.2,23.1,24.2,24.0,23.1,22.9,94,93,94,215,1.0,0.2,N,PA,BREVES,A228,-1.680251,-50.478139,11.0
980,2019-06-13,08:00,0.0,1011.3,1011.4,1011.3,-9999,24.0,22.9,24.0,23.8,22.9,22.7,94,94,94,75,0.9,0.4,N,PA,BREVES,A228,-1.680251,-50.478139,11.0
981,2019-06-13,12:00,0.0,1013.3,1013.3,1013.0,1304,27.9,24.1,27.9,25.1,25.0,23.8,93,79,80,91,3.3,1.7,N,PA,BREVES,A228,-1.680251,-50.478139,11.0
982,2019-06-13,16:00,0.0,1011.8,1012.9,1011.8,2311,31.9,24.4,32.3,30.0,25.9,23.4,75,60,65,146,3.6,1.2,N,PA,BREVES,A228,-1.680251,-50.478139,11.0
983,2019-06-13,20:00,0.0,1009.6,1009.8,1009.1,557,29.7,24.9,32.6,29.7,24.9,23.0,76,58,76,115,2.6,0.6,N,PA,BREVES,A228,-1.680251,-50.478139,11.0
984,2019-06-14,00:00,0.8,1012.3,1012.3,1011.7,-9999,26.1,24.1,27.0,26.1,24.8,24.0,89,86,89,26,3.7,1.4,N,PA,BREVES,A228,-1.680251,-50.478139,11.0
985,2019-06-14,04:00,0.0,1012.9,1013.5,1012.9,-9999,23.7,22.5,23.8,23.7,22.6,22.5,93,93,93,68,2.7,0.4,N,PA,BREVES,A228,-1.680251,-50.478139,11.0
986,2019-06-14,08:00,0.0,1011.5,1011.5,1011.2,-9999,23.8,22.7,23.8,23.6,22.7,22.6,94,94,94,254,1.1,0.1,N,PA,BREVES,A228,-1.680251,-50.478139,11.0
987,2019-06-14,12:00,0.0,1013.2,1013.3,1012.9,1333,28.0,24.1,28.3,25.9,25.1,23.0,87,79,79,83,3.2,1.5,N,PA,BREVES,A228,-1.680251,-50.478139,11.0
988,2019-06-14,16:00,0.0,1011.7,1012.7,1011.7,1775,31.0,24.9,31.4,30.0,25.5,23.8,74,66,70,206,3.3,0.7,N,PA,BREVES,A228,-1.680251,-50.478139,11.0
989,2019-06-14,20:00,0.0,1008.9,1008.9,1008.3,1312,31.2,23.3,32.5,31.2,24.4,22.7,65,57,63,158,3.6,0.9,N,PA,BREVES,A228,-1.680251,-50.478139,11.0
990,2019-06-15,00:00,0.0,1012.0,1012.0,1011.6,-9999,26.0,24.2,26.2,26.0,24.3,24.1,91,89,90,179,0.9,0.3,N,PA,BREVES,A228,-1.680251,-50.478139,11.0
991,2019-06-15,04:00,5.6,1012.8,1013.0,1012.3,-9999,24.1,22.8,25.5,24.0,23.7,22.6,92,89,92,137,8.8,1.4,N,PA,BREVES,A228,-1.680251,-50.478139,11.0
992,2019-06-15,08:00,0.0,1011.0,1011.0,1010.7,-9999,23.4,22.3,23.6,23.4,22.5,22.2,94,93,94,138,0.7,0.2,N,PA,BREVES,A228,-1.680251,-50.478139,11.0
993,2019-06-15,12:00,0.0,1013.0,1013.0,1012.2,840,26.8,24.2,26.9,25.5,24.4,23.4,89,85,86,65,3.4,1.3,N,PA,BREVES,A228,-1.680251,-50.478139,11.0
994,2019-06-15,16:00,0.0,1011.3,1012.4,1011.3,2082,30.6,24.0,31.5,29.1,26.4,23.5,81,65,68,110,5.5,1.6,N,PA,BREVES,A228,-1.680251,-50.478139,11.0
995,2019-06-15,20:00,0.0,1009.4,1009.5,1009.1,551,29.1,23.9,32.1,29.1,24.3,22.5,74,60,74,144,5.3,0.6,N,PA,BREVES,A228,-1.680251,-50.478139,11.0
996,2019-06-16,00:00,0.0,1013.0,1013.0,1012.2,-9999,24.6,22.9,24.7,24.6,23.2,22.9,91,90,90,95,5.3,2.3,N,PA,BREVES,A228,-1.680251,-50.478139,11.0
997,2019-06-16,04:00,4.4,1012.8,1014.0,1012.8,-9999,23.9,22.7,24.0,23.8,22.7,22.5,93,92,93,54,7.1,0.2,N,PA,BREVES,A228,-1.680251,-50.478139,11.0
998,2019-06-16,08:00,0.0,1011.5,1011.5,1011.4,-9999,23.9,22.8,24.0,23.9,22.9,22.8,93,93,93,149,1.1,0.3,N,PA,BREVES,A228,-1.680251,-50.478139,11.0
999,2019-06-16,12:00,0.0,1013.7,1013.7,1013.4,1432,28.0,24.1,28.1,26.4,24.8,23.7,87,78,79,116,4.6,1.8,N,PA,BREVES,A228,-1.680251,-50.478139,11.0
1000,2019-06-16,16:00,0.2,1012.5,1013.4,1012.5,3033,32.3,22.6,32.3,30.7,24.6,22.0,66,56,57,100,6.2,1.7,N,PA,BREVES,A228,-1.680251,-50.478139,11.0
1001,2019-06-16,20:00,0.0,1010.4,1010.4,1010.2,1372,31.2,22.7,32.0,31.2,23.1,21.4,61,54,61,120,5.2,1.2,N,PA,BREVES,A228,-1.680251,-50.478139,11.0
1002,2019-06-17,00:00,0.0,1012.7,1012.7,1011.8,-9999,24.9,23.5,25.4,24.7,23.6,23.1,92,89,92,137,0.5,0.2,N,PA,BREVES,A228,-1.680251,-50.478139,11.0
1003,2019-06-17,04:00,0.0,1012.8,1013.4,1012.8,-9999,23.8,22.6,24.0,23.7,22.8,22.5,93,93,93,63,0.5,0.3,N,PA,BREVES,A228,-1.680251,-50.478139,11.0
1004,2019-06-17,08:00,0.0,1011.8,1011.8,1011.7,-9999,23.3,22.1,23.5,23.3,22.3,22.1,93,93,93,80,1.1,0.6,N,PA,BREVES,A228,-1.680251,-50.478139,11.0
1005,2019-06-17,12:00,0.0,1013.8,1014.0,1013.6,1175,28.0,23.9,28.1,25.9,24.5,23.4,87,78,78,99,5.2,1.5,N,PA,BREVES,A228,-1.680251,-50.478139,11.0
1006,2019-06-17,16:00,0.0,1012.2,1012.8,1012.2,2534,32.1,22.5,33.1,31.1,25.3,21.8,70,53,57,112,4.5,1.5,N,PA,BREVES,A228,-1.680251,-50.478139,11.0
1007,2019-06-17,20:00,0.0,1010.0,1010.0,1009.9,1358,32.1,21.3,33.0,32.1,22.4,20.3,54,48,53,145,4.2,1.0,N,PA,BREVES,A228,-1.680251,-50.478139,11.0
1008,2019-06-18,00:00,0.0,1012.6,1012.7,1011.7,-9999,25.8,23.9,26.0,25.6,24.0,23.5,90,86,89,40,0.9,0.2,N,PA,BREVES,A228,-1.680251,-50.478139,11.0
1009,2019-06-18,04:00,0.0,1013.6,1013.8,1013.5,-9999,25.3,23.3,25.4,25.2,23.4,23.3,90,88,89,66,2.7,1.0,N,PA,BREVES,A228,-1.680251,-50.478139,11.0
1010,2019-06-18,08:00,0.0,1012.3,1012.3,1011.9,-9999,24.7,23.2,24.9,24.7,23.4,23.1,91,91,91,95,2.4,0.5,N,PA,BREVES,A228,-1.680251,-50.478139,11.0
1011,2019-06-18,12:00,0.0,1013.8,1013.9,1013.6,1364,28.2,22.9,28.2,26.4,23.7,22.5,83,73,73,86,4.7,1.5,N,PA,BREVES,A228,-1.680251,-50.478139,11.0
1012,2019-06-18,16:00,0.0,1012.2,1012.9,1012.2,2148,32.0,23.6,32.4,30.7,25.3,22.7,70,60,61,177,4.5,1.3,N,PA,BREVES,A228,-1.680251,-50.478139,11.0
1013,2019-06-18,20:00,0.0,1009.3,1009.4,1009.1,1362,31.7,22.1,32.6,31.5,23.2,21.7,60,52,57,149,5.0,0.9,N,PA,BREVES,A228,-1.680251,-50.478139,11.0
1014,2019-06-19,00:00,0.0,1012.0,1012.0,1011.2,-9999,25.6,23.6,26.3,25.6,23.8,23.5,89,86,89,98,1.2,0.3,N,PA,BREVES,A228,-1.680251,-50.478139,11.0
1015,2019-06-19,04:00,0.0,1013.7,1013.7,1013.5,-9999,23.9,22.6,23.9,23.2,22.6,22.1,94,92,93,86,3.4,1.1,N,PA,BREVES,A228,-1.680251,-50.478139,11.0
1016,2019-06-19,08:00,0.0,1012.7,1012.7,1012.3,-9999,23.2,22.1,23.4,23.2,22.3,22.1,94,93,94,125,1.1,0.2,N,PA,BREVES,A228,-1.680251,-50.478139,11.0
1017,2019-06-19,12:00,0.0,1014.8,1014.8,1014.3,1275,27.7,24.1,27.7,25.8,24.5,23.6,89,81,81,103,4.8,1.8,N,PA,BREVES,A228,-1.680251,-50.478139,11.0
1018,2019-06-19,16:00,0.0,1013.5,1014.3,1013.4,3326,31.9,22.3,32.1,31.3,24.1,22.1,65,57,57,91,5.9,2.1,N,PA,BREVES,A228,-1.680251,-50.478139,11.0
1019,2019-06-19,20:00,0.0,1011.0,1011.2,1011.0,1382,31.2,22.2,32.0,31.0,24.0,21.8,63,56,59,125,4.1,0.9,N,PA,BREVES,A228,-1.680251,-50.478139,11.0
1020,2019-06-20,00:00,0.0,1012.9,1012.9,1012.2,-9999,24.6,23.0,25.2,24.6,23.3,22.9,91,88,91,93,0.5,0.1,N,PA,BREVES,A228,-1.680251,-50.478139,11.0
1021,2019-06-20,04:00,0.0,1013.5,1013.9,1013.5,-9999,23.9,22.6,24.6,23.9,22.7,22.5,92,88,92,143,2.2,0.2,N,PA,BREVES,A228,-1.680251,-50.478139,11.0
1022,2019-06-20,08:00,0.0,1012.7,1012.7,1012.5,-9999,23.5,22.3,23.7,23.3,22.5,22.2,94,92,93,205,2.9,0.4,N,PA,BREVES,A228,-1.680251,-50.478139,11.0
1023,2019-06-20,12:00,0.0,1014.6,1014.6,1013.9,1313,28.4,24.0,28.4,26.2,24.0,22.8,85,76,77,98,3.6,1.4,N,PA,BREVES,A228,-1.680251,-50.478139,11.0
1024,2019-06-20,16:00,0.0,1013.2,1014.1,1013.2,2433,32.2,22.7,32.6,30.0,24.7,21.5,71,52,57,141,5.1,1.3,N,PA,BREVES,A228,-1.680251,-50.478139,11.0
1025,2019-06-20,20:00,0.0,1010.9,1011.0,1010.9,1160,30.5,22.6,32.5,30.5,23.3,21.9,64,54,62,133,2.9,0.8,N,PA,BREVES,A228,-1.680251,-50.478139,11.0
1026,2019-06-21,00:00,0.0,1012.8,1012.8,1012.3,-9999,25.7,23.6,26.2,25.7,24.0,23.4,89,87,88,236,0.7,0.3,N,PA,BREVES,A228,-1.680251,-50.478139,11.0
1027,2019-06-21,04:00,0.0,1013.5,1013.8,1013.5,-9999,24.5,23.1,25.3,24.5,23.1,23.0,92,87,92,21,2.0,0.3,N,PA,BREVES,A228,-1.680251,-50.478139,11.0
1028,2019-06-21,08:00,0.0,1012.4,1012.5,1012.3,-9999,24.2,22.9,24.3,24.2,23.0,22.9,93,92,92,66,1.4,0.6,N,PA,BREVES,A228,-1.680251,-50.478139,11.0
1029,2019-06-21,12:00,0.0,1014.4,1014.4,1014.0,1010,27.3,23.5,27.4,25.3,24.1,22.9,88,79,80,90,3.3,1.6,N,PA,BREVES,A228,-1.680251,-50.478139,11.0
1030,2019-06-21,16:00,0.0,1013.3,1013.9,1013.3,2356,32.2,22.2,32.9,30.7,25.0,22.2,67,56,56,132,5.0,1.1,N,PA,BREVES,A228,-1.680251,-50.478139,11.0
1031,2019-06-21,20:00,0.0,1011.6,1011.6,1011.4,1348,31.6,21.2,32.5,31.5,22.6,20.7,57,50,54,148,6.5,1.2,N,PA,BREVES,A228,-1.680251,-50.478139,11.0
1032,2019-06-22,00:00,0.0,1013.7,1013.7,1012.9,-9999,25.5,23.4,26.0,25.4,23.5,23.2,89,85,89,23,0.5,0.2,N,PA,BREVES,A228,-1.680251,-50.478139,11.0
1033,2019-06-22,04:00,0.0,1015.3,1015.7,1015.3,-9999,24.7,22.7,26.1,24.7,23.1,22.7,89,83,89,69,6.7,2.5,N,PA,BREVES,A228,-1.680251,-50.478139,11.0
1034,2019-06-22,08:00,0.0,1014.1,1014.1,1013.9,-9999,23.3,22.1,23.7,23.3,22.3,22.0,93,92,93,169,0.9,0.3,N,PA,BREVES,A228,-1.680251,-50.478139,11.0
1035,2019-06-22,12:00,0.0,1015.7,1015.8,1015.6,1321,28.3,23.8,28.3,25.9,24.2,22.8,84,76,77,108,3.2,1.3,N,PA,BREVES,A228,-1.680251,-50.478139,11.0
1036,2019-06-22,16:00,0.0,1014.1,1014.8,1014.1,2804,31.5,22.5,32.6,31.2,23.9,21.7,63,55,59,129,6.0,1.2,N,PA,BREVES,A228,-1.680251,-50.478139,11.0
1037,2019-06-22,20:00,0.0,1012.4,1012.6,1012.4,1169,31.0,22.4,32.6,31.0,22.7,21.1,61,51,60,119,5.1,1.0,N,PA,BREVES,A228,-1.680251,-50.478139,11.0
1038,2019-06-23,00:00,0.0,1013.9,1013.9,1013.2,-9999,25.6,23.6,26.6,25.6,23.7,23.3,89,83,89,71,4.6,0.6,N,PA,BREVES,A228,-1.680251,-50.478139,11.0
1039,2019-06-23,04:00,0.0,1015.5,1015.9,1015.3,-9999,23.9,22.4,23.9,23.8,22.4,22.3,91,91,91,90,3.1,1.0,N,PA,BREVES,A228,-1.680251,-50.478139,11.0
1040,2019-06-23,08:00,0.0,1014.0,1014.0,1013.9,-9999,23.4,22.3,23.7,23.4,22.5,22.3,93,93,93,236,1.6,0.4,N,PA,BREVES,A228,-1.680251,-50.478139,11.0
1041,2019-06-23,12:00,0.0,1015.6,1015.6,1015.3,809,25.7,22.5,25.8,24.5,23.2,22.3,90,82,83,85,3.3,1.3,N,PA,BREVES,A228,-1.680251,-50.478139,11.0
1042,2019-06-23,16:00,0.2,1014.0,1014.9,1014.0,2780,30.5,22.8,30.9,28.4,24.4,22.6,75,63,64,153,2.6,0.9,N,PA,BREVES,A228,-1.680251,-50.478139,11.0
1043,2019-06-23,20:00,0.0,1011.2,1011.6,1011.2,1196,30.2,22.8,32.0,30.0,23.0,21.2,65,53,65,136,3.2,0.8,N,PA,BREVES,A228,-1.680251,-50.478139,11.0
1044,2019-06-24,00:00,0.0,1012.6,1012.7,1012.0,-9999,25.7,23.8,26.3,25.7,23.9,23.5,89,85,89,129,0.8,0.2,N,PA,BREVES,A228,-1.680251,-50.478139,11.0
1045,2019-06-24,04:00,0.0,1012.5,1012.9,1012.5,-9999,25.1,23.1,25.2,25.1,23.3,23.0,90,88,88,57,2.7,0.6,N,PA,BREVES,A228,-1.680251,-50.478139,11.0
1046,2019-06-24,08:00,0.0,1011.5,1011.5,1011.4,-9999,23.9,22.2,24.1,23.9,22.4,22.2,90,90,90,67,3.8,1.1,N,PA,BREVES,A228,-1.680251,-50.478139,11.0
1047,2019-06-24,12:00,0.0,1013.0,1013.0,1012.7,915,26.6,22.2,26.8,24.6,22.7,21.9,86,76,77,82,3.6,1.5,N,PA,BREVES,A228,-1.680251,-50.478139,11.0
1048,2019-06-24,16:00,0.0,1010.9,1011.8,1010.9,2359,31.9,22.1,31.9,30.5,23.3,21.1,63,55,56,132,5.2,1.1,N,PA,BREVES,A228,-1.680251,-50.478139,11.0
1049,2019-06-24,20:00,0.0,1008.7,1008.9,1008.7,990,30.7,22.7,31.4,29.1,24.0,21.8,73,58,62,166,1.9,0.6,N,PA,BREVES,A228,-1.680251,-50.478139,11.0
1050,2019-06-25,00:00,0.0,1010.6,1010.6,1009.8,-9999,24.7,23.2,25.2,24.7,23.3,23.2,91,89,91,187,0.8,0.1,N,PA,BREVES,A228,-1.680251,-50.478139,11.0
1051,2019-06-25,04:00,0.0,1011.5,1011.9,1011.5,-9999,25.1,23.2,25.4,25.1,23.5,23.2,90,88,89,43,2.7,0.7,N,PA,BREVES,A228,-1.680251,-50.478139,11.0
1052,2019-06-25,08:00,0.0,1010.3,1010.4,1009.9,-9999,24.2,22.9,24.2,24.1,23.0,22.9,93,92,93,169,2.1,0.2,N,PA,BREVES,A228,-1.680251,-50.478139,11.0
1053,2019-06-25,12:00,0.0,1012.3,1012.3,1011.8,1221,27.7,23.6,28.2,26.1,24.7,23.4,86,77,79,101,3.5,1.5,N,PA,BREVES,A228,-1.680251,-50.478139,11.0
1054,2019-06-25,16:00,0.0,1010.6,1011.5,1010.6,1691,29.6,24.6,31.8,29.4,24.6,22.5,75,59,75,144,4.2,0.7,N,PA,BREVES,A228,-1.680251,-50.478139,11.0
1055,2019-06-25,20:00,0.0,1008.1,1008.2,1008.0,1198,30.4,21.7,32.2,30.4,22.9,21.3,61,54,60,134,4.6,0.6,N,PA,BREVES,A228,-1.680251,-50.478139,11.0
1056,2019-06-26,00:00,0.0,1010.9,1010.9,1010.1,-9999,26.2,23.8,26.4,25.9,24.1,23.6,88,86,87,108,2.0,0.5,N,PA,BREVES,A228,-1.680251,-50.478139,11.0
1057,2019-06-26,04:00,0.0,1011.7,1012.2,1011.7,-9999,25.0,23.4,25.7,25.0,23.7,23.4,91,88,91,122,2.1,0.6,N,PA,BREVES,A228,-1.680251,-50.478139,11.0
1058,2019-06-26,08:00,1.8,1011.8,1011.8,1011.2,-9999,23.6,21.9,24.2,23.6,22.4,21.9,91,89,90,141,5.4,1.8,N,PA,BREVES,A228,-1.680251,-50.478139,11.0
1059,2019-06-26,12:00,0.0,1012.8,1012.8,1012.3,586,26.0,23.4,26.0,24.4,23.5,22.3,91,83,86,119,1.8,0.6,N,PA,BREVES,A228,-1.680251,-50.478139,11.0
1060,2019-06-26,16:00,0.0,1011.4,1012.2,1011.4,3188,31.9,23.4,32.1,31.0,24.6,22.3,66,58,61,126,5.2,1.4,N,PA,BREVES,A228,-1.680251,-50.478139,11.0
1061,2019-06-26,20:00,0.0,1009.1,1009.1,1008.8,998,30.4,24.1,32.8,30.2,24.5,22.9,69,58,69,157,2.8,0.7,N,PA,BREVES,A228,-1.680251,-50.478139,11.0
1062,2019-06-27,00:00,0.0,1011.5,1011.5,1010.5,-9999,25.4,23.4,25.8,25.4,23.7,23.4,89,87,89,82,0.8,0.3,N,PA,BREVES,A228,-1.680251,-50.478139,11.0
1063,2019-06-27,04:00,0.0,1012.1,1012.3,1011.9,-9999,24.4,22.8,24.9,24.4,23.5,22.8,92,90,91,80,2.4,0.3,N,PA,BREVES,A228,-1.680251,-50.478139,11.0
1064,2019-06-27,08:00,0.0,1011.2,1011.2,1010.9,-9999,23.4,22.2,23.5,23.4,22.4,22.2,93,93,93,72,1.3,0.4,N,PA,BREVES,A228,-1.680251,-50.478139,11.0
1065,2019-06-27,12:00,0.0,1012.8,1012.8,1012.3,1045,27.5,23.7,27.6,25.9,24.3,23.5,88,79,80,98,5.4,1.8,N,PA,BREVES,A228,-1.680251,-50.478139,11.0
1066,2019-06-27,16:00,0.0,1011.6,1012.4,1011.6,2320,31.8,22.7,32.2,31.4,24.3,22.2,66,55,59,120,4.3,1.1,N,PA,BREVES,A228,-1.680251,-50.478139,11.0
1067,2019-06-27,20:00,0.0,1009.4,1009.5,1009.4,982,30.2,22.8,32.6,30.2,23.9,21.9,65,55,64,120,3.2,0.6,N,PA,BREVES,A228,-1.680251,-50.478139,11.0
1068,2019-06-28,00:00,0.0,1010.9,1010.9,1010.5,-9999,25.8,22.3,26.3,25.8,22.9,22.0,83,77,81,123,2.4,0.4,N,PA,BREVES,A228,-1.680251,-50.478139,11.0
1069,2019-06-28,04:00,0.0,1011.3,1011.9,1011.3,-9999,24.2,22.6,24.3,24.0,22.7,22.5,92,90,91,79,1.6,0.7,N,PA,BREVES,A228,-1.680251,-50.478139,11.0
1070,2019-06-28,08:00,0.0,1009.9,1010.0,1009.9,-9999,23.9,22.7,24.1,23.9,23.0,22.7,93,93,93,140,0.9,0.3,N,PA,BREVES,A228,-1.680251,-50.478139,11.0
1071,2019-06-28,12:00,0.0,1012.2,1012.2,1011.7,1243,28.3,24.2,28.4,26.4,24.6,24.0,88,78,79,104,5.8,2.3,N,PA,BREVES,A228,-1.680251,-50.478139,11.0
1072,2019-06-28,16:00,0.0,1010.5,1011.5,1010.5,2419,31.5,22.8,32.5,30.7,24.7,22.8,67,58,60,134,4.1,1.3,N,PA,BREVES,A228,-1.680251,-50.478139,11.0
1073,2019-06-28,20:00,0.0,1008.6,1008.6,1008.4,1346,31.9,23.0,32.4,31.6,23.7,21.8,63,55,59,127,4.1,1.2,N,PA,BREVES,A228,-1.680251,-50.478139,11.0
1074,2019-06-29,00:00,0.0,1010.7,1010.7,1009.9,-9999,26.5,24.0,26.7,26.3,24.1,23.7,87,84,86,111,0.6,0.4,N,PA,BREVES,A228,-1.680251,-50.478139,11.0
1075,2019-06-29,04:00,0.0,1010.6,1011.4,1010.6,-9999,25.8,23.3,26.6,25.8,23.5,23.2,86,82,86,73,3.8,1.0,N,PA,BREVES,A228,-1.680251,-50.478139,11.0
1076,2019-06-29,08:00,0.2,1009.8,1009.8,1009.5,-9999,23.9,22.8,24.2,23.9,23.0,22.8,93,93,93,59,0.6,0.3,N,PA,BREVES,A228,-1.680251,-50.478139,11.0
1077,2019-06-29,12:00,0.0,1011.5,1011.5,1011.0,1318,27.9,24.3,27.9,26.0,24.8,23.7,87,81,81,96,4.8,2.0,N,PA,BREVES,A228,-1.680251,-50.478139,11.0
1078,2019-06-29,16:00,0.0,1010.0,1010.8,1010.0,3169,32.8,21.9,33.2,31.9,24.9,21.7,65,52,53,157,5.1,1.5,N,PA,BREVES,A228,-1.680251,-50.478139,11.0
1079,2019-06-29,20:00,0.0,1007.4,1007.6,1007.3,1380,32.1,22.4,33.1,32.0,23.8,21.9,59,53,56,132,5.7,1.0,N,PA,BREVES,A228,-1.680251,-50.478139,11.0
1080,2019-06-30,00:00,0.0,1010.3,1010.3,1009.1,-9999,25.6,23.8,26.1,25.6,23.9,23.6,90,87,90,93,0.8,0.3,N,PA,BREVES,A228,-1.680251,-50.478139,11.0
1081,2019-06-30,04:00,0.0,1010.8,1011.3,1010.8,-9999,25.1,23.1,25.6,25.1,23.1,23.0,88,86,88,78,3.2,0.7,N,PA,BREVES,A228,-1.680251,-50.478139,11.0
1082,2019-06-30,08:00,0.0,1009.6,1009.7,1009.5,-9999,24.1,22.9,24.1,24.0,22.9,22.8,93,93,93,93,2.0,0.6,N,PA,BREVES,A228,-1.680251,-50.478139,11.0
1083,2019-06-30,12:00,0.0,1011.5,1011.5,1011.1,1307,28.4,23.9,28.4,26.6,24.3,23.6,86,77,77,95,5.4,1.7,N,PA,BREVES,A228,-1.680251,-50.478139,11.0
1084,2019-06-30,16:00,0.0,1010.4,1011.0,1010.4,3155,32.7,21.3,32.7,31.8,23.3,20.7,60,50,51,120,7.2,2.3,N,PA,BREVES,A228,-1.680251,-50.478139,11.0
1085,2019-06-30,20:00,0.0,1008.1,1008.1,1007.9,1355,31.0,21.9,32.4,31.0,23.0,21.2,60,52,58,167,5.0,0.9,N,PA,BREVES,A228,-1.680251,-50.478139,11.0
1086,2019-07-01,00:00,0.0,1010.6,1010.6,1009.6,-9999,25.4,23.5,25.9,25.4,23.6,23.2,89,85,89,88,0.9,0.3,N,PA,BREVES,A228,-1.680251,-50.478139,11.0
1087,2019-07-01,04:00,0.0,1011.0,1011.7,1011.0,-9999,25.5,23.0,25.6,25.2,23.1,22.9,88,85,86,65,3.1,0.8,N,PA,BREVES,A228,-1.680251,-50.478139,11.0
1088,2019-07-01,08:00,0.0,1009.5,1009.5,1009.2,-9999,24.2,22.8,24.6,24.2,23.2,22.8,92,91,92,104,0.7,0.2,N,PA,BREVES,A228,-1.680251,-50.478139,11.0
1089,2019-07-01,12:00,0.0,1012.1,1012.1,1011.6,1265,28.9,24.0,28.9,26.5,24.6,23.3,84,75,75,85,3.5,1.4,N,PA,BREVES,A228,-1.680251,-50.478139,11.0
1090,2019-07-01,16:00,0.0,1010.1,1011.1,1010.1,3294,32.7,21.8,33.2,32.3,23.8,20.7,59,49,53,131,5.0,1.7,N,PA,BREVES,A228,-1.680251,-50.478139,11.0
1091,2019-07-01,20:00,0.0,1007.9,1007.9,1007.8,1310,31.9,22.3,33.1,31.9,23.1,20.9,58,49,57,157,3.5,0.9,N,PA,BREVES,A228,-1.680251,-50.478139,11.0
1092,2019-07-02,00:00,0.0,1010.1,1010.1,1009.3,-9999,25.8,23.5,26.4,25.8,23.8,23.4,87,86,87,85,1.2,0.7,N,PA,BREVES,A228,-1.680251,-50.478139,11.0
1093,2019-07-02,04:00,0.0,1009.6,1010.3,1009.6,-9999,24.7,22.8,24.8,24.7,23.0,22.7,90,89,90,355,1.3,0.2,N,PA,BREVES,A228,-1.680251,-50.478139,11.0
1094,2019-07-02,08:00,0.0,1008.7,1008.7,1008.4,-9999,24.2,22.4,24.4,24.2,22.4,22.3,90,88,90,57,1.4,0.5,N,PA,BREVES,A228,-1.680251,-50.478139,11.0
1095,2019-07-02,12:00,0.0,1010.5,1010.5,1010.0,1297,28.5,23.5,28.7,26.1,23.7,23.0,85,72,74,98,4.7,1.7,N,PA,BREVES,A228,-1.680251,-50.478139,11.0
1096,2019-07-02,16:00,0.0,1009.2,1010.0,1009.2,2516,31.8,21.8,32.9,31.3,24.1,21.6,64,54,55,103,6.7,1.7,N,PA,BREVES,A228,-1.680251,-50.478139,11.0
1097,2019-07-02,20:00,0.0,1006.7,1006.7,1006.5,1180,32.5,20.8,32.9,31.6,22.8,19.5,57,47,50,169,3.3,0.6,N,PA,BREVES,A228,-1.680251,-50.478139,11.0
1098,2019-07-03,00:00,0.0,1009.8,1009.8,1009.1,-9999,26.3,22.7,27.3,26.3,23.0,22.4,81,76,81,53,4.0,0.8,N,PA,BREVES,A228,-1.680251,-50.478139,11.0
1099,2019-07-03,04:00,0.0,1010.1,1010.9,1010.1,-9999,23.4,22.2,23.4,23.3,22.2,22.0,93,92,93,100,3.5,0.7,N,PA,BREVES,A228,-1.680251,-50.478139,11.0
1100,2019-07-03,08:00,0.0,1009.3,1009.3,1008.8,-9999,23.5,22.3,23.6,23.5,22.4,22.3,93,92,93,171,2.9,0.3,N,PA,BREVES,A228,-1.680251,-50.478139,11.0
1101,2019-07-03,12:00,0.0,1010.6,1010.6,1010.4,1351,27.0,23.1,27.1,25.1,24.0,22.5,86,79,79,91,4.5,2.2,N,PA,BREVES,A228,-1.680251,-50.478139,11.0
1102,2019-07-03,16:00,0.0,1010.2,1010.9,1010.2,3399,32.0,22.6,32.5,31.2,24.6,22.0,64,55,58,94,6.2,2.3,N,PA,BREVES,A228,-1.680251,-50.478139,11.0
1103,2019-07-03,20:00,0.0,1008.3,1008.3,1008.0,1060,27.8,24.5,29.2,26.7,25.2,23.5,87,72,82,75,2.0,0.9,N,PA,BREVES,A228,-1.680251,-50.478139,11.0
1104,2019-07-04,00:00,0.0,1010.6,1010.7,1010.2,-9999,25.3,22.9,26.0,25.3,23.3,22.9,88,84,87,73,2.5,1.1,N,PA,BREVES,A228,-1.680251,-50.478139,11.0
1105,2019-07-04,04:00,0.0,1010.5,1010.8,1010.5,-9999,23.8,22.6,24.1,23.8,22.8,22.6,93,92,93,83,1.6,0.6,N,PA,BREVES,A228,-1.680251,-50.478139,11.0
1106,2019-07-04,08:00,0.0,1009.6,1009.6,1009.5,-9999,23.4,22.3,23.9,23.4,22.7,22.3,93,93,93,63,1.0,0.2,N,PA,BREVES,A228,-1.680251,-50.478139,11.0
1107,2019-07-04,12:00,0.0,1011.7,1011.7,1011.1,1281,27.7,23.6,28.1,25.9,24.4,23.3,86,77,78,96,4.5,2.0,N,PA,BREVES,A228,-1.680251,-50.478139,11.0
1108,2019-07-04,16:00,0.0,1011.1,1011.9,1011.1,3451,31.2,22.7,32.1,30.9,24.2,22.1,66,57,60,77,6.2,2.3,N,PA,BREVES,A228,-1.680251,-50.478139,11.0
1109,2019-07-04,20:00,0.0,1008.6,1009.0,1008.6,1076,29.8,23.6,32.3,29.8,24.6,22.4,70,58,70,101,3.1,0.7,N,PA,BREVES,A228,-1.680251,-50.478139,11.0
1110,2019-07-05,00:00,0.0,1011.6,1011.6,1010.3,-9999,26.5,23.8,26.5,25.8,24.2,23.8,90,85,85,87,4.2,1.7,N,PA,BREVES,A228,-1.680251,-50.478139,11.0
1111,2019-07-05,04:00,0.0,1013.0,1013.0,1012.6,-9999,24.4,22.8,24.8,24.4,23.0,22.7,91,89,91,48,2.3,0.5,N,PA,BREVES,A228,-1.680251,-50.478139,11.0
1112,2019-07-05,08:00,0.0,1012.4,1012.4,1012.2,-9999,24.1,23.0,24.2,24.1,23.0,22.8,93,93,93,91,1.0,0.3,N,PA,BREVES,A228,-1.680251,-50.478139,11.0
1113,2019-07-05,12:00,0.0,1014.5,1014.5,1014.0,1306,28.0,23.9,28.1,26.3,24.6,23.4,86,78,78,100,4.3,2.0,N,PA,BREVES,A228,-1.680251,-50.478139,11.0
1114,2019-07-05,16:00,0.0,1013.3,1013.9,1013.3,2531,31.9,23.1,32.0,30.5,24.3,22.5,71,59,60,163,4.2,1.4,N,PA,BREVES,A228,-1.680251,-50.478139,11.0
1115,2019-07-05,20:00,0.0,1011.3,1011.6,1011.3,1412,31.9,23.4,32.7,31.2,24.4,22.5,66,56,61,131,3.6,0.8,N,PA,BREVES,A228,-1.680251,-50.478139,11.0
1116,2019-07-06,00:00,0.0,1012.5,1012.5,1011.7,-9999,25.2,23.3,25.9,25.2,23.7,23.3,89,86,89,94,0.8,0.2,N,PA,BREVES,A228,-1.680251,-50.478139,11.0
1117,2019-07-06,04:00,0.0,1013.2,1013.6,1013.2,-9999,24.7,22.8,24.9,24.1,23.2,22.7,93,88,89,73,3.7,1.1,N,PA,BREVES,A228,-1.680251,-50.478139,11.0
1118,2019-07-06,08:00,0.0,1012.4,1012.5,1012.4,-9999,23.5,22.4,23.7,23.5,22.6,22.4,94,93,93,100,1.8,0.3,N,PA,BREVES,A228,-1.680251,-50.478139,11.0
1119,2019-07-06,12:00,0.0,1013.7,1013.7,1013.2,1287,27.9,24.1,28.1,25.9,24.4,23.7,88,79,80,79,6.1,2.3,N,PA,BREVES,A228,-1.680251,-50.478139,11.0
1120,2019-07-06,16:00,0.0,1012.8,1013.7,1012.8,2639,32.4,23.5,32.5,30.9,25.0,22.0,67,57,59,142,4.8,0.9,N,PA,BREVES,A228,-1.680251,-50.478139,11.0
1121,2019-07-06,20:00,0.0,1010.6,1010.6,1010.5,1291,31.9,22.8,33.3,31.9,23.7,21.7,60,51,59,122,3.8,1.0,N,PA,BREVES,A228,-1.680251,-50.478139,11.0
1122,2019-07-07,00:00,0.0,1012.4,1012.4,1011.8,-9999,25.5,23.6,26.1,25.4,23.8,23.5,90,86,90,74,1.3,0.5,N,PA,BREVES,A228,-1.680251,-50.478139,11.0
1123,2019-07-07,04:00,0.0,1013.9,1014.1,1013.9,-9999,24.8,23.1,25.3,24.8,23.1,23.0,90,87,90,65,2.9,0.5,N,PA,BREVES,A228,-1.680251,-50.478139,11.0
1124,2019-07-07,08:00,0.0,1012.5,1012.6,1012.4,-9999,23.9,22.7,24.4,23.9,23.0,22.7,93,92,93,88,1.2,0.4,N,PA,BREVES,A228,-1.680251,-50.478139,11.0
1125,2019-07-07,12:00,0.0,1013.6,1013.6,1013.4,1273,28.1,23.6,28.3,26.2,24.2,23.3,86,76,76,78,6.0,2.1,N,PA,BREVES,A228,-1.680251,-50.478139,11.0
1126,2019-07-07,16:00,0.0,1013.1,1013.9,1013.1,2298,32.2,23.1,32.3,30.2,24.0,21.8,67,56,59,80,3.5,1.4,N,PA,BREVES,A228,-1.680251,-50.478139,11.0
1127,2019-07-07,20:00,0.0,1011.3,1011.6,1011.1,298,26.5,22.4,28.0,26.4,22.6,21.5,79,68,78,5,4.9,0.9,N,PA,BREVES,A228,-1.680251,-50.478139,11.0
1128,2019-07-08,00:00,0.0,1014.3,1014.3,1013.5,-9999,23.5,22.0,24.2,23.5,22.1,21.9,91,87,91,98,1.4,0.4,N,PA,BREVES,A228,-1.680251,-50.478139,11.0
1129,2019-07-08,04:00,0.0,1015.4,1015.8,1015.4,-9999,23.9,22.6,23.9,23.5,22.6,22.1,93,92,93,95,1.1,0.3,N,PA,BREVES,A228,-1.680251,-50.478139,11.0
1130,2019-07-08,08:00,0.0,1013.3,1013.6,1013.3,-9999,22.8,21.8,23.0,22.7,21.9,21.6,94,93,94,135,0.9,0.3,N,PA,BREVES,A228,-1.680251,-50.478139,11.0
1131,2019-07-08,12:00,0.0,1014.4,1014.4,1014.2,1263,27.6,23.4,27.7,25.3,24.2,23.4,92,78,78,129,2.1,0.8,N,PA,BREVES,A228,-1.680251,-50.478139,11.0
1132,2019-07-08,16:00,0.0,1013.1,1013.9,1013.1,2685,30.1,23.4,31.9,30.1,24.7,22.1,71,58,67,172,3.4,0.9,N,PA,BREVES,A228,-1.680251,-50.478139,11.0
1133,2019-07-08,20:00,0.0,1010.9,1011.0,1010.8,1376,31.4,22.6,32.4,31.3,23.0,21.5,61,54,60,182,3.3,0.8,N,PA,BREVES,A228,-1.680251,-50.478139,11.0
1134,2019-07-09,00:00,0.0,1013.5,1013.5,1012.7,-9999,25.7,23.0,25.8,25.1,23.5,23.0,90,85,85,55,2.9,0.8,N,PA,BREVES,A228,-1.680251,-50.478139,11.0
1135,2019-07-09,04:00,0.0,1014.2,1014.8,1014.2,-9999,23.6,22.3,23.9,23.6,22.5,22.2,92,92,92,49,1.1,0.6,N,PA,BREVES,A228,-1.680251,-50.478139,11.0
1136,2019-07-09,08:00,0.0,1013.5,1013.6,1013.3,-9999,23.3,22.0,23.4,23.2,22.2,22.0,93,92,92,73,1.3,0.6,N,PA,BREVES,A228,-1.680251,-50.478139,11.0
1137,2019-07-09,12:00,0.0,1015.4,1015.4,1015.0,1247,27.8,23.5,27.9,25.7,24.0,23.1,87,77,78,103,3.5,1.6,N,PA,BREVES,A228,-1.680251,-50.478139,11.0
1138,2019-07-09,16:00,0.0,1013.2,1014.2,1013.2,2044,30.0,23.4,31.3,28.2,24.7,23.1,80,62,68,136,2.8,0.7,N,PA,BREVES,A228,-1.680251,-50.478139,11.0
1139,2019-07-09,20:00,0.0,1011.5,1011.5,1011.0,1356,31.2,21.1,32.2,31.2,23.3,21.0,60,54,55,127,4.8,1.1,N,PA,BREVES,A228,-1.680251,-50.478139,11.0
1140,2019-07-10,00:00,0.0,1014.5,1014.5,1013.9,-9999,24.8,22.5,24.8,24.6,22.6,22.5,88,87,87,52,2.4,0.5,N,PA,BREVES,A228,-1.680251,-50.478139,11.0
1141,2019-07-10,04:00,0.0,1013.9,1014.6,1013.9,-9999,23.2,21.9,23.7,23.2,22.3,21.9,93,92,93,316,1.3,0.2,N,PA,BREVES,A228,-1.680251,-50.478139,11.0
1142,2019-07-10,08:00,0.0,1013.0,1013.0,1012.7,-9999,22.9,21.7,23.3,22.9,22.1,21.7,93,93,93,128,0.9,0.5,N,PA,BREVES,A228,-1.680251,-50.478139,11.0
1143,2019-07-10,12:00,0.0,1014.7,1014.7,1014.5,858,26.4,23.4,26.6,24.6,23.8,22.7,91,81,83,90,2.2,1.0,N,PA,BREVES,A228,-1.680251,-50.478139,11.0
1144,2019-07-10,16:00,0.0,1012.5,1013.7,1012.5,2942,32.2,22.4,32.3,30.5,24.2,22.0,67,54,57,188,4.1,1.2,N,PA,BREVES,A228,-1.680251,-50.478139,11.0
1145,2019-07-10,20:00,0.0,1009.9,1010.0,1009.9,1263,31.0,21.2,32.3,31.0,22.7,20.8,59,53,56,156,3.6,0.8,N,PA,BREVES,A228,-1.680251,-50.478139,11.0
1146,2019-07-11,00:00,0.0,1012.2,1012.2,1011.6,-9999,25.3,23.1,26.5,25.3,23.6,23.0,88,82,88,86,0.8,0.6,N,PA,BREVES,A228,-1.680251,-50.478139,11.0
1147,2019-07-11,04:00,0.0,1012.3,1012.7,1012.2,-9999,24.2,22.4,24.5,24.2,22.7,22.4,91,89,89,96,1.8,0.4,N,PA,BREVES,A228,-1.680251,-50.478139,11.0
1148,2019-07-11,08:00,0.0,1011.2,1011.2,1011.0,-9999,23.8,22.4,23.9,23.7,22.5,22.4,92,92,92,170,1.6,0.3,N,PA,BREVES,A228,-1.680251,-50.478139,11.0
1149,2019-07-11,12:00,0.0,1013.3,1013.3,1012.7,656,25.6,22.5,25.7,24.3,22.9,22.3,89,83,83,72,2.9,1.3,N,PA,BREVES,A228,-1.680251,-50.478139,11.0
1150,2019-07-11,16:00,0.0,1011.2,1012.3,1011.2,1958,30.3,23.4,30.7,29.6,24.1,22.4,70,63,67,178,3.4,1.0,N,PA,BREVES,A228,-1.680251,-50.478139,11.0
1151,2019-07-11,20:00,0.0,1009.0,1009.1,1008.7,654,26.3,23.9,28.0,26.3,23.9,22.1,86,71,86,97,1.4,0.4,N,PA,BREVES,A228,-1.680251,-50.478139,11.0
1152,2019-07-12,00:00,0.0,1011.7,1011.7,1010.6,-9999,24.4,22.5,24.8,24.4,23.4,22.5,92,89,89,79,2.4,1.0,N,PA,BREVES,A228,-1.680251,-50.478139,11.0
1153,2019-07-12,04:00,0.0,1011.7,1012.0,1011.7,-9999,23.3,22.0,23.7,23.3,22.1,22.0,93,91,93,131,1.9,0.5,N,PA,BREVES,A228,-1.680251,-50.478139,11.0
1154,2019-07-12,08:00,0.0,1010.6,1010.6,1010.2,-9999,23.3,22.1,23.5,23.3,22.3,22.0,93,92,93,91,1.1,0.2,N,PA,BREVES,A228,-1.680251,-50.478139,11.0
1155,2019-07-12,12:00,0.0,1012.5,1012.5,1012.1,1362,27.9,23.3,28.0,26.0,24.2,23.1,88,75,76,90,7.0,2.6,N,PA,BREVES,A228,-1.680251,-50.478139,11.0
1156,2019-07-12,16:00,0.0,1011.0,1012.1,1010.9,2755,30.8,23.3,31.7,30.0,24.5,22.7,71,60,65,64,4.6,1.5,N,PA,BREVES,A228,-1.680251,-50.478139,11.0
1157,2019-07-12,20:00,0.2,1009.0,1009.6,1009.0,272,25.5,22.9,27.3,25.4,23.2,21.4,87,70,86,170,7.8,0.4,N,PA,BREVES,A228,-1.680251,-50.478139,11.0
1158,2019-07-13,00:00,0.0,1011.9,1011.9,1010.9,-9999,24.7,22.7,24.8,24.2,23.2,22.7,93,88,89,69,2.9,0.9,N,PA,BREVES,A228,-1.680251,-50.478139,11.0
1159,2019-07-13,04:00,0.0,1012.5,1013.1,1012.5,-9999,23.8,22.3,24.0,23.8,22.4,22.3,91,91,91,74,3.5,1.3,N,PA,BREVES,A228,-1.680251,-50.478139,11.0
1160,2019-07-13,08:00,0.0,1011.5,1011.6,1011.4,-9999,23.0,21.9,23.0,22.8,21.9,21.6,93,93,93,82,1.2,0.5,N,PA,BREVES,A228,-1.680251,-50.478139,11.0
1161,2019-07-13,12:00,0.0,1013.6,1013.6,1013.1,641,25.8,23.1,25.8,24.6,23.6,22.9,91,85,85,74,2.1,1.0,N,PA,BREVES,A228,-1.680251,-50.478139,11.0
1162,2019-07-13,16:00,0.0,1011.5,1012.6,1011.5,2593,31.3,22.6,31.3,29.6,23.6,22.1,69,60,60,80,5.0,1.4,N,PA,BREVES,A228,-1.680251,-50.478139,11.0
1163,2019-07-13,20:00,0.0,1008.6,1008.6,1008.2,1241,31.2,21.9,31.8,30.6,24.1,21.9,65,57,58,156,2.3,0.6,N,PA,BREVES,A228,-1.680251,-50.478139,11.0
1164,2019-07-14,00:00,0.0,1012.2,1012.3,1011.1,-9999,24.7,22.7,25.1,24.7,22.9,22.7,89,87,88,56,2.9,0.8,N,PA,BREVES,A228,-1.680251,-50.478139,11.0
1165,2019-07-14,04:00,0.8,1012.3,1012.7,1012.3,-9999,23.8,22.3,24.2,23.8,22.5,22.3,92,90,92,74,2.7,1.5,N,PA,BREVES,A228,-1.680251,-50.478139,11.0
1166,2019-07-14,08:00,0.0,1010.7,1010.7,1010.5,-9999,23.3,22.2,23.3,23.2,22.2,22.0,93,93,93,26,1.2,0.6,N,PA,BREVES,A228,-1.680251,-50.478139,11.0
1167,2019-07-14,12:00,0.0,1012.5,1012.5,1012.2,1200,27.2,23.6,27.2,25.5,23.7,22.7,86,79,81,90,3.5,1.5,N,PA,BREVES,A228,-1.680251,-50.478139,11.0
1168,2019-07-14,16:00,0.0,1011.0,1012.0,1011.0,2914,31.2,23.2,32.1,30.3,24.3,21.7,67,56,63,121,6.9,1.5,N,PA,BREVES,A228,-1.680251,-50.478139,11.0
1169,2019-07-14,20:00,0.0,1008.5,1008.5,1008.3,1432,31.5,22.1,32.3,31.4,23.2,21.9,61,56,58,110,4.9,1.3,N,PA,BREVES,A228,-1.680251,-50.478139,11.0
1170,2019-07-15,00:00,0.0,1010.5,1010.5,1009.7,-9999,25.3,23.1,25.6,25.2,23.2,22.9,89,86,88,85,1.5,0.8,N,PA,BREVES,A228,-1.680251,-50.478139,11.0
1171,2019-07-15,04:00,0.0,1011.2,1011.7,1011.2,-9999,24.4,22.3,24.7,24.3,22.4,22.3,89,87,88,72,1.9,0.7,N,PA,BREVES,A228,-1.680251,-50.478139,11.0
1172,2019-07-15,08:00,0.0,1010.2,1010.2,1009.8,-9999,23.5,22.1,23.7,23.4,22.2,22.0,92,91,92,85,2.6,0.8,N,PA,BREVES,A228,-1.680251,-50.478139,11.0
1173,2019-07-15,12:00,0.0,1012.1,1012.1,1011.6,1334,27.9,22.3,28.3,25.9,23.6,22.3,84,72,72,92,4.3,1.6,N,PA,BREVES,A228,-1.680251,-50.478139,11.0
1174,2019-07-15,16:00,0.0,1011.1,1011.7,1011.1,2787,32.1,22.8,32.4,30.6,24.3,21.2,65,53,58,191,4.6,1.0,N,PA,BREVES,A228,-1.680251,-50.478139,11.0
1175,2019-07-15,20:00,0.0,1009.1,1009.2,1009.1,1441,32.0,20.7,33.1,32.0,21.5,19.0,52,44,51,105,2.8,0.8,N,PA,BREVES,A228,-1.680251,-50.478139,11.0
1176,2019-07-16,00:00,0.0,1010.7,1010.7,1010.1,-9999,25.5,22.1,26.6,25.5,22.5,22.1,82,78,81,73,2.7,0.7,N,PA,BREVES,A228,-1.680251,-50.478139,11.0
1177,2019-07-16,04:00,0.0,1011.9,1012.3,1011.9,-9999,23.9,21.8,24.2,23.9,21.9,21.6,88,86,88,72,3.1,1.1,N,PA,BREVES,A228,-1.680251,-50.478139,11.0
1178,2019-07-16,08:00,0.0,1011.3,1011.3,1011.0,-9999,23.0,21.7,23.3,23.0,21.9,21.7,93,92,93,73,1.4,0.4,N,PA,BREVES,A228,-1.680251,-50.478139,11.0
1179,2019-07-16,12:00,0.0,1013.2,1013.2,1012.7,1298,27.6,23.1,28.1,25.6,24.0,22.9,86,76,77,72,4.3,2.3,N,PA,BREVES,A228,-1.680251,-50.478139,11.0
1180,2019-07-16,16:00,0.0,1011.9,1013.0,1011.9,2731,32.7,22.8,32.7,31.1,24.0,21.6,63,53,56,79,3.9,1.2,N,PA,BREVES,A228,-1.680251,-50.478139,11.0
1181,2019-07-16,20:00,0.0,1009.3,1009.3,1009.0,1015,29.5,23.7,30.2,27.7,25.3,22.4,84,64,71,65,2.0,0.4,N,PA,BREVES,A228,-1.680251,-50.478139,11.0
1182,2019-07-17,00:00,0.0,1012.3,1012.4,1011.7,-9999,24.4,21.8,25.1,24.4,22.1,21.7,86,83,86,64,6.6,2.6,N,PA,BREVES,A228,-1.680251,-50.478139,11.0
1183,2019-07-17,04:00,0.2,1013.1,1013.6,1013.0,-9999,23.1,21.9,23.2,23.0,22.0,21.8,93,92,93,29,2.4,0.7,N,PA,BREVES,A228,-1.680251,-50.478139,11.0
1184,2019-07-17,08:00,0.0,1012.4,1012.5,1012.3,-9999,23.0,21.7,23.2,23.0,21.9,21.7,93,92,93,16,2.5,0.6,N,PA,BREVES,A228,-1.680251,-50.478139,11.0
1185,2019-07-17,12:00,0.0,1014.9,1015.0,1014.4,814,25.4,22.3,25.4,23.8,22.4,21.5,88,82,83,20,3.6,1.1,N,PA,BREVES,A228,-1.680251,-50.478139,11.0
1186,2019-07-17,16:00,0.0,1013.7,1014.7,1013.7,2184,29.7,23.3,30.6,28.7,24.4,22.4,72,63,69,120,4.7,0.9,N,PA,BREVES,A228,-1.680251,-50.478139,11.0
1187,2019-07-17,20:00,0.2,1010.7,1010.7,1010.4,621,28.5,24.9,32.2,28.5,25.2,22.6,81,59,81,336,2.7,0.4,N,PA,BREVES,A228,-1.680251,-50.478139,11.0
1188,2019-07-18,00:00,0.0,1013.8,1013.8,1012.9,-9999,24.2,22.3,24.3,24.2,22.4,22.2,89,88,89,19,1.7,0.6,N,PA,BREVES,A228,-1.680251,-50.478139,11.0
1189,2019-07-18,04:00,0.0,1015.0,1015.4,1015.0,-9999,22.5,21.2,22.9,22.5,21.4,21.1,92,91,92,85,2.4,0.6,N,PA,BREVES,A228,-1.680251,-50.478139,11.0
1190,2019-07-18,08:00,0.0,1013.3,1013.6,1013.3,-9999,22.4,21.3,22.5,22.3,21.3,21.1,93,93,93,11,1.8,0.7,N,PA,BREVES,A228,-1.680251,-50.478139,11.0
1191,2019-07-18,12:00,0.0,1014.9,1015.0,1014.3,853,24.6,21.6,24.6,23.5,22.2,21.5,91,83,83,19,3.0,1.1,N,PA,BREVES,A228,-1.680251,-50.478139,11.0
1192,2019-07-18,16:00,0.0,1013.2,1014.0,1013.2,2547,31.2,22.7,31.7,29.9,24.1,21.4,70,56,61,32,3.5,1.0,N,PA,BREVES,A228,-1.680251,-50.478139,11.0
1193,2019-07-18,20:00,0.0,1010.3,1010.7,1010.2,1244,30.0,24.0,32.1,30.0,24.5,23.2,70,60,70,157,3.6,0.5,N,PA,BREVES,A228,-1.680251,-50.478139,11.0
1194,2019-07-19,00:00,0.0,1012.8,1012.8,1012.2,-9999,25.8,24.0,26.4,25.8,24.2,23.9,90,88,90,125,1.1,0.5,N,PA,BREVES,A228,-1.680251,-50.478139,11.0
1195,2019-07-19,04:00,0.0,1014.1,1014.2,1014.0,-9999,23.7,21.9,24.1,23.7,22.0,21.7,90,88,90,110,1.2,0.4,N,PA,BREVES,A228,-1.680251,-50.478139,11.0
1196,2019-07-19,08:00,0.0,1012.9,1013.2,1012.9,-9999,23.2,22.0,23.3,23.1,22.1,21.9,93,93,93,136,1.0,0.3,N,PA,BREVES,A228,-1.680251,-50.478139,11.0
1197,2019-07-19,12:00,0.0,1014.1,1014.1,1013.8,1522,27.9,22.7,27.9,25.1,23.7,22.2,89,73,73,104,5.4,1.8,N,PA,BREVES,A228,-1.680251,-50.478139,11.0
1198,2019-07-19,16:00,0.0,1013.0,1013.7,1013.0,3335,32.0,22.2,32.3,30.9,23.8,21.7,64,55,56,97,6.7,2.2,N,PA,BREVES,A228,-1.680251,-50.478139,11.0
1199,2019-07-19,20:00,0.0,1010.4,1010.9,1010.3,1457,31.1,21.1,32.0,31.0,21.4,19.6,56,48,55,132,5.3,1.3,N,PA,BREVES,A228,-1.680251,-50.478139,11.0
1200,2019-07-20,00:00,0.0,1012.3,1012.3,1011.5,-9999,24.4,22.1,25.2,24.4,22.3,21.8,87,82,87,100,0.9,0.2,N,PA,BREVES,A228,-1.680251,-50.478139,11.0
1201,2019-07-20,04:00,0.0,1012.7,1013.0,1012.7,-9999,23.6,21.6,24.1,23.3,22.0,21.5,91,87,88,73,2.5,0.9,N,PA,BREVES,A228,-1.680251,-50.478139,11.0
1202,2019-07-20,08:00,0.0,1011.8,1011.8,1011.6,-9999,22.0,20.9,22.5,22.0,21.4,20.9,93,93,93,163,1.3,0.3,N,PA,BREVES,A228,-1.680251,-50.478139,11.0
1203,2019-07-20,12:00,0.0,1013.5,1013.5,1012.9,1372,27.6,23.1,27.7,24.9,23.6,22.5,87,76,77,106,4.3,1.4,N,PA,BREVES,A228,-1.680251,-50.478139,11.0
1204,2019-07-20,16:00,0.0,1012.4,1013.1,1012.4,3333,32.2,20.8,32.4,31.2,21.2,18.6,53,46,51,138,8.1,1.6,N,PA,BREVES,A228,-1.680251,-50.478139,11.0
1205,2019-07-20,20:00,0.0,1009.9,1010.3,1009.9,1399,31.6,20.2,32.8,31.5,20.6,18.9,52,44,51,136,5.3,1.0,N,PA,BREVES,A228,-1.680251,-50.478139,11.0
1206,2019-07-21,00:00,0.0,1011.4,1011.4,1010.9,-9999,26.1,22.3,26.1,25.6,22.9,22.3,85,79,79,88,1.7,0.9,N,PA,BREVES,A228,-1.680251,-50.478139,11.0
1207,2019-07-21,04:00,0.0,1012.9,1013.0,1012.7,-9999,24.2,22.1,25.9,24.2,22.1,21.3,88,75,88,101,8.3,1.6,N,PA,BREVES,A228,-1.680251,-50.478139,11.0
1208,2019-07-21,08:00,1.0,1012.1,1012.1,1011.8,-9999,23.6,21.9,23.9,23.6,22.4,21.9,92,90,90,94,4.3,1.9,N,PA,BREVES,A228,-1.680251,-50.478139,11.0
1209,2019-07-21,12:00,0.0,1012.9,1012.9,1012.2,712,25.9,22.9,25.9,23.8,23.4,22.1,91,83,84,76,2.5,0.9,N,PA,BREVES,A228,-1.680251,-50.478139,11.0
1210,2019-07-21,16:00,0.0,1012.7,1013.4,1012.7,2757,30.5,22.0,31.7,29.5,23.4,21.5,67,57,60,107,7.0,2.3,N,PA,BREVES,A228,-1.680251,-50.478139,11.0
1211,2019-07-21,20:00,0.0,1009.6,1009.8,1009.5,1373,30.9,21.2,31.8,30.9,22.2,21.0,59,53,56,129,4.5,1.0,N,PA,BREVES,A228,-1.680251,-50.478139,11.0
1212,2019-07-22,00:00,0.0,1013.1,1013.1,1012.1,-9999,24.0,21.8,25.9,24.0,22.0,21.3,88,76,87,171,5.1,0.5,N,PA,BREVES,A228,-1.680251,-50.478139,11.0
1213,2019-07-22,04:00,0.0,1012.8,1013.4,1012.8,-9999,23.2,21.8,23.3,23.1,21.9,21.8,93,92,92,52,1.6,0.6,N,PA,BREVES,A228,-1.680251,-50.478139,11.0
1214,2019-07-22,08:00,0.0,1011.9,1011.9,1011.5,-9999,21.9,20.8,22.1,21.8,21.1,20.7,94,93,94,274,0.8,0.1,N,PA,BREVES,A228,-1.680251,-50.478139,11.0
1215,2019-07-22,12:00,0.0,1013.2,1013.3,1012.9,1386,27.2,23.4,27.2,24.5,23.5,22.1,87,79,80,98,3.4,1.3,N,PA,BREVES,A228,-1.680251,-50.478139,11.0
1216,2019-07-22,16:00,0.0,1011.5,1012.2,1011.5,2181,32.2,22.0,32.3,30.1,23.3,21.3,65,53,55,144,4.9,1.6,N,PA,BREVES,A228,-1.680251,-50.478139,11.0
1217,2019-07-22,20:00,0.0,1009.5,1009.7,1009.5,1499,31.8,21.0,32.7,31.8,21.3,19.9,54,48,53,147,4.8,0.9,N,PA,BREVES,A228,-1.680251,-50.478139,11.0
1218,2019-07-23,00:00,0.0,1011.4,1011.4,1010.6,-9999,24.9,22.8,25.7,24.9,22.9,22.6,88,83,88,76,0.9,0.2,N,PA,BREVES,A228,-1.680251,-50.478139,11.0
1219,2019-07-23,04:00,0.0,1012.0,1012.3,1012.0,-9999,23.6,22.2,23.9,23.6,22.4,22.2,92,91,92,168,0.6,0.3,N,PA,BREVES,A228,-1.680251,-50.478139,11.0
1220,2019-07-23,08:00,0.0,1011.4,1011.5,1011.1,-9999,23.1,21.8,23.4,23.1,22.0,21.8,92,92,92,51,2.1,0.4,N,PA,BREVES,A228,-1.680251,-50.478139,11.0
1221,2019-07-23,12:00,0.0,1012.9,1012.9,1012.5,1357,28.4,23.8,28.4,25.9,24.0,23.2,85,76,76,101,4.4,1.6,N,PA,BREVES,A228,-1.680251,-50.478139,11.0
1222,2019-07-23,16:00,0.0,1011.6,1012.4,1011.6,3181,33.3,20.3,33.6,32.2,22.7,19.2,55,45,47,122,5.8,1.7,N,PA,BREVES,A228,-1.680251,-50.478139,11.0
1223,2019-07-23,20:00,0.0,1009.5,1009.5,1009.4,1449,32.4,20.5,33.6,32.3,20.8,19.0,50,43,49,125,4.3,1.0,N,PA,BREVES,A228,-1.680251,-50.478139,11.0
1224,2019-07-24,00:00,0.0,1011.4,1011.4,1010.8,-9999,24.7,22.0,25.6,24.7,22.3,21.9,86,81,85,139,0.6,0.2,N,PA,BREVES,A228,-1.680251,-50.478139,11.0
1225,2019-07-24,04:00,0.0,1011.9,1012.3,1011.9,-9999,22.9,21.5,23.2,22.9,21.8,21.5,92,91,92,78,0.6,0.3,N,PA,BREVES,A228,-1.680251,-50.478139,11.0
1226,2019-07-24,08:00,0.0,1011.4,1011.4,1010.9,-9999,22.0,20.8,22.2,22.0,21.0,20.8,93,93,93,1,0.6,0.3,N,PA,BREVES,A228,-1.680251,-50.478139,11.0
1227,2019-07-24,12:00,0.0,1013.3,1013.3,1012.9,1330,27.8,23.7,27.8,25.3,23.8,22.8,88,78,79,66,3.1,1.3,N,PA,BREVES,A228,-1.680251,-50.478139,11.0
1228,2019-07-24,16:00,0.0,1011.5,1012.4,1011.5,3202,33.6,19.3,34.0,31.5,22.9,19.3,59,43,43,113,5.3,1.4,N,PA,BREVES,A228,-1.680251,-50.478139,11.0
1229,2019-07-24,20:00,0.0,1009.2,1009.3,1009.1,1492,32.4,20.9,33.4,32.4,21.4,19.8,51,46,51,124,3.9,0.8,N,PA,BREVES,A228,-1.680251,-50.478139,11.0
1230,2019-07-25,00:00,0.0,1011.6,1011.6,1010.7,-9999,26.1,23.1,26.4,26.1,23.3,22.7,84,80,83,98,0.8,0.5,N,PA,BREVES,A228,-1.680251,-50.478139,11.0
1231,2019-07-25,04:00,8.8,1012.0,1012.9,1012.0,-9999,23.3,22.1,23.6,23.2,22.3,21.8,93,91,93,56,5.5,1.7,N,PA,BREVES,A228,-1.680251,-50.478139,11.0
1232,2019-07-25,08:00,0.0,1010.8,1010.8,1010.7,-9999,22.5,21.3,22.5,22.4,21.3,21.2,93,92,93,326,1.3,0.3,N,PA,BREVES,A228,-1.680251,-50.478139,11.0
1233,2019-07-25,12:00,0.0,1013.0,1013.0,1012.5,804,26.0,22.9,26.1,24.6,23.4,22.6,90,83,83,332,2.8,1.2,N,PA,BREVES,A228,-1.680251,-50.478139,11.0
1234,2019-07-25,16:00,0.0,1011.4,1012.5,1011.4,1324,30.7,23.2,30.7,29.3,24.1,23.1,72,65,65,324,4.7,1.0,N,PA,BREVES,A228,-1.680251,-50.478139,11.0
1235,2019-07-25,20:00,0.0,1008.9,1009.0,1008.8,900,29.8,23.4,29.9,28.8,24.3,22.9,77,67,69,312,3.8,1.3,N,PA,BREVES,A228,-1.680251,-50.478139,11.0
1236,2019-07-26,00:00,0.0,1011.5,1011.5,1010.9,-9999,24.6,22.5,25.2,24.6,22.7,22.5,88,85,88,338,2.4,0.9,N,PA,BREVES,A228,-1.680251,-50.478139,11.0
1237,2019-07-26,04:00,9.6,1013.0,1013.5,1013.0,-9999,22.8,21.7,23.5,22.7,22.4,21.6,94,93,94,324,6.0,1.5,N,PA,BREVES,A228,-1.680251,-50.478139,11.0
1238,2019-07-26,08:00,0.0,1012.0,1012.0,1011.6,-9999,22.7,21.5,22.7,22.6,21.5,21.4,93,93,93,30,2.6,0.8,N,PA,BREVES,A228,-1.680251,-50.478139,11.0
1239,2019-07-26,12:00,0.0,1014.6,1014.6,1014.0,509,24.1,22.0,24.1,23.0,22.3,21.8,93,88,88,68,2.3,1.0,N,PA,BREVES,A228,-1.680251,-50.478139,11.0
1240,2019-07-26,16:00,0.2,1012.5,1012.9,1012.5,2485,30.3,23.2,30.5,29.5,24.7,22.5,72,65,66,172,4.1,0.7,N,PA,BREVES,A228,-1.680251,-50.478139,11.0
1241,2019-07-26,20:00,0.0,1010.6,1010.6,1010.3,1114,30.2,22.1,31.3,30.1,23.5,21.4,68,58,62,116,3.4,1.1,N,PA,BREVES,A228,-1.680251,-50.478139,11.0
1242,2019-07-27,00:00,0.0,1013.1,1013.1,1012.4,-9999,25.9,23.5,25.9,25.7,23.7,23.4,88,86,87,32,1.4,0.4,N,PA,BREVES,A228,-1.680251,-50.478139,11.0
1243,2019-07-27,04:00,0.0,1013.0,1013.4,1013.0,-9999,23.9,22.4,24.3,23.9,22.5,22.4,91,90,91,45,2.7,0.7,N,PA,BREVES,A228,-1.680251,-50.478139,11.0
1244,2019-07-27,08:00,0.0,1012.4,1012.4,1012.2,-9999,22.5,21.4,22.9,22.5,21.7,21.4,93,93,93,71,0.8,0.2,N,PA,BREVES,A228,-1.680251,-50.478139,11.0
1245,2019-07-27,12:00,0.0,1014.2,1014.3,1014.0,1276,27.5,23.7,27.5,24.6,24.2,22.7,89,80,80,108,3.1,1.3,N,PA,BREVES,A228,-1.680251,-50.478139,11.0
1246,2019-07-27,16:00,0.0,1012.9,1013.6,1012.9,3305,32.8,22.2,33.1,31.7,23.4,21.1,62,51,54,132,5.4,1.3,N,PA,BREVES,A228,-1.680251,-50.478139,11.0
1247,2019-07-27,20:00,0.0,1010.2,1010.6,1010.2,1415,31.9,21.2,32.8,31.7,22.3,20.7,57,50,53,186,3.9,0.5,N,PA,BREVES,A228,-1.680251,-50.478139,11.0
1248,2019-07-28,00:00,0.0,1012.7,1012.7,1011.8,-9999,25.4,23.5,25.8,25.4,23.6,23.2,89,86,89,100,1.0,0.1,N,PA,BREVES,A228,-1.680251,-50.478139,11.0
1249,2019-07-28,04:00,0.2,1013.3,1013.8,1013.3,-9999,24.7,22.5,25.3,24.7,22.9,22.5,88,85,88,64,4.2,2.1,N,PA,BREVES,A228,-1.680251,-50.478139,11.0
1250,2019-07-28,08:00,0.8,1012.5,1012.5,1011.9,-9999,23.4,22.2,23.5,23.1,22.3,21.9,93,93,93,160,2.4,0.7,N,PA,BREVES,A228,-1.680251,-50.478139,11.0
1251,2019-07-28,12:00,0.4,1014.9,1015.0,1014.7,1003,26.1,23.6,26.1,23.9,23.7,22.4,92,84,86,202,3.3,0.7,N,PA,BREVES,A228,-1.680251,-50.478139,11.0
1252,2019-07-28,16:00,0.0,1013.2,1014.1,1013.2,2987,30.6,22.8,30.9,28.2,24.0,22.2,72,61,63,28,2.1,1.0,N,PA,BREVES,A228,-1.680251,-50.478139,11.0
1253,2019-07-28,20:00,0.0,1009.9,1010.0,1009.7,1617,31.2,21.4,31.7,31.2,22.9,20.9,61,54,56,124,3.3,0.7,N,PA,BREVES,A228,-1.680251,-50.478139,11.0
1254,2019-07-29,00:00,0.0,1012.3,1012.3,1011.2,-9999,24.6,23.0,25.2,24.6,23.2,22.9,91,88,91,96,0.7,0.3,N,PA,BREVES,A228,-1.680251,-50.478139,11.0
1255,2019-07-29,04:00,0.0,1012.7,1013.5,1012.7,-9999,24.0,22.7,24.3,24.0,22.8,22.6,92,91,92,33,3.7,0.6,N,PA,BREVES,A228,-1.680251,-50.478139,11.0
1256,2019-07-29,08:00,0.0,1012.4,1012.4,1011.8,-9999,23.6,22.5,23.8,23.5,22.7,22.3,94,93,93,180,1.6,0.5,N,PA,BREVES,A228,-1.680251,-50.478139,11.0
1257,2019-07-29,12:00,0.0,1014.0,1014.0,1013.7,1027,26.2,23.3,26.4,25.0,23.9,22.9,90,83,84,81,1.9,0.7,N,PA,BREVES,A228,-1.680251,-50.478139,11.0
1258,2019-07-29,16:00,0.0,1011.8,1012.7,1011.8,2264,30.9,22.4,31.9,29.9,24.5,22.2,72,60,60,39,2.6,1.2,N,PA,BREVES,A228,-1.680251,-50.478139,11.0
1259,2019-07-29,20:00,0.0,1008.9,1008.9,1008.7,1489,31.8,22.2,32.5,31.5,23.8,21.9,62,54,57,221,2.8,0.6,N,PA,BREVES,A228,-1.680251,-50.478139,11.0
1260,2019-07-30,00:00,0.0,1011.6,1011.6,1010.6,-9999,25.7,23.6,26.4,25.7,23.9,23.5,88,84,88,87,1.0,0.2,N,PA,BREVES,A228,-1.680251,-50.478139,11.0
1261,2019-07-30,04:00,0.0,1012.4,1013.1,1012.3,-9999,24.6,22.9,25.0,24.6,23.0,22.9,90,88,90,53,1.9,0.6,N,PA,BREVES,A228,-1.680251,-50.478139,11.0
1262,2019-07-30,08:00,0.2,1011.5,1011.6,1011.4,-9999,24.0,22.6,24.3,24.0,22.9,22.6,92,91,92,76,2.2,0.5,N,PA,BREVES,A228,-1.680251,-50.478139,11.0
1263,2019-07-30,12:00,0.0,1014.2,1014.2,1013.6,898,26.7,24.1,27.2,25.0,24.4,23.4,91,83,86,47,3.0,1.1,N,PA,BREVES,A228,-1.680251,-50.478139,11.0
1264,2019-07-30,16:00,0.0,1012.6,1013.4,1012.6,2079,31.2,22.8,31.6,29.8,24.5,22.8,73,60,61,79,2.5,0.8,N,PA,BREVES,A228,-1.680251,-50.478139,11.0
1265,2019-07-30,20:00,0.0,1009.3,1009.5,1009.2,1112,31.8,22.4,32.3,30.0,23.9,21.4,70,53,58,162,1.9,0.5,N,PA,BREVES,A228,-1.680251,-50.478139,11.0
1266,2019-07-31,00:00,0.0,1011.7,1011.7,1011.1,-9999,26.2,24.1,26.8,26.2,24.7,24.1,89,87,88,117,0.9,0.3,N,PA,BREVES,A228,-1.680251,-50.478139,11.0
1267,2019-07-31,04:00,0.0,1012.1,1012.6,1012.1,-9999,25.0,23.2,25.6,24.9,23.4,23.1,90,87,90,60,2.8,0.3,N,PA,BREVES,A228,-1.680251,-50.478139,11.0
1268,2019-07-31,08:00,0.0,1011.3,1011.3,1011.0,-9999,23.3,22.2,23.6,23.3,22.4,22.1,93,93,93,81,1.3,0.6,N,PA,BREVES,A228,-1.680251,-50.478139,11.0
1269,2019-07-31,12:00,0.0,1013.1,1013.1,1012.9,1319,28.2,24.0,28.2,25.7,24.4,22.9,85,78,78,66,4.6,1.9,N,PA,BREVES,A228,-1.680251,-50.478139,11.0
1270,2019-07-31,16:00,0.0,1011.2,1012.2,1011.2,2820,32.3,23.1,32.8,30.7,24.5,21.8,68,54,59,165,3.7,1.0,N,PA,BREVES,A228,-1.680251,-50.478139,11.0
1271,2019-07-31,20:00,0.0,1008.6,1009.0,1008.6,1289,32.0,22.4,33.0,31.3,22.9,20.7,60,50,57,141,2.8,0.7,N,PA,BREVES,A228,-1.680251,-50.478139,11.0
1272,2019-08-01,00:00,0.0,1010.7,1010.7,1009.8,-9999,25.8,23.3,26.3,25.6,23.7,23.3,88,85,86,91,1.7,0.7,N,PA,BREVES,A228,-1.680251,-50.478139,11.0
1273,2019-08-01,04:00,0.0,1011.4,1012.0,1011.4,-9999,24.5,22.7,25.0,24.5,22.8,22.6,90,87,90,83,2.1,0.4,N,PA,BREVES,A228,-1.680251,-50.478139,11.0
1274,2019-08-01,08:00,0.0,1010.0,1010.0,1009.8,-9999,23.7,22.5,23.7,23.5,22.5,22.3,93,93,93,77,1.3,0.5,N,PA,BREVES,A228,-1.680251,-50.478139,11.0
1275,2019-08-01,12:00,0.0,1011.5,1011.5,1010.9,1336,28.6,23.6,28.7,26.4,24.1,23.1,85,74,74,99,5.6,1.4,N,PA,BREVES,A228,-1.680251,-50.478139,11.0
1276,2019-08-01,16:00,0.0,1010.4,1011.2,1010.4,3295,32.2,23.1,32.9,31.5,23.8,22.0,61,54,59,104,4.2,1.6,N,PA,BREVES,A228,-1.680251,-50.478139,11.0
1277,2019-08-01,20:00,0.0,1008.3,1008.4,1008.2,1397,31.7,22.2,33.1,31.7,24.3,21.0,62,51,57,154,3.3,0.5,N,PA,BREVES,A228,-1.680251,-50.478139,11.0
1278,2019-08-02,00:00,0.0,1010.6,1010.6,1009.6,-9999,25.8,23.7,26.6,25.8,23.9,23.4,88,84,88,125,0.8,0.3,N,PA,BREVES,A228,-1.680251,-50.478139,11.0
1279,2019-08-02,04:00,0.0,1011.5,1011.7,1011.4,-9999,24.7,22.6,25.1,24.6,22.6,22.4,88,86,88,55,2.4,0.6,N,PA,BREVES,A228,-1.680251,-50.478139,11.0
1280,2019-08-02,08:00,0.0,1010.6,1010.6,1010.4,-9999,23.7,22.4,23.9,23.7,22.6,22.3,92,92,92,60,1.4,0.5,N,PA,BREVES,A228,-1.680251,-50.478139,11.0
1281,2019-08-02,12:00,0.0,1012.0,1012.0,1011.6,1390,28.3,23.4,28.3,25.7,23.8,23.0,86,75,75,88,4.6,1.9,N,PA,BREVES,A228,-1.680251,-50.478139,11.0
1282,2019-08-02,16:00,0.0,1010.8,1011.6,1010.8,3065,32.2,22.9,32.6,31.7,23.8,22.0,61,55,58,109,3.1,1.2,N,PA,BREVES,A228,-1.680251,-50.478139,11.0
1283,2019-08-02,20:00,0.0,1008.7,1008.8,1008.5,1526,32.1,21.8,32.6,31.7,24.2,21.3,62,53,55,143,4.5,1.0,N,PA,BREVES,A228,-1.680251,-50.478139,11.0
1284,2019-08-03,00:00,0.0,1011.4,1011.4,1010.7,-9999,25.8,23.6,27.0,25.8,23.9,23.6,88,82,88,97,1.3,0.4,N,PA,BREVES,A228,-1.680251,-50.478139,11.0
1285,2019-08-03,04:00,0.0,1012.6,1013.2,1012.6,-9999,24.9,22.4,25.2,24.8,22.5,22.3,86,84,86,76,2.1,0.7,N,PA,BREVES,A228,-1.680251,-50.478139,11.0
1286,2019-08-03,08:00,0.0,1011.6,1011.6,1011.3,-9999,23.7,22.3,24.4,23.7,22.7,22.3,92,90,92,183,1.0,0.1,N,PA,BREVES,A228,-1.680251,-50.478139,11.0
1287,2019-08-03,12:00,0.0,1012.9,1012.9,1012.4,1344,28.7,23.5,28.8,26.7,24.1,23.0,81,73,74,102,5.3,1.3,N,PA,BREVES,A228,-1.680251,-50.478139,11.0
1288,2019-08-03,16:00,0.0,1011.6,1012.3,1011.6,2840,33.2,24.8,33.2,31.7,25.2,22.9,65,58,62,139,3.4,1.2,N,PA,BREVES,A228,-1.680251,-50.478139,11.0
1289,2019-08-03,20:00,0.0,1009.7,1010.1,1009.7,1325,31.9,22.8,32.9,31.8,23.6,22.2,62,55,59,131,4.1,1.1,N,PA,BREVES,A228,-1.680251,-50.478139,11.0
1290,2019-08-04,00:00,0.0,1011.6,1011.7,1010.8,-9999,26.1,23.8,26.5,26.1,24.1,23.8,88,86,88,83,1.6,0.7,N,PA,BREVES,A228,-1.680251,-50.478139,11.0
1291,2019-08-04,04:00,0.0,1012.8,1013.1,1012.8,-9999,25.1,23.3,25.7,25.1,23.3,23.2,90,86,90,67,3.7,1.4,N,PA,BREVES,A228,-1.680251,-50.478139,11.0
1292,2019-08-04,08:00,0.0,1011.7,1011.7,1011.5,-9999,24.6,23.2,24.6,24.5,23.2,23.1,92,92,92,65,1.8,0.6,N,PA,BREVES,A228,-1.680251,-50.478139,11.0
1293,2019-08-04,12:00,0.0,1013.5,1013.7,1013.2,1276,28.4,24.1,28.4,26.5,24.5,23.8,86,78,78,75,5.9,2.2,N,PA,BREVES,A228,-1.680251,-50.478139,11.0
1294,2019-08-04,16:00,0.0,1012.2,1013.1,1012.2,2608,32.7,23.9,32.8,31.7,24.7,22.7,65,56,60,78,4.8,1.5,N,PA,BREVES,A228,-1.680251,-50.478139,11.0
1295,2019-08-04,20:00,0.0,1010.3,1010.3,1009.5,471,26.6,23.3,27.1,24.9,24.1,22.8,90,79,82,37,1.9,0.9,N,PA,BREVES,A228,-1.680251,-50.478139,11.0
1296,2019-08-05,00:00,3.8,1014.4,1014.7,1014.1,-9999,23.2,21.9,23.4,23.2,22.1,21.8,93,91,92,239,2.1,0.4,N,PA,BREVES,A228,-1.680251,-50.478139,11.0
1297,2019-08-05,04:00,0.0,1014.4,1015.4,1014.4,-9999,22.7,21.4,22.9,22.6,21.6,21.3,93,92,93,354,2.9,0.5,N,PA,BREVES,A228,-1.680251,-50.478139,11.0
1298,2019-08-05,08:00,0.0,1013.0,1013.0,1012.8,-9999,22.3,21.2,22.5,22.2,21.3,21.0,94,93,94,55,1.2,0.5,N,PA,BREVES,A228,-1.680251,-50.478139,11.0
1299,2019-08-05,12:00,0.0,1014.7,1014.7,1014.1,1349,26.4,23.4,26.4,23.9,23.5,22.3,92,82,83,63,2.3,1.1,N,PA,BREVES,A228,-1.680251,-50.478139,11.0
1300,2019-08-05,16:00,0.0,1013.6,1014.3,1013.6,2769,31.1,22.5,31.7,30.7,24.2,22.5,68,60,61,75,5.4,1.8,N,PA,BREVES,A228,-1.680251,-50.478139,11.0
1301,2019-08-05,20:00,0.0,1011.6,1011.7,1011.2,184,26.1,21.4,27.5,26.1,23.0,21.4,81,76,76,32,4.3,0.9,N,PA,BREVES,A228,-1.680251,-50.478139,11.0
1302,2019-08-06,00:00,0.6,1015.5,1015.5,1014.6,-9999,22.6,21.2,22.8,22.5,21.5,21.0,92,91,92,50,7.0,1.4,N,PA,BREVES,A228,-1.680251,-50.478139,11.0
1303,2019-08-06,04:00,0.0,1015.3,1016.0,1015.3,-9999,22.9,21.7,23.0,22.9,21.8,21.6,93,93,93,77,2.1,0.6,N,PA,BREVES,A228,-1.680251,-50.478139,11.0
1304,2019-08-06,08:00,0.0,1013.8,1013.8,1013.7,-9999,22.5,21.4,22.6,22.4,21.6,21.3,94,93,93,72,1.0,0.2,N,PA,BREVES,A228,-1.680251,-50.478139,11.0
1305,2019-08-06,12:00,0.2,1015.5,1015.5,1015.1,1124,26.7,23.1,26.9,25.0,23.6,22.5,88,80,81,93,2.8,1.1,N,PA,BREVES,A228,-1.680251,-50.478139,11.0
1306,2019-08-06,16:00,0.0,1014.7,1015.4,1014.7,2608,31.7,22.9,32.3,29.5,24.9,21.9,72,57,60,82,4.4,1.4,N,PA,BREVES,A228,-1.680251,-50.478139,11.0
1307,2019-08-06,20:00,0.0,1011.6,1011.7,1011.5,1288,31.0,22.3,32.0,31.0,23.1,21.4,62,55,60,181,3.7,0.8,N,PA,BREVES,A228,-1.680251,-50.478139,11.0
1308,2019-08-07,00:00,0.0,1014.2,1014.2,1013.4,-9999,25.0,22.5,25.6,24.9,22.8,22.3,87,82,86,65,0.8,0.3,N,PA,BREVES,A228,-1.680251,-50.478139,11.0
1309,2019-08-07,04:00,0.0,1014.8,1015.3,1014.8,-9999,23.6,22.1,23.7,23.6,22.2,22.1,92,91,91,95,1.6,0.5,N,PA,BREVES,A228,-1.680251,-50.478139,11.0
1310,2019-08-07,08:00,0.0,1014.3,1014.3,1014.0,-9999,23.0,21.3,23.0,22.6,21.3,20.9,92,90,90,86,2.4,0.9,N,PA,BREVES,A228,-1.680251,-50.478139,11.0
1311,2019-08-07,12:00,0.0,1016.0,1016.1,1015.9,871,26.6,22.1,26.6,24.2,22.6,21.8,87,76,76,104,4.1,1.7,N,PA,BREVES,A228,-1.680251,-50.478139,11.0
1312,2019-08-07,16:00,0.0,1014.7,1015.6,1014.7,2856,32.4,22.5,32.5,31.0,23.1,21.0,62,53,56,122,5.3,1.2,N,PA,BREVES,A228,-1.680251,-50.478139,11.0
1313,2019-08-07,20:00,0.0,1012.1,1012.4,1012.1,1099,30.8,20.4,32.7,30.8,21.7,18.9,57,44,54,137,3.8,0.8,N,PA,BREVES,A228,-1.680251,-50.478139,11.0
1314,2019-08-08,00:00,0.0,1014.4,1014.4,1013.7,-9999,26.0,22.7,27.1,26.0,22.8,22.2,82,74,82,109,1.4,0.2,N,PA,BREVES,A228,-1.680251,-50.478139,11.0
1315,2019-08-08,04:00,0.0,1015.3,1015.7,1015.3,-9999,25.1,21.8,25.3,25.1,22.0,21.8,83,81,82,71,3.3,1.4,N,PA,BREVES,A228,-1.680251,-50.478139,11.0
1316,2019-08-08,08:00,0.0,1013.6,1013.6,1013.4,-9999,23.7,21.5,24.6,23.7,21.8,21.4,88,82,88,171,2.3,0.3,N,PA,BREVES,A228,-1.680251,-50.478139,11.0
1317,2019-08-08,12:00,0.0,1015.7,1015.7,1015.2,882,27.2,22.7,27.2,25.3,22.8,21.4,83,76,76,122,1.7,0.5,N,PA,BREVES,A228,-1.680251,-50.478139,11.0
1318,2019-08-08,16:00,0.0,1014.0,1014.9,1014.0,3431,33.1,21.6,33.1,31.9,22.9,20.0,60,48,51,152,3.5,0.9,N,PA,BREVES,A228,-1.680251,-50.478139,11.0
1319,2019-08-08,20:00,0.0,1012.0,1012.2,1012.0,777,31.5,22.3,31.8,29.7,24.8,21.8,74,55,58,207,1.8,0.6,N,PA,BREVES,A228,-1.680251,-50.478139,11.0
1320,2019-08-09,00:00,0.0,1014.5,1014.5,1013.7,-9999,26.4,23.4,26.8,26.2,23.9,23.2,86,82,83,88,2.0,0.8,N,PA,BREVES,A228,-1.680251,-50.478139,11.0
1321,2019-08-09,04:00,0.0,1014.2,1015.1,1014.2,-9999,25.3,22.5,25.6,25.3,22.7,22.5,85,84,84,68,3.1,1.1,N,PA,BREVES,A228,-1.680251,-50.478139,11.0
1322,2019-08-09,08:00,0.0,1013.2,1013.2,1012.8,-9999,24.4,22.5,24.7,24.4,22.7,22.4,90,87,90,76,1.3,0.4,N,PA,BREVES,A228,-1.680251,-50.478139,11.0
1323,2019-08-09,12:00,0.0,1014.9,1015.1,1014.7,788,26.7,22.3,26.7,24.9,22.8,22.2,87,76,77,9,2.6,1.0,N,PA,BREVES,A228,-1.680251,-50.478139,11.0
1324,2019-08-09,16:00,0.0,1012.6,1013.7,1012.6,2987,33.3,21.9,33.4,30.6,24.4,21.3,67,50,51,215,2.7,1.2,N,PA,BREVES,A228,-1.680251,-50.478139,11.0
1325,2019-08-09,20:00,0.0,1011.0,1011.0,1010.9,1161,31.6,22.7,32.7,31.0,24.0,21.4,67,51,59,89,2.5,0.6,N,PA,BREVES,A228,-1.680251,-50.478139,11.0
1326,2019-08-10,00:00,0.0,1013.3,1013.3,1012.4,-9999,25.7,23.7,26.3,25.7,23.8,23.4,89,86,89,97,1.0,0.3,N,PA,BREVES,A228,-1.680251,-50.478139,11.0
1327,2019-08-10,04:00,0.0,1013.6,1014.2,1013.6,-9999,25.5,22.7,25.8,25.1,23.4,22.7,89,84,85,81,3.2,1.1,N,PA,BREVES,A228,-1.680251,-50.478139,11.0
1328,2019-08-10,08:00,0.0,1013.0,1013.0,1012.6,-9999,23.4,22.2,23.7,23.3,22.4,22.1,93,92,93,90,0.9,0.2,N,PA,BREVES,A228,-1.680251,-50.478139,11.0
1329,2019-08-10,12:00,0.0,1014.6,1014.6,1014.1,1362,28.3,23.4,28.4,26.2,24.1,23.1,84,74,75,85,4.6,2.0,N,PA,BREVES,A228,-1.680251,-50.478139,11.0
1330,2019-08-10,16:00,0.0,1013.0,1013.9,1013.0,3239,32.9,22.4,33.1,32.0,24.1,21.4,63,51,54,136,4.8,1.5,N,PA,BREVES,A228,-1.680251,-50.478139,11.0
1331,2019-08-10,20:00,0.0,1011.1,1011.2,1011.1,1391,32.7,21.8,33.6,32.6,22.7,20.5,54,48,53,122,3.6,1.1,N,PA,BREVES,A228,-1.680251,-50.478139,11.0
1332,2019-08-11,00:00,0.0,1013.1,1013.1,1012.4,-9999,26.1,23.6,26.7,26.1,23.8,23.3,86,83,86,76,1.3,0.3,N,PA,BREVES,A228,-1.680251,-50.478139,11.0
1333,2019-08-11,04:00,0.0,1013.6,1014.0,1013.6,-9999,24.4,22.4,24.8,24.4,22.9,22.4,90,87,89,65,2.1,0.6,N,PA,BREVES,A228,-1.680251,-50.478139,11.0
1334,2019-08-11,08:00,0.0,1012.6,1012.7,1012.5,-9999,23.2,21.9,23.4,23.1,22.1,21.8,93,92,92,96,1.7,0.3,N,PA,BREVES,A228,-1.680251,-50.478139,11.0
1335,2019-08-11,12:00,0.0,1014.4,1014.4,1014.0,1351,28.2,24.1,28.3,25.4,24.3,23.1,88,78,79,94,4.9,2.2,N,PA,BREVES,A228,-1.680251,-50.478139,11.0
1336,2019-08-11,16:00,0.0,1013.0,1013.6,1013.0,3391,33.3,21.5,33.4,32.0,23.1,20.8,58,48,50,82,5.0,1.4,N,PA,BREVES,A228,-1.680251,-50.478139,11.0
1337,2019-08-11,20:00,0.0,1010.3,1010.4,1010.2,937,32.1,21.4,33.1,30.1,24.1,21.4,68,52,53,145,3.5,1.2,N,PA,BREVES,A228,-1.680251,-50.478139,11.0
1338,2019-08-12,00:00,0.0,1012.2,1012.2,1011.5,-9999,24.9,22.0,25.6,24.9,22.4,21.7,85,79,84,67,1.3,0.4,N,PA,BREVES,A228,-1.680251,-50.478139,11.0
1339,2019-08-12,04:00,0.0,1012.7,1013.2,1012.7,-9999,24.3,22.6,25.3,24.3,22.8,22.6,90,86,90,124,2.4,0.2,N,PA,BREVES,A228,-1.680251,-50.478139,11.0
1340,2019-08-12,08:00,0.0,1011.1,1011.2,1011.1,-9999,23.6,22.3,23.8,23.5,22.4,22.2,93,92,93,31,0.8,0.4,N,PA,BREVES,A228,-1.680251,-50.478139,11.0
1341,2019-08-12,12:00,0.0,1013.1,1013.1,1012.4,1407,28.3,22.9,28.3,26.0,23.8,22.9,86,72,72,84,5.7,2.4,N,PA,BREVES,A228,-1.680251,-50.478139,11.0
1342,2019-08-12,16:00,0.0,1011.1,1012.2,1011.1,2648,32.8,23.8,32.8,31.2,24.7,21.7,65,54,59,79,4.0,1.5,N,PA,BREVES,A228,-1.680251,-50.478139,11.0
1343,2019-08-12,20:00,0.0,1008.9,1009.1,1008.9,1368,32.6,22.6,33.2,31.9,23.9,21.9,60,55,56,238,2.5,0.5,N,PA,BREVES,A228,-1.680251,-50.478139,11.0
1344,2019-08-13,00:00,0.0,1011.5,1011.5,1010.4,-9999,25.9,22.9,26.7,25.9,23.2,22.7,84,79,83,175,3.1,0.3,N,PA,BREVES,A228,-1.680251,-50.478139,11.0
1345,2019-08-13,04:00,0.0,1011.9,1012.3,1011.8,-9999,25.2,22.5,25.2,24.9,22.7,22.3,87,85,85,47,1.4,0.5,N,PA,BREVES,A228,-1.680251,-50.478139,11.0
1346,2019-08-13,08:00,0.0,1010.5,1010.5,1010.4,-9999,23.2,22.0,23.7,23.2,22.3,22.0,93,92,93,56,0.8,0.2,N,PA,BREVES,A228,-1.680251,-50.478139,11.0
1347,2019-08-13,12:00,0.0,1012.3,1012.3,1011.9,1391,28.2,23.3,28.6,26.1,24.1,22.6,82,73,75,87,4.2,2.1,N,PA,BREVES,A228,-1.680251,-50.478139,11.0
1348,2019-08-13,16:00,0.0,1010.6,1011.6,1010.5,3307,33.4,24.2,33.4,32.0,25.0,22.1,65,53,59,93,4.0,1.9,N,PA,BREVES,A228,-1.680251,-50.478139,11.0
1349,2019-08-13,20:00,0.0,1008.3,1008.6,1008.2,1402,32.4,22.3,33.9,32.4,24.0,22.0,59,52,55,147,4.7,1.2,N,PA,BREVES,A228,-1.680251,-50.478139,11.0
1350,2019-08-14,00:00,0.0,1011.6,1011.6,1010.4,-9999,27.1,23.9,27.1,26.3,24.1,23.9,87,82,82,31,1.5,0.7,N,PA,BREVES,A228,-1.680251,-50.478139,11.0
1351,2019-08-14,04:00,0.0,1012.3,1012.8,1012.3,-9999,24.8,22.8,24.9,24.8,22.8,22.7,89,87,89,73,2.6,0.9,N,PA,BREVES,A228,-1.680251,-50.478139,11.0
1352,2019-08-14,08:00,0.0,1011.4,1011.4,1011.2,-9999,24.5,22.8,24.6,24.5,22.8,22.7,90,89,90,29,2.1,0.5,N,PA,BREVES,A228,-1.680251,-50.478139,11.0
1353,2019-08-14,12:00,0.0,1013.2,1013.2,1012.6,1222,28.3,23.7,28.5,26.8,24.3,23.5,83,75,76,76,5.9,2.1,N,PA,BREVES,A228,-1.680251,-50.478139,11.0
1354,2019-08-14,16:00,0.0,1011.9,1013.0,1011.9,2691,32.7,24.0,32.9,31.0,24.7,22.7,66,56,60,94,5.2,1.5,N,PA,BREVES,A228,-1.680251,-50.478139,11.0
1355,2019-08-14,20:00,0.0,1009.2,1009.2,1008.5,1489,31.6,23.2,33.1,31.6,24.5,22.7,65,57,61,111,7.3,1.4,N,PA,BREVES,A228,-1.680251,-50.478139,11.0
1356,2019-08-15,00:00,0.0,1013.2,1013.2,1011.8,-9999,25.0,22.7,25.3,25.0,23.0,22.6,89,85,87,68,2.4,0.9,N,PA,BREVES,A228,-1.680251,-50.478139,11.0
1357,2019-08-15,04:00,0.0,1013.1,1013.6,1013.1,-9999,24.2,22.2,24.5,24.2,22.4,22.0,89,87,89,43,1.8,0.5,N,PA,BREVES,A228,-1.680251,-50.478139,11.0
1358,2019-08-15,08:00,0.0,1012.3,1012.3,1012.1,-9999,23.2,22.0,23.7,23.2,22.2,21.9,92,91,92,50,1.0,0.5,N,PA,BREVES,A228,-1.680251,-50.478139,11.0
1359,2019-08-15,12:00,0.0,1013.8,1013.8,1013.4,1241,27.3,23.6,27.4,26.2,23.6,22.9,83,79,80,81,5.3,2.4,N,PA,BREVES,A228,-1.680251,-50.478139,11.0
1360,2019-08-15,16:00,0.0,1012.2,1013.2,1012.2,2565,31.4,22.6,32.7,30.7,24.9,22.1,68,57,60,96,5.4,1.9,N,PA,BREVES,A228,-1.680251,-50.478139,11.0
1361,2019-08-15,20:00,0.0,1009.9,1010.1,1009.7,790,26.0,23.1,27.5,25.3,23.9,22.0,88,75,84,166,5.5,0.4,N,PA,BREVES,A228,-1.680251,-50.478139,11.0
1362,2019-08-16,00:00,0.0,1012.6,1012.6,1011.3,-9999,24.6,22.8,24.6,24.1,23.2,22.8,93,90,90,60,2.9,1.0,N,PA,BREVES,A228,-1.680251,-50.478139,11.0
1363,2019-08-16,04:00,0.0,1013.0,1013.4,1012.9,-9999,23.3,22.1,23.6,23.2,22.4,22.1,93,93,93,187,1.1,0.4,N,PA,BREVES,A228,-1.680251,-50.478139,11.0
1364,2019-08-16,08:00,0.0,1011.7,1011.7,1011.6,-9999,22.3,21.3,22.6,22.3,21.5,21.3,94,94,94,143,0.7,0.3,N,PA,BREVES,A228,-1.680251,-50.478139,11.0
1365,2019-08-16,12:00,0.0,1013.4,1013.4,1013.1,1355,27.6,23.9,27.8,25.2,24.6,23.0,88,80,80,95,4.6,1.5,N,PA,BREVES,A228,-1.680251,-50.478139,11.0
1366,2019-08-16,16:00,0.0,1012.1,1012.9,1012.1,2830,31.9,22.7,32.0,29.8,24.9,22.4,71,58,58,123,6.3,2.1,N,PA,BREVES,A228,-1.680251,-50.478139,11.0
1367,2019-08-16,20:00,0.0,1010.2,1010.2,1009.9,1460,31.3,21.5,32.5,31.3,22.8,21.2,57,53,56,135,5.4,1.3,N,PA,BREVES,A228,-1.680251,-50.478139,11.0
1368,2019-08-17,00:00,0.0,1011.8,1011.9,1011.3,-9999,25.2,23.3,25.6,25.2,23.4,23.0,89,87,89,141,0.5,0.1,N,PA,BREVES,A228,-1.680251,-50.478139,11.0
1369,2019-08-17,04:00,0.0,1013.2,1013.8,1013.2,-9999,24.3,22.6,24.9,24.3,22.8,22.6,90,88,90,79,2.9,0.8,N,PA,BREVES,A228,-1.680251,-50.478139,11.0
1370,2019-08-17,08:00,0.0,1012.2,1012.3,1012.1,-9999,22.9,21.7,23.2,22.9,22.0,21.7,93,93,93,86,1.3,0.6,N,PA,BREVES,A228,-1.680251,-50.478139,11.0
1371,2019-08-17,12:00,0.0,1013.7,1013.8,1013.5,1377,27.8,23.3,27.8,25.5,23.8,22.8,87,76,76,75,4.7,2.0,N,PA,BREVES,A228,-1.680251,-50.478139,11.0
1372,2019-08-17,16:00,0.0,1012.0,1013.0,1012.0,3359,33.1,23.0,33.2,32.1,23.3,20.5,58,49,56,182,4.9,1.2,N,PA,BREVES,A228,-1.680251,-50.478139,11.0
1373,2019-08-17,20:00,0.0,1010.0,1010.1,1009.9,1425,32.3,19.4,33.6,32.1,20.5,18.1,49,40,47,118,4.9,1.0,N,PA,BREVES,A228,-1.680251,-50.478139,11.0
1374,2019-08-18,00:00,0.0,1011.6,1011.6,1010.9,-9999,24.7,22.5,25.3,24.7,22.6,22.4,88,84,88,90,0.9,0.3,N,PA,BREVES,A228,-1.680251,-50.478139,11.0
1375,2019-08-18,04:00,0.0,1012.3,1012.5,1012.3,-9999,24.6,22.4,25.1,24.6,22.5,22.4,88,86,88,72,2.7,0.9,N,PA,BREVES,A228,-1.680251,-50.478139,11.0
1376,2019-08-18,08:00,0.0,1011.6,1011.6,1011.5,-9999,23.0,21.8,23.3,22.9,22.0,21.7,93,92,93,75,0.9,0.2,N,PA,BREVES,A228,-1.680251,-50.478139,11.0
1377,2019-08-18,12:00,0.0,1013.4,1013.4,1012.7,1313,28.1,23.6,28.1,25.5,24.0,23.0,87,76,77,82,3.9,1.7,N,PA,BREVES,A228,-1.680251,-50.478139,11.0
1378,2019-08-18,16:00,0.0,1012.5,1013.3,1012.5,2745,32.1,22.7,32.9,31.0,24.3,21.4,65,51,58,83,4.2,1.8,N,PA,BREVES,A228,-1.680251,-50.478139,11.0
1379,2019-08-18,20:00,0.0,1010.4,1010.6,1010.3,1466,32.6,21.3,33.1,32.4,22.0,20.1,54,48,52,110,4.2,0.9,N,PA,BREVES,A228,-1.680251,-50.478139,11.0
1380,2019-08-19,00:00,0.0,1011.9,1011.9,1011.4,-9999,25.1,23.0,25.8,25.0,23.1,22.4,89,82,89,61,0.6,0.2,N,PA,BREVES,A228,-1.680251,-50.478139,11.0
1381,2019-08-19,04:00,0.0,1012.8,1013.1,1012.8,-9999,24.3,22.3,24.9,24.3,22.4,22.3,89,86,89,49,3.1,0.4,N,PA,BREVES,A228,-1.680251,-50.478139,11.0
1382,2019-08-19,08:00,0.0,1012.2,1012.2,1011.8,-9999,24.0,22.2,24.1,23.8,22.3,22.0,90,89,90,64,1.8,0.6,N,PA,BREVES,A228,-1.680251,-50.478139,11.0
1383,2019-08-19,12:00,0.0,1013.8,1013.8,1013.3,1422,28.6,23.5,28.7,26.5,23.7,22.9,83,74,74,79,4.3,1.5,N,PA,BREVES,A228,-1.680251,-50.478139,11.0
1384,2019-08-19,16:00,0.0,1012.2,1013.2,1012.2,2578,33.6,22.3,33.7,31.6,23.7,21.2,62,49,52,134,4.3,0.7,N,PA,BREVES,A228,-1.680251,-50.478139,11.0
1385,2019-08-19,20:00,0.0,1009.6,1009.8,1009.5,1484,32.8,21.3,34.3,32.8,21.5,19.6,51,43,51,158,2.5,0.6,N,PA,BREVES,A228,-1.680251,-50.478139,11.0
1386,2019-08-20,00:00,0.0,1012.1,1012.1,1011.1,-9999,26.5,22.2,27.0,26.0,22.3,21.6,79,73,77,96,3.6,1.1,N,PA,BREVES,A228,-1.680251,-50.478139,11.0
1387,2019-08-20,04:00,0.0,1013.0,1013.2,1013.0,-9999,24.2,21.1,25.2,24.2,21.5,21.1,83,80,83,71,3.6,1.4,N,PA,BREVES,A228,-1.680251,-50.478139,11.0
1388,2019-08-20,08:00,0.0,1012.2,1012.3,1012.2,-9999,23.4,21.3,23.7,23.4,21.5,21.3,88,87,88,73,3.2,0.8,N,PA,BREVES,A228,-1.680251,-50.478139,11.0
1389,2019-08-20,12:00,0.0,1014.1,1014.2,1013.6,1386,28.0,23.1,28.1,25.5,23.5,22.2,83,74,75,71,4.4,1.8,N,PA,BREVES,A228,-1.680251,-50.478139,11.0
1390,2019-08-20,16:00,0.0,1012.7,1013.6,1012.7,2564,32.4,23.1,32.7,31.2,24.1,22.2,64,56,58,82,3.9,1.4,N,PA,BREVES,A228,-1.680251,-50.478139,11.0
1391,2019-08-20,20:00,0.0,1010.7,1010.8,1010.6,755,30.4,24.0,33.4,30.4,24.0,21.8,69,51,69,139,4.2,0.7,N,PA,BREVES,A228,-1.680251,-50.478139,11.0
1392,2019-08-21,00:00,0.0,1013.3,1013.3,1012.4,-9999,23.8,21.5,24.4,23.8,22.1,21.0,88,82,87,95,3.0,0.7,N,PA,BREVES,A228,-1.680251,-50.478139,11.0
1393,2019-08-21,04:00,0.0,1013.7,1014.3,1013.7,-9999,23.2,21.9,23.3,23.1,22.0,21.8,93,92,93,101,0.9,0.5,N,PA,BREVES,A228,-1.680251,-50.478139,11.0
1394,2019-08-21,08:00,0.0,1013.0,1013.0,1012.6,-9999,23.5,22.2,23.9,23.4,22.3,22.1,92,91,92,76,2.6,0.5,N,PA,BREVES,A228,-1.680251,-50.478139,11.0
1395,2019-08-21,12:00,0.0,1015.1,1015.1,1014.4,1325,27.7,23.8,27.8,26.0,24.2,23.1,85,79,79,74,5.1,1.8,N,PA,BREVES,A228,-1.680251,-50.478139,11.0
1396,2019-08-21,16:00,0.0,1013.4,1014.5,1013.4,2808,32.3,23.0,32.5,30.7,24.6,22.4,65,57,58,72,4.3,1.7,N,PA,BREVES,A228,-1.680251,-50.478139,11.0
1397,2019-08-21,20:00,0.0,1011.1,1011.1,1010.6,1263,27.9,21.7,33.6,27.9,22.8,20.3,69,49,69,76,7.4,1.4,N,PA,BREVES,A228,-1.680251,-50.478139,11.0
1398,2019-08-22,00:00,0.0,1013.1,1013.1,1012.5,-9999,23.5,21.5,23.8,23.5,21.5,21.3,89,86,88,52,2.9,0.8,N,PA,BREVES,A228,-1.680251,-50.478139,11.0
1399,2019-08-22,04:00,0.0,1013.8,1014.1,1013.8,-9999,23.4,22.0,23.4,22.8,22.1,21.5,93,92,92,58,1.5,0.6,N,PA,BREVES,A228,-1.680251,-50.478139,11.0
1400,2019-08-22,08:00,0.0,1012.7,1012.7,1012.3,-9999,22.5,21.3,22.7,22.4,21.6,21.2,93,93,93,139,1.4,0.3,N,PA,BREVES,A228,-1.680251,-50.478139,11.0
1401,2019-08-22,12:00,0.0,1014.6,1014.6,1014.2,1386,28.2,23.5,28.2,25.9,23.7,22.9,84,75,76,89,4.5,2.0,N,PA,BREVES,A228,-1.680251,-50.478139,11.0
1402,2019-08-22,16:00,0.0,1013.0,1013.8,1013.0,2079,30.5,22.4,31.6,30.4,23.9,22.2,67,58,62,63,3.7,1.7,N,PA,BREVES,A228,-1.680251,-50.478139,11.0
1403,2019-08-22,20:00,0.0,1010.9,1011.0,1010.9,1249,32.1,22.0,32.7,31.5,23.5,21.2,63,51,55,61,1.5,0.4,N,PA,BREVES,A228,-1.680251,-50.478139,11.0
1404,2019-08-23,00:00,0.0,1013.7,1013.7,1012.8,-9999,25.0,21.4,26.5,25.0,21.5,21.0,81,73,80,81,5.4,0.7,N,PA,BREVES,A228,-1.680251,-50.478139,11.0
1405,2019-08-23,04:00,0.0,1013.8,1014.5,1013.8,-9999,23.0,21.5,23.5,23.0,21.7,21.5,92,89,91,65,1.2,0.5,N,PA,BREVES,A228,-1.680251,-50.478139,11.0
1406,2019-08-23,08:00,0.0,1013.2,1013.2,1012.7,-9999,22.5,21.3,22.7,22.5,21.5,21.2,93,92,93,95,1.6,0.6,N,PA,BREVES,A228,-1.680251,-50.478139,11.0
1407,2019-08-23,12:00,0.0,1015.3,1015.3,1014.7,1150,27.9,23.0,28.0,25.2,23.3,22.3,86,74,75,87,3.2,1.3,N,PA,BREVES,A228,-1.680251,-50.478139,11.0
1408,2019-08-23,16:00,0.0,1013.2,1014.1,1013.2,2760,32.2,22.4,32.3,30.7,23.7,22.0,65,55,56,345,4.6,1.5,N,PA,BREVES,A228,-1.680251,-50.478139,11.0
1409,2019-08-23,20:00,0.0,1010.8,1011.0,1010.8,834,32.0,22.3,32.7,30.1,24.7,21.5,70,53,57,129,1.6,0.5,N,PA,BREVES,A228,-1.680251,-50.478139,11.0
1410,2019-08-24,00:00,0.0,1014.0,1014.0,1013.1,-9999,26.1,21.7,27.1,26.1,22.2,21.5,77,75,77,91,6.0,1.2,N,PA,BREVES,A228,-1.680251,-50.478139,11.0
1411,2019-08-24,04:00,0.0,1014.0,1014.6,1014.0,-9999,23.3,21.4,24.0,23.3,21.8,21.4,89,88,89,126,2.5,0.4,N,PA,BREVES,A228,-1.680251,-50.478139,11.0
1412,2019-08-24,08:00,0.0,1012.9,1012.9,1012.6,-9999,21.8,20.6,22.3,21.8,21.0,20.6,93,92,93,173,1.2,0.4,N,PA,BREVES,A228,-1.680251,-50.478139,11.0
1413,2019-08-24,12:00,0.0,1015.1,1015.1,1014.6,1359,27.7,22.8,27.7,25.0,23.0,22.0,84,74,75,61,3.8,1.7,N,PA,BREVES,A228,-1.680251,-50.478139,11.0
1414,2019-08-24,16:00,0.0,1012.5,1013.6,1012.5,3368,32.0,21.7,32.9,31.4,23.3,21.6,61,52,54,79,5.3,2.3,N,PA,BREVES,A228,-1.680251,-50.478139,11.0
1415,2019-08-24,20:00,0.0,1010.8,1010.8,1010.4,827,31.2,23.7,32.6,30.7,24.3,23.1,67,58,64,129,3.1,0.8,N,PA,BREVES,A228,-1.680251,-50.478139,11.0
1416,2019-08-25,00:00,0.0,1013.1,1013.1,1012.1,-9999,25.6,21.8,26.6,25.6,22.7,21.8,83,77,80,64,2.4,1.1,N,PA,BREVES,A228,-1.680251,-50.478139,11.0
1417,2019-08-25,04:00,0.0,1013.6,1013.9,1013.6,-9999,24.8,22.4,25.1,24.8,22.4,22.4,87,85,87,76,4.2,1.2,N,PA,BREVES,A228,-1.680251,-50.478139,11.0
1418,2019-08-25,08:00,0.0,1012.6,1012.6,1012.5,-9999,23.3,22.1,23.6,23.2,22.2,22.0,93,92,93,68,1.2,0.6,N,PA,BREVES,A228,-1.680251,-50.478139,11.0
1419,2019-08-25,12:00,0.0,1014.3,1014.3,1013.5,1402,28.3,23.8,28.3,25.8,23.8,23.0,85,76,77,84,6.1,2.2,N,PA,BREVES,A228,-1.680251,-50.478139,11.0
1420,2019-08-25,16:00,0.0,1012.5,1013.3,1012.5,2918,31.8,22.2,32.9,31.2,24.2,21.9,63,55,57,79,5.1,1.9,N,PA,BREVES,A228,-1.680251,-50.478139,11.0
1421,2019-08-25,20:00,0.0,1010.2,1010.3,1010.1,1305,31.1,22.9,33.1,31.1,23.7,21.3,62,50,62,194,3.4,0.8,N,PA,BREVES,A228,-1.680251,-50.478139,11.0
1422,2019-08-26,00:00,0.0,1011.9,1012.1,1011.3,-9999,26.6,23.4,27.1,26.2,24.0,23.4,87,82,83,80,2.2,0.8,N,PA,BREVES,A228,-1.680251,-50.478139,11.0
1423,2019-08-26,04:00,0.0,1012.9,1013.8,1012.8,-9999,23.5,22.0,23.8,23.5,22.2,21.9,91,90,91,67,3.3,1.1,N,PA,BREVES,A228,-1.680251,-50.478139,11.0
1424,2019-08-26,08:00,0.0,1011.8,1011.8,1011.4,-9999,22.9,21.6,23.1,22.9,21.9,21.6,93,92,92,52,1.6,0.5,N,PA,BREVES,A228,-1.680251,-50.478139,11.0
1425,2019-08-26,12:00,0.0,1014.2,1014.2,1013.4,1333,26.8,23.2,27.1,25.0,23.6,22.4,87,79,81,82,4.5,2.3,N,PA,BREVES,A228,-1.680251,-50.478139,11.0
1426,2019-08-26,16:00,0.0,1012.6,1013.8,1012.6,3162,31.5,23.8,32.1,29.9,24.2,22.0,69,57,64,70,5.4,1.9,N,PA,BREVES,A228,-1.680251,-50.478139,11.0
1427,2019-08-26,20:00,0.0,1010.6,1010.9,1010.6,373,26.9,21.5,27.3,26.8,22.1,20.9,75,68,72,36,2.5,1.1,N,PA,BREVES,A228,-1.680251,-50.478139,11.0
1428,2019-08-27,00:00,0.0,1013.3,1013.4,1011.9,-9999,23.9,22.4,24.2,23.9,22.7,22.4,91,91,91,76,1.7,0.8,N,PA,BREVES,A228,-1.680251,-50.478139,11.0
1429,2019-08-27,04:00,0.0,1012.5,1013.6,1012.5,-9999,23.8,22.2,24.1,23.8,22.4,22.2,91,90,91,20,2.9,0.8,N,PA,BREVES,A228,-1.680251,-50.478139,11.0
1430,2019-08-27,08:00,0.0,1012.1,1012.1,1011.9,-9999,22.3,21.1,22.5,22.2,21.2,21.0,93,92,93,61,0.8,0.4,N,PA,BREVES,A228,-1.680251,-50.478139,11.0
1431,2019-08-27,12:00,0.0,1014.1,1014.1,1013.6,1391,27.7,23.1,27.9,25.6,23.7,22.5,84,75,76,84,5.4,2.0,N,PA,BREVES,A228,-1.680251,-50.478139,11.0
1432,2019-08-27,16:00,0.0,1012.6,1013.5,1012.6,2911,31.7,23.3,32.1,30.4,24.4,22.2,69,58,61,112,4.5,1.7,N,PA,BREVES,A228,-1.680251,-50.478139,11.0
1433,2019-08-27,20:00,0.0,1010.7,1010.8,1010.4,494,30.2,22.7,31.8,30.0,23.4,22.2,67,60,64,103,4.0,1.0,N,PA,BREVES,A228,-1.680251,-50.478139,11.0
1434,2019-08-28,00:00,0.0,1013.1,1013.1,1012.4,-9999,25.0,22.1,26.0,25.0,22.1,21.9,84,78,84,53,3.6,1.2,N,PA,BREVES,A228,-1.680251,-50.478139,11.0
1435,2019-08-28,04:00,0.0,1012.6,1013.2,1012.6,-9999,24.2,22.0,24.5,24.2,22.2,22.0,88,86,87,81,3.6,1.5,N,PA,BREVES,A228,-1.680251,-50.478139,11.0
1436,2019-08-28,08:00,0.0,1011.9,1011.9,1011.6,-9999,23.0,21.7,23.2,22.9,21.7,21.5,92,91,92,349,1.2,0.3,N,PA,BREVES,A228,-1.680251,-50.478139,11.0
1437,2019-08-28,12:00,0.0,1014.0,1014.0,1013.6,1248,27.5,22.8,28.0,25.3,23.8,22.4,85,75,76,67,5.3,2.0,N,PA,BREVES,A228,-1.680251,-50.478139,11.0
1438,2019-08-28,16:00,0.0,1012.2,1013.3,1012.2,2596,31.6,22.5,32.5,30.8,24.5,22.2,66,55,58,69,4.3,1.2,N,PA,BREVES,A228,-1.680251,-50.478139,11.0
1439,2019-08-28,20:00,6.0,1009.8,1010.2,1009.7,553,26.3,24.3,33.3,25.9,24.7,21.9,89,51,89,114,6.2,0.7,N,PA,BREVES,A228,-1.680251,-50.478139,11.0
1440,2019-08-29,00:00,0.0,1012.3,1012.3,1011.3,-9999,25.3,23.1,25.9,25.2,24.0,23.1,91,87,88,72,2.5,1.2,N,PA,BREVES,A228,-1.680251,-50.478139,11.0
1441,2019-08-29,04:00,0.0,1012.4,1013.1,1012.4,-9999,23.3,21.8,23.3,23.1,21.8,21.7,92,91,91,73,2.0,1.2,N,PA,BREVES,A228,-1.680251,-50.478139,11.0
1442,2019-08-29,08:00,0.0,1011.0,1011.1,1010.9,-9999,23.1,21.9,23.4,23.0,22.0,21.8,93,92,93,85,2.0,0.7,N,PA,BREVES,A228,-1.680251,-50.478139,11.0
1443,2019-08-29,12:00,0.0,1012.7,1012.7,1012.3,1454,28.3,23.9,28.3,26.1,23.9,22.8,84,76,77,79,6.1,1.9,N,PA,BREVES,A228,-1.680251,-50.478139,11.0
1444,2019-08-29,16:00,0.0,1011.1,1012.2,1011.1,3211,32.3,22.5,32.9,31.3,24.7,22.2,65,55,56,88,4.5,1.2,N,PA,BREVES,A228,-1.680251,-50.478139,11.0
1445,2019-08-29,20:00,0.0,1008.6,1008.8,1008.5,1385,32.4,22.7,33.2,32.4,23.8,22.3,58,53,57,67,2.8,1.2,N,PA,BREVES,A228,-1.680251,-50.478139,11.0
1446,2019-08-30,00:00,0.0,1011.8,1011.8,1010.7,-9999,24.5,22.4,24.9,24.4,23.0,22.4,91,88,88,74,2.9,0.9,N,PA,BREVES,A228,-1.680251,-50.478139,11.0
1447,2019-08-30,04:00,0.0,1012.6,1013.2,1012.6,-9999,23.0,21.6,23.6,23.0,21.7,21.6,92,89,92,76,2.2,1.0,N,PA,BREVES,A228,-1.680251,-50.478139,11.0
1448,2019-08-30,08:00,0.0,1011.6,1011.7,1011.5,-9999,22.6,21.5,22.7,22.5,21.5,21.3,93,93,93,85,1.3,0.5,N,PA,BREVES,A228,-1.680251,-50.478139,11.0
1449,2019-08-30,12:00,0.0,1013.3,1013.3,1012.9,804,26.6,24.1,26.6,24.8,24.1,22.9,90,84,86,60,3.5,1.0,N,PA,BREVES,A228,-1.680251,-50.478139,11.0
1450,2019-08-30,16:00,0.0,1012.0,1012.9,1012.0,3069,32.3,22.5,32.8,30.8,24.0,21.9,66,55,56,80,4.1,2.0,N,PA,BREVES,A228,-1.680251,-50.478139,11.0
1451,2019-08-30,20:00,0.0,1009.3,1009.4,1008.7,342,24.7,22.4,24.9,24.1,22.4,21.1,88,81,87,160,4.3,0.5,N,PA,BREVES,A228,-1.680251,-50.478139,11.0
1452,2019-08-31,00:00,0.0,1012.0,1012.0,1011.1,-9999,23.8,22.1,24.3,23.8,22.3,21.9,90,88,90,52,3.0,0.6,N,PA,BREVES,A228,-1.680251,-50.478139,11.0
1453,2019-08-31,04:00,0.0,1012.0,1012.7,1011.9,-9999,23.1,21.7,23.3,23.1,21.8,21.7,92,91,92,87,2.3,0.7,N,PA,BREVES,A228,-1.680251,-50.478139,11.0
1454,2019-08-31,08:00,0.0,1011.4,1011.4,1011.0,-9999,23.2,22.1,23.2,23.0,22.1,21.8,94,93,93,72,1.1,0.6,N,PA,BREVES,A228,-1.680251,-50.478139,11.0
1455,2019-08-31,12:00,0.0,1013.1,1013.1,1012.5,1424,27.8,23.7,27.8,25.8,24.0,23.3,87,78,78,79,7.1,2.5,N,PA,BREVES,A228,-1.680251,-50.478139,11.0
1456,2019-08-31,16:00,0.0,1011.3,1012.4,1011.3,3246,32.3,22.6,33.4,31.3,24.7,22.0,63,54,57,101,4.5,1.4,N,PA,BREVES,A228,-1.680251,-50.478139,11.0
1457,2019-08-31,20:00,0.0,1009.1,1009.2,1008.9,1476,31.9,22.9,33.0,31.8,25.3,22.3,66,54,59,95,4.7,1.7,N,PA,BREVES,A228,-1.680251,-50.478139,11.0
1458,2019-09-01,00:00,0.0,1011.1,1011.1,1009.9,-9999,25.2,22.0,26.2,25.2,22.9,21.9,83,81,83,69,3.4,1.4,N,PA,BREVES,A228,-1.680251,-50.478139,11.0
1459,2019-09-01,04:00,0.0,1011.3,1011.9,1011.3,-9999,24.0,22.2,24.2,24.0,22.3,22.1,90,89,90,78,2.8,0.7,N,PA,BREVES,A228,-1.680251,-50.478139,11.0
1460,2019-09-01,08:00,0.0,1010.3,1010.4,1010.3,-9999,23.5,22.2,23.7,23.5,22.4,22.2,93,92,93,22,1.0,0.2,N,PA,BREVES,A228,-1.680251,-50.478139,11.0
1461,2019-09-01,12:00,0.0,1012.9,1012.9,1012.2,1451,28.1,23.7,28.1,26.3,24.0,23.1,83,76,77,87,6.0,2.4,N,PA,BREVES,A228,-1.680251,-50.478139,11.0
1462,2019-09-01,16:00,0.0,1010.6,1011.7,1010.6,3502,32.2,22.8,32.9,31.5,23.9,22.2,64,55,58,107,4.6,1.8,N,PA,BREVES,A228,-1.680251,-50.478139,11.0
1463,2019-09-01,20:00,0.0,1008.1,1008.4,1008.1,1218,32.1,23.7,33.7,31.7,23.9,21.4,62,49,61,131,3.3,0.5,N,PA,BREVES,A228,-1.680251,-50.478139,11.0
1464,2019-09-02,00:00,0.0,1010.0,1010.0,1009.4,-9999,25.1,21.4,26.2,25.0,21.5,20.6,81,73,80,64,5.0,1.1,N,PA,BREVES,A228,-1.680251,-50.478139,11.0
1465,2019-09-02,04:00,0.0,1010.8,1011.3,1010.8,-9999,23.3,21.8,23.9,23.3,22.0,21.8,91,88,91,99,1.5,0.5,N,PA,BREVES,A228,-1.680251,-50.478139,11.0
1466,2019-09-02,08:00,0.0,1010.1,1010.2,1010.1,-9999,22.9,21.8,23.1,22.8,21.8,21.6,93,93,93,73,1.6,0.8,N,PA,BREVES,A228,-1.680251,-50.478139,11.0
1467,2019-09-02,12:00,0.0,1012.1,1012.1,1011.7,1423,28.2,23.7,28.4,25.6,24.0,22.7,85,76,77,64,5.8,1.9,N,PA,BREVES,A228,-1.680251,-50.478139,11.0
1468,2019-09-02,16:00,0.0,1010.0,1011.1,1010.0,3249,31.9,23.0,32.6,31.2,24.4,22.4,65,58,59,56,5.3,1.7,N,PA,BREVES,A228,-1.680251,-50.478139,11.0
1469,2019-09-02,20:00,0.0,1007.3,1007.6,1007.3,956,32.5,22.6,33.1,30.9,24.2,22.0,66,52,56,188,3.6,0.6,N,PA,BREVES,A228,-1.680251,-50.478139,11.0
1470,2019-09-03,00:00,0.6,1008.8,1008.9,1008.4,-9999,25.0,22.4,28.1,24.9,23.1,21.3,86,71,85,76,6.1,1.3,N,PA,BREVES,A228,-1.680251,-50.478139,11.0
1471,2019-09-03,04:00,0.0,1010.3,1010.8,1010.3,-9999,23.7,22.2,24.1,23.7,22.2,22.0,92,88,92,86,1.5,0.4,N,PA,BREVES,A228,-1.680251,-50.478139,11.0
1472,2019-09-03,08:00,0.0,1009.7,1009.7,1009.4,-9999,23.4,22.2,24.0,23.4,22.5,22.2,93,92,93,248,2.2,0.2,N,PA,BREVES,A228,-1.680251,-50.478139,11.0
1473,2019-09-03,12:00,0.0,1011.8,1011.8,1011.0,1358,28.5,24.0,28.6,26.0,24.3,23.4,86,76,76,79,5.1,2.1,N,PA,BREVES,A228,-1.680251,-50.478139,11.0
1474,2019-09-03,16:00,0.0,1010.5,1011.4,1010.5,2862,33.1,24.1,33.2,31.4,24.8,22.7,65,56,59,138,4.1,1.5,N,PA,BREVES,A228,-1.680251,-50.478139,11.0
1475,2019-09-03,20:00,0.0,1008.3,1008.4,1008.3,1264,32.7,24.4,33.2,32.2,24.5,22.8,63,56,62,134,2.2,0.4,N,PA,BREVES,A228,-1.680251,-50.478139,11.0
1476,2019-09-04,00:00,0.0,1010.2,1010.2,1009.2,-9999,25.8,22.7,27.1,25.8,22.9,22.4,83,77,83,53,1.6,0.6,N,PA,BREVES,A228,-1.680251,-50.478139,11.0
1477,2019-09-04,04:00,0.0,1011.1,1011.4,1010.9,-9999,25.3,23.2,25.3,25.2,23.2,23.0,88,87,88,58,2.7,1.0,N,PA,BREVES,A228,-1.680251,-50.478139,11.0
1478,2019-09-04,08:00,0.0,1011.1,1011.1,1010.8,-9999,24.6,22.9,25.1,24.6,23.5,22.9,91,89,91,75,3.0,0.2,N,PA,BREVES,A228,-1.680251,-50.478139,11.0
1479,2019-09-04,12:00,0.0,1013.4,1013.4,1012.7,1302,28.5,23.6,28.5,26.9,23.8,23.3,82,75,75,84,5.5,2.5,N,PA,BREVES,A228,-1.680251,-50.478139,11.0
1480,2019-09-04,16:00,0.0,1012.4,1013.4,1012.4,2698,31.9,23.3,32.3,30.3,24.3,22.7,68,59,60,75,5.2,2.1,N,PA,BREVES,A228,-1.680251,-50.478139,11.0
1481,2019-09-04,20:00,0.4,1010.4,1010.9,1010.3,304,26.0,23.4,26.3,25.3,24.1,22.9,89,84,85,31,3.7,0.6,N,PA,BREVES,A228,-1.680251,-50.478139,11.0
1482,2019-09-05,00:00,0.0,1012.7,1012.7,1011.5,-9999,25.0,23.6,25.0,24.7,23.6,23.3,92,91,92,36,1.7,0.2,N,PA,BREVES,A228,-1.680251,-50.478139,11.0
1483,2019-09-05,04:00,0.0,1012.8,1013.1,1012.8,-9999,24.5,22.7,24.7,24.5,23.1,22.7,91,90,90,59,1.8,0.6,N,PA,BREVES,A228,-1.680251,-50.478139,11.0
1484,2019-09-05,08:00,0.0,1012.0,1012.0,1011.7,-9999,23.4,21.9,23.7,23.4,22.1,21.9,92,91,92,85,3.0,0.4,N,PA,BREVES,A228,-1.680251,-50.478139,11.0
1485,2019-09-05,12:00,0.0,1014.6,1014.6,1013.9,1447,27.5,23.2,27.8,25.8,23.8,22.8,84,76,77,80,5.3,2.5,N,PA,BREVES,A228,-1.680251,-50.478139,11.0
1486,2019-09-05,16:00,0.0,1012.8,1013.7,1012.8,2796,31.8,23.3,32.2,30.9,23.8,21.9,65,56,61,77,5.7,1.9,N,PA,BREVES,A228,-1.680251,-50.478139,11.0
1487,2019-09-05,20:00,0.0,1010.7,1010.9,1010.6,648,29.1,24.2,32.6,29.1,24.4,22.0,75,54,75,186,3.2,1.1,N,PA,BREVES,A228,-1.680251,-50.478139,11.0
1488,2019-09-06,00:00,0.0,1012.9,1012.9,1012.3,-9999,23.2,22.0,23.3,23.0,22.2,21.9,93,93,93,73,1.5,0.4,N,PA,BREVES,A228,-1.680251,-50.478139,11.0
1489,2019-09-06,04:00,0.0,1012.3,1012.7,1012.3,-9999,22.9,21.9,23.2,22.9,22.1,21.8,94,93,94,91,1.3,0.4,N,PA,BREVES,A228,-1.680251,-50.478139,11.0
1490,2019-09-06,08:00,0.0,1011.6,1011.6,1011.3,-9999,22.3,21.3,22.5,22.3,21.4,21.2,94,94,94,69,1.5,0.5,N,PA,BREVES,A228,-1.680251,-50.478139,11.0
1491,2019-09-06,12:00,0.0,1013.8,1013.9,1013.5,1500,27.4,23.3,27.6,25.0,23.9,22.8,88,78,78,69,3.9,1.4,N,PA,BREVES,A228,-1.680251,-50.478139,11.0
1492,2019-09-06,16:00,0.0,1011.5,1012.7,1011.5,3238,32.6,23.4,32.7,31.5,23.5,21.0,61,52,58,60,4.8,1.2,N,PA,BREVES,A228,-1.680251,-50.478139,11.0
1493,2019-09-06,20:00,0.0,1010.0,1010.0,1009.4,524,30.3,23.9,31.9,30.3,25.2,22.3,71,57,69,70,2.9,1.4,N,PA,BREVES,A228,-1.680251,-50.478139,11.0
1494,2019-09-07,00:00,0.0,1012.3,1012.3,1011.3,-9999,24.3,22.1,24.8,24.3,22.2,22.0,88,85,87,70,2.8,0.8,N,PA,BREVES,A228,-1.680251,-50.478139,11.0
1495,2019-09-07,04:00,0.0,1013.0,1013.8,1013.0,-9999,22.3,20.6,22.4,22.1,20.7,20.4,91,90,90,87,3.9,1.2,N,PA,BREVES,A228,-1.680251,-50.478139,11.0
1496,2019-09-07,08:00,0.0,1012.5,1012.5,1012.0,-9999,21.8,20.7,22.1,21.8,20.8,20.7,94,93,94,108,1.0,0.4,N,PA,BREVES,A228,-1.680251,-50.478139,11.0
1497,2019-09-07,12:00,0.0,1014.5,1014.5,1014.1,1532,28.0,23.7,28.0,25.9,24.0,23.0,85,77,77,86,4.3,2.1,N,PA,BREVES,A228,-1.680251,-50.478139,11.0
1498,2019-09-07,16:00,0.0,1012.6,1013.4,1012.6,2390,32.0,23.4,32.2,30.7,24.2,22.1,67,56,61,135,3.9,1.0,N,PA,BREVES,A228,-1.680251,-50.478139,11.0
1499,2019-09-07,20:00,0.0,1010.3,1010.7,1010.3,853,29.0,23.4,29.2,28.0,23.6,22.2,74,70,72,78,5.9,1.7,N,PA,BREVES,A228,-1.680251,-50.478139,11.0
1500,2019-09-08,00:00,0.0,1013.5,1013.6,1012.8,-9999,24.1,22.2,24.6,24.1,22.3,22.2,89,87,89,67,2.7,1.0,N,PA,BREVES,A228,-1.680251,-50.478139,11.0
1501,2019-09-08,04:00,0.0,1013.4,1014.2,1013.3,-9999,23.3,21.3,23.6,23.3,21.5,21.3,89,87,89,87,2.8,0.6,N,PA,BREVES,A228,-1.680251,-50.478139,11.0
1502,2019-09-08,08:00,0.0,1013.1,1013.1,1012.6,-9999,22.8,21.5,23.1,22.8,21.7,21.5,93,92,93,96,1.4,0.3,N,PA,BREVES,A228,-1.680251,-50.478139,11.0
1503,2019-09-08,12:00,0.0,1014.9,1014.9,1014.6,1552,28.3,22.7,28.4,25.4,23.5,22.3,87,71,72,54,3.9,1.7,N,PA,BREVES,A228,-1.680251,-50.478139,11.0
1504,2019-09-08,16:00,0.0,1013.9,1014.7,1013.9,1517,30.3,23.5,32.7,30.3,25.1,21.8,68,57,67,99,3.3,0.7,N,PA,BREVES,A228,-1.680251,-50.478139,11.0
1505,2019-09-08,20:00,0.0,1011.1,1011.1,1010.8,1255,31.6,23.8,33.1,31.5,23.9,22.4,64,54,63,107,3.2,0.7,N,PA,BREVES,A228,-1.680251,-50.478139,11.0
1506,2019-09-09,00:00,0.0,1014.5,1014.5,1013.4,-9999,25.4,22.1,26.1,25.4,22.4,22.0,82,79,82,47,4.1,1.0,N,PA,BREVES,A228,-1.680251,-50.478139,11.0
1507,2019-09-09,04:00,0.0,1013.7,1014.5,1013.7,-9999,23.8,21.9,24.0,23.8,21.9,21.8,89,88,89,48,2.3,0.8,N,PA,BREVES,A228,-1.680251,-50.478139,11.0
1508,2019-09-09,08:00,0.0,1012.6,1012.6,1012.4,-9999,22.7,21.4,23.1,22.7,21.7,21.4,93,92,93,67,1.5,0.6,N,PA,BREVES,A228,-1.680251,-50.478139,11.0
1509,2019-09-09,12:00,0.0,1014.5,1014.5,1014.0,1424,28.0,23.4,28.0,25.7,23.6,22.7,84,76,76,71,5.0,2.4,N,PA,BREVES,A228,-1.680251,-50.478139,11.0
1510,2019-09-09,16:00,0.0,1012.3,1013.6,1012.3,3427,32.7,23.0,32.9,31.0,24.3,22.3,65,55,57,84,5.2,1.7,N,PA,BREVES,A228,-1.680251,-50.478139,11.0
1511,2019-09-09,20:00,0.0,1010.0,1010.4,1009.8,1227,30.9,24.0,32.8,30.9,24.4,22.9,67,57,67,200,4.3,0.9,N,PA,BREVES,A228,-1.680251,-50.478139,11.0
1512,2019-09-10,00:00,0.0,1012.3,1012.3,1011.5,-9999,25.7,22.6,27.1,25.7,23.6,22.6,84,81,83,37,3.2,1.5,N,PA,BREVES,A228,-1.680251,-50.478139,11.0
1513,2019-09-10,04:00,0.0,1012.3,1013.0,1012.3,-9999,24.3,22.3,24.5,24.3,22.4,22.3,89,88,88,56,3.1,1.0,N,PA,BREVES,A228,-1.680251,-50.478139,11.0
1514,2019-09-10,08:00,0.0,1011.7,1011.7,1011.4,-9999,23.4,22.1,23.5,23.3,22.2,22.0,93,92,93,56,1.4,0.4,N,PA,BREVES,A228,-1.680251,-50.478139,11.0
1515,2019-09-10,12:00,0.0,1013.5,1013.5,1013.0,1345,27.9,23.4,28.0,25.9,23.9,23.0,85,76,76,82,6.0,2.6,N,PA,BREVES,A228,-1.680251,-50.478139,11.0
1516,2019-09-10,16:00,0.0,1011.5,1012.7,1011.5,2941,31.5,23.1,31.9,30.4,24.6,22.8,69,60,61,78,4.9,1.6,N,PA,BREVES,A228,-1.680251,-50.478139,11.0
1517,2019-09-10,20:00,0.0,1009.3,1009.6,1009.3,1339,31.9,23.0,32.7,31.8,23.7,22.2,62,54,59,142,4.6,1.0,N,PA,BREVES,A228,-1.680251,-50.478139,11.0
1518,2019-09-11,00:00,0.0,1010.6,1010.6,1010.2,-9999,25.4,23.6,26.2,25.4,23.9,23.6,89,87,89,36,0.6,0.2,N,PA,BREVES,A228,-1.680251,-50.478139,11.0
1519,2019-09-11,04:00,0.0,1010.4,1010.8,1010.4,-9999,24.8,22.6,25.0,24.7,23.1,22.6,89,87,88,62,4.5,1.5,N,PA,BREVES,A228,-1.680251,-50.478139,11.0
1520,2019-09-11,08:00,0.0,1009.7,1009.7,1009.4,-9999,23.1,21.8,23.5,23.1,22.2,21.8,93,92,93,83,1.6,0.2,N,PA,BREVES,A228,-1.680251,-50.478139,11.0
1521,2019-09-11,12:00,0.0,1012.3,1012.3,1011.9,1191,27.4,23.8,27.5,25.8,24.0,22.7,84,79,81,85,4.9,1.5,N,PA,BREVES,A228,-1.680251,-50.478139,11.0
1522,2019-09-11,16:00,0.0,1010.1,1011.2,1010.1,3210,32.0,23.5,33.2,30.5,25.3,22.7,71,58,61,81,4.6,1.9,N,PA,BREVES,A228,-1.680251,-50.478139,11.0
1523,2019-09-11,20:00,0.0,1008.1,1008.4,1008.0,1346,32.2,23.8,33.0,32.1,24.7,22.8,63,56,61,157,3.4,0.7,N,PA,BREVES,A228,-1.680251,-50.478139,11.0
1524,2019-09-12,00:00,0.0,1010.6,1010.7,1009.8,-9999,27.4,22.9,28.0,27.4,23.8,22.8,78,75,77,60,4.3,1.1,N,PA,BREVES,A228,-1.680251,-50.478139,11.0
1525,2019-09-12,04:00,0.0,1010.3,1011.1,1010.2,-9999,24.7,22.1,25.2,24.7,22.3,22.1,86,84,86,55,3.0,0.8,N,PA,BREVES,A228,-1.680251,-50.478139,11.0
1526,2019-09-12,08:00,0.0,1008.9,1009.0,1008.8,-9999,23.4,21.9,23.7,23.4,22.0,21.9,92,90,92,70,2.1,0.8,N,PA,BREVES,A228,-1.680251,-50.478139,11.0
1527,2019-09-12,12:00,0.0,1011.3,1011.3,1011.0,1583,28.7,22.4,28.7,26.4,23.3,22.1,82,69,69,87,5.6,2.2,N,PA,BREVES,A228,-1.680251,-50.478139,11.0
1528,2019-09-12,16:00,0.0,1010.3,1011.0,1010.3,3467,33.2,22.3,33.2,31.9,23.2,20.4,58,49,53,104,6.1,2.1,N,PA,BREVES,A228,-1.680251,-50.478139,11.0
1529,2019-09-12,20:00,0.0,1008.7,1008.7,1008.4,1249,31.5,23.5,32.7,31.4,24.8,23.1,64,60,63,137,3.5,1.2,N,PA,BREVES,A228,-1.680251,-50.478139,11.0
1530,2019-09-13,00:00,0.0,1011.2,1011.2,1010.5,-9999,26.5,22.8,26.8,26.5,22.9,22.7,81,79,80,66,3.1,1.1,N,PA,BREVES,A228,-1.680251,-50.478139,11.0
1531,2019-09-13,04:00,0.0,1010.6,1011.6,1010.6,-9999,24.6,22.2,25.1,24.6,22.3,22.2,86,84,86,68,3.1,1.1,N,PA,BREVES,A228,-1.680251,-50.478139,11.0
1532,2019-09-13,08:00,0.0,1009.8,1009.8,1009.6,-9999,23.3,21.9,23.6,23.3,22.0,21.8,92,90,92,17,1.5,0.3,N,PA,BREVES,A228,-1.680251,-50.478139,11.0
1533,2019-09-13,12:00,0.0,1012.7,1012.7,1012.1,1484,28.1,23.5,28.5,26.1,23.8,22.9,83,74,76,78,6.3,2.5,N,PA,BREVES,A228,-1.680251,-50.478139,11.0
1534,2019-09-13,16:00,0.0,1011.3,1012.3,1011.2,2967,31.8,22.9,32.4,31.2,24.1,22.3,66,57,59,82,5.0,1.8,N,PA,BREVES,A228,-1.680251,-50.478139,11.0
1535,2019-09-13,20:00,0.6,1009.2,1009.2,1008.6,1179,28.5,24.5,33.3,28.5,25.5,22.1,82,52,79,145,4.1,1.2,N,PA,BREVES,A228,-1.680251,-50.478139,11.0
1536,2019-09-14,00:00,0.4,1011.2,1011.4,1010.9,-9999,25.8,23.4,25.8,25.4,23.7,23.3,89,86,87,56,4.3,1.8,N,PA,BREVES,A228,-1.680251,-50.478139,11.0
1537,2019-09-14,04:00,0.0,1010.8,1011.6,1010.8,-9999,24.6,23.2,24.7,24.5,23.4,23.2,92,92,92,56,1.7,0.4,N,PA,BREVES,A228,-1.680251,-50.478139,11.0
1538,2019-09-14,08:00,0.0,1010.1,1010.1,1009.8,-9999,23.5,22.3,23.5,23.4,22.4,22.2,93,93,93,64,1.9,0.6,N,PA,BREVES,A228,-1.680251,-50.478139,11.0
1539,2019-09-14,12:00,0.0,1012.4,1012.4,1011.8,1595,28.3,23.7,28.5,26.5,24.3,23.3,85,76,76,81,5.5,2.6,N,PA,BREVES,A228,-1.680251,-50.478139,11.0
1540,2019-09-14,16:00,0.0,1010.7,1011.7,1010.7,2376,31.7,23.5,32.4,30.6,24.4,22.5,68,57,62,84,5.4,2.2,N,PA,BREVES,A228,-1.680251,-50.478139,11.0
1541,2019-09-14,20:00,0.0,1008.1,1008.3,1008.0,1057,32.2,23.4,33.4,31.7,24.3,22.5,64,55,60,161,2.7,0.4,N,PA,BREVES,A228,-1.680251,-50.478139,11.0
1542,2019-09-15,00:00,0.0,1010.2,1010.3,1009.7,-9999,25.7,22.0,26.9,25.7,22.1,21.7,80,74,80,46,3.2,1.0,N,PA,BREVES,A228,-1.680251,-50.478139,11.0
1543,2019-09-15,04:00,0.0,1010.7,1011.3,1010.7,-9999,24.8,22.4,24.8,24.5,22.5,22.2,88,86,87,54,2.7,0.9,N,PA,BREVES,A228,-1.680251,-50.478139,11.0
1544,2019-09-15,08:00,0.0,1010.3,1010.3,1010.1,-9999,23.6,22.2,23.8,23.5,22.2,22.1,92,91,92,329,1.6,0.4,N,PA,BREVES,A228,-1.680251,-50.478139,11.0
1545,2019-09-15,12:00,0.0,1012.2,1012.2,1011.7,1460,28.4,23.2,28.5,25.8,23.9,22.6,85,73,73,69,5.0,2.0,N,PA,BREVES,A228,-1.680251,-50.478139,11.0
1546,2019-09-15,16:00,0.0,1009.8,1010.9,1009.8,2824,32.0,22.2,32.8,31.3,23.6,21.8,61,54,56,52,4.4,1.1,N,PA,BREVES,A228,-1.680251,-50.478139,11.0
1547,2019-09-15,20:00,0.0,1007.3,1007.7,1007.3,1107,31.8,24.6,32.7,31.8,24.6,22.4,66,55,66,117,2.2,0.6,N,PA,BREVES,A228,-1.680251,-50.478139,11.0
1548,2019-09-16,00:00,0.0,1009.7,1009.7,1008.6,-9999,25.5,23.4,25.7,25.3,24.0,23.4,92,88,88,70,2.4,0.5,N,PA,BREVES,A228,-1.680251,-50.478139,11.0
1549,2019-09-16,04:00,0.0,1010.1,1010.8,1010.1,-9999,23.9,22.3,24.3,23.9,22.4,22.3,91,89,91,80,1.9,0.7,N,PA,BREVES,A228,-1.680251,-50.478139,11.0
1550,2019-09-16,08:00,0.0,1009.6,1009.8,1009.6,-9999,23.0,21.8,23.3,23.0,22.0,21.8,93,92,93,92,1.3,0.4,N,PA,BREVES,A228,-1.680251,-50.478139,11.0
1551,2019-09-16,12:00,0.0,1011.9,1011.9,1011.3,1559,28.9,23.7,28.9,26.3,24.1,23.0,84,74,74,59,5.1,1.3,N,PA,BREVES,A228,-1.680251,-50.478139,11.0
1552,2019-09-16,16:00,0.0,1009.5,1010.9,1009.5,3454,33.1,21.5,33.3,31.9,23.1,20.8,58,49,51,64,5.3,1.3,N,PA,BREVES,A228,-1.680251,-50.478139,11.0
1553,2019-09-16,20:00,0.0,1007.4,1007.8,1007.4,1225,32.3,22.2,33.2,32.2,23.4,21.9,59,52,55,170,2.6,0.9,N,PA,BREVES,A228,-1.680251,-50.478139,11.0
1554,2019-09-17,00:00,0.0,1010.1,1010.1,1009.2,-9999,26.0,22.1,26.9,26.0,22.2,21.9,80,74,79,78,4.7,1.2,N,PA,BREVES,A228,-1.680251,-50.478139,11.0
1555,2019-09-17,04:00,0.0,1010.0,1010.8,1010.0,-9999,24.7,22.2,25.0,24.7,22.2,22.1,86,84,86,68,4.3,1.7,N,PA,BREVES,A228,-1.680251,-50.478139,11.0
1556,2019-09-17,08:00,0.0,1009.2,1009.2,1009.0,-9999,23.5,22.1,24.0,23.4,22.4,22.0,92,91,92,48,1.7,0.3,N,PA,BREVES,A228,-1.680251,-50.478139,11.0
1557,2019-09-17,12:00,0.0,1011.4,1011.4,1011.0,1583,28.8,23.3,28.8,26.7,24.0,23.1,83,72,72,80,5.4,2.2,N,PA,BREVES,A228,-1.680251,-50.478139,11.0
1558,2019-09-17,16:00,0.0,1009.8,1010.8,1009.8,2845,32.2,22.4,32.8,31.3,24.7,22.3,65,55,56,92,4.3,1.7,N,PA,BREVES,A228,-1.680251,-50.478139,11.0
1559,2019-09-17,20:00,0.0,1007.9,1007.9,1007.5,235,27.0,22.2,28.5,26.8,22.5,22.0,76,70,75,80,4.7,1.4,N,PA,BREVES,A228,-1.680251,-50.478139,11.0
1560,2019-09-18,00:00,0.0,1009.3,1009.3,1009.0,-9999,24.5,22.2,24.9,24.5,22.2,22.0,87,84,87,35,1.6,0.7,N,PA,BREVES,A228,-1.680251,-50.478139,11.0
1561,2019-09-18,04:00,0.0,1009.2,1009.9,1009.2,-9999,24.4,22.5,24.4,24.1,22.5,22.3,90,89,89,76,3.3,1.3,N,PA,BREVES,A228,-1.680251,-50.478139,11.0
1562,2019-09-18,08:00,0.0,1008.5,1008.5,1008.2,-9999,23.1,21.9,23.2,23.1,22.0,21.8,93,93,93,107,1.1,0.2,N,PA,BREVES,A228,-1.680251,-50.478139,11.0
1563,2019-09-18,12:00,0.0,1010.1,1010.1,1009.6,1664,28.2,23.4,28.6,26.1,24.1,23.1,85,74,75,86,6.1,2.5,N,PA,BREVES,A228,-1.680251,-50.478139,11.0
1564,2019-09-18,16:00,0.0,1008.5,1009.5,1008.5,2540,32.4,22.9,32.4,31.1,24.3,22.6,65,57,57,109,5.2,1.3,N,PA,BREVES,A228,-1.680251,-50.478139,11.0
1565,2019-09-18,20:00,0.0,1006.9,1006.9,1006.7,1300,32.2,22.1,33.6,32.2,22.7,21.1,56,49,55,118,3.9,1.4,N,PA,BREVES,A228,-1.680251,-50.478139,11.0
1566,2019-09-19,00:00,0.0,1008.7,1008.9,1008.2,-9999,26.0,22.0,27.8,26.0,23.1,21.9,79,74,79,72,5.5,1.7,N,PA,BREVES,A228,-1.680251,-50.478139,11.0
1567,2019-09-19,04:00,0.0,1009.1,1010.0,1009.1,-9999,24.5,22.5,24.8,24.5,22.6,22.4,89,87,89,67,2.3,0.7,N,PA,BREVES,A228,-1.680251,-50.478139,11.0
1568,2019-09-19,08:00,0.0,1008.5,1008.5,1008.3,-9999,23.1,21.9,23.4,23.1,22.1,21.9,93,92,93,87,1.6,0.5,N,PA,BREVES,A228,-1.680251,-50.478139,11.0
1569,2019-09-19,12:00,0.0,1009.9,1009.9,1009.3,1641,28.5,22.3,28.8,26.6,23.5,22.3,82,69,69,92,6.0,2.4,N,PA,BREVES,A228,-1.680251,-50.478139,11.0
1570,2019-09-19,16:00,0.0,1008.7,1009.4,1008.7,2936,32.7,22.5,32.7,31.5,23.1,21.0,61,51,55,84,6.5,2.2,N,PA,BREVES,A228,-1.680251,-50.478139,11.0
1571,2019-09-19,20:00,0.0,1007.0,1007.0,1006.9,1208,32.7,21.7,33.6,32.5,22.5,21.1,54,49,53,79,5.7,1.7,N,PA,BREVES,A228,-1.680251,-50.478139,11.0
1572,2019-09-20,00:00,0.0,1009.6,1009.6,1008.8,-9999,26.6,22.2,27.8,26.5,22.3,21.8,77,71,77,48,2.5,0.9,N,PA,BREVES,A228,-1.680251,-50.478139,11.0
1573,2019-09-20,04:00,0.0,1009.5,1009.9,1009.5,-9999,23.3,21.8,24.1,23.3,22.0,21.8,91,88,91,231,1.7,0.2,N,PA,BREVES,A228,-1.680251,-50.478139,11.0
1574,2019-09-20,08:00,0.0,1009.6,1009.6,1008.9,-9999,22.1,20.9,22.6,22.1,21.2,20.9,93,92,93,107,1.4,0.3,N,PA,BREVES,A228,-1.680251,-50.478139,11.0
1575,2019-09-20,12:00,0.0,1011.1,1011.2,1010.5,1645,28.2,22.4,28.5,26.0,23.5,22.4,83,71,71,90,5.6,2.6,N,PA,BREVES,A228,-1.680251,-50.478139,11.0
1576,2019-09-20,16:00,0.0,1010.5,1011.2,1010.5,2941,33.0,22.2,33.0,31.3,23.1,21.0,60,52,53,92,4.7,1.7,N,PA,BREVES,A228,-1.680251,-50.478139,11.0
1577,2019-09-20,20:00,0.0,1008.9,1009.0,1008.5,1091,31.8,22.7,32.9,31.6,23.3,21.1,61,50,59,99,2.6,0.8,N,PA,BREVES,A228,-1.680251,-50.478139,11.0
1578,2019-09-21,00:00,0.0,1011.2,1011.2,1010.7,-9999,25.0,23.5,25.2,25.0,23.7,23.5,92,91,91,44,1.6,0.8,N,PA,BREVES,A228,-1.680251,-50.478139,11.0
1579,2019-09-21,04:00,0.0,1011.2,1011.9,1011.2,-9999,23.5,22.3,24.2,23.5,22.5,22.2,93,90,93,87,2.5,0.5,N,PA,BREVES,A228,-1.680251,-50.478139,11.0
1580,2019-09-21,08:00,0.0,1009.2,1009.5,1009.2,-9999,23.0,21.9,23.0,22.8,21.9,21.6,93,93,93,68,1.9,0.8,N,PA,BREVES,A228,-1.680251,-50.478139,11.0
1581,2019-09-21,12:00,0.0,1011.6,1011.6,1011.1,1469,27.9,23.7,27.9,26.0,24.0,23.0,85,77,78,87,5.7,1.9,N,PA,BREVES,A228,-1.680251,-50.478139,11.0
1582,2019-09-21,16:00,0.0,1010.0,1010.6,1010.0,2617,31.6,22.9,32.6,30.8,24.7,21.9,67,55,60,122,5.6,1.0,N,PA,BREVES,A228,-1.680251,-50.478139,11.0
1583,2019-09-21,20:00,0.0,1008.2,1008.3,1008.1,991,31.0,23.9,32.9,31.0,24.8,22.3,67,55,66,160,4.1,0.8,N,PA,BREVES,A228,-1.680251,-50.478139,11.0
1584,2019-09-22,00:00,0.0,1009.6,1009.6,1008.7,-9999,27.4,24.1,27.4,26.3,24.7,24.1,90,82,82,65,3.2,1.2,N,PA,BREVES,A228,-1.680251,-50.478139,11.0
1585,2019-09-22,04:00,0.0,1010.0,1010.3,1009.9,-9999,24.7,22.6,25.5,24.7,22.6,22.5,88,84,88,51,3.4,0.6,N,PA,BREVES,A228,-1.680251,-50.478139,11.0
1586,2019-09-22,08:00,0.0,1009.9,1009.9,1009.3,-9999,23.2,22.0,23.5,23.2,22.2,21.9,93,92,93,38,1.1,0.3,N,PA,BREVES,A228,-1.680251,-50.478139,11.0
1587,2019-09-22,12:00,0.0,1012.4,1012.5,1011.8,1496,28.6,23.6,28.6,26.2,23.7,23.0,83,75,75,75,4.9,2.2,N,PA,BREVES,A228,-1.680251,-50.478139,11.0
1588,2019-09-22,16:00,0.0,1010.2,1011.3,1010.2,2879,31.3,22.6,32.9,30.9,24.4,22.1,64,56,60,97,6.0,2.1,N,PA,BREVES,A228,-1.680251,-50.478139,11.0
1589,2019-09-22,20:00,0.0,1008.6,1009.0,1008.5,1261,31.9,22.4,32.8,31.3,23.2,21.4,63,52,57,120,3.7,1.0,N,PA,BREVES,A228,-1.680251,-50.478139,11.0
1590,2019-09-23,00:00,0.0,1009.8,1009.8,1009.1,-9999,25.8,23.8,26.5,25.8,24.1,23.8,89,86,89,139,0.9,0.2,N,PA,BREVES,A228,-1.680251,-50.478139,11.0
1591,2019-09-23,04:00,0.0,1011.2,1011.7,1011.2,-9999,24.9,22.5,25.5,24.9,22.7,22.5,87,85,87,75,3.1,1.1,N,PA,BREVES,A228,-1.680251,-50.478139,11.0
1592,2019-09-23,08:00,0.0,1011.1,1011.2,1010.9,-9999,23.2,21.9,23.9,23.2,22.4,21.9,92,91,92,106,1.2,0.5,N,PA,BREVES,A228,-1.680251,-50.478139,11.0
1593,2019-09-23,12:00,0.0,1013.4,1013.4,1012.9,1569,28.6,23.4,28.9,26.9,23.6,22.8,81,72,74,78,6.3,2.6,N,PA,BREVES,A228,-1.680251,-50.478139,11.0
1594,2019-09-23,16:00,0.0,1011.8,1012.9,1011.8,2297,31.3,23.9,32.4,30.6,24.5,22.6,69,57,65,71,4.2,1.6,N,PA,BREVES,A228,-1.680251,-50.478139,11.0
1595,2019-09-23,20:00,0.0,1009.8,1009.8,1009.0,653,29.3,24.2,33.1,29.3,25.5,22.2,77,53,74,88,3.2,1.2,N,PA,BREVES,A228,-1.680251,-50.478139,11.0
1596,2019-09-24,00:00,0.0,1012.8,1012.8,1011.6,-9999,24.3,21.1,25.1,24.3,21.2,21.0,83,79,82,54,2.5,0.7,N,PA,BREVES,A228,-1.680251,-50.478139,11.0
1597,2019-09-24,04:00,0.0,1012.8,1014.2,1012.8,-9999,23.9,21.3,24.1,23.9,21.8,21.3,87,85,85,258,4.3,0.5,N,PA,BREVES,A228,-1.680251,-50.478139,11.0
1598,2019-09-24,08:00,0.0,1011.4,1011.4,1011.1,-9999,22.3,21.0,22.7,22.2,21.3,21.0,93,92,93,91,1.2,0.4,N,PA,BREVES,A228,-1.680251,-50.478139,11.0
1599,2019-09-24,12:00,0.0,1012.7,1012.7,1012.3,1469,27.9,22.7,28.1,25.3,23.5,22.5,85,73,73,67,4.6,2.3,N,PA,BREVES,A228,-1.680251,-50.478139,11.0
1600,2019-09-24,16:00,0.0,1012.1,1012.9,1012.1,2637,31.9,22.9,32.6,31.1,24.3,22.0,66,56,59,155,3.9,1.2,N,PA,BREVES,A228,-1.680251,-50.478139,11.0
1601,2019-09-24,20:00,0.0,1010.0,1010.0,1009.8,554,28.8,24.3,32.6,28.8,25.0,23.1,77,58,77,8,4.2,1.1,N,PA,BREVES,A228,-1.680251,-50.478139,11.0
1602,2019-09-25,00:00,0.0,1013.7,1013.8,1012.9,-9999,24.1,22.2,24.7,24.1,22.2,22.0,89,85,89,120,1.4,0.2,N,PA,BREVES,A228,-1.680251,-50.478139,11.0
1603,2019-09-25,04:00,0.0,1012.6,1013.1,1012.6,-9999,23.9,21.9,24.2,23.9,21.9,21.8,89,87,89,140,2.5,0.5,N,PA,BREVES,A228,-1.680251,-50.478139,11.0
1604,2019-09-25,08:00,0.0,1012.0,1012.0,1011.6,-9999,23.1,21.7,23.5,23.1,22.0,21.7,92,91,92,355,1.7,0.3,N,PA,BREVES,A228,-1.680251,-50.478139,11.0
1605,2019-09-25,12:00,0.0,1014.0,1014.0,1013.3,1698,28.9,22.7,28.9,26.6,23.3,22.2,80,69,69,72,6.2,2.7,N,PA,BREVES,A228,-1.680251,-50.478139,11.0
1606,2019-09-25,16:00,0.0,1011.5,1012.8,1011.5,2189,32.6,21.9,32.7,31.0,23.3,21.8,63,53,53,101,4.6,1.2,N,PA,BREVES,A228,-1.680251,-50.478139,11.0
1607,2019-09-25,20:00,0.0,1008.4,1009.1,1008.2,1424,32.3,23.0,33.6,32.3,23.0,20.7,58,47,58,23,3.3,1.3,N,PA,BREVES,A228,-1.680251,-50.478139,11.0
1608,2019-09-26,00:00,0.0,1011.7,1011.7,1010.5,-9999,25.5,22.0,25.7,25.4,22.1,21.8,82,79,81,74,3.3,0.6,N,PA,BREVES,A228,-1.680251,-50.478139,11.0
1609,2019-09-26,04:00,0.0,1011.8,1012.2,1011.8,-9999,24.6,22.3,25.0,24.6,22.3,22.2,87,85,87,61,2.8,0.8,N,PA,BREVES,A228,-1.680251,-50.478139,11.0
1610,2019-09-26,08:00,0.0,1011.7,1011.7,1011.4,-9999,23.7,22.3,23.7,23.5,22.4,22.1,92,92,92,138,1.0,0.4,N,PA,BREVES,A228,-1.680251,-50.478139,11.0
1611,2019-09-26,12:00,0.0,1013.5,1013.5,1013.2,1035,28.8,23.7,28.8,26.4,23.9,23.1,84,74,74,85,6.6,2.0,N,PA,BREVES,A228,-1.680251,-50.478139,11.0
1612,2019-09-26,16:00,0.0,1011.3,1012.5,1011.3,3031,33.9,24.3,33.9,31.8,24.7,22.6,64,55,58,173,4.5,1.1,N,PA,BREVES,A228,-1.680251,-50.478139,11.0
1613,2019-09-26,20:00,0.0,1007.9,1007.9,1007.8,669,31.6,24.0,33.3,31.6,24.3,22.5,65,53,64,70,2.9,0.8,N,PA,BREVES,A228,-1.680251,-50.478139,11.0
1614,2019-09-27,00:00,0.0,1011.7,1011.7,1010.5,-9999,26.6,22.1,28.0,26.6,22.6,21.9,76,72,76,71,4.8,1.0,N,PA,BREVES,A228,-1.680251,-50.478139,11.0
1615,2019-09-27,04:00,0.0,1011.5,1012.0,1011.5,-9999,24.7,22.3,25.1,24.7,22.3,22.2,87,84,87,70,3.2,1.2,N,PA,BREVES,A228,-1.680251,-50.478139,11.0
1616,2019-09-27,08:00,0.0,1010.8,1010.8,1010.6,-9999,23.7,22.3,24.0,23.7,22.6,22.3,92,92,92,152,2.4,0.4,N,PA,BREVES,A228,-1.680251,-50.478139,11.0
1617,2019-09-27,12:00,0.0,1013.3,1013.4,1013.1,1587,29.1,24.0,29.2,27.0,24.3,23.5,83,73,74,102,6.2,2.3,N,PA,BREVES,A228,-1.680251,-50.478139,11.0
1618,2019-09-27,16:00,0.0,1010.9,1012.2,1010.9,3399,33.1,23.0,33.8,32.1,24.4,22.3,63,53,56,130,4.9,1.6,N,PA,BREVES,A228,-1.680251,-50.478139,11.0
1619,2019-09-27,20:00,0.0,1007.8,1008.2,1007.7,1164,32.6,22.4,33.8,32.6,22.9,21.5,55,49,55,122,4.4,1.3,N,PA,BREVES,A228,-1.680251,-50.478139,11.0
1620,2019-09-28,00:00,0.0,1010.4,1010.4,1009.9,-9999,27.4,23.0,28.6,27.4,23.0,22.7,77,70,77,61,4.1,1.1,N,PA,BREVES,A228,-1.680251,-50.478139,11.0
1621,2019-09-28,04:00,0.0,1010.9,1011.5,1010.9,-9999,25.0,22.7,25.4,24.9,22.8,22.7,87,86,87,71,4.1,1.2,N,PA,BREVES,A228,-1.680251,-50.478139,11.0
1622,2019-09-28,08:00,0.0,1010.6,1010.6,1010.5,-9999,23.7,22.3,23.9,23.6,22.4,22.2,92,91,92,26,1.5,0.5,N,PA,BREVES,A228,-1.680251,-50.478139,11.0
1623,2019-09-28,12:00,0.0,1012.5,1012.5,1012.4,1587,28.9,23.7,28.9,26.6,23.8,23.0,81,72,74,77,6.1,2.5,N,PA,BREVES,A228,-1.680251,-50.478139,11.0
1624,2019-09-28,16:00,0.0,1011.2,1012.0,1011.2,3366,33.5,23.2,33.5,31.7,23.2,21.2,57,51,55,103,5.7,1.6,N,PA,BREVES,A228,-1.680251,-50.478139,11.0
1625,2019-09-28,20:00,0.0,1008.9,1009.0,1008.7,1163,32.0,24.2,33.5,31.9,24.2,22.6,64,52,64,161,4.1,0.8,N,PA,BREVES,A228,-1.680251,-50.478139,11.0
1626,2019-09-29,00:00,0.0,1011.1,1011.1,1010.3,-9999,26.7,22.9,27.5,26.7,23.1,22.7,80,76,80,67,2.9,0.7,N,PA,BREVES,A228,-1.680251,-50.478139,11.0
1627,2019-09-29,04:00,0.0,1011.1,1011.7,1011.1,-9999,24.6,22.4,25.1,24.6,22.6,22.4,87,86,87,72,3.3,1.4,N,PA,BREVES,A228,-1.680251,-50.478139,11.0
1628,2019-09-29,08:00,0.0,1010.3,1010.3,1009.8,-9999,22.9,21.6,23.5,22.9,22.1,21.6,93,92,93,169,1.1,0.3,N,PA,BREVES,A228,-1.680251,-50.478139,11.0
1629,2019-09-29,12:00,0.0,1011.9,1011.9,1011.6,1563,28.7,22.9,28.7,26.7,23.9,22.9,82,71,71,89,6.0,3.1,N,PA,BREVES,A228,-1.680251,-50.478139,11.0
1630,2019-09-29,16:00,0.0,1010.9,1012.0,1010.9,3279,33.1,21.4,33.7,31.9,22.9,20.7,58,48,50,70,5.8,2.0,N,PA,BREVES,A228,-1.680251,-50.478139,11.0
1631,2019-09-29,20:00,0.0,1008.7,1008.8,1008.6,672,29.4,24.3,32.6,29.0,24.9,22.8,78,56,74,147,4.0,0.5,N,PA,BREVES,A228,-1.680251,-50.478139,11.0
1632,2019-09-30,00:00,0.6,1010.4,1010.4,1010.0,-9999,25.0,22.8,26.0,25.0,22.9,22.3,88,80,88,37,4.1,0.7,N,PA,BREVES,A228,-1.680251,-50.478139,11.0
1633,2019-09-30,04:00,0.0,1009.7,1011.0,1009.7,-9999,24.0,22.4,24.2,24.0,22.6,22.4,91,90,91,67,1.9,0.7,N,PA,BREVES,A228,-1.680251,-50.478139,11.0
1634,2019-09-30,08:00,0.0,1008.3,1008.4,1008.3,-9999,23.9,22.3,23.9,23.8,22.4,22.3,91,91,91,67,3.4,1.4,N,PA,BREVES,A228,-1.680251,-50.478139,11.0
1635,2019-09-30,12:00,0.0,1010.9,1010.9,1010.1,1821,29.0,23.4,29.2,26.4,24.1,23.0,84,70,72,91,5.3,2.1,N,PA,BREVES,A228,-1.680251,-50.478139,11.0
1636,2019-09-30,16:00,0.0,1009.1,1010.2,1009.1,2994,33.1,22.3,33.2,31.7,22.7,20.8,57,49,53,94,5.8,1.6,N,PA,BREVES,A228,-1.680251,-50.478139,11.0
1637,2019-09-30,20:00,0.0,1006.9,1007.0,1006.8,1274,33.0,19.9,34.0,33.0,21.2,19.2,49,42,46,88,4.3,1.9,N,PA,BREVES,A228,-1.680251,-50.478139,11.0
1638,2019-10-01,00:00,0.0,1008.3,1008.3,1007.7,-9999,25.0,23.3,25.4,25.0,23.7,23.3,92,88,90,67,3.4,0.5,N,PA,BREVES,A228,-1.680251,-50.478139,11.0
1639,2019-10-01,04:00,0.2,1008.5,1009.0,1008.5,-9999,23.7,22.3,24.1,23.7,22.7,22.3,92,91,92,65,1.8,0.5,N,PA,BREVES,A228,-1.680251,-50.478139,11.0
1640,2019-10-01,08:00,0.0,1007.4,1007.6,1007.4,-9999,22.9,21.7,23.3,22.9,21.9,21.7,93,92,93,78,1.8,0.4,N,PA,BREVES,A228,-1.680251,-50.478139,11.0
1641,2019-10-01,12:00,0.0,1009.8,1009.8,1009.3,1741,28.4,22.7,28.7,26.2,23.8,22.7,82,70,71,75,5.3,2.1,N,PA,BREVES,A228,-1.680251,-50.478139,11.0
1642,2019-10-01,16:00,0.0,1008.5,1009.5,1008.5,3195,33.0,23.6,33.0,31.0,23.9,21.4,63,52,58,105,5.4,1.4,N,PA,BREVES,A228,-1.680251,-50.478139,11.0
1643,2019-10-01,20:00,0.0,1006.0,1006.6,1005.9,1212,31.0,22.1,31.7,31.0,22.4,21.1,60,54,59,5,2.8,0.8,N,PA,BREVES,A228,-1.680251,-50.478139,11.0
1644,2019-10-02,00:00,0.0,1008.3,1008.3,1007.6,-9999,25.3,21.8,26.1,25.3,22.9,21.7,83,79,81,74,3.3,1.2,N,PA,BREVES,A228,-1.680251,-50.478139,11.0
1645,2019-10-02,04:00,0.0,1009.4,1009.9,1009.4,-9999,23.9,22.1,24.1,23.9,22.2,22.0,90,88,90,37,1.9,0.5,N,PA,BREVES,A228,-1.680251,-50.478139,11.0
1646,2019-10-02,08:00,0.0,1008.0,1008.1,1008.0,-9999,22.5,21.3,22.9,22.4,21.7,21.2,93,93,93,56,0.7,0.1,N,PA,BREVES,A228,-1.680251,-50.478139,11.0
1647,2019-10-02,12:00,0.0,1010.6,1010.6,1010.2,1771,28.8,23.1,29.1,26.1,24.0,22.9,83,71,71,73,5.7,2.3,N,PA,BREVES,A228,-1.680251,-50.478139,11.0
1648,2019-10-02,16:00,0.0,1009.3,1010.5,1009.3,2662,33.1,22.3,33.2,30.9,23.2,21.0,63,51,53,130,5.6,1.4,N,PA,BREVES,A228,-1.680251,-50.478139,11.0
1649,2019-10-02,20:00,0.0,1007.5,1007.5,1006.6,392,26.6,21.0,32.7,26.6,23.7,20.3,73,56,72,139,8.9,0.5,N,PA,BREVES,A228,-1.680251,-50.478139,11.0
1650,2019-10-03,00:00,0.0,1010.1,1010.1,1009.3,-9999,24.2,22.4,24.6,24.1,22.4,22.1,90,86,90,36,1.0,0.2,N,PA,BREVES,A228,-1.680251,-50.478139,11.0
1651,2019-10-03,04:00,0.0,1010.3,1010.7,1010.3,-9999,23.9,22.2,24.7,23.9,22.4,22.2,90,87,90,70,2.4,0.3,N,PA,BREVES,A228,-1.680251,-50.478139,11.0
1652,2019-10-03,08:00,0.0,1010.0,1010.0,1009.9,-9999,22.8,21.6,23.0,22.8,21.8,21.6,93,93,93,15,0.7,0.2,N,PA,BREVES,A228,-1.680251,-50.478139,11.0
1653,2019-10-03,12:00,0.0,1012.1,1012.1,1011.6,1719,28.6,23.6,28.7,26.8,23.8,22.8,81,72,74,100,5.8,2.0,N,PA,BREVES,A228,-1.680251,-50.478139,11.0
1654,2019-10-03,16:00,0.0,1010.3,1011.4,1010.3,3148,32.3,22.3,33.0,31.4,24.1,21.7,62,53,56,126,6.5,1.5,N,PA,BREVES,A228,-1.680251,-50.478139,11.0
1655,2019-10-03,20:00,11.0,1008.3,1009.8,1008.2,168,24.1,22.5,26.4,23.1,23.2,20.4,93,73,91,73,13.1,1.1,N,PA,BREVES,A228,-1.680251,-50.478139,11.0
1656,2019-10-04,00:00,0.0,1011.3,1011.3,1010.4,-9999,24.6,22.7,24.7,24.4,23.1,22.7,92,89,90,53,1.6,0.7,N,PA,BREVES,A228,-1.680251,-50.478139,11.0
1657,2019-10-04,04:00,0.0,1010.6,1011.4,1010.6,-9999,23.7,22.2,24.1,23.5,22.2,22.0,92,89,91,45,3.1,0.5,N,PA,BREVES,A228,-1.680251,-50.478139,11.0
1658,2019-10-04,08:00,0.0,1010.4,1010.4,1010.3,-9999,22.6,21.4,23.2,22.6,21.9,21.4,93,92,93,146,1.1,0.3,N,PA,BREVES,A228,-1.680251,-50.478139,11.0
1659,2019-10-04,12:00,0.0,1012.2,1012.3,1011.7,1668,28.2,23.0,28.7,26.7,24.2,22.9,82,73,73,94,4.6,2.1,N,PA,BREVES,A228,-1.680251,-50.478139,11.0
1660,2019-10-04,16:00,0.0,1010.7,1011.7,1010.7,2603,31.9,21.8,32.5,30.9,23.0,20.8,62,51,55,105,5.2,1.1,N,PA,BREVES,A228,-1.680251,-50.478139,11.0
1661,2019-10-04,20:00,0.0,1007.4,1007.7,1007.4,859,30.7,23.5,33.0,30.7,23.9,21.6,66,52,66,127,2.4,0.4,N,PA,BREVES,A228,-1.680251,-50.478139,11.0
1662,2019-10-05,00:00,0.0,1010.1,1010.1,1009.4,-9999,23.9,22.5,23.9,23.8,22.5,22.0,92,90,92,87,3.0,0.4,N,PA,BREVES,A228,-1.680251,-50.478139,11.0
1663,2019-10-05,04:00,0.0,1010.3,1010.8,1010.3,-9999,23.2,22.0,23.3,23.1,22.1,21.8,93,92,93,343,1.0,0.4,N,PA,BREVES,A228,-1.680251,-50.478139,11.0
1664,2019-10-05,08:00,0.0,1009.8,1009.9,1009.7,-9999,22.0,20.9,22.2,21.9,21.2,20.9,94,93,94,160,1.1,0.3,N,PA,BREVES,A228,-1.680251,-50.478139,11.0
1665,2019-10-05,12:00,0.0,1011.5,1011.5,1011.0,1799,27.8,23.2,28.3,25.9,23.9,22.8,84,74,76,70,4.7,2.1,N,PA,BREVES,A228,-1.680251,-50.478139,11.0
1666,2019-10-05,16:00,0.0,1009.4,1010.4,1009.4,2968,32.1,21.7,32.7,31.7,23.3,21.0,59,52,54,86,5.2,1.4,N,PA,BREVES,A228,-1.680251,-50.478139,11.0
1667,2019-10-05,20:00,0.0,1006.2,1006.4,1006.1,864,32.4,22.5,33.3,31.8,23.6,21.5,61,50,56,134,2.6,0.6,N,PA,BREVES,A228,-1.680251,-50.478139,11.0
1668,2019-10-06,00:00,0.0,1008.9,1008.9,1008.3,-9999,26.0,22.5,27.3,26.0,22.9,22.3,82,75,81,64,2.8,0.6,N,PA,BREVES,A228,-1.680251,-50.478139,11.0
1669,2019-10-06,04:00,0.0,1009.5,1009.9,1009.5,-9999,23.9,21.8,24.6,23.9,22.1,21.8,88,85,88,59,1.5,0.6,N,PA,BREVES,A228,-1.680251,-50.478139,11.0
1670,2019-10-06,08:00,0.0,1008.6,1008.6,1008.3,-9999,23.0,21.9,23.0,22.7,21.9,21.5,93,93,93,348,0.9,0.4,N,PA,BREVES,A228,-1.680251,-50.478139,11.0
1671,2019-10-06,12:00,0.0,1011.3,1011.3,1010.8,1727,29.5,23.7,29.6,27.2,24.2,23.0,82,70,71,67,4.8,2.1,N,PA,BREVES,A228,-1.680251,-50.478139,11.0
1672,2019-10-06,16:00,0.0,1009.5,1010.5,1009.5,2763,32.7,23.4,33.9,31.9,24.2,22.0,61,53,58,124,4.2,1.1,N,PA,BREVES,A228,-1.680251,-50.478139,11.0
1673,2019-10-06,20:00,1.2,1007.5,1007.6,1006.8,313,26.2,22.8,28.1,25.6,24.2,21.6,90,71,82,84,11.0,1.9,N,PA,BREVES,A228,-1.680251,-50.478139,11.0
1674,2019-10-07,00:00,0.0,1010.0,1010.0,1009.0,-9999,24.0,21.8,24.6,24.0,22.2,21.8,88,86,87,79,3.0,1.2,N,PA,BREVES,A228,-1.680251,-50.478139,11.0
1675,2019-10-07,04:00,0.0,1010.5,1011.4,1010.5,-9999,23.1,21.8,23.4,23.1,21.9,21.8,93,91,93,112,1.1,0.3,N,PA,BREVES,A228,-1.680251,-50.478139,11.0
1676,2019-10-07,08:00,0.0,1009.2,1009.2,1008.9,-9999,22.3,21.3,22.6,22.3,21.5,21.2,94,93,94,286,1.6,0.3,N,PA,BREVES,A228,-1.680251,-50.478139,11.0
1677,2019-10-07,12:00,0.0,1011.5,1011.6,1011.2,1743,29.0,23.7,29.0,26.4,24.0,23.0,83,73,73,95,7.6,2.2,N,PA,BREVES,A228,-1.680251,-50.478139,11.0
1678,2019-10-07,16:00,0.2,1009.4,1010.5,1009.4,3070,31.9,21.9,33.0,31.3,24.3,21.8,63,54,56,78,7.1,2.4,N,PA,BREVES,A228,-1.680251,-50.478139,11.0
1679,2019-10-07,20:00,0.2,1006.6,1006.9,1006.6,739,30.4,24.3,30.7,28.6,26.4,23.9,83,70,70,145,4.5,0.7,N,PA,BREVES,A228,-1.680251,-50.478139,11.0
1680,2019-10-08,00:00,0.0,1008.5,1008.6,1007.6,-9999,26.4,24.2,26.5,25.9,24.4,24.0,90,88,88,86,2.0,0.7,N,PA,BREVES,A228,-1.680251,-50.478139,11.0
1681,2019-10-08,04:00,0.0,1008.8,1009.2,1008.8,-9999,24.6,22.5,25.1,24.6,22.6,22.5,88,86,88,65,2.4,0.9,N,PA,BREVES,A228,-1.680251,-50.478139,11.0
1682,2019-10-08,08:00,0.0,1008.2,1008.2,1007.9,-9999,23.8,21.9,24.4,23.8,22.2,21.9,89,88,89,77,4.0,1.0,N,PA,BREVES,A228,-1.680251,-50.478139,11.0
1683,2019-10-08,12:00,0.0,1010.9,1010.9,1010.3,1478,28.6,23.0,28.6,26.9,23.5,22.7,80,72,72,72,5.7,2.2,N,PA,BREVES,A228,-1.680251,-50.478139,11.0
1684,2019-10-08,16:00,0.0,1008.8,1009.9,1008.8,3060,32.7,22.6,33.0,31.3,24.3,21.7,66,52,55,66,4.7,1.5,N,PA,BREVES,A228,-1.680251,-50.478139,11.0
1685,2019-10-08,20:00,0.0,1006.1,1006.2,1005.9,1288,31.2,23.5,31.9,31.0,23.8,22.5,64,60,64,33,4.1,1.2,N,PA,BREVES,A228,-1.680251,-50.478139,11.0
1686,2019-10-09,00:00,0.0,1009.4,1009.4,1008.3,-9999,24.7,22.5,25.3,24.6,22.6,22.1,88,82,88,353,2.3,0.9,N,PA,BREVES,A228,-1.680251,-50.478139,11.0
1687,2019-10-09,04:00,0.0,1008.8,1009.6,1008.8,-9999,23.6,22.3,23.7,23.5,22.4,22.2,93,92,93,57,1.1,0.2,N,PA,BREVES,A228,-1.680251,-50.478139,11.0
1688,2019-10-09,08:00,0.0,1009.4,1009.4,1008.9,-9999,23.0,21.9,23.4,23.0,22.2,21.8,93,93,93,44,0.7,0.2,N,PA,BREVES,A228,-1.680251,-50.478139,11.0
1689,2019-10-09,12:00,0.0,1012.0,1012.0,1011.2,1181,27.9,23.6,27.9,26.6,23.6,22.7,81,77,78,87,5.8,2.6,N,PA,BREVES,A228,-1.680251,-50.478139,11.0
1690,2019-10-09,16:00,0.0,1009.6,1010.9,1009.6,2138,30.6,22.3,31.4,29.7,24.5,22.0,70,60,61,75,4.8,1.7,N,PA,BREVES,A228,-1.680251,-50.478139,11.0
1691,2019-10-09,20:00,0.0,1007.5,1007.7,1007.4,769,27.6,23.0,27.8,26.7,23.4,21.5,78,72,76,66,1.9,0.8,N,PA,BREVES,A228,-1.680251,-50.478139,11.0
1692,2019-10-10,00:00,0.0,1009.4,1009.4,1008.9,-9999,24.5,22.9,25.1,24.5,22.9,22.8,91,87,91,25,2.2,0.3,N,PA,BREVES,A228,-1.680251,-50.478139,11.0
1693,2019-10-10,04:00,0.0,1008.5,1009.2,1008.5,-9999,23.9,22.5,23.9,23.6,22.5,22.1,92,91,92,33,1.1,0.3,N,PA,BREVES,A228,-1.680251,-50.478139,11.0
1694,2019-10-10,08:00,0.0,1008.1,1008.1,1007.7,-9999,22.9,21.6,23.0,22.8,21.8,21.6,93,93,93,80,2.3,0.6,N,PA,BREVES,A228,-1.680251,-50.478139,11.0
1695,2019-10-10,12:00,0.0,1010.4,1010.5,1009.9,1766,28.4,22.9,28.6,26.2,23.8,22.6,83,71,72,91,8.5,2.0,N,PA,BREVES,A228,-1.680251,-50.478139,11.0
1696,2019-10-10,16:00,0.0,1008.6,1009.7,1008.6,2282,31.3,21.1,31.8,30.3,24.1,21.1,66,54,55,83,6.8,1.9,N,PA,BREVES,A228,-1.680251,-50.478139,11.0
1697,2019-10-10,20:00,0.0,1006.8,1006.8,1006.6,1013,31.8,22.8,32.8,31.6,23.6,22.2,62,54,59,76,3.1,1.0,N,PA,BREVES,A228,-1.680251,-50.478139,11.0
1698,2019-10-11,00:00,0.0,1008.8,1008.8,1008.0,-9999,25.6,22.6,26.0,25.6,23.1,22.6,85,83,83,36,2.5,0.8,N,PA,BREVES,A228,-1.680251,-50.478139,11.0
1699,2019-10-11,04:00,0.0,1008.4,1009.1,1008.4,-9999,24.2,21.9,24.5,24.2,22.2,21.9,87,86,87,64,3.4,0.8,N,PA,BREVES,A228,-1.680251,-50.478139,11.0
1700,2019-10-11,08:00,0.0,1008.8,1008.8,1008.5,-9999,23.2,21.8,23.3,23.0,21.9,21.6,92,91,92,44,2.3,0.4,N,PA,BREVES,A228,-1.680251,-50.478139,11.0
1701,2019-10-11,12:00,0.0,1011.6,1011.6,1010.8,1673,28.5,23.2,28.5,26.3,23.6,22.8,82,73,73,72,6.6,3.0,N,PA,BREVES,A228,-1.680251,-50.478139,11.0
1702,2019-10-11,16:00,0.0,1010.1,1011.4,1010.1,2943,32.6,22.5,32.7,30.9,23.9,21.9,63,55,55,77,6.0,1.8,N,PA,BREVES,A228,-1.680251,-50.478139,11.0
1703,2019-10-11,20:00,0.0,1007.9,1008.1,1007.8,892,28.0,24.6,28.4,26.2,24.7,23.9,89,77,82,69,1.9,0.6,N,PA,BREVES,A228,-1.680251,-50.478139,11.0
1704,2019-10-12,00:00,0.0,1009.6,1009.6,1009.1,-9999,24.5,23.0,25.0,24.5,23.2,22.9,92,89,91,93,1.3,0.4,N,PA,BREVES,A228,-1.680251,-50.478139,11.0
1705,2019-10-12,04:00,0.0,1009.8,1010.3,1009.8,-9999,23.6,22.1,23.6,23.5,22.2,22.1,92,91,91,97,2.0,0.9,N,PA,BREVES,A228,-1.680251,-50.478139,11.0
1706,2019-10-12,08:00,0.0,1009.8,1009.8,1009.2,-9999,22.8,21.6,23.0,22.8,21.9,21.6,93,93,93,69,1.4,0.4,N,PA,BREVES,A228,-1.680251,-50.478139,11.0
1707,2019-10-12,12:00,0.0,1011.5,1011.5,1011.1,1777,28.2,22.7,28.4,26.5,23.6,22.7,82,72,72,83,6.0,3.0,N,PA,BREVES,A228,-1.680251,-50.478139,11.0
1708,2019-10-12,16:00,0.0,1009.5,1010.8,1009.5,2875,32.1,21.8,32.2,30.8,23.5,21.2,62,54,55,99,6.1,1.7,N,PA,BREVES,A228,-1.680251,-50.478139,11.0
1709,2019-10-12,20:00,0.0,1007.4,1007.8,1007.2,207,25.7,23.2,26.1,25.6,24.1,23.2,89,85,86,2,2.6,0.9,N,PA,BREVES,A228,-1.680251,-50.478139,11.0
1710,2019-10-13,00:00,0.0,1009.0,1009.1,1008.7,-9999,24.6,23.0,25.4,24.6,23.1,22.8,91,85,91,69,2.8,0.8,N,PA,BREVES,A228,-1.680251,-50.478139,11.0
1711,2019-10-13,04:00,0.0,1009.2,1009.9,1009.2,-9999,23.5,22.3,24.0,23.5,22.6,22.3,93,91,93,360,1.2,0.1,N,PA,BREVES,A228,-1.680251,-50.478139,11.0
1712,2019-10-13,08:00,0.0,1008.5,1008.5,1008.3,-9999,22.2,21.2,22.6,22.2,21.6,21.2,94,94,94,144,0.7,0.1,N,PA,BREVES,A228,-1.680251,-50.478139,11.0
1713,2019-10-13,12:00,0.0,1010.9,1011.0,1010.3,1681,27.9,23.2,28.0,26.2,23.8,22.8,84,74,75,80,6.1,3.1,N,PA,BREVES,A228,-1.680251,-50.478139,11.0
1714,2019-10-13,16:00,0.2,1009.5,1010.6,1009.5,1842,30.7,22.9,31.5,30.2,24.1,22.5,69,60,63,84,4.9,1.4,N,PA,BREVES,A228,-1.680251,-50.478139,11.0
1715,2019-10-13,20:00,21.6,1008.0,1008.3,1007.1,104,24.6,23.3,29.3,23.7,23.5,21.8,93,70,93,263,6.6,0.7,N,PA,BREVES,A228,-1.680251,-50.478139,11.0
1716,2019-10-14,00:00,0.0,1009.4,1009.4,1008.6,-9999,24.9,23.6,24.9,24.7,23.6,23.5,93,92,92,35,2.5,1.0,N,PA,BREVES,A228,-1.680251,-50.478139,11.0
1717,2019-10-14,04:00,0.0,1009.3,1009.9,1009.2,-9999,24.5,23.0,24.5,24.3,23.1,22.9,92,92,92,63,2.3,0.7,N,PA,BREVES,A228,-1.680251,-50.478139,11.0
1718,2019-10-14,08:00,0.0,1008.7,1008.8,1008.5,-9999,22.9,21.8,23.4,22.9,22.3,21.8,94,93,94,63,1.5,0.2,N,PA,BREVES,A228,-1.680251,-50.478139,11.0
1719,2019-10-14,12:00,0.0,1010.5,1010.5,1010.1,1443,27.6,23.7,27.7,25.8,24.1,23.1,87,78,79,74,5.0,2.6,N,PA,BREVES,A228,-1.680251,-50.478139,11.0
1720,2019-10-14,16:00,0.0,1009.3,1010.0,1009.3,1827,30.7,24.2,31.3,30.5,24.4,22.7,68,61,68,93,3.7,1.4,N,PA,BREVES,A228,-1.680251,-50.478139,11.0
1721,2019-10-14,20:00,0.0,1006.9,1007.5,1006.8,1082,30.7,23.9,31.5,30.7,24.8,23.3,70,63,67,96,3.0,0.9,N,PA,BREVES,A228,-1.680251,-50.478139,11.0
1722,2019-10-15,00:00,0.0,1010.9,1010.9,1009.9,-9999,25.9,22.9,26.4,25.9,23.4,22.9,85,83,84,57,4.2,0.9,N,PA,BREVES,A228,-1.680251,-50.478139,11.0
1723,2019-10-15,04:00,0.0,1010.4,1011.3,1010.3,-9999,24.5,22.9,24.7,24.4,23.1,22.8,91,90,91,291,1.6,0.6,N,PA,BREVES,A228,-1.680251,-50.478139,11.0
1724,2019-10-15,08:00,0.0,1009.8,1009.8,1009.5,-9999,23.5,22.2,23.9,23.5,22.5,22.2,93,92,93,72,0.8,0.4,N,PA,BREVES,A228,-1.680251,-50.478139,11.0
1725,2019-10-15,12:00,0.0,1012.1,1012.2,1011.4,1630,28.7,23.0,28.9,27.2,24.2,23.0,81,71,72,75,5.4,2.1,N,PA,BREVES,A228,-1.680251,-50.478139,11.0
1726,2019-10-15,16:00,0.0,1010.7,1011.8,1010.7,2223,31.6,23.7,31.6,30.2,23.7,22.2,67,59,63,93,5.2,1.4,N,PA,BREVES,A228,-1.680251,-50.478139,11.0
1727,2019-10-15,20:00,0.0,1008.6,1008.7,1008.1,402,26.5,23.7,26.6,26.2,24.0,23.0,87,80,85,65,4.4,1.8,N,PA,BREVES,A228,-1.680251,-50.478139,11.0
1728,2019-10-16,00:00,0.0,1010.7,1010.8,1010.0,-9999,24.2,22.7,24.5,24.2,22.8,22.7,92,89,92,84,0.9,0.4,N,PA,BREVES,A228,-1.680251,-50.478139,11.0
1729,2019-10-16,04:00,0.0,1010.6,1011.2,1010.6,-9999,23.1,22.0,23.6,23.1,22.3,21.9,93,93,93,72,1.2,0.5,N,PA,BREVES,A228,-1.680251,-50.478139,11.0
1730,2019-10-16,08:00,0.0,1010.1,1010.1,1009.9,-9999,22.6,21.5,22.6,22.4,21.5,21.3,94,94,94,229,1.1,0.1,N,PA,BREVES,A228,-1.680251,-50.478139,11.0
1731,2019-10-16,12:00,0.0,1012.1,1012.1,1011.5,1786,27.9,23.7,28.4,25.5,24.6,23.4,89,77,78,60,4.1,1.6,N,PA,BREVES,A228,-1.680251,-50.478139,11.0
1732,2019-10-16,16:00,0.0,1010.5,1011.3,1010.5,2333,31.5,22.3,32.6,31.2,23.8,21.5,61,54,58,85,5.8,2.0,N,PA,BREVES,A228,-1.680251,-50.478139,11.0
1733,2019-10-16,20:00,0.0,1008.2,1008.2,1007.6,1029,32.2,23.2,32.7,32.0,23.8,21.8,61,54,59,112,4.5,0.9,N,PA,BREVES,A228,-1.680251,-50.478139,11.0
1734,2019-10-17,00:00,0.0,1010.5,1010.5,1009.7,-9999,24.7,22.6,25.0,24.7,22.8,22.5,88,87,88,53,3.8,1.0,N,PA,BREVES,A228,-1.680251,-50.478139,11.0
1735,2019-10-17,04:00,0.0,1010.9,1011.5,1010.9,-9999,23.8,22.3,24.2,23.8,22.4,22.2,91,89,91,77,1.1,0.5,N,PA,BREVES,A228,-1.680251,-50.478139,11.0
1736,2019-10-17,08:00,0.0,1010.4,1010.4,1009.9,-9999,23.7,22.4,23.7,23.6,22.5,22.3,93,93,93,77,1.4,0.6,N,PA,BREVES,A228,-1.680251,-50.478139,11.0
1737,2019-10-17,12:00,0.0,1012.6,1012.6,1012.0,1919,29.1,23.4,29.4,26.5,24.6,23.3,85,70,71,80,6.1,2.5,N,PA,BREVES,A228,-1.680251,-50.478139,11.0
1738,2019-10-17,16:00,0.0,1010.6,1011.8,1010.6,3351,32.6,22.5,33.2,31.6,23.8,21.7,61,53,55,74,6.9,1.9,N,PA,BREVES,A228,-1.680251,-50.478139,11.0
1739,2019-10-17,20:00,0.0,1007.8,1008.2,1007.5,1280,31.9,21.7,32.8,31.5,24.4,21.6,63,54,55,98,5.2,1.5,N,PA,BREVES,A228,-1.680251,-50.478139,11.0
1740,2019-10-18,00:00,0.0,1010.8,1011.0,1009.7,-9999,25.8,22.2,26.5,25.8,22.2,22.0,81,76,81,69,4.1,1.5,N,PA,BREVES,A228,-1.680251,-50.478139,11.0
1741,2019-10-18,04:00,0.0,1010.6,1011.3,1010.6,-9999,24.1,22.5,24.6,24.1,22.6,22.4,90,89,90,51,1.8,0.5,N,PA,BREVES,A228,-1.680251,-50.478139,11.0
1742,2019-10-18,08:00,0.0,1009.9,1009.9,1009.7,-9999,23.4,22.0,23.6,23.3,22.2,21.9,92,92,92,67,2.6,1.1,N,PA,BREVES,A228,-1.680251,-50.478139,11.0
1743,2019-10-18,12:00,0.0,1012.1,1012.1,1011.6,1714,28.4,22.7,28.9,26.8,23.6,22.7,80,71,71,84,6.6,3.3,N,PA,BREVES,A228,-1.680251,-50.478139,11.0
1744,2019-10-18,16:00,0.0,1011.1,1011.8,1011.1,2503,32.1,21.8,32.6,30.5,23.8,21.7,64,54,55,114,5.5,1.5,N,PA,BREVES,A228,-1.680251,-50.478139,11.0
1745,2019-10-18,20:00,0.0,1007.9,1008.4,1007.9,1067,30.5,22.7,31.2,30.5,23.2,21.7,65,57,63,102,4.7,1.5,N,PA,BREVES,A228,-1.680251,-50.478139,11.0
1746,2019-10-19,00:00,1.0,1011.4,1011.4,1011.0,-9999,25.1,23.4,25.3,25.1,23.7,23.3,91,90,91,68,2.9,0.7,N,PA,BREVES,A228,-1.680251,-50.478139,11.0
1747,2019-10-19,04:00,0.0,1010.1,1011.0,1010.1,-9999,23.8,22.4,24.0,23.8,22.7,22.4,93,92,92,55,1.9,0.4,N,PA,BREVES,A228,-1.680251,-50.478139,11.0
1748,2019-10-19,08:00,0.0,1008.9,1009.0,1008.8,-9999,22.7,21.6,23.0,22.7,21.9,21.6,94,93,94,87,1.2,0.6,N,PA,BREVES,A228,-1.680251,-50.478139,11.0
1749,2019-10-19,12:00,0.0,1011.4,1011.4,1010.7,1788,29.2,24.0,29.2,26.6,24.3,23.3,84,73,74,83,5.0,2.0,N,PA,BREVES,A228,-1.680251,-50.478139,11.0
1750,2019-10-19,16:00,0.0,1010.1,1011.1,1010.1,2873,32.2,23.0,32.5,30.9,23.5,21.6,61,54,58,68,5.4,2.2,N,PA,BREVES,A228,-1.680251,-50.478139,11.0
1751,2019-10-19,20:00,0.0,1008.7,1009.1,1008.5,193,25.9,21.9,28.4,25.9,23.4,21.6,79,71,79,62,7.5,2.3,N,PA,BREVES,A228,-1.680251,-50.478139,11.0
1752,2019-10-20,00:00,0.0,1009.9,1009.9,1009.7,-9999,24.4,22.7,24.5,24.4,22.9,22.7,91,90,91,56,2.0,0.5,N,PA,BREVES,A228,-1.680251,-50.478139,11.0
1753,2019-10-20,04:00,0.0,1010.2,1010.6,1010.2,-9999,24.0,22.7,24.5,23.9,22.9,22.5,93,91,93,109,1.4,0.2,N,PA,BREVES,A228,-1.680251,-50.478139,11.0
1754,2019-10-20,08:00,0.0,1009.2,1009.3,1009.1,-9999,23.2,22.1,23.3,23.0,22.1,21.8,94,93,93,15,0.7,0.3,N,PA,BREVES,A228,-1.680251,-50.478139,11.0
1755,2019-10-20,12:00,0.0,1011.2,1011.2,1010.8,1618,28.8,24.2,29.1,27.1,24.5,23.4,81,75,76,59,4.7,1.7,N,PA,BREVES,A228,-1.680251,-50.478139,11.0
1756,2019-10-20,16:00,0.0,1009.4,1010.7,1009.4,2749,31.7,22.8,32.8,30.9,24.5,21.9,67,54,59,98,6.2,1.4,N,PA,BREVES,A228,-1.680251,-50.478139,11.0
1757,2019-10-20,20:00,0.2,1007.3,1008.0,1007.1,135,24.4,22.7,24.8,24.4,23.1,22.5,91,88,90,109,4.7,0.8,N,PA,BREVES,A228,-1.680251,-50.478139,11.0
1758,2019-10-21,00:00,0.0,1009.6,1009.6,1008.9,-9999,23.5,22.2,23.9,23.5,22.5,22.2,93,92,93,132,1.4,0.5,N,PA,BREVES,A228,-1.680251,-50.478139,11.0
1759,2019-10-21,04:00,0.0,1009.2,1009.7,1009.1,-9999,22.6,21.4,23.1,22.6,22.0,21.4,94,93,94,101,0.8,0.3,N,PA,BREVES,A228,-1.680251,-50.478139,11.0
1760,2019-10-21,08:00,0.0,1008.9,1008.9,1008.6,-9999,21.9,20.9,22.1,21.8,21.1,20.8,94,94,94,196,0.6,0.3,N,PA,BREVES,A228,-1.680251,-50.478139,11.0
1761,2019-10-21,12:00,0.0,1011.8,1011.8,1011.3,1893,28.3,24.3,29.1,26.7,25.2,23.5,85,74,79,59,5.1,1.6,N,PA,BREVES,A228,-1.680251,-50.478139,11.0
1762,2019-10-21,16:00,0.0,1009.4,1010.4,1009.4,2988,32.6,23.4,33.0,31.4,23.9,21.9,62,54,58,72,4.4,1.3,N,PA,BREVES,A228,-1.680251,-50.478139,11.0
1763,2019-10-21,20:00,0.0,1006.0,1006.6,1006.0,515,31.1,24.0,31.1,30.1,24.6,22.3,72,60,66,74,2.2,0.4,N,PA,BREVES,A228,-1.680251,-50.478139,11.0
1764,2019-10-22,00:00,0.0,1009.2,1009.2,1007.7,-9999,26.6,23.1,26.9,26.2,24.2,23.1,88,81,81,82,3.0,1.0,N,PA,BREVES,A228,-1.680251,-50.478139,11.0
1765,2019-10-22,04:00,0.0,1009.6,1010.3,1009.6,-9999,25.4,22.7,25.4,25.1,22.9,22.7,87,85,85,69,2.8,1.0,N,PA,BREVES,A228,-1.680251,-50.478139,11.0
1766,2019-10-22,08:00,0.0,1008.9,1008.9,1008.8,-9999,23.4,22.1,23.7,23.3,22.4,22.1,93,93,93,134,1.4,0.3,N,PA,BREVES,A228,-1.680251,-50.478139,11.0
1767,2019-10-22,12:00,0.0,1011.3,1011.3,1010.7,1808,29.7,23.0,29.8,27.3,24.2,23.0,80,67,67,74,5.2,2.7,N,PA,BREVES,A228,-1.680251,-50.478139,11.0
1768,2019-10-22,16:00,0.0,1009.4,1010.4,1009.4,2135,32.4,22.9,32.9,32.0,23.6,21.6,60,54,57,173,3.7,0.8,N,PA,BREVES,A228,-1.680251,-50.478139,11.0
1769,2019-10-22,20:00,0.0,1006.8,1007.0,1006.6,363,29.7,24.5,31.1,29.7,24.8,23.7,75,66,74,192,2.6,0.3,N,PA,BREVES,A228,-1.680251,-50.478139,11.0
1770,2019-10-23,00:00,0.0,1009.8,1009.9,1009.4,-9999,24.9,21.8,25.3,24.9,22.3,21.8,84,82,83,62,2.2,0.9,N,PA,BREVES,A228,-1.680251,-50.478139,11.0
1771,2019-10-23,04:00,0.0,1009.4,1010.0,1009.3,-9999,23.9,22.1,23.9,23.4,22.1,21.7,91,90,90,173,2.4,0.5,N,PA,BREVES,A228,-1.680251,-50.478139,11.0
1772,2019-10-23,08:00,0.0,1008.5,1008.5,1008.3,-9999,23.9,22.5,24.1,23.9,22.6,22.5,92,92,92,78,2.4,0.8,N,PA,BREVES,A228,-1.680251,-50.478139,11.0
1773,2019-10-23,12:00,0.0,1010.8,1010.8,1010.0,1796,28.4,22.6,29.2,27.0,23.7,22.4,79,69,71,85,5.2,2.5,N,PA,BREVES,A228,-1.680251,-50.478139,11.0
1774,2019-10-23,16:00,0.0,1009.4,1010.4,1009.4,3283,32.7,21.5,33.4,31.8,22.3,19.7,56,47,52,85,5.4,2.1,N,PA,BREVES,A228,-1.680251,-50.478139,11.0
1775,2019-10-23,20:00,0.0,1006.6,1006.7,1006.5,978,32.2,20.5,33.2,32.2,21.9,20.0,53,46,50,83,4.3,1.4,N,PA,BREVES,A228,-1.680251,-50.478139,11.0
1776,2019-10-24,00:00,0.0,1009.7,1009.7,1008.9,-9999,25.3,21.8,26.1,25.3,22.5,21.8,82,78,81,71,2.0,0.6,N,PA,BREVES,A228,-1.680251,-50.478139,11.0
1777,2019-10-24,04:00,0.0,1008.9,1009.6,1008.9,-9999,23.4,21.9,23.8,23.3,22.0,21.7,92,89,91,73,1.3,0.5,N,PA,BREVES,A228,-1.680251,-50.478139,11.0
1778,2019-10-24,08:00,0.0,1007.9,1007.9,1007.8,-9999,21.9,20.8,22.3,21.9,21.2,20.8,94,93,93,89,0.6,0.3,N,PA,BREVES,A228,-1.680251,-50.478139,11.0
1779,2019-10-24,12:00,0.0,1011.0,1011.0,1010.4,1675,29.2,23.9,29.5,26.3,24.7,23.2,84,73,73,46,3.3,1.4,N,PA,BREVES,A228,-1.680251,-50.478139,11.0
1780,2019-10-24,16:00,0.0,1009.0,1009.9,1009.0,2601,32.8,21.7,33.1,31.9,23.0,21.0,59,50,52,100,4.5,1.0,N,PA,BREVES,A228,-1.680251,-50.478139,11.0
1781,2019-10-24,20:00,0.0,1006.2,1006.4,1006.1,579,32.6,22.4,33.2,32.1,23.4,20.8,60,49,55,94,1.6,0.6,N,PA,BREVES,A228,-1.680251,-50.478139,11.0
1782,2019-10-25,00:00,0.0,1008.1,1008.1,1007.4,-9999,26.5,22.4,27.9,26.5,23.2,21.9,79,72,78,86,2.1,0.7,N,PA,BREVES,A228,-1.680251,-50.478139,11.0
1783,2019-10-25,04:00,0.0,1008.8,1009.1,1008.8,-9999,24.1,21.8,24.4,24.1,21.8,21.5,87,84,87,71,2.6,1.2,N,PA,BREVES,A228,-1.680251,-50.478139,11.0
1784,2019-10-25,08:00,0.0,1008.4,1008.4,1007.9,-9999,23.2,21.9,23.4,23.1,22.1,21.9,93,92,93,68,1.4,0.4,N,PA,BREVES,A228,-1.680251,-50.478139,11.0
1785,2019-10-25,12:00,0.0,1011.7,1011.8,1011.1,1725,29.7,24.1,29.7,27.3,24.5,23.7,82,71,72,73,4.9,2.4,N,PA,BREVES,A228,-1.680251,-50.478139,11.0
1786,2019-10-25,16:00,0.0,1009.6,1010.7,1009.6,3133,33.1,23.3,33.7,32.2,23.7,22.0,58,51,56,108,5.6,1.3,N,PA,BREVES,A228,-1.680251,-50.478139,11.0
1787,2019-10-25,20:00,0.0,1006.8,1007.2,1006.8,335,32.0,22.0,32.7,30.8,24.1,21.9,67,54,56,158,2.9,0.2,N,PA,BREVES,A228,-1.680251,-50.478139,11.0
1788,2019-10-26,00:00,0.0,1009.7,1009.7,1008.9,-9999,24.6,23.0,25.2,24.5,23.1,22.3,90,85,90,62,2.0,0.3,N,PA,BREVES,A228,-1.680251,-50.478139,11.0
1789,2019-10-26,04:00,0.0,1009.7,1010.2,1009.7,-9999,24.3,22.6,24.5,24.3,22.6,22.5,90,89,90,57,2.7,0.6,N,PA,BREVES,A228,-1.680251,-50.478139,11.0
1790,2019-10-26,08:00,0.0,1010.3,1010.3,1009.8,-9999,23.2,22.1,23.3,23.1,22.2,21.9,93,93,93,139,0.8,0.3,N,PA,BREVES,A228,-1.680251,-50.478139,11.0
1791,2019-10-26,12:00,0.0,1012.2,1012.2,1011.8,1753,29.6,23.7,29.7,27.6,24.2,23.3,79,70,71,76,6.0,2.3,N,PA,BREVES,A228,-1.680251,-50.478139,11.0
1792,2019-10-26,16:00,0.0,1010.2,1011.2,1010.2,2927,32.2,22.5,33.7,32.0,24.1,22.0,60,53,57,71,5.8,1.7,N,PA,BREVES,A228,-1.680251,-50.478139,11.0
1793,2019-10-26,20:00,0.0,1007.6,1007.8,1006.7,807,30.5,23.7,32.4,30.4,24.5,22.9,67,58,67,82,6.0,1.7,N,PA,BREVES,A228,-1.680251,-50.478139,11.0
1794,2019-10-27,00:00,0.0,1010.8,1010.8,1009.6,-9999,24.6,21.7,25.1,24.5,21.9,21.5,85,81,84,62,2.7,0.6,N,PA,BREVES,A228,-1.680251,-50.478139,11.0
1795,2019-10-27,04:00,0.0,1010.9,1011.6,1010.9,-9999,23.7,22.2,23.8,23.4,22.2,21.9,92,90,91,45,1.4,0.9,N,PA,BREVES,A228,-1.680251,-50.478139,11.0
1796,2019-10-27,08:00,0.0,1009.3,1009.4,1009.1,-9999,23.2,22.0,23.2,22.8,22.0,21.6,93,93,93,72,1.6,0.7,N,PA,BREVES,A228,-1.680251,-50.478139,11.0
1797,2019-10-27,12:00,0.0,1011.8,1011.8,1011.4,1802,29.4,23.1,29.5,27.6,23.7,22.8,77,68,69,95,6.8,3.0,N,PA,BREVES,A228,-1.680251,-50.478139,11.0
1798,2019-10-27,16:00,0.0,1009.7,1010.7,1009.7,2924,32.3,22.9,33.1,31.3,23.9,21.9,63,54,58,109,5.6,2.0,N,PA,BREVES,A228,-1.680251,-50.478139,11.0
1799,2019-10-27,20:00,0.0,1007.0,1007.5,1006.9,694,31.7,23.0,32.8,31.7,23.5,22.2,62,54,60,113,4.7,1.0,N,PA,BREVES,A228,-1.680251,-50.478139,11.0
1800,2019-10-28,00:00,0.0,1009.3,1009.4,1008.5,-9999,25.8,22.5,26.7,25.8,22.6,22.3,82,77,82,77,3.5,1.3,N,PA,BREVES,A228,-1.680251,-50.478139,11.0
1801,2019-10-28,04:00,0.0,1009.2,1009.9,1009.2,-9999,24.3,22.6,24.4,24.2,22.7,22.5,90,90,90,58,1.8,0.7,N,PA,BREVES,A228,-1.680251,-50.478139,11.0
1802,2019-10-28,08:00,0.0,1008.2,1008.3,1008.1,-9999,23.4,22.0,23.6,23.3,22.2,21.9,92,91,92,74,1.9,1.0,N,PA,BREVES,A228,-1.680251,-50.478139,11.0
1803,2019-10-28,12:00,0.0,1011.3,1011.3,1010.7,1789,29.5,23.5,29.5,27.0,23.9,22.9,81,70,70,89,5.5,2.0,N,PA,BREVES,A228,-1.680251,-50.478139,11.0
1804,2019-10-28,16:00,0.0,1009.2,1010.5,1009.2,2497,31.9,21.3,32.7,30.6,23.1,21.3,64,52,54,118,7.0,1.4,N,PA,BREVES,A228,-1.680251,-50.478139,11.0
1805,2019-10-28,20:00,0.0,1006.5,1006.9,1006.5,625,31.7,22.9,32.8,31.7,23.2,21.3,61,51,60,142,4.0,0.8,N,PA,BREVES,A228,-1.680251,-50.478139,11.0
1806,2019-10-29,00:00,0.0,1008.9,1008.9,1007.8,-9999,26.7,21.7,27.8,26.7,21.8,21.5,75,69,74,61,4.8,0.9,N,PA,BREVES,A228,-1.680251,-50.478139,11.0
1807,2019-10-29,04:00,0.0,1008.9,1009.4,1008.9,-9999,24.3,22.1,24.4,24.2,22.3,22.1,88,87,88,20,1.5,0.5,N,PA,BREVES,A228,-1.680251,-50.478139,11.0
1808,2019-10-29,08:00,0.0,1007.7,1007.7,1007.5,-9999,23.5,22.1,24.1,23.5,22.4,22.1,92,90,92,70,1.5,0.4,N,PA,BREVES,A228,-1.680251,-50.478139,11.0
1809,2019-10-29,12:00,0.0,1010.1,1010.1,1009.6,1725,29.0,23.1,29.1,26.7,23.8,22.9,81,70,71,87,5.7,2.1,N,PA,BREVES,A228,-1.680251,-50.478139,11.0
1810,2019-10-29,16:00,0.0,1008.5,1009.8,1008.5,2461,32.3,21.0,32.7,30.5,22.5,20.7,59,51,51,61,5.9,2.1,N,PA,BREVES,A228,-1.680251,-50.478139,11.0
1811,2019-10-29,20:00,0.0,1006.4,1006.4,1006.1,500,29.7,22.6,31.1,29.7,23.7,22.4,68,61,66,82,4.3,1.2,N,PA,BREVES,A228,-1.680251,-50.478139,11.0
1812,2019-10-30,00:00,0.0,1008.6,1008.6,1007.6,-9999,25.8,22.8,26.2,25.8,23.0,22.7,83,82,83,12,2.1,0.5,N,PA,BREVES,A228,-1.680251,-50.478139,11.0
1813,2019-10-30,04:00,0.0,1008.1,1008.8,1008.1,-9999,24.2,22.4,25.1,24.2,22.6,22.4,90,86,90,138,2.0,0.2,N,PA,BREVES,A228,-1.680251,-50.478139,11.0
1814,2019-10-30,08:00,0.0,1007.2,1007.2,1006.9,-9999,23.1,21.9,23.4,23.0,22.1,21.8,93,93,93,74,0.6,0.3,N,PA,BREVES,A228,-1.680251,-50.478139,11.0
1815,2019-10-30,12:00,0.0,1009.8,1009.8,1009.2,1147,27.9,22.9,28.2,26.7,23.9,22.7,82,73,74,96,5.9,2.0,N,PA,BREVES,A228,-1.680251,-50.478139,11.0
1816,2019-10-30,16:00,0.0,1009.1,1010.0,1009.1,2046,31.5,22.2,31.5,30.1,23.3,21.7,65,57,58,80,3.9,1.6,N,PA,BREVES,A228,-1.680251,-50.478139,11.0
1817,2019-10-30,20:00,0.0,1007.0,1007.1,1006.6,279,29.8,24.0,31.3,29.7,24.0,22.6,71,62,71,117,2.5,0.3,N,PA,BREVES,A228,-1.680251,-50.478139,11.0
1818,2019-10-31,00:00,0.0,1009.8,1009.8,1009.1,-9999,25.2,22.2,25.4,25.1,22.3,22.2,84,83,83,71,3.6,1.6,N,PA,BREVES,A228,-1.680251,-50.478139,11.0
1819,2019-10-31,04:00,0.0,1010.0,1010.4,1010.0,-9999,23.7,22.4,23.8,23.5,22.4,22.1,93,91,92,24,1.0,0.4,N,PA,BREVES,A228,-1.680251,-50.478139,11.0
1820,2019-10-31,08:00,0.0,1009.5,1009.5,1009.1,-9999,22.9,21.7,23.2,22.9,22.0,21.7,93,93,93,82,0.7,0.2,N,PA,BREVES,A228,-1.680251,-50.478139,11.0
1821,2019-10-31,12:00,0.0,1011.6,1011.7,1010.9,1586,28.9,23.4,29.0,27.1,23.8,22.9,81,71,72,83,6.2,2.5,N,PA,BREVES,A228,-1.680251,-50.478139,11.0
1822,2019-10-31,16:00,0.0,1010.1,1011.2,1010.1,2343,31.8,21.6,33.0,31.1,22.7,21.3,60,52,55,84,6.6,2.4,N,PA,BREVES,A228,-1.680251,-50.478139,11.0
1823,2019-10-31,20:00,0.0,1006.9,1007.0,1006.9,533,32.1,22.5,32.9,32.0,23.0,21.7,59,52,57,100,3.6,1.3,N,PA,BREVES,A228,-1.680251,-50.478139,11.0
1824,2019-11-01,00:00,0.0,1009.3,1009.3,1008.3,-9999,25.8,22.4,25.9,25.5,22.5,22.2,83,81,81,44,2.2,0.9,N,PA,BREVES,A228,-1.680251,-50.478139,11.0
1825,2019-11-01,04:00,0.0,1009.9,1010.3,1009.7,-9999,23.7,22.3,24.3,23.6,22.5,22.2,92,90,92,83,1.5,0.2,N,PA,BREVES,A228,-1.680251,-50.478139,11.0
1826,2019-11-01,08:00,0.0,1009.5,1009.5,1009.3,-9999,23.0,21.9,23.1,22.9,22.0,21.7,93,93,93,72,1.6,0.6,N,PA,BREVES,A228,-1.680251,-50.478139,11.0
1827,2019-11-01,12:00,0.0,1012.3,1012.4,1011.9,1711,29.1,22.2,29.3,26.8,23.7,22.2,81,66,66,80,6.4,3.2,N,PA,BREVES,A228,-1.680251,-50.478139,11.0
1828,2019-11-01,16:00,0.0,1009.8,1011.2,1009.8,3371,33.3,22.0,33.7,32.3,22.0,20.0,52,46,52,86,6.0,1.9,N,PA,BREVES,A228,-1.680251,-50.478139,11.0
1829,2019-11-01,20:00,0.0,1007.3,1007.5,1007.3,452,32.0,21.6,33.3,32.0,22.0,20.5,55,48,54,115,3.9,0.8,N,PA,BREVES,A228,-1.680251,-50.478139,11.0
1830,2019-11-02,00:00,0.0,1009.1,1009.1,1008.4,-9999,24.6,23.1,24.9,24.6,23.1,22.9,91,89,91,108,1.9,0.5,N,PA,BREVES,A228,-1.680251,-50.478139,11.0
1831,2019-11-02,04:00,0.0,1008.9,1009.0,1008.7,-9999,23.8,22.1,24.3,23.8,22.3,22.1,90,89,90,91,2.1,0.3,N,PA,BREVES,A228,-1.680251,-50.478139,11.0
1832,2019-11-02,08:00,0.0,1008.4,1008.4,1008.2,-9999,22.4,21.3,22.7,22.3,21.6,21.2,93,93,93,143,0.7,0.3,N,PA,BREVES,A228,-1.680251,-50.478139,11.0
1833,2019-11-02,12:00,0.0,1010.4,1010.4,1010.2,1758,29.8,24.4,29.8,27.1,24.7,23.3,82,70,73,66,4.8,1.5,N,PA,BREVES,A228,-1.680251,-50.478139,11.0
1834,2019-11-02,16:00,0.0,1008.5,1009.5,1008.5,1605,32.1,22.0,32.8,32.0,23.5,21.7,60,53,55,105,4.1,1.2,N,PA,BREVES,A228,-1.680251,-50.478139,11.0
1835,2019-11-02,20:00,0.0,1005.5,1006.0,1005.5,554,31.9,23.1,32.7,31.9,23.4,22.2,60,55,60,334,2.8,1.4,N,PA,BREVES,A228,-1.680251,-50.478139,11.0
1836,2019-11-03,00:00,0.0,1008.3,1008.3,1007.7,-9999,26.8,21.9,27.9,26.8,23.4,21.9,78,74,75,66,5.4,1.5,N,PA,BREVES,A228,-1.680251,-50.478139,11.0
1837,2019-11-03,04:00,0.0,1008.2,1008.6,1008.2,-9999,23.6,21.6,24.1,23.6,21.7,21.6,89,86,89,75,1.9,0.8,N,PA,BREVES,A228,-1.680251,-50.478139,11.0
1838,2019-11-03,08:00,0.0,1008.2,1008.2,1007.8,-9999,22.4,21.2,22.7,22.4,21.5,21.2,93,93,93,33,0.9,0.3,N,PA,BREVES,A228,-1.680251,-50.478139,11.0
1839,2019-11-03,12:00,0.0,1010.5,1010.5,1010.3,1545,28.7,23.7,28.7,25.8,24.0,22.8,85,74,75,87,4.6,2.2,N,PA,BREVES,A228,-1.680251,-50.478139,11.0
1840,2019-11-03,16:00,0.0,1007.7,1008.8,1007.7,2190,33.1,22.4,33.2,31.1,23.9,21.8,62,53,53,26,3.5,1.4,N,PA,BREVES,A228,-1.680251,-50.478139,11.0
1841,2019-11-03,20:00,0.0,1005.6,1005.9,1005.4,502,31.1,22.7,33.0,31.1,23.3,21.9,62,54,61,79,6.0,1.4,N,PA,BREVES,A228,-1.680251,-50.478139,11.0
1842,2019-11-04,00:00,0.0,1009.2,1009.2,1008.0,-9999,26.8,22.4,27.2,26.8,22.5,22.4,77,76,77,63,3.6,1.2,N,PA,BREVES,A228,-1.680251,-50.478139,11.0
1843,2019-11-04,04:00,0.0,1008.6,1009.0,1008.5,-9999,25.0,22.5,25.0,24.8,22.7,22.5,88,86,86,95,4.1,1.5,N,PA,BREVES,A228,-1.680251,-50.478139,11.0
1844,2019-11-04,08:00,0.0,1008.4,1008.4,1007.7,-9999,23.2,22.0,23.3,23.2,22.0,21.9,93,92,93,111,0.7,0.3,N,PA,BREVES,A228,-1.680251,-50.478139,11.0
1845,2019-11-04,12:00,0.0,1010.0,1010.0,1009.7,1744,29.9,23.6,29.9,27.1,23.9,23.1,80,68,69,97,5.9,2.2,N,PA,BREVES,A228,-1.680251,-50.478139,11.0
1846,2019-11-04,16:00,0.0,1008.4,1009.4,1008.4,2388,31.5,22.9,33.9,31.1,24.1,21.9,62,51,60,86,6.2,1.7,N,PA,BREVES,A228,-1.680251,-50.478139,11.0
1847,2019-11-04,20:00,0.0,1006.5,1006.6,1006.1,680,30.9,23.4,31.7,30.9,23.7,22.8,65,60,64,85,4.6,2.1,N,PA,BREVES,A228,-1.680251,-50.478139,11.0
1848,2019-11-05,00:00,0.0,1008.6,1008.6,1008.0,-9999,26.3,23.3,26.7,26.3,23.3,23.1,84,81,84,92,3.6,1.2,N,PA,BREVES,A228,-1.680251,-50.478139,11.0
1849,2019-11-05,04:00,0.0,1007.9,1009.0,1007.9,-9999,25.4,22.9,25.6,25.4,22.9,22.8,86,85,86,78,3.6,1.7,N,PA,BREVES,A228,-1.680251,-50.478139,11.0
1850,2019-11-05,08:00,0.0,1008.4,1008.4,1007.8,-9999,23.2,22.0,23.6,23.2,22.3,21.9,93,92,93,26,0.8,0.1,N,PA,BREVES,A228,-1.680251,-50.478139,11.0
1851,2019-11-05,12:00,0.0,1011.7,1011.7,1011.0,1745,28.8,22.7,29.4,27.3,23.6,22.6,79,69,70,83,7.1,2.3,N,PA,BREVES,A228,-1.680251,-50.478139,11.0
1852,2019-11-05,16:00,0.0,1009.6,1010.7,1009.6,2554,33.3,21.5,33.6,31.4,22.5,20.5,57,49,50,91,6.5,2.3,N,PA,BREVES,A228,-1.680251,-50.478139,11.0
1853,2019-11-05,20:00,0.0,1007.7,1007.7,1007.3,484,31.1,22.1,32.8,30.8,22.8,21.1,60,51,59,156,5.6,1.2,N,PA,BREVES,A228,-1.680251,-50.478139,11.0
1854,2019-11-06,00:00,0.0,1008.7,1008.7,1008.3,-9999,26.4,23.1,26.5,25.8,23.3,23.0,85,82,82,51,3.1,0.8,N,PA,BREVES,A228,-1.680251,-50.478139,11.0
1855,2019-11-06,04:00,0.0,1008.2,1008.7,1008.2,-9999,24.3,22.6,24.4,24.3,22.8,22.6,91,90,90,62,1.8,0.6,N,PA,BREVES,A228,-1.680251,-50.478139,11.0
1856,2019-11-06,08:00,0.0,1008.1,1008.1,1007.9,-9999,23.1,22.0,23.3,22.8,22.1,21.6,93,93,93,79,1.0,0.6,N,PA,BREVES,A228,-1.680251,-50.478139,11.0
1857,2019-11-06,12:00,0.0,1011.0,1011.1,1010.4,1720,29.1,23.6,29.5,27.2,24.2,23.1,80,70,72,83,5.7,2.3,N,PA,BREVES,A228,-1.680251,-50.478139,11.0
1858,2019-11-06,16:00,0.0,1009.2,1010.4,1009.2,2906,33.4,21.6,34.1,31.6,22.7,20.4,56,47,50,88,5.8,1.9,N,PA,BREVES,A228,-1.680251,-50.478139,11.0
1859,2019-11-06,20:00,0.0,1006.4,1006.6,1006.3,519,31.2,22.9,32.3,31.1,24.1,22.4,62,58,61,82,4.3,1.3,N,PA,BREVES,A228,-1.680251,-50.478139,11.0
1860,2019-11-07,00:00,2.2,1008.8,1008.9,1008.0,-9999,23.6,22.0,26.5,23.5,22.0,20.6,90,76,90,27,8.2,0.6,N,PA,BREVES,A228,-1.680251,-50.478139,11.0
1861,2019-11-07,04:00,0.0,1008.1,1008.7,1007.9,-9999,23.1,21.8,23.4,23.1,22.1,21.8,93,92,93,123,1.5,0.6,N,PA,BREVES,A228,-1.680251,-50.478139,11.0
1862,2019-11-07,08:00,0.0,1007.5,1007.5,1006.8,-9999,22.6,21.5,23.0,22.6,21.8,21.5,93,93,93,253,0.6,0.3,N,PA,BREVES,A228,-1.680251,-50.478139,11.0
1863,2019-11-07,12:00,0.0,1009.6,1009.7,1009.4,1752,28.8,23.9,29.0,26.7,24.6,23.1,84,72,75,62,4.0,1.6,N,PA,BREVES,A228,-1.680251,-50.478139,11.0
1864,2019-11-07,16:00,0.0,1007.9,1008.7,1007.9,2079,32.0,22.4,33.3,31.0,24.5,22.2,65,55,57,142,3.6,1.4,N,PA,BREVES,A228,-1.680251,-50.478139,11.0
1865,2019-11-07,20:00,0.0,1005.5,1005.7,1005.5,459,32.1,22.9,33.0,32.1,23.4,22.2,60,55,59,94,4.7,1.2,N,PA,BREVES,A228,-1.680251,-50.478139,11.0
1866,2019-11-08,00:00,0.0,1007.3,1007.3,1006.7,-9999,26.7,23.2,26.7,26.4,23.9,23.2,86,81,81,66,2.8,1.3,N,PA,BREVES,A228,-1.680251,-50.478139,11.0
1867,2019-11-08,04:00,0.0,1007.2,1007.5,1007.2,-9999,25.0,22.8,25.2,25.0,22.8,22.7,87,87,87,74,2.9,1.2,N,PA,BREVES,A228,-1.680251,-50.478139,11.0
1868,2019-11-08,08:00,0.0,1007.0,1007.0,1006.4,-9999,23.1,21.9,23.6,23.1,22.3,21.9,93,93,93,131,0.7,0.2,N,PA,BREVES,A228,-1.680251,-50.478139,11.0
1869,2019-11-08,12:00,0.0,1009.5,1009.5,1008.9,1571,29.4,23.8,29.8,27.5,24.3,23.4,81,70,72,74,4.8,2.3,N,PA,BREVES,A228,-1.680251,-50.478139,11.0
1870,2019-11-08,16:00,0.0,1006.9,1008.3,1006.9,2214,32.5,23.3,33.3,31.4,24.4,22.4,63,56,58,357,4.5,1.3,N,PA,BREVES,A228,-1.680251,-50.478139,11.0
1871,2019-11-08,20:00,0.0,1005.1,1005.5,1004.8,713,29.2,23.2,29.5,28.6,24.2,22.7,74,69,70,56,4.0,1.7,N,PA,BREVES,A228,-1.680251,-50.478139,11.0
1872,2019-11-09,00:00,0.0,1008.1,1008.1,1007.0,-9999,25.9,23.6,26.4,25.9,23.7,23.6,87,85,87,114,3.9,0.7,N,PA,BREVES,A228,-1.680251,-50.478139,11.0
1873,2019-11-09,04:00,0.0,1008.1,1008.3,1008.1,-9999,25.0,23.4,25.2,25.0,23.6,23.4,91,91,91,98,0.8,0.3,N,PA,BREVES,A228,-1.680251,-50.478139,11.0
1874,2019-11-09,08:00,0.0,1007.3,1007.3,1006.8,-9999,24.1,22.9,24.4,24.1,23.1,22.8,93,92,93,184,0.7,0.2,N,PA,BREVES,A228,-1.680251,-50.478139,11.0
1875,2019-11-09,12:00,0.0,1010.4,1010.4,1009.6,1411,28.9,23.8,29.3,27.8,24.6,23.6,82,73,74,60,5.8,2.3,N,PA,BREVES,A228,-1.680251,-50.478139,11.0
1876,2019-11-09,16:00,0.0,1008.2,1009.2,1008.2,2092,32.2,22.9,32.4,31.2,24.2,22.8,65,58,58,87,4.8,1.8,N,PA,BREVES,A228,-1.680251,-50.478139,11.0
1877,2019-11-09,20:00,0.0,1006.3,1006.3,1006.0,548,30.1,22.7,30.9,30.0,23.7,22.3,67,63,65,70,6.7,2.7,N,PA,BREVES,A228,-1.680251,-50.478139,11.0
1878,2019-11-10,00:00,0.0,1008.3,1008.4,1007.8,-9999,25.4,23.5,25.6,25.4,23.5,23.4,89,88,89,60,1.8,0.8,N,PA,BREVES,A228,-1.680251,-50.478139,11.0
1879,2019-11-10,04:00,0.0,1007.4,1008.1,1007.4,-9999,24.4,22.9,24.7,24.4,23.2,22.9,92,91,92,111,2.3,0.4,N,PA,BREVES,A228,-1.680251,-50.478139,11.0
1880,2019-11-10,08:00,0.0,1007.2,1007.2,1006.6,-9999,23.1,21.9,23.4,23.0,22.1,21.8,93,93,93,233,0.6,0.2,N,PA,BREVES,A228,-1.680251,-50.478139,11.0
1881,2019-11-10,12:00,0.0,1010.8,1010.8,1010.2,1684,29.2,22.9,29.6,27.5,23.9,22.8,79,68,69,94,7.8,3.0,N,PA,BREVES,A228,-1.680251,-50.478139,11.0
1882,2019-11-10,16:00,0.0,1008.6,1009.9,1008.6,2603,33.3,21.8,33.9,32.1,22.2,20.9,54,47,51,87,6.3,1.9,N,PA,BREVES,A228,-1.680251,-50.478139,11.0
1883,2019-11-10,20:00,0.0,1006.8,1006.9,1006.7,464,31.4,22.6,31.5,30.3,23.0,22.5,64,59,60,83,6.0,1.5,N,PA,BREVES,A228,-1.680251,-50.478139,11.0
1884,2019-11-11,00:00,0.0,1008.6,1008.7,1007.6,-9999,26.8,22.7,27.9,26.8,24.3,22.7,81,76,78,63,6.5,1.9,N,PA,BREVES,A228,-1.680251,-50.478139,11.0
1885,2019-11-11,04:00,0.0,1008.0,1008.5,1008.0,-9999,24.1,22.6,24.4,24.1,22.6,22.5,91,90,91,28,1.1,0.3,N,PA,BREVES,A228,-1.680251,-50.478139,11.0
1886,2019-11-11,08:00,0.0,1007.9,1007.9,1007.4,-9999,23.4,22.2,23.9,23.4,22.6,22.1,93,92,93,93,1.0,0.4,N,PA,BREVES,A228,-1.680251,-50.478139,11.0
1887,2019-11-11,12:00,0.0,1009.8,1009.8,1009.6,1580,29.6,23.7,29.7,27.5,24.0,23.3,80,69,71,84,5.9,2.7,N,PA,BREVES,A228,-1.680251,-50.478139,11.0
1888,2019-11-11,16:00,0.0,1007.8,1008.8,1007.8,2473,32.1,21.8,34.4,31.1,23.2,21.5,61,49,54,70,5.3,1.7,N,PA,BREVES,A228,-1.680251,-50.478139,11.0
1889,2019-11-11,20:00,0.0,1004.9,1005.3,1004.8,683,31.5,23.1,32.8,31.5,23.6,22.2,61,54,61,103,3.6,1.0,N,PA,BREVES,A228,-1.680251,-50.478139,11.0
1890,2019-11-12,00:00,0.0,1007.5,1007.5,1006.5,-9999,27.2,23.2,27.5,27.0,24.0,23.2,83,78,79,78,5.6,2.7,N,PA,BREVES,A228,-1.680251,-50.478139,11.0
1891,2019-11-12,04:00,0.0,1007.6,1008.2,1007.6,-9999,24.6,23.0,25.3,24.6,23.2,23.0,91,88,91,32,1.4,0.3,N,PA,BREVES,A228,-1.680251,-50.478139,11.0
1892,2019-11-12,08:00,0.0,1006.8,1006.8,1006.4,-9999,23.2,22.0,23.8,23.2,22.6,22.0,93,93,93,102,1.3,0.5,N,PA,BREVES,A228,-1.680251,-50.478139,11.0
1893,2019-11-12,12:00,0.0,1009.0,1009.0,1008.4,1597,29.2,23.5,29.3,27.6,24.1,23.2,79,71,71,64,5.9,2.4,N,PA,BREVES,A228,-1.680251,-50.478139,11.0
1894,2019-11-12,16:00,0.0,1007.9,1009.0,1007.9,2035,31.8,21.7,33.4,31.4,23.4,21.7,60,53,55,66,5.8,1.8,N,PA,BREVES,A228,-1.680251,-50.478139,11.0
1895,2019-11-12,20:00,0.0,1005.0,1005.5,1005.0,632,28.0,20.8,31.2,27.7,24.7,20.1,70,60,65,45,10.0,1.8,N,PA,BREVES,A228,-1.680251,-50.478139,11.0
1896,2019-11-13,00:00,0.0,1008.1,1008.2,1007.5,-9999,25.0,22.7,25.3,24.8,22.9,22.4,88,84,87,59,2.3,0.6,N,PA,BREVES,A228,-1.680251,-50.478139,11.0
1897,2019-11-13,04:00,0.0,1007.8,1008.3,1007.8,-9999,24.6,22.5,24.6,23.8,22.7,22.4,92,88,88,74,2.7,1.2,N,PA,BREVES,A228,-1.680251,-50.478139,11.0
1898,2019-11-13,08:00,0.0,1006.9,1006.9,1006.7,-9999,23.3,22.1,23.5,23.3,22.2,22.0,93,92,93,157,1.3,0.2,N,PA,BREVES,A228,-1.680251,-50.478139,11.0
1899,2019-11-13,12:00,0.0,1009.7,1009.7,1009.2,1671,29.4,23.5,29.9,27.7,24.0,23.0,78,68,70,79,6.5,2.6,N,PA,BREVES,A228,-1.680251,-50.478139,11.0
1900,2019-11-13,16:00,0.0,1008.1,1009.2,1008.1,2577,34.1,22.0,34.4,32.1,23.1,21.7,58,49,50,98,6.0,1.7,N,PA,BREVES,A228,-1.680251,-50.478139,11.0
1901,2019-11-13,20:00,0.4,1006.2,1006.2,1005.5,325,28.1,22.0,32.5,28.1,24.1,22.0,69,55,69,113,10.0,3.6,N,PA,BREVES,A228,-1.680251,-50.478139,11.0
1902,2019-11-14,00:00,0.0,1008.7,1008.7,1007.9,-9999,23.9,22.3,24.2,23.6,22.4,22.1,92,88,91,224,1.2,0.3,N,PA,BREVES,A228,-1.680251,-50.478139,11.0
1903,2019-11-14,04:00,0.0,1008.4,1009.2,1008.4,-9999,23.9,22.4,24.4,23.9,22.6,22.4,91,90,91,111,2.2,0.2,N,PA,BREVES,A228,-1.680251,-50.478139,11.0
1904,2019-11-14,08:00,0.0,1008.1,1008.1,1007.4,-9999,23.0,21.8,23.2,23.0,22.1,21.8,93,93,93,164,1.1,0.2,N,PA,BREVES,A228,-1.680251,-50.478139,11.0
1905,2019-11-14,12:00,0.0,1010.7,1010.7,1010.1,1337,28.7,23.7,28.8,25.0,24.5,23.4,91,74,74,81,4.1,1.9,N,PA,BREVES,A228,-1.680251,-50.478139,11.0
1906,2019-11-14,16:00,0.0,1009.3,1010.1,1009.3,2236,32.5,22.9,33.1,31.2,23.9,22.2,62,54,57,86,5.1,1.1,N,PA,BREVES,A228,-1.680251,-50.478139,11.0
1907,2019-11-14,20:00,0.0,1006.6,1006.6,1006.4,465,32.2,22.6,33.5,31.7,23.5,21.5,62,51,57,17,4.2,0.8,N,PA,BREVES,A228,-1.680251,-50.478139,11.0
1908,2019-11-15,00:00,0.0,1009.8,1009.8,1008.8,-9999,25.0,22.0,25.7,25.0,22.1,21.8,84,79,84,81,1.5,0.5,N,PA,BREVES,A228,-1.680251,-50.478139,11.0
1909,2019-11-15,04:00,0.0,1009.0,1009.6,1009.0,-9999,24.7,22.3,25.1,24.7,22.4,22.3,87,85,87,55,2.7,0.5,N,PA,BREVES,A228,-1.680251,-50.478139,11.0
1910,2019-11-15,08:00,0.0,1008.2,1008.2,1008.0,-9999,23.2,21.9,23.5,23.2,22.1,21.9,93,92,92,74,0.9,0.5,N,PA,BREVES,A228,-1.680251,-50.478139,11.0
1911,2019-11-15,12:00,0.0,1010.4,1010.4,1010.1,1682,29.5,22.5,29.7,27.5,23.5,22.4,78,65,66,81,6.5,2.9,N,PA,BREVES,A228,-1.680251,-50.478139,11.0
1912,2019-11-15,16:00,0.0,1008.0,1009.2,1008.0,2649,33.1,21.4,33.9,31.6,23.2,21.2,59,48,50,102,5.3,2.1,N,PA,BREVES,A228,-1.680251,-50.478139,11.0
1913,2019-11-15,20:00,0.0,1004.9,1005.1,1004.9,484,32.5,22.3,33.2,32.2,23.1,21.6,58,51,55,111,3.5,1.1,N,PA,BREVES,A228,-1.680251,-50.478139,11.0
1914,2019-11-16,00:00,0.0,1006.7,1006.7,1005.7,-9999,27.2,23.3,27.2,26.3,23.6,23.3,84,79,79,71,3.2,1.5,N,PA,BREVES,A228,-1.680251,-50.478139,11.0
1915,2019-11-16,04:00,0.0,1006.6,1007.2,1006.6,-9999,25.0,22.4,25.7,25.0,22.5,22.3,85,82,85,67,3.2,0.8,N,PA,BREVES,A228,-1.680251,-50.478139,11.0
1916,2019-11-16,08:00,0.0,1006.7,1006.7,1006.2,-9999,24.1,22.4,24.2,24.0,22.5,22.2,90,90,90,41,1.1,0.3,N,PA,BREVES,A228,-1.680251,-50.478139,11.0
1917,2019-11-16,12:00,0.0,1008.1,1008.2,1007.8,1187,29.1,23.8,29.1,27.0,23.8,22.7,81,73,73,72,5.1,1.9,N,PA,BREVES,A228,-1.680251,-50.478139,11.0
1918,2019-11-16,16:00,0.0,1006.9,1007.7,1006.9,1775,32.6,22.2,33.2,30.8,23.7,22.1,62,54,55,80,4.8,1.9,N,PA,BREVES,A228,-1.680251,-50.478139,11.0
1919,2019-11-16,20:00,0.0,1004.3,1004.4,1003.7,502,30.7,23.8,33.2,30.7,23.9,22.8,67,54,67,209,5.6,0.6,N,PA,BREVES,A228,-1.680251,-50.478139,11.0
1920,2019-11-17,00:00,0.0,1006.8,1006.8,1005.9,-9999,24.9,21.5,25.6,24.9,21.8,21.5,82,80,82,78,3.6,0.8,N,PA,BREVES,A228,-1.680251,-50.478139,11.0
1921,2019-11-17,04:00,0.0,1006.4,1007.0,1006.4,-9999,23.2,21.7,23.5,23.2,21.7,21.5,91,89,91,72,1.0,0.4,N,PA,BREVES,A228,-1.680251,-50.478139,11.0
1922,2019-11-17,08:00,0.0,1006.2,1006.2,1005.9,-9999,22.3,21.1,22.5,22.2,21.2,21.0,93,93,93,72,0.7,0.3,N,PA,BREVES,A228,-1.680251,-50.478139,11.0
1923,2019-11-17,12:00,0.0,1008.6,1008.6,1008.3,1565,29.3,23.5,29.5,25.4,23.9,22.8,86,70,71,81,4.7,2.4,N,PA,BREVES,A228,-1.680251,-50.478139,11.0
1924,2019-11-17,16:00,0.0,1007.3,1008.5,1007.3,2029,32.9,22.6,32.9,30.9,23.1,22.0,62,54,55,85,5.1,1.4,N,PA,BREVES,A228,-1.680251,-50.478139,11.0
1925,2019-11-17,20:00,0.0,1006.5,1006.5,1005.3,244,26.6,21.9,30.4,26.6,22.2,21.6,76,59,76,104,10.3,1.5,N,PA,BREVES,A228,-1.680251,-50.478139,11.0
1926,2019-11-18,00:00,0.4,1008.4,1008.4,1007.5,-9999,23.6,22.3,23.7,23.5,22.3,22.1,92,92,92,156,2.0,0.4,N,PA,BREVES,A228,-1.680251,-50.478139,11.0
1927,2019-11-18,04:00,0.0,1008.4,1008.8,1008.4,-9999,23.5,22.3,23.7,23.5,22.4,22.3,93,92,93,209,1.5,0.2,N,PA,BREVES,A228,-1.680251,-50.478139,11.0
1928,2019-11-18,08:00,0.0,1008.6,1008.6,1007.8,-9999,23.7,22.5,23.7,23.7,22.5,22.4,93,93,93,89,2.4,0.5,N,PA,BREVES,A228,-1.680251,-50.478139,11.0
1929,2019-11-18,12:00,0.0,1010.5,1010.5,1010.2,761,26.6,23.8,26.9,25.8,24.1,23.4,88,83,84,25,2.3,1.1,N,PA,BREVES,A228,-1.680251,-50.478139,11.0
1930,2019-11-18,16:00,0.0,1009.0,1010.1,1009.0,3203,32.3,21.6,33.7,32.1,24.0,20.9,61,50,54,90,7.1,2.1,N,PA,BREVES,A228,-1.680251,-50.478139,11.0
1931,2019-11-18,20:00,0.0,1007.2,1007.3,1007.0,550,31.2,19.7,32.6,31.2,22.3,19.3,57,49,51,101,4.6,1.5,N,PA,BREVES,A228,-1.680251,-50.478139,11.0
1932,2019-11-19,00:00,0.0,1009.7,1009.7,1009.1,-9999,24.4,21.1,25.2,24.4,21.2,20.8,82,76,82,45,1.5,0.4,N,PA,BREVES,A228,-1.680251,-50.478139,11.0
1933,2019-11-19,04:00,0.0,1009.0,1009.7,1009.0,-9999,23.4,21.8,23.9,23.4,21.9,21.8,91,89,91,106,0.9,0.6,N,PA,BREVES,A228,-1.680251,-50.478139,11.0
1934,2019-11-19,08:00,0.0,1007.9,1007.9,1007.5,-9999,24.5,22.8,24.5,24.2,22.8,22.7,92,90,90,85,3.2,1.1,N,PA,BREVES,A228,-1.680251,-50.478139,11.0
1935,2019-11-19,12:00,0.0,1010.5,1010.5,1010.3,1647,29.6,23.1,29.8,27.9,24.0,22.7,78,67,68,100,7.3,2.3,N,PA,BREVES,A228,-1.680251,-50.478139,11.0
1936,2019-11-19,16:00,0.0,1008.9,1009.6,1008.9,2006,32.7,21.8,34.3,32.0,23.2,21.5,55,50,53,91,6.3,1.3,N,PA,BREVES,A228,-1.680251,-50.478139,11.0
1937,2019-11-19,20:00,0.0,1006.2,1006.3,1006.0,551,30.3,24.1,30.5,28.7,24.3,23.1,72,69,70,333,3.1,1.1,N,PA,BREVES,A228,-1.680251,-50.478139,11.0
1938,2019-11-20,00:00,0.0,1009.2,1009.2,1008.9,-9999,25.0,22.3,25.2,24.9,22.5,22.3,86,85,85,61,6.2,1.3,N,PA,BREVES,A228,-1.680251,-50.478139,11.0
1939,2019-11-20,04:00,0.0,1009.3,1009.8,1009.3,-9999,24.5,22.2,24.6,24.2,22.2,21.6,87,85,87,67,1.2,0.5,N,PA,BREVES,A228,-1.680251,-50.478139,11.0
1940,2019-11-20,08:00,0.0,1009.0,1009.0,1008.8,-9999,24.5,22.7,24.6,24.4,22.8,22.7,90,90,90,71,1.7,0.7,N,PA,BREVES,A228,-1.680251,-50.478139,11.0
1941,2019-11-20,12:00,0.0,1010.5,1010.5,1010.2,942,27.5,23.3,27.8,26.2,23.7,22.8,83,76,78,191,1.9,0.7,N,PA,BREVES,A228,-1.680251,-50.478139,11.0
1942,2019-11-20,16:00,0.0,1009.0,1010.0,1009.0,1450,31.5,22.6,31.6,30.7,22.8,21.4,61,56,59,83,3.4,0.9,N,PA,BREVES,A228,-1.680251,-50.478139,11.0
1943,2019-11-20,20:00,0.0,1006.0,1006.0,1005.8,410,31.6,21.6,31.8,31.3,22.2,21.3,58,54,55,55,2.5,0.5,N,PA,BREVES,A228,-1.680251,-50.478139,11.0
1944,2019-11-21,00:00,0.0,1008.5,1008.7,1007.6,-9999,25.0,21.1,26.5,25.0,22.3,21.1,81,77,79,51,4.9,1.5,N,PA,BREVES,A228,-1.680251,-50.478139,11.0
1945,2019-11-21,04:00,0.0,1008.7,1008.7,1008.5,-9999,23.6,21.4,23.8,23.5,21.4,21.3,88,86,88,231,1.0,0.4,N,PA,BREVES,A228,-1.680251,-50.478139,11.0
1946,2019-11-21,08:00,1.2,1009.0,1009.1,1008.7,-9999,22.8,21.6,23.0,22.7,21.8,21.5,93,93,93,163,2.6,0.4,N,PA,BREVES,A228,-1.680251,-50.478139,11.0
1947,2019-11-21,12:00,0.6,1012.5,1012.5,1011.7,272,23.8,22.6,24.0,23.2,22.7,22.1,93,93,93,151,1.6,0.5,N,PA,BREVES,A228,-1.680251,-50.478139,11.0
1948,2019-11-21,16:00,0.0,1010.1,1011.7,1010.1,1981,27.5,21.8,27.6,26.7,22.9,21.6,78,70,71,264,3.8,0.9,N,PA,BREVES,A228,-1.680251,-50.478139,11.0
1949,2019-11-21,20:00,0.0,1006.7,1006.9,1006.7,542,26.4,22.3,27.6,26.4,22.7,22.0,80,72,78,92,4.0,1.5,N,PA,BREVES,A228,-1.680251,-50.478139,11.0
1950,2019-11-22,00:00,0.0,1009.0,1009.0,1008.1,-9999,23.8,22.3,24.3,23.8,22.6,22.3,91,90,91,173,1.2,0.3,N,PA,BREVES,A228,-1.680251,-50.478139,11.0
1951,2019-11-22,04:00,0.0,1009.3,1010.2,1009.3,-9999,23.7,22.5,24.0,23.7,22.8,22.5,93,93,93,65,0.7,0.3,N,PA,BREVES,A228,-1.680251,-50.478139,11.0
1952,2019-11-22,08:00,0.0,1008.0,1008.1,1007.9,-9999,23.4,22.3,23.4,23.2,22.3,22.1,93,93,93,21,1.9,0.7,N,PA,BREVES,A228,-1.680251,-50.478139,11.0
1953,2019-11-22,12:00,0.0,1010.7,1010.7,1009.9,1076,27.1,23.5,27.1,24.9,24.0,22.7,88,80,80,73,2.5,0.9,N,PA,BREVES,A228,-1.680251,-50.478139,11.0
1954,2019-11-22,16:00,0.0,1009.2,1010.4,1009.2,2439,30.4,22.8,31.9,30.2,23.2,21.8,64,56,64,54,4.3,1.4,N,PA,BREVES,A228,-1.680251,-50.478139,11.0
1955,2019-11-22,20:00,0.6,1006.5,1006.5,1005.9,305,25.3,22.9,31.3,25.3,23.3,21.8,87,57,87,51,9.1,1.9,N,PA,BREVES,A228,-1.680251,-50.478139,11.0
1956,2019-11-23,00:00,0.0,1010.3,1010.3,1009.2,-9999,24.8,22.7,24.8,24.5,22.9,22.7,91,88,88,81,4.7,1.9,N,PA,BREVES,A228,-1.680251,-50.478139,11.0
1957,2019-11-23,04:00,0.0,1010.3,1010.7,1010.3,-9999,24.3,23.1,24.3,24.1,23.1,22.8,93,93,93,248,0.6,0.3,N,PA,BREVES,A228,-1.680251,-50.478139,11.0
1958,2019-11-23,08:00,0.0,1009.3,1009.3,1009.2,-9999,23.8,22.6,24.0,23.8,22.9,22.6,93,93,93,43,0.7,0.3,N,PA,BREVES,A228,-1.680251,-50.478139,11.0
1959,2019-11-23,12:00,0.0,1012.0,1012.0,1011.5,1516,28.6,23.5,28.6,26.6,24.3,22.8,84,73,74,80,4.2,2.2,N,PA,BREVES,A228,-1.680251,-50.478139,11.0
1960,2019-11-23,16:00,0.0,1010.6,1011.5,1010.6,2998,31.6,21.1,32.8,30.7,23.8,21.0,65,53,54,114,5.7,1.7,N,PA,BREVES,A228,-1.680251,-50.478139,11.0
1961,2019-11-23,20:00,0.0,1007.4,1007.7,1007.4,609,30.1,23.6,30.9,30.1,24.4,22.6,71,62,68,158,1.8,0.4,N,PA,BREVES,A228,-1.680251,-50.478139,11.0
1962,2019-11-24,00:00,0.0,1009.0,1009.0,1008.0,-9999,25.5,23.8,26.0,25.5,23.9,23.7,90,88,90,123,0.6,0.2,N,PA,BREVES,A228,-1.680251,-50.478139,11.0
1963,2019-11-24,04:00,0.0,1009.6,1009.9,1009.5,-9999,24.2,22.7,24.8,24.2,23.0,22.7,91,89,91,71,1.1,0.2,N,PA,BREVES,A228,-1.680251,-50.478139,11.0
1964,2019-11-24,08:00,0.0,1008.6,1008.6,1008.3,-9999,22.9,21.7,23.5,22.9,22.2,21.7,93,93,93,124,0.7,0.2,N,PA,BREVES,A228,-1.680251,-50.478139,11.0
1965,2019-11-24,12:00,0.0,1010.9,1011.0,1010.5,1704,29.2,23.4,29.3,27.3,24.5,23.4,82,71,71,83,5.3,1.9,N,PA,BREVES,A228,-1.680251,-50.478139,11.0
1966,2019-11-24,16:00,0.0,1008.4,1009.5,1008.4,3248,34.5,22.9,34.5,32.1,23.4,21.8,58,49,51,140,4.5,1.3,N,PA,BREVES,A228,-1.680251,-50.478139,11.0
1967,2019-11-24,20:00,0.0,1006.2,1006.3,1006.0,428,32.6,23.3,32.7,31.3,24.2,22.7,65,56,58,164,3.1,0.7,N,PA,BREVES,A228,-1.680251,-50.478139,11.0
1968,2019-11-25,00:00,0.0,1008.8,1008.8,1007.6,-9999,26.3,23.2,26.9,26.2,24.1,23.0,88,80,83,74,4.8,1.8,N,PA,BREVES,A228,-1.680251,-50.478139,11.0
1969,2019-11-25,04:00,0.0,1008.2,1009.1,1008.2,-9999,24.8,23.1,25.3,24.7,23.2,23.0,90,88,90,42,2.3,0.5,N,PA,BREVES,A228,-1.680251,-50.478139,11.0
1970,2019-11-25,08:00,0.0,1008.3,1008.4,1008.1,-9999,23.5,22.3,23.8,23.5,22.5,22.3,93,93,93,86,0.5,0.2,N,PA,BREVES,A228,-1.680251,-50.478139,11.0
1971,2019-11-25,12:00,0.0,1010.9,1010.9,1010.3,1524,29.4,24.0,29.4,27.5,24.3,23.6,82,73,73,63,5.9,1.7,N,PA,BREVES,A228,-1.680251,-50.478139,11.0
1972,2019-11-25,16:00,0.0,1008.1,1009.4,1008.1,2862,32.6,23.0,33.6,31.6,24.7,22.4,62,54,57,47,5.0,1.3,N,PA,BREVES,A228,-1.680251,-50.478139,11.0
1973,2019-11-25,20:00,0.0,1005.0,1005.4,1005.0,445,32.3,23.1,33.2,32.3,23.2,21.4,59,51,58,97,3.0,0.8,N,PA,BREVES,A228,-1.680251,-50.478139,11.0
1974,2019-11-26,00:00,0.0,1008.3,1008.3,1007.1,-9999,27.2,23.1,27.5,27.2,23.1,23.0,78,77,78,68,3.5,1.7,N,PA,BREVES,A228,-1.680251,-50.478139,11.0
1975,2019-11-26,04:00,0.0,1008.3,1009.4,1008.3,-9999,26.0,23.4,26.3,26.0,23.5,23.4,86,84,86,75,4.0,1.5,N,PA,BREVES,A228,-1.680251,-50.478139,11.0
1976,2019-11-26,08:00,0.0,1006.9,1006.9,1006.7,-9999,24.0,22.7,24.2,23.9,22.8,22.6,93,92,93,55,1.1,0.4,N,PA,BREVES,A228,-1.680251,-50.478139,11.0
1977,2019-11-26,12:00,0.0,1009.7,1009.9,1009.6,1653,29.5,23.1,29.9,27.5,24.4,23.1,82,68,69,74,7.2,3.2,N,PA,BREVES,A228,-1.680251,-50.478139,11.0
1978,2019-11-26,16:00,0.0,1008.2,1009.3,1008.2,2859,32.6,23.5,33.2,30.9,24.2,22.7,65,55,59,75,7.1,2.1,N,PA,BREVES,A228,-1.680251,-50.478139,11.0
1979,2019-11-26,20:00,0.0,1006.4,1006.5,1006.2,602,27.8,22.9,28.0,27.5,23.8,22.8,79,74,75,33,3.1,0.9,N,PA,BREVES,A228,-1.680251,-50.478139,11.0
1980,2019-11-27,00:00,0.0,1008.0,1008.0,1007.0,-9999,25.1,23.4,25.9,25.1,23.6,23.4,90,86,90,85,1.6,0.3,N,PA,BREVES,A228,-1.680251,-50.478139,11.0
1981,2019-11-27,04:00,0.0,1007.9,1008.5,1007.9,-9999,24.0,22.7,24.5,24.0,23.0,22.6,92,91,92,99,1.7,0.4,N,PA,BREVES,A228,-1.680251,-50.478139,11.0
1982,2019-11-27,08:00,0.0,1007.5,1007.6,1007.2,-9999,22.8,21.7,23.2,22.7,22.1,21.6,93,93,93,98,0.7,0.3,N,PA,BREVES,A228,-1.680251,-50.478139,11.0
1983,2019-11-27,12:00,0.0,1010.4,1010.4,1009.9,1256,27.8,24.1,27.9,25.9,24.4,23.6,88,79,80,117,3.5,1.6,N,PA,BREVES,A228,-1.680251,-50.478139,11.0
1984,2019-11-27,16:00,0.0,1008.6,1009.5,1008.6,2919,32.5,23.1,32.7,30.3,24.0,21.6,64,54,58,81,6.7,2.0,N,PA,BREVES,A228,-1.680251,-50.478139,11.0
1985,2019-11-27,20:00,0.0,1006.0,1006.4,1006.0,633,31.7,22.8,32.3,31.7,23.5,22.3,61,56,59,96,4.1,1.3,N,PA,BREVES,A228,-1.680251,-50.478139,11.0
1986,2019-11-28,00:00,0.0,1008.3,1008.3,1007.6,-9999,26.4,22.5,28.0,26.4,23.5,22.4,80,77,79,65,5.0,1.3,N,PA,BREVES,A228,-1.680251,-50.478139,11.0
1987,2019-11-28,04:00,0.0,1008.3,1008.9,1008.3,-9999,24.6,23.0,25.0,24.6,23.1,22.9,90,89,90,62,1.4,0.3,N,PA,BREVES,A228,-1.680251,-50.478139,11.0
1988,2019-11-28,08:00,0.0,1007.7,1007.7,1007.6,-9999,23.5,22.3,24.0,23.5,22.6,22.2,93,92,93,91,0.6,0.2,N,PA,BREVES,A228,-1.680251,-50.478139,11.0
1989,2019-11-28,12:00,0.0,1010.3,1010.3,1009.7,1509,28.8,23.6,28.9,26.6,24.1,23.3,84,72,73,96,5.5,2.4,N,PA,BREVES,A228,-1.680251,-50.478139,11.0
1990,2019-11-28,16:00,0.0,1008.7,1009.6,1008.7,2243,31.5,22.3,33.2,30.7,23.8,21.9,63,55,58,88,6.6,2.1,N,PA,BREVES,A228,-1.680251,-50.478139,11.0
1991,2019-11-28,20:00,0.0,1006.1,1006.3,1006.0,437,31.9,23.7,32.8,31.8,23.7,22.0,62,54,62,106,4.4,0.7,N,PA,BREVES,A228,-1.680251,-50.478139,11.0
1992,2019-11-29,00:00,0.0,1008.3,1008.3,1007.4,-9999,27.7,22.9,27.7,27.4,23.6,22.9,80,75,75,52,3.8,1.5,N,PA,BREVES,A228,-1.680251,-50.478139,11.0
1993,2019-11-29,04:00,0.0,1008.1,1008.4,1008.1,-9999,24.6,22.9,25.1,24.6,23.0,22.8,90,88,90,71,1.5,0.3,N,PA,BREVES,A228,-1.680251,-50.478139,11.0
1994,2019-11-29,08:00,0.0,1007.9,1007.9,1007.3,-9999,23.2,22.0,23.5,23.2,22.3,22.0,93,93,93,40,0.7,0.2,N,PA,BREVES,A228,-1.680251,-50.478139,11.0
1995,2019-11-29,12:00,0.0,1010.1,1010.1,1009.8,1301,28.4,23.8,28.5,26.0,24.5,23.1,87,75,76,74,4.3,2.4,N,PA,BREVES,A228,-1.680251,-50.478139,11.0
1996,2019-11-29,16:00,0.0,1008.1,1009.2,1008.1,2417,32.6,23.3,32.6,31.1,24.1,22.6,64,57,58,111,4.7,1.2,N,PA,BREVES,A228,-1.680251,-50.478139,11.0
1997,2019-11-29,20:00,0.0,1006.0,1006.2,1006.0,604,32.0,23.7,33.2,32.0,23.8,22.7,62,56,62,112,3.4,0.8,N,PA,BREVES,A228,-1.680251,-50.478139,11.0
1998,2019-11-30,00:00,0.0,1007.9,1007.9,1006.9,-9999,27.4,24.3,27.4,26.6,24.5,24.1,87,83,83,65,3.5,0.8,N,PA,BREVES,A228,-1.680251,-50.478139,11.0
1999,2019-11-30,04:00,0.0,1008.8,1009.0,1008.8,-9999,25.4,23.1,25.9,25.4,23.2,23.1,87,85,87,44,2.8,0.9,N,PA,BREVES,A228,-1.680251,-50.478139,11.0
2000,2019-11-30,08:00,0.0,1008.8,1008.8,1008.3,-9999,25.2,23.1,25.5,25.2,23.2,23.0,88,87,88,64,2.8,0.7,N,PA,BREVES,A228,-1.680251,-50.478139,11.0
2001,2019-11-30,12:00,0.0,1011.0,1011.0,1010.4,1415,29.2,23.6,29.3,27.7,24.1,23.1,80,71,72,99,6.1,2.2,N,PA,BREVES,A228,-1.680251,-50.478139,11.0
2002,2019-11-30,16:00,0.0,1008.8,1009.9,1008.8,2434,32.7,23.2,33.2,31.0,24.1,22.3,64,54,57,107,5.8,1.4,N,PA,BREVES,A228,-1.680251,-50.478139,11.0
2003,2019-11-30,20:00,0.0,1006.8,1007.0,1006.7,607,31.6,23.0,32.1,31.6,25.0,23.0,66,60,60,121,2.8,1.1,N,PA,BREVES,A228,-1.680251,-50.478139,11.0
2004,2019-12-01,00:00,0.0,1008.9,1008.9,1008.1,-9999,27.8,23.5,28.1,27.7,23.7,23.5,78,77,78,52,4.9,1.9,N,PA,BREVES,A228,-1.680251,-50.478139,11.0
2005,2019-12-01,04:00,0.0,1009.4,1009.9,1009.4,-9999,25.0,22.8,25.8,25.0,22.8,22.7,88,84,88,47,3.5,0.7,N,PA,BREVES,A228,-1.680251,-50.478139,11.0
2006,2019-12-01,08:00,0.0,1009.9,1009.9,1009.5,-9999,22.9,21.7,23.4,22.9,22.2,21.7,93,93,93,149,1.1,0.2,N,PA,BREVES,A228,-1.680251,-50.478139,11.0
2007,2019-12-01,12:00,0.0,1012.4,1012.5,1012.0,1573,28.8,23.2,29.6,26.7,24.2,23.2,83,70,72,75,6.1,2.7,N,PA,BREVES,A228,-1.680251,-50.478139,11.0
2008,2019-12-01,16:00,0.0,1011.0,1011.7,1011.0,2170,32.3,21.8,33.4,31.8,23.0,21.4,57,51,54,76,6.4,2.0,N,PA,BREVES,A228,-1.680251,-50.478139,11.0
2009,2019-12-01,20:00,0.0,1008.7,1009.0,1008.6,303,30.1,24.3,30.1,29.2,24.7,23.2,76,67,71,119,1.2,0.4,N,PA,BREVES,A228,-1.680251,-50.478139,11.0
2010,2019-12-02,00:00,0.0,1010.4,1010.4,1009.7,-9999,27.0,23.3,27.3,27.0,24.0,23.3,82,80,80,67,3.4,1.8,N,PA,BREVES,A228,-1.680251,-50.478139,11.0
2011,2019-12-02,04:00,0.0,1009.6,1009.9,1009.5,-9999,24.6,22.8,25.2,24.6,23.0,22.8,90,88,90,69,4.2,0.6,N,PA,BREVES,A228,-1.680251,-50.478139,11.0
2012,2019-12-02,08:00,0.0,1009.1,1009.1,1008.5,-9999,23.5,22.3,23.8,23.5,22.6,22.3,93,93,93,34,1.9,0.4,N,PA,BREVES,A228,-1.680251,-50.478139,11.0
2013,2019-12-02,12:00,0.0,1011.3,1011.3,1010.9,1290,28.9,23.5,29.0,26.9,23.8,23.1,81,73,73,68,5.8,1.8,N,PA,BREVES,A228,-1.680251,-50.478139,11.0
2014,2019-12-02,16:00,0.0,1009.8,1010.8,1009.8,2566,33.0,20.9,34.0,32.2,22.5,20.6,55,48,49,71,4.7,1.8,N,PA,BREVES,A228,-1.680251,-50.478139,11.0
2015,2019-12-02,20:00,0.0,1007.1,1007.6,1007.1,720,31.7,22.5,33.0,31.7,23.7,22.5,60,56,58,208,4.3,1.0,N,PA,BREVES,A228,-1.680251,-50.478139,11.0
2016,2019-12-03,00:00,0.0,1009.5,1009.5,1009.0,-9999,24.4,22.5,24.6,24.4,22.6,21.9,90,86,90,64,3.1,0.5,N,PA,BREVES,A228,-1.680251,-50.478139,11.0
2017,2019-12-03,04:00,0.0,1008.5,1009.2,1008.5,-9999,23.7,22.4,23.9,23.6,22.7,22.3,93,92,93,92,1.4,0.4,N,PA,BREVES,A228,-1.680251,-50.478139,11.0
2018,2019-12-03,08:00,0.0,1008.0,1008.0,1007.6,-9999,23.3,22.2,23.3,23.2,22.2,22.1,94,93,94,23,0.6,0.4,N,PA,BREVES,A228,-1.680251,-50.478139,11.0
2019,2019-12-03,12:00,0.0,1010.9,1010.9,1010.3,1572,28.6,24.3,28.8,26.9,24.9,23.7,86,76,77,62,4.1,1.8,N,PA,BREVES,A228,-1.680251,-50.478139,11.0
2020,2019-12-03,16:00,0.0,1009.3,1010.5,1009.3,2125,32.0,23.0,32.5,30.3,24.3,22.5,68,57,59,24,5.9,1.2,N,PA,BREVES,A228,-1.680251,-50.478139,11.0
2021,2019-12-03,20:00,0.0,1006.4,1006.6,1006.3,712,29.7,22.7,32.0,29.7,25.0,22.7,72,60,66,60,5.1,1.6,N,PA,BREVES,A228,-1.680251,-50.478139,11.0
2022,2019-12-04,00:00,0.0,1008.9,1008.9,1007.9,-9999,25.3,23.1,25.3,25.1,23.2,22.9,88,86,88,55,2.1,0.6,N,PA,BREVES,A228,-1.680251,-50.478139,11.0
2023,2019-12-04,04:00,0.0,1009.5,1010.1,1009.5,-9999,24.4,22.9,25.0,24.4,23.2,22.9,91,89,91,98,1.9,0.3,N,PA,BREVES,A228,-1.680251,-50.478139,11.0
2024,2019-12-04,08:00,0.0,1008.6,1008.6,1008.3,-9999,23.5,22.3,23.7,23.5,22.5,22.3,93,93,93,98,0.8,0.3,N,PA,BREVES,A228,-1.680251,-50.478139,11.0
2025,2019-12-04,12:00,0.0,1011.5,1011.5,1010.8,851,27.4,24.2,27.4,25.2,24.7,23.8,92,83,83,48,2.3,1.0,N,PA,BREVES,A228,-1.680251,-50.478139,11.0
2026,2019-12-04,16:00,0.0,1009.6,1010.7,1009.6,1806,30.4,23.5,30.8,29.1,24.9,23.5,77,65,67,35,3.1,1.1,N,PA,BREVES,A228,-1.680251,-50.478139,11.0
2027,2019-12-04,20:00,0.0,1007.1,1007.1,1006.7,465,30.4,24.8,30.4,29.5,25.1,24.3,75,71,72,25,3.1,0.9,N,PA,BREVES,A228,-1.680251,-50.478139,11.0
2028,2019-12-05,00:00,0.0,1010.8,1010.8,1009.7,-9999,25.0,22.1,26.0,25.0,22.1,21.2,84,75,84,57,2.4,0.4,N,PA,BREVES,A228,-1.680251,-50.478139,11.0
2029,2019-12-05,04:00,0.0,1010.1,1010.9,1010.1,-9999,23.7,22.3,24.2,23.7,22.5,22.3,92,90,92,70,1.8,0.5,N,PA,BREVES,A228,-1.680251,-50.478139,11.0
2030,2019-12-05,08:00,0.0,1009.4,1009.5,1009.0,-9999,23.2,22.0,23.2,22.8,22.0,21.6,93,93,93,348,1.0,0.4,N,PA,BREVES,A228,-1.680251,-50.478139,11.0
2031,2019-12-05,12:00,0.0,1011.3,1011.3,1011.0,1346,28.8,23.8,28.8,26.0,24.0,23.3,86,74,75,69,5.5,2.1,N,PA,BREVES,A228,-1.680251,-50.478139,11.0
2032,2019-12-05,16:00,0.0,1010.0,1010.9,1010.0,1568,30.1,23.0,31.6,29.7,24.1,22.7,69,61,66,65,5.1,1.9,N,PA,BREVES,A228,-1.680251,-50.478139,11.0
2033,2019-12-05,20:00,0.0,1007.8,1008.0,1007.8,689,27.6,23.5,27.8,27.4,24.2,23.5,82,79,79,46,5.0,1.0,N,PA,BREVES,A228,-1.680251,-50.478139,11.0
2034,2019-12-06,00:00,0.0,1010.5,1010.5,1009.8,-9999,24.7,23.2,25.1,24.7,23.3,23.2,92,90,92,62,1.3,0.3,N,PA,BREVES,A228,-1.680251,-50.478139,11.0
2035,2019-12-06,04:00,0.0,1009.9,1010.5,1009.9,-9999,23.7,22.3,23.9,23.5,22.3,22.0,92,89,92,196,1.7,0.4,N,PA,BREVES,A228,-1.680251,-50.478139,11.0
2036,2019-12-06,08:00,0.0,1009.4,1009.4,1008.9,-9999,23.5,22.2,23.7,23.5,22.4,22.2,92,92,92,61,1.8,0.5,N,PA,BREVES,A228,-1.680251,-50.478139,11.0
2037,2019-12-06,12:00,0.0,1012.0,1012.0,1011.7,958,27.7,23.5,27.7,26.2,24.0,23.1,85,78,78,90,5.1,1.6,N,PA,BREVES,A228,-1.680251,-50.478139,11.0
2038,2019-12-06,16:00,0.0,1010.1,1011.2,1010.1,2882,32.6,22.6,32.6,30.9,23.8,22.2,65,56,56,95,6.6,2.3,N,PA,BREVES,A228,-1.680251,-50.478139,11.0
2039,2019-12-06,20:00,0.0,1007.2,1007.7,1007.1,458,29.6,23.0,29.7,27.0,24.8,22.7,86,66,68,74,5.1,1.6,N,PA,BREVES,A228,-1.680251,-50.478139,11.0
2040,2019-12-07,00:00,0.0,1009.6,1009.6,1009.2,-9999,24.7,22.7,24.7,23.8,22.8,22.4,92,89,89,55,3.6,1.2,N,PA,BREVES,A228,-1.680251,-50.478139,11.0
2041,2019-12-07,04:00,0.0,1008.5,1009.2,1008.5,-9999,24.0,22.8,24.3,24.0,23.0,22.7,93,93,93,59,2.3,0.3,N,PA,BREVES,A228,-1.680251,-50.478139,11.0
2042,2019-12-07,08:00,0.0,1008.7,1008.7,1008.3,-9999,23.0,21.9,23.6,22.9,22.5,21.8,94,93,94,330,1.1,0.1,N,PA,BREVES,A228,-1.680251,-50.478139,11.0
2043,2019-12-07,12:00,0.0,1011.3,1011.3,1010.7,1102,27.1,23.9,27.4,25.9,24.6,23.5,91,81,83,59,3.8,1.7,N,PA,BREVES,A228,-1.680251,-50.478139,11.0
2044,2019-12-07,16:00,0.0,1009.7,1010.4,1009.7,2872,30.9,22.3,33.0,30.9,24.3,20.9,62,50,61,104,4.9,1.1,N,PA,BREVES,A228,-1.680251,-50.478139,11.0
2045,2019-12-07,20:00,0.0,1006.8,1007.0,1006.7,654,31.6,20.9,32.7,31.6,21.9,20.3,56,49,53,127,4.3,0.8,N,PA,BREVES,A228,-1.680251,-50.478139,11.0
2046,2019-12-08,00:00,0.0,1008.9,1008.9,1008.3,-9999,26.9,22.3,27.7,26.9,23.1,22.3,77,74,76,49,4.4,1.0,N,PA,BREVES,A228,-1.680251,-50.478139,11.0
2047,2019-12-08,04:00,0.0,1008.7,1009.4,1008.7,-9999,24.3,22.2,25.0,24.3,22.3,22.2,88,84,88,77,2.5,0.7,N,PA,BREVES,A228,-1.680251,-50.478139,11.0
2048,2019-12-08,08:00,0.0,1008.4,1008.4,1008.0,-9999,23.0,21.8,23.5,23.0,22.1,21.7,93,92,93,283,1.4,0.2,N,PA,BREVES,A228,-1.680251,-50.478139,11.0
2049,2019-12-08,12:00,0.0,1010.7,1010.8,1010.2,1471,28.7,23.6,28.8,26.9,24.0,23.2,82,74,74,72,6.4,1.9,N,PA,BREVES,A228,-1.680251,-50.478139,11.0
2050,2019-12-08,16:00,0.0,1008.8,1009.9,1008.8,3170,32.7,22.0,33.3,31.3,23.9,21.3,61,51,53,77,4.9,1.6,N,PA,BREVES,A228,-1.680251,-50.478139,11.0
2051,2019-12-08,20:00,0.0,1006.1,1006.3,1006.1,582,30.6,23.3,32.3,30.0,24.7,21.6,72,54,65,136,2.7,0.4,N,PA,BREVES,A228,-1.680251,-50.478139,11.0
2052,2019-12-09,00:00,0.0,1009.9,1009.9,1008.8,-9999,25.2,22.5,25.7,25.2,22.6,22.2,86,81,85,27,2.0,0.5,N,PA,BREVES,A228,-1.680251,-50.478139,11.0
2053,2019-12-09,04:00,0.0,1009.4,1009.9,1009.4,-9999,24.2,22.6,24.5,24.2,22.8,22.5,91,89,91,57,2.3,0.6,N,PA,BREVES,A228,-1.680251,-50.478139,11.0
2054,2019-12-09,08:00,0.0,1008.6,1008.6,1008.2,-9999,23.1,21.9,23.5,23.0,22.3,21.8,93,93,93,140,1.3,0.2,N,PA,BREVES,A228,-1.680251,-50.478139,11.0
2055,2019-12-09,12:00,0.0,1010.6,1010.6,1010.1,1536,29.0,23.6,29.0,26.0,24.0,23.3,86,73,73,76,5.5,2.3,N,PA,BREVES,A228,-1.680251,-50.478139,11.0
2056,2019-12-09,16:00,0.0,1009.5,1010.5,1009.5,1112,30.2,25.4,31.3,28.8,25.7,22.1,81,59,76,343,6.8,1.0,N,PA,BREVES,A228,-1.680251,-50.478139,11.0
2057,2019-12-09,20:00,0.0,1007.7,1008.2,1007.3,224,25.5,22.6,25.5,25.0,22.8,21.6,86,81,84,59,6.6,1.5,N,PA,BREVES,A228,-1.680251,-50.478139,11.0
2058,2019-12-10,00:00,0.0,1010.0,1010.0,1008.9,-9999,24.8,22.7,24.9,24.8,22.8,22.6,88,87,88,39,2.5,0.7,N,PA,BREVES,A228,-1.680251,-50.478139,11.0
2059,2019-12-10,04:00,0.0,1009.2,1009.9,1009.2,-9999,23.9,22.5,24.2,23.8,22.6,22.4,92,91,92,44,1.6,0.4,N,PA,BREVES,A228,-1.680251,-50.478139,11.0
2060,2019-12-10,08:00,0.0,1008.6,1008.6,1008.3,-9999,23.4,22.2,23.6,23.4,22.3,22.2,93,93,93,294,0.6,0.1,N,PA,BREVES,A228,-1.680251,-50.478139,11.0
2061,2019-12-10,12:00,0.0,1010.8,1010.8,1010.5,419,25.7,23.2,25.7,24.9,23.4,22.7,89,85,86,140,4.2,0.6,N,PA,BREVES,A228,-1.680251,-50.478139,11.0
2062,2019-12-10,16:00,0.0,1009.5,1010.3,1009.5,2359,31.7,21.8,31.7,30.2,23.7,21.8,66,56,56,103,6.3,2.6,N,PA,BREVES,A228,-1.680251,-50.478139,11.0
2063,2019-12-10,20:00,0.0,1006.9,1007.1,1006.7,816,27.6,23.7,27.6,25.9,24.3,23.1,88,79,80,83,5.0,2.2,N,PA,BREVES,A228,-1.680251,-50.478139,11.0
2064,2019-12-11,00:00,0.0,1009.7,1009.8,1009.0,-9999,25.1,22.7,25.3,24.7,23.1,22.7,90,87,87,73,3.0,1.2,N,PA,BREVES,A228,-1.680251,-50.478139,11.0
2065,2019-12-11,04:00,0.0,1009.2,1009.8,1009.2,-9999,23.1,21.9,23.3,23.0,22.0,21.8,93,92,93,25,1.3,0.6,N,PA,BREVES,A228,-1.680251,-50.478139,11.0
2066,2019-12-11,08:00,0.0,1008.1,1008.1,1007.7,-9999,23.0,21.8,23.0,22.8,21.8,21.7,93,93,93,226,1.2,0.3,N,PA,BREVES,A228,-1.680251,-50.478139,11.0
2067,2019-12-11,12:00,0.0,1010.5,1010.5,1010.0,1261,28.4,24.1,28.5,27.0,24.7,23.5,84,76,78,92,3.0,1.4,N,PA,BREVES,A228,-1.680251,-50.478139,11.0
2068,2019-12-11,16:00,0.0,1008.7,1009.6,1008.7,1788,30.8,25.2,30.8,27.6,25.5,24.0,84,69,72,169,3.4,0.8,N,PA,BREVES,A228,-1.680251,-50.478139,11.0
2069,2019-12-11,20:00,0.0,1006.2,1006.2,1005.8,237,27.2,22.3,29.3,27.2,25.6,21.8,82,68,74,15,6.2,1.1,N,PA,BREVES,A228,-1.680251,-50.478139,11.0
2070,2019-12-12,00:00,0.0,1008.0,1008.0,1007.5,-9999,24.4,22.7,24.9,24.4,22.9,22.7,90,89,90,131,2.5,0.4,N,PA,BREVES,A228,-1.680251,-50.478139,11.0
2071,2019-12-12,04:00,0.0,1008.1,1008.3,1008.1,-9999,22.9,21.7,23.2,22.9,22.0,21.7,93,92,93,3,0.8,0.3,N,PA,BREVES,A228,-1.680251,-50.478139,11.0
2072,2019-12-12,08:00,0.0,1006.9,1007.0,1006.6,-9999,22.0,20.9,22.1,21.8,21.0,20.7,94,94,94,50,1.0,0.6,N,PA,BREVES,A228,-1.680251,-50.478139,11.0
2073,2019-12-12,12:00,0.0,1009.3,1009.3,1008.5,1577,28.6,23.7,28.9,25.2,24.3,22.9,88,75,75,69,4.6,1.9,N,PA,BREVES,A228,-1.680251,-50.478139,11.0
2074,2019-12-12,16:00,0.0,1007.5,1008.5,1007.5,2796,32.5,22.8,32.9,30.5,24.2,21.6,65,53,57,66,7.3,1.7,N,PA,BREVES,A228,-1.680251,-50.478139,11.0
2075,2019-12-12,20:00,0.0,1004.9,1005.7,1004.9,592,27.2,22.1,27.3,26.4,23.0,21.3,78,73,74,68,9.5,1.2,N,PA,BREVES,A228,-1.680251,-50.478139,11.0
2076,2019-12-13,00:00,0.0,1008.4,1008.4,1007.5,-9999,24.1,22.4,24.4,24.1,22.6,22.4,91,89,91,84,2.0,0.5,N,PA,BREVES,A228,-1.680251,-50.478139,11.0
2077,2019-12-13,04:00,0.0,1008.5,1008.9,1008.5,-9999,23.4,22.2,23.4,23.2,22.3,22.0,93,93,93,343,1.0,0.3,N,PA,BREVES,A228,-1.680251,-50.478139,11.0
2078,2019-12-13,08:00,0.0,1007.6,1007.7,1007.5,-9999,22.8,21.7,23.1,22.7,22.0,21.6,94,93,93,52,1.3,0.5,N,PA,BREVES,A228,-1.680251,-50.478139,11.0
2079,2019-12-13,12:00,0.0,1010.0,1010.0,1009.4,1621,28.7,24.0,29.0,26.6,24.7,23.7,85,74,76,74,4.2,2.0,N,PA,BREVES,A228,-1.680251,-50.478139,11.0
2080,2019-12-13,16:00,0.0,1008.1,1009.1,1008.1,2159,31.8,22.3,32.1,30.5,24.5,21.9,69,57,57,81,5.0,1.9,N,PA,BREVES,A228,-1.680251,-50.478139,11.0
2081,2019-12-13,20:00,0.0,1005.1,1005.9,1005.1,344,26.2,23.9,26.4,25.8,24.2,23.6,89,87,87,74,4.1,1.9,N,PA,BREVES,A228,-1.680251,-50.478139,11.0
2082,2019-12-14,00:00,0.0,1008.0,1008.0,1007.0,-9999,24.2,22.6,24.5,24.2,22.7,22.5,91,89,91,39,2.6,0.5,N,PA,BREVES,A228,-1.680251,-50.478139,11.0
2083,2019-12-14,04:00,0.0,1008.1,1008.5,1008.1,-9999,24.0,22.6,24.2,23.9,22.7,22.5,92,91,92,328,1.7,0.7,N,PA,BREVES,A228,-1.680251,-50.478139,11.0
2084,2019-12-14,08:00,0.0,1007.8,1007.8,1007.4,-9999,23.5,22.3,23.9,23.5,22.6,22.3,93,93,93,300,1.0,0.2,N,PA,BREVES,A228,-1.680251,-50.478139,11.0
2085,2019-12-14,12:00,0.0,1010.5,1010.7,1010.3,1046,27.8,24.6,27.8,25.1,24.7,23.8,92,83,83,66,3.6,1.5,N,PA,BREVES,A228,-1.680251,-50.478139,11.0
2086,2019-12-14,16:00,0.0,1009.5,1010.3,1009.5,2217,31.4,23.9,33.3,31.3,24.5,21.6,65,52,64,96,5.4,1.3,N,PA,BREVES,A228,-1.680251,-50.478139,11.0
2087,2019-12-14,20:00,0.0,1005.8,1006.2,1005.8,630,31.5,23.8,32.2,31.5,24.6,23.2,66,60,64,77,2.8,0.9,N,PA,BREVES,A228,-1.680251,-50.478139,11.0
2088,2019-12-15,00:00,0.0,1009.1,1009.1,1008.2,-9999,26.3,22.7,27.4,26.3,23.2,22.7,81,78,81,69,4.1,1.4,N,PA,BREVES,A228,-1.680251,-50.478139,11.0
2089,2019-12-15,04:00,0.0,1009.7,1010.0,1009.6,-9999,24.8,22.4,25.0,24.8,22.7,22.3,87,85,86,33,0.8,0.5,N,PA,BREVES,A228,-1.680251,-50.478139,11.0
2090,2019-12-15,08:00,0.0,1008.4,1008.4,1008.2,-9999,24.4,23.0,24.4,24.2,23.0,22.7,92,91,92,31,0.7,0.3,N,PA,BREVES,A228,-1.680251,-50.478139,11.0
2091,2019-12-15,12:00,0.0,1010.3,1010.3,1009.8,1026,27.9,24.1,28.1,26.1,24.6,23.2,86,78,80,339,2.7,0.9,N,PA,BREVES,A228,-1.680251,-50.478139,11.0
2092,2019-12-15,16:00,0.0,1009.5,1010.3,1009.5,1621,29.9,24.2,30.2,29.1,24.9,23.7,76,70,72,73,3.5,1.3,N,PA,BREVES,A228,-1.680251,-50.478139,11.0
2093,2019-12-15,20:00,0.0,1006.4,1006.6,1006.2,709,31.0,23.7,31.9,31.0,24.4,23.2,67,61,65,158,2.7,0.5,N,PA,BREVES,A228,-1.680251,-50.478139,11.0
2094,2019-12-16,00:00,0.0,1010.3,1010.3,1009.3,-9999,25.0,23.3,25.0,24.6,23.3,23.0,91,90,90,73,4.1,1.7,N,PA,BREVES,A228,-1.680251,-50.478139,11.0
2095,2019-12-16,04:00,0.0,1010.3,1010.4,1010.1,-9999,23.5,21.9,23.7,23.5,22.0,21.7,91,90,91,79,2.2,0.9,N,PA,BREVES,A228,-1.680251,-50.478139,11.0
2096,2019-12-16,08:00,0.0,1008.2,1008.5,1008.2,-9999,22.7,21.6,22.9,22.7,21.8,21.5,93,93,93,67,1.0,0.4,N,PA,BREVES,A228,-1.680251,-50.478139,11.0
2097,2019-12-16,12:00,0.0,1010.8,1010.8,1010.1,1252,28.0,23.7,28.3,24.9,24.5,23.0,90,77,77,55,2.8,0.8,N,PA,BREVES,A228,-1.680251,-50.478139,11.0
2098,2019-12-16,16:00,0.0,1008.5,1009.7,1008.5,2779,32.6,24.6,32.7,31.2,24.6,22.8,65,57,63,68,5.8,2.3,N,PA,BREVES,A228,-1.680251,-50.478139,11.0
2099,2019-12-16,20:00,0.0,1005.4,1006.0,1005.2,638,28.7,22.9,28.7,27.6,23.3,21.8,74,70,71,91,6.1,1.2,N,PA,BREVES,A228,-1.680251,-50.478139,11.0
2100,2019-12-17,00:00,0.0,1008.2,1008.2,1006.9,-9999,25.8,23.8,25.8,25.7,23.8,23.5,89,87,89,72,2.7,1.1,N,PA,BREVES,A228,-1.680251,-50.478139,11.0
2101,2019-12-17,04:00,0.0,1008.3,1008.5,1008.2,-9999,24.6,23.3,25.0,24.6,23.6,23.3,93,92,93,155,1.1,0.3,N,PA,BREVES,A228,-1.680251,-50.478139,11.0
2102,2019-12-17,08:00,0.0,1007.9,1008.0,1007.7,-9999,23.9,22.8,24.3,23.9,23.0,22.8,93,93,93,76,0.9,0.2,N,PA,BREVES,A228,-1.680251,-50.478139,11.0
2103,2019-12-17,12:00,0.0,1010.2,1010.3,1009.7,827,27.5,24.0,27.5,26.1,24.3,23.5,88,79,81,102,4.5,1.8,N,PA,BREVES,A228,-1.680251,-50.478139,11.0
2104,2019-12-17,16:00,0.0,1008.2,1009.4,1008.2,1867,30.0,24.5,32.1,29.5,24.8,22.9,75,61,73,65,5.2,1.8,N,PA,BREVES,A228,-1.680251,-50.478139,11.0
2105,2019-12-17,20:00,0.0,1006.6,1006.6,1006.1,426,27.6,23.8,28.0,27.6,24.5,23.8,83,78,80,55,3.2,1.2,N,PA,BREVES,A228,-1.680251,-50.478139,11.0
2106,2019-12-18,00:00,0.0,1009.1,1009.1,1008.4,-9999,24.5,22.4,24.7,24.5,22.8,22.4,89,88,88,68,3.7,1.0,N,PA,BREVES,A228,-1.680251,-50.478139,11.0
2107,2019-12-18,04:00,0.0,1008.9,1009.3,1008.9,-9999,23.8,22.5,23.9,23.8,22.6,22.5,92,92,92,178,1.0,0.4,N,PA,BREVES,A228,-1.680251,-50.478139,11.0
2108,2019-12-18,08:00,0.0,1007.1,1007.3,1007.0,-9999,23.4,22.2,23.5,23.3,22.3,22.1,93,93,93,18,0.9,0.3,N,PA,BREVES,A228,-1.680251,-50.478139,11.0
2109,2019-12-18,12:00,0.0,1010.2,1010.2,1009.8,1168,28.8,24.3,28.8,25.5,24.6,23.1,88,77,77,99,4.4,2.0,N,PA,BREVES,A228,-1.680251,-50.478139,11.0
2110,2019-12-18,16:00,0.0,1008.4,1009.5,1008.4,2262,32.0,22.9,32.2,30.8,24.9,22.8,67,59,59,109,6.5,2.4,N,PA,BREVES,A228,-1.680251,-50.478139,11.0
2111,2019-12-18,20:00,0.0,1006.7,1006.8,1006.5,624,27.6,24.2,27.6,25.3,24.5,23.7,91,80,82,80,4.1,1.3,N,PA,BREVES,A228,-1.680251,-50.478139,11.0
2112,2019-12-19,00:00,0.0,1009.3,1009.3,1008.6,-9999,24.9,23.4,24.9,24.8,23.4,23.3,92,91,91,40,2.1,0.5,N,PA,BREVES,A228,-1.680251,-50.478139,11.0
2113,2019-12-19,04:00,0.0,1008.6,1009.4,1008.6,-9999,24.4,23.1,24.6,24.4,23.2,23.1,93,92,93,101,1.6,0.5,N,PA,BREVES,A228,-1.680251,-50.478139,11.0
2114,2019-12-19,08:00,0.0,1007.6,1007.6,1007.5,-9999,24.2,23.0,24.2,24.1,23.0,22.9,93,93,93,55,1.1,0.4,N,PA,BREVES,A228,-1.680251,-50.478139,11.0
2115,2019-12-19,12:00,0.0,1010.0,1010.0,1009.3,1062,27.8,24.4,27.8,25.6,24.6,23.6,89,80,82,63,4.6,1.8,N,PA,BREVES,A228,-1.680251,-50.478139,11.0
2116,2019-12-19,16:00,0.0,1008.9,1009.7,1008.9,2971,32.2,23.5,32.6,30.7,24.6,22.9,68,58,60,74,6.6,2.0,N,PA,BREVES,A228,-1.680251,-50.478139,11.0
2117,2019-12-19,20:00,0.0,1005.7,1006.2,1005.7,586,31.8,23.4,32.4,31.8,24.1,22.9,62,58,61,130,5.3,1.4,N,PA,BREVES,A228,-1.680251,-50.478139,11.0
2118,2019-12-20,00:00,7.8,1009.5,1009.7,1008.1,-9999,24.6,22.7,25.6,24.6,24.1,22.6,92,88,89,67,5.1,2.1,N,PA,BREVES,A228,-1.680251,-50.478139,11.0
2119,2019-12-20,04:00,0.0,1008.8,1009.1,1008.8,-9999,24.2,23.1,24.6,24.2,23.4,23.0,93,93,93,267,1.4,0.1,N,PA,BREVES,A228,-1.680251,-50.478139,11.0
2120,2019-12-20,08:00,0.4,1007.9,1007.9,1007.8,-9999,23.1,22.1,23.8,23.1,22.7,22.1,94,94,94,101,0.7,0.3,N,PA,BREVES,A228,-1.680251,-50.478139,11.0
2121,2019-12-20,12:00,0.0,1010.5,1010.5,1009.9,1342,28.3,25.0,28.3,26.3,25.1,24.0,91,80,82,110,3.0,0.8,N,PA,BREVES,A228,-1.680251,-50.478139,11.0
2122,2019-12-20,16:00,0.0,1008.6,1009.7,1008.6,2425,32.0,23.7,32.5,30.3,25.1,23.1,70,59,61,95,5.8,1.9,N,PA,BREVES,A228,-1.680251,-50.478139,11.0
2123,2019-12-20,20:00,0.0,1005.4,1005.7,1005.1,574,30.9,24.7,30.9,27.5,26.6,24.6,86,69,69,360,3.4,0.9,N,PA,BREVES,A228,-1.680251,-50.478139,11.0
2124,2019-12-21,00:00,0.6,1008.2,1008.8,1007.7,-9999,25.2,23.6,25.3,25.2,24.0,23.6,92,91,91,73,3.9,0.9,N,PA,BREVES,A228,-1.680251,-50.478139,11.0
2125,2019-12-21,04:00,0.0,1008.4,1009.2,1008.4,-9999,24.2,23.0,24.6,24.2,23.4,23.0,93,93,93,91,1.2,0.3,N,PA,BREVES,A228,-1.680251,-50.478139,11.0
2126,2019-12-21,08:00,0.0,1007.1,1007.1,1006.7,-9999,23.2,22.2,23.7,23.2,22.6,22.2,94,94,94,168,1.0,0.2,N,PA,BREVES,A228,-1.680251,-50.478139,11.0
2127,2019-12-21,12:00,0.0,1010.3,1010.3,1009.7,1314,28.1,25.4,28.1,26.4,25.4,23.6,91,79,85,76,4.8,1.4,N,PA,BREVES,A228,-1.680251,-50.478139,11.0
2128,2019-12-21,16:00,0.0,1008.4,1009.3,1008.4,2731,30.8,23.2,32.9,30.2,25.2,23.0,72,57,64,60,7.6,2.1,N,PA,BREVES,A228,-1.680251,-50.478139,11.0
2129,2019-12-21,20:00,0.0,1005.6,1006.2,1005.6,892,28.9,24.1,29.4,28.7,24.9,23.9,79,73,75,76,5.5,2.7,N,PA,BREVES,A228,-1.680251,-50.478139,11.0
2130,2019-12-22,00:00,0.0,1008.9,1008.9,1008.1,-9999,25.9,24.5,25.9,25.8,24.5,24.4,92,92,92,72,2.3,1.4,N,PA,BREVES,A228,-1.680251,-50.478139,11.0
2131,2019-12-22,04:00,0.0,1008.1,1009.0,1008.1,-9999,24.9,23.5,25.3,24.9,23.7,23.5,92,90,92,30,1.1,0.3,N,PA,BREVES,A228,-1.680251,-50.478139,11.0
2132,2019-12-22,08:00,0.0,1008.0,1008.0,1007.8,-9999,24.1,23.0,24.3,24.1,23.2,22.9,93,93,93,22,0.6,0.3,N,PA,BREVES,A228,-1.680251,-50.478139,11.0
2133,2019-12-22,12:00,0.0,1010.3,1010.4,1010.2,1203,27.9,24.3,28.0,25.8,25.1,23.7,91,80,81,10,2.8,1.1,N,PA,BREVES,A228,-1.680251,-50.478139,11.0
2134,2019-12-22,16:00,0.0,1008.5,1009.9,1008.5,2690,31.5,24.2,32.3,30.8,24.8,23.0,70,61,65,84,5.7,2.3,N,PA,BREVES,A228,-1.680251,-50.478139,11.0
2135,2019-12-22,20:00,0.0,1006.8,1007.1,1006.5,344,26.6,24.5,26.9,26.4,24.9,24.2,90,87,89,34,3.3,0.9,N,PA,BREVES,A228,-1.680251,-50.478139,11.0
2136,2019-12-23,00:00,0.0,1010.0,1010.0,1009.0,-9999,25.5,24.2,25.8,25.5,24.5,24.2,93,92,92,106,2.0,0.6,N,PA,BREVES,A228,-1.680251,-50.478139,11.0
2137,2019-12-23,04:00,0.0,1008.5,1008.9,1008.5,-9999,24.5,23.2,24.9,24.5,23.4,23.2,92,91,92,189,1.7,0.3,N,PA,BREVES,A228,-1.680251,-50.478139,11.0
2138,2019-12-23,08:00,0.0,1007.3,1007.3,1006.8,-9999,23.9,22.8,24.3,23.9,23.1,22.8,93,93,93,102,0.8,0.5,N,PA,BREVES,A228,-1.680251,-50.478139,11.0
2139,2019-12-23,12:00,0.0,1010.2,1010.2,1009.7,1159,27.6,24.5,28.4,25.7,25.3,24.4,93,79,83,90,3.0,1.5,N,PA,BREVES,A228,-1.680251,-50.478139,11.0
2140,2019-12-23,16:00,0.0,1009.5,1010.0,1009.5,1838,30.4,24.4,31.9,30.3,25.5,23.4,72,62,70,105,5.2,1.3,N,PA,BREVES,A228,-1.680251,-50.478139,11.0
2141,2019-12-23,20:00,0.0,1006.7,1006.9,1006.6,600,30.3,25.0,31.8,30.3,25.4,24.2,74,64,74,141,3.6,1.0,N,PA,BREVES,A228,-1.680251,-50.478139,11.0
2142,2019-12-24,00:00,9.0,1010.0,1010.2,1008.6,-9999,24.3,22.8,27.3,24.3,24.5,22.4,91,82,91,98,10.8,4.2,N,PA,BREVES,A228,-1.680251,-50.478139,11.0
2143,2019-12-24,04:00,0.0,1009.2,1009.7,1009.2,-9999,25.0,23.7,25.3,25.0,24.0,23.7,93,92,93,63,2.2,0.4,N,PA,BREVES,A228,-1.680251,-50.478139,11.0
2144,2019-12-24,08:00,0.0,1007.6,1007.6,1007.5,-9999,24.2,23.0,24.5,24.2,23.3,23.0,93,93,93,201,1.2,0.3,N,PA,BREVES,A228,-1.680251,-50.478139,11.0
2145,2019-12-24,12:00,0.0,1010.2,1010.2,1010.0,1258,28.3,24.7,28.3,25.6,25.3,24.0,93,81,81,91,3.7,1.6,N,PA,BREVES,A228,-1.680251,-50.478139,11.0
2146,2019-12-24,16:00,0.0,1008.4,1009.4,1008.4,2110,30.9,23.4,32.3,30.8,24.7,23.0,69,59,64,89,4.5,1.8,N,PA,BREVES,A228,-1.680251,-50.478139,11.0
2147,2019-12-24,20:00,0.2,1005.8,1005.8,1005.3,758,30.4,24.1,31.5,30.3,25.4,23.6,71,66,69,54,4.5,1.2,N,PA,BREVES,A228,-1.680251,-50.478139,11.0
2148,2019-12-25,00:00,0.0,1008.4,1008.4,1007.4,-9999,24.9,23.6,24.9,24.7,23.7,23.4,93,92,93,62,1.7,0.5,N,PA,BREVES,A228,-1.680251,-50.478139,11.0
2149,2019-12-25,04:00,0.0,1008.2,1008.8,1008.2,-9999,24.2,23.1,24.6,24.2,23.5,23.1,93,93,93,106,1.0,0.2,N,PA,BREVES,A228,-1.680251,-50.478139,11.0
2150,2019-12-25,08:00,0.0,1007.5,1007.5,1007.4,-9999,23.4,22.3,23.5,23.3,22.4,22.2,94,94,94,52,0.6,0.3,N,PA,BREVES,A228,-1.680251,-50.478139,11.0
2151,2019-12-25,12:00,0.0,1009.4,1009.4,1008.7,1422,28.3,24.5,28.3,25.4,25.1,23.8,94,79,80,77,4.6,1.8,N,PA,BREVES,A228,-1.680251,-50.478139,11.0
2152,2019-12-25,16:00,0.0,1008.0,1009.0,1008.0,2255,31.7,24.5,31.9,29.9,25.8,23.6,73,63,66,68,5.3,1.4,N,PA,BREVES,A228,-1.680251,-50.478139,11.0
2153,2019-12-25,20:00,0.0,1005.9,1006.2,1005.8,625,27.6,24.3,27.6,26.9,24.5,23.5,84,81,82,60,3.6,1.5,N,PA,BREVES,A228,-1.680251,-50.478139,11.0
2154,2019-12-26,00:00,1.8,1009.0,1009.0,1008.1,-9999,25.9,24.6,26.0,25.7,24.7,24.4,93,92,92,106,2.5,0.6,N,PA,BREVES,A228,-1.680251,-50.478139,11.0
2155,2019-12-26,04:00,0.0,1008.6,1009.3,1008.5,-9999,25.4,24.3,25.7,25.4,24.5,24.3,93,93,93,70,1.0,0.4,N,PA,BREVES,A228,-1.680251,-50.478139,11.0
2156,2019-12-26,08:00,0.4,1007.4,1007.4,1007.3,-9999,24.8,23.7,25.1,24.8,24.0,23.7,94,93,93,184,0.5,0.2,N,PA,BREVES,A228,-1.680251,-50.478139,11.0
2157,2019-12-26,12:00,0.0,1010.7,1010.7,1010.2,1156,28.3,25.2,28.4,26.2,25.6,24.6,93,82,83,87,3.0,1.0,N,PA,BREVES,A228,-1.680251,-50.478139,11.0
2158,2019-12-26,16:00,0.0,1009.0,1010.0,1009.0,2397,32.4,25.2,32.5,29.1,26.2,23.7,79,63,66,107,6.5,1.0,N,PA,BREVES,A228,-1.680251,-50.478139,11.0
2159,2019-12-26,20:00,0.0,1006.6,1006.8,1006.3,600,30.0,24.9,30.0,28.8,25.5,24.3,81,74,74,53,3.3,0.7,N,PA,BREVES,A228,-1.680251,-50.478139,11.0
2160,2019-12-27,00:00,15.0,1009.6,1009.7,1008.6,-9999,24.8,23.6,27.4,24.8,24.6,23.3,93,83,93,51,7.4,1.1,N,PA,BREVES,A228,-1.680251,-50.478139,11.0
2161,2019-12-27,04:00,1.4,1009.7,1010.7,1009.7,-9999,24.8,23.5,25.3,24.8,24.1,23.5,93,93,93,99,2.9,0.8,N,PA,BREVES,A228,-1.680251,-50.478139,11.0
2162,2019-12-27,08:00,0.0,1008.8,1008.8,1008.6,-9999,24.4,23.3,24.8,24.4,23.7,23.3,93,93,93,136,1.0,0.3,N,PA,BREVES,A228,-1.680251,-50.478139,11.0
2163,2019-12-27,12:00,0.0,1010.3,1010.4,1010.0,1337,28.0,24.5,28.0,25.7,25.3,23.8,93,80,81,75,3.7,1.9,N,PA,BREVES,A228,-1.680251,-50.478139,11.0
2164,2019-12-27,16:00,0.0,1009.5,1010.3,1009.5,2391,31.6,25.3,31.6,29.9,25.9,23.4,76,65,70,100,5.3,1.9,N,PA,BREVES,A228,-1.680251,-50.478139,11.0
2165,2019-12-27,20:00,0.0,1006.6,1007.4,1006.5,327,25.9,23.5,25.9,25.3,23.5,22.6,87,83,86,88,5.0,0.7,N,PA,BREVES,A228,-1.680251,-50.478139,11.0
2166,2019-12-28,00:00,2.4,1009.3,1009.3,1008.1,-9999,25.5,24.1,25.7,25.3,24.1,23.5,92,89,92,146,5.5,0.7,N,PA,BREVES,A228,-1.680251,-50.478139,11.0
2167,2019-12-28,04:00,0.8,1009.8,1010.4,1009.8,-9999,24.4,23.3,24.4,24.3,23.3,23.2,94,94,94,274,0.6,0.2,N,PA,BREVES,A228,-1.680251,-50.478139,11.0
2168,2019-12-28,08:00,0.0,1007.9,1007.9,1007.6,-9999,24.6,23.4,24.6,24.5,23.5,23.4,94,93,93,73,2.6,0.7,N,PA,BREVES,A228,-1.680251,-50.478139,11.0
2169,2019-12-28,12:00,0.0,1009.8,1009.8,1009.5,1178,27.5,24.2,27.9,26.4,24.7,23.7,87,81,82,60,4.8,2.2,N,PA,BREVES,A228,-1.680251,-50.478139,11.0
2170,2019-12-28,16:00,0.0,1008.5,1009.5,1008.5,2427,31.3,24.5,32.2,29.4,25.8,23.3,74,63,67,71,4.4,1.7,N,PA,BREVES,A228,-1.680251,-50.478139,11.0
2171,2019-12-28,20:00,0.0,1005.8,1006.2,1005.7,771,27.0,22.9,27.1,24.5,23.6,22.1,88,77,78,79,5.5,1.5,N,PA,BREVES,A228,-1.680251,-50.478139,11.0
2172,2019-12-29,00:00,1.0,1008.4,1008.4,1007.7,-9999,24.7,23.4,24.7,24.6,23.4,23.1,93,91,93,95,4.2,0.3,N,PA,BREVES,A228,-1.680251,-50.478139,11.0
2173,2019-12-29,04:00,0.0,1008.4,1009.0,1008.4,-9999,25.0,23.7,25.0,24.8,23.7,23.5,93,92,92,82,2.3,0.7,N,PA,BREVES,A228,-1.680251,-50.478139,11.0
2174,2019-12-29,08:00,0.0,1007.9,1007.9,1007.6,-9999,24.5,23.3,24.6,24.5,23.4,23.3,93,93,93,144,1.3,0.2,N,PA,BREVES,A228,-1.680251,-50.478139,11.0
2175,2019-12-29,12:00,0.0,1009.9,1009.9,1009.6,358,25.5,24.0,25.5,24.6,24.1,23.5,93,91,91,74,1.8,0.8,N,PA,BREVES,A228,-1.680251,-50.478139,11.0
2176,2019-12-29,16:00,0.2,1007.7,1009.0,1007.7,2087,31.5,24.8,31.5,29.3,25.7,23.8,78,67,68,98,4.3,1.7,N,PA,BREVES,A228,-1.680251,-50.478139,11.0
2177,2019-12-29,20:00,0.0,1005.3,1005.5,1005.0,361,28.1,24.1,28.6,28.1,24.9,23.9,81,76,79,58,3.4,1.5,N,PA,BREVES,A228,-1.680251,-50.478139,11.0
2178,2019-12-30,00:00,0.0,1007.1,1007.1,1006.5,-9999,25.9,23.7,26.4,25.9,24.0,23.6,87,86,87,78,3.3,1.3,N,PA,BREVES,A228,-1.680251,-50.478139,11.0
2179,2019-12-30,04:00,0.0,1008.0,1008.5,1008.0,-9999,25.1,23.5,25.3,25.1,23.5,23.4,91,90,91,69,2.1,0.5,N,PA,BREVES,A228,-1.680251,-50.478139,11.0
2180,2019-12-30,08:00,0.2,1007.1,1007.3,1006.9,-9999,24.5,23.3,24.7,24.5,23.5,23.3,93,93,93,64,1.3,0.5,N,PA,BREVES,A228,-1.680251,-50.478139,11.0
2181,2019-12-30,12:00,0.0,1010.4,1010.4,1009.1,251,25.3,23.6,25.4,24.8,24.0,23.4,93,90,90,13,2.0,0.8,N,PA,BREVES,A228,-1.680251,-50.478139,11.0
2182,2019-12-30,16:00,0.0,1008.8,1009.7,1008.8,1095,28.2,24.5,28.2,27.3,24.9,23.8,84,79,81,16,1.6,0.7,N,PA,BREVES,A228,-1.680251,-50.478139,11.0
2183,2019-12-30,20:00,0.0,1006.4,1006.4,1006.0,820,29.0,24.3,29.9,29.0,24.5,23.4,76,69,76,52,4.4,1.1,N,PA,BREVES,A228,-1.680251,-50.478139,11.0
2184,2019-12-31,00:00,0.0,1008.3,1008.3,1007.5,-9999,25.8,24.1,26.1,25.8,24.4,24.0,91,89,90,62,2.0,0.8,N,PA,BREVES,A228,-1.680251,-50.478139,11.0
2185,2019-12-31,04:00,0.0,1008.8,1009.4,1008.8,-9999,24.7,23.5,24.8,24.6,23.6,23.4,93,93,93,309,1.2,0.5,N,PA,BREVES,A228,-1.680251,-50.478139,11.0
2186,2019-12-31,08:00,0.2,1008.2,1008.2,1007.8,-9999,24.0,22.5,24.4,23.9,22.9,22.4,92,91,92,336,6.4,0.5,N,PA,BREVES,A228,-1.680251,-50.478139,11.0
2187,2019-12-31,12:00,0.0,1010.7,1010.7,1009.9,240,25.1,23.4,25.1,24.4,23.5,23.1,93,90,91,324,1.6,0.6,N,PA,BREVES,A228,-1.680251,-50.478139,11.0
2188,2019-12-31,16:00,2.8,1011.0,1011.7,1011.0,810,24.9,23.1,25.2,24.2,23.7,22.6,92,89,89,103,5.9,2.5,N,PA,BREVES,A228,-1.680251,-50.478139,11.0
2189,2019-12-31,20:00,0.0,1009.2,1009.3,1009.1,416,25.1,22.7,25.4,25.0,23.4,22.6,89,85,87,76,4.4,1.1,N,PA,BREVES,A228,-1.680251,-50.478139,11.0
2190,2020-01-01,00:00,0.0,1011.0,1011.0,1010.3,-9999,23.3,21.8,23.5,23.3,22.0,21.8,91,91,91,72,2.7,0.7,N,PA,BREVES,A228,-1.680251,-50.478139,11.0
2191,2020-01-01,04:00,0.4,1010.8,1010.9,1010.8,-9999,23.0,21.8,23.1,22.9,21.9,21.8,93,93,93,36,1.4,0.6,N,PA,BREVES,A228,-1.680251,-50.478139,11.0
2192,2020-01-01,08:00,0.0,1009.8,1009.8,1009.6,-9999,22.7,21.6,22.8,22.7,21.8,21.6,94,94,94,154,1.9,0.3,N,PA,BREVES,A228,-1.680251,-50.478139,11.0
2193,2020-01-01,12:00,0.0,1011.7,1011.7,1011.4,930,25.4,22.7,25.5,23.7,23.1,22.1,93,85,85,18,1.5,0.5,N,PA,BREVES,A228,-1.680251,-50.478139,11.0
2194,2020-01-01,16:00,1.6,1009.2,1010.3,1009.2,2143,28.2,24.1,30.0,26.5,25.1,22.5,86,67,79,121,4.3,1.1,N,PA,BREVES,A228,-1.680251,-50.478139,11.0
2195,2020-01-01,20:00,1.8,1007.6,1007.7,1006.6,228,24.9,23.0,26.5,24.9,24.8,23.0,92,87,89,86,6.3,2.5,N,PA,BREVES,A228,-1.680251,-50.478139,11.0
