,Data,Hora,"PRECIPITAÇÃO TOTAL, HORÁRIO (mm)","PRESSAO ATMOSFERICA AO NIVEL DA ESTACAO, HORARIA (mB)",PRESSÃO ATMOSFERICA MAX.NA HORA ANT. (AUT) (mB),PRESSÃO ATMOSFERICA MIN. NA HORA ANT. (AUT) (mB),RADIACAO GLOBAL (Kj/m²),"TEMPERATURA DO AR - BULBO SECO, HORARIA (°C)",TEMPERATURA DO PONTO DE ORVALHO (°C),TEMPERATURA MÁXIMA NA HORA ANT. (AUT) (°C),TEMPERATURA MÍNIMA NA HORA ANT. (AUT) (°C),TEMPERATURA ORVALHO MAX. NA HORA ANT. (AUT) (°C),TEMPERATURA ORVALHO MIN. NA HORA ANT. (AUT) (°C),UMIDADE REL. MAX. NA HORA ANT. (AUT) (%),UMIDADE REL. MIN. NA HORA ANT. (AUT) (%),"UMIDADE RELATIVA DO AR, HORARIA (%)","VENTO, DIREÇÃO HORARIA (gr) (° (gr))","VENTO, RAJADA MAXIMA (m/s)","VENTO, VELOCIDADE HORARIA (m/s)",region,state,station,station_code,latitude,longitude,height
0,2019-01-01,00:00,0.0,1010.2,1010.2,1009.1,0,23.7,22.6,23.8,23.7,22.7,22.6,94,93,94,135,0.9,0.2,N,PA,BELEM,A201,-1.411228,-48.439512,21.17
1,2019-01-01,04:00,0.0,1009.0,1009.7,1009.0,0,23.7,22.7,23.9,23.7,22.8,22.6,94,94,94,155,0.0,0.0,N,PA,BELEM,A201,-1.411228,-48.439512,21.17
2,2019-01-01,08:00,0.0,1008.9,1008.9,1008.3,0,23.5,22.5,23.6,23.5,22.6,22.5,94,94,94,129,0.0,0.0,N,PA,BELEM,A201,-1.411228,-48.439512,21.17
3,2019-01-01,12:00,0.0,1011.0,1011.0,1010.7,1142,28.2,23.8,28.5,25.4,25.3,23.8,93,77,77,51,3.1,0.9,N,PA,BELEM,A201,-1.411228,-48.439512,21.17
4,2019-01-01,16:00,0.0,1009.1,1010.0,1009.1,2641,31.2,22.4,32.1,30.9,23.7,21.8,64,56,60,102,4.9,1.3,N,PA,BELEM,A201,-1.411228,-48.439512,21.17
5,2019-01-01,20:00,5.4,1007.7,1007.8,1006.7,359,27.7,25.3,29.7,25.9,25.3,22.9,90,70,87,4,4.7,1.2,N,PA,BELEM,A201,-1.411228,-48.439512,21.17
6,2019-01-02,00:00,0.0,1010.3,1010.3,1009.3,0,25.7,24.1,25.7,25.4,24.3,24.0,92,91,91,46,2.1,0.1,N,PA,BELEM,A201,-1.411228,-48.439512,21.17
7,2019-01-02,04:00,0.0,1009.4,1009.8,1009.4,0,24.7,23.1,25.1,24.7,23.4,23.1,91,90,91,357,1.6,0.0,N,PA,BELEM,A201,-1.411228,-48.439512,21.17
8,2019-01-02,08:00,0.0,1009.1,1009.2,1008.4,0,24.1,22.9,24.2,24.0,23.0,22.9,93,93,93,131,0.9,0.2,N,PA,BELEM,A201,-1.411228,-48.439512,21.17
9,2019-01-02,12:00,0.0,1011.4,1011.4,1010.7,1269,28.9,24.2,29.0,27.1,24.7,23.8,85,75,76,68,4.6,0.9,N,PA,BELEM,A201,-1.411228,-48.439512,21.17
10,2019-01-02,16:00,2.4,1009.5,1010.3,1009.5,2345,28.5,24.8,32.9,28.1,24.8,22.5,80,56,80,68,5.5,0.7,N,PA,BELEM,A201,-1.411228,-48.439512,21.17
11,2019-01-02,20:00,0.0,1008.2,1008.2,1007.9,529,28.0,23.1,28.4,27.7,23.7,22.6,79,72,74,51,7.9,0.7,N,PA,BELEM,A201,-1.411228,-48.439512,21.17
12,2019-01-03,00:00,0.0,1010.2,1010.2,1009.3,0,24.1,22.4,24.5,24.1,22.5,22.3,90,88,90,128,2.1,0.1,N,PA,BELEM,A201,-1.411228,-48.439512,21.17
13,2019-01-03,04:00,0.0,1009.0,1010.1,1009.0,0,24.8,23.1,24.9,24.8,23.2,23.1,91,90,90,88,2.4,0.1,N,PA,BELEM,A201,-1.411228,-48.439512,21.17
14,2019-01-03,08:00,0.0,1008.1,1008.2,1008.0,0,24.1,22.8,24.3,24.0,22.9,22.7,93,92,93,62,0.7,0.0,N,PA,BELEM,A201,-1.411228,-48.439512,21.17
15,2019-01-03,12:00,0.0,1010.3,1010.3,1010.0,1587,30.0,24.8,30.0,27.1,25.2,23.9,85,73,74,96,4.5,1.2,N,PA,BELEM,A201,-1.411228,-48.439512,21.17
16,2019-01-03,16:00,0.0,1008.7,1009.5,1008.7,2019,33.0,23.0,33.0,31.4,24.1,22.4,63,54,56,70,4.7,1.3,N,PA,BELEM,A201,-1.411228,-48.439512,21.17
17,2019-01-03,20:00,0.0,1007.3,1007.5,1006.7,801,29.8,23.0,30.0,28.4,24.3,22.5,79,64,67,81,6.9,1.0,N,PA,BELEM,A201,-1.411228,-48.439512,21.17
18,2019-01-04,00:00,0.0,1009.5,1009.6,1008.9,0,25.9,21.7,26.6,25.9,22.7,21.7,80,77,78,75,4.9,1.3,N,PA,BELEM,A201,-1.411228,-48.439512,21.17
19,2019-01-04,04:00,0.0,1009.1,1009.3,1008.9,0,24.8,22.5,24.9,24.7,22.6,22.4,87,86,87,100,2.1,0.9,N,PA,BELEM,A201,-1.411228,-48.439512,21.17
20,2019-01-04,08:00,0.0,1008.6,1008.6,1008.3,0,24.4,22.6,24.6,24.4,22.8,22.6,90,90,90,78,2.3,0.6,N,PA,BELEM,A201,-1.411228,-48.439512,21.17
21,2019-01-04,12:00,0.0,1011.1,1011.1,1010.3,1587,29.2,23.5,29.6,27.0,24.1,22.8,82,68,71,80,4.0,1.4,N,PA,BELEM,A201,-1.411228,-48.439512,21.17
22,2019-01-04,16:00,0.0,1009.5,1010.3,1009.5,2111,32.7,23.6,33.3,31.4,24.7,22.2,64,54,59,102,5.7,0.9,N,PA,BELEM,A201,-1.411228,-48.439512,21.17
23,2019-01-04,20:00,0.0,1007.1,1007.1,1006.3,433,30.3,25.2,31.3,29.8,25.5,24.2,75,66,74,265,4.6,1.0,N,PA,BELEM,A201,-1.411228,-48.439512,21.17
24,2019-01-05,00:00,0.0,1008.8,1008.9,1008.3,0,27.4,23.7,28.3,27.4,24.0,23.6,80,77,80,73,5.3,0.8,N,PA,BELEM,A201,-1.411228,-48.439512,21.17
25,2019-01-05,04:00,0.0,1009.0,1009.4,1009.0,0,26.0,23.9,26.3,25.9,24.0,23.8,88,87,88,95,1.9,0.4,N,PA,BELEM,A201,-1.411228,-48.439512,21.17
26,2019-01-05,08:00,0.0,1008.0,1008.1,1007.7,0,25.2,23.7,25.3,25.0,23.8,23.5,92,91,91,75,2.1,0.2,N,PA,BELEM,A201,-1.411228,-48.439512,21.17
27,2019-01-05,12:00,0.0,1010.8,1010.8,1010.1,1206,29.2,24.2,29.5,27.5,24.7,23.5,84,72,74,65,3.8,1.1,N,PA,BELEM,A201,-1.411228,-48.439512,21.17
28,2019-01-05,16:00,0.0,1008.8,1010.1,1008.8,2854,31.5,23.4,32.7,31.3,24.6,22.6,64,56,62,134,5.4,2.0,N,PA,BELEM,A201,-1.411228,-48.439512,21.17
29,2019-01-05,20:00,2.8,1007.4,1007.6,1007.0,296,24.7,22.9,24.7,22.8,23.0,21.5,93,89,89,8,8.3,1.2,N,PA,BELEM,A201,-1.411228,-48.439512,21.17
30,2019-01-06,00:00,0.6,1009.8,1010.4,1009.5,0,24.4,22.9,25.3,24.3,23.8,22.5,92,89,91,83,5.7,1.2,N,PA,BELEM,A201,-1.411228,-48.439512,21.17
31,2019-01-06,04:00,0.0,1009.3,1009.7,1009.3,0,24.8,23.6,25.0,24.8,23.7,23.6,93,92,93,140,0.0,0.0,N,PA,BELEM,A201,-1.411228,-48.439512,21.17
32,2019-01-06,08:00,0.0,1008.4,1008.5,1008.0,0,24.7,23.6,24.8,24.6,23.7,23.5,94,93,94,125,0.9,0.2,N,PA,BELEM,A201,-1.411228,-48.439512,21.17
33,2019-01-06,12:00,0.0,1011.0,1011.1,1010.6,685,27.1,24.7,27.3,26.8,25.8,24.5,93,86,87,114,2.0,1.1,N,PA,BELEM,A201,-1.411228,-48.439512,21.17
34,2019-01-06,16:00,0.0,1008.5,1009.6,1008.4,2659,31.7,24.3,32.0,30.0,25.8,23.5,73,63,65,119,4.5,2.0,N,PA,BELEM,A201,-1.411228,-48.439512,21.17
35,2019-01-06,20:00,0.0,1006.8,1006.9,1006.6,446,28.0,24.4,28.1,27.5,24.5,23.9,83,79,81,82,2.7,0.2,N,PA,BELEM,A201,-1.411228,-48.439512,21.17
36,2019-01-07,00:00,0.0,1009.5,1009.5,1009.3,0,24.5,21.8,25.2,24.5,22.1,21.6,86,81,85,125,3.9,0.1,N,PA,BELEM,A201,-1.411228,-48.439512,21.17
37,2019-01-07,04:00,0.0,1009.1,1009.7,1009.0,0,25.0,23.5,25.1,24.7,23.7,23.2,92,91,91,111,1.7,0.5,N,PA,BELEM,A201,-1.411228,-48.439512,21.17
38,2019-01-07,08:00,0.0,1008.2,1008.2,1007.9,0,24.9,23.5,25.0,24.9,23.6,23.5,93,92,92,158,2.6,1.4,N,PA,BELEM,A201,-1.411228,-48.439512,21.17
39,2019-01-07,12:00,0.0,1010.3,1010.5,1010.0,467,25.0,23.5,25.0,24.4,23.5,23.1,93,91,91,124,2.8,1.2,N,PA,BELEM,A201,-1.411228,-48.439512,21.17
40,2019-01-07,16:00,0.0,1009.4,1009.8,1009.4,934,26.9,23.7,27.7,26.9,24.7,23.4,86,79,83,121,3.0,1.2,N,PA,BELEM,A201,-1.411228,-48.439512,21.17
41,2019-01-07,20:00,0.0,1007.6,1007.6,1007.3,546,28.5,23.3,28.5,28.1,23.5,23.0,75,73,74,81,3.3,0.9,N,PA,BELEM,A201,-1.411228,-48.439512,21.17
42,2019-01-08,00:00,6.0,1009.8,1010.0,1009.4,0,22.7,21.4,23.2,22.6,21.5,21.1,92,89,92,122,4.6,0.9,N,PA,BELEM,A201,-1.411228,-48.439512,21.17
43,2019-01-08,04:00,0.0,1009.1,1010.1,1009.1,0,22.7,21.5,22.9,22.7,21.7,21.5,93,93,93,138,1.9,0.6,N,PA,BELEM,A201,-1.411228,-48.439512,21.17
44,2019-01-08,08:00,0.2,1008.0,1008.1,1007.9,0,22.9,21.8,23.0,22.8,21.9,21.7,94,94,94,90,1.1,0.1,N,PA,BELEM,A201,-1.411228,-48.439512,21.17
45,2019-01-08,12:00,0.0,1010.4,1010.4,1009.9,687,25.9,24.2,25.9,23.7,24.2,22.7,94,90,90,114,3.1,0.3,N,PA,BELEM,A201,-1.411228,-48.439512,21.17
46,2019-01-08,16:00,0.0,1008.9,1010.0,1008.9,1983,30.3,24.5,30.9,28.9,25.0,23.3,77,68,71,115,5.1,1.5,N,PA,BELEM,A201,-1.411228,-48.439512,21.17
47,2019-01-08,20:00,1.2,1007.7,1007.7,1007.1,259,25.0,23.4,25.0,24.3,23.4,22.7,91,90,91,34,3.9,0.8,N,PA,BELEM,A201,-1.411228,-48.439512,21.17
48,2019-01-09,00:00,0.0,1010.5,1010.6,1010.0,0,23.6,22.0,24.3,23.6,22.5,21.9,90,89,90,150,2.5,0.8,N,PA,BELEM,A201,-1.411228,-48.439512,21.17
49,2019-01-09,04:00,0.0,1008.9,1010.2,1008.9,0,23.7,22.5,23.8,23.5,22.6,22.3,93,93,93,126,0.8,0.0,N,PA,BELEM,A201,-1.411228,-48.439512,21.17
50,2019-01-09,08:00,0.4,1007.7,1007.8,1007.6,0,23.5,22.4,23.7,23.5,22.6,22.4,94,93,93,144,4.7,2.4,N,PA,BELEM,A201,-1.411228,-48.439512,21.17
51,2019-01-09,12:00,0.0,1009.3,1009.5,1008.7,889,26.4,22.9,26.4,24.3,23.3,22.4,91,81,81,79,3.6,1.1,N,PA,BELEM,A201,-1.411228,-48.439512,21.17
52,2019-01-09,16:00,0.0,1007.4,1008.5,1007.4,1667,30.5,22.8,30.9,29.9,23.7,21.8,67,61,64,72,4.3,1.2,N,PA,BELEM,A201,-1.411228,-48.439512,21.17
53,2019-01-09,20:00,0.0,1005.3,1005.5,1005.2,1029,30.2,21.2,30.6,29.6,21.9,20.9,62,57,59,88,5.1,1.5,N,PA,BELEM,A201,-1.411228,-48.439512,21.17
54,2019-01-10,00:00,0.0,1008.5,1008.5,1007.7,0,26.7,21.8,27.2,26.6,22.3,21.8,77,73,75,59,5.2,1.1,N,PA,BELEM,A201,-1.411228,-48.439512,21.17
55,2019-01-10,04:00,0.0,1008.2,1008.7,1008.2,0,24.8,22.4,25.2,24.8,22.4,22.3,86,84,86,89,2.3,0.3,N,PA,BELEM,A201,-1.411228,-48.439512,21.17
56,2019-01-10,08:00,0.4,1007.6,1007.6,1007.4,0,23.2,21.6,24.3,23.2,22.2,21.5,91,88,91,82,6.9,0.5,N,PA,BELEM,A201,-1.411228,-48.439512,21.17
57,2019-01-10,12:00,0.0,1010.7,1010.7,1009.8,465,25.3,22.6,25.4,24.3,23.0,22.3,90,85,85,54,3.1,0.7,N,PA,BELEM,A201,-1.411228,-48.439512,21.17
58,2019-01-10,16:00,0.0,1008.9,1010.1,1008.9,1382,28.2,22.4,28.7,27.5,23.5,21.9,75,70,71,87,5.4,1.1,N,PA,BELEM,A201,-1.411228,-48.439512,21.17
59,2019-01-10,20:00,0.0,1006.7,1006.8,1006.6,376,26.5,23.0,28.0,26.5,23.0,22.2,81,71,81,121,4.9,1.6,N,PA,BELEM,A201,-1.411228,-48.439512,21.17
60,2019-01-11,00:00,0.0,1009.7,1009.7,1009.2,0,23.9,22.5,24.0,23.8,22.6,22.4,92,91,91,162,2.5,1.4,N,PA,BELEM,A201,-1.411228,-48.439512,21.17
61,2019-01-11,04:00,0.0,1009.9,1009.9,1009.8,0,23.4,22.0,23.5,23.3,22.0,21.8,92,91,92,141,0.9,0.2,N,PA,BELEM,A201,-1.411228,-48.439512,21.17
62,2019-01-11,08:00,0.0,1009.3,1009.3,1008.9,0,23.1,21.9,23.1,22.9,21.9,21.6,93,92,93,140,0.9,0.1,N,PA,BELEM,A201,-1.411228,-48.439512,21.17
63,2019-01-11,12:00,0.0,1011.9,1011.9,1011.2,806,27.1,21.7,27.2,25.3,22.8,21.4,85,72,72,263,1.7,0.3,N,PA,BELEM,A201,-1.411228,-48.439512,21.17
64,2019-01-11,16:00,0.0,1010.4,1011.6,1010.4,1011,28.6,22.4,28.8,27.9,23.1,22.1,74,69,69,261,4.5,1.9,N,PA,BELEM,A201,-1.411228,-48.439512,21.17
65,2019-01-11,20:00,0.0,1009.9,1009.9,1009.2,217,24.4,22.5,24.5,24.3,23.0,22.5,92,89,90,81,4.5,0.6,N,PA,BELEM,A201,-1.411228,-48.439512,21.17
66,2019-01-12,00:00,2.0,1012.6,1012.6,1011.6,0,21.6,20.4,21.9,21.6,20.6,20.3,93,92,93,119,5.0,1.4,N,PA,BELEM,A201,-1.411228,-48.439512,21.17
67,2019-01-12,04:00,0.4,1010.6,1011.1,1010.6,0,21.8,20.7,21.8,21.6,20.7,20.5,94,93,94,238,1.8,0.0,N,PA,BELEM,A201,-1.411228,-48.439512,21.17
68,2019-01-12,08:00,0.0,1009.0,1009.0,1008.7,0,22.0,21.0,22.0,21.8,21.0,20.8,94,94,94,100,2.1,0.0,N,PA,BELEM,A201,-1.411228,-48.439512,21.17
69,2019-01-12,12:00,0.0,1012.0,1012.0,1011.6,423,23.4,22.4,23.4,22.6,22.4,21.6,94,94,94,137,2.2,0.6,N,PA,BELEM,A201,-1.411228,-48.439512,21.17
70,2019-01-12,16:00,0.0,1010.2,1011.3,1010.2,1599,28.5,23.1,28.9,27.9,24.0,22.5,77,70,73,132,4.0,2.0,N,PA,BELEM,A201,-1.411228,-48.439512,21.17
71,2019-01-12,20:00,0.0,1008.4,1008.4,1007.9,570,28.4,23.4,28.9,28.3,24.1,23.0,77,71,74,330,4.9,2.0,N,PA,BELEM,A201,-1.411228,-48.439512,21.17
72,2019-01-13,00:00,0.0,1009.7,1009.7,1009.1,0,24.7,21.9,25.0,24.7,22.5,21.9,87,84,85,80,2.5,0.3,N,PA,BELEM,A201,-1.411228,-48.439512,21.17
73,2019-01-13,04:00,0.0,1009.2,1009.9,1009.2,0,24.4,22.7,24.4,24.2,22.7,22.6,91,90,91,99,1.2,0.1,N,PA,BELEM,A201,-1.411228,-48.439512,21.17
74,2019-01-13,08:00,0.0,1008.6,1008.8,1008.6,0,23.6,22.4,23.8,23.5,22.5,22.3,93,92,93,3,1.0,0.0,N,PA,BELEM,A201,-1.411228,-48.439512,21.17
75,2019-01-13,12:00,0.0,1011.1,1011.2,1010.8,715,26.7,23.6,26.8,24.5,24.2,23.1,92,83,83,74,2.0,0.5,N,PA,BELEM,A201,-1.411228,-48.439512,21.17
76,2019-01-13,16:00,0.4,1009.9,1011.0,1009.9,1636,29.2,24.5,30.5,27.7,25.5,22.2,83,64,76,19,5.3,1.0,N,PA,BELEM,A201,-1.411228,-48.439512,21.17
77,2019-01-13,20:00,0.0,1006.8,1006.8,1006.5,660,28.8,22.8,31.3,28.7,23.5,22.3,71,61,70,42,5.6,1.1,N,PA,BELEM,A201,-1.411228,-48.439512,21.17
78,2019-01-14,00:00,0.0,1009.6,1009.6,1009.1,0,25.8,22.3,26.3,25.8,22.3,22.0,81,78,81,11,2.9,0.9,N,PA,BELEM,A201,-1.411228,-48.439512,21.17
79,2019-01-14,04:00,0.0,1010.1,1010.5,1010.1,0,24.0,22.6,24.4,24.0,22.8,22.5,92,90,92,136,0.8,0.0,N,PA,BELEM,A201,-1.411228,-48.439512,21.17
80,2019-01-14,08:00,0.0,1009.5,1009.7,1009.1,0,22.8,21.4,23.2,22.8,21.5,21.3,92,90,92,124,4.1,0.1,N,PA,BELEM,A201,-1.411228,-48.439512,21.17
81,2019-01-14,12:00,0.0,1012.0,1012.1,1011.4,808,26.5,23.2,26.5,24.6,23.5,22.4,89,82,82,4,2.6,0.7,N,PA,BELEM,A201,-1.411228,-48.439512,21.17
82,2019-01-14,16:00,0.0,1009.9,1011.0,1009.9,1654,30.7,24.2,30.7,28.7,24.5,23.1,76,66,69,315,5.4,2.1,N,PA,BELEM,A201,-1.411228,-48.439512,21.17
83,2019-01-14,20:00,0.4,1008.3,1008.3,1007.6,154,27.1,24.1,28.8,27.1,24.1,23.1,84,73,84,55,4.8,0.6,N,PA,BELEM,A201,-1.411228,-48.439512,21.17
84,2019-01-15,00:00,0.2,1010.6,1010.6,1009.8,0,25.0,23.7,25.2,25.0,23.9,23.7,93,92,93,122,1.3,0.2,N,PA,BELEM,A201,-1.411228,-48.439512,21.17
85,2019-01-15,04:00,0.0,1010.7,1011.3,1010.7,0,24.4,23.2,24.6,24.3,23.4,23.1,93,93,93,173,1.5,0.0,N,PA,BELEM,A201,-1.411228,-48.439512,21.17
86,2019-01-15,08:00,0.0,1009.9,1010.0,1009.8,0,24.1,23.0,24.2,24.1,23.1,23.0,93,93,93,163,3.6,0.4,N,PA,BELEM,A201,-1.411228,-48.439512,21.17
87,2019-01-15,12:00,0.0,1013.2,1013.2,1012.4,457,24.9,23.7,24.9,24.1,23.7,23.1,94,93,93,152,3.9,1.6,N,PA,BELEM,A201,-1.411228,-48.439512,21.17
88,2019-01-15,16:00,0.0,1012.1,1012.7,1012.1,946,24.6,21.0,24.7,23.1,21.9,20.8,91,80,80,276,3.6,0.3,N,PA,BELEM,A201,-1.411228,-48.439512,21.17
89,2019-01-15,20:00,0.0,1008.5,1008.7,1008.5,584,25.7,22.2,26.6,25.6,22.5,21.2,82,74,81,135,3.2,1.6,N,PA,BELEM,A201,-1.411228,-48.439512,21.17
90,2019-01-16,00:00,0.0,1011.2,1011.2,1010.5,0,23.3,21.7,23.7,23.3,22.0,21.7,91,90,91,116,2.3,0.3,N,PA,BELEM,A201,-1.411228,-48.439512,21.17
91,2019-01-16,04:00,0.0,1010.8,1011.6,1010.8,0,22.9,21.7,23.1,22.9,21.9,21.7,93,93,93,122,1.0,0.0,N,PA,BELEM,A201,-1.411228,-48.439512,21.17
92,2019-01-16,08:00,0.0,1010.4,1010.4,1009.8,0,22.6,21.6,22.6,22.4,21.6,21.3,94,94,94,137,0.7,0.0,N,PA,BELEM,A201,-1.411228,-48.439512,21.17
93,2019-01-16,12:00,0.0,1013.2,1013.2,1012.4,885,26.0,23.5,26.0,24.3,23.9,23.2,94,85,86,122,5.0,2.4,N,PA,BELEM,A201,-1.411228,-48.439512,21.17
94,2019-01-16,16:00,0.0,1010.5,1011.1,1010.5,2251,30.3,23.0,31.1,29.9,24.2,22.5,69,62,65,117,4.3,2.1,N,PA,BELEM,A201,-1.411228,-48.439512,21.17
95,2019-01-16,20:00,3.8,1008.9,1009.1,1008.8,376,27.5,25.0,30.7,26.3,25.1,22.6,88,65,86,340,4.0,0.2,N,PA,BELEM,A201,-1.411228,-48.439512,21.17
96,2019-01-17,00:00,0.0,1011.0,1011.0,1010.6,0,26.2,23.3,26.5,26.2,24.0,23.3,87,84,84,78,3.0,0.8,N,PA,BELEM,A201,-1.411228,-48.439512,21.17
97,2019-01-17,04:00,0.0,1010.3,1010.7,1010.2,0,24.5,22.6,24.9,24.5,22.6,22.5,89,87,89,81,2.3,0.3,N,PA,BELEM,A201,-1.411228,-48.439512,21.17
98,2019-01-17,08:00,0.0,1009.5,1009.6,1009.3,0,23.5,22.2,23.7,23.3,22.3,22.1,93,92,93,139,1.1,0.1,N,PA,BELEM,A201,-1.411228,-48.439512,21.17
99,2019-01-17,12:00,0.0,1011.7,1011.7,1011.2,1413,29.6,23.8,29.6,26.3,24.5,23.2,85,71,71,85,3.5,1.3,N,PA,BELEM,A201,-1.411228,-48.439512,21.17
100,2019-01-17,16:00,0.0,1010.0,1011.1,1010.0,2213,30.9,23.9,32.3,30.4,24.3,21.9,67,56,66,273,4.5,2.2,N,PA,BELEM,A201,-1.411228,-48.439512,21.17
101,2019-01-17,20:00,0.0,1007.4,1007.9,1007.4,162,26.1,24.7,26.1,25.6,24.8,24.3,93,92,92,70,5.0,0.7,N,PA,BELEM,A201,-1.411228,-48.439512,21.17
102,2019-01-18,00:00,0.0,1010.6,1010.6,1009.5,0,25.4,23.7,25.8,25.3,23.7,23.5,90,88,90,122,2.6,0.5,N,PA,BELEM,A201,-1.411228,-48.439512,21.17
103,2019-01-18,04:00,0.0,1010.2,1010.9,1010.2,0,24.5,23.2,25.0,24.5,23.5,23.1,92,92,92,72,0.7,0.0,N,PA,BELEM,A201,-1.411228,-48.439512,21.17
104,2019-01-18,08:00,0.0,1008.6,1008.6,1008.3,0,24.3,23.1,24.3,24.2,23.2,23.0,93,93,93,102,1.4,0.0,N,PA,BELEM,A201,-1.411228,-48.439512,21.17
105,2019-01-18,12:00,0.0,1010.9,1010.9,1010.4,1277,28.8,24.2,28.9,26.1,24.8,23.8,87,76,76,77,4.1,0.9,N,PA,BELEM,A201,-1.411228,-48.439512,21.17
106,2019-01-18,16:00,0.0,1009.3,1010.2,1009.3,2115,32.6,23.2,33.0,31.1,24.0,22.1,64,56,58,24,4.8,0.8,N,PA,BELEM,A201,-1.411228,-48.439512,21.17
107,2019-01-18,20:00,0.4,1006.3,1006.6,1006.1,1038,28.8,25.1,28.8,26.7,26.0,24.3,91,80,80,42,5.5,1.0,N,PA,BELEM,A201,-1.411228,-48.439512,21.17
108,2019-01-19,00:00,0.0,1009.5,1009.5,1008.5,0,24.7,23.3,24.7,24.2,23.3,22.7,92,90,91,147,1.9,0.4,N,PA,BELEM,A201,-1.411228,-48.439512,21.17
109,2019-01-19,04:00,0.0,1009.1,1009.6,1009.1,0,25.3,23.5,25.8,25.2,23.7,23.4,90,88,90,135,3.0,0.4,N,PA,BELEM,A201,-1.411228,-48.439512,21.17
110,2019-01-19,08:00,0.0,1008.6,1008.6,1008.1,0,24.6,23.4,24.8,24.5,23.4,23.3,93,92,93,152,1.4,0.7,N,PA,BELEM,A201,-1.411228,-48.439512,21.17
111,2019-01-19,12:00,0.0,1011.3,1011.4,1010.8,471,26.3,24.5,26.3,25.2,24.5,23.9,93,90,90,114,2.1,0.9,N,PA,BELEM,A201,-1.411228,-48.439512,21.17
112,2019-01-19,16:00,9.8,1010.1,1010.5,1010.1,517,25.2,23.4,31.8,25.0,24.0,22.6,90,60,90,194,5.1,0.1,N,PA,BELEM,A201,-1.411228,-48.439512,21.17
113,2019-01-19,20:00,1.2,1009.0,1009.0,1008.1,58,24.0,22.7,24.0,23.6,22.7,22.3,93,92,93,104,1.7,0.1,N,PA,BELEM,A201,-1.411228,-48.439512,21.17
114,2019-01-20,00:00,0.0,1009.5,1009.5,1008.8,1,24.0,22.9,24.1,23.9,23.0,22.7,93,93,93,92,1.4,0.2,N,PA,BELEM,A201,-1.411228,-48.439512,21.17
115,2019-01-20,04:00,0.2,1010.1,1010.9,1010.1,1,24.2,23.1,24.2,23.8,23.1,22.7,94,94,94,119,1.1,0.0,N,PA,BELEM,A201,-1.411228,-48.439512,21.17
116,2019-01-20,08:00,0.0,1008.9,1009.0,1008.7,1,24.0,23.0,24.3,23.9,23.2,22.9,94,94,94,138,1.9,0.1,N,PA,BELEM,A201,-1.411228,-48.439512,21.17
117,2019-01-20,12:00,0.0,1011.3,1011.3,1011.0,1217,28.1,24.1,28.5,24.8,25.4,23.5,93,78,79,82,2.6,0.9,N,PA,BELEM,A201,-1.411228,-48.439512,21.17
118,2019-01-20,16:00,0.0,1010.0,1010.5,1010.0,2372,32.5,23.2,32.6,30.2,24.3,22.2,67,57,58,117,6.0,1.8,N,PA,BELEM,A201,-1.411228,-48.439512,21.17
119,2019-01-20,20:00,0.0,1008.3,1008.3,1008.1,84,24.9,22.6,25.1,24.7,23.5,22.3,91,86,87,336,3.5,0.9,N,PA,BELEM,A201,-1.411228,-48.439512,21.17
120,2019-01-21,00:00,0.0,1009.8,1009.8,1009.2,1,24.4,23.1,24.6,24.2,23.2,22.9,93,92,93,99,1.1,0.1,N,PA,BELEM,A201,-1.411228,-48.439512,21.17
121,2019-01-21,04:00,0.0,1010.1,1010.8,1010.1,1,23.9,22.8,24.1,23.7,23.0,22.6,94,93,94,142,0.0,0.0,N,PA,BELEM,A201,-1.411228,-48.439512,21.17
122,2019-01-21,08:00,0.6,1008.7,1008.9,1008.5,2,23.9,22.7,24.2,23.8,23.1,22.6,94,93,93,79,4.3,0.6,N,PA,BELEM,A201,-1.411228,-48.439512,21.17
123,2019-01-21,12:00,0.0,1011.2,1011.2,1010.5,1458,28.1,23.7,28.8,26.2,24.1,22.9,84,73,77,86,3.4,1.0,N,PA,BELEM,A201,-1.411228,-48.439512,21.17
124,2019-01-21,16:00,0.0,1009.8,1011.0,1009.7,2713,32.5,25.6,32.5,28.0,26.4,24.2,86,66,67,112,5.1,1.4,N,PA,BELEM,A201,-1.411228,-48.439512,21.17
125,2019-01-21,20:00,0.2,1008.5,1008.8,1007.9,77,25.2,23.7,25.2,24.7,23.7,23.1,92,90,92,45,3.4,0.4,N,PA,BELEM,A201,-1.411228,-48.439512,21.17
126,2019-01-22,00:00,0.0,1011.0,1011.0,1009.9,2,25.6,24.2,26.0,25.4,24.6,24.0,92,92,92,80,2.0,0.3,N,PA,BELEM,A201,-1.411228,-48.439512,21.17
127,2019-01-22,04:00,0.0,1010.4,1011.4,1010.4,1,23.4,21.8,24.0,23.2,21.8,21.5,91,87,91,8,2.5,0.0,N,PA,BELEM,A201,-1.411228,-48.439512,21.17
128,2019-01-22,08:00,0.0,1009.5,1009.5,1008.8,2,23.8,22.6,23.8,23.3,22.6,22.1,93,93,93,140,0.0,0.0,N,PA,BELEM,A201,-1.411228,-48.439512,21.17
129,2019-01-22,12:00,0.0,1012.1,1012.1,1011.3,707,26.7,23.8,26.7,25.1,23.9,23.3,91,84,84,45,4.5,1.1,N,PA,BELEM,A201,-1.411228,-48.439512,21.17
130,2019-01-22,16:00,0.0,1010.2,1011.2,1010.2,1305,29.4,24.3,29.8,27.6,25.1,23.6,81,73,74,31,4.7,1.1,N,PA,BELEM,A201,-1.411228,-48.439512,21.17
131,2019-01-22,20:00,0.0,1007.2,1007.4,1007.2,587,29.4,24.1,30.8,29.2,25.1,23.8,75,68,73,47,3.9,0.5,N,PA,BELEM,A201,-1.411228,-48.439512,21.17
132,2019-01-23,00:00,0.0,1011.2,1011.2,1010.1,1,24.0,22.2,24.0,23.5,22.2,21.8,91,90,90,92,4.2,0.4,N,PA,BELEM,A201,-1.411228,-48.439512,21.17
133,2019-01-23,04:00,0.0,1010.9,1011.4,1010.9,2,24.8,23.2,24.8,24.4,23.2,22.7,91,90,91,150,2.1,0.0,N,PA,BELEM,A201,-1.411228,-48.439512,21.17
134,2019-01-23,08:00,0.0,1009.5,1009.5,1009.3,2,24.2,23.0,24.4,23.9,23.2,22.7,93,93,93,149,0.0,0.0,N,PA,BELEM,A201,-1.411228,-48.439512,21.17
135,2019-01-23,12:00,0.0,1011.6,1011.6,1011.3,940,28.4,23.9,28.6,27.6,24.9,23.4,83,76,77,21,4.1,1.0,N,PA,BELEM,A201,-1.411228,-48.439512,21.17
136,2019-01-23,16:00,0.0,1010.3,1011.1,1010.3,1990,31.5,23.3,31.6,30.5,24.5,22.0,67,57,62,39,6.5,1.1,N,PA,BELEM,A201,-1.411228,-48.439512,21.17
137,2019-01-23,20:00,0.0,1008.0,1008.7,1008.0,385,27.6,23.1,30.8,27.1,24.9,22.1,77,66,76,350,6.6,0.9,N,PA,BELEM,A201,-1.411228,-48.439512,21.17
138,2019-01-24,00:00,0.0,1011.0,1011.0,1010.2,2,24.7,23.1,25.0,24.3,23.1,22.2,91,85,91,91,7.1,0.5,N,PA,BELEM,A201,-1.411228,-48.439512,21.17
139,2019-01-24,04:00,0.0,1010.0,1010.6,1010.0,3,24.2,23.0,24.3,23.8,23.1,22.6,93,93,93,127,0.9,0.1,N,PA,BELEM,A201,-1.411228,-48.439512,21.17
140,2019-01-24,08:00,0.0,1008.9,1009.0,1008.8,2,24.1,23.0,24.1,23.7,23.0,22.6,94,93,94,134,0.0,0.0,N,PA,BELEM,A201,-1.411228,-48.439512,21.17
141,2019-01-24,12:00,0.0,1011.3,1011.3,1010.5,1079,30.1,25.3,30.1,26.9,25.3,23.5,85,73,76,139,4.6,0.6,N,PA,BELEM,A201,-1.411228,-48.439512,21.17
142,2019-01-24,16:00,7.4,1010.4,1010.6,1010.1,534,26.1,23.5,31.3,26.1,23.8,22.4,86,61,86,101,4.5,0.8,N,PA,BELEM,A201,-1.411228,-48.439512,21.17
143,2019-01-24,20:00,0.0,1008.2,1008.3,1007.9,1346,26.6,21.7,29.3,26.3,24.5,21.0,81,65,75,29,6.3,1.5,N,PA,BELEM,A201,-1.411228,-48.439512,21.17
144,2019-01-25,00:00,0.0,1010.0,1010.0,1009.5,2,25.7,23.7,25.7,25.1,23.7,22.8,89,86,89,29,2.4,0.4,N,PA,BELEM,A201,-1.411228,-48.439512,21.17
145,2019-01-25,04:00,0.0,1010.5,1010.9,1010.5,2,24.7,23.3,25.6,24.4,23.8,23.0,92,89,92,133,1.6,0.4,N,PA,BELEM,A201,-1.411228,-48.439512,21.17
146,2019-01-25,08:00,0.0,1009.3,1009.4,1009.1,4,24.3,23.2,24.3,23.8,23.2,22.7,94,94,94,125,0.9,0.2,N,PA,BELEM,A201,-1.411228,-48.439512,21.17
147,2019-01-25,12:00,0.0,1011.5,1011.6,1011.0,660,28.0,24.5,28.0,25.8,24.8,23.6,93,81,81,1,4.3,1.2,N,PA,BELEM,A201,-1.411228,-48.439512,21.17
148,2019-01-25,16:00,0.0,1009.7,1010.9,1009.7,1778,30.4,23.1,31.1,29.2,24.1,22.2,72,62,65,311,7.0,2.2,N,PA,BELEM,A201,-1.411228,-48.439512,21.17
149,2019-01-25,20:00,0.0,1007.9,1008.2,1007.7,820,27.6,22.8,27.9,27.2,23.2,22.3,78,72,75,72,4.6,1.1,N,PA,BELEM,A201,-1.411228,-48.439512,21.17
150,2019-01-26,00:00,0.0,1010.3,1010.5,1009.0,3,25.5,23.4,25.8,25.1,23.4,22.9,88,86,88,118,1.3,0.0,N,PA,BELEM,A201,-1.411228,-48.439512,21.17
151,2019-01-26,04:00,0.0,1010.4,1011.0,1010.3,3,24.7,23.3,24.9,24.3,23.3,22.9,92,90,92,135,0.1,0.0,N,PA,BELEM,A201,-1.411228,-48.439512,21.17
152,2019-01-26,08:00,0.6,1010.1,1010.2,1009.8,3,23.4,21.9,23.4,23.0,22.0,21.6,92,91,91,40,3.0,0.0,N,PA,BELEM,A201,-1.411228,-48.439512,21.17
153,2019-01-26,12:00,0.2,1012.6,1012.6,1011.9,383,24.5,22.8,24.5,23.7,22.9,22.2,93,90,90,116,2.7,0.7,N,PA,BELEM,A201,-1.411228,-48.439512,21.17
154,2019-01-26,16:00,0.0,1010.5,1011.8,1010.5,3008,29.7,22.8,29.7,28.2,23.9,21.9,76,65,66,128,6.7,3.4,N,PA,BELEM,A201,-1.411228,-48.439512,21.17
155,2019-01-26,20:00,0.0,1008.2,1008.4,1008.1,736,28.8,23.4,29.0,27.7,23.8,22.7,76,71,72,109,3.8,0.3,N,PA,BELEM,A201,-1.411228,-48.439512,21.17
156,2019-01-27,00:00,0.0,1009.5,1009.6,1008.8,1,26.7,23.0,26.8,26.3,23.3,22.8,83,80,80,11,2.7,0.7,N,PA,BELEM,A201,-1.411228,-48.439512,21.17
157,2019-01-27,04:00,0.0,1009.6,1009.9,1009.6,1,25.3,23.3,25.5,25.1,23.3,22.9,89,87,89,136,1.7,0.6,N,PA,BELEM,A201,-1.411228,-48.439512,21.17
158,2019-01-27,08:00,0.0,1008.8,1008.8,1008.5,1,24.7,23.1,24.8,24.5,23.1,22.9,91,90,91,142,1.1,0.0,N,PA,BELEM,A201,-1.411228,-48.439512,21.17
159,2019-01-27,12:00,0.0,1011.1,1011.1,1010.5,866,27.4,22.4,27.5,26.2,22.8,21.8,81,73,74,137,2.7,1.3,N,PA,BELEM,A201,-1.411228,-48.439512,21.17
160,2019-01-27,16:00,0.0,1009.7,1010.2,1009.7,2203,30.8,23.1,31.1,29.9,24.0,22.5,68,63,64,122,5.4,2.1,N,PA,BELEM,A201,-1.411228,-48.439512,21.17
161,2019-01-27,20:00,0.0,1007.3,1007.5,1007.0,1336,30.5,23.1,32.9,30.5,23.6,21.7,65,53,65,21,5.1,1.3,N,PA,BELEM,A201,-1.411228,-48.439512,21.17
162,2019-01-28,00:00,0.0,1009.6,1009.7,1009.0,2,24.8,23.6,24.8,24.2,23.6,23.0,93,93,93,109,1.8,0.1,N,PA,BELEM,A201,-1.411228,-48.439512,21.17
163,2019-01-28,04:00,0.2,1009.4,1010.3,1009.4,4,25.1,24.0,25.3,24.7,24.1,23.6,93,93,93,141,0.0,0.0,N,PA,BELEM,A201,-1.411228,-48.439512,21.17
164,2019-01-28,08:00,0.0,1007.8,1007.8,1007.5,5,24.8,23.7,24.8,24.4,23.7,23.3,94,94,94,132,2.3,0.9,N,PA,BELEM,A201,-1.411228,-48.439512,21.17
165,2019-01-28,12:00,0.0,1009.8,1009.8,1009.3,723,27.9,24.3,27.9,25.6,24.9,24.1,93,81,81,87,2.4,1.0,N,PA,BELEM,A201,-1.411228,-48.439512,21.17
166,2019-01-28,16:00,0.0,1008.2,1009.3,1008.2,1673,32.2,23.8,32.2,29.6,25.1,23.0,73,61,61,113,4.7,1.5,N,PA,BELEM,A201,-1.411228,-48.439512,21.17
167,2019-01-28,20:00,16.2,1006.9,1007.2,1006.4,162,25.1,23.5,29.5,24.3,25.4,21.3,91,77,91,120,6.7,0.4,N,PA,BELEM,A201,-1.411228,-48.439512,21.17
168,2019-01-29,00:00,0.0,1009.8,1009.8,1009.1,4,24.4,23.2,24.6,23.9,23.3,22.7,93,92,93,136,0.0,0.0,N,PA,BELEM,A201,-1.411228,-48.439512,21.17
169,2019-01-29,04:00,0.0,1009.6,1009.9,1009.5,5,24.8,23.7,24.8,24.2,23.7,23.1,94,93,94,160,0.0,0.0,N,PA,BELEM,A201,-1.411228,-48.439512,21.17
170,2019-01-29,08:00,0.0,1008.5,1008.5,1008.3,3,24.3,23.3,24.4,23.9,23.4,22.8,94,94,94,127,0.0,0.0,N,PA,BELEM,A201,-1.411228,-48.439512,21.17
171,2019-01-29,12:00,0.0,1009.6,1010.0,1009.6,716,27.6,25.2,27.6,24.8,26.1,23.8,94,87,87,65,1.4,0.3,N,PA,BELEM,A201,-1.411228,-48.439512,21.17
172,2019-01-29,16:00,0.0,1008.4,1009.3,1008.4,2647,32.7,25.1,32.7,29.9,25.9,23.5,74,59,64,135,4.7,2.4,N,PA,BELEM,A201,-1.411228,-48.439512,21.17
173,2019-01-29,20:00,2.4,1007.0,1007.0,1005.8,670,24.9,21.8,29.7,24.9,25.4,21.8,83,74,83,66,9.4,2.4,N,PA,BELEM,A201,-1.411228,-48.439512,21.17
174,2019-01-30,00:00,0.4,1009.6,1009.7,1008.6,5,24.7,23.1,24.7,24.3,23.1,22.7,91,90,91,127,4.7,1.1,N,PA,BELEM,A201,-1.411228,-48.439512,21.17
175,2019-01-30,04:00,0.0,1009.3,1010.0,1009.2,5,24.6,23.4,24.7,24.2,23.4,23.0,93,92,93,244,0.0,0.0,N,PA,BELEM,A201,-1.411228,-48.439512,21.17
176,2019-01-30,08:00,0.0,1007.9,1008.0,1007.7,5,24.9,23.7,24.9,24.5,23.7,23.3,93,93,93,100,1.1,0.0,N,PA,BELEM,A201,-1.411228,-48.439512,21.17
177,2019-01-30,12:00,0.0,1009.8,1009.8,1009.5,669,29.9,25.1,29.9,27.3,25.2,24.1,86,73,76,99,4.1,1.8,N,PA,BELEM,A201,-1.411228,-48.439512,21.17
178,2019-01-30,16:00,0.0,1008.5,1009.4,1008.5,2916,32.9,22.6,33.7,32.4,24.9,22.2,63,53,55,108,5.6,1.7,N,PA,BELEM,A201,-1.411228,-48.439512,21.17
179,2019-01-30,20:00,6.4,1006.8,1007.6,1006.5,265,24.6,22.8,25.5,23.8,23.8,22.1,91,87,90,13,9.0,1.2,N,PA,BELEM,A201,-1.411228,-48.439512,21.17
180,2019-01-31,00:00,0.2,1008.9,1009.3,1008.8,4,24.2,22.6,24.2,23.8,22.6,22.1,91,90,91,73,4.3,0.0,N,PA,BELEM,A201,-1.411228,-48.439512,21.17
181,2019-01-31,04:00,0.0,1009.4,1009.5,1009.2,4,24.4,23.2,24.4,24.0,23.2,22.7,93,93,93,142,1.4,0.8,N,PA,BELEM,A201,-1.411228,-48.439512,21.17
182,2019-01-31,08:00,0.0,1007.2,1007.4,1007.2,4,24.7,23.4,24.8,24.4,23.5,23.1,93,92,93,345,0.7,0.0,N,PA,BELEM,A201,-1.411228,-48.439512,21.17
183,2019-01-31,12:00,0.0,1010.3,1010.4,1009.9,595,27.8,24.8,27.8,26.1,24.8,24.1,91,84,84,62,2.2,0.4,N,PA,BELEM,A201,-1.411228,-48.439512,21.17
184,2019-01-31,16:00,0.0,1009.1,1009.9,1009.1,2733,32.9,24.9,33.5,31.6,25.1,22.8,64,55,63,115,5.0,1.3,N,PA,BELEM,A201,-1.411228,-48.439512,21.17
185,2019-01-31,20:00,0.0,1006.0,1006.5,1005.9,781,30.0,24.6,31.5,29.7,25.9,24.3,75,69,73,355,6.2,2.3,N,PA,BELEM,A201,-1.411228,-48.439512,21.17
186,2019-02-01,00:00,0.0,1008.6,1008.8,1007.9,2,27.2,23.8,27.8,27.0,23.8,23.5,82,79,82,94,4.8,0.6,N,PA,BELEM,A201,-1.411228,-48.439512,21.17
187,2019-02-01,04:00,0.0,1009.6,1010.0,1009.4,2,26.0,23.8,26.6,25.8,23.9,23.6,88,85,88,119,2.7,0.4,N,PA,BELEM,A201,-1.411228,-48.439512,21.17
188,2019-02-01,08:00,0.0,1008.4,1008.4,1008.0,3,24.3,23.0,24.3,24.0,23.0,22.7,93,93,93,108,1.6,0.4,N,PA,BELEM,A201,-1.411228,-48.439512,21.17
189,2019-02-01,12:00,0.0,1010.4,1010.4,1009.8,414,26.9,24.4,26.9,25.3,24.4,23.9,92,86,86,52,2.7,0.5,N,PA,BELEM,A201,-1.411228,-48.439512,21.17
190,2019-02-01,16:00,0.0,1009.0,1009.9,1009.0,2896,31.4,22.1,33.0,30.9,24.0,21.1,65,52,58,130,5.7,2.5,N,PA,BELEM,A201,-1.411228,-48.439512,21.17
191,2019-02-01,20:00,0.0,1007.2,1007.3,1007.1,227,29.1,23.8,30.9,28.6,23.9,22.1,75,60,73,351,4.7,1.7,N,PA,BELEM,A201,-1.411228,-48.439512,21.17
192,2019-02-02,00:00,0.0,1010.0,1010.0,1008.9,1,26.4,23.4,26.9,26.3,23.4,23.0,84,80,84,137,3.0,1.4,N,PA,BELEM,A201,-1.411228,-48.439512,21.17
193,2019-02-02,04:00,0.0,1010.5,1010.8,1010.3,1,24.8,22.6,25.2,24.6,22.6,22.3,87,85,87,115,2.0,0.1,N,PA,BELEM,A201,-1.411228,-48.439512,21.17
194,2019-02-02,08:00,1.0,1009.1,1009.4,1009.1,1,22.8,21.4,23.4,22.7,21.4,21.2,92,88,92,115,6.2,1.4,N,PA,BELEM,A201,-1.411228,-48.439512,21.17
195,2019-02-02,12:00,0.2,1011.2,1011.2,1010.7,489,24.9,22.2,24.9,23.9,22.7,21.9,90,84,85,8,4.8,2.1,N,PA,BELEM,A201,-1.411228,-48.439512,21.17
196,2019-02-02,16:00,0.0,1010.0,1011.3,1010.0,1068,27.9,23.2,27.9,26.6,23.2,22.2,79,75,76,108,3.1,0.6,N,PA,BELEM,A201,-1.411228,-48.439512,21.17
197,2019-02-02,20:00,0.0,1007.3,1007.6,1007.2,1203,30.3,22.3,30.7,29.1,23.5,22.0,69,62,62,53,3.5,1.0,N,PA,BELEM,A201,-1.411228,-48.439512,21.17
198,2019-02-03,00:00,0.0,1009.2,1009.2,1008.8,1,26.5,23.0,26.8,26.4,23.6,22.8,83,81,81,21,4.1,1.3,N,PA,BELEM,A201,-1.411228,-48.439512,21.17
199,2019-02-03,04:00,0.0,1009.6,1010.3,1009.6,1,25.7,23.0,26.0,25.5,23.0,22.7,85,83,85,146,1.3,0.1,N,PA,BELEM,A201,-1.411228,-48.439512,21.17
200,2019-02-03,08:00,0.4,1009.0,1009.2,1008.8,2,22.6,21.4,22.6,22.4,21.4,21.3,94,93,93,123,5.8,2.5,N,PA,BELEM,A201,-1.411228,-48.439512,21.17
201,2019-02-03,12:00,1.4,1011.2,1011.2,1010.7,85,22.9,21.6,22.9,22.5,21.6,21.2,92,92,92,77,3.0,0.1,N,PA,BELEM,A201,-1.411228,-48.439512,21.17
202,2019-02-03,16:00,0.0,1009.8,1010.6,1009.8,2402,29.1,22.8,29.4,26.8,24.0,22.3,78,67,69,103,4.0,1.1,N,PA,BELEM,A201,-1.411228,-48.439512,21.17
203,2019-02-03,20:00,0.0,1007.9,1008.1,1007.8,744,28.1,23.2,29.0,27.8,23.8,22.9,77,72,75,301,4.9,1.1,N,PA,BELEM,A201,-1.411228,-48.439512,21.17
204,2019-02-04,00:00,0.0,1009.4,1009.4,1008.8,1,25.7,23.4,25.8,25.5,23.4,23.2,88,87,87,42,2.3,0.1,N,PA,BELEM,A201,-1.411228,-48.439512,21.17
205,2019-02-04,04:00,0.0,1009.3,1009.6,1009.3,1,24.5,23.1,25.0,24.4,23.3,23.0,92,90,92,49,0.0,0.0,N,PA,BELEM,A201,-1.411228,-48.439512,21.17
206,2019-02-04,08:00,0.0,1007.4,1007.7,1007.4,1,24.3,23.0,24.4,24.1,23.2,22.8,93,92,92,95,2.0,0.0,N,PA,BELEM,A201,-1.411228,-48.439512,21.17
207,2019-02-04,12:00,0.0,1010.1,1010.1,1009.4,499,29.4,23.0,29.4,26.1,23.3,21.6,83,67,69,89,4.2,1.0,N,PA,BELEM,A201,-1.411228,-48.439512,21.17
208,2019-02-04,16:00,7.8,1008.9,1010.0,1008.9,865,27.1,24.8,27.1,24.8,24.9,23.0,92,85,87,329,7.9,0.6,N,PA,BELEM,A201,-1.411228,-48.439512,21.17
209,2019-02-04,20:00,0.0,1006.9,1006.9,1006.5,1251,28.7,22.8,30.0,28.3,24.0,22.5,76,66,71,27,5.9,1.6,N,PA,BELEM,A201,-1.411228,-48.439512,21.17
210,2019-02-05,00:00,0.0,1008.8,1008.8,1007.5,1,25.2,23.2,25.2,24.5,23.2,22.7,91,88,88,70,2.0,0.3,N,PA,BELEM,A201,-1.411228,-48.439512,21.17
211,2019-02-05,04:00,0.0,1008.5,1009.4,1008.4,1,24.2,22.9,24.8,24.2,23.2,22.7,92,91,92,123,1.2,0.0,N,PA,BELEM,A201,-1.411228,-48.439512,21.17
212,2019-02-05,08:00,0.0,1007.6,1007.8,1007.5,1,23.9,22.8,24.0,23.8,22.9,22.7,94,93,94,127,1.5,0.0,N,PA,BELEM,A201,-1.411228,-48.439512,21.17
213,2019-02-05,12:00,0.0,1010.2,1010.3,1009.0,654,26.8,24.8,26.8,25.4,24.9,24.2,94,89,89,142,2.5,1.1,N,PA,BELEM,A201,-1.411228,-48.439512,21.17
214,2019-02-05,16:00,0.0,1009.5,1010.7,1009.5,309,25.9,23.8,25.9,25.2,23.8,23.2,89,88,88,11,2.6,0.9,N,PA,BELEM,A201,-1.411228,-48.439512,21.17
215,2019-02-05,20:00,0.0,1006.6,1006.6,1006.2,245,26.2,23.6,26.3,26.0,23.7,23.4,86,85,85,2,4.2,1.1,N,PA,BELEM,A201,-1.411228,-48.439512,21.17
216,2019-02-06,00:00,0.0,1008.6,1008.6,1007.4,1,25.5,23.6,25.6,25.3,23.6,23.3,89,88,89,48,2.7,0.5,N,PA,BELEM,A201,-1.411228,-48.439512,21.17
217,2019-02-06,04:00,0.0,1009.0,1009.4,1009.0,1,24.4,23.2,24.6,24.1,23.2,22.7,93,91,93,107,0.0,0.0,N,PA,BELEM,A201,-1.411228,-48.439512,21.17
218,2019-02-06,08:00,0.0,1007.8,1007.8,1007.4,1,24.2,23.1,24.2,23.9,23.1,22.8,94,94,94,145,0.0,0.0,N,PA,BELEM,A201,-1.411228,-48.439512,21.17
219,2019-02-06,12:00,0.0,1010.2,1010.2,1009.3,707,27.7,24.3,28.5,25.8,24.9,23.4,93,78,82,84,2.8,0.4,N,PA,BELEM,A201,-1.411228,-48.439512,21.17
220,2019-02-06,16:00,0.2,1008.2,1009.4,1008.2,1149,29.0,23.5,30.6,29.0,25.3,23.5,77,70,72,334,4.4,1.0,N,PA,BELEM,A201,-1.411228,-48.439512,21.17
221,2019-02-06,20:00,0.0,1006.2,1006.5,1005.8,318,26.3,24.3,26.3,25.6,24.7,23.8,92,89,89,88,5.3,0.4,N,PA,BELEM,A201,-1.411228,-48.439512,21.17
222,2019-02-07,00:00,0.0,1008.3,1008.3,1007.0,3,25.4,23.7,25.4,25.1,23.7,23.4,91,90,91,90,2.6,0.2,N,PA,BELEM,A201,-1.411228,-48.439512,21.17
223,2019-02-07,04:00,1.0,1008.4,1008.9,1008.4,2,24.7,23.4,25.1,24.5,23.6,23.1,92,91,92,50,3.5,0.1,N,PA,BELEM,A201,-1.411228,-48.439512,21.17
224,2019-02-07,08:00,0.0,1006.2,1006.5,1006.1,3,24.3,23.2,24.4,24.1,23.2,23.0,94,93,94,125,2.5,0.4,N,PA,BELEM,A201,-1.411228,-48.439512,21.17
225,2019-02-07,12:00,0.0,1009.2,1009.2,1007.9,576,28.1,23.9,28.7,26.0,24.8,23.4,92,75,78,86,3.8,1.4,N,PA,BELEM,A201,-1.411228,-48.439512,21.17
226,2019-02-07,16:00,4.4,1007.7,1008.2,1007.6,611,26.0,23.7,29.3,26.0,24.9,23.6,88,73,87,23,6.4,1.7,N,PA,BELEM,A201,-1.411228,-48.439512,21.17
227,2019-02-07,20:00,1.2,1005.3,1006.0,1005.3,72,25.3,23.7,27.3,25.0,24.1,23.4,91,82,91,312,4.8,0.0,N,PA,BELEM,A201,-1.411228,-48.439512,21.17
228,2019-02-08,00:00,0.0,1007.5,1007.5,1006.5,4,25.4,24.1,25.5,25.0,24.2,23.8,93,93,93,143,1.1,0.0,N,PA,BELEM,A201,-1.411228,-48.439512,21.17
229,2019-02-08,04:00,0.0,1007.3,1008.2,1007.3,4,25.0,23.8,25.2,24.6,23.9,23.4,93,93,93,123,1.1,0.0,N,PA,BELEM,A201,-1.411228,-48.439512,21.17
230,2019-02-08,08:00,0.8,1006.2,1006.2,1005.7,4,24.8,23.6,25.0,24.4,23.8,23.3,93,93,93,124,4.0,1.8,N,PA,BELEM,A201,-1.411228,-48.439512,21.17
231,2019-02-08,12:00,0.0,1008.6,1008.7,1007.7,892,27.3,24.0,27.3,25.5,24.1,23.0,91,80,82,90,3.5,0.7,N,PA,BELEM,A201,-1.411228,-48.439512,21.17
232,2019-02-08,16:00,1.4,1008.0,1008.9,1008.0,569,25.0,23.1,25.7,24.6,23.2,22.6,90,86,89,19,5.8,1.5,N,PA,BELEM,A201,-1.411228,-48.439512,21.17
233,2019-02-08,20:00,0.0,1005.4,1005.6,1005.3,535,27.9,23.4,28.6,27.5,23.4,22.4,77,72,77,13,4.9,1.2,N,PA,BELEM,A201,-1.411228,-48.439512,21.17
234,2019-02-09,00:00,0.0,1007.6,1007.6,1007.2,5,25.2,23.0,25.8,24.9,23.2,22.7,87,85,87,91,3.9,0.6,N,PA,BELEM,A201,-1.411228,-48.439512,21.17
235,2019-02-09,04:00,0.0,1007.1,1007.5,1007.1,6,24.5,23.2,24.6,24.1,23.2,22.7,92,92,92,152,1.2,0.0,N,PA,BELEM,A201,-1.411228,-48.439512,21.17
236,2019-02-09,08:00,0.0,1006.8,1006.8,1006.1,5,23.9,22.7,24.1,23.5,22.9,22.4,93,93,93,137,0.9,0.0,N,PA,BELEM,A201,-1.411228,-48.439512,21.17
237,2019-02-09,12:00,0.0,1008.6,1008.6,1008.2,468,28.3,23.6,28.4,25.3,24.4,22.5,92,74,76,213,2.3,0.4,N,PA,BELEM,A201,-1.411228,-48.439512,21.17
238,2019-02-09,16:00,0.0,1007.2,1008.3,1007.2,1738,32.5,24.8,32.5,29.4,24.8,22.7,73,61,64,151,4.2,0.6,N,PA,BELEM,A201,-1.411228,-48.439512,21.17
239,2019-02-09,20:00,0.8,1005.4,1005.9,1005.4,68,24.4,23.0,24.4,23.8,23.0,22.4,92,91,92,102,3.4,0.9,N,PA,BELEM,A201,-1.411228,-48.439512,21.17
240,2019-02-10,00:00,0.0,1008.3,1008.3,1007.6,11,24.8,23.7,24.8,24.2,23.7,23.0,93,93,93,122,1.7,0.2,N,PA,BELEM,A201,-1.411228,-48.439512,21.17
241,2019-02-10,04:00,0.0,1007.8,1008.7,1007.8,11,24.6,23.5,24.7,24.1,23.6,23.0,94,94,94,86,0.5,0.0,N,PA,BELEM,A201,-1.411228,-48.439512,21.17
242,2019-02-10,08:00,0.0,1006.9,1006.9,1006.8,11,24.4,23.4,24.5,23.9,23.5,22.9,94,94,94,120,0.0,0.0,N,PA,BELEM,A201,-1.411228,-48.439512,21.17
243,2019-02-10,12:00,0.0,1009.1,1009.1,1008.3,546,28.9,24.8,29.0,26.5,26.3,24.3,93,78,79,41,4.3,0.8,N,PA,BELEM,A201,-1.411228,-48.439512,21.17
244,2019-02-10,16:00,0.0,1007.7,1008.6,1007.7,2381,32.9,23.5,33.9,31.3,25.4,22.2,64,57,58,34,4.6,1.0,N,PA,BELEM,A201,-1.411228,-48.439512,21.17
245,2019-02-10,20:00,3.6,1005.7,1006.0,1005.6,214,25.9,24.5,26.9,25.1,25.2,23.6,92,89,92,108,4.9,0.5,N,PA,BELEM,A201,-1.411228,-48.439512,21.17
246,2019-02-11,00:00,0.0,1008.4,1008.4,1008.0,16,26.0,24.1,26.0,25.4,24.2,23.5,90,88,89,80,2.6,0.3,N,PA,BELEM,A201,-1.411228,-48.439512,21.17
247,2019-02-11,04:00,0.0,1008.1,1008.8,1008.1,16,24.7,23.4,25.0,24.1,23.5,22.7,92,91,92,149,1.5,0.0,N,PA,BELEM,A201,-1.411228,-48.439512,21.17
248,2019-02-11,08:00,0.0,1007.1,1007.1,1006.9,16,24.1,23.0,24.3,23.4,23.2,22.4,94,94,94,127,0.0,0.0,N,PA,BELEM,A201,-1.411228,-48.439512,21.17
249,2019-02-11,12:00,0.0,1009.8,1009.8,1009.2,519,29.3,25.4,29.3,26.5,25.6,24.4,93,79,79,84,3.3,0.7,N,PA,BELEM,A201,-1.411228,-48.439512,21.17
250,2019-02-11,16:00,0.0,1007.8,1009.1,1007.8,2508,30.5,25.4,32.4,29.4,26.8,22.8,76,61,74,141,6.2,2.1,N,PA,BELEM,A201,-1.411228,-48.439512,21.17
251,2019-02-11,20:00,2.0,1006.0,1006.2,1005.6,1409,27.7,24.8,30.7,26.8,24.8,23.5,84,68,84,63,4.7,1.2,N,PA,BELEM,A201,-1.411228,-48.439512,21.17
252,2019-02-12,00:00,0.0,1008.7,1008.7,1008.2,25,26.4,24.5,26.5,25.6,24.6,23.6,90,88,89,178,1.8,0.0,N,PA,BELEM,A201,-1.411228,-48.439512,21.17
253,2019-02-12,04:00,0.0,1008.3,1008.8,1008.3,26,25.4,23.5,25.6,24.6,23.5,22.7,89,88,89,31,3.4,0.4,N,PA,BELEM,A201,-1.411228,-48.439512,21.17
254,2019-02-12,08:00,0.0,1007.7,1007.7,1007.5,25,24.8,23.6,24.8,23.9,23.6,22.7,93,93,93,151,0.0,0.0,N,PA,BELEM,A201,-1.411228,-48.439512,21.17
255,2019-02-12,12:00,0.0,1010.8,1010.8,1009.8,555,29.3,25.5,29.3,26.9,25.5,23.9,86,79,80,46,4.4,0.8,N,PA,BELEM,A201,-1.411228,-48.439512,21.17
256,2019-02-12,16:00,6.4,1008.8,1009.2,1008.4,1265,27.0,25.1,33.2,26.1,26.6,23.4,89,64,89,80,7.6,2.3,N,PA,BELEM,A201,-1.411228,-48.439512,21.17
257,2019-02-12,20:00,0.0,1006.7,1006.9,1006.6,719,30.5,25.5,30.5,29.2,25.5,24.0,75,72,75,16,7.3,1.6,N,PA,BELEM,A201,-1.411228,-48.439512,21.17
258,2019-02-13,00:00,0.0,1009.6,1009.6,1008.7,24,27.2,25.1,27.4,26.4,25.4,24.3,89,88,88,53,3.5,0.2,N,PA,BELEM,A201,-1.411228,-48.439512,21.17
259,2019-02-13,04:00,0.0,1009.1,1010.0,1009.1,25,26.8,24.8,27.0,26.0,24.9,23.9,89,88,89,66,2.4,0.2,N,PA,BELEM,A201,-1.411228,-48.439512,21.17
260,2019-02-13,08:00,0.0,1008.6,1008.7,1007.9,25,25.7,24.2,25.8,24.8,24.2,23.4,92,91,92,115,1.7,0.6,N,PA,BELEM,A201,-1.411228,-48.439512,21.17
261,2019-02-13,12:00,0.2,1011.0,1011.0,1010.4,215,27.7,26.3,27.7,25.1,26.3,23.7,93,92,92,118,2.4,0.4,N,PA,BELEM,A201,-1.411228,-48.439512,21.17
262,2019-02-13,16:00,0.0,1009.4,1010.4,1009.4,1399,29.9,24.5,29.9,25.1,25.2,20.2,78,71,73,144,2.6,0.7,N,PA,BELEM,A201,-1.411228,-48.439512,21.17
263,2019-02-13,20:00,0.0,1008.0,1008.2,1007.6,278,25.4,24.1,25.5,24.2,24.2,23.1,94,92,92,31,4.1,1.0,N,PA,BELEM,A201,-1.411228,-48.439512,21.17
264,2019-02-14,00:00,0.0,1009.5,1009.5,1008.6,30,22.9,21.7,23.0,22.6,21.9,21.4,93,93,93,34,3.7,0.1,N,PA,BELEM,A201,-1.411228,-48.439512,21.17
265,2019-02-14,04:00,0.0,1009.4,1009.7,1009.3,27,23.0,22.0,23.2,22.9,22.2,21.8,94,94,94,155,0.0,0.0,N,PA,BELEM,A201,-1.411228,-48.439512,21.17
266,2019-02-14,08:00,0.0,1008.9,1008.9,1008.5,18,22.9,22.0,23.1,22.7,22.1,21.8,94,94,94,163,1.5,0.2,N,PA,BELEM,A201,-1.411228,-48.439512,21.17
267,2019-02-14,12:00,0.0,1011.2,1011.2,1010.7,570,-9999.0,-9999.0,25.3,23.7,23.8,21.6,94,69,-9999,115,1.7,0.2,N,PA,BELEM,A201,-1.411228,-48.439512,21.17
268,2019-02-14,16:00,2.0,1009.7,1009.9,1009.1,1296,27.0,23.3,29.9,27.0,24.6,22.3,80,68,80,85,5.5,0.8,N,PA,BELEM,A201,-1.411228,-48.439512,21.17
269,2019-02-14,20:00,0.0,1008.4,1008.4,1007.8,410,25.8,24.3,25.8,25.0,24.3,23.4,92,91,91,117,1.6,0.2,N,PA,BELEM,A201,-1.411228,-48.439512,21.17
270,2019-02-15,00:00,0.2,1011.0,1011.2,1010.4,30,23.6,22.2,23.6,23.3,22.2,21.9,92,91,92,95,4.2,0.6,N,PA,BELEM,A201,-1.411228,-48.439512,21.17
271,2019-02-15,04:00,0.0,1011.0,1011.6,1011.0,36,23.6,22.4,23.7,23.4,22.5,22.2,93,93,93,161,2.2,0.6,N,PA,BELEM,A201,-1.411228,-48.439512,21.17
272,2019-02-15,08:00,0.0,1009.4,1009.5,1009.2,32,23.5,22.3,23.5,23.3,22.4,22.1,93,93,93,126,2.6,1.0,N,PA,BELEM,A201,-1.411228,-48.439512,21.17
273,2019-02-15,12:00,0.0,1011.4,1011.4,1010.7,467,25.2,23.3,25.2,24.0,23.4,22.6,93,89,89,143,1.7,0.2,N,PA,BELEM,A201,-1.411228,-48.439512,21.17
274,2019-02-15,16:00,0.0,1010.1,1011.1,1010.0,1313,29.4,24.1,29.4,28.0,24.3,23.3,80,71,73,69,3.6,0.8,N,PA,BELEM,A201,-1.411228,-48.439512,21.17
275,2019-02-15,20:00,0.0,1007.7,1007.7,1007.5,712,28.7,22.9,29.0,27.9,23.5,22.5,75,70,71,2,7.9,2.9,N,PA,BELEM,A201,-1.411228,-48.439512,21.17
276,2019-02-16,00:00,0.0,1009.6,1009.6,1008.9,3,26.0,23.1,26.7,25.6,23.1,22.7,84,81,84,64,4.8,0.4,N,PA,BELEM,A201,-1.411228,-48.439512,21.17
277,2019-02-16,04:00,0.0,1009.9,1010.5,1009.9,5,25.3,23.0,25.3,24.9,23.1,22.5,88,87,87,116,1.1,0.1,N,PA,BELEM,A201,-1.411228,-48.439512,21.17
278,2019-02-16,08:00,0.0,1008.7,1009.1,1008.6,10,25.0,23.1,25.2,24.5,23.2,22.6,89,88,89,142,2.1,0.1,N,PA,BELEM,A201,-1.411228,-48.439512,21.17
279,2019-02-16,12:00,0.0,1010.8,1010.8,1010.1,681,29.3,24.8,29.3,26.8,24.8,23.2,84,74,77,61,5.0,1.3,N,PA,BELEM,A201,-1.411228,-48.439512,21.17
280,2019-02-16,16:00,0.0,1009.2,1010.0,1009.2,1249,30.5,24.2,32.3,29.6,24.2,22.0,71,58,69,30,4.6,1.3,N,PA,BELEM,A201,-1.411228,-48.439512,21.17
281,2019-02-16,20:00,0.0,1006.6,1006.8,1006.5,874,29.2,23.4,30.6,28.8,24.2,22.7,71,65,71,9,8.6,2.7,N,PA,BELEM,A201,-1.411228,-48.439512,21.17
282,2019-02-17,00:00,0.0,1009.6,1009.6,1008.5,2,26.7,23.5,27.1,26.3,23.5,23.0,83,80,83,31,4.4,0.9,N,PA,BELEM,A201,-1.411228,-48.439512,21.17
283,2019-02-17,04:00,0.0,1008.8,1009.9,1008.8,3,26.5,23.6,26.5,25.9,23.6,23.1,86,84,84,21,3.5,1.0,N,PA,BELEM,A201,-1.411228,-48.439512,21.17
284,2019-02-17,08:00,0.0,1008.0,1008.0,1007.7,4,25.1,23.6,25.3,24.7,23.6,23.1,91,90,91,126,1.3,0.5,N,PA,BELEM,A201,-1.411228,-48.439512,21.17
285,2019-02-17,12:00,0.0,1010.7,1010.7,1010.1,764,27.3,25.1,27.3,24.2,25.1,22.9,92,88,88,134,4.2,1.6,N,PA,BELEM,A201,-1.411228,-48.439512,21.17
286,2019-02-17,16:00,0.0,1009.9,1011.4,1009.8,1128,29.1,25.9,29.1,25.9,25.9,24.0,91,81,83,174,1.7,0.5,N,PA,BELEM,A201,-1.411228,-48.439512,21.17
287,2019-02-17,20:00,1.4,1007.9,1008.3,1007.9,56,25.7,24.4,25.7,25.1,24.4,23.8,93,93,93,8,2.4,0.5,N,PA,BELEM,A201,-1.411228,-48.439512,21.17
288,2019-02-18,00:00,0.0,1010.2,1010.2,1009.4,16,26.1,24.9,26.1,25.2,25.0,24.1,94,93,94,132,0.7,0.0,N,PA,BELEM,A201,-1.411228,-48.439512,21.17
289,2019-02-18,04:00,0.0,1009.6,1010.3,1009.6,22,26.3,25.2,26.3,25.4,25.2,24.3,94,94,94,152,0.0,0.0,N,PA,BELEM,A201,-1.411228,-48.439512,21.17
290,2019-02-18,08:00,7.6,1008.2,1008.4,1008.2,25,25.3,24.2,26.2,24.4,25.0,23.3,94,93,94,61,5.2,0.0,N,PA,BELEM,A201,-1.411228,-48.439512,21.17
291,2019-02-18,12:00,4.8,1012.0,1012.1,1010.9,235,24.3,22.9,26.3,23.4,25.2,21.9,94,90,92,103,7.2,1.4,N,PA,BELEM,A201,-1.411228,-48.439512,21.17
292,2019-02-18,16:00,0.0,1011.2,1012.3,1011.2,678,28.2,25.0,28.2,26.6,25.0,23.2,85,80,83,186,1.8,0.0,N,PA,BELEM,A201,-1.411228,-48.439512,21.17
293,2019-02-18,20:00,0.0,1008.6,1008.6,1008.3,510,27.4,24.1,28.1,26.6,25.0,23.3,84,82,82,332,3.8,1.4,N,PA,BELEM,A201,-1.411228,-48.439512,21.17
294,2019-02-19,00:00,1.2,1011.8,1011.8,1011.2,24,25.0,23.8,25.7,24.1,24.5,22.9,93,92,93,135,4.2,0.1,N,PA,BELEM,A201,-1.411228,-48.439512,21.17
295,2019-02-19,04:00,0.0,1010.6,1011.6,1010.6,34,24.7,23.6,24.9,23.7,23.8,22.6,94,94,94,33,2.8,0.0,N,PA,BELEM,A201,-1.411228,-48.439512,21.17
296,2019-02-19,08:00,0.0,1009.0,1009.1,1008.9,38,24.6,23.6,24.8,23.5,23.8,22.5,94,94,94,92,1.1,0.0,N,PA,BELEM,A201,-1.411228,-48.439512,21.17
297,2019-02-19,12:00,0.0,1011.2,1011.2,1010.8,214,26.5,25.2,26.6,24.3,25.2,23.2,94,93,93,100,2.2,0.5,N,PA,BELEM,A201,-1.411228,-48.439512,21.17
298,2019-02-19,16:00,0.2,1010.7,1011.0,1010.7,1006,29.0,23.2,30.2,27.3,25.2,22.4,78,71,71,43,5.7,1.6,N,PA,BELEM,A201,-1.411228,-48.439512,21.17
299,2019-02-19,20:00,0.0,1007.2,1007.2,1007.0,1155,30.0,22.8,31.4,29.1,23.8,22.1,70,61,65,53,4.3,0.9,N,PA,BELEM,A201,-1.411228,-48.439512,21.17
300,2019-02-20,00:00,0.0,1009.2,1009.2,1008.6,13,25.5,23.9,26.2,25.2,23.9,23.3,91,86,91,130,3.5,1.9,N,PA,BELEM,A201,-1.411228,-48.439512,21.17
301,2019-02-20,04:00,0.0,1009.0,1009.9,1009.0,29,26.0,23.4,26.2,25.2,24.1,22.7,88,85,86,107,4.4,0.5,N,PA,BELEM,A201,-1.411228,-48.439512,21.17
302,2019-02-20,08:00,0.0,1007.9,1007.9,1007.5,32,25.3,23.9,25.7,24.5,23.9,23.0,92,90,92,153,1.1,0.0,N,PA,BELEM,A201,-1.411228,-48.439512,21.17
303,2019-02-20,12:00,0.0,1010.7,1010.7,1009.9,672,30.2,25.7,30.2,26.7,25.7,23.6,88,77,77,93,2.8,1.1,N,PA,BELEM,A201,-1.411228,-48.439512,21.17
304,2019-02-20,16:00,0.0,1008.6,1009.8,1008.6,2248,32.3,25.3,32.4,30.3,25.3,23.1,69,61,67,117,5.5,1.4,N,PA,BELEM,A201,-1.411228,-48.439512,21.17
305,2019-02-20,20:00,0.0,1005.9,1005.9,1005.5,479,28.4,25.0,28.4,27.7,25.6,24.1,87,80,82,6,4.6,1.4,N,PA,BELEM,A201,-1.411228,-48.439512,21.17
306,2019-02-21,00:00,0.0,1008.4,1008.4,1007.6,26,26.4,24.6,26.4,25.4,24.6,23.4,90,88,90,59,3.8,0.4,N,PA,BELEM,A201,-1.411228,-48.439512,21.17
307,2019-02-21,04:00,0.0,1008.4,1009.0,1008.4,39,26.1,24.5,26.2,25.2,24.5,23.6,91,90,91,15,2.4,0.2,N,PA,BELEM,A201,-1.411228,-48.439512,21.17
308,2019-02-21,08:00,0.0,1007.5,1007.7,1007.5,43,25.3,24.2,25.6,24.5,24.4,23.3,93,93,93,84,0.9,0.0,N,PA,BELEM,A201,-1.411228,-48.439512,21.17
309,2019-02-21,12:00,0.0,1010.5,1010.5,1009.6,642,29.5,25.9,29.5,27.6,26.3,24.2,88,80,81,37,5.1,1.4,N,PA,BELEM,A201,-1.411228,-48.439512,21.17
310,2019-02-21,16:00,0.0,1009.1,1009.9,1009.1,2837,33.1,25.9,34.0,31.1,26.1,22.7,68,58,66,41,4.7,1.1,N,PA,BELEM,A201,-1.411228,-48.439512,21.17
311,2019-02-21,20:00,0.4,1008.2,1008.3,1008.0,60,25.9,24.3,25.9,25.0,24.3,23.6,92,91,91,31,5.9,1.3,N,PA,BELEM,A201,-1.411228,-48.439512,21.17
312,2019-02-22,00:00,1.4,1011.0,1011.0,1010.2,45,25.1,24.0,25.3,24.3,24.1,23.1,93,93,93,92,3.0,1.2,N,PA,BELEM,A201,-1.411228,-48.439512,21.17
313,2019-02-22,04:00,0.0,1010.8,1011.5,1010.8,44,24.7,23.5,24.7,23.8,23.6,22.6,93,93,93,321,2.0,0.0,N,PA,BELEM,A201,-1.411228,-48.439512,21.17
314,2019-02-22,08:00,0.6,1009.9,1009.9,1009.7,45,24.5,23.4,24.7,23.7,23.6,22.6,94,94,94,32,2.7,0.5,N,PA,BELEM,A201,-1.411228,-48.439512,21.17
315,2019-02-22,12:00,0.0,1011.3,1011.3,1010.6,310,25.1,23.7,25.1,24.1,23.7,22.7,93,92,92,149,2.3,1.0,N,PA,BELEM,A201,-1.411228,-48.439512,21.17
316,2019-02-22,16:00,0.0,1010.5,1011.1,1010.5,1635,29.3,24.3,29.4,27.6,25.3,22.5,79,71,75,116,3.5,0.6,N,PA,BELEM,A201,-1.411228,-48.439512,21.17
317,2019-02-22,20:00,0.0,1008.8,1008.9,1008.7,1484,29.9,22.7,30.6,28.8,24.3,21.4,77,62,65,335,4.9,1.2,N,PA,BELEM,A201,-1.411228,-48.439512,21.17
318,2019-02-23,00:00,0.0,1010.3,1010.3,1009.6,16,25.5,22.8,25.8,25.3,23.0,22.6,85,84,85,14,3.0,0.7,N,PA,BELEM,A201,-1.411228,-48.439512,21.17
319,2019-02-23,04:00,0.0,1010.3,1011.0,1010.3,24,25.2,23.1,25.4,24.9,23.1,22.8,88,87,88,87,2.3,0.3,N,PA,BELEM,A201,-1.411228,-48.439512,21.17
320,2019-02-23,08:00,0.0,1009.1,1009.2,1009.1,26,24.6,23.1,24.8,24.2,23.2,22.7,91,91,91,86,1.4,0.0,N,PA,BELEM,A201,-1.411228,-48.439512,21.17
321,2019-02-23,12:00,0.0,1010.1,1010.1,1009.5,343,30.5,24.8,30.5,26.8,24.8,23.3,83,72,72,108,3.7,1.2,N,PA,BELEM,A201,-1.411228,-48.439512,21.17
322,2019-02-23,16:00,0.0,1008.8,1009.7,1008.8,2423,30.3,24.2,32.9,29.9,24.9,22.7,71,57,70,320,5.0,1.4,N,PA,BELEM,A201,-1.411228,-48.439512,21.17
323,2019-02-23,20:00,0.0,1006.2,1006.2,1005.7,699,28.1,24.1,28.1,27.2,24.3,23.5,84,77,79,318,4.6,1.2,N,PA,BELEM,A201,-1.411228,-48.439512,21.17
324,2019-02-24,00:00,0.0,1009.4,1009.4,1008.2,3,26.2,23.7,26.3,26.1,23.7,23.5,86,85,86,34,4.3,0.5,N,PA,BELEM,A201,-1.411228,-48.439512,21.17
325,2019-02-24,04:00,1.2,1009.6,1010.1,1009.5,3,25.0,23.5,25.5,24.9,23.5,23.3,91,89,91,33,2.2,0.1,N,PA,BELEM,A201,-1.411228,-48.439512,21.17
326,2019-02-24,08:00,0.0,1008.2,1008.5,1008.2,3,24.2,23.0,24.3,24.2,23.1,22.9,93,92,93,131,1.2,0.1,N,PA,BELEM,A201,-1.411228,-48.439512,21.17
327,2019-02-24,12:00,0.0,1011.1,1011.1,1009.8,654,26.4,24.0,26.4,25.0,24.0,23.2,92,86,87,96,3.2,0.8,N,PA,BELEM,A201,-1.411228,-48.439512,21.17
328,2019-02-24,16:00,0.2,1008.9,1009.9,1008.9,2448,29.8,22.9,31.7,29.6,23.8,22.1,68,59,66,8,4.3,1.5,N,PA,BELEM,A201,-1.411228,-48.439512,21.17
329,2019-02-24,20:00,2.0,1007.0,1007.3,1006.8,455,25.3,23.6,25.6,24.7,24.0,22.8,92,89,90,70,5.3,1.2,N,PA,BELEM,A201,-1.411228,-48.439512,21.17
330,2019-02-25,00:00,0.0,1009.3,1009.3,1008.3,3,24.2,22.2,24.2,24.1,22.3,22.1,90,89,89,85,3.3,0.5,N,PA,BELEM,A201,-1.411228,-48.439512,21.17
331,2019-02-25,04:00,0.0,1009.1,1009.5,1009.1,3,24.3,22.8,24.3,24.1,22.8,22.6,91,91,91,211,2.0,0.0,N,PA,BELEM,A201,-1.411228,-48.439512,21.17
332,2019-02-25,08:00,0.2,1008.2,1008.2,1007.6,3,23.3,21.9,23.5,23.2,21.9,21.7,92,90,92,103,1.6,0.1,N,PA,BELEM,A201,-1.411228,-48.439512,21.17
333,2019-02-25,12:00,0.2,1010.3,1010.3,1009.7,434,25.1,23.6,25.1,23.7,23.6,22.6,93,91,91,140,1.3,0.3,N,PA,BELEM,A201,-1.411228,-48.439512,21.17
334,2019-02-25,16:00,0.0,1009.3,1010.0,1009.3,1028,28.3,23.6,28.4,27.6,24.2,23.1,80,74,76,104,3.2,0.8,N,PA,BELEM,A201,-1.411228,-48.439512,21.17
335,2019-02-25,20:00,0.6,1006.9,1007.2,1006.9,546,27.2,24.5,27.2,26.5,24.8,24.1,89,85,85,1,5.0,1.5,N,PA,BELEM,A201,-1.411228,-48.439512,21.17
336,2019-02-26,00:00,0.0,1008.7,1008.7,1008.3,1,25.6,23.9,25.6,25.4,23.9,23.5,90,89,90,52,1.8,0.1,N,PA,BELEM,A201,-1.411228,-48.439512,21.17
337,2019-02-26,04:00,4.2,1009.1,1009.9,1009.1,5,24.4,23.0,25.2,24.2,23.2,22.8,92,89,92,42,2.7,0.5,N,PA,BELEM,A201,-1.411228,-48.439512,21.17
338,2019-02-26,08:00,17.2,1008.8,1008.8,1008.4,6,23.2,22.0,23.6,22.7,22.3,21.6,93,93,93,56,4.9,0.3,N,PA,BELEM,A201,-1.411228,-48.439512,21.17
339,2019-02-26,12:00,1.6,1011.3,1011.3,1009.9,90,22.7,21.6,22.7,22.5,21.6,21.4,94,93,94,110,0.0,0.0,N,PA,BELEM,A201,-1.411228,-48.439512,21.17
340,2019-02-26,16:00,0.2,1010.2,1010.9,1010.2,717,24.5,22.2,24.5,23.8,22.3,21.5,89,86,87,76,3.1,0.2,N,PA,BELEM,A201,-1.411228,-48.439512,21.17
341,2019-02-26,20:00,0.0,1008.5,1008.5,1007.9,847,27.0,23.0,28.5,27.0,24.2,22.8,79,75,78,9,6.1,1.9,N,PA,BELEM,A201,-1.411228,-48.439512,21.17
342,2019-02-27,00:00,0.4,1010.9,1010.9,1010.2,5,23.6,22.4,23.9,23.6,22.5,22.3,93,92,93,83,1.6,0.6,N,PA,BELEM,A201,-1.411228,-48.439512,21.17
343,2019-02-27,04:00,0.0,1010.5,1011.3,1010.5,5,23.4,22.3,23.5,23.2,22.3,22.1,94,94,94,126,1.2,0.1,N,PA,BELEM,A201,-1.411228,-48.439512,21.17
344,2019-02-27,08:00,0.0,1009.5,1009.5,1009.0,5,23.5,22.5,23.5,23.3,22.5,22.3,94,94,94,324,1.2,0.0,N,PA,BELEM,A201,-1.411228,-48.439512,21.17
345,2019-02-27,12:00,0.0,1011.7,1011.7,1011.0,473,25.2,23.1,25.2,24.5,23.6,23.0,93,89,89,30,2.4,0.4,N,PA,BELEM,A201,-1.411228,-48.439512,21.17
346,2019-02-27,16:00,0.0,1010.2,1011.2,1010.2,1996,30.4,23.7,30.6,29.5,24.4,22.5,71,64,67,360,5.4,1.7,N,PA,BELEM,A201,-1.411228,-48.439512,21.17
347,2019-02-27,20:00,3.0,1008.4,1008.5,1008.1,189,24.5,22.7,26.6,24.4,23.5,22.7,91,82,90,352,7.0,1.8,N,PA,BELEM,A201,-1.411228,-48.439512,21.17
348,2019-02-28,00:00,0.0,1010.6,1010.6,1009.6,5,24.9,23.2,24.9,24.7,23.3,23.1,91,90,90,66,1.9,0.1,N,PA,BELEM,A201,-1.411228,-48.439512,21.17
349,2019-02-28,04:00,0.0,1010.2,1010.9,1010.2,6,24.7,23.2,24.9,24.6,23.2,23.0,92,90,92,117,0.0,0.0,N,PA,BELEM,A201,-1.411228,-48.439512,21.17
350,2019-02-28,08:00,0.2,1010.0,1010.0,1009.5,6,23.7,22.6,23.7,23.5,22.6,22.3,93,93,93,42,1.9,0.0,N,PA,BELEM,A201,-1.411228,-48.439512,21.17
351,2019-02-28,12:00,0.0,1012.7,1012.7,1012.1,729,26.4,23.5,26.4,24.7,23.8,22.9,93,84,84,90,2.7,0.6,N,PA,BELEM,A201,-1.411228,-48.439512,21.17
352,2019-02-28,16:00,0.0,1011.4,1012.4,1011.4,2252,29.9,23.6,31.0,28.8,24.2,22.2,74,62,69,305,4.9,1.7,N,PA,BELEM,A201,-1.411228,-48.439512,21.17
353,2019-02-28,20:00,0.0,1008.4,1008.8,1008.2,715,27.5,22.4,29.1,27.5,23.5,21.8,74,68,74,8,7.5,2.4,N,PA,BELEM,A201,-1.411228,-48.439512,21.17
354,2019-03-01,00:00,0.0,1011.9,1011.9,1011.0,2,25.8,22.6,26.2,25.8,22.6,22.4,82,80,82,359,4.8,1.4,N,PA,BELEM,A201,-1.411228,-48.439512,21.17
355,2019-03-01,04:00,0.0,1011.3,1012.1,1011.3,0,24.6,21.9,25.0,24.5,22.3,21.9,85,85,85,91,2.4,0.4,N,PA,BELEM,A201,-1.411228,-48.439512,21.17
356,2019-03-01,08:00,0.0,1010.2,1010.2,1009.9,2,23.6,22.3,23.7,23.5,22.3,22.1,92,92,92,119,0.0,0.0,N,PA,BELEM,A201,-1.411228,-48.439512,21.17
357,2019-03-01,12:00,0.0,1013.2,1013.2,1012.5,744,27.9,23.2,27.9,25.7,23.8,22.8,87,74,76,350,2.4,0.0,N,PA,BELEM,A201,-1.411228,-48.439512,21.17
358,2019-03-01,16:00,3.6,1012.8,1013.6,1012.8,303,23.6,22.4,23.6,23.1,22.4,21.8,93,92,93,117,4.2,1.2,N,PA,BELEM,A201,-1.411228,-48.439512,21.17
359,2019-03-01,20:00,0.0,1010.2,1010.4,1010.2,624,26.4,22.1,26.9,26.2,23.7,21.5,84,74,77,102,3.3,1.0,N,PA,BELEM,A201,-1.411228,-48.439512,21.17
360,2019-03-02,00:00,0.0,1011.6,1011.6,1010.9,1,23.3,22.0,24.0,23.2,22.1,21.8,92,89,92,117,0.6,0.0,N,PA,BELEM,A201,-1.411228,-48.439512,21.17
361,2019-03-02,04:00,0.0,1011.5,1012.3,1011.5,2,23.0,21.7,23.3,22.9,21.9,21.5,92,92,92,123,1.2,0.0,N,PA,BELEM,A201,-1.411228,-48.439512,21.17
362,2019-03-02,08:00,0.0,1010.1,1010.3,1010.1,4,22.3,21.3,22.7,22.1,21.5,21.0,94,93,94,77,0.4,0.0,N,PA,BELEM,A201,-1.411228,-48.439512,21.17
363,2019-03-02,12:00,0.0,1012.9,1012.9,1012.1,563,27.4,23.4,27.4,25.0,23.4,22.3,89,77,79,34,4.0,1.2,N,PA,BELEM,A201,-1.411228,-48.439512,21.17
364,2019-03-02,16:00,0.0,1011.1,1012.3,1011.1,2149,30.7,23.4,30.7,28.8,25.0,23.0,75,65,65,303,4.7,1.6,N,PA,BELEM,A201,-1.411228,-48.439512,21.17
365,2019-03-02,20:00,0.0,1008.1,1008.2,1008.0,1595,29.8,23.7,30.3,29.4,25.3,23.4,76,69,70,350,5.3,1.9,N,PA,BELEM,A201,-1.411228,-48.439512,21.17
366,2019-03-03,00:00,0.0,1010.8,1010.8,1010.3,3,25.9,23.0,26.2,25.7,23.0,22.7,84,82,84,27,4.7,0.8,N,PA,BELEM,A201,-1.411228,-48.439512,21.17
367,2019-03-03,04:00,0.0,1011.1,1011.8,1011.0,5,25.1,23.1,25.5,24.8,23.5,22.9,89,88,89,78,3.8,0.7,N,PA,BELEM,A201,-1.411228,-48.439512,21.17
368,2019-03-03,08:00,0.0,1009.4,1009.5,1009.0,5,24.1,22.6,24.1,23.8,22.6,22.3,92,91,91,102,2.3,0.1,N,PA,BELEM,A201,-1.411228,-48.439512,21.17
369,2019-03-03,12:00,0.0,1012.3,1012.3,1011.4,602,27.0,23.4,27.0,25.2,23.4,22.8,89,80,81,55,2.9,0.5,N,PA,BELEM,A201,-1.411228,-48.439512,21.17
370,2019-03-03,16:00,0.0,1010.1,1011.4,1010.1,1673,29.4,23.5,31.8,29.1,24.3,22.1,72,59,70,300,4.2,1.4,N,PA,BELEM,A201,-1.411228,-48.439512,21.17
371,2019-03-03,20:00,0.0,1008.3,1008.5,1008.2,701,26.6,23.2,26.6,25.4,23.5,22.7,89,81,82,17,5.6,1.4,N,PA,BELEM,A201,-1.411228,-48.439512,21.17
372,2019-03-04,00:00,0.0,1010.3,1010.3,1009.6,3,24.9,22.9,25.0,24.5,22.9,22.4,89,87,89,79,2.4,0.5,N,PA,BELEM,A201,-1.411228,-48.439512,21.17
373,2019-03-04,04:00,0.0,1010.3,1011.1,1010.3,5,24.4,22.9,24.5,24.1,23.0,22.6,92,91,92,33,1.7,0.1,N,PA,BELEM,A201,-1.411228,-48.439512,21.17
374,2019-03-04,08:00,0.0,1009.0,1009.1,1008.9,4,23.4,22.3,23.6,23.1,22.4,21.9,94,93,94,132,1.0,0.0,N,PA,BELEM,A201,-1.411228,-48.439512,21.17
375,2019-03-04,12:00,0.0,1012.0,1012.0,1011.3,642,27.6,24.2,27.6,25.0,24.2,23.1,91,81,81,360,4.2,1.2,N,PA,BELEM,A201,-1.411228,-48.439512,21.17
376,2019-03-04,16:00,0.0,1010.3,1011.5,1010.3,1451,29.0,23.1,30.5,28.7,24.6,22.7,73,68,71,6,6.7,2.2,N,PA,BELEM,A201,-1.411228,-48.439512,21.17
377,2019-03-04,20:00,0.0,1008.2,1008.3,1008.0,520,28.5,22.1,28.9,28.3,22.3,21.4,69,65,68,12,7.9,1.8,N,PA,BELEM,A201,-1.411228,-48.439512,21.17
378,2019-03-05,00:00,0.2,1010.7,1010.7,1009.7,1,26.2,23.1,26.2,26.0,23.1,22.9,83,83,83,40,3.1,0.3,N,PA,BELEM,A201,-1.411228,-48.439512,21.17
379,2019-03-05,04:00,0.0,1011.2,1011.7,1011.2,2,24.6,23.2,24.8,24.4,23.3,23.1,92,92,92,106,1.2,0.1,N,PA,BELEM,A201,-1.411228,-48.439512,21.17
380,2019-03-05,08:00,0.0,1010.1,1010.2,1009.9,2,23.3,22.2,23.5,23.1,22.3,22.0,93,93,93,43,1.6,0.0,N,PA,BELEM,A201,-1.411228,-48.439512,21.17
381,2019-03-05,12:00,0.0,1012.7,1012.7,1011.8,595,25.6,23.1,25.8,25.3,24.1,22.7,91,85,86,99,2.5,0.9,N,PA,BELEM,A201,-1.411228,-48.439512,21.17
382,2019-03-05,16:00,0.0,1011.1,1012.2,1011.1,2763,29.8,22.8,30.1,28.2,24.8,22.0,78,64,66,50,4.6,1.3,N,PA,BELEM,A201,-1.411228,-48.439512,21.17
383,2019-03-05,20:00,0.0,1007.9,1007.9,1007.6,1580,29.0,23.8,30.1,28.4,24.7,23.3,76,68,74,311,5.1,1.9,N,PA,BELEM,A201,-1.411228,-48.439512,21.17
384,2019-03-06,00:00,0.0,1010.7,1010.7,1010.2,1,25.0,23.3,25.0,24.8,23.8,23.3,93,91,91,131,3.6,0.5,N,PA,BELEM,A201,-1.411228,-48.439512,21.17
385,2019-03-06,04:00,1.6,1011.5,1012.3,1011.5,2,24.2,22.8,24.6,24.1,23.2,22.7,92,90,92,48,3.8,0.5,N,PA,BELEM,A201,-1.411228,-48.439512,21.17
386,2019-03-06,08:00,0.0,1009.6,1009.6,1009.5,1,23.8,22.7,23.9,23.7,22.8,22.6,94,94,94,102,0.0,0.0,N,PA,BELEM,A201,-1.411228,-48.439512,21.17
387,2019-03-06,12:00,0.0,1013.2,1013.2,1012.1,721,26.4,23.7,26.4,24.9,24.4,23.5,94,85,85,143,2.5,1.4,N,PA,BELEM,A201,-1.411228,-48.439512,21.17
388,2019-03-06,16:00,0.0,1010.9,1012.3,1010.9,3237,31.4,23.6,31.4,27.7,24.9,22.7,81,62,64,57,4.4,1.4,N,PA,BELEM,A201,-1.411228,-48.439512,21.17
389,2019-03-06,20:00,2.8,1009.5,1009.6,1008.6,52,24.9,23.3,25.6,24.9,23.7,23.2,91,88,91,53,7.0,0.6,N,PA,BELEM,A201,-1.411228,-48.439512,21.17
390,2019-03-07,00:00,0.2,1011.6,1011.6,1010.9,0,24.7,23.4,24.9,24.7,23.5,23.3,92,92,92,18,1.8,0.1,N,PA,BELEM,A201,-1.411228,-48.439512,21.17
391,2019-03-07,04:00,0.0,1011.6,1012.1,1011.5,0,24.1,23.0,24.2,24.1,23.1,23.0,94,94,94,125,0.8,0.0,N,PA,BELEM,A201,-1.411228,-48.439512,21.17
392,2019-03-07,08:00,6.4,1011.4,1011.4,1011.1,0,22.7,21.7,23.0,22.7,21.9,21.6,94,93,94,43,3.4,0.5,N,PA,BELEM,A201,-1.411228,-48.439512,21.17
393,2019-03-07,12:00,0.8,1013.6,1013.6,1013.1,412,23.9,22.7,23.9,23.1,22.7,22.0,94,93,93,141,1.6,0.2,N,PA,BELEM,A201,-1.411228,-48.439512,21.17
394,2019-03-07,16:00,0.0,1012.3,1013.6,1012.3,1518,28.7,21.3,29.1,28.0,23.3,20.9,73,62,64,15,3.6,1.4,N,PA,BELEM,A201,-1.411228,-48.439512,21.17
395,2019-03-07,20:00,0.0,1009.0,1010.2,1009.0,302,26.0,23.8,27.9,25.6,23.9,22.7,89,75,88,14,7.0,0.6,N,PA,BELEM,A201,-1.411228,-48.439512,21.17
396,2019-03-08,00:00,0.0,1011.2,1011.2,1010.2,0,25.6,23.4,25.6,25.4,23.5,23.3,89,88,88,102,1.7,0.1,N,PA,BELEM,A201,-1.411228,-48.439512,21.17
397,2019-03-08,04:00,0.0,1011.2,1011.6,1011.2,0,24.5,23.3,24.8,24.5,23.3,23.2,93,91,93,150,1.1,0.3,N,PA,BELEM,A201,-1.411228,-48.439512,21.17
398,2019-03-08,08:00,0.0,1009.7,1009.7,1009.5,0,24.4,23.2,24.5,24.4,23.3,23.2,93,93,93,130,2.3,0.2,N,PA,BELEM,A201,-1.411228,-48.439512,21.17
399,2019-03-08,12:00,0.0,1012.0,1012.0,1011.2,764,26.6,23.6,26.6,25.4,23.9,23.2,91,83,84,102,2.2,0.8,N,PA,BELEM,A201,-1.411228,-48.439512,21.17
400,2019-03-08,16:00,0.0,1009.9,1010.8,1009.9,963,29.5,23.5,30.3,28.5,24.7,22.5,76,64,70,19,5.4,1.5,N,PA,BELEM,A201,-1.411228,-48.439512,21.17
401,2019-03-08,20:00,0.2,1008.2,1008.2,1007.4,705,27.3,23.9,29.1,27.2,24.3,23.3,82,74,81,30,7.3,0.8,N,PA,BELEM,A201,-1.411228,-48.439512,21.17
402,2019-03-09,00:00,0.0,1009.3,1009.4,1009.2,0,25.0,23.3,25.0,24.9,23.4,23.2,91,90,90,60,2.6,0.5,N,PA,BELEM,A201,-1.411228,-48.439512,21.17
403,2019-03-09,04:00,0.0,1009.2,1010.4,1009.2,0,24.8,23.3,25.0,24.8,23.4,23.2,91,91,91,100,2.4,0.1,N,PA,BELEM,A201,-1.411228,-48.439512,21.17
404,2019-03-09,08:00,0.0,1008.2,1008.3,1008.2,0,24.0,22.8,24.3,23.9,23.0,22.7,93,93,93,130,1.1,0.3,N,PA,BELEM,A201,-1.411228,-48.439512,21.17
405,2019-03-09,12:00,0.0,1010.5,1010.5,1009.7,535,28.4,23.5,28.8,26.0,24.7,23.5,91,75,75,105,2.8,1.2,N,PA,BELEM,A201,-1.411228,-48.439512,21.17
406,2019-03-09,16:00,0.0,1008.5,1009.6,1008.5,2760,32.1,23.6,33.2,30.6,24.9,22.3,67,56,61,168,4.8,1.4,N,PA,BELEM,A201,-1.411228,-48.439512,21.17
407,2019-03-09,20:00,1.6,1006.5,1007.3,1006.3,1157,26.9,23.5,27.0,24.8,24.8,22.8,92,82,82,3,5.2,0.8,N,PA,BELEM,A201,-1.411228,-48.439512,21.17
408,2019-03-10,00:00,0.0,1009.8,1009.8,1008.9,0,25.4,23.6,25.5,25.2,23.6,23.3,90,88,90,60,2.7,0.3,N,PA,BELEM,A201,-1.411228,-48.439512,21.17
409,2019-03-10,04:00,2.0,1010.3,1011.1,1010.3,0,23.2,21.7,23.6,23.2,22.2,21.7,92,91,92,94,5.0,1.6,N,PA,BELEM,A201,-1.411228,-48.439512,21.17
410,2019-03-10,08:00,0.0,1008.1,1008.3,1008.1,0,23.3,22.1,23.3,23.2,22.1,22.0,93,93,93,88,1.4,0.1,N,PA,BELEM,A201,-1.411228,-48.439512,21.17
411,2019-03-10,12:00,0.0,1010.5,1010.5,1009.7,833,27.8,23.7,27.8,25.2,23.7,22.7,89,77,78,108,2.9,0.8,N,PA,BELEM,A201,-1.411228,-48.439512,21.17
412,2019-03-10,16:00,0.4,1008.8,1009.9,1008.8,1334,29.3,24.8,30.5,28.8,26.1,22.9,83,64,77,262,2.9,1.4,N,PA,BELEM,A201,-1.411228,-48.439512,21.17
413,2019-03-10,20:00,0.0,1006.2,1006.4,1006.1,327,26.7,23.2,28.2,26.7,24.4,22.9,81,77,81,33,7.2,1.7,N,PA,BELEM,A201,-1.411228,-48.439512,21.17
414,2019-03-11,00:00,0.2,1009.2,1009.2,1007.8,0,24.1,22.8,24.1,23.8,22.8,22.5,93,92,93,46,2.5,0.0,N,PA,BELEM,A201,-1.411228,-48.439512,21.17
415,2019-03-11,04:00,0.0,1008.4,1009.5,1008.4,1,23.7,22.5,24.2,23.7,23.1,22.5,93,93,93,134,4.3,1.3,N,PA,BELEM,A201,-1.411228,-48.439512,21.17
416,2019-03-11,08:00,0.0,1007.5,1007.5,1006.8,0,23.6,22.5,23.7,23.5,22.6,22.4,94,93,94,123,1.0,0.0,N,PA,BELEM,A201,-1.411228,-48.439512,21.17
417,2019-03-11,12:00,0.0,1010.3,1010.3,1009.4,443,25.6,23.0,25.6,24.7,23.6,23.0,92,86,86,338,1.6,0.3,N,PA,BELEM,A201,-1.411228,-48.439512,21.17
418,2019-03-11,16:00,0.0,1008.3,1009.6,1008.3,2377,32.5,24.5,32.5,30.1,24.7,22.8,71,59,63,41,4.1,0.9,N,PA,BELEM,A201,-1.411228,-48.439512,21.17
419,2019-03-11,20:00,11.8,1006.1,1007.1,1006.1,102,24.5,23.5,24.6,23.8,23.5,22.6,94,92,94,156,7.5,0.0,N,PA,BELEM,A201,-1.411228,-48.439512,21.17
420,2019-03-12,00:00,0.0,1008.6,1008.6,1007.6,0,25.2,24.1,25.2,25.1,24.2,24.0,94,94,94,38,2.3,0.1,N,PA,BELEM,A201,-1.411228,-48.439512,21.17
421,2019-03-12,04:00,0.0,1008.5,1009.3,1008.5,0,24.7,23.6,24.9,24.7,23.7,23.6,93,93,93,73,1.7,0.1,N,PA,BELEM,A201,-1.411228,-48.439512,21.17
422,2019-03-12,08:00,0.0,1007.7,1007.7,1007.5,0,24.4,23.3,24.5,24.4,23.4,23.3,93,93,93,176,1.4,0.0,N,PA,BELEM,A201,-1.411228,-48.439512,21.17
423,2019-03-12,12:00,0.0,1010.2,1010.2,1009.4,961,28.5,24.0,28.8,26.0,24.8,23.7,92,75,77,9,3.9,1.4,N,PA,BELEM,A201,-1.411228,-48.439512,21.17
424,2019-03-12,16:00,29.2,1009.1,1009.2,1008.7,1057,25.1,23.6,31.5,25.1,24.7,22.6,92,61,91,69,5.2,0.9,N,PA,BELEM,A201,-1.411228,-48.439512,21.17
425,2019-03-12,20:00,0.0,1007.6,1007.6,1007.1,170,24.8,23.3,25.0,24.7,23.7,23.3,93,92,92,7,3.6,0.9,N,PA,BELEM,A201,-1.411228,-48.439512,21.17
426,2019-03-13,00:00,0.0,1009.7,1009.7,1008.9,0,24.8,23.4,24.9,24.8,23.5,23.4,92,92,92,19,2.3,0.5,N,PA,BELEM,A201,-1.411228,-48.439512,21.17
427,2019-03-13,04:00,15.0,1010.2,1011.2,1010.2,3,22.8,21.7,24.4,22.5,23.1,21.3,94,92,94,19,5.7,0.1,N,PA,BELEM,A201,-1.411228,-48.439512,21.17
428,2019-03-13,08:00,0.0,1009.5,1009.5,1009.3,0,23.6,22.6,23.6,23.5,22.6,22.5,94,94,94,132,0.0,0.0,N,PA,BELEM,A201,-1.411228,-48.439512,21.17
429,2019-03-13,12:00,0.0,1011.0,1011.0,1010.4,805,26.7,23.8,26.8,25.2,24.1,23.5,93,83,84,272,2.3,0.7,N,PA,BELEM,A201,-1.411228,-48.439512,21.17
430,2019-03-13,16:00,0.0,1009.3,1010.3,1009.3,1665,29.2,23.7,30.0,28.2,24.9,23.4,79,71,72,288,3.7,1.3,N,PA,BELEM,A201,-1.411228,-48.439512,21.17
431,2019-03-13,20:00,0.0,1007.4,1007.6,1007.0,940,27.3,23.4,30.5,27.3,24.0,22.8,79,66,79,15,8.5,1.7,N,PA,BELEM,A201,-1.411228,-48.439512,21.17
432,2019-03-14,00:00,0.2,1009.9,1009.9,1008.9,0,25.2,23.9,25.2,25.1,24.0,23.9,93,93,93,97,2.9,0.0,N,PA,BELEM,A201,-1.411228,-48.439512,21.17
433,2019-03-14,04:00,0.0,1009.8,1010.7,1009.8,0,24.5,23.3,24.6,24.5,23.5,23.3,93,93,93,113,1.0,0.1,N,PA,BELEM,A201,-1.411228,-48.439512,21.17
434,2019-03-14,08:00,0.0,1009.2,1009.3,1009.2,0,24.3,23.2,24.4,24.3,23.4,23.2,94,94,94,82,1.3,0.2,N,PA,BELEM,A201,-1.411228,-48.439512,21.17
435,2019-03-14,12:00,0.4,1011.1,1011.3,1010.4,191,24.6,23.4,24.7,24.4,23.6,23.3,94,93,93,101,2.4,0.2,N,PA,BELEM,A201,-1.411228,-48.439512,21.17
436,2019-03-14,16:00,0.0,1008.9,1009.9,1008.9,2217,29.9,24.2,30.3,28.2,25.0,22.9,78,69,72,162,2.9,1.1,N,PA,BELEM,A201,-1.411228,-48.439512,21.17
437,2019-03-14,20:00,0.0,1006.4,1006.6,1006.4,816,29.7,24.1,29.7,28.4,24.3,23.3,76,72,72,322,4.5,1.7,N,PA,BELEM,A201,-1.411228,-48.439512,21.17
438,2019-03-15,00:00,1.0,1008.6,1008.7,1007.9,1,25.5,24.0,25.6,25.3,24.1,23.6,92,89,91,27,3.8,1.2,N,PA,BELEM,A201,-1.411228,-48.439512,21.17
439,2019-03-15,04:00,0.0,1008.5,1009.4,1008.4,0,24.7,23.4,24.8,24.6,23.5,23.3,93,92,93,119,0.8,0.0,N,PA,BELEM,A201,-1.411228,-48.439512,21.17
440,2019-03-15,08:00,0.0,1008.1,1008.1,1007.8,0,24.7,23.6,24.7,24.3,23.6,23.2,94,94,94,147,1.5,0.3,N,PA,BELEM,A201,-1.411228,-48.439512,21.17
441,2019-03-15,12:00,0.0,1010.8,1010.8,1009.7,849,27.7,24.6,27.7,25.6,25.0,24.2,92,83,83,94,3.6,1.1,N,PA,BELEM,A201,-1.411228,-48.439512,21.17
442,2019-03-15,16:00,0.0,1008.6,1009.5,1008.6,1941,30.2,23.5,31.5,30.2,24.5,23.2,70,63,67,101,5.2,1.8,N,PA,BELEM,A201,-1.411228,-48.439512,21.17
443,2019-03-15,20:00,0.0,1005.5,1005.6,1005.3,793,29.5,24.0,32.6,29.5,24.1,23.0,73,60,72,119,3.4,0.4,N,PA,BELEM,A201,-1.411228,-48.439512,21.17
444,2019-03-16,00:00,0.0,1009.2,1009.2,1007.7,0,26.9,23.8,27.1,26.9,23.9,23.8,83,82,83,72,4.9,0.7,N,PA,BELEM,A201,-1.411228,-48.439512,21.17
445,2019-03-16,04:00,0.0,1008.8,1009.3,1008.8,0,25.0,23.1,25.6,25.0,23.2,23.1,89,87,89,108,2.3,0.2,N,PA,BELEM,A201,-1.411228,-48.439512,21.17
446,2019-03-16,08:00,0.0,1008.2,1008.4,1008.0,0,24.2,23.1,24.2,23.9,23.1,22.7,93,93,93,69,1.0,0.1,N,PA,BELEM,A201,-1.411228,-48.439512,21.17
447,2019-03-16,12:00,0.0,1010.9,1010.9,1010.3,752,27.9,23.7,28.1,26.5,24.4,23.5,88,77,78,36,5.9,1.3,N,PA,BELEM,A201,-1.411228,-48.439512,21.17
448,2019-03-16,16:00,0.0,1009.3,1010.0,1009.3,1662,30.2,24.0,32.6,30.2,24.1,21.3,70,53,69,359,4.7,1.2,N,PA,BELEM,A201,-1.411228,-48.439512,21.17
449,2019-03-16,20:00,0.0,1006.1,1006.2,1006.0,1254,29.4,23.2,30.0,29.1,23.9,22.5,73,67,69,16,8.3,2.4,N,PA,BELEM,A201,-1.411228,-48.439512,21.17
450,2019-03-17,00:00,0.0,1009.3,1009.3,1007.9,0,26.2,23.1,26.7,26.2,23.2,23.1,83,81,83,10,3.4,0.6,N,PA,BELEM,A201,-1.411228,-48.439512,21.17
451,2019-03-17,04:00,0.0,1009.7,1010.5,1009.7,0,24.7,23.2,25.1,24.7,23.4,23.2,91,91,91,128,0.8,0.0,N,PA,BELEM,A201,-1.411228,-48.439512,21.17
452,2019-03-17,08:00,0.0,1008.4,1008.5,1008.3,0,24.1,22.9,24.2,24.1,23.0,22.9,93,93,93,99,0.0,0.0,N,PA,BELEM,A201,-1.411228,-48.439512,21.17
453,2019-03-17,12:00,0.0,1010.5,1010.5,1009.7,1081,29.1,23.7,29.1,26.8,24.0,23.0,82,73,73,353,4.7,1.6,N,PA,BELEM,A201,-1.411228,-48.439512,21.17
454,2019-03-17,16:00,0.6,1009.4,1010.5,1009.4,1760,30.1,23.7,30.1,27.4,25.3,22.8,82,68,69,333,6.1,1.9,N,PA,BELEM,A201,-1.411228,-48.439512,21.17
455,2019-03-17,20:00,0.0,1007.1,1007.1,1006.6,179,27.4,24.1,28.7,27.4,24.1,22.7,82,71,82,91,2.8,0.4,N,PA,BELEM,A201,-1.411228,-48.439512,21.17
456,2019-03-18,00:00,4.4,1010.1,1010.1,1009.5,2,24.8,23.3,25.7,24.8,23.4,23.1,91,87,91,21,2.7,0.2,N,PA,BELEM,A201,-1.411228,-48.439512,21.17
457,2019-03-18,04:00,0.0,1009.4,1010.2,1009.4,0,25.0,23.8,25.2,25.0,23.9,23.8,93,92,93,138,0.5,0.0,N,PA,BELEM,A201,-1.411228,-48.439512,21.17
458,2019-03-18,08:00,0.0,1008.1,1008.1,1008.0,0,24.5,23.3,24.8,24.4,23.7,23.3,94,93,93,339,1.0,0.0,N,PA,BELEM,A201,-1.411228,-48.439512,21.17
459,2019-03-18,12:00,0.0,1011.2,1011.2,1010.4,440,27.0,24.2,27.0,26.1,24.4,23.9,89,85,85,308,2.8,0.7,N,PA,BELEM,A201,-1.411228,-48.439512,21.17
460,2019-03-18,16:00,0.4,1009.3,1010.7,1009.3,590,27.9,24.1,29.7,27.7,24.7,23.6,82,72,80,260,7.3,1.7,N,PA,BELEM,A201,-1.411228,-48.439512,21.17
461,2019-03-18,20:00,3.0,1007.3,1007.4,1007.1,50,25.5,24.0,25.5,25.3,24.0,23.7,92,91,92,19,3.1,0.9,N,PA,BELEM,A201,-1.411228,-48.439512,21.17
462,2019-03-19,00:00,0.0,1010.4,1010.4,1009.1,0,25.0,23.7,25.2,25.0,23.8,23.7,92,92,92,62,2.8,0.2,N,PA,BELEM,A201,-1.411228,-48.439512,21.17
463,2019-03-19,04:00,0.2,1009.5,1010.5,1009.5,0,24.5,23.3,24.8,24.4,23.6,23.3,93,93,93,102,1.9,0.0,N,PA,BELEM,A201,-1.411228,-48.439512,21.17
464,2019-03-19,08:00,0.0,1007.1,1007.3,1007.1,0,24.1,23.0,24.2,24.1,23.1,23.0,94,93,93,79,1.6,0.0,N,PA,BELEM,A201,-1.411228,-48.439512,21.17
465,2019-03-19,12:00,0.0,1009.7,1009.7,1008.8,950,28.2,24.0,28.6,26.1,24.9,24.0,91,78,78,4,3.8,1.3,N,PA,BELEM,A201,-1.411228,-48.439512,21.17
466,2019-03-19,16:00,0.0,1008.1,1009.3,1008.1,2560,29.6,24.2,29.8,28.7,25.7,24.0,82,73,73,342,4.9,1.5,N,PA,BELEM,A201,-1.411228,-48.439512,21.17
467,2019-03-19,20:00,0.2,1006.1,1006.1,1005.7,89,24.8,23.5,24.8,24.6,23.5,23.3,93,92,93,8,2.6,0.2,N,PA,BELEM,A201,-1.411228,-48.439512,21.17
468,2019-03-20,00:00,0.0,1008.6,1008.6,1007.9,1,24.7,23.3,25.3,24.7,24.0,23.3,93,92,92,41,4.2,0.4,N,PA,BELEM,A201,-1.411228,-48.439512,21.17
469,2019-03-20,04:00,0.0,1008.8,1009.2,1008.8,0,24.1,22.9,24.3,24.1,23.1,22.9,93,93,93,300,0.6,0.0,N,PA,BELEM,A201,-1.411228,-48.439512,21.17
470,2019-03-20,08:00,0.0,1006.7,1007.2,1006.7,0,23.7,22.4,24.1,23.7,23.0,22.4,94,93,93,101,4.1,0.4,N,PA,BELEM,A201,-1.411228,-48.439512,21.17
471,2019-03-20,12:00,0.0,1009.8,1009.8,1008.8,880,27.4,23.7,27.4,25.1,23.9,23.1,91,80,80,97,2.5,0.8,N,PA,BELEM,A201,-1.411228,-48.439512,21.17
472,2019-03-20,16:00,3.8,1008.9,1009.2,1008.8,522,26.3,24.5,29.3,26.3,25.0,23.7,89,72,89,323,6.0,2.0,N,PA,BELEM,A201,-1.411228,-48.439512,21.17
473,2019-03-20,20:00,0.0,1006.0,1006.2,1005.9,737,26.8,23.9,27.2,26.6,24.0,23.1,84,80,84,19,4.8,1.3,N,PA,BELEM,A201,-1.411228,-48.439512,21.17
474,2019-03-21,00:00,8.8,1009.4,1009.4,1008.0,2,25.4,24.1,25.5,25.3,24.1,23.8,93,90,93,44,1.8,0.3,N,PA,BELEM,A201,-1.411228,-48.439512,21.17
475,2019-03-21,04:00,0.0,1009.4,1010.1,1009.4,1,24.8,23.7,24.8,24.8,23.7,23.6,94,93,94,273,1.1,0.0,N,PA,BELEM,A201,-1.411228,-48.439512,21.17
476,2019-03-21,08:00,0.0,1008.4,1008.6,1008.3,0,24.8,23.7,25.0,24.8,23.9,23.7,94,94,94,229,1.0,0.0,N,PA,BELEM,A201,-1.411228,-48.439512,21.17
477,2019-03-21,12:00,2.0,1011.1,1011.1,1010.5,116,24.4,23.3,24.5,24.1,23.5,23.0,94,94,94,79,1.7,0.1,N,PA,BELEM,A201,-1.411228,-48.439512,21.17
478,2019-03-21,16:00,0.0,1009.3,1010.1,1009.3,1404,28.0,24.4,28.1,26.4,24.9,23.6,86,79,81,4,4.1,1.0,N,PA,BELEM,A201,-1.411228,-48.439512,21.17
479,2019-03-21,20:00,0.0,1006.4,1006.6,1006.4,575,27.2,23.8,27.7,26.8,24.1,23.5,84,79,81,306,4.8,1.4,N,PA,BELEM,A201,-1.411228,-48.439512,21.17
480,2019-03-22,00:00,0.0,1009.2,1009.2,1008.5,2,24.8,23.4,24.9,24.5,23.5,23.2,92,92,92,63,2.2,0.0,N,PA,BELEM,A201,-1.411228,-48.439512,21.17
481,2019-03-22,04:00,0.0,1009.4,1010.3,1009.4,1,24.6,23.4,24.7,24.6,23.5,23.3,93,93,93,327,1.7,0.0,N,PA,BELEM,A201,-1.411228,-48.439512,21.17
482,2019-03-22,08:00,0.4,1008.5,1008.5,1008.0,1,24.6,23.5,24.7,24.6,23.6,23.4,93,93,93,142,1.3,0.3,N,PA,BELEM,A201,-1.411228,-48.439512,21.17
483,2019-03-22,12:00,0.0,1011.6,1011.6,1010.4,471,26.5,24.0,26.5,25.7,24.5,23.9,92,86,86,93,2.7,0.2,N,PA,BELEM,A201,-1.411228,-48.439512,21.17
484,2019-03-22,16:00,3.4,1009.8,1011.0,1009.8,893,28.0,25.1,28.0,25.8,25.1,23.1,89,82,85,211,3.4,0.3,N,PA,BELEM,A201,-1.411228,-48.439512,21.17
485,2019-03-22,20:00,0.2,1008.5,1008.5,1008.2,132,24.9,22.9,24.9,24.5,23.0,22.4,89,88,89,353,4.7,0.3,N,PA,BELEM,A201,-1.411228,-48.439512,21.17
486,2019-03-23,00:00,0.0,1010.9,1010.9,1010.1,1,24.8,23.6,25.0,24.8,23.7,23.5,93,92,93,153,1.1,0.0,N,PA,BELEM,A201,-1.411228,-48.439512,21.17
487,2019-03-23,04:00,0.0,1011.2,1011.8,1011.2,0,24.5,23.2,24.7,24.5,23.3,23.1,92,92,92,122,2.0,0.1,N,PA,BELEM,A201,-1.411228,-48.439512,21.17
488,2019-03-23,08:00,3.8,1010.4,1010.4,1010.1,1,23.6,22.3,24.4,23.6,23.0,22.2,92,91,92,71,3.4,0.3,N,PA,BELEM,A201,-1.411228,-48.439512,21.17
489,2019-03-23,12:00,0.0,1012.4,1012.4,1011.8,719,25.4,23.6,25.5,23.6,23.8,22.4,93,90,90,23,3.8,0.9,N,PA,BELEM,A201,-1.411228,-48.439512,21.17
490,2019-03-23,16:00,0.0,1010.6,1011.3,1010.6,1641,29.0,24.0,29.4,28.6,24.4,23.2,77,71,74,12,5.4,1.6,N,PA,BELEM,A201,-1.411228,-48.439512,21.17
491,2019-03-23,20:00,0.0,1008.3,1008.6,1008.2,386,27.9,23.5,28.4,27.8,23.7,22.7,78,72,77,12,4.6,1.6,N,PA,BELEM,A201,-1.411228,-48.439512,21.17
492,2019-03-24,00:00,0.0,1010.6,1010.6,1009.8,0,26.0,23.5,26.2,26.0,23.7,23.5,86,86,86,80,3.5,0.1,N,PA,BELEM,A201,-1.411228,-48.439512,21.17
493,2019-03-24,04:00,0.0,1010.4,1011.0,1010.4,3,24.9,22.6,25.1,24.9,22.6,22.3,87,85,87,345,2.3,0.2,N,PA,BELEM,A201,-1.411228,-48.439512,21.17
494,2019-03-24,08:00,0.0,1009.7,1009.7,1009.5,2,24.5,23.2,24.6,24.5,23.3,23.2,93,92,93,202,0.0,0.0,N,PA,BELEM,A201,-1.411228,-48.439512,21.17
495,2019-03-24,12:00,0.0,1012.4,1012.4,1011.7,756,26.7,23.3,26.8,25.1,23.8,22.9,91,80,81,83,2.9,0.7,N,PA,BELEM,A201,-1.411228,-48.439512,21.17
496,2019-03-24,16:00,0.8,1011.3,1012.3,1011.3,456,25.2,23.7,25.4,24.3,23.9,23.0,93,91,91,36,3.5,0.4,N,PA,BELEM,A201,-1.411228,-48.439512,21.17
497,2019-03-24,20:00,0.0,1008.9,1008.9,1008.6,950,26.9,22.9,27.6,26.6,23.4,22.8,82,77,79,43,4.8,0.5,N,PA,BELEM,A201,-1.411228,-48.439512,21.17
498,2019-03-25,00:00,0.0,1010.7,1010.7,1009.9,0,24.8,22.9,24.9,24.7,23.1,22.9,90,89,89,140,3.4,0.1,N,PA,BELEM,A201,-1.411228,-48.439512,21.17
499,2019-03-25,04:00,0.0,1010.1,1010.9,1010.1,1,24.3,22.8,24.3,24.1,22.8,22.5,92,91,91,62,2.3,0.1,N,PA,BELEM,A201,-1.411228,-48.439512,21.17
500,2019-03-25,08:00,0.0,1008.3,1008.5,1008.2,1,23.6,22.4,24.0,23.5,22.6,22.3,93,92,93,87,0.0,0.0,N,PA,BELEM,A201,-1.411228,-48.439512,21.17
501,2019-03-25,12:00,0.0,1010.4,1010.4,1009.7,1052,27.7,23.8,28.0,26.3,23.9,23.1,85,77,79,353,3.1,0.9,N,PA,BELEM,A201,-1.411228,-48.439512,21.17
502,2019-03-25,16:00,14.8,1009.2,1009.8,1009.2,399,24.7,23.2,27.8,24.6,24.6,23.1,92,81,92,24,4.4,0.9,N,PA,BELEM,A201,-1.411228,-48.439512,21.17
503,2019-03-25,20:00,4.6,1007.6,1007.6,1007.4,168,24.6,23.3,24.6,24.1,23.3,22.7,93,92,92,98,4.8,0.4,N,PA,BELEM,A201,-1.411228,-48.439512,21.17
504,2019-03-26,00:00,0.0,1009.9,1009.9,1009.3,3,24.1,22.9,24.1,24.0,22.9,22.7,93,93,93,33,3.1,0.1,N,PA,BELEM,A201,-1.411228,-48.439512,21.17
505,2019-03-26,04:00,1.6,1009.5,1010.3,1009.5,3,23.9,22.7,24.1,23.8,23.0,22.6,93,93,93,112,2.9,0.7,N,PA,BELEM,A201,-1.411228,-48.439512,21.17
506,2019-03-26,08:00,0.0,1008.2,1008.3,1008.0,1,23.5,22.5,23.7,23.5,22.6,22.4,94,94,94,224,1.3,0.0,N,PA,BELEM,A201,-1.411228,-48.439512,21.17
507,2019-03-26,12:00,0.0,1010.6,1010.6,1010.2,944,26.4,23.7,26.6,24.6,24.4,23.5,94,85,85,116,2.5,1.1,N,PA,BELEM,A201,-1.411228,-48.439512,21.17
508,2019-03-26,16:00,0.2,1008.5,1009.7,1008.5,2102,28.2,24.0,30.5,28.2,24.9,22.2,79,66,78,326,3.6,0.9,N,PA,BELEM,A201,-1.411228,-48.439512,21.17
509,2019-03-26,20:00,12.0,1007.8,1007.8,1007.4,65,24.4,23.2,25.8,24.2,24.2,22.9,93,89,93,40,4.0,0.4,N,PA,BELEM,A201,-1.411228,-48.439512,21.17
510,2019-03-27,00:00,0.2,1009.6,1009.6,1009.3,3,24.0,22.9,24.0,23.9,22.9,22.8,94,93,94,52,2.6,0.0,N,PA,BELEM,A201,-1.411228,-48.439512,21.17
511,2019-03-27,04:00,0.0,1009.9,1010.9,1009.9,6,24.2,23.2,24.2,24.0,23.2,23.0,94,94,94,119,0.0,0.0,N,PA,BELEM,A201,-1.411228,-48.439512,21.17
512,2019-03-27,08:00,0.6,1009.3,1009.4,1009.2,7,24.1,23.2,24.2,24.1,23.2,23.1,94,94,94,99,1.4,0.2,N,PA,BELEM,A201,-1.411228,-48.439512,21.17
513,2019-03-27,12:00,0.0,1010.6,1010.6,1010.1,626,25.5,23.4,25.6,24.2,23.7,23.2,94,88,88,101,2.5,0.8,N,PA,BELEM,A201,-1.411228,-48.439512,21.17
514,2019-03-27,16:00,0.0,1009.4,1010.3,1009.4,1965,27.0,20.3,29.9,26.3,22.9,20.3,73,61,67,75,3.7,0.7,N,PA,BELEM,A201,-1.411228,-48.439512,21.17
515,2019-03-27,20:00,1.0,1007.7,1007.7,1007.3,563,25.8,24.5,25.8,24.5,24.6,23.4,94,93,93,9,5.0,1.0,N,PA,BELEM,A201,-1.411228,-48.439512,21.17
516,2019-03-28,00:00,0.0,1009.7,1009.7,1009.3,10,25.7,24.0,25.8,25.7,24.2,24.0,91,90,90,65,2.2,0.4,N,PA,BELEM,A201,-1.411228,-48.439512,21.17
517,2019-03-28,04:00,0.0,1009.6,1010.3,1009.6,7,25.0,23.5,25.5,25.0,23.8,23.5,92,90,92,95,1.3,0.1,N,PA,BELEM,A201,-1.411228,-48.439512,21.17
518,2019-03-28,08:00,0.0,1008.7,1008.7,1008.0,6,24.2,23.1,24.3,24.1,23.2,23.1,94,94,94,137,0.0,0.0,N,PA,BELEM,A201,-1.411228,-48.439512,21.17
519,2019-03-28,12:00,0.0,1011.5,1011.5,1010.9,898,28.7,24.5,28.7,26.0,25.1,24.1,92,77,78,96,2.4,1.0,N,PA,BELEM,A201,-1.411228,-48.439512,21.17
520,2019-03-28,16:00,0.2,1009.4,1010.6,1009.4,1452,26.1,22.8,29.1,24.8,23.3,20.8,83,66,82,279,3.3,0.7,N,PA,BELEM,A201,-1.411228,-48.439512,21.17
521,2019-03-28,20:00,0.0,1008.2,1008.2,1007.4,45,24.9,23.8,25.3,24.5,24.2,23.4,94,93,94,141,3.3,1.4,N,PA,BELEM,A201,-1.411228,-48.439512,21.17
522,2019-03-29,00:00,0.0,1010.7,1010.7,1010.0,0,24.5,23.5,24.8,24.5,23.8,23.5,94,94,94,104,0.0,0.0,N,PA,BELEM,A201,-1.411228,-48.439512,21.17
523,2019-03-29,04:00,0.0,1010.7,1011.2,1010.7,0,24.2,23.2,24.5,24.2,23.6,23.2,94,94,94,86,2.3,0.5,N,PA,BELEM,A201,-1.411228,-48.439512,21.17
524,2019-03-29,08:00,0.0,1009.6,1009.7,1009.5,2,23.8,23.0,24.1,23.8,23.2,22.9,95,95,95,81,1.7,0.0,N,PA,BELEM,A201,-1.411228,-48.439512,21.17
525,2019-03-29,12:00,0.0,1011.2,1011.3,1011.0,1161,28.1,24.3,28.4,25.9,24.9,24.0,93,80,80,104,4.7,1.2,N,PA,BELEM,A201,-1.411228,-48.439512,21.17
526,2019-03-29,16:00,0.0,1008.6,1010.1,1008.6,2527,29.2,22.3,30.5,28.4,25.1,22.3,76,65,66,74,4.5,1.2,N,PA,BELEM,A201,-1.411228,-48.439512,21.17
527,2019-03-29,20:00,0.0,1007.2,1007.2,1006.7,657,27.6,23.7,28.6,27.6,25.1,23.7,82,77,80,69,5.2,0.9,N,PA,BELEM,A201,-1.411228,-48.439512,21.17
528,2019-03-30,00:00,0.0,1010.5,1010.6,1009.7,13,25.6,24.1,25.6,25.3,24.2,23.9,92,92,92,156,2.4,0.1,N,PA,BELEM,A201,-1.411228,-48.439512,21.17
529,2019-03-30,04:00,0.0,1009.8,1010.7,1009.8,13,24.9,23.6,25.0,24.9,23.7,23.5,92,92,92,14,2.5,0.0,N,PA,BELEM,A201,-1.411228,-48.439512,21.17
530,2019-03-30,08:00,1.4,1009.2,1009.3,1009.1,15,24.3,23.2,24.6,24.3,23.5,23.2,94,93,94,67,2.6,0.2,N,PA,BELEM,A201,-1.411228,-48.439512,21.17
531,2019-03-30,12:00,0.0,1011.4,1011.4,1011.0,1297,28.0,24.5,28.0,26.3,24.5,23.2,88,77,81,83,3.3,0.6,N,PA,BELEM,A201,-1.411228,-48.439512,21.17
532,2019-03-30,16:00,2.0,1009.8,1010.9,1009.7,974,26.3,24.5,28.7,26.1,25.5,24.0,90,77,90,322,6.3,1.3,N,PA,BELEM,A201,-1.411228,-48.439512,21.17
533,2019-03-30,20:00,0.0,1007.9,1007.9,1007.0,728,27.6,23.7,30.3,27.2,24.7,23.5,81,69,79,4,6.9,2.0,N,PA,BELEM,A201,-1.411228,-48.439512,21.17
534,2019-03-31,00:00,0.2,1010.3,1010.4,1010.2,10,25.0,23.8,25.3,25.0,24.0,23.8,93,93,93,34,2.4,0.0,N,PA,BELEM,A201,-1.411228,-48.439512,21.17
535,2019-03-31,04:00,0.0,1010.0,1010.5,1010.0,12,24.6,23.4,24.8,24.6,23.6,23.4,93,93,93,15,1.5,0.0,N,PA,BELEM,A201,-1.411228,-48.439512,21.17
536,2019-03-31,08:00,0.0,1008.6,1008.6,1008.4,11,24.2,23.3,24.3,24.1,23.3,23.1,94,94,94,53,0.0,0.0,N,PA,BELEM,A201,-1.411228,-48.439512,21.17
537,2019-03-31,12:00,0.0,1011.3,1011.3,1010.8,887,27.3,24.4,27.4,25.6,25.1,24.3,93,84,84,355,2.8,1.1,N,PA,BELEM,A201,-1.411228,-48.439512,21.17
538,2019-03-31,16:00,0.0,1009.1,1010.8,1009.1,2266,30.0,24.0,30.2,28.5,24.8,23.2,77,68,70,320,5.9,1.9,N,PA,BELEM,A201,-1.411228,-48.439512,21.17
539,2019-03-31,20:00,0.0,1007.7,1007.8,1007.4,896,29.0,22.9,29.5,28.1,24.2,22.9,77,70,70,313,6.2,1.5,N,PA,BELEM,A201,-1.411228,-48.439512,21.17
540,2019-04-01,00:00,2.2,1011.0,1011.0,1010.2,7,24.8,23.5,25.1,24.8,23.6,23.4,93,91,93,14,2.9,0.3,N,PA,BELEM,A201,-1.411228,-48.439512,21.17
541,2019-04-01,04:00,0.0,1010.2,1011.2,1010.2,16,24.4,23.4,24.9,24.4,23.8,23.4,94,94,94,26,1.7,0.2,N,PA,BELEM,A201,-1.411228,-48.439512,21.17
542,2019-04-01,08:00,0.2,1008.9,1008.9,1008.5,7,24.5,23.5,24.6,24.5,23.6,23.4,94,94,94,91,1.5,0.0,N,PA,BELEM,A201,-1.411228,-48.439512,21.17
543,2019-04-01,12:00,3.8,1011.3,1011.3,1010.6,342,24.9,23.8,25.7,24.8,24.5,23.6,94,92,93,85,2.9,0.2,N,PA,BELEM,A201,-1.411228,-48.439512,21.17
544,2019-04-01,16:00,0.8,1010.0,1010.9,1010.0,693,25.5,23.7,26.5,25.5,24.4,23.5,90,87,90,80,2.9,0.9,N,PA,BELEM,A201,-1.411228,-48.439512,21.17
545,2019-04-01,20:00,0.0,1008.3,1008.3,1008.1,213,26.0,24.0,26.1,25.8,24.0,23.4,89,86,89,54,3.6,0.1,N,PA,BELEM,A201,-1.411228,-48.439512,21.17
546,2019-04-02,00:00,0.0,1009.9,1010.0,1009.4,9,25.0,23.7,25.1,25.0,23.8,23.6,93,92,92,28,2.4,0.4,N,PA,BELEM,A201,-1.411228,-48.439512,21.17
547,2019-04-02,04:00,0.0,1008.5,1009.3,1008.5,8,24.5,23.2,24.7,24.5,23.4,23.2,93,93,93,39,2.3,0.1,N,PA,BELEM,A201,-1.411228,-48.439512,21.17
548,2019-04-02,08:00,0.0,1008.7,1008.7,1008.3,5,24.1,23.0,24.4,24.1,23.3,23.0,94,94,94,96,1.3,0.0,N,PA,BELEM,A201,-1.411228,-48.439512,21.17
549,2019-04-02,12:00,0.0,1011.2,1011.2,1010.3,534,26.4,24.1,26.4,25.6,24.4,23.7,91,86,87,136,0.0,0.0,N,PA,BELEM,A201,-1.411228,-48.439512,21.17
550,2019-04-02,16:00,0.0,1009.3,1010.1,1009.3,1174,28.1,23.9,28.5,26.9,24.5,23.8,85,77,78,340,4.8,0.8,N,PA,BELEM,A201,-1.411228,-48.439512,21.17
551,2019-04-02,20:00,0.0,1007.3,1007.6,1007.1,702,27.7,23.9,28.7,27.7,24.7,23.9,83,78,80,89,2.9,0.2,N,PA,BELEM,A201,-1.411228,-48.439512,21.17
552,2019-04-03,00:00,0.0,1009.3,1009.3,1008.5,14,25.7,23.8,25.8,25.6,23.9,23.7,90,89,89,29,3.3,0.1,N,PA,BELEM,A201,-1.411228,-48.439512,21.17
553,2019-04-03,04:00,0.0,1009.0,1009.9,1009.0,9,25.5,23.7,25.6,25.5,23.7,23.6,90,89,90,355,2.6,0.0,N,PA,BELEM,A201,-1.411228,-48.439512,21.17
554,2019-04-03,08:00,0.0,1008.3,1008.3,1008.2,11,24.7,23.5,25.1,24.7,23.8,23.5,93,92,93,121,0.0,0.0,N,PA,BELEM,A201,-1.411228,-48.439512,21.17
555,2019-04-03,12:00,0.0,1010.8,1010.8,1009.9,548,28.0,24.3,28.1,27.3,24.6,24.1,83,79,80,11,4.1,1.2,N,PA,BELEM,A201,-1.411228,-48.439512,21.17
556,2019-04-03,16:00,0.0,1008.8,1010.0,1008.8,2884,31.4,25.5,32.0,30.5,26.3,24.4,76,68,71,23,5.6,1.7,N,PA,BELEM,A201,-1.411228,-48.439512,21.17
557,2019-04-03,20:00,0.0,1006.9,1006.9,1006.6,457,27.5,23.8,28.5,27.4,24.8,23.7,82,78,81,26,7.6,2.0,N,PA,BELEM,A201,-1.411228,-48.439512,21.17
558,2019-04-04,00:00,0.0,1009.1,1009.1,1008.5,4,26.1,23.8,26.2,26.1,24.0,23.8,88,87,87,13,4.2,1.2,N,PA,BELEM,A201,-1.411228,-48.439512,21.17
559,2019-04-04,04:00,0.4,1008.4,1009.4,1008.4,8,24.6,23.4,25.0,24.6,23.7,23.4,93,92,93,81,3.1,0.2,N,PA,BELEM,A201,-1.411228,-48.439512,21.17
560,2019-04-04,08:00,1.0,1007.1,1007.2,1006.9,8,24.5,23.3,24.6,24.5,23.4,23.3,93,93,93,25,3.4,0.6,N,PA,BELEM,A201,-1.411228,-48.439512,21.17
561,2019-04-04,12:00,0.2,1010.2,1010.2,1008.9,589,25.5,23.9,26.2,25.4,24.7,23.9,93,89,91,75,5.8,0.5,N,PA,BELEM,A201,-1.411228,-48.439512,21.17
562,2019-04-04,16:00,0.4,1009.1,1009.9,1009.1,786,25.7,24.0,26.5,25.5,25.0,23.8,93,90,91,53,4.8,1.1,N,PA,BELEM,A201,-1.411228,-48.439512,21.17
563,2019-04-04,20:00,1.0,1008.8,1008.8,1008.4,181,23.3,21.7,23.9,23.3,22.3,21.6,91,89,91,354,4.6,0.6,N,PA,BELEM,A201,-1.411228,-48.439512,21.17
564,2019-04-05,00:00,0.0,1010.6,1010.6,1009.3,7,22.9,21.5,23.1,22.8,21.6,21.4,92,91,92,137,2.1,0.2,N,PA,BELEM,A201,-1.411228,-48.439512,21.17
565,2019-04-05,04:00,0.0,1011.0,1011.6,1011.0,6,22.9,21.6,22.9,22.6,21.6,21.2,93,92,93,164,1.7,0.7,N,PA,BELEM,A201,-1.411228,-48.439512,21.17
566,2019-04-05,08:00,0.0,1009.0,1009.2,1009.0,3,23.1,22.1,23.2,23.1,22.2,22.1,94,94,94,132,0.7,0.0,N,PA,BELEM,A201,-1.411228,-48.439512,21.17
567,2019-04-05,12:00,0.0,1011.8,1011.8,1010.9,657,25.5,23.2,25.5,24.1,23.6,22.9,94,87,87,135,2.2,0.2,N,PA,BELEM,A201,-1.411228,-48.439512,21.17
568,2019-04-05,16:00,0.0,1010.4,1011.4,1010.4,1095,29.3,23.7,29.6,28.7,24.6,23.4,77,71,72,307,3.8,1.2,N,PA,BELEM,A201,-1.411228,-48.439512,21.17
569,2019-04-05,20:00,0.0,1007.9,1008.1,1007.7,1283,27.5,23.9,29.1,26.7,25.5,23.9,90,76,81,33,5.1,0.9,N,PA,BELEM,A201,-1.411228,-48.439512,21.17
570,2019-04-06,00:00,0.0,1011.0,1011.0,1010.0,15,25.4,23.6,25.7,25.4,23.7,23.6,90,89,90,353,2.7,0.3,N,PA,BELEM,A201,-1.411228,-48.439512,21.17
571,2019-04-06,04:00,0.0,1010.7,1011.5,1010.7,14,24.8,23.3,25.1,24.8,23.4,23.3,91,91,91,25,2.5,0.3,N,PA,BELEM,A201,-1.411228,-48.439512,21.17
572,2019-04-06,08:00,0.0,1009.4,1009.5,1009.3,14,24.3,22.9,24.6,24.3,23.1,22.9,92,91,92,41,5.3,0.3,N,PA,BELEM,A201,-1.411228,-48.439512,21.17
573,2019-04-06,12:00,0.0,1012.5,1012.5,1011.7,1409,29.1,24.4,29.2,26.5,24.6,23.4,85,74,76,48,4.7,0.7,N,PA,BELEM,A201,-1.411228,-48.439512,21.17
574,2019-04-06,16:00,22.6,1011.4,1012.0,1011.4,752,24.6,23.2,28.0,24.5,25.6,23.1,92,79,92,31,6.5,1.6,N,PA,BELEM,A201,-1.411228,-48.439512,21.17
575,2019-04-06,20:00,0.0,1008.8,1008.8,1008.5,530,26.7,23.6,26.8,26.0,23.8,23.2,87,83,83,40,4.3,0.6,N,PA,BELEM,A201,-1.411228,-48.439512,21.17
576,2019-04-07,00:00,0.0,1011.0,1011.0,1010.3,16,24.8,23.0,25.0,24.8,23.1,23.0,90,89,90,14,1.6,0.2,N,PA,BELEM,A201,-1.411228,-48.439512,21.17
577,2019-04-07,04:00,0.0,1011.1,1012.0,1011.1,15,24.6,23.1,24.8,24.6,23.1,23.1,92,90,92,116,2.6,0.9,N,PA,BELEM,A201,-1.411228,-48.439512,21.17
578,2019-04-07,08:00,8.4,1009.8,1009.8,1009.6,14,24.0,23.0,24.0,23.9,23.0,22.8,94,94,94,108,1.9,0.6,N,PA,BELEM,A201,-1.411228,-48.439512,21.17
579,2019-04-07,12:00,5.0,1012.6,1012.6,1012.1,132,24.1,23.1,24.1,23.8,23.2,22.9,94,94,94,108,3.5,0.0,N,PA,BELEM,A201,-1.411228,-48.439512,21.17
580,2019-04-07,16:00,0.4,1011.0,1012.0,1011.0,715,26.5,24.2,26.6,25.3,24.6,23.8,92,87,87,17,2.9,1.0,N,PA,BELEM,A201,-1.411228,-48.439512,21.17
581,2019-04-07,20:00,0.0,1008.4,1008.4,1008.1,430,27.2,23.9,27.9,26.9,24.4,23.5,85,77,82,11,5.0,1.4,N,PA,BELEM,A201,-1.411228,-48.439512,21.17
582,2019-04-08,00:00,0.0,1010.8,1010.8,1009.7,16,25.5,23.6,25.5,25.4,23.7,23.5,90,89,89,99,1.9,0.1,N,PA,BELEM,A201,-1.411228,-48.439512,21.17
583,2019-04-08,04:00,0.0,1010.2,1010.6,1010.2,16,24.7,23.6,24.8,24.7,23.6,23.5,93,93,93,108,1.4,0.0,N,PA,BELEM,A201,-1.411228,-48.439512,21.17
584,2019-04-08,08:00,0.0,1008.7,1008.7,1008.4,13,24.4,23.1,24.7,24.4,23.3,23.0,92,92,92,20,1.8,0.1,N,PA,BELEM,A201,-1.411228,-48.439512,21.17
585,2019-04-08,12:00,0.0,1011.0,1011.0,1010.9,811,27.3,24.0,27.6,25.6,24.7,23.7,90,81,82,24,2.6,0.9,N,PA,BELEM,A201,-1.411228,-48.439512,21.17
586,2019-04-08,16:00,1.4,1008.8,1009.7,1008.8,1317,28.4,25.2,30.4,28.0,25.4,23.3,83,69,83,123,4.1,1.2,N,PA,BELEM,A201,-1.411228,-48.439512,21.17
587,2019-04-08,20:00,0.0,1006.9,1006.9,1006.5,544,27.3,24.9,27.5,26.4,25.7,24.5,91,85,87,25,4.9,0.7,N,PA,BELEM,A201,-1.411228,-48.439512,21.17
588,2019-04-09,00:00,0.0,1010.2,1010.2,1009.0,11,25.9,24.4,25.9,25.7,24.5,24.3,92,91,92,77,3.3,0.1,N,PA,BELEM,A201,-1.411228,-48.439512,21.17
589,2019-04-09,04:00,0.0,1009.8,1010.8,1009.8,16,25.2,24.0,25.5,25.2,24.2,24.0,93,92,93,120,1.2,0.1,N,PA,BELEM,A201,-1.411228,-48.439512,21.17
590,2019-04-09,08:00,0.0,1008.4,1008.4,1008.2,11,24.6,23.6,24.8,24.6,23.7,23.6,94,94,94,54,1.2,0.0,N,PA,BELEM,A201,-1.411228,-48.439512,21.17
591,2019-04-09,12:00,0.0,1010.8,1010.8,1010.2,782,27.5,24.5,27.5,26.4,24.6,23.8,89,82,84,101,2.6,0.9,N,PA,BELEM,A201,-1.411228,-48.439512,21.17
592,2019-04-09,16:00,3.0,1008.8,1009.3,1008.7,869,25.8,24.3,31.2,24.8,25.7,22.7,94,69,91,91,6.1,0.5,N,PA,BELEM,A201,-1.411228,-48.439512,21.17
593,2019-04-09,20:00,0.4,1007.2,1007.2,1006.5,136,25.4,23.9,25.5,25.3,24.1,23.8,92,91,92,14,3.8,1.0,N,PA,BELEM,A201,-1.411228,-48.439512,21.17
594,2019-04-10,00:00,0.0,1009.8,1009.8,1009.0,14,25.3,24.0,25.4,25.3,24.0,24.0,93,92,93,77,1.8,0.2,N,PA,BELEM,A201,-1.411228,-48.439512,21.17
595,2019-04-10,04:00,0.0,1009.0,1009.8,1009.0,13,24.8,23.7,25.0,24.8,23.8,23.7,93,93,93,344,1.4,0.1,N,PA,BELEM,A201,-1.411228,-48.439512,21.17
596,2019-04-10,08:00,0.0,1008.8,1008.8,1008.5,10,24.7,23.6,24.8,24.7,23.7,23.6,94,94,94,84,0.8,0.0,N,PA,BELEM,A201,-1.411228,-48.439512,21.17
597,2019-04-10,12:00,0.0,1011.6,1011.6,1011.1,577,26.8,24.2,27.0,25.7,24.7,24.1,91,85,86,43,3.1,0.7,N,PA,BELEM,A201,-1.411228,-48.439512,21.17
598,2019-04-10,16:00,0.0,1009.7,1010.8,1009.7,1652,28.8,23.6,30.0,28.2,24.2,22.6,78,65,74,332,5.7,1.6,N,PA,BELEM,A201,-1.411228,-48.439512,21.17
599,2019-04-10,20:00,0.0,1008.1,1008.1,1007.5,1350,27.9,22.5,29.5,27.9,24.4,22.5,79,69,73,322,6.2,2.0,N,PA,BELEM,A201,-1.411228,-48.439512,21.17
600,2019-04-11,00:00,0.0,1009.7,1009.8,1009.4,10,25.7,22.2,26.3,25.6,22.2,22.0,82,77,81,2,2.5,0.2,N,PA,BELEM,A201,-1.411228,-48.439512,21.17
601,2019-04-11,04:00,0.0,1009.1,1009.8,1009.1,10,25.0,23.0,25.2,24.9,23.0,22.9,89,87,89,44,2.6,0.5,N,PA,BELEM,A201,-1.411228,-48.439512,21.17
602,2019-04-11,08:00,0.0,1008.7,1008.7,1008.2,6,23.9,22.8,24.1,23.8,22.9,22.7,94,93,94,119,0.8,0.1,N,PA,BELEM,A201,-1.411228,-48.439512,21.17
603,2019-04-11,12:00,0.0,1011.1,1011.1,1010.3,630,27.2,23.9,27.3,26.3,24.2,23.4,87,80,82,360,2.2,0.3,N,PA,BELEM,A201,-1.411228,-48.439512,21.17
604,2019-04-11,16:00,0.0,1008.8,1010.2,1008.8,2083,30.3,24.1,31.5,30.1,25.0,23.2,73,63,70,298,5.8,1.2,N,PA,BELEM,A201,-1.411228,-48.439512,21.17
605,2019-04-11,20:00,0.0,1008.0,1008.3,1007.5,131,26.2,24.2,27.8,26.2,24.9,23.9,89,85,89,68,2.8,0.2,N,PA,BELEM,A201,-1.411228,-48.439512,21.17
606,2019-04-12,00:00,0.0,1010.9,1010.9,1009.9,5,25.1,23.8,25.3,25.1,23.9,23.8,92,92,92,121,1.9,0.1,N,PA,BELEM,A201,-1.411228,-48.439512,21.17
607,2019-04-12,04:00,0.0,1009.9,1010.6,1009.9,9,24.8,23.6,24.9,24.8,23.7,23.6,93,93,93,121,1.1,0.0,N,PA,BELEM,A201,-1.411228,-48.439512,21.17
608,2019-04-12,08:00,0.0,1009.2,1009.3,1009.2,9,24.6,23.6,24.6,24.5,23.6,23.5,94,94,94,96,0.0,0.0,N,PA,BELEM,A201,-1.411228,-48.439512,21.17
609,2019-04-12,12:00,0.0,1010.9,1010.9,1010.5,1302,27.9,24.0,28.2,26.0,24.8,23.6,91,79,80,103,3.4,1.4,N,PA,BELEM,A201,-1.411228,-48.439512,21.17
610,2019-04-12,16:00,0.0,1008.8,1009.9,1008.8,2285,30.9,23.3,32.7,30.5,25.4,22.8,71,57,64,161,4.4,1.0,N,PA,BELEM,A201,-1.411228,-48.439512,21.17
611,2019-04-12,20:00,0.0,1006.4,1006.6,1006.1,1001,29.7,24.4,32.5,29.2,25.9,23.9,77,65,73,10,6.3,1.5,N,PA,BELEM,A201,-1.411228,-48.439512,21.17
612,2019-04-13,00:00,1.2,1009.5,1009.5,1008.9,6,25.4,24.1,25.5,25.3,24.2,24.0,93,92,93,107,2.1,0.3,N,PA,BELEM,A201,-1.411228,-48.439512,21.17
613,2019-04-13,04:00,0.0,1009.5,1010.1,1009.5,10,24.9,23.8,25.0,24.8,23.9,23.7,94,93,94,118,0.0,0.0,N,PA,BELEM,A201,-1.411228,-48.439512,21.17
614,2019-04-13,08:00,0.0,1008.3,1008.3,1007.8,8,24.5,23.4,24.5,24.4,23.5,23.4,94,94,94,91,1.0,0.0,N,PA,BELEM,A201,-1.411228,-48.439512,21.17
615,2019-04-13,12:00,0.0,1010.4,1010.5,1009.8,1430,29.2,25.1,29.2,26.8,25.3,24.1,90,78,79,112,4.0,1.5,N,PA,BELEM,A201,-1.411228,-48.439512,21.17
616,2019-04-13,16:00,0.0,1007.7,1009.1,1007.7,2077,32.7,23.6,33.8,31.8,25.2,22.8,65,53,59,174,4.6,0.8,N,PA,BELEM,A201,-1.411228,-48.439512,21.17
617,2019-04-13,20:00,0.0,1006.1,1006.2,1005.7,194,26.7,24.1,27.7,26.7,25.8,24.1,90,85,85,17,5.3,1.3,N,PA,BELEM,A201,-1.411228,-48.439512,21.17
618,2019-04-14,00:00,0.8,1009.1,1009.1,1008.3,6,25.8,24.5,26.2,25.8,24.6,24.5,93,91,93,133,1.3,0.2,N,PA,BELEM,A201,-1.411228,-48.439512,21.17
619,2019-04-14,04:00,0.0,1008.8,1009.3,1008.8,10,25.2,24.1,25.3,25.2,24.2,24.1,94,93,94,159,2.4,1.0,N,PA,BELEM,A201,-1.411228,-48.439512,21.17
620,2019-04-14,08:00,0.2,1008.4,1008.4,1007.9,9,24.6,23.5,24.7,24.5,23.6,23.4,94,94,94,120,2.1,0.1,N,PA,BELEM,A201,-1.411228,-48.439512,21.17
621,2019-04-14,12:00,1.0,1010.6,1010.6,1010.0,95,23.3,22.3,23.4,22.8,22.3,21.8,94,94,94,260,0.0,0.0,N,PA,BELEM,A201,-1.411228,-48.439512,21.17
622,2019-04-14,16:00,0.0,1009.3,1010.6,1009.3,2628,30.2,24.3,30.2,27.8,24.9,22.9,78,68,71,19,4.0,1.1,N,PA,BELEM,A201,-1.411228,-48.439512,21.17
623,2019-04-14,20:00,10.0,1008.0,1008.1,1007.3,82,24.1,22.8,24.3,23.2,23.1,21.8,93,90,93,45,6.1,1.3,N,PA,BELEM,A201,-1.411228,-48.439512,21.17
624,2019-04-15,00:00,0.2,1010.4,1010.4,1009.6,5,24.4,23.3,24.5,24.4,23.4,23.3,94,93,94,47,2.3,0.2,N,PA,BELEM,A201,-1.411228,-48.439512,21.17
625,2019-04-15,04:00,0.0,1009.7,1010.8,1009.7,8,24.1,23.1,24.2,24.0,23.1,23.0,94,94,94,136,1.1,0.4,N,PA,BELEM,A201,-1.411228,-48.439512,21.17
626,2019-04-15,08:00,0.0,1008.2,1008.2,1008.0,8,23.8,22.8,23.8,23.7,22.9,22.8,94,94,94,112,2.2,0.2,N,PA,BELEM,A201,-1.411228,-48.439512,21.17
627,2019-04-15,12:00,0.0,1010.5,1010.6,1010.3,801,27.0,23.8,27.0,25.3,24.0,23.4,90,83,83,97,4.4,1.5,N,PA,BELEM,A201,-1.411228,-48.439512,21.17
628,2019-04-15,16:00,0.0,1008.6,1009.5,1008.6,1475,30.5,24.3,32.6,30.4,25.4,22.8,70,58,70,266,4.1,0.7,N,PA,BELEM,A201,-1.411228,-48.439512,21.17
629,2019-04-15,20:00,1.0,1006.6,1006.6,1006.0,285,26.1,24.4,26.1,25.3,24.7,24.0,93,91,91,353,4.9,1.4,N,PA,BELEM,A201,-1.411228,-48.439512,21.17
630,2019-04-16,00:00,0.0,1009.2,1009.2,1008.5,7,25.4,24.0,25.5,25.4,24.1,24.0,92,91,92,91,1.5,0.0,N,PA,BELEM,A201,-1.411228,-48.439512,21.17
631,2019-04-16,04:00,0.0,1009.7,1010.0,1009.6,6,24.9,23.4,25.2,24.9,23.5,23.3,91,90,91,68,1.7,0.1,N,PA,BELEM,A201,-1.411228,-48.439512,21.17
632,2019-04-16,08:00,0.0,1008.6,1008.6,1008.3,9,24.4,23.3,24.7,24.4,23.5,23.3,94,93,94,183,0.0,0.0,N,PA,BELEM,A201,-1.411228,-48.439512,21.17
633,2019-04-16,12:00,0.0,1011.5,1011.5,1011.1,1385,28.2,24.7,28.2,26.8,25.3,24.0,88,80,82,101,3.3,0.9,N,PA,BELEM,A201,-1.411228,-48.439512,21.17
634,2019-04-16,16:00,0.6,1009.2,1010.5,1009.2,466,28.5,24.6,30.4,28.4,25.7,24.0,83,69,79,265,3.5,1.2,N,PA,BELEM,A201,-1.411228,-48.439512,21.17
635,2019-04-16,20:00,0.0,1007.6,1007.7,1006.8,284,26.5,24.4,26.5,25.7,24.4,23.8,90,88,88,76,4.0,0.5,N,PA,BELEM,A201,-1.411228,-48.439512,21.17
636,2019-04-17,00:00,0.8,1009.6,1009.6,1008.7,6,24.6,23.4,24.7,24.6,23.5,23.4,93,93,93,111,1.4,0.3,N,PA,BELEM,A201,-1.411228,-48.439512,21.17
637,2019-04-17,04:00,0.0,1009.4,1009.7,1009.3,5,24.4,23.3,24.4,24.3,23.3,23.2,94,94,94,143,0.0,0.0,N,PA,BELEM,A201,-1.411228,-48.439512,21.17
638,2019-04-17,08:00,0.0,1008.2,1008.3,1007.8,8,24.2,23.2,24.2,23.9,23.2,22.9,94,94,94,120,0.0,0.0,N,PA,BELEM,A201,-1.411228,-48.439512,21.17
639,2019-04-17,12:00,0.0,1011.2,1011.2,1010.4,1002,26.8,23.4,26.9,25.2,24.8,23.3,94,81,82,79,3.0,1.2,N,PA,BELEM,A201,-1.411228,-48.439512,21.17
640,2019-04-17,16:00,0.0,1009.0,1010.5,1009.0,2672,32.8,24.7,32.8,30.1,24.7,21.9,70,57,62,272,3.9,0.8,N,PA,BELEM,A201,-1.411228,-48.439512,21.17
641,2019-04-17,20:00,0.0,1006.2,1006.5,1006.1,386,28.3,24.0,28.6,27.7,24.6,23.9,82,78,78,32,6.1,1.2,N,PA,BELEM,A201,-1.411228,-48.439512,21.17
642,2019-04-18,00:00,0.0,1009.2,1009.2,1008.3,10,27.0,24.1,27.5,26.9,24.7,23.9,87,81,84,91,2.3,0.6,N,PA,BELEM,A201,-1.411228,-48.439512,21.17
643,2019-04-18,04:00,0.0,1008.3,1009.2,1008.3,7,25.7,23.9,25.8,25.7,23.9,23.8,90,89,90,119,1.7,0.1,N,PA,BELEM,A201,-1.411228,-48.439512,21.17
644,2019-04-18,08:00,0.0,1007.4,1007.6,1007.4,8,24.5,23.3,24.8,24.5,23.5,23.3,93,93,93,105,0.0,0.0,N,PA,BELEM,A201,-1.411228,-48.439512,21.17
645,2019-04-18,12:00,0.0,1010.1,1010.1,1009.4,832,27.6,24.3,27.9,26.2,24.8,24.0,91,81,82,104,2.7,1.0,N,PA,BELEM,A201,-1.411228,-48.439512,21.17
646,2019-04-18,16:00,0.0,1007.7,1009.0,1007.7,2027,31.8,23.2,32.9,30.6,24.7,22.7,67,58,60,138,4.6,1.6,N,PA,BELEM,A201,-1.411228,-48.439512,21.17
647,2019-04-18,20:00,0.0,1004.4,1004.9,1004.4,887,30.2,25.0,31.4,28.4,25.6,24.2,83,68,74,335,6.9,1.2,N,PA,BELEM,A201,-1.411228,-48.439512,21.17
648,2019-04-19,00:00,0.0,1008.6,1008.6,1008.0,6,25.8,24.3,25.8,25.4,24.4,24.2,93,92,92,49,3.6,0.4,N,PA,BELEM,A201,-1.411228,-48.439512,21.17
649,2019-04-19,04:00,0.0,1009.0,1009.7,1009.0,5,25.3,24.0,25.5,25.3,24.1,24.0,93,92,93,109,1.6,0.0,N,PA,BELEM,A201,-1.411228,-48.439512,21.17
650,2019-04-19,08:00,0.0,1007.7,1007.7,1007.6,4,24.7,23.6,24.9,24.7,23.7,23.6,93,93,93,92,0.0,0.0,N,PA,BELEM,A201,-1.411228,-48.439512,21.17
651,2019-04-19,12:00,0.0,1010.9,1010.9,1009.9,966,28.8,24.6,29.1,27.3,25.2,24.2,85,77,78,58,4.8,0.9,N,PA,BELEM,A201,-1.411228,-48.439512,21.17
652,2019-04-19,16:00,12.4,1009.1,1010.2,1009.1,928,26.6,24.6,31.3,25.9,25.8,23.8,90,67,88,320,5.2,0.4,N,PA,BELEM,A201,-1.411228,-48.439512,21.17
653,2019-04-19,20:00,0.0,1006.9,1007.0,1006.7,485,28.6,23.3,30.0,28.6,24.1,23.3,75,69,73,26,5.0,1.2,N,PA,BELEM,A201,-1.411228,-48.439512,21.17
654,2019-04-20,00:00,0.0,1010.1,1010.1,1009.0,4,25.6,23.0,26.6,25.6,23.3,22.7,86,81,86,88,5.8,0.9,N,PA,BELEM,A201,-1.411228,-48.439512,21.17
655,2019-04-20,04:00,0.0,1009.3,1010.1,1009.3,1,24.9,23.1,25.2,24.9,23.2,23.1,90,88,90,123,2.1,0.2,N,PA,BELEM,A201,-1.411228,-48.439512,21.17
656,2019-04-20,08:00,0.0,1008.3,1008.5,1008.3,4,24.6,23.4,24.7,24.4,23.4,23.2,93,93,93,160,1.5,0.0,N,PA,BELEM,A201,-1.411228,-48.439512,21.17
657,2019-04-20,12:00,0.0,1010.9,1010.9,1010.2,1248,28.8,24.1,28.8,27.5,24.6,23.5,82,75,76,95,2.8,0.8,N,PA,BELEM,A201,-1.411228,-48.439512,21.17
658,2019-04-20,16:00,0.0,1009.8,1011.3,1009.8,1495,28.4,23.5,28.4,25.5,24.8,23.3,90,75,75,81,4.9,1.4,N,PA,BELEM,A201,-1.411228,-48.439512,21.17
659,2019-04-20,20:00,0.0,1006.7,1006.9,1006.5,757,29.6,23.6,30.4,29.2,24.3,23.3,73,68,70,357,4.6,1.5,N,PA,BELEM,A201,-1.411228,-48.439512,21.17
660,2019-04-21,00:00,0.0,1009.2,1009.2,1008.7,1,25.4,23.0,25.8,25.4,23.2,23.0,87,85,87,86,2.3,0.5,N,PA,BELEM,A201,-1.411228,-48.439512,21.17
661,2019-04-21,04:00,0.0,1009.2,1009.8,1009.2,2,24.8,22.8,24.9,24.7,22.8,22.6,89,87,89,81,2.6,0.2,N,PA,BELEM,A201,-1.411228,-48.439512,21.17
662,2019-04-21,08:00,0.0,1008.1,1008.1,1007.7,2,24.3,22.8,24.4,24.2,22.9,22.8,92,92,92,83,2.8,0.1,N,PA,BELEM,A201,-1.411228,-48.439512,21.17
663,2019-04-21,12:00,0.0,1009.8,1009.8,1008.8,970,28.1,23.5,28.4,27.2,23.8,23.1,80,74,76,51,4.2,1.0,N,PA,BELEM,A201,-1.411228,-48.439512,21.17
664,2019-04-21,16:00,8.0,1008.5,1009.4,1008.5,473,25.8,24.3,29.7,25.5,24.5,23.6,91,73,91,296,6.7,0.6,N,PA,BELEM,A201,-1.411228,-48.439512,21.17
665,2019-04-21,20:00,0.2,1007.5,1007.5,1007.1,131,24.9,23.5,25.2,24.9,23.7,23.3,92,90,92,151,3.5,0.1,N,PA,BELEM,A201,-1.411228,-48.439512,21.17
666,2019-04-22,00:00,0.2,1009.4,1009.4,1008.8,4,25.0,23.9,25.1,25.0,24.0,23.8,93,93,93,230,1.7,0.0,N,PA,BELEM,A201,-1.411228,-48.439512,21.17
667,2019-04-22,04:00,0.0,1008.4,1009.3,1008.4,3,25.3,24.2,25.3,25.1,24.2,24.1,94,94,94,269,0.8,0.0,N,PA,BELEM,A201,-1.411228,-48.439512,21.17
668,2019-04-22,08:00,0.0,1007.6,1007.6,1007.2,2,24.9,23.9,25.0,24.8,24.0,23.8,94,94,94,88,0.6,0.0,N,PA,BELEM,A201,-1.411228,-48.439512,21.17
669,2019-04-22,12:00,0.0,1009.6,1009.6,1008.7,865,27.5,24.3,27.8,26.0,25.7,24.3,94,83,83,50,2.6,0.7,N,PA,BELEM,A201,-1.411228,-48.439512,21.17
670,2019-04-22,16:00,0.2,1007.7,1008.8,1007.6,1082,28.1,25.1,30.6,28.1,25.7,23.8,83,70,83,348,4.2,1.1,N,PA,BELEM,A201,-1.411228,-48.439512,21.17
671,2019-04-22,20:00,0.6,1006.3,1006.4,1005.8,72,26.0,24.4,26.4,26.0,24.4,24.1,90,88,90,20,4.5,0.9,N,PA,BELEM,A201,-1.411228,-48.439512,21.17
672,2019-04-23,00:00,1.0,1009.1,1009.1,1008.3,5,25.3,24.1,25.4,25.2,24.2,24.1,93,93,93,137,1.7,0.8,N,PA,BELEM,A201,-1.411228,-48.439512,21.17
673,2019-04-23,04:00,0.0,1009.2,1009.5,1009.1,3,24.6,23.5,24.7,24.6,23.6,23.5,94,94,94,148,1.5,0.5,N,PA,BELEM,A201,-1.411228,-48.439512,21.17
674,2019-04-23,08:00,0.2,1008.1,1008.1,1007.8,3,24.5,23.4,24.6,24.4,23.5,23.3,94,94,94,30,1.8,0.0,N,PA,BELEM,A201,-1.411228,-48.439512,21.17
675,2019-04-23,12:00,0.0,1010.4,1010.4,1009.7,1028,27.7,24.4,27.7,25.7,25.9,24.0,94,82,82,111,2.6,1.3,N,PA,BELEM,A201,-1.411228,-48.439512,21.17
676,2019-04-23,16:00,5.0,1009.2,1010.0,1009.1,1284,26.6,23.6,31.7,26.6,25.1,23.0,83,62,83,71,4.8,1.0,N,PA,BELEM,A201,-1.411228,-48.439512,21.17
677,2019-04-23,20:00,0.0,1006.7,1006.8,1006.4,398,26.7,24.0,26.8,26.4,24.2,23.8,86,85,85,28,3.7,0.6,N,PA,BELEM,A201,-1.411228,-48.439512,21.17
678,2019-04-24,00:00,0.0,1009.5,1009.5,1008.6,4,25.7,24.1,25.9,25.7,24.4,24.1,91,91,91,88,1.6,0.4,N,PA,BELEM,A201,-1.411228,-48.439512,21.17
679,2019-04-24,04:00,0.0,1009.4,1010.1,1009.4,3,24.8,23.5,25.1,24.8,23.7,23.5,92,92,92,115,1.5,0.3,N,PA,BELEM,A201,-1.411228,-48.439512,21.17
680,2019-04-24,08:00,0.0,1007.9,1008.1,1007.8,2,24.2,22.7,24.4,24.2,22.9,22.7,91,91,91,108,1.3,0.0,N,PA,BELEM,A201,-1.411228,-48.439512,21.17
681,2019-04-24,12:00,0.0,1010.6,1010.6,1009.7,1120,27.6,23.6,28.0,25.9,24.4,23.2,86,78,79,105,3.6,1.7,N,PA,BELEM,A201,-1.411228,-48.439512,21.17
682,2019-04-24,16:00,0.0,1008.9,1010.2,1008.9,2569,31.1,23.7,33.0,31.1,25.1,22.6,70,56,65,123,6.7,2.1,N,PA,BELEM,A201,-1.411228,-48.439512,21.17
683,2019-04-24,20:00,0.0,1008.1,1008.2,1007.7,363,27.3,23.4,27.5,27.1,24.2,23.4,83,79,80,43,3.9,0.8,N,PA,BELEM,A201,-1.411228,-48.439512,21.17
684,2019-04-25,00:00,0.0,1010.2,1010.2,1009.4,4,25.3,23.8,25.4,25.3,23.9,23.7,92,91,92,130,0.8,0.3,N,PA,BELEM,A201,-1.411228,-48.439512,21.17
685,2019-04-25,04:00,0.0,1009.4,1010.3,1009.4,2,24.5,23.3,24.8,24.5,23.5,23.2,93,92,93,329,1.2,0.0,N,PA,BELEM,A201,-1.411228,-48.439512,21.17
686,2019-04-25,08:00,0.0,1008.8,1008.8,1008.3,1,23.9,22.9,24.1,23.9,23.1,22.8,94,94,94,219,0.9,0.0,N,PA,BELEM,A201,-1.411228,-48.439512,21.17
687,2019-04-25,12:00,0.0,1010.8,1010.8,1010.6,1054,28.3,24.8,28.3,26.7,25.5,24.0,91,80,82,123,3.2,1.5,N,PA,BELEM,A201,-1.411228,-48.439512,21.17
688,2019-04-25,16:00,0.0,1008.9,1010.2,1008.9,2431,31.7,24.4,32.0,30.3,25.3,23.7,73,63,65,170,4.8,1.1,N,PA,BELEM,A201,-1.411228,-48.439512,21.17
689,2019-04-25,20:00,0.4,1008.5,1009.0,1007.7,84,24.5,23.4,24.6,23.3,23.4,22.2,94,93,93,69,1.8,0.3,N,PA,BELEM,A201,-1.411228,-48.439512,21.17
690,2019-04-26,00:00,0.0,1010.5,1010.6,1009.5,4,24.7,23.6,24.7,24.4,23.6,23.3,94,94,94,113,2.9,0.9,N,PA,BELEM,A201,-1.411228,-48.439512,21.17
691,2019-04-26,04:00,0.0,1010.7,1010.7,1010.4,2,24.7,23.7,24.7,24.6,23.7,23.5,94,94,94,80,1.3,0.0,N,PA,BELEM,A201,-1.411228,-48.439512,21.17
692,2019-04-26,08:00,0.0,1010.0,1010.0,1009.6,2,24.5,23.4,24.6,24.4,23.5,23.4,94,94,94,135,0.0,0.0,N,PA,BELEM,A201,-1.411228,-48.439512,21.17
693,2019-04-26,12:00,0.0,1011.5,1011.5,1011.0,896,27.7,24.6,27.8,26.7,25.1,23.9,88,82,83,113,4.5,1.7,N,PA,BELEM,A201,-1.411228,-48.439512,21.17
694,2019-04-26,16:00,0.0,1009.5,1010.9,1009.5,2668,31.3,23.1,31.9,29.3,23.7,22.5,69,60,62,116,5.4,2.5,N,PA,BELEM,A201,-1.411228,-48.439512,21.17
695,2019-04-26,20:00,0.0,1006.5,1006.5,1006.3,533,30.2,24.1,31.3,30.2,24.8,23.2,70,62,70,114,3.3,0.9,N,PA,BELEM,A201,-1.411228,-48.439512,21.17
696,2019-04-27,00:00,4.2,1009.2,1009.2,1008.7,6,26.2,24.6,26.8,26.0,24.6,24.3,91,86,91,15,4.3,1.3,N,PA,BELEM,A201,-1.411228,-48.439512,21.17
697,2019-04-27,04:00,1.6,1010.1,1010.8,1010.1,4,23.9,22.5,25.1,23.9,23.7,22.4,92,91,92,141,4.6,0.1,N,PA,BELEM,A201,-1.411228,-48.439512,21.17
698,2019-04-27,08:00,0.0,1009.1,1009.1,1008.7,0,24.2,23.1,24.3,24.2,23.2,23.1,94,93,94,116,0.0,0.0,N,PA,BELEM,A201,-1.411228,-48.439512,21.17
699,2019-04-27,12:00,0.0,1011.2,1011.2,1010.6,701,28.2,24.0,28.2,26.9,24.8,23.8,85,78,78,61,3.5,0.7,N,PA,BELEM,A201,-1.411228,-48.439512,21.17
700,2019-04-27,16:00,0.0,1009.0,1010.2,1009.0,2377,31.5,25.2,32.6,30.3,25.2,23.1,72,60,69,334,4.5,1.6,N,PA,BELEM,A201,-1.411228,-48.439512,21.17
701,2019-04-27,20:00,0.0,1006.8,1006.8,1006.5,1282,28.2,23.3,30.6,28.2,24.9,23.0,80,68,75,12,5.4,1.7,N,PA,BELEM,A201,-1.411228,-48.439512,21.17
702,2019-04-28,00:00,0.0,1010.1,1010.1,1009.1,4,25.9,24.2,26.6,25.9,24.3,24.2,91,87,91,122,3.1,1.3,N,PA,BELEM,A201,-1.411228,-48.439512,21.17
703,2019-04-28,04:00,0.0,1009.8,1010.1,1009.8,2,24.8,23.6,24.9,24.6,23.7,23.5,93,93,93,335,1.1,0.0,N,PA,BELEM,A201,-1.411228,-48.439512,21.17
704,2019-04-28,08:00,0.0,1008.3,1008.3,1007.5,2,24.3,23.2,24.5,24.2,23.4,23.1,94,93,93,133,0.0,0.0,N,PA,BELEM,A201,-1.411228,-48.439512,21.17
705,2019-04-28,12:00,0.0,1011.4,1011.4,1010.6,751,26.7,23.4,26.8,26.1,23.8,23.1,86,81,82,106,2.5,0.7,N,PA,BELEM,A201,-1.411228,-48.439512,21.17
706,2019-04-28,16:00,0.0,1009.6,1011.0,1009.6,1317,30.5,23.1,30.6,28.6,24.8,23.1,77,65,65,49,4.0,0.7,N,PA,BELEM,A201,-1.411228,-48.439512,21.17
707,2019-04-28,20:00,0.0,1007.3,1007.3,1006.7,818,30.4,23.7,30.5,29.2,23.8,22.4,70,64,68,26,6.0,1.9,N,PA,BELEM,A201,-1.411228,-48.439512,21.17
708,2019-04-29,00:00,0.0,1010.4,1010.4,1009.7,0,26.0,23.4,26.3,26.0,23.5,23.3,86,84,85,26,4.5,0.9,N,PA,BELEM,A201,-1.411228,-48.439512,21.17
709,2019-04-29,04:00,0.0,1009.5,1010.4,1009.5,0,25.4,23.4,25.5,25.4,23.5,23.4,89,88,88,23,1.7,0.3,N,PA,BELEM,A201,-1.411228,-48.439512,21.17
710,2019-04-29,08:00,0.0,1008.4,1008.4,1008.0,0,24.8,22.8,25.1,24.7,23.6,22.8,91,89,89,242,3.4,0.2,N,PA,BELEM,A201,-1.411228,-48.439512,21.17
711,2019-04-29,12:00,0.0,1010.1,1010.2,1010.0,829,28.3,23.6,28.3,26.7,24.1,23.4,85,76,76,24,2.7,0.4,N,PA,BELEM,A201,-1.411228,-48.439512,21.17
712,2019-04-29,16:00,0.8,1008.5,1010.0,1008.5,1373,29.4,24.2,29.8,26.9,25.8,23.6,87,73,74,329,5.6,1.2,N,PA,BELEM,A201,-1.411228,-48.439512,21.17
713,2019-04-29,20:00,3.6,1006.8,1007.1,1006.8,677,26.6,24.5,31.4,26.6,25.2,23.6,89,66,89,305,3.6,0.5,N,PA,BELEM,A201,-1.411228,-48.439512,21.17
714,2019-04-30,00:00,0.6,1010.2,1010.2,1009.3,1,25.6,23.7,25.9,25.6,23.8,23.6,90,87,90,103,2.8,0.2,N,PA,BELEM,A201,-1.411228,-48.439512,21.17
715,2019-04-30,04:00,0.0,1010.1,1010.6,1010.1,2,25.1,23.8,25.2,25.1,23.9,23.8,93,92,93,104,1.1,0.0,N,PA,BELEM,A201,-1.411228,-48.439512,21.17
716,2019-04-30,08:00,0.0,1009.5,1009.5,1009.1,0,24.9,23.7,24.9,24.8,23.7,23.6,93,93,93,356,0.0,0.0,N,PA,BELEM,A201,-1.411228,-48.439512,21.17
717,2019-04-30,12:00,0.0,1011.7,1011.7,1011.1,404,26.3,24.8,26.3,25.3,24.8,24.2,93,91,91,95,1.2,0.0,N,PA,BELEM,A201,-1.411228,-48.439512,21.17
718,2019-04-30,16:00,0.0,1009.9,1011.0,1009.9,1658,30.2,23.5,31.1,28.9,24.4,22.4,71,62,67,13,5.8,1.2,N,PA,BELEM,A201,-1.411228,-48.439512,21.17
719,2019-04-30,20:00,0.0,1006.5,1006.7,1006.4,847,29.8,24.1,30.5,29.5,24.3,23.0,72,66,71,15,5.7,1.7,N,PA,BELEM,A201,-1.411228,-48.439512,21.17
720,2019-05-01,00:00,0.0,1009.7,1009.7,1009.0,0,26.0,24.0,26.2,25.8,24.0,23.9,90,87,89,102,2.0,0.3,N,PA,BELEM,A201,-1.411228,-48.439512,21.17
721,2019-05-01,04:00,0.0,1010.0,1010.5,1010.0,0,24.8,23.3,25.2,24.8,23.4,23.3,91,90,91,117,1.8,0.6,N,PA,BELEM,A201,-1.411228,-48.439512,21.17
722,2019-05-01,08:00,0.0,1008.7,1008.8,1008.3,0,23.9,22.8,24.1,23.8,23.0,22.7,93,93,93,107,0.9,0.0,N,PA,BELEM,A201,-1.411228,-48.439512,21.17
723,2019-05-01,12:00,0.0,1011.7,1011.7,1011.3,931,28.1,24.7,28.1,25.8,24.7,23.3,89,80,82,104,2.8,0.8,N,PA,BELEM,A201,-1.411228,-48.439512,21.17
724,2019-05-01,16:00,0.0,1009.1,1010.6,1009.1,1890,30.6,23.8,32.0,30.4,24.8,23.3,69,61,67,158,3.9,1.2,N,PA,BELEM,A201,-1.411228,-48.439512,21.17
725,2019-05-01,20:00,0.0,1006.5,1006.6,1006.2,339,26.4,24.3,26.5,26.2,24.3,23.9,89,86,88,21,4.1,0.4,N,PA,BELEM,A201,-1.411228,-48.439512,21.17
726,2019-05-02,00:00,0.0,1009.4,1009.4,1008.8,1,25.9,24.0,26.0,25.8,24.0,23.9,90,88,90,26,2.5,0.3,N,PA,BELEM,A201,-1.411228,-48.439512,21.17
727,2019-05-02,04:00,0.2,1009.4,1010.0,1009.4,2,25.1,23.8,25.3,25.1,23.9,23.8,92,92,92,118,1.2,0.0,N,PA,BELEM,A201,-1.411228,-48.439512,21.17
728,2019-05-02,08:00,0.0,1007.8,1007.8,1007.5,1,24.8,23.7,24.8,24.7,23.7,23.6,93,93,93,98,1.1,0.0,N,PA,BELEM,A201,-1.411228,-48.439512,21.17
729,2019-05-02,12:00,0.0,1010.5,1010.5,1010.1,856,27.0,24.1,27.4,25.9,24.8,23.8,92,83,84,116,2.8,0.8,N,PA,BELEM,A201,-1.411228,-48.439512,21.17
730,2019-05-02,16:00,0.0,1008.6,1010.2,1008.6,2848,30.8,24.7,30.9,26.7,26.1,23.9,90,67,70,112,2.7,1.3,N,PA,BELEM,A201,-1.411228,-48.439512,21.17
731,2019-05-02,20:00,0.0,1006.5,1006.5,1006.1,631,27.0,24.2,28.5,27.0,25.4,24.0,87,79,84,16,4.8,1.0,N,PA,BELEM,A201,-1.411228,-48.439512,21.17
732,2019-05-03,00:00,0.2,1009.4,1009.4,1008.7,3,25.6,24.2,26.0,25.6,24.6,24.2,92,92,92,49,1.9,0.2,N,PA,BELEM,A201,-1.411228,-48.439512,21.17
733,2019-05-03,04:00,0.0,1008.9,1009.7,1008.9,0,24.7,23.5,24.9,24.7,23.7,23.5,93,92,93,119,1.2,0.1,N,PA,BELEM,A201,-1.411228,-48.439512,21.17
734,2019-05-03,08:00,0.0,1007.7,1007.7,1007.4,0,24.4,23.4,24.5,24.2,23.4,23.2,94,94,94,125,2.2,0.0,N,PA,BELEM,A201,-1.411228,-48.439512,21.17
735,2019-05-03,12:00,0.0,1010.1,1010.1,1009.7,893,27.9,24.8,28.0,26.4,25.7,24.2,93,81,83,91,3.0,1.0,N,PA,BELEM,A201,-1.411228,-48.439512,21.17
736,2019-05-03,16:00,0.0,1008.2,1009.3,1008.2,1960,31.2,23.6,31.8,30.2,24.7,22.8,67,62,64,131,5.5,2.7,N,PA,BELEM,A201,-1.411228,-48.439512,21.17
737,2019-05-03,20:00,0.0,1006.0,1006.2,1005.8,1013,29.1,24.6,29.9,27.6,25.8,24.2,86,75,77,19,5.1,1.7,N,PA,BELEM,A201,-1.411228,-48.439512,21.17
738,2019-05-04,00:00,0.0,1009.0,1009.1,1008.5,0,26.4,23.9,27.1,26.4,24.1,23.9,86,83,86,82,3.1,0.4,N,PA,BELEM,A201,-1.411228,-48.439512,21.17
739,2019-05-04,04:00,0.0,1009.0,1009.5,1009.0,0,25.4,23.7,25.6,25.4,23.8,23.6,91,90,91,47,2.2,0.3,N,PA,BELEM,A201,-1.411228,-48.439512,21.17
740,2019-05-04,08:00,0.0,1007.9,1007.9,1007.7,0,24.5,23.3,24.7,24.4,23.3,23.1,93,92,93,191,1.0,0.0,N,PA,BELEM,A201,-1.411228,-48.439512,21.17
741,2019-05-04,12:00,0.0,1010.4,1010.4,1009.9,794,28.2,24.0,28.7,27.7,24.7,23.8,81,77,78,101,5.9,1.8,N,PA,BELEM,A201,-1.411228,-48.439512,21.17
742,2019-05-04,16:00,0.0,1007.6,1008.9,1007.6,1952,31.3,24.1,32.2,30.7,25.1,22.9,67,61,66,128,4.5,1.7,N,PA,BELEM,A201,-1.411228,-48.439512,21.17
743,2019-05-04,20:00,0.0,1005.7,1005.7,1005.3,391,27.5,22.7,28.5,27.5,23.6,22.5,77,72,75,28,4.8,1.3,N,PA,BELEM,A201,-1.411228,-48.439512,21.17
744,2019-05-05,00:00,0.0,1008.1,1008.1,1007.2,4,25.6,23.4,25.6,25.4,23.7,23.3,90,88,88,48,2.9,0.4,N,PA,BELEM,A201,-1.411228,-48.439512,21.17
745,2019-05-05,04:00,0.0,1008.4,1008.9,1008.4,3,25.4,23.6,25.6,25.4,23.7,23.6,90,89,90,87,3.0,0.6,N,PA,BELEM,A201,-1.411228,-48.439512,21.17
746,2019-05-05,08:00,0.0,1007.8,1007.9,1007.5,0,25.2,23.8,25.4,25.2,23.9,23.8,92,92,92,109,1.1,0.1,N,PA,BELEM,A201,-1.411228,-48.439512,21.17
747,2019-05-05,12:00,0.0,1009.8,1009.8,1009.2,948,28.9,24.8,28.9,27.7,24.9,24.3,85,77,78,97,3.6,1.2,N,PA,BELEM,A201,-1.411228,-48.439512,21.17
748,2019-05-05,16:00,0.0,1007.6,1008.9,1007.6,1628,31.3,23.2,32.1,31.2,24.2,23.1,65,60,62,137,4.2,2.0,N,PA,BELEM,A201,-1.411228,-48.439512,21.17
749,2019-05-05,20:00,0.0,1006.4,1006.4,1006.0,1317,30.5,23.3,31.9,29.5,24.0,22.4,69,61,65,349,3.4,0.4,N,PA,BELEM,A201,-1.411228,-48.439512,21.17
750,2019-05-06,00:00,0.4,1009.5,1009.6,1008.8,6,25.2,22.6,26.0,25.2,23.0,22.6,86,82,86,98,4.4,1.7,N,PA,BELEM,A201,-1.411228,-48.439512,21.17
751,2019-05-06,04:00,0.0,1008.9,1009.3,1008.9,0,24.1,22.5,24.4,24.1,22.6,22.5,91,90,91,125,1.2,0.1,N,PA,BELEM,A201,-1.411228,-48.439512,21.17
752,2019-05-06,08:00,0.0,1008.5,1008.5,1007.9,0,24.0,22.3,24.2,24.0,22.6,22.3,91,90,90,103,1.5,0.3,N,PA,BELEM,A201,-1.411228,-48.439512,21.17
753,2019-05-06,12:00,0.0,1011.2,1011.3,1011.0,1040,28.0,24.3,28.2,26.7,24.7,23.6,86,78,80,105,3.4,1.3,N,PA,BELEM,A201,-1.411228,-48.439512,21.17
754,2019-05-06,16:00,0.0,1008.9,1010.2,1008.9,2726,32.3,23.9,32.6,31.6,24.3,22.7,64,58,61,132,5.1,1.5,N,PA,BELEM,A201,-1.411228,-48.439512,21.17
755,2019-05-06,20:00,0.0,1008.8,1008.8,1007.9,262,27.4,23.9,27.8,27.4,24.5,23.7,83,80,81,68,4.7,0.6,N,PA,BELEM,A201,-1.411228,-48.439512,21.17
756,2019-05-07,00:00,0.6,1010.5,1010.5,1010.1,1,24.6,23.2,24.7,24.6,23.4,23.2,92,92,92,17,2.9,0.0,N,PA,BELEM,A201,-1.411228,-48.439512,21.17
757,2019-05-07,04:00,0.0,1009.6,1010.3,1009.6,1,24.9,23.5,25.0,24.9,23.5,23.4,92,91,92,26,2.3,0.2,N,PA,BELEM,A201,-1.411228,-48.439512,21.17
758,2019-05-07,08:00,0.0,1008.5,1008.6,1008.4,0,24.7,23.5,24.8,24.7,23.6,23.5,93,93,93,167,1.2,0.0,N,PA,BELEM,A201,-1.411228,-48.439512,21.17
759,2019-05-07,12:00,0.0,1010.6,1010.6,1009.7,501,27.1,24.7,27.4,27.0,24.9,24.3,87,84,87,134,3.0,1.3,N,PA,BELEM,A201,-1.411228,-48.439512,21.17
760,2019-05-07,16:00,0.0,1008.4,1009.5,1008.4,1970,30.4,23.6,31.5,28.7,25.5,23.2,80,64,67,31,3.3,0.7,N,PA,BELEM,A201,-1.411228,-48.439512,21.17
761,2019-05-07,20:00,11.0,1009.0,1009.0,1007.8,110,24.5,23.1,26.3,24.5,24.6,23.1,92,90,92,111,4.9,1.8,N,PA,BELEM,A201,-1.411228,-48.439512,21.17
762,2019-05-08,00:00,3.0,1011.1,1011.1,1010.5,2,24.1,23.0,24.1,24.0,23.0,22.9,93,93,93,78,2.7,0.5,N,PA,BELEM,A201,-1.411228,-48.439512,21.17
763,2019-05-08,04:00,0.0,1010.6,1011.6,1010.6,1,23.8,22.6,23.9,23.8,22.8,22.6,93,93,93,111,2.2,0.7,N,PA,BELEM,A201,-1.411228,-48.439512,21.17
764,2019-05-08,08:00,0.0,1007.7,1008.0,1007.6,0,23.6,22.5,23.6,23.5,22.5,22.4,94,94,94,139,1.3,0.0,N,PA,BELEM,A201,-1.411228,-48.439512,21.17
765,2019-05-08,12:00,0.0,1010.6,1010.6,1010.1,1256,27.7,23.7,27.7,26.0,23.7,22.5,87,77,79,95,3.2,1.3,N,PA,BELEM,A201,-1.411228,-48.439512,21.17
766,2019-05-08,16:00,0.0,1008.4,1009.6,1008.4,2585,32.5,23.4,32.6,30.2,24.1,22.0,65,55,59,106,4.5,1.1,N,PA,BELEM,A201,-1.411228,-48.439512,21.17
767,2019-05-08,20:00,0.0,1006.4,1006.6,1006.4,509,29.8,24.3,30.9,29.1,24.7,23.5,75,66,72,299,4.2,1.5,N,PA,BELEM,A201,-1.411228,-48.439512,21.17
768,2019-05-09,00:00,2.6,1008.4,1008.4,1007.7,7,25.5,23.5,27.5,25.5,24.0,23.5,89,79,89,100,6.1,0.5,N,PA,BELEM,A201,-1.411228,-48.439512,21.17
769,2019-05-09,04:00,0.0,1008.5,1009.0,1008.5,0,24.7,23.4,24.8,24.6,23.4,23.2,92,91,92,116,0.0,0.0,N,PA,BELEM,A201,-1.411228,-48.439512,21.17
770,2019-05-09,08:00,0.0,1007.5,1007.5,1007.2,0,24.0,22.8,24.2,23.9,23.0,22.7,93,93,93,72,0.0,0.0,N,PA,BELEM,A201,-1.411228,-48.439512,21.17
771,2019-05-09,12:00,0.0,1009.3,1009.3,1008.9,998,28.7,24.3,28.7,27.9,24.8,24.0,82,77,77,99,4.0,1.5,N,PA,BELEM,A201,-1.411228,-48.439512,21.17
772,2019-05-09,16:00,0.0,1007.0,1008.4,1007.0,2033,31.6,23.6,31.9,29.9,24.8,23.0,72,61,63,134,5.5,2.5,N,PA,BELEM,A201,-1.411228,-48.439512,21.17
773,2019-05-09,20:00,8.2,1005.6,1005.7,1004.8,187,26.2,24.7,26.5,25.0,25.2,23.5,93,91,92,156,5.1,2.7,N,PA,BELEM,A201,-1.411228,-48.439512,21.17
774,2019-05-10,00:00,0.0,1008.1,1008.1,1007.2,2,24.9,23.5,25.0,24.9,23.6,23.5,92,92,92,124,2.7,0.6,N,PA,BELEM,A201,-1.411228,-48.439512,21.17
775,2019-05-10,04:00,0.0,1007.3,1007.8,1007.3,0,24.9,23.5,24.9,24.8,23.5,23.5,92,92,92,126,2.3,0.2,N,PA,BELEM,A201,-1.411228,-48.439512,21.17
776,2019-05-10,08:00,0.0,1006.3,1006.3,1006.1,1,24.8,22.9,25.0,24.8,23.2,22.8,90,88,89,90,4.1,0.6,N,PA,BELEM,A201,-1.411228,-48.439512,21.17
777,2019-05-10,12:00,0.0,1008.4,1008.6,1008.4,849,27.0,23.6,27.0,25.6,24.0,23.0,87,82,82,117,2.8,0.9,N,PA,BELEM,A201,-1.411228,-48.439512,21.17
778,2019-05-10,16:00,0.0,1006.2,1007.3,1006.2,1931,29.7,23.8,31.1,29.6,24.8,23.3,72,64,71,144,4.9,1.3,N,PA,BELEM,A201,-1.411228,-48.439512,21.17
779,2019-05-10,20:00,17.4,1005.6,1006.4,1005.1,24,24.6,23.5,25.5,23.5,24.3,22.3,94,92,94,72,8.1,0.4,N,PA,BELEM,A201,-1.411228,-48.439512,21.17
780,2019-05-11,00:00,0.2,1007.9,1007.9,1007.5,1,24.2,23.1,24.3,24.1,23.1,23.0,93,93,93,81,1.7,0.3,N,PA,BELEM,A201,-1.411228,-48.439512,21.17
781,2019-05-11,04:00,0.0,1006.3,1006.9,1006.3,0,24.4,23.3,24.5,24.4,23.4,23.2,93,93,93,119,0.0,0.0,N,PA,BELEM,A201,-1.411228,-48.439512,21.17
782,2019-05-11,08:00,0.0,1005.9,1005.9,1005.4,0,24.3,23.2,24.4,24.2,23.3,23.1,94,94,94,107,0.0,0.0,N,PA,BELEM,A201,-1.411228,-48.439512,21.17
783,2019-05-11,12:00,0.0,1008.4,1008.5,1008.2,797,27.6,24.8,27.6,26.2,24.9,24.0,90,85,85,87,3.4,0.5,N,PA,BELEM,A201,-1.411228,-48.439512,21.17
784,2019-05-11,16:00,0.0,1006.0,1007.4,1006.0,2681,31.5,24.2,31.5,30.4,25.1,23.5,71,64,65,143,6.6,3.1,N,PA,BELEM,A201,-1.411228,-48.439512,21.17
785,2019-05-11,20:00,53.2,1007.3,1007.3,1004.2,72,25.2,24.0,29.7,25.0,24.5,23.4,93,73,93,148,8.5,1.9,N,PA,BELEM,A201,-1.411228,-48.439512,21.17
786,2019-05-12,00:00,0.0,1009.0,1009.0,1007.9,2,24.9,23.6,25.0,24.8,23.7,23.6,93,93,93,72,3.6,0.9,N,PA,BELEM,A201,-1.411228,-48.439512,21.17
787,2019-05-12,04:00,0.0,1008.2,1008.7,1008.2,0,23.9,22.7,24.0,23.8,22.7,22.6,93,93,93,338,1.1,0.0,N,PA,BELEM,A201,-1.411228,-48.439512,21.17
788,2019-05-12,08:00,0.0,1007.7,1007.7,1007.5,0,24.2,23.0,24.2,24.1,23.0,23.0,93,93,93,102,0.0,0.0,N,PA,BELEM,A201,-1.411228,-48.439512,21.17
789,2019-05-12,12:00,0.0,1010.3,1010.4,1010.1,914,27.8,24.6,27.8,25.9,24.6,24.0,90,82,83,94,2.0,0.3,N,PA,BELEM,A201,-1.411228,-48.439512,21.17
790,2019-05-12,16:00,0.0,1009.6,1009.6,1009.3,289,25.7,23.7,25.7,25.4,23.7,23.5,90,88,89,82,2.9,1.1,N,PA,BELEM,A201,-1.411228,-48.439512,21.17
791,2019-05-12,20:00,0.0,1008.9,1008.9,1008.1,198,25.2,23.4,25.2,25.0,23.6,23.3,91,90,90,169,3.8,0.5,N,PA,BELEM,A201,-1.411228,-48.439512,21.17
792,2019-05-13,00:00,0.2,1010.5,1010.5,1010.1,2,24.6,23.4,24.8,24.6,23.5,23.4,93,92,93,155,1.6,0.7,N,PA,BELEM,A201,-1.411228,-48.439512,21.17
793,2019-05-13,04:00,0.0,1009.0,1010.0,1009.0,0,24.1,23.0,24.3,24.1,23.2,23.0,93,93,93,360,0.0,0.0,N,PA,BELEM,A201,-1.411228,-48.439512,21.17
794,2019-05-13,08:00,0.0,1009.4,1009.4,1008.6,0,23.6,22.5,23.8,23.6,22.7,22.4,93,93,93,123,0.0,0.0,N,PA,BELEM,A201,-1.411228,-48.439512,21.17
795,2019-05-13,12:00,0.0,1011.5,1011.5,1011.3,929,27.1,24.1,27.4,26.2,24.7,23.5,87,82,84,44,2.7,0.8,N,PA,BELEM,A201,-1.411228,-48.439512,21.17
796,2019-05-13,16:00,0.0,1009.4,1010.4,1009.4,1774,31.9,24.1,32.4,31.0,25.0,23.0,69,60,64,69,3.9,1.0,N,PA,BELEM,A201,-1.411228,-48.439512,21.17
797,2019-05-13,20:00,4.0,1007.9,1008.0,1007.4,116,26.1,24.8,26.1,25.7,24.8,24.3,93,92,93,353,3.0,0.0,N,PA,BELEM,A201,-1.411228,-48.439512,21.17
798,2019-05-14,00:00,0.0,1011.0,1011.1,1009.9,1,25.3,24.1,25.6,25.3,24.2,24.1,93,92,93,151,1.3,0.0,N,PA,BELEM,A201,-1.411228,-48.439512,21.17
799,2019-05-14,04:00,0.0,1010.5,1010.9,1010.5,0,24.9,23.8,25.2,24.9,24.1,23.8,94,94,94,191,0.0,0.0,N,PA,BELEM,A201,-1.411228,-48.439512,21.17
800,2019-05-14,08:00,0.0,1009.6,1009.6,1009.3,0,24.5,23.4,24.7,24.4,23.7,23.4,94,94,94,131,0.0,0.0,N,PA,BELEM,A201,-1.411228,-48.439512,21.17
801,2019-05-14,12:00,0.0,1011.2,1011.2,1011.1,992,28.6,24.8,28.7,26.9,26.3,24.6,94,80,80,100,3.3,1.5,N,PA,BELEM,A201,-1.411228,-48.439512,21.17
802,2019-05-14,16:00,0.0,1009.0,1010.1,1009.0,2374,33.1,23.9,33.1,30.7,24.5,22.6,69,57,59,80,4.4,1.0,N,PA,BELEM,A201,-1.411228,-48.439512,21.17
803,2019-05-14,20:00,0.0,1006.3,1006.3,1006.1,938,29.6,24.8,29.8,27.9,25.7,23.7,84,73,75,27,4.9,0.8,N,PA,BELEM,A201,-1.411228,-48.439512,21.17
804,2019-05-15,00:00,0.0,1009.7,1009.8,1008.9,0,26.7,23.6,27.3,26.7,23.6,23.5,83,80,83,35,3.4,0.6,N,PA,BELEM,A201,-1.411228,-48.439512,21.17
805,2019-05-15,04:00,0.0,1009.5,1010.0,1009.5,0,25.0,23.5,25.4,25.0,23.6,23.4,91,89,91,102,1.3,0.4,N,PA,BELEM,A201,-1.411228,-48.439512,21.17
806,2019-05-15,08:00,0.0,1008.6,1008.7,1008.5,0,24.4,23.3,24.5,24.2,23.3,23.1,93,93,93,110,0.0,0.0,N,PA,BELEM,A201,-1.411228,-48.439512,21.17
807,2019-05-15,12:00,0.0,1010.4,1010.4,1010.1,1077,28.8,24.0,29.2,27.5,24.8,23.8,83,74,75,53,4.9,1.1,N,PA,BELEM,A201,-1.411228,-48.439512,21.17
808,2019-05-15,16:00,0.0,1008.7,1009.4,1008.5,1805,29.1,23.2,32.3,29.1,24.9,23.2,75,59,71,344,6.0,2.3,N,PA,BELEM,A201,-1.411228,-48.439512,21.17
809,2019-05-15,20:00,0.0,1007.1,1007.2,1006.9,552,27.2,24.0,28.0,26.9,24.5,24.0,87,80,83,41,3.7,1.0,N,PA,BELEM,A201,-1.411228,-48.439512,21.17
810,2019-05-16,00:00,0.0,1010.3,1010.3,1009.4,0,25.4,23.9,25.8,25.4,24.1,23.8,91,90,91,150,0.8,0.1,N,PA,BELEM,A201,-1.411228,-48.439512,21.17
811,2019-05-16,04:00,0.0,1009.6,1010.2,1009.6,0,24.6,23.4,24.9,24.6,23.6,23.4,93,93,93,153,0.8,0.0,N,PA,BELEM,A201,-1.411228,-48.439512,21.17
812,2019-05-16,08:00,0.0,1008.4,1008.5,1008.2,0,23.9,22.9,24.1,23.9,23.1,22.8,94,94,94,86,0.6,0.0,N,PA,BELEM,A201,-1.411228,-48.439512,21.17
813,2019-05-16,12:00,0.0,1011.4,1011.4,1010.4,935,28.6,24.6,28.6,26.4,25.7,24.1,91,78,79,88,3.2,0.9,N,PA,BELEM,A201,-1.411228,-48.439512,21.17
814,2019-05-16,16:00,0.0,1009.1,1010.2,1009.1,2009,30.4,24.3,32.0,30.1,25.1,22.9,71,62,70,286,4.2,1.3,N,PA,BELEM,A201,-1.411228,-48.439512,21.17
815,2019-05-16,20:00,4.0,1007.8,1007.8,1007.6,368,26.2,23.8,27.8,26.1,24.6,23.4,89,78,86,315,2.8,0.8,N,PA,BELEM,A201,-1.411228,-48.439512,21.17
816,2019-05-17,00:00,0.0,1010.7,1010.7,1009.6,1,25.5,24.0,25.6,25.4,24.1,23.8,91,91,91,150,0.9,0.0,N,PA,BELEM,A201,-1.411228,-48.439512,21.17
817,2019-05-17,04:00,0.0,1010.3,1010.7,1010.3,0,25.4,23.8,25.5,25.3,24.1,23.8,93,91,91,241,1.6,0.3,N,PA,BELEM,A201,-1.411228,-48.439512,21.17
818,2019-05-17,08:00,0.2,1009.0,1009.0,1008.7,0,24.6,23.3,24.8,24.6,23.5,23.3,93,92,93,173,3.2,0.0,N,PA,BELEM,A201,-1.411228,-48.439512,21.17
819,2019-05-17,12:00,0.0,1011.4,1011.4,1010.7,1115,26.4,23.3,26.8,25.7,23.9,23.2,88,82,83,154,5.4,2.5,N,PA,BELEM,A201,-1.411228,-48.439512,21.17
820,2019-05-17,16:00,0.0,1008.7,1009.9,1008.7,1783,29.8,24.1,29.9,28.3,24.7,22.9,78,71,71,112,4.4,1.4,N,PA,BELEM,A201,-1.411228,-48.439512,21.17
821,2019-05-17,20:00,4.2,1007.9,1008.0,1007.8,49,24.7,23.3,24.9,24.6,23.6,23.2,92,91,92,314,2.7,0.2,N,PA,BELEM,A201,-1.411228,-48.439512,21.17
822,2019-05-18,00:00,0.2,1010.3,1010.3,1009.4,1,24.5,23.3,24.6,24.4,23.4,23.2,93,93,93,124,1.3,0.0,N,PA,BELEM,A201,-1.411228,-48.439512,21.17
823,2019-05-18,04:00,0.4,1008.8,1009.8,1008.8,0,24.4,23.3,24.5,24.3,23.4,23.2,94,94,94,138,0.0,0.0,N,PA,BELEM,A201,-1.411228,-48.439512,21.17
824,2019-05-18,08:00,0.0,1008.3,1008.3,1007.8,0,24.2,23.2,24.3,24.2,23.3,23.2,94,94,94,142,1.0,0.5,N,PA,BELEM,A201,-1.411228,-48.439512,21.17
825,2019-05-18,12:00,0.0,1010.6,1010.7,1010.3,1001,26.3,23.7,26.5,24.9,24.4,23.7,94,86,86,128,2.7,1.6,N,PA,BELEM,A201,-1.411228,-48.439512,21.17
826,2019-05-18,16:00,0.0,1008.7,1009.8,1008.7,1096,28.9,24.1,28.9,28.3,24.3,23.4,77,73,76,147,3.6,1.1,N,PA,BELEM,A201,-1.411228,-48.439512,21.17
827,2019-05-18,20:00,0.0,1006.3,1006.3,1006.0,875,28.1,24.2,31.4,28.1,24.2,22.2,79,61,79,22,4.2,1.0,N,PA,BELEM,A201,-1.411228,-48.439512,21.17
828,2019-05-19,00:00,0.0,1009.5,1009.5,1008.3,0,25.6,23.3,26.1,25.6,23.4,23.3,87,84,87,112,2.8,0.3,N,PA,BELEM,A201,-1.411228,-48.439512,21.17
829,2019-05-19,04:00,0.0,1008.4,1008.9,1008.4,0,24.5,23.2,24.7,24.5,23.2,23.0,92,91,92,87,1.1,0.0,N,PA,BELEM,A201,-1.411228,-48.439512,21.17
830,2019-05-19,08:00,0.0,1007.9,1007.9,1007.5,0,24.6,23.4,24.8,24.6,23.6,23.4,93,93,93,84,1.1,0.0,N,PA,BELEM,A201,-1.411228,-48.439512,21.17
831,2019-05-19,12:00,0.0,1010.1,1010.1,1009.6,830,27.8,24.5,27.8,26.3,25.0,24.1,92,81,82,82,3.8,1.0,N,PA,BELEM,A201,-1.411228,-48.439512,21.17
832,2019-05-19,16:00,1.2,1008.4,1009.5,1008.3,2219,29.4,23.6,31.2,27.1,26.3,23.1,86,69,71,90,4.2,1.4,N,PA,BELEM,A201,-1.411228,-48.439512,21.17
833,2019-05-19,20:00,0.0,1006.5,1006.5,1005.9,418,27.3,23.6,27.6,27.2,24.9,23.5,86,80,80,65,4.0,0.7,N,PA,BELEM,A201,-1.411228,-48.439512,21.17
834,2019-05-20,00:00,0.0,1008.9,1008.9,1008.5,1,25.8,23.5,26.0,25.7,23.8,23.5,89,88,88,98,2.8,0.6,N,PA,BELEM,A201,-1.411228,-48.439512,21.17
835,2019-05-20,04:00,0.0,1009.0,1009.6,1009.0,0,25.1,23.4,25.2,25.1,23.4,23.3,90,89,90,107,1.1,0.0,N,PA,BELEM,A201,-1.411228,-48.439512,21.17
836,2019-05-20,08:00,0.0,1007.5,1007.5,1007.2,0,24.4,23.2,24.5,24.4,23.3,23.1,93,93,93,139,1.1,0.3,N,PA,BELEM,A201,-1.411228,-48.439512,21.17
837,2019-05-20,12:00,0.0,1009.9,1009.9,1009.3,930,28.4,24.7,28.6,26.5,25.1,24.2,90,79,80,99,4.1,1.5,N,PA,BELEM,A201,-1.411228,-48.439512,21.17
838,2019-05-20,16:00,0.0,1007.3,1008.7,1007.3,1413,30.5,23.4,31.7,30.0,24.7,23.3,72,63,66,145,5.0,1.6,N,PA,BELEM,A201,-1.411228,-48.439512,21.17
839,2019-05-20,20:00,0.6,1007.1,1007.5,1006.8,26,25.0,23.5,25.1,24.7,23.7,23.2,92,91,91,14,3.4,1.2,N,PA,BELEM,A201,-1.411228,-48.439512,21.17
840,2019-05-21,00:00,0.0,1008.9,1008.9,1008.2,2,24.6,22.9,24.7,24.6,22.9,22.8,90,89,90,96,2.4,0.7,N,PA,BELEM,A201,-1.411228,-48.439512,21.17
841,2019-05-21,04:00,0.0,1009.2,1010.2,1009.2,0,24.3,23.0,24.6,24.3,23.2,23.0,92,92,92,358,1.3,0.0,N,PA,BELEM,A201,-1.411228,-48.439512,21.17
842,2019-05-21,08:00,0.0,1007.8,1007.8,1007.6,0,24.3,23.1,24.4,24.3,23.2,23.1,93,93,93,113,1.2,0.0,N,PA,BELEM,A201,-1.411228,-48.439512,21.17
843,2019-05-21,12:00,0.0,1009.9,1010.0,1009.5,736,27.6,24.0,27.6,26.5,24.2,23.6,85,81,81,104,2.8,1.1,N,PA,BELEM,A201,-1.411228,-48.439512,21.17
844,2019-05-21,16:00,0.0,1008.4,1009.2,1008.4,2097,30.8,23.2,31.7,30.5,24.9,23.2,71,63,64,110,5.1,2.0,N,PA,BELEM,A201,-1.411228,-48.439512,21.17
845,2019-05-21,20:00,0.0,1006.9,1006.9,1006.2,270,27.0,23.0,29.1,27.0,24.6,22.8,79,75,79,83,7.6,0.9,N,PA,BELEM,A201,-1.411228,-48.439512,21.17
846,2019-05-22,00:00,0.0,1008.9,1009.1,1008.8,2,25.3,23.3,25.5,25.2,23.5,23.2,89,88,89,118,1.8,0.1,N,PA,BELEM,A201,-1.411228,-48.439512,21.17
847,2019-05-22,04:00,0.0,1009.6,1010.0,1009.5,0,24.9,23.1,25.1,24.9,23.2,23.1,90,89,90,113,1.3,0.2,N,PA,BELEM,A201,-1.411228,-48.439512,21.17
848,2019-05-22,08:00,0.2,1008.0,1008.0,1007.9,0,24.2,23.0,24.6,24.2,23.3,23.0,93,92,93,143,0.8,0.3,N,PA,BELEM,A201,-1.411228,-48.439512,21.17
849,2019-05-22,12:00,0.0,1010.1,1010.1,1009.5,1006,28.6,24.8,28.6,27.1,25.0,24.0,86,80,80,103,2.2,0.9,N,PA,BELEM,A201,-1.411228,-48.439512,21.17
850,2019-05-22,16:00,0.0,1008.4,1009.6,1008.4,2322,31.4,24.6,32.1,30.4,24.6,22.9,70,62,67,140,4.3,2.4,N,PA,BELEM,A201,-1.411228,-48.439512,21.17
851,2019-05-22,20:00,3.6,1008.1,1008.2,1007.8,63,24.1,22.6,24.2,23.8,22.9,22.6,93,92,92,124,4.7,1.6,N,PA,BELEM,A201,-1.411228,-48.439512,21.17
852,2019-05-23,00:00,0.0,1010.1,1010.1,1009.0,0,23.5,22.3,23.6,23.4,22.4,22.2,93,93,93,128,1.2,0.3,N,PA,BELEM,A201,-1.411228,-48.439512,21.17
853,2019-05-23,04:00,0.0,1009.6,1010.2,1009.6,0,23.5,22.3,23.7,23.5,22.5,22.3,93,93,93,153,0.6,0.0,N,PA,BELEM,A201,-1.411228,-48.439512,21.17
854,2019-05-23,08:00,0.0,1008.2,1008.2,1008.0,0,23.4,22.4,23.4,23.2,22.4,22.2,94,94,94,99,0.0,0.0,N,PA,BELEM,A201,-1.411228,-48.439512,21.17
855,2019-05-23,12:00,0.0,1010.6,1010.6,1010.1,1085,27.6,24.1,27.7,26.2,24.2,23.3,85,80,81,101,3.6,0.8,N,PA,BELEM,A201,-1.411228,-48.439512,21.17
856,2019-05-23,16:00,0.0,1008.7,1009.9,1008.7,2547,31.0,23.4,32.2,30.5,24.3,22.4,68,59,64,124,4.7,2.2,N,PA,BELEM,A201,-1.411228,-48.439512,21.17
857,2019-05-23,20:00,0.0,1006.3,1006.6,1006.2,1382,31.6,21.6,32.0,31.5,23.1,21.2,60,54,56,118,3.5,1.1,N,PA,BELEM,A201,-1.411228,-48.439512,21.17
858,2019-05-24,00:00,0.0,1009.0,1009.0,1008.3,1,26.7,23.2,27.0,26.7,23.2,22.9,81,78,81,43,3.3,0.4,N,PA,BELEM,A201,-1.411228,-48.439512,21.17
859,2019-05-24,04:00,0.0,1008.9,1009.4,1008.9,0,25.4,23.2,25.8,25.3,23.3,23.1,88,86,88,82,2.9,0.6,N,PA,BELEM,A201,-1.411228,-48.439512,21.17
860,2019-05-24,08:00,0.0,1008.6,1008.6,1008.2,0,24.2,22.8,24.7,24.2,23.1,22.8,92,90,92,87,1.5,0.0,N,PA,BELEM,A201,-1.411228,-48.439512,21.17
861,2019-05-24,12:00,0.0,1011.2,1011.3,1010.6,1025,28.5,23.8,28.8,27.2,24.7,23.6,83,75,75,89,3.4,1.2,N,PA,BELEM,A201,-1.411228,-48.439512,21.17
862,2019-05-24,16:00,0.0,1009.7,1010.6,1009.7,2537,32.4,22.2,32.6,31.2,23.6,21.4,62,52,55,91,4.7,1.7,N,PA,BELEM,A201,-1.411228,-48.439512,21.17
863,2019-05-24,20:00,6.8,1007.6,1008.0,1007.2,392,26.4,24.1,31.3,26.1,24.3,22.7,88,63,87,269,5.5,1.2,N,PA,BELEM,A201,-1.411228,-48.439512,21.17
864,2019-05-25,00:00,0.0,1009.1,1009.1,1008.5,6,26.7,23.3,26.9,26.7,24.1,23.3,85,81,82,123,3.9,0.5,N,PA,BELEM,A201,-1.411228,-48.439512,21.17
865,2019-05-25,04:00,0.0,1009.2,1009.6,1009.2,0,25.0,23.3,25.6,25.0,23.5,23.3,90,88,90,72,1.6,0.1,N,PA,BELEM,A201,-1.411228,-48.439512,21.17
866,2019-05-25,08:00,0.0,1008.9,1008.9,1008.5,0,25.1,23.2,25.1,24.7,23.4,23.1,91,89,89,92,1.8,0.5,N,PA,BELEM,A201,-1.411228,-48.439512,21.17
867,2019-05-25,12:00,0.0,1011.0,1011.0,1010.5,1252,28.6,23.5,28.7,26.6,24.3,23.5,84,74,74,65,4.2,0.8,N,PA,BELEM,A201,-1.411228,-48.439512,21.17
868,2019-05-25,16:00,0.0,1008.6,1009.7,1008.6,2319,31.9,22.5,32.0,30.5,24.5,22.5,68,58,58,113,4.9,1.5,N,PA,BELEM,A201,-1.411228,-48.439512,21.17
869,2019-05-25,20:00,0.0,1007.0,1007.0,1006.5,1012,30.0,24.1,31.6,29.9,24.6,23.6,71,65,71,7,6.5,2.3,N,PA,BELEM,A201,-1.411228,-48.439512,21.17
870,2019-05-26,00:00,0.0,1009.9,1010.1,1009.2,3,25.2,23.5,25.7,25.2,23.9,23.5,90,89,90,75,3.4,0.4,N,PA,BELEM,A201,-1.411228,-48.439512,21.17
871,2019-05-26,04:00,0.0,1009.0,1009.7,1009.0,2,24.6,22.9,24.8,24.6,23.2,22.9,91,90,91,84,2.0,0.2,N,PA,BELEM,A201,-1.411228,-48.439512,21.17
872,2019-05-26,08:00,0.0,1008.6,1008.6,1008.1,0,23.8,22.7,23.8,23.7,22.7,22.6,93,93,93,132,1.3,0.7,N,PA,BELEM,A201,-1.411228,-48.439512,21.17
873,2019-05-26,12:00,0.0,1010.6,1010.6,1009.8,905,28.4,24.5,28.4,26.5,24.7,23.8,90,79,79,77,3.7,1.1,N,PA,BELEM,A201,-1.411228,-48.439512,21.17
874,2019-05-26,16:00,0.0,1008.2,1009.5,1008.2,2112,30.5,24.1,32.6,30.3,24.1,22.7,69,57,69,137,4.4,1.4,N,PA,BELEM,A201,-1.411228,-48.439512,21.17
875,2019-05-26,20:00,0.0,1007.5,1007.9,1007.4,153,25.6,23.6,25.6,25.1,23.8,23.0,91,88,89,281,2.4,0.1,N,PA,BELEM,A201,-1.411228,-48.439512,21.17
876,2019-05-27,00:00,0.0,1009.5,1009.6,1009.2,1,25.4,24.0,25.6,25.4,24.1,24.0,92,91,92,106,1.4,0.1,N,PA,BELEM,A201,-1.411228,-48.439512,21.17
877,2019-05-27,04:00,0.0,1009.6,1010.0,1009.6,0,25.0,23.7,25.3,25.0,23.8,23.7,92,92,92,140,0.9,0.4,N,PA,BELEM,A201,-1.411228,-48.439512,21.17
878,2019-05-27,08:00,0.0,1008.6,1008.6,1008.1,0,24.1,23.0,24.2,24.0,23.0,22.9,93,93,93,104,1.1,0.0,N,PA,BELEM,A201,-1.411228,-48.439512,21.17
879,2019-05-27,12:00,0.0,1010.1,1010.2,1009.9,1005,28.3,24.7,28.3,26.6,24.9,24.1,89,80,81,70,2.9,0.8,N,PA,BELEM,A201,-1.411228,-48.439512,21.17
880,2019-05-27,16:00,0.0,1008.5,1009.4,1008.5,1555,30.4,24.9,32.0,29.5,25.5,23.2,76,61,72,101,4.1,1.3,N,PA,BELEM,A201,-1.411228,-48.439512,21.17
881,2019-05-27,20:00,5.4,1008.2,1008.2,1006.8,118,25.4,23.9,26.7,25.4,24.3,23.7,91,84,91,115,3.3,1.2,N,PA,BELEM,A201,-1.411228,-48.439512,21.17
882,2019-05-28,00:00,0.0,1009.4,1009.7,1009.4,1,24.3,23.1,24.4,24.2,23.2,23.0,93,93,93,101,2.2,0.0,N,PA,BELEM,A201,-1.411228,-48.439512,21.17
883,2019-05-28,04:00,0.0,1009.4,1009.9,1009.4,0,23.6,22.4,23.7,23.5,22.5,22.3,93,93,93,83,1.2,0.0,N,PA,BELEM,A201,-1.411228,-48.439512,21.17
884,2019-05-28,08:00,0.0,1008.2,1008.2,1007.9,0,23.4,22.4,23.4,23.3,22.4,22.2,94,94,94,100,0.0,0.0,N,PA,BELEM,A201,-1.411228,-48.439512,21.17
885,2019-05-28,12:00,0.0,1010.3,1010.3,1009.9,802,27.0,23.9,27.0,25.2,24.1,23.6,92,83,83,100,2.3,0.9,N,PA,BELEM,A201,-1.411228,-48.439512,21.17
886,2019-05-28,16:00,0.0,1008.2,1009.1,1008.2,2318,32.0,24.1,32.0,30.2,24.8,22.9,68,60,63,111,4.6,1.5,N,PA,BELEM,A201,-1.411228,-48.439512,21.17
887,2019-05-28,20:00,0.6,1007.6,1007.6,1006.9,131,25.0,23.0,26.7,25.0,24.0,23.0,89,84,89,87,5.6,1.5,N,PA,BELEM,A201,-1.411228,-48.439512,21.17
888,2019-05-29,00:00,0.0,1010.0,1010.0,1009.4,2,24.5,23.2,24.6,24.4,23.3,23.1,93,92,93,132,2.3,0.7,N,PA,BELEM,A201,-1.411228,-48.439512,21.17
889,2019-05-29,04:00,0.0,1010.0,1010.6,1010.0,0,24.5,23.2,24.6,24.4,23.2,23.1,93,92,93,166,1.9,0.0,N,PA,BELEM,A201,-1.411228,-48.439512,21.17
890,2019-05-29,08:00,0.0,1008.8,1008.8,1008.6,0,23.7,22.5,24.0,23.7,22.8,22.5,93,93,93,91,0.0,0.0,N,PA,BELEM,A201,-1.411228,-48.439512,21.17
891,2019-05-29,12:00,0.0,1010.8,1010.8,1010.3,1059,27.6,24.3,27.6,25.6,24.6,23.4,89,81,82,110,3.1,1.2,N,PA,BELEM,A201,-1.411228,-48.439512,21.17
892,2019-05-29,16:00,0.0,1008.5,1009.8,1008.5,2172,31.4,24.1,31.6,30.1,24.7,23.5,70,63,65,131,5.6,2.1,N,PA,BELEM,A201,-1.411228,-48.439512,21.17
893,2019-05-29,20:00,0.0,1007.7,1007.7,1007.0,236,26.6,23.3,27.4,26.0,23.8,22.7,86,76,82,26,7.0,0.7,N,PA,BELEM,A201,-1.411228,-48.439512,21.17
894,2019-05-30,00:00,0.0,1010.4,1010.4,1009.1,0,25.3,23.5,25.7,25.2,23.6,23.4,90,88,90,97,2.4,0.6,N,PA,BELEM,A201,-1.411228,-48.439512,21.17
895,2019-05-30,04:00,0.0,1009.1,1009.7,1009.1,0,24.9,23.4,24.9,24.8,23.4,23.3,91,91,91,97,1.5,0.0,N,PA,BELEM,A201,-1.411228,-48.439512,21.17
896,2019-05-30,08:00,0.0,1008.6,1008.6,1008.1,0,24.3,23.0,24.4,24.2,23.0,22.8,92,92,92,97,1.5,0.5,N,PA,BELEM,A201,-1.411228,-48.439512,21.17
897,2019-05-30,12:00,0.0,1010.4,1010.4,1010.2,1020,28.5,23.9,28.5,26.7,24.2,23.5,86,76,76,71,5.0,1.4,N,PA,BELEM,A201,-1.411228,-48.439512,21.17
898,2019-05-30,16:00,0.0,1008.5,1009.6,1008.5,2191,32.1,23.4,32.2,30.8,23.8,22.5,64,58,60,113,5.7,2.0,N,PA,BELEM,A201,-1.411228,-48.439512,21.17
899,2019-05-30,20:00,0.0,1007.4,1007.5,1006.5,79,25.8,24.1,25.9,25.4,24.2,23.7,91,90,90,93,1.8,0.3,N,PA,BELEM,A201,-1.411228,-48.439512,21.17
900,2019-05-31,00:00,0.0,1009.4,1009.4,1008.5,0,25.2,23.8,25.3,25.0,23.8,23.5,92,91,92,158,0.9,0.2,N,PA,BELEM,A201,-1.411228,-48.439512,21.17
901,2019-05-31,04:00,0.0,1009.2,1009.9,1009.2,0,24.5,23.3,24.7,24.5,23.5,23.3,93,93,93,64,0.8,0.0,N,PA,BELEM,A201,-1.411228,-48.439512,21.17
902,2019-05-31,08:00,0.0,1007.9,1007.9,1007.6,0,24.0,22.9,24.0,23.8,23.0,22.7,94,93,94,83,1.6,0.2,N,PA,BELEM,A201,-1.411228,-48.439512,21.17
903,2019-05-31,12:00,0.0,1010.3,1010.3,1009.9,648,26.7,23.9,26.7,26.1,24.2,23.7,89,84,84,111,4.2,1.3,N,PA,BELEM,A201,-1.411228,-48.439512,21.17
904,2019-05-31,16:00,0.0,1008.8,1009.7,1008.8,2066,31.0,23.1,31.2,29.7,24.7,23.1,70,63,63,106,6.5,2.0,N,PA,BELEM,A201,-1.411228,-48.439512,21.17
905,2019-05-31,20:00,0.0,1007.2,1007.2,1006.2,839,27.8,23.2,32.2,27.4,24.0,22.5,78,60,76,78,6.6,1.3,N,PA,BELEM,A201,-1.411228,-48.439512,21.17
906,2019-06-01,00:00,0.0,1009.8,1009.8,1009.2,1,26.1,24.0,26.7,26.0,24.2,23.9,89,86,89,138,1.9,0.8,N,PA,BELEM,A201,-1.411228,-48.439512,21.17
907,2019-06-01,04:00,0.0,1009.7,1010.5,1009.7,0,25.1,23.8,25.3,25.0,23.9,23.6,92,91,92,121,1.0,0.0,N,PA,BELEM,A201,-1.411228,-48.439512,21.17
908,2019-06-01,08:00,0.0,1008.2,1008.4,1008.0,0,24.6,23.5,24.7,24.5,23.5,23.3,93,93,93,95,1.1,0.0,N,PA,BELEM,A201,-1.411228,-48.439512,21.17
909,2019-06-01,12:00,0.0,1010.2,1010.2,1009.7,994,28.7,23.9,28.7,27.0,24.5,23.9,84,75,75,85,3.9,1.5,N,PA,BELEM,A201,-1.411228,-48.439512,21.17
910,2019-06-01,16:00,4.0,1008.9,1009.3,1008.4,1633,27.4,23.6,32.2,27.4,24.8,23.2,80,60,80,119,6.6,2.8,N,PA,BELEM,A201,-1.411228,-48.439512,21.17
911,2019-06-01,20:00,3.2,1007.5,1007.5,1006.4,193,24.5,22.5,26.5,24.5,24.2,22.5,91,86,89,50,7.6,1.5,N,PA,BELEM,A201,-1.411228,-48.439512,21.17
912,2019-06-02,00:00,0.0,1010.2,1010.2,1009.6,2,24.8,23.4,24.8,24.7,23.5,23.3,92,92,92,79,3.1,0.2,N,PA,BELEM,A201,-1.411228,-48.439512,21.17
913,2019-06-02,04:00,0.0,1009.6,1010.2,1009.6,0,24.4,22.8,24.6,24.4,23.0,22.8,91,91,91,116,2.1,0.5,N,PA,BELEM,A201,-1.411228,-48.439512,21.17
914,2019-06-02,08:00,0.0,1008.1,1008.2,1007.9,0,23.5,22.3,23.7,23.5,22.5,22.3,93,93,93,68,0.7,0.0,N,PA,BELEM,A201,-1.411228,-48.439512,21.17
915,2019-06-02,12:00,0.0,1010.3,1010.3,1009.5,1048,27.8,23.8,27.8,26.3,24.2,23.1,85,79,79,102,3.0,0.8,N,PA,BELEM,A201,-1.411228,-48.439512,21.17
916,2019-06-02,16:00,0.0,1009.1,1010.0,1009.1,2106,30.9,23.1,32.5,30.6,24.1,22.2,66,56,63,134,3.9,1.4,N,PA,BELEM,A201,-1.411228,-48.439512,21.17
917,2019-06-02,20:00,0.0,1007.9,1007.9,1007.3,269,27.1,23.7,27.1,26.9,23.8,23.1,82,80,82,5,4.7,0.9,N,PA,BELEM,A201,-1.411228,-48.439512,21.17
918,2019-06-03,00:00,0.0,1010.1,1010.1,1009.4,1,25.4,23.0,25.4,25.1,23.1,22.9,88,86,87,82,1.5,0.5,N,PA,BELEM,A201,-1.411228,-48.439512,21.17
919,2019-06-03,04:00,0.0,1010.5,1011.0,1010.5,0,24.3,22.8,24.5,24.3,22.9,22.8,91,91,91,109,0.8,0.1,N,PA,BELEM,A201,-1.411228,-48.439512,21.17
920,2019-06-03,08:00,0.0,1010.2,1010.2,1009.6,0,23.6,22.3,23.6,23.4,22.4,22.1,93,92,93,119,0.0,0.0,N,PA,BELEM,A201,-1.411228,-48.439512,21.17
921,2019-06-03,12:00,0.0,1012.9,1012.9,1012.3,1091,28.5,23.5,28.5,26.6,23.9,23.3,85,74,74,79,3.0,0.9,N,PA,BELEM,A201,-1.411228,-48.439512,21.17
922,2019-06-03,16:00,0.0,1011.7,1012.6,1011.7,2303,32.1,23.2,32.7,31.2,24.2,22.1,62,56,59,126,4.0,1.3,N,PA,BELEM,A201,-1.411228,-48.439512,21.17
923,2019-06-03,20:00,0.0,1009.1,1009.2,1008.8,971,30.1,23.7,31.7,29.9,24.6,22.9,69,62,69,29,6.1,1.3,N,PA,BELEM,A201,-1.411228,-48.439512,21.17
924,2019-06-04,00:00,0.0,1012.3,1012.3,1011.6,1,25.5,24.0,25.8,25.5,24.2,24.0,91,91,91,121,1.0,0.3,N,PA,BELEM,A201,-1.411228,-48.439512,21.17
925,2019-06-04,04:00,0.0,1012.3,1012.6,1012.3,0,24.6,23.2,24.9,24.6,23.5,23.2,92,92,92,73,1.3,0.0,N,PA,BELEM,A201,-1.411228,-48.439512,21.17
926,2019-06-04,08:00,0.0,1011.4,1011.4,1011.2,0,24.0,22.9,24.1,24.0,23.0,22.8,93,93,93,152,1.0,0.0,N,PA,BELEM,A201,-1.411228,-48.439512,21.17
927,2019-06-04,12:00,0.0,1013.2,1013.2,1012.9,1119,28.3,24.5,28.3,25.3,25.1,23.9,92,79,80,91,3.9,1.2,N,PA,BELEM,A201,-1.411228,-48.439512,21.17
928,2019-06-04,16:00,0.0,1011.5,1012.5,1011.5,2027,31.9,22.8,32.6,30.7,25.1,22.1,66,58,59,130,3.7,1.6,N,PA,BELEM,A201,-1.411228,-48.439512,21.17
929,2019-06-04,20:00,0.0,1009.6,1009.7,1009.1,160,27.2,22.6,28.1,27.2,23.1,22.3,76,73,76,33,4.8,1.3,N,PA,BELEM,A201,-1.411228,-48.439512,21.17
930,2019-06-05,00:00,0.0,1011.3,1011.3,1010.3,1,26.0,22.6,26.2,25.9,22.8,22.5,82,81,82,75,3.1,0.5,N,PA,BELEM,A201,-1.411228,-48.439512,21.17
931,2019-06-05,04:00,0.0,1011.1,1011.8,1011.1,0,24.7,22.6,25.1,24.7,22.6,22.5,88,86,88,94,1.9,0.1,N,PA,BELEM,A201,-1.411228,-48.439512,21.17
932,2019-06-05,08:00,0.0,1010.0,1010.0,1009.8,0,24.7,22.9,24.7,24.5,22.9,22.7,90,90,90,110,1.6,0.2,N,PA,BELEM,A201,-1.411228,-48.439512,21.17
933,2019-06-05,12:00,0.0,1011.8,1011.8,1011.4,670,28.2,24.7,28.2,26.2,24.8,23.7,87,81,81,116,3.2,1.1,N,PA,BELEM,A201,-1.411228,-48.439512,21.17
934,2019-06-05,16:00,0.0,1010.3,1011.2,1010.3,2700,31.8,23.8,32.1,30.9,24.8,22.8,67,59,62,110,5.3,1.6,N,PA,BELEM,A201,-1.411228,-48.439512,21.17
935,2019-06-05,20:00,0.0,1008.1,1008.1,1007.9,1045,30.5,24.3,32.3,30.5,25.0,24.0,70,63,70,342,5.7,1.6,N,PA,BELEM,A201,-1.411228,-48.439512,21.17
936,2019-06-06,00:00,0.0,1010.7,1010.7,1010.2,6,25.9,22.3,26.0,25.4,22.8,22.3,85,80,81,2,3.2,0.3,N,PA,BELEM,A201,-1.411228,-48.439512,21.17
937,2019-06-06,04:00,0.0,1010.8,1011.2,1010.8,0,25.0,22.6,25.1,24.9,22.8,22.6,88,86,87,85,2.1,0.6,N,PA,BELEM,A201,-1.411228,-48.439512,21.17
938,2019-06-06,08:00,0.0,1009.9,1009.9,1009.5,0,24.9,22.6,24.9,24.9,22.7,22.6,88,87,87,93,2.7,0.8,N,PA,BELEM,A201,-1.411228,-48.439512,21.17
939,2019-06-06,12:00,0.0,1011.0,1011.0,1010.9,961,27.8,24.0,27.9,26.3,24.3,23.2,83,80,80,121,4.3,1.5,N,PA,BELEM,A201,-1.411228,-48.439512,21.17
940,2019-06-06,16:00,0.0,1008.5,1009.3,1008.5,2733,32.4,24.2,32.6,31.0,25.0,23.1,67,60,62,106,4.8,1.3,N,PA,BELEM,A201,-1.411228,-48.439512,21.17
941,2019-06-06,20:00,0.0,1007.4,1007.4,1006.4,934,27.3,23.3,32.0,27.3,25.0,22.9,79,65,79,358,7.8,1.5,N,PA,BELEM,A201,-1.411228,-48.439512,21.17
942,2019-06-07,00:00,4.4,1010.1,1010.1,1009.1,5,25.0,23.5,25.3,24.9,23.8,23.4,92,90,92,115,3.4,1.1,N,PA,BELEM,A201,-1.411228,-48.439512,21.17
943,2019-06-07,04:00,0.0,1010.1,1010.6,1010.1,1,24.7,23.4,24.9,24.7,23.6,23.4,93,93,93,111,2.6,1.0,N,PA,BELEM,A201,-1.411228,-48.439512,21.17
944,2019-06-07,08:00,0.0,1009.3,1009.5,1009.2,0,23.8,22.6,24.0,23.7,22.7,22.4,93,92,93,152,2.7,0.0,N,PA,BELEM,A201,-1.411228,-48.439512,21.17
945,2019-06-07,12:00,0.0,1010.3,1010.4,1010.1,887,27.4,24.4,27.4,25.6,24.7,23.9,91,83,84,120,2.5,1.2,N,PA,BELEM,A201,-1.411228,-48.439512,21.17
946,2019-06-07,16:00,0.0,1008.3,1009.4,1008.3,1934,30.4,23.1,32.1,29.8,24.6,22.8,71,61,65,124,4.0,2.0,N,PA,BELEM,A201,-1.411228,-48.439512,21.17
947,2019-06-07,20:00,1.8,1007.8,1008.0,1007.7,84,24.9,23.2,25.4,24.5,23.4,22.6,90,87,90,98,6.0,1.2,N,PA,BELEM,A201,-1.411228,-48.439512,21.17
948,2019-06-08,00:00,0.0,1009.9,1009.9,1009.4,1,24.9,23.5,24.9,24.5,23.6,23.1,93,92,92,169,0.7,0.1,N,PA,BELEM,A201,-1.411228,-48.439512,21.17
949,2019-06-08,04:00,0.2,1010.6,1011.3,1010.6,2,24.5,23.1,25.1,24.5,23.7,23.1,92,91,92,156,4.1,0.2,N,PA,BELEM,A201,-1.411228,-48.439512,21.17
950,2019-06-08,08:00,0.0,1009.6,1009.6,1009.3,0,24.1,22.8,24.2,24.1,22.9,22.7,93,92,93,155,1.1,0.1,N,PA,BELEM,A201,-1.411228,-48.439512,21.17
951,2019-06-08,12:00,0.0,1011.2,1011.2,1010.7,1116,27.9,24.0,28.0,26.4,24.6,23.5,86,80,80,132,4.5,2.1,N,PA,BELEM,A201,-1.411228,-48.439512,21.17
952,2019-06-08,16:00,0.0,1010.1,1010.8,1010.1,2230,31.8,23.0,31.8,29.8,23.6,22.1,66,60,60,116,6.2,1.8,N,PA,BELEM,A201,-1.411228,-48.439512,21.17
953,2019-06-08,20:00,0.0,1009.7,1009.7,1009.1,222,28.5,24.3,30.8,28.5,24.5,22.4,79,61,78,56,7.8,1.0,N,PA,BELEM,A201,-1.411228,-48.439512,21.17
954,2019-06-09,00:00,0.0,1011.0,1011.0,1010.5,0,26.5,23.9,26.9,26.5,24.2,23.9,86,84,86,85,4.1,0.8,N,PA,BELEM,A201,-1.411228,-48.439512,21.17
955,2019-06-09,04:00,0.0,1011.0,1011.6,1011.0,0,24.8,23.2,25.4,24.8,23.6,23.2,91,90,91,126,2.6,1.0,N,PA,BELEM,A201,-1.411228,-48.439512,21.17
956,2019-06-09,08:00,0.0,1010.4,1010.4,1010.3,0,24.1,22.7,24.2,24.1,22.8,22.7,92,92,92,109,1.6,0.4,N,PA,BELEM,A201,-1.411228,-48.439512,21.17
957,2019-06-09,12:00,0.0,1012.0,1012.0,1011.5,1090,28.0,23.7,28.0,26.2,24.4,23.4,85,78,78,93,4.6,1.4,N,PA,BELEM,A201,-1.411228,-48.439512,21.17
958,2019-06-09,16:00,0.0,1010.3,1011.0,1010.3,2438,31.8,23.1,32.0,31.0,23.8,22.0,64,56,60,135,5.0,2.4,N,PA,BELEM,A201,-1.411228,-48.439512,21.17
959,2019-06-09,20:00,0.0,1009.1,1009.1,1008.4,548,28.1,23.7,30.3,28.1,24.3,23.6,77,69,77,25,7.0,1.8,N,PA,BELEM,A201,-1.411228,-48.439512,21.17
960,2019-06-10,00:00,0.0,1011.6,1011.6,1010.7,0,26.3,23.1,26.5,26.3,23.2,23.1,83,82,82,92,2.7,0.8,N,PA,BELEM,A201,-1.411228,-48.439512,21.17
961,2019-06-10,04:00,0.0,1011.9,1012.1,1011.9,0,25.2,23.0,25.3,25.2,23.2,23.0,89,87,87,141,1.1,0.0,N,PA,BELEM,A201,-1.411228,-48.439512,21.17
962,2019-06-10,08:00,0.0,1010.2,1010.2,1010.0,0,24.2,22.6,24.4,24.2,22.8,22.6,91,91,91,69,0.0,0.0,N,PA,BELEM,A201,-1.411228,-48.439512,21.17
963,2019-06-10,12:00,0.0,1011.8,1011.8,1011.6,1036,28.1,24.1,28.1,26.6,24.4,23.7,84,78,79,99,4.0,1.8,N,PA,BELEM,A201,-1.411228,-48.439512,21.17
964,2019-06-10,16:00,0.0,1009.9,1010.7,1009.9,2271,31.3,24.3,32.2,31.0,24.3,22.6,67,57,67,130,4.3,1.9,N,PA,BELEM,A201,-1.411228,-48.439512,21.17
965,2019-06-10,20:00,0.0,1008.1,1008.1,1007.4,555,28.1,22.9,28.9,27.8,23.9,22.7,77,73,73,21,5.8,1.8,N,PA,BELEM,A201,-1.411228,-48.439512,21.17
966,2019-06-11,00:00,12.8,1011.5,1011.7,1010.9,5,23.4,22.2,25.2,23.4,22.5,21.9,93,83,93,149,10.6,4.0,N,PA,BELEM,A201,-1.411228,-48.439512,21.17
967,2019-06-11,04:00,10.4,1010.9,1012.0,1010.8,2,23.9,22.9,24.3,23.7,23.3,22.7,94,94,94,123,3.3,0.7,N,PA,BELEM,A201,-1.411228,-48.439512,21.17
968,2019-06-11,08:00,0.0,1009.3,1009.7,1009.3,0,23.9,22.8,24.0,23.8,22.9,22.8,94,94,94,106,0.0,0.0,N,PA,BELEM,A201,-1.411228,-48.439512,21.17
969,2019-06-11,12:00,0.0,1011.3,1011.4,1010.8,1099,28.1,24.2,28.1,26.3,24.3,23.6,87,78,79,84,3.6,0.6,N,PA,BELEM,A201,-1.411228,-48.439512,21.17
970,2019-06-11,16:00,0.0,1009.5,1010.2,1009.5,1880,30.5,23.6,32.5,30.3,24.6,22.5,67,59,67,107,4.4,1.3,N,PA,BELEM,A201,-1.411228,-48.439512,21.17
971,2019-06-11,20:00,0.0,1007.3,1007.5,1007.2,1169,30.1,24.2,32.2,30.1,25.0,23.7,71,62,71,334,4.8,1.7,N,PA,BELEM,A201,-1.411228,-48.439512,21.17
972,2019-06-12,00:00,0.6,1010.6,1010.6,1010.2,3,24.4,23.2,24.4,24.0,23.2,22.7,93,93,93,112,2.4,0.9,N,PA,BELEM,A201,-1.411228,-48.439512,21.17
973,2019-06-12,04:00,0.0,1010.2,1011.0,1010.2,1,24.4,23.2,24.6,24.4,23.3,23.1,93,93,93,106,1.9,0.3,N,PA,BELEM,A201,-1.411228,-48.439512,21.17
974,2019-06-12,08:00,0.0,1009.2,1009.2,1008.8,0,24.2,22.9,24.2,24.0,23.0,22.8,93,93,93,120,1.6,0.2,N,PA,BELEM,A201,-1.411228,-48.439512,21.17
975,2019-06-12,12:00,0.0,1011.5,1011.5,1010.9,735,27.1,23.9,27.2,25.5,24.3,23.4,90,83,83,109,3.5,1.3,N,PA,BELEM,A201,-1.411228,-48.439512,21.17
976,2019-06-12,16:00,0.0,1009.9,1010.8,1009.9,1762,30.4,23.0,31.3,29.9,23.9,22.4,68,61,65,104,5.7,1.9,N,PA,BELEM,A201,-1.411228,-48.439512,21.17
977,2019-06-12,20:00,0.0,1008.6,1008.6,1008.3,923,29.1,23.5,30.3,29.1,24.2,22.9,73,67,72,66,4.4,1.0,N,PA,BELEM,A201,-1.411228,-48.439512,21.17
978,2019-06-13,00:00,0.0,1011.3,1011.6,1010.6,2,26.1,23.2,26.5,26.1,23.2,22.9,84,81,84,66,4.2,0.6,N,PA,BELEM,A201,-1.411228,-48.439512,21.17
979,2019-06-13,04:00,0.0,1011.1,1011.9,1011.1,0,24.9,22.8,25.2,24.9,22.8,22.8,88,87,88,81,1.5,0.3,N,PA,BELEM,A201,-1.411228,-48.439512,21.17
980,2019-06-13,08:00,0.0,1009.9,1009.9,1009.8,0,24.4,22.4,24.5,24.3,22.8,22.4,90,89,89,88,2.1,0.9,N,PA,BELEM,A201,-1.411228,-48.439512,21.17
981,2019-06-13,12:00,0.0,1011.8,1011.9,1011.3,648,26.9,23.5,26.9,25.6,23.5,22.7,85,81,82,110,3.5,1.4,N,PA,BELEM,A201,-1.411228,-48.439512,21.17
982,2019-06-13,16:00,0.0,1010.2,1011.2,1010.2,2433,31.7,23.9,32.0,30.7,24.6,23.3,68,60,64,56,4.2,0.6,N,PA,BELEM,A201,-1.411228,-48.439512,21.17
983,2019-06-13,20:00,0.0,1008.5,1008.7,1008.1,233,27.7,23.7,30.5,27.6,24.0,22.7,79,65,79,53,6.0,0.7,N,PA,BELEM,A201,-1.411228,-48.439512,21.17
984,2019-06-14,00:00,0.0,1012.0,1012.0,1011.1,1,25.6,23.8,26.1,25.6,24.0,23.3,90,85,90,138,6.1,0.9,N,PA,BELEM,A201,-1.411228,-48.439512,21.17
985,2019-06-14,04:00,0.0,1011.3,1012.0,1011.2,0,24.5,23.3,24.6,24.4,23.4,23.2,93,93,93,143,0.6,0.1,N,PA,BELEM,A201,-1.411228,-48.439512,21.17
986,2019-06-14,08:00,0.2,1009.9,1010.0,1009.8,0,23.9,22.8,23.9,23.7,22.8,22.6,94,93,93,147,0.7,0.2,N,PA,BELEM,A201,-1.411228,-48.439512,21.17
987,2019-06-14,12:00,0.0,1011.6,1011.6,1011.2,784,27.3,24.4,27.3,25.5,24.5,23.6,89,84,84,102,3.2,1.4,N,PA,BELEM,A201,-1.411228,-48.439512,21.17
988,2019-06-14,16:00,0.0,1009.9,1011.1,1009.9,2744,31.4,23.4,31.9,30.8,24.5,22.9,67,62,63,139,5.6,2.7,N,PA,BELEM,A201,-1.411228,-48.439512,21.17
989,2019-06-14,20:00,0.0,1008.7,1008.8,1007.3,146,28.3,24.6,28.3,27.9,24.6,23.8,80,77,80,73,3.5,0.4,N,PA,BELEM,A201,-1.411228,-48.439512,21.17
990,2019-06-15,00:00,0.0,1011.3,1011.3,1010.8,0,25.7,23.4,26.1,25.7,23.6,23.4,87,86,87,117,2.3,1.0,N,PA,BELEM,A201,-1.411228,-48.439512,21.17
991,2019-06-15,04:00,0.0,1010.5,1011.4,1010.5,0,25.2,23.3,25.2,25.0,23.3,23.1,89,89,89,97,3.0,0.9,N,PA,BELEM,A201,-1.411228,-48.439512,21.17
992,2019-06-15,08:00,8.8,1009.7,1010.2,1009.6,3,24.0,22.7,24.8,24.0,23.2,22.5,92,90,92,48,7.6,0.2,N,PA,BELEM,A201,-1.411228,-48.439512,21.17
993,2019-06-15,12:00,0.0,1011.5,1011.6,1011.4,516,26.6,23.7,26.6,25.2,23.7,23.1,89,84,84,94,4.0,1.0,N,PA,BELEM,A201,-1.411228,-48.439512,21.17
994,2019-06-15,16:00,6.2,1010.1,1011.2,1010.1,1461,27.2,24.5,30.3,26.3,26.1,22.1,85,68,85,74,7.5,0.7,N,PA,BELEM,A201,-1.411228,-48.439512,21.17
995,2019-06-15,20:00,9.8,1009.3,1009.4,1008.3,231,24.7,22.9,30.3,23.9,24.3,21.7,92,67,90,99,10.4,2.0,N,PA,BELEM,A201,-1.411228,-48.439512,21.17
996,2019-06-16,00:00,0.0,1011.8,1011.8,1011.2,8,24.8,22.5,24.8,24.6,22.8,22.5,89,87,87,91,3.7,1.4,N,PA,BELEM,A201,-1.411228,-48.439512,21.17
997,2019-06-16,04:00,0.0,1011.5,1012.0,1011.5,1,24.0,22.5,24.3,24.0,22.6,22.5,91,90,91,113,2.1,0.0,N,PA,BELEM,A201,-1.411228,-48.439512,21.17
998,2019-06-16,08:00,0.0,1010.0,1010.0,1009.8,0,23.4,22.3,23.5,23.4,22.4,22.3,94,94,94,129,2.3,0.8,N,PA,BELEM,A201,-1.411228,-48.439512,21.17
999,2019-06-16,12:00,0.0,1012.5,1012.5,1011.8,1025,27.3,24.0,27.3,25.4,24.1,23.1,89,81,82,114,5.4,2.0,N,PA,BELEM,A201,-1.411228,-48.439512,21.17
1000,2019-06-16,16:00,0.0,1011.0,1011.9,1011.0,2701,30.8,22.4,31.4,30.3,23.2,21.7,65,59,61,94,6.8,1.7,N,PA,BELEM,A201,-1.411228,-48.439512,21.17
1001,2019-06-16,20:00,0.0,1009.0,1009.0,1008.8,1242,31.4,21.5,32.1,31.4,22.3,20.9,57,52,56,129,4.5,1.5,N,PA,BELEM,A201,-1.411228,-48.439512,21.17
1002,2019-06-17,00:00,3.6,1012.1,1012.1,1010.8,6,25.1,22.8,28.3,25.1,23.2,22.6,87,74,87,76,5.3,1.8,N,PA,BELEM,A201,-1.411228,-48.439512,21.17
1003,2019-06-17,04:00,0.0,1011.5,1012.2,1011.5,0,24.4,23.2,24.6,24.3,23.3,23.1,93,93,93,149,0.0,0.0,N,PA,BELEM,A201,-1.411228,-48.439512,21.17
1004,2019-06-17,08:00,0.0,1010.8,1010.8,1010.5,0,24.2,22.9,24.2,24.0,22.9,22.9,93,92,92,122,2.8,1.3,N,PA,BELEM,A201,-1.411228,-48.439512,21.17
1005,2019-06-17,12:00,0.0,1012.4,1012.4,1012.0,1004,27.8,23.9,28.0,26.4,24.5,23.6,85,79,80,97,3.8,1.1,N,PA,BELEM,A201,-1.411228,-48.439512,21.17
1006,2019-06-17,16:00,0.0,1010.7,1011.5,1010.7,2718,31.8,22.7,32.0,31.2,23.8,21.2,64,55,58,135,5.8,2.9,N,PA,BELEM,A201,-1.411228,-48.439512,21.17
1007,2019-06-17,20:00,0.0,1008.7,1008.9,1008.7,949,31.3,24.9,32.6,31.0,25.0,21.2,70,54,69,313,4.1,1.2,N,PA,BELEM,A201,-1.411228,-48.439512,21.17
1008,2019-06-18,00:00,0.4,1012.0,1012.0,1011.3,5,25.7,24.1,25.8,25.5,24.1,23.6,91,89,91,11,3.8,0.3,N,PA,BELEM,A201,-1.411228,-48.439512,21.17
1009,2019-06-18,04:00,0.2,1012.5,1012.7,1012.4,1,24.3,22.9,24.4,24.1,23.0,22.6,92,92,92,158,2.7,0.6,N,PA,BELEM,A201,-1.411228,-48.439512,21.17
1010,2019-06-18,08:00,0.0,1011.2,1011.2,1010.9,0,24.4,23.3,24.4,24.4,23.3,23.2,93,93,93,124,0.6,0.0,N,PA,BELEM,A201,-1.411228,-48.439512,21.17
1011,2019-06-18,12:00,0.0,1012.3,1012.3,1012.1,952,27.5,24.3,27.5,25.9,24.5,23.8,90,82,83,105,4.3,1.8,N,PA,BELEM,A201,-1.411228,-48.439512,21.17
1012,2019-06-18,16:00,0.0,1010.8,1011.7,1010.8,1462,31.3,24.1,31.5,29.2,24.9,23.0,74,65,66,112,4.5,1.7,N,PA,BELEM,A201,-1.411228,-48.439512,21.17
1013,2019-06-18,20:00,0.0,1008.2,1008.2,1008.1,984,30.8,23.0,32.4,30.8,23.5,22.4,63,57,63,153,3.6,1.6,N,PA,BELEM,A201,-1.411228,-48.439512,21.17
1014,2019-06-19,00:00,18.2,1012.0,1012.4,1010.5,9,23.5,22.3,26.9,23.5,23.6,21.8,93,80,93,123,10.2,1.6,N,PA,BELEM,A201,-1.411228,-48.439512,21.17
1015,2019-06-19,04:00,0.0,1011.8,1012.3,1011.8,0,24.4,23.2,24.5,24.3,23.3,23.1,93,93,93,117,1.1,0.0,N,PA,BELEM,A201,-1.411228,-48.439512,21.17
1016,2019-06-19,08:00,0.2,1011.2,1011.2,1010.9,0,23.6,22.6,23.9,23.6,22.8,22.5,94,94,94,125,1.3,0.3,N,PA,BELEM,A201,-1.411228,-48.439512,21.17
1017,2019-06-19,12:00,0.0,1013.1,1013.1,1012.7,1110,26.8,23.3,26.8,25.2,23.9,23.2,92,81,82,115,4.5,2.3,N,PA,BELEM,A201,-1.411228,-48.439512,21.17
1018,2019-06-19,16:00,0.0,1012.2,1012.8,1012.2,2550,30.8,23.4,31.0,30.0,24.1,22.1,68,62,65,134,5.7,2.3,N,PA,BELEM,A201,-1.411228,-48.439512,21.17
1019,2019-06-19,20:00,0.0,1009.7,1009.9,1009.7,1011,30.8,21.9,31.5,30.7,22.3,21.1,60,54,59,111,4.4,0.5,N,PA,BELEM,A201,-1.411228,-48.439512,21.17
1020,2019-06-20,00:00,0.0,1011.7,1011.7,1011.3,0,27.3,23.0,27.4,27.1,23.2,23.0,79,77,78,64,3.6,0.2,N,PA,BELEM,A201,-1.411228,-48.439512,21.17
1021,2019-06-20,04:00,0.0,1011.7,1012.2,1011.7,0,24.9,22.2,25.1,24.8,22.3,22.1,85,84,85,92,1.6,0.0,N,PA,BELEM,A201,-1.411228,-48.439512,21.17
1022,2019-06-20,08:00,0.0,1011.3,1011.3,1011.1,0,23.7,22.1,23.7,23.5,22.1,22.0,91,91,91,93,0.0,0.0,N,PA,BELEM,A201,-1.411228,-48.439512,21.17
1023,2019-06-20,12:00,0.0,1013.0,1013.0,1012.6,1116,27.9,23.2,27.9,26.0,23.7,23.0,84,75,76,127,3.4,1.8,N,PA,BELEM,A201,-1.411228,-48.439512,21.17
1024,2019-06-20,16:00,0.0,1011.5,1012.4,1011.5,2615,31.6,21.2,32.2,30.7,24.2,21.2,66,54,54,136,6.5,3.4,N,PA,BELEM,A201,-1.411228,-48.439512,21.17
1025,2019-06-20,20:00,0.0,1010.0,1010.0,1009.6,953,31.2,23.1,31.6,28.7,24.5,22.3,77,60,62,144,2.1,0.9,N,PA,BELEM,A201,-1.411228,-48.439512,21.17
1026,2019-06-21,00:00,0.0,1011.5,1011.6,1011.1,1,27.5,23.9,27.7,27.5,23.9,23.5,81,78,81,35,4.7,0.9,N,PA,BELEM,A201,-1.411228,-48.439512,21.17
1027,2019-06-21,04:00,0.0,1012.4,1012.5,1012.4,0,25.7,22.6,25.8,25.7,23.5,22.6,87,83,83,112,2.6,0.8,N,PA,BELEM,A201,-1.411228,-48.439512,21.17
1028,2019-06-21,08:00,0.0,1011.3,1011.3,1011.1,0,23.8,21.9,24.1,23.7,22.0,21.8,89,87,89,105,0.9,0.0,N,PA,BELEM,A201,-1.411228,-48.439512,21.17
1029,2019-06-21,12:00,0.0,1013.0,1013.0,1012.6,1075,28.5,23.7,28.5,26.9,24.2,23.5,84,75,75,82,5.5,2.0,N,PA,BELEM,A201,-1.411228,-48.439512,21.17
1030,2019-06-21,16:00,0.0,1012.1,1012.5,1012.1,1757,30.4,21.9,32.2,30.2,23.7,21.8,64,56,61,119,5.8,2.4,N,PA,BELEM,A201,-1.411228,-48.439512,21.17
1031,2019-06-21,20:00,0.0,1010.5,1010.5,1010.1,1137,31.2,21.8,32.2,31.2,22.2,20.9,57,52,57,135,4.2,2.3,N,PA,BELEM,A201,-1.411228,-48.439512,21.17
1032,2019-06-22,00:00,0.0,1013.4,1013.4,1011.9,5,24.6,23.0,25.2,24.6,23.7,23.0,92,90,91,128,3.1,1.4,N,PA,BELEM,A201,-1.411228,-48.439512,21.17
1033,2019-06-22,04:00,0.0,1013.7,1014.2,1013.7,1,24.5,22.7,24.7,24.5,22.8,22.7,90,89,90,112,1.8,0.3,N,PA,BELEM,A201,-1.411228,-48.439512,21.17
1034,2019-06-22,08:00,0.2,1012.9,1012.9,1012.6,0,23.5,22.1,23.7,23.5,22.2,22.1,92,91,92,113,1.4,0.2,N,PA,BELEM,A201,-1.411228,-48.439512,21.17
1035,2019-06-22,12:00,0.0,1014.6,1014.6,1014.3,1004,27.3,24.0,27.4,25.7,24.3,23.3,88,81,82,106,4.4,1.4,N,PA,BELEM,A201,-1.411228,-48.439512,21.17
1036,2019-06-22,16:00,0.0,1012.6,1013.5,1012.6,2611,31.3,23.2,31.5,29.8,24.1,22.2,69,59,62,124,6.3,3.0,N,PA,BELEM,A201,-1.411228,-48.439512,21.17
1037,2019-06-22,20:00,0.6,1011.9,1011.9,1011.1,398,26.7,23.1,30.3,26.7,23.1,22.1,81,62,81,115,7.8,2.1,N,PA,BELEM,A201,-1.411228,-48.439512,21.17
1038,2019-06-23,00:00,0.0,1014.2,1014.2,1013.5,7,24.3,22.6,24.5,24.2,23.1,22.6,92,90,90,126,5.4,2.6,N,PA,BELEM,A201,-1.411228,-48.439512,21.17
1039,2019-06-23,04:00,0.0,1013.9,1014.6,1013.9,1,24.0,22.5,24.0,23.7,22.6,22.2,92,92,92,87,1.4,0.2,N,PA,BELEM,A201,-1.411228,-48.439512,21.17
1040,2019-06-23,08:00,0.0,1012.6,1012.6,1012.4,1,24.1,22.4,24.2,24.0,22.4,22.3,90,90,90,90,2.0,0.4,N,PA,BELEM,A201,-1.411228,-48.439512,21.17
1041,2019-06-23,12:00,0.0,1013.9,1013.9,1013.2,750,26.8,23.1,26.9,25.6,23.3,22.4,87,80,80,112,2.7,1.0,N,PA,BELEM,A201,-1.411228,-48.439512,21.17
1042,2019-06-23,16:00,0.0,1012.0,1012.7,1012.0,2100,30.3,22.1,31.4,30.1,23.6,21.7,66,58,62,113,3.7,1.4,N,PA,BELEM,A201,-1.411228,-48.439512,21.17
1043,2019-06-23,20:00,0.0,1010.2,1010.5,1010.1,604,28.1,22.8,30.3,28.1,23.1,22.2,74,63,73,118,3.0,0.5,N,PA,BELEM,A201,-1.411228,-48.439512,21.17
1044,2019-06-24,00:00,0.4,1012.6,1012.6,1011.8,7,23.6,22.1,24.4,23.6,22.7,22.1,92,90,91,83,4.2,1.1,N,PA,BELEM,A201,-1.411228,-48.439512,21.17
1045,2019-06-24,04:00,0.0,1011.8,1012.3,1011.7,2,23.7,21.9,23.8,23.7,21.9,21.8,90,89,90,96,3.6,1.2,N,PA,BELEM,A201,-1.411228,-48.439512,21.17
1046,2019-06-24,08:00,0.0,1009.9,1009.9,1009.8,0,23.8,22.2,23.9,23.6,22.3,22.0,91,91,91,82,1.2,0.2,N,PA,BELEM,A201,-1.411228,-48.439512,21.17
1047,2019-06-24,12:00,0.0,1011.6,1011.6,1011.3,616,26.5,22.7,26.5,25.3,22.7,22.0,84,79,79,102,2.5,1.0,N,PA,BELEM,A201,-1.411228,-48.439512,21.17
1048,2019-06-24,16:00,0.0,1009.5,1010.1,1009.5,1985,31.2,22.3,31.6,29.7,23.6,21.7,66,59,59,127,4.6,1.9,N,PA,BELEM,A201,-1.411228,-48.439512,21.17
1049,2019-06-24,20:00,9.6,1007.6,1007.7,1007.0,290,26.1,24.1,30.6,25.1,24.1,22.9,91,65,89,326,8.2,1.1,N,PA,BELEM,A201,-1.411228,-48.439512,21.17
1050,2019-06-25,00:00,0.0,1010.0,1010.0,1009.0,3,24.5,23.1,24.5,24.2,23.1,22.6,92,91,92,223,3.6,0.0,N,PA,BELEM,A201,-1.411228,-48.439512,21.17
1051,2019-06-25,04:00,0.0,1009.8,1010.2,1009.8,0,23.9,22.8,24.0,23.9,22.9,22.8,94,93,94,106,0.9,0.1,N,PA,BELEM,A201,-1.411228,-48.439512,21.17
1052,2019-06-25,08:00,0.0,1008.9,1008.9,1008.7,0,23.6,22.5,23.6,23.4,22.6,22.3,94,94,94,120,1.1,0.1,N,PA,BELEM,A201,-1.411228,-48.439512,21.17
1053,2019-06-25,12:00,0.0,1010.8,1010.8,1010.3,1055,27.1,23.8,27.1,25.5,24.2,23.7,92,82,82,103,4.6,1.9,N,PA,BELEM,A201,-1.411228,-48.439512,21.17
1054,2019-06-25,16:00,0.0,1008.9,1010.0,1008.9,2376,31.4,23.1,31.6,30.1,23.9,22.2,67,59,62,145,4.6,2.3,N,PA,BELEM,A201,-1.411228,-48.439512,21.17
1055,2019-06-25,20:00,0.0,1007.2,1007.2,1006.4,693,29.2,23.6,31.9,29.2,24.0,21.1,72,53,72,26,5.4,1.3,N,PA,BELEM,A201,-1.411228,-48.439512,21.17
1056,2019-06-26,00:00,0.0,1010.5,1010.5,1009.6,7,24.6,22.8,24.9,24.5,23.0,22.5,90,88,90,118,2.3,0.2,N,PA,BELEM,A201,-1.411228,-48.439512,21.17
1057,2019-06-26,04:00,0.0,1010.5,1011.1,1010.5,2,24.4,22.6,24.4,24.2,22.6,22.4,90,89,90,198,1.3,0.0,N,PA,BELEM,A201,-1.411228,-48.439512,21.17
1058,2019-06-26,08:00,0.0,1010.0,1010.0,1009.7,0,23.5,22.2,23.7,23.5,22.3,22.2,93,92,92,158,2.3,0.3,N,PA,BELEM,A201,-1.411228,-48.439512,21.17
1059,2019-06-26,12:00,0.0,1011.2,1011.2,1010.9,1072,27.0,23.4,27.0,25.2,23.6,22.3,85,79,81,117,2.8,1.2,N,PA,BELEM,A201,-1.411228,-48.439512,21.17
1060,2019-06-26,16:00,0.0,1009.7,1010.4,1009.7,2468,32.3,22.6,32.4,31.0,23.4,21.6,62,53,57,144,6.0,2.3,N,PA,BELEM,A201,-1.411228,-48.439512,21.17
1061,2019-06-26,20:00,0.0,1007.9,1008.0,1007.9,1148,31.7,21.8,32.3,31.7,21.8,20.8,56,51,56,132,5.3,1.6,N,PA,BELEM,A201,-1.411228,-48.439512,21.17
1062,2019-06-27,00:00,0.0,1010.7,1010.7,1009.8,1,27.5,23.9,27.9,27.5,24.2,23.9,81,80,81,78,4.7,0.6,N,PA,BELEM,A201,-1.411228,-48.439512,21.17
1063,2019-06-27,04:00,0.0,1010.6,1011.0,1010.6,0,25.1,22.7,25.5,25.1,22.9,22.7,86,85,86,117,3.8,1.8,N,PA,BELEM,A201,-1.411228,-48.439512,21.17
1064,2019-06-27,08:00,0.0,1009.9,1009.9,1009.6,0,24.4,22.5,24.8,24.3,22.6,22.5,89,88,89,116,1.7,0.7,N,PA,BELEM,A201,-1.411228,-48.439512,21.17
1065,2019-06-27,12:00,0.0,1011.2,1011.2,1011.0,1040,28.4,23.4,28.4,26.5,23.5,22.9,83,74,74,101,4.2,1.0,N,PA,BELEM,A201,-1.411228,-48.439512,21.17
1066,2019-06-27,16:00,0.0,1010.4,1011.0,1010.4,2329,32.2,24.3,32.6,30.5,24.5,22.2,66,55,63,133,5.7,2.6,N,PA,BELEM,A201,-1.411228,-48.439512,21.17
1067,2019-06-27,20:00,0.0,1008.6,1008.7,1008.5,1082,31.3,22.2,31.9,31.1,22.4,21.4,60,55,59,129,5.0,2.1,N,PA,BELEM,A201,-1.411228,-48.439512,21.17
1068,2019-06-28,00:00,0.0,1010.1,1010.1,1009.5,1,27.6,23.0,28.4,27.6,24.1,23.0,79,76,76,74,3.9,0.9,N,PA,BELEM,A201,-1.411228,-48.439512,21.17
1069,2019-06-28,04:00,0.0,1010.1,1010.5,1010.1,0,25.5,23.2,25.8,25.5,23.3,23.1,87,85,87,84,2.1,0.5,N,PA,BELEM,A201,-1.411228,-48.439512,21.17
1070,2019-06-28,08:00,0.0,1008.9,1008.9,1008.7,0,24.5,23.0,24.7,24.4,23.2,22.9,92,91,92,109,2.0,0.4,N,PA,BELEM,A201,-1.411228,-48.439512,21.17
1071,2019-06-28,12:00,0.0,1010.6,1010.6,1010.1,1112,28.2,23.7,28.3,26.5,24.0,23.2,84,74,77,105,4.7,1.7,N,PA,BELEM,A201,-1.411228,-48.439512,21.17
1072,2019-06-28,16:00,0.0,1009.5,1010.1,1009.5,2114,31.2,22.4,32.0,30.4,24.1,22.2,64,57,60,117,6.6,2.6,N,PA,BELEM,A201,-1.411228,-48.439512,21.17
1073,2019-06-28,20:00,0.0,1007.0,1007.1,1007.0,823,30.8,22.4,32.0,30.4,23.1,21.9,62,56,61,132,4.3,1.8,N,PA,BELEM,A201,-1.411228,-48.439512,21.17
1074,2019-06-29,00:00,0.0,1009.6,1009.6,1009.2,2,25.5,24.0,25.5,24.9,24.0,23.3,92,90,91,187,1.1,0.2,N,PA,BELEM,A201,-1.411228,-48.439512,21.17
1075,2019-06-29,04:00,0.0,1009.6,1010.1,1009.6,0,25.2,23.2,25.4,25.1,23.2,23.0,89,87,89,102,2.8,0.8,N,PA,BELEM,A201,-1.411228,-48.439512,21.17
1076,2019-06-29,08:00,0.0,1008.2,1008.2,1008.1,0,24.4,22.9,24.8,24.4,23.1,22.9,91,90,91,120,2.7,0.9,N,PA,BELEM,A201,-1.411228,-48.439512,21.17
1077,2019-06-29,12:00,0.0,1009.9,1009.9,1009.7,1060,27.9,24.0,27.9,26.1,24.3,23.5,86,79,79,117,4.9,1.9,N,PA,BELEM,A201,-1.411228,-48.439512,21.17
1078,2019-06-29,16:00,0.0,1008.6,1009.4,1008.6,2666,31.4,22.9,32.3,31.1,23.8,22.4,63,58,61,119,7.0,2.8,N,PA,BELEM,A201,-1.411228,-48.439512,21.17
1079,2019-06-29,20:00,0.0,1006.3,1006.4,1006.1,1167,31.9,22.4,32.3,31.8,22.8,21.6,59,55,57,139,5.5,1.9,N,PA,BELEM,A201,-1.411228,-48.439512,21.17
1080,2019-06-30,00:00,0.0,1009.4,1009.4,1008.2,1,26.8,21.5,28.4,26.7,24.1,21.5,78,72,73,84,3.6,1.1,N,PA,BELEM,A201,-1.411228,-48.439512,21.17
1081,2019-06-30,04:00,0.0,1009.7,1010.3,1009.7,0,25.2,22.6,25.8,25.2,22.6,22.4,86,82,86,116,2.2,1.0,N,PA,BELEM,A201,-1.411228,-48.439512,21.17
1082,2019-06-30,08:00,0.0,1008.5,1008.5,1008.2,0,23.9,22.4,24.1,23.9,22.6,22.4,92,91,92,111,2.4,1.1,N,PA,BELEM,A201,-1.411228,-48.439512,21.17
1083,2019-06-30,12:00,0.0,1010.3,1010.3,1010.0,1052,27.7,23.9,27.7,25.8,23.9,23.1,85,78,80,114,6.3,2.6,N,PA,BELEM,A201,-1.411228,-48.439512,21.17
1084,2019-06-30,16:00,0.0,1009.0,1009.8,1009.0,1704,31.0,22.2,31.6,30.2,23.1,20.9,63,56,59,112,5.5,2.1,N,PA,BELEM,A201,-1.411228,-48.439512,21.17
1085,2019-06-30,20:00,0.0,1006.9,1006.9,1006.8,655,31.6,22.2,31.6,30.4,22.8,21.7,63,58,58,133,3.2,0.5,N,PA,BELEM,A201,-1.411228,-48.439512,21.17
1086,2019-07-01,00:00,0.0,1009.9,1009.9,1009.0,4,24.2,22.8,24.5,24.2,23.0,22.5,92,90,92,77,1.8,0.1,N,PA,BELEM,A201,-1.411228,-48.439512,21.17
1087,2019-07-01,04:00,0.0,1009.6,1010.0,1009.6,0,24.0,22.3,24.2,23.9,22.3,22.2,91,89,91,128,1.7,0.5,N,PA,BELEM,A201,-1.411228,-48.439512,21.17
1088,2019-07-01,08:00,0.0,1007.7,1007.9,1007.6,0,23.5,22.2,23.6,23.4,22.4,22.2,93,92,92,100,1.4,0.1,N,PA,BELEM,A201,-1.411228,-48.439512,21.17
1089,2019-07-01,12:00,0.0,1010.7,1010.7,1010.3,1101,27.4,22.7,27.5,26.1,22.9,22.2,82,74,76,103,3.9,1.5,N,PA,BELEM,A201,-1.411228,-48.439512,21.17
1090,2019-07-01,16:00,0.0,1008.9,1009.9,1008.9,2732,31.5,21.6,31.9,30.7,22.5,20.7,61,54,56,119,5.4,2.4,N,PA,BELEM,A201,-1.411228,-48.439512,21.17
1091,2019-07-01,20:00,0.0,1007.0,1007.0,1006.7,1238,31.3,21.8,32.0,31.2,22.4,20.9,58,53,57,116,4.7,1.6,N,PA,BELEM,A201,-1.411228,-48.439512,21.17
1092,2019-07-02,00:00,0.0,1009.0,1009.0,1008.4,2,27.4,23.3,27.4,27.1,23.4,23.2,80,78,79,100,1.4,0.3,N,PA,BELEM,A201,-1.411228,-48.439512,21.17
1093,2019-07-02,04:00,0.0,1008.8,1009.0,1008.8,0,26.1,22.7,26.5,25.9,23.1,22.7,83,81,82,84,2.8,0.9,N,PA,BELEM,A201,-1.411228,-48.439512,21.17
1094,2019-07-02,08:00,0.0,1007.2,1007.3,1007.1,0,24.9,22.4,25.3,24.9,22.4,21.8,86,81,86,96,2.1,0.5,N,PA,BELEM,A201,-1.411228,-48.439512,21.17
1095,2019-07-02,12:00,0.0,1009.0,1009.0,1008.6,1069,28.7,24.4,28.7,27.3,24.4,23.5,80,75,77,88,5.2,1.4,N,PA,BELEM,A201,-1.411228,-48.439512,21.17
1096,2019-07-02,16:00,0.0,1007.8,1008.5,1007.8,2118,30.9,23.1,32.4,30.4,24.5,22.6,68,58,63,120,4.5,2.4,N,PA,BELEM,A201,-1.411228,-48.439512,21.17
1097,2019-07-02,20:00,0.0,1005.5,1005.5,1005.4,986,30.9,21.8,31.8,30.9,23.0,21.2,60,54,58,113,3.4,1.3,N,PA,BELEM,A201,-1.411228,-48.439512,21.17
1098,2019-07-03,00:00,0.0,1009.7,1009.7,1008.3,4,23.8,22.2,24.1,23.6,22.4,21.9,91,90,91,125,2.7,1.5,N,PA,BELEM,A201,-1.411228,-48.439512,21.17
1099,2019-07-03,04:00,0.0,1008.7,1009.5,1008.7,0,23.4,21.9,23.7,23.4,22.1,21.9,91,90,91,124,1.1,0.1,N,PA,BELEM,A201,-1.411228,-48.439512,21.17
1100,2019-07-03,08:00,0.0,1008.1,1008.1,1007.8,0,23.3,22.1,23.5,23.3,22.2,22.0,93,92,93,143,0.5,0.0,N,PA,BELEM,A201,-1.411228,-48.439512,21.17
1101,2019-07-03,12:00,0.0,1009.7,1009.7,1009.3,1125,27.4,23.7,27.5,25.5,24.0,23.3,88,80,80,92,3.8,1.5,N,PA,BELEM,A201,-1.411228,-48.439512,21.17
1102,2019-07-03,16:00,0.0,1008.9,1009.7,1008.9,1756,31.8,23.3,31.9,29.9,23.8,21.9,66,58,61,102,4.5,1.5,N,PA,BELEM,A201,-1.411228,-48.439512,21.17
1103,2019-07-03,20:00,0.0,1006.9,1007.1,1006.8,1150,32.0,22.3,32.2,29.3,23.3,21.8,69,56,56,40,3.3,0.8,N,PA,BELEM,A201,-1.411228,-48.439512,21.17
1104,2019-07-04,00:00,0.0,1009.6,1009.6,1008.9,0,26.0,22.8,26.0,25.7,22.8,22.6,83,82,83,179,2.1,0.2,N,PA,BELEM,A201,-1.411228,-48.439512,21.17
1105,2019-07-04,04:00,0.0,1008.9,1009.3,1008.9,0,24.9,22.6,25.1,24.8,22.6,22.4,87,86,87,84,3.0,0.4,N,PA,BELEM,A201,-1.411228,-48.439512,21.17
1106,2019-07-04,08:00,0.0,1008.3,1008.3,1008.1,0,23.3,22.1,23.5,23.3,22.2,22.0,93,92,93,100,0.4,0.0,N,PA,BELEM,A201,-1.411228,-48.439512,21.17
1107,2019-07-04,12:00,0.0,1010.6,1010.6,1009.8,1051,27.8,23.7,27.8,26.0,23.7,23.3,86,77,78,83,4.1,1.4,N,PA,BELEM,A201,-1.411228,-48.439512,21.17
1108,2019-07-04,16:00,0.0,1009.7,1010.4,1009.7,2459,31.8,21.8,32.1,30.4,23.3,21.8,63,55,55,85,5.9,1.6,N,PA,BELEM,A201,-1.411228,-48.439512,21.17
1109,2019-07-04,20:00,26.0,1008.5,1008.5,1007.3,232,24.8,23.2,30.9,24.8,24.3,23.0,91,66,91,57,10.1,2.1,N,PA,BELEM,A201,-1.411228,-48.439512,21.17
1110,2019-07-05,00:00,0.0,1010.3,1010.3,1009.3,2,25.4,23.7,25.7,25.3,24.2,23.7,93,90,90,264,2.0,0.2,N,PA,BELEM,A201,-1.411228,-48.439512,21.17
1111,2019-07-05,04:00,0.0,1011.2,1011.3,1011.1,0,24.4,23.0,24.6,24.3,23.1,22.9,92,91,92,97,1.5,0.0,N,PA,BELEM,A201,-1.411228,-48.439512,21.17
1112,2019-07-05,08:00,0.0,1010.9,1011.0,1010.8,0,23.7,22.6,23.9,23.7,22.7,22.5,93,93,93,133,0.8,0.0,N,PA,BELEM,A201,-1.411228,-48.439512,21.17
1113,2019-07-05,12:00,0.0,1012.9,1013.0,1012.5,1005,27.5,24.2,27.5,25.8,24.6,23.6,88,82,83,108,4.9,1.8,N,PA,BELEM,A201,-1.411228,-48.439512,21.17
1114,2019-07-05,16:00,0.0,1011.7,1012.4,1011.7,2719,31.6,22.5,31.9,30.4,24.8,22.5,69,58,59,108,6.0,2.0,N,PA,BELEM,A201,-1.411228,-48.439512,21.17
1115,2019-07-05,20:00,0.0,1010.1,1010.2,1010.0,1109,31.4,21.5,32.7,31.4,22.3,20.6,56,50,56,103,3.9,1.1,N,PA,BELEM,A201,-1.411228,-48.439512,21.17
1116,2019-07-06,00:00,0.0,1011.3,1011.3,1010.7,0,27.8,24.2,28.2,27.7,24.4,24.2,82,79,81,56,3.4,0.6,N,PA,BELEM,A201,-1.411228,-48.439512,21.17
1117,2019-07-06,04:00,0.0,1011.9,1012.4,1011.9,0,25.6,23.0,25.9,25.5,23.1,23.0,86,85,86,85,3.5,1.0,N,PA,BELEM,A201,-1.411228,-48.439512,21.17
1118,2019-07-06,08:00,0.0,1011.3,1011.3,1011.1,0,24.5,22.8,24.8,24.5,22.9,22.7,90,89,90,85,2.0,0.4,N,PA,BELEM,A201,-1.411228,-48.439512,21.17
1119,2019-07-06,12:00,0.0,1012.4,1012.4,1011.9,1000,28.0,23.1,28.0,26.4,23.6,23.0,83,75,75,74,5.3,1.2,N,PA,BELEM,A201,-1.411228,-48.439512,21.17
1120,2019-07-06,16:00,0.0,1011.5,1012.2,1011.5,2094,31.4,22.6,31.8,30.5,23.9,22.0,66,59,60,140,4.1,2.3,N,PA,BELEM,A201,-1.411228,-48.439512,21.17
1121,2019-07-06,20:00,0.0,1009.5,1009.5,1009.4,1189,31.6,24.3,33.1,31.3,25.0,24.2,68,61,66,319,4.8,1.6,N,PA,BELEM,A201,-1.411228,-48.439512,21.17
1122,2019-07-07,00:00,0.0,1011.9,1011.9,1010.9,4,27.8,23.3,28.6,27.8,23.6,23.2,77,74,76,50,4.2,0.9,N,PA,BELEM,A201,-1.411228,-48.439512,21.17
1123,2019-07-07,04:00,0.0,1012.3,1012.6,1012.3,0,26.2,23.2,26.4,26.1,23.2,23.1,83,82,83,74,3.8,0.7,N,PA,BELEM,A201,-1.411228,-48.439512,21.17
1124,2019-07-07,08:00,0.0,1011.1,1011.2,1011.0,0,24.8,22.9,25.1,24.8,23.0,22.8,89,88,89,68,1.8,0.2,N,PA,BELEM,A201,-1.411228,-48.439512,21.17
1125,2019-07-07,12:00,0.0,1012.0,1012.1,1011.9,953,28.3,23.1,28.5,26.6,23.7,23.1,83,74,74,58,3.9,0.9,N,PA,BELEM,A201,-1.411228,-48.439512,21.17
1126,2019-07-07,16:00,0.0,1011.4,1011.8,1011.4,1367,31.1,22.6,32.4,30.9,23.4,21.5,62,54,61,126,3.4,1.5,N,PA,BELEM,A201,-1.411228,-48.439512,21.17
1127,2019-07-07,20:00,0.0,1010.2,1010.4,1009.7,185,25.2,21.3,26.6,24.9,22.3,20.7,80,75,79,355,5.1,1.5,N,PA,BELEM,A201,-1.411228,-48.439512,21.17
1128,2019-07-08,00:00,0.0,1012.9,1012.9,1011.9,1,24.6,22.3,25.5,24.6,22.3,22.2,87,82,87,122,1.6,0.2,N,PA,BELEM,A201,-1.411228,-48.439512,21.17
1129,2019-07-08,04:00,0.0,1013.4,1014.1,1013.4,0,25.2,22.5,25.2,24.9,22.5,22.3,86,85,85,80,2.3,0.6,N,PA,BELEM,A201,-1.411228,-48.439512,21.17
1130,2019-07-08,08:00,0.0,1012.0,1012.2,1011.9,0,23.9,22.3,24.1,23.8,22.4,22.2,91,90,91,127,1.9,0.8,N,PA,BELEM,A201,-1.411228,-48.439512,21.17
1131,2019-07-08,12:00,0.0,1012.8,1012.9,1012.6,913,27.0,23.4,27.1,25.3,24.0,23.1,88,81,81,132,4.1,2.0,N,PA,BELEM,A201,-1.411228,-48.439512,21.17
1132,2019-07-08,16:00,0.0,1011.8,1012.4,1011.8,2450,30.6,22.2,31.7,30.3,23.3,21.2,65,56,61,143,5.0,2.6,N,PA,BELEM,A201,-1.411228,-48.439512,21.17
1133,2019-07-08,20:00,0.0,1009.9,1010.0,1009.7,1243,30.4,23.1,32.3,30.4,23.7,22.9,65,59,65,340,6.4,2.3,N,PA,BELEM,A201,-1.411228,-48.439512,21.17
1134,2019-07-09,00:00,0.0,1012.5,1012.5,1011.8,2,26.4,22.2,27.0,26.4,22.3,22.1,78,75,78,79,4.7,0.9,N,PA,BELEM,A201,-1.411228,-48.439512,21.17
1135,2019-07-09,04:00,0.0,1012.8,1013.2,1012.8,0,25.0,22.4,25.3,25.0,22.5,22.2,86,84,85,105,1.8,0.6,N,PA,BELEM,A201,-1.411228,-48.439512,21.17
1136,2019-07-09,08:00,0.0,1012.1,1012.1,1011.8,0,23.8,22.1,24.2,23.8,22.2,22.1,90,89,90,91,1.5,0.1,N,PA,BELEM,A201,-1.411228,-48.439512,21.17
1137,2019-07-09,12:00,0.0,1013.8,1013.9,1013.7,973,27.8,23.5,27.8,25.7,23.7,23.0,86,77,78,100,5.6,1.3,N,PA,BELEM,A201,-1.411228,-48.439512,21.17
1138,2019-07-09,16:00,0.0,1011.5,1012.5,1011.5,2908,31.6,22.3,31.7,30.5,23.3,21.6,64,55,58,112,6.1,2.6,N,PA,BELEM,A201,-1.411228,-48.439512,21.17
1139,2019-07-09,20:00,0.0,1010.6,1010.6,1010.3,267,28.0,23.2,28.9,28.0,23.2,22.4,75,69,75,35,4.4,1.3,N,PA,BELEM,A201,-1.411228,-48.439512,21.17
1140,2019-07-10,00:00,0.0,1012.7,1012.8,1012.2,1,25.9,22.0,26.1,25.8,22.2,22.0,80,79,79,83,2.5,1.0,N,PA,BELEM,A201,-1.411228,-48.439512,21.17
1141,2019-07-10,04:00,0.0,1012.6,1013.1,1012.6,0,24.4,22.3,24.8,24.4,22.3,22.2,88,86,88,111,2.7,1.2,N,PA,BELEM,A201,-1.411228,-48.439512,21.17
1142,2019-07-10,08:00,0.0,1011.6,1011.6,1011.1,0,23.8,22.1,24.1,23.7,22.3,22.0,91,89,91,112,2.5,1.2,N,PA,BELEM,A201,-1.411228,-48.439512,21.17
1143,2019-07-10,12:00,0.0,1012.9,1013.1,1012.9,972,27.9,23.1,27.9,26.5,23.4,22.6,81,73,75,99,4.4,1.6,N,PA,BELEM,A201,-1.411228,-48.439512,21.17
1144,2019-07-10,16:00,0.0,1010.8,1011.7,1010.8,2375,31.1,21.4,32.0,30.3,22.7,20.8,62,53,56,115,5.4,1.8,N,PA,BELEM,A201,-1.411228,-48.439512,21.17
1145,2019-07-10,20:00,0.0,1008.5,1008.7,1008.5,1150,30.7,22.2,32.1,30.6,22.2,20.5,61,52,60,168,3.9,1.1,N,PA,BELEM,A201,-1.411228,-48.439512,21.17
1146,2019-07-11,00:00,2.0,1011.9,1011.9,1011.3,5,24.4,23.0,24.7,24.3,23.0,22.8,92,90,92,111,2.9,1.2,N,PA,BELEM,A201,-1.411228,-48.439512,21.17
1147,2019-07-11,04:00,0.0,1011.1,1011.3,1011.0,1,24.3,22.8,24.3,24.2,22.9,22.8,92,92,92,88,2.2,0.3,N,PA,BELEM,A201,-1.411228,-48.439512,21.17
1148,2019-07-11,08:00,0.0,1009.8,1009.9,1009.7,0,23.9,22.5,24.1,23.9,22.7,22.5,92,92,92,106,2.0,0.5,N,PA,BELEM,A201,-1.411228,-48.439512,21.17
1149,2019-07-11,12:00,0.0,1011.2,1011.2,1010.9,673,26.9,22.8,27.0,25.2,23.2,22.4,85,78,79,98,2.6,1.1,N,PA,BELEM,A201,-1.411228,-48.439512,21.17
1150,2019-07-11,16:00,0.0,1009.7,1010.8,1009.7,1698,29.7,24.2,29.7,28.7,24.2,22.7,74,68,73,136,4.2,1.8,N,PA,BELEM,A201,-1.411228,-48.439512,21.17
1151,2019-07-11,20:00,0.0,1007.5,1007.8,1007.5,582,28.6,22.5,29.0,28.2,22.8,22.1,72,68,69,148,4.5,2.0,N,PA,BELEM,A201,-1.411228,-48.439512,21.17
1152,2019-07-12,00:00,0.0,1010.6,1010.7,1009.7,1,25.2,22.3,25.7,25.1,22.3,21.9,84,81,84,106,2.7,0.6,N,PA,BELEM,A201,-1.411228,-48.439512,21.17
1153,2019-07-12,04:00,0.0,1010.5,1011.0,1010.5,0,24.5,22.3,24.7,24.5,22.7,22.3,89,87,88,115,1.9,0.9,N,PA,BELEM,A201,-1.411228,-48.439512,21.17
1154,2019-07-12,08:00,0.0,1009.2,1009.2,1009.1,0,23.9,22.3,24.0,23.8,22.5,22.3,91,91,91,108,1.8,0.6,N,PA,BELEM,A201,-1.411228,-48.439512,21.17
1155,2019-07-12,12:00,0.0,1010.8,1010.9,1010.8,895,27.8,23.7,27.8,26.0,23.8,22.8,85,77,78,102,4.3,1.5,N,PA,BELEM,A201,-1.411228,-48.439512,21.17
1156,2019-07-12,16:00,0.0,1009.4,1010.2,1009.4,1931,30.7,22.7,31.8,30.1,23.7,21.8,67,58,62,130,5.2,1.7,N,PA,BELEM,A201,-1.411228,-48.439512,21.17
1157,2019-07-12,20:00,0.0,1008.1,1008.2,1007.5,1274,29.2,22.1,30.9,28.2,23.0,20.8,67,58,66,38,6.3,1.3,N,PA,BELEM,A201,-1.411228,-48.439512,21.17
1158,2019-07-13,00:00,0.0,1011.0,1011.1,1010.7,0,24.5,22.3,24.7,24.4,22.5,22.2,88,87,88,135,2.3,0.5,N,PA,BELEM,A201,-1.411228,-48.439512,21.17
1159,2019-07-13,04:00,0.0,1011.3,1011.7,1011.3,0,24.2,22.6,24.4,24.2,22.7,22.5,91,89,91,144,2.5,0.4,N,PA,BELEM,A201,-1.411228,-48.439512,21.17
1160,2019-07-13,08:00,0.0,1010.1,1010.2,1010.0,0,23.9,22.2,24.1,23.9,22.3,22.2,90,90,90,104,2.2,0.5,N,PA,BELEM,A201,-1.411228,-48.439512,21.17
1161,2019-07-13,12:00,0.0,1011.7,1011.7,1011.5,555,26.8,23.4,26.8,25.3,23.6,23.0,88,81,82,86,3.3,0.5,N,PA,BELEM,A201,-1.411228,-48.439512,21.17
1162,2019-07-13,16:00,0.0,1009.5,1010.6,1009.5,2297,32.2,22.3,32.4,30.2,23.7,22.2,65,56,56,103,5.5,1.7,N,PA,BELEM,A201,-1.411228,-48.439512,21.17
1163,2019-07-13,20:00,0.0,1008.1,1008.3,1007.7,335,27.7,23.8,28.2,27.7,24.1,22.7,80,73,79,268,4.5,1.2,N,PA,BELEM,A201,-1.411228,-48.439512,21.17
1164,2019-07-14,00:00,2.2,1010.7,1010.8,1010.4,3,23.9,22.6,24.2,23.9,23.0,22.6,93,92,92,131,3.9,1.0,N,PA,BELEM,A201,-1.411228,-48.439512,21.17
1165,2019-07-14,04:00,0.0,1010.5,1011.0,1010.5,0,24.2,23.1,24.3,24.1,23.1,23.0,93,93,93,125,2.0,0.0,N,PA,BELEM,A201,-1.411228,-48.439512,21.17
1166,2019-07-14,08:00,0.0,1009.3,1009.3,1009.0,0,23.5,22.3,23.6,23.5,22.4,22.3,93,93,93,110,1.8,0.4,N,PA,BELEM,A201,-1.411228,-48.439512,21.17
1167,2019-07-14,12:00,0.0,1011.1,1011.1,1010.8,919,27.0,23.6,27.1,25.5,24.1,23.2,89,81,82,100,4.4,2.2,N,PA,BELEM,A201,-1.411228,-48.439512,21.17
1168,2019-07-14,16:00,0.0,1009.5,1010.5,1009.5,2422,30.9,23.7,31.3,29.9,23.7,21.8,67,57,66,149,5.5,2.0,N,PA,BELEM,A201,-1.411228,-48.439512,21.17
1169,2019-07-14,20:00,0.0,1007.3,1007.4,1007.2,1287,31.4,21.0,31.8,31.3,22.1,20.5,57,52,54,110,4.6,1.7,N,PA,BELEM,A201,-1.411228,-48.439512,21.17
1170,2019-07-15,00:00,0.0,1009.8,1009.8,1009.1,0,26.8,22.0,27.3,26.8,22.0,21.7,75,72,75,129,4.2,0.7,N,PA,BELEM,A201,-1.411228,-48.439512,21.17
1171,2019-07-15,04:00,0.0,1010.0,1010.5,1010.0,0,24.8,22.3,25.3,24.8,22.5,22.3,86,85,86,84,2.7,0.6,N,PA,BELEM,A201,-1.411228,-48.439512,21.17
1172,2019-07-15,08:00,0.0,1008.8,1008.8,1008.6,0,23.2,21.7,23.5,23.2,21.8,21.7,91,90,91,132,0.0,0.0,N,PA,BELEM,A201,-1.411228,-48.439512,21.17
1173,2019-07-15,12:00,0.0,1010.5,1010.5,1010.1,893,27.7,22.3,27.7,25.9,22.9,22.1,81,72,73,76,3.7,1.3,N,PA,BELEM,A201,-1.411228,-48.439512,21.17
1174,2019-07-15,16:00,0.0,1009.4,1010.1,1009.4,3104,31.2,21.5,32.0,30.5,23.2,21.5,64,56,56,130,5.3,2.0,N,PA,BELEM,A201,-1.411228,-48.439512,21.17
1175,2019-07-15,20:00,0.0,1008.0,1008.0,1007.8,485,29.9,23.9,31.5,29.9,23.9,20.8,70,54,70,323,4.0,1.0,N,PA,BELEM,A201,-1.411228,-48.439512,21.17
1176,2019-07-16,00:00,0.0,1010.1,1010.2,1009.4,0,26.2,21.3,26.8,26.2,22.4,21.2,78,74,74,36,4.2,0.6,N,PA,BELEM,A201,-1.411228,-48.439512,21.17
1177,2019-07-16,04:00,0.0,1010.3,1010.8,1010.3,0,24.6,21.8,24.9,24.6,22.1,21.8,85,84,84,97,2.1,0.6,N,PA,BELEM,A201,-1.411228,-48.439512,21.17
1178,2019-07-16,08:00,0.0,1009.4,1009.5,1009.3,0,23.9,22.1,23.9,23.8,22.2,22.0,90,89,90,87,2.1,0.0,N,PA,BELEM,A201,-1.411228,-48.439512,21.17
1179,2019-07-16,12:00,0.0,1011.9,1011.9,1011.5,853,28.4,23.3,28.4,26.2,23.9,23.2,84,74,74,94,4.7,1.3,N,PA,BELEM,A201,-1.411228,-48.439512,21.17
1180,2019-07-16,16:00,0.0,1010.3,1011.2,1010.3,2333,32.2,22.6,32.6,30.6,23.4,22.0,63,54,57,143,4.3,1.8,N,PA,BELEM,A201,-1.411228,-48.439512,21.17
1181,2019-07-16,20:00,0.0,1008.3,1008.4,1007.9,832,29.5,23.8,30.3,27.9,24.5,23.2,79,67,72,25,5.5,0.9,N,PA,BELEM,A201,-1.411228,-48.439512,21.17
1182,2019-07-17,00:00,0.8,1011.6,1012.0,1011.6,3,23.1,21.8,23.2,23.0,22.1,21.7,94,93,93,131,3.4,0.5,N,PA,BELEM,A201,-1.411228,-48.439512,21.17
1183,2019-07-17,04:00,0.0,1011.6,1012.2,1011.6,0,22.6,21.4,22.8,22.6,21.5,21.3,93,92,92,65,1.8,0.4,N,PA,BELEM,A201,-1.411228,-48.439512,21.17
1184,2019-07-17,08:00,0.0,1010.8,1010.8,1010.2,0,23.1,21.7,23.2,23.0,21.8,21.6,92,92,92,97,2.4,0.1,N,PA,BELEM,A201,-1.411228,-48.439512,21.17
1185,2019-07-17,12:00,0.0,1012.9,1012.9,1012.0,607,26.8,23.4,26.9,25.3,23.6,22.6,85,81,82,44,2.8,0.4,N,PA,BELEM,A201,-1.411228,-48.439512,21.17
1186,2019-07-17,16:00,0.0,1011.5,1012.6,1011.5,2087,31.5,22.2,32.7,30.4,23.6,22.0,65,56,58,90,4.3,1.1,N,PA,BELEM,A201,-1.411228,-48.439512,21.17
1187,2019-07-17,20:00,1.8,1009.2,1009.5,1009.1,195,26.4,24.1,27.9,26.2,24.3,21.3,88,68,87,5,6.7,0.6,N,PA,BELEM,A201,-1.411228,-48.439512,21.17
1188,2019-07-18,00:00,9.8,1013.2,1013.3,1012.4,3,23.2,22.0,23.5,23.1,22.0,21.6,92,91,92,92,3.4,0.3,N,PA,BELEM,A201,-1.411228,-48.439512,21.17
1189,2019-07-18,04:00,0.0,1013.0,1013.5,1013.0,0,22.9,21.8,23.1,22.9,21.9,21.7,93,93,93,83,2.1,0.1,N,PA,BELEM,A201,-1.411228,-48.439512,21.17
1190,2019-07-18,08:00,0.0,1011.4,1011.4,1011.3,0,22.9,21.8,23.0,22.7,21.8,21.6,93,93,93,115,0.9,0.0,N,PA,BELEM,A201,-1.411228,-48.439512,21.17
1191,2019-07-18,12:00,0.0,1012.4,1012.8,1012.4,757,26.5,23.1,26.5,24.9,23.4,22.5,87,82,82,20,4.0,1.0,N,PA,BELEM,A201,-1.411228,-48.439512,21.17
1192,2019-07-18,16:00,0.0,1011.7,1012.6,1011.7,942,30.4,24.4,30.4,29.1,24.7,23.5,74,70,70,233,3.2,0.8,N,PA,BELEM,A201,-1.411228,-48.439512,21.17
1193,2019-07-18,20:00,2.2,1010.8,1010.8,1009.3,125,24.0,22.1,28.6,23.9,23.9,21.0,89,70,89,63,6.3,0.9,N,PA,BELEM,A201,-1.411228,-48.439512,21.17
1194,2019-07-19,00:00,0.0,1013.0,1013.0,1012.2,1,23.8,22.6,23.8,23.5,22.6,22.3,93,93,93,130,6.1,1.0,N,PA,BELEM,A201,-1.411228,-48.439512,21.17
1195,2019-07-19,04:00,0.0,1012.9,1013.4,1012.9,0,23.2,21.8,23.4,23.2,22.0,21.8,92,92,92,95,2.4,0.8,N,PA,BELEM,A201,-1.411228,-48.439512,21.17
1196,2019-07-19,08:00,0.0,1011.3,1011.4,1011.3,0,23.2,21.8,23.3,23.2,21.8,21.7,92,91,92,96,1.0,0.0,N,PA,BELEM,A201,-1.411228,-48.439512,21.17
1197,2019-07-19,12:00,0.0,1012.9,1012.9,1012.5,710,25.9,22.7,25.9,24.7,22.7,22.2,86,81,83,103,3.0,1.3,N,PA,BELEM,A201,-1.411228,-48.439512,21.17
1198,2019-07-19,16:00,0.0,1011.7,1012.5,1011.7,3436,30.9,21.3,31.5,30.2,23.7,21.2,67,56,57,134,6.1,3.2,N,PA,BELEM,A201,-1.411228,-48.439512,21.17
1199,2019-07-19,20:00,0.0,1009.3,1009.6,1009.3,1118,30.9,21.3,31.3,30.5,22.2,20.7,59,55,57,109,4.4,1.2,N,PA,BELEM,A201,-1.411228,-48.439512,21.17
1200,2019-07-20,00:00,0.0,1011.3,1011.3,1010.7,1,26.7,22.4,27.6,26.7,22.8,22.4,78,75,77,68,2.4,0.5,N,PA,BELEM,A201,-1.411228,-48.439512,21.17
1201,2019-07-20,04:00,0.0,1011.6,1012.0,1011.6,0,24.3,22.3,24.9,24.3,22.6,22.3,88,87,88,118,1.8,0.3,N,PA,BELEM,A201,-1.411228,-48.439512,21.17
1202,2019-07-20,08:00,0.0,1010.5,1010.5,1010.2,0,23.3,21.8,23.5,23.2,22.0,21.7,92,91,91,92,1.7,0.6,N,PA,BELEM,A201,-1.411228,-48.439512,21.17
1203,2019-07-20,12:00,0.0,1012.2,1012.2,1011.6,836,27.0,22.1,27.1,25.4,22.7,21.8,84,74,74,135,3.7,1.9,N,PA,BELEM,A201,-1.411228,-48.439512,21.17
1204,2019-07-20,16:00,0.0,1011.1,1011.7,1011.1,3039,30.5,20.6,30.9,29.7,21.5,19.9,59,55,56,117,6.9,2.2,N,PA,BELEM,A201,-1.411228,-48.439512,21.17
1205,2019-07-20,20:00,0.0,1008.9,1009.1,1008.9,323,29.0,21.9,29.5,29.0,22.3,21.5,66,62,66,125,3.7,1.5,N,PA,BELEM,A201,-1.411228,-48.439512,21.17
1206,2019-07-21,00:00,0.2,1011.2,1011.3,1010.5,2,24.5,22.7,24.7,24.5,22.8,22.3,90,88,90,67,3.5,0.4,N,PA,BELEM,A201,-1.411228,-48.439512,21.17
1207,2019-07-21,04:00,0.0,1011.9,1012.1,1011.9,1,24.0,21.9,24.0,23.6,21.9,21.4,89,86,88,111,4.5,1.3,N,PA,BELEM,A201,-1.411228,-48.439512,21.17
1208,2019-07-21,08:00,0.0,1010.1,1010.3,1009.9,0,23.5,21.6,23.5,23.3,21.6,21.4,90,89,89,130,3.6,1.9,N,PA,BELEM,A201,-1.411228,-48.439512,21.17
1209,2019-07-21,12:00,0.0,1011.6,1011.7,1011.2,792,26.9,21.9,27.0,25.1,22.2,21.4,81,73,74,99,7.0,2.2,N,PA,BELEM,A201,-1.411228,-48.439512,21.17
1210,2019-07-21,16:00,0.0,1010.7,1011.9,1010.7,3195,30.2,21.8,31.6,30.1,22.6,21.0,62,54,61,117,6.6,2.0,N,PA,BELEM,A201,-1.411228,-48.439512,21.17
1211,2019-07-21,20:00,0.0,1009.3,1009.5,1009.2,320,24.8,22.8,25.0,24.1,23.3,22.8,93,89,89,149,3.3,1.7,N,PA,BELEM,A201,-1.411228,-48.439512,21.17
1212,2019-07-22,00:00,0.0,1011.4,1011.4,1010.5,2,24.2,22.7,24.2,23.9,22.7,22.2,91,90,91,100,2.4,0.3,N,PA,BELEM,A201,-1.411228,-48.439512,21.17
1213,2019-07-22,04:00,0.0,1011.7,1012.0,1011.7,0,23.5,22.3,23.8,23.5,22.5,22.2,93,92,93,92,0.0,0.0,N,PA,BELEM,A201,-1.411228,-48.439512,21.17
1214,2019-07-22,08:00,0.0,1010.0,1010.1,1009.8,0,23.0,21.6,23.1,22.9,21.8,21.6,92,92,92,76,1.1,0.2,N,PA,BELEM,A201,-1.411228,-48.439512,21.17
1215,2019-07-22,12:00,0.0,1011.8,1011.9,1011.4,727,26.3,21.8,26.5,25.2,22.5,21.7,84,76,76,100,4.1,2.0,N,PA,BELEM,A201,-1.411228,-48.439512,21.17
1216,2019-07-22,16:00,0.0,1010.1,1010.6,1010.1,3509,30.9,21.4,31.2,29.9,22.5,21.0,61,56,57,112,6.7,3.0,N,PA,BELEM,A201,-1.411228,-48.439512,21.17
1217,2019-07-22,20:00,0.0,1008.1,1008.2,1008.1,1269,31.3,21.3,31.8,31.1,21.9,21.0,57,53,56,139,5.1,2.4,N,PA,BELEM,A201,-1.411228,-48.439512,21.17
1218,2019-07-23,00:00,0.0,1010.4,1010.4,1009.7,1,27.5,23.7,28.0,27.5,23.7,23.5,80,76,80,16,3.7,0.7,N,PA,BELEM,A201,-1.411228,-48.439512,21.17
1219,2019-07-23,04:00,0.0,1010.9,1011.4,1010.9,0,24.9,23.4,25.3,24.8,23.5,23.3,92,89,92,112,0.9,0.1,N,PA,BELEM,A201,-1.411228,-48.439512,21.17
1220,2019-07-23,08:00,0.0,1010.1,1010.1,1009.8,0,23.6,22.4,23.9,23.6,22.7,22.3,93,92,93,92,0.8,0.1,N,PA,BELEM,A201,-1.411228,-48.439512,21.17
1221,2019-07-23,12:00,0.0,1011.8,1011.8,1011.4,858,27.5,23.6,27.5,25.7,23.9,23.2,87,80,80,112,4.2,1.7,N,PA,BELEM,A201,-1.411228,-48.439512,21.17
1222,2019-07-23,16:00,0.0,1010.3,1010.9,1010.3,3524,31.8,20.8,32.1,31.0,22.4,20.3,58,52,52,127,6.2,2.9,N,PA,BELEM,A201,-1.411228,-48.439512,21.17
1223,2019-07-23,20:00,0.0,1008.4,1008.4,1008.2,1198,31.3,21.0,32.2,31.3,21.1,20.0,54,49,54,124,5.7,2.1,N,PA,BELEM,A201,-1.411228,-48.439512,21.17
1224,2019-07-24,00:00,0.0,1010.5,1010.5,1009.7,0,27.5,23.9,27.9,27.4,23.9,22.8,81,75,80,8,3.2,0.3,N,PA,BELEM,A201,-1.411228,-48.439512,21.17
1225,2019-07-24,04:00,0.0,1010.8,1011.3,1010.8,0,25.1,22.3,26.2,25.1,22.7,22.2,84,81,84,107,2.6,0.6,N,PA,BELEM,A201,-1.411228,-48.439512,21.17
1226,2019-07-24,08:00,0.0,1010.0,1010.0,1009.8,0,24.1,22.3,24.4,24.1,22.5,22.3,90,89,90,103,1.7,0.4,N,PA,BELEM,A201,-1.411228,-48.439512,21.17
1227,2019-07-24,12:00,0.0,1011.8,1011.8,1011.3,866,27.7,22.7,27.8,26.3,23.3,22.7,81,74,74,105,4.7,2.3,N,PA,BELEM,A201,-1.411228,-48.439512,21.17
1228,2019-07-24,16:00,0.0,1010.2,1011.0,1010.2,2757,31.1,21.2,32.0,30.4,22.8,21.1,60,55,56,127,5.6,3.0,N,PA,BELEM,A201,-1.411228,-48.439512,21.17
1229,2019-07-24,20:00,0.0,1008.2,1008.3,1008.0,768,30.6,22.0,32.0,30.6,22.0,21.1,60,53,60,130,3.8,1.5,N,PA,BELEM,A201,-1.411228,-48.439512,21.17
1230,2019-07-25,00:00,0.0,1010.5,1010.5,1010.0,0,26.5,22.0,26.8,26.4,22.3,21.9,78,74,77,122,3.3,0.3,N,PA,BELEM,A201,-1.411228,-48.439512,21.17
1231,2019-07-25,04:00,0.0,1010.1,1010.6,1010.1,0,25.7,22.4,25.8,25.5,22.4,21.9,82,80,82,78,2.4,0.5,N,PA,BELEM,A201,-1.411228,-48.439512,21.17
1232,2019-07-25,08:00,0.0,1009.3,1009.3,1009.2,0,25.3,22.6,25.4,25.3,22.7,22.6,85,84,85,80,1.9,0.6,N,PA,BELEM,A201,-1.411228,-48.439512,21.17
1233,2019-07-25,12:00,0.0,1010.7,1010.7,1010.4,776,28.0,23.8,28.1,26.3,23.8,23.0,83,75,78,83,2.5,0.5,N,PA,BELEM,A201,-1.411228,-48.439512,21.17
1234,2019-07-25,16:00,0.0,1009.2,1009.9,1009.2,2224,32.2,21.8,32.6,31.4,22.8,21.0,59,52,54,143,4.1,1.5,N,PA,BELEM,A201,-1.411228,-48.439512,21.17
1235,2019-07-25,20:00,0.0,1007.2,1007.3,1007.1,862,31.2,22.2,33.3,31.2,22.2,20.9,59,49,59,131,3.8,1.4,N,PA,BELEM,A201,-1.411228,-48.439512,21.17
1236,2019-07-26,00:00,0.0,1010.4,1010.4,1009.4,1,26.8,21.9,28.0,26.7,22.0,21.0,76,66,75,86,3.3,0.6,N,PA,BELEM,A201,-1.411228,-48.439512,21.17
1237,2019-07-26,04:00,0.0,1010.7,1011.1,1010.7,0,25.8,21.6,25.9,25.7,21.9,21.5,80,77,77,344,3.0,0.9,N,PA,BELEM,A201,-1.411228,-48.439512,21.17
1238,2019-07-26,08:00,0.0,1010.0,1010.0,1009.7,0,25.7,22.6,25.7,25.6,22.6,22.3,83,82,83,36,3.1,0.5,N,PA,BELEM,A201,-1.411228,-48.439512,21.17
1239,2019-07-26,12:00,0.0,1013.0,1013.0,1012.2,626,27.3,23.3,27.4,26.5,23.8,23.3,84,79,79,20,4.6,1.0,N,PA,BELEM,A201,-1.411228,-48.439512,21.17
1240,2019-07-26,16:00,0.0,1011.0,1011.8,1011.0,2546,30.4,21.5,31.0,29.5,23.4,21.0,70,57,59,117,6.5,2.7,N,PA,BELEM,A201,-1.411228,-48.439512,21.17
1241,2019-07-26,20:00,0.0,1009.2,1009.2,1009.0,1209,31.1,21.4,31.8,31.1,22.5,20.8,58,54,57,144,5.0,2.1,N,PA,BELEM,A201,-1.411228,-48.439512,21.17
1242,2019-07-27,00:00,0.0,1012.0,1012.1,1011.1,0,27.3,23.1,28.4,27.3,24.1,23.1,79,78,78,79,3.7,0.6,N,PA,BELEM,A201,-1.411228,-48.439512,21.17
1243,2019-07-27,04:00,0.0,1011.7,1012.3,1011.7,0,25.1,22.6,25.4,25.1,22.7,22.5,86,84,86,106,2.2,0.6,N,PA,BELEM,A201,-1.411228,-48.439512,21.17
1244,2019-07-27,08:00,0.0,1010.9,1010.9,1010.5,0,24.7,22.5,25.2,24.7,22.6,22.5,87,85,87,77,2.9,0.4,N,PA,BELEM,A201,-1.411228,-48.439512,21.17
1245,2019-07-27,12:00,0.0,1012.6,1012.6,1012.5,709,27.5,23.2,27.8,26.5,23.3,22.8,81,75,78,112,5.8,2.6,N,PA,BELEM,A201,-1.411228,-48.439512,21.17
1246,2019-07-27,16:00,0.0,1011.1,1011.7,1011.1,2491,31.0,20.9,33.0,31.0,22.8,20.8,58,51,55,132,5.2,2.8,N,PA,BELEM,A201,-1.411228,-48.439512,21.17
1247,2019-07-27,20:00,0.0,1009.6,1009.6,1008.7,602,29.4,22.6,32.9,29.4,23.6,20.3,67,49,67,57,3.6,1.0,N,PA,BELEM,A201,-1.411228,-48.439512,21.17
1248,2019-07-28,00:00,0.0,1012.2,1012.3,1011.4,3,25.3,23.2,25.4,25.1,23.3,22.9,89,87,88,149,2.4,0.5,N,PA,BELEM,A201,-1.411228,-48.439512,21.17
1249,2019-07-28,04:00,0.0,1012.0,1012.4,1012.0,0,24.8,23.0,24.9,24.6,23.1,22.9,90,90,90,89,1.8,0.5,N,PA,BELEM,A201,-1.411228,-48.439512,21.17
1250,2019-07-28,08:00,0.0,1010.7,1010.7,1010.5,0,23.8,22.2,24.2,23.7,22.5,22.1,91,90,91,95,2.3,0.2,N,PA,BELEM,A201,-1.411228,-48.439512,21.17
1251,2019-07-28,12:00,0.0,1012.6,1012.6,1012.4,707,27.5,23.7,27.5,25.6,23.8,22.9,86,78,80,93,4.6,1.3,N,PA,BELEM,A201,-1.411228,-48.439512,21.17
1252,2019-07-28,16:00,0.0,1011.0,1011.7,1011.0,2054,31.6,22.7,31.6,29.5,24.0,22.2,70,59,59,162,4.6,1.3,N,PA,BELEM,A201,-1.411228,-48.439512,21.17
1253,2019-07-28,20:00,0.0,1008.4,1008.4,1007.9,679,29.7,23.3,31.4,29.7,24.3,23.3,70,64,68,328,4.6,1.8,N,PA,BELEM,A201,-1.411228,-48.439512,21.17
1254,2019-07-29,00:00,0.0,1011.3,1011.3,1010.3,0,24.9,22.6,25.7,24.9,22.6,22.1,87,81,87,124,2.8,0.5,N,PA,BELEM,A201,-1.411228,-48.439512,21.17
1255,2019-07-29,04:00,0.0,1011.4,1012.0,1011.4,0,24.4,22.5,24.6,24.3,22.8,22.5,90,89,90,146,0.9,0.2,N,PA,BELEM,A201,-1.411228,-48.439512,21.17
1256,2019-07-29,08:00,0.0,1010.6,1010.6,1010.1,0,24.0,22.6,24.0,23.8,22.6,22.3,92,91,92,167,1.2,0.1,N,PA,BELEM,A201,-1.411228,-48.439512,21.17
1257,2019-07-29,12:00,0.0,1012.2,1012.2,1011.6,606,27.6,23.4,27.6,26.5,23.8,23.0,83,77,78,76,2.8,0.6,N,PA,BELEM,A201,-1.411228,-48.439512,21.17
1258,2019-07-29,16:00,0.0,1010.0,1010.9,1010.0,2622,31.5,21.9,31.8,30.0,24.2,21.9,65,57,57,121,3.3,1.7,N,PA,BELEM,A201,-1.411228,-48.439512,21.17
1259,2019-07-29,20:00,0.0,1007.6,1007.6,1007.4,1223,31.9,21.1,32.4,31.5,22.5,20.5,58,51,53,145,3.3,1.5,N,PA,BELEM,A201,-1.411228,-48.439512,21.17
1260,2019-07-30,00:00,0.6,1010.9,1010.9,1010.0,5,25.0,23.1,26.1,24.8,23.2,22.9,90,84,90,110,3.6,0.6,N,PA,BELEM,A201,-1.411228,-48.439512,21.17
1261,2019-07-30,04:00,0.0,1010.9,1011.9,1010.9,0,24.7,22.8,25.0,24.6,22.8,22.6,89,87,89,68,2.6,0.4,N,PA,BELEM,A201,-1.411228,-48.439512,21.17
1262,2019-07-30,08:00,0.0,1010.1,1010.1,1009.8,0,24.2,21.7,24.3,24.1,21.7,21.5,86,85,86,350,2.1,0.2,N,PA,BELEM,A201,-1.411228,-48.439512,21.17
1263,2019-07-30,12:00,0.0,1012.0,1012.1,1011.7,741,28.1,23.7,28.2,26.8,24.0,23.1,82,77,77,2,2.9,0.9,N,PA,BELEM,A201,-1.411228,-48.439512,21.17
1264,2019-07-30,16:00,0.0,1010.4,1011.2,1010.4,2991,32.5,24.5,33.6,31.9,24.5,20.4,63,48,63,280,3.7,1.2,N,PA,BELEM,A201,-1.411228,-48.439512,21.17
1265,2019-07-30,20:00,6.4,1008.8,1008.9,1008.5,81,24.9,22.9,26.7,24.7,23.5,22.0,90,76,89,26,10.5,0.7,N,PA,BELEM,A201,-1.411228,-48.439512,21.17
1266,2019-07-31,00:00,0.0,1011.1,1011.1,1010.5,0,24.7,22.8,25.2,24.7,22.9,22.7,89,87,89,123,1.9,0.3,N,PA,BELEM,A201,-1.411228,-48.439512,21.17
1267,2019-07-31,04:00,0.0,1010.7,1011.2,1010.7,0,24.8,22.7,24.8,24.6,22.9,22.6,89,89,89,76,1.4,0.1,N,PA,BELEM,A201,-1.411228,-48.439512,21.17
1268,2019-07-31,08:00,0.0,1010.0,1010.0,1009.8,0,24.3,22.9,24.3,24.1,22.9,22.6,92,91,92,77,2.4,0.2,N,PA,BELEM,A201,-1.411228,-48.439512,21.17
1269,2019-07-31,12:00,0.0,1012.1,1012.1,1011.7,647,28.1,24.1,28.1,27.0,24.4,23.6,83,79,79,74,3.7,0.9,N,PA,BELEM,A201,-1.411228,-48.439512,21.17
1270,2019-07-31,16:00,0.0,1009.6,1010.8,1009.6,3460,32.1,21.6,32.7,31.1,23.7,21.6,63,54,54,96,5.3,1.1,N,PA,BELEM,A201,-1.411228,-48.439512,21.17
1271,2019-07-31,20:00,0.0,1007.9,1007.9,1007.8,221,29.7,24.3,31.5,29.7,24.6,21.1,73,54,73,320,4.1,1.4,N,PA,BELEM,A201,-1.411228,-48.439512,21.17
1272,2019-08-01,00:00,0.0,1010.6,1010.6,1009.3,3,25.8,22.5,27.5,25.7,23.4,22.5,86,75,82,108,0.7,0.0,N,PA,BELEM,A201,-1.411228,-48.439512,21.17
1273,2019-08-01,04:00,0.0,1010.0,1011.0,1010.0,0,25.0,22.8,25.6,25.0,22.9,22.7,87,85,87,99,0.0,0.0,N,PA,BELEM,A201,-1.411228,-48.439512,21.17
1274,2019-08-01,08:00,0.0,1008.6,1008.6,1008.4,0,24.3,22.4,24.5,24.3,22.5,22.3,89,89,89,91,0.0,0.0,N,PA,BELEM,A201,-1.411228,-48.439512,21.17
1275,2019-08-01,12:00,0.0,1009.8,1009.8,1009.5,705,28.0,23.0,28.0,26.8,23.2,22.5,80,74,74,75,0.2,0.0,N,PA,BELEM,A201,-1.411228,-48.439512,21.17
1276,2019-08-01,16:00,0.0,1009.0,1009.8,1009.0,3258,31.6,22.0,32.8,30.8,23.2,21.2,60,52,57,119,0.6,0.0,N,PA,BELEM,A201,-1.411228,-48.439512,21.17
1277,2019-08-01,20:00,0.0,1007.2,1007.4,1007.1,1023,30.9,24.2,32.1,30.8,24.7,23.8,68,62,67,320,0.7,0.0,N,PA,BELEM,A201,-1.411228,-48.439512,21.17
1278,2019-08-02,00:00,0.0,1010.2,1010.2,1009.2,1,26.5,22.2,26.9,26.2,22.7,22.2,81,76,77,76,0.2,0.0,N,PA,BELEM,A201,-1.411228,-48.439512,21.17
1279,2019-08-02,04:00,0.0,1010.6,1011.1,1010.6,0,25.0,22.9,25.4,25.0,23.0,22.7,88,85,88,128,0.1,0.0,N,PA,BELEM,A201,-1.411228,-48.439512,21.17
1280,2019-08-02,08:00,0.0,1009.1,1009.1,1009.0,0,23.9,22.5,24.2,23.9,22.6,22.5,92,91,92,108,0.0,0.0,N,PA,BELEM,A201,-1.411228,-48.439512,21.17
1281,2019-08-02,12:00,0.0,1010.6,1010.7,1010.2,698,28.1,23.0,28.1,27.0,23.3,22.7,78,74,74,90,0.4,0.0,N,PA,BELEM,A201,-1.411228,-48.439512,21.17
1282,2019-08-02,16:00,0.0,1009.5,1010.3,1009.5,2739,30.9,23.5,32.7,30.6,23.6,22.2,65,55,65,134,1.5,0.0,N,PA,BELEM,A201,-1.411228,-48.439512,21.17
1283,2019-08-02,20:00,0.0,1007.8,1007.9,1007.3,1235,31.6,23.9,32.7,31.6,24.1,21.2,64,52,64,328,0.5,0.0,N,PA,BELEM,A201,-1.411228,-48.439512,21.17
1284,2019-08-03,00:00,0.2,1011.4,1011.4,1010.2,3,24.7,22.8,24.9,24.5,22.9,22.4,90,88,90,116,0.1,0.0,N,PA,BELEM,A201,-1.411228,-48.439512,21.17
1285,2019-08-03,04:00,0.0,1011.4,1011.7,1011.4,1,24.9,22.5,25.1,24.9,22.8,22.4,88,86,86,90,0.0,0.0,N,PA,BELEM,A201,-1.411228,-48.439512,21.17
1286,2019-08-03,08:00,0.0,1010.1,1010.3,1010.1,0,23.9,22.4,24.0,23.7,22.5,22.2,92,91,91,82,0.0,0.0,N,PA,BELEM,A201,-1.411228,-48.439512,21.17
1287,2019-08-03,12:00,0.0,1011.3,1011.3,1011.1,722,28.0,23.6,28.2,27.0,24.2,23.3,81,77,77,63,0.4,0.0,N,PA,BELEM,A201,-1.411228,-48.439512,21.17
1288,2019-08-03,16:00,0.0,1010.4,1010.9,1010.4,2747,31.3,23.3,32.3,30.5,24.5,22.8,67,60,63,122,0.9,0.0,N,PA,BELEM,A201,-1.411228,-48.439512,21.17
1289,2019-08-03,20:00,0.0,1008.7,1008.7,1008.4,1188,31.8,22.6,32.6,31.8,22.9,21.4,58,52,58,125,0.5,0.0,N,PA,BELEM,A201,-1.411228,-48.439512,21.17
1290,2019-08-04,00:00,0.0,1010.8,1010.8,1009.8,2,27.9,23.5,28.8,27.9,24.5,23.5,78,76,77,57,0.2,0.0,N,PA,BELEM,A201,-1.411228,-48.439512,21.17
1291,2019-08-04,04:00,0.0,1011.1,1011.7,1011.1,0,26.3,23.2,26.4,26.3,23.3,23.2,83,82,83,81,0.1,0.0,N,PA,BELEM,A201,-1.411228,-48.439512,21.17
1292,2019-08-04,08:00,0.0,1010.1,1010.2,1010.0,0,25.8,23.3,25.9,25.8,23.3,23.2,86,85,86,80,0.0,0.0,N,PA,BELEM,A201,-1.411228,-48.439512,21.17
1293,2019-08-04,12:00,0.0,1012.0,1012.0,1011.5,819,29.7,23.7,29.8,28.6,23.7,22.8,74,69,70,73,0.1,0.0,N,PA,BELEM,A201,-1.411228,-48.439512,21.17
1294,2019-08-04,16:00,0.0,1010.9,1011.6,1010.9,2028,31.7,22.5,33.1,31.3,24.0,22.0,63,54,58,126,0.7,0.0,N,PA,BELEM,A201,-1.411228,-48.439512,21.17
1295,2019-08-04,20:00,0.0,1010.2,1010.9,1009.7,557,26.7,21.6,27.4,25.6,22.8,21.2,83,70,73,360,0.1,0.0,N,PA,BELEM,A201,-1.411228,-48.439512,21.17
1296,2019-08-05,00:00,0.0,1013.1,1013.1,1012.2,3,24.7,22.6,24.7,24.3,23.0,22.6,91,88,88,71,0.0,0.0,N,PA,BELEM,A201,-1.411228,-48.439512,21.17
1297,2019-08-05,04:00,0.0,1012.5,1013.2,1012.5,2,25.0,22.5,25.1,24.8,22.6,22.3,86,86,86,67,0.0,0.0,N,PA,BELEM,A201,-1.411228,-48.439512,21.17
1298,2019-08-05,08:00,0.0,1011.3,1011.4,1011.2,0,24.3,22.6,24.5,24.3,22.7,22.6,90,89,90,126,0.0,0.0,N,PA,BELEM,A201,-1.411228,-48.439512,21.17
1299,2019-08-05,12:00,0.0,1012.9,1012.9,1012.5,741,28.7,24.1,28.7,27.7,24.3,23.6,79,75,76,83,0.1,0.0,N,PA,BELEM,A201,-1.411228,-48.439512,21.17
1300,2019-08-05,16:00,0.0,1011.9,1012.8,1011.9,2432,30.3,21.8,32.6,30.3,24.3,21.8,65,56,60,103,1.1,0.0,N,PA,BELEM,A201,-1.411228,-48.439512,21.17
1301,2019-08-05,20:00,5.4,1010.7,1010.8,1010.2,135,25.3,23.2,26.7,25.1,23.9,23.2,90,84,88,94,0.2,0.0,N,PA,BELEM,A201,-1.411228,-48.439512,21.17
1302,2019-08-06,00:00,0.0,1014.1,1014.1,1013.3,3,24.2,22.2,24.4,24.2,22.3,22.1,88,88,88,101,0.0,0.0,N,PA,BELEM,A201,-1.411228,-48.439512,21.17
1303,2019-08-06,04:00,0.0,1013.8,1014.6,1013.8,0,24.5,22.4,24.6,24.5,22.7,22.4,90,88,88,79,0.0,0.0,N,PA,BELEM,A201,-1.411228,-48.439512,21.17
1304,2019-08-06,08:00,0.0,1012.6,1012.7,1012.1,0,23.1,21.4,23.3,23.0,21.5,21.4,91,89,90,97,0.0,0.0,N,PA,BELEM,A201,-1.411228,-48.439512,21.17
1305,2019-08-06,12:00,0.0,1013.9,1013.9,1013.6,707,27.4,23.5,27.5,25.6,23.9,22.8,85,79,79,107,0.9,0.0,N,PA,BELEM,A201,-1.411228,-48.439512,21.17
1306,2019-08-06,16:00,0.0,1012.8,1013.4,1012.8,2831,31.1,21.6,32.1,30.3,24.1,21.5,66,56,57,108,1.5,0.1,N,PA,BELEM,A201,-1.411228,-48.439512,21.17
1307,2019-08-06,20:00,0.0,1010.5,1010.7,1010.0,1317,31.1,21.8,32.1,30.9,22.7,20.8,61,52,58,151,2.0,0.0,N,PA,BELEM,A201,-1.411228,-48.439512,21.17
1308,2019-08-07,00:00,0.0,1013.2,1013.2,1012.6,5,24.3,22.4,24.4,23.7,22.4,22.1,91,88,89,55,0.0,0.0,N,PA,BELEM,A201,-1.411228,-48.439512,21.17
1309,2019-08-07,04:00,0.0,1013.6,1014.4,1013.6,3,24.0,20.6,24.5,24.0,21.5,20.6,86,81,82,77,2.0,0.0,N,PA,BELEM,A201,-1.411228,-48.439512,21.17
1310,2019-08-07,08:00,0.0,1013.1,1013.1,1012.9,0,22.8,20.7,23.0,22.8,20.9,20.7,88,88,88,89,0.0,0.0,N,PA,BELEM,A201,-1.411228,-48.439512,21.17
1311,2019-08-07,12:00,0.0,1014.9,1014.9,1014.6,752,27.6,23.1,27.7,26.5,23.6,22.2,80,74,77,113,0.6,0.0,N,PA,BELEM,A201,-1.411228,-48.439512,21.17
1312,2019-08-07,16:00,0.0,1013.0,1013.9,1013.0,3017,32.0,21.9,32.2,30.2,23.3,21.4,64,54,55,124,2.2,0.0,N,PA,BELEM,A201,-1.411228,-48.439512,21.17
1313,2019-08-07,20:00,0.0,1010.9,1011.0,1010.8,542,30.6,20.4,31.8,30.5,21.0,19.7,57,50,55,117,1.7,0.0,N,PA,BELEM,A201,-1.411228,-48.439512,21.17
1314,2019-08-08,00:00,0.0,1013.5,1013.5,1012.8,2,24.4,22.8,24.8,24.3,23.1,22.6,91,89,91,101,0.0,0.0,N,PA,BELEM,A201,-1.411228,-48.439512,21.17
1315,2019-08-08,04:00,0.0,1013.6,1014.2,1013.6,0,24.1,22.3,24.4,24.1,22.7,22.3,91,90,90,86,0.0,0.0,N,PA,BELEM,A201,-1.411228,-48.439512,21.17
1316,2019-08-08,08:00,0.0,1012.2,1012.2,1012.1,0,23.5,22.2,23.5,23.3,22.2,22.0,93,92,93,104,0.0,0.0,N,PA,BELEM,A201,-1.411228,-48.439512,21.17
1317,2019-08-08,12:00,0.0,1014.1,1014.2,1013.7,713,28.3,22.7,28.3,27.4,22.9,21.9,75,70,71,75,0.1,0.0,N,PA,BELEM,A201,-1.411228,-48.439512,21.17
1318,2019-08-08,16:00,0.0,1012.5,1013.4,1012.5,3547,32.2,21.0,32.8,30.8,23.8,20.6,63,50,52,137,1.1,0.0,N,PA,BELEM,A201,-1.411228,-48.439512,21.17
1319,2019-08-08,20:00,0.0,1011.1,1011.2,1010.5,335,28.5,21.8,32.5,28.0,22.4,20.4,70,53,67,317,1.6,0.0,N,PA,BELEM,A201,-1.411228,-48.439512,21.17
1320,2019-08-09,00:00,0.0,1013.3,1013.3,1012.7,2,26.3,22.5,26.4,26.2,22.6,22.3,80,78,79,357,0.9,0.0,N,PA,BELEM,A201,-1.411228,-48.439512,21.17
1321,2019-08-09,04:00,0.0,1013.6,1014.1,1013.6,1,25.3,22.4,25.5,25.2,22.4,21.8,84,81,84,64,0.4,0.0,N,PA,BELEM,A201,-1.411228,-48.439512,21.17
1322,2019-08-09,08:00,0.0,1011.5,1011.5,1011.1,0,24.8,21.7,24.9,24.6,21.7,21.5,83,82,83,20,0.0,0.0,N,PA,BELEM,A201,-1.411228,-48.439512,21.17
1323,2019-08-09,12:00,0.0,1012.8,1012.8,1012.7,900,28.7,19.9,28.8,26.5,22.9,19.5,79,59,59,149,0.0,0.0,N,PA,BELEM,A201,-1.411228,-48.439512,21.17
1324,2019-08-09,16:00,0.0,1010.9,1011.9,1010.9,3407,33.1,20.9,33.4,32.0,22.1,20.0,53,48,49,163,1.0,0.0,N,PA,BELEM,A201,-1.411228,-48.439512,21.17
1325,2019-08-09,20:00,0.0,1009.7,1009.7,1009.4,363,30.7,22.5,33.1,30.0,22.5,21.2,63,51,62,154,2.4,0.0,N,PA,BELEM,A201,-1.411228,-48.439512,21.17
1326,2019-08-10,00:00,0.0,1012.6,1012.6,1011.8,1,27.5,21.8,28.1,27.5,22.3,21.7,71,69,71,57,0.1,0.0,N,PA,BELEM,A201,-1.411228,-48.439512,21.17
1327,2019-08-10,04:00,0.0,1012.6,1013.3,1012.6,0,25.5,22.6,25.6,25.4,22.6,22.4,84,83,84,79,0.5,0.0,N,PA,BELEM,A201,-1.411228,-48.439512,21.17
1328,2019-08-10,08:00,0.0,1011.3,1011.3,1011.0,0,24.7,22.5,25.0,24.7,22.5,22.4,87,86,87,71,0.1,0.0,N,PA,BELEM,A201,-1.411228,-48.439512,21.17
1329,2019-08-10,12:00,0.0,1013.0,1013.0,1012.5,868,28.5,23.1,28.5,27.3,23.5,22.5,78,72,73,86,0.9,0.0,N,PA,BELEM,A201,-1.411228,-48.439512,21.17
1330,2019-08-10,16:00,0.0,1011.6,1012.3,1011.6,3455,33.2,20.5,33.3,32.1,21.8,20.0,52,47,47,125,2.5,0.1,N,PA,BELEM,A201,-1.411228,-48.439512,21.17
1331,2019-08-10,20:00,0.0,1010.2,1010.3,1010.1,536,30.2,21.5,32.5,30.2,22.1,20.7,60,51,60,125,2.4,0.0,N,PA,BELEM,A201,-1.411228,-48.439512,21.17
1332,2019-08-11,00:00,0.0,1012.4,1012.4,1011.6,1,27.3,22.5,27.3,26.5,23.1,22.5,81,75,75,76,0.0,0.0,N,PA,BELEM,A201,-1.411228,-48.439512,21.17
1333,2019-08-11,04:00,0.0,1012.4,1013.0,1012.4,0,25.9,23.1,26.3,25.9,23.2,23.1,84,83,84,65,0.2,0.0,N,PA,BELEM,A201,-1.411228,-48.439512,21.17
1334,2019-08-11,08:00,0.0,1011.5,1011.5,1011.2,0,24.8,22.6,25.1,24.8,22.8,22.6,88,87,88,71,0.1,0.0,N,PA,BELEM,A201,-1.411228,-48.439512,21.17
1335,2019-08-11,12:00,0.0,1013.3,1013.3,1012.8,840,28.6,23.0,28.7,27.3,23.4,22.6,77,71,72,81,0.3,0.0,N,PA,BELEM,A201,-1.411228,-48.439512,21.17
1336,2019-08-11,16:00,0.0,1011.8,1012.6,1011.7,3475,32.6,21.4,33.0,31.9,22.9,20.7,57,49,52,110,1.4,0.0,N,PA,BELEM,A201,-1.411228,-48.439512,21.17
1337,2019-08-11,20:00,-9999.0,-9999.0,-9999.0,-9999.0,-9999,-9999.0,-9999.0,-9999.0,-9999.0,-9999.0,-9999.0,-9999,-9999,-9999,-9999,-9999.0,-9999.0,N,PA,BELEM,A201,-1.411228,-48.439512,21.17
1338,2019-08-12,00:00,-9999.0,-9999.0,-9999.0,-9999.0,-9999,-9999.0,-9999.0,-9999.0,-9999.0,-9999.0,-9999.0,-9999,-9999,-9999,-9999,-9999.0,-9999.0,N,PA,BELEM,A201,-1.411228,-48.439512,21.17
1339,2019-08-12,04:00,-9999.0,-9999.0,-9999.0,-9999.0,-9999,-9999.0,-9999.0,-9999.0,-9999.0,-9999.0,-9999.0,-9999,-9999,-9999,-9999,-9999.0,-9999.0,N,PA,BELEM,A201,-1.411228,-48.439512,21.17
1340,2019-08-12,08:00,-9999.0,-9999.0,-9999.0,-9999.0,-9999,-9999.0,-9999.0,-9999.0,-9999.0,-9999.0,-9999.0,-9999,-9999,-9999,-9999,-9999.0,-9999.0,N,PA,BELEM,A201,-1.411228,-48.439512,21.17
1341,2019-08-12,12:00,0.0,1011.5,1011.5,1010.9,696,27.9,22.0,28.2,26.6,23.0,21.7,80,69,70,89,0.3,0.0,N,PA,BELEM,A201,-1.411228,-48.439512,21.17
1342,2019-08-12,16:00,0.0,1009.4,1010.5,1009.4,3233,33.1,22.2,33.1,31.7,23.3,21.4,59,53,53,129,1.9,0.0,N,PA,BELEM,A201,-1.411228,-48.439512,21.17
1343,2019-08-12,20:00,0.0,1007.8,1007.8,1007.5,1270,31.0,24.2,32.8,31.0,24.7,23.8,67,61,67,328,0.9,0.0,N,PA,BELEM,A201,-1.411228,-48.439512,21.17
1344,2019-08-13,00:00,0.2,1011.0,1011.0,1010.1,3,24.9,23.4,24.9,24.4,23.4,22.9,92,91,92,149,0.0,0.0,N,PA,BELEM,A201,-1.411228,-48.439512,21.17
1345,2019-08-13,04:00,0.0,1010.5,1011.1,1010.5,0,23.9,22.3,24.1,23.9,22.5,22.3,91,91,91,110,0.0,0.0,N,PA,BELEM,A201,-1.411228,-48.439512,21.17
1346,2019-08-13,08:00,0.0,1008.9,1009.0,1008.8,0,23.7,22.3,23.9,23.6,22.6,22.3,93,92,92,135,0.0,0.0,N,PA,BELEM,A201,-1.411228,-48.439512,21.17
1347,2019-08-13,12:00,0.0,1011.0,1011.0,1010.4,852,28.0,23.7,28.2,26.9,24.3,23.5,82,77,78,84,0.4,0.0,N,PA,BELEM,A201,-1.411228,-48.439512,21.17
1348,2019-08-13,16:00,0.0,1009.5,1010.3,1009.5,2451,31.8,23.4,32.4,30.5,24.7,23.0,70,60,61,134,3.7,0.0,N,PA,BELEM,A201,-1.411228,-48.439512,21.17
1349,2019-08-13,20:00,0.0,1007.6,1007.8,1007.5,568,29.6,21.7,32.6,29.2,22.7,21.2,65,53,63,219,4.6,0.0,N,PA,BELEM,A201,-1.411228,-48.439512,21.17
1350,2019-08-14,00:00,0.0,1010.5,1010.5,1009.6,0,27.4,23.3,28.0,27.4,23.4,23.2,79,75,78,73,0.5,0.0,N,PA,BELEM,A201,-1.411228,-48.439512,21.17
1351,2019-08-14,04:00,0.0,1010.9,1011.3,1010.9,0,26.0,23.0,26.3,26.0,23.0,22.9,83,82,83,77,0.4,0.0,N,PA,BELEM,A201,-1.411228,-48.439512,21.17
1352,2019-08-14,08:00,0.0,1010.0,1010.0,1009.8,0,25.0,22.8,25.3,25.0,22.8,22.7,88,86,87,81,0.4,0.0,N,PA,BELEM,A201,-1.411228,-48.439512,21.17
1353,2019-08-14,12:00,0.0,1012.0,1012.0,1011.3,862,28.7,23.5,28.7,27.5,23.7,23.0,78,73,74,47,0.6,0.0,N,PA,BELEM,A201,-1.411228,-48.439512,21.17
1354,2019-08-14,16:00,0.0,1010.5,1011.4,1010.5,3170,32.2,22.4,33.2,31.2,23.9,21.7,64,52,56,110,1.0,0.0,N,PA,BELEM,A201,-1.411228,-48.439512,21.17
1355,2019-08-14,20:00,2.8,1008.4,1008.7,1008.1,531,26.7,24.1,28.2,26.5,24.7,23.5,86,79,86,62,0.9,0.0,N,PA,BELEM,A201,-1.411228,-48.439512,21.17
1356,2019-08-15,00:00,10.6,1012.1,1012.1,1011.1,4,22.9,21.5,23.0,22.2,21.7,20.6,92,88,92,2,0.4,0.0,N,PA,BELEM,A201,-1.411228,-48.439512,21.17
1357,2019-08-15,04:00,0.0,1011.7,1012.4,1011.7,0,23.4,22.2,23.8,23.4,22.6,22.2,93,93,93,103,0.0,0.0,N,PA,BELEM,A201,-1.411228,-48.439512,21.17
1358,2019-08-15,08:00,0.0,1011.0,1011.0,1010.5,0,23.7,22.3,23.9,23.7,22.4,22.3,92,91,92,86,0.1,0.0,N,PA,BELEM,A201,-1.411228,-48.439512,21.17
1359,2019-08-15,12:00,0.0,1012.5,1012.5,1012.1,779,28.0,23.6,28.0,26.6,23.9,23.3,84,77,77,78,1.0,0.0,N,PA,BELEM,A201,-1.411228,-48.439512,21.17
1360,2019-08-15,16:00,0.0,1011.0,1011.9,1011.0,2766,32.3,22.6,32.5,30.8,23.5,22.2,63,56,57,94,2.0,0.0,N,PA,BELEM,A201,-1.411228,-48.439512,21.17
1361,2019-08-15,20:00,0.0,1008.7,1008.7,1008.2,851,28.3,22.4,32.4,28.3,23.7,21.9,72,56,71,69,2.2,0.0,N,PA,BELEM,A201,-1.411228,-48.439512,21.17
1362,2019-08-16,00:00,0.0,1011.6,1011.6,1010.5,2,23.8,22.0,24.1,23.5,22.4,22.0,92,90,90,123,0.7,0.0,N,PA,BELEM,A201,-1.411228,-48.439512,21.17
1363,2019-08-16,04:00,0.0,1011.5,1012.0,1011.5,1,24.3,22.5,24.4,24.3,22.6,22.5,90,89,90,70,0.1,0.0,N,PA,BELEM,A201,-1.411228,-48.439512,21.17
1364,2019-08-16,08:00,0.0,1010.5,1010.6,1010.3,0,23.7,22.3,23.7,23.5,22.4,22.1,92,92,92,88,0.1,0.0,N,PA,BELEM,A201,-1.411228,-48.439512,21.17
1365,2019-08-16,12:00,0.0,1012.3,1012.3,1011.9,1459,28.0,23.3,28.1,26.8,23.8,23.2,82,76,76,101,2.9,0.1,N,PA,BELEM,A201,-1.411228,-48.439512,21.17
1366,2019-08-16,16:00,0.0,1010.7,1011.5,1010.7,2860,31.4,22.5,31.7,29.6,24.0,21.6,66,56,59,124,2.4,0.1,N,PA,BELEM,A201,-1.411228,-48.439512,21.17
1367,2019-08-16,20:00,0.0,1008.8,1008.9,1008.4,810,30.6,22.4,31.8,30.6,22.5,21.4,62,55,62,125,0.9,0.0,N,PA,BELEM,A201,-1.411228,-48.439512,21.17
1368,2019-08-17,00:00,0.0,1011.2,1011.3,1010.8,1,26.4,22.6,27.0,26.4,22.8,22.3,80,76,80,71,0.5,0.0,N,PA,BELEM,A201,-1.411228,-48.439512,21.17
1369,2019-08-17,04:00,0.0,1011.8,1012.4,1011.8,0,25.3,22.7,25.4,25.3,22.8,22.7,86,85,85,71,0.6,0.0,N,PA,BELEM,A201,-1.411228,-48.439512,21.17
1370,2019-08-17,08:00,0.0,1010.7,1010.7,1010.5,0,23.9,22.2,24.3,23.8,22.4,22.1,90,89,90,107,0.0,0.0,N,PA,BELEM,A201,-1.411228,-48.439512,21.17
1371,2019-08-17,12:00,0.0,1012.3,1012.4,1012.0,1592,28.8,22.4,28.8,27.2,22.8,22.2,76,68,68,76,0.7,0.0,N,PA,BELEM,A201,-1.411228,-48.439512,21.17
1372,2019-08-17,16:00,0.0,1010.5,1011.4,1010.5,3391,32.7,22.1,32.7,31.6,22.1,19.6,54,47,54,103,2.0,0.0,N,PA,BELEM,A201,-1.411228,-48.439512,21.17
1373,2019-08-17,20:00,-9999.0,-9999.0,-9999.0,-9999.0,-9999,-9999.0,-9999.0,-9999.0,-9999.0,-9999.0,-9999.0,-9999,-9999,-9999,-9999,-9999.0,-9999.0,N,PA,BELEM,A201,-1.411228,-48.439512,21.17
1374,2019-08-18,00:00,0.0,1011.1,1011.1,1010.2,0,27.2,22.6,27.7,27.2,23.3,22.6,78,76,76,55,0.4,0.0,N,PA,BELEM,A201,-1.411228,-48.439512,21.17
1375,2019-08-18,04:00,0.0,1010.8,1011.5,1010.8,0,25.1,21.8,25.5,25.1,22.2,21.7,82,81,82,68,0.2,0.0,N,PA,BELEM,A201,-1.411228,-48.439512,21.17
1376,2019-08-18,08:00,0.0,1010.2,1010.2,1010.1,0,23.6,21.9,24.2,23.5,22.2,21.8,91,88,91,112,0.1,0.0,N,PA,BELEM,A201,-1.411228,-48.439512,21.17
1377,2019-08-18,12:00,0.0,1012.0,1012.0,1011.4,1471,28.3,23.0,28.4,26.4,23.7,22.7,82,73,73,67,0.7,0.0,N,PA,BELEM,A201,-1.411228,-48.439512,21.17
1378,2019-08-18,16:00,0.0,1011.0,1011.9,1011.0,3025,31.7,22.1,32.1,30.5,23.5,21.3,65,54,57,125,2.3,0.0,N,PA,BELEM,A201,-1.411228,-48.439512,21.17
1379,2019-08-18,20:00,0.0,1009.1,1009.2,1009.0,1245,32.0,21.1,32.5,32.0,21.5,20.3,53,49,52,131,0.3,0.0,N,PA,BELEM,A201,-1.411228,-48.439512,21.17
1380,2019-08-19,00:00,0.0,1011.4,1011.4,1010.3,2,27.2,21.5,28.1,27.2,22.1,21.2,71,68,71,149,0.4,0.0,N,PA,BELEM,A201,-1.411228,-48.439512,21.17
1381,2019-08-19,04:00,0.0,1011.3,1011.9,1011.3,0,25.4,21.9,25.7,25.1,21.9,20.9,81,75,81,87,0.1,0.0,N,PA,BELEM,A201,-1.411228,-48.439512,21.17
1382,2019-08-19,08:00,0.0,1010.4,1010.4,1010.2,0,24.9,22.6,25.1,24.8,22.7,22.5,88,86,88,54,0.1,0.0,N,PA,BELEM,A201,-1.411228,-48.439512,21.17
1383,2019-08-19,12:00,0.0,1012.2,1012.2,1011.5,1536,28.8,23.5,28.8,27.2,23.7,22.8,78,72,73,71,0.2,0.0,N,PA,BELEM,A201,-1.411228,-48.439512,21.17
1384,2019-08-19,16:00,0.0,1010.8,1011.7,1010.8,2178,31.8,23.0,32.8,31.2,24.1,22.2,63,55,60,276,2.2,0.0,N,PA,BELEM,A201,-1.411228,-48.439512,21.17
1385,2019-08-19,20:00,0.0,1009.3,1009.3,1008.5,1271,31.7,21.3,32.8,31.7,24.2,20.8,61,52,54,28,0.4,0.0,N,PA,BELEM,A201,-1.411228,-48.439512,21.17
1386,2019-08-20,00:00,0.0,1011.7,1011.7,1010.5,4,23.4,21.6,24.0,23.3,21.7,21.4,90,87,90,158,0.1,0.0,N,PA,BELEM,A201,-1.411228,-48.439512,21.17
1387,2019-08-20,04:00,0.0,1011.6,1012.1,1011.6,0,24.8,21.8,25.0,24.7,21.8,21.4,84,80,83,77,0.5,0.0,N,PA,BELEM,A201,-1.411228,-48.439512,21.17
1388,2019-08-20,08:00,0.0,1011.0,1011.0,1010.7,0,24.0,22.0,24.2,23.9,22.0,21.9,89,87,89,49,0.0,0.0,N,PA,BELEM,A201,-1.411228,-48.439512,21.17
1389,2019-08-20,12:00,0.0,1012.9,1012.9,1012.3,1486,28.4,23.2,28.4,26.7,23.5,22.6,80,73,73,76,0.7,0.0,N,PA,BELEM,A201,-1.411228,-48.439512,21.17
1390,2019-08-20,16:00,0.0,1011.5,1012.4,1011.5,2719,31.3,22.3,32.9,31.3,23.7,21.5,63,53,59,127,3.2,0.0,N,PA,BELEM,A201,-1.411228,-48.439512,21.17
1391,2019-08-20,20:00,0.6,1010.1,1010.1,1009.7,783,27.8,23.5,31.9,27.7,24.5,22.3,79,63,77,8,1.9,0.0,N,PA,BELEM,A201,-1.411228,-48.439512,21.17
1392,2019-08-21,00:00,0.0,1012.3,1012.3,1011.5,1,25.8,23.7,26.0,25.6,24.3,23.7,91,88,88,88,1.1,0.0,N,PA,BELEM,A201,-1.411228,-48.439512,21.17
1393,2019-08-21,04:00,0.0,1012.2,1012.8,1012.2,0,25.1,22.8,25.4,25.1,23.0,22.8,87,86,87,161,0.4,0.0,N,PA,BELEM,A201,-1.411228,-48.439512,21.17
1394,2019-08-21,08:00,0.0,1011.7,1011.7,1011.5,0,24.6,22.6,24.7,24.4,22.8,22.6,90,88,88,83,1.3,0.0,N,PA,BELEM,A201,-1.411228,-48.439512,21.17
1395,2019-08-21,12:00,0.0,1013.6,1013.6,1013.1,1426,28.4,23.5,28.4,27.1,23.6,22.9,79,74,75,77,1.9,0.0,N,PA,BELEM,A201,-1.411228,-48.439512,21.17
1396,2019-08-21,16:00,0.0,1012.0,1012.9,1012.0,1684,31.5,22.1,32.2,31.1,23.5,21.8,63,56,58,65,1.7,0.0,N,PA,BELEM,A201,-1.411228,-48.439512,21.17
1397,2019-08-21,20:00,2.2,1010.4,1010.7,1010.3,207,25.4,22.5,26.7,24.6,22.9,21.7,87,79,84,347,0.1,0.0,N,PA,BELEM,A201,-1.411228,-48.439512,21.17
1398,2019-08-22,00:00,0.0,1012.3,1012.3,1011.6,0,25.2,22.3,25.3,25.0,22.7,22.3,87,83,84,148,0.0,0.0,N,PA,BELEM,A201,-1.411228,-48.439512,21.17
1399,2019-08-22,04:00,0.0,1012.1,1012.6,1012.1,0,24.2,22.4,24.8,24.2,22.5,22.3,89,87,89,85,0.0,0.0,N,PA,BELEM,A201,-1.411228,-48.439512,21.17
1400,2019-08-22,08:00,0.0,1011.4,1011.4,1011.1,0,23.6,22.1,23.9,23.5,22.2,22.0,91,91,91,64,0.0,0.0,N,PA,BELEM,A201,-1.411228,-48.439512,21.17
1401,2019-08-22,12:00,0.0,1013.2,1013.2,1012.6,1425,28.2,23.4,28.2,26.5,23.4,22.7,81,75,75,34,1.1,0.0,N,PA,BELEM,A201,-1.411228,-48.439512,21.17
1402,2019-08-22,16:00,0.0,1011.2,1012.1,1011.2,1911,31.7,22.2,32.3,30.8,23.5,21.6,63,54,57,33,0.0,0.0,N,PA,BELEM,A201,-1.411228,-48.439512,21.17
1403,2019-08-22,20:00,3.6,1010.4,1010.8,1010.2,264,24.1,21.7,26.0,24.0,24.4,21.7,91,86,87,351,0.1,0.0,N,PA,BELEM,A201,-1.411228,-48.439512,21.17
1404,2019-08-23,00:00,0.0,1013.1,1013.1,1012.0,1,23.3,21.9,23.5,23.3,22.0,21.7,92,90,92,143,0.0,0.0,N,PA,BELEM,A201,-1.411228,-48.439512,21.17
1405,2019-08-23,04:00,0.0,1012.4,1013.4,1012.4,0,23.7,21.8,23.9,23.4,22.1,21.8,91,89,89,104,0.0,0.0,N,PA,BELEM,A201,-1.411228,-48.439512,21.17
1406,2019-08-23,08:00,0.0,1011.6,1011.7,1011.5,0,22.7,21.5,23.0,22.7,21.7,21.4,93,92,93,118,0.0,0.0,N,PA,BELEM,A201,-1.411228,-48.439512,21.17
1407,2019-08-23,12:00,0.0,1013.2,1013.3,1012.9,1459,27.4,22.8,27.5,25.8,23.5,22.6,83,76,76,22,0.0,0.0,N,PA,BELEM,A201,-1.411228,-48.439512,21.17
1408,2019-08-23,16:00,0.0,1012.0,1012.7,1012.0,1460,29.9,23.2,31.4,29.9,24.2,22.1,69,60,67,332,0.0,0.0,N,PA,BELEM,A201,-1.411228,-48.439512,21.17
1409,2019-08-23,20:00,0.2,1011.6,1012.2,1011.2,376,25.4,22.3,26.5,25.3,24.3,22.1,88,82,83,68,0.1,0.0,N,PA,BELEM,A201,-1.411228,-48.439512,21.17
1410,2019-08-24,00:00,0.0,1012.8,1012.8,1012.3,2,24.3,21.9,24.7,24.3,21.9,21.6,86,83,86,70,0.0,0.0,N,PA,BELEM,A201,-1.411228,-48.439512,21.17
1411,2019-08-24,04:00,0.0,1012.9,1013.3,1012.9,0,23.6,21.9,24.0,23.6,22.2,21.9,90,89,90,137,0.0,0.0,N,PA,BELEM,A201,-1.411228,-48.439512,21.17
1412,2019-08-24,08:00,0.0,1011.7,1011.7,1011.5,0,23.2,21.9,23.6,23.2,22.1,21.9,92,91,92,116,0.0,0.0,N,PA,BELEM,A201,-1.411228,-48.439512,21.17
1413,2019-08-24,12:00,0.0,1013.4,1013.4,1012.7,1398,28.2,23.9,28.2,26.4,24.1,23.1,85,77,77,67,0.0,0.0,N,PA,BELEM,A201,-1.411228,-48.439512,21.17
1414,2019-08-24,16:00,0.0,1011.4,1012.3,1011.4,2329,32.0,21.9,32.3,30.6,23.7,21.9,65,55,55,58,0.0,0.0,N,PA,BELEM,A201,-1.411228,-48.439512,21.17
1415,2019-08-24,20:00,0.0,1009.7,1009.7,1009.5,815,31.0,24.0,32.6,30.7,24.7,21.0,69,51,66,327,0.0,0.0,N,PA,BELEM,A201,-1.411228,-48.439512,21.17
1416,2019-08-25,00:00,0.0,1012.4,1012.4,1011.2,0,26.6,22.7,27.6,26.6,22.7,22.2,79,73,79,63,0.1,0.0,N,PA,BELEM,A201,-1.411228,-48.439512,21.17
1417,2019-08-25,04:00,0.0,1012.4,1012.9,1012.4,0,25.0,22.5,25.5,25.0,22.7,22.5,86,84,86,78,0.0,0.0,N,PA,BELEM,A201,-1.411228,-48.439512,21.17
1418,2019-08-25,08:00,0.0,1011.5,1011.5,1011.1,0,24.1,22.2,24.4,24.1,22.3,22.1,89,88,89,83,0.0,0.0,N,PA,BELEM,A201,-1.411228,-48.439512,21.17
1419,2019-08-25,12:00,0.0,1013.0,1013.0,1012.4,1561,28.2,22.5,28.3,27.0,23.1,22.4,77,71,71,78,0.1,0.0,N,PA,BELEM,A201,-1.411228,-48.439512,21.17
1420,2019-08-25,16:00,0.0,1011.1,1012.1,1011.1,2463,30.8,22.4,32.4,30.8,23.5,21.8,62,55,61,113,0.0,0.0,N,PA,BELEM,A201,-1.411228,-48.439512,21.17
1421,2019-08-25,20:00,0.0,1009.1,1009.1,1008.9,549,30.6,23.7,31.6,29.6,24.1,21.3,70,56,67,301,0.1,0.0,N,PA,BELEM,A201,-1.411228,-48.439512,21.17
1422,2019-08-26,00:00,0.0,1011.2,1011.2,1010.4,1,27.1,22.7,27.7,27.1,22.8,22.6,77,74,77,102,0.0,0.0,N,PA,BELEM,A201,-1.411228,-48.439512,21.17
1423,2019-08-26,04:00,0.0,1011.0,1011.6,1011.0,0,25.0,22.1,25.5,25.0,22.4,22.1,84,83,84,82,0.0,0.0,N,PA,BELEM,A201,-1.411228,-48.439512,21.17
1424,2019-08-26,08:00,0.0,1010.2,1010.2,1010.0,0,23.6,22.0,23.9,23.5,22.0,21.7,90,89,90,83,0.0,0.0,N,PA,BELEM,A201,-1.411228,-48.439512,21.17
1425,2019-08-26,12:00,0.0,1012.5,1012.5,1012.0,1242,28.0,23.0,28.0,26.3,23.4,22.7,82,74,74,77,0.1,0.0,N,PA,BELEM,A201,-1.411228,-48.439512,21.17
1426,2019-08-26,16:00,0.0,1011.2,1012.1,1011.2,2324,30.3,23.5,31.5,29.7,23.9,21.9,68,59,67,132,0.1,0.0,N,PA,BELEM,A201,-1.411228,-48.439512,21.17
1427,2019-08-26,20:00,0.0,1009.5,1009.5,1008.8,166,27.1,22.0,30.0,26.9,24.0,21.8,75,69,74,31,0.5,0.0,N,PA,BELEM,A201,-1.411228,-48.439512,21.17
1428,2019-08-27,00:00,0.0,1011.9,1011.9,1011.2,0,24.8,22.8,25.2,24.7,22.8,22.7,89,86,89,136,0.0,0.0,N,PA,BELEM,A201,-1.411228,-48.439512,21.17
1429,2019-08-27,04:00,0.0,1011.3,1011.9,1011.3,0,25.0,22.4,25.3,24.9,22.5,22.3,86,84,86,33,0.0,0.0,N,PA,BELEM,A201,-1.411228,-48.439512,21.17
1430,2019-08-27,08:00,0.0,1010.5,1010.5,1010.4,0,24.0,21.9,24.0,23.7,22.0,21.7,89,88,88,23,0.0,0.0,N,PA,BELEM,A201,-1.411228,-48.439512,21.17
1431,2019-08-27,12:00,0.0,1012.6,1012.6,1012.2,1434,28.4,22.9,28.5,26.7,23.4,22.5,79,72,72,77,0.3,0.0,N,PA,BELEM,A201,-1.411228,-48.439512,21.17
1432,2019-08-27,16:00,0.0,1011.2,1012.3,1011.2,2832,31.3,23.4,31.7,30.4,24.0,22.1,67,59,63,138,0.1,0.0,N,PA,BELEM,A201,-1.411228,-48.439512,21.17
1433,2019-08-27,20:00,0.0,1009.3,1009.3,1008.9,520,29.8,23.5,31.5,29.8,24.1,21.4,70,55,69,347,0.0,0.0,N,PA,BELEM,A201,-1.411228,-48.439512,21.17
1434,2019-08-28,00:00,0.0,1012.0,1012.0,1011.3,2,26.6,22.1,26.8,26.5,22.1,21.8,77,75,77,77,0.0,0.0,N,PA,BELEM,A201,-1.411228,-48.439512,21.17
1435,2019-08-28,04:00,0.0,1011.1,1012.0,1011.1,0,25.1,22.4,25.3,25.1,22.5,22.4,85,84,85,74,0.0,0.0,N,PA,BELEM,A201,-1.411228,-48.439512,21.17
1436,2019-08-28,08:00,0.0,1010.1,1010.1,1009.8,0,24.5,22.3,24.7,24.5,22.4,22.2,87,87,87,55,0.0,0.0,N,PA,BELEM,A201,-1.411228,-48.439512,21.17
1437,2019-08-28,12:00,0.0,1012.4,1012.5,1012.0,1174,28.0,23.0,28.2,26.8,23.5,22.7,80,74,74,47,0.0,0.0,N,PA,BELEM,A201,-1.411228,-48.439512,21.17
1438,2019-08-28,16:00,0.0,1011.1,1012.1,1011.1,2558,30.5,23.0,32.2,29.6,24.0,21.9,68,59,64,126,0.0,0.0,N,PA,BELEM,A201,-1.411228,-48.439512,21.17
1439,2019-08-28,20:00,0.0,1008.5,1008.6,1008.5,1190,30.9,24.1,32.1,30.7,24.4,23.5,68,62,67,331,0.0,0.0,N,PA,BELEM,A201,-1.411228,-48.439512,21.17
1440,2019-08-29,00:00,0.0,1010.9,1010.9,1010.0,0,27.2,23.2,27.4,27.2,23.8,23.2,81,78,79,36,0.0,0.0,N,PA,BELEM,A201,-1.411228,-48.439512,21.17
1441,2019-08-29,04:00,0.0,1011.0,1011.7,1011.0,0,25.9,22.9,25.9,25.8,22.9,22.8,84,83,83,73,0.0,0.0,N,PA,BELEM,A201,-1.411228,-48.439512,21.17
1442,2019-08-29,08:00,0.0,1009.8,1009.8,1009.7,0,24.9,22.4,25.1,24.8,22.5,22.4,86,85,86,13,0.0,0.0,N,PA,BELEM,A201,-1.411228,-48.439512,21.17
1443,2019-08-29,12:00,0.0,1011.5,1011.5,1010.9,1268,28.1,22.7,28.4,27.3,23.5,22.7,78,73,73,67,0.2,0.0,N,PA,BELEM,A201,-1.411228,-48.439512,21.17
1444,2019-08-29,16:00,0.0,1009.6,1010.6,1009.6,2315,31.8,23.7,32.7,30.6,24.3,21.7,65,53,62,248,0.0,0.0,N,PA,BELEM,A201,-1.411228,-48.439512,21.17
1445,2019-08-29,20:00,0.0,1008.8,1008.8,1007.8,381,27.3,21.8,27.4,26.5,22.2,21.2,76,71,72,60,0.0,0.0,N,PA,BELEM,A201,-1.411228,-48.439512,21.17
1446,2019-08-30,00:00,0.0,1011.0,1011.0,1010.4,1,24.5,22.6,24.9,24.5,23.1,22.5,90,89,89,93,0.0,0.0,N,PA,BELEM,A201,-1.411228,-48.439512,21.17
1447,2019-08-30,04:00,0.0,1011.2,1011.9,1011.2,0,24.6,22.5,25.0,24.6,22.6,22.4,88,87,88,39,0.0,0.0,N,PA,BELEM,A201,-1.411228,-48.439512,21.17
1448,2019-08-30,08:00,0.0,1010.1,1010.1,1009.9,0,24.6,22.5,24.8,24.6,22.8,22.5,88,88,88,72,0.0,0.0,N,PA,BELEM,A201,-1.411228,-48.439512,21.17
1449,2019-08-30,12:00,0.0,1011.8,1011.8,1011.5,1290,28.1,23.1,28.2,26.8,23.7,22.8,80,74,74,72,0.4,0.0,N,PA,BELEM,A201,-1.411228,-48.439512,21.17
1450,2019-08-30,16:00,0.0,1010.4,1011.3,1010.4,2401,31.2,22.7,32.0,30.5,23.8,22.1,66,58,61,101,0.0,0.0,N,PA,BELEM,A201,-1.411228,-48.439512,21.17
1451,2019-08-30,20:00,4.6,1008.0,1008.7,1007.8,847,25.9,23.1,31.2,25.8,25.0,20.0,85,62,85,2,0.0,0.0,N,PA,BELEM,A201,-1.411228,-48.439512,21.17
1452,2019-08-31,00:00,2.8,1010.8,1010.8,1010.3,7,24.4,22.8,25.6,23.6,22.8,21.4,91,81,91,17,0.1,0.0,N,PA,BELEM,A201,-1.411228,-48.439512,21.17
1453,2019-08-31,04:00,0.0,1010.7,1011.6,1010.7,0,23.9,22.6,24.2,23.8,22.8,22.5,93,92,92,139,0.0,0.0,N,PA,BELEM,A201,-1.411228,-48.439512,21.17
1454,2019-08-31,08:00,0.0,1009.7,1009.8,1009.6,0,23.4,22.0,23.9,23.4,22.2,21.9,91,90,91,63,0.0,0.0,N,PA,BELEM,A201,-1.411228,-48.439512,21.17
1455,2019-08-31,12:00,0.0,1011.9,1011.9,1011.1,1500,28.1,23.2,28.4,26.6,24.1,22.6,80,74,75,86,0.1,0.0,N,PA,BELEM,A201,-1.411228,-48.439512,21.17
1456,2019-08-31,16:00,0.0,1010.1,1011.4,1010.1,3171,31.2,22.7,32.2,31.2,23.9,21.6,64,55,60,136,0.0,0.0,N,PA,BELEM,A201,-1.411228,-48.439512,21.17
1457,2019-08-31,20:00,0.0,1008.2,1008.3,1007.6,502,27.9,22.2,30.5,27.5,24.2,22.2,77,66,71,333,0.0,0.0,N,PA,BELEM,A201,-1.411228,-48.439512,21.17
1458,2019-09-01,00:00,0.0,1010.0,1010.0,1009.6,3,25.5,22.2,25.9,25.4,22.3,22.1,83,80,82,96,0.0,0.0,N,PA,BELEM,A201,-1.411228,-48.439512,21.17
1459,2019-09-01,04:00,0.0,1009.9,1010.6,1009.9,0,25.0,22.4,25.3,24.9,22.4,22.3,86,84,86,95,0.0,0.0,N,PA,BELEM,A201,-1.411228,-48.439512,21.17
1460,2019-09-01,08:00,0.0,1008.9,1008.9,1008.6,0,24.1,22.1,24.2,24.0,22.2,22.0,89,88,88,73,0.0,0.0,N,PA,BELEM,A201,-1.411228,-48.439512,21.17
1461,2019-09-01,12:00,0.0,1011.2,1011.2,1010.5,1519,28.7,23.1,28.8,27.1,23.6,22.6,77,72,72,83,0.0,0.0,N,PA,BELEM,A201,-1.411228,-48.439512,21.17
1462,2019-09-01,16:00,0.0,1009.2,1010.1,1009.2,2389,33.3,22.6,33.3,31.5,24.0,21.6,60,53,54,25,0.4,0.0,N,PA,BELEM,A201,-1.411228,-48.439512,21.17
1463,2019-09-01,20:00,0.2,1007.4,1007.7,1007.2,329,24.6,22.1,25.8,24.3,23.8,21.0,89,82,86,332,0.0,0.0,N,PA,BELEM,A201,-1.411228,-48.439512,21.17
1464,2019-09-02,00:00,0.0,1009.1,1009.1,1008.5,6,26.2,23.3,26.3,25.8,23.7,23.3,87,84,84,42,0.0,0.0,N,PA,BELEM,A201,-1.411228,-48.439512,21.17
1465,2019-09-02,04:00,0.0,1009.1,1009.6,1009.1,0,25.2,22.9,25.5,25.2,23.0,22.8,87,86,87,61,0.0,0.0,N,PA,BELEM,A201,-1.411228,-48.439512,21.17
1466,2019-09-02,08:00,0.0,1008.7,1008.8,1008.7,0,24.6,22.8,24.6,24.4,22.8,22.6,90,89,90,21,0.0,0.0,N,PA,BELEM,A201,-1.411228,-48.439512,21.17
1467,2019-09-02,12:00,0.0,1010.5,1010.5,1010.2,1380,29.1,23.6,29.1,27.2,23.8,22.7,80,72,72,102,0.0,0.0,N,PA,BELEM,A201,-1.411228,-48.439512,21.17
1468,2019-09-02,16:00,0.0,1008.7,1009.7,1008.7,1101,31.5,22.8,31.9,31.0,23.5,22.1,64,57,60,221,0.0,0.0,N,PA,BELEM,A201,-1.411228,-48.439512,21.17
1469,2019-09-02,20:00,3.8,1006.8,1007.5,1006.4,1047,24.4,21.0,30.2,24.3,24.8,20.9,84,64,81,19,0.0,0.0,N,PA,BELEM,A201,-1.411228,-48.439512,21.17
1470,2019-09-03,00:00,0.0,1008.7,1008.7,1008.0,1,25.6,23.3,26.0,25.4,23.3,22.9,87,83,87,359,0.0,0.0,N,PA,BELEM,A201,-1.411228,-48.439512,21.17
1471,2019-09-03,04:00,0.0,1008.5,1009.2,1008.5,0,25.0,22.9,25.3,24.9,23.1,22.9,89,87,89,69,0.0,0.0,N,PA,BELEM,A201,-1.411228,-48.439512,21.17
1472,2019-09-03,08:00,0.0,1008.1,1008.1,1007.6,0,24.7,22.9,24.8,24.6,23.0,22.9,90,90,90,243,0.0,0.0,N,PA,BELEM,A201,-1.411228,-48.439512,21.17
1473,2019-09-03,12:00,0.0,1010.5,1010.5,1009.9,1477,29.6,24.2,29.6,27.5,24.5,23.3,79,73,73,76,0.1,0.0,N,PA,BELEM,A201,-1.411228,-48.439512,21.17
1474,2019-09-03,16:00,0.0,1009.2,1010.2,1009.2,2454,32.3,22.8,32.8,31.0,24.6,22.2,63,56,57,101,0.0,0.0,N,PA,BELEM,A201,-1.411228,-48.439512,21.17
1475,2019-09-03,20:00,0.0,1007.4,1007.4,1007.3,1335,31.2,24.6,32.4,31.1,25.1,23.7,68,62,68,331,0.0,0.0,N,PA,BELEM,A201,-1.411228,-48.439512,21.17
1476,2019-09-04,00:00,1.6,1009.4,1009.4,1008.4,6,26.7,24.3,29.0,26.7,25.3,24.0,87,76,87,79,0.0,0.0,N,PA,BELEM,A201,-1.411228,-48.439512,21.17
1477,2019-09-04,04:00,0.0,1009.5,1010.1,1009.5,0,24.8,22.2,25.6,24.8,22.2,22.1,86,81,86,125,0.0,0.0,N,PA,BELEM,A201,-1.411228,-48.439512,21.17
1478,2019-09-04,08:00,0.0,1009.7,1009.7,1009.3,0,23.7,21.9,23.8,23.6,22.0,21.9,90,90,90,104,0.0,0.0,N,PA,BELEM,A201,-1.411228,-48.439512,21.17
1479,2019-09-04,12:00,0.0,1012.1,1012.1,1011.3,1409,28.3,22.6,28.7,26.9,23.6,22.5,77,71,71,77,0.0,0.0,N,PA,BELEM,A201,-1.411228,-48.439512,21.17
1480,2019-09-04,16:00,0.0,1010.9,1011.6,1010.9,2711,31.9,21.9,32.9,31.4,23.2,21.4,60,52,56,96,0.0,0.0,N,PA,BELEM,A201,-1.411228,-48.439512,21.17
1481,2019-09-04,20:00,0.0,1009.0,1009.1,1008.9,819,31.2,21.3,32.5,31.2,22.4,21.2,58,54,56,99,0.0,0.0,N,PA,BELEM,A201,-1.411228,-48.439512,21.17
1482,2019-09-05,00:00,0.0,1011.2,1011.2,1010.4,0,27.5,22.1,28.2,27.5,22.6,22.1,73,71,73,72,0.0,0.0,N,PA,BELEM,A201,-1.411228,-48.439512,21.17
1483,2019-09-05,04:00,0.0,1011.3,1011.8,1011.3,0,25.2,21.5,25.6,25.2,21.5,21.3,80,78,80,73,0.0,0.0,N,PA,BELEM,A201,-1.411228,-48.439512,21.17
1484,2019-09-05,08:00,0.0,1010.6,1010.6,1010.3,0,24.2,21.6,24.3,24.2,21.7,21.5,86,85,85,79,0.0,0.0,N,PA,BELEM,A201,-1.411228,-48.439512,21.17
1485,2019-09-05,12:00,0.0,1012.8,1012.8,1012.0,1371,28.0,21.7,28.9,26.8,22.8,21.6,75,67,69,236,1.6,0.0,N,PA,BELEM,A201,-1.411228,-48.439512,21.17
1486,2019-09-05,16:00,0.0,1011.3,1012.3,1011.3,2615,31.9,20.3,33.9,31.5,22.7,20.3,57,47,51,67,4.9,0.8,N,PA,BELEM,A201,-1.411228,-48.439512,21.17
1487,2019-09-05,20:00,0.0,1009.7,1009.8,1009.6,732,31.2,20.3,32.4,31.2,22.3,19.9,58,49,52,74,4.9,1.1,N,PA,BELEM,A201,-1.411228,-48.439512,21.17
1488,2019-09-06,00:00,0.0,1012.1,1012.1,1011.5,0,27.1,20.8,28.1,27.1,20.9,20.7,69,65,69,91,4.3,0.5,N,PA,BELEM,A201,-1.411228,-48.439512,21.17
1489,2019-09-06,04:00,0.0,1010.7,1011.3,1010.7,0,24.4,20.8,24.8,24.3,20.8,20.6,81,77,81,71,3.5,0.2,N,PA,BELEM,A201,-1.411228,-48.439512,21.17
1490,2019-09-06,08:00,0.0,1010.2,1010.2,1009.9,0,23.0,21.0,23.6,23.0,21.5,21.0,88,87,88,90,1.9,0.3,N,PA,BELEM,A201,-1.411228,-48.439512,21.17
1491,2019-09-06,12:00,0.0,1012.3,1012.3,1011.8,1359,28.4,23.0,28.8,27.3,23.1,22.1,76,70,72,49,5.4,1.2,N,PA,BELEM,A201,-1.411228,-48.439512,21.17
1492,2019-09-06,16:00,0.0,1010.0,1011.0,1010.0,2775,32.6,22.2,33.9,32.0,22.9,21.0,58,49,54,40,5.2,0.9,N,PA,BELEM,A201,-1.411228,-48.439512,21.17
1493,2019-09-06,20:00,0.0,1008.9,1008.9,1008.5,1043,28.6,23.8,29.3,27.8,25.4,22.7,81,73,75,355,7.0,2.0,N,PA,BELEM,A201,-1.411228,-48.439512,21.17
1494,2019-09-07,00:00,0.0,1012.3,1012.3,1010.9,5,24.7,22.6,25.3,24.7,22.8,22.5,89,85,88,114,2.2,0.3,N,PA,BELEM,A201,-1.411228,-48.439512,21.17
1495,2019-09-07,04:00,0.0,1011.2,1012.0,1011.2,0,24.7,22.3,24.7,24.0,22.6,22.3,90,87,87,73,2.2,0.0,N,PA,BELEM,A201,-1.411228,-48.439512,21.17
1496,2019-09-07,08:00,0.0,1010.6,1010.7,1010.3,0,23.5,22.1,23.5,23.3,22.1,21.9,92,92,92,28,0.0,0.0,N,PA,BELEM,A201,-1.411228,-48.439512,21.17
1497,2019-09-07,12:00,0.0,1012.8,1012.9,1012.4,1453,28.9,23.3,29.1,26.1,24.2,22.8,85,71,72,64,3.6,0.5,N,PA,BELEM,A201,-1.411228,-48.439512,21.17
1498,2019-09-07,16:00,0.0,1011.3,1012.4,1011.3,3297,32.2,22.8,32.6,31.1,23.8,21.8,63,54,58,114,6.0,1.5,N,PA,BELEM,A201,-1.411228,-48.439512,21.17
1499,2019-09-07,20:00,55.0,1010.5,1010.7,1008.9,142,23.6,22.3,28.4,23.5,25.4,20.9,92,80,92,329,12.6,0.6,N,PA,BELEM,A201,-1.411228,-48.439512,21.17
1500,2019-09-08,00:00,0.0,1012.3,1012.4,1011.7,2,24.3,23.0,24.6,24.2,23.3,22.9,93,93,93,354,1.5,0.1,N,PA,BELEM,A201,-1.411228,-48.439512,21.17
1501,2019-09-08,04:00,0.0,1011.8,1012.5,1011.8,1,24.4,22.9,24.4,24.2,23.0,22.9,93,91,92,69,2.6,0.1,N,PA,BELEM,A201,-1.411228,-48.439512,21.17
1502,2019-09-08,08:00,0.0,1011.1,1011.1,1010.7,0,24.1,22.7,24.1,23.9,22.7,22.4,92,91,92,49,1.1,0.0,N,PA,BELEM,A201,-1.411228,-48.439512,21.17
1503,2019-09-08,12:00,0.0,1013.9,1013.9,1013.3,1379,29.2,23.9,29.3,27.5,24.6,23.6,80,73,73,83,4.7,1.3,N,PA,BELEM,A201,-1.411228,-48.439512,21.17
1504,2019-09-08,16:00,0.0,1012.4,1012.9,1012.4,2570,32.2,23.7,32.4,30.8,24.3,22.2,65,57,61,88,4.0,1.1,N,PA,BELEM,A201,-1.411228,-48.439512,21.17
1505,2019-09-08,20:00,0.0,1011.9,1012.0,1011.2,62,24.7,22.8,25.6,24.6,23.5,22.7,89,87,89,339,6.1,0.9,N,PA,BELEM,A201,-1.411228,-48.439512,21.17
1506,2019-09-09,00:00,0.0,1012.8,1012.9,1012.7,1,24.2,22.5,24.6,24.2,22.7,22.5,90,89,90,113,0.0,0.0,N,PA,BELEM,A201,-1.411228,-48.439512,21.17
1507,2019-09-09,04:00,0.0,1012.1,1012.8,1012.1,0,23.8,21.9,24.1,23.8,22.0,21.8,89,88,89,17,0.0,0.0,N,PA,BELEM,A201,-1.411228,-48.439512,21.17
1508,2019-09-09,08:00,0.0,1010.9,1010.9,1010.8,0,24.0,22.3,24.0,23.8,22.3,22.2,91,90,90,68,2.6,0.1,N,PA,BELEM,A201,-1.411228,-48.439512,21.17
1509,2019-09-09,12:00,0.0,1013.0,1013.0,1012.5,1439,28.7,23.4,28.9,27.3,24.1,23.0,78,72,73,73,5.2,1.4,N,PA,BELEM,A201,-1.411228,-48.439512,21.17
1510,2019-09-09,16:00,0.0,1011.0,1012.1,1011.0,2794,31.9,23.0,33.0,30.8,24.8,22.7,66,57,60,108,4.5,1.5,N,PA,BELEM,A201,-1.411228,-48.439512,21.17
1511,2019-09-09,20:00,0.0,1009.0,1009.1,1008.8,971,30.6,23.5,32.3,29.6,24.7,22.5,69,61,66,348,6.6,1.3,N,PA,BELEM,A201,-1.411228,-48.439512,21.17
1512,2019-09-10,00:00,0.0,1011.5,1011.5,1010.7,5,25.5,23.1,25.8,25.5,23.9,23.0,90,86,86,22,2.9,0.5,N,PA,BELEM,A201,-1.411228,-48.439512,21.17
1513,2019-09-10,04:00,0.0,1010.9,1011.5,1010.9,0,24.9,22.7,25.0,24.9,22.8,22.7,88,87,87,85,3.3,0.7,N,PA,BELEM,A201,-1.411228,-48.439512,21.17
1514,2019-09-10,08:00,0.0,1009.8,1010.0,1009.8,0,24.6,22.5,24.7,24.5,22.6,22.4,89,88,88,74,3.4,0.3,N,PA,BELEM,A201,-1.411228,-48.439512,21.17
1515,2019-09-10,12:00,0.0,1012.2,1012.2,1011.7,1360,28.5,23.0,29.0,27.4,24.1,22.9,78,71,72,78,7.7,1.7,N,PA,BELEM,A201,-1.411228,-48.439512,21.17
1516,2019-09-10,16:00,0.0,1009.9,1011.0,1009.9,3223,32.6,22.7,32.7,31.1,23.3,21.4,61,53,56,110,6.6,2.2,N,PA,BELEM,A201,-1.411228,-48.439512,21.17
1517,2019-09-10,20:00,0.0,1008.3,1008.4,1008.3,1112,32.2,23.8,33.7,31.8,23.8,20.7,61,48,61,59,4.5,0.6,N,PA,BELEM,A201,-1.411228,-48.439512,21.17
1518,2019-09-11,00:00,0.0,1009.8,1009.8,1008.9,0,27.4,22.4,28.0,26.9,23.4,22.4,81,73,75,69,5.4,1.2,N,PA,BELEM,A201,-1.411228,-48.439512,21.17
1519,2019-09-11,04:00,0.0,1009.0,1009.6,1009.0,0,25.3,22.4,25.6,25.2,22.4,22.3,84,83,84,59,4.2,0.7,N,PA,BELEM,A201,-1.411228,-48.439512,21.17
1520,2019-09-11,08:00,0.0,1008.1,1008.1,1007.8,0,24.4,22.2,24.5,24.3,22.3,22.2,88,87,88,70,3.2,0.2,N,PA,BELEM,A201,-1.411228,-48.439512,21.17
1521,2019-09-11,12:00,0.0,1010.7,1010.7,1010.1,1385,29.0,22.7,29.2,27.2,23.3,22.6,77,69,69,69,5.4,0.2,N,PA,BELEM,A201,-1.411228,-48.439512,21.17
1522,2019-09-11,16:00,0.0,1008.6,1009.7,1008.6,3138,33.1,22.8,33.2,31.2,23.6,21.9,62,54,55,105,6.5,1.8,N,PA,BELEM,A201,-1.411228,-48.439512,21.17
1523,2019-09-11,20:00,0.0,1007.0,1007.2,1007.0,1088,32.0,23.9,33.9,31.5,24.4,23.2,66,55,62,108,2.8,0.3,N,PA,BELEM,A201,-1.411228,-48.439512,21.17
1524,2019-09-12,00:00,0.0,1009.4,1009.4,1008.4,0,27.4,22.3,28.7,27.4,22.6,22.3,74,69,74,56,5.5,1.2,N,PA,BELEM,A201,-1.411228,-48.439512,21.17
1525,2019-09-12,04:00,0.0,1008.8,1009.8,1008.8,0,25.3,22.0,25.6,25.3,22.1,22.0,82,81,82,54,3.6,0.7,N,PA,BELEM,A201,-1.411228,-48.439512,21.17
1526,2019-09-12,08:00,0.0,1007.5,1007.6,1007.5,0,24.4,22.0,24.7,24.4,22.1,22.0,86,86,86,81,3.9,0.2,N,PA,BELEM,A201,-1.411228,-48.439512,21.17
1527,2019-09-12,12:00,0.0,1010.2,1010.2,1009.5,1419,29.1,22.5,29.3,27.4,22.9,22.0,74,66,68,100,7.2,2.1,N,PA,BELEM,A201,-1.411228,-48.439512,21.17
1528,2019-09-12,16:00,0.0,1008.9,1009.7,1008.9,3180,33.3,22.3,33.9,31.6,23.4,21.4,59,50,53,104,7.1,1.7,N,PA,BELEM,A201,-1.411228,-48.439512,21.17
1529,2019-09-12,20:00,0.0,1007.7,1007.7,1007.3,654,29.1,22.9,32.5,29.1,25.1,22.6,71,62,69,339,5.1,1.1,N,PA,BELEM,A201,-1.411228,-48.439512,21.17
1530,2019-09-13,00:00,0.0,1010.0,1010.0,1009.3,0,27.4,21.5,28.1,27.4,22.5,21.5,72,69,71,40,4.0,1.0,N,PA,BELEM,A201,-1.411228,-48.439512,21.17
1531,2019-09-13,04:00,0.0,1009.1,1010.0,1009.1,0,25.5,22.4,25.9,25.5,22.4,22.3,83,81,83,102,4.0,0.5,N,PA,BELEM,A201,-1.411228,-48.439512,21.17
1532,2019-09-13,08:00,0.0,1008.4,1008.4,1008.0,0,24.8,22.4,24.8,24.7,22.5,22.4,87,86,87,71,2.3,0.4,N,PA,BELEM,A201,-1.411228,-48.439512,21.17
1533,2019-09-13,12:00,0.0,1011.0,1011.0,1010.6,1137,28.6,22.8,29.1,27.5,23.5,22.7,77,70,71,54,8.1,1.2,N,PA,BELEM,A201,-1.411228,-48.439512,21.17
1534,2019-09-13,16:00,0.0,1009.6,1010.5,1009.6,2411,32.8,22.0,33.6,31.5,23.6,21.7,59,52,53,78,5.6,0.9,N,PA,BELEM,A201,-1.411228,-48.439512,21.17
1535,2019-09-13,20:00,0.0,1007.9,1008.1,1007.7,846,28.4,24.0,30.4,27.8,25.8,23.7,81,76,77,336,6.3,1.4,N,PA,BELEM,A201,-1.411228,-48.439512,21.17
1536,2019-09-14,00:00,0.0,1010.2,1010.2,1009.6,1,25.8,23.8,25.8,25.5,24.1,23.7,91,89,89,35,3.3,0.4,N,PA,BELEM,A201,-1.411228,-48.439512,21.17
1537,2019-09-14,04:00,0.0,1009.4,1010.2,1009.4,0,24.9,22.9,25.2,24.9,23.1,22.8,89,88,89,49,2.4,0.1,N,PA,BELEM,A201,-1.411228,-48.439512,21.17
1538,2019-09-14,08:00,0.0,1008.5,1008.5,1008.3,0,24.2,22.7,24.3,24.2,22.8,22.6,91,91,91,111,2.2,0.0,N,PA,BELEM,A201,-1.411228,-48.439512,21.17
1539,2019-09-14,12:00,0.0,1011.2,1011.2,1010.4,1257,28.8,24.1,28.8,27.0,24.2,23.2,82,74,76,60,6.1,1.1,N,PA,BELEM,A201,-1.411228,-48.439512,21.17
1540,2019-09-14,16:00,0.0,1009.1,1010.4,1009.1,2714,32.0,22.5,33.1,31.2,23.9,21.6,62,53,57,13,4.6,1.5,N,PA,BELEM,A201,-1.411228,-48.439512,21.17
1541,2019-09-14,20:00,7.6,1007.5,1007.8,1007.2,597,25.6,23.3,30.7,25.5,25.3,22.6,87,71,87,66,6.1,1.0,N,PA,BELEM,A201,-1.411228,-48.439512,21.17
1542,2019-09-15,00:00,0.0,1010.3,1010.3,1009.2,5,24.7,23.1,24.7,23.7,23.1,22.1,91,90,91,154,3.5,1.3,N,PA,BELEM,A201,-1.411228,-48.439512,21.17
1543,2019-09-15,04:00,0.0,1009.3,1010.2,1009.3,0,25.0,23.1,25.2,24.9,23.3,23.0,90,89,89,66,2.1,0.0,N,PA,BELEM,A201,-1.411228,-48.439512,21.17
1544,2019-09-15,08:00,0.0,1008.6,1008.6,1008.4,0,23.8,22.4,24.3,23.8,22.5,22.3,92,90,92,333,0.0,0.0,N,PA,BELEM,A201,-1.411228,-48.439512,21.17
1545,2019-09-15,12:00,0.0,1010.6,1010.6,1010.1,1449,28.7,23.3,28.7,26.5,23.8,22.7,81,72,73,36,4.2,0.7,N,PA,BELEM,A201,-1.411228,-48.439512,21.17
1546,2019-09-15,16:00,0.0,1008.7,1009.9,1008.7,2302,31.0,22.3,32.3,31.0,22.9,20.8,61,53,60,120,4.4,0.9,N,PA,BELEM,A201,-1.411228,-48.439512,21.17
1547,2019-09-15,20:00,0.0,1007.2,1007.3,1007.1,1060,30.2,23.3,31.1,30.1,23.6,22.8,67,63,67,357,5.0,2.1,N,PA,BELEM,A201,-1.411228,-48.439512,21.17
1548,2019-09-16,00:00,0.0,1008.7,1008.7,1008.4,0,26.7,22.5,27.2,26.7,22.9,22.5,78,76,78,56,3.6,0.6,N,PA,BELEM,A201,-1.411228,-48.439512,21.17
1549,2019-09-16,04:00,0.0,1008.8,1009.3,1008.8,0,25.1,22.4,25.3,25.1,22.5,22.3,85,84,85,71,4.1,0.6,N,PA,BELEM,A201,-1.411228,-48.439512,21.17
1550,2019-09-16,08:00,0.0,1008.2,1008.2,1008.0,0,23.7,21.9,24.1,23.7,22.3,21.9,90,89,90,152,2.2,0.0,N,PA,BELEM,A201,-1.411228,-48.439512,21.17
1551,2019-09-16,12:00,0.0,1010.5,1010.5,1009.8,1340,28.7,23.3,28.9,27.0,23.6,22.7,79,72,73,68,4.9,1.3,N,PA,BELEM,A201,-1.411228,-48.439512,21.17
1552,2019-09-16,16:00,0.0,1008.5,1009.5,1008.5,2736,32.6,22.6,33.2,31.4,23.5,21.7,61,53,56,111,5.0,2.1,N,PA,BELEM,A201,-1.411228,-48.439512,21.17
1553,2019-09-16,20:00,6.2,1006.9,1007.3,1006.2,938,24.7,22.0,32.7,24.7,24.7,22.0,86,59,85,334,7.0,1.4,N,PA,BELEM,A201,-1.411228,-48.439512,21.17
1554,2019-09-17,00:00,0.0,1008.8,1009.2,1008.5,8,25.3,23.5,25.9,25.1,23.5,23.1,90,86,90,298,3.9,0.0,N,PA,BELEM,A201,-1.411228,-48.439512,21.17
1555,2019-09-17,04:00,0.0,1008.4,1009.2,1008.4,0,25.0,22.6,25.1,24.9,22.7,22.6,87,86,87,35,2.6,0.4,N,PA,BELEM,A201,-1.411228,-48.439512,21.17
1556,2019-09-17,08:00,0.0,1007.7,1007.7,1007.5,0,24.4,22.3,24.4,24.3,22.4,22.3,89,88,88,157,2.4,0.2,N,PA,BELEM,A201,-1.411228,-48.439512,21.17
1557,2019-09-17,12:00,0.0,1009.9,1009.9,1009.2,1417,28.8,23.4,29.2,27.4,24.0,22.9,78,71,73,79,5.8,1.8,N,PA,BELEM,A201,-1.411228,-48.439512,21.17
1558,2019-09-17,16:00,0.0,1008.6,1009.9,1008.6,2953,32.0,23.8,32.1,30.3,24.9,22.6,68,59,62,120,4.5,1.5,N,PA,BELEM,A201,-1.411228,-48.439512,21.17
1559,2019-09-17,20:00,26.8,1007.2,1009.1,1006.8,78,23.2,22.0,29.0,22.6,22.2,21.0,93,63,93,317,13.8,1.1,N,PA,BELEM,A201,-1.411228,-48.439512,21.17
1560,2019-09-18,00:00,0.0,1008.1,1008.1,1007.8,0,24.2,22.2,24.5,24.0,23.1,22.2,92,89,89,35,2.3,0.0,N,PA,BELEM,A201,-1.411228,-48.439512,21.17
1561,2019-09-18,04:00,0.0,1007.7,1008.3,1007.7,0,24.1,22.3,24.2,24.1,22.4,22.3,90,89,90,67,3.9,0.0,N,PA,BELEM,A201,-1.411228,-48.439512,21.17
1562,2019-09-18,08:00,0.0,1006.8,1006.9,1006.8,0,23.4,22.1,23.6,23.4,22.1,22.0,92,91,92,84,1.7,0.0,N,PA,BELEM,A201,-1.411228,-48.439512,21.17
1563,2019-09-18,12:00,0.0,1009.1,1009.2,1008.2,1305,28.5,23.2,28.5,27.5,23.7,22.8,78,73,73,94,5.7,1.9,N,PA,BELEM,A201,-1.411228,-48.439512,21.17
1564,2019-09-18,16:00,0.0,1007.0,1007.8,1007.0,3068,32.2,22.9,32.4,30.9,23.9,22.5,64,57,58,128,5.8,2.4,N,PA,BELEM,A201,-1.411228,-48.439512,21.17
1565,2019-09-18,20:00,0.0,1005.9,1005.9,1005.6,399,28.8,23.7,32.3,28.7,24.4,23.5,75,62,74,326,6.0,0.9,N,PA,BELEM,A201,-1.411228,-48.439512,21.17
1566,2019-09-19,00:00,0.0,1007.9,1007.9,1007.2,7,27.0,22.4,27.9,27.0,23.2,22.4,76,74,76,65,5.5,0.9,N,PA,BELEM,A201,-1.411228,-48.439512,21.17
1567,2019-09-19,04:00,0.0,1007.6,1008.2,1007.6,0,24.9,22.0,25.4,24.9,22.0,22.0,84,82,84,66,2.7,0.3,N,PA,BELEM,A201,-1.411228,-48.439512,21.17
1568,2019-09-19,08:00,0.0,1007.1,1007.1,1007.0,0,23.1,21.7,23.4,23.1,21.8,21.7,92,90,92,116,0.0,0.0,N,PA,BELEM,A201,-1.411228,-48.439512,21.17
1569,2019-09-19,12:00,0.0,1008.9,1008.9,1008.4,1518,29.4,22.4,29.4,27.2,22.9,21.9,75,66,66,77,4.5,1.3,N,PA,BELEM,A201,-1.411228,-48.439512,21.17
1570,2019-09-19,16:00,0.0,1007.4,1008.4,1007.4,3319,33.6,20.0,33.6,31.7,21.4,19.1,52,43,45,110,5.9,2.5,N,PA,BELEM,A201,-1.411228,-48.439512,21.17
1571,2019-09-19,20:00,0.0,1006.1,1006.1,1005.9,860,32.3,20.1,33.9,32.2,20.2,19.1,49,42,49,90,5.6,1.5,N,PA,BELEM,A201,-1.411228,-48.439512,21.17
1572,2019-09-20,00:00,0.0,1008.4,1008.4,1007.4,0,27.3,21.6,28.5,27.3,21.6,20.3,71,61,71,47,6.2,1.3,N,PA,BELEM,A201,-1.411228,-48.439512,21.17
1573,2019-09-20,04:00,0.0,1007.8,1008.6,1007.8,0,24.6,21.9,25.1,24.6,21.9,21.8,85,82,85,77,2.9,0.7,N,PA,BELEM,A201,-1.411228,-48.439512,21.17
1574,2019-09-20,08:00,0.0,1007.7,1007.7,1007.3,0,24.0,22.0,24.0,23.9,22.0,21.9,89,88,89,60,2.2,0.0,N,PA,BELEM,A201,-1.411228,-48.439512,21.17
1575,2019-09-20,12:00,0.0,1010.2,1010.2,1009.7,1552,28.7,22.5,29.0,27.6,23.0,22.1,74,69,69,67,5.7,1.6,N,PA,BELEM,A201,-1.411228,-48.439512,21.17
1576,2019-09-20,16:00,0.0,1008.9,1009.6,1008.9,2687,32.4,20.3,33.5,31.5,22.4,20.3,56,48,49,94,5.1,1.7,N,PA,BELEM,A201,-1.411228,-48.439512,21.17
1577,2019-09-20,20:00,20.6,1008.1,1008.8,1007.5,200,25.3,23.9,29.9,24.0,24.8,22.1,92,73,92,293,8.7,0.1,N,PA,BELEM,A201,-1.411228,-48.439512,21.17
1578,2019-09-21,00:00,0.0,1010.1,1010.1,1009.5,12,26.2,23.0,26.5,26.1,23.5,23.0,85,82,83,47,4.6,0.4,N,PA,BELEM,A201,-1.411228,-48.439512,21.17
1579,2019-09-21,04:00,0.0,1009.4,1010.1,1009.4,0,25.0,22.6,25.2,25.0,22.7,22.5,87,85,87,61,2.6,0.1,N,PA,BELEM,A201,-1.411228,-48.439512,21.17
1580,2019-09-21,08:00,0.0,1008.3,1008.4,1008.3,0,24.3,22.3,24.4,24.2,22.5,22.3,89,88,88,150,2.6,0.1,N,PA,BELEM,A201,-1.411228,-48.439512,21.17
1581,2019-09-21,12:00,0.0,1010.3,1010.3,1009.9,1195,27.5,23.1,28.6,27.2,23.8,22.8,79,73,77,71,5.9,1.4,N,PA,BELEM,A201,-1.411228,-48.439512,21.17
1582,2019-09-21,16:00,0.0,1008.4,1009.4,1008.4,2374,31.0,22.1,32.1,30.5,23.3,21.7,63,56,59,100,6.9,1.7,N,PA,BELEM,A201,-1.411228,-48.439512,21.17
1583,2019-09-21,20:00,0.0,1006.8,1006.8,1006.6,1240,31.6,23.4,32.5,31.4,24.5,23.4,65,61,62,330,5.1,1.5,N,PA,BELEM,A201,-1.411228,-48.439512,21.17
1584,2019-09-22,00:00,0.0,1008.7,1008.7,1008.0,2,27.5,22.4,28.5,27.5,22.8,22.3,74,71,74,32,5.8,0.8,N,PA,BELEM,A201,-1.411228,-48.439512,21.17
1585,2019-09-22,04:00,0.0,1008.2,1008.9,1008.2,0,25.2,22.1,25.6,25.2,22.3,22.1,83,82,83,55,4.4,1.0,N,PA,BELEM,A201,-1.411228,-48.439512,21.17
1586,2019-09-22,08:00,0.0,1008.0,1008.0,1007.8,0,24.2,21.5,24.2,24.1,21.7,21.5,86,85,85,18,4.0,0.3,N,PA,BELEM,A201,-1.411228,-48.439512,21.17
1587,2019-09-22,12:00,0.0,1011.3,1011.3,1010.6,1495,28.9,22.4,29.4,27.6,23.2,21.9,74,67,68,85,5.7,1.4,N,PA,BELEM,A201,-1.411228,-48.439512,21.17
1588,2019-09-22,16:00,0.0,1009.1,1010.5,1009.1,2779,32.3,22.0,32.4,30.0,23.4,21.5,64,54,55,121,5.9,2.2,N,PA,BELEM,A201,-1.411228,-48.439512,21.17
1589,2019-09-22,20:00,0.0,1007.5,1007.6,1007.4,1353,31.1,23.3,32.7,31.0,24.3,23.3,65,60,63,316,5.7,1.8,N,PA,BELEM,A201,-1.411228,-48.439512,21.17
1590,2019-09-23,00:00,0.0,1008.8,1008.8,1008.2,0,27.6,22.7,28.4,27.6,24.1,22.7,78,74,75,69,6.5,1.1,N,PA,BELEM,A201,-1.411228,-48.439512,21.17
1591,2019-09-23,04:00,0.0,1009.6,1009.9,1009.6,0,25.7,22.5,26.1,25.7,22.6,22.5,83,80,83,77,4.1,0.5,N,PA,BELEM,A201,-1.411228,-48.439512,21.17
1592,2019-09-23,08:00,0.0,1009.7,1009.7,1009.2,0,24.7,22.6,25.0,24.6,22.7,22.4,88,86,88,17,2.8,0.6,N,PA,BELEM,A201,-1.411228,-48.439512,21.17
1593,2019-09-23,12:00,0.0,1011.8,1011.8,1011.3,1582,29.5,22.7,29.5,28.1,23.2,22.1,74,66,67,40,7.0,1.7,N,PA,BELEM,A201,-1.411228,-48.439512,21.17
1594,2019-09-23,16:00,0.0,1010.6,1011.3,1010.5,1420,30.9,23.5,31.4,30.2,24.1,22.0,67,59,65,321,5.4,2.0,N,PA,BELEM,A201,-1.411228,-48.439512,21.17
1595,2019-09-23,20:00,0.0,1008.7,1009.0,1008.6,830,30.7,23.3,31.8,29.5,24.2,22.8,70,61,65,8,6.1,1.4,N,PA,BELEM,A201,-1.411228,-48.439512,21.17
1596,2019-09-24,00:00,0.0,1011.8,1011.8,1010.5,2,27.4,22.2,27.9,27.4,22.4,22.1,74,71,73,71,5.3,0.8,N,PA,BELEM,A201,-1.411228,-48.439512,21.17
1597,2019-09-24,04:00,0.0,1011.1,1011.9,1011.1,0,25.6,22.3,25.9,25.4,22.5,22.3,84,81,82,359,4.3,0.8,N,PA,BELEM,A201,-1.411228,-48.439512,21.17
1598,2019-09-24,08:00,0.0,1009.9,1010.0,1009.9,0,24.0,22.0,24.5,24.0,22.3,22.0,89,87,89,135,2.1,0.1,N,PA,BELEM,A201,-1.411228,-48.439512,21.17
1599,2019-09-24,12:00,0.0,1011.7,1011.7,1011.0,1599,28.7,21.8,29.5,27.3,22.7,21.4,72,64,66,103,4.8,2.2,N,PA,BELEM,A201,-1.411228,-48.439512,21.17
1600,2019-09-24,16:00,0.0,1010.5,1011.4,1010.5,3232,32.3,21.2,33.4,31.5,23.5,20.6,59,49,52,86,5.6,1.7,N,PA,BELEM,A201,-1.411228,-48.439512,21.17
1601,2019-09-24,20:00,21.0,1009.5,1010.6,1008.3,831,24.3,22.3,32.8,24.3,24.1,22.1,90,57,89,336,7.1,2.6,N,PA,BELEM,A201,-1.411228,-48.439512,21.17
1602,2019-09-25,00:00,0.0,1012.2,1012.2,1011.8,0,24.1,22.6,24.3,23.7,22.9,22.3,92,91,91,13,1.6,0.3,N,PA,BELEM,A201,-1.411228,-48.439512,21.17
1603,2019-09-25,04:00,0.0,1011.1,1011.8,1011.1,0,24.3,22.2,24.5,24.2,22.3,22.1,89,87,89,31,2.7,0.1,N,PA,BELEM,A201,-1.411228,-48.439512,21.17
1604,2019-09-25,08:00,0.0,1009.9,1010.3,1009.9,0,24.0,22.3,24.2,24.0,22.5,22.2,90,89,90,45,1.9,0.2,N,PA,BELEM,A201,-1.411228,-48.439512,21.17
1605,2019-09-25,12:00,0.0,1012.5,1012.5,1012.0,1611,28.8,23.1,29.4,27.0,24.1,23.0,79,70,71,58,4.2,1.1,N,PA,BELEM,A201,-1.411228,-48.439512,21.17
1606,2019-09-25,16:00,0.0,1009.8,1010.9,1009.8,2165,31.2,24.3,32.8,30.8,24.9,22.8,68,56,67,291,5.5,1.2,N,PA,BELEM,A201,-1.411228,-48.439512,21.17
1607,2019-09-25,20:00,0.0,1008.3,1008.6,1007.6,612,27.5,23.2,27.6,26.4,23.7,22.3,83,75,78,38,4.4,0.9,N,PA,BELEM,A201,-1.411228,-48.439512,21.17
1608,2019-09-26,00:00,0.0,1011.1,1011.2,1010.6,1,25.0,22.7,25.0,24.4,22.9,22.5,89,87,87,85,4.5,1.4,N,PA,BELEM,A201,-1.411228,-48.439512,21.17
1609,2019-09-26,04:00,0.0,1010.3,1011.0,1010.3,0,24.8,22.9,24.9,24.4,23.0,22.6,90,89,89,118,1.2,0.0,N,PA,BELEM,A201,-1.411228,-48.439512,21.17
1610,2019-09-26,08:00,0.0,1010.0,1010.0,1009.8,0,25.1,22.8,25.4,25.1,22.8,22.6,87,85,87,171,2.6,0.0,N,PA,BELEM,A201,-1.411228,-48.439512,21.17
1611,2019-09-26,12:00,0.0,1012.0,1012.0,1011.4,1138,28.5,22.1,28.6,27.1,23.3,21.8,80,68,68,12,4.0,1.1,N,PA,BELEM,A201,-1.411228,-48.439512,21.17
1612,2019-09-26,16:00,0.0,1010.0,1011.2,1010.0,1287,31.1,22.8,31.1,29.9,23.5,21.3,65,57,61,27,3.3,0.7,N,PA,BELEM,A201,-1.411228,-48.439512,21.17
1613,2019-09-26,20:00,0.0,1007.4,1007.5,1007.2,1088,30.8,23.3,32.5,30.8,24.6,23.3,67,61,64,4,5.1,1.7,N,PA,BELEM,A201,-1.411228,-48.439512,21.17
1614,2019-09-27,00:00,0.0,1011.6,1011.6,1010.2,1,25.9,21.4,27.1,25.9,22.4,21.4,80,73,76,136,7.0,2.7,N,PA,BELEM,A201,-1.411228,-48.439512,21.17
1615,2019-09-27,04:00,0.0,1010.4,1011.1,1010.4,0,24.9,22.6,25.1,24.9,22.7,22.6,87,86,87,60,2.4,0.3,N,PA,BELEM,A201,-1.411228,-48.439512,21.17
1616,2019-09-27,08:00,0.0,1009.6,1009.7,1009.6,0,24.7,22.7,24.7,24.6,22.7,22.6,89,88,89,52,2.7,0.3,N,PA,BELEM,A201,-1.411228,-48.439512,21.17
1617,2019-09-27,12:00,0.0,1012.1,1012.2,1011.7,1360,29.9,23.7,29.9,28.3,23.9,22.9,75,70,70,88,4.9,1.0,N,PA,BELEM,A201,-1.411228,-48.439512,21.17
1618,2019-09-27,16:00,0.0,1009.6,1010.8,1009.6,2363,31.9,23.0,33.1,31.3,24.2,21.9,63,55,59,75,6.5,1.2,N,PA,BELEM,A201,-1.411228,-48.439512,21.17
1619,2019-09-27,20:00,0.0,1007.4,1007.6,1007.4,869,31.1,24.6,31.6,30.5,25.3,24.3,71,68,68,308,5.2,1.7,N,PA,BELEM,A201,-1.411228,-48.439512,21.17
1620,2019-09-28,00:00,0.0,1009.5,1009.5,1008.7,13,26.6,22.6,26.9,26.6,23.2,22.6,81,78,79,37,5.9,0.8,N,PA,BELEM,A201,-1.411228,-48.439512,21.17
1621,2019-09-28,04:00,0.0,1009.4,1010.2,1009.4,0,24.9,22.6,25.3,24.9,22.7,22.6,87,86,87,53,3.0,0.5,N,PA,BELEM,A201,-1.411228,-48.439512,21.17
1622,2019-09-28,08:00,0.0,1009.4,1009.4,1009.2,0,23.7,22.1,23.9,23.7,22.2,22.1,91,90,91,64,2.0,0.1,N,PA,BELEM,A201,-1.411228,-48.439512,21.17
1623,2019-09-28,12:00,0.0,1011.2,1011.2,1010.7,1626,29.3,23.4,29.3,27.6,23.7,22.8,77,70,71,76,6.0,2.1,N,PA,BELEM,A201,-1.411228,-48.439512,21.17
1624,2019-09-28,16:00,0.0,1009.7,1010.5,1009.7,2830,31.9,21.5,33.2,31.7,23.3,21.3,60,53,54,58,6.0,1.4,N,PA,BELEM,A201,-1.411228,-48.439512,21.17
1625,2019-09-28,20:00,0.0,1008.0,1008.1,1007.9,377,32.8,22.0,33.0,31.0,22.3,21.3,58,52,53,42,5.8,0.5,N,PA,BELEM,A201,-1.411228,-48.439512,21.17
1626,2019-09-29,00:00,0.0,1010.1,1010.1,1009.3,0,27.4,21.9,28.3,27.4,22.1,21.8,72,69,72,53,4.4,0.8,N,PA,BELEM,A201,-1.411228,-48.439512,21.17
1627,2019-09-29,04:00,0.0,1009.7,1010.3,1009.7,0,25.1,22.4,25.5,25.1,22.5,22.4,85,83,85,72,4.1,1.0,N,PA,BELEM,A201,-1.411228,-48.439512,21.17
1628,2019-09-29,08:00,0.0,1008.4,1008.5,1008.3,0,24.0,22.2,24.4,24.0,22.4,22.2,90,89,90,119,2.0,0.5,N,PA,BELEM,A201,-1.411228,-48.439512,21.17
1629,2019-09-29,12:00,0.0,1010.3,1010.4,1010.0,1741,29.8,23.0,30.3,27.9,24.3,22.9,76,66,67,80,5.9,1.3,N,PA,BELEM,A201,-1.411228,-48.439512,21.17
1630,2019-09-29,16:00,0.0,1008.9,1009.6,1008.9,2916,33.7,22.9,34.6,32.6,23.2,20.6,55,46,53,40,6.5,1.2,N,PA,BELEM,A201,-1.411228,-48.439512,21.17
1631,2019-09-29,20:00,0.0,1007.6,1007.8,1007.5,164,29.9,23.7,30.4,29.3,24.4,23.3,73,66,69,19,5.0,0.9,N,PA,BELEM,A201,-1.411228,-48.439512,21.17
1632,2019-09-30,00:00,0.0,1009.3,1009.3,1008.6,0,27.3,22.1,28.2,27.3,22.2,21.9,73,69,73,255,5.3,0.9,N,PA,BELEM,A201,-1.411228,-48.439512,21.17
1633,2019-09-30,04:00,0.0,1008.5,1009.3,1008.5,0,25.1,22.4,25.6,25.1,22.6,22.4,85,83,85,80,3.2,0.1,N,PA,BELEM,A201,-1.411228,-48.439512,21.17
1634,2019-09-30,08:00,0.0,1007.3,1007.5,1007.3,0,24.4,22.7,24.5,24.3,22.8,22.6,90,90,90,57,2.4,0.2,N,PA,BELEM,A201,-1.411228,-48.439512,21.17
1635,2019-09-30,12:00,0.0,1009.4,1009.4,1008.8,1836,29.9,23.4,29.9,27.9,23.7,22.8,77,68,68,69,5.7,1.4,N,PA,BELEM,A201,-1.411228,-48.439512,21.17
1636,2019-09-30,16:00,0.0,1007.8,1008.7,1007.8,2489,31.9,22.0,33.2,31.7,22.4,20.6,56,49,56,113,5.7,2.4,N,PA,BELEM,A201,-1.411228,-48.439512,21.17
1637,2019-09-30,20:00,0.0,1006.2,1006.2,1006.0,440,30.8,22.0,31.9,30.8,23.6,20.8,64,52,59,144,3.0,1.0,N,PA,BELEM,A201,-1.411228,-48.439512,21.17
1638,2019-10-01,00:00,0.0,1007.3,1007.3,1006.7,0,27.5,21.9,28.7,27.5,22.0,21.8,72,66,72,117,6.3,0.8,N,PA,BELEM,A201,-1.411228,-48.439512,21.17
1639,2019-10-01,04:00,0.0,1007.0,1007.4,1007.0,0,25.5,21.9,25.9,25.5,22.1,21.9,81,79,81,62,4.8,0.5,N,PA,BELEM,A201,-1.411228,-48.439512,21.17
1640,2019-10-01,08:00,0.0,1006.3,1006.4,1006.2,0,24.3,21.9,24.4,24.1,21.9,21.8,87,86,87,85,2.3,0.8,N,PA,BELEM,A201,-1.411228,-48.439512,21.17
1641,2019-10-01,12:00,0.0,1008.6,1008.6,1007.9,1525,29.6,22.8,29.9,28.5,23.6,22.7,73,66,67,77,5.6,1.3,N,PA,BELEM,A201,-1.411228,-48.439512,21.17
1642,2019-10-01,16:00,0.0,1006.9,1008.0,1006.9,2957,32.4,23.2,32.5,30.7,23.9,22.1,64,57,58,143,4.7,2.1,N,PA,BELEM,A201,-1.411228,-48.439512,21.17
1643,2019-10-01,20:00,0.0,1005.1,1005.3,1004.9,1304,31.1,23.7,31.8,30.8,24.0,23.1,66,62,65,341,8.4,2.2,N,PA,BELEM,A201,-1.411228,-48.439512,21.17
1644,2019-10-02,00:00,0.0,1007.4,1007.4,1006.6,1,25.7,22.6,25.7,24.6,22.8,22.5,89,83,83,276,3.4,0.2,N,PA,BELEM,A201,-1.411228,-48.439512,21.17
1645,2019-10-02,04:00,0.0,1007.8,1008.2,1007.8,0,24.1,22.2,24.7,24.1,22.4,22.0,89,86,89,91,3.2,0.6,N,PA,BELEM,A201,-1.411228,-48.439512,21.17
1646,2019-10-02,08:00,0.0,1006.8,1006.9,1006.6,0,23.6,21.9,23.7,23.5,22.1,21.8,91,90,90,76,2.5,0.5,N,PA,BELEM,A201,-1.411228,-48.439512,21.17
1647,2019-10-02,12:00,0.0,1009.0,1009.0,1008.6,1636,29.2,23.6,29.4,27.9,23.7,22.8,76,70,72,79,5.3,1.5,N,PA,BELEM,A201,-1.411228,-48.439512,21.17
1648,2019-10-02,16:00,0.0,1007.8,1008.8,1007.8,2504,32.7,22.2,33.3,31.3,22.8,20.9,59,50,54,82,5.4,1.4,N,PA,BELEM,A201,-1.411228,-48.439512,21.17
1649,2019-10-02,20:00,0.0,1005.9,1006.0,1005.6,1230,31.8,21.6,33.3,31.8,23.0,20.7,59,49,55,39,2.9,0.8,N,PA,BELEM,A201,-1.411228,-48.439512,21.17
1650,2019-10-03,00:00,0.0,1009.0,1009.0,1008.0,1,26.8,21.4,27.7,26.8,21.5,21.2,73,68,73,57,4.4,0.6,N,PA,BELEM,A201,-1.411228,-48.439512,21.17
1651,2019-10-03,04:00,0.0,1009.1,1009.7,1009.1,0,24.9,21.8,25.2,24.9,21.8,21.7,83,81,83,48,3.6,0.4,N,PA,BELEM,A201,-1.411228,-48.439512,21.17
1652,2019-10-03,08:00,0.0,1008.5,1008.5,1008.2,0,23.5,21.6,24.1,23.5,21.7,21.5,89,87,89,113,2.0,0.2,N,PA,BELEM,A201,-1.411228,-48.439512,21.17
1653,2019-10-03,12:00,0.0,1010.9,1010.9,1010.4,1743,29.6,22.9,29.7,27.4,23.4,22.4,76,66,67,78,5.9,1.4,N,PA,BELEM,A201,-1.411228,-48.439512,21.17
1654,2019-10-03,16:00,0.0,1009.0,1009.9,1009.0,2306,31.3,22.0,32.9,30.8,23.8,21.3,62,53,58,132,5.3,2.0,N,PA,BELEM,A201,-1.411228,-48.439512,21.17
1655,2019-10-03,20:00,7.8,1008.4,1008.4,1006.7,947,23.9,21.3,31.9,23.9,24.2,20.6,85,60,85,36,7.7,1.0,N,PA,BELEM,A201,-1.411228,-48.439512,21.17
1656,2019-10-04,00:00,0.0,1010.1,1010.1,1009.5,3,25.4,22.3,25.6,25.0,23.1,22.3,89,83,83,94,3.7,0.3,N,PA,BELEM,A201,-1.411228,-48.439512,21.17
1657,2019-10-04,04:00,0.0,1009.1,1009.7,1009.1,0,24.6,22.3,24.9,24.6,22.3,22.3,87,85,87,122,3.3,0.4,N,PA,BELEM,A201,-1.411228,-48.439512,21.17
1658,2019-10-04,08:00,0.0,1008.9,1008.9,1008.6,0,23.2,21.8,23.6,23.2,22.0,21.8,92,91,92,113,1.0,0.0,N,PA,BELEM,A201,-1.411228,-48.439512,21.17
1659,2019-10-04,12:00,0.0,1010.7,1010.7,1010.4,1456,28.2,22.6,28.9,27.6,23.6,22.3,78,69,72,84,4.6,1.4,N,PA,BELEM,A201,-1.411228,-48.439512,21.17
1660,2019-10-04,16:00,0.0,1009.0,1010.0,1009.0,1937,32.1,21.2,32.9,31.2,22.6,20.8,57,49,53,23,5.2,1.2,N,PA,BELEM,A201,-1.411228,-48.439512,21.17
1661,2019-10-04,20:00,0.0,1007.1,1007.2,1007.0,579,29.6,22.4,30.7,29.4,23.4,22.2,67,63,65,4,6.3,2.2,N,PA,BELEM,A201,-1.411228,-48.439512,21.17
1662,2019-10-05,00:00,0.0,1008.8,1008.8,1008.2,0,26.6,21.3,27.4,26.6,21.3,21.1,73,69,73,55,5.3,0.9,N,PA,BELEM,A201,-1.411228,-48.439512,21.17
1663,2019-10-05,04:00,0.0,1008.4,1009.1,1008.4,0,25.2,21.8,25.4,25.1,21.9,21.7,82,80,82,43,3.7,0.6,N,PA,BELEM,A201,-1.411228,-48.439512,21.17
1664,2019-10-05,08:00,0.0,1008.4,1008.4,1008.2,0,23.7,22.0,24.1,23.7,22.1,21.9,90,88,90,123,1.3,0.0,N,PA,BELEM,A201,-1.411228,-48.439512,21.17
1665,2019-10-05,12:00,0.0,1010.0,1010.1,1009.7,1645,30.0,23.2,30.0,28.0,23.3,22.1,74,64,67,204,5.7,1.0,N,PA,BELEM,A201,-1.411228,-48.439512,21.17
1666,2019-10-05,16:00,0.0,1007.9,1008.8,1007.9,1886,32.5,21.2,33.1,30.8,23.3,21.1,61,50,51,137,5.0,1.3,N,PA,BELEM,A201,-1.411228,-48.439512,21.17
1667,2019-10-05,20:00,0.0,1005.6,1005.6,1005.2,1263,30.9,23.0,32.3,30.9,24.3,23.0,64,60,63,360,4.9,2.1,N,PA,BELEM,A201,-1.411228,-48.439512,21.17
1668,2019-10-06,00:00,0.0,1007.6,1007.6,1006.8,0,27.3,22.6,27.7,27.3,23.2,22.6,78,75,75,80,4.6,1.0,N,PA,BELEM,A201,-1.411228,-48.439512,21.17
1669,2019-10-06,04:00,0.0,1007.8,1008.2,1007.8,0,25.5,22.9,26.3,25.5,22.9,22.8,85,82,85,51,4.4,0.1,N,PA,BELEM,A201,-1.411228,-48.439512,21.17
1670,2019-10-06,08:00,0.0,1007.1,1007.1,1006.9,0,25.0,22.8,25.5,25.0,23.0,22.7,87,86,87,72,1.8,0.1,N,PA,BELEM,A201,-1.411228,-48.439512,21.17
1671,2019-10-06,12:00,0.0,1010.2,1010.2,1009.5,1635,29.4,22.9,29.8,27.3,23.8,22.5,78,66,68,51,4.5,1.1,N,PA,BELEM,A201,-1.411228,-48.439512,21.17
1672,2019-10-06,16:00,0.0,1008.6,1009.7,1008.6,3474,32.8,22.3,33.0,31.3,23.8,21.6,64,52,54,127,5.5,1.9,N,PA,BELEM,A201,-1.411228,-48.439512,21.17
1673,2019-10-06,20:00,7.0,1007.2,1007.3,1006.8,610,25.6,23.3,27.0,25.6,24.2,22.8,88,80,87,82,7.5,0.6,N,PA,BELEM,A201,-1.411228,-48.439512,21.17
1674,2019-10-07,00:00,0.0,1008.6,1008.6,1008.2,4,25.5,22.5,25.5,24.8,22.6,22.4,87,83,84,69,3.6,0.7,N,PA,BELEM,A201,-1.411228,-48.439512,21.17
1675,2019-10-07,04:00,0.0,1008.6,1009.7,1008.6,0,25.1,22.5,25.3,25.1,22.6,22.4,86,84,86,74,2.7,0.4,N,PA,BELEM,A201,-1.411228,-48.439512,21.17
1676,2019-10-07,08:00,0.0,1008.2,1008.2,1007.8,0,24.3,22.3,24.5,24.3,22.3,22.2,89,87,89,85,2.6,0.3,N,PA,BELEM,A201,-1.411228,-48.439512,21.17
1677,2019-10-07,12:00,0.0,1010.3,1010.4,1010.0,1743,29.2,22.7,29.4,28.0,23.6,22.5,74,67,68,79,7.3,2.3,N,PA,BELEM,A201,-1.411228,-48.439512,21.17
1678,2019-10-07,16:00,0.0,1008.5,1009.6,1008.5,2895,32.0,22.7,33.0,31.0,23.8,21.6,63,53,58,112,6.0,2.4,N,PA,BELEM,A201,-1.411228,-48.439512,21.17
1679,2019-10-07,20:00,0.0,1005.8,1006.0,1005.8,1065,31.0,23.8,33.6,30.7,24.4,22.5,66,53,66,318,5.3,1.3,N,PA,BELEM,A201,-1.411228,-48.439512,21.17
1680,2019-10-08,00:00,0.0,1007.4,1007.4,1006.7,0,27.2,20.8,28.2,27.2,21.5,20.8,68,67,68,100,4.1,0.8,N,PA,BELEM,A201,-1.411228,-48.439512,21.17
1681,2019-10-08,04:00,0.0,1007.4,1007.9,1007.4,0,25.2,22.1,25.3,25.0,22.1,21.8,84,81,83,70,4.1,0.4,N,PA,BELEM,A201,-1.411228,-48.439512,21.17
1682,2019-10-08,08:00,0.0,1007.0,1007.0,1006.7,0,24.5,22.2,24.8,24.5,22.4,22.2,87,86,87,93,2.2,0.7,N,PA,BELEM,A201,-1.411228,-48.439512,21.17
1683,2019-10-08,12:00,0.0,1009.4,1009.4,1008.9,1799,30.1,23.2,30.1,28.6,23.7,22.5,73,67,67,66,7.9,1.6,N,PA,BELEM,A201,-1.411228,-48.439512,21.17
1684,2019-10-08,16:00,0.0,1007.1,1008.4,1007.1,2686,33.8,22.8,33.8,30.8,23.9,22.0,61,53,53,38,5.4,1.0,N,PA,BELEM,A201,-1.411228,-48.439512,21.17
1685,2019-10-08,20:00,0.2,1005.6,1006.5,1005.6,195,25.4,23.2,25.4,23.8,23.2,21.8,90,87,88,122,2.1,0.0,N,PA,BELEM,A201,-1.411228,-48.439512,21.17
1686,2019-10-09,00:00,0.0,1007.4,1007.4,1007.0,0,25.4,22.3,25.8,25.1,23.0,22.3,86,83,83,72,3.8,0.5,N,PA,BELEM,A201,-1.411228,-48.439512,21.17
1687,2019-10-09,04:00,0.0,1007.5,1008.0,1007.5,0,24.2,22.0,24.5,24.2,22.2,22.0,88,87,88,76,2.0,0.1,N,PA,BELEM,A201,-1.411228,-48.439512,21.17
1688,2019-10-09,08:00,0.0,1007.9,1007.9,1007.4,0,23.4,21.8,23.4,23.3,21.9,21.8,91,91,91,79,1.9,0.4,N,PA,BELEM,A201,-1.411228,-48.439512,21.17
1689,2019-10-09,12:00,0.0,1010.5,1010.6,1010.1,1613,28.5,22.7,28.8,27.6,23.5,22.5,76,70,71,67,5.3,1.6,N,PA,BELEM,A201,-1.411228,-48.439512,21.17
1690,2019-10-09,16:00,0.0,1008.0,1009.2,1008.0,1806,30.8,22.0,31.7,30.4,22.9,21.5,62,57,59,90,6.8,1.4,N,PA,BELEM,A201,-1.411228,-48.439512,21.17
1691,2019-10-09,20:00,0.0,1005.8,1005.9,1005.7,345,30.4,22.0,31.1,30.3,22.9,21.5,65,57,61,97,3.7,0.9,N,PA,BELEM,A201,-1.411228,-48.439512,21.17
1692,2019-10-10,00:00,0.0,1008.2,1008.2,1007.6,0,27.0,21.9,27.9,27.0,22.3,21.9,74,71,74,70,4.6,0.8,N,PA,BELEM,A201,-1.411228,-48.439512,21.17
1693,2019-10-10,04:00,0.0,1007.0,1007.8,1007.0,0,24.4,21.0,24.9,24.4,21.1,21.0,82,80,82,81,3.5,0.8,N,PA,BELEM,A201,-1.411228,-48.439512,21.17
1694,2019-10-10,08:00,0.0,1007.0,1007.0,1006.6,0,22.9,21.1,23.3,22.9,21.1,21.0,89,87,89,115,2.7,0.6,N,PA,BELEM,A201,-1.411228,-48.439512,21.17
1695,2019-10-10,12:00,0.0,1009.0,1009.0,1008.4,1770,28.8,22.5,29.2,27.0,23.0,22.0,76,67,69,94,6.7,2.4,N,PA,BELEM,A201,-1.411228,-48.439512,21.17
1696,2019-10-10,16:00,0.0,1006.6,1007.5,1006.6,2819,32.4,21.1,33.9,31.7,22.5,20.5,57,47,52,73,5.9,2.0,N,PA,BELEM,A201,-1.411228,-48.439512,21.17
1697,2019-10-10,20:00,0.0,1005.7,1005.7,1005.4,910,31.9,20.4,33.2,31.9,21.6,19.8,52,46,51,78,4.3,1.1,N,PA,BELEM,A201,-1.411228,-48.439512,21.17
1698,2019-10-11,00:00,0.0,1007.8,1007.8,1007.3,0,27.2,21.7,28.1,27.2,21.7,21.6,72,68,72,95,7.1,0.9,N,PA,BELEM,A201,-1.411228,-48.439512,21.17
1699,2019-10-11,04:00,0.0,1006.9,1007.3,1006.9,0,24.9,22.0,25.3,24.9,22.0,21.9,84,82,84,66,4.3,0.6,N,PA,BELEM,A201,-1.411228,-48.439512,21.17
1700,2019-10-11,08:00,0.0,1007.3,1007.3,1007.1,0,24.3,22.0,24.4,24.1,22.1,21.8,88,86,87,167,2.7,0.5,N,PA,BELEM,A201,-1.411228,-48.439512,21.17
1701,2019-10-11,12:00,0.0,1010.0,1010.0,1009.6,1822,30.0,22.3,30.0,28.1,23.3,22.2,72,63,63,75,7.6,1.8,N,PA,BELEM,A201,-1.411228,-48.439512,21.17
1702,2019-10-11,16:00,0.0,1008.5,1009.7,1008.5,2311,32.5,21.2,34.3,31.1,23.5,20.9,60,49,51,98,5.1,1.4,N,PA,BELEM,A201,-1.411228,-48.439512,21.17
1703,2019-10-11,20:00,4.6,1007.0,1007.2,1006.6,160,25.8,23.9,29.8,25.5,25.0,23.2,89,74,89,327,5.6,0.2,N,PA,BELEM,A201,-1.411228,-48.439512,21.17
1704,2019-10-12,00:00,0.0,1008.9,1008.9,1008.2,7,26.0,22.2,26.3,26.0,22.3,22.0,80,78,79,144,3.2,0.4,N,PA,BELEM,A201,-1.411228,-48.439512,21.17
1705,2019-10-12,04:00,0.0,1008.4,1009.2,1008.4,0,24.7,22.1,25.0,24.7,22.2,22.1,86,85,86,111,2.6,0.3,N,PA,BELEM,A201,-1.411228,-48.439512,21.17
1706,2019-10-12,08:00,0.0,1008.1,1008.1,1007.7,0,23.1,21.8,23.2,22.9,21.9,21.6,92,92,92,90,1.7,0.3,N,PA,BELEM,A201,-1.411228,-48.439512,21.17
1707,2019-10-12,12:00,0.0,1010.3,1010.3,1009.4,1904,29.8,22.4,30.0,27.4,23.5,22.0,75,64,65,134,4.5,1.2,N,PA,BELEM,A201,-1.411228,-48.439512,21.17
1708,2019-10-12,16:00,0.0,1008.0,1009.3,1008.0,2842,32.4,21.9,32.9,31.2,23.4,21.2,59,53,54,133,5.0,2.4,N,PA,BELEM,A201,-1.411228,-48.439512,21.17
1709,2019-10-12,20:00,0.0,1005.9,1005.9,1005.7,532,29.0,24.3,29.1,27.9,25.2,23.8,85,75,75,329,6.4,1.5,N,PA,BELEM,A201,-1.411228,-48.439512,21.17
1710,2019-10-13,00:00,0.0,1008.0,1008.1,1007.3,0,26.7,22.0,27.3,26.7,22.1,21.9,75,73,75,68,6.0,0.9,N,PA,BELEM,A201,-1.411228,-48.439512,21.17
1711,2019-10-13,04:00,0.0,1007.5,1008.1,1007.5,0,24.9,21.8,25.4,24.9,21.9,21.8,83,80,83,77,2.9,0.3,N,PA,BELEM,A201,-1.411228,-48.439512,21.17
1712,2019-10-13,08:00,0.0,1006.8,1006.8,1006.3,0,24.1,21.7,24.5,24.1,21.8,21.7,87,85,86,64,3.7,0.4,N,PA,BELEM,A201,-1.411228,-48.439512,21.17
1713,2019-10-13,12:00,0.0,1009.3,1009.3,1008.6,1739,29.6,22.5,30.2,27.7,23.7,22.4,74,64,66,78,6.1,1.5,N,PA,BELEM,A201,-1.411228,-48.439512,21.17
1714,2019-10-13,16:00,0.0,1007.6,1008.8,1007.6,2524,31.9,22.6,32.0,29.8,24.1,21.9,66,56,58,145,5.0,1.7,N,PA,BELEM,A201,-1.411228,-48.439512,21.17
1715,2019-10-13,20:00,0.0,1005.9,1005.9,1005.6,1213,30.3,24.3,31.9,30.3,24.8,22.8,70,61,70,334,4.5,0.9,N,PA,BELEM,A201,-1.411228,-48.439512,21.17
1716,2019-10-14,00:00,0.0,1008.4,1008.4,1007.5,1,25.9,23.2,26.2,25.8,24.1,23.2,89,84,85,46,3.4,0.4,N,PA,BELEM,A201,-1.411228,-48.439512,21.17
1717,2019-10-14,04:00,0.0,1007.8,1008.1,1007.8,0,24.7,22.3,25.4,24.7,22.5,22.3,87,84,87,115,2.9,0.2,N,PA,BELEM,A201,-1.411228,-48.439512,21.17
1718,2019-10-14,08:00,0.0,1007.2,1007.2,1007.0,0,23.8,22.2,24.4,23.8,22.4,22.1,90,88,90,162,2.0,0.0,N,PA,BELEM,A201,-1.411228,-48.439512,21.17
1719,2019-10-14,12:00,0.0,1009.3,1009.3,1008.8,1515,28.2,23.9,28.3,26.8,23.9,23.0,80,75,77,111,5.9,1.7,N,PA,BELEM,A201,-1.411228,-48.439512,21.17
1720,2019-10-14,16:00,0.0,1007.5,1008.5,1007.5,2240,32.0,23.1,32.1,30.2,24.1,22.5,67,59,59,127,4.2,1.2,N,PA,BELEM,A201,-1.411228,-48.439512,21.17
1721,2019-10-14,20:00,0.4,1006.5,1006.6,1006.0,1138,27.1,22.8,31.5,27.1,24.9,22.2,77,64,77,356,5.9,2.1,N,PA,BELEM,A201,-1.411228,-48.439512,21.17
1722,2019-10-15,00:00,0.0,1009.0,1009.0,1008.3,19,26.5,22.5,27.0,26.5,23.3,22.4,80,78,79,51,5.1,0.8,N,PA,BELEM,A201,-1.411228,-48.439512,21.17
1723,2019-10-15,04:00,0.0,1009.2,1010.0,1009.2,0,25.4,22.3,25.5,25.3,22.5,22.3,84,83,83,49,3.2,0.2,N,PA,BELEM,A201,-1.411228,-48.439512,21.17
1724,2019-10-15,08:00,0.0,1008.5,1008.5,1008.1,0,24.4,22.1,24.8,24.4,22.3,22.1,88,86,87,273,2.5,0.1,N,PA,BELEM,A201,-1.411228,-48.439512,21.17
1725,2019-10-15,12:00,0.0,1010.6,1010.6,1010.0,1289,29.3,23.3,29.4,27.1,23.8,22.8,79,70,70,77,5.0,1.4,N,PA,BELEM,A201,-1.411228,-48.439512,21.17
1726,2019-10-15,16:00,0.0,1008.9,1009.9,1008.9,1421,32.2,22.1,32.4,30.7,23.2,21.7,62,55,55,33,4.6,1.0,N,PA,BELEM,A201,-1.411228,-48.439512,21.17
1727,2019-10-15,20:00,0.0,1007.6,1007.7,1007.3,390,28.2,24.4,28.2,25.7,24.9,23.6,89,80,80,19,5.1,1.1,N,PA,BELEM,A201,-1.411228,-48.439512,21.17
1728,2019-10-16,00:00,0.0,1009.5,1009.5,1008.5,0,26.4,22.3,27.0,26.3,22.3,21.8,79,73,78,44,4.1,0.6,N,PA,BELEM,A201,-1.411228,-48.439512,21.17
1729,2019-10-16,04:00,0.0,1008.8,1009.7,1008.8,0,25.3,22.8,25.4,25.2,22.9,22.7,87,86,86,49,3.2,0.6,N,PA,BELEM,A201,-1.411228,-48.439512,21.17
1730,2019-10-16,08:00,0.0,1008.5,1008.5,1008.3,0,23.6,22.3,24.1,23.6,22.6,22.3,92,91,92,102,1.1,0.2,N,PA,BELEM,A201,-1.411228,-48.439512,21.17
1731,2019-10-16,12:00,0.0,1010.3,1010.3,1010.0,1528,29.4,24.2,29.4,27.0,24.4,23.3,82,72,74,15,5.0,1.0,N,PA,BELEM,A201,-1.411228,-48.439512,21.17
1732,2019-10-16,16:00,0.0,1008.8,1009.5,1008.8,1688,30.9,23.5,32.6,30.6,24.1,21.2,66,52,65,290,4.7,1.3,N,PA,BELEM,A201,-1.411228,-48.439512,21.17
1733,2019-10-16,20:00,0.0,1007.5,1007.6,1006.9,143,25.0,21.8,25.3,24.6,23.1,21.8,88,82,82,340,3.9,1.0,N,PA,BELEM,A201,-1.411228,-48.439512,21.17
1734,2019-10-17,00:00,0.0,1009.7,1009.7,1008.7,1,24.6,23.3,24.8,24.6,23.4,23.2,92,91,92,122,1.0,0.0,N,PA,BELEM,A201,-1.411228,-48.439512,21.17
1735,2019-10-17,04:00,0.0,1009.5,1009.8,1009.4,0,24.0,22.7,24.3,24.0,23.0,22.7,93,92,93,109,1.1,0.0,N,PA,BELEM,A201,-1.411228,-48.439512,21.17
1736,2019-10-17,08:00,0.0,1008.8,1009.0,1008.6,0,23.5,22.4,23.7,23.5,22.6,22.4,93,93,93,85,0.0,0.0,N,PA,BELEM,A201,-1.411228,-48.439512,21.17
1737,2019-10-17,12:00,0.0,1011.2,1011.2,1010.7,1940,29.4,23.9,29.7,27.4,24.6,23.3,83,70,72,79,5.8,1.5,N,PA,BELEM,A201,-1.411228,-48.439512,21.17
1738,2019-10-17,16:00,0.0,1009.3,1010.3,1009.3,2124,32.3,23.3,32.7,30.9,24.3,22.0,64,55,59,125,4.9,0.9,N,PA,BELEM,A201,-1.411228,-48.439512,21.17
1739,2019-10-17,20:00,33.4,1008.5,1009.6,1007.7,64,22.6,21.4,25.4,22.6,23.7,21.1,93,88,93,332,7.8,1.1,N,PA,BELEM,A201,-1.411228,-48.439512,21.17
1740,2019-10-18,00:00,0.0,1009.5,1009.5,1008.9,0,23.7,22.5,23.9,23.7,22.7,22.5,93,93,93,91,0.0,0.0,N,PA,BELEM,A201,-1.411228,-48.439512,21.17
1741,2019-10-18,04:00,0.0,1009.0,1009.5,1009.0,0,23.9,22.0,24.2,23.9,22.3,22.0,90,89,89,85,3.1,0.0,N,PA,BELEM,A201,-1.411228,-48.439512,21.17
1742,2019-10-18,08:00,0.0,1008.8,1008.9,1008.6,0,23.0,21.6,23.2,23.0,21.8,21.6,92,92,92,114,1.7,0.0,N,PA,BELEM,A201,-1.411228,-48.439512,21.17
1743,2019-10-18,12:00,0.0,1010.9,1010.9,1010.3,1799,29.1,23.0,29.3,27.4,23.8,22.9,78,69,70,79,6.8,1.9,N,PA,BELEM,A201,-1.411228,-48.439512,21.17
1744,2019-10-18,16:00,0.0,1009.9,1010.5,1009.8,2021,30.1,22.7,32.6,30.1,23.4,21.3,65,52,65,46,4.5,1.3,N,PA,BELEM,A201,-1.411228,-48.439512,21.17
1745,2019-10-18,20:00,0.0,1007.9,1008.3,1007.9,88,25.7,23.7,25.7,25.1,23.7,22.9,89,87,89,319,2.6,0.4,N,PA,BELEM,A201,-1.411228,-48.439512,21.17
1746,2019-10-19,00:00,0.0,1010.0,1010.0,1008.9,2,25.2,22.1,25.8,25.2,22.6,22.1,83,80,83,82,2.7,0.6,N,PA,BELEM,A201,-1.411228,-48.439512,21.17
1747,2019-10-19,04:00,0.0,1008.7,1009.4,1008.7,0,23.7,21.9,24.5,23.7,22.4,21.9,90,87,90,108,2.1,0.2,N,PA,BELEM,A201,-1.411228,-48.439512,21.17
1748,2019-10-19,08:00,0.0,1007.7,1007.7,1007.5,0,23.4,22.0,23.4,23.2,22.0,21.9,92,92,92,103,1.2,0.0,N,PA,BELEM,A201,-1.411228,-48.439512,21.17
1749,2019-10-19,12:00,0.0,1009.8,1009.9,1009.3,1641,28.5,23.5,29.4,27.6,24.2,22.8,78,71,74,59,5.6,1.1,N,PA,BELEM,A201,-1.411228,-48.439512,21.17
1750,2019-10-19,16:00,0.0,1008.3,1009.3,1008.3,1806,32.8,22.2,33.3,31.1,23.6,21.9,63,54,54,82,5.5,1.4,N,PA,BELEM,A201,-1.411228,-48.439512,21.17
1751,2019-10-19,20:00,9.8,1007.5,1008.0,1007.0,312,24.6,22.9,28.0,24.5,24.7,22.6,91,81,91,104,8.5,3.5,N,PA,BELEM,A201,-1.411228,-48.439512,21.17
1752,2019-10-20,00:00,0.0,1009.0,1009.0,1008.7,1,25.3,23.8,25.6,25.3,24.4,23.8,93,91,91,77,2.8,0.2,N,PA,BELEM,A201,-1.411228,-48.439512,21.17
1753,2019-10-20,04:00,0.0,1008.4,1009.2,1008.4,1,24.8,22.9,25.5,24.8,23.4,22.9,89,87,89,95,3.0,0.0,N,PA,BELEM,A201,-1.411228,-48.439512,21.17
1754,2019-10-20,08:00,0.0,1007.6,1007.6,1007.3,0,23.8,22.6,23.9,23.7,22.7,22.5,93,93,93,110,0.6,0.0,N,PA,BELEM,A201,-1.411228,-48.439512,21.17
1755,2019-10-20,12:00,0.0,1009.8,1009.8,1009.5,1771,29.4,23.4,29.5,28.2,24.6,23.1,80,70,70,29,5.1,1.6,N,PA,BELEM,A201,-1.411228,-48.439512,21.17
1756,2019-10-20,16:00,0.0,1008.2,1008.9,1008.2,1865,31.1,23.8,32.5,30.5,24.8,22.9,68,59,65,6,6.6,2.2,N,PA,BELEM,A201,-1.411228,-48.439512,21.17
1757,2019-10-20,20:00,0.0,1006.4,1006.5,1006.0,615,29.6,20.9,31.8,29.6,21.6,20.5,60,53,60,359,7.7,2.4,N,PA,BELEM,A201,-1.411228,-48.439512,21.17
1758,2019-10-21,00:00,0.0,1008.3,1008.4,1007.6,0,26.7,22.8,27.0,26.7,22.9,22.7,80,77,80,16,4.5,0.6,N,PA,BELEM,A201,-1.411228,-48.439512,21.17
1759,2019-10-21,04:00,0.0,1007.6,1008.4,1007.6,0,24.3,22.6,24.9,24.3,22.7,22.6,90,88,90,114,1.0,0.1,N,PA,BELEM,A201,-1.411228,-48.439512,21.17
1760,2019-10-21,08:00,0.0,1007.2,1007.3,1007.0,0,23.7,22.4,23.8,23.6,22.4,22.2,92,92,92,119,0.8,0.0,N,PA,BELEM,A201,-1.411228,-48.439512,21.17
1761,2019-10-21,12:00,0.0,1010.1,1010.1,1009.5,1752,30.2,22.8,30.2,27.9,24.5,22.5,77,64,65,21,4.3,0.9,N,PA,BELEM,A201,-1.411228,-48.439512,21.17
1762,2019-10-21,16:00,0.0,1007.7,1008.8,1007.7,1871,31.9,23.0,33.0,31.3,23.6,22.2,62,55,60,349,6.5,1.0,N,PA,BELEM,A201,-1.411228,-48.439512,21.17
1763,2019-10-21,20:00,0.0,1005.3,1005.6,1005.2,1451,32.0,21.0,34.5,32.0,21.6,19.4,52,42,52,11,6.0,1.8,N,PA,BELEM,A201,-1.411228,-48.439512,21.17
1764,2019-10-22,00:00,0.0,1008.3,1008.3,1006.8,0,26.8,22.9,27.5,26.8,23.4,22.9,79,78,79,74,3.4,0.7,N,PA,BELEM,A201,-1.411228,-48.439512,21.17
1765,2019-10-22,04:00,0.0,1008.1,1008.7,1008.1,0,25.2,23.0,26.0,25.2,23.1,22.9,88,84,88,154,1.7,0.0,N,PA,BELEM,A201,-1.411228,-48.439512,21.17
1766,2019-10-22,08:00,0.0,1007.7,1007.7,1007.5,0,25.6,23.2,25.8,25.1,23.4,23.1,89,86,87,91,2.1,0.3,N,PA,BELEM,A201,-1.411228,-48.439512,21.17
1767,2019-10-22,12:00,0.0,1009.7,1009.8,1009.4,1699,30.6,23.3,31.6,28.4,24.7,23.1,75,64,65,8,4.9,1.0,N,PA,BELEM,A201,-1.411228,-48.439512,21.17
1768,2019-10-22,16:00,2.0,1008.1,1008.9,1008.1,426,24.8,22.0,29.8,24.6,24.0,21.9,86,67,85,326,6.5,1.9,N,PA,BELEM,A201,-1.411228,-48.439512,21.17
1769,2019-10-22,20:00,0.0,1005.9,1006.0,1005.5,1351,30.7,23.7,32.6,30.7,24.4,22.3,66,57,66,13,5.0,1.8,N,PA,BELEM,A201,-1.411228,-48.439512,21.17
1770,2019-10-23,00:00,16.8,1009.9,1009.9,1008.4,3,23.3,22.1,23.4,23.1,22.2,21.9,93,93,93,135,3.8,1.6,N,PA,BELEM,A201,-1.411228,-48.439512,21.17
1771,2019-10-23,04:00,0.0,1008.2,1009.0,1008.2,0,23.5,22.4,23.8,23.5,22.6,22.4,93,93,93,198,1.3,0.0,N,PA,BELEM,A201,-1.411228,-48.439512,21.17
1772,2019-10-23,08:00,0.0,1007.5,1007.5,1006.9,0,22.8,21.7,23.1,22.8,22.0,21.7,94,94,94,16,1.4,0.0,N,PA,BELEM,A201,-1.411228,-48.439512,21.17
1773,2019-10-23,12:00,0.0,1009.6,1009.6,1008.7,797,25.0,23.2,25.0,24.1,23.4,23.0,93,89,90,122,3.2,1.6,N,PA,BELEM,A201,-1.411228,-48.439512,21.17
1774,2019-10-23,16:00,0.0,1008.2,1009.0,1008.2,1232,29.6,24.4,30.7,29.5,24.7,23.2,74,66,74,309,4.9,1.5,N,PA,BELEM,A201,-1.411228,-48.439512,21.17
1775,2019-10-23,20:00,0.0,1006.1,1006.2,1006.0,470,28.9,23.7,30.1,28.9,24.0,23.3,74,68,73,16,4.7,1.5,N,PA,BELEM,A201,-1.411228,-48.439512,21.17
1776,2019-10-24,00:00,0.0,1008.7,1008.7,1007.8,0,26.6,23.3,27.0,26.5,23.8,23.3,83,81,82,19,4.0,0.9,N,PA,BELEM,A201,-1.411228,-48.439512,21.17
1777,2019-10-24,04:00,0.0,1007.9,1008.3,1007.9,0,24.8,22.9,25.7,24.8,23.2,22.8,89,86,89,109,2.1,0.2,N,PA,BELEM,A201,-1.411228,-48.439512,21.17
1778,2019-10-24,08:00,0.0,1006.6,1006.6,1006.3,0,23.4,22.2,23.7,23.4,22.4,22.2,93,92,93,150,1.0,0.2,N,PA,BELEM,A201,-1.411228,-48.439512,21.17
1779,2019-10-24,12:00,0.0,1008.9,1008.9,1008.4,2255,30.6,23.6,30.8,27.9,24.5,23.0,78,65,67,58,3.9,0.7,N,PA,BELEM,A201,-1.411228,-48.439512,21.17
1780,2019-10-24,16:00,0.0,1007.3,1008.1,1007.3,2017,31.8,23.9,33.1,30.9,24.7,22.0,67,52,63,330,4.7,1.7,N,PA,BELEM,A201,-1.411228,-48.439512,21.17
1781,2019-10-24,20:00,0.0,1005.4,1005.6,1005.1,1705,32.6,23.5,33.5,32.6,23.6,22.4,59,53,59,42,4.8,0.9,N,PA,BELEM,A201,-1.411228,-48.439512,21.17
1782,2019-10-25,00:00,0.0,1007.4,1007.5,1006.9,0,27.1,21.9,27.9,27.1,21.9,21.4,73,68,73,98,4.0,0.8,N,PA,BELEM,A201,-1.411228,-48.439512,21.17
1783,2019-10-25,04:00,0.0,1007.1,1007.9,1007.1,0,25.9,23.0,26.0,25.9,23.0,22.8,84,83,84,44,3.3,0.4,N,PA,BELEM,A201,-1.411228,-48.439512,21.17
1784,2019-10-25,08:00,0.0,1006.9,1006.9,1006.6,0,24.4,22.7,25.1,24.4,23.0,22.6,90,88,90,139,1.4,0.0,N,PA,BELEM,A201,-1.411228,-48.439512,21.17
1785,2019-10-25,12:00,0.0,1010.2,1010.2,1009.4,2023,30.3,22.9,30.4,28.6,23.5,22.2,74,63,65,49,5.0,1.2,N,PA,BELEM,A201,-1.411228,-48.439512,21.17
1786,2019-10-25,16:00,0.0,1008.4,1009.1,1008.4,1668,31.4,23.5,33.7,31.3,23.5,21.4,63,50,63,324,5.1,1.0,N,PA,BELEM,A201,-1.411228,-48.439512,21.17
1787,2019-10-25,20:00,0.0,1007.4,1007.4,1006.1,904,28.2,22.8,30.7,28.2,26.7,22.8,82,71,73,81,9.3,1.8,N,PA,BELEM,A201,-1.411228,-48.439512,21.17
1788,2019-10-26,00:00,0.0,1008.7,1008.7,1007.9,0,24.9,22.6,24.9,24.4,22.7,22.3,89,87,87,78,2.9,0.2,N,PA,BELEM,A201,-1.411228,-48.439512,21.17
1789,2019-10-26,04:00,0.0,1008.3,1008.6,1008.2,0,24.4,22.4,25.0,24.4,22.6,22.4,89,87,89,113,2.2,0.2,N,PA,BELEM,A201,-1.411228,-48.439512,21.17
1790,2019-10-26,08:00,0.0,1008.6,1008.6,1008.0,0,24.4,22.5,24.7,24.4,22.9,22.4,90,88,89,6,2.0,0.2,N,PA,BELEM,A201,-1.411228,-48.439512,21.17
1791,2019-10-26,12:00,0.0,1011.1,1011.1,1010.6,1802,29.4,23.5,30.9,27.8,24.9,23.3,79,67,71,74,5.2,1.6,N,PA,BELEM,A201,-1.411228,-48.439512,21.17
1792,2019-10-26,16:00,0.0,1008.8,1009.9,1008.8,2675,32.4,22.5,33.4,31.5,23.4,20.6,60,49,56,123,5.2,2.1,N,PA,BELEM,A201,-1.411228,-48.439512,21.17
1793,2019-10-26,20:00,6.8,1006.9,1006.9,1006.5,125,27.2,24.8,30.5,26.7,25.0,23.0,89,66,86,30,6.2,0.8,N,PA,BELEM,A201,-1.411228,-48.439512,21.17
1794,2019-10-27,00:00,0.0,1010.1,1010.1,1008.6,0,26.6,22.7,27.3,26.6,22.8,22.5,79,75,79,65,4.3,0.4,N,PA,BELEM,A201,-1.411228,-48.439512,21.17
1795,2019-10-27,04:00,0.0,1009.3,1009.8,1009.3,0,25.5,22.5,25.7,25.5,22.7,22.5,84,83,84,43,2.5,0.3,N,PA,BELEM,A201,-1.411228,-48.439512,21.17
1796,2019-10-27,08:00,0.0,1008.3,1008.3,1008.1,0,23.8,22.4,24.0,23.7,22.4,22.3,92,91,92,149,1.2,0.0,N,PA,BELEM,A201,-1.411228,-48.439512,21.17
1797,2019-10-27,12:00,0.0,1010.4,1010.4,1010.1,1647,29.9,23.8,30.2,28.3,24.1,23.3,76,68,70,57,5.9,1.1,N,PA,BELEM,A201,-1.411228,-48.439512,21.17
1798,2019-10-27,16:00,0.0,1007.8,1008.9,1007.8,2977,32.4,23.4,33.5,31.7,24.3,22.4,62,55,59,118,7.2,2.8,N,PA,BELEM,A201,-1.411228,-48.439512,21.17
1799,2019-10-27,20:00,0.0,1005.9,1006.3,1005.7,801,29.2,24.3,30.3,29.0,24.8,22.5,77,64,75,325,5.5,1.0,N,PA,BELEM,A201,-1.411228,-48.439512,21.17
1800,2019-10-28,00:00,0.0,1008.2,1008.2,1007.5,0,27.2,21.9,28.3,27.2,22.2,21.8,73,69,73,75,3.3,0.7,N,PA,BELEM,A201,-1.411228,-48.439512,21.17
1801,2019-10-28,04:00,0.0,1007.3,1008.3,1007.3,0,25.4,22.4,25.7,25.4,22.4,22.3,84,82,84,43,3.7,0.6,N,PA,BELEM,A201,-1.411228,-48.439512,21.17
1802,2019-10-28,08:00,0.0,1007.0,1007.0,1006.6,0,23.7,22.0,24.3,23.6,22.1,21.9,90,87,90,99,1.2,0.2,N,PA,BELEM,A201,-1.411228,-48.439512,21.17
1803,2019-10-28,12:00,0.0,1009.6,1009.6,1009.2,1688,30.4,23.0,30.4,28.4,23.8,22.5,75,64,65,89,5.9,2.1,N,PA,BELEM,A201,-1.411228,-48.439512,21.17
1804,2019-10-28,16:00,0.0,1007.2,1008.5,1007.2,2380,33.3,22.3,33.4,31.3,22.9,20.8,58,48,52,119,5.1,1.5,N,PA,BELEM,A201,-1.411228,-48.439512,21.17
1805,2019-10-28,20:00,2.6,1005.6,1005.7,1005.3,704,27.3,23.7,31.2,27.3,24.8,23.4,81,67,81,29,6.3,1.8,N,PA,BELEM,A201,-1.411228,-48.439512,21.17
1806,2019-10-29,00:00,0.0,1007.8,1007.9,1007.1,1,24.9,23.5,25.6,24.9,24.0,23.4,92,91,92,106,3.4,0.0,N,PA,BELEM,A201,-1.411228,-48.439512,21.17
1807,2019-10-29,04:00,0.0,1006.7,1007.5,1006.7,0,25.0,22.7,25.1,24.9,22.8,22.7,88,87,87,62,3.9,0.4,N,PA,BELEM,A201,-1.411228,-48.439512,21.17
1808,2019-10-29,08:00,0.0,1006.0,1006.0,1005.8,0,23.4,22.1,23.7,23.4,22.3,22.1,92,92,92,101,0.3,0.0,N,PA,BELEM,A201,-1.411228,-48.439512,21.17
1809,2019-10-29,12:00,0.0,1009.2,1009.2,1008.5,1421,29.0,22.4,29.3,27.2,23.8,22.2,81,67,68,70,5.1,1.5,N,PA,BELEM,A201,-1.411228,-48.439512,21.17
1810,2019-10-29,16:00,0.0,1007.2,1008.0,1007.2,1705,31.8,22.3,32.3,30.2,22.9,21.5,62,55,57,52,4.1,0.9,N,PA,BELEM,A201,-1.411228,-48.439512,21.17
1811,2019-10-29,20:00,0.2,1005.4,1005.6,1005.1,650,27.9,24.2,31.2,27.9,24.7,23.4,82,64,81,36,5.1,0.8,N,PA,BELEM,A201,-1.411228,-48.439512,21.17
1812,2019-10-30,00:00,0.0,1007.3,1007.3,1006.8,0,25.5,22.5,25.5,25.3,22.8,22.4,86,83,84,30,2.1,0.2,N,PA,BELEM,A201,-1.411228,-48.439512,21.17
1813,2019-10-30,04:00,0.0,1006.6,1007.2,1006.6,0,25.3,22.3,25.5,25.2,22.4,22.3,84,83,83,153,3.1,0.4,N,PA,BELEM,A201,-1.411228,-48.439512,21.17
1814,2019-10-30,08:00,0.0,1005.9,1005.9,1005.6,0,23.2,21.9,23.5,23.2,22.1,21.9,92,92,92,117,0.0,0.0,N,PA,BELEM,A201,-1.411228,-48.439512,21.17
1815,2019-10-30,12:00,0.0,1008.4,1008.4,1007.8,1585,29.3,22.9,29.4,27.5,23.8,22.8,78,68,68,92,5.1,2.0,N,PA,BELEM,A201,-1.411228,-48.439512,21.17
1816,2019-10-30,16:00,0.0,1007.3,1008.2,1007.2,1800,30.9,22.5,31.3,29.8,23.8,21.8,66,58,61,131,4.7,1.9,N,PA,BELEM,A201,-1.411228,-48.439512,21.17
1817,2019-10-30,20:00,0.4,1006.6,1006.9,1005.7,647,25.6,22.9,31.5,25.5,24.6,21.9,85,64,85,52,7.8,1.0,N,PA,BELEM,A201,-1.411228,-48.439512,21.17
1818,2019-10-31,00:00,0.0,1008.8,1008.8,1007.8,4,25.3,22.9,25.4,24.9,23.1,22.8,89,86,87,47,3.1,0.4,N,PA,BELEM,A201,-1.411228,-48.439512,21.17
1819,2019-10-31,04:00,0.0,1008.4,1009.0,1008.4,0,24.7,22.6,25.2,24.7,22.8,22.5,88,86,88,54,2.2,0.2,N,PA,BELEM,A201,-1.411228,-48.439512,21.17
1820,2019-10-31,08:00,0.0,1007.8,1007.8,1007.6,0,23.7,22.1,24.2,23.7,22.4,22.1,91,90,91,133,1.6,0.0,N,PA,BELEM,A201,-1.411228,-48.439512,21.17
1821,2019-10-31,12:00,0.0,1010.1,1010.1,1009.4,1732,29.9,24.1,30.0,28.0,24.7,23.0,77,69,71,81,5.0,0.9,N,PA,BELEM,A201,-1.411228,-48.439512,21.17
1822,2019-10-31,16:00,0.0,1008.6,1009.3,1008.6,1587,30.5,23.7,32.5,30.4,23.9,21.3,68,53,67,306,4.0,1.2,N,PA,BELEM,A201,-1.411228,-48.439512,21.17
1823,2019-10-31,20:00,0.0,1006.7,1006.7,1006.4,653,29.4,23.0,31.7,29.4,24.1,22.7,69,62,68,2,6.1,2.4,N,PA,BELEM,A201,-1.411228,-48.439512,21.17
1824,2019-11-01,00:00,0.0,1008.3,1008.3,1007.8,0,26.6,22.3,27.5,26.6,22.3,21.9,77,72,77,54,5.2,0.9,N,PA,BELEM,A201,-1.411228,-48.439512,21.17
1825,2019-11-01,04:00,0.0,1008.3,1009.1,1008.3,0,24.7,22.4,25.0,24.7,22.4,22.3,87,85,87,80,2.7,0.5,N,PA,BELEM,A201,-1.411228,-48.439512,21.17
1826,2019-11-01,08:00,0.0,1008.4,1008.4,1008.1,0,23.9,22.1,24.1,23.8,22.2,22.0,90,89,90,68,1.7,0.1,N,PA,BELEM,A201,-1.411228,-48.439512,21.17
1827,2019-11-01,12:00,0.0,1010.6,1010.6,1009.9,1810,29.4,23.2,29.4,27.4,23.5,22.3,77,69,69,110,5.1,1.1,N,PA,BELEM,A201,-1.411228,-48.439512,21.17
1828,2019-11-01,16:00,0.0,1008.5,1009.6,1008.5,2616,33.2,20.9,33.8,31.7,23.5,20.7,57,48,49,72,5.8,1.2,N,PA,BELEM,A201,-1.411228,-48.439512,21.17
1829,2019-11-01,20:00,9.6,1006.6,1007.3,1006.6,545,25.7,23.4,32.3,25.3,24.1,20.3,88,57,87,290,6.2,0.7,N,PA,BELEM,A201,-1.411228,-48.439512,21.17
1830,2019-11-02,00:00,0.0,1007.9,1007.9,1007.4,5,26.1,22.9,26.5,26.1,23.5,22.9,84,81,83,26,3.8,0.5,N,PA,BELEM,A201,-1.411228,-48.439512,21.17
1831,2019-11-02,04:00,0.0,1006.8,1007.5,1006.8,0,25.3,23.0,25.5,25.2,23.0,22.9,87,86,87,43,3.2,0.6,N,PA,BELEM,A201,-1.411228,-48.439512,21.17
1832,2019-11-02,08:00,0.0,1006.3,1006.5,1006.3,0,23.7,22.3,24.0,23.7,22.6,22.3,92,91,92,130,1.6,0.0,N,PA,BELEM,A201,-1.411228,-48.439512,21.17
1833,2019-11-02,12:00,0.0,1009.0,1009.0,1008.8,1710,29.6,23.7,29.6,28.3,24.3,23.3,77,71,71,30,3.8,0.8,N,PA,BELEM,A201,-1.411228,-48.439512,21.17
1834,2019-11-02,16:00,0.0,1007.0,1007.7,1007.0,1123,30.9,23.0,32.4,30.7,24.0,21.3,67,54,63,359,5.6,1.8,N,PA,BELEM,A201,-1.411228,-48.439512,21.17
1835,2019-11-02,20:00,0.0,1005.0,1005.0,1004.7,764,30.4,22.8,32.8,30.4,23.4,22.2,65,55,64,19,5.5,1.7,N,PA,BELEM,A201,-1.411228,-48.439512,21.17
1836,2019-11-03,00:00,0.0,1007.6,1007.6,1007.0,0,27.2,22.7,27.7,27.2,22.8,22.7,76,74,76,59,5.8,1.2,N,PA,BELEM,A201,-1.411228,-48.439512,21.17
1837,2019-11-03,04:00,0.0,1006.8,1007.3,1006.8,0,25.6,22.6,26.0,25.6,22.6,22.5,83,81,83,68,3.1,0.5,N,PA,BELEM,A201,-1.411228,-48.439512,21.17
1838,2019-11-03,08:00,0.0,1006.5,1006.5,1005.7,0,24.9,22.4,25.1,24.8,22.6,22.4,87,86,86,32,2.6,0.2,N,PA,BELEM,A201,-1.411228,-48.439512,21.17
1839,2019-11-03,12:00,0.0,1008.8,1008.8,1008.4,1778,30.6,23.3,30.6,28.0,23.7,22.5,74,65,65,60,4.1,1.2,N,PA,BELEM,A201,-1.411228,-48.439512,21.17
1840,2019-11-03,16:00,0.0,1006.9,1007.6,1006.7,2143,31.1,23.8,32.1,31.0,24.7,21.8,67,57,65,354,5.7,2.0,N,PA,BELEM,A201,-1.411228,-48.439512,21.17
1841,2019-11-03,20:00,0.0,1005.5,1005.5,1004.9,1157,28.7,24.0,30.2,28.7,24.4,22.9,76,67,76,27,7.8,1.5,N,PA,BELEM,A201,-1.411228,-48.439512,21.17
1842,2019-11-04,00:00,0.0,1008.4,1008.5,1007.4,2,25.3,22.0,25.3,24.9,22.0,21.2,82,80,82,79,3.0,0.9,N,PA,BELEM,A201,-1.411228,-48.439512,21.17
1843,2019-11-04,04:00,0.0,1007.3,1008.3,1007.3,0,24.3,22.6,24.6,24.3,22.9,22.6,90,90,90,168,0.7,0.0,N,PA,BELEM,A201,-1.411228,-48.439512,21.17
1844,2019-11-04,08:00,0.0,1006.8,1006.8,1006.4,0,24.2,22.7,24.3,23.9,22.8,22.5,92,90,92,100,1.9,0.4,N,PA,BELEM,A201,-1.411228,-48.439512,21.17
1845,2019-11-04,12:00,0.0,1008.9,1008.9,1008.5,1695,29.7,23.9,29.7,28.5,24.1,23.2,75,70,71,94,6.0,2.0,N,PA,BELEM,A201,-1.411228,-48.439512,21.17
1846,2019-11-04,16:00,0.0,1006.9,1008.2,1006.9,3117,32.9,22.9,33.0,31.5,23.9,21.9,63,54,56,96,5.8,1.7,N,PA,BELEM,A201,-1.411228,-48.439512,21.17
1847,2019-11-04,20:00,0.6,1005.6,1005.6,1005.2,338,29.1,24.8,29.1,26.3,25.1,22.8,87,72,77,13,9.6,1.3,N,PA,BELEM,A201,-1.411228,-48.439512,21.17
1848,2019-11-05,00:00,0.0,1008.2,1008.3,1007.7,0,26.8,22.4,27.3,26.8,23.0,22.4,79,77,77,71,3.5,0.8,N,PA,BELEM,A201,-1.411228,-48.439512,21.17
1849,2019-11-05,04:00,0.0,1006.8,1007.4,1006.8,0,24.5,22.0,25.0,24.5,22.1,22.0,86,84,86,66,4.2,0.2,N,PA,BELEM,A201,-1.411228,-48.439512,21.17
1850,2019-11-05,08:00,0.0,1006.8,1006.8,1006.5,0,23.3,21.7,23.5,23.3,21.9,21.7,91,90,90,90,2.0,0.3,N,PA,BELEM,A201,-1.411228,-48.439512,21.17
1851,2019-11-05,12:00,0.0,1010.1,1010.2,1009.3,1901,30.0,23.0,30.3,27.8,24.0,22.8,77,66,66,72,6.4,1.5,N,PA,BELEM,A201,-1.411228,-48.439512,21.17
1852,2019-11-05,16:00,0.0,1007.9,1008.9,1007.9,2095,32.8,22.2,33.8,31.9,23.0,20.8,56,49,54,56,5.9,1.1,N,PA,BELEM,A201,-1.411228,-48.439512,21.17
1853,2019-11-05,20:00,0.0,1006.3,1006.4,1006.3,712,30.5,23.4,31.9,30.4,24.1,23.2,66,61,66,360,5.6,1.6,N,PA,BELEM,A201,-1.411228,-48.439512,21.17
1854,2019-11-06,00:00,0.0,1008.0,1008.0,1007.3,0,27.6,22.2,28.2,27.5,22.4,22.1,73,70,73,58,4.9,0.8,N,PA,BELEM,A201,-1.411228,-48.439512,21.17
1855,2019-11-06,04:00,0.0,1006.5,1007.4,1006.5,0,25.5,22.9,25.7,25.5,22.9,22.8,85,84,85,63,3.9,0.4,N,PA,BELEM,A201,-1.411228,-48.439512,21.17
1856,2019-11-06,08:00,0.0,1006.7,1006.7,1006.3,0,24.5,22.5,24.8,24.5,22.8,22.5,89,88,89,52,1.9,0.1,N,PA,BELEM,A201,-1.411228,-48.439512,21.17
1857,2019-11-06,12:00,0.0,1009.7,1009.7,1009.0,1896,30.7,22.8,30.7,28.3,23.5,22.0,73,61,63,50,5.8,1.1,N,PA,BELEM,A201,-1.411228,-48.439512,21.17
1858,2019-11-06,16:00,0.0,1007.9,1008.9,1007.9,2363,32.9,21.8,33.5,31.4,23.4,21.5,60,51,52,99,4.3,1.2,N,PA,BELEM,A201,-1.411228,-48.439512,21.17
1859,2019-11-06,20:00,0.0,1005.6,1006.1,1005.6,976,29.9,23.5,30.4,28.4,25.2,23.5,80,69,69,348,5.8,2.2,N,PA,BELEM,A201,-1.411228,-48.439512,21.17
1860,2019-11-07,00:00,0.0,1008.1,1008.1,1007.1,9,26.8,22.7,27.0,26.7,22.7,22.5,79,76,78,63,3.9,0.6,N,PA,BELEM,A201,-1.411228,-48.439512,21.17
1861,2019-11-07,04:00,0.0,1006.5,1006.8,1006.5,0,25.4,22.9,25.7,25.4,22.9,22.8,86,85,86,52,2.7,0.2,N,PA,BELEM,A201,-1.411228,-48.439512,21.17
1862,2019-11-07,08:00,0.0,1005.7,1005.7,1005.2,0,24.3,22.6,24.7,24.3,22.8,22.6,90,89,90,147,2.0,0.5,N,PA,BELEM,A201,-1.411228,-48.439512,21.17
1863,2019-11-07,12:00,0.0,1008.0,1008.1,1007.6,1855,30.5,23.4,30.5,28.7,24.4,22.9,76,66,66,84,4.7,1.7,N,PA,BELEM,A201,-1.411228,-48.439512,21.17
1864,2019-11-07,16:00,0.0,1006.3,1007.1,1006.3,2616,31.7,22.5,32.5,31.0,24.3,22.2,65,56,58,134,4.6,1.4,N,PA,BELEM,A201,-1.411228,-48.439512,21.17
1865,2019-11-07,20:00,0.0,1004.5,1004.5,1004.3,775,30.2,23.8,31.5,30.2,24.3,23.3,69,63,69,353,5.4,1.3,N,PA,BELEM,A201,-1.411228,-48.439512,21.17
1866,2019-11-08,00:00,0.0,1006.8,1006.8,1006.0,1,24.1,22.8,24.4,23.9,22.9,22.6,93,92,93,149,2.0,0.9,N,PA,BELEM,A201,-1.411228,-48.439512,21.17
1867,2019-11-08,04:00,0.0,1005.6,1006.3,1005.6,0,24.4,23.2,24.4,24.3,23.2,23.1,93,93,93,79,1.6,0.0,N,PA,BELEM,A201,-1.411228,-48.439512,21.17
1868,2019-11-08,08:00,0.2,1005.2,1005.2,1004.7,0,24.3,23.0,24.6,24.2,23.3,22.9,93,92,93,134,0.6,0.0,N,PA,BELEM,A201,-1.411228,-48.439512,21.17
1869,2019-11-08,12:00,0.0,1008.1,1008.1,1007.6,1189,29.0,23.9,29.6,28.0,24.8,23.7,80,73,74,81,5.9,0.9,N,PA,BELEM,A201,-1.411228,-48.439512,21.17
1870,2019-11-08,16:00,0.0,1006.0,1007.0,1006.0,1699,31.0,23.1,32.4,31.0,24.5,22.0,67,58,63,354,5.3,2.0,N,PA,BELEM,A201,-1.411228,-48.439512,21.17
1871,2019-11-08,20:00,0.0,1004.5,1004.8,1004.3,602,25.0,22.3,27.0,24.9,25.5,21.9,93,83,85,80,8.8,0.6,N,PA,BELEM,A201,-1.411228,-48.439512,21.17
1872,2019-11-09,00:00,0.0,1006.7,1006.7,1005.8,0,25.3,23.3,25.3,24.9,23.3,22.7,89,88,89,30,2.6,0.5,N,PA,BELEM,A201,-1.411228,-48.439512,21.17
1873,2019-11-09,04:00,0.0,1006.1,1006.5,1006.1,0,25.2,23.4,25.3,25.1,23.4,23.3,90,89,90,210,2.2,0.0,N,PA,BELEM,A201,-1.411228,-48.439512,21.17
1874,2019-11-09,08:00,0.0,1006.0,1006.0,1005.3,0,24.1,22.8,24.3,24.1,23.0,22.7,92,92,92,111,1.5,0.1,N,PA,BELEM,A201,-1.411228,-48.439512,21.17
1875,2019-11-09,12:00,0.0,1009.1,1009.1,1008.8,1481,29.9,24.4,30.5,28.1,25.6,24.0,81,71,72,81,5.1,1.2,N,PA,BELEM,A201,-1.411228,-48.439512,21.17
1876,2019-11-09,16:00,0.0,1006.7,1007.8,1006.7,2400,32.0,23.8,32.3,31.0,25.3,22.6,67,60,62,138,4.3,2.4,N,PA,BELEM,A201,-1.411228,-48.439512,21.17
1877,2019-11-09,20:00,1.8,1005.5,1006.2,1005.4,91,24.8,23.3,26.2,24.3,24.6,22.4,91,89,91,320,6.7,0.5,N,PA,BELEM,A201,-1.411228,-48.439512,21.17
1878,2019-11-10,00:00,0.0,1007.3,1007.3,1006.5,0,24.8,23.2,25.0,24.6,23.6,23.2,93,91,91,41,2.8,0.4,N,PA,BELEM,A201,-1.411228,-48.439512,21.17
1879,2019-11-10,04:00,0.2,1006.1,1007.3,1006.1,0,24.0,22.7,24.1,23.8,22.7,22.4,92,92,92,103,1.3,0.0,N,PA,BELEM,A201,-1.411228,-48.439512,21.17
1880,2019-11-10,08:00,0.0,1005.9,1005.9,1005.3,0,23.4,22.1,23.6,23.4,22.3,22.1,93,93,93,87,1.2,0.1,N,PA,BELEM,A201,-1.411228,-48.439512,21.17
1881,2019-11-10,12:00,0.0,1009.4,1009.4,1008.5,1679,29.1,23.5,30.5,27.7,25.2,23.3,80,69,72,96,4.9,1.7,N,PA,BELEM,A201,-1.411228,-48.439512,21.17
1882,2019-11-10,16:00,0.0,1007.1,1008.1,1007.1,2761,32.4,22.2,33.4,31.2,24.0,22.1,63,54,55,117,4.6,2.3,N,PA,BELEM,A201,-1.411228,-48.439512,21.17
1883,2019-11-10,20:00,0.0,1006.3,1006.4,1005.9,462,27.1,24.1,27.5,26.0,24.7,23.9,90,83,84,92,3.8,1.3,N,PA,BELEM,A201,-1.411228,-48.439512,21.17
1884,2019-11-11,00:00,0.0,1007.3,1007.3,1006.9,1,26.2,24.0,26.3,26.1,24.7,24.0,92,88,88,49,3.8,0.4,N,PA,BELEM,A201,-1.411228,-48.439512,21.17
1885,2019-11-11,04:00,0.0,1006.4,1006.9,1006.4,0,24.5,23.0,24.9,24.5,23.2,22.9,91,90,91,126,1.6,0.0,N,PA,BELEM,A201,-1.411228,-48.439512,21.17
1886,2019-11-11,08:00,0.0,1006.2,1006.2,1005.4,0,23.9,22.6,24.0,23.8,22.7,22.5,93,93,93,87,1.4,0.1,N,PA,BELEM,A201,-1.411228,-48.439512,21.17
1887,2019-11-11,12:00,0.0,1008.5,1008.5,1008.0,1526,29.4,24.1,29.7,28.1,24.5,23.6,80,71,73,79,4.4,1.1,N,PA,BELEM,A201,-1.411228,-48.439512,21.17
1888,2019-11-11,16:00,0.0,1006.4,1007.2,1006.4,2672,32.1,21.7,32.7,30.4,24.5,21.7,69,54,54,127,3.9,1.7,N,PA,BELEM,A201,-1.411228,-48.439512,21.17
1889,2019-11-11,20:00,0.2,1004.1,1004.3,1004.1,327,28.8,24.0,29.7,28.8,24.8,23.9,79,72,75,9,4.8,1.4,N,PA,BELEM,A201,-1.411228,-48.439512,21.17
1890,2019-11-12,00:00,0.0,1006.4,1006.4,1005.8,0,26.8,22.6,27.1,26.8,22.7,22.3,78,75,78,34,3.8,0.6,N,PA,BELEM,A201,-1.411228,-48.439512,21.17
1891,2019-11-12,04:00,0.0,1006.0,1006.5,1006.0,0,25.4,22.8,25.8,25.4,22.9,22.8,85,83,85,16,4.1,0.4,N,PA,BELEM,A201,-1.411228,-48.439512,21.17
1892,2019-11-12,08:00,0.0,1005.3,1005.4,1005.1,0,23.9,22.6,24.1,23.9,22.7,22.6,92,92,92,90,0.4,0.0,N,PA,BELEM,A201,-1.411228,-48.439512,21.17
1893,2019-11-12,12:00,0.0,1008.0,1008.0,1007.5,1526,29.2,23.2,30.1,28.3,23.8,22.8,75,67,70,81,5.8,1.2,N,PA,BELEM,A201,-1.411228,-48.439512,21.17
1894,2019-11-12,16:00,0.0,1006.4,1007.5,1006.4,1440,31.1,21.9,32.4,30.9,23.7,21.5,63,54,58,84,4.6,0.8,N,PA,BELEM,A201,-1.411228,-48.439512,21.17
1895,2019-11-12,20:00,0.0,1004.0,1004.2,1004.0,658,30.4,23.3,30.8,29.5,24.2,23.0,71,65,66,14,5.3,1.4,N,PA,BELEM,A201,-1.411228,-48.439512,21.17
1896,2019-11-13,00:00,0.0,1007.1,1007.1,1006.4,0,27.2,21.9,27.7,27.2,22.0,21.6,73,70,73,30,4.6,0.9,N,PA,BELEM,A201,-1.411228,-48.439512,21.17
1897,2019-11-13,04:00,0.0,1006.5,1007.2,1006.5,0,25.2,22.6,25.8,25.0,22.7,22.4,86,83,85,100,2.0,0.4,N,PA,BELEM,A201,-1.411228,-48.439512,21.17
1898,2019-11-13,08:00,0.0,1005.7,1005.8,1005.4,0,24.6,22.4,25.2,24.6,22.5,22.3,88,85,88,118,1.9,0.4,N,PA,BELEM,A201,-1.411228,-48.439512,21.17
1899,2019-11-13,12:00,0.0,1008.4,1008.4,1007.5,1888,30.3,23.0,30.5,28.6,23.6,22.6,73,64,65,89,5.6,2.0,N,PA,BELEM,A201,-1.411228,-48.439512,21.17
1900,2019-11-13,16:00,0.0,1006.8,1007.8,1006.8,2187,32.5,22.0,33.3,31.6,23.1,21.1,59,51,54,81,5.1,1.7,N,PA,BELEM,A201,-1.411228,-48.439512,21.17
1901,2019-11-13,20:00,0.0,1005.3,1005.4,1004.8,506,27.2,24.0,27.8,26.4,25.3,23.6,89,80,82,23,4.2,1.2,N,PA,BELEM,A201,-1.411228,-48.439512,21.17
1902,2019-11-14,00:00,0.0,1007.3,1007.3,1006.9,0,24.6,23.4,24.7,24.4,23.4,23.1,93,92,93,51,1.2,0.1,N,PA,BELEM,A201,-1.411228,-48.439512,21.17
1903,2019-11-14,04:00,0.0,1006.9,1007.9,1006.9,0,24.6,22.6,24.6,24.4,22.7,22.5,90,88,88,51,2.6,0.2,N,PA,BELEM,A201,-1.411228,-48.439512,21.17
1904,2019-11-14,08:00,0.0,1006.2,1006.2,1005.8,0,23.6,22.2,24.1,23.6,22.4,22.2,92,90,92,141,1.1,0.3,N,PA,BELEM,A201,-1.411228,-48.439512,21.17
1905,2019-11-14,12:00,0.0,1009.2,1009.2,1008.4,1605,29.6,24.1,29.6,28.1,24.4,22.8,77,68,72,74,4.8,0.8,N,PA,BELEM,A201,-1.411228,-48.439512,21.17
1906,2019-11-14,16:00,0.0,1007.7,1008.6,1007.7,2594,31.8,22.7,34.5,31.7,24.3,22.0,63,50,59,132,4.0,1.4,N,PA,BELEM,A201,-1.411228,-48.439512,21.17
1907,2019-11-14,20:00,4.2,1005.8,1006.7,1005.8,770,28.2,25.1,28.2,26.2,25.3,23.6,89,83,83,326,3.8,1.0,N,PA,BELEM,A201,-1.411228,-48.439512,21.17
1908,2019-11-15,00:00,0.0,1008.4,1008.4,1007.6,0,26.2,21.9,26.4,25.8,23.7,21.9,88,77,77,94,2.4,0.2,N,PA,BELEM,A201,-1.411228,-48.439512,21.17
1909,2019-11-15,04:00,0.0,1007.5,1008.1,1007.5,0,25.0,22.3,25.3,25.0,22.5,22.3,85,84,85,99,2.1,0.3,N,PA,BELEM,A201,-1.411228,-48.439512,21.17
1910,2019-11-15,08:00,0.0,1006.9,1006.9,1006.6,0,24.3,22.7,24.3,24.1,22.7,22.5,91,90,91,78,1.1,0.0,N,PA,BELEM,A201,-1.411228,-48.439512,21.17
1911,2019-11-15,12:00,0.0,1009.1,1009.2,1008.7,1777,30.0,22.9,30.1,28.1,24.0,22.9,76,66,66,82,5.6,1.7,N,PA,BELEM,A201,-1.411228,-48.439512,21.17
1912,2019-11-15,16:00,0.0,1006.5,1007.6,1006.5,3469,33.8,22.9,34.1,32.7,23.7,21.5,58,49,53,87,4.7,1.3,N,PA,BELEM,A201,-1.411228,-48.439512,21.17
1913,2019-11-15,20:00,0.0,1004.1,1004.5,1004.1,1089,30.6,24.1,31.6,30.5,24.6,23.5,68,64,68,340,5.5,1.6,N,PA,BELEM,A201,-1.411228,-48.439512,21.17
1914,2019-11-16,00:00,0.0,1005.9,1005.9,1005.3,1,27.6,22.4,28.3,27.6,22.6,22.3,74,71,73,50,5.0,0.8,N,PA,BELEM,A201,-1.411228,-48.439512,21.17
1915,2019-11-16,04:00,0.0,1005.0,1005.6,1005.0,0,25.5,22.4,26.0,25.5,22.4,22.2,83,80,83,84,2.8,0.4,N,PA,BELEM,A201,-1.411228,-48.439512,21.17
1916,2019-11-16,08:00,0.0,1005.1,1005.1,1004.6,0,25.4,22.4,25.4,25.2,22.5,22.3,85,83,83,70,2.2,0.2,N,PA,BELEM,A201,-1.411228,-48.439512,21.17
1917,2019-11-16,12:00,0.0,1006.7,1006.8,1006.6,1473,29.7,23.2,29.8,27.6,23.8,22.8,77,68,68,57,6.2,1.0,N,PA,BELEM,A201,-1.411228,-48.439512,21.17
1918,2019-11-16,16:00,0.0,1005.3,1006.0,1005.3,1110,31.7,23.3,32.2,30.7,23.3,21.6,64,55,61,359,4.9,1.4,N,PA,BELEM,A201,-1.411228,-48.439512,21.17
1919,2019-11-16,20:00,13.8,1003.8,1003.9,1003.1,457,24.6,22.7,26.8,24.0,24.8,22.0,90,83,89,28,7.3,1.5,N,PA,BELEM,A201,-1.411228,-48.439512,21.17
1920,2019-11-17,00:00,0.0,1005.8,1005.8,1004.7,1,25.1,22.6,25.1,24.6,22.7,22.1,86,85,86,30,3.5,0.8,N,PA,BELEM,A201,-1.411228,-48.439512,21.17
1921,2019-11-17,04:00,0.0,1004.6,1005.3,1004.6,0,24.9,22.7,25.2,24.8,22.7,22.5,87,86,87,51,2.2,0.4,N,PA,BELEM,A201,-1.411228,-48.439512,21.17
1922,2019-11-17,08:00,0.0,1004.9,1004.9,1004.2,0,23.8,22.3,24.1,23.8,22.5,22.3,92,90,92,141,1.3,0.0,N,PA,BELEM,A201,-1.411228,-48.439512,21.17
1923,2019-11-17,12:00,0.0,1007.0,1007.0,1006.4,1893,30.1,23.1,30.5,28.1,24.3,23.1,77,66,66,61,5.5,1.4,N,PA,BELEM,A201,-1.411228,-48.439512,21.17
1924,2019-11-17,16:00,0.0,1005.8,1006.7,1005.8,2636,32.3,24.6,32.8,31.4,25.8,21.9,69,54,64,304,4.3,1.6,N,PA,BELEM,A201,-1.411228,-48.439512,21.17
1925,2019-11-17,20:00,0.0,1004.5,1004.5,1003.7,424,28.1,23.2,30.7,28.1,24.6,23.1,75,68,75,3,4.2,0.8,N,PA,BELEM,A201,-1.411228,-48.439512,21.17
1926,2019-11-18,00:00,0.0,1007.0,1007.0,1006.3,0,25.4,23.4,25.7,25.4,23.4,23.2,89,87,89,157,1.2,0.0,N,PA,BELEM,A201,-1.411228,-48.439512,21.17
1927,2019-11-18,04:00,0.0,1006.2,1007.0,1006.2,0,25.5,22.9,25.6,25.4,23.2,22.9,87,85,86,71,2.5,0.4,N,PA,BELEM,A201,-1.411228,-48.439512,21.17
1928,2019-11-18,08:00,0.0,1006.8,1006.8,1006.4,0,24.4,22.9,24.7,24.4,22.9,22.7,91,89,91,140,1.0,0.0,N,PA,BELEM,A201,-1.411228,-48.439512,21.17
1929,2019-11-18,12:00,0.0,1009.1,1009.1,1008.8,1066,28.6,23.9,28.6,26.2,24.5,23.1,85,75,76,52,4.2,0.7,N,PA,BELEM,A201,-1.411228,-48.439512,21.17
1930,2019-11-18,16:00,0.0,1007.4,1008.5,1007.4,2940,31.9,22.7,33.0,31.6,23.7,21.4,60,54,58,103,6.5,1.8,N,PA,BELEM,A201,-1.411228,-48.439512,21.17
1931,2019-11-18,20:00,0.0,1005.9,1006.0,1005.7,1026,28.8,24.1,29.4,26.6,24.6,23.4,87,73,76,321,3.9,1.1,N,PA,BELEM,A201,-1.411228,-48.439512,21.17
1932,2019-11-19,00:00,0.0,1008.5,1008.5,1007.3,0,27.2,23.1,27.4,27.1,23.4,22.9,79,77,78,66,4.9,0.6,N,PA,BELEM,A201,-1.411228,-48.439512,21.17
1933,2019-11-19,04:00,0.0,1007.8,1008.2,1007.8,0,25.6,23.2,26.0,25.6,23.3,23.2,87,85,87,162,2.8,0.3,N,PA,BELEM,A201,-1.411228,-48.439512,21.17
1934,2019-11-19,08:00,0.0,1007.0,1007.0,1006.4,0,24.3,22.9,24.7,24.3,23.0,22.8,91,90,91,94,1.7,0.3,N,PA,BELEM,A201,-1.411228,-48.439512,21.17
1935,2019-11-19,12:00,0.0,1009.5,1009.5,1009.3,1821,30.7,24.7,31.0,27.9,25.1,23.5,80,67,71,75,4.2,1.1,N,PA,BELEM,A201,-1.411228,-48.439512,21.17
1936,2019-11-19,16:00,0.0,1007.4,1008.5,1007.4,3033,32.3,21.9,33.6,31.6,23.8,21.8,60,52,54,91,6.7,1.8,N,PA,BELEM,A201,-1.411228,-48.439512,21.17
1937,2019-11-19,20:00,0.0,1005.9,1006.2,1005.9,477,28.4,25.2,29.0,28.2,25.9,24.7,86,79,83,26,2.2,0.3,N,PA,BELEM,A201,-1.411228,-48.439512,21.17
1938,2019-11-20,00:00,0.0,1008.8,1008.8,1007.9,6,25.3,23.0,25.5,25.3,23.4,23.0,88,87,87,93,3.6,0.6,N,PA,BELEM,A201,-1.411228,-48.439512,21.17
1939,2019-11-20,04:00,0.0,1007.7,1008.1,1007.6,0,23.8,21.9,24.3,23.7,21.9,21.7,90,86,90,141,2.3,0.2,N,PA,BELEM,A201,-1.411228,-48.439512,21.17
1940,2019-11-20,08:00,0.0,1007.4,1007.4,1007.0,0,23.8,22.4,23.9,23.4,22.5,22.1,92,92,92,81,1.6,0.0,N,PA,BELEM,A201,-1.411228,-48.439512,21.17
1941,2019-11-20,12:00,0.0,1008.8,1008.9,1008.6,1139,28.4,24.1,28.5,27.3,24.3,23.4,81,75,78,126,3.3,1.7,N,PA,BELEM,A201,-1.411228,-48.439512,21.17
1942,2019-11-20,16:00,0.0,1006.9,1007.9,1006.9,3473,32.0,22.8,32.7,31.4,24.4,22.6,64,57,58,125,4.6,1.6,N,PA,BELEM,A201,-1.411228,-48.439512,21.17
1943,2019-11-20,20:00,0.0,1004.8,1004.8,1004.6,250,28.3,24.8,30.8,27.5,24.9,23.3,82,69,81,349,4.9,1.0,N,PA,BELEM,A201,-1.411228,-48.439512,21.17
1944,2019-11-21,00:00,0.0,1007.0,1007.1,1006.3,0,26.7,22.3,27.0,26.6,22.4,22.2,77,75,77,38,3.8,0.5,N,PA,BELEM,A201,-1.411228,-48.439512,21.17
1945,2019-11-21,04:00,0.0,1007.0,1007.3,1007.0,0,25.6,22.7,25.8,25.6,22.8,22.7,84,83,84,263,2.4,0.2,N,PA,BELEM,A201,-1.411228,-48.439512,21.17
1946,2019-11-21,08:00,0.2,1007.3,1007.4,1007.1,0,24.9,23.3,25.4,24.9,23.3,23.0,91,87,91,119,3.0,0.6,N,PA,BELEM,A201,-1.411228,-48.439512,21.17
1947,2019-11-21,12:00,0.0,1010.8,1010.8,1009.6,142,24.1,22.0,25.2,24.0,23.7,22.0,91,88,88,197,4.7,0.9,N,PA,BELEM,A201,-1.411228,-48.439512,21.17
1948,2019-11-21,16:00,0.0,1007.9,1008.8,1007.9,2129,28.4,23.9,28.4,25.5,24.1,21.9,88,72,77,243,3.3,0.5,N,PA,BELEM,A201,-1.411228,-48.439512,21.17
1949,2019-11-21,20:00,0.0,1006.0,1006.3,1006.0,487,26.6,22.9,27.3,26.6,23.5,22.7,81,78,80,352,3.9,0.5,N,PA,BELEM,A201,-1.411228,-48.439512,21.17
1950,2019-11-22,00:00,0.0,1008.3,1008.3,1007.2,0,24.9,22.7,25.1,24.9,22.9,22.7,88,87,88,26,2.7,0.1,N,PA,BELEM,A201,-1.411228,-48.439512,21.17
1951,2019-11-22,04:00,0.0,1008.0,1008.4,1008.0,0,24.4,22.7,24.4,24.2,22.8,22.6,91,90,90,102,3.4,1.2,N,PA,BELEM,A201,-1.411228,-48.439512,21.17
1952,2019-11-22,08:00,0.0,1006.1,1006.2,1006.0,0,24.0,22.0,24.4,24.0,22.1,22.0,89,87,89,114,2.5,0.5,N,PA,BELEM,A201,-1.411228,-48.439512,21.17
1953,2019-11-22,12:00,0.0,1008.9,1008.9,1008.4,1810,28.3,22.7,28.7,25.2,23.5,22.4,87,70,72,102,4.3,2.0,N,PA,BELEM,A201,-1.411228,-48.439512,21.17
1954,2019-11-22,16:00,0.0,1006.9,1008.0,1006.9,2648,32.4,23.8,33.1,31.0,24.9,22.5,66,57,60,132,4.4,2.1,N,PA,BELEM,A201,-1.411228,-48.439512,21.17
1955,2019-11-22,20:00,5.8,1006.6,1006.7,1006.3,31,23.6,22.2,24.5,23.6,22.9,22.2,92,91,92,122,6.0,0.6,N,PA,BELEM,A201,-1.411228,-48.439512,21.17
1956,2019-11-23,00:00,0.0,1009.0,1009.0,1008.2,1,23.4,22.2,23.5,23.4,22.2,22.1,93,93,93,126,0.6,0.0,N,PA,BELEM,A201,-1.411228,-48.439512,21.17
1957,2019-11-23,04:00,0.0,1008.1,1008.8,1008.1,0,23.3,22.1,23.5,23.3,22.3,22.1,93,93,93,183,0.0,0.0,N,PA,BELEM,A201,-1.411228,-48.439512,21.17
1958,2019-11-23,08:00,0.0,1007.2,1007.2,1007.1,0,23.0,21.8,23.3,23.0,22.1,21.8,93,93,93,146,0.0,0.0,N,PA,BELEM,A201,-1.411228,-48.439512,21.17
1959,2019-11-23,12:00,0.0,1010.8,1010.8,1009.9,1763,29.5,23.3,30.0,27.9,24.1,22.5,77,67,69,78,4.0,1.1,N,PA,BELEM,A201,-1.411228,-48.439512,21.17
1960,2019-11-23,16:00,0.0,1008.7,1009.6,1008.7,3054,32.4,21.8,33.4,31.5,23.1,19.6,57,47,54,68,4.8,1.3,N,PA,BELEM,A201,-1.411228,-48.439512,21.17
1961,2019-11-23,20:00,0.0,1006.1,1006.4,1006.1,1106,30.7,22.9,32.2,30.0,25.1,22.5,73,61,63,347,5.1,1.8,N,PA,BELEM,A201,-1.411228,-48.439512,21.17
1962,2019-11-24,00:00,0.0,1008.5,1008.5,1007.7,0,27.3,23.5,27.7,27.3,24.0,23.5,82,79,80,89,4.9,0.5,N,PA,BELEM,A201,-1.411228,-48.439512,21.17
1963,2019-11-24,04:00,0.0,1008.2,1008.6,1008.2,0,25.0,23.0,25.7,25.0,23.1,22.9,89,86,89,130,2.0,0.7,N,PA,BELEM,A201,-1.411228,-48.439512,21.17
1964,2019-11-24,08:00,0.0,1006.8,1007.0,1006.7,0,23.9,22.6,24.1,23.9,22.7,22.6,93,92,92,81,1.0,0.0,N,PA,BELEM,A201,-1.411228,-48.439512,21.17
1965,2019-11-24,12:00,0.0,1009.5,1009.5,1008.9,1989,29.9,23.8,30.2,28.2,24.6,23.4,79,68,70,59,4.5,0.9,N,PA,BELEM,A201,-1.411228,-48.439512,21.17
1966,2019-11-24,16:00,0.0,1007.3,1007.9,1007.3,3082,32.5,21.7,34.3,32.4,23.8,21.2,58,48,53,40,5.2,0.8,N,PA,BELEM,A201,-1.411228,-48.439512,21.17
1967,2019-11-24,20:00,0.0,1004.9,1005.2,1004.9,1101,30.8,24.9,32.9,30.0,25.5,23.9,76,60,71,331,6.4,1.6,N,PA,BELEM,A201,-1.411228,-48.439512,21.17
1968,2019-11-25,00:00,0.0,1008.1,1008.1,1007.0,1,25.4,24.1,25.5,25.4,24.1,23.9,92,92,92,127,1.2,0.3,N,PA,BELEM,A201,-1.411228,-48.439512,21.17
1969,2019-11-25,04:00,0.0,1007.1,1007.5,1007.1,0,25.1,23.4,25.7,25.1,23.7,23.3,90,88,90,103,1.8,0.1,N,PA,BELEM,A201,-1.411228,-48.439512,21.17
1970,2019-11-25,08:00,0.0,1007.1,1007.1,1006.5,0,24.2,23.0,24.4,24.2,23.1,23.0,93,93,93,142,0.8,0.4,N,PA,BELEM,A201,-1.411228,-48.439512,21.17
1971,2019-11-25,12:00,0.0,1009.5,1009.5,1009.1,1705,30.0,24.5,30.6,28.0,24.9,23.4,81,68,72,61,6.0,1.5,N,PA,BELEM,A201,-1.411228,-48.439512,21.17
1972,2019-11-25,16:00,0.0,1006.7,1007.8,1006.7,1823,31.6,23.0,33.5,31.5,24.0,21.7,62,54,61,178,4.3,0.3,N,PA,BELEM,A201,-1.411228,-48.439512,21.17
1973,2019-11-25,20:00,0.0,1004.5,1004.9,1004.5,470,29.5,24.3,30.8,29.5,24.8,23.1,75,67,73,329,4.9,1.5,N,PA,BELEM,A201,-1.411228,-48.439512,21.17
1974,2019-11-26,00:00,0.0,1008.0,1008.0,1006.7,0,27.1,22.8,27.9,27.1,22.9,22.7,77,74,77,72,4.2,0.7,N,PA,BELEM,A201,-1.411228,-48.439512,21.17
1975,2019-11-26,04:00,0.0,1006.5,1007.7,1006.5,0,25.6,22.8,25.9,25.6,22.9,22.8,85,83,85,152,2.9,0.4,N,PA,BELEM,A201,-1.411228,-48.439512,21.17
1976,2019-11-26,08:00,0.0,1006.0,1006.0,1005.5,0,24.4,22.7,24.8,24.4,22.8,22.6,90,89,90,106,2.9,1.3,N,PA,BELEM,A201,-1.411228,-48.439512,21.17
1977,2019-11-26,12:00,0.0,1008.2,1008.2,1007.7,1778,29.7,24.0,30.5,28.0,24.5,23.1,78,67,72,47,6.6,1.2,N,PA,BELEM,A201,-1.411228,-48.439512,21.17
1978,2019-11-26,16:00,0.0,1007.1,1008.1,1007.1,2367,33.3,23.8,33.4,31.3,24.4,22.2,62,55,57,107,6.0,1.4,N,PA,BELEM,A201,-1.411228,-48.439512,21.17
1979,2019-11-26,20:00,0.0,1004.7,1005.1,1004.7,365,31.3,21.0,31.7,29.9,23.1,21.0,67,54,55,54,4.6,1.0,N,PA,BELEM,A201,-1.411228,-48.439512,21.17
1980,2019-11-27,00:00,0.0,1006.7,1006.7,1006.0,0,27.3,21.9,28.0,27.3,21.9,21.6,72,68,72,57,4.1,0.7,N,PA,BELEM,A201,-1.411228,-48.439512,21.17
1981,2019-11-27,04:00,0.0,1006.7,1007.3,1006.7,0,25.0,22.7,25.6,25.0,22.8,22.7,87,84,87,97,2.8,0.8,N,PA,BELEM,A201,-1.411228,-48.439512,21.17
1982,2019-11-27,08:00,0.0,1006.3,1006.3,1005.9,0,24.1,22.7,24.1,24.0,22.7,22.4,91,91,91,81,1.9,0.3,N,PA,BELEM,A201,-1.411228,-48.439512,21.17
1983,2019-11-27,12:00,0.0,1008.5,1008.5,1007.9,1807,30.6,22.9,30.8,27.9,24.2,22.7,79,63,63,49,6.6,1.4,N,PA,BELEM,A201,-1.411228,-48.439512,21.17
1984,2019-11-27,16:00,0.0,1006.7,1007.6,1006.7,3403,33.2,22.4,33.6,32.4,23.1,21.4,56,49,54,117,6.9,2.8,N,PA,BELEM,A201,-1.411228,-48.439512,21.17
1985,2019-11-27,20:00,0.0,1004.6,1004.9,1004.5,847,31.9,24.8,32.0,29.6,26.1,24.4,76,66,66,294,4.4,0.7,N,PA,BELEM,A201,-1.411228,-48.439512,21.17
1986,2019-11-28,00:00,0.0,1006.9,1006.9,1006.1,0,27.6,21.8,28.5,27.6,21.8,21.6,71,67,71,50,5.0,0.9,N,PA,BELEM,A201,-1.411228,-48.439512,21.17
1987,2019-11-28,04:00,0.0,1006.6,1007.0,1006.6,0,25.7,22.5,25.9,25.6,22.6,22.4,83,81,83,71,3.2,0.3,N,PA,BELEM,A201,-1.411228,-48.439512,21.17
1988,2019-11-28,08:00,0.0,1006.4,1006.4,1006.2,0,24.4,22.5,24.9,24.4,22.5,22.3,89,86,89,113,1.8,0.2,N,PA,BELEM,A201,-1.411228,-48.439512,21.17
1989,2019-11-28,12:00,0.0,1008.5,1008.5,1008.0,1610,30.1,23.2,30.1,28.0,23.7,22.6,77,65,66,74,6.8,1.7,N,PA,BELEM,A201,-1.411228,-48.439512,21.17
1990,2019-11-28,16:00,0.0,1007.2,1007.8,1007.2,2874,32.4,22.1,33.8,32.2,23.5,21.3,58,49,55,89,5.6,1.7,N,PA,BELEM,A201,-1.411228,-48.439512,21.17
1991,2019-11-28,20:00,0.0,1004.9,1005.2,1004.8,1064,28.6,23.3,32.9,28.3,24.1,22.9,75,58,73,342,7.4,2.1,N,PA,BELEM,A201,-1.411228,-48.439512,21.17
1992,2019-11-29,00:00,0.0,1007.0,1007.0,1006.4,17,26.9,22.7,27.3,26.9,23.4,22.7,80,78,78,81,4.3,0.3,N,PA,BELEM,A201,-1.411228,-48.439512,21.17
1993,2019-11-29,04:00,0.0,1006.3,1006.8,1006.3,0,25.2,22.8,25.8,25.2,22.8,22.7,86,84,86,77,3.6,0.6,N,PA,BELEM,A201,-1.411228,-48.439512,21.17
1994,2019-11-29,08:00,0.0,1006.5,1006.5,1006.1,0,24.1,22.4,24.4,24.1,22.7,22.4,91,89,91,113,2.4,0.2,N,PA,BELEM,A201,-1.411228,-48.439512,21.17
1995,2019-11-29,12:00,0.0,1008.6,1008.6,1008.1,1774,30.6,23.7,30.8,27.5,24.3,23.1,80,65,67,50,5.6,1.0,N,PA,BELEM,A201,-1.411228,-48.439512,21.17
1996,2019-11-29,16:00,0.0,1006.7,1007.4,1006.7,3277,33.1,23.0,33.3,32.2,24.5,22.2,63,54,56,119,5.3,2.0,N,PA,BELEM,A201,-1.411228,-48.439512,21.17
1997,2019-11-29,20:00,0.0,1004.8,1005.0,1004.7,1189,30.8,23.9,32.9,30.7,24.1,22.9,67,58,67,340,7.9,2.3,N,PA,BELEM,A201,-1.411228,-48.439512,21.17
1998,2019-11-30,00:00,0.0,1007.4,1007.4,1006.2,1,27.9,22.9,28.6,27.9,23.8,22.9,76,73,75,72,5.3,1.1,N,PA,BELEM,A201,-1.411228,-48.439512,21.17
1999,2019-11-30,04:00,0.0,1006.9,1007.1,1006.9,0,25.8,23.0,26.2,25.8,23.0,22.9,85,82,84,31,3.4,0.4,N,PA,BELEM,A201,-1.411228,-48.439512,21.17
2000,2019-11-30,08:00,0.0,1007.4,1007.4,1006.9,0,25.3,23.0,25.4,25.2,23.1,22.9,88,87,87,64,2.1,0.2,N,PA,BELEM,A201,-1.411228,-48.439512,21.17
2001,2019-11-30,12:00,0.0,1009.4,1009.4,1009.0,1611,30.1,23.2,30.4,28.0,24.0,22.9,76,66,67,82,5.8,2.1,N,PA,BELEM,A201,-1.411228,-48.439512,21.17
2002,2019-11-30,16:00,0.0,1007.6,1008.4,1007.6,2360,32.4,22.4,33.2,31.4,23.6,21.8,61,53,56,104,5.2,1.9,N,PA,BELEM,A201,-1.411228,-48.439512,21.17
2003,2019-11-30,20:00,0.0,1006.0,1006.2,1005.9,544,29.3,24.6,29.7,28.5,25.1,23.5,78,73,76,337,4.4,0.8,N,PA,BELEM,A201,-1.411228,-48.439512,21.17
2004,2019-12-01,00:00,0.0,1007.9,1007.9,1007.6,0,27.0,22.5,27.7,27.0,22.5,22.2,77,72,76,47,4.8,1.2,N,PA,BELEM,A201,-1.411228,-48.439512,21.17
2005,2019-12-01,04:00,0.0,1008.0,1008.1,1008.0,0,25.5,22.9,25.8,25.4,23.0,22.9,86,84,86,71,3.0,0.4,N,PA,BELEM,A201,-1.411228,-48.439512,21.17
2006,2019-12-01,08:00,0.0,1008.3,1008.3,1007.8,0,24.6,22.8,24.7,24.6,22.9,22.7,90,89,89,219,2.5,0.0,N,PA,BELEM,A201,-1.411228,-48.439512,21.17
2007,2019-12-01,12:00,0.0,1010.9,1010.9,1010.3,1819,29.4,23.3,30.7,27.9,24.2,22.8,77,66,70,63,5.7,1.3,N,PA,BELEM,A201,-1.411228,-48.439512,21.17
2008,2019-12-01,16:00,0.0,1009.6,1009.9,1009.6,2379,34.0,21.8,34.7,32.0,23.4,20.7,57,46,49,52,5.6,1.1,N,PA,BELEM,A201,-1.411228,-48.439512,21.17
2009,2019-12-01,20:00,0.0,1007.5,1007.8,1007.4,597,32.1,21.6,32.7,32.1,22.6,21.2,56,51,54,51,5.4,1.1,N,PA,BELEM,A201,-1.411228,-48.439512,21.17
2010,2019-12-02,00:00,0.0,1009.7,1009.8,1009.0,0,27.2,22.6,28.1,27.2,22.6,22.4,76,72,76,70,4.2,0.7,N,PA,BELEM,A201,-1.411228,-48.439512,21.17
2011,2019-12-02,04:00,0.0,1008.2,1008.9,1008.2,0,25.4,22.8,25.7,25.4,22.8,22.7,85,84,85,75,4.0,0.5,N,PA,BELEM,A201,-1.411228,-48.439512,21.17
2012,2019-12-02,08:00,0.0,1007.3,1007.5,1007.1,0,24.3,22.5,24.7,24.3,22.7,22.4,90,88,90,65,2.9,0.2,N,PA,BELEM,A201,-1.411228,-48.439512,21.17
2013,2019-12-02,12:00,0.0,1009.6,1009.6,1009.3,1767,29.6,23.2,30.3,28.0,24.0,22.9,77,67,68,85,6.3,1.3,N,PA,BELEM,A201,-1.411228,-48.439512,21.17
2014,2019-12-02,16:00,0.0,1008.0,1008.8,1007.9,2283,33.6,21.2,33.9,32.9,23.6,20.8,57,48,48,30,4.1,1.3,N,PA,BELEM,A201,-1.411228,-48.439512,21.17
2015,2019-12-02,20:00,0.0,1006.2,1006.4,1006.1,633,31.2,24.0,32.8,31.2,24.9,23.7,66,61,66,332,4.4,1.1,N,PA,BELEM,A201,-1.411228,-48.439512,21.17
2016,2019-12-03,00:00,0.0,1008.0,1008.0,1007.2,0,27.8,22.6,28.6,27.7,22.7,22.4,74,70,74,55,4.6,0.6,N,PA,BELEM,A201,-1.411228,-48.439512,21.17
2017,2019-12-03,04:00,0.0,1006.9,1007.7,1006.9,0,26.2,23.4,26.4,26.2,23.4,23.2,84,83,84,46,3.8,0.4,N,PA,BELEM,A201,-1.411228,-48.439512,21.17
2018,2019-12-03,08:00,0.0,1006.4,1006.4,1005.9,0,25.3,23.0,25.4,25.3,23.2,23.0,88,87,87,35,2.4,0.2,N,PA,BELEM,A201,-1.411228,-48.439512,21.17
2019,2019-12-03,12:00,0.0,1009.2,1009.3,1008.5,1423,29.5,22.9,29.8,28.3,24.5,22.7,76,68,68,41,4.9,1.2,N,PA,BELEM,A201,-1.411228,-48.439512,21.17
2020,2019-12-03,16:00,0.0,1007.8,1008.5,1007.8,2093,31.8,25.0,34.3,29.7,25.1,20.5,71,46,68,309,6.8,2.2,N,PA,BELEM,A201,-1.411228,-48.439512,21.17
2021,2019-12-03,20:00,0.0,1005.5,1005.8,1005.4,557,27.6,23.2,28.4,27.5,23.9,22.8,78,74,77,15,5.6,1.3,N,PA,BELEM,A201,-1.411228,-48.439512,21.17
2022,2019-12-04,00:00,0.0,1007.4,1007.4,1007.0,1,26.6,23.4,26.6,26.2,23.4,23.2,83,82,83,49,3.8,0.8,N,PA,BELEM,A201,-1.411228,-48.439512,21.17
2023,2019-12-04,04:00,0.0,1007.5,1008.0,1007.4,0,26.0,23.6,26.5,26.0,23.7,23.6,86,84,86,56,3.4,0.4,N,PA,BELEM,A201,-1.411228,-48.439512,21.17
2024,2019-12-04,08:00,0.0,1007.1,1007.1,1007.0,0,25.3,23.4,25.7,25.2,23.6,23.3,90,88,89,78,1.8,0.1,N,PA,BELEM,A201,-1.411228,-48.439512,21.17
2025,2019-12-04,12:00,0.0,1009.7,1009.7,1009.1,1401,29.7,23.5,30.1,28.4,24.3,23.3,78,69,69,90,4.9,1.0,N,PA,BELEM,A201,-1.411228,-48.439512,21.17
2026,2019-12-04,16:00,0.0,1008.0,1008.6,1008.0,1676,31.7,22.4,33.3,31.2,24.1,21.7,60,54,58,135,4.8,1.9,N,PA,BELEM,A201,-1.411228,-48.439512,21.17
2027,2019-12-04,20:00,0.8,1006.6,1006.8,1005.7,1241,26.3,23.5,31.4,26.3,24.6,21.9,85,64,85,56,6.3,1.8,N,PA,BELEM,A201,-1.411228,-48.439512,21.17
2028,2019-12-05,00:00,0.0,1009.4,1009.5,1008.7,4,26.1,23.6,26.1,25.5,23.6,22.9,86,85,86,62,2.8,0.2,N,PA,BELEM,A201,-1.411228,-48.439512,21.17
2029,2019-12-05,04:00,0.0,1008.6,1009.1,1008.6,0,25.1,23.0,25.4,24.9,23.0,22.7,88,85,88,13,3.5,0.1,N,PA,BELEM,A201,-1.411228,-48.439512,21.17
2030,2019-12-05,08:00,0.0,1007.7,1007.8,1007.5,0,24.8,22.7,24.9,24.7,22.8,22.6,89,88,88,48,2.7,0.3,N,PA,BELEM,A201,-1.411228,-48.439512,21.17
2031,2019-12-05,12:00,0.0,1010.3,1010.3,1009.6,1623,29.9,23.5,30.3,27.6,24.2,22.9,79,67,69,68,5.8,1.9,N,PA,BELEM,A201,-1.411228,-48.439512,21.17
2032,2019-12-05,16:00,0.0,1008.6,1009.2,1008.6,1658,31.2,22.2,33.1,31.1,24.3,21.7,64,54,59,72,5.7,1.0,N,PA,BELEM,A201,-1.411228,-48.439512,21.17
2033,2019-12-05,20:00,0.0,1006.7,1007.0,1006.7,726,30.8,21.4,31.1,30.2,21.8,21.1,60,57,58,88,6.0,1.0,N,PA,BELEM,A201,-1.411228,-48.439512,21.17
2034,2019-12-06,00:00,0.0,1009.2,1009.2,1008.7,0,26.9,21.4,27.4,26.9,21.4,21.1,72,69,72,95,4.7,0.7,N,PA,BELEM,A201,-1.411228,-48.439512,21.17
2035,2019-12-06,04:00,0.0,1008.5,1008.9,1008.5,0,25.4,22.2,25.8,25.3,22.2,22.0,83,80,83,123,3.1,0.3,N,PA,BELEM,A201,-1.411228,-48.439512,21.17
2036,2019-12-06,08:00,0.0,1008.2,1008.2,1007.6,0,25.1,22.7,25.6,25.1,22.7,22.6,86,84,86,100,1.7,0.4,N,PA,BELEM,A201,-1.411228,-48.439512,21.17
2037,2019-12-06,12:00,0.0,1010.6,1010.6,1010.1,1761,30.0,23.4,30.3,28.3,24.0,22.9,76,67,68,56,5.0,1.3,N,PA,BELEM,A201,-1.411228,-48.439512,21.17
2038,2019-12-06,16:00,0.0,1008.4,1009.3,1008.4,2041,33.2,22.6,34.2,31.8,23.8,21.4,61,49,54,65,4.9,1.2,N,PA,BELEM,A201,-1.411228,-48.439512,21.17
2039,2019-12-06,20:00,0.0,1006.2,1006.4,1006.1,582,29.6,24.6,29.6,28.4,24.8,23.3,80,71,75,308,3.7,0.9,N,PA,BELEM,A201,-1.411228,-48.439512,21.17
2040,2019-12-07,00:00,0.0,1008.6,1008.6,1007.8,0,27.2,22.4,28.0,27.2,22.4,22.1,75,70,75,43,5.0,0.9,N,PA,BELEM,A201,-1.411228,-48.439512,21.17
2041,2019-12-07,04:00,0.0,1007.3,1007.8,1007.3,0,25.5,22.7,25.8,25.5,22.8,22.7,85,83,85,77,3.8,0.7,N,PA,BELEM,A201,-1.411228,-48.439512,21.17
2042,2019-12-07,08:00,0.0,1007.1,1007.1,1006.6,0,24.0,22.3,24.3,24.0,22.5,22.3,90,89,90,106,2.4,0.5,N,PA,BELEM,A201,-1.411228,-48.439512,21.17
2043,2019-12-07,12:00,0.0,1009.4,1009.4,1008.9,2016,29.7,22.6,30.8,27.7,23.9,22.4,78,63,66,56,5.6,1.1,N,PA,BELEM,A201,-1.411228,-48.439512,21.17
2044,2019-12-07,16:00,0.0,1007.9,1008.7,1007.9,2311,33.0,20.6,33.3,31.9,22.6,20.2,55,47,48,95,4.4,1.1,N,PA,BELEM,A201,-1.411228,-48.439512,21.17
2045,2019-12-07,20:00,0.0,1006.0,1006.1,1005.9,1072,29.5,23.9,29.6,26.5,25.5,23.5,88,70,72,18,6.1,1.3,N,PA,BELEM,A201,-1.411228,-48.439512,21.17
2046,2019-12-08,00:00,0.0,1007.9,1007.9,1007.4,0,27.1,22.9,27.3,27.0,23.0,22.8,79,76,78,26,4.3,0.9,N,PA,BELEM,A201,-1.411228,-48.439512,21.17
2047,2019-12-08,04:00,0.0,1007.7,1008.2,1007.7,0,25.9,23.1,26.2,25.9,23.1,23.0,84,83,84,130,2.7,0.3,N,PA,BELEM,A201,-1.411228,-48.439512,21.17
2048,2019-12-08,08:00,0.0,1006.8,1006.8,1006.5,0,24.6,22.7,24.8,24.6,22.8,22.6,89,88,89,81,2.4,0.2,N,PA,BELEM,A201,-1.411228,-48.439512,21.17
2049,2019-12-08,12:00,0.0,1009.1,1009.2,1008.9,1839,29.8,22.9,30.6,27.6,24.1,22.6,78,65,67,31,4.6,1.2,N,PA,BELEM,A201,-1.411228,-48.439512,21.17
2050,2019-12-08,16:00,0.0,1007.5,1008.1,1007.4,2251,32.6,22.2,33.3,31.2,23.1,20.8,60,51,54,104,4.9,1.4,N,PA,BELEM,A201,-1.411228,-48.439512,21.17
2051,2019-12-08,20:00,0.0,1005.9,1006.0,1005.7,810,29.1,23.5,31.0,29.1,23.8,22.4,72,64,72,22,5.9,1.9,N,PA,BELEM,A201,-1.411228,-48.439512,21.17
2052,2019-12-09,00:00,0.0,1008.6,1008.6,1007.6,0,27.0,22.6,27.2,27.0,22.7,22.5,77,76,77,10,4.9,0.7,N,PA,BELEM,A201,-1.411228,-48.439512,21.17
2053,2019-12-09,04:00,0.0,1008.2,1008.5,1008.2,0,25.7,22.8,26.2,25.6,22.8,22.7,84,82,84,41,2.5,0.4,N,PA,BELEM,A201,-1.411228,-48.439512,21.17
2054,2019-12-09,08:00,0.0,1007.0,1007.1,1006.9,0,24.5,22.7,24.6,24.1,22.8,22.5,91,90,90,19,1.6,0.1,N,PA,BELEM,A201,-1.411228,-48.439512,21.17
2055,2019-12-09,12:00,0.0,1009.2,1009.2,1008.9,1440,29.0,23.4,29.6,27.6,23.9,23.1,78,69,72,59,5.5,1.4,N,PA,BELEM,A201,-1.411228,-48.439512,21.17
2056,2019-12-09,16:00,0.0,1008.0,1009.0,1008.0,2793,32.5,21.8,34.4,32.5,23.8,21.4,56,48,54,37,5.6,1.2,N,PA,BELEM,A201,-1.411228,-48.439512,21.17
2057,2019-12-09,20:00,0.2,1006.0,1006.0,1005.5,116,26.5,24.8,26.9,26.2,25.3,24.6,91,89,91,309,4.0,0.0,N,PA,BELEM,A201,-1.411228,-48.439512,21.17
2058,2019-12-10,00:00,0.0,1008.5,1008.5,1007.3,9,26.3,23.1,26.5,26.0,23.3,23.0,85,82,82,45,4.4,0.7,N,PA,BELEM,A201,-1.411228,-48.439512,21.17
2059,2019-12-10,04:00,0.0,1008.1,1008.5,1008.1,0,25.1,23.0,25.7,25.1,23.1,22.9,88,85,88,117,2.5,0.6,N,PA,BELEM,A201,-1.411228,-48.439512,21.17
2060,2019-12-10,08:00,0.0,1007.3,1007.3,1006.8,0,24.3,22.6,24.5,24.3,22.9,22.6,91,90,90,120,3.1,0.6,N,PA,BELEM,A201,-1.411228,-48.439512,21.17
2061,2019-12-10,12:00,0.0,1009.7,1009.7,1009.1,1498,28.7,24.4,28.7,27.0,24.5,23.4,82,76,78,112,4.8,1.7,N,PA,BELEM,A201,-1.411228,-48.439512,21.17
2062,2019-12-10,16:00,0.0,1007.2,1008.3,1007.2,2606,31.8,23.1,33.7,31.0,24.5,21.8,64,53,60,91,5.8,2.3,N,PA,BELEM,A201,-1.411228,-48.439512,21.17
2063,2019-12-10,20:00,0.0,1005.7,1005.9,1005.4,197,26.9,23.3,26.9,25.9,23.5,23.0,85,81,81,82,5.3,0.6,N,PA,BELEM,A201,-1.411228,-48.439512,21.17
2064,2019-12-11,00:00,0.0,1008.4,1008.4,1007.5,1,24.4,23.0,24.4,24.1,23.1,22.7,92,92,92,149,0.8,0.1,N,PA,BELEM,A201,-1.411228,-48.439512,21.17
2065,2019-12-11,04:00,0.0,1007.2,1008.3,1007.2,0,24.4,23.2,24.6,24.3,23.4,23.0,93,93,93,124,0.0,0.0,N,PA,BELEM,A201,-1.411228,-48.439512,21.17
2066,2019-12-11,08:00,0.0,1006.3,1006.3,1006.1,0,24.3,23.1,24.3,24.2,23.1,23.0,93,93,93,170,0.0,0.0,N,PA,BELEM,A201,-1.411228,-48.439512,21.17
2067,2019-12-11,12:00,0.0,1009.1,1009.1,1008.5,1378,29.3,24.1,29.8,26.5,25.2,24.0,88,73,73,107,3.8,1.7,N,PA,BELEM,A201,-1.411228,-48.439512,21.17
2068,2019-12-11,16:00,0.0,1006.8,1008.1,1006.8,2829,33.6,23.8,33.6,31.5,24.4,21.1,62,52,56,114,5.1,1.2,N,PA,BELEM,A201,-1.411228,-48.439512,21.17
2069,2019-12-11,20:00,0.0,1005.4,1005.7,1005.2,889,25.2,21.7,27.1,25.2,23.2,21.5,84,73,81,29,9.6,1.6,N,PA,BELEM,A201,-1.411228,-48.439512,21.17
2070,2019-12-12,00:00,0.0,1007.0,1007.1,1006.9,0,25.1,22.7,25.5,25.1,22.7,22.5,86,84,86,43,4.7,0.3,N,PA,BELEM,A201,-1.411228,-48.439512,21.17
2071,2019-12-12,04:00,0.0,1005.9,1006.4,1005.8,0,24.7,23.0,24.8,24.6,23.0,22.8,90,89,90,69,1.5,0.1,N,PA,BELEM,A201,-1.411228,-48.439512,21.17
2072,2019-12-12,08:00,0.0,1005.5,1005.5,1005.2,0,24.0,22.7,24.0,23.8,22.7,22.6,93,92,93,156,0.8,0.0,N,PA,BELEM,A201,-1.411228,-48.439512,21.17
2073,2019-12-12,12:00,0.0,1007.8,1007.8,1007.2,1793,29.5,23.8,30.3,27.5,24.3,23.1,80,67,72,83,5.3,1.4,N,PA,BELEM,A201,-1.411228,-48.439512,21.17
2074,2019-12-12,16:00,0.0,1005.9,1007.0,1005.9,3009,32.5,22.0,33.9,32.3,24.0,21.8,59,50,54,110,4.9,1.7,N,PA,BELEM,A201,-1.411228,-48.439512,21.17
2075,2019-12-12,20:00,0.0,1003.9,1004.1,1003.9,621,29.7,23.5,30.7,29.4,23.7,22.8,71,64,69,19,3.9,0.9,N,PA,BELEM,A201,-1.411228,-48.439512,21.17
2076,2019-12-13,00:00,0.0,1007.5,1007.5,1006.1,0,23.6,22.2,23.7,23.3,22.3,21.9,92,91,92,111,2.5,0.5,N,PA,BELEM,A201,-1.411228,-48.439512,21.17
2077,2019-12-13,04:00,0.0,1006.8,1007.2,1006.8,0,23.0,21.6,23.1,22.9,21.7,21.5,92,92,92,150,1.0,0.1,N,PA,BELEM,A201,-1.411228,-48.439512,21.17
2078,2019-12-13,08:00,0.0,1006.0,1006.0,1005.5,0,22.9,21.8,22.9,22.7,21.8,21.5,93,93,93,159,0.6,0.1,N,PA,BELEM,A201,-1.411228,-48.439512,21.17
2079,2019-12-13,12:00,0.0,1008.4,1008.5,1008.0,1826,30.5,24.1,30.9,26.9,25.1,23.8,83,67,69,104,5.2,1.0,N,PA,BELEM,A201,-1.411228,-48.439512,21.17
2080,2019-12-13,16:00,0.0,1006.3,1007.4,1006.3,3210,32.7,22.5,34.0,31.8,24.5,21.6,61,52,55,114,5.2,2.6,N,PA,BELEM,A201,-1.411228,-48.439512,21.17
2081,2019-12-13,20:00,4.0,1004.0,1004.6,1003.8,127,25.0,23.2,25.9,24.7,23.7,22.8,90,87,90,300,5.4,0.3,N,PA,BELEM,A201,-1.411228,-48.439512,21.17
2082,2019-12-14,00:00,0.0,1006.3,1006.3,1005.9,4,26.3,23.5,26.3,25.7,24.5,23.5,92,84,84,229,2.9,0.4,N,PA,BELEM,A201,-1.411228,-48.439512,21.17
2083,2019-12-14,04:00,0.0,1006.4,1006.8,1006.4,0,25.1,23.3,25.5,25.1,23.6,23.3,90,89,90,71,2.0,0.0,N,PA,BELEM,A201,-1.411228,-48.439512,21.17
2084,2019-12-14,08:00,0.0,1006.6,1006.7,1006.4,0,24.1,22.9,24.3,24.1,23.0,22.9,93,93,93,111,0.0,0.0,N,PA,BELEM,A201,-1.411228,-48.439512,21.17
2085,2019-12-14,12:00,0.0,1009.0,1009.0,1008.8,1766,30.8,24.4,30.8,28.0,25.2,24.3,81,69,69,89,4.2,1.2,N,PA,BELEM,A201,-1.411228,-48.439512,21.17
2086,2019-12-14,16:00,0.0,1007.8,1008.7,1007.8,2204,32.0,24.2,32.3,31.0,24.9,23.4,67,62,63,115,4.4,1.8,N,PA,BELEM,A201,-1.411228,-48.439512,21.17
2087,2019-12-14,20:00,2.6,1006.1,1006.1,1004.5,1155,28.5,25.9,32.4,27.9,26.2,24.1,87,64,85,45,6.3,0.8,N,PA,BELEM,A201,-1.411228,-48.439512,21.17
2088,2019-12-15,00:00,0.0,1007.9,1007.9,1007.2,2,24.8,23.4,24.8,24.4,23.4,23.0,92,92,92,119,1.7,0.5,N,PA,BELEM,A201,-1.411228,-48.439512,21.17
2089,2019-12-15,04:00,0.0,1007.9,1008.1,1007.6,0,25.1,23.7,25.1,25.0,23.7,23.5,92,92,92,133,2.0,0.0,N,PA,BELEM,A201,-1.411228,-48.439512,21.17
2090,2019-12-15,08:00,0.0,1006.9,1006.9,1006.4,0,25.0,23.7,25.2,25.0,23.8,23.7,92,92,92,103,0.9,0.0,N,PA,BELEM,A201,-1.411228,-48.439512,21.17
2091,2019-12-15,12:00,0.0,1008.3,1008.3,1008.2,1221,28.8,24.8,28.8,26.9,25.3,24.4,88,77,79,60,3.7,0.8,N,PA,BELEM,A201,-1.411228,-48.439512,21.17
2092,2019-12-15,16:00,0.0,1007.1,1007.8,1007.1,2182,31.6,25.5,33.2,31.4,25.5,23.3,70,60,70,287,4.8,1.0,N,PA,BELEM,A201,-1.411228,-48.439512,21.17
2093,2019-12-15,20:00,5.4,1005.5,1006.0,1004.9,280,24.8,22.9,30.0,24.4,26.0,21.9,89,76,89,235,8.8,0.5,N,PA,BELEM,A201,-1.411228,-48.439512,21.17
2094,2019-12-16,00:00,1.6,1009.0,1009.0,1007.8,3,24.7,23.4,24.7,24.4,23.4,23.1,92,92,92,17,2.6,0.1,N,PA,BELEM,A201,-1.411228,-48.439512,21.17
2095,2019-12-16,04:00,0.0,1008.4,1008.8,1008.4,0,25.2,23.9,25.2,25.0,23.9,23.8,93,93,93,330,1.5,0.0,N,PA,BELEM,A201,-1.411228,-48.439512,21.17
2096,2019-12-16,08:00,0.0,1006.8,1006.8,1006.5,0,24.6,23.4,24.8,24.5,23.6,23.4,93,93,93,161,1.6,0.0,N,PA,BELEM,A201,-1.411228,-48.439512,21.17
2097,2019-12-16,12:00,0.0,1009.2,1009.2,1008.5,1684,29.2,24.2,29.7,26.9,25.0,24.0,85,73,74,40,4.4,1.3,N,PA,BELEM,A201,-1.411228,-48.439512,21.17
2098,2019-12-16,16:00,0.0,1007.1,1008.3,1007.1,1051,28.6,24.5,33.0,27.9,25.0,23.3,81,59,79,265,5.0,1.1,N,PA,BELEM,A201,-1.411228,-48.439512,21.17
2099,2019-12-16,20:00,2.2,1005.6,1005.9,1005.0,205,25.3,22.6,31.2,25.2,24.3,22.1,86,65,85,198,11.5,0.5,N,PA,BELEM,A201,-1.411228,-48.439512,21.17
2100,2019-12-17,00:00,0.0,1007.2,1007.2,1006.4,1,24.7,21.9,24.8,24.6,22.0,21.6,85,82,85,81,5.0,0.7,N,PA,BELEM,A201,-1.411228,-48.439512,21.17
2101,2019-12-17,04:00,0.0,1006.4,1006.6,1006.4,0,24.0,22.3,24.0,23.9,22.3,22.2,91,90,91,73,1.2,0.0,N,PA,BELEM,A201,-1.411228,-48.439512,21.17
2102,2019-12-17,08:00,0.0,1006.4,1006.4,1006.2,0,23.5,22.3,23.6,23.5,22.3,22.2,93,92,93,140,0.0,0.0,N,PA,BELEM,A201,-1.411228,-48.439512,21.17
2103,2019-12-17,12:00,0.0,1008.5,1008.5,1008.2,1446,29.4,24.2,29.9,26.4,25.1,23.8,86,72,74,93,4.0,1.4,N,PA,BELEM,A201,-1.411228,-48.439512,21.17
2104,2019-12-17,16:00,0.0,1006.8,1008.0,1006.8,3170,32.3,24.1,32.7,31.4,25.0,23.1,66,61,62,133,6.1,2.7,N,PA,BELEM,A201,-1.411228,-48.439512,21.17
2105,2019-12-17,20:00,0.0,1005.0,1005.4,1005.0,518,26.8,23.7,26.9,26.1,24.2,23.3,87,82,83,77,3.9,0.3,N,PA,BELEM,A201,-1.411228,-48.439512,21.17
2106,2019-12-18,00:00,0.0,1007.4,1007.5,1006.9,1,25.4,22.9,25.4,25.2,22.9,22.6,86,85,86,60,2.3,0.1,N,PA,BELEM,A201,-1.411228,-48.439512,21.17
2107,2019-12-18,04:00,0.0,1007.6,1007.8,1007.5,0,25.2,23.0,25.5,25.2,23.1,23.0,88,87,88,119,1.5,0.0,N,PA,BELEM,A201,-1.411228,-48.439512,21.17
2108,2019-12-18,08:00,0.0,1006.1,1006.2,1006.0,0,24.8,23.0,25.0,24.8,23.2,23.0,90,89,90,76,1.7,0.0,N,PA,BELEM,A201,-1.411228,-48.439512,21.17
2109,2019-12-18,12:00,0.0,1008.5,1008.5,1008.1,582,27.7,24.0,27.8,26.6,24.3,23.7,85,80,81,72,4.4,0.5,N,PA,BELEM,A201,-1.411228,-48.439512,21.17
2110,2019-12-18,16:00,0.0,1007.7,1008.5,1007.7,1429,30.1,24.6,31.0,29.6,25.4,23.3,75,66,73,89,4.1,0.7,N,PA,BELEM,A201,-1.411228,-48.439512,21.17
2111,2019-12-18,20:00,0.0,1005.3,1005.4,1005.2,1148,30.5,22.8,31.7,30.3,23.8,22.5,65,61,64,54,5.9,0.9,N,PA,BELEM,A201,-1.411228,-48.439512,21.17
2112,2019-12-19,00:00,0.0,1008.1,1008.1,1007.3,0,26.9,22.5,27.5,26.9,22.5,22.3,77,74,77,56,5.1,0.8,N,PA,BELEM,A201,-1.411228,-48.439512,21.17
2113,2019-12-19,04:00,0.0,1007.4,1008.0,1007.4,0,25.3,22.9,25.5,25.3,22.9,22.8,87,85,87,85,3.0,0.4,N,PA,BELEM,A201,-1.411228,-48.439512,21.17
2114,2019-12-19,08:00,0.0,1006.0,1006.1,1005.8,0,24.5,22.8,24.7,24.5,22.9,22.7,90,89,90,66,2.8,0.1,N,PA,BELEM,A201,-1.411228,-48.439512,21.17
2115,2019-12-19,12:00,0.0,1008.2,1008.2,1007.8,1571,30.2,23.8,30.6,27.9,24.4,23.4,79,68,69,86,5.9,1.2,N,PA,BELEM,A201,-1.411228,-48.439512,21.17
2116,2019-12-19,16:00,0.0,1007.2,1008.0,1007.2,2219,33.5,23.2,33.7,31.5,25.1,22.3,63,54,55,77,4.8,1.0,N,PA,BELEM,A201,-1.411228,-48.439512,21.17
2117,2019-12-19,20:00,6.4,1005.6,1006.1,1005.1,93,25.3,23.3,26.7,25.3,24.9,23.2,90,87,89,231,7.3,0.3,N,PA,BELEM,A201,-1.411228,-48.439512,21.17
2118,2019-12-20,00:00,0.0,1008.3,1008.3,1007.5,15,26.1,22.5,26.4,25.9,23.2,22.5,85,80,81,72,3.0,0.4,N,PA,BELEM,A201,-1.411228,-48.439512,21.17
2119,2019-12-20,04:00,0.0,1007.4,1008.0,1007.4,0,24.5,22.8,25.0,24.5,23.0,22.8,90,88,90,105,1.3,0.2,N,PA,BELEM,A201,-1.411228,-48.439512,21.17
2120,2019-12-20,08:00,0.0,1006.2,1006.2,1005.8,0,24.6,23.1,24.6,24.2,23.1,22.8,92,91,91,65,1.5,0.1,N,PA,BELEM,A201,-1.411228,-48.439512,21.17
2121,2019-12-20,12:00,0.0,1008.7,1008.8,1008.3,1609,29.3,24.2,29.5,27.1,24.6,23.9,84,73,74,103,5.9,2.2,N,PA,BELEM,A201,-1.411228,-48.439512,21.17
2122,2019-12-20,16:00,0.0,1006.7,1008.1,1006.7,3069,33.6,23.3,33.9,31.2,24.6,21.8,64,53,55,101,6.4,2.2,N,PA,BELEM,A201,-1.411228,-48.439512,21.17
2123,2019-12-20,20:00,0.0,1005.5,1005.6,1005.1,1165,28.8,23.1,29.6,28.0,24.7,22.9,79,71,71,47,4.2,0.7,N,PA,BELEM,A201,-1.411228,-48.439512,21.17
2124,2019-12-21,00:00,0.0,1007.8,1007.8,1007.3,0,24.6,23.3,24.7,24.6,23.4,23.2,92,92,92,120,1.0,0.3,N,PA,BELEM,A201,-1.411228,-48.439512,21.17
2125,2019-12-21,04:00,0.0,1006.9,1007.4,1006.9,0,24.4,23.0,24.6,24.4,23.1,23.0,92,91,92,197,1.3,0.0,N,PA,BELEM,A201,-1.411228,-48.439512,21.17
2126,2019-12-21,08:00,0.0,1005.6,1005.6,1004.9,0,24.1,22.8,24.4,24.1,23.1,22.8,92,92,92,204,1.1,0.0,N,PA,BELEM,A201,-1.411228,-48.439512,21.17
2127,2019-12-21,12:00,0.0,1008.8,1008.8,1008.1,1455,30.2,24.9,30.2,27.2,25.2,24.0,86,73,73,66,5.0,1.1,N,PA,BELEM,A201,-1.411228,-48.439512,21.17
2128,2019-12-21,16:00,0.2,1006.5,1007.7,1006.5,2692,32.3,25.2,32.5,28.4,26.3,22.9,82,61,66,147,6.6,2.6,N,PA,BELEM,A201,-1.411228,-48.439512,21.17
2129,2019-12-21,20:00,0.0,1005.0,1005.1,1004.5,244,27.5,24.5,27.5,26.6,25.0,24.3,89,84,84,44,4.0,0.6,N,PA,BELEM,A201,-1.411228,-48.439512,21.17
2130,2019-12-22,00:00,0.0,1007.4,1007.5,1007.1,0,24.5,22.2,24.5,23.9,22.2,21.8,89,87,87,29,3.1,0.2,N,PA,BELEM,A201,-1.411228,-48.439512,21.17
2131,2019-12-22,04:00,0.0,1006.5,1007.2,1006.5,4,25.7,23.4,25.8,25.5,23.4,23.2,88,86,87,245,3.6,0.4,N,PA,BELEM,A201,-1.411228,-48.439512,21.17
2132,2019-12-22,08:00,0.0,1005.7,1005.7,1005.4,0,24.9,23.3,25.1,24.9,23.4,23.2,91,90,91,15,1.7,0.3,N,PA,BELEM,A201,-1.411228,-48.439512,21.17
2133,2019-12-22,12:00,0.0,1009.1,1009.1,1008.4,778,28.8,25.2,28.9,26.9,25.4,24.4,87,78,81,35,2.6,0.3,N,PA,BELEM,A201,-1.411228,-48.439512,21.17
2134,2019-12-22,16:00,2.4,1007.0,1008.0,1007.0,1408,28.9,25.5,31.2,27.6,26.5,23.9,88,70,82,107,4.8,0.6,N,PA,BELEM,A201,-1.411228,-48.439512,21.17
2135,2019-12-22,20:00,18.6,1005.8,1006.1,1005.2,103,24.8,23.4,29.4,24.2,24.1,21.2,92,73,92,321,11.3,0.1,N,PA,BELEM,A201,-1.411228,-48.439512,21.17
2136,2019-12-23,00:00,1.2,1008.5,1008.6,1008.0,1,24.4,23.1,24.5,24.3,23.1,22.9,93,92,93,69,2.8,0.0,N,PA,BELEM,A201,-1.411228,-48.439512,21.17
2137,2019-12-23,04:00,0.0,1006.8,1007.2,1006.8,0,24.7,23.5,24.8,24.6,23.6,23.4,93,93,93,237,1.4,0.0,N,PA,BELEM,A201,-1.411228,-48.439512,21.17
2138,2019-12-23,08:00,0.0,1005.7,1005.7,1005.5,0,24.4,23.3,24.6,24.3,23.4,23.1,93,93,93,114,0.7,0.0,N,PA,BELEM,A201,-1.411228,-48.439512,21.17
2139,2019-12-23,12:00,0.0,1008.2,1008.3,1007.8,957,27.5,24.7,27.6,25.8,25.3,24.5,93,85,85,103,4.2,1.1,N,PA,BELEM,A201,-1.411228,-48.439512,21.17
2140,2019-12-23,16:00,0.0,1007.3,1008.1,1007.3,2794,32.5,24.6,33.0,31.1,25.7,23.9,70,61,63,124,4.8,2.2,N,PA,BELEM,A201,-1.411228,-48.439512,21.17
2141,2019-12-23,20:00,0.0,1005.6,1005.9,1005.5,407,29.7,26.4,29.7,27.4,26.5,24.0,86,81,82,341,2.9,0.4,N,PA,BELEM,A201,-1.411228,-48.439512,21.17
2142,2019-12-24,00:00,0.0,1008.4,1008.4,1007.3,1,27.6,22.6,28.1,27.6,23.3,22.5,76,73,74,42,4.2,0.7,N,PA,BELEM,A201,-1.411228,-48.439512,21.17
2143,2019-12-24,04:00,0.0,1007.4,1008.1,1007.4,0,25.6,23.1,26.0,25.6,23.2,23.0,86,84,86,72,2.5,0.1,N,PA,BELEM,A201,-1.411228,-48.439512,21.17
2144,2019-12-24,08:00,0.0,1006.0,1006.1,1005.9,0,24.5,22.9,24.7,24.5,23.0,22.8,91,90,91,149,1.1,0.0,N,PA,BELEM,A201,-1.411228,-48.439512,21.17
2145,2019-12-24,12:00,0.0,1008.7,1008.7,1008.2,1640,30.4,24.2,30.7,27.5,25.1,24.0,83,69,70,79,4.5,1.2,N,PA,BELEM,A201,-1.411228,-48.439512,21.17
2146,2019-12-24,16:00,0.0,1006.8,1007.7,1006.7,2314,31.6,22.9,34.3,31.6,24.6,22.0,62,51,60,97,5.0,1.6,N,PA,BELEM,A201,-1.411228,-48.439512,21.17
2147,2019-12-24,20:00,0.0,1004.9,1004.9,1004.6,267,27.6,24.1,28.0,27.4,25.9,24.0,89,81,81,2,3.5,1.1,N,PA,BELEM,A201,-1.411228,-48.439512,21.17
2148,2019-12-25,00:00,0.0,1007.1,1007.2,1006.4,6,26.7,22.7,27.0,26.6,23.2,22.7,80,79,79,150,3.3,0.4,N,PA,BELEM,A201,-1.411228,-48.439512,21.17
2149,2019-12-25,04:00,0.0,1006.5,1007.0,1006.5,0,24.9,22.9,25.2,24.9,23.1,22.8,88,88,88,152,1.4,0.0,N,PA,BELEM,A201,-1.411228,-48.439512,21.17
2150,2019-12-25,08:00,0.0,1005.5,1005.7,1005.5,0,24.0,22.7,24.3,24.0,22.9,22.7,92,92,92,119,0.7,0.0,N,PA,BELEM,A201,-1.411228,-48.439512,21.17
2151,2019-12-25,12:00,0.0,1007.4,1007.5,1007.3,1258,29.0,24.1,29.6,27.5,24.9,23.9,82,74,75,91,6.8,1.4,N,PA,BELEM,A201,-1.411228,-48.439512,21.17
2152,2019-12-25,16:00,0.0,1006.2,1006.8,1006.2,1871,32.7,23.9,33.5,31.8,25.4,22.7,64,56,60,97,5.5,2.2,N,PA,BELEM,A201,-1.411228,-48.439512,21.17
2153,2019-12-25,20:00,0.0,1004.6,1004.6,1003.9,211,28.7,24.2,28.7,27.9,24.5,23.9,80,77,77,15,3.0,0.6,N,PA,BELEM,A201,-1.411228,-48.439512,21.17
2154,2019-12-26,00:00,0.0,1007.3,1007.4,1006.7,0,27.0,24.0,27.2,26.8,24.3,24.0,86,83,84,75,3.3,0.2,N,PA,BELEM,A201,-1.411228,-48.439512,21.17
2155,2019-12-26,04:00,0.0,1006.8,1007.2,1006.7,0,25.9,23.7,26.3,25.9,23.8,23.6,88,85,88,38,2.0,0.2,N,PA,BELEM,A201,-1.411228,-48.439512,21.17
2156,2019-12-26,08:00,0.0,1005.9,1006.1,1005.8,0,24.9,23.4,25.3,24.8,23.5,23.3,91,90,91,135,1.6,0.3,N,PA,BELEM,A201,-1.411228,-48.439512,21.17
2157,2019-12-26,12:00,0.0,1008.9,1008.9,1008.4,1385,29.5,24.6,30.1,27.7,25.1,24.0,83,72,75,83,4.6,1.2,N,PA,BELEM,A201,-1.411228,-48.439512,21.17
2158,2019-12-26,16:00,0.0,1007.5,1008.4,1007.5,2087,31.7,23.5,32.6,31.0,24.8,22.6,67,60,62,141,5.3,2.3,N,PA,BELEM,A201,-1.411228,-48.439512,21.17
2159,2019-12-26,20:00,0.0,1005.7,1005.7,1005.1,658,28.5,24.9,29.0,27.7,26.4,24.9,90,80,80,16,6.7,1.2,N,PA,BELEM,A201,-1.411228,-48.439512,21.17
2160,2019-12-27,00:00,0.2,1008.3,1008.7,1008.0,3,24.3,23.1,24.3,23.7,23.1,22.5,93,93,93,89,2.4,0.2,N,PA,BELEM,A201,-1.411228,-48.439512,21.17
2161,2019-12-27,04:00,0.0,1007.7,1008.2,1007.7,0,24.3,23.1,24.3,24.2,23.1,23.0,93,93,93,285,0.5,0.0,N,PA,BELEM,A201,-1.411228,-48.439512,21.17
2162,2019-12-27,08:00,0.0,1006.8,1006.9,1006.7,0,24.0,22.9,24.0,23.9,23.0,22.8,94,94,94,86,0.0,0.0,N,PA,BELEM,A201,-1.411228,-48.439512,21.17
2163,2019-12-27,12:00,0.0,1009.2,1009.2,1008.7,1122,28.2,24.1,28.6,26.2,25.2,24.1,93,78,79,56,4.0,0.9,N,PA,BELEM,A201,-1.411228,-48.439512,21.17
2164,2019-12-27,16:00,1.2,1007.6,1008.5,1007.6,1657,32.2,25.9,32.5,28.7,26.7,23.5,84,61,69,81,3.6,0.7,N,PA,BELEM,A201,-1.411228,-48.439512,21.17
2165,2019-12-27,20:00,1.0,1006.0,1006.1,1005.7,122,26.5,25.0,27.0,26.4,25.4,24.7,91,90,91,154,3.0,1.4,N,PA,BELEM,A201,-1.411228,-48.439512,21.17
2166,2019-12-28,00:00,0.0,1008.3,1008.3,1007.2,1,25.1,23.9,25.3,25.1,24.0,23.8,93,93,93,110,1.2,0.0,N,PA,BELEM,A201,-1.411228,-48.439512,21.17
2167,2019-12-28,04:00,0.0,1007.5,1008.3,1007.5,0,25.4,24.0,25.5,25.2,24.1,24.0,93,92,92,209,2.7,0.3,N,PA,BELEM,A201,-1.411228,-48.439512,21.17
2168,2019-12-28,08:00,0.0,1006.6,1006.6,1006.3,0,25.2,23.6,25.2,25.1,23.6,23.5,91,91,91,41,2.0,0.1,N,PA,BELEM,A201,-1.411228,-48.439512,21.17
2169,2019-12-28,12:00,0.0,1007.9,1007.9,1007.4,1292,28.9,24.7,29.3,27.7,25.0,24.1,82,76,78,69,5.2,1.0,N,PA,BELEM,A201,-1.411228,-48.439512,21.17
2170,2019-12-28,16:00,0.0,1006.7,1007.4,1006.7,2018,30.3,23.5,33.6,30.3,25.0,22.8,67,58,67,132,5.0,2.3,N,PA,BELEM,A201,-1.411228,-48.439512,21.17
2171,2019-12-28,20:00,0.0,1004.9,1004.9,1004.4,180,28.4,25.1,28.7,28.3,25.4,24.9,83,81,82,32,4.3,0.5,N,PA,BELEM,A201,-1.411228,-48.439512,21.17
2172,2019-12-29,00:00,0.0,1007.1,1007.1,1006.3,5,26.6,23.6,27.1,26.6,23.8,23.6,84,82,84,45,3.3,0.2,N,PA,BELEM,A201,-1.411228,-48.439512,21.17
2173,2019-12-29,04:00,0.0,1006.9,1007.2,1006.9,0,25.6,23.7,25.6,25.4,23.7,23.6,90,89,89,5,2.1,0.4,N,PA,BELEM,A201,-1.411228,-48.439512,21.17
2174,2019-12-29,08:00,0.0,1005.9,1006.1,1005.8,0,24.9,23.5,25.0,24.9,23.7,23.5,92,92,92,124,0.9,0.0,N,PA,BELEM,A201,-1.411228,-48.439512,21.17
2175,2019-12-29,12:00,0.0,1008.5,1008.5,1008.0,1167,28.8,24.4,29.4,26.6,25.3,24.2,89,76,77,112,4.2,2.2,N,PA,BELEM,A201,-1.411228,-48.439512,21.17
2176,2019-12-29,16:00,0.0,1006.2,1006.8,1006.2,1712,30.9,23.7,32.3,30.9,24.9,23.0,67,60,66,120,4.6,1.8,N,PA,BELEM,A201,-1.411228,-48.439512,21.17
2177,2019-12-29,20:00,17.4,1004.6,1004.8,1003.9,521,23.8,22.2,29.8,23.8,25.0,21.3,90,69,90,102,8.5,2.5,N,PA,BELEM,A201,-1.411228,-48.439512,21.17
2178,2019-12-30,00:00,0.0,1005.9,1005.9,1005.4,1,24.6,23.4,24.6,24.5,23.4,23.3,93,93,93,109,1.2,0.0,N,PA,BELEM,A201,-1.411228,-48.439512,21.17
2179,2019-12-30,04:00,0.0,1006.4,1006.9,1006.4,0,24.8,23.3,24.8,24.8,23.5,23.3,92,92,92,106,2.7,0.5,N,PA,BELEM,A201,-1.411228,-48.439512,21.17
2180,2019-12-30,08:00,0.0,1005.7,1005.7,1005.6,0,24.7,23.5,24.7,24.5,23.5,23.3,93,93,93,185,1.6,0.0,N,PA,BELEM,A201,-1.411228,-48.439512,21.17
2181,2019-12-30,12:00,0.0,1008.1,1008.1,1007.5,422,26.0,24.2,26.0,25.3,24.3,24.0,92,90,90,146,1.6,0.7,N,PA,BELEM,A201,-1.411228,-48.439512,21.17
2182,2019-12-30,16:00,0.0,1006.6,1007.5,1006.6,1424,31.0,24.9,31.0,29.9,24.9,23.5,73,67,70,76,4.7,0.5,N,PA,BELEM,A201,-1.411228,-48.439512,21.17
2183,2019-12-30,20:00,0.0,1004.1,1004.8,1004.0,203,27.8,24.1,28.2,27.8,24.2,23.8,81,77,80,20,5.8,0.8,N,PA,BELEM,A201,-1.411228,-48.439512,21.17
2184,2019-12-31,00:00,0.0,1006.6,1006.6,1006.3,0,26.6,24.2,27.1,26.6,24.3,24.1,87,84,87,77,3.0,0.2,N,PA,BELEM,A201,-1.411228,-48.439512,21.17
2185,2019-12-31,04:00,0.4,1007.1,1007.4,1007.1,0,25.6,24.0,25.9,25.6,24.0,23.9,91,89,91,115,1.8,0.4,N,PA,BELEM,A201,-1.411228,-48.439512,21.17
2186,2019-12-31,08:00,3.0,1006.8,1006.8,1006.4,1,23.8,22.5,24.3,23.8,23.0,22.5,93,93,93,79,4.1,1.3,N,PA,BELEM,A201,-1.411228,-48.439512,21.17
2187,2019-12-31,12:00,0.8,1009.4,1009.4,1008.7,143,23.3,22.0,23.3,23.0,22.1,21.8,93,93,93,140,3.4,1.2,N,PA,BELEM,A201,-1.411228,-48.439512,21.17
2188,2019-12-31,16:00,0.0,1009.3,1009.8,1009.3,1512,26.7,22.8,27.5,26.3,23.8,22.4,82,77,79,121,4.6,2.2,N,PA,BELEM,A201,-1.411228,-48.439512,21.17
2189,2019-12-31,20:00,3.4,1008.0,1008.1,1007.9,119,24.4,23.1,24.7,24.3,23.1,22.8,92,91,92,36,3.5,0.9,N,PA,BELEM,A201,-1.411228,-48.439512,21.17
2190,2020-01-01,00:00,0.0,1009.1,1009.1,1008.7,2,23.2,21.9,23.2,23.1,21.9,21.7,92,92,92,359,1.4,0.1,N,PA,BELEM,A201,-1.411228,-48.439512,21.17
2191,2020-01-01,04:00,0.0,1008.7,1009.3,1008.7,0,23.4,22.0,23.5,23.3,22.1,21.9,92,92,92,37,1.6,0.1,N,PA,BELEM,A201,-1.411228,-48.439512,21.17
2192,2020-01-01,08:00,0.0,1008.1,1008.1,1007.9,0,23.2,22.0,23.2,23.0,22.0,21.9,93,93,93,249,0.0,0.0,N,PA,BELEM,A201,-1.411228,-48.439512,21.17
2193,2020-01-01,12:00,0.0,1010.2,1010.3,1009.7,970,27.5,23.6,27.5,25.4,23.8,23.1,88,79,79,129,2.3,0.8,N,PA,BELEM,A201,-1.411228,-48.439512,21.17
2194,2020-01-01,16:00,2.6,1007.9,1008.7,1007.9,1852,27.0,23.7,30.8,26.9,24.3,22.8,82,63,82,154,5.5,1.2,N,PA,BELEM,A201,-1.411228,-48.439512,21.17
2195,2020-01-01,20:00,0.0,1006.2,1006.2,1006.0,648,26.6,24.0,26.9,26.2,24.5,23.5,88,84,86,52,3.8,0.4,N,PA,BELEM,A201,-1.411228,-48.439512,21.17
